sample_idx,timestamp,C3,C4,Cz,Fz,label_int,label_str
0,0.0,-0.8496,-0.4997,0.0639,-1.7475,0,REST
1,0.00390625,5.0597,2.2675,5.8347,6.9595,0,REST
2,0.0078125,4.9798,3.4575,4.1352,4.9174,0,REST
3,0.01171875,12.6709,10.7328,5.8093,10.3235,0,REST
4,0.015625,9.5276,10.9902,14.0969,10.9098,0,REST
5,0.01953125,11.0248,9.327,11.012,11.0267,0,REST
6,0.0234375,15.4081,15.8568,11.506,12.9069,0,REST
7,0.02734375,10.9841,10.9688,11.4793,12.9662,0,REST
8,0.03125,14.1298,8.5966,10.6196,11.0286,0,REST
9,0.03515625,10.1721,9.0151,9.2867,10.0371,0,REST
10,0.0390625,3.5609,3.6823,7.8038,3.4281,0,REST
11,0.04296875,0.0722,5.2287,6.0732,3.0301,0,REST
12,0.046875,1.2351,-1.1735,-0.8081,-0.1751,0,REST
13,0.05078125,-0.7537,-4.414,-3.2468,-4.1941,0,REST
14,0.0546875,-9.4523,-7.3012,-5.3304,-7.2054,0,REST
15,0.05859375,-7.3913,-10.2191,-8.6112,-5.5445,0,REST
16,0.0625,-11.2486,-7.464,-11.7283,-12.5347,0,REST
17,0.06640625,-12.7931,-12.2831,-10.7332,-10.7672,0,REST
18,0.0703125,-11.5068,-14.9918,-15.5592,-12.8719,0,REST
19,0.07421875,-7.6152,-13.6608,-11.7734,-8.8024,0,REST
20,0.078125,-7.796,-9.3266,-12.0393,-9.2714,0,REST
21,0.08203125,-6.2689,-7.5597,-9.2658,-2.7735,0,REST
22,0.0859375,-8.0603,-8.022,-5.5775,1.024,0,REST
23,0.08984375,-0.7455,-2.5615,-0.851,-2.9613,0,REST
24,0.09375,-3.5338,0.1094,-0.9658,2.8209,0,REST
25,0.09765625,2.1693,0.5629,0.8487,4.765,0,REST
26,0.1015625,6.1066,4.2302,3.7568,6.2227,0,REST
27,0.10546875,5.4113,10.9886,7.1315,8.2944,0,REST
28,0.109375,11.3916,12.5611,5.0568,13.7854,0,REST
29,0.11328125,7.9947,12.0095,10.7368,10.6696,0,REST
30,0.1171875,7.71,14.1879,11.4035,11.3909,0,REST
31,0.12109375,10.6778,12.8665,9.5212,7.5574,0,REST
32,0.125,4.8619,7.003,9.2563,5.2088,0,REST
33,0.12890625,5.2842,7.4359,8.6843,4.3702,0,REST
34,0.1328125,3.6201,5.3029,2.3603,0.8652,0,REST
35,0.13671875,4.3717,3.7181,3.1667,0.7447,0,REST
36,0.140625,-3.3229,0.2815,1.6047,-3.1927,0,REST
37,0.14453125,-4.5946,-3.9541,-0.1764,-9.4348,0,REST
38,0.1484375,-5.7433,-3.624,-2.0724,-4.2732,0,REST
39,0.15234375,-4.7584,-10.3843,-5.0022,-10.4559,0,REST
40,0.15625,-9.7993,-7.1748,-5.0076,-6.1981,0,REST
41,0.16015625,-6.8363,-8.6897,-7.2706,-7.0623,0,REST
42,0.1640625,-7.0031,-7.8625,-6.8643,-6.7214,0,REST
43,0.16796875,-7.5532,-7.9224,-9.1105,-5.5655,0,REST
44,0.171875,-4.5255,-14.4762,-5.785,1.0264,0,REST
45,0.17578125,-5.8773,-12.0598,-4.9341,-2.8093,0,REST
46,0.1796875,-5.7566,-7.3005,-5.9873,-2.2664,0,REST
47,0.18359375,0.2697,-0.8277,-2.5287,1.4784,0,REST
48,0.1875,-2.4452,0.8103,-2.8145,2.0916,0,REST
49,0.19140625,0.5547,1.3244,0.8633,6.8974,0,REST
50,0.1953125,2.1842,3.6953,1.3101,8.2181,0,REST
51,0.19921875,0.8946,0.1605,2.387,8.8813,0,REST
52,0.203125,1.8376,5.4322,4.1255,7.9043,0,REST
53,0.20703125,6.9761,10.6713,2.5086,7.0261,0,REST
54,0.2109375,4.4693,9.1967,2.0647,6.1922,0,REST
55,0.21484375,3.8117,7.0589,4.5518,-0.3215,0,REST
56,0.21875,2.8921,5.5165,4.592,3.7775,0,REST
57,0.22265625,2.062,2.8053,4.4934,2.2026,0,REST
58,0.2265625,-0.7677,-1.6514,1.8138,-0.4632,0,REST
59,0.23046875,0.8567,2.6592,4.4133,-2.2196,0,REST
60,0.234375,0.3428,-1.7895,1.3568,-3.6628,0,REST
61,0.23828125,-3.0643,-1.9676,1.8874,0.9611,0,REST
62,0.2421875,-0.1997,-2.6198,4.1219,-3.6397,0,REST
63,0.24609375,-3.9768,-0.5251,1.2347,-2.0989,0,REST
64,0.25,-2.1053,-4.8855,1.4166,-2.4623,0,REST
65,0.25390625,1.1241,-6.0529,-0.3587,-6.6786,0,REST
66,0.2578125,-1.9481,-5.4152,-0.3959,-0.8336,0,REST
67,0.26171875,-4.1884,-8.9186,-0.5224,-6.9262,0,REST
68,0.265625,-8.564,-4.621,-3.922,-3.2295,0,REST
69,0.26953125,-1.0749,-5.9572,-4.3079,-1.9571,0,REST
70,0.2734375,-3.0378,0.2216,-2.3268,-2.845,0,REST
71,0.27734375,-4.3937,-2.9184,-2.4072,-1.5936,0,REST
72,0.28125,-4.8115,-0.8147,-0.4687,0.3354,0,REST
73,0.28515625,-6.1539,1.4605,-1.7068,0.6452,0,REST
74,0.2890625,-3.8074,0.6205,-2.8665,2.6635,0,REST
75,0.29296875,-6.1365,3.9807,-1.7063,0.1416,0,REST
76,0.296875,-3.724,5.3185,-5.9016,1.5649,0,REST
77,0.30078125,-2.2075,2.0122,-1.386,-0.4552,0,REST
78,0.3046875,-2.6901,5.0103,-1.012,0.6888,0,REST
79,0.30859375,1.1548,5.9512,-4.2354,3.0271,0,REST
80,0.3125,0.5149,4.3034,-2.0148,0.9939,0,REST
81,0.31640625,3.5542,5.3124,-0.9209,2.3078,0,REST
82,0.3203125,3.5232,6.7852,4.9593,7.0399,0,REST
83,0.32421875,1.0142,3.388,3.5661,2.1523,0,REST
84,0.328125,6.4988,-0.6453,2.5642,1.2413,0,REST
85,0.33203125,4.8809,-1.8773,6.4356,1.628,0,REST
86,0.3359375,8.0907,0.1622,8.4313,1.7906,0,REST
87,0.33984375,5.4344,3.91,6.5962,-0.079,0,REST
88,0.34375,5.1493,0.1833,7.5192,0.7986,0,REST
89,0.34765625,6.5839,-3.5106,7.8577,-0.2032,0,REST
90,0.3515625,6.2976,-1.6732,7.6389,-2.7953,0,REST
91,0.35546875,-3.0245,0.0217,6.2415,-1.9246,0,REST
92,0.359375,2.5463,-1.7924,4.0021,-4.1222,0,REST
93,0.36328125,-2.1126,-4.1416,3.0521,-3.609,0,REST
94,0.3671875,-3.0818,0.1946,-1.7301,-7.8569,0,REST
95,0.37109375,-7.1077,-3.487,-1.9163,-3.1545,0,REST
96,0.375,-7.0206,-4.3809,-6.0848,-1.4831,0,REST
97,0.37890625,-7.7745,-0.0119,-6.1648,-0.6125,0,REST
98,0.3828125,-8.7743,-1.8986,-9.1069,-0.7996,0,REST
99,0.38671875,-11.1216,-0.5424,-10.1661,-4.9852,0,REST
100,0.390625,-10.3191,-1.5653,-10.1354,0.6734,0,REST
101,0.39453125,-8.7809,1.391,-12.234,3.241,0,REST
102,0.3984375,-3.7533,2.0451,-8.8879,8.8832,0,REST
103,0.40234375,-4.2261,0.5551,-9.7787,5.9889,0,REST
104,0.40625,-1.2083,5.2869,-3.1553,7.1749,0,REST
105,0.41015625,2.1603,-1.9987,-1.6729,8.204,0,REST
106,0.4140625,3.023,2.8648,-1.9515,8.3817,0,REST
107,0.41796875,5.8497,5.2269,3.5471,8.5761,0,REST
108,0.421875,9.1356,3.7175,8.3402,7.9222,0,REST
109,0.42578125,6.5065,2.8488,9.0647,9.6634,0,REST
110,0.4296875,13.3582,5.4617,11.7262,3.5288,0,REST
111,0.43359375,10.4146,5.2163,12.3657,4.7315,0,REST
112,0.4375,11.6195,2.3921,9.7323,-4.5655,0,REST
113,0.44140625,11.6736,5.4959,13.7777,-6.9434,0,REST
114,0.4453125,7.4923,0.9607,8.9816,-5.4885,0,REST
115,0.44921875,2.2196,-3.0635,9.1274,-6.4102,0,REST
116,0.453125,2.8103,-2.2705,6.7276,-12.4236,0,REST
117,0.45703125,-5.7526,-1.1628,1.2768,-9.6918,0,REST
118,0.4609375,-8.9124,-3.8315,2.8218,-8.3814,0,REST
119,0.46484375,-11.0525,-1.7473,-3.9353,-11.1546,0,REST
120,0.46875,-7.2826,-5.3237,-0.1135,-8.5659,0,REST
121,0.47265625,-8.7638,-5.4831,-8.0592,-3.1169,0,REST
122,0.4765625,-13.3046,-2.8093,-13.5463,-2.7939,0,REST
123,0.48046875,-10.5438,-6.0737,-12.3749,0.8367,0,REST
124,0.484375,-11.4087,-6.0498,-16.5358,-2.8486,0,REST
125,0.48828125,-13.8517,-5.7095,-11.8352,5.7161,0,REST
126,0.4921875,-4.2663,-1.4577,-11.4399,5.5607,0,REST
127,0.49609375,-1.1344,-1.1392,-11.2633,12.1996,0,REST
128,0.5,0.4171,-1.0428,-7.9438,10.1491,0,REST
129,0.50390625,3.0144,1.7969,-0.6359,14.3988,0,REST
130,0.5078125,6.2947,5.2699,0.966,10.9839,0,REST
131,0.51171875,9.457,3.2933,0.4229,5.2048,0,REST
132,0.515625,11.8535,4.8836,6.0885,10.4962,0,REST
133,0.51953125,12.026,5.1805,10.1761,8.1474,0,REST
134,0.5234375,11.9474,2.6127,6.7439,7.9694,0,REST
135,0.52734375,11.7179,2.54,14.0366,2.4433,0,REST
136,0.53125,8.3421,9.4164,12.5653,-0.8486,0,REST
137,0.53515625,10.181,8.0774,9.6458,-8.3775,0,REST
138,0.5390625,4.1489,5.775,9.478,-9.572,0,REST
139,0.54296875,4.5041,3.5274,11.3882,-11.1901,0,REST
140,0.546875,1.928,1.4511,5.1405,-15.0543,0,REST
141,0.55078125,-5.0786,-1.6244,4.931,-11.488,0,REST
142,0.5546875,-3.1983,0.6139,2.3377,-13.4128,0,REST
143,0.55859375,-8.287,-2.7491,-2.9975,-13.3071,0,REST
144,0.5625,-11.3917,-6.4737,-3.7168,-7.6652,0,REST
145,0.56640625,-11.3567,-6.88,-5.3035,-4.7954,0,REST
146,0.5703125,-11.2556,-10.4014,-6.9822,-1.3756,0,REST
147,0.57421875,-11.1718,-6.6786,-9.713,5.3063,0,REST
148,0.578125,-12.9061,-13.6016,-11.449,1.0014,0,REST
149,0.58203125,-8.723,-10.5171,-8.5386,4.6196,0,REST
150,0.5859375,-5.2261,-8.2597,-8.7884,8.8998,0,REST
151,0.58984375,-3.6553,-5.9118,-8.63,13.3356,0,REST
152,0.59375,0.2804,-0.5091,-7.2474,13.0788,0,REST
153,0.59765625,5.0751,-1.1304,-4.1856,13.6908,0,REST
154,0.6015625,4.5755,1.4585,-5.2481,8.2032,0,REST
155,0.60546875,5.6163,5.2026,4.5017,12.5021,0,REST
156,0.609375,6.0726,9.0873,3.8863,6.5644,0,REST
157,0.61328125,12.0348,6.1572,6.0675,6.4037,0,REST
158,0.6171875,11.5863,11.1272,5.9576,-3.3245,0,REST
159,0.62109375,9.7333,11.9123,7.5032,-4.1025,0,REST
160,0.625,8.2259,10.4387,10.1997,-5.8922,0,REST
161,0.62890625,6.8147,8.5462,9.7377,-7.3592,0,REST
162,0.6328125,4.5739,4.8286,7.3633,-10.5136,0,REST
163,0.63671875,2.5089,6.1403,8.3907,-14.8345,0,REST
164,0.640625,-0.7035,0.076,4.5998,-10.1067,0,REST
165,0.64453125,-2.3477,-4.2693,2.4971,-12.8786,0,REST
166,0.6484375,-6.0538,-2.5765,2.8985,-10.4843,0,REST
167,0.65234375,-9.1553,-4.666,1.5579,-7.9117,0,REST
168,0.65625,-6.2355,-9.2372,0.2935,-8.2438,0,REST
169,0.66015625,-8.4465,-8.77,-3.2453,1.3411,0,REST
170,0.6640625,-7.1762,-10.5699,-6.665,2.614,0,REST
171,0.66796875,-9.4872,-10.5388,-6.697,1.9127,0,REST
172,0.671875,-6.5597,-12.4677,-4.3166,8.9887,0,REST
173,0.67578125,-7.1685,-10.4524,-5.7968,7.4267,0,REST
174,0.6796875,-4.8963,-5.8735,-5.5272,9.1793,0,REST
175,0.68359375,-4.0338,-5.8792,-8.6573,8.6922,0,REST
176,0.6875,-2.37,-1.7542,-6.9516,10.0292,0,REST
177,0.69140625,-0.9959,0.8285,-7.9411,9.8979,0,REST
178,0.6953125,0.6337,0.4336,-0.2238,7.112,0,REST
179,0.69921875,4.4535,7.208,0.808,7.631,0,REST
180,0.703125,4.6702,10.2055,3.366,2.2861,0,REST
181,0.70703125,6.6608,10.2573,1.2896,-2.7062,0,REST
182,0.7109375,4.4927,15.9466,2.2274,-0.0224,0,REST
183,0.71484375,0.1165,15.2018,1.0689,-6.2819,0,REST
184,0.71875,4.6305,11.4922,3.2908,-5.4465,0,REST
185,0.72265625,-0.0159,10.3,0.3827,-9.432,0,REST
186,0.7265625,-1.6288,6.0771,6.7009,-7.2765,0,REST
187,0.73046875,2.0636,4.2478,2.1362,-7.3595,0,REST
188,0.734375,2.5085,3.136,3.7109,-8.0803,0,REST
189,0.73828125,0.3281,-2.125,-1.7917,-7.7144,0,REST
190,0.7421875,1.2264,-2.73,3.0517,-7.8158,0,REST
191,0.74609375,-0.8152,-7.226,4.709,-4.2541,0,REST
192,0.75,-0.5443,-12.2913,2.5476,0.4886,0,REST
193,0.75390625,0.7279,-12.5547,1.5893,-1.4233,0,REST
194,0.7578125,0.9215,-13.9895,-0.4219,3.7567,0,REST
195,0.76171875,-3.6061,-14.6258,3.4879,7.6148,0,REST
196,0.765625,-4.5722,-14.5359,1.8217,3.483,0,REST
197,0.76953125,0.8019,-9.3728,-0.8353,6.9874,0,REST
198,0.7734375,-3.3149,-10.6083,-1.3949,8.5015,0,REST
199,0.77734375,-4.6722,-5.2923,0.1418,9.8547,0,REST
200,0.78125,-5.3839,-4.8549,-2.543,7.9568,0,REST
201,0.78515625,-7.2247,4.9026,-3.3115,5.2246,0,REST
202,0.7890625,-6.4485,2.8783,-3.7628,4.8121,0,REST
203,0.79296875,-2.9253,5.3634,-3.646,1.1582,0,REST
204,0.796875,-3.2406,14.0594,-7.6904,0.7652,0,REST
205,0.80078125,0.0774,16.1915,-7.0242,0.8367,0,REST
206,0.8046875,-2.5807,15.7479,-9.0105,-4.4626,0,REST
207,0.80859375,-2.0799,15.7793,-2.584,-3.931,0,REST
208,0.8125,0.8015,11.1118,-4.5726,-3.014,0,REST
209,0.81640625,5.5515,10.341,-0.9399,-1.2381,0,REST
210,0.8203125,2.1437,8.1097,-0.9371,-4.9514,0,REST
211,0.82421875,1.2488,5.1572,-1.0528,-3.0614,0,REST
212,0.828125,3.9138,2.7526,2.3002,-6.2919,0,REST
213,0.83203125,7.7992,-4.3875,0.78,-5.7863,0,REST
214,0.8359375,5.8649,-2.5269,6.3962,-5.1513,0,REST
215,0.83984375,3.1959,-9.2581,2.635,-1.7739,0,REST
216,0.84375,6.0926,-6.5161,8.4468,2.0887,0,REST
217,0.84765625,1.4197,-13.1288,7.2799,-1.7403,0,REST
218,0.8515625,4.2515,-11.5502,7.054,1.4833,0,REST
219,0.85546875,3.2852,-12.1134,7.1689,-0.4417,0,REST
220,0.859375,-1.1641,-10.8669,6.7601,2.3018,0,REST
221,0.86328125,-1.3732,-9.9437,8.2733,1.0721,0,REST
222,0.8671875,-3.722,-10.6171,6.5292,4.6036,0,REST
223,0.87109375,-11.1199,-8.0163,4.8359,1.448,0,REST
224,0.875,-8.313,-1.0023,0.5729,3.4588,0,REST
225,0.87890625,-6.9499,0.1465,-4.6482,3.5779,0,REST
226,0.8828125,-10.1939,7.2082,-2.0052,1.075,0,REST
227,0.88671875,-8.2601,5.3642,-5.2926,7.1068,0,REST
228,0.890625,-8.2581,5.7625,-7.1853,3.287,0,REST
229,0.89453125,-3.9045,7.51,-11.8296,6.0317,0,REST
230,0.8984375,1.428,11.2561,-11.0849,0.822,0,REST
231,0.90234375,-0.6005,14.6451,-9.7336,2.2946,0,REST
232,0.90625,0.0576,7.6602,-10.9509,-0.7058,0,REST
233,0.91015625,3.4635,11.4943,-8.7431,1.7395,0,REST
234,0.9140625,5.3732,11.4942,-6.0977,1.4761,0,REST
235,0.91796875,6.849,3.1435,-5.7949,-3.2778,0,REST
236,0.921875,8.6294,-0.5683,-0.1387,-0.5,0,REST
237,0.92578125,11.376,-0.9799,0.9736,-5.8119,0,REST
238,0.9296875,14.1866,-6.6731,4.8273,-3.0198,0,REST
239,0.93359375,12.5144,-4.2119,3.6241,-4.3807,0,REST
240,0.9375,10.838,-6.6163,4.9202,-7.6817,0,REST
241,0.94140625,8.5431,-10.3225,11.9991,-7.324,0,REST
242,0.9453125,6.382,-8.2032,13.894,-4.1142,0,REST
243,0.94921875,1.7135,-6.0723,12.8156,-4.4723,0,REST
244,0.953125,-2.2545,-10.7911,10.8009,-5.0172,0,REST
245,0.95703125,-4.7556,-8.0152,14.6962,-3.4557,0,REST
246,0.9609375,-5.2876,-7.1033,3.3165,1.7779,0,REST
247,0.96484375,-9.4154,-6.0086,5.7508,3.7433,0,REST
248,0.96875,-7.3583,-3.0678,6.6813,3.8439,0,REST
249,0.97265625,-12.8031,0.9766,0.4598,3.1963,0,REST
250,0.9765625,-13.0051,1.4588,-6.5714,6.6483,0,REST
251,0.98046875,-13.3697,6.6851,-10.1097,4.824,0,REST
252,0.984375,-11.577,7.9828,-5.9915,3.6592,0,REST
253,0.98828125,-6.5045,7.6864,-9.5943,11.8651,0,REST
254,0.9921875,-6.4547,8.2477,-18.1068,9.7945,0,REST
255,0.99609375,-6.4738,8.4278,-10.7121,6.4158,0,REST
256,1.0,-1.0874,6.8305,-14.5349,10.3371,0,REST
257,1.00390625,3.0589,5.3161,-11.6293,2.3534,0,REST
258,1.0078125,7.8351,5.8629,-6.9126,-3.0057,0,REST
259,1.01171875,8.4127,3.338,-5.251,-1.4307,0,REST
260,1.015625,9.7817,-0.2824,-3.7092,-6.685,0,REST
261,1.01953125,9.8968,-2.5051,-2.0859,-5.9104,0,REST
262,1.0234375,16.5967,-1.1372,4.51,-9.8512,0,REST
263,1.02734375,11.2257,-6.5156,6.3272,-7.8612,0,REST
264,1.03125,12.4842,-8.8457,10.2553,-10.7774,0,REST
265,1.03515625,11.4407,-3.6823,11.6803,-9.0287,0,REST
266,1.0390625,3.6947,-5.4341,7.6457,-11.1606,0,REST
267,1.04296875,3.2797,-8.3551,15.3144,-8.6298,0,REST
268,1.046875,1.7531,-6.0173,9.2474,-6.7093,0,REST
269,1.05078125,-2.2833,-5.7389,11.0559,-3.7567,0,REST
270,1.0546875,-8.0414,-3.2899,9.2066,1.3251,0,REST
271,1.05859375,-5.9304,-3.8208,9.4028,2.8697,0,REST
272,1.0625,-10.6363,-1.6379,3.1883,3.7426,0,REST
273,1.06640625,-9.4833,-2.5892,0.6494,5.4471,0,REST
274,1.0703125,-10.8992,-1.4051,-0.0676,9.6644,0,REST
275,1.07421875,-9.7379,1.4267,-4.1217,15.1301,0,REST
276,1.078125,-10.4889,2.792,-6.4094,14.6525,0,REST
277,1.08203125,-10.3084,0.4163,-7.4674,14.7251,0,REST
278,1.0859375,-9.5763,-0.0231,-10.7065,9.744,0,REST
279,1.08984375,-1.4356,2.7345,-9.9184,5.2874,0,REST
280,1.09375,-0.7353,5.5254,-10.5162,5.7598,0,REST
281,1.09765625,4.78,4.1809,-8.3865,2.479,0,REST
282,1.1015625,7.0054,2.0487,-7.3039,-3.2508,0,REST
283,1.10546875,7.1765,1.7306,-1.5285,-5.811,0,REST
284,1.109375,7.9622,-1.0505,-2.5302,-7.8195,0,REST
285,1.11328125,11.4197,1.8208,1.2166,-6.7538,0,REST
286,1.1171875,10.9357,1.3238,1.1163,-11.7476,0,REST
287,1.12109375,11.2764,0.1249,6.5114,-13.8484,0,REST
288,1.125,5.9036,2.6305,6.1857,-8.2336,0,REST
289,1.12890625,4.5827,-2.5365,8.1277,-13.1863,0,REST
290,1.1328125,1.9562,0.4938,8.3301,-9.4409,0,REST
291,1.13671875,0.9476,-1.5117,9.1684,-8.1069,0,REST
292,1.140625,-0.7495,-3.7285,9.9552,-5.2097,0,REST
293,1.14453125,-3.4683,-6.6302,10.8432,-1.5451,0,REST
294,1.1484375,-3.4177,-3.7265,9.862,2.5375,0,REST
295,1.15234375,-4.2227,-3.4725,0.9697,5.4304,0,REST
296,1.15625,-8.2137,-3.5184,1.0948,13.2088,0,REST
297,1.16015625,-4.5575,-3.2475,2.4768,13.6777,0,REST
298,1.1640625,-6.1979,-1.9741,0.121,13.2465,0,REST
299,1.16796875,-8.4654,-6.4156,-2.1155,11.6955,0,REST
300,1.171875,-4.3021,-3.8148,-2.5845,9.3723,0,REST
301,1.17578125,-5.1599,1.4936,-2.5889,10.7472,0,REST
302,1.1796875,-6.4469,1.7438,-6.4792,10.3213,0,REST
303,1.18359375,-2.9854,1.7526,-6.2108,5.2045,0,REST
304,1.1875,0.1785,1.231,-3.0207,-0.5582,0,REST
305,1.19140625,1.8935,-1.5365,-3.7451,-5.2129,0,REST
306,1.1953125,3.9669,-0.3863,-3.1696,-1.9138,0,REST
307,1.19921875,3.715,5.7417,-2.4404,-10.0388,0,REST
308,1.203125,5.0201,3.5241,-6.3867,-11.0549,0,REST
309,1.20703125,2.8126,3.672,0.6603,-15.3575,0,REST
310,1.2109375,1.8594,2.9383,-4.2256,-15.2749,0,REST
311,1.21484375,5.3169,2.0708,3.522,-8.6356,0,REST
312,1.21875,2.6267,4.7971,3.7566,-12.4891,0,REST
313,1.22265625,6.196,2.849,-1.9994,-8.8338,0,REST
314,1.2265625,3.1652,1.0827,-0.3135,-6.154,0,REST
315,1.23046875,1.8965,1.1642,1.1397,-1.784,0,REST
316,1.234375,4.6644,-1.6756,-0.6409,-0.6531,0,REST
317,1.23828125,3.9035,1.5551,1.2264,4.5613,0,REST
318,1.2421875,-0.4624,2.8303,1.6896,7.45,0,REST
319,1.24609375,1.5898,-3.4945,3.4248,9.9681,0,REST
320,1.25,-0.8475,-5.6562,2.5179,11.6421,0,REST
321,1.25390625,-2.0442,-7.1392,4.0119,14.5929,0,REST
322,1.2578125,2.7495,-10.504,2.5023,11.2418,0,REST
323,1.26171875,-2.0016,-7.0457,4.9694,9.7698,0,REST
324,1.265625,-0.2132,-5.5861,1.0394,10.268,0,REST
325,1.26953125,-4.6647,-5.3365,3.3519,5.8571,0,REST
326,1.2734375,-3.1171,-8.4328,4.5769,6.1551,0,REST
327,1.27734375,-0.7335,-4.9201,0.2967,1.2718,0,REST
328,1.28125,-2.6786,-1.5557,-2.8345,2.6799,0,REST
329,1.28515625,-5.0625,-1.8478,3.3678,-6.2136,0,REST
330,1.2890625,-3.9635,-2.9226,0.7647,-4.8956,0,REST
331,1.29296875,-5.9807,5.1234,-6.3799,-7.5951,0,REST
332,1.296875,-4.5415,5.4312,-3.3399,-10.4105,0,REST
333,1.30078125,-2.8648,6.9221,-4.5124,-13.3571,0,REST
334,1.3046875,-0.8612,4.3922,-4.9198,-11.5225,0,REST
335,1.30859375,-3.0327,10.1012,-8.7463,-11.6423,0,REST
336,1.3125,3.9721,12.9091,-9.1976,-5.9509,0,REST
337,1.31640625,4.6214,8.3726,-3.3613,-4.7456,0,REST
338,1.3203125,4.9653,3.3075,-6.5064,-2.6684,0,REST
339,1.32421875,4.7162,3.0939,-5.7281,2.9434,0,REST
340,1.328125,9.2441,5.4793,-3.0175,4.7675,0,REST
341,1.33203125,5.2589,3.5343,-2.0435,1.7596,0,REST
342,1.3359375,5.4596,-1.9115,1.9534,11.3635,0,REST
343,1.33984375,7.5256,-2.9142,0.6528,5.8142,0,REST
344,1.34375,11.1235,-5.175,3.9227,8.3604,0,REST
345,1.34765625,7.2504,-4.9906,7.3697,11.1532,0,REST
346,1.3515625,3.8866,-9.7628,7.1832,7.0457,0,REST
347,1.35546875,1.0758,-8.9182,7.0928,6.1639,0,REST
348,1.359375,0.1322,-8.6009,8.2473,3.5661,0,REST
349,1.36328125,-1.8565,-7.1686,12.6149,2.9737,0,REST
350,1.3671875,-3.9469,-10.6104,7.5166,5.2935,0,REST
351,1.37109375,-5.3891,-9.5709,9.9196,-2.3897,0,REST
352,1.375,-5.6554,-1.5579,8.3051,-4.4067,0,REST
353,1.37890625,-10.1045,0.19,5.3303,-1.655,0,REST
354,1.3828125,-9.9498,3.9735,0.6055,-4.6255,0,REST
355,1.38671875,-9.7665,7.2942,2.8368,-2.4588,0,REST
356,1.390625,-5.25,5.276,-4.1985,-6.6744,0,REST
357,1.39453125,-7.2257,7.7306,-6.9257,-5.0213,0,REST
358,1.3984375,-6.2819,11.3354,-7.9264,-6.2079,0,REST
359,1.40234375,-4.2916,11.363,-14.5703,-4.7039,0,REST
360,1.40625,2.5623,10.4456,-12.5754,-5.193,0,REST
361,1.41015625,0.696,12.8373,-10.4245,-3.5337,0,REST
362,1.4140625,2.9957,5.0586,-12.7286,-4.1572,0,REST
363,1.41796875,9.2848,8.4171,-13.7239,1.6136,0,REST
364,1.421875,9.2224,3.9032,-11.018,4.3382,0,REST
365,1.42578125,9.1599,2.1651,-6.2019,2.2444,0,REST
366,1.4296875,10.7722,-2.6597,-0.577,3.8412,0,REST
367,1.43359375,11.1386,-2.7977,-1.2354,5.2955,0,REST
368,1.4375,12.2025,-9.5028,0.756,3.9059,0,REST
369,1.44140625,9.0898,-10.7588,4.7127,1.9032,0,REST
370,1.4453125,9.3556,-10.3288,9.0767,5.5862,0,REST
371,1.44921875,4.3847,-12.6302,11.2174,7.884,0,REST
372,1.453125,-2.4273,-13.4895,11.2597,2.5777,0,REST
373,1.45703125,-2.0625,-10.4355,9.9313,4.9527,0,REST
374,1.4609375,-3.6761,-6.8663,14.049,1.4386,0,REST
375,1.46484375,-8.0633,-7.7814,9.8037,4.6704,0,REST
376,1.46875,-10.2817,-0.531,11.1993,1.2033,0,REST
377,1.47265625,-11.6018,-1.0735,11.492,-2.258,0,REST
378,1.4765625,-13.1053,3.311,5.9149,1.1953,0,REST
379,1.48046875,-14.4079,5.3321,-0.8313,-1.4211,0,REST
380,1.484375,-9.9801,9.9797,-1.3043,0.5043,0,REST
381,1.48828125,-9.639,11.3452,-5.7991,2.651,0,REST
382,1.4921875,-6.9291,14.1738,-10.5503,-4.3635,0,REST
383,1.49609375,0.1305,9.779,-9.8181,-2.104,0,REST
384,1.5,2.7432,12.514,-9.0091,-3.885,0,REST
385,1.50390625,6.0761,9.5036,-12.2888,-1.7868,0,REST
386,1.5078125,6.6501,10.2055,-12.8511,-3.4575,0,REST
387,1.51171875,10.8966,10.8398,-9.2292,1.529,0,REST
388,1.515625,10.3521,3.2566,-7.2146,-4.0288,0,REST
389,1.51953125,11.8552,2.6322,-8.4091,-2.5739,0,REST
390,1.5234375,13.7308,-1.3038,-4.8817,-2.2542,0,REST
391,1.52734375,9.7052,-8.8057,0.1955,-1.4079,0,REST
392,1.53125,10.2825,-6.6361,-1.0625,2.0887,0,REST
393,1.53515625,6.5088,-13.1133,5.438,0.3315,0,REST
394,1.5390625,8.0632,-11.3667,7.5117,1.9662,0,REST
395,1.54296875,2.5047,-11.4897,10.6181,4.8506,0,REST
396,1.546875,1.9227,-13.2162,10.2549,1.5525,0,REST
397,1.55078125,-3.4459,-14.3571,12.7581,5.2521,0,REST
398,1.5546875,-8.1319,-9.1626,14.0173,5.9191,0,REST
399,1.55859375,-7.6737,-3.6607,11.4016,8.7121,0,REST
400,1.5625,-10.5277,-6.294,11.1033,5.2188,0,REST
401,1.56640625,-12.5953,-1.8036,6.3522,5.3251,0,REST
402,1.5703125,-12.1593,5.793,3.2536,4.4431,0,REST
403,1.57421875,-11.6982,6.7694,4.0567,2.093,0,REST
404,1.578125,-8.8588,12.9557,-5.0991,-0.7943,0,REST
405,1.58203125,-7.7493,11.9001,-4.0161,1.5174,0,REST
406,1.5859375,-5.0539,8.8989,-7.7089,1.7001,0,REST
407,1.58984375,0.4349,11.8483,-7.0351,-8.4687,0,REST
408,1.59375,1.0962,12.8462,-10.1846,-10.5975,0,REST
409,1.59765625,4.7433,11.1241,-10.8465,-7.5422,0,REST
410,1.6015625,7.1077,4.3332,-11.0595,-5.3101,0,REST
411,1.60546875,8.0357,7.857,-7.529,-6.6956,0,REST
412,1.609375,10.7863,3.7224,-4.9094,-9.0321,0,REST
413,1.61328125,9.378,4.4754,-5.6153,-10.6823,0,REST
414,1.6171875,12.8276,-1.2457,-4.6506,-5.7273,0,REST
415,1.62109375,8.2505,-6.7232,-1.3371,-4.051,0,REST
416,1.625,10.3165,-6.4882,0.9036,-2.4964,0,REST
417,1.62890625,5.2597,-8.3323,1.4084,3.7283,0,REST
418,1.6328125,2.9777,-15.7106,5.8723,3.4095,0,REST
419,1.63671875,-0.1519,-15.7374,5.4284,5.2652,0,REST
420,1.640625,0.2143,-11.9039,11.3836,9.6009,0,REST
421,1.64453125,-2.1637,-12.8314,5.8064,9.4337,0,REST
422,1.6484375,-4.9274,-6.8084,8.0555,12.6549,0,REST
423,1.65234375,-8.4991,-8.2971,9.036,9.6803,0,REST
424,1.65625,-7.0978,-1.9149,6.2625,10.2522,0,REST
425,1.66015625,-7.2439,-0.529,5.0863,8.5534,0,REST
426,1.6640625,-7.5173,1.4834,1.7107,7.6952,0,REST
427,1.66796875,-8.1094,3.951,-0.1501,5.4087,0,REST
428,1.671875,-5.8974,7.3952,-1.7097,4.1513,0,REST
429,1.67578125,-2.7254,9.5232,-1.3349,-3.149,0,REST
430,1.6796875,-2.7255,11.6391,-1.2433,-4.398,0,REST
431,1.68359375,-4.8408,14.6606,1.9638,-2.7411,0,REST
432,1.6875,1.9742,12.0874,-6.8735,-10.7389,0,REST
433,1.69140625,1.7206,6.6449,-6.6643,-14.7848,0,REST
434,1.6953125,-1.0995,9.2098,-3.07,-14.7062,0,REST
435,1.69921875,-0.3271,4.7282,-4.8134,-13.0124,0,REST
436,1.703125,8.1514,2.5935,-4.5825,-8.5895,0,REST
437,1.70703125,3.5782,1.3878,-6.215,-5.4543,0,REST
438,1.7109375,4.3625,-0.3628,-2.5017,-3.6404,0,REST
439,1.71484375,3.1119,-4.1661,-1.0179,-3.1954,0,REST
440,1.71875,3.9932,-8.8453,-1.2971,1.0961,0,REST
441,1.72265625,7.0147,-9.0975,-1.2695,4.1786,0,REST
442,1.7265625,4.5238,-9.5612,0.4475,5.2274,0,REST
443,1.73046875,3.6346,-5.9724,-1.7151,10.6739,0,REST
444,1.734375,2.5287,-10.0322,2.4192,10.7024,0,REST
445,1.73828125,1.5451,-9.1913,-0.0581,13.2853,0,REST
446,1.7421875,3.0243,-5.1341,-0.4228,8.4674,0,REST
447,1.74609375,2.5683,-3.743,2.7328,12.1224,0,REST
448,1.75,0.0424,-0.0215,2.8759,11.1404,0,REST
449,1.75390625,1.3307,-4.0144,4.251,8.3496,0,REST
450,1.7578125,-4.677,3.067,2.025,3.4442,0,REST
451,1.76171875,1.0292,3.976,3.3718,-2.4347,0,REST
452,1.765625,-0.0201,4.8014,3.5036,-6.6285,0,REST
453,1.76953125,-0.8798,7.1683,1.4072,-6.5411,0,REST
454,1.7734375,-3.3464,9.3965,1.8892,-12.1344,0,REST
455,1.77734375,-2.9311,8.0722,3.9234,-11.0779,0,REST
456,1.78125,-8.1743,8.1287,4.858,-15.3582,0,REST
457,1.78515625,-3.4217,4.9793,3.383,-13.4845,0,REST
458,1.7890625,-5.4438,5.1501,2.256,-13.4804,0,REST
459,1.79296875,-5.8897,6.3768,1.844,-9.4298,0,REST
460,1.796875,-3.794,6.3651,-1.8493,-6.9589,0,REST
461,1.80078125,-2.9698,-1.8785,-4.2362,-7.8503,0,REST
462,1.8046875,-3.223,0.8902,-1.4359,-5.2156,0,REST
463,1.80859375,-0.2566,-3.4001,-4.2366,0.8809,0,REST
464,1.8125,-0.8279,-2.8244,-2.1444,5.7535,0,REST
465,1.81640625,3.1212,-3.8922,-4.1128,10.8133,0,REST
466,1.8203125,4.3289,-7.5517,-4.2355,9.3127,0,REST
467,1.82421875,1.0857,-8.0288,-7.1865,12.4023,0,REST
468,1.828125,4.9328,-6.6495,-7.5352,15.2882,0,REST
469,1.83203125,4.9995,-3.6961,-8.0095,13.7508,0,REST
470,1.8359375,7.2719,-5.1042,-5.1804,11.0917,0,REST
471,1.83984375,5.8067,-2.3412,-3.2151,11.4424,0,REST
472,1.84375,6.0803,-2.2195,-4.7092,3.6339,0,REST
473,1.84765625,3.5163,-0.9886,-0.7066,5.3906,0,REST
474,1.8515625,0.3344,1.8506,-1.4376,0.4864,0,REST
475,1.85546875,-0.7876,-0.9407,8.5336,-0.9351,0,REST
476,1.859375,0.3049,2.1139,7.1117,-5.2779,0,REST
477,1.86328125,-2.3267,-0.2696,9.7882,-7.5747,0,REST
478,1.8671875,-1.4315,1.0053,8.778,-8.3988,0,REST
479,1.87109375,-5.8214,4.4276,9.982,-7.2125,0,REST
480,1.875,-10.2428,5.4058,8.3137,-10.4651,0,REST
481,1.87890625,-7.5415,5.7986,8.9427,-8.6174,0,REST
482,1.8828125,-8.2253,4.0403,4.0395,-10.6801,0,REST
483,1.88671875,-7.8099,2.9415,7.0036,-2.798,0,REST
484,1.890625,-6.3095,2.3192,4.0941,-6.586,0,REST
485,1.89453125,-9.3835,3.3671,4.9064,-1.8679,0,REST
486,1.8984375,-6.8732,2.1009,1.1866,6.7826,0,REST
487,1.90234375,-6.3912,0.1826,-3.9726,4.6038,0,REST
488,1.90625,4.0337,-0.1845,-8.272,4.7411,0,REST
489,1.91015625,3.7382,-0.4721,-7.791,7.221,0,REST
490,1.9140625,2.1451,-5.7881,-13.7132,7.8202,0,REST
491,1.91796875,7.0205,-0.8984,-12.0746,8.9675,0,REST
492,1.921875,13.2184,-3.8362,-8.7949,8.633,0,REST
493,1.92578125,10.6558,-2.4915,-9.6942,8.8842,0,REST
494,1.9296875,8.2275,-4.2917,-10.0656,8.8031,0,REST
495,1.93359375,14.3979,-2.4963,-6.997,8.1024,0,REST
496,1.9375,9.0011,-1.0084,-4.7632,1.2649,0,REST
497,1.94140625,6.8711,-0.1448,-3.0746,0.2632,0,REST
498,1.9453125,6.5329,-2.8331,2.0183,-0.3875,0,REST
499,1.94921875,4.1057,-4.194,6.3745,-2.4731,0,REST
500,1.953125,1.7252,0.4639,7.5974,-7.0394,0,REST
501,1.95703125,-2.6449,-5.4632,5.9695,-6.4229,0,REST
502,1.9609375,-5.0753,-3.4266,15.2142,-7.5601,0,REST
503,1.96484375,-9.1091,0.5879,12.087,-6.9446,0,REST
504,1.96875,-10.3943,-3.905,14.9683,-9.8814,0,REST
505,1.97265625,-14.0637,-1.0776,12.3523,-3.1348,0,REST
506,1.9765625,-17.3708,0.8059,4.6144,-4.3824,0,REST
507,1.98046875,-11.8993,2.8188,4.5246,-3.8437,0,REST
508,1.984375,-12.4014,5.5186,6.2516,-4.1762,0,REST
509,1.98828125,-9.541,3.7267,3.749,-1.8659,0,REST
510,1.9921875,-6.41,3.8165,-0.1533,-2.177,0,REST
511,1.99609375,-5.4232,1.9337,-2.9699,2.6194,0,REST
512,2.0,-4.0535,2.989,-8.2488,5.8444,0,REST
513,2.00390625,6.1793,5.9031,-7.5843,2.3378,0,REST
514,2.0078125,5.3882,3.1762,-7.956,3.2516,0,REST
515,2.01171875,6.6404,2.4602,-12.3398,1.4146,0,REST
516,2.015625,11.1216,0.7785,-7.3541,1.2951,0,REST
517,2.01953125,15.6912,3.833,-12.4713,2.475,0,REST
518,2.0234375,14.9975,-1.015,-12.0164,4.192,0,REST
519,2.02734375,10.2204,-0.6808,-5.219,2.768,0,REST
520,2.03125,13.4089,-5.5899,-8.9235,2.3354,0,REST
521,2.03515625,8.4153,-2.0372,-1.8009,2.8267,0,REST
522,2.0390625,8.2158,-5.6894,3.1878,-0.5422,0,REST
523,2.04296875,0.3843,-6.7684,5.7503,2.1791,0,REST
524,2.046875,1.423,-3.6393,3.0565,-0.2614,0,REST
525,2.05078125,-2.4222,-5.5409,4.5198,-2.6344,0,REST
526,2.0546875,-10.11,-5.9141,11.5913,0.8319,0,REST
527,2.05859375,-7.0679,-5.6812,15.4454,-3.9091,0,REST
528,2.0625,-11.3604,-1.1318,14.3583,-2.7219,0,REST
529,2.06640625,-15.3332,-3.4707,12.8475,-2.62,0,REST
530,2.0703125,-10.0898,-1.6775,8.1197,0.9006,0,REST
531,2.07421875,-12.737,2.7461,11.1003,-4.4776,0,REST
532,2.078125,-10.0012,5.0774,1.2711,-1.9293,0,REST
533,2.08203125,-7.1468,4.2695,1.2213,-0.3729,0,REST
534,2.0859375,-6.1277,6.2133,-2.9198,-1.5639,0,REST
535,2.08984375,-2.3879,7.6019,-2.9568,-4.9971,0,REST
536,2.09375,0.0192,9.2778,-6.692,-3.5362,0,REST
537,2.09765625,0.8089,12.3913,-4.4218,-2.3161,0,REST
538,2.1015625,4.667,5.0941,-10.9565,0.6281,0,REST
539,2.10546875,8.2531,5.6114,-8.9764,3.8935,0,REST
540,2.109375,8.1143,1.3894,-9.2777,1.6305,0,REST
541,2.11328125,11.4839,1.4751,-6.9638,3.9289,0,REST
542,2.1171875,8.4748,0.1273,-8.2211,5.8056,0,REST
543,2.12109375,9.3021,-5.2131,-3.7922,3.9463,0,REST
544,2.125,5.4765,-4.0936,-6.5771,4.957,0,REST
545,2.12890625,3.195,-12.7064,-5.4965,4.7926,0,REST
546,2.1328125,5.9572,-8.2851,-1.7983,9.8543,0,REST
547,2.13671875,3.6004,-12.358,4.363,3.3233,0,REST
548,2.140625,-1.1351,-10.8454,2.8229,5.2537,0,REST
549,2.14453125,-2.3326,-10.5013,3.831,0.0697,0,REST
550,2.1484375,-4.7949,-8.8755,1.8655,1.4971,0,REST
551,2.15234375,-6.9417,-6.1038,2.8564,1.5525,0,REST
552,2.15625,-4.4638,-5.9967,4.4308,-4.1479,0,REST
553,2.16015625,-7.8867,-0.9562,6.7103,0.9548,0,REST
554,2.1640625,-6.1131,-0.0805,7.5752,-3.6942,0,REST
555,2.16796875,-2.3363,3.0126,6.4242,-11.403,0,REST
556,2.171875,-8.6295,8.9396,4.8621,-5.9689,0,REST
557,2.17578125,-5.0852,7.1955,0.3015,-7.5734,0,REST
558,2.1796875,-5.6102,10.5777,1.2462,-6.6483,0,REST
559,2.18359375,-4.0593,10.5323,-3.5843,-5.9978,0,REST
560,2.1875,-2.7567,10.2357,-2.8499,-4.4608,0,REST
561,2.19140625,-0.3439,14.6113,-1.0108,-4.5075,0,REST
562,2.1953125,2.7295,8.1237,-10.5523,-1.097,0,REST
563,2.19921875,3.3453,9.9966,-4.7828,0.0246,0,REST
564,2.203125,0.2336,5.1964,-3.7603,3.6856,0,REST
565,2.20703125,5.3208,6.8215,-7.154,6.1578,0,REST
566,2.2109375,7.5286,0.4894,-3.8792,5.234,0,REST
567,2.21484375,2.9484,-1.6543,-2.5438,11.5928,0,REST
568,2.21875,4.0217,-8.3552,-2.4899,9.2902,0,REST
569,2.22265625,2.2161,-8.975,-1.3281,9.6137,0,REST
570,2.2265625,-0.3236,-11.5194,-1.4162,10.2396,0,REST
571,2.23046875,0.7163,-12.0221,0.9112,9.9219,0,REST
572,2.234375,2.5327,-15.2518,0.1304,8.5477,0,REST
573,2.23828125,-2.8158,-12.5683,0.5881,5.4172,0,REST
574,2.2421875,1.4612,-7.6306,3.6641,5.4697,0,REST
575,2.24609375,1.1666,-8.6931,1.0279,0.4962,0,REST
576,2.25,-1.46,-4.4929,0.4994,-3.6885,0,REST
577,2.25390625,-0.7412,-5.7199,1.9859,-8.4837,0,REST
578,2.2578125,0.1355,1.9938,-1.9019,-7.7253,0,REST
579,2.26171875,-1.3041,1.4111,1.3654,-10.6146,0,REST
580,2.265625,-1.4979,6.5686,3.7681,-10.8818,0,REST
581,2.26953125,-3.3728,5.0521,1.5722,-13.9039,0,REST
582,2.2734375,-1.2715,11.2025,3.2185,-10.826,0,REST
583,2.27734375,-4.7657,13.7419,3.5518,-9.5748,0,REST
584,2.28125,-0.0098,12.4655,8.5048,-8.3137,0,REST
585,2.28515625,-5.0101,13.5649,4.2253,-6.1433,0,REST
586,2.2890625,-5.1274,13.1319,3.9277,0.9343,0,REST
587,2.29296875,-3.4701,10.7703,3.2134,3.9382,0,REST
588,2.296875,-3.5648,3.012,3.4631,2.8491,0,REST
589,2.30078125,-0.6112,3.2306,1.4107,11.1259,0,REST
590,2.3046875,-0.2924,-2.2914,2.2725,10.1612,0,REST
591,2.30859375,-3.3724,-3.8213,-0.3226,13.4023,0,REST
592,2.3125,2.403,-5.6191,-4.5022,13.8987,0,REST
593,2.31640625,4.3407,-9.8883,-4.2163,13.6249,0,REST
594,2.3203125,3.6494,-10.7624,-4.2127,9.2332,0,REST
595,2.32421875,3.0939,-11.9749,-9.0112,10.8199,0,REST
596,2.328125,4.8835,-15.1791,-4.6205,6.9992,0,REST
597,2.33203125,5.7891,-17.472,-5.8558,0.4179,0,REST
598,2.3359375,7.3213,-11.2698,-6.2983,0.4498,0,REST
599,2.33984375,3.9636,-8.7846,-2.4501,-6.1527,0,REST
600,2.34375,5.7735,-8.641,-5.303,-12.9811,0,REST
601,2.34765625,6.1115,-2.886,-5.1189,-9.9004,0,REST
602,2.3515625,5.8986,0.0335,-6.934,-12.4834,0,REST
603,2.35546875,0.6945,2.5676,0.8125,-13.9024,0,REST
604,2.359375,-1.6847,4.7777,2.9911,-13.8345,0,REST
605,2.36328125,-1.8008,9.6537,6.038,-11.6697,0,REST
606,2.3671875,-2.5171,16.2283,3.1713,-10.3884,0,REST
607,2.37109375,-8.6226,9.8403,8.6845,-3.809,0,REST
608,2.375,-7.0306,9.3872,9.2656,-2.7391,0,REST
609,2.37890625,-8.2136,13.8473,10.8487,0.0963,0,REST
610,2.3828125,-8.2429,10.4122,13.9575,6.9475,0,REST
611,2.38671875,-4.982,11.8135,5.0487,6.3101,0,REST
612,2.390625,-13.4446,4.8096,10.071,7.1807,0,REST
613,2.39453125,-4.6045,5.2078,5.6279,11.2793,0,REST
614,2.3984375,-5.5025,-2.0977,2.3339,13.828,0,REST
615,2.40234375,-3.3184,-4.0666,4.6048,11.585,0,REST
616,2.40625,3.2743,-8.3168,-2.2281,12.3191,0,REST
617,2.41015625,2.8101,-10.6462,-2.9598,7.0485,0,REST
618,2.4140625,6.2893,-12.5266,-5.763,10.096,0,REST
619,2.41796875,6.032,-15.1248,-10.4225,5.4591,0,REST
620,2.421875,10.1706,-12.4374,-8.214,6.4444,0,REST
621,2.42578125,9.0855,-12.6901,-12.5767,-2.134,0,REST
622,2.4296875,11.7032,-8.1095,-9.1666,-8.3288,0,REST
623,2.43359375,14.4891,-8.4727,-12.8947,-8.7124,0,REST
624,2.4375,14.2026,-0.7669,-9.2992,-8.7812,0,REST
625,2.44140625,9.3149,-3.3692,-9.3893,-11.0172,0,REST
626,2.4453125,7.2331,0.46,-8.1818,-9.0429,0,REST
627,2.44921875,6.8844,3.972,-4.9657,-12.7462,0,REST
628,2.453125,-0.3169,8.4649,3.3621,-5.3661,0,REST
629,2.45703125,-2.4261,6.7839,2.4536,-3.4098,0,REST
630,2.4609375,-5.1561,8.8618,8.3489,-2.7924,0,REST
631,2.46484375,-6.2145,12.6143,11.4405,-3.4821,0,REST
632,2.46875,-7.7441,12.9168,8.5547,-1.8884,0,REST
633,2.47265625,-13.095,10.8597,8.3461,4.0001,0,REST
634,2.4765625,-13.3274,8.7692,7.9611,3.1287,0,REST
635,2.48046875,-14.5456,6.4933,13.554,7.1093,0,REST
636,2.484375,-8.6403,4.684,11.7037,7.4524,0,REST
637,2.48828125,-10.344,2.0934,8.4008,12.0661,0,REST
638,2.4921875,-8.5723,0.6358,8.9884,11.2751,0,REST
639,2.49609375,-2.0129,-3.1486,1.1764,6.207,0,REST
640,2.5,-0.2127,-4.2485,-4.0335,6.2396,0,REST
641,2.50390625,3.4905,-6.0091,-3.6697,7.5201,0,REST
642,2.5078125,2.2006,-8.9986,-6.6181,4.0403,0,REST
643,2.51171875,7.9536,-11.2814,-13.979,2.4369,0,REST
644,2.515625,9.6384,-5.6211,-12.1953,-1.8465,0,REST
645,2.51953125,13.5954,-7.6757,-14.6247,-2.0116,0,REST
646,2.5234375,14.71,-5.5325,-12.4198,-3.6411,0,REST
647,2.52734375,14.1981,-2.8788,-13.1571,-4.1572,0,REST
648,2.53125,14.1362,-5.116,-10.349,-7.3785,0,REST
649,2.53515625,8.9086,0.2953,-12.578,-4.7446,0,REST
650,2.5390625,4.9329,-0.0162,-7.2401,-5.9484,0,REST
651,2.54296875,4.1821,2.3272,-1.6106,-6.1056,0,REST
652,2.546875,0.1362,1.6277,-2.8004,-7.1636,0,REST
653,2.55078125,-2.9715,4.1716,0.9564,-2.0496,0,REST
654,2.5546875,-1.749,4.6971,4.2284,-4.0714,0,REST
655,2.55859375,-8.9781,7.88,7.4451,-2.1858,0,REST
656,2.5625,-7.688,7.9045,12.0234,-4.3654,0,REST
657,2.56640625,-10.0603,6.7749,11.1061,-1.8785,0,REST
658,2.5703125,-14.5257,6.125,10.3434,3.4204,0,REST
659,2.57421875,-11.1631,4.1089,11.3115,2.8995,0,REST
660,2.578125,-12.7411,5.6917,9.7404,7.1497,0,REST
661,2.58203125,-5.5799,1.2511,7.3846,2.5854,0,REST
662,2.5859375,-1.3206,2.096,6.8538,6.8208,0,REST
663,2.58984375,-3.1864,1.7548,1.0308,4.7629,0,REST
664,2.59375,0.7102,-1.6185,0.1536,5.6984,0,REST
665,2.59765625,3.6241,-6.898,-2.058,4.3782,0,REST
666,2.6015625,8.4698,-4.1412,-3.9389,5.0821,0,REST
667,2.60546875,9.2521,-2.6386,-12.6643,0.6985,0,REST
668,2.609375,10.8542,-6.723,-5.8273,0.3296,0,REST
669,2.61328125,9.983,-7.7932,-11.4687,4.2904,0,REST
670,2.6171875,7.8246,-7.5822,-11.0238,-3.4711,0,REST
671,2.62109375,7.5139,-2.6478,-7.0276,-0.5671,0,REST
672,2.625,11.0012,-7.505,-7.6529,0.1764,0,REST
673,2.62890625,9.0966,-0.8696,-7.9348,-2.5367,0,REST
674,2.6328125,5.8896,1.619,-7.538,-5.3309,0,REST
675,2.63671875,0.3817,0.3061,1.0412,-3.7124,0,REST
676,2.640625,-4.3195,-0.2954,-1.6796,-4.2924,0,REST
677,2.64453125,-1.1242,2.0799,1.0982,-1.5916,0,REST
678,2.6484375,-3.0211,2.5101,2.576,-4.4502,0,REST
679,2.65234375,-3.0071,1.308,4.5975,-1.6607,0,REST
680,2.65625,-1.7468,4.0705,4.5027,-1.4378,0,REST
681,2.66015625,-9.7267,4.7993,4.8578,1.0617,0,REST
682,2.6640625,-1.5283,4.007,9.2301,0.073,0,REST
683,2.66796875,-3.6331,5.0447,6.3211,2.4093,0,REST
684,2.671875,-2.8645,-1.1469,7.1254,5.0223,0,REST
685,2.67578125,-3.5136,4.5907,4.6053,-1.2951,0,REST
686,2.6796875,-4.7773,-0.3852,0.1162,-0.9147,0,REST
687,2.68359375,1.0882,2.3154,3.3777,-0.2121,0,REST
688,2.6875,-1.0872,1.1289,3.0603,2.1706,0,REST
689,2.69140625,2.4281,0.0441,-2.2255,1.706,0,REST
690,2.6953125,3.5734,0.9999,2.6698,2.599,0,REST
691,2.69921875,0.7579,0.8551,-0.2216,5.2284,0,REST
692,2.703125,4.337,2.6192,-1.6556,7.8406,0,REST
693,2.70703125,3.5047,-3.054,-0.8333,2.4505,0,REST
694,2.7109375,4.3153,0.2353,-4.9794,6.5008,0,REST
695,2.71484375,2.2776,-1.9509,-3.4009,1.7801,0,REST
696,2.71875,4.0103,-3.0409,-2.816,0.7752,0,REST
697,2.72265625,0.5327,-4.0555,-5.6011,2.882,0,REST
698,2.7265625,2.9667,-3.6436,-4.4253,1.6485,0,REST
699,2.73046875,1.7134,-2.5784,-2.5522,0.0085,0,REST
700,2.734375,2.8316,-0.6316,-4.3643,-5.2948,0,REST
701,2.73828125,-1.8992,-0.3759,-3.6254,-4.1031,0,REST
702,2.7421875,1.0234,-1.4172,-0.6314,-6.1481,0,REST
703,2.74609375,-1.5801,-2.9062,-2.2411,-5.0397,0,REST
704,2.75,-1.3078,-1.2192,-0.2269,-7.752,0,REST
705,2.75390625,-1.8583,-1.1188,-0.5534,-6.9883,0,REST
706,2.7578125,-1.7405,0.8126,-1.8744,-4.996,0,REST
707,2.76171875,-3.3953,1.0721,0.7141,-1.6966,0,REST
708,2.765625,-3.6432,0.16,-1.1331,-2.3184,0,REST
709,2.76953125,-2.3899,3.6655,2.5351,-2.2456,0,REST
710,2.7734375,-0.6956,1.2535,1.8779,2.1266,0,REST
711,2.77734375,-4.5545,4.3287,1.5936,5.0735,0,REST
712,2.78125,-6.2023,5.0949,6.9061,5.3399,0,REST
713,2.78515625,-4.89,3.8418,5.4386,7.8268,0,REST
714,2.7890625,-4.38,7.7443,5.457,8.8201,0,REST
715,2.79296875,-4.9372,2.9315,5.7778,5.7988,0,REST
716,2.796875,-2.2922,4.0146,3.2033,9.8841,0,REST
717,2.80078125,-2.1614,3.7897,2.7751,9.2066,0,REST
718,2.8046875,-2.5812,-0.0025,4.3353,9.1725,0,REST
719,2.80859375,-0.1537,-1.8609,1.3801,7.0086,0,REST
720,2.8125,-1.7849,-4.4903,-1.718,-0.3036,0,REST
721,2.81640625,0.1329,-5.5111,-3.1523,2.7822,0,REST
722,2.8203125,3.3774,-6.3622,-0.1919,1.1626,0,REST
723,2.82421875,11.0524,-8.4316,-4.2748,-8.3654,0,REST
724,2.828125,3.7185,-4.3271,-2.2991,-8.6469,0,REST
725,2.83203125,8.9192,-12.0573,-3.6762,-8.7205,0,REST
726,2.8359375,6.5094,-4.6112,-5.4231,-11.0115,0,REST
727,2.83984375,6.7897,-4.3626,-6.3632,-9.5405,0,REST
728,2.84375,5.4039,-5.2059,-8.2637,-13.8914,0,REST
729,2.84765625,3.2678,-2.7799,-7.8956,-11.1462,0,REST
730,2.8515625,4.23,1.9451,-6.6976,-5.5524,0,REST
731,2.85546875,3.5567,0.9203,-5.3627,-7.511,0,REST
732,2.859375,0.5198,2.2821,-4.5735,-1.819,0,REST
733,2.86328125,-3.7995,7.3593,-1.1124,-2.7442,0,REST
734,2.8671875,-5.1568,8.7971,-0.8092,5.6433,0,REST
735,2.87109375,-5.2272,8.965,4.8299,9.5144,0,REST
736,2.875,-10.4799,5.771,5.1509,11.19,0,REST
737,2.87890625,-13.6687,6.7495,4.455,14.4995,0,REST
738,2.8828125,-12.6469,6.4672,6.5661,14.2804,0,REST
739,2.88671875,-9.3659,10.9311,7.7276,13.0143,0,REST
740,2.890625,-9.3738,6.8265,11.0596,9.4183,0,REST
741,2.89453125,-8.3064,6.0601,8.8686,9.4049,0,REST
742,2.8984375,-6.1618,0.6519,8.7845,6.9558,0,REST
743,2.90234375,-5.1146,-0.5997,6.7919,6.4944,0,REST
744,2.90625,5.3629,-5.794,6.6852,2.7361,0,REST
745,2.91015625,1.3081,-9.0882,4.6739,-2.9626,0,REST
746,2.9140625,7.2071,-10.0339,-2.3412,-6.3747,0,REST
747,2.91796875,11.3774,-10.8222,-2.9311,-7.2519,0,REST
748,2.921875,11.4031,-10.5937,-6.0348,-9.5782,0,REST
749,2.92578125,12.0719,-13.4033,-8.4697,-9.0258,0,REST
750,2.9296875,13.4666,-7.4706,-7.7916,-13.7061,0,REST
751,2.93359375,14.655,-9.0471,-9.9986,-13.4568,0,REST
752,2.9375,10.6782,-5.6402,-8.2664,-9.0544,0,REST
753,2.94140625,9.0856,-4.837,-11.5933,-9.2343,0,REST
754,2.9453125,7.5914,2.4576,-13.8381,-7.2164,0,REST
755,2.94921875,0.7424,1.7275,-8.4892,-0.6743,0,REST
756,2.953125,-0.8703,4.5726,-3.839,2.1106,0,REST
757,2.95703125,-4.6372,9.1938,-5.6051,0.5251,0,REST
758,2.9609375,-7.3245,9.4658,0.5582,11.1689,0,REST
759,2.96484375,-10.3297,10.469,7.8514,5.4412,0,REST
760,2.96875,-10.3819,10.5707,7.2377,12.5571,0,REST
761,2.97265625,-13.6256,9.6568,5.4843,14.3681,0,REST
762,2.9765625,-12.9692,6.2018,10.8506,13.2839,0,REST
763,2.98046875,-12.6033,9.3815,12.626,14.922,0,REST
764,2.984375,-9.7711,4.894,16.5971,12.0246,0,REST
765,2.98828125,-12.2515,5.7742,14.5891,6.6201,0,REST
766,2.9921875,-7.2915,1.5277,10.8133,5.0782,0,REST
767,2.99609375,-1.5216,2.5913,10.7074,-1.0641,0,REST
768,3.0,3.1399,-6.0419,6.647,-3.9461,0,REST
769,3.00390625,-0.037,-6.3206,3.2675,-3.5122,0,REST
770,3.0078125,8.4997,-11.1879,1.4007,-9.4412,0,REST
771,3.01171875,7.5389,-11.3172,-6.4546,-12.0233,0,REST
772,3.015625,9.1084,-12.7949,-4.8447,-12.7578,0,REST
773,3.01953125,10.585,-15.4812,-7.6425,-12.2159,0,REST
774,3.0234375,11.5145,-11.845,-9.6588,-11.8613,0,REST
775,3.02734375,13.4885,-7.5139,-12.1302,-11.0801,0,REST
776,3.03125,9.8006,-7.8554,-8.769,-4.6954,0,REST
777,3.03515625,10.1133,-6.6691,-13.2807,-5.0969,0,REST
778,3.0390625,8.1413,-1.3532,-10.2572,-5.728,0,REST
779,3.04296875,5.1846,1.1642,-9.9622,1.8904,0,REST
780,3.046875,1.8571,6.0304,-8.8759,2.3527,0,REST
781,3.05078125,-3.306,6.025,-7.9348,5.2277,0,REST
782,3.0546875,-5.529,13.4529,-3.334,5.4423,0,REST
783,3.05859375,-10.7993,12.569,0.1837,11.8548,0,REST
784,3.0625,-14.0045,12.7037,4.2374,13.2789,0,REST
785,3.06640625,-14.4959,14.5099,6.9116,8.4268,0,REST
786,3.0703125,-13.1819,9.7498,10.2822,9.1543,0,REST
787,3.07421875,-10.0195,12.0601,11.165,7.3328,0,REST
788,3.078125,-9.3378,7.6304,12.6862,7.5036,0,REST
789,3.08203125,-7.7642,4.4463,8.7447,4.7438,0,REST
790,3.0859375,-4.2738,1.1185,10.2573,2.876,0,REST
791,3.08984375,-2.0552,-5.0594,5.9397,-2.5388,0,REST
792,3.09375,3.4766,-3.2345,5.976,-3.9594,0,REST
793,3.09765625,3.0512,-10.4345,3.1008,-5.0182,0,REST
794,3.1015625,3.369,-7.8367,4.0235,-8.8887,0,REST
795,3.10546875,9.7816,-12.4495,-0.5622,-9.8781,0,REST
796,3.109375,8.8449,-12.8032,-4.9112,-10.197,0,REST
797,3.11328125,9.2378,-14.3607,-5.4718,-9.2131,0,REST
798,3.1171875,11.7592,-11.6994,-6.5834,-4.8234,0,REST
799,3.12109375,7.9674,-11.1931,-10.7857,-6.9633,0,REST
800,3.125,8.8153,-6.1413,-6.1525,-2.5012,0,REST
801,3.12890625,8.9408,-3.6825,-8.9381,-0.8738,0,REST
802,3.1328125,5.5626,-2.0273,-9.8305,-1.0715,0,REST
803,3.13671875,-2.5707,-1.9223,-6.3782,3.4006,0,REST
804,3.140625,2.4841,5.8993,-6.6655,2.3689,0,REST
805,3.14453125,3.7892,8.9957,-2.9749,3.5392,0,REST
806,3.1484375,-3.8802,10.1632,-2.6009,7.2088,0,REST
807,3.15234375,-1.6336,14.5662,-0.3074,7.1607,0,REST
808,3.15625,-6.1573,13.2529,-0.4626,7.0749,0,REST
809,3.16015625,-7.3688,12.2801,2.9392,1.4553,0,REST
810,3.1640625,-10.3434,12.5341,6.1843,1.1158,0,REST
811,3.16796875,-5.0223,6.2296,6.0799,5.1374,0,REST
812,3.171875,-5.9166,6.3598,7.0512,1.6899,0,REST
813,3.17578125,-8.5785,6.6806,6.8998,2.1938,0,REST
814,3.1796875,-5.145,1.72,7.4371,3.9768,0,REST
815,3.18359375,-0.7809,-0.5352,6.2684,1.3168,0,REST
816,3.1875,-0.8861,-4.472,5.5525,-4.5573,0,REST
817,3.19140625,-3.5298,-9.5057,3.9175,-0.6263,0,REST
818,3.1953125,2.6651,-8.8133,0.2947,0.2537,0,REST
819,3.19921875,-0.4598,-11.5972,2.604,-3.7514,0,REST
820,3.203125,0.9788,-9.5118,-3.2233,-6.3967,0,REST
821,3.20703125,1.5871,-14.7656,-2.6344,-4.3688,0,REST
822,3.2109375,4.1836,-10.4573,-1.2532,-5.5428,0,REST
823,3.21484375,0.9118,-11.0924,-3.7688,-4.2622,0,REST
824,3.21875,3.7778,-7.3117,-3.5307,-6.0599,0,REST
825,3.22265625,2.8613,-0.5526,-3.2563,-2.6128,0,REST
826,3.2265625,3.5918,-2.5145,2.0271,-4.0971,0,REST
827,3.23046875,3.3326,2.9396,0.2349,-1.2374,0,REST
828,3.234375,2.4391,2.793,-4.9907,-0.3347,0,REST
829,3.23828125,-0.5865,5.6734,-2.6661,-0.1644,0,REST
830,3.2421875,2.7853,9.3606,-3.9648,-1.3132,0,REST
831,3.24609375,3.8566,9.7685,-4.6463,-2.0132,0,REST
832,3.25,1.733,10.6943,-3.3807,-1.0742,0,REST
833,3.25390625,-2.9536,11.4986,-5.9092,-0.8291,0,REST
834,3.2578125,-1.4617,12.6381,1.6065,1.7123,0,REST
835,3.26171875,-0.4184,6.1565,-2.1425,1.4582,0,REST
836,3.265625,-2.3535,4.1432,-2.2775,3.417,0,REST
837,3.26953125,-3.9162,1.3754,0.8833,3.4004,0,REST
838,3.2734375,-1.4213,-0.2761,2.8176,3.4041,0,REST
839,3.27734375,-2.7107,-1.7786,3.1928,4.2546,0,REST
840,3.28125,-4.7594,-3.6495,5.5385,4.3867,0,REST
841,3.28515625,-3.4376,-5.8206,3.0742,2.6986,0,REST
842,3.2890625,-4.7041,-9.6816,4.0188,3.3206,0,REST
843,3.29296875,-6.6125,-8.1947,4.7806,-3.59,0,REST
844,3.296875,-0.5717,-7.3207,4.5928,1.5813,0,REST
845,3.30078125,1.024,-4.0943,6.676,-2.8076,0,REST
846,3.3046875,-5.6117,-8.7776,6.9531,0.5166,0,REST
847,3.30859375,-2.0895,-9.3925,7.1074,-1.7397,0,REST
848,3.3125,1.0387,-5.5024,5.6446,-6.5322,0,REST
849,3.31640625,-1.3436,-3.0717,5.8163,-6.0466,0,REST
850,3.3203125,-1.0832,-3.5705,1.4184,-9.1543,0,REST
851,3.32421875,6.4645,-0.6004,-1.0253,-4.3205,0,REST
852,3.328125,4.607,4.3487,0.5159,-4.539,0,REST
853,3.33203125,5.0914,5.7923,-0.2007,-7.7742,0,REST
854,3.3359375,7.046,5.6832,-1.3216,-1.8643,0,REST
855,3.33984375,6.6265,10.0039,-5.5835,-7.8094,0,REST
856,3.34375,9.1432,8.3697,-4.1305,-1.4174,0,REST
857,3.34765625,2.0099,4.6106,-4.7036,0.6872,0,REST
858,3.3515625,1.5758,7.4614,-8.7401,0.5479,0,REST
859,3.35546875,-0.1708,7.7414,-7.4426,2.8904,0,REST
860,3.359375,1.6658,8.1551,-7.571,9.1185,0,REST
861,3.36328125,-0.2718,-1.6124,-7.1425,7.1098,0,REST
862,3.3671875,-4.9109,-3.1924,-8.2246,7.443,0,REST
863,3.37109375,-10.0287,-5.3551,-4.4002,8.4325,0,REST
864,3.375,-10.3874,-3.0517,-2.4985,8.2513,0,REST
865,3.37890625,-7.4046,-0.5164,-0.528,5.393,0,REST
866,3.3828125,-11.4408,-0.5047,0.3954,3.0367,0,REST
867,3.38671875,-12.3085,-2.5153,2.0068,0.0235,0,REST
868,3.390625,-6.1443,-3.7424,6.2759,-2.244,0,REST
869,3.39453125,-4.275,-5.4333,9.4687,-1.3551,0,REST
870,3.3984375,-1.4135,-3.9017,11.4205,-6.0978,0,REST
871,3.40234375,-5.2852,-5.4148,7.8708,-7.9346,0,REST
872,3.40625,0.4699,-7.7332,9.6254,-8.1977,0,REST
873,3.41015625,3.1528,-4.5143,11.4095,-10.4447,0,REST
874,3.4140625,4.1992,-1.632,7.8571,-12.7449,0,REST
875,3.41796875,8.1441,-1.9506,4.2448,-8.9535,0,REST
876,3.421875,7.2295,1.0781,2.9538,-8.8833,0,REST
877,3.42578125,12.0412,0.8699,-2.5779,-5.8464,0,REST
878,3.4296875,10.4235,0.2275,-1.0122,-3.8394,0,REST
879,3.43359375,8.0082,1.5006,-7.3954,3.6266,0,REST
880,3.4375,11.0374,4.8572,-10.4642,3.4926,0,REST
881,3.44140625,8.9409,3.9762,-12.038,3.7416,0,REST
882,3.4453125,4.6702,4.503,-11.8291,5.9942,0,REST
883,3.44921875,3.5138,0.1241,-12.8144,13.6306,0,REST
884,3.453125,1.5116,3.8465,-8.8585,14.025,0,REST
885,3.45703125,-1.7825,4.1581,-8.638,13.7766,0,REST
886,3.4609375,-7.2849,0.5998,-4.3318,13.2082,0,REST
887,3.46484375,-9.3405,1.3893,-4.9116,9.321,0,REST
888,3.46875,-14.2339,0.6677,1.1723,7.2653,0,REST
889,3.47265625,-13.7266,3.8447,-2.4369,8.2831,0,REST
890,3.4765625,-14.3433,1.4738,2.1872,3.4376,0,REST
891,3.48046875,-10.0161,0.1709,8.3563,-0.1831,0,REST
892,3.484375,-10.1998,-4.1899,8.5858,-4.6884,0,REST
893,3.48828125,-8.2706,0.0115,12.0193,-7.9162,0,REST
894,3.4921875,-7.045,-2.4528,12.633,-7.7493,0,REST
895,3.49609375,-0.1579,-3.0953,11.7732,-4.9095,0,REST
896,3.5,-1.3266,-2.6733,12.9732,-11.7816,0,REST
897,3.50390625,0.8937,-3.766,14.8107,-12.1146,0,REST
898,3.5078125,8.0352,-4.5194,4.5256,-9.1925,0,REST
899,3.51171875,10.4186,-4.0122,7.3025,-9.2274,0,REST
900,3.515625,12.9624,-3.1398,4.4779,-9.4187,0,REST
901,3.51953125,16.327,-3.69,0.3645,-2.5008,0,REST
902,3.5234375,12.2287,-7.6296,-5.4882,-5.1335,0,REST
903,3.52734375,12.0323,-2.8649,-8.4346,1.0764,0,REST
904,3.53125,11.1467,-2.7224,-12.7671,4.8906,0,REST
905,3.53515625,7.8682,0.9664,-8.4434,12.8765,0,REST
906,3.5390625,4.9245,-0.8344,-13.0008,8.9065,0,REST
907,3.54296875,2.8264,0.4952,-10.521,11.2706,0,REST
908,3.546875,0.8675,2.8491,-13.4774,10.1899,0,REST
909,3.55078125,-4.2378,4.3143,-14.0109,10.3488,0,REST
910,3.5546875,-9.6093,4.3123,-9.637,10.8948,0,REST
911,3.55859375,-12.2372,4.3177,-4.1999,7.8255,0,REST
912,3.5625,-11.9229,7.101,-0.3001,4.9833,0,REST
913,3.56640625,-11.2614,4.7206,-0.5331,2.2252,0,REST
914,3.5703125,-8.9642,5.5456,4.2594,-3.8883,0,REST
915,3.57421875,-9.7475,4.7132,6.6876,-4.8137,0,REST
916,3.578125,-4.2226,4.6774,8.4011,-6.351,0,REST
917,3.58203125,-8.5424,5.8069,9.7975,-13.678,0,REST
918,3.5859375,-7.9159,1.092,11.4881,-9.3471,0,REST
919,3.58984375,-5.6723,1.9412,9.6055,-14.3059,0,REST
920,3.59375,-2.7394,0.2954,9.7861,-12.9004,0,REST
921,3.59765625,0.8083,-3.0724,9.3223,-11.0216,0,REST
922,3.6015625,5.7431,-5.2397,7.1798,-7.5524,0,REST
923,3.60546875,9.2228,-6.3723,1.5573,-5.2042,0,REST
924,3.609375,8.6175,-6.8777,1.8685,-1.2099,0,REST
925,3.61328125,6.06,-7.5954,-1.8469,0.4639,0,REST
926,3.6171875,12.2594,-7.3874,0.6902,2.0598,0,REST
927,3.62109375,10.9238,-6.7873,-4.3732,5.1992,0,REST
928,3.625,8.5301,-3.1277,-8.9047,6.5431,0,REST
929,3.62890625,4.4007,-2.3926,-9.4926,11.2213,0,REST
930,3.6328125,7.1052,-2.2687,-8.0443,9.969,0,REST
931,3.63671875,0.923,-2.7034,-8.6233,12.0969,0,REST
932,3.640625,-0.1943,1.7629,-10.2418,10.6282,0,REST
933,3.64453125,-3.7259,4.8675,-7.1023,8.5373,0,REST
934,3.6484375,-3.017,9.1577,-5.5537,8.8146,0,REST
935,3.65234375,-8.8734,6.8347,-6.3798,4.8992,0,REST
936,3.65625,-5.4629,11.8871,-2.74,1.1842,0,REST
937,3.66015625,-6.5534,7.43,-3.7109,-2.0495,0,REST
938,3.6640625,-7.2894,13.0686,-0.0505,-5.8386,0,REST
939,3.66796875,-8.9224,9.3653,1.3386,-4.2505,0,REST
940,3.671875,-7.5509,8.5966,2.1772,-6.1429,0,REST
941,3.67578125,-4.5745,6.2124,3.2084,-8.497,0,REST
942,3.6796875,-5.523,0.6772,6.764,-5.5122,0,REST
943,3.68359375,-4.0915,-1.5401,6.4388,-7.323,0,REST
944,3.6875,-3.3443,-1.6159,7.9476,-7.3597,0,REST
945,3.69140625,1.6782,-4.8925,5.503,-9.336,0,REST
946,3.6953125,3.2197,-7.5659,3.8585,-5.1388,0,REST
947,3.69921875,-0.6051,-8.5888,7.5816,-1.3381,0,REST
948,3.703125,2.3127,-7.975,-0.6429,-7.901,0,REST
949,3.70703125,1.4751,-12.7529,0.3225,1.6526,0,REST
950,3.7109375,4.0404,-11.2726,1.6059,3.6972,0,REST
951,3.71484375,5.6505,-10.1151,2.6183,6.6901,0,REST
952,3.71875,4.9115,-7.8212,-2.6546,8.4336,0,REST
953,3.72265625,3.4087,-4.6299,-3.0569,3.9906,0,REST
954,3.7265625,3.7275,-7.8318,-0.7682,4.4941,0,REST
955,3.73046875,5.7546,-2.3285,-0.3008,8.4475,0,REST
956,3.734375,0.0838,2.0707,-4.6183,7.823,0,REST
957,3.73828125,-2.9663,3.2293,-0.7176,2.3507,0,REST
958,3.7421875,1.4921,6.7858,0.6941,2.0046,0,REST
959,3.74609375,1.2588,10.1521,-1.2195,6.1399,0,REST
960,3.75,-1.6857,12.451,-3.8974,-3.2223,0,REST
961,3.75390625,-1.4029,12.8115,-2.9492,-1.9329,0,REST
962,3.7578125,-2.4482,9.064,-5.6075,-3.2126,0,REST
963,3.76171875,-0.4786,12.2687,-3.4595,-1.1044,0,REST
964,3.765625,-4.5944,6.7747,-1.9989,-6.4185,0,REST
965,3.76953125,-2.1142,6.015,-3.1651,-6.5384,0,REST
966,3.7734375,-3.7227,6.4094,-2.1144,-4.0298,0,REST
967,3.77734375,-0.0722,-2.8627,-4.1556,-2.5077,0,REST
968,3.78125,-2.6611,-1.0214,-0.0768,-4.3825,0,REST
969,3.78515625,-0.6309,-8.2751,-0.64,-4.9728,0,REST
970,3.7890625,-5.4577,-10.2245,0.4249,-0.1263,0,REST
971,3.79296875,-4.4441,-4.6224,1.6492,-2.2346,0,REST
972,3.796875,-4.6883,-11.8937,5.6043,1.1491,0,REST
973,3.80078125,-0.1164,-14.1767,6.1656,-2.2578,0,REST
974,3.8046875,-2.4176,-10.305,6.6858,2.7231,0,REST
975,3.80859375,-2.4474,-11.0455,5.0203,1.239,0,REST
976,3.8125,0.9916,-11.2319,7.6017,-1.8152,0,REST
977,3.81640625,5.2593,-3.1837,4.5926,1.4367,0,REST
978,3.8203125,2.5174,-2.1948,8.4828,4.0093,0,REST
979,3.82421875,3.8554,3.0018,2.7311,7.119,0,REST
980,3.828125,5.1553,0.6221,2.6416,-0.0372,0,REST
981,3.83203125,6.667,9.3605,1.8641,3.838,0,REST
982,3.8359375,8.4283,10.1562,7.2693,3.5075,0,REST
983,3.83984375,4.4741,11.0767,-3.027,4.3382,0,REST
984,3.84375,8.6706,14.4346,-4.265,7.8069,0,REST
985,3.84765625,5.1478,14.0063,-1.607,5.5861,0,REST
986,3.8515625,5.9974,12.4844,-8.3482,1.6162,0,REST
987,3.85546875,1.819,13.1877,-5.9056,4.1627,0,REST
988,3.859375,2.5178,11.2106,-7.7877,0.4553,0,REST
989,3.86328125,-0.9934,8.1252,-8.7671,-0.1431,0,REST
990,3.8671875,-4.6425,2.9189,-9.3237,3.0332,0,REST
991,3.87109375,-6.0502,-0.8001,-6.5921,-1.4725,0,REST
992,3.875,-8.0449,-4.6598,-6.3435,-3.554,0,REST
993,3.87890625,-6.764,-2.6826,-5.0777,-7.548,0,REST
994,3.8828125,-11.3625,-6.683,-1.0486,-3.0189,0,REST
995,3.88671875,-10.8562,-8.5321,2.6163,-5.0197,0,REST
996,3.890625,-5.3754,-14.3191,2.9068,-2.6488,0,REST
997,3.89453125,-8.6084,-12.8648,7.2565,-2.8754,0,REST
998,3.8984375,-3.0501,-11.8406,5.811,-6.3932,0,REST
999,3.90234375,-3.7231,-9.6682,6.9214,-4.4938,0,REST
1000,3.90625,-1.8558,-7.8669,9.8172,-2.3087,0,REST
1001,3.91015625,2.7997,-5.5427,10.5523,-1.9352,0,REST
1002,3.9140625,5.238,-1.5201,13.3608,0.7682,0,REST
1003,3.91796875,4.1326,-1.3191,11.2512,-2.1217,0,REST
1004,3.921875,11.2168,3.6731,5.2578,0.6947,0,REST
1005,3.92578125,12.3996,4.3114,7.8423,4.085,0,REST
1006,3.9296875,13.5492,5.4426,1.6204,5.2965,0,REST
1007,3.93359375,11.1396,11.9636,-0.1855,6.9046,0,REST
1008,3.9375,9.2925,13.5858,-5.7245,8.3042,0,REST
1009,3.94140625,12.945,11.7373,-5.5118,8.436,0,REST
1010,3.9453125,8.9255,12.3333,-12.1441,10.2791,0,REST
1011,3.94921875,6.1391,7.0084,-13.2479,7.0403,0,REST
1012,3.953125,1.2558,10.1612,-10.8779,5.0168,0,REST
1013,3.95703125,-1.1845,8.2766,-10.9909,1.7908,0,REST
1014,3.9609375,-6.7748,-0.3936,-16.0295,-0.2379,0,REST
1015,3.96484375,-8.7378,-2.18,-11.6134,-2.9757,0,REST
1016,3.96875,-8.5638,-4.7525,-9.3167,-3.5656,0,REST
1017,3.97265625,-14.4965,-1.4087,-6.6199,-4.743,0,REST
1018,3.9765625,-12.8185,-6.4527,-7.159,-12.4185,0,REST
1019,3.98046875,-11.4575,-11.5172,1.3114,-8.2849,0,REST
1020,3.984375,-10.0465,-9.5058,4.5986,-12.4173,0,REST
1021,3.98828125,-7.2242,-10.1751,5.8916,-8.1923,0,REST
1022,3.9921875,-5.427,-14.1344,6.8502,-13.0048,0,REST
1023,3.99609375,-5.4467,-8.7441,12.6144,-9.1713,0,REST
1024,4.0,-0.8364,-10.4886,12.5638,-5.9858,0,REST
1025,4.00390625,1.5246,-7.1836,13.3445,-2.4142,0,REST
1026,4.0078125,7.5123,-4.9629,10.4459,-0.508,0,REST
1027,4.01171875,6.6908,-3.6773,7.4071,-0.5239,0,REST
1028,4.015625,15.3046,4.7703,9.6623,7.1733,0,REST
1029,4.01953125,13.3415,5.6959,10.1972,6.2696,0,REST
1030,4.0234375,16.1399,5.0035,4.8802,9.8276,0,REST
1031,4.02734375,13.8045,8.7858,-0.5593,11.2448,0,REST
1032,4.03125,16.0584,11.1441,-1.1864,11.7172,0,REST
1033,4.03515625,9.2183,10.7002,-4.785,11.8041,0,REST
1034,4.0390625,9.9562,11.4194,-12.1663,12.1603,0,REST
1035,4.04296875,1.4244,8.473,-8.4919,4.1671,0,REST
1036,4.046875,4.5939,6.6033,-10.3737,6.7312,0,REST
1037,4.05078125,-1.4785,4.1753,-13.6855,-1.3875,0,REST
1038,4.0546875,-10.4574,-2.187,-14.996,-2.0714,0,REST
1039,4.05859375,-8.7963,1.1936,-10.2198,-6.9968,0,REST
1040,4.0625,-10.5148,-1.2116,-10.056,-7.0525,0,REST
1041,4.06640625,-13.9018,-3.151,-7.7413,-13.4433,0,REST
1042,4.0703125,-14.4023,-7.7799,-6.1964,-10.6371,0,REST
1043,4.07421875,-8.7334,-7.6335,-1.7341,-16.1947,0,REST
1044,4.078125,-8.5889,-8.1827,3.5883,-10.2305,0,REST
1045,4.08203125,-8.9943,-5.1358,1.0073,-10.8819,0,REST
1046,4.0859375,-7.157,-8.8743,8.2571,-4.2825,0,REST
1047,4.08984375,-1.5231,-8.116,9.4433,-4.8543,0,REST
1048,4.09375,0.3903,-3.865,11.6955,-0.0541,0,REST
1049,4.09765625,1.7215,-3.565,9.8043,1.0238,0,REST
1050,4.1015625,6.7433,-4.9124,9.1474,1.2307,0,REST
1051,4.10546875,5.3515,-2.1379,8.0953,8.8661,0,REST
1052,4.109375,9.0905,1.5582,10.6935,7.4863,0,REST
1053,4.11328125,9.7151,2.1832,6.1199,13.334,0,REST
1054,4.1171875,12.8129,3.579,5.7249,12.4857,0,REST
1055,4.12109375,9.817,5.9579,0.3762,13.0309,0,REST
1056,4.125,7.0034,6.0204,4.3974,10.4714,0,REST
1057,4.12890625,7.4412,4.8673,-4.427,8.3833,0,REST
1058,4.1328125,3.5321,5.725,-6.363,11.1947,0,REST
1059,4.13671875,3.6603,6.4568,-7.232,3.9209,0,REST
1060,4.140625,2.7647,7.4597,-7.6613,-0.0402,0,REST
1061,4.14453125,-0.6984,3.7555,-9.8121,-7.6279,0,REST
1062,4.1484375,-1.5221,3.198,-6.3342,-5.2352,0,REST
1063,4.15234375,-4.1116,0.6551,-5.2558,-11.2426,0,REST
1064,4.15625,-9.5873,1.7353,-6.4652,-12.5912,0,REST
1065,4.16015625,-6.0614,-1.6676,-6.1367,-10.5198,0,REST
1066,4.1640625,-6.0707,-2.1413,-2.4444,-8.837,0,REST
1067,4.16796875,-8.2309,-4.0774,1.7046,-11.0334,0,REST
1068,4.171875,-5.2295,-1.9204,-1.7576,-7.7,0,REST
1069,4.17578125,-6.5155,-2.8627,5.1372,-7.2555,0,REST
1070,4.1796875,-1.1941,-7.8151,5.7933,-7.2172,0,REST
1071,4.18359375,-3.4707,-8.1312,2.5952,-2.003,0,REST
1072,4.1875,3.0128,-4.0812,2.7073,-0.356,0,REST
1073,4.19140625,1.22,-1.8848,5.9731,1.7403,0,REST
1074,4.1953125,3.1459,-3.6709,2.6771,8.7168,0,REST
1075,4.19921875,1.7397,-1.8867,4.8329,9.7729,0,REST
1076,4.203125,3.2962,-0.2115,6.495,12.2772,0,REST
1077,4.20703125,5.4941,3.4401,3.9466,10.946,0,REST
1078,4.2109375,2.5776,0.8218,3.2008,10.7669,0,REST
1079,4.21484375,5.1229,-1.2054,4.8128,10.0552,0,REST
1080,4.21875,2.4673,2.7681,4.7171,8.9457,0,REST
1081,4.22265625,8.8924,4.5939,-1.4315,6.2936,0,REST
1082,4.2265625,2.5687,2.8622,-3.2584,4.5937,0,REST
1083,4.23046875,5.8632,1.0848,-0.636,5.2006,0,REST
1084,4.234375,-1.4038,7.3903,-1.6354,0.2553,0,REST
1085,4.23828125,2.829,3.5989,1.3275,-9.2138,0,REST
1086,4.2421875,0.7053,1.8635,1.879,-10.5334,0,REST
1087,4.24609375,-3.1418,4.7326,-1.9096,-8.0254,0,REST
1088,4.25,-3.2972,3.5361,-5.2333,-8.0152,0,REST
1089,4.25390625,-0.957,-1.1016,-4.0357,-8.1362,0,REST
1090,4.2578125,-5.0665,6.174,-3.5028,-6.8257,0,REST
1091,4.26171875,-1.7314,5.4373,-0.4831,-5.9859,0,REST
1092,4.265625,-3.8461,7.0266,-0.0858,-8.8923,0,REST
1093,4.26953125,1.1501,4.3639,-3.626,-2.1566,0,REST
1094,4.2734375,0.7359,-0.1059,-0.7464,-1.8615,0,REST
1095,4.27734375,-1.7405,-4.4961,-3.7181,-0.4207,0,REST
1096,4.28125,-6.8399,-2.4166,-3.8184,4.1303,0,REST
1097,4.28515625,-8.8286,-4.6717,-4.137,1.5603,0,REST
1098,4.2890625,-5.388,0.0924,-0.9193,5.942,0,REST
1099,4.29296875,-5.0083,-7.4855,0.1201,8.846,0,REST
1100,4.296875,-0.8713,-7.1538,2.2568,10.073,0,REST
1101,4.30078125,-4.1102,-1.9098,1.0949,8.492,0,REST
1102,4.3046875,-2.4958,-4.1206,2.8583,4.3065,0,REST
1103,4.30859375,0.3727,-6.0296,4.8457,7.5035,0,REST
1104,4.3125,2.9418,-6.719,2.649,6.0328,0,REST
1105,4.31640625,-0.3527,-2.4441,5.6261,2.3773,0,REST
1106,4.3203125,2.3507,-2.81,3.3802,0.6072,0,REST
1107,4.32421875,4.9939,1.0154,5.727,2.7498,0,REST
1108,4.328125,4.1027,5.1237,2.871,1.3585,0,REST
1109,4.33203125,2.2931,2.9433,6.3357,-3.3055,0,REST
1110,4.3359375,4.8262,0.006,1.2311,-5.8686,0,REST
1111,4.33984375,8.2718,3.6073,5.381,-5.0824,0,REST
1112,4.34375,6.2916,5.5725,3.0101,-5.851,0,REST
1113,4.34765625,4.4074,9.3469,-0.6072,-2.6585,0,REST
1114,4.3515625,0.7267,9.2734,-3.3317,-5.7565,0,REST
1115,4.35546875,4.9948,7.7263,-1.6617,-3.0934,0,REST
1116,4.359375,-3.7413,3.3094,-6.8781,-4.9148,0,REST
1117,4.36328125,-2.311,4.0976,-7.0503,-4.9,0,REST
1118,4.3671875,-3.7928,2.8664,-9.212,0.5683,0,REST
1119,4.37109375,-5.0824,-1.3657,-9.6578,-1.2225,0,REST
1120,4.375,-8.4569,1.1733,-6.9733,-0.117,0,REST
1121,4.37890625,-8.4615,-2.0161,-9.9894,1.1996,0,REST
1122,4.3828125,-11.2731,-5.0111,-7.8789,2.1175,0,REST
1123,4.38671875,-7.978,-4.3569,-7.9312,2.4422,0,REST
1124,4.390625,-9.8782,-7.7582,-2.0933,6.3665,0,REST
1125,4.39453125,-8.2979,-6.2331,-1.0939,7.4493,0,REST
1126,4.3984375,-6.4215,-9.1477,5.019,2.8661,0,REST
1127,4.40234375,-5.2432,-6.8667,2.4484,5.8611,0,REST
1128,4.40625,2.5125,-7.9223,9.0758,2.3165,0,REST
1129,4.41015625,2.4104,-6.602,11.9073,2.4207,0,REST
1130,4.4140625,3.6049,-5.0103,13.6717,2.8893,0,REST
1131,4.41796875,8.6577,3.46,12.6494,5.2997,0,REST
1132,4.421875,5.821,-2.7053,13.8359,3.1522,0,REST
1133,4.42578125,10.7186,1.6439,10.0111,3.0777,0,REST
1134,4.4296875,14.1713,5.8947,10.358,4.1974,0,REST
1135,4.43359375,12.6011,5.9838,4.6314,0.3475,0,REST
1136,4.4375,12.1447,6.8695,6.772,1.3536,0,REST
1137,4.44140625,8.0713,8.3354,4.2576,-2.7499,0,REST
1138,4.4453125,8.4576,6.4133,-1.8644,1.4522,0,REST
1139,4.44921875,3.6309,10.6153,-2.7997,-2.3035,0,REST
1140,4.453125,0.1188,9.4289,-11.0845,-3.9521,0,REST
1141,4.45703125,-6.0947,4.4336,-12.3373,-2.5082,0,REST
1142,4.4609375,-8.9724,3.8312,-12.6406,-2.9123,0,REST
1143,4.46484375,-7.4663,0.8919,-10.5909,-4.8477,0,REST
1144,4.46875,-10.7045,1.7021,-15.6302,-5.632,0,REST
1145,4.47265625,-11.4134,-0.0838,-12.945,-3.8843,0,REST
1146,4.4765625,-12.6704,-5.7508,-12.9092,-4.9347,0,REST
1147,4.48046875,-13.1629,-7.3424,-4.9748,0.4441,0,REST
1148,4.484375,-15.9789,-10.4274,-4.27,0.5573,0,REST
1149,4.48828125,-8.5884,-11.6955,-1.2377,1.0271,0,REST
1150,4.4921875,-6.295,-13.4608,2.0986,3.2515,0,REST
1151,4.49609375,-3.5454,-10.7168,1.6352,2.9106,0,REST
1152,4.5,1.1153,-7.8209,5.29,4.8977,0,REST
1153,4.50390625,5.3612,-10.2088,9.572,7.203,0,REST
1154,4.5078125,7.7161,-7.1422,12.7211,9.8395,0,REST
1155,4.51171875,9.7845,-5.6149,16.1884,6.6023,0,REST
1156,4.515625,11.7195,1.6036,13.4182,7.3717,0,REST
1157,4.51953125,14.7108,3.7273,14.3124,10.1034,0,REST
1158,4.5234375,11.0913,5.4426,14.734,6.7598,0,REST
1159,4.52734375,10.9942,12.3502,4.7568,-1.7066,0,REST
1160,4.53125,10.4885,12.7725,3.7725,2.8592,0,REST
1161,4.53515625,6.978,14.5709,1.0006,-0.3477,0,REST
1162,4.5390625,6.7244,10.5514,-1.9787,-1.3439,0,REST
1163,4.54296875,1.0175,10.8728,-1.7896,-2.0445,0,REST
1164,4.546875,0.2708,8.3585,-4.7466,-10.8553,0,REST
1165,4.55078125,-0.4078,8.4168,-12.7781,-9.7187,0,REST
1166,4.5546875,-8.4486,8.4475,-10.3876,-11.0565,0,REST
1167,4.55859375,-8.743,-0.4494,-13.3121,-6.7466,0,REST
1168,4.5625,-15.5078,-2.0766,-12.391,-10.3668,0,REST
1169,4.56640625,-10.8329,-2.5404,-11.5006,-7.2098,0,REST
1170,4.5703125,-12.5442,-8.5337,-9.6375,-9.3926,0,REST
1171,4.57421875,-9.43,-10.5615,-5.6242,-2.3646,0,REST
1172,4.578125,-12.616,-12.1224,-5.6308,1.4758,0,REST
1173,4.58203125,-6.4385,-10.9948,-5.4262,2.8851,0,REST
1174,4.5859375,-4.5493,-12.8847,3.0056,2.2326,0,REST
1175,4.58984375,-0.8269,-15.9801,2.9305,10.0997,0,REST
1176,4.59375,-0.7285,-7.6052,-0.4803,4.549,0,REST
1177,4.59765625,1.5505,-10.0473,7.4238,8.3246,0,REST
1178,4.6015625,6.5891,-4.8425,8.5949,11.03,0,REST
1179,4.60546875,8.2,0.9243,11.7461,9.9738,0,REST
1180,4.609375,12.7154,1.2196,11.1822,9.558,0,REST
1181,4.61328125,8.6093,4.8022,7.7369,10.367,0,REST
1182,4.6171875,10.3651,9.6004,8.5902,2.3427,0,REST
1183,4.62109375,7.8414,11.2871,5.686,3.9713,0,REST
1184,4.625,12.9681,10.7184,6.0878,-4.3113,0,REST
1185,4.62890625,2.8733,14.913,0.9294,-6.349,0,REST
1186,4.6328125,5.5057,11.5927,0.0306,-7.4585,0,REST
1187,4.63671875,1.9265,13.1329,-2.1839,-7.7516,0,REST
1188,4.640625,0.9849,9.1294,-2.9292,-13.6451,0,REST
1189,4.64453125,-3.4687,9.2737,-4.6007,-15.0831,0,REST
1190,4.6484375,-4.5213,3.8861,-6.7221,-13.305,0,REST
1191,4.65234375,-6.682,6.0141,-9.7779,-12.2942,0,REST
1192,4.65625,-6.0629,-3.9031,-7.9667,-14.4669,0,REST
1193,4.66015625,-4.9706,-1.7344,-8.2936,-7.1285,0,REST
1194,4.6640625,-6.8177,-4.8388,-2.1976,-1.1618,0,REST
1195,4.66796875,-8.0393,-9.9756,-6.0048,-1.4717,0,REST
1196,4.671875,-4.2786,-10.2818,-3.3251,1.9431,0,REST
1197,4.67578125,-5.3585,-13.0514,-2.6095,4.0953,0,REST
1198,4.6796875,-3.7373,-12.1468,0.6257,9.6157,0,REST
1199,4.68359375,-2.2513,-12.4236,-0.8268,12.1487,0,REST
1200,4.6875,-1.5064,-11.0052,0.751,14.7579,0,REST
1201,4.69140625,1.4547,-6.5703,2.7883,10.4079,0,REST
1202,4.6953125,6.2396,-6.7148,2.9915,12.7758,0,REST
1203,4.69921875,3.8249,-3.8801,6.9351,10.4071,0,REST
1204,4.703125,5.4837,-0.5879,1.4786,10.0305,0,REST
1205,4.70703125,4.5021,6.4643,2.7248,5.9979,0,REST
1206,4.7109375,5.4736,7.9203,5.9224,1.7793,0,REST
1207,4.71484375,6.3761,7.0728,4.9521,-4.8913,0,REST
1208,4.71875,2.6176,10.6539,3.9222,-6.2581,0,REST
1209,4.72265625,5.9739,6.4286,0.2513,-6.7015,0,REST
1210,4.7265625,1.3253,13.2146,1.6583,-10.4663,0,REST
1211,4.73046875,6.8764,11.5198,0.7379,-9.8188,0,REST
1212,4.734375,1.7909,6.2267,1.9006,-10.7324,0,REST
1213,4.73828125,-2.671,9.1564,3.5982,-14.6772,0,REST
1214,4.7421875,-0.1198,4.7351,-1.3513,-13.8017,0,REST
1215,4.74609375,-0.2468,2.0656,-2.7874,-8.1609,0,REST
1216,4.75,-2.445,-4.3468,-0.2983,-6.2171,0,REST
1217,4.75390625,-0.2597,-6.787,-0.981,-4.2396,0,REST
1218,4.7578125,0.2634,-7.8818,0.353,-0.3197,0,REST
1219,4.76171875,-3.4132,-5.737,-1.0361,5.1293,0,REST
1220,4.765625,-1.3226,-11.6227,0.7499,7.1686,0,REST
1221,4.76953125,0.157,-8.8075,-3.9162,9.6258,0,REST
1222,4.7734375,2.8795,-12.9792,-2.9005,10.9871,0,REST
1223,4.77734375,-5.654,-8.499,-3.9167,11.1406,0,REST
1224,4.78125,-3.0825,-8.0263,-1.9958,10.8011,0,REST
1225,4.78515625,-0.3223,-9.4821,-6.9336,9.4864,0,REST
1226,4.7890625,-4.0467,-4.4926,-3.9097,10.5361,0,REST
1227,4.79296875,-2.2374,-0.1294,-2.1874,5.7412,0,REST
1228,4.796875,-4.003,-0.8056,-3.3815,6.2903,0,REST
1229,4.80078125,-2.8684,3.3317,-4.9281,4.3197,0,REST
1230,4.8046875,-1.6128,5.5628,-1.3645,2.1778,0,REST
1231,4.80859375,-0.2046,9.6722,-0.1061,-6.9077,0,REST
1232,4.8125,-0.6384,6.2442,-0.8114,-8.418,0,REST
1233,4.81640625,1.9658,10.0496,0.3651,-11.7774,0,REST
1234,4.8203125,3.5882,6.1828,4.3759,-11.7172,0,REST
1235,4.82421875,6.3404,14.1906,6.6092,-4.063,0,REST
1236,4.828125,3.4885,5.7546,6.903,-11.4763,0,REST
1237,4.83203125,8.8001,7.592,6.7222,-10.2381,0,REST
1238,4.8359375,9.9026,4.2712,7.7619,-10.7922,0,REST
1239,4.83984375,7.1053,2.3954,4.985,-5.5931,0,REST
1240,4.84375,10.8037,-2.5048,3.4203,-1.7893,0,REST
1241,4.84765625,2.931,-3.8367,1.3808,1.4074,0,REST
1242,4.8515625,1.0512,-4.9257,2.0714,-1.8467,0,REST
1243,4.85546875,2.29,-4.655,-0.85,2.7938,0,REST
1244,4.859375,-1.2964,-7.2277,-1.041,7.0644,0,REST
1245,4.86328125,-2.4247,-5.5849,-4.7305,8.4984,0,REST
1246,4.8671875,-3.842,-5.4818,-4.6684,10.0181,0,REST
1247,4.87109375,-5.2691,-7.6678,-8.1557,6.3717,0,REST
1248,4.875,-4.0829,-5.3724,-8.6906,8.9735,0,REST
1249,4.87890625,-9.9728,-4.3527,-14.141,5.3651,0,REST
1250,4.8828125,-12.7221,-4.5642,-8.9021,2.7161,0,REST
1251,4.88671875,-10.0543,-4.1956,-10.1062,3.1237,0,REST
1252,4.890625,-6.0935,0.9376,-10.3533,2.9947,0,REST
1253,4.89453125,-6.5436,1.2238,-7.5695,2.3424,0,REST
1254,4.8984375,-3.4168,3.1698,-1.7643,-5.4638,0,REST
1255,4.90234375,-0.5393,2.1408,-0.5231,-4.4992,0,REST
1256,4.90625,-1.9191,3.3703,0.3068,-4.7571,0,REST
1257,4.91015625,1.9568,4.2109,0.5213,-6.4837,0,REST
1258,4.9140625,3.643,6.8603,5.7605,-4.7947,0,REST
1259,4.91796875,5.7994,3.4315,9.4299,-5.4838,0,REST
1260,4.921875,11.1818,3.953,7.2777,-5.773,0,REST
1261,4.92578125,11.9241,2.9496,9.5359,-3.7318,0,REST
1262,4.9296875,16.078,0.8061,11.6997,-4.4956,0,REST
1263,4.93359375,12.6229,0.5012,13.0417,-1.9497,0,REST
1264,4.9375,8.5201,-0.7553,13.9693,-0.3662,0,REST
1265,4.94140625,7.2719,2.5187,10.4078,0.2249,0,REST
1266,4.9453125,11.2995,1.8031,8.5477,2.009,0,REST
1267,4.94921875,2.7704,0.9051,1.7915,0.3031,0,REST
1268,4.953125,1.9531,-3.6423,-1.6272,-0.0464,0,REST
1269,4.95703125,-1.315,-2.7043,-3.0396,1.3622,0,REST
1270,4.9609375,-6.3413,-4.6476,-3.6949,3.9924,0,REST
1271,4.96484375,-8.2183,-2.3325,-9.7335,-1.6501,0,REST
1272,4.96875,-12.6314,-0.9689,-13.9803,7.9048,0,REST
1273,4.97265625,-14.1161,-4.0349,-11.0263,1.5746,0,REST
1274,4.9765625,-12.1645,-1.9773,-12.6222,-0.7377,0,REST
1275,4.98046875,-10.1581,-5.5803,-11.9575,1.9525,0,REST
1276,4.984375,-13.9065,-7.3607,-9.5822,6.5424,0,REST
1277,4.98828125,-9.6883,-0.7265,-8.7679,0.4485,0,REST
1278,4.9921875,-6.3677,1.0049,-6.1539,-1.652,0,REST
1279,4.99609375,-4.5533,0.7174,-3.4922,-0.1093,0,REST
1280,5.0,-0.5204,-2.2809,-0.1621,2.2961,0,REST
1281,5.00390625,5.018,2.7939,4.7878,1.6491,0,REST
1282,5.0078125,8.3269,1.9219,7.3738,-3.8355,0,REST
1283,5.01171875,8.1804,-0.5592,9.8145,-1.4659,0,REST
1284,5.015625,10.4801,0.0251,10.052,-0.0998,0,REST
1285,5.01953125,11.885,4.9595,12.5566,-2.5886,0,REST
1286,5.0234375,13.5,1.649,8.9484,-6.3693,0,REST
1287,5.02734375,14.963,7.2506,13.0698,-5.1837,0,REST
1288,5.03125,9.1639,4.1086,6.4087,0.3517,0,REST
1289,5.03515625,9.8832,4.1873,11.5811,1.1875,0,REST
1290,5.0390625,6.9086,0.2777,7.779,-1.5035,0,REST
1291,5.04296875,2.1033,4.2461,1.9981,-1.5421,0,REST
1292,5.046875,0.9235,2.6442,0.8014,-4.5888,0,REST
1293,5.05078125,-3.4109,3.7235,-6.5886,-0.6833,0,REST
1294,5.0546875,-6.7409,3.8232,-5.2799,-2.3926,0,REST
1295,5.05859375,-8.8093,-1.1124,-7.1852,0.1173,0,REST
1296,5.0625,-9.0889,2.6931,-13.237,5.3129,0,REST
1297,5.06640625,-11.0056,-2.4893,-8.3521,6.2108,0,REST
1298,5.0703125,-8.9574,-3.4324,-10.6136,2.2172,0,REST
1299,5.07421875,-9.1749,-5.3405,-8.8096,4.4186,0,REST
1300,5.078125,-10.0228,-5.8583,-12.8564,4.839,0,REST
1301,5.08203125,-7.494,-4.5705,-7.6957,3.1545,0,REST
1302,5.0859375,-4.5945,-6.5292,-8.0596,5.9187,0,REST
1303,5.08984375,-3.1048,-5.3515,-4.2862,8.3466,0,REST
1304,5.09375,1.4793,-3.524,-2.4597,8.3657,0,REST
1305,5.09765625,0.2909,-3.603,1.8599,0.7148,0,REST
1306,5.1015625,6.6527,-2.9868,5.509,3.1698,0,REST
1307,5.10546875,7.5472,-2.0677,5.3458,1.7851,0,REST
1308,5.109375,11.0146,-0.4038,8.6091,-2.5307,0,REST
1309,5.11328125,11.0231,-0.4507,10.0092,-6.8597,0,REST
1310,5.1171875,13.2034,1.8106,10.9341,-4.106,0,REST
1311,5.12109375,8.9175,6.2709,10.8456,-10.638,0,REST
1312,5.125,9.9396,6.9439,10.9602,-6.8623,0,REST
1313,5.12890625,7.1134,6.8269,8.0604,-6.9656,0,REST
1314,5.1328125,3.5897,7.8956,5.623,-10.1446,0,REST
1315,5.13671875,4.874,6.1855,2.6776,-7.1043,0,REST
1316,5.140625,-1.6969,6.5023,0.4444,-7.046,0,REST
1317,5.14453125,0.2583,4.2653,0.1437,-2.4237,0,REST
1318,5.1484375,-2.9863,6.327,-1.2186,-1.5194,0,REST
1319,5.15234375,-7.7619,0.8049,-6.0047,-2.235,0,REST
1320,5.15625,-3.7388,0.4118,-7.324,4.3522,0,REST
1321,5.16015625,-6.4784,-2.8089,-5.3158,7.9732,0,REST
1322,5.1640625,-4.1747,-5.8048,-6.9785,7.4677,0,REST
1323,5.16796875,-5.6336,-6.2353,-9.1431,11.5404,0,REST
1324,5.171875,-7.2967,-6.9196,-5.3533,10.4234,0,REST
1325,5.17578125,-7.7519,-5.8434,-4.6449,10.541,0,REST
1326,5.1796875,-5.8521,-9.7086,-4.9829,8.0733,0,REST
1327,5.18359375,0.2345,-8.7519,-5.2595,5.6377,0,REST
1328,5.1875,-2.6709,-7.5386,-1.663,6.8513,0,REST
1329,5.19140625,1.6026,-6.3055,-1.1576,4.5921,0,REST
1330,5.1953125,1.0801,-2.4581,0.2267,1.6591,0,REST
1331,5.19921875,4.4224,-6.584,0.86,-5.1292,0,REST
1332,5.203125,2.1581,-2.4144,1.4541,-8.4909,0,REST
1333,5.20703125,2.3579,2.108,3.5697,-11.0868,0,REST
1334,5.2109375,3.3784,5.0416,3.2445,-13.8701,0,REST
1335,5.21484375,8.1361,5.9172,1.8773,-13.7296,0,REST
1336,5.21875,6.2085,7.4959,1.4222,-15.8057,0,REST
1337,5.22265625,1.7274,5.5832,1.5372,-10.2706,0,REST
1338,5.2265625,2.3472,13.3713,3.0988,-10.7784,0,REST
1339,5.23046875,6.9293,9.1877,4.5171,-9.6369,0,REST
1340,5.234375,4.2617,6.4107,1.5467,-6.8376,0,REST
1341,5.23828125,3.4472,7.7123,4.6814,-2.7228,0,REST
1342,5.2421875,-0.8292,7.198,1.0333,0.6336,0,REST
1343,5.24609375,-2.6739,6.7923,-0.6376,6.9111,0,REST
1344,5.25,0.0431,1.2831,-0.6017,7.9376,0,REST
1345,5.25390625,0.132,-1.9295,-2.3347,11.4457,0,REST
1346,5.2578125,-2.5747,-7.4454,-0.2883,11.9144,0,REST
1347,5.26171875,-1.3935,-7.8093,-1.3738,10.3,0,REST
1348,5.265625,-1.744,-11.4585,-1.9876,12.8579,0,REST
1349,5.26953125,-1.1167,-7.6257,0.6327,11.1445,0,REST
1350,5.2734375,-4.4067,-11.2917,-1.7939,10.3931,0,REST
1351,5.27734375,-4.4042,-12.291,-5.2337,6.8716,0,REST
1352,5.28125,-7.1398,-12.3723,-1.9629,5.0422,0,REST
1353,5.28515625,-5.3325,-10.8292,-2.7638,2.1416,0,REST
1354,5.2890625,-4.9281,-8.158,-2.9295,-9.6748,0,REST
1355,5.29296875,-4.3876,-7.924,-4.7719,-8.1657,0,REST
1356,5.296875,-3.3693,-0.2564,-5.244,-10.1117,0,REST
1357,5.30078125,-2.1697,4.09,-5.1381,-11.8204,0,REST
1358,5.3046875,-1.2852,2.4328,-2.7005,-12.0446,0,REST
1359,5.30859375,-1.5339,5.9241,-6.3365,-14.4394,0,REST
1360,5.3125,-2.6295,11.7565,-2.7834,-12.2552,0,REST
1361,5.31640625,4.3636,12.7526,-0.7803,-11.1381,0,REST
1362,5.3203125,2.9301,10.9269,1.7657,-12.4154,0,REST
1363,5.32421875,0.0264,13.61,2.8662,-6.671,0,REST
1364,5.328125,9.2533,8.2074,8.1974,-2.3629,0,REST
1365,5.33203125,8.6466,7.1724,9.3767,1.9045,0,REST
1366,5.3359375,7.3433,6.1792,3.5544,4.7201,0,REST
1367,5.33984375,6.3727,4.3728,9.4372,3.9602,0,REST
1368,5.34375,3.5089,4.2816,7.0115,11.9895,0,REST
1369,5.34765625,5.8424,-2.1302,6.7504,13.829,0,REST
1370,5.3515625,2.7362,-6.0804,3.1416,13.5016,0,REST
1371,5.35546875,1.0628,-12.698,6.761,13.5683,0,REST
1372,5.359375,0.0186,-10.7105,2.2038,11.2495,0,REST
1373,5.36328125,-6.5902,-8.0594,1.767,8.6741,0,REST
1374,5.3671875,-3.2812,-15.1733,-0.7429,6.7913,0,REST
1375,5.37109375,-5.1102,-13.2318,-4.9746,4.4442,0,REST
1376,5.375,-7.6563,-11.2616,-7.486,0.1338,0,REST
1377,5.37890625,-8.6763,-10.5922,-3.9895,-2.48,0,REST
1378,5.3828125,-13.28,-5.2107,-8.0382,-8.3469,0,REST
1379,5.38671875,-10.7856,-3.0945,-12.4218,-9.6033,0,REST
1380,5.390625,-7.0765,-4.3238,-9.1938,-7.9355,0,REST
1381,5.39453125,-10.361,2.9742,-8.3817,-12.9693,0,REST
1382,5.3984375,-2.5924,7.9049,-9.5746,-9.9696,0,REST
1383,5.40234375,-2.6761,9.1404,-6.8505,-9.6872,0,REST
1384,5.40625,0.8377,12.0509,-6.2089,-10.5552,0,REST
1385,5.41015625,0.7981,9.9695,-0.9557,-8.1718,0,REST
1386,5.4140625,2.7884,13.5506,-1.166,-6.5565,0,REST
1387,5.41796875,5.3254,10.3067,0.7225,-3.5248,0,REST
1388,5.421875,8.8576,9.3269,3.774,2.2048,0,REST
1389,5.42578125,13.0646,8.9201,6.2661,0.5588,0,REST
1390,5.4296875,11.3107,3.713,10.4461,4.535,0,REST
1391,5.43359375,12.6012,5.5167,9.217,7.1889,0,REST
1392,5.4375,10.0382,0.7166,11.512,10.5151,0,REST
1393,5.44140625,8.7408,-3.8567,12.106,5.9897,0,REST
1394,5.4453125,6.6871,-8.2362,10.8357,10.8602,0,REST
1395,5.44921875,4.0717,-8.6586,8.0234,6.8844,0,REST
1396,5.453125,2.6028,-9.9732,6.5363,8.487,0,REST
1397,5.45703125,-7.0292,-11.8431,-0.1548,8.2677,0,REST
1398,5.4609375,-5.6786,-11.903,1.3616,4.7778,0,REST
1399,5.46484375,-11.1491,-14.1797,-0.2683,1.1698,0,REST
1400,5.46875,-14.004,-9.9591,-6.025,-1.5067,0,REST
1401,5.47265625,-14.3759,-7.953,-8.2939,-5.5363,0,REST
1402,5.4765625,-12.6025,-7.19,-10.8358,-6.1485,0,REST
1403,5.48046875,-12.7129,-3.1782,-11.2115,-6.1336,0,REST
1404,5.484375,-9.127,-2.8846,-13.5916,-5.6352,0,REST
1405,5.48828125,-9.9207,3.1314,-15.401,-7.4728,0,REST
1406,5.4921875,-4.4277,5.8802,-13.9799,-2.7684,0,REST
1407,5.49609375,-4.9706,10.3356,-11.1119,-5.9852,0,REST
1408,5.5,0.7846,13.7767,-7.4491,-5.9812,0,REST
1409,5.50390625,1.8174,11.3141,-2.95,-6.0218,0,REST
1410,5.5078125,6.698,11.5479,1.939,-2.2366,0,REST
1411,5.51171875,9.3247,12.6126,0.2325,-0.9555,0,REST
1412,5.515625,10.3552,10.4816,5.1788,-0.2943,0,REST
1413,5.51953125,13.8942,7.7438,2.4663,4.757,0,REST
1414,5.5234375,11.7808,8.0345,10.7908,2.074,0,REST
1415,5.52734375,13.756,8.1457,11.938,3.7615,0,REST
1416,5.53125,10.8689,4.0956,9.0451,2.3055,0,REST
1417,5.53515625,9.7771,-0.5936,8.7773,5.1383,0,REST
1418,5.5390625,6.4533,-6.2302,13.4457,1.3543,0,REST
1419,5.54296875,1.4222,-4.8806,11.5849,-0.2947,0,REST
1420,5.546875,1.9198,-10.4691,5.3422,2.7486,0,REST
1421,5.55078125,-5.064,-7.5925,2.9909,2.8101,0,REST
1422,5.5546875,-8.2884,-9.2394,0.4365,4.4537,0,REST
1423,5.55859375,-8.9812,-11.7135,0.3383,0.2917,0,REST
1424,5.5625,-8.6,-10.9244,-1.5095,-0.2544,0,REST
1425,5.56640625,-13.6793,-9.2575,-6.8699,-0.8446,0,REST
1426,5.5703125,-8.485,-4.0288,-8.3151,0.4196,0,REST
1427,5.57421875,-10.7714,-4.5585,-6.9037,-0.4524,0,REST
1428,5.578125,-13.6555,0.3139,-15.7664,0.5515,0,REST
1429,5.58203125,-6.7501,-2.0446,-11.6906,1.5926,0,REST
1430,5.5859375,-5.1848,2.038,-9.9156,-0.4378,0,REST
1431,5.58984375,-4.6607,10.5826,-10.2595,-0.5087,0,REST
1432,5.59375,-2.5343,9.6281,-5.4025,-6.3852,0,REST
1433,5.59765625,3.2894,8.1953,-7.449,-5.8174,0,REST
1434,5.6015625,4.6919,10.4556,-3.9706,-0.6727,0,REST
1435,5.60546875,9.6235,8.6686,-1.0065,-3.6493,0,REST
1436,5.609375,8.2352,8.0981,3.33,-1.059,0,REST
1437,5.61328125,10.2678,8.0201,6.0835,-4.4003,0,REST
1438,5.6171875,10.8427,7.5321,8.1102,-0.2661,0,REST
1439,5.62109375,5.3792,3.8498,6.1872,3.4427,0,REST
1440,5.625,9.2485,2.1063,5.9795,-2.0564,0,REST
1441,5.62890625,6.9354,-0.7723,7.6193,-0.328,0,REST
1442,5.6328125,2.5919,-3.273,8.2826,1.3654,0,REST
1443,5.63671875,-0.4227,-1.5983,8.5005,-1.5318,0,REST
1444,5.640625,0.4311,-4.4638,3.1984,6.9622,0,REST
1445,5.64453125,-2.8033,-5.8057,4.5431,3.2988,0,REST
1446,5.6484375,-7.6343,-3.3065,3.8192,4.7838,0,REST
1447,5.65234375,-4.7864,-6.3453,-0.4496,4.6651,0,REST
1448,5.65625,-7.9842,-6.4607,-0.1624,8.687,0,REST
1449,5.66015625,-8.4363,-7.2597,-0.3,6.9707,0,REST
1450,5.6640625,-6.1642,-5.8523,-7.0853,6.0827,0,REST
1451,5.66796875,-8.9493,-3.5638,-7.2806,-0.2455,0,REST
1452,5.671875,-6.8478,-2.9416,-6.0525,0.2993,0,REST
1453,5.67578125,-3.2618,-0.0632,-8.0141,-1.1202,0,REST
1454,5.6796875,-1.2832,1.7324,-6.1343,-4.193,0,REST
1455,5.68359375,-0.405,1.5794,-5.7112,-2.569,0,REST
1456,5.6875,-1.6879,4.6412,-7.4163,-4.6296,0,REST
1457,5.69140625,3.5263,0.5116,-4.242,-7.9135,0,REST
1458,5.6953125,0.2303,1.757,-3.7418,-6.9977,0,REST
1459,5.69921875,3.017,3.4994,-2.7561,-7.6571,0,REST
1460,5.703125,2.6462,3.8998,-1.2663,-5.5578,0,REST
1461,5.70703125,4.1997,3.4377,4.3119,-5.3563,0,REST
1462,5.7109375,6.6213,2.4298,-0.1449,-5.7827,0,REST
1463,5.71484375,3.2331,5.5754,-0.6819,-1.201,0,REST
1464,5.71875,1.3446,0.9866,1.3263,-5.0233,0,REST
1465,5.72265625,5.7969,-1.2676,5.3134,-0.616,0,REST
1466,5.7265625,3.4859,-0.1827,6.9371,4.4073,0,REST
1467,5.73046875,-0.0171,-4.0454,9.5308,1.293,0,REST
1468,5.734375,1.2746,-1.5276,2.6257,11.2863,0,REST
1469,5.73828125,1.9164,0.2708,4.0075,6.1381,0,REST
1470,5.7421875,0.5618,-0.773,4.1141,8.5143,0,REST
1471,5.74609375,3.7935,-5.006,2.1605,11.7783,0,REST
1472,5.75,0.2897,-1.6914,2.0738,7.7812,0,REST
1473,5.75390625,2.4336,-3.1108,3.5932,4.6195,0,REST
1474,5.7578125,0.0708,-0.0587,0.7228,4.8629,0,REST
1475,5.76171875,-4.4181,-3.1625,-4.268,2.2285,0,REST
1476,5.765625,-0.7796,0.9809,5.2901,3.6143,0,REST
1477,5.76953125,-3.6,-0.5107,1.9805,-1.4167,0,REST
1478,5.7734375,-1.9353,-1.7478,-3.0389,-5.9305,0,REST
1479,5.77734375,-5.4386,-2.2513,-0.4565,-7.6954,0,REST
1480,5.78125,-3.7219,-2.9879,-2.0471,-11.3876,0,REST
1481,5.78515625,-5.1296,3.007,-2.849,-8.4731,0,REST
1482,5.7890625,-4.024,2.6251,-6.8025,-10.0232,0,REST
1483,5.79296875,-3.0183,-0.8966,-3.0925,-13.7408,0,REST
1484,5.796875,-2.7664,4.1023,-4.087,-11.6575,0,REST
1485,5.80078125,-2.0321,0.2608,-4.4323,-7.6392,0,REST
1486,5.8046875,-3.3958,4.3524,-0.4889,-9.6825,0,REST
1487,5.80859375,-2.4084,1.1102,-5.1127,-5.1367,0,REST
1488,5.8125,-2.0958,-0.3543,-4.2813,2.2301,0,REST
1489,5.81640625,2.2185,5.5615,-5.2926,0.4739,0,REST
1490,5.8203125,4.8866,2.6195,-4.5424,6.4332,0,REST
1491,5.82421875,7.1836,-0.0241,-4.178,9.4569,0,REST
1492,5.828125,4.9368,4.4195,0.2361,11.2577,0,REST
1493,5.83203125,8.7859,0.4653,1.496,8.555,0,REST
1494,5.8359375,4.4869,3.1981,3.3556,12.4286,0,REST
1495,5.83984375,7.9251,-2.2725,3.3287,15.3758,0,REST
1496,5.84375,6.9045,-1.411,10.5302,11.7166,0,REST
1497,5.84765625,3.7925,-0.6526,8.1325,12.0224,0,REST
1498,5.8515625,2.6347,1.6058,7.0179,9.0524,0,REST
1499,5.85546875,2.1034,-5.1866,8.1576,0.025,0,REST
1500,5.859375,3.3671,-4.0694,7.1457,-0.3987,0,REST
1501,5.86328125,-0.1147,-2.7886,8.2236,-3.2485,0,REST
1502,5.8671875,-6.5107,-3.995,6.5318,-4.3986,0,REST
1503,5.87109375,-8.3298,-6.7731,0.5996,-11.6759,0,REST
1504,5.875,-9.8263,-5.6661,4.4943,-9.4451,0,REST
1505,5.87890625,-7.9262,-5.5232,-0.0235,-16.0141,0,REST
1506,5.8828125,-9.1016,-5.5664,-2.4017,-12.1954,0,REST
1507,5.88671875,-7.7069,-2.4244,-8.5635,-11.6609,0,REST
1508,5.890625,-8.8551,-4.7645,-7.0107,-13.4375,0,REST
1509,5.89453125,-5.4659,1.074,-9.5935,-5.1726,0,REST
1510,5.8984375,-8.3786,2.7324,-8.2003,-3.7291,0,REST
1511,5.90234375,-0.8212,3.9208,-10.7029,-1.3691,0,REST
1512,5.90625,0.0099,6.9623,-13.6303,3.4692,0,REST
1513,5.91015625,4.6734,3.9855,-10.8799,6.8246,0,REST
1514,5.9140625,6.9767,9.3665,-6.6096,6.4235,0,REST
1515,5.91796875,9.6773,6.6909,-5.1745,11.2891,0,REST
1516,5.921875,9.1254,5.4502,-2.5529,11.4309,0,REST
1517,5.92578125,9.3026,8.0792,2.5006,14.7775,0,REST
1518,5.9296875,11.642,3.9869,5.7437,16.4211,0,REST
1519,5.93359375,14.3548,2.8676,8.9661,8.525,0,REST
1520,5.9375,12.7759,4.5023,9.364,8.6415,0,REST
1521,5.94140625,7.3357,-1.7806,12.4956,7.7521,0,REST
1522,5.9453125,8.5498,-0.6109,12.6832,2.2084,0,REST
1523,5.94921875,3.1274,-2.9717,10.9037,1.1912,0,REST
1524,5.953125,-1.4455,-5.8065,14.5656,-1.937,0,REST
1525,5.95703125,0.1901,-7.2436,12.5319,-1.1752,0,REST
1526,5.9609375,-4.892,-7.7151,7.4887,-8.845,0,REST
1527,5.96484375,-8.5994,-9.6531,9.3906,-8.7572,0,REST
1528,5.96875,-12.6793,-8.2455,-0.0168,-15.8456,0,REST
1529,5.97265625,-12.823,-6.4119,0.5088,-9.7855,0,REST
1530,5.9765625,-12.4603,-8.2602,-5.8738,-17.0986,0,REST
1531,5.98046875,-11.2695,-6.4702,-6.3557,-6.1573,0,REST
1532,5.984375,-13.1275,-4.3558,-5.3821,-8.6072,0,REST
1533,5.98828125,-10.3582,0.2389,-8.5828,-4.4499,0,REST
1534,5.9921875,-4.849,-2.5518,-10.6849,-4.8824,0,REST
1535,5.99609375,-4.1827,5.5485,-12.7485,0.1229,0,REST
1536,6.0,0.6095,6.7923,-9.921,3.1575,0,REST
1537,6.00390625,2.0975,11.9415,-11.639,9.4396,0,REST
1538,6.0078125,8.7888,8.0567,-5.6387,5.9816,0,REST
1539,6.01171875,6.5207,13.3539,-6.7265,9.1988,0,REST
1540,6.015625,11.7211,12.3618,-3.1892,9.9574,0,REST
1541,6.01953125,11.5585,9.3066,2.2963,8.5854,0,REST
1542,6.0234375,14.8411,9.1313,0.8175,9.2635,0,REST
1543,6.02734375,11.6207,4.6145,7.8271,10.1928,0,REST
1544,6.03125,11.1458,0.7579,12.6468,1.0435,0,REST
1545,6.03515625,8.7979,-1.7183,11.6598,-1.5605,0,REST
1546,6.0390625,4.691,-1.2644,12.2339,1.627,0,REST
1547,6.04296875,2.3458,-6.0073,14.6748,-0.3154,0,REST
1548,6.046875,1.3729,-8.0129,10.8878,-1.0008,0,REST
1549,6.05078125,-4.3378,-10.9141,12.2443,-8.3569,0,REST
1550,6.0546875,-3.6182,-11.3171,8.1746,-5.323,0,REST
1551,6.05859375,-11.1763,-12.8047,9.1822,-8.8054,0,REST
1552,6.0625,-5.3369,-13.6862,5.1428,-13.6274,0,REST
1553,6.06640625,-9.9645,-7.9814,2.9896,-9.6276,0,REST
1554,6.0703125,-10.8233,-8.217,-3.7952,-3.5976,0,REST
1555,6.07421875,-8.7158,-6.3714,-3.1246,-1.879,0,REST
1556,6.078125,-10.3953,-1.7908,-9.0618,-3.6584,0,REST
1557,6.08203125,-6.7146,-0.5894,-10.1482,-0.2785,0,REST
1558,6.0859375,-6.1262,-0.2801,-7.7137,-3.2192,0,REST
1559,6.08984375,-1.4097,4.7589,-14.7063,0.2292,0,REST
1560,6.09375,-0.9908,10.7107,-10.4977,3.5877,0,REST
1561,6.09765625,3.4232,12.1136,-7.7507,4.2112,0,REST
1562,6.1015625,7.7112,10.1196,-7.9804,5.7359,0,REST
1563,6.10546875,6.5541,14.5292,-7.1805,5.1694,0,REST
1564,6.109375,7.2155,11.7737,-0.5554,3.8311,0,REST
1565,6.11328125,9.3719,10.2833,-1.0528,4.4307,0,REST
1566,6.1171875,7.7805,12.7366,2.3495,2.6474,0,REST
1567,6.12109375,7.7032,5.6966,7.5607,3.7054,0,REST
1568,6.125,7.4205,0.2507,5.7847,2.8586,0,REST
1569,6.12890625,9.1548,-3.3084,4.2862,-0.9261,0,REST
1570,6.1328125,2.4827,-0.9006,8.9334,-2.9462,0,REST
1571,6.13671875,2.6351,-10.6006,8.3987,1.3359,0,REST
1572,6.140625,2.5215,-6.9753,8.3111,-3.6073,0,REST
1573,6.14453125,-2.1715,-12.5936,9.9332,-2.7674,0,REST
1574,6.1484375,-5.7025,-13.5348,6.7686,-1.5857,0,REST
1575,6.15234375,-4.9118,-10.1835,5.5083,-3.6244,0,REST
1576,6.15625,-7.1537,-8.2486,3.0907,-1.0136,0,REST
1577,6.16015625,-6.2637,-11.23,-0.0481,-4.5307,0,REST
1578,6.1640625,-5.7088,-7.688,-4.6785,-3.8259,0,REST
1579,6.16796875,-8.5759,-4.9362,-5.1253,-3.6763,0,REST
1580,6.171875,-7.4603,-5.0276,-4.2268,-4.5589,0,REST
1581,6.17578125,-0.8367,2.9602,-6.2612,-0.7702,0,REST
1582,6.1796875,-3.679,1.82,-7.6257,-0.036,0,REST
1583,6.18359375,-1.8101,5.782,-7.3678,-2.3719,0,REST
1584,6.1875,-1.9151,10.1692,-4.9006,0.1501,0,REST
1585,6.19140625,3.4537,10.3446,-5.9521,0.2401,0,REST
1586,6.1953125,2.0525,16.3459,-1.2172,-1.7405,0,REST
1587,6.19921875,4.137,17.098,-7.0124,-0.0737,0,REST
1588,6.203125,3.1836,10.4855,1.3707,2.1436,0,REST
1589,6.20703125,3.4487,12.0121,2.1599,4.0644,0,REST
1590,6.2109375,5.1804,4.8874,0.8305,4.9858,0,REST
1591,6.21484375,8.8621,6.1123,-0.1607,-0.0722,0,REST
1592,6.21875,3.0777,3.1946,0.0928,2.6923,0,REST
1593,6.22265625,2.9916,-1.2174,1.4419,5.0642,0,REST
1594,6.2265625,2.1119,-2.4706,1.5036,3.5714,0,REST
1595,6.23046875,2.3735,-6.5482,1.1146,1.5112,0,REST
1596,6.234375,0.9636,-10.9717,-0.2173,5.4032,0,REST
1597,6.23828125,3.5124,-9.9184,2.2325,4.2039,0,REST
1598,6.2421875,1.7025,-9.3999,4.1641,1.2175,0,REST
1599,6.24609375,0.5739,-13.0565,0.0425,-0.7123,0,REST
1600,6.25,0.5401,-10.3402,1.19,-0.1329,0,REST
1601,6.25390625,2.8032,-10.9187,6.4016,-2.7944,0,REST
1602,6.2578125,1.8433,-5.8275,5.2512,-7.0041,0,REST
1603,6.26171875,-1.3494,-6.2012,4.8619,-8.0489,0,REST
1604,6.265625,2.7726,-4.0503,-0.616,-5.1289,0,REST
1605,6.26953125,-2.1742,-0.6002,6.7444,-8.6561,0,REST
1606,6.2734375,-0.5893,5.8376,2.7894,-6.2999,0,REST
1607,6.27734375,-5.5325,3.6027,0.4405,-5.9766,0,REST
1608,6.28125,-4.5701,8.4961,-0.7175,-5.257,0,REST
1609,6.28515625,-1.9942,10.0034,0.7658,-8.1327,0,REST
1610,6.2890625,-3.8205,9.97,-0.7309,-3.2975,0,REST
1611,6.29296875,-1.7199,10.4512,-4.3798,-1.0796,0,REST
1612,6.296875,-0.8626,12.8458,-3.1364,-1.2517,0,REST
1613,6.30078125,-1.1019,8.9819,-7.0366,3.315,0,REST
1614,6.3046875,0.3321,8.2363,-3.7815,5.3454,0,REST
1615,6.30859375,-0.4717,3.8998,-4.8871,6.5473,0,REST
1616,6.3125,-0.072,1.9638,-6.9058,7.4114,0,REST
1617,6.31640625,3.3246,-0.5736,-4.8747,7.7722,0,REST
1618,6.3203125,5.1191,-3.1526,-4.2468,8.1171,0,REST
1619,6.32421875,7.9566,-7.363,-1.4307,4.7697,0,REST
1620,6.328125,7.608,-10.4059,-4.2296,9.0365,0,REST
1621,6.33203125,7.5706,-6.6943,2.5792,4.5935,0,REST
1622,6.3359375,6.7016,-10.17,-2.975,2.8786,0,REST
1623,6.33984375,4.8085,-10.0571,-0.7401,0.198,0,REST
1624,6.34375,10.2599,-6.8914,7.9587,-4.1966,0,REST
1625,6.34765625,4.9573,-9.2361,4.157,-4.2209,0,REST
1626,6.3515625,3.1475,-6.6726,8.26,-5.5863,0,REST
1627,6.35546875,2.864,-5.4795,7.1676,-7.4797,0,REST
1628,6.359375,2.3783,-3.0906,9.1082,-10.4262,0,REST
1629,6.36328125,-4.7661,2.139,8.3605,-12.6692,0,REST
1630,6.3671875,-2.0953,0.8165,11.0921,-12.9643,0,REST
1631,6.37109375,-5.3529,2.2997,7.4287,-12.7208,0,REST
1632,6.375,-9.6476,6.5955,4.537,-7.0781,0,REST
1633,6.37890625,-6.1516,6.645,5.1967,-6.5978,0,REST
1634,6.3828125,-6.6724,7.3744,1.7339,0.7008,0,REST
1635,6.38671875,-13.5045,8.7818,3.5831,-0.681,0,REST
1636,6.390625,-7.7769,10.1335,-8.8499,5.5308,0,REST
1637,6.39453125,-6.2873,6.2223,-3.0534,5.8133,0,REST
1638,6.3984375,-4.4694,7.5028,-5.8599,7.4271,0,REST
1639,6.40234375,-4.2795,2.2618,-12.781,10.4383,0,REST
1640,6.40625,-0.829,2.985,-8.382,12.7549,0,REST
1641,6.41015625,1.2137,-2.4067,-12.1611,8.2735,0,REST
1642,6.4140625,8.2996,-1.2531,-12.9559,13.3174,0,REST
1643,6.41796875,7.4538,-0.2894,-6.1511,8.593,0,REST
1644,6.421875,13.3526,-3.3068,-6.2606,9.5211,0,REST
1645,6.42578125,11.1482,-4.165,-4.2534,4.5703,0,REST
1646,6.4296875,13.1529,-3.4173,-4.3119,-0.0955,0,REST
1647,6.43359375,11.265,-6.3447,-0.5191,-0.8144,0,REST
1648,6.4375,10.4699,-5.2522,5.4185,-8.5215,0,REST
1649,6.44140625,9.8279,-5.2644,3.5937,-10.6714,0,REST
1650,6.4453125,8.5312,-4.9291,8.2226,-11.7634,0,REST
1651,6.44921875,1.3615,-6.2599,11.7716,-10.3369,0,REST
1652,6.453125,1.0165,1.6623,10.885,-11.5049,0,REST
1653,6.45703125,-1.2308,0.4495,13.6692,-10.1184,0,REST
1654,6.4609375,-6.5901,-1.1052,12.9934,-9.7241,0,REST
1655,6.46484375,-10.558,1.7101,10.4206,-12.3552,0,REST
1656,6.46875,-9.6793,4.0186,9.6906,-5.4581,0,REST
1657,6.47265625,-10.6796,3.5679,7.3103,-2.6484,0,REST
1658,6.4765625,-10.7351,4.6612,7.1796,0.4582,0,REST
1659,6.48046875,-10.5109,4.7313,1.0468,3.9199,0,REST
1660,6.484375,-12.2511,2.9196,-0.2996,6.6942,0,REST
1661,6.48828125,-7.833,3.3627,-5.6937,10.8443,0,REST
1662,6.4921875,-10.3607,6.8604,-12.4514,8.4011,0,REST
1663,6.49609375,-4.0384,5.0464,-12.023,11.7255,0,REST
1664,6.5,-1.1105,0.4208,-13.2152,12.9195,0,REST
1665,6.50390625,3.1607,0.4839,-15.986,9.2594,0,REST
1666,6.5078125,6.2829,0.829,-12.9054,6.336,0,REST
1667,6.51171875,10.1977,-6.8983,-7.3121,5.0213,0,REST
1668,6.515625,10.6947,-3.6986,-9.2894,4.9539,0,REST
1669,6.51953125,10.1092,-1.7412,-7.3002,1.1071,0,REST
1670,6.5234375,13.5754,-1.0822,-3.3942,-3.4689,0,REST
1671,6.52734375,14.3723,-2.7223,0.3302,-5.6249,0,REST
1672,6.53125,13.136,-3.2386,3.3184,-4.754,0,REST
1673,6.53515625,8.4754,-1.3541,3.7504,-9.5472,0,REST
1674,6.5390625,8.578,-3.673,8.9196,-14.212,0,REST
1675,6.54296875,-0.9699,-1.7363,9.4895,-13.9779,0,REST
1676,6.546875,0.2968,-1.4896,13.4142,-13.7265,0,REST
1677,6.55078125,-3.2946,-3.9295,10.997,-12.4402,0,REST
1678,6.5546875,-9.011,-4.3196,11.2159,-10.1998,0,REST
1679,6.55859375,-7.1544,-2.4747,11.5332,-5.3302,0,REST
1680,6.5625,-8.5499,0.8698,11.6057,-6.1301,0,REST
1681,6.56640625,-11.3575,-0.2224,3.0048,1.4119,0,REST
1682,6.5703125,-13.198,0.187,4.1597,0.1291,0,REST
1683,6.57421875,-10.4639,-1.1963,-2.0064,6.6047,0,REST
1684,6.578125,-10.0781,-0.7018,-1.1931,7.7586,0,REST
1685,6.58203125,-7.4608,1.2252,-4.445,8.9709,0,REST
1686,6.5859375,-8.1373,5.6627,-3.8851,12.9984,0,REST
1687,6.58984375,-3.5089,3.5879,-8.9573,13.4986,0,REST
1688,6.59375,-2.6513,1.8645,-10.0735,8.2046,0,REST
1689,6.59765625,5.1917,3.4016,-11.494,9.4171,0,REST
1690,6.6015625,8.6774,3.4316,-11.7789,5.2659,0,REST
1691,6.60546875,3.8389,4.4616,-7.6631,5.953,0,REST
1692,6.609375,9.4178,3.5084,-3.4721,0.9771,0,REST
1693,6.61328125,7.0977,1.67,-6.9041,-1.2168,0,REST
1694,6.6171875,11.1003,2.4464,-5.2027,-2.2403,0,REST
1695,6.62109375,9.8493,1.7014,-1.6694,-4.8449,0,REST
1696,6.625,5.64,0.8221,2.2358,-5.9639,0,REST
1697,6.62890625,7.8251,-4.1837,3.4551,-10.8275,0,REST
1698,6.6328125,9.1107,-0.5107,4.7379,-5.6764,0,REST
1699,6.63671875,2.4191,-5.6147,6.3744,-7.6669,0,REST
1700,6.640625,1.0306,-3.5009,9.5022,-5.676,0,REST
1701,6.64453125,-6.2193,-2.4339,8.6927,-4.9233,0,REST
1702,6.6484375,-3.896,-4.9405,6.8845,-2.3857,0,REST
1703,6.65234375,-5.3498,-7.8774,6.1817,-0.8886,0,REST
1704,6.65625,-7.6821,-5.4932,9.565,0.7873,0,REST
1705,6.66015625,-6.0844,-4.3351,4.7614,1.079,0,REST
1706,6.6640625,-8.0891,-3.5736,4.3082,5.8526,0,REST
1707,6.66796875,-5.3902,-6.2008,1.962,6.4283,0,REST
1708,6.671875,-7.1852,-1.2383,-2.1026,6.7633,0,REST
1709,6.67578125,-1.2059,-1.2433,-0.113,9.1847,0,REST
1710,6.6796875,-1.8844,1.4884,-1.9646,8.0393,0,REST
1711,6.68359375,-1.8795,5.4797,-6.3246,7.2791,0,REST
1712,6.6875,-4.0897,2.596,-7.7568,4.8405,0,REST
1713,6.69140625,3.5465,4.7666,-7.7044,4.3712,0,REST
1714,6.6953125,1.505,10.8752,-2.1352,3.8826,0,REST
1715,6.69921875,1.1104,8.5874,-5.1234,1.3704,0,REST
1716,6.703125,4.4902,12.1384,-6.2584,-2.1696,0,REST
1717,6.70703125,4.0119,11.6821,-3.6528,-3.3029,0,REST
1718,6.7109375,6.8534,5.7926,-6.6011,-3.611,0,REST
1719,6.71484375,8.1389,4.4955,1.0473,-6.9389,0,REST
1720,6.71875,1.6402,4.2639,0.3173,-2.4969,0,REST
1721,6.72265625,7.1236,-4.5234,-3.4816,-3.0766,0,REST
1722,6.7265625,1.1799,0.9915,-0.5909,-1.6321,0,REST
1723,6.73046875,8.2059,-4.2521,-2.3712,-5.2705,0,REST
1724,6.734375,-0.0544,-5.0451,4.314,-4.4315,0,REST
1725,6.73828125,4.6495,-8.3216,2.1006,-4.6654,0,REST
1726,6.7421875,-3.4219,-8.479,2.6711,-5.0819,0,REST
1727,6.74609375,-1.4742,-8.3868,0.7399,-2.273,0,REST
1728,6.75,1.4698,-8.1552,3.8765,-1.3807,0,REST
1729,6.75390625,-2.5755,-9.3969,1.2748,-2.1845,0,REST
1730,6.7578125,-1.2488,-9.5628,0.2897,-0.8916,0,REST
1731,6.76171875,3.6609,-8.7178,3.4127,0.9357,0,REST
1732,6.765625,-3.2266,-4.9813,3.5001,-0.0542,0,REST
1733,6.76953125,0.1376,-3.2202,4.0498,2.9259,0,REST
1734,6.7734375,-0.7384,0.2581,1.5862,3.3837,0,REST
1735,6.77734375,-5.0024,4.5814,2.4223,6.0279,0,REST
1736,6.78125,-1.4157,5.5068,2.7575,2.3904,0,REST
1737,6.78515625,-4.1532,10.7124,2.182,4.1393,0,REST
1738,6.7890625,0.3002,8.4331,1.9679,4.755,0,REST
1739,6.79296875,-3.1813,8.9725,-1.0935,5.6965,0,REST
1740,6.796875,-3.2814,7.6462,-1.2326,3.3293,0,REST
1741,6.80078125,-3.9191,10.0111,-2.1081,4.8087,0,REST
1742,6.8046875,0.722,12.2337,-1.2642,2.1846,0,REST
1743,6.80859375,0.1709,4.5038,-1.5305,3.9199,0,REST
1744,6.8125,-1.2258,6.4269,-4.4512,0.2728,0,REST
1745,6.81640625,2.0205,0.1191,-5.7118,-0.7617,0,REST
1746,6.8203125,0.9704,-1.1102,-5.0095,-2.4352,0,REST
1747,6.82421875,2.3771,-3.0923,-7.794,-5.5054,0,REST
1748,6.828125,5.1591,-12.8312,-5.5329,-0.536,0,REST
1749,6.83203125,9.1123,-9.1515,-2.256,-6.0885,0,REST
1750,6.8359375,9.2569,-11.9633,-1.9074,-7.0355,0,REST
1751,6.83984375,7.3389,-13.4097,-5.8293,-6.5522,0,REST
1752,6.84375,6.9522,-12.7166,-0.4959,-9.03,0,REST
1753,6.84765625,5.9517,-14.8086,-0.684,-3.4578,0,REST
1754,6.8515625,4.8272,-9.3718,-0.525,-4.487,0,REST
1755,6.85546875,2.5712,-7.135,4.1851,-3.9628,0,REST
1756,6.859375,-0.754,-2.717,5.0298,-5.7317,0,REST
1757,6.86328125,-0.6154,0.3786,7.9405,-2.1893,0,REST
1758,6.8671875,-6.0035,2.9198,9.1374,-2.6953,0,REST
1759,6.87109375,-6.4874,5.3815,11.1438,1.2688,0,REST
1760,6.875,-3.2901,5.571,9.6227,3.7153,0,REST
1761,6.87890625,-10.5093,11.8678,11.7145,5.1922,0,REST
1762,6.8828125,-8.6487,13.4537,4.524,4.3607,0,REST
1763,6.88671875,-11.6117,12.9919,5.8168,7.8311,0,REST
1764,6.890625,-7.5474,14.635,-0.2172,8.2259,0,REST
1765,6.89453125,-4.4475,12.2366,2.62,7.983,0,REST
1766,6.8984375,-7.7795,10.6014,-1.2991,5.5538,0,REST
1767,6.90234375,-2.6956,6.989,-5.1208,2.711,0,REST
1768,6.90625,1.0201,5.2317,-7.8407,3.4406,0,REST
1769,6.91015625,4.6657,1.2705,-9.0707,3.2442,0,REST
1770,6.9140625,7.6074,-0.1781,-11.0557,2.731,0,REST
1771,6.91796875,7.093,-4.2367,-8.7927,-1.2007,0,REST
1772,6.921875,7.8712,-5.2337,-12.5626,-4.0062,0,REST
1773,6.92578125,8.6582,-12.0564,-7.0028,-8.5481,0,REST
1774,6.9296875,10.1765,-12.076,-7.325,-7.3359,0,REST
1775,6.93359375,8.9135,-18.9533,-6.7799,-9.8457,0,REST
1776,6.9375,8.6337,-16.8532,-0.155,-10.7984,0,REST
1777,6.94140625,12.9871,-13.1961,-1.5951,-8.4752,0,REST
1778,6.9453125,5.519,-12.5844,0.8138,-8.9985,0,REST
1779,6.94921875,7.9435,-5.9582,7.0403,-8.5447,0,REST
1780,6.953125,0.9921,-4.461,7.2789,-3.3935,0,REST
1781,6.95703125,-8.1399,-0.9007,5.2174,0.252,0,REST
1782,6.9609375,-7.2904,-0.4361,13.202,2.2886,0,REST
1783,6.96484375,-7.7304,4.794,10.4061,7.6267,0,REST
1784,6.96875,-10.6929,6.8021,12.0633,7.5803,0,REST
1785,6.97265625,-14.7115,12.228,10.9622,9.6091,0,REST
1786,6.9765625,-10.6286,11.4647,12.5644,9.2029,0,REST
1787,6.98046875,-10.6954,11.1277,7.1689,11.389,0,REST
1788,6.984375,-12.1714,9.6679,8.2919,8.5433,0,REST
1789,6.98828125,-6.056,12.3592,-0.8591,9.7339,0,REST
1790,6.9921875,-8.285,10.6509,-0.8324,9.0177,0,REST
1791,6.99609375,-3.3075,11.2844,-6.4768,4.7391,0,REST
1792,7.0,-2.2329,8.4645,-7.1498,3.8102,0,REST
1793,7.00390625,3.7307,1.5462,-11.0866,-3.3978,0,REST
1794,7.0078125,4.5206,-0.7648,-14.5732,-1.1381,0,REST
1795,7.01171875,10.887,-1.6331,-14.7325,-5.641,0,REST
1796,7.015625,11.3344,-7.4616,-12.6435,-8.5288,0,REST
1797,7.01953125,11.5384,-10.6927,-10.3149,-11.4674,0,REST
1798,7.0234375,11.9784,-13.648,-8.3921,-8.9903,0,REST
1799,7.02734375,10.6167,-13.701,-7.8999,-17.0539,0,REST
1800,7.03125,13.3374,-10.6059,-2.9866,-14.9354,0,REST
1801,7.03515625,5.3142,-9.0857,-1.7708,-10.8386,0,REST
1802,7.0390625,6.3548,-10.9011,0.6055,-7.6432,0,REST
1803,7.04296875,2.6274,-8.9262,3.2537,-4.5321,0,REST
1804,7.046875,-0.2197,-4.5151,3.874,1.6695,0,REST
1805,7.05078125,-7.6673,3.1092,10.9485,2.4995,0,REST
1806,7.0546875,-4.8421,3.2863,9.4732,3.784,0,REST
1807,7.05859375,-12.6121,2.594,11.8709,11.2563,0,REST
1808,7.0625,-8.4251,7.2425,11.4103,12.6687,0,REST
1809,7.06640625,-10.536,8.6319,12.0127,13.1367,0,REST
1810,7.0703125,-9.3471,10.275,7.373,11.479,0,REST
1811,7.07421875,-10.2048,11.1717,7.0958,9.0443,0,REST
1812,7.078125,-10.2888,9.867,6.0037,14.2578,0,REST
1813,7.08203125,-6.5589,13.1859,-1.8392,6.2371,0,REST
1814,7.0859375,-6.1583,8.2862,-3.3129,11.593,0,REST
1815,7.08984375,1.2212,6.8536,-5.5421,4.6958,0,REST
1816,7.09375,0.5624,3.8533,-3.2943,0.4572,0,REST
1817,7.09765625,6.1758,2.1046,-8.6018,-4.1914,0,REST
1818,7.1015625,4.768,2.32,-10.9692,-10.4844,0,REST
1819,7.10546875,9.1823,-0.803,-10.8843,-7.8882,0,REST
1820,7.109375,10.1254,-9.048,-13.3868,-10.8917,0,REST
1821,7.11328125,8.8701,-7.2593,-9.9318,-12.8001,0,REST
1822,7.1171875,10.6826,-8.5553,-4.0279,-13.236,0,REST
1823,7.12109375,5.5838,-6.2452,-7.3462,-12.0927,0,REST
1824,7.125,8.716,-10.5895,-1.2287,-8.5423,0,REST
1825,7.12890625,4.4072,-6.3246,-2.8113,-4.8163,0,REST
1826,7.1328125,2.5978,-5.9986,0.0247,-2.4978,0,REST
1827,7.13671875,1.1667,-2.9226,2.7232,4.0003,0,REST
1828,7.140625,-0.1611,-2.0834,2.7855,4.0102,0,REST
1829,7.14453125,-4.7427,-2.9054,5.3838,5.2953,0,REST
1830,7.1484375,-1.5829,-0.7324,4.1142,4.5105,0,REST
1831,7.15234375,-6.2909,2.0284,4.7133,9.3631,0,REST
1832,7.15625,-2.2472,4.7042,7.6457,15.8162,0,REST
1833,7.16015625,-6.0928,9.3664,11.6642,13.554,0,REST
1834,7.1640625,-5.4419,4.8614,6.9078,10.513,0,REST
1835,7.16796875,-4.9863,8.3956,4.2308,7.0448,0,REST
1836,7.171875,-7.3773,7.4467,5.5723,7.799,0,REST
1837,7.17578125,-5.1737,6.7857,5.5152,6.3547,0,REST
1838,7.1796875,-2.1584,7.2401,1.3432,2.5556,0,REST
1839,7.18359375,-1.3187,3.6101,0.1138,1.6409,0,REST
1840,7.1875,-3.0662,0.5583,-1.8428,-4.38,0,REST
1841,7.19140625,-0.3387,0.6642,-2.0942,-8.4157,0,REST
1842,7.1953125,1.9404,-1.5318,-3.7579,-8.2855,0,REST
1843,7.19921875,1.1118,-4.5258,-6.5582,-7.4553,0,REST
1844,7.203125,-0.0647,-2.1691,-4.9709,-10.5975,0,REST
1845,7.20703125,4.3105,-2.9949,-9.488,-11.1466,0,REST
1846,7.2109375,4.2924,-8.2939,-2.8442,-8.5066,0,REST
1847,7.21484375,5.2973,-5.2579,-3.2977,-10.2178,0,REST
1848,7.21875,2.8169,-8.5322,-3.165,-9.0905,0,REST
1849,7.22265625,2.2749,-5.5102,0.2218,-3.5744,0,REST
1850,7.2265625,5.2192,-3.0135,0.1035,-1.8942,0,REST
1851,7.23046875,3.7084,-4.29,-1.3988,-2.8813,0,REST
1852,7.234375,6.9007,-1.4702,-2.1433,0.3212,0,REST
1853,7.23828125,-0.9485,-2.3154,-3.4482,2.9039,0,REST
1854,7.2421875,-1.5999,-1.8013,0.8109,10.2242,0,REST
1855,7.24609375,1.8662,2.3892,-3.6422,5.6765,0,REST
1856,7.25,-0.9478,1.1828,2.5486,7.8975,0,REST
1857,7.25390625,0.133,3.1871,1.0143,7.1304,0,REST
1858,7.2578125,-0.7713,1.0325,-0.4815,7.9322,0,REST
1859,7.26171875,-3.0407,6.0625,-0.3891,3.9388,0,REST
1860,7.265625,0.4708,-0.2033,5.6428,5.8701,0,REST
1861,7.26953125,-3.1846,2.3644,3.2184,1.5652,0,REST
1862,7.2734375,1.4998,0.8834,0.0134,3.01,0,REST
1863,7.27734375,-0.438,-0.1387,5.3388,-3.1747,0,REST
1864,7.28125,-2.9912,2.7205,3.724,1.6793,0,REST
1865,7.28515625,-3.0293,3.1624,4.1265,-2.6447,0,REST
1866,7.2890625,-6.5887,1.3107,5.4739,-2.6499,0,REST
1867,7.29296875,-5.5051,2.5051,-0.4217,-1.8859,0,REST
1868,7.296875,-3.5568,-1.9247,5.348,-4.6544,0,REST
1869,7.30078125,-3.5686,-1.3291,-0.103,-6.6655,0,REST
1870,7.3046875,-2.0557,-0.6534,0.846,-4.9568,0,REST
1871,7.30859375,-0.9806,0.073,-2.3264,-6.5552,0,REST
1872,7.3125,0.7663,-1.1937,-3.6787,-2.5077,0,REST
1873,7.31640625,4.2496,0.7233,-1.1322,-6.6433,0,REST
1874,7.3203125,2.5301,-0.0158,-5.3596,-0.3165,0,REST
1875,7.32421875,6.1746,-2.3451,-4.9835,3.0127,0,REST
1876,7.328125,7.3797,-3.3066,-5.5658,-0.263,0,REST
1877,7.33203125,8.3068,-6.5868,-6.3107,4.5164,0,REST
1878,7.3359375,6.8126,-4.2251,-12.4507,-0.3934,0,REST
1879,7.33984375,8.4802,-4.3983,-5.7248,-0.1595,0,REST
1880,7.34375,7.9175,-1.7694,-6.5608,4.6671,0,REST
1881,7.34765625,6.936,-1.0894,-1.1592,1.4432,0,REST
1882,7.3515625,4.5436,1.0369,-3.919,3.2986,0,REST
1883,7.35546875,1.1375,-1.8475,0.6124,3.6793,0,REST
1884,7.359375,-2.6924,0.3782,-1.0144,3.3178,0,REST
1885,7.36328125,-4.4415,0.5483,3.7862,2.4462,0,REST
1886,7.3671875,-7.8234,-0.4073,7.0595,4.4802,0,REST
1887,7.37109375,-5.9509,1.2975,11.2664,7.3817,0,REST
1888,7.375,-8.8317,5.6564,9.9037,3.7299,0,REST
1889,7.37890625,-8.6521,5.1926,11.9212,2.2154,0,REST
1890,7.3828125,-12.6289,4.8118,9.1411,0.5774,0,REST
1891,7.38671875,-8.9651,4.3458,9.9247,1.9834,0,REST
1892,7.390625,-10.2369,2.2779,7.8692,3.0662,0,REST
1893,7.39453125,-6.2696,2.9265,7.5729,-0.1546,0,REST
1894,7.3984375,-5.0887,7.8196,5.6551,-0.6564,0,REST
1895,7.40234375,-3.3789,1.4415,3.5686,-2.8338,0,REST
1896,7.40625,-2.5418,0.2563,1.4706,-0.0818,0,REST
1897,7.41015625,1.8182,0.083,-1.1884,-4.0963,0,REST
1898,7.4140625,3.7705,0.6011,-6.3353,-7.3228,0,REST
1899,7.41796875,3.6756,-2.6908,-8.5354,-3.8396,0,REST
1900,7.421875,6.0066,-1.7576,-11.5815,-3.0996,0,REST
1901,7.42578125,12.7811,-5.1398,-13.3842,-3.0014,0,REST
1902,7.4296875,7.5942,-4.9964,-12.511,-4.1896,0,REST
1903,7.43359375,9.27,-6.574,-12.2717,1.1628,0,REST
1904,7.4375,13.9258,-5.8871,-9.7109,1.7765,0,REST
1905,7.44140625,7.937,-7.3004,-7.6492,0.5886,0,REST
1906,7.4453125,8.713,-6.4016,-7.5484,0.9717,0,REST
1907,7.44921875,-1.6233,-4.2787,-2.1818,5.7661,0,REST
1908,7.453125,1.6398,-6.0716,-1.5791,8.1839,0,REST
1909,7.45703125,-3.1022,1.0673,4.5472,6.0458,0,REST
1910,7.4609375,-10.6948,2.0162,5.7867,7.393,0,REST
1911,7.46484375,-8.9846,-0.2703,7.5919,9.0917,0,REST
1912,7.46875,-11.326,3.0296,13.2013,8.436,0,REST
1913,7.47265625,-7.2889,5.6409,12.159,7.0793,0,REST
1914,7.4765625,-12.21,7.6461,13.9137,4.0937,0,REST
1915,7.48046875,-10.7379,10.261,10.5068,4.8234,0,REST
1916,7.484375,-10.5018,7.3785,10.0483,1.3618,0,REST
1917,7.48828125,-7.9751,7.3998,9.3015,0.2774,0,REST
1918,7.4921875,-4.8499,7.3906,4.4218,-2.1688,0,REST
1919,7.49609375,-1.949,7.6099,4.9451,-6.2909,0,REST
1920,7.5,1.2863,7.724,4.2598,-9.1726,0,REST
1921,7.50390625,3.068,-0.495,0.3658,-9.4835,0,REST
1922,7.5078125,7.1798,1.859,-2.4911,-7.6715,0,REST
1923,7.51171875,11.8708,-3.4724,-10.4356,-9.8267,0,REST
1924,7.515625,13.739,-4.0813,-10.7105,-9.8302,0,REST
1925,7.51953125,13.2557,-7.28,-9.8895,-9.8197,0,REST
1926,7.5234375,12.914,-5.6203,-13.0982,-1.8469,0,REST
1927,7.52734375,11.8565,-10.9236,-11.6582,-0.4085,0,REST
1928,7.53125,7.0196,-9.4595,-11.9261,-0.4118,0,REST
1929,7.53515625,7.7547,-8.6477,-6.6336,5.0772,0,REST
1930,7.5390625,3.9233,-11.4757,-5.939,0.3085,0,REST
1931,7.54296875,1.7323,-5.4829,-6.2529,5.6739,0,REST
1932,7.546875,-1.7113,-7.135,2.1074,6.575,0,REST
1933,7.55078125,-4.1862,-1.2288,1.8742,9.7239,0,REST
1934,7.5546875,-5.1753,-0.2625,4.7779,11.5196,0,REST
1935,7.55859375,-11.1877,1.8947,10.0475,12.6649,0,REST
1936,7.5625,-12.0072,5.7888,11.1355,8.3649,0,REST
1937,7.56640625,-9.8637,6.4544,8.5738,3.1889,0,REST
1938,7.5703125,-12.6257,7.2001,11.672,4.124,0,REST
1939,7.57421875,-12.6882,10.3122,12.0326,0.0722,0,REST
1940,7.578125,-12.6678,11.8781,6.6388,-4.777,0,REST
1941,7.58203125,-6.8905,10.5063,6.6959,-3.9134,0,REST
1942,7.5859375,-5.0637,9.8672,9.4015,-8.2535,0,REST
1943,7.58984375,1.5268,7.2894,2.3507,-10.4813,0,REST
1944,7.59375,-0.7296,9.1444,2.7126,-12.7485,0,REST
1945,7.59765625,-0.9994,5.4375,-2.0242,-10.9231,0,REST
1946,7.6015625,6.9192,-0.6243,-3.3493,-7.2864,0,REST
1947,7.60546875,3.4947,-2.6548,-5.3323,-9.5157,0,REST
1948,7.609375,12.1512,-3.9631,-10.6183,-8.4225,0,REST
1949,7.61328125,10.8478,-9.3639,-6.1329,-5.3543,0,REST
1950,7.6171875,9.2287,-6.0694,-5.3333,-2.3337,0,REST
1951,7.62109375,8.9331,-14.9782,-13.1379,1.3052,0,REST
1952,7.625,8.0273,-13.6439,-6.2793,6.5695,0,REST
1953,7.62890625,0.2373,-9.3526,-11.8489,8.7389,0,REST
1954,7.6328125,1.0818,-11.377,-3.2365,12.0844,0,REST
1955,7.63671875,1.5206,-8.9289,-3.0731,9.5532,0,REST
1956,7.640625,-1.4339,-8.0423,-3.3721,13.8934,0,REST
1957,7.64453125,-0.3331,-5.4681,-0.565,14.8658,0,REST
1958,7.6484375,-4.0276,0.6254,6.1419,12.4929,0,REST
1959,7.65234375,-5.5626,2.487,5.0451,11.0293,0,REST
1960,7.65625,-6.5943,4.9956,5.9415,6.4163,0,REST
1961,7.66015625,-6.861,10.1534,10.592,2.9268,0,REST
1962,7.6640625,-8.6951,5.1792,4.7621,-0.049,0,REST
1963,7.66796875,-6.573,14.7364,8.7976,0.6467,0,REST
1964,7.671875,-7.1567,9.5144,6.2198,-5.4338,0,REST
1965,7.67578125,-4.7171,14.5881,4.335,-5.0387,0,REST
1966,7.6796875,-5.0841,13.5558,2.9069,-9.1235,0,REST
1967,7.68359375,-3.8252,6.8634,4.51,-12.1735,0,REST
1968,7.6875,-0.4189,7.4039,0.9026,-13.3812,0,REST
1969,7.69140625,-0.4931,3.9933,0.6233,-13.255,0,REST
1970,7.6953125,1.3158,2.1147,-0.4368,-8.7654,0,REST
1971,7.69921875,-0.2078,-2.2503,-0.6462,-11.9203,0,REST
1972,7.703125,1.9309,-7.2507,1.1137,-5.4685,0,REST
1973,7.70703125,6.0538,-10.4651,-2.8718,-2.7743,0,REST
1974,7.7109375,5.7428,-9.9099,-0.6079,-0.7852,0,REST
1975,7.71484375,4.5668,-14.589,-4.552,6.8684,0,REST
1976,7.71875,4.5555,-12.7514,-4.2007,5.1268,0,REST
1977,7.72265625,5.5917,-13.2756,-1.9102,7.1474,0,REST
1978,7.7265625,1.8175,-11.4995,-4.3602,10.7915,0,REST
1979,7.73046875,1.5529,-12.274,0.2338,11.1092,0,REST
1980,7.734375,1.1703,-8.8045,-5.1663,13.2246,0,REST
1981,7.73828125,0.0377,-1.3077,-0.8933,11.3696,0,REST
1982,7.7421875,1.3195,-4.4212,-4.7476,8.7184,0,REST
1983,7.74609375,0.6314,4.0355,-0.1162,6.8152,0,REST
1984,7.75,0.1735,3.9149,-0.5934,2.4817,0,REST
1985,7.75390625,-1.465,7.4418,3.4927,1.6975,0,REST
1986,7.7578125,-0.7052,11.9701,1.4121,-1.3051,0,REST
1987,7.76171875,-0.1696,10.8577,0.5864,-7.5504,0,REST
1988,7.765625,-1.5523,11.1858,0.9115,-7.9693,0,REST
1989,7.76953125,-4.4006,10.2122,0.2465,-9.5911,0,REST
1990,7.7734375,-0.1035,12.4825,4.5762,-10.0094,0,REST
1991,7.77734375,-2.7825,3.7728,0.4248,-9.3073,0,REST
1992,7.78125,-4.0083,10.2196,-1.3095,-9.5667,0,REST
1993,7.78515625,-5.4641,2.6717,0.0547,-8.7469,0,REST
1994,7.7890625,-0.7653,0.0389,7.1071,-6.4172,0,REST
1995,7.79296875,-1.4619,-2.0706,5.4599,-3.0772,0,REST
1996,7.796875,-2.6443,-6.3018,8.4729,-2.2145,0,REST
1997,7.80078125,-3.6415,-8.136,5.008,0.432,0,REST
1998,7.8046875,-1.4739,-13.526,2.8943,-0.8272,0,REST
1999,7.80859375,-3.8772,-13.4312,0.2079,4.5343,0,REST
2000,7.8125,-1.0117,-10.5686,0.4376,7.5272,0,REST
2001,7.81640625,2.8428,-10.9692,-0.0641,6.4369,0,REST
2002,7.8203125,3.8116,-9.8276,-5.3127,10.4947,0,REST
2003,7.82421875,3.943,-8.0148,-1.1988,10.2898,0,REST
2004,7.828125,7.2441,-5.0958,-2.2143,8.3094,0,REST
2005,7.83203125,6.2489,-3.2248,-5.0473,5.8981,0,REST
2006,7.8359375,8.3788,-2.7209,-8.3306,4.6201,0,REST
2007,7.83984375,5.8109,-0.6778,-6.5798,4.5803,0,REST
2008,7.84375,4.5997,6.0491,-7.8808,4.6008,0,REST
2009,7.84765625,6.1757,4.7886,-6.8427,0.6211,0,REST
2010,7.8515625,0.6442,8.8611,-8.7358,-0.975,0,REST
2011,7.85546875,0.6516,8.5092,-2.2989,-5.0102,0,REST
2012,7.859375,1.376,10.6814,-6.5258,-6.7801,0,REST
2013,7.86328125,-3.4539,11.4283,-3.6587,-5.1178,0,REST
2014,7.8671875,-0.7254,10.3826,-2.4802,-5.5569,0,REST
2015,7.87109375,-5.9938,5.8686,6.6341,-10.5104,0,REST
2016,7.875,-10.0665,4.2185,4.9955,-4.2768,0,REST
2017,7.87890625,-7.678,4.2908,5.6301,-6.3319,0,REST
2018,7.8828125,-8.9066,0.6185,9.3107,-1.4683,0,REST
2019,7.88671875,-9.8297,-3.111,11.6143,-1.5226,0,REST
2020,7.890625,-7.0565,-4.6939,8.8812,0.0311,0,REST
2021,7.89453125,-6.0331,-3.3116,12.8987,0.674,0,REST
2022,7.8984375,-6.4421,-9.0982,9.0761,2.9746,0,REST
2023,7.90234375,-5.0542,-7.5841,9.3927,2.6757,0,REST
2024,7.90625,-0.639,-11.9391,4.8687,-2.8466,0,REST
2025,7.91015625,2.9646,-8.285,4.8689,-0.5006,0,REST
2026,7.9140625,5.7385,-6.6279,-4.1539,1.9045,0,REST
2027,7.91796875,3.2366,-7.8603,1.2984,4.6367,0,REST
2028,7.921875,10.2542,-1.6857,-5.5128,6.6468,0,REST
2029,7.92578125,10.9681,-2.8029,-5.4533,2.1326,0,REST
2030,7.9296875,13.8752,0.0496,-9.3276,0.9835,0,REST
2031,7.93359375,11.6538,0.6598,-12.4414,2.3543,0,REST
2032,7.9375,12.3699,3.9478,-10.9557,4.2922,0,REST
2033,7.94140625,9.6912,3.4161,-11.2721,2.7914,0,REST
2034,7.9453125,5.5872,1.808,-13.5301,-1.7969,0,REST
2035,7.94921875,2.9336,5.9881,-5.6382,0.8805,0,REST
2036,7.953125,-0.1961,6.4284,-5.3083,2.7425,0,REST
2037,7.95703125,-4.0255,9.443,-2.9722,1.1211,0,REST
2038,7.9609375,-8.6868,10.416,2.6645,0.6567,0,REST
2039,7.96484375,-9.2684,1.1357,1.2491,1.1558,0,REST
2040,7.96875,-9.4525,5.7828,5.3307,-3.5086,0,REST
2041,7.97265625,-9.6642,5.0487,7.7541,-2.3256,0,REST
2042,7.9765625,-13.7006,2.791,13.3326,-4.193,0,REST
2043,7.98046875,-14.2346,1.1251,9.9441,-2.3952,0,REST
2044,7.984375,-10.79,-0.2016,14.6634,-6.3294,0,REST
2045,7.98828125,-10.0869,-3.3129,14.5319,-2.5926,0,REST
2046,7.9921875,-8.8101,-4.6547,13.9055,-1.6518,0,REST
2047,7.99609375,-4.0822,-4.4451,10.6209,-4.7281,0,REST
2048,8.0,1.2186,-5.2188,7.1271,-0.501,0,REST
2049,8.00390625,4.5113,-4.1584,1.1566,-1.9887,0,REST
2050,8.0078125,6.7842,-4.2438,1.8956,2.8095,0,REST
2051,8.01171875,4.5401,-3.1057,-0.0283,-0.4827,0,REST
2052,8.015625,10.7215,-3.1407,-8.5831,3.2205,0,REST
2053,8.01953125,9.7057,-2.2482,-5.3831,1.129,0,REST
2054,8.0234375,11.1207,-3.9509,-14.8627,4.1874,0,REST
2055,8.02734375,11.8046,-0.8545,-12.8791,10.2202,0,REST
2056,8.03125,11.749,-0.7568,-10.9058,8.01,0,REST
2057,8.03515625,11.1488,2.1239,-10.4755,7.1999,0,REST
2058,8.0390625,9.3856,2.2198,-9.445,6.6467,0,REST
2059,8.04296875,6.8914,4.1842,-7.167,2.1743,0,REST
2060,8.046875,-0.1624,3.5278,-6.4487,7.762,0,REST
2061,8.05078125,-6.157,3.0893,-5.3408,3.3166,0,REST
2062,8.0546875,-6.249,1.2526,-1.1611,-0.8827,0,REST
2063,8.05859375,-13.1274,4.0657,4.2568,-1.6068,0,REST
2064,8.0625,-9.0528,5.1375,4.0256,0.4274,0,REST
2065,8.06640625,-12.348,2.2323,4.6578,-1.4734,0,REST
2066,8.0703125,-11.5262,3.2094,8.7624,-7.4506,0,REST
2067,8.07421875,-12.6088,2.7438,9.382,-7.9037,0,REST
2068,8.078125,-15.0902,2.5733,9.6571,-9.5582,0,REST
2069,8.08203125,-10.1072,-5.1823,11.6374,-6.6863,0,REST
2070,8.0859375,-3.7877,3.6694,10.2551,-6.5594,0,REST
2071,8.08984375,-0.2371,-0.5484,9.9088,-11.6741,0,REST
2072,8.09375,0.7266,1.6931,7.3628,-6.1045,0,REST
2073,8.09765625,1.383,-2.6709,5.6168,-3.8352,0,REST
2074,8.1015625,8.2608,-4.4466,4.1384,-3.5639,0,REST
2075,8.10546875,7.4999,-1.5234,-1.6913,0.0805,0,REST
2076,8.109375,13.4479,-0.8692,-0.6602,6.0778,0,REST
2077,8.11328125,10.4421,-5.4556,-9.0236,8.8322,0,REST
2078,8.1171875,15.9323,-6.5237,-8.3483,10.1416,0,REST
2079,8.12109375,9.8083,-6.3302,-8.7328,7.875,0,REST
2080,8.125,7.7409,-1.6869,-13.3199,13.0682,0,REST
2081,8.12890625,10.1182,-5.3461,-10.1352,9.0884,0,REST
2082,8.1328125,2.9729,-3.7245,-7.5732,6.0675,0,REST
2083,8.13671875,2.9828,-4.5566,-6.1825,8.7391,0,REST
2084,8.140625,-1.503,0.8129,-5.1452,5.8826,0,REST
2085,8.14453125,0.9989,-2.8968,-1.9853,4.3452,0,REST
2086,8.1484375,-4.6426,0.1873,-2.3272,-1.4564,0,REST
2087,8.15234375,-3.1548,6.814,-0.7141,-4.1466,0,REST
2088,8.15625,-5.0412,1.879,1.7066,-5.4054,0,REST
2089,8.16015625,-7.7315,4.6134,4.4892,-9.6348,0,REST
2090,8.1640625,-8.2,3.362,5.7653,-10.7223,0,REST
2091,8.16796875,-3.7764,6.5245,2.0366,-12.0581,0,REST
2092,8.171875,-5.4925,4.8498,6.3112,-10.255,0,REST
2093,8.17578125,-4.2665,2.9793,4.9929,-9.7996,0,REST
2094,8.1796875,-5.1723,6.2301,2.9698,-10.7955,0,REST
2095,8.18359375,-1.408,3.1504,7.0904,-10.8299,0,REST
2096,8.1875,1.8913,4.9122,8.2203,-6.2446,0,REST
2097,8.19140625,-4.0162,3.768,1.5514,-4.7806,0,REST
2098,8.1953125,5.3258,3.0973,2.0264,1.3885,0,REST
2099,8.19921875,5.6938,-0.3943,2.1927,-0.0669,0,REST
2100,8.203125,0.6949,1.7828,-1.8903,5.0633,0,REST
2101,8.20703125,3.9033,-4.4557,0.0355,11.3423,0,REST
2102,8.2109375,3.4132,-6.8197,-1.4121,12.5385,0,REST
2103,8.21484375,3.9697,-6.1276,-6.8004,11.4015,0,REST
2104,8.21875,3.7933,-5.897,-3.2273,13.7237,0,REST
2105,8.22265625,5.2629,-6.5663,-5.1204,7.1746,0,REST
2106,8.2265625,5.5699,-10.6098,0.711,7.0949,0,REST
2107,8.23046875,2.83,-3.989,-2.1506,9.7885,0,REST
2108,8.234375,1.5713,-9.0844,-3.6828,1.5376,0,REST
2109,8.23828125,-0.8013,-1.1587,-5.6635,-3.3409,0,REST
2110,8.2421875,3.9641,-2.1214,-3.4165,-6.3237,0,REST
2111,8.24609375,0.4864,-3.2341,-2.9373,-5.0919,0,REST
2112,8.25,-1.3061,4.5674,-2.7343,-10.3955,0,REST
2113,8.25390625,-0.7678,1.1226,1.5192,-12.0097,0,REST
2114,8.2578125,-2.0335,6.5604,-4.243,-11.6071,0,REST
2115,8.26171875,-2.3177,9.8668,-2.706,-10.9501,0,REST
2116,8.265625,-3.5666,8.9465,0.6801,-7.7555,0,REST
2117,8.26953125,-2.4366,10.4979,1.6456,-11.4849,0,REST
2118,8.2734375,-4.8446,8.2572,-3.5899,-7.0296,0,REST
2119,8.27734375,-5.2351,3.9285,1.0253,0.1747,0,REST
2120,8.28125,-2.629,6.5685,0.2917,0.7422,0,REST
2121,8.28515625,-2.4484,5.9038,1.3435,2.3302,0,REST
2122,8.2890625,-2.3062,5.4691,4.8558,8.2678,0,REST
2123,8.29296875,-4.2263,1.6215,3.393,10.0436,0,REST
2124,8.296875,-3.7818,-3.9818,5.0962,12.0868,0,REST
2125,8.30078125,-2.0812,-2.4237,9.5075,14.6284,0,REST
2126,8.3046875,3.1583,-8.8299,3.4507,11.2624,0,REST
2127,8.30859375,3.2914,-8.484,6.4813,11.0101,0,REST
2128,8.3125,-1.6257,-12.2684,5.8294,13.9584,0,REST
2129,8.31640625,7.0922,-10.5197,3.3793,8.234,0,REST
2130,8.3203125,3.3814,-10.98,3.5647,8.2146,0,REST
2131,8.32421875,5.3155,-10.317,-0.3072,0.7231,0,REST
2132,8.328125,2.5542,-7.58,-3.4487,2.3289,0,REST
2133,8.33203125,9.2185,-4.5063,-5.4944,-4.597,0,REST
2134,8.3359375,9.7446,-5.4182,-2.1274,-6.2604,0,REST
2135,8.33984375,9.7009,0.3748,-6.5744,-6.0896,0,REST
2136,8.34375,6.9873,3.9498,-8.3868,-11.0936,0,REST
2137,8.34765625,5.5271,2.1099,-7.9548,-15.0216,0,REST
2138,8.3515625,1.67,11.0382,-4.3154,-11.2403,0,REST
2139,8.35546875,-2.389,12.3936,-11.3785,-14.3779,0,REST
2140,8.359375,0.0978,13.4707,-4.3692,-5.3439,0,REST
2141,8.36328125,-0.3696,15.8815,-5.7406,-6.4086,0,REST
2142,8.3671875,-5.7042,9.4162,-3.3083,-5.0335,0,REST
2143,8.37109375,-4.3809,8.6237,-3.2412,-1.0256,0,REST
2144,8.375,-7.9483,4.4854,-0.0982,-0.1312,0,REST
2145,8.37890625,-8.0783,7.9868,-1.4287,2.0375,0,REST
2146,8.3828125,-11.2911,3.7707,4.0437,6.6063,0,REST
2147,8.38671875,-8.7327,-0.4502,3.8466,8.3925,0,REST
2148,8.390625,-10.6234,-3.576,6.8006,11.4518,0,REST
2149,8.39453125,-8.54,-8.2796,6.6523,8.6292,0,REST
2150,8.3984375,-5.4458,-7.4385,9.0,5.8943,0,REST
2151,8.40234375,-1.5034,-14.2432,7.181,9.2991,0,REST
2152,8.40625,2.4675,-7.563,10.0177,1.9617,0,REST
2153,8.41015625,3.2291,-10.9241,5.5271,4.1058,0,REST
2154,8.4140625,3.5581,-13.1716,9.4673,1.7723,0,REST
2155,8.41796875,7.0438,-8.7929,2.4063,0.1983,0,REST
2156,8.421875,11.223,-7.3961,2.3322,-1.5641,0,REST
2157,8.42578125,11.4429,-7.8441,-0.0773,-3.1824,0,REST
2158,8.4296875,11.8258,-5.1867,-3.8618,-6.0355,0,REST
2159,8.43359375,11.0866,1.7078,-6.5979,-6.8533,0,REST
2160,8.4375,11.7134,-0.5061,-13.015,-7.6116,0,REST
2161,8.44140625,9.1315,3.6824,-10.315,-3.7836,0,REST
2162,8.4453125,11.8299,6.7848,-12.1834,-8.1858,0,REST
2163,8.44921875,5.7638,12.5677,-11.0511,-3.6733,0,REST
2164,8.453125,2.3982,9.298,-11.0553,-7.3548,0,REST
2165,8.45703125,-5.2464,15.2687,-11.5401,-1.8647,0,REST
2166,8.4609375,-4.972,11.6932,-10.7962,-1.4851,0,REST
2167,8.46484375,-8.8913,10.6767,-5.6924,0.6127,0,REST
2168,8.46875,-9.5368,9.952,-3.1491,0.7511,0,REST
2169,8.47265625,-9.496,5.6866,-2.312,9.6478,0,REST
2170,8.4765625,-13.0736,2.0066,7.3838,1.6338,0,REST
2171,8.48046875,-10.677,0.199,7.595,2.9256,0,REST
2172,8.484375,-11.4876,-4.0524,8.8549,3.1073,0,REST
2173,8.48828125,-10.155,-7.5227,8.3178,-1.9413,0,REST
2174,8.4921875,-7.7718,-11.6802,14.5424,5.9141,0,REST
2175,8.49609375,-1.8207,-10.4838,10.9722,3.4204,0,REST
2176,8.5,1.3612,-16.0773,9.135,1.4584,0,REST
2177,8.50390625,2.8282,-12.4385,10.024,5.2842,0,REST
2178,8.5078125,4.6341,-13.2319,7.8984,0.4614,0,REST
2179,8.51171875,6.743,-12.8237,7.2002,-0.6104,0,REST
2180,8.515625,7.6638,-8.7638,3.546,-2.4904,0,REST
2181,8.51953125,12.1869,-1.9759,0.5417,-0.3382,0,REST
2182,8.5234375,12.0662,-1.7911,-7.7134,2.5872,0,REST
2183,8.52734375,11.2962,1.6107,-7.2816,2.7162,0,REST
2184,8.53125,9.9954,8.5211,-9.7203,2.1348,0,REST
2185,8.53515625,9.0269,2.2044,-10.7555,-3.8464,0,REST
2186,8.5390625,5.883,6.9256,-11.9584,-1.0711,0,REST
2187,8.54296875,2.7207,12.6052,-13.3776,-3.248,0,REST
2188,8.546875,1.019,8.6586,-9.7001,-3.6444,0,REST
2189,8.55078125,-4.6464,9.5372,-9.7098,-4.5761,0,REST
2190,8.5546875,-4.6474,11.616,-8.3165,-2.1058,0,REST
2191,8.55859375,-9.1612,8.127,-5.1627,-2.9068,0,REST
2192,8.5625,-9.5983,10.7151,-0.2258,-0.7922,0,REST
2193,8.56640625,-12.5252,2.0625,0.9131,-5.8142,0,REST
2194,8.5703125,-10.8852,3.2288,0.3457,-1.4867,0,REST
2195,8.57421875,-9.1711,-0.1979,6.2278,0.3113,0,REST
2196,8.578125,-11.3987,-2.3786,7.4948,-0.0837,0,REST
2197,8.58203125,-6.5487,-5.8383,9.7954,1.8581,0,REST
2198,8.5859375,-4.3285,-6.5546,7.9723,-1.4072,0,REST
2199,8.58984375,-2.9116,-10.6119,12.1882,2.7495,0,REST
2200,8.59375,-0.1939,-8.0156,11.413,5.7309,0,REST
2201,8.59765625,5.0677,-8.3401,7.1652,2.8482,0,REST
2202,8.6015625,5.534,-10.4315,9.6528,4.2764,0,REST
2203,8.60546875,4.8204,-8.4835,3.3092,6.2456,0,REST
2204,8.609375,7.5424,-7.8943,2.4171,6.1548,0,REST
2205,8.61328125,6.4454,-3.0117,0.8668,-0.2754,0,REST
2206,8.6171875,10.16,-3.1707,-2.8331,5.0022,0,REST
2207,8.62109375,8.9798,0.0826,-6.8097,2.4369,0,REST
2208,8.625,6.8757,4.8061,-6.9907,0.0676,0,REST
2209,8.62890625,11.7496,4.2497,-7.9061,3.043,0,REST
2210,8.6328125,4.1508,9.3905,-9.5584,2.0551,0,REST
2211,8.63671875,1.682,8.9507,-10.086,-2.3276,0,REST
2212,8.640625,1.4507,10.6443,-9.0888,-4.7881,0,REST
2213,8.64453125,-1.8621,8.9717,-5.4838,-8.3955,0,REST
2214,8.6484375,-5.8647,7.0955,-5.8201,-4.1766,0,REST
2215,8.65234375,-8.9326,8.0692,-6.37,-7.0245,0,REST
2216,8.65625,-1.0267,3.1517,-1.894,-10.6503,0,REST
2217,8.66015625,-7.9722,2.6598,1.9234,-5.5116,0,REST
2218,8.6640625,-6.5678,1.7902,-4.3675,-7.0123,0,REST
2219,8.66796875,-7.2867,-1.0784,4.6863,-5.5195,0,REST
2220,8.671875,-4.7579,-4.5528,4.5092,-5.1825,0,REST
2221,8.67578125,-4.373,-2.8753,3.7804,0.1328,0,REST
2222,8.6796875,-0.5485,-5.8818,6.7473,0.1038,0,REST
2223,8.68359375,-6.9311,-6.9096,3.154,5.6862,0,REST
2224,8.6875,2.6289,-9.7493,7.8448,7.7544,0,REST
2225,8.69140625,0.2329,-9.2859,3.8259,7.7623,0,REST
2226,8.6953125,2.8081,-6.3428,6.188,9.7172,0,REST
2227,8.69921875,3.3587,-7.7178,5.0644,11.9004,0,REST
2228,8.703125,2.728,-2.1295,2.6485,12.5456,0,REST
2229,8.70703125,6.47,-4.6407,0.4851,7.2374,0,REST
2230,8.7109375,4.7235,-3.5488,-3.0581,7.7588,0,REST
2231,8.71484375,4.8268,-1.9992,2.4371,4.6493,0,REST
2232,8.71875,4.5497,0.3063,-1.9774,-1.0608,0,REST
2233,8.72265625,6.4231,5.4872,-3.5761,-2.9418,0,REST
2234,8.7265625,5.1994,3.8158,-3.9713,-5.9646,0,REST
2235,8.73046875,2.6046,7.2232,-5.1976,-6.6225,0,REST
2236,8.734375,0.7473,8.0975,-4.1185,-6.842,0,REST
2237,8.73828125,2.3969,4.9595,-1.2761,-11.6684,0,REST
2238,8.7421875,0.861,3.0209,-2.7405,-12.6504,0,REST
2239,8.74609375,1.8465,4.6123,-4.1166,-12.0381,0,REST
2240,8.75,-0.4763,3.3092,-2.4817,-11.0428,0,REST
2241,8.75390625,-1.1977,4.4763,-0.0723,-10.6814,0,REST
2242,8.7578125,1.7062,0.4654,2.4221,-5.9741,0,REST
2243,8.76171875,3.0055,1.5084,1.697,-4.9103,0,REST
2244,8.765625,-3.523,0.5391,-2.1195,2.7709,0,REST
2245,8.76953125,-5.1288,1.1854,-1.651,6.329,0,REST
2246,8.7734375,-3.4255,-3.4969,-2.6468,8.2464,0,REST
2247,8.77734375,1.0015,-0.1368,0.5553,8.5781,0,REST
2248,8.78125,-6.3638,-1.6603,-1.0569,12.6245,0,REST
2249,8.78515625,-6.6593,-5.8034,3.4866,14.4187,0,REST
2250,8.7890625,-5.2199,-3.6892,3.2092,11.9666,0,REST
2251,8.79296875,-7.614,-4.4423,2.7657,11.6436,0,REST
2252,8.796875,-8.7802,-2.7324,3.228,12.0967,0,REST
2253,8.80078125,0.7011,-1.4533,2.5281,9.1327,0,REST
2254,8.8046875,-2.8538,-3.0337,5.1802,6.5205,0,REST
2255,8.80859375,-4.7533,-0.6732,6.0667,2.1676,0,REST
2256,8.8125,1.3175,-6.6004,5.1822,-0.0995,0,REST
2257,8.81640625,3.0938,2.6217,4.8064,-6.8096,0,REST
2258,8.8203125,7.4966,-0.7926,2.0018,-7.081,0,REST
2259,8.82421875,6.8884,-2.5616,4.2713,-11.5007,0,REST
2260,8.828125,7.9377,-0.5796,6.7047,-10.5005,0,REST
2261,8.83203125,6.3503,2.3361,3.6024,-16.5555,0,REST
2262,8.8359375,11.6562,4.2057,-1.6861,-11.2702,0,REST
2263,8.83984375,7.9726,4.7564,4.4592,-8.9882,0,REST
2264,8.84375,5.2644,5.3042,-2.2744,-8.0592,0,REST
2265,8.84765625,5.6071,3.3349,-3.584,-4.122,0,REST
2266,8.8515625,5.6302,5.3576,-4.507,-3.2856,0,REST
2267,8.85546875,3.378,3.1231,-5.488,1.7618,0,REST
2268,8.859375,0.6547,5.8085,-9.9243,3.2219,0,REST
2269,8.86328125,-0.7504,2.7266,-8.1941,5.7148,0,REST
2270,8.8671875,-5.1056,5.2009,-5.2534,9.3694,0,REST
2271,8.87109375,-6.1232,1.7128,-8.8826,13.9568,0,REST
2272,8.875,-10.8109,0.1628,-7.0997,14.0308,0,REST
2273,8.87890625,-7.3188,2.5631,-3.4017,13.8752,0,REST
2274,8.8828125,-15.0916,-3.7848,-2.7872,9.7478,0,REST
2275,8.88671875,-8.5087,4.4324,2.4229,12.6166,0,REST
2276,8.890625,-6.3819,-0.7526,2.8934,6.3997,0,REST
2277,8.89453125,-9.5616,-4.5292,5.5965,6.4582,0,REST
2278,8.8984375,-0.0228,-6.2286,3.3328,1.6972,0,REST
2279,8.90234375,-7.2894,-5.1421,6.3314,-2.8302,0,REST
2280,8.90625,-1.802,-4.4965,11.5296,-4.9155,0,REST
2281,8.91015625,3.8953,-1.0964,11.466,-5.6172,0,REST
2282,8.9140625,5.8737,-7.9458,12.3931,-9.7857,0,REST
2283,8.91796875,5.3485,-4.8531,5.8794,-7.9818,0,REST
2284,8.921875,11.9887,-1.3626,6.0314,-14.3015,0,REST
2285,8.92578125,12.3592,0.5085,4.8961,-10.2217,0,REST
2286,8.9296875,12.7565,-0.5706,3.9892,-11.0507,0,REST
2287,8.93359375,11.7816,1.4683,0.1499,-7.6522,0,REST
2288,8.9375,10.2688,4.6692,1.5809,-4.2999,0,REST
2289,8.94140625,7.3195,1.1119,-7.1914,-3.1714,0,REST
2290,8.9453125,6.5073,5.864,-11.5852,2.9283,0,REST
2291,8.94921875,1.7198,4.806,-12.3861,0.1482,0,REST
2292,8.953125,-1.5421,3.8937,-16.2463,3.3826,0,REST
2293,8.95703125,-6.2861,5.8889,-14.1403,7.5205,0,REST
2294,8.9609375,-6.7407,6.5352,-12.9407,7.4778,0,REST
2295,8.96484375,-6.435,7.4696,-9.2493,8.8276,0,REST
2296,8.96875,-7.5061,4.6475,-6.5855,7.7151,0,REST
2297,8.97265625,-16.14,3.0787,-7.1785,6.3529,0,REST
2298,8.9765625,-11.0681,1.4784,-4.3965,8.6835,0,REST
2299,8.98046875,-9.8076,-1.3886,0.1883,5.565,0,REST
2300,8.984375,-10.3803,1.3109,-0.0298,2.274,0,REST
2301,8.98828125,-5.8951,-2.2901,3.4051,0.99,0,REST
2302,8.9921875,-9.7064,-6.4874,8.3175,-5.3477,0,REST
2303,8.99609375,-4.2742,-9.2123,10.3421,-0.488,0,REST
2304,9.0,0.3214,-8.3394,9.5629,-2.1998,0,REST
2305,9.00390625,3.8179,-9.8958,12.5112,-4.2402,0,REST
2306,9.0078125,4.9923,-10.3512,11.1426,-8.0453,0,REST
2307,9.01171875,9.0554,-8.4403,12.5061,-4.7055,0,REST
2308,9.015625,11.5887,-9.2798,9.8923,-8.408,0,REST
2309,9.01953125,8.4575,-5.1059,8.0516,-5.673,0,REST
2310,9.0234375,11.6547,-1.9134,7.9055,-6.0645,0,REST
2311,9.02734375,10.0578,-1.198,2.3145,-3.044,0,REST
2312,9.03125,11.9906,1.8859,-1.0806,-3.7653,0,REST
2313,9.03515625,5.8506,1.9738,-4.9676,-3.5511,0,REST
2314,9.0390625,6.9489,10.5095,-8.4417,1.6122,0,REST
2315,9.04296875,3.0813,10.1782,-12.4062,2.4993,0,REST
2316,9.046875,-0.0398,7.2304,-14.1812,5.2463,0,REST
2317,9.05078125,-4.3939,11.1558,-10.9674,3.688,0,REST
2318,9.0546875,-6.8178,11.8488,-13.4491,5.3623,0,REST
2319,9.05859375,-12.0369,6.4453,-10.0108,3.9538,0,REST
2320,9.0625,-10.473,5.5207,-9.2565,4.7893,0,REST
2321,9.06640625,-9.7394,4.039,-8.4869,4.1924,0,REST
2322,9.0703125,-8.8226,1.198,-3.6378,4.3448,0,REST
2323,9.07421875,-12.5317,-1.5291,-4.2483,1.9175,0,REST
2324,9.078125,-10.2054,-0.4673,4.2535,-1.1746,0,REST
2325,9.08203125,-2.6418,-3.9187,4.9085,0.8561,0,REST
2326,9.0859375,-3.5882,-8.4362,7.0667,-0.8506,0,REST
2327,9.08984375,-2.0289,-8.9038,7.0862,0.8446,0,REST
2328,9.09375,-1.4747,-12.3546,11.4413,2.3089,0,REST
2329,9.09765625,2.2026,-10.0529,13.0674,-0.1493,0,REST
2330,9.1015625,6.8437,-10.2632,11.9193,-5.1914,0,REST
2331,9.10546875,7.7709,-9.6593,8.1441,-4.0928,0,REST
2332,9.109375,8.6111,-8.767,8.9954,-3.5392,0,REST
2333,9.11328125,14.4858,-8.727,8.5261,1.0907,0,REST
2334,9.1171875,11.3956,-7.0635,4.5201,-4.2724,0,REST
2335,9.12109375,8.3864,-1.7665,1.4665,-5.2706,0,REST
2336,9.125,6.6175,2.3423,0.2756,-2.6701,0,REST
2337,9.12890625,5.9942,3.6483,-8.4531,-7.1354,0,REST
2338,9.1328125,7.4055,6.7156,-5.2087,-0.6248,0,REST
2339,9.13671875,1.5876,11.956,-5.1887,-3.8589,0,REST
2340,9.140625,0.1037,7.1148,-8.7879,-2.5663,0,REST
2341,9.14453125,-1.7603,13.3188,-5.7369,-2.6453,0,REST
2342,9.1484375,-2.5237,9.9567,-8.8729,-1.7885,0,REST
2343,9.15234375,-6.5828,9.8109,-9.0544,1.5456,0,REST
2344,9.15625,-7.2761,10.0141,-9.6016,0.0852,0,REST
2345,9.16015625,-7.9348,6.9469,-4.4209,2.677,0,REST
2346,9.1640625,-10.2178,3.6286,-2.1019,5.9915,0,REST
2347,9.16796875,-4.7443,0.5812,-2.9367,2.3459,0,REST
2348,9.171875,-6.2093,-2.9334,2.1217,4.7025,0,REST
2349,9.17578125,-4.2244,-5.1767,2.7313,7.8542,0,REST
2350,9.1796875,-3.6928,-12.1164,1.9942,6.3745,0,REST
2351,9.18359375,-5.5093,-10.318,4.2122,2.7481,0,REST
2352,9.1875,1.6062,-11.5406,6.8521,0.4175,0,REST
2353,9.19140625,1.9236,-13.6094,3.2176,3.2486,0,REST
2354,9.1953125,7.3571,-15.8955,8.3087,2.0927,0,REST
2355,9.19921875,4.7401,-11.9986,3.9405,1.0891,0,REST
2356,9.203125,4.8293,-10.3429,4.9082,-2.041,0,REST
2357,9.20703125,6.0529,-4.5737,2.5745,-3.4073,0,REST
2358,9.2109375,2.3949,-6.1608,5.8837,-5.3187,0,REST
2359,9.21484375,4.8612,0.7549,1.7613,-5.4041,0,REST
2360,9.21875,4.4472,2.5463,1.0223,-5.8249,0,REST
2361,9.22265625,3.7043,4.5696,0.2158,-6.8266,0,REST
2362,9.2265625,1.659,10.8002,0.1435,-8.7921,0,REST
2363,9.23046875,5.8277,10.6264,2.2603,-4.2968,0,REST
2364,9.234375,4.8116,17.2868,0.297,-3.4364,0,REST
2365,9.23828125,0.2966,14.1093,-0.143,-4.0664,0,REST
2366,9.2421875,1.463,11.2219,-3.4788,-2.6609,0,REST
2367,9.24609375,-2.3521,11.0727,-0.9531,-2.1234,0,REST
2368,9.25,1.0436,13.4589,-4.8916,-0.1067,0,REST
2369,9.25390625,-1.2622,6.7579,-2.3612,5.6011,0,REST
2370,9.2578125,-3.1683,6.4611,-0.4642,6.4401,0,REST
2371,9.26171875,-1.2046,1.8266,-4.5751,7.8872,0,REST
2372,9.265625,-2.8445,-5.7882,-3.9136,8.8363,0,REST
2373,9.26953125,0.6773,-0.8325,-0.6803,7.3495,0,REST
2374,9.2734375,-3.4696,-6.6363,-0.5575,10.3303,0,REST
2375,9.27734375,-4.5887,-11.7769,-4.3967,8.1069,0,REST
2376,9.28125,-1.2763,-10.4667,0.5416,3.7466,0,REST
2377,9.28515625,-7.0216,-13.0983,-0.7804,5.774,0,REST
2378,9.2890625,-2.5129,-16.1868,-0.2266,2.856,0,REST
2379,9.29296875,-2.8553,-8.8701,-0.5586,-1.0853,0,REST
2380,9.296875,-0.7886,-12.2168,1.5115,-1.5471,0,REST
2381,9.30078125,-7.5097,-6.4508,1.1788,-3.2711,0,REST
2382,9.3046875,-0.3563,-2.1159,-0.0468,-7.4776,0,REST
2383,9.30859375,-0.7287,0.1828,5.5121,-9.1261,0,REST
2384,9.3125,0.3509,3.7492,5.531,-12.2463,0,REST
2385,9.31640625,2.7948,6.06,6.0057,-11.1995,0,REST
2386,9.3203125,4.2945,7.8126,7.3194,-13.2447,0,REST
2387,9.32421875,4.4722,6.0609,6.638,-6.5889,0,REST
2388,9.328125,9.6144,11.2879,3.7642,-12.5689,0,REST
2389,9.33203125,7.4303,11.0349,4.9923,-4.5519,0,REST
2390,9.3359375,6.5317,12.0311,7.1508,-2.4933,0,REST
2391,9.33984375,7.2123,12.577,1.7421,0.5407,0,REST
2392,9.34375,7.4071,6.372,0.7777,9.649,0,REST
2393,9.34765625,10.4603,9.0234,3.3387,7.6346,0,REST
2394,9.3515625,5.1338,3.8398,-0.7212,10.6652,0,REST
2395,9.35546875,2.438,-1.7556,-5.4599,12.8865,0,REST
2396,9.359375,-1.6719,-2.9351,-8.3914,12.522,0,REST
2397,9.36328125,-1.0386,-2.674,-5.2686,12.729,0,REST
2398,9.3671875,-6.0237,-7.4708,-8.9123,9.3838,0,REST
2399,9.37109375,-5.5839,-6.3831,-10.3513,9.7109,0,REST
2400,9.375,-11.3357,-8.7933,-10.2404,8.4521,0,REST
2401,9.37890625,-8.1988,-12.1793,-10.0392,3.6401,0,REST
2402,9.3828125,-8.4112,-11.1878,-9.8686,0.578,0,REST
2403,9.38671875,-14.3294,-10.4776,-4.9344,-4.9646,0,REST
2404,9.390625,-10.7302,-6.642,-2.7494,-6.7027,0,REST
2405,9.39453125,-8.5755,-5.722,-2.0121,-7.0793,0,REST
2406,9.3984375,-3.3535,-5.395,0.9132,-10.6823,0,REST
2407,9.40234375,-5.6633,-0.5845,4.7624,-13.2793,0,REST
2408,9.40625,1.8024,2.2857,6.2834,-14.0038,0,REST
2409,9.41015625,-1.0558,5.3227,7.877,-13.9275,0,REST
2410,9.4140625,7.2909,7.1071,13.067,-11.5416,0,REST
2411,9.41796875,10.1006,6.8627,12.5882,-4.8216,0,REST
2412,9.421875,7.7475,10.7001,11.4883,-4.036,0,REST
2413,9.42578125,8.1628,10.3741,9.9512,-0.1956,0,REST
2414,9.4296875,13.4371,7.6649,7.9614,1.5547,0,REST
2415,9.43359375,11.6434,8.1271,3.9003,4.4368,0,REST
2416,9.4375,12.8104,4.2657,5.865,8.9088,0,REST
2417,9.44140625,8.6999,3.832,1.3934,13.8925,0,REST
2418,9.4453125,6.0974,-0.3194,1.1215,12.5887,0,REST
2419,9.44921875,3.7212,-3.9369,-6.1947,13.6849,0,REST
2420,9.453125,3.4101,2.57,-8.1143,11.1648,0,REST
2421,9.45703125,-3.1479,-5.6773,-11.9175,7.3727,0,REST
2422,9.4609375,-4.2589,-2.7584,-13.6343,9.7962,0,REST
2423,9.46484375,-9.118,-7.7176,-14.0252,4.7751,0,REST
2424,9.46875,-11.3588,-8.5884,-15.8189,4.9773,0,REST
2425,9.47265625,-14.1404,-5.0856,-8.3231,0.3337,0,REST
2426,9.4765625,-11.1451,-9.2277,-9.5859,-2.9557,0,REST
2427,9.48046875,-12.069,-8.4628,-6.8499,-5.2105,0,REST
2428,9.484375,-11.1165,-9.3812,-6.0078,-12.6825,0,REST
2429,9.48828125,-8.1298,-3.5252,-5.0613,-8.3109,0,REST
2430,9.4921875,-8.2127,-2.6969,1.631,-12.4438,0,REST
2431,9.49609375,-3.6617,-2.057,4.0134,-8.4281,0,REST
2432,9.5,0.8218,1.233,5.8973,-12.141,0,REST
2433,9.50390625,2.5476,-1.9715,9.8363,-6.5303,0,REST
2434,9.5078125,6.6689,2.0394,9.9211,-6.0733,0,REST
2435,9.51171875,9.2748,4.8823,13.6603,-5.1437,0,REST
2436,9.515625,12.4978,8.4273,11.189,-0.4189,0,REST
2437,9.51953125,14.3823,4.4886,12.5452,4.6425,0,REST
2438,9.5234375,13.9332,6.4577,9.378,8.1423,0,REST
2439,9.52734375,15.4729,7.2311,7.2581,8.4494,0,REST
2440,9.53125,12.9516,5.3321,3.3049,10.3851,0,REST
2441,9.53515625,11.2355,4.2016,0.5784,11.1619,0,REST
2442,9.5390625,8.0062,-1.6514,-0.091,8.9274,0,REST
2443,9.54296875,2.826,6.121,-6.0172,8.2435,0,REST
2444,9.546875,2.3939,-1.1194,-8.43,9.7175,0,REST
2445,9.55078125,-4.7391,-1.5689,-7.7757,5.4719,0,REST
2446,9.5546875,-9.4277,-2.2604,-11.7434,7.6913,0,REST
2447,9.55859375,-10.815,-3.7264,-15.3426,5.6763,0,REST
2448,9.5625,-12.9314,-2.7885,-11.659,-0.3127,0,REST
2449,9.56640625,-12.0386,-0.3761,-10.5086,-5.1062,0,REST
2450,9.5703125,-11.2246,-4.3004,-11.0355,-3.1977,0,REST
2451,9.57421875,-10.5454,-2.5817,-7.2741,-6.865,0,REST
2452,9.578125,-10.3143,-3.2873,-1.4384,-7.1943,0,REST
2453,9.58203125,-7.9915,-4.083,-3.3653,-10.6422,0,REST
2454,9.5859375,-7.8769,-3.5296,1.3604,-8.3913,0,REST
2455,9.58984375,-1.5567,-2.231,3.6784,-8.9665,0,REST
2456,9.59375,1.6324,-3.2475,3.3168,-5.795,0,REST
2457,9.59765625,2.4607,0.8883,11.6074,-3.5481,0,REST
2458,9.6015625,5.5201,-1.4049,12.8451,-3.4733,0,REST
2459,9.60546875,5.5739,-2.6553,11.5864,-2.8989,0,REST
2460,9.609375,7.4836,2.1562,9.3542,-1.6368,0,REST
2461,9.61328125,7.0475,5.0395,8.2248,4.1983,0,REST
2462,9.6171875,8.1563,2.3006,5.0631,3.9128,0,REST
2463,9.62109375,10.4486,0.6588,8.7523,8.4275,0,REST
2464,9.625,3.3867,-0.596,6.7821,3.8077,0,REST
2465,9.62890625,4.8676,1.953,4.4865,5.6469,0,REST
2466,9.6328125,6.9915,3.9649,-1.3843,4.2271,0,REST
2467,9.63671875,4.2247,2.1147,-5.3752,6.0102,0,REST
2468,9.640625,-3.2309,2.2326,-3.5466,5.5057,0,REST
2469,9.64453125,-1.9128,3.7068,-3.4679,4.3943,0,REST
2470,9.6484375,-6.7754,3.3125,-3.8227,4.1306,0,REST
2471,9.65234375,-4.433,0.6434,-6.745,2.0483,0,REST
2472,9.65625,-1.5418,2.2224,-8.3692,2.3728,0,REST
2473,9.66015625,-10.0194,1.6279,-10.5729,1.0067,0,REST
2474,9.6640625,-9.0607,1.9703,-6.0447,-0.5995,0,REST
2475,9.66796875,-10.3279,-0.3859,-5.7791,1.0486,0,REST
2476,9.671875,-5.4123,-0.8632,-3.3672,-1.1327,0,REST
2477,9.67578125,-4.679,-3.7718,-4.1883,-0.7061,0,REST
2478,9.6796875,0.5585,0.3963,-3.7513,-4.7437,0,REST
2479,9.68359375,0.4315,-6.8423,4.0614,-0.7599,0,REST
2480,9.6875,0.8829,-1.6719,-0.1617,-2.0748,0,REST
2481,9.69140625,-0.4754,-5.059,1.5762,-3.1048,0,REST
2482,9.6953125,3.3197,-7.7164,4.5388,-1.752,0,REST
2483,9.69921875,0.8891,-8.6115,7.5644,0.7807,0,REST
2484,9.703125,1.573,-0.7331,4.9562,-3.2919,0,REST
2485,9.70703125,1.4298,-4.4133,3.4336,-3.4568,0,REST
2486,9.7109375,3.0923,-3.783,4.3483,-3.8571,0,REST
2487,9.71484375,6.0739,-1.9247,5.0872,1.7725,0,REST
2488,9.71875,2.6631,1.5653,5.5891,1.2053,0,REST
2489,9.72265625,1.7566,3.3878,3.569,2.5153,0,REST
2490,9.7265625,1.5317,3.6094,1.6856,-1.4607,0,REST
2491,9.73046875,2.3754,3.3682,3.5144,2.3241,0,REST
2492,9.734375,0.4273,7.4515,-0.2717,0.0497,0,REST
2493,9.73828125,2.4413,3.2617,2.9348,7.1817,0,REST
2494,9.7421875,-0.6665,5.7063,-0.4568,1.6175,0,REST
2495,9.74609375,1.0138,8.6526,1.523,6.39,0,REST
2496,9.75,0.7234,8.7232,4.0829,4.5985,0,REST
2497,9.75390625,-1.922,4.4281,-0.9749,4.2597,0,REST
2498,9.7578125,-5.8561,3.8389,-3.5204,3.8489,0,REST
2499,9.76171875,-4.9356,2.0591,-1.697,0.7773,0,REST
2500,9.765625,-5.2694,-2.1384,-4.0293,5.9645,0,REST
2501,9.76953125,-2.8272,-1.3132,-6.947,1.9795,0,REST
2502,9.7734375,-1.3796,-5.1493,-6.6324,-2.2246,0,REST
2503,9.77734375,-5.9638,-7.5555,-4.2613,-5.1116,0,REST
2504,9.78125,-3.5305,-6.5963,-4.947,-2.9028,0,REST
2505,9.78515625,-7.5852,-9.0943,-3.1362,-5.9005,0,REST
2506,9.7890625,-3.9706,-8.719,-2.5521,-3.2536,0,REST
2507,9.79296875,-4.559,-9.9018,-4.8351,-6.0786,0,REST
2508,9.796875,-3.2921,-9.4119,-0.1884,-7.5579,0,REST
2509,9.80078125,0.4315,-5.2437,-2.7433,-5.654,0,REST
2510,9.8046875,-0.2722,-4.292,-1.8982,-1.6079,0,REST
2511,9.80859375,-0.8204,-10.3616,3.6954,-4.5857,0,REST
2512,9.8125,0.5813,-0.3131,-0.236,-0.368,0,REST
2513,9.81640625,2.3394,1.8843,2.4507,-3.3097,0,REST
2514,9.8203125,1.0168,3.81,4.1692,-2.1157,0,REST
2515,9.82421875,6.2533,6.5773,3.916,0.1549,0,REST
2516,9.828125,5.0816,11.693,3.9148,4.522,0,REST
2517,9.83203125,7.3805,12.0148,8.1927,5.6292,0,REST
2518,9.8359375,5.7476,8.1108,6.3165,7.8805,0,REST
2519,9.83984375,7.5015,8.4339,8.7112,7.332,0,REST
2520,9.84375,10.3215,5.9351,2.6991,8.9826,0,REST
2521,9.84765625,2.5002,7.6497,5.0107,9.6822,0,REST
2522,9.8515625,4.6903,5.9183,0.6424,10.5472,0,REST
2523,9.85546875,4.6831,5.7708,3.4323,5.3602,0,REST
2524,9.859375,1.2711,-0.2117,-0.0268,1.9929,0,REST
2525,9.86328125,-1.1161,-7.449,-8.0632,3.35,0,REST
2526,9.8671875,-5.1482,-3.8712,-6.6063,-4.322,0,REST
2527,9.87109375,-5.7132,-8.4577,-8.2079,-3.9143,0,REST
2528,9.875,-4.2963,-9.1597,-9.2781,-9.3332,0,REST
2529,9.87890625,-10.0881,-12.5841,-11.2385,-8.2646,0,REST
2530,9.8828125,-10.1446,-10.4809,-11.8758,-11.1615,0,REST
2531,9.88671875,-10.9838,-12.8152,-7.4076,-12.7032,0,REST
2532,9.890625,-9.7008,-7.8781,-7.3365,-10.4889,0,REST
2533,9.89453125,-10.1509,-9.7408,-10.7354,-6.1011,0,REST
2534,9.8984375,-4.4914,-4.9226,-1.8302,-13.8234,0,REST
2535,9.90234375,-5.2617,-4.4518,-1.8414,-5.0665,0,REST
2536,9.90625,-0.3127,0.657,-1.0425,-1.3235,0,REST
2537,9.91015625,-0.7303,-1.6488,5.6342,-0.0648,0,REST
2538,9.9140625,5.6279,4.4981,5.6313,2.4098,0,REST
2539,9.91796875,8.7036,11.5105,5.3795,5.6255,0,REST
2540,9.921875,7.5425,10.7052,13.851,8.114,0,REST
2541,9.92578125,8.8275,12.8172,13.8932,12.5138,0,REST
2542,9.9296875,13.5653,9.1495,15.3497,12.7893,0,REST
2543,9.93359375,12.8648,15.7955,10.2087,11.3987,0,REST
2544,9.9375,10.3187,14.0073,10.3033,12.5668,0,REST
2545,9.94140625,13.0948,7.6461,8.2003,12.6657,0,REST
2546,9.9453125,4.7753,7.6981,4.5804,8.8768,0,REST
2547,9.94921875,3.5498,2.8767,2.8163,4.5887,0,REST
2548,9.953125,4.6539,4.9063,-2.4659,0.9015,0,REST
2549,9.95703125,-4.2662,-4.389,-2.1552,-0.7363,0,REST
2550,9.9609375,-3.8782,-3.1991,-7.3278,-8.8333,0,REST
2551,9.96484375,-7.4792,-8.601,-9.2629,-4.5735,0,REST
2552,9.96875,-10.9384,-10.8754,-10.4333,-4.0248,0,REST
2553,9.97265625,-11.9768,-12.083,-9.8649,-12.7341,0,REST
2554,9.9765625,-15.411,-10.8255,-13.9043,-11.8039,0,REST
2555,9.98046875,-10.5975,-13.8718,-13.4228,-10.9843,0,REST
2556,9.984375,-15.5097,-11.1107,-8.8736,-10.6681,0,REST
2557,9.98828125,-8.7112,-9.2163,-7.7512,-8.51,0,REST
2558,9.9921875,-10.2965,-5.2143,-7.0335,-5.6583,0,REST
2559,9.99609375,-4.9565,-1.2275,-4.8794,-3.832,0,REST
2560,10.0,-1.4352,0.2437,0.3674,-0.4948,0,REST
2561,10.00390625,3.3375,3.9482,3.0489,5.7712,0,REST
2562,10.0078125,8.618,5.4049,7.9689,7.675,0,REST
2563,10.01171875,9.5946,10.4376,8.5012,9.7368,0,REST
2564,10.015625,11.6184,13.1388,9.3258,11.8767,0,REST
2565,10.01953125,13.5943,14.2603,9.7904,9.9153,0,REST
2566,10.0234375,16.0114,10.6277,13.368,16.0009,0,REST
2567,10.02734375,8.3314,11.5785,11.6712,14.0627,0,REST
2568,10.03125,8.3309,12.1942,7.2406,13.111,0,REST
2569,10.03515625,11.2734,9.287,10.5246,5.4429,0,REST
2570,10.0390625,0.4719,7.6081,5.6154,2.1504,0,REST
2571,10.04296875,5.3154,4.2589,5.1525,5.7216,0,REST
2572,10.046875,0.517,1.155,2.1865,0.8922,0,REST
2573,10.05078125,-2.2889,-4.8223,-2.8019,-5.9559,0,REST
2574,10.0546875,-6.5186,-6.3241,-4.1268,-4.8778,0,REST
2575,10.05859375,-6.7929,-9.18,-9.4231,-12.2755,0,REST
2576,10.0625,-8.4703,-11.1485,-5.5586,-9.7647,0,REST
2577,10.06640625,-10.5737,-10.024,-11.3385,-7.0741,0,REST
2578,10.0703125,-11.7827,-9.4135,-11.9091,-14.4752,0,REST
2579,10.07421875,-9.8231,-13.2325,-12.6842,-8.5962,0,REST
2580,10.078125,-11.3003,-12.9723,-12.0288,-3.1897,0,REST
2581,10.08203125,-8.086,-9.1472,-8.0445,-8.6592,0,REST
2582,10.0859375,-4.759,-4.5552,-6.4661,-1.5147,0,REST
2583,10.08984375,-1.7008,-4.9583,-2.0305,2.3746,0,REST
2584,10.09375,0.2787,-2.6315,0.8051,3.1242,0,REST
2585,10.09765625,5.59,3.5399,1.7913,7.2824,0,REST
2586,10.1015625,4.6829,6.148,4.2701,9.053,0,REST
2587,10.10546875,6.6249,8.9691,6.4987,9.7961,0,REST
2588,10.109375,9.588,9.7949,6.4714,10.4279,0,REST
2589,10.11328125,8.2572,14.4022,9.1279,12.9283,0,REST
2590,10.1171875,10.7946,7.7338,7.5721,8.0426,0,REST
2591,10.12109375,8.0047,10.1743,8.464,9.9004,0,REST
2592,10.125,8.5871,8.5279,10.2996,10.3266,0,REST
2593,10.12890625,5.2335,5.3276,6.9235,2.852,0,REST
2594,10.1328125,4.4631,6.3514,4.1073,2.7891,0,REST
2595,10.13671875,2.0449,0.2803,3.7409,-6.6415,0,REST
2596,10.140625,0.1808,1.7826,-1.1342,1.7846,0,REST
2597,10.14453125,-1.5511,-2.3269,-0.9724,-3.8818,0,REST
2598,10.1484375,-5.1046,-6.7674,-0.8624,-6.4767,0,REST
2599,10.15234375,-4.9484,-6.5217,-6.9538,-7.2828,0,REST
2600,10.15625,-4.8636,-9.0302,-6.0352,-11.453,0,REST
2601,10.16015625,-5.5637,-8.7925,-7.0218,-7.2766,0,REST
2602,10.1640625,-8.8032,-11.1569,-4.9546,-9.2056,0,REST
2603,10.16796875,-5.3153,-12.8471,-7.9547,-6.3978,0,REST
2604,10.171875,-8.9278,-11.9789,-5.5562,-2.8702,0,REST
2605,10.17578125,-2.5267,-6.0685,-6.3155,-4.7025,0,REST
2606,10.1796875,-3.2281,-4.3168,-2.6809,-0.0256,0,REST
2607,10.18359375,-3.6609,0.0585,-0.6613,2.4843,0,REST
2608,10.1875,-0.3821,1.8247,0.5969,6.7151,0,REST
2609,10.19140625,4.1983,2.4891,1.5912,7.866,0,REST
2610,10.1953125,3.9953,2.7288,-2.1528,4.6424,0,REST
2611,10.19921875,4.8148,6.5765,1.5122,4.1906,0,REST
2612,10.203125,1.9274,7.0219,-0.2033,5.7171,0,REST
2613,10.20703125,5.4635,6.2899,3.8482,6.8945,0,REST
2614,10.2109375,1.145,9.28,3.527,3.9615,0,REST
2615,10.21484375,5.401,10.8324,6.2126,3.0172,0,REST
2616,10.21875,4.4567,8.8349,3.7927,5.6305,0,REST
2617,10.22265625,4.8301,3.8018,2.0893,2.6323,0,REST
2618,10.2265625,1.8926,5.6514,3.0165,1.8976,0,REST
2619,10.23046875,1.5944,1.7696,5.9322,-1.5176,0,REST
2620,10.234375,4.5114,0.8644,2.7748,-0.8979,0,REST
2621,10.23828125,3.2956,-2.6054,-2.3572,-3.491,0,REST
2622,10.2421875,1.3765,-2.6617,2.0783,-1.2693,0,REST
2623,10.24609375,1.194,-5.019,1.3368,-4.2157,0,REST
2624,10.25,-2.2504,-6.1554,-5.1032,-1.9022,0,REST
2625,10.25390625,0.5511,-6.0806,-0.6623,-5.8938,0,REST
2626,10.2578125,-2.7506,-6.4978,2.8544,-6.6965,0,REST
2627,10.26171875,-3.4582,-8.4436,1.2121,-4.5217,0,REST
2628,10.265625,-3.3438,-8.2237,-1.3192,-4.462,0,REST
2629,10.26953125,-4.9792,-7.5013,-1.2314,-6.3546,0,REST
2630,10.2734375,-1.99,-3.2514,0.4845,1.3427,0,REST
2631,10.27734375,-2.7854,-1.4649,-1.6523,-2.3068,0,REST
2632,10.28125,-2.023,-0.8385,-0.7191,1.7719,0,REST
2633,10.28515625,-5.8024,-0.2356,-3.2951,2.9128,0,REST
2634,10.2890625,-3.2149,2.7722,-4.9496,3.2372,0,REST
2635,10.29296875,-4.0949,4.8059,-6.9606,3.8544,0,REST
2636,10.296875,-4.5742,5.9943,-4.3056,-0.1696,0,REST
2637,10.30078125,-0.7575,1.6068,-3.2231,2.6756,0,REST
2638,10.3046875,-1.9152,6.329,-3.438,3.1382,0,REST
2639,10.30859375,3.3938,5.3373,-0.6976,2.8276,0,REST
2640,10.3125,-0.228,4.5427,0.2576,3.3569,0,REST
2641,10.31640625,1.5888,3.8411,5.8739,6.0804,0,REST
2642,10.3203125,1.8089,6.1879,-2.3425,5.2537,0,REST
2643,10.32421875,6.9325,4.8841,4.443,-1.8697,0,REST
2644,10.328125,8.6937,2.0221,8.2786,1.3161,0,REST
2645,10.33203125,4.9629,-3.8162,5.4436,5.524,0,REST
2646,10.3359375,7.0496,0.5081,7.0009,-1.8846,0,REST
2647,10.33984375,4.2375,-2.5515,6.509,-1.0411,0,REST
2648,10.34375,7.3963,-0.0062,7.255,-3.4523,0,REST
2649,10.34765625,2.6605,2.3297,10.6599,0.4655,0,REST
2650,10.3515625,4.466,1.4027,7.6932,-3.0943,0,REST
2651,10.35546875,-0.2892,-2.3471,2.7688,-3.062,0,REST
2652,10.359375,-0.311,0.9153,1.1516,-2.053,0,REST
2653,10.36328125,-2.9869,-3.813,2.3098,-6.459,0,REST
2654,10.3671875,-5.6099,-4.527,1.8269,-3.6615,0,REST
2655,10.37109375,-5.005,-0.29,-1.8538,-4.7248,0,REST
2656,10.375,-8.8683,-3.1841,-7.0221,-4.4756,0,REST
2657,10.37890625,-8.1296,-0.5985,-8.3356,-6.9741,0,REST
2658,10.3828125,-9.8128,3.3149,-9.0292,-3.4229,0,REST
2659,10.38671875,-9.0984,-5.2804,-8.9448,-1.4389,0,REST
2660,10.390625,-9.2761,-1.224,-8.7621,-1.6327,0,REST
2661,10.39453125,-9.0179,0.9971,-9.6995,0.6085,0,REST
2662,10.3984375,-3.8049,0.143,-7.013,0.2238,0,REST
2663,10.40234375,-7.0043,0.7764,-9.2058,6.9918,0,REST
2664,10.40625,-0.7676,2.2787,-6.0207,7.1175,0,REST
2665,10.41015625,-1.1079,1.7409,-2.9115,9.1159,0,REST
2666,10.4140625,1.2914,2.0904,-1.1877,7.1839,0,REST
2667,10.41796875,6.9274,5.1272,2.8796,7.5211,0,REST
2668,10.421875,8.1355,6.4113,5.6015,8.0505,0,REST
2669,10.42578125,13.9032,5.6103,6.7351,5.2907,0,REST
2670,10.4296875,9.7206,4.7994,10.8936,5.1736,0,REST
2671,10.43359375,11.4154,1.0355,9.5807,1.33,0,REST
2672,10.4375,8.9713,-0.7326,14.3587,-2.857,0,REST
2673,10.44140625,9.3264,1.4046,15.0415,-3.3877,0,REST
2674,10.4453125,3.6386,2.3567,13.1634,-4.5311,0,REST
2675,10.44921875,5.1031,-1.4741,6.1151,-9.6237,0,REST
2676,10.453125,-0.5073,-2.1946,13.3127,-9.3498,0,REST
2677,10.45703125,-2.7876,-0.707,4.1073,-11.707,0,REST
2678,10.4609375,-8.5584,-1.8253,-1.9397,-14.1744,0,REST
2679,10.46484375,-10.1294,-4.1339,-6.1626,-9.7803,0,REST
2680,10.46875,-10.2407,-7.4737,-4.9264,-6.3703,0,REST
2681,10.47265625,-13.1903,-5.8534,-8.5668,-7.5218,0,REST
2682,10.4765625,-12.8961,-6.5909,-11.7447,-2.2562,0,REST
2683,10.48046875,-10.4982,-5.9141,-15.1773,-1.1731,0,REST
2684,10.484375,-15.5042,-4.9765,-10.9666,-0.2203,0,REST
2685,10.48828125,-11.2888,-4.8314,-11.0754,5.4289,0,REST
2686,10.4921875,-9.2226,-2.3329,-10.5068,6.8032,0,REST
2687,10.49609375,-2.4613,-4.0846,-10.2903,8.7822,0,REST
2688,10.5,-2.845,0.8895,-7.7731,11.7708,0,REST
2689,10.50390625,2.4266,-1.6288,-3.6022,13.3467,0,REST
2690,10.5078125,10.4475,2.0093,-2.503,12.5579,0,REST
2691,10.51171875,11.7294,5.615,0.9959,8.9153,0,REST
2692,10.515625,9.3703,3.1517,5.6494,9.7189,0,REST
2693,10.51953125,14.9204,5.5235,8.1266,6.1493,0,REST
2694,10.5234375,16.6318,7.79,9.7961,2.4808,0,REST
2695,10.52734375,11.7545,8.5669,13.6612,1.0157,0,REST
2696,10.53125,9.7377,8.6194,12.4365,-1.2578,0,REST
2697,10.53515625,11.5314,9.4968,12.0337,-7.7594,0,REST
2698,10.5390625,4.9522,9.8757,13.2237,-8.3529,0,REST
2699,10.54296875,3.8902,3.7069,8.692,-9.3314,0,REST
2700,10.546875,0.044,1.9646,6.9978,-14.3223,0,REST
2701,10.55078125,-3.4546,-3.3354,8.6759,-13.5954,0,REST
2702,10.5546875,-6.8107,-4.6018,-0.2777,-7.7641,0,REST
2703,10.55859375,-8.9154,-4.6321,0.0453,-9.8643,0,REST
2704,10.5625,-12.8252,-6.4845,-6.5804,-5.7841,0,REST
2705,10.56640625,-9.819,-5.1498,-8.435,-4.4067,0,REST
2706,10.5703125,-13.16,-7.7793,-10.3718,-1.6532,0,REST
2707,10.57421875,-9.3796,-7.9609,-9.7872,2.1192,0,REST
2708,10.578125,-10.0584,-7.1877,-11.6672,7.3287,0,REST
2709,10.58203125,-8.1348,-7.9289,-11.2866,10.3833,0,REST
2710,10.5859375,-6.506,-4.5136,-13.9678,11.7411,0,REST
2711,10.58984375,0.568,-2.2885,-9.774,12.4819,0,REST
2712,10.59375,-2.351,-0.6445,-5.9025,12.4627,0,REST
2713,10.59765625,2.3055,1.1839,-3.1648,12.4073,0,REST
2714,10.6015625,5.2159,3.6253,-1.9788,11.5703,0,REST
2715,10.60546875,10.4876,3.9587,2.5669,7.9442,0,REST
2716,10.609375,4.6914,7.621,4.7198,9.1561,0,REST
2717,10.61328125,10.7106,7.8269,4.1049,2.7036,0,REST
2718,10.6171875,9.5244,10.3501,8.885,2.0907,0,REST
2719,10.62109375,7.7242,14.3246,11.1419,-5.7532,0,REST
2720,10.625,7.0354,8.8683,8.2592,-5.7484,0,REST
2721,10.62890625,3.9256,9.1361,10.0567,-11.9003,0,REST
2722,10.6328125,6.2492,7.0646,11.3875,-9.8337,0,REST
2723,10.63671875,1.7086,5.7028,6.6858,-13.8071,0,REST
2724,10.640625,0.1676,-2.3658,7.4966,-12.8812,0,REST
2725,10.64453125,-2.6032,-1.0465,3.7418,-12.1775,0,REST
2726,10.6484375,-8.2206,-2.3964,1.7137,-8.1338,0,REST
2727,10.65234375,-5.138,-5.1983,4.5343,-9.3541,0,REST
2728,10.65625,-9.5112,-10.4922,-0.682,-2.4372,0,REST
2729,10.66015625,-5.58,-6.1954,-1.6366,-3.3518,0,REST
2730,10.6640625,-6.3338,-14.7951,-2.7206,-1.499,0,REST
2731,10.66796875,-6.4425,-9.6531,-1.5108,5.4174,0,REST
2732,10.671875,-12.3195,-8.1073,-6.9788,8.109,0,REST
2733,10.67578125,-6.6007,-9.6403,-8.139,9.1502,0,REST
2734,10.6796875,-3.8719,-4.6404,-5.6187,14.3409,0,REST
2735,10.68359375,-1.4242,-6.9352,-2.615,11.0138,0,REST
2736,10.6875,0.5289,-0.5085,-4.274,12.2771,0,REST
2737,10.69140625,0.2069,0.5162,-6.0054,13.3626,0,REST
2738,10.6953125,1.4913,1.5756,0.2641,6.8002,0,REST
2739,10.69921875,3.4962,8.1137,-1.5191,8.8824,0,REST
2740,10.703125,4.0429,7.9894,-2.5385,3.3794,0,REST
2741,10.70703125,5.1211,12.7642,-2.0096,0.3056,0,REST
2742,10.7109375,1.9067,12.9439,3.3752,-6.4012,0,REST
2743,10.71484375,2.0453,13.012,2.5394,-7.5382,0,REST
2744,10.71875,3.4885,11.2657,0.7516,-5.4529,0,REST
2745,10.72265625,2.6024,10.0908,2.7685,-10.201,0,REST
2746,10.7265625,2.6267,11.55,2.8408,-12.7864,0,REST
2747,10.73046875,2.6783,5.254,4.8358,-6.722,0,REST
2748,10.734375,2.3708,-2.2277,3.3256,-6.1644,0,REST
2749,10.73828125,-0.0199,-0.676,1.5238,-7.7198,0,REST
2750,10.7421875,-2.008,-0.534,4.6437,-6.4496,0,REST
2751,10.74609375,3.135,-7.6565,2.9571,-3.4156,0,REST
2752,10.75,-1.6203,-13.2557,1.4037,-2.4374,0,REST
2753,10.75390625,0.7836,-10.9512,-0.0864,0.5912,0,REST
2754,10.7578125,-1.2234,-9.9591,-3.5765,3.009,0,REST
2755,10.76171875,-0.3596,-13.0209,2.1147,4.3283,0,REST
2756,10.765625,-2.9361,-13.4067,-2.1674,2.3473,0,REST
2757,10.76953125,-4.1768,-8.9383,-0.773,8.557,0,REST
2758,10.7734375,-1.8147,-7.1944,1.0724,8.8374,0,REST
2759,10.77734375,-7.4182,-5.7937,-2.4498,7.8792,0,REST
2760,10.78125,-0.5892,-4.5851,-4.0281,9.525,0,REST
2761,10.78515625,-1.8875,-0.7096,-2.4924,2.2365,0,REST
2762,10.7890625,-6.5393,0.277,-3.7359,5.7656,0,REST
2763,10.79296875,0.2727,5.5838,-5.2557,-1.3317,0,REST
2764,10.796875,-6.0579,11.5164,-0.1593,4.236,0,REST
2765,10.80078125,-2.3,11.3248,-1.6257,0.9467,0,REST
2766,10.8046875,-1.8555,13.9477,-1.6133,-0.7972,0,REST
2767,10.80859375,0.8463,15.4645,-6.1109,-4.3282,0,REST
2768,10.8125,3.1515,11.4415,-5.2885,-4.4805,0,REST
2769,10.81640625,3.0097,8.9138,-5.8528,-2.963,0,REST
2770,10.8203125,3.9373,6.677,-2.1324,-8.1996,0,REST
2771,10.82421875,6.5901,3.8045,-0.8065,-7.6971,0,REST
2772,10.828125,7.5825,3.8701,-1.8539,-3.9958,0,REST
2773,10.83203125,7.5213,1.0989,4.8547,-2.3538,0,REST
2774,10.8359375,3.929,-4.0086,4.3876,-1.9873,0,REST
2775,10.83984375,4.9127,-6.9896,2.403,-2.9494,0,REST
2776,10.84375,8.2943,-9.521,1.9422,-1.6598,0,REST
2777,10.84765625,3.9986,-9.8954,8.5216,0.3535,0,REST
2778,10.8515625,3.5331,-12.4403,8.2588,0.9774,0,REST
2779,10.85546875,5.4535,-10.8378,9.2641,1.9086,0,REST
2780,10.859375,1.1755,-9.7603,11.5601,5.7029,0,REST
2781,10.86328125,-5.8918,-10.4182,7.6961,2.3727,0,REST
2782,10.8671875,-4.6972,-9.0088,3.7993,4.2437,0,REST
2783,10.87109375,-8.5161,-5.9947,-0.241,4.3331,0,REST
2784,10.875,-8.9995,-4.4231,1.2614,5.6679,0,REST
2785,10.87890625,-8.6186,1.1902,-4.6113,2.6448,0,REST
2786,10.8828125,-10.0514,3.9361,-0.8704,4.6444,0,REST
2787,10.88671875,-9.4665,6.2712,-4.5298,1.3589,0,REST
2788,10.890625,-8.9126,7.2716,-4.9111,3.6502,0,REST
2789,10.89453125,-7.4076,10.8764,-12.7303,3.4295,0,REST
2790,10.8984375,-8.2014,11.9697,-11.3877,1.2947,0,REST
2791,10.90234375,-3.4346,13.135,-9.6737,3.2338,0,REST
2792,10.90625,-4.0236,9.0692,-8.4186,3.9996,0,REST
2793,10.91015625,3.9481,10.3072,-6.6799,3.8102,0,REST
2794,10.9140625,5.4071,9.9183,-9.5746,1.3068,0,REST
2795,10.91796875,6.8575,11.5254,-6.8361,-1.067,0,REST
2796,10.921875,10.2601,0.9663,-5.017,1.012,0,REST
2797,10.92578125,7.0267,-5.8727,-0.1354,-1.6804,0,REST
2798,10.9296875,11.5202,-5.3643,4.1018,-0.1539,0,REST
2799,10.93359375,12.8208,-7.1199,7.943,-4.8182,0,REST
2800,10.9375,13.2244,-6.5633,6.9548,-4.2335,0,REST
2801,10.94140625,8.1107,-8.004,12.4479,-6.664,0,REST
2802,10.9453125,5.5335,-7.3542,11.4584,-4.2282,0,REST
2803,10.94921875,6.0599,-6.1645,12.1341,-3.1079,0,REST
2804,10.953125,-0.0321,-6.2436,12.6417,-4.01,0,REST
2805,10.95703125,-2.9584,-3.754,7.0764,-8.5452,0,REST
2806,10.9609375,-4.7397,-7.3131,8.9327,0.6864,0,REST
2807,10.96484375,-9.2817,-4.9474,4.9297,1.2975,0,REST
2808,10.96875,-11.4607,1.1202,1.5824,3.052,0,REST
2809,10.97265625,-17.7149,3.9559,0.7885,4.521,0,REST
2810,10.9765625,-13.7349,2.4051,-4.6381,6.8694,0,REST
2811,10.98046875,-13.7504,7.638,-8.1024,7.8351,0,REST
2812,10.984375,-12.5197,8.1203,-10.244,4.7598,0,REST
2813,10.98828125,-11.9173,9.1618,-10.1894,2.9875,0,REST
2814,10.9921875,-5.6451,7.9177,-12.6718,9.9955,0,REST
2815,10.99609375,-1.5083,9.4478,-13.7902,11.1508,0,REST
2816,11.0,1.3673,6.4434,-15.6711,4.9338,0,REST
2817,11.00390625,4.1982,6.4521,-10.5703,1.7891,0,REST
2818,11.0078125,6.05,5.1773,-8.7427,0.0847,0,REST
2819,11.01171875,9.5019,3.5605,-5.9725,-0.441,0,REST
2820,11.015625,8.6689,0.2354,-3.5651,-0.1526,0,REST
2821,11.01953125,14.5778,-0.0445,4.6804,-7.259,0,REST
2822,11.0234375,12.9907,-0.8278,5.5108,-3.994,0,REST
2823,11.02734375,14.2393,-2.4059,6.3174,-8.7071,0,REST
2824,11.03125,12.69,-1.6336,11.5099,-11.4044,0,REST
2825,11.03515625,4.8244,-5.7715,12.308,-10.8553,0,REST
2826,11.0390625,5.5624,-4.1789,14.0281,-6.4424,0,REST
2827,11.04296875,0.1113,-8.6319,11.9142,-6.7957,0,REST
2828,11.046875,-0.8442,-7.4282,10.8376,-5.0226,0,REST
2829,11.05078125,-2.2345,-4.7188,12.1574,-5.5384,0,REST
2830,11.0546875,-6.4199,-7.0483,8.434,-0.0049,0,REST
2831,11.05859375,-5.0522,-3.2884,8.8094,-0.908,0,REST
2832,11.0625,-10.7215,-3.203,1.2268,5.7609,0,REST
2833,11.06640625,-11.1944,1.3529,-1.0455,8.9092,0,REST
2834,11.0703125,-11.5751,1.1557,-2.8087,9.2993,0,REST
2835,11.07421875,-12.025,1.7992,-3.2309,14.7156,0,REST
2836,11.078125,-8.4749,1.5385,-11.2145,12.916,0,REST
2837,11.08203125,-7.0777,3.5829,-11.2503,10.2093,0,REST
2838,11.0859375,-6.3756,5.103,-9.2725,4.6796,0,REST
2839,11.08984375,-1.4651,6.8386,-8.5311,9.4539,0,REST
2840,11.09375,-1.7052,4.2567,-5.9212,7.0489,0,REST
2841,11.09765625,5.9542,1.4703,-9.8467,-1.2068,0,REST
2842,11.1015625,4.7538,0.673,-9.0125,-5.1397,0,REST
2843,11.10546875,4.7493,2.936,-2.7232,-6.8678,0,REST
2844,11.109375,8.6728,3.4834,-3.657,-7.0492,0,REST
2845,11.11328125,11.4456,0.1273,-2.3221,-10.447,0,REST
2846,11.1171875,9.8878,0.9554,-1.0683,-11.3511,0,REST
2847,11.12109375,10.4117,-2.5728,3.3269,-12.801,0,REST
2848,11.125,6.0346,-3.0887,5.2425,-11.393,0,REST
2849,11.12890625,8.6071,0.5974,3.9089,-9.3656,0,REST
2850,11.1328125,2.3571,-2.0756,7.8568,-9.4718,0,REST
2851,11.13671875,1.9774,-4.4094,7.9931,-8.3177,0,REST
2852,11.140625,1.8475,-3.2973,8.924,-5.0603,0,REST
2853,11.14453125,0.4545,-5.0825,10.4306,-1.6912,0,REST
2854,11.1484375,-3.9769,-5.3051,5.1887,5.631,0,REST
2855,11.15234375,-5.0689,-5.5625,7.8449,6.6747,0,REST
2856,11.15625,-8.8587,-0.4841,0.2397,7.3237,0,REST
2857,11.16015625,-2.8009,1.3539,1.1582,11.5563,0,REST
2858,11.1640625,-4.1143,-2.2885,2.8349,12.507,0,REST
2859,11.16796875,-12.2091,-2.1739,0.6293,13.2896,0,REST
2860,11.171875,-5.7603,-3.8487,-6.6836,13.5845,0,REST
2861,11.17578125,-5.9423,-0.0582,-6.8767,10.1149,0,REST
2862,11.1796875,-4.9119,0.1662,-6.3473,8.8688,0,REST
2863,11.18359375,-1.0955,-2.9878,-2.1166,10.0387,0,REST
2864,11.1875,-1.9406,0.9407,-8.5894,6.5805,0,REST
2865,11.19140625,-0.3272,2.695,-6.4449,-0.7255,0,REST
2866,11.1953125,-1.3994,1.6927,-3.1611,-3.9265,0,REST
2867,11.19921875,5.6723,4.5272,-4.0672,-5.6128,0,REST
2868,11.203125,5.999,5.1122,-5.5363,-9.7218,0,REST
2869,11.20703125,3.6871,4.5603,-3.5209,-8.1294,0,REST
2870,11.2109375,3.7282,3.3262,-2.6734,-14.7276,0,REST
2871,11.21484375,1.6885,3.3004,-2.8,-14.3432,0,REST
2872,11.21875,4.1385,3.1782,3.5032,-10.9376,0,REST
2873,11.22265625,0.646,2.6056,1.9163,-10.1826,0,REST
2874,11.2265625,1.9741,1.6303,2.082,-6.6404,0,REST
2875,11.23046875,2.9113,1.6331,3.2043,-4.2379,0,REST
2876,11.234375,0.5885,-2.6652,2.61,2.6606,0,REST
2877,11.23828125,5.5343,-2.3081,3.3729,3.783,0,REST
2878,11.2421875,1.5593,-2.3825,4.2601,4.3363,0,REST
2879,11.24609375,0.1353,-0.8016,-4.3976,12.0467,0,REST
2880,11.25,-0.0013,-3.1224,3.36,9.0033,0,REST
2881,11.25390625,0.271,-6.6649,4.477,7.2186,0,REST
2882,11.2578125,2.225,-3.4949,-0.2386,9.7927,0,REST
2883,11.26171875,-0.7858,-4.8285,2.9022,10.6695,0,REST
2884,11.265625,-0.208,-1.7695,0.8547,7.9898,0,REST
2885,11.26953125,-6.4146,-7.2551,-0.5706,8.8384,0,REST
2886,11.2734375,-1.4411,-5.0315,1.7921,4.9292,0,REST
2887,11.27734375,-4.1723,-0.6435,3.7106,1.1831,0,REST
2888,11.28125,-4.8785,-1.7328,-2.7765,-4.1461,0,REST
2889,11.28515625,-2.4535,0.5621,-0.2279,-1.9463,0,REST
2890,11.2890625,-4.8942,2.8964,-0.0932,-5.5914,0,REST
2891,11.29296875,-5.7814,7.1952,-1.6837,-9.5581,0,REST
2892,11.296875,-1.6023,5.7777,-2.8517,-9.9046,0,REST
2893,11.30078125,-0.8893,11.1002,-0.9764,-9.6094,0,REST
2894,11.3046875,0.3342,6.4731,-5.5944,-8.964,0,REST
2895,11.30859375,-0.3842,12.0742,-7.6315,-9.9361,0,REST
2896,11.3125,-1.5421,12.1325,-4.004,-6.1909,0,REST
2897,11.31640625,2.3874,7.9307,-6.2857,-6.0544,0,REST
2898,11.3203125,1.0526,8.4036,-4.9148,-4.3278,0,REST
2899,11.32421875,3.9667,6.4647,-7.1501,1.1764,0,REST
2900,11.328125,4.8796,0.5818,-3.4333,4.0694,0,REST
2901,11.33203125,10.9228,2.6458,-1.0277,7.8271,0,REST
2902,11.3359375,5.9082,-0.6088,0.0406,5.6822,0,REST
2903,11.33984375,7.5352,-1.8425,-1.125,8.3283,0,REST
2904,11.34375,5.2837,-7.3746,2.6107,10.637,0,REST
2905,11.34765625,0.8806,-8.2996,4.4504,7.1909,0,REST
2906,11.3515625,6.1629,-6.7406,3.1846,6.6641,0,REST
2907,11.35546875,3.0409,-9.404,8.3514,8.095,0,REST
2908,11.359375,3.0974,-11.925,9.089,6.946,0,REST
2909,11.36328125,0.1607,-6.4614,5.461,1.908,0,REST
2910,11.3671875,-4.1959,-8.7291,5.0704,-3.1468,0,REST
2911,11.37109375,-3.2394,-8.7439,7.9586,-1.3097,0,REST
2912,11.375,-7.2334,-5.1949,6.9111,-4.365,0,REST
2913,11.37890625,-11.9548,1.8074,4.9322,-1.1751,0,REST
2914,11.3828125,-7.1041,1.7439,-2.5682,-7.1365,0,REST
2915,11.38671875,-11.912,7.5489,-1.5565,-3.7807,0,REST
2916,11.390625,-11.6537,7.6207,-5.7124,-3.4492,0,REST
2917,11.39453125,-5.7298,11.9608,-3.7283,-7.5092,0,REST
2918,11.3984375,-7.9211,9.5999,-7.8999,-5.7444,0,REST
2919,11.40234375,-4.2351,11.1823,-8.3302,-2.8893,0,REST
2920,11.40625,-2.3789,10.1018,-8.2242,-4.7474,0,REST
2921,11.41015625,0.8397,9.2433,-7.4294,-5.8026,0,REST
2922,11.4140625,3.3248,7.539,-13.8757,1.4546,0,REST
2923,11.41796875,6.9233,7.2264,-6.1752,1.766,0,REST
2924,11.421875,11.9627,2.9117,-7.6879,1.0106,0,REST
2925,11.42578125,13.0361,4.3852,-8.6007,3.2411,0,REST
2926,11.4296875,10.8612,-4.1109,-2.9097,2.776,0,REST
2927,11.43359375,11.6542,-10.3959,-3.5464,4.2397,0,REST
2928,11.4375,14.5869,-9.1808,5.0785,5.5208,0,REST
2929,11.44140625,10.648,-10.1274,7.5427,3.5899,0,REST
2930,11.4453125,4.0643,-11.5861,6.236,5.9355,0,REST
2931,11.44921875,3.301,-14.0144,11.3946,4.544,0,REST
2932,11.453125,1.542,-10.2518,11.2941,-0.6398,0,REST
2933,11.45703125,-3.9552,-9.1463,12.1627,4.1182,0,REST
2934,11.4609375,-6.2913,-9.2648,7.2357,4.4989,0,REST
2935,11.46484375,-9.6983,-3.7824,7.8925,-1.5476,0,REST
2936,11.46875,-8.0278,-2.4259,10.5854,2.9014,0,REST
2937,11.47265625,-10.5135,0.8415,2.9883,2.0687,0,REST
2938,11.4765625,-12.3907,4.8188,3.4866,1.679,0,REST
2939,11.48046875,-12.4171,6.3592,0.0707,-2.4072,0,REST
2940,11.484375,-12.1338,7.3283,0.75,0.9175,0,REST
2941,11.48828125,-8.3645,9.0691,-4.5802,-4.5691,0,REST
2942,11.4921875,-5.4067,9.2805,-10.741,-1.655,0,REST
2943,11.49609375,-7.4895,10.2128,-14.3016,-0.8624,0,REST
2944,11.5,2.8566,9.7706,-12.9778,-1.1986,0,REST
2945,11.50390625,3.4879,12.8185,-11.7481,-4.9637,0,REST
2946,11.5078125,9.9128,13.5012,-11.3966,-5.6097,0,REST
2947,11.51171875,8.2178,4.4829,-11.9667,-4.0634,0,REST
2948,11.515625,10.8902,3.9511,-8.0104,-5.9381,0,REST
2949,11.51953125,11.8382,0.6596,-7.8072,-4.8365,0,REST
2950,11.5234375,14.8839,-4.0963,-3.4077,-1.7199,0,REST
2951,11.52734375,11.2008,-5.8855,-0.3271,-2.7172,0,REST
2952,11.53125,13.7001,-9.7868,2.6124,-0.2513,0,REST
2953,11.53515625,8.216,-13.0825,8.8022,-1.5017,0,REST
2954,11.5390625,5.9831,-13.3261,11.7584,-1.3322,0,REST
2955,11.54296875,2.7664,-13.9502,10.6089,3.7949,0,REST
2956,11.546875,-2.3922,-14.0659,12.9153,5.8898,0,REST
2957,11.55078125,-0.5451,-12.6884,11.4159,6.5443,0,REST
2958,11.5546875,-6.682,-9.938,7.8639,6.3935,0,REST
2959,11.55859375,-12.1374,-8.7402,13.3803,8.7867,0,REST
2960,11.5625,-12.8757,-4.8656,9.1605,8.7713,0,REST
2961,11.56640625,-10.4461,-1.5217,7.3226,8.6969,0,REST
2962,11.5703125,-10.2185,-2.0175,7.8843,6.4238,0,REST
2963,11.57421875,-12.4807,8.2777,1.3778,0.7815,0,REST
2964,11.578125,-9.8613,8.9428,0.2642,2.4466,0,REST
2965,11.58203125,-8.367,9.8436,-5.4238,0.3961,0,REST
2966,11.5859375,-6.8754,11.2712,-6.8513,0.3857,0,REST
2967,11.58984375,-2.538,14.1537,-5.4454,-7.5842,0,REST
2968,11.59375,0.9758,14.1722,-10.7867,-7.9645,0,REST
2969,11.59765625,0.4173,9.9161,-12.6352,-5.7535,0,REST
2970,11.6015625,4.8803,9.81,-5.8164,-7.8111,0,REST
2971,11.60546875,13.2221,6.4731,-8.0915,-9.9624,0,REST
2972,11.609375,9.8312,7.3845,-9.5153,-9.379,0,REST
2973,11.61328125,7.6351,0.9531,-6.1795,-9.7555,0,REST
2974,11.6171875,9.1863,-0.5171,-2.1387,-6.1158,0,REST
2975,11.62109375,8.1918,-4.498,-1.0243,-5.4728,0,REST
2976,11.625,6.8503,-8.5269,-1.834,0.0132,0,REST
2977,11.62890625,6.5901,-9.9402,5.9405,0.5028,0,REST
2978,11.6328125,6.4665,-9.9629,6.314,0.714,0,REST
2979,11.63671875,-0.4142,-14.333,3.6809,5.5184,0,REST
2980,11.640625,0.0662,-8.5012,7.142,8.5446,0,REST
2981,11.64453125,-3.8441,-10.6711,10.9388,10.7074,0,REST
2982,11.6484375,-6.4187,-8.8117,7.6125,9.562,0,REST
2983,11.65234375,-4.1392,-7.7277,8.6144,7.8319,0,REST
2984,11.65625,-8.0161,-4.6566,10.7417,8.6323,0,REST
2985,11.66015625,-6.3847,-2.138,7.922,8.0613,0,REST
2986,11.6640625,-6.1716,2.081,-0.2083,9.4597,0,REST
2987,11.66796875,-5.5031,3.9223,0.968,0.2955,0,REST
2988,11.671875,-3.7704,5.4008,1.4894,0.1825,0,REST
2989,11.67578125,-6.6041,7.594,-1.8004,-1.3525,0,REST
2990,11.6796875,-2.8483,7.391,0.817,-6.3261,0,REST
2991,11.68359375,-0.1922,8.7682,-6.5131,-11.1977,0,REST
2992,11.6875,-1.1233,12.4125,-5.256,-10.7193,0,REST
2993,11.69140625,0.5256,12.7568,-5.1868,-14.004,0,REST
2994,11.6953125,1.8716,6.1716,-4.4208,-12.4711,0,REST
2995,11.69921875,0.9358,7.9946,-7.0807,-13.956,0,REST
2996,11.703125,0.7204,1.8754,-5.5442,-8.748,0,REST
2997,11.70703125,3.6359,0.1516,-1.2914,-6.8151,0,REST
2998,11.7109375,2.4022,-2.7922,-3.104,-3.9714,0,REST
2999,11.71484375,2.4466,-3.7669,-2.6243,-2.4567,0,REST
3000,11.71875,4.3438,-7.5851,-2.8474,0.5291,0,REST
3001,11.72265625,3.5377,-6.5973,-4.8008,4.2394,0,REST
3002,11.7265625,4.4013,-11.2649,-1.791,11.0313,0,REST
3003,11.73046875,6.3711,-7.0588,-4.5903,10.5906,0,REST
3004,11.734375,4.3282,-8.2955,1.6088,11.0697,0,REST
3005,11.73828125,2.2831,-6.3879,-2.8002,10.023,0,REST
3006,11.7421875,-0.4495,-6.235,-0.2656,8.915,0,REST
3007,11.74609375,2.1578,-2.6695,1.29,11.1577,0,REST
3008,11.75,-3.507,-5.9036,2.5623,13.5229,0,REST
3009,11.75390625,-0.1806,-5.6784,5.6106,4.2822,0,REST
3010,11.7578125,-2.6381,1.84,5.7563,1.595,0,REST
3011,11.76171875,-5.8233,6.0761,3.2593,-0.0049,0,REST
3012,11.765625,-1.5975,4.4834,3.4941,-3.7316,0,REST
3013,11.76953125,-4.4999,8.3862,5.9777,-7.9125,0,REST
3014,11.7734375,-2.7592,11.4438,0.6878,-11.0997,0,REST
3015,11.77734375,-4.7021,6.7812,4.3796,-9.0283,0,REST
3016,11.78125,-5.2521,8.028,4.2939,-14.816,0,REST
3017,11.78515625,1.7643,5.8367,2.9287,-12.9117,0,REST
3018,11.7890625,-4.4568,3.6914,3.2674,-11.2803,0,REST
3019,11.79296875,-2.8773,5.7162,3.0543,-13.4075,0,REST
3020,11.796875,-1.1456,0.6272,0.9609,-6.4971,0,REST
3021,11.80078125,-2.2611,3.4212,2.9808,-2.9123,0,REST
3022,11.8046875,-5.3918,-1.0274,-3.0864,-1.3881,0,REST
3023,11.80859375,1.7896,-4.1651,-1.5147,2.6991,0,REST
3024,11.8125,-2.6237,-4.2911,-6.7714,3.9271,0,REST
3025,11.81640625,-1.1215,-4.3633,-5.2173,7.1776,0,REST
3026,11.8203125,1.9589,-8.1035,-9.1128,9.3518,0,REST
3027,11.82421875,8.3948,-5.6021,-7.0872,14.9566,0,REST
3028,11.828125,2.9964,-4.637,-5.3257,12.3709,0,REST
3029,11.83203125,6.6038,-8.491,-6.779,8.701,0,REST
3030,11.8359375,6.9766,-5.0758,-3.1365,8.0256,0,REST
3031,11.83984375,7.051,-2.9287,-5.1725,12.2237,0,REST
3032,11.84375,6.3364,-2.5563,0.978,8.4754,0,REST
3033,11.84765625,4.856,-1.1692,2.6075,2.5504,0,REST
3034,11.8515625,5.1346,-1.7763,2.8996,-1.0317,0,REST
3035,11.85546875,6.8943,-0.6376,-1.8467,-4.3913,0,REST
3036,11.859375,-1.9055,2.5106,5.6051,-6.7808,0,REST
3037,11.86328125,-0.2394,4.6676,8.4045,-8.8364,0,REST
3038,11.8671875,-5.6345,2.1177,11.7473,-9.503,0,REST
3039,11.87109375,-11.0487,3.4581,8.3453,-12.0977,0,REST
3040,11.875,-8.2651,2.1188,14.0799,-10.9186,0,REST
3041,11.87890625,-8.1609,4.4288,9.9114,-10.9022,0,REST
3042,11.8828125,-11.3824,5.2808,9.4047,-9.2027,0,REST
3043,11.88671875,-7.8807,1.3934,4.2027,-12.6497,0,REST
3044,11.890625,-10.0763,2.5907,2.846,-4.3012,0,REST
3045,11.89453125,-5.9694,-0.621,1.2272,-2.9849,0,REST
3046,11.8984375,-10.2016,2.0902,-3.8606,-2.6799,0,REST
3047,11.90234375,-2.7697,4.6141,-5.6962,4.6798,0,REST
3048,11.90625,-1.8597,0.9209,-5.9003,9.3791,0,REST
3049,11.91015625,3.7184,0.7305,-7.9834,9.5532,0,REST
3050,11.9140625,6.2569,0.4465,-7.5043,5.5351,0,REST
3051,11.91796875,9.7298,-1.0681,-15.8246,6.3267,0,REST
3052,11.921875,10.9244,1.202,-11.8646,10.4191,0,REST
3053,11.92578125,11.5151,-1.9819,-13.3296,8.9494,0,REST
3054,11.9296875,10.8236,-2.9,-13.2226,7.4605,0,REST
3055,11.93359375,9.0302,-3.55,-7.3707,4.9993,0,REST
3056,11.9375,8.031,-3.2498,-3.7112,0.7443,0,REST
3057,11.94140625,9.1821,-6.1326,-0.1299,-0.9,0,REST
3058,11.9453125,4.3018,-0.7981,2.9223,-5.1895,0,REST
3059,11.94921875,3.8846,-0.8415,4.1792,-3.1036,0,REST
3060,11.953125,-0.202,-2.468,11.124,-5.508,0,REST
3061,11.95703125,-3.0174,-1.8215,8.027,-4.158,0,REST
3062,11.9609375,-4.7172,-3.0868,14.0091,-8.3477,0,REST
3063,11.96484375,-5.8246,0.1724,13.0381,-6.3388,0,REST
3064,11.96875,-16.5177,-0.5445,11.4789,-3.1186,0,REST
3065,11.97265625,-12.5416,0.0318,8.2777,-5.5698,0,REST
3066,11.9765625,-13.5629,-0.5361,10.56,-5.259,0,REST
3067,11.98046875,-10.8811,4.9582,6.1767,-3.018,0,REST
3068,11.984375,-10.6284,1.1135,5.615,-2.0004,0,REST
3069,11.98828125,-5.8734,1.6623,2.8521,-2.2742,0,REST
3070,11.9921875,-6.0989,4.1216,-1.6233,0.2524,0,REST
3071,11.99609375,-6.3512,3.4278,-2.8339,2.5417,0,REST
3072,12.0,4.5145,5.435,-7.0992,1.1497,0,REST
3073,12.00390625,1.826,4.6596,-13.1378,1.0227,0,REST
3074,12.0078125,5.362,2.8843,-11.8528,2.3887,0,REST
3075,12.01171875,10.6332,1.1433,-10.1896,10.1276,0,REST
3076,12.015625,10.8596,2.4555,-16.1408,3.8806,0,REST
3077,12.01953125,13.9505,-1.8051,-9.5562,0.9365,0,REST
3078,12.0234375,14.2372,0.6242,-12.0329,6.2966,0,REST
3079,12.02734375,13.5658,-1.8116,-9.0001,1.63,0,REST
3080,12.03125,11.4131,-2.1892,-8.4751,-1.442,0,REST
3081,12.03515625,6.6672,-4.1152,-2.8124,1.947,0,REST
3082,12.0390625,4.6665,-8.7757,0.1671,1.8462,0,REST
3083,12.04296875,4.5789,-6.9635,4.4785,-3.2048,0,REST
3084,12.046875,-2.7024,-5.1837,5.2631,-3.2453,0,REST
3085,12.05078125,-5.7634,-7.3384,9.8233,-5.6032,0,REST
3086,12.0546875,-6.6661,-7.9315,13.3147,-2.4587,0,REST
3087,12.05859375,-9.1321,-8.0445,10.7873,-2.4932,0,REST
3088,12.0625,-12.3247,-1.8527,11.1258,-0.9001,0,REST
3089,12.06640625,-12.1054,0.7675,10.9401,-0.8246,0,REST
3090,12.0703125,-12.1067,0.1641,8.2874,-1.4521,0,REST
3091,12.07421875,-13.6108,3.9573,6.0251,-6.1408,0,REST
3092,12.078125,-7.9507,5.9518,4.8904,0.1995,0,REST
3093,12.08203125,-10.8049,5.2612,3.1963,-4.171,0,REST
3094,12.0859375,-6.1089,4.6609,-2.9848,-7.3761,0,REST
3095,12.08984375,-1.8933,3.9572,-1.8338,-1.8601,0,REST
3096,12.09375,3.9843,8.4401,-5.3795,-6.5713,0,REST
3097,12.09765625,5.8982,11.3555,-7.573,1.4696,0,REST
3098,12.1015625,5.9216,8.3696,-9.35,1.4882,0,REST
3099,12.10546875,9.0019,6.3076,-8.8951,-0.4166,0,REST
3100,12.109375,8.5365,3.009,-12.9562,1.5101,0,REST
3101,12.11328125,11.4199,3.6012,-8.5328,-3.6758,0,REST
3102,12.1171875,8.7641,-2.7182,-6.6661,5.3432,0,REST
3103,12.12109375,11.4616,-2.6245,-4.6209,6.2434,0,REST
3104,12.125,10.3677,-2.9842,-2.4926,6.4754,0,REST
3105,12.12890625,7.7654,-5.4851,-0.3976,5.8747,0,REST
3106,12.1328125,2.6497,-6.5937,-0.2386,4.745,0,REST
3107,12.13671875,0.5514,-8.2053,1.2901,1.7691,0,REST
3108,12.140625,-0.4429,-11.6278,3.1546,6.3677,0,REST
3109,12.14453125,-3.2782,-9.2552,9.8431,1.8141,0,REST
3110,12.1484375,-4.3539,-9.3506,9.913,0.7328,0,REST
3111,12.15234375,-2.6479,-7.0215,3.305,-2.7111,0,REST
3112,12.15625,-8.1272,-6.4824,8.3488,-2.554,0,REST
3113,12.16015625,-8.7841,-3.096,5.2828,-3.1426,0,REST
3114,12.1640625,-8.7888,1.656,6.9754,-8.2353,0,REST
3115,12.16796875,-9.7343,3.5873,4.7535,-9.5214,0,REST
3116,12.171875,-4.3708,7.0789,5.5947,-5.5226,0,REST
3117,12.17578125,-0.0727,8.7575,2.5116,-6.8639,0,REST
3118,12.1796875,-0.5265,8.3239,-0.3,-7.6996,0,REST
3119,12.18359375,0.6721,9.5426,-0.7346,-9.6887,0,REST
3120,12.1875,0.1578,8.6265,-1.7823,-6.0195,0,REST
3121,12.19140625,-0.261,9.8395,-4.0308,-4.3991,0,REST
3122,12.1953125,0.568,6.218,-6.9393,0.0124,0,REST
3123,12.19921875,2.7692,6.2531,-4.869,-1.0623,0,REST
3124,12.203125,5.5502,3.6413,-4.213,1.8615,0,REST
3125,12.20703125,3.8867,3.1077,-5.7791,7.2363,0,REST
3126,12.2109375,2.9447,-2.4657,-6.2364,3.4371,0,REST
3127,12.21484375,3.4875,-0.3896,-8.104,9.2695,0,REST
3128,12.21875,1.6488,-3.3462,-3.7418,12.4891,0,REST
3129,12.22265625,3.4435,-10.1887,-6.8587,11.4385,0,REST
3130,12.2265625,4.8443,-9.7677,-5.4342,9.1469,0,REST
3131,12.23046875,5.5637,-12.833,-2.7354,10.3008,0,REST
3132,12.234375,0.5743,-15.8584,-1.2326,8.6145,0,REST
3133,12.23828125,1.8301,-16.0995,0.1974,5.5382,0,REST
3134,12.2421875,-0.5973,-9.3558,-0.3688,2.2843,0,REST
3135,12.24609375,1.1536,-9.0898,1.7722,-3.3698,0,REST
3136,12.25,2.2543,-4.5778,1.3846,-4.8508,0,REST
3137,12.25390625,-2.7318,-4.1542,0.0698,-11.2784,0,REST
3138,12.2578125,3.228,-2.7397,3.6085,-8.3412,0,REST
3139,12.26171875,-3.1558,3.4664,5.1348,-10.1557,0,REST
3140,12.265625,-1.7487,7.4358,2.6058,-15.0838,0,REST
3141,12.26953125,-2.5195,8.1537,5.9866,-13.0345,0,REST
3142,12.2734375,-2.9297,12.3984,4.7405,-11.3254,0,REST
3143,12.27734375,-6.0788,11.3803,2.305,-8.7651,0,REST
3144,12.28125,-3.2101,12.5463,1.3166,-4.0424,0,REST
3145,12.28515625,-2.3456,13.9943,5.7681,-6.1674,0,REST
3146,12.2890625,-3.9572,13.2876,3.8317,3.7123,0,REST
3147,12.29296875,-5.9313,7.4793,3.8675,3.8188,0,REST
3148,12.296875,-4.976,5.494,0.1695,6.0351,0,REST
3149,12.30078125,-1.2944,3.7743,2.2439,7.6153,0,REST
3150,12.3046875,0.6028,0.3747,2.0919,8.7813,0,REST
3151,12.30859375,-0.6349,-1.7936,0.703,13.7407,0,REST
3152,12.3125,0.1531,-5.9532,-1.8097,12.3004,0,REST
3153,12.31640625,-1.7384,-9.5334,-2.8121,10.0978,0,REST
3154,12.3203125,4.647,-12.0971,-5.2516,12.8291,0,REST
3155,12.32421875,5.7973,-13.5667,-4.6891,10.3281,0,REST
3156,12.328125,9.7104,-14.974,-8.1635,7.0114,0,REST
3157,12.33203125,5.6713,-10.1341,-3.9082,2.2362,0,REST
3158,12.3359375,6.8905,-9.038,-5.8122,-4.1778,0,REST
3159,12.33984375,5.3838,-6.2684,-9.5758,-3.5054,0,REST
3160,12.34375,7.8503,-9.513,-9.2642,-10.5405,0,REST
3161,12.34765625,5.2831,-3.0171,-4.8709,-10.9493,0,REST
3162,12.3515625,4.378,1.6971,-2.7743,-10.6225,0,REST
3163,12.35546875,4.1133,3.916,-2.3954,-13.9657,0,REST
3164,12.359375,-3.9363,6.5794,1.4308,-12.0899,0,REST
3165,12.36328125,-2.4999,8.3138,1.9555,-11.2209,0,REST
3166,12.3671875,-1.8796,9.7592,7.1417,-6.9233,0,REST
3167,12.37109375,-6.4388,10.6015,7.2963,-5.3958,0,REST
3168,12.375,-7.2263,12.4145,7.6243,-0.6667,0,REST
3169,12.37890625,-7.3267,14.4004,8.3065,1.3104,0,REST
3170,12.3828125,-11.5262,12.3283,9.8243,2.5704,0,REST
3171,12.38671875,-10.1491,7.6087,9.9338,7.8335,0,REST
3172,12.390625,-10.275,5.662,7.4097,9.3737,0,REST
3173,12.39453125,-6.8978,1.5303,8.1056,11.5314,0,REST
3174,12.3984375,-1.2687,1.5502,1.6778,9.7792,0,REST
3175,12.40234375,-5.3455,-5.2074,4.3624,14.805,0,REST
3176,12.40625,-2.3177,-9.362,-0.1156,12.8761,0,REST
3177,12.41015625,6.669,-9.8291,-5.6737,12.2716,0,REST
3178,12.4140625,5.7134,-9.4012,-7.0512,7.3812,0,REST
3179,12.41796875,8.777,-9.6703,-7.6303,6.0358,0,REST
3180,12.421875,8.2143,-10.3149,-11.5948,1.3481,0,REST
3181,12.42578125,10.3017,-8.5749,-14.9518,-1.8746,0,REST
3182,12.4296875,11.7023,-11.8779,-10.4078,-2.4286,0,REST
3183,12.43359375,14.4518,-11.3097,-8.138,-9.1325,0,REST
3184,12.4375,9.8211,-5.9139,-13.3509,-8.0622,0,REST
3185,12.44140625,8.047,-0.4151,-8.4537,-7.3119,0,REST
3186,12.4453125,5.0049,0.4467,-4.8594,-10.7848,0,REST
3187,12.44921875,5.4437,3.5396,-6.5577,-12.9633,0,REST
3188,12.453125,0.7406,4.6682,1.2735,-7.7429,0,REST
3189,12.45703125,-2.9808,6.44,1.9471,-10.6926,0,REST
3190,12.4609375,-4.5242,11.9984,4.5715,-7.2817,0,REST
3191,12.46484375,-4.812,9.1228,5.1902,-1.5392,0,REST
3192,12.46875,-12.3671,7.0586,11.1197,2.1675,0,REST
3193,12.47265625,-13.4459,8.1146,14.5287,2.4424,0,REST
3194,12.4765625,-13.8462,8.0727,11.4266,5.6092,0,REST
3195,12.48046875,-12.3987,5.2258,9.3444,10.2114,0,REST
3196,12.484375,-11.271,5.2537,12.5464,9.6692,0,REST
3197,12.48828125,-6.1407,1.7628,5.0369,8.7661,0,REST
3198,12.4921875,-7.9896,-3.43,3.3007,10.6872,0,REST
3199,12.49609375,-5.9921,-1.3813,2.5151,9.7446,0,REST
3200,12.5,-3.7594,-9.2877,0.7771,6.2251,0,REST
3201,12.50390625,1.0223,-9.754,-2.3923,7.0767,0,REST
3202,12.5078125,6.3606,-9.2432,-5.8101,4.2346,0,REST
3203,12.51171875,6.4377,-9.5254,-10.1344,2.5403,0,REST
3204,12.515625,8.9013,-7.9153,-11.3046,-1.5073,0,REST
3205,12.51953125,13.3911,-8.3756,-13.5022,-4.4533,0,REST
3206,12.5234375,12.295,-8.1731,-13.6414,-5.1377,0,REST
3207,12.52734375,12.2824,-5.288,-11.1476,-8.4786,0,REST
3208,12.53125,6.7249,-3.9372,-12.7346,-5.8699,0,REST
3209,12.53515625,7.5902,-0.7464,-13.0544,-7.8807,0,REST
3210,12.5390625,3.2776,1.3947,-8.3889,-7.0025,0,REST
3211,12.54296875,0.7773,-0.1171,-4.3199,-11.3327,0,REST
3212,12.546875,-0.498,2.1311,-0.9654,-5.102,0,REST
3213,12.55078125,-4.4838,4.4007,3.3344,-6.0913,0,REST
3214,12.5546875,-8.024,7.5332,6.6798,-0.1814,0,REST
3215,12.55859375,-8.0027,8.9786,7.842,0.1793,0,REST
3216,12.5625,-10.4001,9.3732,9.5767,1.5801,0,REST
3217,12.56640625,-9.5752,9.9699,7.2593,2.2496,0,REST
3218,12.5703125,-14.1517,7.2743,11.5313,8.0966,0,REST
3219,12.57421875,-8.5575,5.6846,8.965,4.1128,0,REST
3220,12.578125,-4.562,2.9051,10.1697,7.6551,0,REST
3221,12.58203125,-6.2875,2.9919,8.5436,7.3531,0,REST
3222,12.5859375,-6.2058,-0.5667,6.7852,5.1326,0,REST
3223,12.58984375,-2.1211,0.2056,4.728,4.079,0,REST
3224,12.59375,-2.1169,0.245,2.1832,0.5691,0,REST
3225,12.59765625,0.2442,-3.8668,-2.1025,3.2527,0,REST
3226,12.6015625,4.7929,-7.0797,-4.8768,4.0687,0,REST
3227,12.60546875,5.9188,-3.3179,-5.2136,2.1808,0,REST
3228,12.609375,7.7457,-3.9993,-7.2206,2.9732,0,REST
3229,12.61328125,12.8761,-5.64,-8.9284,-2.5992,0,REST
3230,12.6171875,9.0377,-4.3744,-7.5441,-5.7465,0,REST
3231,12.62109375,10.4774,-2.5075,-10.7867,0.5927,0,REST
3232,12.625,6.514,-5.0808,-8.1127,-7.4796,0,REST
3233,12.62890625,2.684,-3.1332,-9.4937,-3.5743,0,REST
3234,12.6328125,4.7887,2.2903,-3.1424,-4.1001,0,REST
3235,12.63671875,1.8784,-3.7863,-7.1282,-3.783,0,REST
3236,12.640625,1.0963,-0.5272,-2.0146,0.5436,0,REST
3237,12.64453125,-3.2083,-1.6724,-0.3653,-6.2635,0,REST
3238,12.6484375,-5.5874,-0.5572,1.5146,-8.047,0,REST
3239,12.65234375,-5.8025,0.6941,4.1274,-2.7688,0,REST
3240,12.65625,-5.2976,-0.1478,2.2211,-7.0847,0,REST
3241,12.66015625,-5.0441,5.9066,3.8688,-4.5518,0,REST
3242,12.6640625,-6.9063,6.9918,4.3287,0.1505,0,REST
3243,12.66796875,-4.8162,4.5439,7.3601,-0.0515,0,REST
3244,12.671875,-5.3189,7.336,6.3957,-1.6551,0,REST
3245,12.67578125,-4.1753,2.5289,6.854,-0.8328,0,REST
3246,12.6796875,-6.2325,3.0524,7.2989,2.5395,0,REST
3247,12.68359375,-2.8432,0.4614,5.7112,2.5875,0,REST
3248,12.6875,1.3939,4.5575,3.7104,5.1335,0,REST
3249,12.69140625,1.6244,-1.7272,1.2536,3.3149,0,REST
3250,12.6953125,4.6363,1.0591,0.5774,3.1397,0,REST
3251,12.69921875,-0.3278,1.66,-4.6584,4.7759,0,REST
3252,12.703125,2.2201,-3.7579,-4.7747,4.127,0,REST
3253,12.70703125,3.1425,-3.8162,-2.5099,1.9227,0,REST
3254,12.7109375,3.0599,-3.6372,-2.099,5.0089,0,REST
3255,12.71484375,1.1973,-2.3099,-3.8111,3.9693,0,REST
3256,12.71875,3.2189,-5.723,-5.3515,1.4659,0,REST
3257,12.72265625,1.2027,-4.3623,-2.186,-1.332,0,REST
3258,12.7265625,4.5419,-2.1521,-5.7022,1.6286,0,REST
3259,12.73046875,1.0106,-3.4613,-0.3632,-4.1214,0,REST
3260,12.734375,6.1604,-0.867,-4.4238,-7.4982,0,REST
3261,12.73828125,4.2586,-0.9005,-1.7166,-5.5248,0,REST
3262,12.7421875,4.1181,-2.7941,-0.7873,-3.1856,0,REST
3263,12.74609375,-0.4946,-2.5832,-3.1103,-5.4386,0,REST
3264,12.75,2.9734,0.1312,-0.0037,-9.2523,0,REST
3265,12.75390625,-1.5048,-2.9389,-1.4867,-8.0538,0,REST
3266,12.7578125,-2.5283,1.9106,-3.3821,-7.7878,0,REST
3267,12.76171875,-1.3439,-0.2733,0.67,-3.56,0,REST
3268,12.765625,-1.4671,3.016,0.2768,-5.8222,0,REST
3269,12.76953125,-0.2827,5.4423,-1.7378,-2.3569,0,REST
3270,12.7734375,-1.348,-0.4999,0.9519,-2.3775,0,REST
3271,12.77734375,-5.513,5.6223,1.0019,6.7966,0,REST
3272,12.78125,1.7085,2.2123,6.647,7.4967,0,REST
3273,12.78515625,-1.3297,5.0424,6.7625,7.9374,0,REST
3274,12.7890625,-6.5074,5.5021,4.0998,7.7256,0,REST
3275,12.79296875,-0.6113,3.2454,2.2105,2.0116,0,REST
3276,12.796875,-1.779,-0.5855,4.8277,10.2001,0,REST
3277,12.80078125,-3.456,2.0239,8.5732,6.4805,0,REST
3278,12.8046875,-3.5394,2.3895,4.4672,5.4383,0,REST
3279,12.80859375,-0.2202,-3.7331,3.8841,5.1691,0,REST
3280,12.8125,0.2623,-1.1767,0.7538,6.3735,0,REST
3281,12.81640625,-0.8256,-7.427,-0.8513,2.1757,0,REST
3282,12.8203125,1.7075,-9.0921,-1.9001,-4.3975,0,REST
3283,12.82421875,5.8956,-7.2068,-6.1127,-3.516,0,REST
3284,12.828125,4.2548,-7.7692,-5.641,-8.6152,0,REST
3285,12.83203125,6.2314,-7.9387,-6.4375,-10.3543,0,REST
3286,12.8359375,6.1546,-4.7312,-2.4162,-8.5297,0,REST
3287,12.83984375,7.6291,-6.372,-6.789,-11.7036,0,REST
3288,12.84375,5.8356,-2.6674,-8.7144,-9.9836,0,REST
3289,12.84765625,3.613,-3.3429,-4.2089,-14.245,0,REST
3290,12.8515625,4.494,-2.8564,-8.6285,-7.3547,0,REST
3291,12.85546875,0.4872,2.0937,-3.2255,-4.9292,0,REST
3292,12.859375,1.1813,3.6391,-1.433,-3.9354,0,REST
3293,12.86328125,-6.5518,5.9659,-3.7939,2.3929,0,REST
3294,12.8671875,-2.0616,9.2245,0.8301,4.68,0,REST
3295,12.87109375,-9.3283,11.5449,3.548,11.9632,0,REST
3296,12.875,-5.8083,9.178,7.6618,9.9907,0,REST
3297,12.87890625,-9.7811,4.178,3.4781,10.4225,0,REST
3298,12.8828125,-10.2346,11.288,6.929,12.267,0,REST
3299,12.88671875,-9.4183,10.457,11.6028,17.3877,0,REST
3300,12.890625,-7.2696,3.9708,11.7773,11.0058,0,REST
3301,12.89453125,-7.2143,1.8336,9.9252,12.2754,0,REST
3302,12.8984375,-7.5567,0.7734,13.689,6.0855,0,REST
3303,12.90234375,-3.8273,0.3076,3.8472,1.4234,0,REST
3304,12.90625,-0.9429,-4.372,6.7165,-1.945,0,REST
3305,12.91015625,0.9117,-7.7076,1.44,-0.8191,0,REST
3306,12.9140625,6.2994,-7.2478,1.0442,-8.2857,0,REST
3307,12.91796875,8.6792,-6.5499,-7.1075,-11.4626,0,REST
3308,12.921875,7.78,-10.0171,-7.672,-7.6251,0,REST
3309,12.92578125,12.4208,-10.9216,-8.8697,-16.0541,0,REST
3310,12.9296875,16.9228,-9.5198,-7.8652,-18.328,0,REST
3311,12.93359375,10.9321,-8.1176,-12.2008,-10.7841,0,REST
3312,12.9375,8.9666,-3.7506,-12.6212,-9.7198,0,REST
3313,12.94140625,9.3653,-5.4073,-10.7874,-7.8589,0,REST
3314,12.9453125,8.5315,-5.2759,-12.3065,-5.2417,0,REST
3315,12.94921875,2.3619,3.6138,-8.8145,-1.209,0,REST
3316,12.953125,1.3611,7.0466,-9.1527,-0.5305,0,REST
3317,12.95703125,-1.3496,6.2805,-2.6136,0.0068,0,REST
3318,12.9609375,-2.1634,7.5876,2.3249,5.7426,0,REST
3319,12.96484375,-9.3702,8.0324,2.8873,9.5032,0,REST
3320,12.96875,-9.9414,12.8956,4.9736,10.7574,0,REST
3321,12.97265625,-12.0281,12.4325,8.6658,14.7211,0,REST
3322,12.9765625,-9.4188,7.9587,10.2416,12.1654,0,REST
3323,12.98046875,-13.3565,5.2222,10.4917,15.4137,0,REST
3324,12.984375,-15.057,8.5898,10.3639,12.0524,0,REST
3325,12.98828125,-9.8004,7.2238,14.4228,8.2661,0,REST
3326,12.9921875,-8.0379,-0.7526,8.5538,7.9003,0,REST
3327,12.99609375,-2.2694,-0.6369,10.2691,-0.9739,0,REST
3328,13.0,3.3096,-3.6216,9.2752,-3.3567,0,REST
3329,13.00390625,3.9143,-8.7093,5.6979,-4.6694,0,REST
3330,13.0078125,8.8054,-11.4089,4.1319,-7.7027,0,REST
3331,13.01171875,7.9553,-14.2616,-1.9979,-11.137,0,REST
3332,13.015625,10.8966,-15.0948,-6.7183,-11.3499,0,REST
3333,13.01953125,11.8229,-12.2656,-7.1785,-11.8841,0,REST
3334,13.0234375,19.9335,-12.8777,-9.7491,-13.6004,0,REST
3335,13.02734375,10.2382,-8.2285,-14.013,-11.5927,0,REST
3336,13.03125,8.4148,-7.0824,-15.3526,-7.3073,0,REST
3337,13.03515625,8.6448,-2.6779,-12.7888,-2.5482,0,REST
3338,13.0390625,6.8513,-3.705,-11.3171,-5.1209,0,REST
3339,13.04296875,2.2163,4.2312,-9.8495,4.5736,0,REST
3340,13.046875,2.6307,9.3057,-13.269,4.1369,0,REST
3341,13.05078125,-4.9617,7.5446,-5.4386,6.5672,0,REST
3342,13.0546875,-6.9881,8.5839,-2.659,10.403,0,REST
3343,13.05859375,-5.8754,13.0708,2.8934,9.4523,0,REST
3344,13.0625,-13.0527,14.696,6.2164,10.2591,0,REST
3345,13.06640625,-9.1185,11.119,10.8898,5.9427,0,REST
3346,13.0703125,-12.9609,11.5242,6.3544,11.2715,0,REST
3347,13.07421875,-12.4396,12.0029,7.2717,5.5011,0,REST
3348,13.078125,-8.2745,8.849,8.954,7.7825,0,REST
3349,13.08203125,-5.2188,2.0411,11.4836,3.9582,0,REST
3350,13.0859375,-5.4639,0.4195,13.353,2.0865,0,REST
3351,13.08984375,-4.1849,-0.1975,9.9777,-1.9756,0,REST
3352,13.09375,-2.8,-8.6885,7.1372,-1.2162,0,REST
3353,13.09765625,3.6572,-4.6651,2.2542,-4.5312,0,REST
3354,13.1015625,6.8315,-8.0308,4.411,-9.5503,0,REST
3355,13.10546875,10.9738,-15.3967,-1.8496,-12.3347,0,REST
3356,13.109375,9.6982,-12.6217,-5.5537,-7.2686,0,REST
3357,13.11328125,7.5394,-14.4835,-3.7762,-9.7887,0,REST
3358,13.1171875,8.9982,-10.6514,-7.2383,-5.7481,0,REST
3359,13.12109375,7.8378,-11.8529,-10.3154,-3.7239,0,REST
3360,13.125,8.1812,-8.9275,-13.467,-3.0052,0,REST
3361,13.12890625,8.6769,-8.7401,-7.4656,-2.0794,0,REST
3362,13.1328125,6.5867,0.4312,-8.852,-0.3426,0,REST
3363,13.13671875,0.5807,2.5621,-9.2016,2.0222,0,REST
3364,13.140625,-1.6554,9.309,-6.0193,1.9268,0,REST
3365,13.14453125,-4.5828,7.1594,-3.3547,5.054,0,REST
3366,13.1484375,-4.0718,7.4706,-2.6224,3.5279,0,REST
3367,13.15234375,-2.9287,12.0453,2.7253,6.213,0,REST
3368,13.15625,-4.2426,13.2508,4.7367,6.2405,0,REST
3369,13.16015625,-2.855,13.2814,4.88,5.9146,0,REST
3370,13.1640625,-9.2294,8.0464,5.7935,-0.4381,0,REST
3371,13.16796875,-5.6544,10.037,4.6402,5.1834,0,REST
3372,13.171875,-3.8629,10.7321,9.0848,1.1365,0,REST
3373,13.17578125,-5.751,2.971,1.7478,-0.2533,0,REST
3374,13.1796875,0.1994,1.6576,11.4547,2.4166,0,REST
3375,13.18359375,-2.5631,-3.692,6.7396,-2.8518,0,REST
3376,13.1875,-2.0079,-6.1424,2.866,-2.4653,0,REST
3377,13.19140625,0.8867,-5.5211,1.7042,-4.1606,0,REST
3378,13.1953125,-0.3546,-13.5853,-0.6074,-1.5607,0,REST
3379,13.19921875,3.6006,-11.5588,2.2362,-4.6601,0,REST
3380,13.203125,5.7307,-11.0808,0.9255,-4.0029,0,REST
3381,13.20703125,2.0827,-10.6715,-2.176,-2.0937,0,REST
3382,13.2109375,5.713,-11.0057,1.1314,-2.0988,0,REST
3383,13.21484375,3.8575,-9.054,-4.2404,-3.3429,0,REST
3384,13.21875,6.2819,-5.8045,-4.5444,-3.2897,0,REST
3385,13.22265625,8.5444,-0.2029,-6.2135,-0.9558,0,REST
3386,13.2265625,3.0706,-0.4979,-2.0533,-6.0757,0,REST
3387,13.23046875,3.2368,0.7712,-6.1074,0.9153,0,REST
3388,13.234375,0.8853,9.0007,-2.4418,-2.6787,0,REST
3389,13.23828125,2.5195,5.4166,0.1882,-0.5496,0,REST
3390,13.2421875,-0.9259,9.8236,-1.5518,-0.8978,0,REST
3391,13.24609375,1.4432,7.8996,-4.1799,2.7262,0,REST
3392,13.25,1.7278,6.2342,-3.2469,-3.2896,0,REST
3393,13.25390625,-0.3304,15.9426,-3.3738,4.9781,0,REST
3394,13.2578125,2.5176,7.18,-1.0059,2.0643,0,REST
3395,13.26171875,0.6293,7.0306,0.1872,2.3282,0,REST
3396,13.265625,-2.6564,5.3825,-3.7574,4.9538,0,REST
3397,13.26953125,-1.6774,5.4966,-2.2346,2.1707,0,REST
3398,13.2734375,0.5055,1.1158,0.9748,1.7616,0,REST
3399,13.27734375,-2.9606,-3.3109,1.5023,5.6343,0,REST
3400,13.28125,-5.2751,0.905,3.0897,1.7439,0,REST
3401,13.28515625,-6.3219,-5.6867,2.8425,0.6355,0,REST
3402,13.2890625,-6.4863,-7.818,8.3953,0.292,0,REST
3403,13.29296875,-2.1206,-5.8689,0.9788,-1.0906,0,REST
3404,13.296875,-2.6115,-6.751,1.3725,-0.0774,0,REST
3405,13.30078125,-3.2609,-8.5963,4.1881,-5.2959,0,REST
3406,13.3046875,-1.8624,-9.479,1.6666,-2.6355,0,REST
3407,13.30859375,-2.5612,-2.6484,10.2198,-3.3234,0,REST
3408,13.3125,2.0594,-3.5844,3.4413,-4.4968,0,REST
3409,13.31640625,1.5983,-4.4194,4.4722,-4.9496,0,REST
3410,13.3203125,5.6197,-1.4115,1.6493,-6.4897,0,REST
3411,13.32421875,5.4396,-1.357,3.3247,-4.5518,0,REST
3412,13.328125,9.0512,5.0398,-2.7835,-1.1817,0,REST
3413,13.33203125,8.6333,3.8187,-3.2942,-5.7238,0,REST
3414,13.3359375,6.8838,3.6618,-3.0508,-2.3321,0,REST
3415,13.33984375,6.3534,6.8279,-6.0133,-1.5243,0,REST
3416,13.34375,8.9023,7.0467,-8.5347,0.3132,0,REST
3417,13.34765625,6.4374,9.5554,-10.8304,5.7221,0,REST
3418,13.3515625,8.2614,9.0234,-9.5714,3.263,0,REST
3419,13.35546875,2.6318,4.9781,-8.4156,2.5679,0,REST
3420,13.359375,-1.243,2.741,-8.5754,8.8418,0,REST
3421,13.36328125,0.5834,6.4619,-6.6004,9.7442,0,REST
3422,13.3671875,-6.7511,2.852,-8.6899,9.3062,0,REST
3423,13.37109375,-6.6542,1.0961,-3.7701,3.3899,0,REST
3424,13.375,-6.4244,-2.1865,-1.9669,5.3231,0,REST
3425,13.37890625,-10.1271,-3.4176,-0.3135,2.6504,0,REST
3426,13.3828125,-7.4394,-3.2386,0.7625,4.0223,0,REST
3427,13.38671875,-11.5332,-3.1064,3.9457,0.9809,0,REST
3428,13.390625,-5.5238,-3.0124,6.9745,-2.2167,0,REST
3429,13.39453125,-5.261,-3.5882,10.3116,-7.5089,0,REST
3430,13.3984375,-4.069,-3.8832,12.1587,-2.5789,0,REST
3431,13.40234375,-2.8093,-8.5787,11.238,-12.4217,0,REST
3432,13.40625,1.3647,-1.8539,9.6553,-9.7741,0,REST
3433,13.41015625,2.0829,-2.1811,11.5697,-9.2805,0,REST
3434,13.4140625,5.084,-4.0434,8.7966,-13.0272,0,REST
3435,13.41796875,10.0073,-2.2778,4.746,-8.0674,0,REST
3436,13.421875,8.4282,-2.2161,-0.9338,-6.7442,0,REST
3437,13.42578125,12.0102,3.3318,0.723,-4.6589,0,REST
3438,13.4296875,13.1406,-0.1634,-0.1072,-2.572,0,REST
3439,13.43359375,12.0408,-0.2159,-7.26,-0.7988,0,REST
3440,13.4375,11.7049,2.0259,-12.2955,4.6238,0,REST
3441,13.44140625,11.7963,-1.4501,-7.5615,7.399,0,REST
3442,13.4453125,6.0758,2.4923,-11.7796,9.6388,0,REST
3443,13.44921875,-2.6893,2.395,-11.1509,10.4817,0,REST
3444,13.453125,-1.5451,5.8388,-13.0504,11.9481,0,REST
3445,13.45703125,-1.4385,3.9197,-9.7256,11.8503,0,REST
3446,13.4609375,-5.8716,1.1586,-8.4504,13.1183,0,REST
3447,13.46484375,-11.822,5.0885,-5.0437,7.6204,0,REST
3448,13.46875,-11.7501,1.1244,-3.8242,10.7002,0,REST
3449,13.47265625,-12.1956,1.7897,2.6048,5.4718,0,REST
3450,13.4765625,-11.3648,-0.9067,4.4443,2.3171,0,REST
3451,13.48046875,-12.1382,2.4721,7.8853,-6.8377,0,REST
3452,13.484375,-10.9493,1.3209,10.3652,-1.9894,0,REST
3453,13.48828125,-9.6145,2.2434,8.5555,-7.4803,0,REST
3454,13.4921875,-5.9076,0.1414,12.6307,-8.8208,0,REST
3455,13.49609375,-2.338,-2.2258,12.9969,-9.5409,0,REST
3456,13.5,0.5711,-3.4554,14.9281,-13.4553,0,REST
3457,13.50390625,3.5862,-5.0117,9.7575,-11.8351,0,REST
3458,13.5078125,5.4131,-3.5247,6.9335,-12.6398,0,REST
3459,13.51171875,9.5983,-6.8318,6.4299,-14.4606,0,REST
3460,13.515625,6.5455,-1.9875,2.3889,-5.2496,0,REST
3461,13.51953125,9.3391,-5.2738,2.5387,-7.4414,0,REST
3462,13.5234375,14.1085,-5.478,0.6383,-1.8598,0,REST
3463,13.52734375,11.7643,1.1802,-5.0632,1.6279,0,REST
3464,13.53125,7.819,0.3796,-7.8568,4.1434,0,REST
3465,13.53515625,7.922,-0.8927,-12.335,8.0684,0,REST
3466,13.5390625,7.825,2.489,-13.6629,12.6139,0,REST
3467,13.54296875,2.9284,0.6735,-10.006,11.8299,0,REST
3468,13.546875,-0.9761,-0.0422,-14.1086,13.854,0,REST
3469,13.55078125,-5.1846,4.4366,-13.5464,9.0165,0,REST
3470,13.5546875,-8.2033,3.2668,-5.9363,12.5216,0,REST
3471,13.55859375,-7.4688,1.2819,-6.8686,9.0988,0,REST
3472,13.5625,-9.4781,3.267,-2.1678,3.8546,0,REST
3473,13.56640625,-10.5258,4.9743,3.2865,0.8787,0,REST
3474,13.5703125,-7.7103,4.7884,4.5602,-2.9511,0,REST
3475,13.57421875,-11.3935,1.9442,4.7553,-9.1652,0,REST
3476,13.578125,-8.8222,5.8746,8.3602,-5.517,0,REST
3477,13.58203125,-3.2671,3.1259,10.1528,-9.1309,0,REST
3478,13.5859375,-4.7937,3.4581,12.2068,-8.018,0,REST
3479,13.58984375,-2.7079,-1.3865,10.2803,-15.7237,0,REST
3480,13.59375,-0.9246,-4.8901,8.9545,-12.4624,0,REST
3481,13.59765625,5.3807,-3.2792,7.8565,-11.2187,0,REST
3482,13.6015625,6.7804,-3.1954,7.5382,-5.8955,0,REST
3483,13.60546875,2.7542,-5.7578,6.6534,-7.988,0,REST
3484,13.609375,8.0004,-6.7583,3.7186,-2.8605,0,REST
3485,13.61328125,11.7695,-10.1161,0.2389,0.2581,0,REST
3486,13.6171875,6.9514,-4.0474,-1.9585,4.7529,0,REST
3487,13.62109375,9.539,-7.4757,-3.1211,5.2281,0,REST
3488,13.625,9.1778,-5.7839,-2.2267,7.4198,0,REST
3489,13.62890625,4.3274,-2.7651,-4.2962,11.8414,0,REST
3490,13.6328125,2.7819,-2.2903,-10.8666,15.4993,0,REST
3491,13.63671875,-0.132,2.6959,-10.2673,9.6925,0,REST
3492,13.640625,-1.841,0.4727,-8.2453,9.2229,0,REST
3493,13.64453125,-6.4957,2.4297,-7.5967,6.8494,0,REST
3494,13.6484375,-3.6031,2.1109,-4.6527,8.8187,0,REST
3495,13.65234375,-6.3097,11.0734,-4.9147,5.5929,0,REST
3496,13.65625,-7.6512,7.8369,-0.9469,2.9026,0,REST
3497,13.66015625,-7.9762,10.957,1.7961,-2.9,0,REST
3498,13.6640625,-6.8214,8.2673,2.0167,-0.9488,0,REST
3499,13.66796875,-3.9592,7.5703,1.8001,-4.3519,0,REST
3500,13.671875,-6.2014,6.6586,-0.3676,-5.9148,0,REST
3501,13.67578125,-4.2244,0.0391,1.064,-9.6734,0,REST
3502,13.6796875,-2.3589,6.5436,9.7542,-7.6901,0,REST
3503,13.68359375,-0.3517,0.4538,8.8216,-9.5253,0,REST
3504,13.6875,-0.9311,-0.5396,4.2438,-7.5152,0,REST
3505,13.69140625,2.2132,-8.2305,9.317,-8.5129,0,REST
3506,13.6953125,2.9056,-6.4857,6.1185,-4.5268,0,REST
3507,13.69921875,2.0088,-6.184,6.0449,-2.7704,0,REST
3508,13.703125,6.0547,-10.2696,1.202,0.1161,0,REST
3509,13.70703125,0.7819,-11.4722,-0.8578,0.1082,0,REST
3510,13.7109375,5.8661,-9.7103,3.5985,7.8413,0,REST
3511,13.71484375,3.4546,-6.3878,1.5597,2.0629,0,REST
3512,13.71875,4.5143,-8.6382,-3.4251,6.5065,0,REST
3513,13.72265625,2.1604,-7.3769,-1.1759,9.8237,0,REST
3514,13.7265625,3.984,-2.641,-1.7048,6.5766,0,REST
3515,13.73046875,3.9913,2.7625,-3.9874,6.5464,0,REST
3516,13.734375,5.6978,0.8822,-2.5424,7.0861,0,REST
3517,13.73828125,3.748,6.2104,-1.3984,5.8508,0,REST
3518,13.7421875,0.1883,13.4932,-3.9159,3.6912,0,REST
3519,13.74609375,2.6793,11.6749,-4.0525,3.4643,0,REST
3520,13.75,2.1202,10.5223,-3.7148,-0.1321,0,REST
3521,13.75390625,-2.7651,12.2994,0.1097,-0.9222,0,REST
3522,13.7578125,-3.2653,13.1795,-3.7936,-5.3696,0,REST
3523,13.76171875,-2.2848,12.6054,-1.6765,-0.6101,0,REST
3524,13.765625,-4.7183,11.9582,-5.4287,-5.0065,0,REST
3525,13.76953125,-2.6964,7.6775,-5.5185,-5.6728,0,REST
3526,13.7734375,-8.3467,4.6547,-0.2717,-4.5367,0,REST
3527,13.77734375,-5.0667,-1.6179,-2.1464,-5.7338,0,REST
3528,13.78125,-4.0282,-3.3042,2.2767,-7.455,0,REST
3529,13.78515625,-2.8164,-6.7687,-1.2254,-3.2373,0,REST
3530,13.7890625,-5.8673,-9.6202,-0.8076,-3.5462,0,REST
3531,13.79296875,-3.3076,-10.8314,3.5931,-2.247,0,REST
3532,13.796875,-3.1844,-13.1757,4.3111,-0.3007,0,REST
3533,13.80078125,-4.3692,-13.2533,-0.7929,3.7818,0,REST
3534,13.8046875,-2.3795,-11.3187,7.6078,-3.8006,0,REST
3535,13.80859375,3.7001,-12.6504,3.1207,1.1649,0,REST
3536,13.8125,-1.4594,-10.1907,6.8845,-2.5251,0,REST
3537,13.81640625,4.5985,-3.8873,9.7473,-1.0291,0,REST
3538,13.8203125,4.2319,-2.245,5.7763,1.7081,0,REST
3539,13.82421875,4.618,0.3783,5.3182,2.7913,0,REST
3540,13.828125,3.5378,1.2402,2.7012,-3.163,0,REST
3541,13.83203125,4.9921,10.5927,5.2687,2.2805,0,REST
3542,13.8359375,5.8001,12.76,-0.2554,3.5825,0,REST
3543,13.83984375,4.871,12.2141,-4.7174,4.3059,0,REST
3544,13.84375,5.6419,18.1021,-2.2653,-0.1256,0,REST
3545,13.84765625,4.1873,15.1426,-4.5572,1.6969,0,REST
3546,13.8515625,3.3389,11.6086,-10.49,2.5708,0,REST
3547,13.85546875,0.3585,14.4727,-7.9755,0.2826,0,REST
3548,13.859375,1.6372,5.6797,-11.8641,1.3777,0,REST
3549,13.86328125,-5.044,9.4742,-9.1487,0.3008,0,REST
3550,13.8671875,-4.3622,5.1612,-7.9765,-0.5747,0,REST
3551,13.87109375,-7.5558,-1.5038,-9.4859,0.4883,0,REST
3552,13.875,-7.0396,-5.4089,-4.97,-4.9442,0,REST
3553,13.87890625,-11.6258,-6.8636,-3.7438,-5.1299,0,REST
3554,13.8828125,-9.7613,-2.7779,1.3451,-6.6712,0,REST
3555,13.88671875,-11.2765,-11.5849,2.3334,-5.1847,0,REST
3556,13.890625,-10.1805,-10.6086,1.1322,-8.2744,0,REST
3557,13.89453125,-7.2399,-13.3817,7.0651,-3.8415,0,REST
3558,13.8984375,-8.8042,-12.7337,8.0659,-3.9705,0,REST
3559,13.90234375,-4.6778,-10.0258,8.0971,-2.7524,0,REST
3560,13.90625,-2.493,-3.1506,12.5168,-5.5703,0,REST
3561,13.91015625,-1.4657,-10.0675,11.7451,-2.0686,0,REST
3562,13.9140625,3.5244,-5.4018,12.9742,-0.0209,0,REST
3563,13.91796875,7.7721,-0.3164,7.4009,1.3706,0,REST
3564,13.921875,9.695,2.8919,7.9869,-0.8913,0,REST
3565,13.92578125,12.2004,5.2551,5.4904,4.3057,0,REST
3566,13.9296875,13.022,10.4916,1.1921,4.0495,0,REST
3567,13.93359375,13.3013,10.4353,-1.876,6.141,0,REST
3568,13.9375,9.8667,10.6049,-0.5239,10.7079,0,REST
3569,13.94140625,7.8643,14.1685,-8.717,4.3318,0,REST
3570,13.9453125,5.6126,8.9882,-7.6879,6.0972,0,REST
3571,13.94921875,2.3074,9.6314,-12.1094,7.4667,0,REST
3572,13.953125,0.8727,6.1294,-14.2773,4.601,0,REST
3573,13.95703125,-3.7854,5.8326,-11.2265,-0.3686,0,REST
3574,13.9609375,-6.8519,-1.8848,-11.2096,-0.595,0,REST
3575,13.96484375,-6.9847,-2.1329,-15.1697,-3.821,0,REST
3576,13.96875,-11.5478,-2.3545,-8.8444,-6.6819,0,REST
3577,13.97265625,-10.9683,-4.4178,-9.5126,-4.7317,0,REST
3578,13.9765625,-12.3881,-8.0209,-2.7709,-8.2147,0,REST
3579,13.98046875,-12.1481,-6.2658,0.5514,-11.6177,0,REST
3580,13.984375,-9.0705,-9.453,0.878,-8.5162,0,REST
3581,13.98828125,-8.4824,-9.8694,6.3678,-7.6472,0,REST
3582,13.9921875,-7.4073,-10.618,10.4742,-5.1089,0,REST
3583,13.99609375,-3.5655,-9.2597,12.6581,-8.6511,0,REST
3584,14.0,0.8037,-8.4723,10.9335,-2.8387,0,REST
3585,14.00390625,4.4066,-2.1435,18.1472,-1.5501,0,REST
3586,14.0078125,6.2572,-5.6852,12.3046,1.143,0,REST
3587,14.01171875,10.2078,3.516,10.9137,8.0821,0,REST
3588,14.015625,15.802,0.5776,5.7204,4.6397,0,REST
3589,14.01953125,13.7399,4.1595,7.2783,7.3497,0,REST
3590,14.0234375,16.302,10.5804,7.835,13.087,0,REST
3591,14.02734375,13.508,9.1405,1.1159,13.6974,0,REST
3592,14.03125,9.0729,7.3453,-2.9924,10.0371,0,REST
3593,14.03515625,11.1535,6.041,-5.4242,13.1833,0,REST
3594,14.0390625,5.1976,7.7946,-7.3118,11.6363,0,REST
3595,14.04296875,5.8227,6.0859,-11.6108,6.8287,0,REST
3596,14.046875,-2.6151,4.0748,-10.9211,4.2772,0,REST
3597,14.05078125,-0.82,7.974,-16.1409,0.2995,0,REST
3598,14.0546875,-2.6099,2.7411,-17.0483,-3.6989,0,REST
3599,14.05859375,-9.3288,-1.4969,-13.1473,-5.1971,0,REST
3600,14.0625,-7.2808,0.1332,-6.9459,-10.1432,0,REST
3601,14.06640625,-12.6962,-5.71,-6.3718,-11.8677,0,REST
3602,14.0703125,-12.5362,-7.6424,-2.3081,-12.7063,0,REST
3603,14.07421875,-11.4872,-7.4549,-4.0268,-13.5657,0,REST
3604,14.078125,-12.6848,-4.792,3.6173,-9.6603,0,REST
3605,14.08203125,-8.9021,-5.6074,8.3216,-8.7228,0,REST
3606,14.0859375,-4.9962,-5.3899,8.1955,-8.324,0,REST
3607,14.08984375,-1.5746,-8.7363,7.5941,-5.7818,0,REST
3608,14.09375,-0.2798,-7.3676,8.5209,-3.8072,0,REST
3609,14.09765625,3.4366,-5.4085,8.8234,-1.232,0,REST
3610,14.1015625,5.3525,1.871,11.6365,5.5313,0,REST
3611,14.10546875,7.8091,1.2634,4.723,8.1781,0,REST
3612,14.109375,5.6531,-0.0695,9.7734,11.6915,0,REST
3613,14.11328125,10.3292,2.0547,7.8302,14.0897,0,REST
3614,14.1171875,10.8193,6.6515,5.1439,13.064,0,REST
3615,14.12109375,10.2952,6.3451,0.0284,11.7793,0,REST
3616,14.125,7.1569,5.8258,-0.0977,12.1765,0,REST
3617,14.12890625,7.2329,3.3577,-3.5813,10.9648,0,REST
3618,14.1328125,3.7363,3.8892,-3.4988,5.5937,0,REST
3619,14.13671875,-2.0379,8.0229,-5.358,8.0343,0,REST
3620,14.140625,-4.0945,7.1166,-7.2785,-0.332,0,REST
3621,14.14453125,-3.6611,6.7842,-4.9808,-5.4116,0,REST
3622,14.1484375,1.4087,3.2438,-11.6146,-9.0996,0,REST
3623,14.15234375,-4.7534,-1.0391,-6.6992,-7.3729,0,REST
3624,14.15625,-3.2371,0.0145,-5.604,-12.0027,0,REST
3625,14.16015625,-8.3815,-2.274,-7.0667,-11.9109,0,REST
3626,14.1640625,-8.8396,-1.751,-1.211,-13.3654,0,REST
3627,14.16796875,-7.8399,-2.2634,-2.4051,-10.5148,0,REST
3628,14.171875,-4.7192,-3.9909,2.1485,-13.1522,0,REST
3629,14.17578125,-5.3103,-2.6279,-1.336,-9.6238,0,REST
3630,14.1796875,-3.2408,-4.3505,-1.3205,-3.1543,0,REST
3631,14.18359375,-1.6351,-5.6819,0.534,-3.9511,0,REST
3632,14.1875,-1.9758,-0.3304,6.1776,1.8337,0,REST
3633,14.19140625,-1.4148,-3.3682,3.51,4.8149,0,REST
3634,14.1953125,2.8194,-3.9791,4.0785,8.9646,0,REST
3635,14.19921875,5.2207,-0.7814,5.8906,5.9973,0,REST
3636,14.203125,4.735,-6.0457,2.844,8.9829,0,REST
3637,14.20703125,7.3214,-1.8694,-3.1046,11.4555,0,REST
3638,14.2109375,1.546,2.0293,3.3222,11.8948,0,REST
3639,14.21484375,2.4171,-0.7883,2.6052,8.845,0,REST
3640,14.21875,2.5831,-2.2176,2.2456,7.249,0,REST
3641,14.22265625,4.2686,2.662,0.6856,5.8827,0,REST
3642,14.2265625,0.9221,4.3433,3.6402,4.7896,0,REST
3643,14.23046875,-1.5254,5.6491,3.209,-0.33,0,REST
3644,14.234375,3.2972,1.7237,3.5171,-3.772,0,REST
3645,14.23828125,1.5873,1.9729,0.6139,-6.5127,0,REST
3646,14.2421875,3.3008,1.6107,-2.9753,-7.9513,0,REST
3647,14.24609375,0.239,2.1536,-6.2439,-12.0207,0,REST
3648,14.25,1.1952,2.364,-0.127,-7.2591,0,REST
3649,14.25390625,-1.7026,3.6518,-2.034,-7.7496,0,REST
3650,14.2578125,0.2775,3.5746,-2.2953,-12.1529,0,REST
3651,14.26171875,0.6408,2.8808,-4.1195,-7.8479,0,REST
3652,14.265625,-4.6729,-1.1032,0.9482,-8.9063,0,REST
3653,14.26953125,-5.4066,3.8094,-0.7005,-5.0527,0,REST
3654,14.2734375,-5.0871,-0.0393,-4.5688,-5.9044,0,REST
3655,14.27734375,2.0075,1.6398,-1.7691,-2.1927,0,REST
3656,14.28125,-6.481,-2.749,-4.0549,3.1928,0,REST
3657,14.28515625,-2.9608,-2.9345,0.0637,5.0161,0,REST
3658,14.2890625,-5.1995,-3.5661,0.5347,6.1247,0,REST
3659,14.29296875,-7.6675,-6.5368,2.5365,6.9934,0,REST
3660,14.296875,-5.578,-4.2059,-0.69,10.2487,0,REST
3661,14.30078125,-6.7254,-3.086,2.7678,10.3351,0,REST
3662,14.3046875,-5.7554,-5.4492,-0.3044,8.3189,0,REST
3663,14.30859375,1.2955,-2.1556,6.4929,6.3538,0,REST
3664,14.3125,0.515,-2.3129,3.5762,4.6445,0,REST
3665,14.31640625,2.5339,-2.1318,5.8499,2.4651,0,REST
3666,14.3203125,1.1857,-1.7785,5.0121,-0.3208,0,REST
3667,14.32421875,4.3841,-0.5341,5.7771,1.1148,0,REST
3668,14.328125,5.0161,3.9945,3.1161,-0.2508,0,REST
3669,14.33203125,7.9776,4.0642,4.8271,-4.5032,0,REST
3670,14.3359375,6.91,4.6646,5.8858,-4.0465,0,REST
3671,14.33984375,5.7275,8.1477,2.0655,-6.1216,0,REST
3672,14.34375,5.7758,5.3967,0.9332,-5.4627,0,REST
3673,14.34765625,4.9757,5.6125,-1.7847,-5.7711,0,REST
3674,14.3515625,4.9556,8.8127,-2.671,-4.275,0,REST
3675,14.35546875,-1.9932,5.6697,-0.869,-2.9467,0,REST
3676,14.359375,0.0775,5.4785,-8.0996,-3.6467,0,REST
3677,14.36328125,-2.0811,7.2842,-7.7563,-0.9904,0,REST
3678,14.3671875,-5.8848,0.3804,-7.163,-5.3497,0,REST
3679,14.37109375,-2.7197,-1.6277,-8.9351,-3.8538,0,REST
3680,14.375,-7.4988,-0.2998,-6.3736,-2.0594,0,REST
3681,14.37890625,-6.9301,-5.1143,-5.8196,0.9962,0,REST
3682,14.3828125,-11.0045,-3.2129,-2.4722,2.4603,0,REST
3683,14.38671875,-7.1315,-7.3786,-3.4647,1.9933,0,REST
3684,14.390625,-10.4403,-7.5015,-4.8362,2.7139,0,REST
3685,14.39453125,-6.6473,-5.9552,0.0825,6.1135,0,REST
3686,14.3984375,-3.232,-9.6866,4.9415,2.0354,0,REST
3687,14.40234375,-4.0706,-8.1015,1.8495,-0.1928,0,REST
3688,14.40625,0.6134,-9.5262,5.8195,1.2681,0,REST
3689,14.41015625,-0.166,-6.5015,13.1561,-0.8798,0,REST
3690,14.4140625,5.0339,-7.9051,8.8528,-0.0463,0,REST
3691,14.41796875,10.0513,2.132,12.0764,1.9442,0,REST
3692,14.421875,11.9929,2.4532,10.5875,3.1743,0,REST
3693,14.42578125,8.9384,-0.2721,8.6866,1.6424,0,REST
3694,14.4296875,15.5454,5.5621,7.3858,4.0618,0,REST
3695,14.43359375,13.5915,8.9601,5.9505,2.4357,0,REST
3696,14.4375,10.1861,8.9249,4.5474,-0.4462,0,REST
3697,14.44140625,8.6576,11.2821,1.6442,1.0251,0,REST
3698,14.4453125,4.4921,9.4346,-1.5232,-5.7148,0,REST
3699,14.44921875,3.1401,11.1833,-5.2555,-3.3206,0,REST
3700,14.453125,-0.0438,8.898,-9.1949,-6.1837,0,REST
3701,14.45703125,-3.9251,7.1641,-11.6096,-6.2377,0,REST
3702,14.4609375,-4.8863,5.5301,-12.2951,-2.9898,0,REST
3703,14.46484375,-8.4063,2.586,-11.9096,-5.5909,0,REST
3704,14.46875,-8.5364,-3.4594,-11.9934,-4.4969,0,REST
3705,14.47265625,-14.7256,-5.8923,-9.9626,-3.0987,0,REST
3706,14.4765625,-14.2807,-4.316,-9.0361,-5.1638,0,REST
3707,14.48046875,-11.5741,-9.3232,-12.0239,-1.9306,0,REST
3708,14.484375,-11.4632,-11.1673,-6.435,-1.7421,0,REST
3709,14.48828125,-8.8548,-10.0889,-1.9728,3.4582,0,REST
3710,14.4921875,-6.6872,-7.9283,1.0523,-3.1552,0,REST
3711,14.49609375,-1.4649,-9.2172,3.6545,7.3668,0,REST
3712,14.5,-0.156,-8.3022,8.0618,4.3022,0,REST
3713,14.50390625,5.357,-1.5128,9.6073,2.1621,0,REST
3714,14.5078125,6.4274,-3.9371,14.9107,6.9053,0,REST
3715,14.51171875,4.9847,-3.1272,12.8018,3.8584,0,REST
3716,14.515625,11.5125,1.7059,12.6414,6.3988,0,REST
3717,14.51953125,11.0717,3.9816,13.3045,7.1373,0,REST
3718,14.5234375,14.8391,7.936,8.7517,3.7789,0,REST
3719,14.52734375,11.2617,8.4606,8.8692,2.0463,0,REST
3720,14.53125,13.8504,9.8912,7.8219,0.9256,0,REST
3721,14.53515625,9.7859,10.3923,0.7026,-0.7582,0,REST
3722,14.5390625,6.5917,11.5883,-0.4294,-2.1896,0,REST
3723,14.54296875,5.818,12.7637,-5.3552,-3.4673,0,REST
3724,14.546875,-1.6861,9.3903,-6.5524,-3.8123,0,REST
3725,14.55078125,-3.916,5.6436,-11.8193,-10.0653,0,REST
3726,14.5546875,-4.2634,5.854,-11.1663,-13.2331,0,REST
3727,14.55859375,-8.1994,0.7552,-10.0706,-10.1955,0,REST
3728,14.5625,-13.5091,-0.57,-9.7884,-10.3516,0,REST
3729,14.56640625,-13.2625,-2.1883,-13.3192,-4.0505,0,REST
3730,14.5703125,-13.9392,-4.9132,-9.8023,-7.972,0,REST
3731,14.57421875,-10.3288,-10.536,-9.3782,-1.1715,0,REST
3732,14.578125,-9.671,-9.6487,-5.3642,-0.8824,0,REST
3733,14.58203125,-6.7796,-12.7765,-3.2458,0.9447,0,REST
3734,14.5859375,-5.9268,-10.8825,2.4148,4.8312,0,REST
3735,14.58984375,-2.548,-8.8767,3.1106,10.9449,0,REST
3736,14.59375,0.5718,-9.7369,4.7734,8.6501,0,REST
3737,14.59765625,2.3263,-7.3137,8.7982,9.3841,0,REST
3738,14.6015625,7.3988,-4.8206,7.412,10.3483,0,REST
3739,14.60546875,6.4024,-1.5995,13.2615,11.5295,0,REST
3740,14.609375,8.371,1.6691,8.842,5.696,0,REST
3741,14.61328125,8.6067,4.1416,11.4402,4.7983,0,REST
3742,14.6171875,9.3252,4.7374,7.715,3.9707,0,REST
3743,14.62109375,9.5156,11.374,3.28,3.1882,0,REST
3744,14.625,8.7458,15.597,10.3407,-1.8883,0,REST
3745,14.62890625,9.797,11.5303,3.9422,-3.5667,0,REST
3746,14.6328125,3.5705,12.21,-2.4018,-5.6785,0,REST
3747,14.63671875,6.0518,13.4666,-1.7907,-7.8805,0,REST
3748,14.640625,-0.3751,11.3605,-3.4817,-14.5867,0,REST
3749,14.64453125,-3.9497,10.9742,-8.1322,-10.6965,0,REST
3750,14.6484375,-4.4493,7.4152,-6.2756,-12.9024,0,REST
3751,14.65234375,-5.9495,4.785,-11.2128,-10.3098,0,REST
3752,14.65625,-6.797,-2.1911,-7.1666,-8.9819,0,REST
3753,14.66015625,-4.2136,-7.167,-8.0624,-8.4343,0,REST
3754,14.6640625,-4.6289,-9.0479,-8.2553,-2.3696,0,REST
3755,14.66796875,-8.812,-7.4428,-5.7166,-4.8258,0,REST
3756,14.671875,-6.2891,-11.5882,-3.4969,3.5626,0,REST
3757,14.67578125,-2.019,-14.1897,0.2655,6.4171,0,REST
3758,14.6796875,-2.4652,-13.0061,-1.5383,10.4302,0,REST
3759,14.68359375,-4.5929,-9.3554,-1.2527,10.9686,0,REST
3760,14.6875,0.1305,-12.5161,-1.5284,12.8675,0,REST
3761,14.69140625,1.5373,-9.2279,3.8465,14.7343,0,REST
3762,14.6953125,2.2123,-6.7808,5.3727,11.1907,0,REST
3763,14.69921875,5.7625,-2.9196,1.9481,15.0175,0,REST
3764,14.703125,1.6849,-0.1126,5.3501,10.5375,0,REST
3765,14.70703125,1.5728,4.8756,5.2105,4.3365,0,REST
3766,14.7109375,3.2376,6.4813,2.0442,5.6526,0,REST
3767,14.71484375,5.4667,10.6197,3.8363,-1.1585,0,REST
3768,14.71875,4.3706,11.4067,3.713,-5.917,0,REST
3769,14.72265625,3.6954,9.8044,1.8606,-11.322,0,REST
3770,14.7265625,2.964,12.0346,3.1446,-10.4901,0,REST
3771,14.73046875,4.023,13.254,3.997,-14.559,0,REST
3772,14.734375,2.4363,7.9307,2.1022,-13.6004,0,REST
3773,14.73828125,-0.5727,5.3809,2.7795,-10.8968,0,REST
3774,14.7421875,2.5856,6.2418,-0.7386,-10.6767,0,REST
3775,14.74609375,-2.9503,-0.7747,0.5071,-5.7977,0,REST
3776,14.75,-1.2406,-1.897,-3.0766,-5.7272,0,REST
3777,14.75390625,-2.3217,-3.8107,-1.6116,-6.2556,0,REST
3778,14.7578125,-1.6807,-4.501,-1.522,-1.6928,0,REST
3779,14.76171875,-1.1791,-8.3094,-2.7907,3.992,0,REST
3780,14.765625,-4.6513,-8.0611,-6.0807,5.4064,0,REST
3781,14.76953125,-5.8885,-10.4036,-2.9306,6.3456,0,REST
3782,14.7734375,-2.4069,-9.2751,-2.9968,8.5112,0,REST
3783,14.77734375,-5.4551,-10.9692,-6.9917,14.4425,0,REST
3784,14.78125,-7.5271,-11.8007,-1.8971,10.1651,0,REST
3785,14.78515625,-2.2144,-4.235,-1.2989,9.8176,0,REST
3786,14.7890625,-4.8635,-5.0659,-5.9629,11.4738,0,REST
3787,14.79296875,-4.6222,-0.3215,-6.3694,7.7508,0,REST
3788,14.796875,-7.7271,0.332,-0.7973,7.4912,0,REST
3789,14.80078125,-3.1842,1.3322,0.2132,2.0015,0,REST
3790,14.8046875,-2.8312,7.1447,2.3404,-3.849,0,REST
3791,14.80859375,0.325,4.0779,4.0226,-2.159,0,REST
3792,14.8125,0.9314,5.5811,5.3036,-9.9256,0,REST
3793,14.81640625,-1.7904,11.0037,0.4608,-5.6697,0,REST
3794,14.8203125,5.5916,11.7708,6.1988,-8.5157,0,REST
3795,14.82421875,5.1264,10.462,7.5416,-11.7047,0,REST
3796,14.828125,6.9257,6.6802,5.4706,-9.5146,0,REST
3797,14.83203125,7.3045,6.3168,4.9257,-4.8797,0,REST
3798,14.8359375,11.2053,4.2095,6.0894,-10.6385,0,REST
3799,14.83984375,7.4518,1.8999,9.4815,-5.2922,0,REST
3800,14.84375,8.2491,-1.2181,9.699,-4.9446,0,REST
3801,14.84765625,5.7185,-2.2065,1.085,-0.4433,0,REST
3802,14.8515625,1.5141,-0.8081,3.136,3.7579,0,REST
3803,14.85546875,5.6173,-4.823,2.7376,5.725,0,REST
3804,14.859375,3.3385,-5.3872,-1.8064,6.1214,0,REST
3805,14.86328125,-4.091,-5.5505,-4.2062,6.4382,0,REST
3806,14.8671875,-3.7111,-8.4437,-4.5322,9.9578,0,REST
3807,14.87109375,-7.0277,-9.5339,-6.5208,8.8583,0,REST
3808,14.875,-6.8595,-7.7495,-6.08,7.3434,0,REST
3809,14.87890625,-12.0072,-5.6886,-13.0898,7.3552,0,REST
3810,14.8828125,-11.6836,-2.7353,-9.7161,7.1542,0,REST
3811,14.88671875,-10.5395,-1.6979,-11.1625,3.8092,0,REST
3812,14.890625,-6.6294,1.3942,-6.1251,0.4614,0,REST
3813,14.89453125,-5.6329,3.6077,-6.1218,0.0217,0,REST
3814,14.8984375,-5.7647,1.4468,-2.3524,-2.8036,0,REST
3815,14.90234375,-1.5993,1.6526,-4.0385,-3.2353,0,REST
3816,14.90625,-0.5496,5.1618,1.5335,-7.0753,0,REST
3817,14.91015625,1.2476,3.9769,2.4859,-2.4392,0,REST
3818,14.9140625,5.1622,7.5172,4.9634,-5.5277,0,REST
3819,14.91796875,8.9552,8.8893,9.107,-8.4773,0,REST
3820,14.921875,12.41,5.5368,12.0946,-6.6677,0,REST
3821,14.92578125,12.4269,4.098,10.2192,-9.2356,0,REST
3822,14.9296875,10.3323,5.5618,11.3194,-0.1575,0,REST
3823,14.93359375,12.4602,0.9545,9.327,-4.7776,0,REST
3824,14.9375,13.74,1.9857,12.2932,-1.9463,0,REST
3825,14.94140625,9.5297,-2.461,9.5315,-1.933,0,REST
3826,14.9453125,4.9421,1.2905,3.0001,0.6396,0,REST
3827,14.94921875,3.9587,1.0654,-0.1816,2.1181,0,REST
3828,14.953125,0.6933,-0.9234,1.0193,5.0042,0,REST
3829,14.95703125,-2.2703,-4.1393,-2.3426,-0.3792,0,REST
3830,14.9609375,-6.655,-2.3471,-7.9357,4.6618,0,REST
3831,14.96484375,-6.9267,-4.8222,-6.0461,5.7542,0,REST
3832,14.96875,-11.4077,-8.7287,-13.3936,2.1833,0,REST
3833,14.97265625,-11.0296,-1.746,-12.0263,1.3839,0,REST
3834,14.9765625,-14.0898,-5.6171,-14.9683,4.1634,0,REST
3835,14.98046875,-12.3405,-6.0937,-10.6001,2.8146,0,REST
3836,14.984375,-13.7483,0.2085,-11.4018,0.3068,0,REST
3837,14.98828125,-9.685,0.1085,-8.8837,2.5787,0,REST
3838,14.9921875,-5.3952,-0.0812,-4.8285,1.4452,0,REST
3839,14.99609375,-5.3938,-6.7774,-5.3972,2.1437,0,REST
3840,15.0,0.9288,-1.8429,0.5393,1.806,0,REST
3841,15.00390625,2.9795,3.2934,3.6941,0.5962,0,REST
3842,15.0078125,5.6012,3.7008,7.9234,1.3577,0,REST
3843,15.01171875,7.8572,1.5337,7.9319,-3.0363,0,REST
3844,15.015625,9.3564,2.4948,14.9249,-3.9249,0,REST
3845,15.01953125,13.2588,6.4294,11.7938,0.3216,0,REST
3846,15.0234375,9.7919,0.6435,11.7467,0.8627,0,REST
3847,15.02734375,13.7892,3.4536,14.0333,3.2141,0,REST
3848,15.03125,11.5072,5.0214,16.4104,-2.5803,0,REST
3849,15.03515625,14.3929,6.2334,9.7442,-6.3018,0,REST
3850,15.0390625,7.6605,-0.0873,6.549,-5.7117,0,REST
3851,15.04296875,1.3362,3.2913,6.2517,-6.4027,0,REST
3852,15.046875,-0.4035,2.6086,-1.0327,-2.8234,0,REST
3853,15.05078125,-2.5098,1.9059,-3.8016,1.3345,0,REST
3854,15.0546875,-7.5068,-4.1093,-7.1336,-1.5312,0,REST
3855,15.05859375,-8.7983,-1.9667,-9.5746,2.4365,0,REST
3856,15.0625,-9.5584,-2.3643,-8.4212,5.8262,0,REST
3857,15.06640625,-16.5424,-5.7052,-13.1909,0.5612,0,REST
3858,15.0703125,-8.0471,-1.6984,-9.334,3.4374,0,REST
3859,15.07421875,-14.0131,-0.9049,-16.1203,4.7628,0,REST
3860,15.078125,-9.2895,-6.038,-13.0255,6.3599,0,REST
3861,15.08203125,-6.1317,-4.6846,-10.281,7.7667,0,REST
3862,15.0859375,-3.5431,-7.5995,-4.4559,4.6247,0,REST
3863,15.08984375,-3.5038,-5.5118,-4.2162,6.037,0,REST
3864,15.09375,2.9565,-5.5224,2.6428,5.8516,0,REST
3865,15.09765625,5.0411,-6.8411,3.3359,2.0375,0,REST
3866,15.1015625,3.6497,-3.1907,4.4542,-0.4468,0,REST
3867,15.10546875,7.4667,-4.2411,5.1897,-1.1055,0,REST
3868,15.109375,7.1368,1.5693,10.7471,-2.1178,0,REST
3869,15.11328125,10.9459,-1.885,8.8386,-3.7502,0,REST
3870,15.1171875,9.6233,3.0593,8.9085,-5.9293,0,REST
3871,15.12109375,9.263,6.7052,8.6686,-10.2798,0,REST
3872,15.125,7.9579,6.8663,7.536,-10.404,0,REST
3873,15.12890625,7.9077,7.3225,9.3072,-7.0499,0,REST
3874,15.1328125,4.5568,7.3331,1.8427,-5.861,0,REST
3875,15.13671875,2.4031,6.7381,3.7714,-5.9267,0,REST
3876,15.140625,-2.9425,8.6443,2.6959,-5.2442,0,REST
3877,15.14453125,-1.4288,6.4889,-0.638,-5.3586,0,REST
3878,15.1484375,-3.2743,6.4361,-0.7796,-0.2228,0,REST
3879,15.15234375,-7.0213,4.1901,-4.1178,-2.1903,0,REST
3880,15.15625,-4.1153,-0.8453,-6.2117,4.8099,0,REST
3881,15.16015625,-6.4719,-1.8279,-5.9924,5.4709,0,REST
3882,15.1640625,-5.3578,-2.4048,-7.7921,9.1411,0,REST
3883,15.16796875,-8.5353,-8.6238,-7.3465,6.9739,0,REST
3884,15.171875,-3.8874,-5.8802,-9.4338,8.1039,0,REST
3885,15.17578125,-5.4097,-6.2175,-4.6584,8.7158,0,REST
3886,15.1796875,-3.3237,-7.646,-7.005,9.9274,0,REST
3887,15.18359375,-1.8917,-8.9258,0.1067,8.8995,0,REST
3888,15.1875,-2.0874,-9.6304,-2.1961,5.5412,0,REST
3889,15.19140625,-0.088,-7.4617,-0.2512,5.5268,0,REST
3890,15.1953125,0.4511,-4.6198,2.2799,2.2984,0,REST
3891,15.19921875,3.3865,-1.5016,1.1996,-2.8103,0,REST
3892,15.203125,5.9887,-3.1339,3.4556,-3.6084,0,REST
3893,15.20703125,5.1774,3.2568,0.8053,-9.6223,0,REST
3894,15.2109375,7.5261,1.7507,-1.4854,-9.8414,0,REST
3895,15.21484375,3.122,7.2737,4.9629,-9.6547,0,REST
3896,15.21875,3.4789,9.7702,3.0722,-9.0997,0,REST
3897,15.22265625,5.6549,6.0992,2.2933,-12.6892,0,REST
3898,15.2265625,3.6768,9.7152,5.9632,-9.09,0,REST
3899,15.23046875,3.2236,14.1497,2.1838,-8.0404,0,REST
3900,15.234375,0.4906,11.016,2.3197,-4.831,0,REST
3901,15.23828125,1.1194,6.6947,1.8679,-1.3862,0,REST
3902,15.2421875,-0.1757,3.866,2.7102,0.9318,0,REST
3903,15.24609375,0.328,1.3907,-0.9127,5.1411,0,REST
3904,15.25,-0.3347,-0.7014,0.267,7.9551,0,REST
3905,15.25390625,4.2659,-3.8095,4.4459,11.9144,0,REST
3906,15.2578125,-1.1546,-2.7693,0.171,12.9573,0,REST
3907,15.26171875,-0.9691,-7.9466,-1.0701,10.4012,0,REST
3908,15.265625,-3.2024,-12.2696,-2.1132,12.4106,0,REST
3909,15.26953125,-0.9531,-6.2587,-4.4556,11.6701,0,REST
3910,15.2734375,-2.8978,-11.9323,-1.9736,5.8842,0,REST
3911,15.27734375,-3.2303,-11.2822,-4.3564,6.7183,0,REST
3912,15.28125,-3.9686,-10.3559,-6.8458,6.085,0,REST
3913,15.28515625,-4.0123,-6.0274,-6.0685,-2.4014,0,REST
3914,15.2890625,-7.5399,-5.231,-3.6837,-3.3485,0,REST
3915,15.29296875,-8.9251,-5.904,-2.2029,-4.8015,0,REST
3916,15.296875,-3.3817,-0.1428,-3.3039,-9.152,0,REST
3917,15.30078125,-5.0022,3.232,-4.8646,-11.4488,0,REST
3918,15.3046875,-1.1084,5.2277,-6.525,-13.3513,0,REST
3919,15.30859375,-3.1846,6.9907,-1.939,-15.953,0,REST
3920,15.3125,1.7013,11.0765,-3.3868,-8.5855,0,REST
3921,15.31640625,4.1375,16.2099,-2.841,-11.9082,0,REST
3922,15.3203125,3.5771,15.4979,-0.6231,-7.8326,0,REST
3923,15.32421875,4.3119,12.419,3.5291,-8.3264,0,REST
3924,15.328125,6.9155,10.5247,5.0416,-4.303,0,REST
3925,15.33203125,6.2654,10.4161,5.9156,2.2084,0,REST
3926,15.3359375,6.8375,12.7185,4.4494,2.5782,0,REST
3927,15.33984375,6.4348,7.3615,5.9818,9.222,0,REST
3928,15.34375,7.6275,1.0674,8.566,8.7595,0,REST
3929,15.34765625,2.5579,-4.4752,6.9118,9.7634,0,REST
3930,15.3515625,4.7745,-5.9927,7.6854,14.5642,0,REST
3931,15.35546875,1.3237,-7.5521,5.4261,11.3343,0,REST
3932,15.359375,-2.825,-11.8212,4.5973,10.6424,0,REST
3933,15.36328125,-0.1514,-12.7789,1.9889,9.6667,0,REST
3934,15.3671875,-2.2469,-10.0433,0.4645,7.5613,0,REST
3935,15.37109375,-7.5474,-11.9563,-0.1382,8.3345,0,REST
3936,15.375,-3.4586,-13.288,-3.9355,1.3722,0,REST
3937,15.37890625,-7.0653,-12.5079,-6.9343,-3.2195,0,REST
3938,15.3828125,-12.3581,-4.446,-9.2225,-8.4064,0,REST
3939,15.38671875,-10.9544,-0.0648,-9.4277,-10.8438,0,REST
3940,15.390625,-8.8731,-2.9697,-11.9769,-10.2223,0,REST
3941,15.39453125,-10.9525,1.7527,-7.8391,-14.0401,0,REST
3942,15.3984375,-6.9179,7.3871,-8.4642,-13.9588,0,REST
3943,15.40234375,-2.2171,4.5663,-5.3507,-7.728,0,REST
3944,15.40625,-3.3659,8.8767,-5.1667,-13.2441,0,REST
3945,15.41015625,2.9503,10.4799,-5.9174,-4.705,0,REST
3946,15.4140625,3.1825,12.3672,6.1864,-5.3415,0,REST
3947,15.41796875,10.068,13.2255,6.774,-0.7473,0,REST
3948,15.421875,9.8573,13.1343,8.5849,-0.5308,0,REST
3949,15.42578125,7.1094,6.077,6.909,3.5323,0,REST
3950,15.4296875,13.9002,8.7583,9.0133,8.9115,0,REST
3951,15.43359375,8.1081,6.3926,9.0096,2.7518,0,REST
3952,15.4375,9.6989,-0.5569,12.1302,9.8933,0,REST
3953,15.44140625,8.6681,-5.1365,12.6429,9.0187,0,REST
3954,15.4453125,9.726,-6.551,8.7843,8.5553,0,REST
3955,15.44921875,7.2158,-9.0013,6.6825,7.1347,0,REST
3956,15.453125,-3.7962,-12.4857,8.3208,8.7152,0,REST
3957,15.45703125,-1.8562,-11.0004,5.1046,4.961,0,REST
3958,15.4609375,-9.4997,-15.9238,-0.217,4.0546,0,REST
3959,15.46484375,-3.3141,-11.1691,-2.3347,1.4262,0,REST
3960,15.46875,-8.0938,-13.6173,-3.6415,-0.031,0,REST
3961,15.47265625,-10.4798,-9.3883,-9.1283,-5.556,0,REST
3962,15.4765625,-13.4495,-4.7947,-8.9098,-5.8092,0,REST
3963,15.48046875,-11.0271,-4.942,-13.2832,-5.5875,0,REST
3964,15.484375,-14.8625,-2.9377,-12.7711,-7.5557,0,REST
3965,15.48828125,-8.8752,3.3591,-14.4525,-9.9001,0,REST
3966,15.4921875,-4.7356,1.8721,-11.9097,-6.9025,0,REST
3967,15.49609375,-4.53,8.8932,-10.3436,-5.2526,0,REST
3968,15.5,-0.193,6.8266,-7.9016,-4.8029,0,REST
3969,15.50390625,2.7535,11.2764,-5.9754,-0.7278,0,REST
3970,15.5078125,2.9595,11.4382,-2.7661,-5.4173,0,REST
3971,15.51171875,11.6406,8.5024,4.1244,2.7228,0,REST
3972,15.515625,11.6353,9.0185,4.5032,4.4486,0,REST
3973,15.51953125,12.0587,11.6789,6.081,2.1385,0,REST
3974,15.5234375,14.971,2.1623,11.1423,0.797,0,REST
3975,15.52734375,14.2549,4.9856,10.4392,2.9453,0,REST
3976,15.53125,12.1137,0.2919,17.5818,6.7286,0,REST
3977,15.53515625,9.1065,-3.3759,12.8095,0.1407,0,REST
3978,15.5390625,9.1062,-4.3409,12.2028,3.7493,0,REST
3979,15.54296875,3.4967,-4.6506,11.0003,1.3206,0,REST
3980,15.546875,-1.2147,-11.3397,9.5125,7.699,0,REST
3981,15.55078125,-2.926,-13.2814,8.1168,6.6165,0,REST
3982,15.5546875,-6.6675,-9.4463,3.1432,0.5135,0,REST
3983,15.55859375,-6.379,-11.765,-0.6955,1.4423,0,REST
3984,15.5625,-9.0651,-7.8529,-5.6552,0.8437,0,REST
3985,15.56640625,-9.6851,-9.1861,-9.8752,2.894,0,REST
3986,15.5703125,-10.1407,-2.9989,-8.7443,-0.1674,0,REST
3987,15.57421875,-12.9193,-2.9734,-9.9542,-2.2358,0,REST
3988,15.578125,-9.0969,1.3112,-11.5138,-2.4026,0,REST
3989,15.58203125,-8.739,1.4305,-9.2333,0.3333,0,REST
3990,15.5859375,-5.272,3.4452,-11.1337,-6.1107,0,REST
3991,15.58984375,-3.6986,5.9666,-12.3243,-3.1584,0,REST
3992,15.59375,-0.0522,4.0464,-7.2752,-2.1289,0,REST
3993,15.59765625,5.2034,8.8461,-7.0129,-0.9394,0,REST
3994,15.6015625,5.3831,11.0025,-1.8241,-2.5703,0,REST
3995,15.60546875,7.2186,6.9872,-0.2608,-1.6258,0,REST
3996,15.609375,8.6779,9.527,3.2741,-2.8754,0,REST
3997,15.61328125,12.9043,5.1073,4.3051,-3.8556,0,REST
3998,15.6171875,11.6144,3.256,8.1211,-5.1686,0,REST
3999,15.62109375,8.6002,2.2284,5.5819,-4.2707,0,REST
4000,15.625,8.6641,2.5939,6.5796,-1.9917,0,REST
4001,15.62890625,8.4545,-5.5721,6.9521,2.1168,0,REST
4002,15.6328125,3.8816,-4.1492,10.8649,-0.0233,0,REST
4003,15.63671875,-0.8232,-6.4733,6.5782,-1.1541,0,REST
4004,15.640625,-1.1875,-4.467,4.2149,4.6301,0,REST
4005,15.64453125,-5.5671,-5.5783,3.838,3.9801,0,REST
4006,15.6484375,-2.354,-6.5184,3.663,6.6994,0,REST
4007,15.65234375,-2.7966,-5.2086,-2.9454,5.9831,0,REST
4008,15.65625,-7.433,-6.5978,0.54,8.1593,0,REST
4009,15.66015625,-5.7574,-4.419,-1.3504,9.5955,0,REST
4010,15.6640625,-4.4587,-4.0283,-4.2639,-2.3349,0,REST
4011,15.66796875,-7.2219,-5.888,-8.8323,5.584,0,REST
4012,15.671875,-0.9412,2.2605,-8.01,4.6993,0,REST
4013,15.67578125,-5.3018,-1.0109,-6.903,0.7734,0,REST
4014,15.6796875,-3.7625,2.6432,-8.3267,-0.4111,0,REST
4015,15.68359375,-5.401,3.2992,-2.3862,-4.5637,0,REST
4016,15.6875,0.6194,2.5835,-5.9698,-5.2595,0,REST
4017,15.69140625,1.1894,3.3947,-2.5216,-7.4251,0,REST
4018,15.6953125,2.8322,3.9748,-3.0027,-4.1638,0,REST
4019,15.69921875,-0.1407,1.097,0.8995,-9.0142,0,REST
4020,15.703125,6.5894,3.4598,-0.8591,-9.903,0,REST
4021,15.70703125,1.8958,7.1649,0.6857,-8.0335,0,REST
4022,15.7109375,3.2655,6.3607,-0.2725,-5.5141,0,REST
4023,15.71484375,1.6357,0.8784,4.473,-4.5358,0,REST
4024,15.71875,1.047,1.4901,0.949,-2.213,0,REST
4025,15.72265625,4.6054,3.4674,5.6848,0.424,0,REST
4026,15.7265625,5.5423,-0.4026,3.5219,4.3188,0,REST
4027,15.73046875,-0.3451,2.8535,-0.96,3.4407,0,REST
4028,15.734375,3.3804,-3.3125,4.3118,9.0678,0,REST
4029,15.73828125,1.1051,-2.0654,3.7829,8.8,0,REST
4030,15.7421875,5.3193,-1.4569,6.1437,8.3495,0,REST
4031,15.74609375,-1.3483,-3.1107,5.9165,13.223,0,REST
4032,15.75,3.5669,-3.6066,0.9058,6.7412,0,REST
4033,15.75390625,1.2215,-3.9058,4.9729,6.7177,0,REST
4034,15.7578125,-0.2621,-3.6277,0.3057,4.7176,0,REST
4035,15.76171875,-2.661,-2.5349,2.1698,6.6856,0,REST
4036,15.765625,-1.3398,-4.4814,3.5391,1.4109,0,REST
4037,15.76953125,0.417,-3.7382,1.5916,1.8458,0,REST
4038,15.7734375,-0.1571,-3.7608,-0.8347,0.1313,0,REST
4039,15.77734375,-5.347,1.9651,0.3219,-7.8887,0,REST
4040,15.78125,-6.344,-0.8497,-3.7829,-8.0526,0,REST
4041,15.78515625,-0.5814,0.804,1.3531,-10.2958,0,REST
4042,15.7890625,-5.413,2.8132,-2.5285,-14.667,0,REST
4043,15.79296875,-3.5161,2.7001,-1.8932,-11.105,0,REST
4044,15.796875,-5.1218,0.7853,-5.2678,-13.2001,0,REST
4045,15.80078125,0.6299,5.5459,-7.011,-9.3875,0,REST
4046,15.8046875,-3.7749,-0.4303,-5.8465,-7.9756,0,REST
4047,15.80859375,-3.3901,4.5425,-2.4976,-1.3842,0,REST
4048,15.8125,0.4824,0.4729,-2.7374,-3.4653,0,REST
4049,15.81640625,1.6705,6.3442,-3.0999,4.9174,0,REST
4050,15.8203125,3.5252,1.3268,-1.0769,4.1689,0,REST
4051,15.82421875,3.999,3.5765,-0.5259,10.468,0,REST
4052,15.828125,5.6106,2.0933,2.624,7.4537,0,REST
4053,15.83203125,8.6844,1.2963,0.3512,11.4727,0,REST
4054,15.8359375,6.7675,1.5979,2.0843,13.4703,0,REST
4055,15.83984375,4.4644,-1.2983,2.393,15.5678,0,REST
4056,15.84375,5.2812,0.9199,5.0204,9.3705,0,REST
4057,15.84765625,7.3599,0.6361,9.6316,12.3227,0,REST
4058,15.8515625,3.6781,-6.5927,11.7707,6.9169,0,REST
4059,15.85546875,4.0154,-2.3288,7.5362,3.8941,0,REST
4060,15.859375,0.4312,-5.3586,7.3944,-3.6225,0,REST
4061,15.86328125,-2.9961,-2.4563,5.9031,-1.9828,0,REST
4062,15.8671875,-2.0661,-6.5725,3.8493,-8.4449,0,REST
4063,15.87109375,-6.8731,-4.2105,2.7525,-11.4102,0,REST
4064,15.875,-8.7043,-5.0658,-1.4757,-12.2212,0,REST
4065,15.87890625,-9.8814,-4.831,-2.0197,-14.2386,0,REST
4066,15.8828125,-10.3623,-2.7472,-4.6568,-11.9325,0,REST
4067,15.88671875,-9.3637,-2.6132,-9.7008,-10.3495,0,REST
4068,15.890625,-9.1991,-2.0154,-11.6303,-12.0496,0,REST
4069,15.89453125,-6.888,1.9943,-10.1389,-3.9124,0,REST
4070,15.8984375,-7.964,4.3098,-10.0181,-4.8495,0,REST
4071,15.90234375,-6.9739,4.7183,-11.4407,-3.8489,0,REST
4072,15.90625,-1.1453,8.5376,-9.0773,2.0052,0,REST
4073,15.91015625,0.6006,3.389,-7.8604,4.7852,0,REST
4074,15.9140625,4.8798,6.7375,-2.6731,8.6127,0,REST
4075,15.91796875,7.6152,10.6647,-5.5148,8.8845,0,REST
4076,15.921875,8.8965,7.7699,3.0233,13.6124,0,REST
4077,15.92578125,14.1835,9.255,2.2276,17.7321,0,REST
4078,15.9296875,8.5303,7.1527,4.522,12.5472,0,REST
4079,15.93359375,11.7363,3.6352,6.149,6.0923,0,REST
4080,15.9375,8.8388,1.346,11.0884,10.4007,0,REST
4081,15.94140625,8.827,-0.5885,10.3351,5.0103,0,REST
4082,15.9453125,4.4203,-2.4349,13.5126,5.1989,0,REST
4083,15.94921875,5.2852,-9.7664,8.5718,-0.4975,0,REST
4084,15.953125,-0.7388,-3.53,12.3508,-2.2011,0,REST
4085,15.95703125,-0.8756,-8.9237,12.3677,-3.1545,0,REST
4086,15.9609375,-8.1036,-13.8631,8.616,-7.6348,0,REST
4087,15.96484375,-8.4984,-11.1516,5.944,-7.9009,0,REST
4088,15.96875,-8.8051,-10.2586,3.8568,-7.5591,0,REST
4089,15.97265625,-14.1616,-6.2298,-0.8377,-15.0959,0,REST
4090,15.9765625,-12.4646,-6.7657,-3.7909,-7.4552,0,REST
4091,15.98046875,-14.9174,-6.352,-8.8769,-10.2307,0,REST
4092,15.984375,-13.0912,-2.6789,-9.0239,-6.7139,0,REST
4093,15.98828125,-6.5319,-0.5114,-16.3331,-3.2886,0,REST
4094,15.9921875,-4.2285,2.9387,-10.7352,-2.6779,0,REST
4095,15.99609375,-4.2869,5.0002,-16.083,-0.9509,0,REST
4096,16.0,0.8331,8.3903,-10.5396,7.6832,0,REST
4097,16.00390625,5.6234,9.2456,-9.0218,7.0521,0,REST
4098,16.0078125,3.5051,13.7936,-11.019,10.0247,0,REST
4099,16.01171875,12.4182,9.5609,-4.7111,6.8665,0,REST
4100,16.015625,11.7783,10.6307,-2.7325,9.2019,0,REST
4101,16.01953125,13.6018,9.3578,3.1404,8.8903,0,REST
4102,16.0234375,13.6774,6.9117,0.7514,8.8631,0,REST
4103,16.02734375,16.8436,3.9034,7.8001,8.1232,0,REST
4104,16.03125,10.2388,4.1124,9.4172,3.7661,0,REST
4105,16.03515625,7.0331,1.5963,14.8397,4.7475,0,REST
4106,16.0390625,6.9568,-2.5199,12.342,-3.171,0,REST
4107,16.04296875,4.5489,-5.3906,11.7701,-0.162,0,REST
4108,16.046875,-0.4159,-8.1525,10.1909,-5.9754,0,REST
4109,16.05078125,-3.8509,-9.8843,11.1876,-6.7683,0,REST
4110,16.0546875,-5.7225,-13.3849,8.3968,-6.8143,0,REST
4111,16.05859375,-7.5826,-7.7539,8.3301,-5.4775,0,REST
4112,16.0625,-11.1435,-13.438,2.5958,-8.4095,0,REST
4113,16.06640625,-11.6211,-11.3976,2.3658,-7.2107,0,REST
4114,16.0703125,-12.4626,-5.1361,-3.0035,-6.3617,0,REST
4115,16.07421875,-10.6956,-10.9134,-7.9613,-6.3887,0,REST
4116,16.078125,-10.4858,-3.9288,-9.4643,-0.2811,0,REST
4117,16.08203125,-4.7467,-0.7895,-11.752,-0.4119,0,REST
4118,16.0859375,-1.7909,7.7869,-10.2058,-2.0663,0,REST
4119,16.08984375,-3.7702,9.4835,-10.5722,2.7668,0,REST
4120,16.09375,-1.4666,10.0178,-11.3649,6.0742,0,REST
4121,16.09765625,1.0795,12.5298,-7.2922,4.7568,0,REST
4122,16.1015625,4.8891,11.258,-9.9669,5.8865,0,REST
4123,16.10546875,8.8117,10.4941,-5.842,7.0817,0,REST
4124,16.109375,6.203,11.7093,-0.8173,7.1556,0,REST
4125,16.11328125,8.5114,6.5121,-0.9559,4.9835,0,REST
4126,16.1171875,8.7924,10.9316,3.6932,3.6897,0,REST
4127,16.12109375,6.303,2.0097,5.1205,2.8263,0,REST
4128,16.125,6.9664,2.8948,6.4828,5.3856,0,REST
4129,16.12890625,4.2819,-0.1939,7.2334,0.3984,0,REST
4130,16.1328125,4.8638,-1.9637,9.1345,0.1256,0,REST
4131,16.13671875,-0.2852,-8.2572,7.6152,-1.8394,0,REST
4132,16.140625,-3.8375,-12.0945,7.3581,-3.0635,0,REST
4133,16.14453125,0.0918,-12.7645,9.3184,-3.9636,0,REST
4134,16.1484375,-6.1571,-14.391,4.9427,-3.252,0,REST
4135,16.15234375,-5.2273,-10.335,4.4607,0.599,0,REST
4136,16.15625,-4.7552,-15.1346,2.1258,-4.5446,0,REST
4137,16.16015625,-7.9393,-12.0988,1.1661,-4.0715,0,REST
4138,16.1640625,-12.2402,-5.3228,1.2977,-2.0244,0,REST
4139,16.16796875,-6.4507,-5.2297,1.3321,-5.6082,0,REST
4140,16.171875,-4.2397,-5.153,-0.1551,-3.4931,0,REST
4141,16.17578125,-4.4502,-0.1339,-8.0364,-3.0832,0,REST
4142,16.1796875,-5.6168,5.6528,-1.4768,-3.5859,0,REST
4143,16.18359375,-0.4682,4.7114,-8.3929,-1.6791,0,REST
4144,16.1875,0.8733,7.8783,-4.5556,-1.6822,0,REST
4145,16.19140625,0.8934,14.1076,-6.1708,-3.072,0,REST
4146,16.1953125,4.2193,14.3513,-6.1557,-1.889,0,REST
4147,16.19921875,2.7661,14.7172,-1.0617,0.9145,0,REST
4148,16.203125,5.7133,10.5263,-2.2532,2.115,0,REST
4149,16.20703125,2.8973,6.2544,-2.2649,3.702,0,REST
4150,16.2109375,4.2315,11.7692,-0.3286,1.2995,0,REST
4151,16.21484375,2.8038,4.1096,1.79,3.4332,0,REST
4152,16.21875,7.4059,3.2339,1.317,3.3893,0,REST
4153,16.22265625,6.5818,3.2775,3.7235,5.2122,0,REST
4154,16.2265625,2.2555,-2.6758,6.1167,2.045,0,REST
4155,16.23046875,1.3149,-8.1613,-1.1755,5.4548,0,REST
4156,16.234375,2.0656,-10.3383,3.2573,2.5292,0,REST
4157,16.23828125,3.0335,-12.9767,2.0425,3.0095,0,REST
4158,16.2421875,-0.7343,-11.1066,-0.429,2.8816,0,REST
4159,16.24609375,1.8043,-11.8495,3.9734,-0.9901,0,REST
4160,16.25,-0.1855,-14.622,6.7857,3.0314,0,REST
4161,16.25390625,-0.3625,-9.3478,4.8133,-6.3831,0,REST
4162,16.2578125,-5.3808,-6.567,5.0748,-5.3237,0,REST
4163,16.26171875,-0.9095,-7.0341,1.1941,-7.6559,0,REST
4164,16.265625,-4.8158,-2.6769,3.5862,-4.2944,0,REST
4165,16.26953125,-1.9549,2.1759,-2.2026,-8.6933,0,REST
4166,16.2734375,-1.8571,7.2339,3.8079,-6.6441,0,REST
4167,16.27734375,-0.2094,4.0754,3.8737,-7.0704,0,REST
4168,16.28125,-1.1749,5.7187,0.7183,-6.0981,0,REST
4169,16.28515625,-2.8581,11.1428,-0.901,-6.5045,0,REST
4170,16.2890625,-1.9176,6.2232,0.1175,-3.616,0,REST
4171,16.29296875,-6.3063,7.3543,-2.8974,-4.8213,0,REST
4172,16.296875,-1.8738,11.004,-4.4978,0.4942,0,REST
4173,16.30078125,-2.1718,10.1132,-3.1155,5.5281,0,REST
4174,16.3046875,-3.411,3.5916,-10.1581,6.5612,0,REST
4175,16.30859375,0.1542,6.4316,-2.0999,9.1532,0,REST
4176,16.3125,-1.0123,2.7524,-6.3807,8.2026,0,REST
4177,16.31640625,-0.1745,-3.1259,-6.93,7.5811,0,REST
4178,16.3203125,3.8293,-0.2868,-3.3984,9.5373,0,REST
4179,16.32421875,3.9451,-8.8339,-4.8173,9.6764,0,REST
4180,16.328125,3.5298,-8.4276,-4.5418,10.2157,0,REST
4181,16.33203125,7.011,-9.6568,-5.2946,5.2238,0,REST
4182,16.3359375,7.2563,-8.8116,0.921,1.4601,0,REST
4183,16.33984375,4.5247,-11.7356,1.9509,1.2948,0,REST
4184,16.34375,7.6012,-5.2457,4.3823,-5.9331,0,REST
4185,16.34765625,4.2761,-6.5819,5.2978,-5.3477,0,REST
4186,16.3515625,1.927,-4.8661,5.0104,-6.4125,0,REST
4187,16.35546875,-0.2088,-4.8799,7.8108,-10.3399,0,REST
4188,16.359375,-1.1556,-3.2275,5.8925,-9.7174,0,REST
4189,16.36328125,-4.204,-2.2798,7.0076,-11.6819,0,REST
4190,16.3671875,-4.1501,4.6127,9.6988,-11.7728,0,REST
4191,16.37109375,-7.2598,0.3217,8.6527,-8.8172,0,REST
4192,16.375,-9.0448,3.6895,4.4968,-12.1327,0,REST
4193,16.37890625,-8.4932,9.3461,4.2243,-4.8298,0,REST
4194,16.3828125,-6.4838,4.8441,0.3604,-0.4136,0,REST
4195,16.38671875,-10.7948,5.1296,-2.3556,0.9501,0,REST
4196,16.390625,-7.6422,5.5194,0.8987,-1.3576,0,REST
4197,16.39453125,-6.3195,5.2774,-4.274,4.9248,0,REST
4198,16.3984375,-6.3535,5.501,-12.5354,11.7022,0,REST
4199,16.40234375,-4.7887,5.291,-8.3018,8.0758,0,REST
4200,16.40625,-2.1398,1.9625,-10.5121,11.5582,0,REST
4201,16.41015625,1.4058,1.3587,-6.0771,13.5627,0,REST
4202,16.4140625,8.5955,1.106,-12.1999,9.9924,0,REST
4203,16.41796875,8.8927,-1.9948,-7.5222,7.7816,0,REST
4204,16.421875,7.0616,-2.3841,-12.7915,5.927,0,REST
4205,16.42578125,12.8269,-4.4575,-4.3334,1.1893,0,REST
4206,16.4296875,12.5231,-6.2083,-0.7691,6.3516,0,REST
4207,16.43359375,13.7453,-7.6035,-0.0919,-2.5866,0,REST
4208,16.4375,7.236,-3.6286,2.603,-5.8547,0,REST
4209,16.44140625,6.2035,-3.6579,3.0743,-8.5803,0,REST
4210,16.4453125,5.6547,-5.5145,8.8169,-12.269,0,REST
4211,16.44921875,5.5168,-5.7025,12.6146,-13.3322,0,REST
4212,16.453125,0.8304,-1.761,11.6819,-14.5602,0,REST
4213,16.45703125,-5.9041,-2.6294,16.4168,-11.3746,0,REST
4214,16.4609375,-5.8139,-2.4523,10.2025,-7.4712,0,REST
4215,16.46484375,-8.1405,1.6736,10.5222,-8.8721,0,REST
4216,16.46875,-8.1997,0.1408,10.2335,-3.9739,0,REST
4217,16.47265625,-10.91,-0.2203,7.6962,-3.043,0,REST
4218,16.4765625,-11.2938,0.9269,3.4641,1.0602,0,REST
4219,16.48046875,-11.6843,3.4911,0.1906,5.8576,0,REST
4220,16.484375,-11.6908,0.5999,-2.3121,10.6771,0,REST
4221,16.48828125,-9.3721,4.5633,-6.2189,8.9392,0,REST
4222,16.4921875,-7.123,-0.408,-6.9627,9.9607,0,REST
4223,16.49609375,-2.8862,5.9221,-9.4374,13.3739,0,REST
4224,16.5,-0.8857,0.5562,-11.7297,11.2022,0,REST
4225,16.50390625,5.0753,-0.9959,-14.0236,12.5581,0,REST
4226,16.5078125,7.2898,2.173,-12.9938,10.0316,0,REST
4227,16.51171875,7.1945,1.6305,-12.0492,5.4746,0,REST
4228,16.515625,10.2613,-0.8145,-14.6166,2.8288,0,REST
4229,16.51953125,15.7037,-0.5061,-7.3445,3.2675,0,REST
4230,16.5234375,15.9508,-4.5136,-5.0958,-0.8428,0,REST
4231,16.52734375,11.0752,-4.7127,-0.8614,-5.6027,0,REST
4232,16.53125,11.0969,-1.0038,0.3843,-6.5576,0,REST
4233,16.53515625,10.636,0.7676,5.3406,-10.7554,0,REST
4234,16.5390625,6.2147,-3.4479,3.7014,-12.722,0,REST
4235,16.54296875,1.935,1.1271,10.1957,-13.1653,0,REST
4236,16.546875,0.5504,-5.8836,15.2796,-15.7644,0,REST
4237,16.55078125,-3.905,0.3426,10.8277,-11.8984,0,REST
4238,16.5546875,-7.4046,0.2878,9.6944,-3.1834,0,REST
4239,16.55859375,-9.2115,-1.5218,12.5156,-3.7839,0,REST
4240,16.5625,-11.8896,-3.0788,9.9667,-1.3142,0,REST
4241,16.56640625,-12.8355,0.7341,6.4863,-0.4909,0,REST
4242,16.5703125,-11.8135,-1.7649,6.5556,4.1154,0,REST
4243,16.57421875,-10.9693,2.1083,2.1573,2.6328,0,REST
4244,16.578125,-10.8013,3.073,-1.2408,10.7374,0,REST
4245,16.58203125,-7.5303,1.2117,-1.1798,8.4193,0,REST
4246,16.5859375,-7.6089,0.8286,-6.8948,12.8576,0,REST
4247,16.58984375,-0.8802,-0.248,-6.971,8.2231,0,REST
4248,16.59375,0.5837,3.5442,-10.4066,7.1229,0,REST
4249,16.59765625,4.2627,2.4537,-9.0172,5.9342,0,REST
4250,16.6015625,8.1447,3.2265,-11.7826,5.5904,0,REST
4251,16.60546875,8.2241,1.0284,-10.9175,6.9133,0,REST
4252,16.609375,10.2531,3.9805,-11.4665,-0.4073,0,REST
4253,16.61328125,10.3879,1.3652,-9.6422,-3.2724,0,REST
4254,16.6171875,4.2091,2.3244,-6.6308,-2.456,0,REST
4255,16.62109375,12.3687,2.4378,-4.7639,-6.6225,0,REST
4256,16.625,10.1295,1.2923,-1.0956,-3.5736,0,REST
4257,16.62890625,9.0616,-0.375,2.6733,-6.8254,0,REST
4258,16.6328125,3.336,-0.4617,1.6408,-11.2059,0,REST
4259,16.63671875,-2.8472,-0.5014,9.1342,-10.7891,0,REST
4260,16.640625,1.29,-5.9299,9.0111,-7.9777,0,REST
4261,16.64453125,-1.4931,-6.2592,5.633,-5.3639,0,REST
4262,16.6484375,-6.1289,-4.4034,11.1457,-2.3536,0,REST
4263,16.65234375,-3.5075,-3.7516,7.8893,-4.8009,0,REST
4264,16.65625,-3.1205,-8.595,4.1576,-0.1388,0,REST
4265,16.66015625,-8.302,-6.1725,3.6784,0.6021,0,REST
4266,16.6640625,-2.3736,-2.9887,2.5639,5.1107,0,REST
4267,16.66796875,-7.7334,-6.7292,2.3383,10.2592,0,REST
4268,16.671875,-4.8064,-1.4751,-0.6161,3.4082,0,REST
4269,16.67578125,-3.2629,3.0555,-1.4984,5.0111,0,REST
4270,16.6796875,-2.2923,1.9485,-2.8463,6.8183,0,REST
4271,16.68359375,-2.6735,2.5876,-3.8873,4.9302,0,REST
4272,16.6875,-0.5383,2.4448,-3.3239,3.1459,0,REST
4273,16.69140625,2.7517,4.8601,-2.4911,2.868,0,REST
4274,16.6953125,0.9864,8.5739,-9.4064,4.3706,0,REST
4275,16.69921875,4.8963,6.7293,-4.6736,-0.8738,0,REST
4276,16.703125,4.0544,8.9851,-3.8478,-2.0703,0,REST
4277,16.70703125,5.6035,5.8692,-5.3279,-0.0095,0,REST
4278,16.7109375,5.7926,10.6144,-2.1834,-0.9463,0,REST
4279,16.71484375,1.286,3.5578,-4.0318,-0.1345,0,REST
4280,16.71875,1.5656,4.6977,-0.4006,-0.9826,0,REST
4281,16.72265625,1.6807,1.897,2.6009,-3.8703,0,REST
4282,16.7265625,2.3645,0.2757,-4.9152,-4.71,0,REST
4283,16.73046875,3.8146,-3.6777,-0.0837,-5.7702,0,REST
4284,16.734375,2.9497,-3.8267,2.9212,1.172,0,REST
4285,16.73828125,-2.0232,-11.9239,1.1282,-1.4193,0,REST
4286,16.7421875,3.2989,-8.5789,1.8813,-5.2316,0,REST
4287,16.74609375,1.4953,-12.0975,6.9371,-0.5535,0,REST
4288,16.75,2.279,-10.4772,1.4299,-6.9887,0,REST
4289,16.75390625,-1.1055,-12.9039,-1.3258,-1.962,0,REST
4290,16.7578125,0.3375,-10.8727,2.3724,-1.9407,0,REST
4291,16.76171875,-5.1673,-10.2582,0.1564,-0.786,0,REST
4292,16.765625,-3.28,-4.6902,4.8594,1.396,0,REST
4293,16.76953125,-1.6529,1.199,3.4448,2.7393,0,REST
4294,16.7734375,-4.5199,0.8387,2.5692,2.6153,0,REST
4295,16.77734375,-6.3614,2.9166,3.1519,1.5044,0,REST
4296,16.78125,-4.175,10.7445,0.3829,5.156,0,REST
4297,16.78515625,-3.3829,6.4609,3.4518,3.147,0,REST
4298,16.7890625,-2.9511,9.1677,3.2826,1.6254,0,REST
4299,16.79296875,-0.9236,8.9292,4.3757,3.1289,0,REST
4300,16.796875,-0.4998,11.499,3.1037,2.1147,0,REST
4301,16.80078125,-1.8943,11.6852,-0.6805,4.6721,0,REST
4302,16.8046875,-3.088,9.2575,2.2426,6.9862,0,REST
4303,16.80859375,-1.2301,11.3804,-5.472,0.9513,0,REST
4304,16.8125,0.7376,2.5035,-7.0723,2.4411,0,REST
4305,16.81640625,-0.727,4.3543,-4.9312,3.2422,0,REST
4306,16.8203125,0.4548,-1.5819,-5.7957,-5.1108,0,REST
4307,16.82421875,1.2247,-5.1988,-7.5547,-0.5973,0,REST
4308,16.828125,7.2342,-5.3873,-4.4755,-5.7236,0,REST
4309,16.83203125,8.8266,-8.3414,-2.9814,0.4287,0,REST
4310,16.8359375,2.3345,-13.0896,-2.435,-1.7064,0,REST
4311,16.83984375,4.7769,-13.1249,-4.9413,-6.349,0,REST
4312,16.84375,7.1031,-15.7425,-1.7649,-0.7567,0,REST
4313,16.84765625,8.6498,-11.3336,0.7933,-5.8099,0,REST
4314,16.8515625,2.4511,-9.287,0.6876,-3.096,0,REST
4315,16.85546875,2.4659,-6.8743,3.6214,-6.1287,0,REST
4316,16.859375,2.3451,-6.2611,6.9873,-6.0505,0,REST
4317,16.86328125,-5.1954,-4.2395,6.208,-1.1698,0,REST
4318,16.8671875,-9.6295,0.6972,11.2539,-1.437,0,REST
4319,16.87109375,-6.6675,4.4871,10.4625,1.8759,0,REST
4320,16.875,-7.4305,9.4614,7.364,7.4965,0,REST
4321,16.87890625,-9.6894,7.6784,11.7922,6.3683,0,REST
4322,16.8828125,-10.4849,10.1749,6.3046,7.5746,0,REST
4323,16.88671875,-10.2016,12.2952,9.2968,6.0545,0,REST
4324,16.890625,-9.4421,12.1438,5.6441,8.2279,0,REST
4325,16.89453125,-7.929,12.8568,-0.3948,6.959,0,REST
4326,16.8984375,-1.6149,9.4024,-3.8245,6.9287,0,REST
4327,16.90234375,-3.9055,10.5501,-8.2094,4.0722,0,REST
4328,16.90625,0.0544,6.0986,-5.3549,5.6622,0,REST
4329,16.91015625,2.3785,3.337,-9.929,2.4524,0,REST
4330,16.9140625,6.543,-3.2749,-12.2375,-0.7466,0,REST
4331,16.91796875,8.3813,-2.9995,-12.2231,-3.4204,0,REST
4332,16.921875,8.7896,-8.6962,-14.8572,-7.6538,0,REST
4333,16.92578125,12.2136,-10.0041,-7.8118,-6.7825,0,REST
4334,16.9296875,11.57,-11.1478,-8.7628,-10.0649,0,REST
4335,16.93359375,13.6873,-11.609,-8.4202,-7.1567,0,REST
4336,16.9375,11.1817,-13.0929,-8.8131,-13.3638,0,REST
4337,16.94140625,8.4453,-10.5027,-2.5436,-6.7286,0,REST
4338,16.9453125,8.9439,-11.0737,2.1685,-8.872,0,REST
4339,16.94921875,2.6838,-9.6852,3.7128,-10.232,0,REST
4340,16.953125,-2.7347,-6.661,9.1705,-3.776,0,REST
4341,16.95703125,-2.4697,-0.443,7.0797,-2.2069,0,REST
4342,16.9609375,-2.832,-3.2112,12.9881,2.6014,0,REST
4343,16.96484375,-8.5968,2.8442,12.0079,3.7717,0,REST
4344,16.96875,-11.9495,4.8768,11.9318,8.2278,0,REST
4345,16.97265625,-18.1105,9.6276,10.5518,11.7228,0,REST
4346,16.9765625,-12.3576,13.7297,11.9785,13.3642,0,REST
4347,16.98046875,-11.6157,10.9942,8.6878,11.9652,0,REST
4348,16.984375,-9.9268,11.9032,4.4672,13.2308,0,REST
4349,16.98828125,-6.6068,12.1241,0.5481,13.841,0,REST
4350,16.9921875,-2.7407,6.939,2.2596,12.1251,0,REST
4351,16.99609375,-3.9884,8.4952,-3.7116,7.6043,0,REST
4352,17.0,-2.3509,6.7816,-6.6422,2.9567,0,REST
4353,17.00390625,0.8988,5.7089,-8.0878,0.7087,0,REST
4354,17.0078125,6.8184,-0.3745,-12.3256,-6.2966,0,REST
4355,17.01171875,11.1226,-6.0059,-17.821,-7.7266,0,REST
4356,17.015625,12.4471,-11.5148,-13.6077,-8.5032,0,REST
4357,17.01953125,10.2104,-15.5517,-11.9749,-14.1686,0,REST
4358,17.0234375,13.4583,-13.6966,-12.1209,-16.1749,0,REST
4359,17.02734375,11.983,-11.9652,-10.0128,-12.766,0,REST
4360,17.03125,6.6142,-11.6007,-5.1402,-11.2373,0,REST
4361,17.03515625,9.9579,-9.3583,-0.7192,-13.2251,0,REST
4362,17.0390625,6.4596,-12.5461,1.3864,-10.3717,0,REST
4363,17.04296875,7.6782,-7.7988,4.8877,-4.3008,0,REST
4364,17.046875,-1.3491,-1.1502,8.7528,-0.5836,0,REST
4365,17.05078125,-4.7171,-1.259,11.3275,4.2753,0,REST
4366,17.0546875,-7.6437,1.2596,9.9561,5.0577,0,REST
4367,17.05859375,-8.7866,2.2178,12.9157,8.7171,0,REST
4368,17.0625,-12.9715,8.342,15.2484,8.9655,0,REST
4369,17.06640625,-12.0875,10.8845,11.0244,8.321,0,REST
4370,17.0703125,-6.6701,9.6741,8.9014,11.5777,0,REST
4371,17.07421875,-8.7571,12.2973,6.2143,13.6441,0,REST
4372,17.078125,-8.2925,8.4839,4.5361,15.1286,0,REST
4373,17.08203125,-5.5943,9.2131,6.7075,10.645,0,REST
4374,17.0859375,-5.26,7.8658,-0.4597,5.4505,0,REST
4375,17.08984375,-0.5218,7.7632,-3.8947,5.982,0,REST
4376,17.09375,-0.3275,3.8469,-8.0344,2.3278,0,REST
4377,17.09765625,3.2802,-0.661,-5.9346,-1.51,0,REST
4378,17.1015625,1.1491,-0.5489,-11.3331,-12.134,0,REST
4379,17.10546875,9.1084,-8.0634,-9.9496,-14.236,0,REST
4380,17.109375,6.9852,-5.812,-7.6492,-13.6026,0,REST
4381,17.11328125,9.3037,-8.6492,-10.9097,-14.3368,0,REST
4382,17.1171875,7.3383,-6.2977,-11.0171,-13.3499,0,REST
4383,17.12109375,5.4801,-9.7739,-7.2107,-9.367,0,REST
4384,17.125,7.5438,-6.3036,-9.5368,-9.0219,0,REST
4385,17.12890625,5.4148,-5.9251,0.0909,-7.4258,0,REST
4386,17.1328125,3.6206,-7.2884,-1.4376,-4.7377,0,REST
4387,17.13671875,1.7475,-4.9368,3.582,1.1178,0,REST
4388,17.140625,0.3133,-3.8474,0.7101,3.0159,0,REST
4389,17.14453125,-0.8843,-5.2524,9.37,7.0217,0,REST
4390,17.1484375,-4.453,-3.0416,6.6039,7.8067,0,REST
4391,17.15234375,-7.2747,4.2985,9.3066,7.7026,0,REST
4392,17.15625,-7.5319,2.5134,7.3109,13.3825,0,REST
4393,17.16015625,-8.7742,5.4595,6.688,12.3596,0,REST
4394,17.1640625,-6.7987,4.0948,6.1495,13.9715,0,REST
4395,17.16796875,-6.5183,5.5827,3.6954,7.2117,0,REST
4396,17.171875,-5.7263,5.6008,0.7973,10.5238,0,REST
4397,17.17578125,-5.2409,10.8878,4.4526,10.4868,0,REST
4398,17.1796875,-5.2899,3.2072,-2.2231,0.7641,0,REST
4399,17.18359375,-2.2205,5.3986,-1.4298,2.8662,0,REST
4400,17.1875,0.9701,4.6388,1.8381,-4.103,0,REST
4401,17.19140625,4.2653,-0.4021,-0.8858,-6.7084,0,REST
4402,17.1953125,4.6303,-3.0774,-3.6014,-7.3973,0,REST
4403,17.19921875,0.8085,-6.7535,-3.7334,-8.0602,0,REST
4404,17.203125,3.9218,-2.8832,-2.4277,-10.1895,0,REST
4405,17.20703125,5.8291,-8.1419,-2.3908,-9.7079,0,REST
4406,17.2109375,0.3026,-8.5573,-1.8637,-11.0452,0,REST
4407,17.21484375,6.0237,-2.7876,-3.0336,-5.4808,0,REST
4408,17.21875,-0.4965,-3.7901,-3.9917,-6.8547,0,REST
4409,17.22265625,6.2796,-5.1867,-1.9588,-2.5382,0,REST
4410,17.2265625,2.4299,-4.9802,-4.5663,-2.5997,0,REST
4411,17.23046875,4.1608,-3.0362,-3.5792,0.4392,0,REST
4412,17.234375,4.4855,-2.2683,0.7184,4.2115,0,REST
4413,17.23828125,-0.6433,0.1343,-1.9406,4.439,0,REST
4414,17.2421875,3.0644,0.0188,-0.5508,8.6257,0,REST
4415,17.24609375,1.6764,-4.7536,1.8209,8.168,0,REST
4416,17.25,3.4165,-0.2418,1.617,6.5196,0,REST
4417,17.25390625,2.2691,5.6984,2.2809,5.41,0,REST
4418,17.2578125,-0.2714,0.0161,1.0696,7.1044,0,REST
4419,17.26171875,-1.8251,-0.2848,0.2848,3.2827,0,REST
4420,17.265625,-3.7089,3.4902,-0.1005,7.3798,0,REST
4421,17.26953125,-0.0691,3.5723,5.7326,5.7485,0,REST
4422,17.2734375,-3.2064,2.6497,4.5978,2.9216,0,REST
4423,17.27734375,-1.915,1.5062,4.3987,-1.5525,0,REST
4424,17.28125,-1.5386,5.0472,3.2952,-0.2839,0,REST
4425,17.28515625,-3.0787,4.5916,2.0825,-3.8101,0,REST
4426,17.2890625,-4.0925,-0.1929,2.7746,-2.4455,0,REST
4427,17.29296875,-4.2074,-1.5068,-0.1509,-6.9846,0,REST
4428,17.296875,-5.2079,2.7546,4.1337,-2.0929,0,REST
4429,17.30078125,-1.668,-3.4684,-1.3741,-7.9303,0,REST
4430,17.3046875,-2.8904,-0.8972,-3.1682,-1.9452,0,REST
4431,17.30859375,-2.9813,-0.3388,1.9721,-2.9815,0,REST
4432,17.3125,0.6025,2.9992,-1.7914,-3.3319,0,REST
4433,17.31640625,6.8431,-4.8839,-6.2332,0.5805,0,REST
4434,17.3203125,2.9765,-1.565,-4.6834,0.9722,0,REST
4435,17.32421875,8.1954,-5.5482,-5.8076,-0.0617,0,REST
4436,17.328125,6.6404,0.1121,-7.0442,-1.5812,0,REST
4437,17.33203125,5.8534,-3.365,-6.6123,3.4523,0,REST
4438,17.3359375,7.4922,-1.4184,-7.4647,0.0711,0,REST
4439,17.33984375,10.7789,-2.1198,-7.8329,0.8734,0,REST
4440,17.34375,2.7117,-2.4704,-6.5192,1.2424,0,REST
4441,17.34765625,5.3188,-1.5281,-4.2361,4.4054,0,REST
4442,17.3515625,-1.4633,-2.348,-6.0737,2.1042,0,REST
4443,17.35546875,2.8056,-1.642,0.2142,2.0077,0,REST
4444,17.359375,2.8817,-0.2334,0.6032,6.9358,0,REST
4445,17.36328125,-2.9424,4.1245,1.6994,4.2434,0,REST
4446,17.3671875,-5.5399,1.9868,7.1913,3.7723,0,REST
4447,17.37109375,-7.6321,4.4009,5.5799,2.5852,0,REST
4448,17.375,-10.5595,1.8257,7.8497,3.7286,0,REST
4449,17.37890625,-8.4893,8.1752,7.6303,-0.7029,0,REST
4450,17.3828125,-10.8215,3.9396,8.9195,3.275,0,REST
4451,17.38671875,-7.9539,3.6251,13.2723,-0.6313,0,REST
4452,17.390625,-6.3454,5.5623,11.3199,-1.2065,0,REST
4453,17.39453125,-6.7064,4.7532,6.7027,-2.7357,0,REST
4454,17.3984375,-6.7658,5.78,5.7908,0.0293,0,REST
4455,17.40234375,-5.8417,4.8024,1.2068,-3.981,0,REST
4456,17.40625,-1.6563,5.7607,-1.6227,-8.9971,0,REST
4457,17.41015625,6.3952,1.8664,-2.7443,-2.9082,0,REST
4458,17.4140625,4.2346,-1.1693,-7.887,-5.8844,0,REST
4459,17.41796875,9.1189,-1.4214,-7.1495,-6.5503,0,REST
4460,17.421875,12.7395,-1.9945,-6.71,-5.0104,0,REST
4461,17.42578125,10.6361,-6.3173,-10.44,-4.13,0,REST
4462,17.4296875,11.3026,-6.4526,-14.5866,-3.2867,0,REST
4463,17.43359375,11.7608,-8.4768,-12.2997,-0.4836,0,REST
4464,17.4375,15.6442,-6.6193,-9.178,1.2498,0,REST
4465,17.44140625,8.8876,-6.6542,-7.1404,1.0985,0,REST
4466,17.4453125,7.0898,-5.1804,-6.3504,-1.9996,0,REST
4467,17.44921875,4.848,-2.7757,0.4759,5.0461,0,REST
4468,17.453125,1.6026,-4.0452,1.0339,3.7924,0,REST
4469,17.45703125,-2.3271,-2.6441,1.5956,5.1931,0,REST
4470,17.4609375,-6.9939,1.436,7.6726,9.7314,0,REST
4471,17.46484375,-9.7902,3.1326,8.905,11.6564,0,REST
4472,17.46875,-13.1496,3.5002,12.6454,7.6263,0,REST
4473,17.47265625,-10.55,4.7974,16.0935,4.1106,0,REST
4474,17.4765625,-14.6353,6.4721,9.3055,3.9261,0,REST
4475,17.48046875,-16.8324,11.5905,13.8145,6.1003,0,REST
4476,17.484375,-8.479,9.8993,12.2693,-3.3629,0,REST
4477,17.48828125,-6.4786,8.2293,11.2628,-0.7931,0,REST
4478,17.4921875,-8.0019,7.8512,8.5356,-4.9282,0,REST
4479,17.49609375,-2.7072,6.7876,2.5451,-9.1819,0,REST
4480,17.5,0.1011,3.4628,-1.1172,-7.2397,0,REST
4481,17.50390625,4.2659,3.5566,-3.7582,-8.3981,0,REST
4482,17.5078125,5.8243,-0.9714,-4.5029,-8.0191,0,REST
4483,17.51171875,9.7261,-2.2262,-3.947,-8.9602,0,REST
4484,17.515625,10.8002,-4.3762,-11.7629,-11.1916,0,REST
4485,17.51953125,12.6255,-8.6537,-8.7573,-7.7791,0,REST
4486,17.5234375,12.1868,-10.2012,-13.8374,-5.6049,0,REST
4487,17.52734375,13.264,-8.3878,-11.047,-2.4614,0,REST
4488,17.53125,12.3347,-10.1715,-11.194,5.1266,0,REST
4489,17.53515625,12.3201,-10.587,-9.168,5.2575,0,REST
4490,17.5390625,7.6382,-10.3156,-7.3501,4.9603,0,REST
4491,17.54296875,5.9478,-7.1817,-2.2989,11.3624,0,REST
4492,17.546875,-0.4826,-5.7169,-3.778,9.4381,0,REST
4493,17.55078125,-2.6891,-2.8279,3.8909,9.8778,0,REST
4494,17.5546875,-8.2966,-0.1059,7.9354,9.9337,0,REST
4495,17.55859375,-7.8855,4.3436,6.9547,11.3934,0,REST
4496,17.5625,-8.1762,4.7447,12.666,11.2185,0,REST
4497,17.56640625,-9.1701,2.3016,14.4732,7.8385,0,REST
4498,17.5703125,-10.5582,9.6786,11.8304,5.3653,0,REST
4499,17.57421875,-10.105,11.0237,10.6763,4.1861,0,REST
4500,17.578125,-8.561,12.6707,11.5607,-3.6802,0,REST
4501,17.58203125,-10.4365,10.2675,9.8049,-4.5196,0,REST
4502,17.5859375,-3.0998,9.7303,9.6888,-3.9077,0,REST
4503,17.58984375,-2.9952,8.8593,-0.3178,-10.7119,0,REST
4504,17.59375,-0.4885,3.9232,-1.1964,-8.9619,0,REST
4505,17.59765625,5.6677,4.7462,0.7836,-11.6524,0,REST
4506,17.6015625,5.7681,1.0261,-5.7791,-7.7447,0,REST
4507,17.60546875,7.2542,-1.3491,-7.659,-11.4399,0,REST
4508,17.609375,7.6149,-5.4877,-11.656,-12.7049,0,REST
4509,17.61328125,10.9351,-7.3309,-11.8523,-4.3084,0,REST
4510,17.6171875,9.7873,-12.9966,-5.676,0.0402,0,REST
4511,17.62109375,9.0699,-13.1206,-9.9158,-2.632,0,REST
4512,17.625,6.4722,-12.0767,-10.1808,6.3938,0,REST
4513,17.62890625,4.9515,-15.5757,-8.3747,4.4189,0,REST
4514,17.6328125,0.8803,-13.8264,-4.0509,10.2651,0,REST
4515,17.63671875,1.41,-8.9384,-3.5042,12.4786,0,REST
4516,17.640625,-1.7191,-5.2104,1.6322,13.6932,0,REST
4517,17.64453125,-2.4682,-5.6198,-1.4747,11.8467,0,REST
4518,17.6484375,-1.3294,0.1069,4.5044,12.6984,0,REST
4519,17.65234375,-5.5914,1.4603,4.521,10.8149,0,REST
4520,17.65625,-3.9608,-0.8985,6.6691,9.7958,0,REST
4521,17.66015625,-10.1029,9.2783,2.4339,5.0749,0,REST
4522,17.6640625,-8.4491,7.9165,3.5708,2.2946,0,REST
4523,17.66796875,-9.6197,12.1794,8.7114,-3.032,0,REST
4524,17.671875,-8.6953,10.2519,7.0919,-1.358,0,REST
4525,17.67578125,-4.8704,11.2458,5.2823,-7.2778,0,REST
4526,17.6796875,-5.2097,11.8146,4.8783,-10.2424,0,REST
4527,17.68359375,-1.0966,10.704,0.7901,-11.5548,0,REST
4528,17.6875,-0.2431,8.4714,4.5951,-11.1026,0,REST
4529,17.69140625,4.0348,3.7057,-0.0207,-13.8022,0,REST
4530,17.6953125,3.5641,1.7673,3.1833,-10.269,0,REST
4531,17.69921875,0.4411,-4.8541,-1.2299,-7.4443,0,REST
4532,17.703125,3.3197,-2.2165,-4.1017,-9.8961,0,REST
4533,17.70703125,3.5428,-6.905,-4.7623,-3.9231,0,REST
4534,17.7109375,5.296,-10.1337,-2.042,-0.8491,0,REST
4535,17.71484375,2.6686,-12.1381,-3.8611,3.8878,0,REST
4536,17.71875,5.1551,-14.7435,-2.199,4.67,0,REST
4537,17.72265625,1.2133,-13.7753,-3.7078,13.4705,0,REST
4538,17.7265625,3.7046,-13.5041,-2.6442,10.0591,0,REST
4539,17.73046875,0.2411,-9.6994,-4.8115,12.8071,0,REST
4540,17.734375,4.6977,-8.4425,-3.2195,14.486,0,REST
4541,17.73828125,2.3196,-7.1812,-2.7812,13.0063,0,REST
4542,17.7421875,2.2559,0.0987,-5.0566,9.7679,0,REST
4543,17.74609375,0.6565,5.1658,-2.2866,8.3988,0,REST
4544,17.75,0.0567,5.8035,-2.5108,5.4896,0,REST
4545,17.75390625,-0.3298,9.0169,0.4769,0.8476,0,REST
4546,17.7578125,-0.8149,8.9095,-0.3938,-2.0445,0,REST
4547,17.76171875,0.3952,12.469,-0.3424,-8.1594,0,REST
4548,17.765625,-2.6606,13.3495,1.1057,-8.9047,0,REST
4549,17.76953125,-7.2504,12.1048,-0.1096,-8.3646,0,REST
4550,17.7734375,0.2189,11.3098,4.6551,-8.8641,0,REST
4551,17.77734375,-3.2062,10.1021,3.3224,-9.6337,0,REST
4552,17.78125,-5.4123,3.2599,4.078,-13.5271,0,REST
4553,17.78515625,-0.933,2.6463,5.1952,-7.615,0,REST
4554,17.7890625,-4.0026,-4.35,4.1365,-6.6612,0,REST
4555,17.79296875,-6.9507,-5.2317,7.2944,-5.216,0,REST
4556,17.796875,-5.4274,-3.7717,2.7487,-3.4624,0,REST
4557,17.80078125,-5.8226,-5.995,1.3491,2.3698,0,REST
4558,17.8046875,-2.4003,-8.9544,5.6259,-0.701,0,REST
4559,17.80859375,2.2952,-10.3574,3.2341,3.1499,0,REST
4560,17.8125,-0.4874,-13.4736,-1.8788,3.0558,0,REST
4561,17.81640625,5.3229,-9.8545,0.2613,8.7226,0,REST
4562,17.8203125,1.5919,-11.4565,-2.7204,4.7925,0,REST
4563,17.82421875,5.0854,-6.4217,-2.9298,8.7878,0,REST
4564,17.828125,4.2463,-3.7466,-1.586,7.1269,0,REST
4565,17.83203125,6.1301,-3.5851,-5.1405,8.9002,0,REST
4566,17.8359375,4.6222,3.675,-6.6359,2.1019,0,REST
4567,17.83984375,7.7812,5.3019,-10.0172,-0.4716,0,REST
4568,17.84375,7.9001,6.4548,-8.6574,0.4909,0,REST
4569,17.84765625,5.0023,6.542,-8.9762,-1.5606,0,REST
4570,17.8515625,2.9285,12.5916,-5.1821,-1.0442,0,REST
4571,17.85546875,3.3188,12.2493,-6.2398,-4.0249,0,REST
4572,17.859375,-1.1381,6.5438,-4.1394,-6.0546,0,REST
4573,17.86328125,-3.2762,9.0807,-2.032,-6.6449,0,REST
4574,17.8671875,-5.1421,6.7782,1.2729,-4.4704,0,REST
4575,17.87109375,-8.9803,10.5228,8.6484,-3.4991,0,REST
4576,17.875,-8.6511,3.7557,4.4301,-3.9724,0,REST
4577,17.87890625,-9.2533,3.6044,8.6668,-6.5925,0,REST
4578,17.8828125,-6.6652,-2.8467,8.4564,-6.9862,0,REST
4579,17.88671875,-11.322,-1.3778,11.3125,-3.746,0,REST
4580,17.890625,-7.7112,-2.4784,9.4657,-3.8275,0,REST
4581,17.89453125,-9.9241,-1.4894,12.2256,-2.243,0,REST
4582,17.8984375,-7.9281,-9.7803,11.1268,1.6839,0,REST
4583,17.90234375,-1.11,-7.2563,6.8412,-4.6187,0,REST
4584,17.90625,-1.2362,-12.9535,4.6467,2.1094,0,REST
4585,17.91015625,5.6476,-9.714,3.0204,1.1624,0,REST
4586,17.9140625,7.0608,-9.8106,-0.6531,2.5986,0,REST
4587,17.91796875,7.6993,-4.3555,-1.3484,4.0683,0,REST
4588,17.921875,9.0125,-3.439,-6.2386,1.0157,0,REST
4589,17.92578125,10.7149,-4.9991,-8.9997,0.8378,0,REST
4590,17.9296875,8.5449,-1.2775,-10.6226,3.9628,0,REST
4591,17.93359375,8.8689,3.9134,-15.032,3.4765,0,REST
4592,17.9375,12.3411,5.1968,-12.0576,-0.0281,0,REST
4593,17.94140625,10.2559,1.6636,-8.9071,2.2058,0,REST
4594,17.9453125,6.7483,6.4893,-13.777,0.8802,0,REST
4595,17.94921875,4.3743,5.3322,-7.6053,2.8491,0,REST
4596,17.953125,-5.3629,6.7544,-7.6923,3.0398,0,REST
4597,17.95703125,-1.4518,3.5627,-2.9591,3.2389,0,REST
4598,17.9609375,-7.9722,9.7201,-0.3266,-1.7367,0,REST
4599,17.96484375,-8.858,5.235,1.5407,-2.9949,0,REST
4600,17.96875,-8.3768,9.7254,4.8346,-3.249,0,REST
4601,17.97265625,-12.3606,2.6248,8.1955,0.4678,0,REST
4602,17.9765625,-13.5593,0.9459,11.5087,-1.5424,0,REST
4603,17.98046875,-14.7836,1.292,11.7503,-2.7785,0,REST
4604,17.984375,-10.237,-2.1222,13.126,-7.8669,0,REST
4605,17.98828125,-9.7335,-6.189,13.827,-2.0019,0,REST
4606,17.9921875,-4.9568,-4.5325,13.3248,-2.246,0,REST
4607,17.99609375,-3.0404,-2.5685,9.3165,-3.4195,0,REST
4608,18.0,0.5092,-4.8208,8.4307,-5.1955,0,REST
4609,18.00390625,2.6461,-5.0654,5.4281,-4.3265,0,REST
4610,18.0078125,5.8598,-7.6726,2.1908,1.2361,0,REST
4611,18.01171875,7.4669,-6.8961,-3.184,4.839,0,REST
4612,18.015625,11.7384,-1.9311,-7.1566,0.7553,0,REST
4613,18.01953125,13.7332,-1.5252,-5.186,4.1961,0,REST
4614,18.0234375,16.3722,-2.4396,-13.6794,2.7471,0,REST
4615,18.02734375,16.0539,-2.6477,-10.8178,3.4213,0,REST
4616,18.03125,10.709,0.4981,-12.1718,6.9062,0,REST
4617,18.03515625,8.7595,-0.7919,-11.2943,9.6809,0,REST
4618,18.0390625,3.1392,5.5827,-11.237,10.7889,0,REST
4619,18.04296875,3.7727,4.5781,-8.8679,5.3929,0,REST
4620,18.046875,-2.082,-0.6026,-9.5221,3.8987,0,REST
4621,18.05078125,-3.9463,3.1453,-4.1015,3.4831,0,REST
4622,18.0546875,-9.8094,1.6407,-4.5708,-2.1842,0,REST
4623,18.05859375,-9.5697,2.7192,2.6666,-0.9982,0,REST
4624,18.0625,-8.0921,4.5853,6.7914,-1.025,0,REST
4625,18.06640625,-10.7274,2.4115,6.8037,-6.5753,0,REST
4626,18.0703125,-13.1246,0.0632,6.7924,-3.7844,0,REST
4627,18.07421875,-7.9181,3.7548,13.8912,-8.581,0,REST
4628,18.078125,-13.5239,3.9673,11.4717,-8.6748,0,REST
4629,18.08203125,-10.0647,2.7261,13.1489,-9.3574,0,REST
4630,18.0859375,-5.0301,2.7071,10.6385,-4.6985,0,REST
4631,18.08984375,-2.9036,-0.1517,8.9897,-4.9217,0,REST
4632,18.09375,0.0402,-2.3738,3.9361,-7.0425,0,REST
4633,18.09765625,-0.1123,0.2974,4.7699,-1.9656,0,REST
4634,18.1015625,4.4212,-1.6879,1.3093,3.0261,0,REST
4635,18.10546875,5.2881,-2.8147,0.9685,4.5812,0,REST
4636,18.109375,7.6536,-2.5827,-4.3776,5.3584,0,REST
4637,18.11328125,9.5823,-5.7886,-5.6955,8.5399,0,REST
4638,18.1171875,11.847,-2.9611,-6.5486,9.0814,0,REST
4639,18.12109375,10.0148,-1.1617,-10.0045,9.0491,0,REST
4640,18.125,9.2784,-4.7305,-9.8066,10.1199,0,REST
4641,18.12890625,5.7479,-2.8716,-9.7532,10.8307,0,REST
4642,18.1328125,2.3685,-4.744,-7.5499,7.9429,0,REST
4643,18.13671875,0.2388,-2.5851,-8.5614,4.8457,0,REST
4644,18.140625,-2.0866,-6.2428,-4.0322,3.2007,0,REST
4645,18.14453125,-2.78,3.0666,-3.1816,-1.1,0,REST
4646,18.1484375,-1.7467,-0.353,-0.9468,-1.5067,0,REST
4647,18.15234375,-5.5461,3.6578,1.8922,-4.0435,0,REST
4648,18.15625,-4.9361,0.6901,0.9969,-11.007,0,REST
4649,18.16015625,-4.527,6.5877,3.3356,-7.9053,0,REST
4650,18.1640625,-8.7582,3.9465,3.485,-7.7717,0,REST
4651,18.16796875,-3.0946,4.9665,3.3632,-13.088,0,REST
4652,18.171875,-7.3875,7.8242,9.0083,-8.0483,0,REST
4653,18.17578125,-2.1313,3.5969,6.2957,-8.5772,0,REST
4654,18.1796875,-1.2841,3.1675,4.7103,-5.5504,0,REST
4655,18.18359375,-1.1795,6.0897,4.1584,-9.5405,0,REST
4656,18.1875,1.3041,3.9156,5.5211,-7.8874,0,REST
4657,18.19140625,1.6223,1.1226,3.5678,-2.8224,0,REST
4658,18.1953125,6.2262,-1.7049,3.5072,1.7807,0,REST
4659,18.19921875,4.0814,0.2468,5.567,2.4105,0,REST
4660,18.203125,5.2782,-1.1148,0.2904,7.4504,0,REST
4661,18.20703125,1.7345,-4.81,-2.1265,9.7835,0,REST
4662,18.2109375,2.1747,-7.8262,-2.6473,11.2744,0,REST
4663,18.21484375,7.6602,-4.9232,-3.5822,11.7242,0,REST
4664,18.21875,5.996,-5.9326,-1.6287,13.1776,0,REST
4665,18.22265625,1.8487,-5.9911,-4.7043,9.8557,0,REST
4666,18.2265625,8.738,-7.4816,-1.1682,10.2511,0,REST
4667,18.23046875,4.5214,-6.236,-1.4066,8.6694,0,REST
4668,18.234375,3.5628,-4.5923,-3.916,4.3586,0,REST
4669,18.23828125,1.5254,-4.2511,-0.9046,0.2871,0,REST
4670,18.2421875,-2.6352,-3.4708,-1.2586,-5.7729,0,REST
4671,18.24609375,-0.0862,2.1603,-2.7881,-6.8479,0,REST
4672,18.25,1.4151,0.2715,-3.6101,-10.4902,0,REST
4673,18.25390625,-1.2437,2.9349,-0.5866,-9.9111,0,REST
4674,18.2578125,1.097,7.7214,-2.917,-10.3661,0,REST
4675,18.26171875,0.391,8.5724,0.2488,-12.5025,0,REST
4676,18.265625,-0.7165,9.7865,3.3777,-10.7379,0,REST
4677,18.26953125,-3.2593,12.2559,-3.484,-9.0539,0,REST
4678,18.2734375,-2.8607,10.3101,-4.1987,-7.855,0,REST
4679,18.27734375,-4.8817,5.3552,3.4574,-5.756,0,REST
4680,18.28125,-3.4532,6.3195,-0.5746,-4.2375,0,REST
4681,18.28515625,-2.3259,5.1257,4.3669,1.062,0,REST
4682,18.2890625,-8.087,4.9946,6.5175,7.5171,0,REST
4683,18.29296875,-4.4954,-0.8963,7.2181,7.1035,0,REST
4684,18.296875,-4.8258,-1.0703,3.1104,11.1114,0,REST
4685,18.30078125,-6.4331,-6.2483,4.4669,9.7549,0,REST
4686,18.3046875,-2.421,-7.6546,5.296,12.2711,0,REST
4687,18.30859375,-0.9105,-10.4743,6.8316,10.2245,0,REST
4688,18.3125,-0.4707,-11.6678,6.0357,8.7301,0,REST
4689,18.31640625,4.679,-7.4203,4.0504,8.4583,0,REST
4690,18.3203125,4.9096,-8.5652,2.7298,4.9385,0,REST
4691,18.32421875,6.6679,-11.8593,3.4692,2.147,0,REST
4692,18.328125,3.9662,-9.2061,-0.4046,0.2914,0,REST
4693,18.33203125,7.2903,-3.4282,-1.7745,-3.8236,0,REST
4694,18.3359375,4.8192,-1.4624,-2.3564,-5.5432,0,REST
4695,18.33984375,5.3057,0.4343,-7.3574,-5.8992,0,REST
4696,18.34375,5.875,6.1598,-4.9328,-9.279,0,REST
4697,18.34765625,8.0653,5.9755,-8.4836,-9.4881,0,REST
4698,18.3515625,5.9017,8.0343,-12.0049,-10.3794,0,REST
4699,18.35546875,0.0053,8.4596,-12.3842,-13.0976,0,REST
4700,18.359375,1.8991,12.9726,-8.9389,-8.6949,0,REST
4701,18.36328125,1.0644,9.5176,-6.0267,-8.0876,0,REST
4702,18.3671875,-0.3741,12.6866,-3.1371,-4.966,0,REST
4703,18.37109375,-5.1756,6.6436,-4.1288,-1.1846,0,REST
4704,18.375,-7.3791,8.8834,-0.9086,0.1586,0,REST
4705,18.37890625,-11.0531,1.6605,-1.2382,4.3363,0,REST
4706,18.3828125,-10.3472,3.0004,4.8002,7.5981,0,REST
4707,18.38671875,-6.9354,0.0397,6.4407,8.3365,0,REST
4708,18.390625,-9.547,-4.6449,9.8454,7.67,0,REST
4709,18.39453125,-4.1638,-6.5572,10.2043,9.3274,0,REST
4710,18.3984375,-1.871,-9.7252,10.6409,10.4998,0,REST
4711,18.40234375,-4.0134,-12.4056,11.4603,7.0869,0,REST
4712,18.40625,1.881,-11.7323,13.5278,2.758,0,REST
4713,18.41015625,3.5809,-9.9094,5.5397,2.9219,0,REST
4714,18.4140625,3.5866,-10.2817,8.1305,0.7999,0,REST
4715,18.41796875,6.0217,-12.1688,5.4232,-2.2466,0,REST
4716,18.421875,7.8827,-10.0263,3.8919,0.5906,0,REST
4717,18.42578125,9.7178,-9.9229,3.2939,-3.1498,0,REST
4718,18.4296875,14.3312,-3.7932,-6.2658,-4.2799,0,REST
4719,18.43359375,8.1309,1.1374,-4.2848,-5.3339,0,REST
4720,18.4375,11.5191,6.2868,-8.308,-4.3822,0,REST
4721,18.44140625,9.0509,8.5659,-9.5458,-6.9705,0,REST
4722,18.4453125,9.9657,12.392,-11.1182,-6.2282,0,REST
4723,18.44921875,1.2255,10.9547,-7.629,-5.4085,0,REST
4724,18.453125,-0.3381,11.0782,-12.6064,-2.8498,0,REST
4725,18.45703125,-6.5441,11.5833,-10.6024,-4.8387,0,REST
4726,18.4609375,-5.1943,11.8338,-10.447,-2.4708,0,REST
4727,18.46484375,-10.7092,6.4173,-2.7313,-0.0435,0,REST
4728,18.46875,-13.9148,9.3197,-2.9774,1.1743,0,REST
4729,18.47265625,-13.4495,7.6294,-2.6245,-0.3997,0,REST
4730,18.4765625,-13.9596,4.8144,6.2295,0.6018,0,REST
4731,18.48046875,-13.1148,0.6086,4.7669,6.0708,0,REST
4732,18.484375,-15.2231,-3.8053,10.9219,5.1225,0,REST
4733,18.48828125,-8.8854,-4.4923,14.1923,3.4738,0,REST
4734,18.4921875,-6.3906,-10.3226,16.0025,-0.946,0,REST
4735,18.49609375,-2.1481,-9.7081,10.3004,5.7952,0,REST
4736,18.5,-0.6675,-11.6892,11.4482,2.6297,0,REST
4737,18.50390625,3.0185,-10.9755,8.7091,6.4677,0,REST
4738,18.5078125,7.4314,-9.4879,6.9535,1.4589,0,REST
4739,18.51171875,8.8217,-11.8813,5.6194,6.4234,0,REST
4740,18.515625,13.4966,-8.3896,3.811,-1.2984,0,REST
4741,18.51953125,8.6266,-3.7471,-3.1398,1.6471,0,REST
4742,18.5234375,11.9941,-2.2718,-2.7056,-1.8732,0,REST
4743,18.52734375,11.8651,1.4407,-8.7344,1.1215,0,REST
4744,18.53125,11.7228,6.0083,-12.2573,-3.9362,0,REST
4745,18.53515625,7.0924,2.9803,-10.2725,-4.457,0,REST
4746,18.5390625,2.4031,7.9452,-15.0454,-3.7456,0,REST
4747,18.54296875,3.916,12.0593,-12.8438,-3.347,0,REST
4748,18.546875,4.7308,10.3245,-11.8318,-2.2245,0,REST
4749,18.55078125,-2.9623,13.7868,-12.8516,-5.1934,0,REST
4750,18.5546875,-4.6555,11.2267,-7.9301,-5.9266,0,REST
4751,18.55859375,-9.3107,9.4987,-5.3769,-3.8442,0,REST
4752,18.5625,-11.4233,10.7947,-0.5069,-2.1915,0,REST
4753,18.56640625,-10.3644,7.0496,-0.3216,-2.3585,0,REST
4754,18.5703125,-7.9435,3.0044,6.9816,-0.3714,0,REST
4755,18.57421875,-11.4633,-0.2395,9.1545,-0.4892,0,REST
4756,18.578125,-10.4702,-4.914,9.2063,0.2058,0,REST
4757,18.58203125,-9.7687,-6.6764,7.6042,2.4323,0,REST
4758,18.5859375,-5.4193,-8.4359,10.0988,1.4581,0,REST
4759,18.58984375,-0.836,-7.9809,10.0294,4.0474,0,REST
4760,18.59375,-1.3253,-12.6573,8.5237,2.5958,0,REST
4761,18.59765625,0.9972,-12.2822,11.5539,2.6543,0,REST
4762,18.6015625,7.4364,-11.1871,11.1226,7.1484,0,REST
4763,18.60546875,7.5352,-7.7486,7.7817,5.6052,0,REST
4764,18.609375,7.7243,-6.2842,2.9124,9.5175,0,REST
4765,18.61328125,15.3774,-4.1932,1.2607,4.338,0,REST
4766,18.6171875,10.145,0.7396,-4.4565,5.135,0,REST
4767,18.62109375,11.9163,1.4337,-1.3094,2.5392,0,REST
4768,18.625,9.7584,5.5777,-7.2909,4.5858,0,REST
4769,18.62890625,5.8704,2.3802,-4.7819,1.1276,0,REST
4770,18.6328125,3.2847,9.1475,-9.773,-2.7186,0,REST
4771,18.63671875,3.0859,5.3753,-9.4988,2.0421,0,REST
4772,18.640625,-2.3747,8.4767,-5.2889,-8.0934,0,REST
4773,18.64453125,-2.8751,6.9321,-6.2139,-4.3694,0,REST
4774,18.6484375,-4.4894,8.5337,-4.7578,-7.745,0,REST
4775,18.65234375,-6.2442,8.7115,-6.3923,-7.8129,0,REST
4776,18.65625,-7.9737,6.7407,-4.2123,-7.6218,0,REST
4777,18.66015625,-6.4529,4.1922,1.65,-6.1771,0,REST
4778,18.6640625,-7.6105,3.7494,1.9532,-2.5534,0,REST
4779,18.66796875,-7.4498,2.2373,6.5972,-5.1066,0,REST
4780,18.671875,-10.4375,-1.5304,3.3365,-3.7633,0,REST
4781,18.67578125,-2.2201,-4.1898,7.2228,2.1438,0,REST
4782,18.6796875,0.4424,-7.9256,6.7062,2.0881,0,REST
4783,18.68359375,-2.3328,-8.0815,6.4454,3.245,0,REST
4784,18.6875,1.7555,-8.116,3.329,8.4821,0,REST
4785,18.69140625,1.4696,-7.4448,5.65,10.7664,0,REST
4786,18.6953125,4.0718,-7.7089,4.7529,8.9747,0,REST
4787,18.69921875,0.7772,-4.859,5.2743,4.4707,0,REST
4788,18.703125,2.7347,-4.6643,2.7627,5.5435,0,REST
4789,18.70703125,4.5355,-3.901,0.8237,7.8066,0,REST
4790,18.7109375,2.4554,-0.1944,-1.1852,5.5438,0,REST
4791,18.71484375,5.6856,-1.0706,1.0801,4.8622,0,REST
4792,18.71875,0.3942,3.157,-1.1716,2.6542,0,REST
4793,18.72265625,-0.2777,5.1605,1.8837,-1.6978,0,REST
4794,18.7265625,2.4683,8.7801,-5.4644,-2.4784,0,REST
4795,18.73046875,4.5072,5.6158,-2.8476,-7.0908,0,REST
4796,18.734375,0.9753,5.0721,-3.2132,-11.4718,0,REST
4797,18.73828125,-2.1396,4.3583,-4.1159,-10.9261,0,REST
4798,18.7421875,-1.061,2.3276,-5.4965,-11.7321,0,REST
4799,18.74609375,1.2997,4.8276,-0.2695,-12.7699,0,REST
4800,18.75,-0.7434,5.9028,-2.7852,-9.1163,0,REST
4801,18.75390625,0.1351,1.9931,-3.8211,-8.1394,0,REST
4802,18.7578125,-1.2818,2.4395,-3.518,-7.9978,0,REST
4803,18.76171875,-0.6282,-1.296,-1.6516,-5.0556,0,REST
4804,18.765625,-2.7379,3.7501,-3.252,1.9904,0,REST
4805,18.76953125,-1.7825,0.9179,-4.5581,2.1726,0,REST
4806,18.7734375,-2.9962,-1.1707,-4.5272,7.3494,0,REST
4807,18.77734375,-7.7687,-5.75,3.0616,9.8547,0,REST
4808,18.78125,-1.9999,-4.5389,2.5669,7.965,0,REST
4809,18.78515625,-5.7584,-4.0034,-2.1513,12.2004,0,REST
4810,18.7890625,-6.423,-3.181,1.1058,11.4506,0,REST
4811,18.79296875,-4.162,-5.9612,0.9523,15.6555,0,REST
4812,18.796875,-3.1332,-1.615,-2.0538,13.3012,0,REST
4813,18.80078125,-0.1827,-2.069,0.2972,11.3464,0,REST
4814,18.8046875,-3.8533,-0.6454,6.6532,9.2952,0,REST
4815,18.80859375,2.9541,-2.895,4.2699,3.4468,0,REST
4816,18.8125,1.5771,1.0745,2.9768,-4.1608,0,REST
4817,18.81640625,3.5675,-2.4676,5.8501,-6.9298,0,REST
4818,18.8203125,3.155,1.9216,2.052,-6.3885,0,REST
4819,18.82421875,4.1745,1.1737,0.6255,-11.0976,0,REST
4820,18.828125,5.1292,1.6862,2.71,-14.8054,0,REST
4821,18.83203125,7.1634,-0.5832,0.7592,-10.7234,0,REST
4822,18.8359375,7.3257,4.0287,2.914,-7.7887,0,REST
4823,18.83984375,7.95,2.5555,-1.4769,-11.1021,0,REST
4824,18.84375,7.0147,0.8181,-2.029,-8.3715,0,REST
4825,18.84765625,3.8641,2.8531,-7.2961,-7.3862,0,REST
4826,18.8515625,5.4678,4.6271,-6.2149,-1.7273,0,REST
4827,18.85546875,-0.0736,3.4504,-6.0685,0.4116,0,REST
4828,18.859375,-0.1531,-0.8394,-6.5513,6.6384,0,REST
4829,18.86328125,-2.6482,6.5652,-7.383,6.9502,0,REST
4830,18.8671875,-3.3391,4.1946,-8.8096,11.4082,0,REST
4831,18.87109375,-4.3036,4.5865,-6.5447,9.4184,0,REST
4832,18.875,-10.3005,-1.624,-6.6637,11.7367,0,REST
4833,18.87890625,-5.6554,0.568,-5.4677,12.1038,0,REST
4834,18.8828125,-8.961,-0.7969,-1.0524,9.1142,0,REST
4835,18.88671875,-9.7814,-2.0299,2.6608,5.599,0,REST
4836,18.890625,-8.9057,-0.32,5.6668,4.4642,0,REST
4837,18.89453125,-12.0492,0.5468,5.7644,2.2255,0,REST
4838,18.8984375,-5.7782,0.0987,9.0778,1.6141,0,REST
4839,18.90234375,-4.1493,-6.9086,10.6841,-4.5169,0,REST
4840,18.90625,-2.545,-5.7475,13.8079,-2.1364,0,REST
4841,18.91015625,4.2338,-2.0768,12.0432,-8.7349,0,REST
4842,18.9140625,8.0653,-4.2651,13.445,-9.6079,0,REST
4843,18.91796875,4.8196,-5.4869,8.0216,-14.1138,0,REST
4844,18.921875,7.0096,-2.3055,10.4777,-12.0322,0,REST
4845,18.92578125,13.9412,-2.7277,4.5104,-12.1258,0,REST
4846,18.9296875,10.8628,-2.2775,1.9526,-10.1328,0,REST
4847,18.93359375,5.6218,1.6596,-1.9835,-8.1729,0,REST
4848,18.9375,12.7334,0.3692,-3.1354,-3.1442,0,REST
4849,18.94140625,10.5501,1.1363,-5.9662,1.0894,0,REST
4850,18.9453125,6.8945,4.4395,-8.3326,-2.4142,0,REST
4851,18.94921875,3.2729,3.2723,-9.1062,4.1064,0,REST
4852,18.953125,-1.7695,7.1021,-11.9463,2.5246,0,REST
4853,18.95703125,-3.361,5.2296,-11.7479,9.4934,0,REST
4854,18.9609375,-5.0446,3.0315,-10.9181,7.0605,0,REST
4855,18.96484375,-8.9442,2.6804,-10.5304,10.8576,0,REST
4856,18.96875,-8.8864,-0.1853,-10.1504,12.5598,0,REST
4857,18.97265625,-10.0336,4.0065,-4.3,4.495,0,REST
4858,18.9765625,-14.103,4.1117,-3.5259,11.3469,0,REST
4859,18.98046875,-13.1124,-0.2722,2.9091,5.8175,0,REST
4860,18.984375,-14.1582,-0.1949,5.7414,4.8489,0,REST
4861,18.98828125,-8.2601,-5.2098,2.9036,3.0693,0,REST
4862,18.9921875,-9.2655,-4.1215,9.502,0.4585,0,REST
4863,18.99609375,-2.0654,-8.419,9.9602,-3.4419,0,REST
4864,19.0,-1.0089,-9.4953,12.2359,-4.2628,0,REST
4865,19.00390625,0.8298,-6.0954,13.328,-5.9773,0,REST
4866,19.0078125,2.743,-4.966,9.0357,-6.7838,0,REST
4867,19.01171875,10.2796,-6.5913,11.8752,-8.09,0,REST
4868,19.015625,13.0745,-5.8162,7.4968,-9.6182,0,REST
4869,19.01953125,13.9457,-1.9123,6.5978,-5.8764,0,REST
4870,19.0234375,10.115,-2.1762,12.0157,-6.5973,0,REST
4871,19.02734375,14.8811,-0.7873,3.4806,-3.8311,0,REST
4872,19.03125,15.0145,1.7425,-2.089,-3.5699,0,REST
4873,19.03515625,7.8386,3.2094,-7.9206,0.026,0,REST
4874,19.0390625,5.9487,1.882,-6.1584,2.1828,0,REST
4875,19.04296875,0.9411,5.4251,-10.8512,2.6656,0,REST
4876,19.046875,-1.0726,7.8557,-11.4235,2.7498,0,REST
4877,19.05078125,-4.3758,11.4747,-13.6313,4.2106,0,REST
4878,19.0546875,-9.2637,9.4107,-15.2299,3.8213,0,REST
4879,19.05859375,-10.0967,11.6002,-10.7494,5.8797,0,REST
4880,19.0625,-7.9832,6.7906,-6.764,7.5746,0,REST
4881,19.06640625,-11.4167,6.4148,-7.548,5.5296,0,REST
4882,19.0703125,-10.037,2.8642,-4.0112,5.2163,0,REST
4883,19.07421875,-10.9415,1.1885,1.9533,6.9245,0,REST
4884,19.078125,-10.6401,-3.0496,0.6512,6.2274,0,REST
4885,19.08203125,-7.6056,-3.1834,4.8403,0.4909,0,REST
4886,19.0859375,-5.445,-5.8181,3.011,-4.0709,0,REST
4887,19.08984375,-5.2693,-10.0396,8.0555,-1.118,0,REST
4888,19.09375,0.9103,-9.1608,10.4074,-0.9965,0,REST
4889,19.09765625,4.0591,-12.5999,11.4409,-1.2943,0,REST
4890,19.1015625,6.6595,-14.5928,11.6622,-2.6788,0,REST
4891,19.10546875,6.3107,-8.1307,10.1464,-2.3545,0,REST
4892,19.109375,10.8309,-11.5636,6.0344,-0.3386,0,REST
4893,19.11328125,9.1585,-8.518,1.144,-3.5003,0,REST
4894,19.1171875,6.2372,-3.2538,2.899,-3.8828,0,REST
4895,19.12109375,10.0638,-1.0191,-0.1294,-4.4847,0,REST
4896,19.125,4.6974,0.899,-5.9228,-1.3402,0,REST
4897,19.12890625,5.5713,6.5042,-2.0151,-1.8117,0,REST
4898,19.1328125,2.9148,8.5699,-5.1878,-5.7144,0,REST
4899,19.13671875,2.9003,8.9261,-8.836,-1.145,0,REST
4900,19.140625,1.8502,10.6511,-7.626,0.4702,0,REST
4901,19.14453125,-0.6605,12.8581,-7.057,-1.5538,0,REST
4902,19.1484375,-5.2509,16.453,-8.484,-0.5977,0,REST
4903,19.15234375,-4.2054,12.0992,-8.5091,3.1206,0,REST
4904,19.15625,-4.6985,10.1078,-7.4028,3.5995,0,REST
4905,19.16015625,-5.316,6.6036,-5.9696,1.7105,0,REST
4906,19.1640625,-4.8239,6.2124,-6.3718,-0.5958,0,REST
4907,19.16796875,-5.9544,1.2238,-2.0568,2.7154,0,REST
4908,19.171875,-5.5675,0.8257,1.5575,3.4878,0,REST
4909,19.17578125,-5.776,-2.6052,0.2203,6.0918,0,REST
4910,19.1796875,-5.0925,-8.3745,2.7875,4.0569,0,REST
4911,19.18359375,-1.7712,-9.137,4.8288,6.4338,0,REST
4912,19.1875,0.1145,-10.8764,2.4349,4.8503,0,REST
4913,19.19140625,3.0669,-10.0301,2.5365,0.1944,0,REST
4914,19.1953125,1.7825,-12.2079,7.1479,2.9622,0,REST
4915,19.19921875,1.2875,-12.4328,3.8301,1.074,0,REST
4916,19.203125,2.4262,-14.2852,0.7314,-0.9216,0,REST
4917,19.20703125,6.6568,-4.085,5.0078,-3.3221,0,REST
4918,19.2109375,2.141,-0.2899,1.2147,-2.298,0,REST
4919,19.21484375,6.4121,-0.2715,2.2939,-5.101,0,REST
4920,19.21875,4.9596,1.6333,1.4522,-8.9977,0,REST
4921,19.22265625,2.2741,8.9323,1.4574,-6.9409,0,REST
4922,19.2265625,4.6841,10.3847,-1.5524,-3.2851,0,REST
4923,19.23046875,1.4715,13.2457,2.686,-6.1433,0,REST
4924,19.234375,1.9005,13.4452,-3.1173,-10.0992,0,REST
4925,19.23828125,1.7307,11.4112,-0.9242,-2.6314,0,REST
4926,19.2421875,1.1797,10.4717,-0.1663,-2.1159,0,REST
4927,19.24609375,1.3471,8.3309,-3.1249,-0.7248,0,REST
4928,19.25,0.8719,7.8061,-1.4845,3.2869,0,REST
4929,19.25390625,-3.3744,8.0549,-0.2637,5.3217,0,REST
4930,19.2578125,-5.2506,6.8764,-6.0202,9.2882,0,REST
4931,19.26171875,-1.8333,-0.293,-4.105,4.1642,0,REST
4932,19.265625,-1.7823,-5.4541,-4.6433,7.0799,0,REST
4933,19.26953125,-3.3396,-6.1442,-2.337,6.1433,0,REST
4934,19.2734375,-3.9642,-7.3415,-3.0621,10.7444,0,REST
4935,19.27734375,-3.8747,-10.4237,-5.2561,8.7987,0,REST
4936,19.28125,-1.2163,-9.7804,-7.7116,8.9229,0,REST
4937,19.28515625,-2.4362,-10.1353,-0.4204,5.3293,0,REST
4938,19.2890625,-5.2143,-14.4205,-2.9407,3.9711,0,REST
4939,19.29296875,-1.5054,-10.4061,0.7411,-1.6326,0,REST
4940,19.296875,-3.3575,-11.0368,-0.9358,-4.4203,0,REST
4941,19.30078125,-3.502,-5.8904,1.4636,-4.3946,0,REST
4942,19.3046875,1.0056,-0.8858,4.2563,-9.5991,0,REST
4943,19.30859375,0.0429,-1.2272,4.0679,-10.4257,0,REST
4944,19.3125,2.5578,2.4799,3.1983,-12.252,0,REST
4945,19.31640625,1.5848,7.2648,7.7289,-12.4475,0,REST
4946,19.3203125,3.0188,4.4151,7.5246,-11.7237,0,REST
4947,19.32421875,0.7718,10.1901,6.7511,-12.4163,0,REST
4948,19.328125,8.7195,7.477,1.9695,-11.2226,0,REST
4949,19.33203125,8.8317,15.2665,2.5732,-8.2917,0,REST
4950,19.3359375,5.5674,11.8721,4.7145,-1.0159,0,REST
4951,19.33984375,8.5428,13.562,3.5413,3.5557,0,REST
4952,19.34375,7.103,9.8208,1.446,6.4202,0,REST
4953,19.34765625,7.8135,3.1191,2.5692,8.9774,0,REST
4954,19.3515625,2.3556,3.806,-5.4059,9.905,0,REST
4955,19.35546875,2.6443,0.9158,-4.3435,10.5147,0,REST
4956,19.359375,-2.573,-1.3406,-7.4379,14.3298,0,REST
4957,19.36328125,1.22,-7.3236,-10.7796,12.0311,0,REST
4958,19.3671875,-4.4531,-3.5893,-11.1319,12.3853,0,REST
4959,19.37109375,-7.2604,-8.0029,-11.0144,8.1759,0,REST
4960,19.375,-3.2089,-5.4187,-9.9062,10.7783,0,REST
4961,19.37890625,-9.8458,-8.5754,-5.5707,1.0705,0,REST
4962,19.3828125,-10.742,-15.9855,-4.9699,1.9335,0,REST
4963,19.38671875,-10.4293,-13.3391,-7.8083,-1.0307,0,REST
4964,19.390625,-8.7924,-13.8177,-1.7704,-5.4081,0,REST
4965,19.39453125,-9.4922,-5.4032,2.7879,-5.6648,0,REST
4966,19.3984375,-4.9186,-3.2921,0.6922,-13.012,0,REST
4967,19.40234375,-3.217,-2.2265,6.0848,-13.5158,0,REST
4968,19.40625,-2.5089,0.7835,3.4866,-9.7353,0,REST
4969,19.41015625,3.7623,1.5108,7.7704,-11.4245,0,REST
4970,19.4140625,7.2719,3.3357,8.7023,-10.6327,0,REST
4971,19.41796875,11.0969,4.9929,8.809,-10.1248,0,REST
4972,19.421875,10.588,8.2498,12.242,-6.5324,0,REST
4973,19.42578125,7.024,9.8491,9.7698,-1.0062,0,REST
4974,19.4296875,13.0534,7.0699,11.0684,3.5648,0,REST
4975,19.43359375,11.7896,8.9149,7.1207,4.3255,0,REST
4976,19.4375,10.0049,6.5075,4.791,9.5203,0,REST
4977,19.44140625,7.6721,6.6695,1.0782,8.6238,0,REST
4978,19.4453125,6.5771,1.3172,-2.8034,12.1183,0,REST
4979,19.44921875,3.3977,1.7654,-3.6345,12.236,0,REST
4980,19.453125,2.1142,-0.5914,-7.9186,10.9263,0,REST
4981,19.45703125,-5.8829,-4.6192,-9.1353,11.1013,0,REST
4982,19.4609375,-2.7935,-6.4118,-10.4392,11.3807,0,REST
4983,19.46484375,-11.0456,-6.9267,-11.1151,6.7026,0,REST
4984,19.46875,-12.1267,-6.1704,-8.7619,1.6375,0,REST
4985,19.47265625,-14.806,-6.0878,-11.2397,0.4039,0,REST
4986,19.4765625,-13.2143,-10.4108,-11.282,-4.0048,0,REST
4987,19.48046875,-11.2337,-10.3017,-5.146,-5.9994,0,REST
4988,19.484375,-9.2365,-3.2189,-6.7476,-4.2548,0,REST
4989,19.48828125,-12.2293,-2.8898,-2.3743,-11.4062,0,REST
4990,19.4921875,-8.0778,-1.2766,0.0672,-8.8546,0,REST
4991,19.49609375,-0.5544,0.0222,5.6373,-11.4277,0,REST
4992,19.5,1.5181,1.9574,8.9627,-11.2158,0,REST
4993,19.50390625,3.0534,1.464,10.9507,-6.3449,0,REST
4994,19.5078125,6.5818,6.7125,11.8475,-8.4514,0,REST
4995,19.51171875,9.5192,4.2334,12.0579,-3.1597,0,REST
4996,19.515625,14.871,5.6101,15.0612,-3.9617,0,REST
4997,19.51953125,11.5871,6.7992,13.4381,-1.611,0,REST
4998,19.5234375,10.8333,3.2525,10.9892,4.0119,0,REST
4999,19.52734375,12.7773,5.6291,6.7147,8.9818,0,REST
5000,19.53125,11.9986,1.3188,4.8958,9.0208,0,REST
5001,19.53515625,8.3353,-0.3664,3.623,5.4899,0,REST
5002,19.5390625,0.8744,4.5012,-0.1551,9.3117,0,REST
5003,19.54296875,0.3935,0.6789,-1.9811,11.5194,0,REST
5004,19.546875,2.1525,1.4917,-8.8463,10.4281,0,REST
5005,19.55078125,-2.6764,-2.5733,-8.4677,8.8795,0,REST
5006,19.5546875,-5.4537,-0.4822,-9.2115,1.4007,0,REST
5007,19.55859375,-9.4086,0.5514,-10.5621,1.1768,0,REST
5008,19.5625,-9.1228,-3.8781,-11.8269,-1.3686,0,REST
5009,19.56640625,-12.5218,-1.1889,-7.2641,-4.2553,0,REST
5010,19.5703125,-7.3743,-6.5081,-12.5863,-3.4522,0,REST
5011,19.57421875,-12.9883,-4.8477,-4.5946,-5.7908,0,REST
5012,19.578125,-9.316,-5.1769,-5.0039,-6.4599,0,REST
5013,19.58203125,-8.4838,-0.1556,-4.5168,-11.0383,0,REST
5014,19.5859375,-3.5249,-5.4163,-1.0008,-6.6353,0,REST
5015,19.58984375,-0.2407,-3.1599,1.8357,-9.0305,0,REST
5016,19.59375,-0.1998,-0.408,4.2972,-6.9821,0,REST
5017,19.59765625,0.1148,0.3645,6.3068,-5.9485,0,REST
5018,19.6015625,5.4922,-2.4175,9.9665,-4.6143,0,REST
5019,19.60546875,9.2211,-1.7491,9.9633,-4.5906,0,REST
5020,19.609375,7.2146,0.0984,10.9148,-0.1009,0,REST
5021,19.61328125,8.7909,0.8588,11.8654,-0.0756,0,REST
5022,19.6171875,8.1851,0.7439,9.1352,0.7407,0,REST
5023,19.62109375,9.7754,-0.624,10.263,4.9777,0,REST
5024,19.625,5.1385,1.0697,5.427,4.14,0,REST
5025,19.62890625,4.2374,0.9448,2.824,9.8872,0,REST
5026,19.6328125,1.9202,-2.234,0.0735,2.6734,0,REST
5027,19.63671875,2.1128,-0.2141,-0.1507,5.7906,0,REST
5028,19.640625,1.6316,5.3442,-4.3757,0.9664,0,REST
5029,19.64453125,-4.6768,2.7183,-7.9138,5.0865,0,REST
5030,19.6484375,-4.8952,0.5563,-8.4481,6.1599,0,REST
5031,19.65234375,-4.3659,3.681,-7.9472,3.0106,0,REST
5032,19.65625,-6.7606,0.8584,-4.883,-2.1677,0,REST
5033,19.66015625,-8.882,-2.1784,-10.7854,-0.5191,0,REST
5034,19.6640625,-5.8156,1.4927,-11.3043,-2.9798,0,REST
5035,19.66796875,-9.7182,-1.6257,-4.3297,-6.3811,0,REST
5036,19.671875,-5.4689,-0.9658,-5.4447,-6.4123,0,REST
5037,19.67578125,-7.2957,0.6779,-1.5485,-1.231,0,REST
5038,19.6796875,-4.2047,2.2038,-1.8521,-3.7649,0,REST
5039,19.68359375,-1.645,-3.054,0.0463,-3.6189,0,REST
5040,19.6875,2.2239,-7.1933,-0.7958,-3.9255,0,REST
5041,19.69140625,2.7555,-5.0469,3.0896,-7.4896,0,REST
5042,19.6953125,2.0503,-4.7655,3.2536,-5.4744,0,REST
5043,19.69921875,2.5436,-3.233,3.9153,-3.4705,0,REST
5044,19.703125,1.4138,-5.5428,4.8988,-4.5068,0,REST
5045,19.70703125,4.3054,-1.5138,1.7937,0.2123,0,REST
5046,19.7109375,4.8658,-1.6993,5.6024,-2.2331,0,REST
5047,19.71484375,1.4378,-2.4249,3.1633,-1.7077,0,REST
5048,19.71875,2.8669,0.2173,1.9315,4.339,0,REST
5049,19.72265625,2.3297,1.8451,4.2448,2.6869,0,REST
5050,19.7265625,3.5128,3.0748,2.0785,4.3857,0,REST
5051,19.73046875,0.811,2.621,-2.3254,-0.4766,0,REST
5052,19.734375,3.7542,7.0653,-0.4935,3.5779,0,REST
5053,19.73828125,3.4627,6.8536,1.4071,0.903,0,REST
5054,19.7421875,1.3529,5.8684,0.4717,3.0443,0,REST
5055,19.74609375,-0.5534,9.6868,0.2646,4.0601,0,REST
5056,19.75,-1.9398,7.2525,-1.0597,3.9646,0,REST
5057,19.75390625,-3.8867,3.9674,-1.8056,2.7002,0,REST
5058,19.7578125,-3.1454,3.062,-3.7618,1.4815,0,REST
5059,19.76171875,1.9495,-0.7375,0.5801,3.0847,0,REST
5060,19.765625,-3.5596,-0.6295,-5.1766,3.1202,0,REST
5061,19.76953125,-3.6926,-2.3879,-4.2733,2.2457,0,REST
5062,19.7734375,-1.0338,-5.5649,-0.8607,-2.8032,0,REST
5063,19.77734375,-4.1368,-4.6695,-3.0099,-1.8974,0,REST
5064,19.78125,-1.8346,-2.8373,-0.6243,-2.2653,0,REST
5065,19.78515625,-4.1529,-12.6877,-4.0489,-5.0575,0,REST
5066,19.7890625,-5.9879,-9.8632,-3.7432,-3.9627,0,REST
5067,19.79296875,-4.6152,-7.4097,-0.6396,-7.4793,0,REST
5068,19.796875,-3.8458,-8.4587,-2.8169,-7.3362,0,REST
5069,19.80078125,-2.4968,-5.7977,-3.029,-3.0335,0,REST
5070,19.8046875,-4.8883,-5.7436,1.1375,-4.5895,0,REST
5071,19.80859375,2.159,-5.7306,-0.2157,-5.73,0,REST
5072,19.8125,-0.5542,-2.4001,2.855,0.8314,0,REST
5073,19.81640625,2.074,3.7573,2.3994,-0.9188,0,REST
5074,19.8203125,6.2302,8.4235,3.0996,0.5827,0,REST
5075,19.82421875,1.7531,9.3068,4.4401,3.2612,0,REST
5076,19.828125,5.8593,6.8537,7.3448,4.262,0,REST
5077,19.83203125,8.8375,10.0138,3.1649,7.0732,0,REST
5078,19.8359375,9.7937,10.5182,5.0222,5.3314,0,REST
5079,19.83984375,3.6247,7.3841,8.9664,9.9475,0,REST
5080,19.84375,2.8839,6.3999,5.0299,13.2222,0,REST
5081,19.84765625,6.262,5.956,4.1589,5.6931,0,REST
5082,19.8515625,3.716,2.958,5.4532,6.7357,0,REST
5083,19.85546875,-1.0102,2.8267,-2.1639,4.836,0,REST
5084,19.859375,0.3621,4.2736,-3.247,1.7735,0,REST
5085,19.86328125,-5.6438,-3.8905,0.3544,3.9413,0,REST
5086,19.8671875,-5.7568,-6.0609,-5.9234,-1.6036,0,REST
5087,19.87109375,-5.4725,-7.3391,-5.7017,-6.2508,0,REST
5088,19.875,-7.3721,-6.3243,-7.2236,-5.7135,0,REST
5089,19.87890625,-9.5273,-10.9893,-10.4682,-3.9722,0,REST
5090,19.8828125,-11.7451,-12.766,-12.6718,-12.0074,0,REST
5091,19.88671875,-9.061,-9.4633,-11.1595,-15.2049,0,REST
5092,19.890625,-10.0809,-9.8498,-8.7335,-7.2051,0,REST
5093,19.89453125,-7.9066,-10.2498,-5.3701,-9.884,0,REST
5094,19.8984375,-4.947,-3.5284,-4.3848,-5.8492,0,REST
5095,19.90234375,-6.9734,-2.4942,0.4248,-6.9632,0,REST
5096,19.90625,2.5787,0.7973,0.6771,-3.9313,0,REST
5097,19.91015625,1.2852,2.7506,1.2643,2.7951,0,REST
5098,19.9140625,5.3696,7.8066,8.0544,5.6223,0,REST
5099,19.91796875,7.155,6.5449,8.0075,3.0954,0,REST
5100,19.921875,6.9667,9.1448,7.7351,10.125,0,REST
5101,19.92578125,11.4538,9.8696,11.844,13.0772,0,REST
5102,19.9296875,10.5816,13.6062,13.8102,12.7064,0,REST
5103,19.93359375,10.396,13.4921,11.942,15.3296,0,REST
5104,19.9375,10.5091,9.542,8.2676,9.93,0,REST
5105,19.94140625,10.0881,10.3866,8.6144,9.6911,0,REST
5106,19.9453125,8.1192,5.2457,5.6752,8.4027,0,REST
5107,19.94921875,1.2425,1.489,2.6815,4.1759,0,REST
5108,19.953125,2.9787,-1.5319,-5.9442,2.2947,0,REST
5109,19.95703125,-3.7391,-2.3413,-2.4379,-2.1686,0,REST
5110,19.9609375,-5.6867,-8.3604,-6.573,-9.4549,0,REST
5111,19.96484375,-7.3691,-7.8515,-10.9264,-8.8884,0,REST
5112,19.96875,-9.7032,-9.4136,-13.1814,-8.6972,0,REST
5113,19.97265625,-12.5778,-14.013,-10.7233,-10.0955,0,REST
5114,19.9765625,-13.5446,-13.8678,-14.3696,-16.0265,0,REST
5115,19.98046875,-12.064,-14.0841,-9.793,-11.3021,0,REST
5116,19.984375,-11.936,-10.7288,-8.276,-13.3641,0,REST
5117,19.98828125,-12.1182,-12.8979,-10.5291,-11.9067,0,REST
5118,19.9921875,-5.5072,-9.8361,-10.0149,-3.1062,0,REST
5119,19.99609375,-3.4925,-3.0898,-2.4164,-0.4139,0,REST
5120,20.0,0.8542,3.1426,-1.0607,-1.0981,0,REST
5121,20.00390625,5.0042,3.6537,0.8214,0.0064,0,REST
5122,20.0078125,2.7871,6.6097,7.3124,5.8442,0,REST
5123,20.01171875,11.4245,8.9095,9.0966,11.6035,0,REST
5124,20.015625,8.9009,11.6571,11.0464,7.9696,0,REST
5125,20.01953125,11.4237,12.3877,16.8271,10.9256,0,REST
5126,20.0234375,14.4902,15.3664,11.1717,15.361,0,REST
5127,20.02734375,13.7993,8.6081,12.0516,7.7353,0,REST
5128,20.03125,10.7589,11.614,14.7004,10.4095,0,REST
5129,20.03515625,6.6723,10.4628,8.8689,8.4441,0,REST
5130,20.0390625,5.8576,6.5426,7.528,4.2165,0,REST
5131,20.04296875,4.2343,2.2144,4.9414,-2.1385,0,REST
5132,20.046875,-1.1269,-0.694,-0.0337,-1.6619,0,REST
5133,20.05078125,-5.0474,-4.04,-6.7506,-6.2864,0,REST
5134,20.0546875,-6.634,-5.3079,-5.1964,-8.5481,0,REST
5135,20.05859375,-8.1274,-7.6761,-7.6768,-8.4494,0,REST
5136,20.0625,-15.1389,-8.8363,-10.0372,-11.1901,0,REST
5137,20.06640625,-12.1577,-10.6721,-11.6701,-14.5287,0,REST
5138,20.0703125,-11.5882,-14.1088,-9.5554,-14.6463,0,REST
5139,20.07421875,-12.02,-12.3186,-8.0937,-12.5253,0,REST
5140,20.078125,-8.6863,-13.9473,-11.824,-9.9137,0,REST
5141,20.08203125,-6.1303,-10.1117,-8.5957,-6.9898,0,REST
5142,20.0859375,-7.6525,-4.4063,-5.888,-2.1445,0,REST
5143,20.08984375,-0.8755,-7.5545,-6.3891,0.5949,0,REST
5144,20.09375,1.11,-3.0604,0.2685,2.7792,0,REST
5145,20.09765625,4.2443,3.7279,0.9538,3.2514,0,REST
5146,20.1015625,7.752,2.4918,2.8576,6.7004,0,REST
5147,20.10546875,4.5783,8.8716,7.3634,9.2398,0,REST
5148,20.109375,7.2738,14.7069,8.5816,9.9645,0,REST
5149,20.11328125,11.7025,11.5424,7.1383,12.3336,0,REST
5150,20.1171875,7.3388,9.5862,8.2066,8.2385,0,REST
5151,20.12109375,8.5716,11.3048,9.6092,9.7233,0,REST
5152,20.125,8.7143,14.9271,6.0209,8.8158,0,REST
5153,20.12890625,7.0803,6.5386,5.0612,4.5881,0,REST
5154,20.1328125,6.1125,5.4907,7.2963,2.4232,0,REST
5155,20.13671875,3.5847,3.4169,0.2565,0.8217,0,REST
5156,20.140625,0.5118,2.4385,0.6637,-1.0164,0,REST
5157,20.14453125,-0.4212,-4.7697,0.3398,-3.4321,0,REST
5158,20.1484375,-5.093,-5.9198,-1.8628,-9.0887,0,REST
5159,20.15234375,-3.8576,-8.1996,-5.1341,-11.6918,0,REST
5160,20.15625,-5.1489,-8.2981,-4.842,-12.4148,0,REST
5161,20.16015625,-9.4015,-8.7452,-6.8206,-11.3814,0,REST
5162,20.1640625,-4.4619,-9.1768,-6.2632,-10.4575,0,REST
5163,20.16796875,-4.785,-8.7148,-7.5557,-6.599,0,REST
5164,20.171875,-7.4885,-8.7818,-5.0768,-5.3608,0,REST
5165,20.17578125,-7.204,-6.7506,-5.7498,-4.3388,0,REST
5166,20.1796875,-4.5648,-5.7687,-3.4131,1.1146,0,REST
5167,20.18359375,-1.9536,-1.9983,-3.5457,5.5671,0,REST
5168,20.1875,2.3835,-0.3997,0.2505,3.3993,0,REST
5169,20.19140625,-1.9021,4.3186,-2.3115,3.369,0,REST
5170,20.1953125,-0.3538,5.6737,-1.1213,4.6464,0,REST
5171,20.19921875,2.9572,5.3957,3.3668,6.8424,0,REST
5172,20.203125,7.5838,9.7206,-0.2779,9.1014,0,REST
5173,20.20703125,6.4945,3.7503,4.8626,6.2454,0,REST
5174,20.2109375,7.7245,5.8292,5.2371,6.6541,0,REST
5175,20.21484375,4.9983,9.537,6.8338,3.915,0,REST
5176,20.21875,6.7994,7.4751,3.1178,2.8916,0,REST
5177,20.22265625,2.8014,4.5937,3.5815,5.7926,0,REST
5178,20.2265625,5.3575,7.4157,2.2353,-2.0071,0,REST
5179,20.23046875,1.9367,2.534,6.6288,0.9034,0,REST
5180,20.234375,-0.4452,0.8391,0.6344,-0.5561,0,REST
5181,20.23828125,0.3829,-0.0141,3.3461,-3.038,0,REST
5182,20.2421875,2.0981,-0.4202,6.805,-2.3152,0,REST
5183,20.24609375,0.6989,-2.5761,2.357,-2.8598,0,REST
5184,20.25,-1.7454,-8.0681,-1.2477,-2.5175,0,REST
5185,20.25390625,-1.3692,-6.5118,-0.006,-5.6678,0,REST
5186,20.2578125,-0.3121,-11.5434,0.1319,-2.7777,0,REST
5187,20.26171875,-2.5631,-6.8471,-1.7907,-3.4626,0,REST
5188,20.265625,-4.5771,-8.4011,-0.182,-2.5902,0,REST
5189,20.26953125,-2.9815,-7.5389,-2.2359,-1.2815,0,REST
5190,20.2734375,0.0648,-3.344,-1.5394,0.0265,0,REST
5191,20.27734375,0.7411,-5.2816,-3.7813,-0.0507,0,REST
5192,20.28125,-7.5596,-0.2307,-4.4222,1.4455,0,REST
5193,20.28515625,-0.8233,-2.0184,-4.1168,-1.8233,0,REST
5194,20.2890625,-5.4609,-0.2429,-7.1964,-0.9066,0,REST
5195,20.29296875,-4.8615,-1.1569,-4.6342,1.1352,0,REST
5196,20.296875,-2.8037,4.036,-2.8098,2.9822,0,REST
5197,20.30078125,-0.1179,7.4006,-7.8696,2.7504,0,REST
5198,20.3046875,-0.0956,3.8324,-4.8125,2.7392,0,REST
5199,20.30859375,-0.0461,3.8181,-0.1833,6.5794,0,REST
5200,20.3125,0.6062,6.1278,-2.9494,0.4862,0,REST
5201,20.31640625,3.4102,2.8892,-1.0703,3.8731,0,REST
5202,20.3203125,4.9004,4.7995,5.6253,0.9469,0,REST
5203,20.32421875,6.9624,4.669,4.3397,1.142,0,REST
5204,20.328125,7.875,-2.143,3.6457,2.3252,0,REST
5205,20.33203125,9.2595,-0.2977,5.7877,2.4581,0,REST
5206,20.3359375,6.4865,2.1581,7.8275,0.4232,0,REST
5207,20.33984375,7.4064,-0.7678,7.2301,2.7955,0,REST
5208,20.34375,3.303,-2.179,7.3891,0.1257,0,REST
5209,20.34765625,2.0192,-2.8912,3.8197,1.4171,0,REST
5210,20.3515625,3.8456,-3.1762,6.2801,-1.9176,0,REST
5211,20.35546875,2.0906,-7.1831,4.1831,0.0366,0,REST
5212,20.359375,2.1616,-1.9076,4.3856,-5.112,0,REST
5213,20.36328125,1.1098,-4.2176,3.4036,-2.8682,0,REST
5214,20.3671875,-2.6358,-5.5192,-1.4226,-8.0321,0,REST
5215,20.37109375,-6.761,-2.0974,-0.3766,-5.1685,0,REST
5216,20.375,-7.5993,-4.2357,-5.6181,-6.4186,0,REST
5217,20.37890625,-5.9026,-2.1086,-8.3613,-6.1463,0,REST
5218,20.3828125,-9.9002,-0.9595,-9.1958,-4.9284,0,REST
5219,20.38671875,-9.8888,-2.6284,-8.0652,-4.5423,0,REST
5220,20.390625,-9.3354,-0.5577,-11.9169,1.0021,0,REST
5221,20.39453125,-4.3919,1.4054,-9.3694,2.2894,0,REST
5222,20.3984375,-6.8138,2.0598,-6.5348,-0.0541,0,REST
5223,20.40234375,-6.312,0.2928,-6.2111,1.8457,0,REST
5224,20.40625,-0.7679,2.7997,-7.1496,7.7719,0,REST
5225,20.41015625,-2.5336,3.389,-4.4623,10.6017,0,REST
5226,20.4140625,1.9744,3.3047,4.921,7.9225,0,REST
5227,20.41796875,7.3105,4.1056,3.8914,5.3229,0,REST
5228,20.421875,10.3076,3.9301,4.6362,8.3772,0,REST
5229,20.42578125,15.2972,3.7695,6.4504,7.0262,0,REST
5230,20.4296875,12.7819,2.2679,8.3617,4.4387,0,REST
5231,20.43359375,16.8647,5.6028,16.1423,-1.7265,0,REST
5232,20.4375,9.495,3.2349,14.7157,-0.5615,0,REST
5233,20.44140625,8.5005,1.5354,12.852,-1.7447,0,REST
5234,20.4453125,7.0251,0.7065,6.3212,-3.5578,0,REST
5235,20.44921875,2.8008,0.4723,7.4854,-11.1279,0,REST
5236,20.453125,-1.4881,0.5788,4.0828,-6.803,0,REST
5237,20.45703125,-3.6408,-2.3273,1.5442,-8.1415,0,REST
5238,20.4609375,-7.1794,-6.9536,2.7872,-11.787,0,REST
5239,20.46484375,-10.9322,-3.4379,-1.6788,-8.0902,0,REST
5240,20.46875,-9.0262,-3.3177,-5.0581,-6.4704,0,REST
5241,20.47265625,-12.7088,-6.3966,-9.8534,-6.3984,0,REST
5242,20.4765625,-11.6298,-8.1062,-12.5659,-8.468,0,REST
5243,20.48046875,-11.2907,-3.343,-14.0565,-3.1832,0,REST
5244,20.484375,-9.6915,-6.1699,-13.0863,1.4085,0,REST
5245,20.48828125,-9.7638,-1.8056,-12.1167,4.041,0,REST
5246,20.4921875,-6.5848,-4.8292,-10.8875,6.2428,0,REST
5247,20.49609375,-4.3844,3.8542,-11.8274,8.7204,0,REST
5248,20.5,-1.972,-1.4239,-7.9336,13.5914,0,REST
5249,20.50390625,5.064,2.0113,-2.0294,12.2034,0,REST
5250,20.5078125,6.9215,1.7666,-5.4375,14.2134,0,REST
5251,20.51171875,6.77,7.1998,0.7312,9.1463,0,REST
5252,20.515625,11.5689,4.7548,1.1182,9.8954,0,REST
5253,20.51953125,11.6816,7.6991,9.016,8.8901,0,REST
5254,20.5234375,15.4408,6.5204,9.1905,5.3897,0,REST
5255,20.52734375,11.8077,5.4293,10.4869,2.0285,0,REST
5256,20.53125,12.461,3.5337,13.5669,-4.155,0,REST
5257,20.53515625,7.4075,7.5425,7.6546,-6.4482,0,REST
5258,20.5390625,7.4884,3.1223,13.994,-7.9647,0,REST
5259,20.54296875,1.2465,2.9965,9.2545,-9.6445,0,REST
5260,20.546875,-0.3157,2.0395,6.2321,-8.5737,0,REST
5261,20.55078125,0.6334,-0.7651,8.0174,-15.2073,0,REST
5262,20.5546875,-6.5724,-4.6461,-3.0285,-12.4932,0,REST
5263,20.55859375,-10.0124,-7.4398,-1.418,-8.6958,0,REST
5264,20.5625,-8.8292,-5.5924,-2.1098,-7.26,0,REST
5265,20.56640625,-14.779,-7.7973,-6.7295,-5.027,0,REST
5266,20.5703125,-14.331,-5.0446,-12.7552,-4.4972,0,REST
5267,20.57421875,-10.2239,-8.2849,-8.723,4.4224,0,REST
5268,20.578125,-10.3609,-10.9322,-8.3922,7.2408,0,REST
5269,20.58203125,-8.8412,-7.3807,-12.6242,7.075,0,REST
5270,20.5859375,-6.444,-4.1473,-13.2333,9.0296,0,REST
5271,20.58984375,-1.9714,-4.2285,-8.2269,14.2938,0,REST
5272,20.59375,1.1868,-1.3167,-7.0904,14.3827,0,REST
5273,20.59765625,-0.2553,4.015,-2.9865,14.7872,0,REST
5274,20.6015625,5.1445,3.9258,-5.5014,9.7911,0,REST
5275,20.60546875,6.6595,3.784,1.7244,8.0954,0,REST
5276,20.609375,4.7872,9.0626,-0.1599,6.1131,0,REST
5277,20.61328125,10.9347,9.8832,7.0336,4.725,0,REST
5278,20.6171875,10.1971,9.001,5.724,-0.2308,0,REST
5279,20.62109375,7.0918,13.3224,6.9891,-0.7148,0,REST
5280,20.625,7.6038,8.4016,9.2129,-10.4219,0,REST
5281,20.62890625,4.2298,9.656,9.0615,-11.6977,0,REST
5282,20.6328125,3.2085,5.2557,6.8308,-10.6153,0,REST
5283,20.63671875,2.3203,6.4183,5.1221,-11.3801,0,REST
5284,20.640625,-0.6034,0.8472,4.215,-12.1981,0,REST
5285,20.64453125,-5.0283,-2.6734,1.5988,-12.2721,0,REST
5286,20.6484375,-6.566,-4.6204,0.266,-9.048,0,REST
5287,20.65234375,-4.7519,-7.2068,1.2745,-5.0945,0,REST
5288,20.65625,-10.6032,-6.5654,-0.0003,-5.1968,0,REST
5289,20.66015625,-4.1351,-12.8183,-3.199,-4.018,0,REST
5290,20.6640625,-9.511,-10.223,-7.9493,4.0579,0,REST
5291,20.66796875,-8.9055,-12.612,-2.4317,5.1962,0,REST
5292,20.671875,-9.4592,-11.6637,-5.8482,9.3984,0,REST
5293,20.67578125,-6.1803,-11.2232,-6.0438,10.1024,0,REST
5294,20.6796875,-5.6286,-11.8153,-6.3969,8.8023,0,REST
5295,20.68359375,-5.0324,-5.012,-6.655,10.3795,0,REST
5296,20.6875,-3.1773,-3.0731,-9.7446,14.1894,0,REST
5297,20.69140625,-0.0207,5.2662,-3.0514,8.4321,0,REST
5298,20.6953125,3.6426,5.4084,1.4315,11.0647,0,REST
5299,20.69921875,2.8126,8.5282,1.9226,6.8293,0,REST
5300,20.703125,0.3511,9.067,-1.5076,2.9019,0,REST
5301,20.70703125,2.9855,12.5358,1.2086,-0.8519,0,REST
5302,20.7109375,1.7395,12.9738,3.9495,-1.7519,0,REST
5303,20.71484375,3.8831,10.9783,-0.8607,-2.6545,0,REST
5304,20.71875,5.0645,13.0019,3.5207,-5.35,0,REST
5305,20.72265625,0.1994,12.9368,1.5577,-6.6602,0,REST
5306,20.7265625,3.594,7.7825,1.9508,-10.2752,0,REST
5307,20.73046875,2.3364,4.3775,3.9749,-9.791,0,REST
5308,20.734375,0.3405,3.8474,2.921,-9.8917,0,REST
5309,20.73828125,0.1979,-0.2536,0.3273,-8.7547,0,REST
5310,20.7421875,4.1024,-7.522,0.8476,-4.2603,0,REST
5311,20.74609375,-0.0637,-6.2103,5.5267,-2.2648,0,REST
5312,20.75,-2.086,-13.0598,2.3866,-2.2752,0,REST
5313,20.75390625,4.3802,-12.1285,1.7156,3.7444,0,REST
5314,20.7578125,-4.1534,-10.502,0.5371,4.9721,0,REST
5315,20.76171875,-2.7153,-12.7445,3.9656,7.9395,0,REST
5316,20.765625,-6.4534,-10.3458,3.3748,4.7495,0,REST
5317,20.76953125,-6.4371,-11.9507,-2.8238,8.1291,0,REST
5318,20.7734375,-5.0382,-9.773,0.1074,7.6228,0,REST
5319,20.77734375,-4.4412,-3.341,-2.0356,4.81,0,REST
5320,20.78125,-5.6237,-2.1077,-1.2584,9.0258,0,REST
5321,20.78515625,-4.2214,-1.5066,-4.2393,8.0727,0,REST
5322,20.7890625,-3.1851,3.6751,0.2106,3.3726,0,REST
5323,20.79296875,-6.0941,4.1989,-6.2346,0.9399,0,REST
5324,20.796875,-5.7434,12.259,-4.9416,1.8649,0,REST
5325,20.80078125,-8.1704,9.0031,-2.1741,0.927,0,REST
5326,20.8046875,-1.9669,12.7219,-4.4548,-2.1036,0,REST
5327,20.80859375,0.6546,11.9316,-6.8404,-1.5017,0,REST
5328,20.8125,2.343,13.5446,-4.0992,0.3226,0,REST
5329,20.81640625,3.1731,10.4784,-0.5106,-4.9308,0,REST
5330,20.8203125,3.0064,11.0917,-2.5557,-5.6159,0,REST
5331,20.82421875,7.8751,5.3899,1.1231,-3.3249,0,REST
5332,20.828125,2.2252,1.5431,1.5745,-4.9138,0,REST
5333,20.83203125,8.6909,-2.3933,3.6755,-7.2283,0,REST
5334,20.8359375,6.1375,-4.1583,1.7715,-4.9969,0,REST
5335,20.83984375,10.9803,-5.5324,3.4893,-0.4354,0,REST
5336,20.84375,8.2083,-6.2761,4.3241,0.1027,0,REST
5337,20.84765625,1.877,-7.2378,7.9535,-1.0775,0,REST
5338,20.8515625,3.0086,-8.2014,8.5454,1.6802,0,REST
5339,20.85546875,0.3668,-13.7843,6.7296,-1.2845,0,REST
5340,20.859375,-1.0871,-10.4878,8.5109,3.3564,0,REST
5341,20.86328125,-0.4532,-9.7243,6.0558,3.5487,0,REST
5342,20.8671875,-5.0814,-4.9974,6.5278,3.5196,0,REST
5343,20.87109375,-5.6975,-5.6568,2.8805,5.1183,0,REST
5344,20.875,-4.1953,1.0919,0.4513,2.4091,0,REST
5345,20.87890625,-8.9788,1.7191,1.6817,2.3377,0,REST
5346,20.8828125,-9.4277,-0.0071,-1.8093,-0.0047,0,REST
5347,20.88671875,-12.1192,4.2388,-7.3413,4.5356,0,REST
5348,20.890625,-11.3241,12.2633,-9.326,5.276,0,REST
5349,20.89453125,-2.9043,10.9632,-6.2458,3.705,0,REST
5350,20.8984375,-4.6916,15.162,-11.7234,3.0568,0,REST
5351,20.90234375,-5.0888,12.9706,-7.8354,4.6365,0,REST
5352,20.90625,2.1427,8.897,-9.3881,2.755,0,REST
5353,20.91015625,2.5359,12.2977,-7.7875,1.8483,0,REST
5354,20.9140625,9.632,8.2826,-4.4521,-0.4026,0,REST
5355,20.91796875,10.7915,4.0159,-2.7954,-3.5291,0,REST
5356,20.921875,11.5888,1.6627,-2.2837,-4.2926,0,REST
5357,20.92578125,11.7161,-0.5601,1.9411,-2.7156,0,REST
5358,20.9296875,12.8807,-5.4123,3.3034,-0.3658,0,REST
5359,20.93359375,14.8456,-5.1527,4.0544,-4.0368,0,REST
5360,20.9375,15.7587,-7.1941,8.4969,-1.05,0,REST
5361,20.94140625,8.9486,-9.1538,10.6583,-7.7036,0,REST
5362,20.9453125,7.4699,-9.4741,12.3668,-2.6526,0,REST
5363,20.94921875,3.3003,-8.2605,12.6693,-4.5094,0,REST
5364,20.953125,1.354,-8.8249,13.9956,-1.8129,0,REST
5365,20.95703125,-5.0075,-6.1775,10.7145,-0.6519,0,REST
5366,20.9609375,-4.3101,-8.0175,8.4634,-1.1721,0,REST
5367,20.96484375,-9.9195,-5.4143,7.2561,-0.9563,0,REST
5368,20.96875,-8.791,-0.5063,6.8134,1.4352,0,REST
5369,20.97265625,-14.2942,1.0589,0.2695,1.2173,0,REST
5370,20.9765625,-15.5084,1.9473,-3.5855,3.9902,0,REST
5371,20.98046875,-10.2471,3.1473,-9.694,5.8597,0,REST
5372,20.984375,-13.5611,5.8568,-5.9762,11.6048,0,REST
5373,20.98828125,-8.32,9.923,-11.256,4.6676,0,REST
5374,20.9921875,-5.005,5.3472,-13.6827,8.3284,0,REST
5375,20.99609375,-3.5868,7.4163,-9.1682,4.3155,0,REST
5376,21.0,0.2443,6.8837,-10.4891,6.0351,0,REST
5377,21.00390625,6.4786,8.3671,-12.6058,3.9849,0,REST
5378,21.0078125,7.1111,5.8555,-8.9638,1.6022,0,REST
5379,21.01171875,8.7078,7.5696,-2.3285,0.0079,0,REST
5380,21.015625,11.541,-1.2581,-0.4847,-3.9727,0,REST
5381,21.01953125,11.4855,0.5804,4.3592,-5.964,0,REST
5382,21.0234375,12.2624,-0.0448,0.8925,-7.019,0,REST
5383,21.02734375,12.8959,-2.749,9.4942,-4.5024,0,REST
5384,21.03125,9.0613,-8.3572,8.7462,-10.0168,0,REST
5385,21.03515625,10.3281,-8.1005,5.8754,-8.8506,0,REST
5386,21.0390625,5.5716,-4.472,14.2505,-11.9468,0,REST
5387,21.04296875,4.6293,-3.9812,13.5079,-7.3212,0,REST
5388,21.046875,2.101,-4.1775,8.3594,-5.1713,0,REST
5389,21.05078125,1.1498,-6.2961,13.2541,-2.8548,0,REST
5390,21.0546875,-5.8486,-3.6702,7.9273,-2.7033,0,REST
5391,21.05859375,-6.0251,-3.6278,3.5298,4.731,0,REST
5392,21.0625,-8.0406,-1.6686,-0.5641,6.9748,0,REST
5393,21.06640625,-13.0365,-3.3609,0.4679,11.0545,0,REST
5394,21.0703125,-10.6317,0.3944,-0.9212,10.4647,0,REST
5395,21.07421875,-9.5318,3.8674,-6.0426,11.9159,0,REST
5396,21.078125,-9.0544,1.3149,-6.4911,11.3799,0,REST
5397,21.08203125,-8.1117,1.3349,-13.0955,11.6479,0,REST
5398,21.0859375,-6.1015,3.9507,-7.5313,12.066,0,REST
5399,21.08984375,-3.895,2.561,-11.1792,9.6075,0,REST
5400,21.09375,-0.7985,0.9227,-9.2856,4.067,0,REST
5401,21.09765625,3.0095,2.4638,-7.7869,4.0822,0,REST
5402,21.1015625,5.7357,3.8464,-4.7901,-2.5052,0,REST
5403,21.10546875,4.843,5.3826,-4.4582,-0.683,0,REST
5404,21.109375,6.3624,-3.6162,-2.4836,-6.5,0,REST
5405,21.11328125,10.3325,2.9223,2.0987,-12.9948,0,REST
5406,21.1171875,4.7503,1.6501,5.8126,-12.8098,0,REST
5407,21.12109375,13.9366,0.3417,2.3815,-11.4477,0,REST
5408,21.125,6.0988,-1.8574,4.7243,-13.4768,0,REST
5409,21.12890625,7.7052,-0.4821,8.4277,-12.6348,0,REST
5410,21.1328125,6.3539,1.3047,9.3402,-7.8003,0,REST
5411,21.13671875,-0.5889,-1.1188,7.2041,-9.3764,0,REST
5412,21.140625,-0.5232,-0.5587,8.0434,1.5989,0,REST
5413,21.14453125,-1.1101,-3.8435,9.9197,0.9927,0,REST
5414,21.1484375,-1.7141,-4.07,8.6474,2.0992,0,REST
5415,21.15234375,-6.0092,-2.5442,4.6744,2.6635,0,REST
5416,21.15625,-6.3248,-4.9732,2.7952,7.7813,0,REST
5417,21.16015625,-6.8754,-1.268,5.3366,13.2721,0,REST
5418,21.1640625,-5.6912,-1.3061,-0.1854,15.0531,0,REST
5419,21.16796875,-1.2499,0.0692,-1.0392,13.6195,0,REST
5420,21.171875,-5.6461,-0.598,-2.159,12.1703,0,REST
5421,21.17578125,-1.496,-1.5277,-3.1535,9.9919,0,REST
5422,21.1796875,-2.4402,-3.5247,-2.0822,7.109,0,REST
5423,21.18359375,-1.6122,-1.8142,-3.3405,2.5798,0,REST
5424,21.1875,-2.8326,-0.0091,-7.7977,0.1231,0,REST
5425,21.19140625,2.1467,-0.4332,-2.9513,0.8977,0,REST
5426,21.1953125,5.9577,1.9721,-3.2307,-6.2642,0,REST
5427,21.19921875,4.734,3.6124,-0.5877,-5.8636,0,REST
5428,21.203125,6.505,7.3069,-1.1457,-10.5452,0,REST
5429,21.20703125,3.7618,4.4666,-0.4216,-11.2011,0,REST
5430,21.2109375,4.1565,5.3539,-2.0943,-12.0743,0,REST
5431,21.21484375,2.1702,4.5954,3.1739,-13.8109,0,REST
5432,21.21875,3.0707,3.7985,-2.0201,-11.6794,0,REST
5433,21.22265625,2.4217,5.8625,3.141,-6.5319,0,REST
5434,21.2265625,1.8855,2.0099,3.2156,-5.0566,0,REST
5435,21.23046875,0.1543,3.2084,2.1985,-4.4944,0,REST
5436,21.234375,0.1687,0.9714,1.5008,2.8229,0,REST
5437,21.23828125,-1.2026,-2.7275,2.1712,2.1271,0,REST
5438,21.2421875,-0.5427,-0.066,1.0552,2.5024,0,REST
5439,21.24609375,1.0071,-2.5914,4.2896,5.5894,0,REST
5440,21.25,-2.3702,-6.2008,2.3702,13.9074,0,REST
5441,21.25390625,2.3307,-7.2013,6.6236,9.0822,0,REST
5442,21.2578125,-2.248,-5.9431,1.681,12.0502,0,REST
5443,21.26171875,-4.1034,-5.4162,3.4488,10.2102,0,REST
5444,21.265625,-2.6763,-3.7601,0.1095,10.2068,0,REST
5445,21.26953125,0.9109,-8.5276,4.4022,8.5635,0,REST
5446,21.2734375,-1.678,-2.7769,-1.2028,6.993,0,REST
5447,21.27734375,0.4845,-2.4604,4.1818,3.4208,0,REST
5448,21.28125,-3.1969,0.6498,-3.9015,-2.3972,0,REST
5449,21.28515625,-3.3391,0.3959,3.9117,-4.0121,0,REST
5450,21.2890625,-3.2258,3.5201,-0.0842,-7.4713,0,REST
5451,21.29296875,-2.7812,5.5868,-4.3304,-5.2908,0,REST
5452,21.296875,-4.8765,5.2964,-4.9504,-10.1087,0,REST
5453,21.30078125,0.5015,4.6875,-3.1501,-9.4805,0,REST
5454,21.3046875,-3.8082,5.6878,-10.5382,-7.5696,0,REST
5455,21.30859375,-2.393,7.6634,-5.7261,-8.4317,0,REST
5456,21.3125,-0.4291,4.9748,-5.0973,-6.0968,0,REST
5457,21.31640625,2.0403,5.9376,-3.7875,-5.9609,0,REST
5458,21.3203125,5.199,6.725,-5.4082,-0.7206,0,REST
5459,21.32421875,5.7283,4.3102,-5.9687,-1.4544,0,REST
5460,21.328125,5.7532,3.9392,-5.0661,3.5717,0,REST
5461,21.33203125,6.2123,2.0397,-2.9449,3.5738,0,REST
5462,21.3359375,7.5895,0.0496,-1.2697,5.9169,0,REST
5463,21.33984375,4.6403,-5.5911,3.8542,8.6313,0,REST
5464,21.34375,3.1789,-7.8281,3.7874,9.5173,0,REST
5465,21.34765625,7.4412,-9.5499,5.3921,7.1246,0,REST
5466,21.3515625,1.0951,-8.8404,6.1192,3.868,0,REST
5467,21.35546875,2.4536,-8.0397,7.4664,8.2257,0,REST
5468,21.359375,-1.8045,-11.9959,8.1252,9.034,0,REST
5469,21.36328125,-3.2433,-8.4331,7.7288,2.3819,0,REST
5470,21.3671875,-4.4669,-6.2094,7.2387,2.3029,0,REST
5471,21.37109375,-6.1062,-7.2538,7.0071,-1.2562,0,REST
5472,21.375,-8.5795,-2.7872,6.3621,-0.5826,0,REST
5473,21.37890625,-9.2297,-0.4309,4.1545,-0.0443,0,REST
5474,21.3828125,-11.4248,3.628,1.8584,-6.3043,0,REST
5475,21.38671875,-10.9156,0.6187,0.1191,-7.4366,0,REST
5476,21.390625,-8.6438,9.6814,-4.7863,-4.4503,0,REST
5477,21.39453125,-6.6725,7.9835,-3.0401,-10.0575,0,REST
5478,21.3984375,-2.8551,9.3599,-3.8781,-5.0059,0,REST
5479,21.40234375,-2.2261,12.6493,-11.2504,-6.8814,0,REST
5480,21.40625,1.1628,12.9846,-9.2103,-2.8422,0,REST
5481,21.41015625,3.0708,12.2247,-11.7403,-1.5152,0,REST
5482,21.4140625,5.4328,11.6996,-7.7761,-5.299,0,REST
5483,21.41796875,9.1859,4.0288,-5.6173,-4.3047,0,REST
5484,21.421875,10.7734,3.1611,-6.9715,0.4293,0,REST
5485,21.42578125,10.0514,3.0794,-7.4877,4.9839,0,REST
5486,21.4296875,9.2655,-2.3757,-1.1541,-0.0645,0,REST
5487,21.43359375,14.6019,-7.4543,3.4564,3.8657,0,REST
5488,21.4375,10.2877,-3.6642,3.84,3.751,0,REST
5489,21.44140625,8.8515,-10.2227,5.3508,3.5459,0,REST
5490,21.4453125,8.5289,-8.0975,7.2106,3.1023,0,REST
5491,21.44921875,0.2039,-12.6745,9.4423,3.9327,0,REST
5492,21.453125,0.084,-15.1359,11.4592,1.9512,0,REST
5493,21.45703125,-6.6315,-13.5706,15.0439,2.7754,0,REST
5494,21.4609375,-6.5999,-8.0666,11.2525,0.5786,0,REST
5495,21.46484375,-10.1369,-6.4482,8.8689,2.2362,0,REST
5496,21.46875,-8.0062,-7.6252,12.8825,-0.1132,0,REST
5497,21.47265625,-12.2608,-1.1145,8.576,2.5271,0,REST
5498,21.4765625,-11.2727,1.4432,2.7489,-0.126,0,REST
5499,21.48046875,-14.0267,5.1873,-1.1336,-1.0466,0,REST
5500,21.484375,-7.1632,9.5503,-4.2278,1.0693,0,REST
5501,21.48828125,-9.4951,11.9959,-4.4829,-4.8066,0,REST
5502,21.4921875,-4.7896,9.1188,-10.9209,-5.0704,0,REST
5503,21.49609375,-5.7809,12.208,-9.4091,-6.0451,0,REST
5504,21.5,-0.5303,13.0871,-11.7038,-2.7564,0,REST
5505,21.50390625,1.9753,5.8979,-13.2356,-3.4068,0,REST
5506,21.5078125,4.9415,13.7509,-10.6592,-7.244,0,REST
5507,21.51171875,11.3159,7.066,-11.0674,-4.0627,0,REST
5508,21.515625,12.507,3.1188,-6.0812,-3.7286,0,REST
5509,21.51953125,13.5889,-0.6182,-5.2339,-5.7497,0,REST
5510,21.5234375,11.8072,-0.1978,-4.1831,-3.1969,0,REST
5511,21.52734375,15.9995,-7.5718,1.2112,-3.0535,0,REST
5512,21.53125,11.7773,-7.416,2.8932,-0.3346,0,REST
5513,21.53515625,7.8701,-14.0801,6.5967,-0.008,0,REST
5514,21.5390625,8.1022,-15.3702,7.7142,-1.5196,0,REST
5515,21.54296875,-0.1256,-12.7734,10.6135,2.5081,0,REST
5516,21.546875,1.5403,-11.0358,9.6819,1.9747,0,REST
5517,21.55078125,-5.7572,-13.3984,9.7304,4.3472,0,REST
5518,21.5546875,-5.3437,-8.7894,10.7084,7.9344,0,REST
5519,21.55859375,-10.4616,-4.2628,12.4183,9.9392,0,REST
5520,21.5625,-9.99,-2.5898,8.3776,7.5362,0,REST
5521,21.56640625,-10.9278,-0.8915,8.9418,5.4922,0,REST
5522,21.5703125,-14.8844,0.2191,4.3531,4.476,0,REST
5523,21.57421875,-13.6224,5.456,-2.8243,-1.0749,0,REST
5524,21.578125,-8.5409,7.1005,-0.2846,0.2504,0,REST
5525,21.58203125,-9.192,12.1871,-3.2819,0.3831,0,REST
5526,21.5859375,-1.927,13.8587,-6.8763,-0.7913,0,REST
5527,21.58984375,-2.4685,12.2975,-9.9842,-7.4919,0,REST
5528,21.59375,0.6113,13.1167,-8.6238,-3.9508,0,REST
5529,21.59765625,6.4461,10.5144,-10.5442,-7.9706,0,REST
5530,21.6015625,3.2356,7.9292,-12.7906,-12.8252,0,REST
5531,21.60546875,8.7637,6.8127,-12.1194,-7.1047,0,REST
5532,21.609375,8.5576,3.6995,-9.8568,-9.0253,0,REST
5533,21.61328125,10.7224,-0.0876,-5.1965,-10.3341,0,REST
5534,21.6171875,8.6015,-0.2935,-4.6277,-3.3907,0,REST
5535,21.62109375,10.9582,-8.2711,-4.3493,-6.6843,0,REST
5536,21.625,12.545,-5.5458,-0.9773,-4.6678,0,REST
5537,21.62890625,3.0793,-7.6877,0.8124,0.4514,0,REST
5538,21.6328125,5.7164,-14.2523,3.5898,5.9274,0,REST
5539,21.63671875,2.0903,-10.2852,9.954,4.752,0,REST
5540,21.640625,-1.7949,-12.9028,7.3734,8.0303,0,REST
5541,21.64453125,-2.6504,-9.8139,6.9518,9.0078,0,REST
5542,21.6484375,-4.0275,-9.5503,8.7424,10.2939,0,REST
5543,21.65234375,-6.1895,-4.6582,6.7595,9.7415,0,REST
5544,21.65625,-2.9661,-2.2898,4.7411,9.6186,0,REST
5545,21.66015625,-7.3357,-0.503,6.9658,8.6513,0,REST
5546,21.6640625,-7.5249,2.773,3.2118,7.143,0,REST
5547,21.66796875,-5.2686,8.2241,4.6456,3.1663,0,REST
5548,21.671875,-5.3164,11.4427,1.3815,2.1355,0,REST
5549,21.67578125,-1.9763,5.4405,-2.2337,0.2371,0,REST
5550,21.6796875,-1.1416,13.4347,-1.5574,-4.6788,0,REST
5551,21.68359375,-0.9411,7.9402,-3.8246,-5.9233,0,REST
5552,21.6875,-2.0027,10.8826,-2.7148,-12.9101,0,REST
5553,21.69140625,0.1619,8.8256,-5.0717,-14.3069,0,REST
5554,21.6953125,0.9138,5.2359,-5.9383,-8.934,0,REST
5555,21.69921875,2.7346,5.4835,-5.6957,-13.4911,0,REST
5556,21.703125,4.9293,3.7089,-2.5664,-11.0132,0,REST
5557,21.70703125,2.7927,-2.5661,-5.3512,-11.4231,0,REST
5558,21.7109375,3.4198,-1.7942,-2.0778,-5.7733,0,REST
5559,21.71484375,1.6806,-9.6313,-4.0718,-1.0738,0,REST
5560,21.71875,0.9876,-5.1168,-1.7329,-1.9409,0,REST
5561,21.72265625,5.5331,-6.7571,0.6154,3.5194,0,REST
5562,21.7265625,1.1425,-6.7174,-1.6036,8.3368,0,REST
5563,21.73046875,1.0637,-10.2392,1.6754,10.2042,0,REST
5564,21.734375,0.5043,-8.3853,2.8299,12.4842,0,REST
5565,21.73828125,0.0173,-7.5211,-3.1604,8.0397,0,REST
5566,21.7421875,-2.3834,-4.1492,1.6992,10.1906,0,REST
5567,21.74609375,-0.0814,-3.6041,1.6805,11.6354,0,REST
5568,21.75,1.2301,-3.4787,2.4382,8.4276,0,REST
5569,21.75390625,-3.1713,-0.318,2.2906,8.1855,0,REST
5570,21.7578125,3.9666,2.1737,4.1101,3.1049,0,REST
5571,21.76171875,-3.0492,2.1442,4.1992,2.4141,0,REST
5572,21.765625,0.1555,3.0648,2.0389,-0.1158,0,REST
5573,21.76953125,-2.2821,8.594,2.5984,-5.9925,0,REST
5574,21.7734375,-0.9602,5.4122,3.0984,-9.6073,0,REST
5575,21.77734375,-4.5068,6.9928,3.4052,-12.7555,0,REST
5576,21.78125,-3.0238,6.5821,3.6674,-10.7148,0,REST
5577,21.78515625,-0.4261,4.3081,0.7836,-15.4676,0,REST
5578,21.7890625,-4.1326,2.9382,-1.6264,-9.7502,0,REST
5579,21.79296875,-3.1668,6.6986,0.8838,-10.4648,0,REST
5580,21.796875,-1.115,2.3424,-1.6374,-8.2585,0,REST
5581,21.80078125,-2.9931,0.6772,-3.415,-6.6322,0,REST
5582,21.8046875,-3.322,-0.3903,2.3865,-0.3229,0,REST
5583,21.80859375,-0.8945,-1.267,-1.6204,7.715,0,REST
5584,21.8125,-1.3092,-3.6957,-0.0709,2.629,0,REST
5585,21.81640625,4.6134,-3.3176,-5.0983,9.0288,0,REST
5586,21.8203125,2.0077,-5.887,-9.8823,9.8977,0,REST
5587,21.82421875,3.3414,-6.5165,-8.9736,9.4812,0,REST
5588,21.828125,6.6164,-4.6812,-4.9712,10.7211,0,REST
5589,21.83203125,9.7684,-4.4863,-8.8372,11.0737,0,REST
5590,21.8359375,5.3489,-4.751,-1.2657,9.2143,0,REST
5591,21.83984375,8.267,-3.7881,-5.1202,11.1647,0,REST
5592,21.84375,5.4917,-2.9252,-2.8284,4.1329,0,REST
5593,21.84765625,6.4212,1.6255,5.3462,1.2205,0,REST
5594,21.8515625,5.039,-1.9171,3.1748,-2.7071,0,REST
5595,21.85546875,3.3896,1.372,6.7608,-2.5228,0,REST
5596,21.859375,0.8871,4.1711,9.4898,-6.3137,0,REST
5597,21.86328125,0.5689,0.6805,8.0278,-11.3766,0,REST
5598,21.8671875,-5.8859,5.2189,8.2977,-10.1552,0,REST
5599,21.87109375,-8.5715,6.0372,7.556,-12.9866,0,REST
5600,21.875,-6.9385,7.3025,10.1278,-11.3016,0,REST
5601,21.87890625,-10.9767,4.8723,7.1191,-8.9893,0,REST
5602,21.8828125,-9.3553,2.6396,11.2189,-8.3278,0,REST
5603,21.88671875,-11.924,2.5076,1.5473,-5.33,0,REST
5604,21.890625,-11.2825,-0.6086,-1.3807,-8.0633,0,REST
5605,21.89453125,-12.2534,3.9847,1.5135,-5.1823,0,REST
5606,21.8984375,-4.8827,0.2333,0.5852,-1.4976,0,REST
5607,21.90234375,-2.7292,3.0958,-4.4171,1.6875,0,REST
5608,21.90625,0.7516,2.5553,-7.976,10.2086,0,REST
5609,21.91015625,0.7285,-4.355,-12.1289,6.1687,0,REST
5610,21.9140625,6.4651,-1.0046,-12.2175,6.9884,0,REST
5611,21.91796875,7.9662,1.598,-10.0779,6.4374,0,REST
5612,21.921875,9.2621,-0.4654,-11.1731,7.331,0,REST
5613,21.92578125,13.4951,-2.0813,-10.0305,11.694,0,REST
5614,21.9296875,14.4364,-5.1314,-11.4492,3.4674,0,REST
5615,21.93359375,13.6144,-2.0947,-7.1979,5.3863,0,REST
5616,21.9375,6.8744,-0.0689,-4.2881,1.2344,0,REST
5617,21.94140625,10.8635,-5.3853,-2.4383,0.2586,0,REST
5618,21.9453125,5.9987,-2.9856,2.2298,-2.7423,0,REST
5619,21.94921875,4.2418,-3.3792,3.5982,-5.5944,0,REST
5620,21.953125,-0.7769,-2.0024,6.856,-4.0316,0,REST
5621,21.95703125,-1.7781,-0.6636,10.763,-6.4275,0,REST
5622,21.9609375,-6.567,-2.1764,11.8426,-6.8931,0,REST
5623,21.96484375,-7.6084,-1.3128,6.7264,-7.9049,0,REST
5624,21.96875,-14.2593,1.7217,10.4671,-4.8091,0,REST
5625,21.97265625,-14.7535,1.4283,9.2784,-6.4857,0,REST
5626,21.9765625,-10.7699,-1.4744,9.5771,-5.6996,0,REST
5627,21.98046875,-10.4338,1.5298,9.3271,-0.1695,0,REST
5628,21.984375,-10.2113,5.3897,2.6494,-3.385,0,REST
5629,21.98828125,-9.5372,4.3225,-0.1098,2.1836,0,REST
5630,21.9921875,-5.3158,5.9229,-1.3866,-2.1958,0,REST
5631,21.99609375,-1.7386,8.166,-3.3161,2.1954,0,REST
5632,22.0,-1.4624,0.3415,-7.1485,4.7671,0,REST
5633,22.00390625,2.6994,4.6136,-9.3252,1.2449,0,REST
5634,22.0078125,6.0511,4.8135,-14.6833,2.9791,0,REST
5635,22.01171875,11.6078,2.2699,-15.5724,5.5907,0,REST
5636,22.015625,13.6313,1.7543,-8.9154,2.225,0,REST
5637,22.01953125,8.6244,-1.9034,-12.0552,6.931,0,REST
5638,22.0234375,13.2805,-2.3699,-13.3017,5.5101,0,REST
5639,22.02734375,10.6563,-3.4879,-8.1392,2.8416,0,REST
5640,22.03125,10.0518,-5.4788,-5.4709,1.7542,0,REST
5641,22.03515625,7.181,-4.9069,0.8275,3.5082,0,REST
5642,22.0390625,4.7911,-5.4734,-1.1268,-0.6224,0,REST
5643,22.04296875,3.1652,-0.4527,2.5302,3.8304,0,REST
5644,22.046875,-2.779,-9.1483,9.1185,0.9629,0,REST
5645,22.05078125,-3.7258,-6.0885,7.2172,0.4641,0,REST
5646,22.0546875,-7.0133,-2.9808,10.8669,-2.9578,0,REST
5647,22.05859375,-6.0874,-2.9755,14.6284,-2.2768,0,REST
5648,22.0625,-6.7928,-3.0329,11.1614,-1.0293,0,REST
5649,22.06640625,-13.9951,-3.4741,13.5215,-2.3249,0,REST
5650,22.0703125,-9.4025,4.0067,10.0713,-2.9229,0,REST
5651,22.07421875,-10.9678,3.3697,2.5816,-2.5542,0,REST
5652,22.078125,-7.8701,3.8622,4.948,-3.7829,0,REST
5653,22.08203125,-5.7756,10.0883,1.3435,-3.5967,0,REST
5654,22.0859375,-6.0295,6.7164,-0.4169,-3.1281,0,REST
5655,22.08984375,-2.516,6.8622,-2.6416,-2.6721,0,REST
5656,22.09375,0.566,7.4102,-7.4162,-0.1873,0,REST
5657,22.09765625,1.9576,5.0085,-7.4383,1.1737,0,REST
5658,22.1015625,4.8715,9.0959,-7.9054,-0.223,0,REST
5659,22.10546875,7.3919,6.7883,-10.6235,-2.6196,0,REST
5660,22.109375,4.8151,4.7401,-11.5063,2.0531,0,REST
5661,22.11328125,6.4702,-1.5292,-6.28,4.41,0,REST
5662,22.1171875,10.2394,-2.1873,-7.1053,4.2051,0,REST
5663,22.12109375,8.5272,-2.5828,-4.8802,1.2647,0,REST
5664,22.125,9.2647,-6.556,-2.5792,4.9952,0,REST
5665,22.12890625,2.1338,-8.3781,-0.766,8.5499,0,REST
5666,22.1328125,4.1715,-9.557,3.2713,6.3402,0,REST
5667,22.13671875,1.0594,-13.5743,-1.7713,6.8918,0,REST
5668,22.140625,1.4645,-9.897,1.9691,1.8007,0,REST
5669,22.14453125,-2.7978,-12.1273,1.7917,2.1285,0,REST
5670,22.1484375,-2.6938,-10.3112,6.5613,4.5051,0,REST
5671,22.15234375,-6.508,-6.5503,10.2432,-0.0665,0,REST
5672,22.15625,-5.5533,-4.6269,9.9269,-4.6991,0,REST
5673,22.16015625,-9.3645,-4.6559,6.9568,-2.1557,0,REST
5674,22.1640625,-7.2507,1.6818,9.0483,-6.1198,0,REST
5675,22.16796875,-6.6111,3.4316,4.6696,-4.8331,0,REST
5676,22.171875,-6.034,4.4594,7.2403,-6.4633,0,REST
5677,22.17578125,-3.9568,8.474,4.2216,-11.4503,0,REST
5678,22.1796875,-1.6882,8.2118,0.6287,-8.3979,0,REST
5679,22.18359375,-1.8789,13.5958,-5.2485,-7.8175,0,REST
5680,22.1875,-2.0859,12.602,-4.9565,-8.2362,0,REST
5681,22.19140625,1.4094,10.1484,1.3141,-5.708,0,REST
5682,22.1953125,1.7203,11.604,-0.7762,-0.6838,0,REST
5683,22.19921875,0.7291,12.5487,-3.9712,-1.2445,0,REST
5684,22.203125,5.0901,4.9327,-4.7139,3.3772,0,REST
5685,22.20703125,2.1408,5.7835,-4.645,6.302,0,REST
5686,22.2109375,3.9199,-2.1631,-3.5696,7.4239,0,REST
5687,22.21484375,4.3161,-4.4011,-3.8154,8.4784,0,REST
5688,22.21875,2.751,-4.9265,-2.5761,10.8917,0,REST
5689,22.22265625,4.6571,-6.5662,-3.8821,9.5645,0,REST
5690,22.2265625,2.4138,-9.3244,-5.3149,9.1858,0,REST
5691,22.23046875,2.3635,-13.507,-0.2941,9.1289,0,REST
5692,22.234375,3.6408,-12.113,-2.0125,9.175,0,REST
5693,22.23828125,5.4292,-12.7561,0.3732,6.5368,0,REST
5694,22.2421875,0.2786,-11.7044,0.6322,2.0498,0,REST
5695,22.24609375,-1.6254,-7.5237,0.0318,-0.1427,0,REST
5696,22.25,-1.3869,-8.3607,1.3956,-2.9409,0,REST
5697,22.25390625,2.2423,-3.4792,2.9517,-7.5518,0,REST
5698,22.2578125,0.3646,2.2325,1.5755,-9.7944,0,REST
5699,22.26171875,-0.1072,6.8472,4.0576,-13.7477,0,REST
5700,22.265625,0.7497,7.5417,1.1038,-13.7639,0,REST
5701,22.26953125,-3.9517,12.1592,2.1503,-10.9795,0,REST
5702,22.2734375,-4.8874,12.0478,3.1428,-13.8941,0,REST
5703,22.27734375,-0.623,12.5152,1.9693,-9.6941,0,REST
5704,22.28125,-8.3716,11.2916,3.5839,-4.0763,0,REST
5705,22.28515625,-0.921,10.8757,4.2084,-1.9839,0,REST
5706,22.2890625,-3.0034,10.6599,7.2231,-0.2415,0,REST
5707,22.29296875,-3.0967,10.2245,5.0818,4.2321,0,REST
5708,22.296875,-5.5837,5.1658,3.3626,7.0768,0,REST
5709,22.30078125,0.9626,0.3675,2.2312,7.7973,0,REST
5710,22.3046875,-1.6428,-3.9516,3.4455,11.9815,0,REST
5711,22.30859375,0.007,-1.2945,1.994,13.619,0,REST
5712,22.3125,2.0155,-7.3163,-2.488,13.0448,0,REST
5713,22.31640625,1.1392,-11.208,-1.7419,13.0636,0,REST
5714,22.3203125,3.1488,-12.2651,-7.6544,11.0913,0,REST
5715,22.32421875,5.5284,-15.2676,-5.1433,10.0065,0,REST
5716,22.328125,5.7096,-15.2092,-7.0191,6.0302,0,REST
5717,22.33203125,5.969,-11.8517,-7.6453,-2.3903,0,REST
5718,22.3359375,7.9296,-11.4722,-6.1567,-0.692,0,REST
5719,22.33984375,7.1003,-3.9079,-4.6418,-0.2778,0,REST
5720,22.34375,7.2778,-7.0638,-2.6019,-8.8675,0,REST
5721,22.34765625,7.4479,2.4521,-6.3778,-10.4621,0,REST
5722,22.3515625,5.5123,3.3647,1.8074,-10.6604,0,REST
5723,22.35546875,1.617,5.0959,1.0007,-10.6781,0,REST
5724,22.359375,-1.7759,3.1403,3.7282,-13.1326,0,REST
5725,22.36328125,-0.7214,8.6085,2.2784,-12.4706,0,REST
5726,22.3671875,-5.5736,15.1749,6.0778,-10.7569,0,REST
5727,22.37109375,-5.2252,12.524,7.55,-7.1266,0,REST
5728,22.375,-6.5979,13.6039,7.7157,-6.6545,0,REST
5729,22.37890625,-7.8033,11.2094,8.9587,1.3308,0,REST
5730,22.3828125,-7.8008,13.3102,9.4115,5.4931,0,REST
5731,22.38671875,-8.2703,8.4729,10.0681,7.5933,0,REST
5732,22.390625,-9.5385,7.9183,11.9139,8.4925,0,REST
5733,22.39453125,-5.825,1.3054,6.8551,10.5697,0,REST
5734,22.3984375,-7.9557,-3.6605,2.8599,12.4467,0,REST
5735,22.40234375,-4.3349,-6.1894,2.1482,12.1991,0,REST
5736,22.40625,1.3765,-5.371,4.888,15.2403,0,REST
5737,22.41015625,0.8954,-10.8422,-6.5876,10.4371,0,REST
5738,22.4140625,7.1948,-12.4021,-8.1723,7.3568,0,REST
5739,22.41796875,8.1146,-12.4452,-10.2251,2.2476,0,REST
5740,22.421875,10.6592,-8.9906,-7.922,-0.9231,0,REST
5741,22.42578125,13.8709,-10.4142,-9.4835,-1.8878,0,REST
5742,22.4296875,9.9338,-10.8744,-10.3188,-3.2979,0,REST
5743,22.43359375,13.7759,-8.2061,-16.2045,-6.3647,0,REST
5744,22.4375,11.9318,-5.4487,-12.5612,-7.2265,0,REST
5745,22.44140625,8.4026,-3.5585,-6.9384,-16.3269,0,REST
5746,22.4453125,6.6805,2.9416,-7.0057,-12.5981,0,REST
5747,22.44921875,5.3091,3.2885,-1.1015,-15.5596,0,REST
5748,22.453125,-4.5598,7.5843,2.9427,-8.4823,0,REST
5749,22.45703125,-2.2227,4.8217,2.318,-8.1275,0,REST
5750,22.4609375,-4.4393,11.6509,8.8373,-3.3483,0,REST
5751,22.46484375,-7.83,11.6783,9.0302,-3.8478,0,REST
5752,22.46875,-7.5736,9.5723,11.735,2.9635,0,REST
5753,22.47265625,-12.0453,9.8564,12.5265,-0.249,0,REST
5754,22.4765625,-9.6109,8.4027,13.7736,5.8863,0,REST
5755,22.48046875,-10.139,6.4126,11.3594,5.1754,0,REST
5756,22.484375,-13.6514,4.5801,9.2377,7.3234,0,REST
5757,22.48828125,-9.4733,0.2658,12.5177,5.8354,0,REST
5758,22.4921875,-6.1987,3.0359,3.7407,12.7383,0,REST
5759,22.49609375,-7.1337,0.3282,1.7082,9.2909,0,REST
5760,22.5,-0.7457,-5.9416,-0.5987,6.7733,0,REST
5761,22.50390625,0.5248,-2.6185,0.2116,9.858,0,REST
5762,22.5078125,3.8419,-9.6339,-4.3902,6.2127,0,REST
5763,22.51171875,13.0746,-9.3275,-9.6287,4.2627,0,REST
5764,22.515625,12.4249,-5.7956,-8.0359,-0.6808,0,REST
5765,22.51953125,15.5023,-7.8766,-12.1221,-2.6758,0,REST
5766,22.5234375,16.0111,-8.9385,-18.5496,-4.9094,0,REST
5767,22.52734375,10.7659,-6.8195,-10.19,-3.8159,0,REST
5768,22.53125,10.8393,-3.6811,-9.7309,-6.9016,0,REST
5769,22.53515625,9.866,-2.5744,-8.969,-8.1981,0,REST
5770,22.5390625,3.3174,-2.3539,-10.0978,-10.6857,0,REST
5771,22.54296875,2.5209,-0.3878,-5.7617,-7.4152,0,REST
5772,22.546875,0.1431,3.3786,1.4881,-6.5876,0,REST
5773,22.55078125,-2.0076,4.3726,3.4535,-5.0835,0,REST
5774,22.5546875,-6.6025,7.0092,3.8297,-3.3335,0,REST
5775,22.55859375,-11.3824,3.9646,6.0864,-0.1807,0,REST
5776,22.5625,-8.9479,6.3063,7.3641,0.7675,0,REST
5777,22.56640625,-12.196,10.5814,12.5096,-2.9795,0,REST
5778,22.5703125,-12.7916,6.3124,8.3892,3.1435,0,REST
5779,22.57421875,-7.8774,5.4926,10.9313,6.7787,0,REST
5780,22.578125,-10.2157,0.6173,10.8548,4.5252,0,REST
5781,22.58203125,-6.7916,2.0148,8.8915,7.7988,0,REST
5782,22.5859375,-3.4302,-3.0029,4.6071,4.3427,0,REST
5783,22.58984375,0.2101,-1.6092,4.9723,6.513,0,REST
5784,22.59375,-0.1942,-1.5892,-0.4726,0.6235,0,REST
5785,22.59765625,2.7405,1.2959,0.9894,7.125,0,REST
5786,22.6015625,1.8781,-0.8067,-3.4253,0.469,0,REST
5787,22.60546875,12.5176,-9.587,-5.1807,1.3358,0,REST
5788,22.609375,6.7965,0.9911,-6.709,0.4241,0,REST
5789,22.61328125,9.4297,-5.5532,-9.9815,0.4462,0,REST
5790,22.6171875,10.8481,-1.4342,-13.6266,0.3729,0,REST
5791,22.62109375,8.1899,-5.7797,-10.8767,1.7272,0,REST
5792,22.625,4.2391,-1.9674,-7.8112,0.0711,0,REST
5793,22.62890625,7.0369,-3.5058,-11.2535,0.1897,0,REST
5794,22.6328125,3.4746,-3.4888,-8.8426,-4.3962,0,REST
5795,22.63671875,3.5782,-0.9877,-1.7252,-3.2619,0,REST
5796,22.640625,1.4851,2.9298,-0.0547,-1.1948,0,REST
5797,22.64453125,-1.6706,0.965,-0.2545,-1.6233,0,REST
5798,22.6484375,-4.8075,4.5967,1.487,-4.9267,0,REST
5799,22.65234375,-3.8804,2.2127,7.1934,-2.9576,0,REST
5800,22.65625,-7.061,2.4178,6.1569,-1.929,0,REST
5801,22.66015625,-9.9758,1.4158,6.8627,-1.6267,0,REST
5802,22.6640625,-4.9838,4.246,9.2891,-2.1703,0,REST
5803,22.66796875,-4.7643,5.8854,4.2743,-3.4809,0,REST
5804,22.671875,-7.6534,4.6338,8.3066,4.4858,0,REST
5805,22.67578125,-6.8559,2.2529,5.4763,-0.1598,0,REST
5806,22.6796875,-3.9402,4.2185,4.1435,3.1898,0,REST
5807,22.68359375,-3.1518,4.4863,0.4573,2.6209,0,REST
5808,22.6875,0.0441,1.0117,2.3866,2.5181,0,REST
5809,22.69140625,2.021,-2.4167,3.7079,7.7103,0,REST
5810,22.6953125,2.9308,-1.3925,-1.7414,6.8358,0,REST
5811,22.69921875,3.7831,-1.7455,0.7619,4.1412,0,REST
5812,22.703125,6.5298,-2.2202,0.1943,1.6119,0,REST
5813,22.70703125,5.5763,-0.1727,-0.6048,3.5501,0,REST
5814,22.7109375,4.692,-4.3547,-4.9007,3.7409,0,REST
5815,22.71484375,5.7521,-2.6353,-2.3604,1.507,0,REST
5816,22.71875,1.6026,-5.2179,-4.4335,2.1314,0,REST
5817,22.72265625,5.0869,-4.5135,-6.4536,-0.0918,0,REST
5818,22.7265625,2.7239,-2.6695,-1.4928,1.1726,0,REST
5819,22.73046875,-0.2039,-2.0238,-6.6519,-1.0899,0,REST
5820,22.734375,0.4098,0.2147,-0.1705,-4.3292,0,REST
5821,22.73828125,3.0707,-3.9677,-5.954,-7.4118,0,REST
5822,22.7421875,1.6181,-3.7266,-4.8628,-6.3834,0,REST
5823,22.74609375,2.1011,0.6504,-1.7534,-6.8036,0,REST
5824,22.75,0.9235,-1.0685,-2.119,-6.6266,0,REST
5825,22.75390625,-0.9684,0.7005,2.4019,-6.3976,0,REST
5826,22.7578125,0.4688,2.0433,-2.1582,-7.0617,0,REST
5827,22.76171875,-0.6931,2.5935,-0.7153,-4.7294,0,REST
5828,22.765625,-1.561,-0.8166,0.4447,-4.1925,0,REST
5829,22.76953125,-3.8122,4.8976,2.4222,-4.8086,0,REST
5830,22.7734375,-1.3249,5.2168,-0.4991,0.0398,0,REST
5831,22.77734375,-3.2898,4.5812,2.4033,6.6061,0,REST
5832,22.78125,-5.8894,2.8383,0.5091,3.6139,0,REST
5833,22.78515625,-5.6329,4.8045,5.0476,6.2777,0,REST
5834,22.7890625,-3.5844,4.1666,-0.4888,4.7587,0,REST
5835,22.79296875,-9.3889,4.5674,4.0438,9.5236,0,REST
5836,22.796875,-1.9892,1.2651,4.5995,8.6877,0,REST
5837,22.80078125,-6.4761,0.7649,1.411,11.3849,0,REST
5838,22.8046875,-1.1914,-0.7757,4.2095,6.8631,0,REST
5839,22.80859375,-0.4001,-4.0864,2.5643,6.9922,0,REST
5840,22.8125,2.1437,0.5704,3.5494,3.6544,0,REST
5841,22.81640625,1.9587,-3.0656,1.2653,1.9187,0,REST
5842,22.8203125,4.3351,-3.8983,-1.0549,-6.2082,0,REST
5843,22.82421875,5.5252,-6.1605,-1.6192,-5.9598,0,REST
5844,22.828125,7.745,-8.686,-3.7138,-7.264,0,REST
5845,22.83203125,10.4328,-7.5623,-9.7387,-12.5325,0,REST
5846,22.8359375,5.0422,-7.0858,-7.7167,-9.2863,0,REST
5847,22.83984375,9.2665,-5.3023,-5.5876,-10.5099,0,REST
5848,22.84375,9.6817,-3.6465,-12.3591,-12.5779,0,REST
5849,22.84765625,9.3188,0.2428,-2.6558,-8.4168,0,REST
5850,22.8515625,2.1905,-2.0841,-4.7943,-4.9242,0,REST
5851,22.85546875,1.8051,-0.483,-3.8355,-2.1681,0,REST
5852,22.859375,-2.1169,0.1037,-3.9104,-4.5021,0,REST
5853,22.86328125,-2.5322,7.6443,2.7992,-0.4834,0,REST
5854,22.8671875,-3.9555,7.0896,2.5632,3.101,0,REST
5855,22.87109375,-5.3229,5.5682,4.9641,6.7219,0,REST
5856,22.875,-9.1134,12.1897,5.9475,7.3314,0,REST
5857,22.87890625,-9.836,10.6912,5.1015,11.9073,0,REST
5858,22.8828125,-11.4875,9.6601,9.9285,11.163,0,REST
5859,22.88671875,-12.1742,8.3474,10.8772,13.5476,0,REST
5860,22.890625,-7.277,7.3596,9.4418,10.6945,0,REST
5861,22.89453125,-9.0033,-0.6232,9.6551,12.7302,0,REST
5862,22.8984375,-8.5674,0.3953,12.3586,7.4791,0,REST
5863,22.90234375,-8.0361,-3.5554,10.9087,4.9511,0,REST
5864,22.90625,-0.6725,-2.3243,7.5849,0.1821,0,REST
5865,22.91015625,2.4601,-4.2952,3.2653,-7.7982,0,REST
5866,22.9140625,3.1559,-7.3441,2.1182,-5.0737,0,REST
5867,22.91796875,8.0723,-6.5685,-2.8498,-10.3432,0,REST
5868,22.921875,10.9423,-8.5755,-8.2206,-10.4427,0,REST
5869,22.92578125,11.3142,-9.7727,-6.2491,-13.2227,0,REST
5870,22.9296875,8.8776,-10.3664,-11.1743,-16.9611,0,REST
5871,22.93359375,8.516,-6.9851,-15.2465,-13.6343,0,REST
5872,22.9375,8.9062,-6.8512,-13.3123,-8.1719,0,REST
5873,22.94140625,6.0125,-5.5129,-9.9523,-7.9985,0,REST
5874,22.9453125,6.2607,-3.2278,-10.0124,-5.0997,0,REST
5875,22.94921875,2.7618,2.1025,-9.3496,-4.6285,0,REST
5876,22.953125,-1.1649,5.7028,-9.1989,0.2743,0,REST
5877,22.95703125,-2.6383,9.4629,-2.0217,3.6259,0,REST
5878,22.9609375,-8.1216,7.5552,0.3947,10.086,0,REST
5879,22.96484375,-9.0271,11.046,3.4832,11.5098,0,REST
5880,22.96875,-9.5561,12.8285,6.312,12.2129,0,REST
5881,22.97265625,-13.9605,9.7645,8.5915,12.3582,0,REST
5882,22.9765625,-11.2256,11.3262,12.0781,14.4618,0,REST
5883,22.98046875,-14.0553,10.4691,12.0208,14.5144,0,REST
5884,22.984375,-12.745,8.8404,12.6336,8.5059,0,REST
5885,22.98828125,-7.2213,6.883,12.762,9.398,0,REST
5886,22.9921875,-5.9174,-0.8559,12.9495,1.7886,0,REST
5887,22.99609375,-3.0309,0.1786,9.8447,3.237,0,REST
5888,23.0,-0.8376,-5.6307,9.174,-4.7387,0,REST
5889,23.00390625,4.9422,-7.7331,7.5866,-2.8613,0,REST
5890,23.0078125,7.2015,-11.5769,1.3292,-9.2599,0,REST
5891,23.01171875,5.5044,-13.351,1.5616,-7.257,0,REST
5892,23.015625,11.8185,-9.2534,-3.3368,-11.4084,0,REST
5893,23.01953125,13.2949,-12.9921,-6.6141,-11.4142,0,REST
5894,23.0234375,10.3451,-11.0091,-13.2679,-11.2879,0,REST
5895,23.02734375,10.2324,-9.7827,-8.6346,-9.7836,0,REST
5896,23.03125,10.6047,-8.3758,-9.0733,-6.3838,0,REST
5897,23.03515625,8.671,-4.5273,-11.7396,-4.482,0,REST
5898,23.0390625,7.1073,-3.758,-9.2436,-3.0491,0,REST
5899,23.04296875,7.6765,-4.1322,-7.528,1.5063,0,REST
5900,23.046875,-1.8421,4.0271,-5.6651,2.4082,0,REST
5901,23.05078125,-5.7694,10.2655,-6.1307,6.7828,0,REST
5902,23.0546875,-7.2381,10.1996,-1.1032,5.6787,0,REST
5903,23.05859375,-6.5542,11.953,1.6792,10.2537,0,REST
5904,23.0625,-12.0988,12.4661,5.8542,9.3838,0,REST
5905,23.06640625,-14.4069,12.8859,8.2989,11.281,0,REST
5906,23.0703125,-15.0837,11.8549,7.2313,7.2344,0,REST
5907,23.07421875,-11.02,11.0743,10.5571,3.635,0,REST
5908,23.078125,-13.5559,8.0761,13.408,4.8589,0,REST
5909,23.08203125,-11.2532,6.9483,11.5147,3.1721,0,REST
5910,23.0859375,-5.9694,1.5742,9.9441,2.5982,0,REST
5911,23.08984375,-1.6205,1.071,7.4145,-3.7333,0,REST
5912,23.09375,-0.1274,-5.4205,5.7573,-5.1655,0,REST
5913,23.09765625,7.5985,-8.0064,5.3126,-8.3865,0,REST
5914,23.1015625,3.0869,-6.7898,-0.0566,-8.9011,0,REST
5915,23.10546875,7.3919,-13.0991,1.1938,-10.718,0,REST
5916,23.109375,8.1233,-16.1687,-4.2246,-6.5212,0,REST
5917,23.11328125,6.7123,-10.7641,-1.742,-5.5367,0,REST
5918,23.1171875,8.6446,-13.3765,-6.8958,-9.0311,0,REST
5919,23.12109375,13.4219,-8.539,-2.789,-6.4341,0,REST
5920,23.125,11.1721,-7.6708,-3.8294,-2.3383,0,REST
5921,23.12890625,6.2269,-6.249,-12.0253,0.7465,0,REST
5922,23.1328125,2.748,-3.4484,-7.8426,0.924,0,REST
5923,23.13671875,0.8163,1.028,-7.3809,5.073,0,REST
5924,23.140625,-1.5162,6.3713,-5.9704,0.9297,0,REST
5925,23.14453125,-0.6976,8.7455,-6.5333,3.205,0,REST
5926,23.1484375,-5.9375,12.7783,-2.3164,9.3677,0,REST
5927,23.15234375,-4.5553,15.0071,-1.7344,4.6735,0,REST
5928,23.15625,-8.039,12.3331,2.5041,6.9819,0,REST
5929,23.16015625,-7.3522,11.7152,4.9821,3.9867,0,REST
5930,23.1640625,-4.7239,13.4783,7.0025,6.07,0,REST
5931,23.16796875,-6.5858,12.0371,6.1217,5.6619,0,REST
5932,23.171875,-6.2601,7.2424,7.024,7.8185,0,REST
5933,23.17578125,-5.1429,6.1726,4.5993,1.3692,0,REST
5934,23.1796875,-2.9436,2.6958,5.1105,-1.4302,0,REST
5935,23.18359375,-5.4734,-2.2236,6.3425,-1.0794,0,REST
5936,23.1875,-2.1076,-5.0863,5.7103,-2.4618,0,REST
5937,23.19140625,2.2159,-4.3977,-1.9767,-4.0419,0,REST
5938,23.1953125,4.2847,-7.4376,3.8987,-3.7243,0,REST
5939,23.19921875,2.0833,-7.5019,4.3582,-3.3569,0,REST
5940,23.203125,2.963,-12.1949,0.3893,-3.8052,0,REST
5941,23.20703125,5.2704,-11.5077,-0.9366,-5.5903,0,REST
5942,23.2109375,0.6081,-12.1803,-0.3183,-4.641,0,REST
5943,23.21484375,5.8434,-8.26,-0.9945,-4.8041,0,REST
5944,23.21875,5.0027,-6.084,-6.0828,-2.059,0,REST
5945,23.22265625,2.6515,0.0505,-4.7276,-1.3799,0,REST
5946,23.2265625,3.6908,-0.1309,-2.9803,-2.6859,0,REST
5947,23.23046875,3.7154,0.4103,-4.7239,-0.2798,0,REST
5948,23.234375,5.149,4.1873,-5.0758,-1.8356,0,REST
5949,23.23828125,3.8218,10.6423,-0.3993,0.5318,0,REST
5950,23.2421875,1.6562,7.6588,-2.7134,-1.7025,0,REST
5951,23.24609375,0.1301,11.2853,-0.1984,3.9702,0,REST
5952,23.25,-4.2192,13.5219,-4.3088,6.0347,0,REST
5953,23.25390625,-1.2194,8.0038,1.8882,1.116,0,REST
5954,23.2578125,0.2167,7.8013,-1.5071,1.1463,0,REST
5955,23.26171875,1.0735,5.442,0.4468,1.3287,0,REST
5956,23.265625,-3.2416,4.8493,-1.9327,5.7121,0,REST
5957,23.26953125,-3.1463,4.4666,-3.0355,3.2644,0,REST
5958,23.2734375,-3.6309,1.9587,0.0166,8.1802,0,REST
5959,23.27734375,-2.7599,-1.8573,5.2203,1.4475,0,REST
5960,23.28125,-4.9821,-2.1019,1.6164,2.2955,0,REST
5961,23.28515625,-2.861,-7.1847,5.0388,3.3846,0,REST
5962,23.2890625,-5.0681,-3.8576,0.8367,2.64,0,REST
5963,23.29296875,-2.1928,-6.4795,4.3676,1.7026,0,REST
5964,23.296875,-1.698,-8.0214,5.3307,0.0426,0,REST
5965,23.30078125,-2.5025,-6.5502,6.4435,-1.1878,0,REST
5966,23.3046875,-1.9007,-8.4386,5.6885,-4.2674,0,REST
5967,23.30859375,4.5843,-6.4646,3.9923,-0.5968,0,REST
5968,23.3125,0.5629,-6.5836,2.6476,-7.2498,0,REST
5969,23.31640625,3.2875,-0.7006,6.7044,-5.7454,0,REST
5970,23.3203125,3.5753,-3.4377,5.1239,-5.6857,0,REST
5971,23.32421875,4.3642,-2.2145,3.5294,-8.7415,0,REST
5972,23.328125,7.1125,1.6184,0.0275,-3.907,0,REST
5973,23.33203125,8.1843,5.3141,-2.8543,-4.4405,0,REST
5974,23.3359375,9.1534,1.2516,-4.4447,-4.4662,0,REST
5975,23.33984375,8.25,4.0358,-6.361,-1.3733,0,REST
5976,23.34375,6.96,8.5479,-11.7847,-2.125,0,REST
5977,23.34765625,8.1355,5.0005,-10.6401,2.9458,0,REST
5978,23.3515625,4.2376,4.9801,-7.7479,4.9575,0,REST
5979,23.35546875,3.0169,7.2264,-8.6402,6.4762,0,REST
5980,23.359375,1.2638,2.1681,-5.1461,6.5194,0,REST
5981,23.36328125,-0.3543,2.0637,-6.2301,8.0617,0,REST
5982,23.3671875,-2.3394,1.5823,-4.3772,10.2951,0,REST
5983,23.37109375,-5.4991,-1.3844,-7.417,8.3469,0,REST
5984,23.375,-8.5055,-1.3294,-1.476,10.5189,0,REST
5985,23.37890625,-10.3225,-1.5456,1.9288,4.1411,0,REST
5986,23.3828125,-8.7067,-1.7464,5.6259,6.3324,0,REST
5987,23.38671875,-9.1627,-6.5442,5.3289,-1.6945,0,REST
5988,23.390625,-8.2094,-2.8065,12.2894,1.8966,0,REST
5989,23.39453125,-5.5759,-8.6605,5.1595,-7.9906,0,REST
5990,23.3984375,-2.454,-2.6282,12.7513,-5.7486,0,REST
5991,23.40234375,-0.7796,-5.7477,13.2611,-9.555,0,REST
5992,23.40625,1.2612,-4.2794,10.8751,-9.7211,0,REST
5993,23.41015625,0.0056,-4.9349,6.5537,-7.4424,0,REST
5994,23.4140625,4.2047,-6.6718,3.5115,-11.4045,0,REST
5995,23.41796875,7.7339,-1.1025,2.6602,-10.0139,0,REST
5996,23.421875,6.937,-1.7338,-1.3465,-6.9566,0,REST
5997,23.42578125,13.4005,-0.8082,-2.0059,-10.9283,0,REST
5998,23.4296875,12.1861,3.2422,-5.6587,-2.5503,0,REST
5999,23.43359375,12.8744,2.4291,-7.2359,-1.2251,0,REST
6000,23.4375,10.5844,1.9218,-9.8929,2.8547,0,REST
6001,23.44140625,12.2483,3.8174,-12.9097,8.7118,0,REST
6002,23.4453125,5.4191,2.352,-10.1458,7.9371,0,REST
6003,23.44921875,1.5977,2.4628,-12.2849,12.3681,0,REST
6004,23.453125,-1.5006,1.8056,-13.9336,13.1552,0,REST
6005,23.45703125,-6.2476,3.1139,-7.5423,15.6937,0,REST
6006,23.4609375,-5.7381,0.1643,-8.1729,14.7662,0,REST
6007,23.46484375,-10.8913,3.7723,-6.1809,8.435,0,REST
6008,23.46875,-13.2879,4.0745,0.3074,10.0582,0,REST
6009,23.47265625,-13.0578,1.94,0.1595,7.177,0,REST
6010,23.4765625,-11.0186,2.2885,4.0317,6.0371,0,REST
6011,23.48046875,-13.1538,0.1893,7.3771,-1.7544,0,REST
6012,23.484375,-9.6059,0.7821,8.4884,-3.3785,0,REST
6013,23.48828125,-8.0939,-0.8293,9.9976,-2.3801,0,REST
6014,23.4921875,-5.7071,-1.8803,12.9157,-6.4753,0,REST
6015,23.49609375,-0.5226,-4.0531,14.3595,-10.8429,0,REST
6016,23.5,-2.0442,-1.0221,13.9662,-11.469,0,REST
6017,23.50390625,4.0338,-0.5283,11.2172,-12.7124,0,REST
6018,23.5078125,7.9153,-4.8745,8.5355,-14.6492,0,REST
6019,23.51171875,7.2864,-0.2015,3.7517,-9.6156,0,REST
6020,23.515625,10.8694,-3.9756,3.6083,-5.9282,0,REST
6021,23.51953125,9.9394,-5.6061,-3.4703,-3.3936,0,REST
6022,23.5234375,16.2435,-3.8879,-4.4051,-3.5977,0,REST
6023,23.52734375,14.6869,-2.9286,-7.82,2.444,0,REST
6024,23.53125,10.883,-2.9903,-8.2286,4.5934,0,REST
6025,23.53515625,6.0716,-1.5063,-10.2996,8.9342,0,REST
6026,23.5390625,8.0325,-1.6152,-11.8913,13.4824,0,REST
6027,23.54296875,1.3941,4.5767,-11.1406,7.0672,0,REST
6028,23.546875,0.6545,0.3498,-12.5287,11.7446,0,REST
6029,23.55078125,-3.176,6.954,-13.3351,13.6418,0,REST
6030,23.5546875,-6.0835,3.1509,-9.4645,9.2787,0,REST
6031,23.55859375,-9.8246,5.3087,-7.7571,8.4342,0,REST
6032,23.5625,-13.6648,7.7483,-4.839,9.399,0,REST
6033,23.56640625,-11.6033,7.1443,-1.0496,1.5634,0,REST
6034,23.5703125,-9.1148,3.2969,4.9963,-0.5033,0,REST
6035,23.57421875,-13.2275,3.5623,5.0918,-8.8529,0,REST
6036,23.578125,-9.7492,6.787,8.3147,-11.4498,0,REST
6037,23.58203125,-8.3571,5.1159,10.8423,-6.6609,0,REST
6038,23.5859375,-3.3292,2.5383,12.9294,-6.2576,0,REST
6039,23.58984375,-4.8792,1.4511,11.0601,-14.4118,0,REST
6040,23.59375,-1.8513,-3.1379,8.7781,-12.9009,0,REST
6041,23.59765625,6.0228,-3.3451,7.6725,-7.2925,0,REST
6042,23.6015625,4.3374,-5.7099,6.5035,-12.3578,0,REST
6043,23.60546875,8.2576,-8.0072,4.2826,-8.2204,0,REST
6044,23.609375,9.3473,-1.9475,3.0183,-1.9068,0,REST
6045,23.61328125,9.7108,-6.5085,1.6954,-1.1686,0,REST
6046,23.6171875,6.0425,-5.3055,-0.0116,2.729,0,REST
6047,23.62109375,8.7152,-9.072,-6.0248,5.8434,0,REST
6048,23.625,4.8775,-6.3165,-7.9951,8.0461,0,REST
6049,23.62890625,3.4923,-2.8922,-7.5691,6.4786,0,REST
6050,23.6328125,2.3738,-5.5801,-5.4879,15.3416,0,REST
6051,23.63671875,-1.7796,-0.5117,-8.0486,14.0259,0,REST
6052,23.640625,-1.0736,1.1609,-10.3631,12.6628,0,REST
6053,23.64453125,-2.55,3.7423,-6.1824,9.3,0,REST
6054,23.6484375,-0.8785,7.0381,-5.4584,4.7406,0,REST
6055,23.65234375,-5.727,10.2179,-5.2333,2.0971,0,REST
6056,23.65625,-6.3665,7.1253,-2.5074,2.3093,0,REST
6057,23.66015625,-6.8828,12.398,1.1994,-0.6873,0,REST
6058,23.6640625,-7.5514,8.5787,-0.4233,-2.6558,0,REST
6059,23.66796875,-6.9585,10.6421,1.0071,-7.3014,0,REST
6060,23.671875,-6.8295,9.1074,3.4223,-8.3908,0,REST
6061,23.67578125,-8.3547,9.2701,5.2884,-7.1681,0,REST
6062,23.6796875,-1.9079,3.309,2.7362,-6.6318,0,REST
6063,23.68359375,-3.1361,0.5062,5.3147,-10.7308,0,REST
6064,23.6875,-0.0462,-1.3614,3.2697,-8.6582,0,REST
6065,23.69140625,1.6091,-5.9442,4.7874,-8.9442,0,REST
6066,23.6953125,7.281,-7.8705,4.0453,-6.7284,0,REST
6067,23.69921875,3.2838,-11.3077,5.4663,-4.2961,0,REST
6068,23.703125,3.7967,-12.2172,2.6024,-0.6647,0,REST
6069,23.70703125,4.9991,-11.9135,1.8241,-1.2876,0,REST
6070,23.7109375,2.5844,-6.8661,0.6426,1.9942,0,REST
6071,23.71484375,4.088,-11.571,-1.6718,4.3788,0,REST
6072,23.71875,4.6806,-7.9647,-1.2249,3.3174,0,REST
6073,23.72265625,7.0575,-9.2476,-2.4404,7.4652,0,REST
6074,23.7265625,1.3424,-2.3568,-3.0742,10.2788,0,REST
6075,23.73046875,2.6779,1.1772,-4.0947,7.7872,0,REST
6076,23.734375,4.7305,4.5204,-1.4489,7.2087,0,REST
6077,23.73828125,1.8598,6.0518,-2.5753,3.0503,0,REST
6078,23.7421875,1.2982,4.5789,-2.5388,5.232,0,REST
6079,23.74609375,1.9436,8.2746,-2.1911,1.4954,0,REST
6080,23.75,0.8293,12.5034,-4.4469,-1.8834,0,REST
6081,23.75390625,4.4417,9.9734,-1.3018,-1.4077,0,REST
6082,23.7578125,-0.6933,13.4489,-3.4106,-1.1127,0,REST
6083,23.76171875,-2.1445,9.3575,-5.4485,-2.0768,0,REST
6084,23.765625,0.1523,10.9453,-2.9945,-5.1689,0,REST
6085,23.76953125,-1.5258,5.1432,0.9748,-6.1208,0,REST
6086,23.7734375,-1.8324,2.9516,-1.6821,-6.8941,0,REST
6087,23.77734375,-2.4267,0.6436,1.4688,-2.5777,0,REST
6088,23.78125,-3.7517,-2.6678,-1.7968,-2.2592,0,REST
6089,23.78515625,-4.9732,-3.9255,-2.492,-2.2577,0,REST
6090,23.7890625,-3.5232,-6.6027,-0.5125,-5.5902,0,REST
6091,23.79296875,-3.3959,-11.999,1.3748,-1.6201,0,REST
6092,23.796875,-4.4981,-11.2593,3.7757,-3.8564,0,REST
6093,23.80078125,-3.0284,-17.4555,5.6807,-0.6907,0,REST
6094,23.8046875,-0.1337,-10.7736,1.6945,-1.5956,0,REST
6095,23.80859375,-0.696,-8.8484,6.3854,-0.9639,0,REST
6096,23.8125,3.7833,-7.8988,6.2856,2.0812,0,REST
6097,23.81640625,-0.9414,-7.3384,6.1574,3.3434,0,REST
6098,23.8203125,4.9584,-2.1158,2.7495,0.3544,0,REST
6099,23.82421875,4.7634,1.1592,6.3946,0.4773,0,REST
6100,23.828125,7.0641,2.1208,3.5128,-2.5888,0,REST
6101,23.83203125,7.8926,7.1594,-1.0973,4.3584,0,REST
6102,23.8359375,10.545,8.873,1.2811,4.7296,0,REST
6103,23.83984375,7.6592,11.3979,0.1367,2.5516,0,REST
6104,23.84375,3.5994,12.4646,-4.1589,3.1686,0,REST
6105,23.84765625,4.3443,15.0501,-8.1618,3.6287,0,REST
6106,23.8515625,3.5737,11.666,-4.5462,2.4049,0,REST
6107,23.85546875,5.7432,13.4812,-3.549,4.7902,0,REST
6108,23.859375,1.0331,14.1076,-6.3026,-0.1971,0,REST
6109,23.86328125,-0.274,6.4445,-7.5732,0.8508,0,REST
6110,23.8671875,-3.5701,2.2245,-9.717,-5.5568,0,REST
6111,23.87109375,-4.2318,-1.6476,-7.3518,-0.5444,0,REST
6112,23.875,-6.2393,-2.3971,-6.1816,0.5846,0,REST
6113,23.87890625,-7.0572,-6.9051,-3.5356,-0.2939,0,REST
6114,23.8828125,-7.667,-12.2054,-0.9452,-6.6529,0,REST
6115,23.88671875,-5.0235,-8.644,0.9349,-1.3407,0,REST
6116,23.890625,-7.4673,-14.5876,-0.2728,-2.5649,0,REST
6117,23.89453125,-8.3963,-12.1022,8.4685,-4.8019,0,REST
6118,23.8984375,-5.265,-7.5963,10.9795,-2.2329,0,REST
6119,23.90234375,-2.4292,-11.7568,5.6794,-6.9604,0,REST
6120,23.90625,2.9323,-8.7684,11.4458,-4.5508,0,REST
6121,23.91015625,-0.1505,-7.4023,11.0399,-2.1845,0,REST
6122,23.9140625,6.4651,-3.2742,12.5947,0.058,0,REST
6123,23.91796875,10.135,-1.6463,10.0942,3.9173,0,REST
6124,23.921875,11.6226,2.0051,11.6454,5.655,0,REST
6125,23.92578125,10.4324,2.7164,2.5605,4.2218,0,REST
6126,23.9296875,13.2281,7.8721,5.3839,7.5708,0,REST
6127,23.93359375,8.5271,9.539,-0.372,9.4439,0,REST
6128,23.9375,7.1274,13.1886,-2.0194,8.6254,0,REST
6129,23.94140625,10.924,15.1962,-6.6071,10.2171,0,REST
6130,23.9453125,7.4883,12.1827,-8.0196,10.549,0,REST
6131,23.94921875,6.6872,10.2444,-13.5368,7.0502,0,REST
6132,23.953125,4.1327,8.9265,-11.3256,5.4061,0,REST
6133,23.95703125,-2.1783,6.0626,-10.571,0.3194,0,REST
6134,23.9609375,-7.9375,2.1987,-13.1491,2.2969,0,REST
6135,23.96484375,-7.5051,0.4161,-11.1173,-0.1781,0,REST
6136,23.96875,-9.8339,-3.9655,-8.3102,-3.9694,0,REST
6137,23.97265625,-12.7573,-7.418,-11.5178,-8.569,0,REST
6138,23.9765625,-12.5024,-8.1505,-6.7069,-9.4142,0,REST
6139,23.98046875,-12.3614,-9.4718,-2.2167,-10.3187,0,REST
6140,23.984375,-11.8947,-7.2663,4.6255,-8.8622,0,REST
6141,23.98828125,-8.1836,-11.623,6.3398,-12.7813,0,REST
6142,23.9921875,-5.7145,-10.9073,10.1965,-7.3118,0,REST
6143,23.99609375,-8.1457,-8.815,11.7095,-5.2286,0,REST
6144,24.0,2.6207,-6.58,17.0458,-9.4372,0,REST
6145,24.00390625,3.1935,-3.3999,12.6306,-2.5171,0,REST
6146,24.0078125,8.1525,-1.057,15.1047,-0.1217,0,REST
6147,24.01171875,9.7885,0.0244,12.8599,1.0798,0,REST
6148,24.015625,8.3084,3.1248,11.1849,11.0538,0,REST
6149,24.01953125,11.803,2.9937,5.9991,8.0335,0,REST
6150,24.0234375,10.2158,3.1217,4.1714,7.4326,0,REST
6151,24.02734375,14.574,9.5691,-0.048,12.9236,0,REST
6152,24.03125,9.4354,10.7071,-2.2085,13.048,0,REST
6153,24.03515625,6.0286,8.2292,-3.1788,8.6036,0,REST
6154,24.0390625,5.4368,10.802,-7.7766,10.8325,0,REST
6155,24.04296875,3.1589,8.7956,-7.5503,8.0536,0,REST
6156,24.046875,2.644,5.9461,-10.3641,1.8096,0,REST
6157,24.05078125,-2.681,4.6933,-16.3353,2.3802,0,REST
6158,24.0546875,-7.0687,4.3287,-14.1045,-5.6806,0,REST
6159,24.05859375,-7.9229,1.3371,-10.282,-7.2809,0,REST
6160,24.0625,-11.1276,0.813,-6.5413,-6.8029,0,REST
6161,24.06640625,-10.6579,-1.6951,-7.6289,-12.6265,0,REST
6162,24.0703125,-11.8939,-1.0589,-6.4035,-10.7229,0,REST
6163,24.07421875,-11.0101,-5.782,-2.1318,-12.1214,0,REST
6164,24.078125,-9.7962,-4.9112,2.6694,-10.2763,0,REST
6165,24.08203125,-6.7291,-10.2212,5.9895,-9.8326,0,REST
6166,24.0859375,-0.3703,-8.5141,6.0103,-6.7441,0,REST
6167,24.08984375,-3.4388,-5.2531,10.5305,-2.6613,0,REST
6168,24.09375,1.9761,-7.1089,11.1337,-2.5651,0,REST
6169,24.09765625,7.2366,-0.6665,5.7453,1.8026,0,REST
6170,24.1015625,7.4316,-4.6672,6.8082,1.7823,0,REST
6171,24.10546875,9.0539,3.6864,10.4948,2.1646,0,REST
6172,24.109375,9.8065,-1.6352,6.7643,7.289,0,REST
6173,24.11328125,11.6073,0.4228,4.7199,12.4189,0,REST
6174,24.1171875,9.0582,0.6782,3.4161,11.6809,0,REST
6175,24.12109375,11.3367,3.6542,1.3638,9.0849,0,REST
6176,24.125,8.7927,5.4533,-3.2268,12.5616,0,REST
6177,24.12890625,5.662,8.6109,-0.7431,10.9963,0,REST
6178,24.1328125,4.2878,3.8368,-4.803,6.315,0,REST
6179,24.13671875,4.5455,6.5797,-8.2222,6.4232,0,REST
6180,24.140625,-0.8711,5.4437,-12.9245,-1.4802,0,REST
6181,24.14453125,-3.1319,3.8468,-8.9803,-1.2479,0,REST
6182,24.1484375,-1.9957,2.5569,-9.2637,-5.3846,0,REST
6183,24.15234375,-6.208,0.6291,-5.946,-8.7404,0,REST
6184,24.15625,-4.1494,-1.4159,-6.4083,-11.6597,0,REST
6185,24.16015625,-4.4459,-0.3737,-5.8467,-12.7017,0,REST
6186,24.1640625,-9.0476,-4.531,-4.0519,-9.9505,0,REST
6187,24.16796875,-8.2853,-1.3684,-1.368,-11.132,0,REST
6188,24.171875,-5.2817,-6.2755,-3.6062,-10.1383,0,REST
6189,24.17578125,-1.6394,-2.8276,1.861,-8.5673,0,REST
6190,24.1796875,-3.9867,-6.407,5.4437,-3.9584,0,REST
6191,24.18359375,-0.1637,-4.8147,2.027,1.6206,0,REST
6192,24.1875,2.4197,-5.547,3.796,-0.7793,0,REST
6193,24.19140625,0.7031,-2.2282,2.0318,1.905,0,REST
6194,24.1953125,3.9007,-3.451,7.2278,6.2695,0,REST
6195,24.19921875,3.6193,-1.385,6.3135,9.8062,0,REST
6196,24.203125,1.6603,-4.0745,2.3052,12.606,0,REST
6197,24.20703125,3.2022,-0.1765,7.6473,12.488,0,REST
6198,24.2109375,6.1422,1.428,5.6944,10.7362,0,REST
6199,24.21484375,3.8332,2.5546,2.8439,9.8287,0,REST
6200,24.21875,2.9957,-0.1016,-4.0082,8.8701,0,REST
6201,24.22265625,5.1623,3.9273,0.5019,9.3525,0,REST
6202,24.2265625,2.7866,3.8517,2.3978,3.2383,0,REST
6203,24.23046875,0.7632,-0.5611,-0.1294,0.1338,0,REST
6204,24.234375,2.9069,0.2147,-1.7954,3.4497,0,REST
6205,24.23828125,-1.5294,2.0742,-0.9386,-4.5084,0,REST
6206,24.2421875,2.7582,2.7644,-2.6651,-6.7884,0,REST
6207,24.24609375,-0.2689,5.7676,-4.2967,-10.3813,0,REST
6208,24.25,3.755,2.9668,-4.8839,-6.2482,0,REST
6209,24.25390625,0.6802,1.361,-2.3976,-9.7487,0,REST
6210,24.2578125,1.8753,3.6615,-2.3499,-8.7438,0,REST
6211,24.26171875,-3.5903,1.5877,0.703,-6.5526,0,REST
6212,24.265625,-4.8463,-0.0118,-2.728,-5.6797,0,REST
6213,24.26953125,-2.8846,1.4543,-0.2613,-4.5665,0,REST
6214,24.2734375,-5.7328,0.8697,-3.6486,-1.2054,0,REST
6215,24.27734375,-2.3667,0.7578,-0.7164,-1.3335,0,REST
6216,24.28125,-3.6299,-1.7156,-2.4007,4.1441,0,REST
6217,24.28515625,-4.8496,-4.2429,-3.8252,3.0063,0,REST
6218,24.2890625,-6.2528,-3.4156,-4.0234,4.0535,0,REST
6219,24.29296875,-4.1774,-6.1465,1.5997,9.3495,0,REST
6220,24.296875,-4.3652,-1.6177,-0.3875,4.3532,0,REST
6221,24.30078125,-0.1708,-6.6491,0.5936,7.7161,0,REST
6222,24.3046875,-0.7778,-5.6116,4.334,6.6156,0,REST
6223,24.30859375,-1.3845,-2.3213,1.9343,8.7488,0,REST
6224,24.3125,-0.8989,-1.0195,4.9337,6.5557,0,REST
6225,24.31640625,1.4931,-1.0951,3.7682,-0.1927,0,REST
6226,24.3203125,0.4932,-2.939,7.6842,1.3534,0,REST
6227,24.32421875,4.0627,1.0257,6.1652,-0.6282,0,REST
6228,24.328125,3.4495,0.0592,6.6584,-3.5313,0,REST
6229,24.33203125,9.8891,2.1506,6.3508,-6.2814,0,REST
6230,24.3359375,4.0164,7.531,6.8511,-2.0904,0,REST
6231,24.33984375,7.4452,4.2689,4.233,-5.6048,0,REST
6232,24.34375,3.1011,4.5921,3.1903,-6.7902,0,REST
6233,24.34765625,2.45,5.5036,-3.0571,-3.4966,0,REST
6234,24.3515625,4.6817,5.9606,-2.6528,-1.3635,0,REST
6235,24.35546875,1.3783,4.9271,-7.4974,-1.0664,0,REST
6236,24.359375,-0.6552,2.1809,-5.2288,-1.9537,0,REST
6237,24.36328125,-3.8679,6.5578,-6.895,0.0001,0,REST
6238,24.3671875,-3.0273,1.4523,-8.6707,-3.7146,0,REST
6239,24.37109375,-5.9867,1.0746,-9.6414,-1.7628,0,REST
6240,24.375,-7.5754,-2.5645,-7.4506,-2.0031,0,REST
6241,24.37890625,-11.7962,-1.8709,-9.4924,1.7316,0,REST
6242,24.3828125,-9.5882,-5.4036,-8.9733,6.0837,0,REST
6243,24.38671875,-7.3464,-5.6603,-5.7284,2.3014,0,REST
6244,24.390625,-5.9816,-10.758,-3.6841,2.9787,0,REST
6245,24.39453125,-6.4611,-6.8977,2.0863,0.0646,0,REST
6246,24.3984375,0.0786,-8.6457,-0.0136,0.1583,0,REST
6247,24.40234375,-3.6465,-10.2056,5.2345,1.9491,0,REST
6248,24.40625,-0.6614,-7.4228,5.0966,3.3463,0,REST
6249,24.41015625,2.0691,-8.9812,12.9,4.7838,0,REST
6250,24.4140625,3.7715,-3.6328,11.7939,-0.3944,0,REST
6251,24.41796875,8.5783,0.722,10.7551,3.7291,0,REST
6252,24.421875,11.1906,-2.5171,9.33,0.5723,0,REST
6253,24.42578125,6.6855,1.3534,11.7664,2.538,0,REST
6254,24.4296875,16.6707,5.5385,4.7495,-0.2081,0,REST
6255,24.43359375,11.6894,5.8767,9.9228,4.6984,0,REST
6256,24.4375,9.14,6.9212,2.3033,0.7264,0,REST
6257,24.44140625,10.5334,11.9204,1.4937,0.3536,0,REST
6258,24.4453125,1.0365,10.5989,-0.8339,-4.2404,0,REST
6259,24.44921875,2.5125,11.8934,-6.6521,0.6488,0,REST
6260,24.453125,1.9004,10.3442,-6.1561,-4.268,0,REST
6261,24.45703125,0.9516,9.8069,-10.4809,-9.2929,0,REST
6262,24.4609375,-6.1458,8.0054,-11.3804,-5.4671,0,REST
6263,24.46484375,-8.6204,2.9972,-14.6652,-0.3215,0,REST
6264,24.46875,-11.948,1.0337,-10.1363,-3.9727,0,REST
6265,24.47265625,-9.0309,-5.0053,-12.7813,-3.1284,0,REST
6266,24.4765625,-13.6073,-8.1623,-10.8502,-3.0771,0,REST
6267,24.48046875,-11.7002,-7.4687,-7.6578,-1.5603,0,REST
6268,24.484375,-10.455,-11.0592,-3.639,0.0605,0,REST
6269,24.48828125,-12.404,-11.2605,-1.6382,-0.3798,0,REST
6270,24.4921875,-5.3287,-12.7057,2.1624,1.4771,0,REST
6271,24.49609375,-4.3341,-12.3534,4.0313,2.9766,0,REST
6272,24.5,-1.4757,-5.6072,9.1602,7.9892,0,REST
6273,24.50390625,0.5715,-5.3911,10.7349,4.439,0,REST
6274,24.5078125,4.2023,-5.1876,13.3451,6.5429,0,REST
6275,24.51171875,10.6909,-2.7136,12.9896,7.3005,0,REST
6276,24.515625,9.5106,3.148,11.6563,6.1343,0,REST
6277,24.51953125,13.8007,-0.2146,11.5356,4.4057,0,REST
6278,24.5234375,10.4739,4.5566,11.5398,5.6833,0,REST
6279,24.52734375,11.3675,11.3394,11.5407,4.3629,0,REST
6280,24.53125,9.8158,11.5354,4.504,3.347,0,REST
6281,24.53515625,12.6298,14.115,0.8897,1.7291,0,REST
6282,24.5390625,4.304,10.6113,5.3426,-2.4652,0,REST
6283,24.54296875,3.2939,8.9557,-4.3728,-4.7784,0,REST
6284,24.546875,0.3683,7.541,-10.776,-7.9686,0,REST
6285,24.55078125,-8.6171,6.1656,-7.822,-5.8871,0,REST
6286,24.5546875,-7.1844,4.4396,-12.4323,-8.4086,0,REST
6287,24.55859375,-6.3216,3.9086,-10.7405,-8.532,0,REST
6288,24.5625,-12.1875,1.0454,-12.2686,-6.7363,0,REST
6289,24.56640625,-15.4719,-4.8384,-11.0934,-6.4837,0,REST
6290,24.5703125,-14.4307,-6.9607,-6.6544,-4.5344,0,REST
6291,24.57421875,-10.9682,-9.5748,-9.2411,-5.4202,0,REST
6292,24.578125,-10.1112,-10.724,-4.1258,-4.2181,0,REST
6293,24.58203125,-8.4108,-14.9612,-1.086,0.1479,0,REST
6294,24.5859375,-7.9322,-13.8844,2.4845,6.8954,0,REST
6295,24.58984375,-3.307,-13.8617,6.3617,8.0384,0,REST
6296,24.59375,3.2751,-10.9699,8.062,7.0879,0,REST
6297,24.59765625,-0.4838,-9.6352,10.7233,10.7596,0,REST
6298,24.6015625,7.3164,-5.7059,10.2948,11.2558,0,REST
6299,24.60546875,4.0479,-1.6312,9.175,12.319,0,REST
6300,24.609375,7.4706,-1.387,12.2344,9.7662,0,REST
6301,24.61328125,6.4688,4.9305,8.3839,8.3574,0,REST
6302,24.6171875,14.7077,8.8719,7.2792,7.0949,0,REST
6303,24.62109375,10.7198,11.0205,10.1935,5.7773,0,REST
6304,24.625,6.517,11.4171,6.3705,-2.4626,0,REST
6305,24.62890625,8.3517,9.2137,-0.333,-3.3703,0,REST
6306,24.6328125,2.409,14.3264,-1.6795,-6.0231,0,REST
6307,24.63671875,1.9097,12.8454,-1.5834,-7.5304,0,REST
6308,24.640625,-0.3737,12.7046,-4.5306,-10.7951,0,REST
6309,24.64453125,-3.9866,10.6225,-8.0135,-8.2986,0,REST
6310,24.6484375,-6.7068,4.9436,-6.1725,-9.7205,0,REST
6311,24.65234375,-3.4896,4.6874,-3.1518,-8.1251,0,REST
6312,24.65625,-7.8954,1.0459,-7.6216,-13.8395,0,REST
6313,24.66015625,-6.011,-5.6185,-7.8285,-6.5465,0,REST
6314,24.6640625,-8.752,-10.3285,-7.6949,-4.0718,0,REST
6315,24.66796875,-8.0874,-12.4735,-6.0428,-2.9689,0,REST
6316,24.671875,-6.0659,-14.5378,-6.1893,0.9814,0,REST
6317,24.67578125,-6.0985,-9.394,-3.0366,4.5604,0,REST
6318,24.6796875,-0.7515,-10.2041,1.7941,7.012,0,REST
6319,24.68359375,2.3275,-7.9613,0.575,12.1856,0,REST
6320,24.6875,1.2756,-12.0894,-0.6566,14.4182,0,REST
6321,24.69140625,-0.8088,-11.5049,0.4994,11.4398,0,REST
6322,24.6953125,1.2202,-5.5808,1.026,10.8271,0,REST
6323,24.69921875,1.8565,-1.2272,4.8679,12.8019,0,REST
6324,24.703125,1.2654,0.8887,8.4359,7.3176,0,REST
6325,24.70703125,5.1743,8.7912,3.2301,4.9488,0,REST
6326,24.7109375,7.203,5.7009,3.391,2.6561,0,REST
6327,24.71484375,-0.0736,10.9504,0.7849,-0.3828,0,REST
6328,24.71875,3.2178,11.3703,2.2112,-5.3886,0,REST
6329,24.72265625,2.4836,12.2208,3.1689,-10.4994,0,REST
6330,24.7265625,5.3898,13.5778,2.686,-7.3685,0,REST
6331,24.73046875,3.7982,12.109,-1.7796,-11.2131,0,REST
6332,24.734375,2.3608,12.6657,-1.8577,-12.6246,0,REST
6333,24.73828125,2.6041,3.4156,0.5537,-10.9245,0,REST
6334,24.7421875,0.5819,4.1362,2.329,-12.6933,0,REST
6335,24.74609375,0.4742,0.4573,-3.9964,-11.9139,0,REST
6336,24.75,-4.4565,-1.4363,2.0271,-4.5016,0,REST
6337,24.75390625,0.4163,-4.5171,-1.3763,-5.1977,0,REST
6338,24.7578125,-0.2122,-4.009,-3.4813,0.9908,0,REST
6339,24.76171875,2.3343,-11.7591,-0.348,1.6741,0,REST
6340,24.765625,-1.0615,-9.3065,-1.5892,4.2266,0,REST
6341,24.76953125,-2.4759,-11.0906,0.8188,6.9707,0,REST
6342,24.7734375,-4.2199,-13.5146,-3.9379,10.665,0,REST
6343,24.77734375,-2.9362,-10.8472,-4.0015,12.6079,0,REST
6344,24.78125,-3.4311,-10.2799,-6.9674,14.8925,0,REST
6345,24.78515625,-5.6717,-4.3289,-2.996,6.0613,0,REST
6346,24.7890625,-5.0867,-2.8606,-4.8434,8.1751,0,REST
6347,24.79296875,-5.3334,-3.8662,-5.6418,8.0445,0,REST
6348,24.796875,-1.047,-3.7382,-1.7335,4.0431,0,REST
6349,24.80078125,-0.0096,1.2335,-3.0277,2.3538,0,REST
6350,24.8046875,0.4379,7.7447,0.0758,-1.5765,0,REST
6351,24.80859375,0.6613,6.2164,0.4422,-2.6088,0,REST
6352,24.8125,4.9169,7.4632,2.5382,-4.5278,0,REST
6353,24.81640625,2.6596,9.2321,1.1629,-9.5098,0,REST
6354,24.8203125,4.5493,8.8021,6.6135,-10.255,0,REST
6355,24.82421875,6.1279,10.5136,7.4396,-11.9407,0,REST
6356,24.828125,4.3117,6.6008,5.2843,-13.4748,0,REST
6357,24.83203125,7.2671,6.9533,7.6106,-6.4975,0,REST
6358,24.8359375,5.929,4.9129,4.7333,-6.4154,0,REST
6359,24.83984375,6.3873,4.1935,6.193,-6.0626,0,REST
6360,24.84375,6.6712,-0.0886,8.7381,-2.6877,0,REST
6361,24.84765625,5.773,-1.8532,4.5434,-2.793,0,REST
6362,24.8515625,5.8017,-10.065,1.6551,2.3,0,REST
6363,24.85546875,-0.1912,-8.789,1.1514,2.4286,0,REST
6364,24.859375,-2.1115,-8.6162,0.2289,7.04,0,REST
6365,24.86328125,-1.866,-2.8764,-4.1529,8.1602,0,REST
6366,24.8671875,-7.2503,-6.1747,-2.2501,7.9014,0,REST
6367,24.87109375,-8.619,-4.5239,-6.3412,6.2547,0,REST
6368,24.875,-6.7569,-6.2196,-10.0559,9.6466,0,REST
6369,24.87890625,-9.4322,-6.1436,-8.7554,10.0263,0,REST
6370,24.8828125,-12.2676,-0.6824,-11.9974,5.2365,0,REST
6371,24.88671875,-11.3439,-2.4645,-9.0895,1.3223,0,REST
6372,24.890625,-10.4331,-1.481,-5.3654,0.5474,0,REST
6373,24.89453125,-9.8059,-1.8934,-5.2324,-2.7132,0,REST
6374,24.8984375,-4.2843,4.8726,-2.1647,-1.5222,0,REST
6375,24.90234375,-3.8017,4.6753,-1.1621,-0.4318,0,REST
6376,24.90625,-0.4641,3.0575,-0.3888,-6.558,0,REST
6377,24.91015625,0.8005,7.2404,2.4655,-2.0723,0,REST
6378,24.9140625,5.3264,3.5086,6.7081,-4.7971,0,REST
6379,24.91796875,10.9815,5.3069,11.2426,-8.0479,0,REST
6380,24.921875,11.7711,8.1733,12.3306,-3.8226,0,REST
6381,24.92578125,6.3292,2.1537,13.4508,-2.3708,0,REST
6382,24.9296875,8.9535,3.5357,10.6335,-4.4127,0,REST
6383,24.93359375,12.6035,1.6255,12.5917,-0.7985,0,REST
6384,24.9375,12.6028,-0.071,10.6911,-0.438,0,REST
6385,24.94140625,12.4753,-3.3396,7.4521,-2.2973,0,REST
6386,24.9453125,7.2584,-1.8375,5.3996,-0.0222,0,REST
6387,24.94921875,1.9817,0.0311,2.5908,3.2254,0,REST
6388,24.953125,0.9649,-0.7597,-0.8148,2.0601,0,REST
6389,24.95703125,-3.8482,-2.7217,-6.8489,2.785,0,REST
6390,24.9609375,-7.0812,-2.7665,-7.2045,3.5085,0,REST
6391,24.96484375,-7.1138,-7.2518,-11.0573,0.3131,0,REST
6392,24.96875,-13.6088,-1.3056,-13.0867,0.645,0,REST
6393,24.97265625,-10.1246,-2.1225,-8.3622,3.5224,0,REST
6394,24.9765625,-10.0612,1.5717,-14.1584,1.9723,0,REST
6395,24.98046875,-13.5632,-1.9137,-12.727,0.6674,0,REST
6396,24.984375,-10.7127,-6.0901,-13.5336,2.2634,0,REST
6397,24.98828125,-8.3972,-0.4475,-9.5955,1.9812,0,REST
6398,24.9921875,-8.9898,-2.3607,-5.3671,2.9369,0,REST
6399,24.99609375,-3.2466,0.0315,-2.8403,-0.5583,0,REST
6400,25.0,0.9933,1.5783,-1.1087,0.5153,0,REST
6401,25.00390625,6.3892,-0.7419,6.1961,-0.2051,0,REST
6402,25.0078125,7.8251,1.465,7.5124,0.5599,0,REST
6403,25.01171875,7.7596,-3.1422,9.0104,0.0679,0,REST
6404,25.015625,11.1147,1.1129,9.7236,-0.989,0,REST
6405,25.01953125,14.3369,2.5785,13.0997,-3.0375,0,REST
6406,25.0234375,10.4946,6.6653,11.5841,-4.1316,0,REST
6407,25.02734375,10.5629,2.8345,12.088,-4.3529,0,REST
6408,25.03125,13.0807,1.666,9.0771,-4.5806,0,REST
6409,25.03515625,7.1595,5.8703,10.2798,-7.6158,0,REST
6410,25.0390625,6.6759,1.8784,10.7432,-4.0811,0,REST
6411,25.04296875,2.944,-1.6887,4.3773,-7.5231,0,REST
6412,25.046875,-1.6173,1.5343,2.8447,-3.8153,0,REST
6413,25.05078125,-6.2975,2.5984,-2.0904,-0.7401,0,REST
6414,25.0546875,-8.2185,-4.6559,-6.0373,-6.4791,0,REST
6415,25.05859375,-9.4195,2.3589,-8.0271,0.7913,0,REST
6416,25.0625,-11.9829,-1.8566,-12.259,-0.3768,0,REST
6417,25.06640625,-13.1628,-4.4555,-10.3088,4.3357,0,REST
6418,25.0703125,-14.1363,-0.7481,-13.6896,-0.4928,0,REST
6419,25.07421875,-10.428,-0.0198,-10.1282,5.4454,0,REST
6420,25.078125,-10.9957,-5.5412,-7.5268,1.555,0,REST
6421,25.08203125,-7.9047,-4.8543,-7.2537,4.9747,0,REST
6422,25.0859375,-5.1331,-7.2097,-10.1286,7.5571,0,REST
6423,25.08984375,1.1993,-5.0106,-2.7105,7.7101,0,REST
6424,25.09375,7.2721,-1.9755,4.111,4.3304,0,REST
6425,25.09765625,7.1504,-5.4838,-1.8379,4.0509,0,REST
6426,25.1015625,6.5629,-2.6012,6.2016,2.4226,0,REST
6427,25.10546875,7.5175,-1.9805,7.1532,1.3846,0,REST
6428,25.109375,8.6149,0.1629,8.3407,-3.0225,0,REST
6429,25.11328125,10.1297,7.344,7.5143,-6.8431,0,REST
6430,25.1171875,9.8694,3.9015,8.7449,-8.1014,0,REST
6431,25.12109375,9.3621,4.7417,11.9375,-5.3923,0,REST
6432,25.125,7.7892,3.9523,8.9328,-9.1823,0,REST
6433,25.12890625,9.6651,9.712,4.0147,-5.8158,0,REST
6434,25.1328125,6.3369,8.8815,7.0201,-12.1062,0,REST
6435,25.13671875,3.8317,3.1688,2.1528,-9.7495,0,REST
6436,25.140625,-2.9992,6.8743,-1.4866,-10.2085,0,REST
6437,25.14453125,-3.1364,5.2195,-1.5308,-3.5001,0,REST
6438,25.1484375,-2.7,4.8374,-0.7466,-2.4154,0,REST
6439,25.15234375,-7.7158,2.0957,-1.9254,2.9432,0,REST
6440,25.15625,-0.2979,1.0247,-6.3617,3.1678,0,REST
6441,25.16015625,-7.8856,-6.3977,-8.8782,6.1764,0,REST
6442,25.1640625,-5.5193,-4.1782,-8.253,6.1577,0,REST
6443,25.16796875,-3.2611,-6.5564,-9.3843,9.1602,0,REST
6444,25.171875,-3.7969,-7.7207,-8.2021,10.4782,0,REST
6445,25.17578125,-6.2801,-11.9628,-4.5539,5.6847,0,REST
6446,25.1796875,0.2206,-8.2816,-1.4079,8.2972,0,REST
6447,25.18359375,1.4316,-7.5714,-1.3985,7.6549,0,REST
6448,25.1875,-2.5547,-7.9734,-0.3645,6.498,0,REST
6449,25.19140625,2.6663,-6.2611,-2.9815,5.3966,0,REST
6450,25.1953125,2.4904,-6.8188,0.9611,-3.7162,0,REST
6451,25.19921875,0.2714,-5.2953,1.8588,-1.6426,0,REST
6452,25.203125,5.5938,0.5147,3.5183,-6.8624,0,REST
6453,25.20703125,5.113,1.4333,5.6803,-7.2264,0,REST
6454,25.2109375,5.1811,3.9316,2.9521,-7.0642,0,REST
6455,25.21484375,5.2291,4.4539,1.9405,-13.4888,0,REST
6456,25.21875,4.0061,9.0612,3.3025,-12.997,0,REST
6457,25.22265625,1.0941,7.6862,2.7904,-8.9648,0,REST
6458,25.2265625,3.3812,10.4199,2.2053,-8.1299,0,REST
6459,25.23046875,1.432,9.6998,4.7867,-9.9163,0,REST
6460,25.234375,1.5487,6.2567,0.7936,-3.5322,0,REST
6461,25.23828125,6.0186,5.1578,2.2433,0.2349,0,REST
6462,25.2421875,4.5,5.5132,-0.0825,3.9545,0,REST
6463,25.24609375,-0.6387,7.0587,0.2124,4.0527,0,REST
6464,25.25,1.753,1.2341,6.4481,8.5948,0,REST
6465,25.25390625,-1.1104,-3.3087,-0.57,10.5594,0,REST
6466,25.2578125,0.7152,-1.0264,-1.9783,12.4439,0,REST
6467,25.26171875,0.7841,-6.6374,1.3515,13.066,0,REST
6468,25.265625,0.6188,-10.3275,-1.2169,13.8354,0,REST
6469,25.26953125,-4.2075,-11.1784,-4.0193,12.5704,0,REST
6470,25.2734375,-5.5727,-11.9228,-3.8026,12.4322,0,REST
6471,25.27734375,-2.9881,-11.2341,-2.321,5.1498,0,REST
6472,25.28125,-1.7783,-8.1891,-5.3648,3.6445,0,REST
6473,25.28515625,-6.9664,-14.0657,-2.9123,-0.6633,0,REST
6474,25.2890625,-6.16,-6.6668,-6.1944,-3.3721,0,REST
6475,25.29296875,-3.0472,-4.6694,-2.8775,-4.8935,0,REST
6476,25.296875,0.7934,-1.673,-4.1753,-6.8325,0,REST
6477,25.30078125,-2.2263,4.8221,-3.9917,-12.9417,0,REST
6478,25.3046875,-4.1819,7.1727,-1.5213,-9.1444,0,REST
6479,25.30859375,0.838,8.7218,-3.8871,-13.4574,0,REST
6480,25.3125,2.7552,9.3238,0.1702,-11.7078,0,REST
6481,25.31640625,5.3979,11.8177,-2.0894,-10.1337,0,REST
6482,25.3203125,3.64,13.669,3.0849,-12.4897,0,REST
6483,25.32421875,3.8636,12.8583,6.2104,-7.1914,0,REST
6484,25.328125,4.9713,12.6686,3.8981,-3.8372,0,REST
6485,25.33203125,5.8226,8.0156,5.2718,0.34,0,REST
6486,25.3359375,6.7424,7.3733,9.4514,6.31,0,REST
6487,25.33984375,7.2929,4.5343,4.5279,11.6181,0,REST
6488,25.34375,4.1293,-2.3284,5.3375,9.8372,0,REST
6489,25.34765625,7.7139,1.9244,5.129,11.0785,0,REST
6490,25.3515625,1.5167,-5.1292,5.8249,13.7064,0,REST
6491,25.35546875,-1.2374,-5.3438,6.3772,10.2604,0,REST
6492,25.359375,0.0228,-12.1061,5.007,10.4748,0,REST
6493,25.36328125,-3.1247,-11.3927,-0.9562,11.8264,0,REST
6494,25.3671875,-3.6323,-13.6552,-3.8094,7.0123,0,REST
6495,25.37109375,-7.961,-12.7385,-0.95,3.9927,0,REST
6496,25.375,-9.2499,-11.1361,-5.4325,2.1217,0,REST
6497,25.37890625,-10.8407,-5.5372,-7.4777,-1.9873,0,REST
6498,25.3828125,-10.0658,-5.1585,-6.9571,-7.3863,0,REST
6499,25.38671875,-7.7009,-3.7207,-7.6245,-7.3584,0,REST
6500,25.390625,-8.7777,2.1281,-12.7871,-9.9207,0,REST
6501,25.39453125,-7.9758,6.1106,-8.6495,-11.554,0,REST
6502,25.3984375,-9.1042,4.9617,-11.6997,-8.5559,0,REST
6503,25.40234375,-2.407,6.5945,-6.9585,-10.1553,0,REST
6504,25.40625,1.7455,13.3504,-8.0779,-7.2127,0,REST
6505,25.41015625,3.0235,12.3451,-2.0957,-5.7148,0,REST
6506,25.4140625,3.3568,13.673,-1.1285,-3.8641,0,REST
6507,25.41796875,8.7363,12.8945,3.1998,-5.6045,0,REST
6508,25.421875,10.2169,11.4772,8.0395,-0.2464,0,REST
6509,25.42578125,7.9003,9.381,8.5087,6.0475,0,REST
6510,25.4296875,11.5377,6.5492,12.2946,4.6919,0,REST
6511,25.43359375,10.1561,5.9129,13.054,8.8846,0,REST
6512,25.4375,9.9653,2.3215,8.0854,7.6644,0,REST
6513,25.44140625,9.0714,-1.7488,12.47,9.034,0,REST
6514,25.4453125,8.4259,-3.4162,11.432,7.0165,0,REST
6515,25.44921875,4.64,-4.3863,9.145,9.1127,0,REST
6516,25.453125,3.1264,-11.7188,3.4205,6.6997,0,REST
6517,25.45703125,-4.0729,-11.0081,3.267,3.3921,0,REST
6518,25.4609375,-8.7805,-7.628,7.7115,2.1836,0,REST
6519,25.46484375,-7.4173,-11.6751,-3.1517,1.3683,0,REST
6520,25.46875,-10.9944,-7.3417,-8.0737,-3.2281,0,REST
6521,25.47265625,-16.3897,-10.4837,-7.9734,-1.9242,0,REST
6522,25.4765625,-11.4717,-8.3026,-10.4798,-6.8661,0,REST
6523,25.48046875,-12.2514,-7.2487,-10.0071,-5.8921,0,REST
6524,25.484375,-12.2516,2.2713,-15.5128,-9.0991,0,REST
6525,25.48828125,-9.8424,4.0662,-11.4231,-10.8699,0,REST
6526,25.4921875,-6.6942,2.9545,-10.1051,-4.5403,0,REST
6527,25.49609375,-4.9515,8.1439,-13.4721,-8.0825,0,REST
6528,25.5,1.083,10.8794,-8.6153,-5.3506,0,REST
6529,25.50390625,2.5519,8.8571,-1.8537,-5.4002,0,REST
6530,25.5078125,4.7687,8.5674,-1.3768,-0.4125,0,REST
6531,25.51171875,5.9129,12.1642,-0.1676,-2.9916,0,REST
6532,25.515625,9.4892,8.7109,6.0595,3.7732,0,REST
6533,25.51953125,12.5058,7.9335,10.6677,3.4339,0,REST
6534,25.5234375,12.1828,4.9116,11.5741,1.9002,0,REST
6535,25.52734375,12.1745,3.72,9.8054,3.6986,0,REST
6536,25.53125,8.5309,-0.2647,15.7355,0.2674,0,REST
6537,25.53515625,8.1421,-3.0211,10.7808,5.5762,0,REST
6538,25.5390625,7.5626,-3.9078,8.4694,3.7857,0,REST
6539,25.54296875,4.0596,-8.041,9.0459,0.1723,0,REST
6540,25.546875,-0.102,-7.0277,6.8157,6.1776,0,REST
6541,25.55078125,-1.0092,-9.9207,5.7274,1.5898,0,REST
6542,25.5546875,-9.0647,-8.891,4.753,5.1723,0,REST
6543,25.55859375,-9.81,-9.6041,0.1316,1.926,0,REST
6544,25.5625,-10.4007,-9.7561,-4.6128,-0.6362,0,REST
6545,25.56640625,-13.1467,-9.3116,-7.4364,5.423,0,REST
6546,25.5703125,-14.7223,-6.799,-9.9894,-1.2969,0,REST
6547,25.57421875,-11.5317,-3.3782,-10.7805,-1.5201,0,REST
6548,25.578125,-8.8345,0.9472,-9.5207,-0.0663,0,REST
6549,25.58203125,-7.4493,4.468,-13.005,-6.4416,0,REST
6550,25.5859375,-8.642,5.722,-12.8768,-1.0546,0,REST
6551,25.58984375,-4.1351,5.4421,-12.6292,-3.5305,0,REST
6552,25.59375,3.2119,3.3042,-7.3484,-3.3607,0,REST
6553,25.59765625,0.4746,9.9912,-3.4135,-3.3559,0,REST
6554,25.6015625,6.8423,10.0562,-1.3806,0.0761,0,REST
6555,25.60546875,4.6628,9.5484,3.0694,-0.9638,0,REST
6556,25.609375,5.5234,9.0864,1.5129,-3.9104,0,REST
6557,25.61328125,7.721,8.7956,1.0455,-0.1608,0,REST
6558,25.6171875,8.2904,4.5442,7.7548,-1.6012,0,REST
6559,25.62109375,6.4126,1.51,10.6834,-0.0389,0,REST
6560,25.625,9.48,0.6434,7.5652,-1.2065,0,REST
6561,25.62890625,6.4911,0.6918,11.7693,2.4197,0,REST
6562,25.6328125,3.7259,-3.9949,5.3097,3.0405,0,REST
6563,25.63671875,2.2541,-3.7246,8.826,5.6834,0,REST
6564,25.640625,2.4406,-6.2314,5.7464,2.5343,0,REST
6565,25.64453125,-2.4995,-7.694,5.3403,6.3879,0,REST
6566,25.6484375,-6.5763,-8.3976,3.6874,2.5753,0,REST
6567,25.65234375,-2.2695,-7.6531,2.7547,6.952,0,REST
6568,25.65625,-8.2895,-8.8357,0.131,4.1751,0,REST
6569,25.66015625,-4.0038,-7.8653,-4.6587,9.1665,0,REST
6570,25.6640625,-6.4518,-3.083,-4.586,4.3059,0,REST
6571,25.66796875,-8.0508,-5.142,-4.3572,3.4456,0,REST
6572,25.671875,-6.5646,-0.0819,-2.6562,2.2071,0,REST
6573,25.67578125,-4.2607,-0.4168,-3.5833,3.7044,0,REST
6574,25.6796875,-3.172,0.0681,-5.5652,1.0793,0,REST
6575,25.68359375,0.3672,3.4909,-8.8057,-0.9899,0,REST
6576,25.6875,0.1441,8.2655,-8.8937,-2.0041,0,REST
6577,25.69140625,2.3755,3.3736,-4.9098,-5.5519,0,REST
6578,25.6953125,0.5671,7.1169,0.4356,-6.6148,0,REST
6579,25.69921875,3.5586,6.3953,-5.9371,-7.7244,0,REST
6580,25.703125,2.4349,5.1903,0.4626,-9.1722,0,REST
6581,25.70703125,4.9458,6.0305,-0.7329,-6.0354,0,REST
6582,25.7109375,0.5844,6.0095,-0.0772,-7.4388,0,REST
6583,25.71484375,6.3471,2.5534,1.1613,-1.996,0,REST
6584,25.71875,3.2166,0.9493,2.0889,-0.7081,0,REST
6585,25.72265625,1.0734,5.5997,1.8925,-0.2162,0,REST
6586,25.7265625,4.6951,4.9743,4.3964,3.7563,0,REST
6587,25.73046875,0.3943,-0.0075,3.2315,3.3137,0,REST
6588,25.734375,2.8369,-1.5302,-0.2292,3.3317,0,REST
6589,25.73828125,3.2096,-1.5044,5.7231,9.758,0,REST
6590,25.7421875,-4.0258,0.6546,2.3766,8.1725,0,REST
6591,25.74609375,0.1935,-4.6613,1.2548,5.8181,0,REST
6592,25.75,0.5935,0.2585,2.3168,15.2272,0,REST
6593,25.75390625,-1.221,-4.1053,3.0232,10.0431,0,REST
6594,25.7578125,1.913,-3.4368,-0.3613,4.4742,0,REST
6595,25.76171875,0.5357,0.5215,-1.4303,3.4053,0,REST
6596,25.765625,-3.3723,2.4579,0.4975,-0.0015,0,REST
6597,25.76953125,-1.7297,-4.4717,2.2391,-2.5423,0,REST
6598,25.7734375,-5.6084,-1.0216,1.1853,-1.6662,0,REST
6599,25.77734375,-6.0244,0.8519,1.2983,-8.4812,0,REST
6600,25.78125,-3.8721,-1.4028,-1.1599,-8.4683,0,REST
6601,25.78515625,-6.9038,0.2734,-1.9957,-10.7658,0,REST
6602,25.7890625,-2.7662,3.0104,-0.5015,-9.7354,0,REST
6603,25.79296875,-5.2497,1.1547,-1.3519,-12.6572,0,REST
6604,25.796875,-0.3811,3.7333,-1.7669,-10.2628,0,REST
6605,25.80078125,-2.7178,4.0096,1.7373,-8.8756,0,REST
6606,25.8046875,-1.0059,7.4608,-7.5036,-7.5491,0,REST
6607,25.80859375,-0.2137,3.107,-9.063,-1.1675,0,REST
6608,25.8125,1.5827,5.7291,-3.1854,-3.0499,0,REST
6609,25.81640625,2.8481,3.7091,-4.1238,5.2166,0,REST
6610,25.8203125,4.1154,-0.4751,-2.0744,3.4243,0,REST
6611,25.82421875,2.9214,3.737,-0.9172,7.9615,0,REST
6612,25.828125,6.1035,5.7079,0.1475,11.755,0,REST
6613,25.83203125,3.3141,-0.0665,2.8752,12.2142,0,REST
6614,25.8359375,7.2096,5.1564,2.202,10.6364,0,REST
6615,25.83984375,7.0412,-0.7721,2.0056,11.1975,0,REST
6616,25.84375,4.4438,1.3132,5.0676,13.5746,0,REST
6617,25.84765625,7.8134,-1.954,9.3875,11.3141,0,REST
6618,25.8515625,3.4795,-1.2217,5.998,6.1347,0,REST
6619,25.85546875,0.8507,-4.5924,8.6364,0.6931,0,REST
6620,25.859375,1.5476,-4.8791,3.6501,0.4162,0,REST
6621,25.86328125,-1.3539,-3.5324,10.2562,-5.2163,0,REST
6622,25.8671875,-5.8541,-5.7651,5.4517,-7.0975,0,REST
6623,25.87109375,-7.8494,-5.2956,3.8725,-9.9105,0,REST
6624,25.875,-9.9006,-5.2126,0.135,-12.0167,0,REST
6625,25.87890625,-11.678,-2.4324,-0.1293,-15.2015,0,REST
6626,25.8828125,-8.6053,-4.6082,-6.4029,-13.223,0,REST
6627,25.88671875,-10.3798,-6.2539,-6.5265,-9.7541,0,REST
6628,25.890625,-8.6252,-0.6659,-7.5881,-7.8548,0,REST
6629,25.89453125,-11.601,2.8021,-10.6201,-8.4434,0,REST
6630,25.8984375,-2.5844,5.1686,-10.9937,-3.5954,0,REST
6631,25.90234375,-1.8354,6.1992,-10.2527,2.087,0,REST
6632,25.90625,2.0482,6.355,-13.4931,0.792,0,REST
6633,25.91015625,2.307,8.274,-11.0263,6.1524,0,REST
6634,25.9140625,6.3387,6.0147,-5.1296,6.9809,0,REST
6635,25.91796875,6.1021,8.9784,-2.3447,8.433,0,REST
6636,25.921875,8.3776,4.5013,-1.5397,12.2155,0,REST
6637,25.92578125,8.9357,5.5839,0.6195,7.8075,0,REST
6638,25.9296875,13.5528,5.0743,8.6292,14.9009,0,REST
6639,25.93359375,10.8947,5.9212,7.0603,10.0318,0,REST
6640,25.9375,9.2295,2.2425,10.2565,10.6888,0,REST
6641,25.94140625,9.567,-2.3495,8.7831,6.5758,0,REST
6642,25.9453125,5.9975,-3.9244,13.2022,4.5387,0,REST
6643,25.94921875,1.852,-5.0568,13.054,2.6539,0,REST
6644,25.953125,-0.9541,-8.9015,11.5948,-5.7191,0,REST
6645,25.95703125,-3.7629,-9.3359,10.6188,-8.3336,0,REST
6646,25.9609375,-6.185,-8.4033,9.3462,-10.9781,0,REST
6647,25.96484375,-11.9505,-11.2362,4.0173,-8.7451,0,REST
6648,25.96875,-8.8447,-12.1987,1.7356,-14.8833,0,REST
6649,25.97265625,-10.9541,-5.7358,-2.211,-9.3616,0,REST
6650,25.9765625,-14.4229,-6.9316,-2.99,-10.2229,0,REST
6651,25.98046875,-11.9338,-6.0992,-8.7579,-7.4569,0,REST
6652,25.984375,-10.7935,-1.0104,-11.2773,-5.9327,0,REST
6653,25.98828125,-7.9653,0.9369,-10.7338,-4.0119,0,REST
6654,25.9921875,-8.6874,6.561,-12.4022,1.7985,0,REST
6655,25.99609375,-3.1497,6.3423,-13.6817,0.9339,0,REST
6656,26.0,0.9812,5.3426,-10.7399,2.2254,0,REST
6657,26.00390625,0.8004,8.7123,-8.8014,9.3866,0,REST
6658,26.0078125,5.08,11.5498,-8.2826,6.6443,0,REST
6659,26.01171875,10.4623,9.4502,-4.0842,11.194,0,REST
6660,26.015625,10.4932,12.9185,-5.3259,8.7582,0,REST
6661,26.01953125,11.8279,11.1205,-1.4772,7.5701,0,REST
6662,26.0234375,14.4681,7.7266,4.8691,3.9306,0,REST
6663,26.02734375,10.3849,6.5557,7.0022,6.2007,0,REST
6664,26.03125,8.794,1.2659,9.7056,6.0756,0,REST
6665,26.03515625,9.3648,-0.7441,11.1309,-0.4112,0,REST
6666,26.0390625,7.8398,-2.1048,12.0839,-1.5933,0,REST
6667,26.04296875,-0.7349,-3.6284,10.9511,-4.4231,0,REST
6668,26.046875,0.6457,-10.5447,11.4433,-3.2058,0,REST
6669,26.05078125,-5.259,-12.524,9.976,-5.8632,0,REST
6670,26.0546875,-3.0891,-13.8354,6.3951,-11.1917,0,REST
6671,26.05859375,-9.9012,-7.6815,9.1426,-8.0313,0,REST
6672,26.0625,-10.945,-9.2285,2.0913,-8.4733,0,REST
6673,26.06640625,-9.2827,-13.9835,-3.2866,-5.211,0,REST
6674,26.0703125,-9.4161,-11.3848,-3.5777,-6.9176,0,REST
6675,26.07421875,-6.5318,-5.8265,-5.0075,-2.0618,0,REST
6676,26.078125,-11.1552,1.1397,-10.7769,-2.8995,0,REST
6677,26.08203125,-5.9768,0.2748,-9.8393,-5.2115,0,REST
6678,26.0859375,-3.9748,2.8956,-7.5231,3.6745,0,REST
6679,26.08984375,-2.2318,3.28,-12.5774,1.184,0,REST
6680,26.09375,1.2631,10.544,-11.9561,4.3751,0,REST
6681,26.09765625,4.0664,9.9206,-8.5096,5.0053,0,REST
6682,26.1015625,6.8262,13.1906,-6.2514,5.4842,0,REST
6683,26.10546875,6.7259,13.9593,-10.416,8.5021,0,REST
6684,26.109375,8.8888,9.1035,-3.408,4.5933,0,REST
6685,26.11328125,10.0881,8.343,-1.3327,7.1537,0,REST
6686,26.1171875,5.3237,5.6078,5.1778,3.8664,0,REST
6687,26.12109375,7.0197,4.7739,4.9644,5.0243,0,REST
6688,26.125,10.6337,6.9314,5.654,0.9727,0,REST
6689,26.12890625,4.0319,0.7155,5.1126,2.2951,0,REST
6690,26.1328125,6.7919,-5.5148,4.629,0.6797,0,REST
6691,26.13671875,0.4634,-8.3627,7.6018,-0.2695,0,REST
6692,26.140625,1.8598,-11.4232,5.3739,-0.3987,0,REST
6693,26.14453125,-0.1074,-10.8263,2.8407,-6.3976,0,REST
6694,26.1484375,-5.551,-13.0182,1.8546,-0.9738,0,REST
6695,26.15234375,-6.3337,-14.324,4.7351,0.3059,0,REST
6696,26.15625,-7.2141,-14.7181,3.5851,-5.7394,0,REST
6697,26.16015625,-4.8177,-11.7045,4.1737,-4.8373,0,REST
6698,26.1640625,-7.0196,-9.5078,-3.7824,-4.2033,0,REST
6699,26.16796875,-5.9611,-8.1362,-4.6557,-3.4649,0,REST
6700,26.171875,-5.4134,-1.6213,-5.2699,-3.8242,0,REST
6701,26.17578125,-5.9465,0.1405,-8.6842,1.2716,0,REST
6702,26.1796875,-4.57,4.8186,-4.0158,-0.7986,0,REST
6703,26.18359375,-1.1526,10.7865,-6.043,-1.4738,0,REST
6704,26.1875,-0.9098,5.1556,-8.8827,-3.3402,0,REST
6705,26.19140625,-1.9618,11.7256,-2.7772,-4.0536,0,REST
6706,26.1953125,0.5692,12.2341,-6.9423,-1.7118,0,REST
6707,26.19921875,0.4474,16.1466,-7.7529,2.3276,0,REST
6708,26.203125,5.8595,9.9344,-5.8397,2.5683,0,REST
6709,26.20703125,5.4211,12.8967,-4.4747,2.0387,0,REST
6710,26.2109375,5.5344,6.6494,-0.0512,2.8606,0,REST
6711,26.21484375,2.6704,6.7297,4.6877,4.1659,0,REST
6712,26.21875,4.3038,1.0225,2.102,2.0987,0,REST
6713,26.22265625,7.9396,0.7203,4.8489,7.0191,0,REST
6714,26.2265625,6.0875,-5.686,2.9255,4.3946,0,REST
6715,26.23046875,3.1839,-2.9005,2.825,7.8511,0,REST
6716,26.234375,0.6846,-7.6841,2.7095,5.5087,0,REST
6717,26.23828125,1.8473,-12.289,2.4414,2.9891,0,REST
6718,26.2421875,1.0295,-13.7417,0.8938,1.1208,0,REST
6719,26.24609375,-1.2364,-11.4614,4.4286,2.9761,0,REST
6720,26.25,-1.4617,-11.0493,2.1547,-2.4121,0,REST
6721,26.25390625,0.2469,-7.8438,-1.583,-1.752,0,REST
6722,26.2578125,-2.1941,-7.9889,1.984,-1.9218,0,REST
6723,26.26171875,-3.0148,-2.0607,5.01,-3.9359,0,REST
6724,26.265625,-2.6361,-0.9606,6.3072,-5.1976,0,REST
6725,26.26953125,-3.2379,-0.2467,2.135,-6.5316,0,REST
6726,26.2734375,-4.1522,3.8086,1.5983,-6.2079,0,REST
6727,26.27734375,-3.5701,5.9879,1.5795,-6.2359,0,REST
6728,26.28125,-2.6002,5.5783,2.2188,-8.3859,0,REST
6729,26.28515625,-4.2115,11.8224,-2.1024,-5.1659,0,REST
6730,26.2890625,-3.4827,9.9505,-0.2474,-1.6649,0,REST
6731,26.29296875,-6.214,12.6456,-3.2893,0.073,0,REST
6732,26.296875,-5.3164,12.3588,-3.9697,-0.2442,0,REST
6733,26.30078125,-5.4331,6.5209,-1.3824,3.1822,0,REST
6734,26.3046875,-0.5153,6.3419,-5.938,6.9759,0,REST
6735,26.30859375,-1.5425,4.3432,-2.2747,7.798,0,REST
6736,26.3125,-0.2456,1.675,-5.625,5.0773,0,REST
6737,26.31640625,2.7255,0.4932,-5.6377,8.7872,0,REST
6738,26.3203125,1.9556,-3.2982,-9.7648,9.6529,0,REST
6739,26.32421875,7.7174,-5.5632,-4.298,10.2095,0,REST
6740,26.328125,3.9531,-9.1795,-2.8173,9.8127,0,REST
6741,26.33203125,6.1097,-6.2158,-1.1844,5.417,0,REST
6742,26.3359375,6.5207,-11.7558,-3.8783,1.9296,0,REST
6743,26.33984375,6.861,-9.0039,1.9573,4.1366,0,REST
6744,26.34375,3.1302,-11.9628,1.2815,0.7998,0,REST
6745,26.34765625,2.4314,-11.3531,5.1209,-1.0723,0,REST
6746,26.3515625,3.2077,-4.0885,4.4754,-3.359,0,REST
6747,26.35546875,6.1647,-5.0305,7.4738,-7.4038,0,REST
6748,26.359375,1.85,-1.0012,6.8699,-8.69,0,REST
6749,26.36328125,2.4871,-4.5417,10.9219,-14.0338,0,REST
6750,26.3671875,-5.1088,-0.8575,8.8425,-9.8778,0,REST
6751,26.37109375,-4.5996,5.1671,7.1234,-9.3176,0,REST
6752,26.375,-10.539,8.1805,7.0338,-10.6268,0,REST
6753,26.37890625,-11.7865,4.3611,2.9358,-3.139,0,REST
6754,26.3828125,-8.2657,9.7123,5.8085,-4.6374,0,REST
6755,26.38671875,-11.6103,9.6517,3.0221,3.3029,0,REST
6756,26.390625,-9.4416,10.4206,-1.6509,4.3627,0,REST
6757,26.39453125,-7.2578,6.8438,-6.4968,6.786,0,REST
6758,26.3984375,-3.5655,3.9498,-6.8363,8.5222,0,REST
6759,26.40234375,-1.2541,2.6445,-11.7404,10.4641,0,REST
6760,26.40625,-2.5096,0.4343,-13.0634,15.0817,0,REST
6761,26.41015625,1.0511,-4.2575,-11.0141,12.429,0,REST
6762,26.4140625,9.6464,-1.0858,-9.4615,11.7258,0,REST
6763,26.41796875,9.1315,-2.242,-11.9251,8.7298,0,REST
6764,26.421875,10.6184,-7.7379,-6.5612,7.2965,0,REST
6765,26.42578125,7.4431,-3.5737,-8.5048,6.4859,0,REST
6766,26.4296875,11.4443,-4.7161,-4.1608,1.6132,0,REST
6767,26.43359375,11.2324,-5.7663,0.8933,-4.5137,0,REST
6768,26.4375,12.1227,-1.1077,3.2281,-5.9433,0,REST
6769,26.44140625,9.1011,-5.3872,6.0309,-4.9836,0,REST
6770,26.4453125,7.7162,-3.8208,6.6339,-10.9268,0,REST
6771,26.44921875,1.357,-6.8291,12.1855,-10.5489,0,REST
6772,26.453125,-0.5089,-5.4973,13.0944,-13.4058,0,REST
6773,26.45703125,-0.8613,1.32,13.0141,-11.8597,0,REST
6774,26.4609375,-5.3829,1.3018,14.8817,-8.403,0,REST
6775,26.46484375,-8.0997,0.8349,7.3929,-9.5282,0,REST
6776,26.46875,-10.18,4.2444,6.3471,-7.2684,0,REST
6777,26.47265625,-15.5955,2.6478,8.2993,-3.0494,0,REST
6778,26.4765625,-11.6976,0.3789,3.7927,1.5946,0,REST
6779,26.48046875,-13.1,4.2721,3.7416,4.3171,0,REST
6780,26.484375,-10.524,5.2199,-6.3741,8.6232,0,REST
6781,26.48828125,-11.9037,2.3736,-3.0947,8.6252,0,REST
6782,26.4921875,-8.1724,4.3781,-8.0667,12.0313,0,REST
6783,26.49609375,-4.2045,2.2108,-10.7711,13.5202,0,REST
6784,26.5,-1.1311,0.1219,-12.2591,12.9282,0,REST
6785,26.50390625,5.7273,1.8503,-11.3644,15.013,0,REST
6786,26.5078125,5.8658,0.7554,-11.5191,9.5833,0,REST
6787,26.51171875,9.2491,-1.6452,-12.7904,5.9737,0,REST
6788,26.515625,12.3165,2.8077,-9.9224,5.1954,0,REST
6789,26.51953125,16.5828,-0.2913,-5.2798,-3.7728,0,REST
6790,26.5234375,12.7568,-1.0662,-4.2398,-0.8322,0,REST
6791,26.52734375,9.935,1.8997,0.3602,-7.2741,0,REST
6792,26.53125,10.8632,-0.9175,1.5625,-7.4593,0,REST
6793,26.53515625,7.3911,-1.2987,6.7089,-14.0192,0,REST
6794,26.5390625,7.5991,-1.7309,10.6112,-9.8659,0,REST
6795,26.54296875,3.7234,-3.9009,10.4014,-12.4117,0,REST
6796,26.546875,2.24,-2.2885,12.246,-12.7581,0,REST
6797,26.55078125,-7.7887,-5.8958,13.1004,-10.5026,0,REST
6798,26.5546875,-6.7575,0.1054,11.0442,-5.4193,0,REST
6799,26.55859375,-12.1291,-4.236,11.3631,-6.8438,0,REST
6800,26.5625,-9.8623,-1.5732,8.3866,0.1321,0,REST
6801,26.56640625,-11.1188,-0.0911,6.6451,2.9391,0,REST
6802,26.5703125,-12.7662,-2.1012,4.9063,1.232,0,REST
6803,26.57421875,-11.0941,0.8338,1.4836,2.8944,0,REST
6804,26.578125,-9.4392,-2.0656,-2.7331,12.3366,0,REST
6805,26.58203125,-7.6536,1.7219,-3.4354,11.0303,0,REST
6806,26.5859375,-3.906,2.6447,-10.1081,12.1371,0,REST
6807,26.58984375,-0.5273,4.2172,-9.0378,9.3468,0,REST
6808,26.59375,1.9756,-0.495,-13.1317,8.6854,0,REST
6809,26.59765625,1.8482,8.3295,-11.3146,9.2418,0,REST
6810,26.6015625,5.4154,6.4131,-9.9507,7.8369,0,REST
6811,26.60546875,7.02,1.3078,-8.3645,3.9748,0,REST
6812,26.609375,12.8556,4.6624,-11.4293,3.9455,0,REST
6813,26.61328125,11.7001,7.5538,-5.2674,-6.2374,0,REST
6814,26.6171875,12.2131,2.3379,-3.1317,-4.1246,0,REST
6815,26.62109375,10.7027,3.741,-1.7761,-3.53,0,REST
6816,26.625,9.4187,-0.6101,1.4186,-5.5769,0,REST
6817,26.62890625,4.332,-2.6969,9.2237,-11.3592,0,REST
6818,26.6328125,4.1285,0.9022,9.2015,-8.499,0,REST
6819,26.63671875,1.6825,-3.0282,5.4997,-4.5544,0,REST
6820,26.640625,-0.9474,-5.3672,9.1977,-8.5018,0,REST
6821,26.64453125,-1.7569,-5.5603,6.9562,-7.0038,0,REST
6822,26.6484375,-1.9046,-9.2911,9.4598,-4.7621,0,REST
6823,26.65234375,-6.2461,-5.6408,5.4268,-0.9376,0,REST
6824,26.65625,-9.2976,-3.4095,7.9069,0.4111,0,REST
6825,26.66015625,-4.2374,-6.0089,6.7617,3.2203,0,REST
6826,26.6640625,-9.6793,-6.1221,5.3186,1.0117,0,REST
6827,26.66796875,-4.9895,-5.6422,-0.1602,5.353,0,REST
6828,26.671875,-6.0023,-2.7336,1.6353,4.4657,0,REST
6829,26.67578125,0.8012,-1.3619,-2.7657,6.4571,0,REST
6830,26.6796875,-4.7609,-0.0109,-5.3572,2.319,0,REST
6831,26.68359375,-0.3257,3.1108,-3.4426,5.6673,0,REST
6832,26.6875,1.35,3.9453,-2.034,7.6177,0,REST
6833,26.69140625,0.5859,4.5321,-4.6835,4.7523,0,REST
6834,26.6953125,0.4508,8.6196,-3.7996,4.5089,0,REST
6835,26.69921875,3.4627,8.913,-5.352,2.1749,0,REST
6836,26.703125,4.6141,7.3814,-4.624,-1.9601,0,REST
6837,26.70703125,0.649,7.5282,-3.4836,-4.9388,0,REST
6838,26.7109375,5.1484,6.0344,-4.2863,-2.9019,0,REST
6839,26.71484375,4.5313,3.7095,-0.5902,-4.7731,0,REST
6840,26.71875,6.2638,4.6578,-1.9703,-2.5568,0,REST
6841,26.72265625,6.6143,-0.1362,-1.0443,-4.8192,0,REST
6842,26.7265625,3.0844,-1.2928,3.3958,-1.2077,0,REST
6843,26.73046875,3.7423,-3.3115,2.1759,-5.7981,0,REST
6844,26.734375,1.2578,-6.1802,1.2975,-2.6491,0,REST
6845,26.73828125,-0.2231,-4.5321,1.6136,-0.9442,0,REST
6846,26.7421875,1.4846,-8.6507,4.1272,1.2861,0,REST
6847,26.74609375,-1.3887,-12.8293,1.7959,-1.2344,0,REST
6848,26.75,0.136,-11.5389,7.832,1.5293,0,REST
6849,26.75390625,-1.7342,-9.9217,-0.0546,-2.404,0,REST
6850,26.7578125,-3.3118,-7.1893,5.2693,0.0201,0,REST
6851,26.76171875,-2.6492,-4.9066,7.3883,1.1008,0,REST
6852,26.765625,-3.4936,-4.5277,3.8583,-0.1927,0,REST
6853,26.76953125,-3.2103,0.8435,3.7932,0.6384,0,REST
6854,26.7734375,-3.9873,1.9294,7.9827,0.597,0,REST
6855,26.77734375,-4.853,3.4505,1.3014,6.9779,0,REST
6856,26.78125,-5.2041,6.6062,3.2348,4.6304,0,REST
6857,26.78515625,-0.7611,10.0562,-1.5813,1.4406,0,REST
6858,26.7890625,-1.9295,11.0382,4.6024,3.2647,0,REST
6859,26.79296875,-2.2111,8.9396,4.2383,7.565,0,REST
6860,26.796875,-3.7688,10.9815,-3.605,1.6025,0,REST
6861,26.80078125,-4.4375,10.442,-1.9261,1.4435,0,REST
6862,26.8046875,-2.3877,11.0508,-4.3768,2.4656,0,REST
6863,26.80859375,-1.0267,6.9732,-3.5708,2.7146,0,REST
6864,26.8125,-1.2216,5.2605,-2.4038,2.1655,0,REST
6865,26.81640625,-0.7141,1.5987,-9.887,0.2286,0,REST
6866,26.8203125,6.4127,2.5145,-7.575,-3.2044,0,REST
6867,26.82421875,5.3581,-3.8479,-9.02,-3.5737,0,REST
6868,26.828125,5.7433,-3.7982,-6.9766,-5.6797,0,REST
6869,26.83203125,8.2692,-9.2795,-6.2714,-7.8012,0,REST
6870,26.8359375,5.87,-12.4687,-3.5361,-6.7792,0,REST
6871,26.83984375,5.9491,-13.3146,-5.8238,-5.4253,0,REST
6872,26.84375,3.7715,-11.4947,1.9509,-6.4896,0,REST
6873,26.84765625,6.3235,-12.4683,1.419,-4.1514,0,REST
6874,26.8515625,2.9235,-6.6954,2.2787,-6.4738,0,REST
6875,26.85546875,3.0907,-6.5243,3.7786,-7.4991,0,REST
6876,26.859375,-4.5926,-7.7722,5.7408,-2.6032,0,REST
6877,26.86328125,-0.4148,-1.9749,8.9116,-3.5925,0,REST
6878,26.8671875,-8.8796,-0.8029,8.8743,-2.7078,0,REST
6879,26.87109375,-11.6347,3.8014,6.1637,3.7141,0,REST
6880,26.875,-12.613,6.7786,8.6795,0.1361,0,REST
6881,26.87890625,-9.0074,11.2881,9.6839,4.3912,0,REST
6882,26.8828125,-12.6684,10.9147,6.5941,9.0017,0,REST
6883,26.88671875,-12.7209,11.0385,5.72,8.4991,0,REST
6884,26.890625,-9.0571,10.0817,6.7182,7.8247,0,REST
6885,26.89453125,-7.6787,11.4122,5.096,8.5126,0,REST
6886,26.8984375,-6.9746,8.6433,-2.4469,7.6822,0,REST
6887,26.90234375,-1.2664,7.9626,-3.5384,8.9085,0,REST
6888,26.90625,-0.1946,4.1237,-8.6182,6.1769,0,REST
6889,26.91015625,3.6739,3.5194,-9.1468,-0.9121,0,REST
6890,26.9140625,4.1648,-0.6898,-10.051,-0.638,0,REST
6891,26.91796875,5.4381,-6.9243,-12.4166,-5.0159,0,REST
6892,26.921875,10.0623,-10.4084,-7.1614,-4.5867,0,REST
6893,26.92578125,10.8712,-9.5875,-9.0331,-7.8877,0,REST
6894,26.9296875,13.3234,-13.9878,-8.9496,-7.2806,0,REST
6895,26.93359375,12.315,-13.2021,-6.4628,-11.6138,0,REST
6896,26.9375,12.499,-13.3033,-3.7071,-10.1919,0,REST
6897,26.94140625,7.6257,-14.8818,3.5848,-8.2262,0,REST
6898,26.9453125,5.3465,-8.0137,3.2622,-8.4461,0,REST
6899,26.94921875,0.9681,-7.5352,5.2893,-5.5449,0,REST
6900,26.953125,-0.3598,-8.455,6.871,-5.9663,0,REST
6901,26.95703125,2.6209,-2.5448,11.5941,3.321,0,REST
6902,26.9609375,-3.0177,2.75,11.5949,3.1369,0,REST
6903,26.96484375,-9.9472,3.0947,15.0534,4.6718,0,REST
6904,26.96875,-8.4696,7.9572,11.9387,7.1741,0,REST
6905,26.97265625,-13.3607,12.8158,9.1775,11.0295,0,REST
6906,26.9765625,-11.634,9.5935,13.7722,11.1496,0,REST
6907,26.98046875,-16.5431,15.7529,6.6362,15.0689,0,REST
6908,26.984375,-14.2154,11.5088,6.6768,11.7085,0,REST
6909,26.98828125,-8.2804,13.7184,3.1008,10.216,0,REST
6910,26.9921875,-9.9448,10.0516,-1.5522,8.7317,0,REST
6911,26.99609375,-2.3704,5.2826,-6.6477,7.8586,0,REST
6912,27.0,-0.1863,3.4736,-9.5047,0.2956,0,REST
6913,27.00390625,5.1079,0.0533,-6.9364,-0.2965,0,REST
6914,27.0078125,5.9343,-0.6008,-13.0564,-2.8399,0,REST
6915,27.01171875,9.0683,-3.2085,-10.7792,-5.672,0,REST
6916,27.015625,11.0775,-5.4076,-12.1797,-9.3819,0,REST
6917,27.01953125,14.4036,-8.4552,-6.5567,-12.7862,0,REST
6918,27.0234375,12.4169,-13.0365,-8.0202,-15.69,0,REST
6919,27.02734375,12.1209,-11.9796,-4.2798,-11.3203,0,REST
6920,27.03125,10.1523,-8.6945,-2.3863,-8.9646,0,REST
6921,27.03515625,9.484,-10.2838,-3.4182,-7.8816,0,REST
6922,27.0390625,7.4512,-8.2479,4.9823,-5.84,0,REST
6923,27.04296875,1.5467,-7.077,1.5554,-4.5692,0,REST
6924,27.046875,-1.0243,-1.5928,6.8803,-2.8461,0,REST
6925,27.05078125,-0.5042,-5.2608,8.2872,0.6978,0,REST
6926,27.0546875,-5.9126,5.1413,8.2858,10.3756,0,REST
6927,27.05859375,-7.0222,5.4783,11.7252,12.3215,0,REST
6928,27.0625,-10.1099,6.7517,9.5565,11.211,0,REST
6929,27.06640625,-10.6018,11.9471,9.2439,14.7931,0,REST
6930,27.0703125,-8.6851,8.3874,9.7719,13.9057,0,REST
6931,27.07421875,-11.6737,12.0962,4.6946,11.5614,0,REST
6932,27.078125,-9.3352,11.6359,4.395,7.9302,0,REST
6933,27.08203125,-7.439,8.8936,0.6599,7.1997,0,REST
6934,27.0859375,-6.8831,5.0908,-2.5859,8.5427,0,REST
6935,27.08984375,0.5111,7.1607,-1.5741,2.2239,0,REST
6936,27.09375,4.7234,3.2674,-2.7737,0.8445,0,REST
6937,27.09765625,1.307,0.9466,-3.3176,-3.3592,0,REST
6938,27.1015625,4.8244,-1.3377,-8.7785,-7.4839,0,REST
6939,27.10546875,9.91,-6.3837,-9.4827,-11.5795,0,REST
6940,27.109375,7.2661,-3.2273,-9.3288,-10.8193,0,REST
6941,27.11328125,10.4467,-7.8581,-10.1158,-12.9016,0,REST
6942,27.1171875,8.3358,-11.7033,-11.677,-13.0921,0,REST
6943,27.12109375,8.009,-7.5041,-7.491,-14.0127,0,REST
6944,27.125,7.1117,-12.9081,-5.663,-9.0014,0,REST
6945,27.12890625,7.8575,-6.5711,-3.9687,-5.3145,0,REST
6946,27.1328125,6.1998,-6.0996,-0.5074,-2.8795,0,REST
6947,27.13671875,-1.0603,-4.5928,2.2007,-2.0634,0,REST
6948,27.140625,1.2005,-8.2164,1.566,0.4753,0,REST
6949,27.14453125,-2.4703,1.4854,3.9446,6.6724,0,REST
6950,27.1484375,-2.6734,-0.8854,9.0356,3.2748,0,REST
6951,27.15234375,-4.1061,6.7099,8.0035,8.8317,0,REST
6952,27.15625,-3.4744,2.3098,10.6119,11.0781,0,REST
6953,27.16015625,-9.3473,6.9385,8.4877,10.9754,0,REST
6954,27.1640625,-4.4834,8.2601,7.1886,12.0132,0,REST
6955,27.16796875,-12.2627,8.8026,8.0712,8.7515,0,REST
6956,27.171875,-5.7755,5.0661,3.9178,4.6042,0,REST
6957,27.17578125,-5.3207,8.902,4.389,5.8764,0,REST
6958,27.1796875,-6.5217,5.9907,-0.1308,-0.0545,0,REST
6959,27.18359375,0.4155,2.8565,0.2137,-2.1899,0,REST
6960,27.1875,-1.1388,1.8362,-0.5009,-2.7637,0,REST
6961,27.19140625,2.8241,3.9835,-0.9876,-5.9724,0,REST
6962,27.1953125,2.8766,-1.7662,-2.7073,-5.0438,0,REST
6963,27.19921875,0.1924,0.1727,-7.7191,-10.9043,0,REST
6964,27.203125,3.8931,-0.6671,-8.4053,-7.021,0,REST
6965,27.20703125,7.9101,-2.2081,-4.9212,-9.9143,0,REST
6966,27.2109375,2.2516,-6.5144,-4.0255,-9.965,0,REST
6967,27.21484375,4.12,-7.6057,-4.8297,-7.871,0,REST
6968,27.21875,5.0897,-7.4079,-2.6217,-7.1946,0,REST
6969,27.22265625,1.0556,-6.5517,-0.2231,-4.4831,0,REST
6970,27.2265625,1.1012,-3.6119,-6.5211,1.9192,0,REST
6971,27.23046875,2.6708,-4.4562,-1.4112,0.5319,0,REST
6972,27.234375,0.5927,-6.1428,-0.6378,3.2756,0,REST
6973,27.23828125,4.1657,-1.95,-1.4132,6.2314,0,REST
6974,27.2421875,2.1056,-4.0147,-1.4003,6.6454,0,REST
6975,27.24609375,-0.1009,1.5394,0.9038,4.0846,0,REST
6976,27.25,1.2952,3.9678,2.1239,5.3651,0,REST
6977,27.25390625,-0.2264,-2.1359,3.1338,3.9007,0,REST
6978,27.2578125,0.9374,1.3145,5.8706,6.7362,0,REST
6979,27.26171875,-2.495,4.537,1.27,3.9487,0,REST
6980,27.265625,-2.985,1.3989,2.3703,6.5316,0,REST
6981,27.26953125,-3.5729,3.2135,0.6862,-0.9181,0,REST
6982,27.2734375,-6.0104,1.08,5.3305,-0.1629,0,REST
6983,27.27734375,-4.1317,5.5125,4.4808,2.9491,0,REST
6984,27.28125,-0.7606,1.5987,3.8658,-3.0206,0,REST
6985,27.28515625,-4.5639,2.3663,3.4853,-2.0997,0,REST
6986,27.2890625,-2.4379,0.7192,3.2416,-4.8739,0,REST
6987,27.29296875,-4.7621,2.2081,3.1088,-2.4398,0,REST
6988,27.296875,-5.9188,2.0811,1.999,-3.1352,0,REST
6989,27.30078125,-0.0174,2.6302,1.0882,-4.8853,0,REST
6990,27.3046875,-1.9399,-0.1442,-0.5761,-5.5611,0,REST
6991,27.30859375,0.1989,-4.8341,-6.8957,-6.5248,0,REST
6992,27.3125,1.8937,-0.4737,-1.0217,-2.162,0,REST
6993,27.31640625,3.5194,-3.5614,-4.3482,1.0911,0,REST
6994,27.3203125,4.9689,-5.1732,-1.2472,-0.8677,0,REST
6995,27.32421875,7.0283,0.2216,-5.0692,-0.2158,0,REST
6996,27.328125,8.5729,-2.6398,-4.9771,0.6641,0,REST
6997,27.33203125,6.8396,-5.4115,-8.8085,5.4746,0,REST
6998,27.3359375,4.9044,-3.5873,-5.6165,0.9262,0,REST
6999,27.33984375,5.8125,-2.6421,-7.8048,3.7249,0,REST
7000,27.34375,3.0328,0.3112,-7.5387,2.1668,0,REST
7001,27.34765625,3.948,-3.312,-3.3205,0.99,0,REST
7002,27.3515625,5.0814,-0.4303,0.5694,-1.3211,0,REST
7003,27.35546875,2.1666,-0.3827,-0.9842,4.0809,0,REST
7004,27.359375,-1.2427,-0.8701,0.8699,-1.913,0,REST
7005,27.36328125,-4.0476,-0.9622,2.3936,4.676,0,REST
7006,27.3671875,-3.1173,2.1474,6.8677,3.7655,0,REST
7007,27.37109375,-7.0692,3.1954,9.9915,1.6713,0,REST
7008,27.375,-10.1153,0.8577,12.0879,-0.2163,0,REST
7009,27.37890625,-7.7375,5.6476,10.4314,1.9574,0,REST
7010,27.3828125,-11.6655,6.0626,9.7468,-0.8895,0,REST
7011,27.38671875,-11.2149,5.1527,8.9604,-1.4726,0,REST
7012,27.390625,-8.2445,3.2399,8.2127,1.3272,0,REST
7013,27.39453125,-11.101,4.28,4.6448,-2.1331,0,REST
7014,27.3984375,-9.5123,5.116,6.0519,2.8459,0,REST
7015,27.40234375,-2.9165,3.3774,0.7369,0.5071,0,REST
7016,27.40625,-0.0931,3.595,-2.3675,-3.2663,0,REST
7017,27.41015625,0.1215,4.1493,0.0098,-0.4409,0,REST
7018,27.4140625,3.8538,-2.6579,-2.617,-5.084,0,REST
7019,27.41796875,10.9831,-2.6357,-4.5519,-3.4973,0,REST
7020,27.421875,7.5124,-3.5362,-11.6173,-2.2017,0,REST
7021,27.42578125,9.9933,-7.666,-9.4189,-5.034,0,REST
7022,27.4296875,9.4395,-5.582,-11.8129,-3.9978,0,REST
7023,27.43359375,11.068,-4.1906,-11.1458,-0.4523,0,REST
7024,27.4375,13.7171,-4.6297,-8.3927,-1.1837,0,REST
7025,27.44140625,8.7366,-4.0909,-8.1158,2.1876,0,REST
7026,27.4453125,5.3626,-4.8756,-5.8112,4.8872,0,REST
7027,27.44921875,1.7355,-6.2976,-4.6751,8.073,0,REST
7028,27.453125,0.4055,-1.676,2.0835,6.7962,0,REST
7029,27.45703125,-3.4618,-1.0206,7.4193,9.1437,0,REST
7030,27.4609375,-4.1448,-1.6462,8.9115,8.1335,0,REST
7031,27.46484375,-9.428,5.9168,7.0178,6.9904,0,REST
7032,27.46875,-10.982,3.7334,9.2948,4.8917,0,REST
7033,27.47265625,-12.2741,5.6361,13.2918,9.3853,0,REST
7034,27.4765625,-13.7988,3.9008,11.3302,6.3813,0,REST
7035,27.48046875,-13.6395,7.3186,11.2331,4.9593,0,REST
7036,27.484375,-14.0344,8.5719,8.7314,2.1216,0,REST
7037,27.48828125,-5.4506,9.8042,12.0402,-2.688,0,REST
7038,27.4921875,-7.9573,3.7219,3.7954,-9.1175,0,REST
7039,27.49609375,-8.2282,10.3329,3.6371,-8.7308,0,REST
7040,27.5,-2.5492,6.9163,-0.4044,-9.7962,0,REST
7041,27.50390625,3.3236,0.5793,-2.761,-7.6285,0,REST
7042,27.5078125,4.5756,-0.4353,-7.5688,-9.5167,0,REST
7043,27.51171875,12.4743,-3.1477,-6.5491,-10.0264,0,REST
7044,27.515625,9.4209,-3.3239,-11.5646,-9.2143,0,REST
7045,27.51953125,9.5838,-5.2338,-13.1315,-9.4537,0,REST
7046,27.5234375,14.0908,-8.3918,-12.9404,-3.4451,0,REST
7047,27.52734375,16.3327,-10.6028,-12.3449,-3.0876,0,REST
7048,27.53125,11.3163,-8.6683,-13.6131,4.47,0,REST
7049,27.53515625,7.3373,-10.3648,-9.0916,2.3779,0,REST
7050,27.5390625,10.2825,-7.4583,-5.3033,8.4865,0,REST
7051,27.54296875,1.8696,-8.4541,-2.1767,11.4737,0,REST
7052,27.546875,-0.3902,-3.7205,0.9168,7.7613,0,REST
7053,27.55078125,-1.999,-3.3933,1.7092,11.0661,0,REST
7054,27.5546875,-5.3902,-2.14,4.7957,12.526,0,REST
7055,27.55859375,-5.976,2.3247,7.7196,9.5277,0,REST
7056,27.5625,-14.0728,7.9326,9.5803,7.0206,0,REST
7057,27.56640625,-10.4847,8.087,11.3366,2.9755,0,REST
7058,27.5703125,-8.453,9.3095,12.5804,4.2159,0,REST
7059,27.57421875,-12.9967,12.1342,10.6214,1.4655,0,REST
7060,27.578125,-10.4111,12.6201,8.4154,0.551,0,REST
7061,27.58203125,-6.4715,10.9884,8.2278,-6.159,0,REST
7062,27.5859375,-7.6041,9.1598,6.6024,-9.9232,0,REST
7063,27.58984375,-4.8015,9.2106,-0.3222,-8.585,0,REST
7064,27.59375,-0.0039,3.1281,2.3924,-11.0806,0,REST
7065,27.59765625,0.8503,3.6369,-2.5891,-14.3026,0,REST
7066,27.6015625,5.6318,-0.3484,-3.3803,-13.2386,0,REST
7067,27.60546875,7.966,1.9351,-7.5195,-10.1549,0,REST
7068,27.609375,10.8249,-6.658,-6.619,-10.2189,0,REST
7069,27.61328125,10.0009,-6.73,-8.9066,-5.3245,0,REST
7070,27.6171875,10.2843,-12.8855,-9.6677,-3.8934,0,REST
7071,27.62109375,10.9179,-11.8152,-8.0396,1.202,0,REST
7072,27.625,6.7424,-13.4066,-6.7044,4.9059,0,REST
7073,27.62890625,2.2553,-8.9016,-8.7633,9.4949,0,REST
7074,27.6328125,4.6354,-10.2993,-6.2658,9.758,0,REST
7075,27.63671875,2.6868,-10.877,-1.5731,12.6411,0,REST
7076,27.640625,-3.9784,-6.488,-1.2036,12.4523,0,REST
7077,27.64453125,-6.5506,-4.9674,0.7047,15.4413,0,REST
7078,27.6484375,-9.5569,2.1642,0.915,8.5621,0,REST
7079,27.65234375,-4.827,2.0416,5.3528,11.7603,0,REST
7080,27.65625,-3.4319,7.6994,6.9607,8.8436,0,REST
7081,27.66015625,-12.5532,5.94,6.6236,4.3333,0,REST
7082,27.6640625,-6.6781,7.8334,7.3104,0.114,0,REST
7083,27.66796875,-8.7706,15.1614,8.3264,-1.7956,0,REST
7084,27.671875,-2.1518,15.8223,6.4088,-5.3073,0,REST
7085,27.67578125,-5.0177,11.7617,4.9715,-9.6318,0,REST
7086,27.6796875,-2.4989,13.8883,1.4267,-9.779,0,REST
7087,27.68359375,-6.0839,9.9191,4.4393,-13.2194,0,REST
7088,27.6875,0.875,7.7848,1.3211,-12.2493,0,REST
7089,27.69140625,3.145,4.4656,-2.0537,-11.4082,0,REST
7090,27.6953125,1.3756,1.4903,-1.3144,-10.773,0,REST
7091,27.69921875,0.1687,-5.4576,0.7788,-8.0822,0,REST
7092,27.703125,2.7683,-4.4929,-3.3564,-5.0815,0,REST
7093,27.70703125,6.4058,-12.054,-3.8195,-5.104,0,REST
7094,27.7109375,3.862,-8.2336,-4.4568,0.7369,0,REST
7095,27.71484375,2.5182,-9.7129,-4.1739,2.5456,0,REST
7096,27.71875,4.2583,-16.3309,-5.3119,5.9903,0,REST
7097,27.72265625,2.9896,-12.3222,-3.0669,4.6504,0,REST
7098,27.7265625,1.7939,-11.3269,-0.8582,14.1723,0,REST
7099,27.73046875,0.3991,-9.0718,-2.5535,9.3854,0,REST
7100,27.734375,1.6741,-5.0061,-1.4286,12.9304,0,REST
7101,27.73828125,-0.9925,-4.2257,-2.9511,9.35,0,REST
7102,27.7421875,1.3549,2.0764,-2.092,7.7599,0,REST
7103,27.74609375,0.2,3.6763,-1.8372,8.4579,0,REST
7104,27.75,-1.1196,7.4524,-1.6203,4.7319,0,REST
7105,27.75390625,0.8707,9.4242,-3.2285,3.1994,0,REST
7106,27.7578125,2.1754,12.6992,-1.4201,-2.2885,0,REST
7107,27.76171875,-2.3964,13.4078,-3.2967,-5.8895,0,REST
7108,27.765625,-1.3035,11.9985,1.8277,-7.0362,0,REST
7109,27.76953125,-1.1243,11.8282,3.6403,-7.2174,0,REST
7110,27.7734375,-4.7717,13.8309,1.7751,-10.1671,0,REST
7111,27.77734375,-8.1432,8.1809,4.1321,-7.1616,0,REST
7112,27.78125,-1.7272,2.8383,3.4772,-9.1443,0,REST
7113,27.78515625,-3.7101,3.5982,1.6886,-11.0853,0,REST
7114,27.7890625,-5.4417,-2.9224,4.6768,-5.9804,0,REST
7115,27.79296875,-4.0266,-1.509,4.3415,-3.8128,0,REST
7116,27.796875,-8.1608,-0.6267,4.2743,-1.7065,0,REST
7117,27.80078125,-4.1866,-6.3881,3.3409,1.0751,0,REST
7118,27.8046875,-0.3448,-9.7889,3.577,-1.0556,0,REST
7119,27.80859375,-0.0532,-7.8864,1.1519,3.1959,0,REST
7120,27.8125,2.3699,-11.5396,-0.0122,5.7913,0,REST
7121,27.81640625,3.3732,-10.4143,-1.3915,6.0532,0,REST
7122,27.8203125,2.6119,-14.0289,-4.829,9.6481,0,REST
7123,27.82421875,3.0668,-7.8898,-4.0865,10.1207,0,REST
7124,27.828125,8.6597,-6.9539,-5.6755,8.9663,0,REST
7125,27.83203125,3.4057,-1.4851,-4.5561,6.2263,0,REST
7126,27.8359375,8.8008,1.2925,-5.7021,2.9687,0,REST
7127,27.83984375,10.3649,2.3185,-7.2387,3.7742,0,REST
7128,27.84375,7.2568,5.5895,-11.4249,4.4794,0,REST
7129,27.84765625,4.2151,8.4239,-7.4685,-0.6065,0,REST
7130,27.8515625,5.209,8.0148,-6.3254,-8.0121,0,REST
7131,27.85546875,5.9522,11.673,-11.8432,-5.5581,0,REST
7132,27.859375,0.5215,10.101,-4.787,-3.5379,0,REST
7133,27.86328125,-3.8125,8.607,-1.3694,-9.0383,0,REST
7134,27.8671875,-8.3442,6.9942,-1.7108,-2.7888,0,REST
7135,27.87109375,-6.6869,7.976,2.4695,-7.638,0,REST
7136,27.875,-9.287,5.7147,5.2509,-5.0484,0,REST
7137,27.87890625,-10.1704,-0.0378,8.3507,-3.9246,0,REST
7138,27.8828125,-10.1176,1.5675,8.5411,-0.8981,0,REST
7139,27.88671875,-13.6448,-1.2136,7.2919,3.082,0,REST
7140,27.890625,-10.3426,-5.0558,10.2393,-2.1688,0,REST
7141,27.89453125,-7.0049,-5.4033,11.9885,-1.4672,0,REST
7142,27.8984375,-4.8979,-4.1406,6.1564,0.1698,0,REST
7143,27.90234375,-1.2024,-11.9486,6.6436,3.0048,0,REST
7144,27.90625,-3.2608,-8.2761,2.5085,0.8112,0,REST
7145,27.91015625,3.3745,-4.591,5.1975,2.7585,0,REST
7146,27.9140625,5.0784,-6.5592,-1.7962,1.5388,0,REST
7147,27.91796875,7.4186,-6.1389,-0.7756,3.1602,0,REST
7148,27.921875,6.383,-4.3063,-3.6073,5.282,0,REST
7149,27.92578125,9.1336,-0.0254,-6.9136,1.4979,0,REST
7150,27.9296875,11.4066,-4.4393,-12.1983,1.8853,0,REST
7151,27.93359375,13.4963,2.3137,-10.1095,4.9875,0,REST
7152,27.9375,12.5457,4.8424,-9.4818,1.1611,0,REST
7153,27.94140625,8.1821,6.3552,-13.4717,2.4584,0,REST
7154,27.9453125,7.7582,6.6472,-10.1322,-1.427,0,REST
7155,27.94921875,4.492,6.8499,-6.7385,2.5496,0,REST
7156,27.953125,0.8773,9.6854,-7.8323,1.103,0,REST
7157,27.95703125,-3.1688,5.5937,-2.8889,-3.4183,0,REST
7158,27.9609375,-2.3863,10.1393,0.18,-1.4856,0,REST
7159,27.96484375,-7.7009,6.0034,-1.2178,-2.0837,0,REST
7160,27.96875,-9.3299,2.3702,6.0331,-2.523,0,REST
7161,27.97265625,-8.3436,1.4064,4.3028,-2.9297,0,REST
7162,27.9765625,-12.7141,1.1263,6.8107,-5.5123,0,REST
7163,27.98046875,-12.1058,-1.7093,12.2326,2.9787,0,REST
7164,27.984375,-11.266,-1.5565,11.6732,-4.282,0,REST
7165,27.98828125,-9.1407,-5.8232,15.7806,-6.1657,0,REST
7166,27.9921875,-3.5934,-4.4396,14.0551,-3.7943,0,REST
7167,27.99609375,-0.8571,-6.1014,12.0595,0.0666,0,REST
7168,28.0,-0.1529,-4.9232,11.8306,-4.6208,0,REST
7169,28.00390625,3.6623,-2.887,6.3802,-4.3456,0,REST
7170,28.0078125,8.4562,-4.387,6.496,-1.3614,0,REST
7171,28.01171875,7.3883,-3.0092,-0.0885,1.8953,0,REST
7172,28.015625,12.1679,-7.0086,-3.39,3.2142,0,REST
7173,28.01953125,14.3354,-2.5322,-3.3549,3.3019,0,REST
7174,28.0234375,13.6158,-3.2145,-7.5778,5.247,0,REST
7175,28.02734375,13.6699,-3.1489,-11.7756,5.6448,0,REST
7176,28.03125,7.662,-3.0268,-12.7763,6.5436,0,REST
7177,28.03515625,10.8756,-0.1178,-12.2283,7.9939,0,REST
7178,28.0390625,2.2802,1.5293,-11.4428,8.4945,0,REST
7179,28.04296875,3.2269,5.7221,-11.5317,5.8918,0,REST
7180,28.046875,-3.6444,4.7371,-9.5164,7.9465,0,REST
7181,28.05078125,-2.8933,6.1535,-5.203,4.4605,0,REST
7182,28.0546875,-6.6228,2.3314,-3.0843,-0.4509,0,REST
7183,28.05859375,-7.8692,5.5278,3.6501,-2.4034,0,REST
7184,28.0625,-13.2154,4.1515,3.642,-5.2622,0,REST
7185,28.06640625,-8.1684,0.0315,5.9908,-1.7725,0,REST
7186,28.0703125,-11.1643,1.8514,9.7905,-6.6202,0,REST
7187,28.07421875,-16.0601,1.1374,9.8986,-7.3018,0,REST
7188,28.078125,-9.1747,1.4143,12.3643,-13.4482,0,REST
7189,28.08203125,-5.5598,-0.1327,13.2368,-8.7738,0,REST
7190,28.0859375,-2.579,0.9773,12.0958,-8.0384,0,REST
7191,28.08984375,1.1042,-0.9003,10.6288,-5.7963,0,REST
7192,28.09375,-2.1281,2.6265,9.033,-6.3374,0,REST
7193,28.09765625,4.9707,0.9201,3.6931,-3.26,0,REST
7194,28.1015625,6.3531,-0.8077,0.8783,-2.191,0,REST
7195,28.10546875,9.3299,-3.6982,-0.1116,0.2169,0,REST
7196,28.109375,5.926,-3.5201,-3.7901,1.4856,0,REST
7197,28.11328125,9.2326,-1.5235,-5.9635,3.6283,0,REST
7198,28.1171875,7.7151,-4.5445,-6.1941,10.6207,0,REST
7199,28.12109375,9.4277,-1.2467,-9.4226,8.9732,0,REST
7200,28.125,9.8396,-1.2213,-11.242,13.1607,0,REST
7201,28.12890625,8.1135,-2.2207,-8.9815,10.1633,0,REST
7202,28.1328125,4.611,-0.8198,-8.8608,11.3292,0,REST
7203,28.13671875,0.0344,-5.3656,-8.9949,7.2572,0,REST
7204,28.140625,1.2112,0.8142,-3.7658,2.1744,0,REST
7205,28.14453125,-1.1447,-0.0186,-6.8618,5.8557,0,REST
7206,28.1484375,-6.3362,1.1916,1.3478,-0.0498,0,REST
7207,28.15234375,-4.9281,0.3667,0.4296,-1.8184,0,REST
7208,28.15625,-10.0184,4.1778,4.0459,-6.9275,0,REST
7209,28.16015625,-4.9482,6.097,6.8544,-8.6516,0,REST
7210,28.1640625,-8.9424,6.5757,4.8133,-10.5128,0,REST
7211,28.16796875,-3.5158,3.6824,5.095,-15.8547,0,REST
7212,28.171875,-2.8538,4.5803,6.7761,-9.4941,0,REST
7213,28.17578125,-5.3896,5.665,9.2885,-12.6594,0,REST
7214,28.1796875,-3.3557,6.2936,2.0022,-11.3533,0,REST
7215,28.18359375,-3.3345,8.479,4.2788,-5.0936,0,REST
7216,28.1875,-0.8945,5.4928,1.1032,-4.0307,0,REST
7217,28.19140625,0.0881,3.4317,1.507,-1.3965,0,REST
7218,28.1953125,-1.6598,0.9081,4.7094,6.6438,0,REST
7219,28.19921875,-0.1413,4.4061,0.1427,5.9358,0,REST
7220,28.203125,4.5433,-5.4156,1.3662,8.818,0,REST
7221,28.20703125,4.8828,-4.8358,0.9768,10.1527,0,REST
7222,28.2109375,3.0392,-6.6808,-4.6375,12.5953,0,REST
7223,28.21484375,1.6006,-4.6288,-2.1265,15.3587,0,REST
7224,28.21875,0.9179,-7.5921,-4.2541,13.0182,0,REST
7225,28.22265625,4.3802,-8.3298,-0.9957,10.742,0,REST
7226,28.2265625,4.5292,-6.5739,-4.1957,9.5666,0,REST
7227,28.23046875,3.7103,-9.0093,-1.3361,4.9973,0,REST
7228,28.234375,7.8485,-7.5115,-1.0516,6.7948,0,REST
7229,28.23828125,1.7781,-8.9225,-0.9348,1.8745,0,REST
7230,28.2421875,1.2043,0.5171,-3.9519,-2.848,0,REST
7231,28.24609375,2.8334,1.7231,-2.7765,-5.4847,0,REST
7232,28.25,-0.7463,1.1143,-1.0734,-10.4994,0,REST
7233,28.25390625,-2.5254,4.6195,-1.8374,-11.9598,0,REST
7234,28.2578125,0.0804,5.5605,-1.5164,-14.2616,0,REST
7235,28.26171875,-1.8031,6.0893,-0.7678,-15.2563,0,REST
7236,28.265625,-0.8568,9.0944,0.2253,-9.5707,0,REST
7237,28.26953125,0.1328,9.7651,1.6578,-11.7606,0,REST
7238,28.2734375,0.2181,3.4908,-0.8061,-4.7649,0,REST
7239,28.27734375,-3.5415,11.9741,-2.1847,-5.1908,0,REST
7240,28.28125,-1.6978,6.2047,4.6864,-2.4059,0,REST
7241,28.28515625,-7.0098,1.2923,3.4161,1.5504,0,REST
7242,28.2890625,-4.2102,-0.0559,2.6473,1.4488,0,REST
7243,28.29296875,-4.5748,-0.3939,3.5648,9.4876,0,REST
7244,28.296875,-1.9122,-3.5727,5.4243,10.6494,0,REST
7245,28.30078125,-6.1183,-8.282,7.3709,11.6028,0,REST
7246,28.3046875,-3.3969,-8.4306,3.7001,14.6365,0,REST
7247,28.30859375,-2.2366,-6.5697,1.8562,12.8345,0,REST
7248,28.3125,1.5086,-14.352,3.1853,8.8383,0,REST
7249,28.31640625,4.2246,-9.8543,1.9213,7.4889,0,REST
7250,28.3203125,2.4289,-8.8729,3.5049,4.7808,0,REST
7251,28.32421875,3.5276,-9.8262,1.053,1.9947,0,REST
7252,28.328125,4.2203,-3.8398,2.3656,2.1238,0,REST
7253,28.33203125,9.7729,-5.1196,-0.7101,-4.955,0,REST
7254,28.3359375,9.9413,-2.2324,-5.1648,-5.0465,0,REST
7255,28.33984375,4.3531,-4.3634,-10.2485,-6.5524,0,REST
7256,28.34375,10.317,-0.0468,-6.0127,-9.4758,0,REST
7257,28.34765625,7.0605,8.7384,-10.1706,-12.0251,0,REST
7258,28.3515625,6.6284,12.1907,-10.0312,-14.7932,0,REST
7259,28.35546875,6.2734,9.6954,-9.5107,-12.1925,0,REST
7260,28.359375,-0.1003,13.9163,-6.0848,-8.639,0,REST
7261,28.36328125,-0.3122,11.8934,-4.4375,-10.8414,0,REST
7262,28.3671875,-6.93,13.9163,-7.014,0.4143,0,REST
7263,28.37109375,-3.9379,9.6911,-3.6037,-4.3251,0,REST
7264,28.375,-7.4832,6.6395,0.4995,1.5342,0,REST
7265,28.37890625,-9.3533,4.1428,-1.2731,4.5145,0,REST
7266,28.3828125,-7.6939,2.2677,5.6233,7.8561,0,REST
7267,28.38671875,-9.318,-0.4032,3.1809,5.5752,0,REST
7268,28.390625,-6.5833,-4.2523,5.907,6.8007,0,REST
7269,28.39453125,-8.7782,-6.9267,8.6124,11.3369,0,REST
7270,28.3984375,-4.5341,-11.8693,10.1953,11.3105,0,REST
7271,28.40234375,0.3959,-11.8018,7.5929,8.5751,0,REST
7272,28.40625,0.6411,-9.558,11.0811,8.3879,0,REST
7273,28.41015625,2.1876,-13.0295,9.6467,3.7297,0,REST
7274,28.4140625,4.6295,-9.6819,5.2129,3.9278,0,REST
7275,28.41796875,5.7208,-9.1405,1.9531,1.4726,0,REST
7276,28.421875,7.6069,-7.1505,2.2689,-4.4898,0,REST
7277,28.42578125,11.9157,-8.503,-4.4704,-5.6566,0,REST
7278,28.4296875,10.2464,-1.4635,-2.3305,-4.1425,0,REST
7279,28.43359375,9.1201,-1.7841,-6.8285,-2.1784,0,REST
7280,28.4375,9.5604,2.5569,-9.3494,-4.9264,0,REST
7281,28.44140625,7.6208,5.1058,-12.2629,-5.7018,0,REST
7282,28.4453125,5.9473,8.4958,-10.6145,-4.4238,0,REST
7283,28.44921875,0.6384,9.1502,-12.1147,-7.7311,0,REST
7284,28.453125,2.1679,13.2817,-15.8515,-5.7598,0,REST
7285,28.45703125,-1.5359,14.5195,-6.3177,-0.7031,0,REST
7286,28.4609375,-4.872,9.7058,-7.5377,0.5414,0,REST
7287,28.46484375,-10.0039,11.9645,-4.8936,-4.4299,0,REST
7288,28.46875,-6.3311,8.7461,-4.0107,-2.8896,0,REST
7289,28.47265625,-11.6575,6.5896,-1.549,1.1937,0,REST
7290,28.4765625,-13.4776,3.0412,4.5717,1.4182,0,REST
7291,28.48046875,-15.6112,4.9923,11.2719,3.6631,0,REST
7292,28.484375,-10.0304,-4.966,6.633,0.5078,0,REST
7293,28.48828125,-10.2457,-8.1,12.5091,2.9018,0,REST
7294,28.4921875,-6.9179,-9.146,13.8959,2.8571,0,REST
7295,28.49609375,-4.6446,-8.0604,12.5224,3.0526,0,REST
7296,28.5,0.792,-12.2045,13.2657,4.1036,0,REST
7297,28.50390625,0.3271,-14.2551,13.5081,4.2589,0,REST
7298,28.5078125,7.4114,-12.6238,10.637,0.7765,0,REST
7299,28.51171875,11.7265,-12.6721,10.4316,2.6594,0,REST
7300,28.515625,13.2912,-4.9389,4.4773,2.2592,0,REST
7301,28.51953125,10.2506,-4.8319,-1.498,2.0598,0,REST
7302,28.5234375,13.3051,-0.3918,-3.4871,-1.2992,0,REST
7303,28.52734375,11.4778,-0.8887,-9.2755,2.2904,0,REST
7304,28.53125,9.999,3.1098,-9.5375,-3.8111,0,REST
7305,28.53515625,9.0529,9.6353,-13.2888,-1.9612,0,REST
7306,28.5390625,6.6265,6.7269,-8.9288,-0.4671,0,REST
7307,28.54296875,4.0684,10.6922,-14.447,-5.6097,0,REST
7308,28.546875,-0.1241,10.1525,-12.0693,-3.895,0,REST
7309,28.55078125,-2.1328,13.1004,-12.732,-5.7874,0,REST
7310,28.5546875,-10.6282,13.3593,-7.2836,-2.9018,0,REST
7311,28.55859375,-8.0616,11.5045,-6.5642,-6.604,0,REST
7312,28.5625,-8.4046,10.1084,-4.0664,-2.6773,0,REST
7313,28.56640625,-13.3817,7.472,-1.9381,-4.2909,0,REST
7314,28.5703125,-12.4063,2.7029,2.2367,1.6459,0,REST
7315,28.57421875,-10.8977,-1.4849,5.3553,-2.8731,0,REST
7316,28.578125,-11.9382,-3.47,9.4353,0.2587,0,REST
7317,28.58203125,-9.8374,-6.4258,6.7991,-0.3045,0,REST
7318,28.5859375,-4.5371,-8.6105,13.2328,6.3785,0,REST
7319,28.58984375,-2.6541,-9.8928,9.4362,3.0132,0,REST
7320,28.59375,3.2477,-14.6957,8.4036,4.5235,0,REST
7321,28.59765625,3.7296,-11.6207,10.2428,4.1139,0,REST
7322,28.6015625,1.7752,-10.3037,6.0853,4.2981,0,REST
7323,28.60546875,8.8279,-10.0226,6.4593,5.7617,0,REST
7324,28.609375,8.7345,-8.4761,0.9033,5.5922,0,REST
7325,28.61328125,10.3575,-7.0668,0.8011,1.8861,0,REST
7326,28.6171875,8.2986,-0.9949,-3.8945,4.3002,0,REST
7327,28.62109375,9.3762,3.4447,-5.3492,6.79,0,REST
7328,28.625,6.3846,2.6232,-7.9871,0.0679,0,REST
7329,28.62890625,3.2845,9.8722,-6.5427,-1.5773,0,REST
7330,28.6328125,6.7231,10.0673,-7.0087,-2.7045,0,REST
7331,28.63671875,4.9871,7.7659,-10.4152,-7.8428,0,REST
7332,28.640625,-0.9543,11.9862,-9.5518,-5.2323,0,REST
7333,28.64453125,-5.9155,6.5769,-2.9669,-5.168,0,REST
7334,28.6484375,-2.5923,12.487,-5.641,-9.3604,0,REST
7335,28.65234375,-4.639,10.2695,-3.0944,-7.9997,0,REST
7336,28.65625,-4.6888,6.5982,-1.1099,-7.8315,0,REST
7337,28.66015625,-8.2671,4.5648,-2.2932,-9.4744,0,REST
7338,28.6640625,-8.8392,0.0667,-1.0484,-3.2418,0,REST
7339,28.66796875,-7.459,-4.4421,6.0747,-3.7527,0,REST
7340,28.671875,-4.1479,-3.2386,4.2506,-0.9498,0,REST
7341,28.67578125,-7.0169,-3.7384,4.5703,1.7759,0,REST
7342,28.6796875,-3.9744,-4.1055,6.5769,0.8836,0,REST
7343,28.68359375,-0.1483,-6.5294,-0.8426,5.0469,0,REST
7344,28.6875,-1.2371,-8.8413,6.3398,7.3748,0,REST
7345,28.69140625,3.6997,-8.0578,1.483,13.0425,0,REST
7346,28.6953125,3.7322,-8.6867,4.0871,11.7965,0,REST
7347,28.69921875,5.1828,-7.5679,0.5678,9.2713,0,REST
7348,28.703125,4.7719,-4.3035,5.2487,9.7977,0,REST
7349,28.70703125,4.4384,-3.6492,6.9613,9.5039,0,REST
7350,28.7109375,4.4131,-3.5908,-0.6677,8.6428,0,REST
7351,28.71484375,6.1033,0.8303,1.1589,7.0189,0,REST
7352,28.71875,3.2078,0.8864,-0.0132,1.1098,0,REST
7353,28.72265625,2.9714,3.7052,0.534,-1.0113,0,REST
7354,28.7265625,3.0033,3.5356,-1.4878,-6.073,0,REST
7355,28.73046875,2.9695,4.3869,-2.061,-11.545,0,REST
7356,28.734375,2.5064,11.3354,-5.1133,-10.2089,0,REST
7357,28.73828125,1.0438,7.5914,-3.1175,-9.3229,0,REST
7358,28.7421875,4.2768,6.7861,-5.6849,-10.5128,0,REST
7359,28.74609375,2.5541,4.9695,-5.7833,-11.9692,0,REST
7360,28.75,-0.9152,5.6376,-2.6897,-10.8672,0,REST
7361,28.75390625,-2.6609,2.7134,-3.8388,-4.4004,0,REST
7362,28.7578125,0.9304,-3.3648,-1.4709,-4.9067,0,REST
7363,28.76171875,-3.4849,2.2889,-2.2813,-2.2047,0,REST
7364,28.765625,-2.012,1.3663,-3.2778,1.7385,0,REST
7365,28.76953125,1.4497,-1.28,2.1405,3.5595,0,REST
7366,28.7734375,-4.0465,-3.4889,-1.3272,2.2674,0,REST
7367,28.77734375,-0.8745,-1.8716,0.6696,8.8398,0,REST
7368,28.78125,-4.2416,-3.1748,-0.4308,10.7194,0,REST
7369,28.78515625,-6.2678,-5.7837,-0.4816,16.5935,0,REST
7370,28.7890625,-3.3332,-6.9195,-0.1182,10.7201,0,REST
7371,28.79296875,-4.3254,-2.4719,0.9206,11.0928,0,REST
7372,28.796875,-5.1652,-6.4962,5.8647,8.5762,0,REST
7373,28.80078125,-1.6444,-5.0685,7.6127,9.7624,0,REST
7374,28.8046875,-0.6792,-3.8677,6.3893,6.4229,0,REST
7375,28.80859375,-1.9956,1.3712,1.0174,2.5675,0,REST
7376,28.8125,3.651,-2.5369,5.919,-0.8417,0,REST
7377,28.81640625,-0.966,-1.4962,5.4213,-4.713,0,REST
7378,28.8203125,5.9016,0.4412,9.6244,-10.1383,0,REST
7379,28.82421875,8.4821,0.9964,2.2914,-12.2762,0,REST
7380,28.828125,4.2998,3.3036,4.0872,-12.9098,0,REST
7381,28.83203125,6.8872,-0.5253,-0.9913,-11.5184,0,REST
7382,28.8359375,6.8399,0.244,1.7602,-12.1053,0,REST
7383,28.83984375,6.1844,-1.6443,-4.5379,-10.7485,0,REST
7384,28.84375,8.9313,3.301,-1.2303,-6.631,0,REST
7385,28.84765625,6.1498,1.548,-9.6846,-6.0322,0,REST
7386,28.8515625,6.2856,2.8909,-5.8366,-2.2405,0,REST
7387,28.85546875,6.0799,5.6765,-4.8559,1.992,0,REST
7388,28.859375,-0.4212,4.3071,-3.8165,5.621,0,REST
7389,28.86328125,-1.4759,4.2963,-6.3729,7.5315,0,REST
7390,28.8671875,-6.9679,0.1196,-8.1733,11.9758,0,REST
7391,28.87109375,-6.6078,2.4053,-8.9225,10.8442,0,REST
7392,28.875,-3.5135,2.5911,-7.1999,11.4072,0,REST
7393,28.87890625,-10.5426,0.1184,-2.4718,13.9213,0,REST
7394,28.8828125,-6.2891,-4.2396,-2.8221,9.8835,0,REST
7395,28.88671875,-10.1273,4.1556,1.1357,7.4032,0,REST
7396,28.890625,-11.6371,-1.9234,-0.4804,7.3239,0,REST
7397,28.89453125,-5.9357,-3.8232,4.8683,3.7353,0,REST
7398,28.8984375,-9.068,-4.8006,7.157,-3.8275,0,REST
7399,28.90234375,-1.741,-5.0542,9.2287,-4.16,0,REST
7400,28.90625,3.3145,-1.3318,9.4955,-4.1353,0,REST
7401,28.91015625,3.0492,-5.0453,8.5151,-5.8517,0,REST
7402,28.9140625,4.6445,-6.3183,12.6183,-8.9533,0,REST
7403,28.91796875,8.997,-4.2283,10.6177,-8.1252,0,REST
7404,28.921875,11.0285,-4.0291,5.5928,-7.1066,0,REST
7405,28.92578125,7.6512,1.139,6.8719,-6.0934,0,REST
7406,28.9296875,11.2342,-2.8312,-0.2558,-7.5168,0,REST
7407,28.93359375,12.6962,-1.1221,-0.7631,-7.7375,0,REST
7408,28.9375,8.7318,-1.3733,-0.4315,-4.6201,0,REST
7409,28.94140625,8.558,1.4885,-2.1101,-2.2577,0,REST
7410,28.9453125,7.7861,3.6009,-11.5015,-1.6569,0,REST
7411,28.94921875,4.1902,6.0479,-8.9277,0.8292,0,REST
7412,28.953125,-1.4797,4.3086,-11.6099,4.8724,0,REST
7413,28.95703125,-0.8132,6.0221,-12.862,6.9436,0,REST
7414,28.9609375,-9.4202,7.3436,-9.6764,5.3232,0,REST
7415,28.96484375,-9.451,7.6138,-10.4329,8.7588,0,REST
7416,28.96875,-11.8547,5.0154,-9.5403,9.478,0,REST
7417,28.97265625,-11.9886,4.1884,-4.715,7.3414,0,REST
7418,28.9765625,-14.3512,-2.8037,-2.0132,8.7405,0,REST
7419,28.98046875,-13.5551,0.4912,-3.6927,3.7929,0,REST
7420,28.984375,-13.7195,-1.3067,1.5135,4.6213,0,REST
7421,28.98828125,-10.6149,-3.9751,5.451,2.1093,0,REST
7422,28.9921875,-5.8473,-4.88,10.6446,-1.3084,0,REST
7423,28.99609375,-6.6697,-6.3053,10.7316,-1.7322,0,REST
7424,29.0,-1.8684,-5.8276,14.8348,-3.4142,0,REST
7425,29.00390625,5.8251,-7.9952,12.3272,-3.2925,0,REST
7426,29.0078125,6.1417,-9.6618,12.7552,-3.1235,0,REST
7427,29.01171875,9.0705,-11.7161,11.0892,-6.5866,0,REST
7428,29.015625,16.1817,-1.3435,9.5987,-9.8354,0,REST
7429,29.01953125,11.0753,-8.9052,10.4313,-5.9819,0,REST
7430,29.0234375,12.4774,-3.0811,8.5452,-7.5192,0,REST
7431,29.02734375,14.4707,0.58,3.5794,-7.5975,0,REST
7432,29.03125,9.3366,0.0329,-5.101,2.7665,0,REST
7433,29.03515625,7.7683,4.2919,-8.5308,-2.9286,0,REST
7434,29.0390625,6.6782,2.6678,-8.866,-0.1422,0,REST
7435,29.04296875,6.8866,9.5076,-11.6189,3.6554,0,REST
7436,29.046875,0.7051,8.6507,-8.9274,3.077,0,REST
7437,29.05078125,-1.884,11.3768,-10.0736,1.3423,0,REST
7438,29.0546875,-6.5541,4.5788,-10.9225,5.429,0,REST
7439,29.05859375,-9.3856,12.785,-13.6358,1.7078,0,REST
7440,29.0625,-9.2536,4.5772,-7.7948,1.4696,0,REST
7441,29.06640625,-11.2053,4.7298,-7.4243,3.4578,0,REST
7442,29.0703125,-15.1983,0.654,-6.8996,3.1143,0,REST
7443,29.07421875,-12.0931,-0.3123,-1.858,5.8298,0,REST
7444,29.078125,-10.602,-2.1677,1.2043,0.4144,0,REST
7445,29.08203125,-9.8855,-3.6768,2.6234,-0.2305,0,REST
7446,29.0859375,-3.1081,-7.3364,7.1353,-0.612,0,REST
7447,29.08984375,-1.014,-10.7152,11.6355,-1.4691,0,REST
7448,29.09375,0.818,-13.2,14.4435,-3.3652,0,REST
7449,29.09765625,3.6465,-9.6709,12.3741,2.7085,0,REST
7450,29.1015625,3.3581,-9.0886,8.0516,-3.3615,0,REST
7451,29.10546875,8.8356,-11.3205,10.0848,-2.5713,0,REST
7452,29.109375,6.0709,-7.3077,3.7835,-2.3409,0,REST
7453,29.11328125,12.643,-8.375,6.1801,-2.1048,0,REST
7454,29.1171875,10.7271,0.6922,0.4825,-4.6662,0,REST
7455,29.12109375,11.6199,-2.7586,3.9177,-1.5016,0,REST
7456,29.125,6.0918,1.7894,2.8143,-1.4054,0,REST
7457,29.12890625,7.2388,1.8941,-2.6082,-2.163,0,REST
7458,29.1328125,3.2705,8.7523,-0.5561,-2.0937,0,REST
7459,29.13671875,1.8277,10.4476,-10.8006,-2.0809,0,REST
7460,29.140625,0.6409,12.4183,-6.3336,-1.6759,0,REST
7461,29.14453125,-4.6718,12.4741,-7.6022,-2.879,0,REST
7462,29.1484375,-3.9952,11.2553,-7.5538,-0.0528,0,REST
7463,29.15234375,-5.7441,11.4012,-11.4882,-0.4835,0,REST
7464,29.15625,0.0948,9.4613,-3.654,2.7936,0,REST
7465,29.16015625,-8.6736,7.9856,-2.8427,4.2367,0,REST
7466,29.1640625,-6.326,2.9337,-1.0411,2.2291,0,REST
7467,29.16796875,-5.7747,2.0608,-3.7476,6.8741,0,REST
7468,29.171875,-3.7169,-4.7292,-1.664,2.4884,0,REST
7469,29.17578125,-4.153,-6.386,-2.0637,6.547,0,REST
7470,29.1796875,-2.7521,-10.047,2.7882,5.0675,0,REST
7471,29.18359375,-0.9138,-5.1549,3.7615,2.1128,0,REST
7472,29.1875,0.8467,-12.1303,4.8793,2.4222,0,REST
7473,29.19140625,2.6548,-12.8711,5.6359,0.9467,0,REST
7474,29.1953125,1.0177,-15.6424,1.7602,1.7621,0,REST
7475,29.19921875,2.9178,-12.6615,5.5552,-0.1007,0,REST
7476,29.203125,3.5045,-10.9041,1.5018,-4.0211,0,REST
7477,29.20703125,3.7964,-5.3805,3.4982,-7.0033,0,REST
7478,29.2109375,3.2539,-2.7457,1.2424,-7.0139,0,REST
7479,29.21484375,4.489,-2.8151,2.9297,-6.9339,0,REST
7480,29.21875,3.5998,1.8128,-2.1117,-6.0385,0,REST
7481,29.22265625,5.2404,6.0477,1.2119,-5.3867,0,REST
7482,29.2265625,2.5436,7.0538,-1.9152,-7.3319,0,REST
7483,29.23046875,2.2104,7.7248,-3.1088,-6.4044,0,REST
7484,29.234375,3.4887,12.6605,-1.787,-5.3913,0,REST
7485,29.23828125,0.1883,10.9886,-0.1014,-9.2365,0,REST
7486,29.2421875,1.6183,14.4063,0.4217,-0.8136,0,REST
7487,29.24609375,0.9138,10.775,-1.2464,-1.0564,0,REST
7488,29.25,2.3228,9.2127,-3.2938,2.276,0,REST
7489,29.25390625,2.2749,9.4125,-5.2298,3.8944,0,REST
7490,29.2578125,0.4994,5.0211,-2.1696,6.8501,0,REST
7491,29.26171875,3.6784,0.0128,-3.731,4.2159,0,REST
7492,29.265625,-0.1836,-0.0167,-2.0998,9.8812,0,REST
7493,29.26953125,0.938,-5.3803,-3.4725,8.0077,0,REST
7494,29.2734375,-5.1045,-5.4377,-4.0577,8.0711,0,REST
7495,29.27734375,-1.4933,-13.0981,-5.8956,5.5439,0,REST
7496,29.28125,-5.0375,-14.0749,-1.1091,9.085,0,REST
7497,29.28515625,-6.6143,-15.3041,-1.0081,6.2493,0,REST
7498,29.2890625,-3.1783,-12.2113,-4.3867,2.289,0,REST
7499,29.29296875,1.1857,-9.3048,0.3817,-4.106,0,REST
7500,29.296875,-2.3609,-8.8643,-0.4055,-2.4758,0,REST
7501,29.30078125,-1.7651,-7.2867,-0.9352,-5.3895,0,REST
7502,29.3046875,-3.6275,-3.1087,3.5627,-11.2035,0,REST
7503,29.30859375,-0.992,-3.6532,3.8756,-7.2747,0,REST
7504,29.3125,0.739,3.4611,2.2217,-11.3882,0,REST
7505,29.31640625,3.8305,4.054,2.4205,-11.2766,0,REST
7506,29.3203125,1.6153,8.7733,8.5092,-11.5063,0,REST
7507,29.32421875,4.5581,12.6234,3.726,-10.2293,0,REST
7508,29.328125,3.4858,7.5356,4.496,-8.7977,0,REST
7509,29.33203125,4.7538,11.7194,3.739,-1.6254,0,REST
7510,29.3359375,8.1077,12.0731,6.2344,-2.1016,0,REST
7511,29.33984375,8.3185,10.3555,0.8296,1.6638,0,REST
7512,29.34375,5.6062,9.6882,-0.0138,5.5226,0,REST
7513,29.34765625,7.358,7.7604,-0.2434,6.3921,0,REST
7514,29.3515625,6.3447,-1.0846,2.4378,7.7888,0,REST
7515,29.35546875,-0.9745,0.169,-5.1019,11.0968,0,REST
7516,29.359375,2.6818,-2.5411,-3.5712,11.5233,0,REST
7517,29.36328125,-1.2703,-6.6675,-6.0824,10.2512,0,REST
7518,29.3671875,-2.3237,-4.2112,-10.46,11.3185,0,REST
7519,29.37109375,-4.939,-7.0388,-11.5177,8.5459,0,REST
7520,29.375,-6.2352,-10.2942,-8.1051,8.7331,0,REST
7521,29.37890625,-8.6596,-10.919,-6.5282,5.8839,0,REST
7522,29.3828125,-8.8246,-7.002,-4.874,0.3961,0,REST
7523,29.38671875,-11.8117,-9.6385,-6.3767,-6.28,0,REST
7524,29.390625,-12.683,-6.92,-4.7363,-5.9307,0,REST
7525,29.39453125,-3.6927,-3.506,-1.2754,-13.6107,0,REST
7526,29.3984375,-7.6977,-5.2424,5.1632,-16.4492,0,REST
7527,29.40234375,-3.1687,-0.8043,1.4128,-10.1631,0,REST
7528,29.40625,-0.0013,2.1031,8.2241,-13.3832,0,REST
7529,29.41015625,-0.9872,0.5011,6.3891,-11.7252,0,REST
7530,29.4140625,5.476,10.1322,8.806,-11.9824,0,REST
7531,29.41796875,5.8644,7.2621,8.863,-7.3182,0,REST
7532,29.421875,11.2278,7.0133,7.9734,-4.6717,0,REST
7533,29.42578125,12.1664,10.4413,11.5871,-2.619,0,REST
7534,29.4296875,11.7601,8.0426,14.2154,2.5896,0,REST
7535,29.43359375,12.9055,8.1056,9.1821,3.7051,0,REST
7536,29.4375,11.5984,4.3414,5.0829,8.877,0,REST
7537,29.44140625,10.3429,4.5892,0.9068,15.3514,0,REST
7538,29.4453125,4.8165,5.0186,-0.6164,12.2617,0,REST
7539,29.44921875,3.7717,1.2449,-6.6714,13.798,0,REST
7540,29.453125,-0.4825,0.096,-7.7071,12.923,0,REST
7541,29.45703125,-3.1126,-3.211,-8.4486,11.9841,0,REST
7542,29.4609375,-9.6868,-4.7411,-13.6271,6.2006,0,REST
7543,29.46484375,-4.6628,-3.6248,-14.1431,4.5915,0,REST
7544,29.46875,-12.5026,-7.3134,-14.1752,1.9034,0,REST
7545,29.47265625,-11.3488,-8.4217,-16.6823,-0.3892,0,REST
7546,29.4765625,-13.4307,-3.8841,-11.6707,-2.561,0,REST
7547,29.48046875,-11.197,-6.0681,-9.11,-7.7179,0,REST
7548,29.484375,-10.832,-6.1343,-5.7439,-9.1887,0,REST
7549,29.48828125,-7.3092,-3.0708,-0.9232,-9.6699,0,REST
7550,29.4921875,-8.0016,-0.5736,2.2502,-7.8804,0,REST
7551,29.49609375,-4.2737,-2.3575,5.5447,-12.0346,0,REST
7552,29.5,2.6501,1.5076,7.7724,-13.0656,0,REST
7553,29.50390625,5.8648,-1.8512,10.6146,-10.2544,0,REST
7554,29.5078125,5.4757,0.6462,8.5482,-7.8927,0,REST
7555,29.51171875,12.0533,5.6558,10.8193,-2.6291,0,REST
7556,29.515625,11.8167,5.7602,11.2456,-0.6645,0,REST
7557,29.51953125,14.5991,7.2901,8.2989,0.5471,0,REST
7558,29.5234375,15.3471,4.1591,13.6229,7.4837,0,REST
7559,29.52734375,11.136,7.7593,8.5643,6.3375,0,REST
7560,29.53125,13.0288,3.1717,5.8084,6.3873,0,REST
7561,29.53515625,6.5663,4.6354,0.5391,9.8534,0,REST
7562,29.5390625,4.4724,4.8327,-2.0357,7.7813,0,REST
7563,29.54296875,-0.2184,2.1172,-3.0565,9.0488,0,REST
7564,29.546875,-1.0552,0.0399,-10.1606,10.5851,0,REST
7565,29.55078125,-2.1101,-3.7029,-8.8601,7.8883,0,REST
7566,29.5546875,-4.5022,-1.7521,-7.8561,5.8408,0,REST
7567,29.55859375,-11.5287,-5.2681,-10.9885,0.6179,0,REST
7568,29.5625,-9.7315,-3.1517,-7.6269,-0.658,0,REST
7569,29.56640625,-12.0232,-4.8218,-8.2805,3.145,0,REST
7570,29.5703125,-13.7286,-6.6761,-8.4903,-8.4983,0,REST
7571,29.57421875,-12.6046,-4.3083,-8.8893,-5.5406,0,REST
7572,29.578125,-6.645,-0.3843,-3.9286,-3.2043,0,REST
7573,29.58203125,-10.1233,-2.0413,-2.4463,-7.8122,0,REST
7574,29.5859375,-6.028,-2.4063,2.4451,-5.2994,0,REST
7575,29.58984375,-1.284,-1.8917,0.3412,-8.2021,0,REST
7576,29.59375,-0.2726,-3.6431,4.4633,-6.6992,0,REST
7577,29.59765625,6.0056,-2.3315,5.5657,-3.9258,0,REST
7578,29.6015625,7.689,-0.1417,7.5247,0.7646,0,REST
7579,29.60546875,8.3551,0.8323,11.8239,-2.8789,0,REST
7580,29.609375,10.3137,-0.611,12.309,0.2297,0,REST
7581,29.61328125,4.6961,1.0855,10.4012,-0.6373,0,REST
7582,29.6171875,12.3434,1.4201,7.4715,9.7198,0,REST
7583,29.62109375,9.8376,2.9216,2.0872,7.1257,0,REST
7584,29.625,9.2559,1.9033,3.8144,3.9432,0,REST
7585,29.62890625,6.437,0.2135,3.0538,7.8599,0,REST
7586,29.6328125,3.656,-1.0469,1.3367,4.6053,0,REST
7587,29.63671875,3.4788,2.4758,-3.4836,3.6726,0,REST
7588,29.640625,2.4419,4.0783,-0.3264,7.5658,0,REST
7589,29.64453125,1.9909,1.5528,-6.4522,5.9154,0,REST
7590,29.6484375,-3.8553,3.2646,-3.1297,-0.4362,0,REST
7591,29.65234375,-3.5235,4.9479,-8.099,0.5676,0,REST
7592,29.65625,-6.0934,1.6993,-5.8443,-2.9642,0,REST
7593,29.66015625,-7.1176,2.3534,-9.6627,-0.0671,0,REST
7594,29.6640625,-6.7251,2.9672,-5.7671,-1.0696,0,REST
7595,29.66796875,-6.4376,4.4963,-4.5592,-2.4898,0,REST
7596,29.671875,-8.2402,-0.3629,-6.7489,-2.4336,0,REST
7597,29.67578125,-5.2405,-2.3268,-3.2165,-5.9803,0,REST
7598,29.6796875,-3.3938,-2.0352,-0.8256,-4.06,0,REST
7599,29.68359375,-2.2707,-1.0787,0.5671,1.4175,0,REST
7600,29.6875,2.3386,-7.5731,5.3509,-3.2981,0,REST
7601,29.69140625,3.1312,-4.633,4.9286,-1.6069,0,REST
7602,29.6953125,3.4494,-5.0451,0.9625,-3.5967,0,REST
7603,29.69921875,3.8908,-6.8222,5.5116,-1.8407,0,REST
7604,29.703125,7.5205,-2.2979,2.7303,1.3103,0,REST
7605,29.70703125,6.473,-0.7554,6.0067,-1.4979,0,REST
7606,29.7109375,5.7911,-2.0517,7.641,0.6948,0,REST
7607,29.71484375,4.0551,-0.5294,3.3236,0.5973,0,REST
7608,29.71875,2.5919,0.0259,2.0342,0.8927,0,REST
7609,29.72265625,3.0983,2.2886,6.1317,0.5756,0,REST
7610,29.7265625,1.8835,6.1931,3.0895,-0.3461,0,REST
7611,29.73046875,2.6977,5.3365,-0.3118,3.6923,0,REST
7612,29.734375,3.9638,8.5818,0.6458,2.8489,0,REST
7613,29.73828125,2.5473,6.0357,-2.1675,5.8405,0,REST
7614,29.7421875,-0.0793,7.7347,-1.1798,4.6253,0,REST
7615,29.74609375,-0.0611,3.8954,-5.9239,2.7089,0,REST
7616,29.75,-1.2039,7.6162,0.8185,2.9306,0,REST
7617,29.75390625,2.0027,3.7632,-0.0338,4.429,0,REST
7618,29.7578125,-4.5044,1.9489,-1.5248,2.623,0,REST
7619,29.76171875,-1.8348,3.5909,-5.9428,0.6728,0,REST
7620,29.765625,-0.1547,-1.6548,-1.6735,-0.6682,0,REST
7621,29.76953125,-1.1301,-0.5689,-5.903,5.0024,0,REST
7622,29.7734375,-2.0984,-2.4637,-1.2323,2.4286,0,REST
7623,29.77734375,-2.7139,-7.3498,-4.4846,-1.4604,0,REST
7624,29.78125,-4.7011,-5.4926,-0.8157,-2.3321,0,REST
7625,29.78515625,-4.4884,-3.2718,-4.8585,-3.378,0,REST
7626,29.7890625,-4.415,-9.3875,-1.2844,-7.0027,0,REST
7627,29.79296875,-1.0956,-10.0294,-0.315,-7.061,0,REST
7628,29.796875,-0.8799,-8.6066,-1.8708,-6.5244,0,REST
7629,29.80078125,-0.4463,-5.7315,-3.061,-4.4641,0,REST
7630,29.8046875,0.5829,-6.7602,-4.2741,-4.339,0,REST
7631,29.80859375,-1.9986,-0.196,-0.7802,-4.1955,0,REST
7632,29.8125,-1.6034,-0.2807,1.2069,-7.2001,0,REST
7633,29.81640625,4.3567,0.116,3.1881,-0.2744,0,REST
7634,29.8203125,4.3189,6.4378,5.005,2.6479,0,REST
7635,29.82421875,4.6493,6.0097,6.9978,2.8057,0,REST
7636,29.828125,5.0364,10.2233,3.9761,4.7264,0,REST
7637,29.83203125,1.6419,8.5089,6.7627,3.5992,0,REST
7638,29.8359375,6.1935,12.9138,7.8582,7.7332,0,REST
7639,29.83984375,5.4918,11.8982,5.49,11.2113,0,REST
7640,29.84375,3.9179,5.8227,2.1701,5.2231,0,REST
7641,29.84765625,5.998,7.5964,6.2257,8.4731,0,REST
7642,29.8515625,0.7493,9.1952,-0.1678,5.6677,0,REST
7643,29.85546875,3.2033,7.0453,0.8408,8.4145,0,REST
7644,29.859375,-4.9418,2.5217,-2.4822,2.0198,0,REST
7645,29.86328125,-0.8143,-0.4264,-3.3989,0.2223,0,REST
7646,29.8671875,-3.7774,-2.7307,-4.7267,-0.798,0,REST
7647,29.87109375,-4.2017,-7.6693,-10.1487,-5.0217,0,REST
7648,29.875,-8.6764,-12.9583,-5.5987,-9.8566,0,REST
7649,29.87890625,-8.5391,-14.2213,-11.3089,-9.5634,0,REST
7650,29.8828125,-8.3927,-11.6007,-10.4804,-11.7899,0,REST
7651,29.88671875,-11.5497,-7.7804,-8.0899,-9.3372,0,REST
7652,29.890625,-8.0429,-10.9352,-7.9059,-8.4341,0,REST
7653,29.89453125,-7.8784,-6.362,-5.1935,-10.5037,0,REST
7654,29.8984375,-0.8722,-4.7247,-4.9684,-7.8424,0,REST
7655,29.90234375,-4.2348,-3.6933,-0.4409,-5.1563,0,REST
7656,29.90625,-2.4655,-0.0369,1.8325,-4.4373,0,REST
7657,29.91015625,3.0392,6.7129,5.5747,-0.8564,0,REST
7658,29.9140625,8.4199,5.9125,4.9396,5.1349,0,REST
7659,29.91796875,5.8489,7.0092,8.6287,5.3016,0,REST
7660,29.921875,9.3354,10.0264,10.2369,3.7449,0,REST
7661,29.92578125,10.2072,12.3177,9.7329,12.0312,0,REST
7662,29.9296875,16.1272,15.6629,13.745,12.9489,0,REST
7663,29.93359375,15.0632,9.6403,13.0263,13.1674,0,REST
7664,29.9375,9.0058,12.3622,11.4861,13.9786,0,REST
7665,29.94140625,9.2661,9.2882,7.519,8.8842,0,REST
7666,29.9453125,6.871,4.3108,5.231,7.4466,0,REST
7667,29.94921875,1.7956,3.8997,3.592,6.0103,0,REST
7668,29.953125,-2.0249,2.7401,-2.8234,-0.4684,0,REST
7669,29.95703125,-2.3355,-1.4947,0.2178,-1.3938,0,REST
7670,29.9609375,-3.5387,-4.1034,-1.5283,-8.7982,0,REST
7671,29.96484375,-10.4456,-7.9236,-10.3477,-7.83,0,REST
7672,29.96875,-11.791,-7.6255,-9.9139,-10.1838,0,REST
7673,29.97265625,-13.7568,-11.1634,-11.6969,-10.8057,0,REST
7674,29.9765625,-10.4118,-13.2103,-11.9406,-12.7135,0,REST
7675,29.98046875,-10.4066,-9.9346,-12.1337,-14.2018,0,REST
7676,29.984375,-11.6922,-12.9263,-11.0739,-8.6762,0,REST
7677,29.98828125,-12.8857,-8.5535,-9.8289,-11.4817,0,REST
7678,29.9921875,-7.8097,-4.9563,-5.5799,-4.6919,0,REST
7679,29.99609375,-4.0271,-2.0139,-4.9474,-6.5273,0,REST
7680,30.0,-0.2437,3.7393,3.7853,-1.2359,0,REST
7681,30.00390625,6.1221,4.3212,4.2253,4.1177,0,REST
7682,30.0078125,4.0397,1.8176,9.6094,7.1728,0,REST
7683,30.01171875,7.1854,11.6264,8.9772,9.5866,0,REST
7684,30.015625,14.5303,7.7778,8.7856,12.9112,0,REST
7685,30.01953125,9.3584,12.5929,14.1994,10.4713,0,REST
7686,30.0234375,12.5571,14.9696,15.3443,14.9196,0,REST
7687,30.02734375,14.4541,11.6142,9.2602,16.3548,0,REST
7688,30.03125,12.2155,10.6735,14.4712,10.9237,0,REST
7689,30.03515625,10.2324,4.4432,10.0915,7.713,0,REST
7690,30.0390625,7.442,7.0867,4.6906,4.2959,0,REST
7691,30.04296875,0.2474,0.387,2.8105,1.0789,0,REST
7692,30.046875,-0.3788,-0.2875,-0.5488,-3.6472,0,REST
7693,30.05078125,-1.8028,-5.0048,-3.1401,-5.8806,0,REST
7694,30.0546875,-8.2074,-1.9379,-5.0674,-9.506,0,REST
7695,30.05859375,-10.2536,-5.6803,-5.3008,-9.895,0,REST
7696,30.0625,-8.9719,-11.6294,-9.209,-13.7325,0,REST
7697,30.06640625,-12.55,-11.6843,-11.6453,-10.8334,0,REST
7698,30.0703125,-13.5031,-10.7354,-11.2308,-15.179,0,REST
7699,30.07421875,-14.7062,-8.373,-5.3374,-10.0249,0,REST
7700,30.078125,-9.2099,-8.1973,-11.726,-10.3148,0,REST
7701,30.08203125,-6.7503,-8.3678,-9.3474,-4.3056,0,REST
7702,30.0859375,-5.1892,-4.2751,-6.4605,-4.9792,0,REST
7703,30.08984375,-2.6215,-0.3098,-1.7701,-1.6241,0,REST
7704,30.09375,-2.0063,-0.1804,-3.015,2.9097,0,REST
7705,30.09765625,5.0977,1.9447,4.2639,3.63,0,REST
7706,30.1015625,2.7708,11.7733,3.0379,9.2896,0,REST
7707,30.10546875,9.9843,6.7995,8.1947,11.8069,0,REST
7708,30.109375,9.9218,14.4282,8.557,9.9588,0,REST
7709,30.11328125,11.9714,11.9017,4.9651,13.01,0,REST
7710,30.1171875,9.8494,13.8742,9.4398,10.2871,0,REST
7711,30.12109375,8.8647,12.2757,8.663,10.4709,0,REST
7712,30.125,11.033,9.7397,10.6294,5.1191,0,REST
7713,30.12890625,8.3004,5.4956,4.6102,4.3733,0,REST
7714,30.1328125,4.9279,4.1198,0.8903,1.3175,0,REST
7715,30.13671875,2.0357,2.8036,1.0472,-2.9379,0,REST
7716,30.140625,-0.2282,-1.4451,-0.6556,-3.6656,0,REST
7717,30.14453125,-3.9241,-1.9333,-1.0559,-3.0485,0,REST
7718,30.1484375,-4.7459,-2.1848,-4.2759,-6.4018,0,REST
7719,30.15234375,-7.6822,-5.3465,-4.4167,-8.1765,0,REST
7720,30.15625,-5.4071,-9.2299,-7.5329,-6.9782,0,REST
7721,30.16015625,-7.7352,-12.5201,-6.1478,-6.7041,0,REST
7722,30.1640625,-5.9356,-12.4135,-9.0925,-9.4542,0,REST
7723,30.16796875,-3.5522,-13.0009,-6.5669,-10.6011,0,REST
7724,30.171875,-5.4885,-8.002,-8.9056,-2.1716,0,REST
7725,30.17578125,-8.1408,-2.4798,-7.2951,-2.3645,0,REST
7726,30.1796875,-2.9147,-3.196,-5.1994,0.808,0,REST
7727,30.18359375,-4.6444,-6.2912,-1.4533,4.5106,0,REST
7728,30.1875,-2.2113,0.0537,-3.7614,4.6584,0,REST
7729,30.19140625,-1.0538,3.1177,0.3655,6.4097,0,REST
7730,30.1953125,2.2417,3.1048,3.4901,4.8374,0,REST
7731,30.19921875,2.4882,10.4016,1.298,6.7946,0,REST
7732,30.203125,6.6323,8.2859,2.0326,10.5809,0,REST
7733,30.20703125,6.3285,6.3875,1.7062,6.011,0,REST
7734,30.2109375,6.1231,9.336,5.4003,4.0526,0,REST
7735,30.21484375,5.9052,7.3075,3.997,3.3472,0,REST
7736,30.21875,2.8726,10.5076,6.2033,1.207,0,REST
7737,30.22265625,0.1204,9.3279,3.7089,0.933,0,REST
7738,30.2265625,1.7405,3.4368,3.1949,-2.4169,0,REST
7739,30.23046875,0.1999,-1.7112,3.258,2.2641,0,REST
7740,30.234375,5.2465,1.3772,6.6207,0.8978,0,REST
7741,30.23828125,3.3678,-2.8442,2.3465,-2.4561,0,REST
7742,30.2421875,0.5082,-7.618,0.3826,-2.8065,0,REST
7743,30.24609375,2.8594,-4.4279,2.791,-4.0727,0,REST
7744,30.25,-1.2487,-7.0635,2.0895,-1.8055,0,REST
7745,30.25390625,1.3078,-7.6663,2.3872,-1.2186,0,REST
7746,30.2578125,-0.9595,-7.6724,-0.3067,-2.8203,0,REST
7747,30.26171875,3.0579,-3.8223,-1.193,-2.2971,0,REST
7748,30.265625,-0.3727,-4.4025,0.5147,-1.1084,0,REST
7749,30.26953125,0.5998,-6.6315,-1.6672,-3.4451,0,REST
7750,30.2734375,-2.3741,-6.1004,0.0623,0.8961,0,REST
7751,30.27734375,-3.1224,-3.9226,-2.7167,-4.9209,0,REST
7752,30.28125,-8.6639,-2.1581,-1.2027,0.2785,0,REST
7753,30.28515625,-4.9557,0.82,-1.3231,1.531,0,REST
7754,30.2890625,-2.689,-2.3658,-4.7689,2.5506,0,REST
7755,30.29296875,-4.1528,1.548,-1.9937,0.0998,0,REST
7756,30.296875,-2.6217,5.3305,-6.2325,-0.8307,0,REST
7757,30.30078125,-4.0106,2.9359,-3.3635,3.2948,0,REST
7758,30.3046875,-4.843,4.7283,-3.9798,5.4685,0,REST
7759,30.30859375,1.319,4.6596,-0.4626,3.6043,0,REST
7760,30.3125,3.8222,5.5445,-1.9181,-0.3764,0,REST
7761,30.31640625,1.2009,3.7454,-0.2974,4.9351,0,REST
7762,30.3203125,2.7053,2.7214,-1.6662,2.317,0,REST
7763,30.32421875,4.2999,4.0704,1.9708,4.2705,0,REST
7764,30.328125,5.1821,-3.9025,6.1566,3.4046,0,REST
7765,30.33203125,6.5022,-4.2859,7.0378,-0.2844,0,REST
7766,30.3359375,9.594,-4.6827,1.1858,6.3566,0,REST
7767,30.33984375,7.822,-2.8829,5.1324,2.2108,0,REST
7768,30.34375,9.4189,-0.0731,5.0472,1.7221,0,REST
7769,30.34765625,4.9619,-1.9898,6.6166,-0.4058,0,REST
7770,30.3515625,6.9682,-1.6918,4.1614,0.4223,0,REST
7771,30.35546875,-2.3751,-2.4615,3.5836,-7.1595,0,REST
7772,30.359375,3.7332,1.3673,3.354,-6.8336,0,REST
7773,30.36328125,-2.9804,-3.7091,1.9031,-5.1075,0,REST
7774,30.3671875,-6.0514,-4.9117,-2.9737,-6.9231,0,REST
7775,30.37109375,-10.7576,-5.3635,-2.6344,-2.97,0,REST
7776,30.375,-9.7495,0.1165,-1.1882,-3.542,0,REST
7777,30.37890625,-10.3571,3.6922,-9.7728,-7.3046,0,REST
7778,30.3828125,-11.2479,0.5666,-8.2308,-1.2725,0,REST
7779,30.38671875,-9.3227,0.3806,-9.7554,-0.4364,0,REST
7780,30.390625,-9.3125,0.4307,-14.8537,-1.7787,0,REST
7781,30.39453125,-5.7156,1.9091,-9.7309,-0.1811,0,REST
7782,30.3984375,-3.4728,-0.9362,-8.7354,1.9172,0,REST
7783,30.40234375,-2.8305,-0.5017,-7.2868,5.7378,0,REST
7784,30.40625,0.6619,1.1837,-4.1165,4.5953,0,REST
7785,30.41015625,2.2125,1.1638,-7.4112,4.7368,0,REST
7786,30.4140625,5.4001,3.9033,-0.6267,9.1068,0,REST
7787,30.41796875,8.4744,3.4142,3.2096,6.6413,0,REST
7788,30.421875,8.4256,3.201,5.8172,8.9582,0,REST
7789,30.42578125,13.2364,6.2356,8.9314,6.2494,0,REST
7790,30.4296875,10.5873,3.7459,9.5541,5.3557,0,REST
7791,30.43359375,11.2675,4.5037,13.5711,1.5224,0,REST
7792,30.4375,8.0284,2.4645,11.4519,-2.8756,0,REST
7793,30.44140625,12.8426,2.0031,11.32,-0.6413,0,REST
7794,30.4453125,9.5394,-0.8629,10.732,-6.1591,0,REST
7795,30.44921875,3.738,0.4224,10.5604,-5.2994,0,REST
7796,30.453125,1.7412,-0.4892,10.178,-12.8857,0,REST
7797,30.45703125,-3.0607,-2.9588,5.0113,-9.7086,0,REST
7798,30.4609375,-7.0534,0.2893,1.5038,-12.8321,0,REST
7799,30.46484375,-10.837,-1.9624,0.6638,-9.2544,0,REST
7800,30.46875,-13.5462,-4.2098,-5.9057,-7.8852,0,REST
7801,30.47265625,-12.7499,-7.2904,-10.7086,-11.4587,0,REST
7802,30.4765625,-15.2007,-2.503,-11.2093,-3.0255,0,REST
7803,30.48046875,-11.8944,-3.1605,-10.5406,-2.2279,0,REST
7804,30.484375,-6.2028,-1.8706,-4.7308,5.1185,1,PREPARE
7805,30.48828125,-6.5764,0.8083,-7.7555,4.3193,1,PREPARE
7806,30.4921875,-3.715,2.2021,-6.7007,7.125,1,PREPARE
7807,30.49609375,-2.0329,1.0428,-5.5835,4.0807,1,PREPARE
7808,30.5,-0.564,0.996,-3.5335,5.3292,1,PREPARE
7809,30.50390625,1.3113,1.9322,-6.7848,5.343,1,PREPARE
7810,30.5078125,1.7233,4.1731,1.3842,3.4152,1,PREPARE
7811,30.51171875,5.8156,3.1827,3.2681,4.6557,1,PREPARE
7812,30.515625,2.8713,0.5846,1.5988,-0.4386,1,PREPARE
7813,30.51953125,6.2581,3.7066,6.9628,-0.2775,1,PREPARE
7814,30.5234375,4.5958,9.225,2.4113,-0.0771,1,PREPARE
7815,30.52734375,4.8533,4.177,3.1715,-2.769,1,PREPARE
7816,30.53125,6.4292,3.5842,3.2743,-0.9485,1,PREPARE
7817,30.53515625,6.6198,1.5344,2.7806,-0.4333,1,PREPARE
7818,30.5390625,1.894,2.5303,4.5157,-6.011,1,PREPARE
7819,30.54296875,2.0026,-1.7625,5.6679,-7.9684,1,PREPARE
7820,30.546875,2.7551,-2.9859,4.8475,-3.7058,1,PREPARE
7821,30.55078125,1.7278,-5.4163,6.0674,-4.2435,1,PREPARE
7822,30.5546875,-2.9427,-5.9353,1.8488,-1.3578,1,PREPARE
7823,30.55859375,-3.8657,-5.8935,2.3709,-5.3121,1,PREPARE
7824,30.5625,-2.6196,-3.5837,-1.4639,-4.9381,1,PREPARE
7825,30.56640625,-4.7037,-5.7363,-0.6952,-2.9992,1,PREPARE
7826,30.5703125,-5.4129,-3.9448,-0.2278,0.0975,1,PREPARE
7827,30.57421875,-4.2295,1.2148,-3.5512,0.6765,1,PREPARE
7828,30.578125,-7.8219,-6.9416,-3.5152,-0.2886,1,PREPARE
7829,30.58203125,-3.1329,-4.0639,-6.3989,2.3193,1,PREPARE
7830,30.5859375,-3.8643,-2.012,-2.8898,0.5523,1,PREPARE
7831,30.58984375,-0.9653,-0.9476,-8.74,5.6486,1,PREPARE
7832,30.59375,-3.9668,3.9352,-2.8192,7.9788,1,PREPARE
7833,30.59765625,-2.7683,4.6586,-3.114,6.518,1,PREPARE
7834,30.6015625,-2.9134,5.784,-7.9942,4.7257,1,PREPARE
7835,30.60546875,1.0022,-2.2647,-0.0256,1.8945,1,PREPARE
7836,30.609375,4.5927,8.7725,0.4206,6.0275,1,PREPARE
7837,30.61328125,1.7671,5.7009,2.5205,-1.0404,1,PREPARE
7838,30.6171875,5.9638,3.4593,1.4571,0.502,1,PREPARE
7839,30.62109375,3.5529,5.4819,1.5911,0.2673,1,PREPARE
7840,30.625,10.9735,2.853,2.3453,-3.1405,1,PREPARE
7841,30.62890625,4.951,2.5056,3.5984,-3.0352,1,PREPARE
7842,30.6328125,4.1612,1.232,7.3404,-5.8342,1,PREPARE
7843,30.63671875,6.5668,-2.601,5.9624,-5.4447,1,PREPARE
7844,30.640625,4.4784,-2.1171,5.481,-3.0609,1,PREPARE
7845,30.64453125,2.5775,-4.5866,4.3981,-3.2446,1,PREPARE
7846,30.6484375,2.4111,-5.1457,4.3705,-6.8632,1,PREPARE
7847,30.65234375,-0.3047,-5.0486,3.5888,-0.2155,1,PREPARE
7848,30.65625,-0.703,-5.3968,-0.2116,-1.7636,1,PREPARE
7849,30.66015625,-0.062,-7.0396,3.3474,-4.3478,1,PREPARE
7850,30.6640625,-2.5427,-5.8035,0.8195,0.1772,1,PREPARE
7851,30.66796875,-4.4571,-6.4105,-1.2794,-1.7741,1,PREPARE
7852,30.671875,-7.0894,-4.9817,-3.5598,-0.1647,1,PREPARE
7853,30.67578125,-7.5478,-0.3752,-4.2842,3.7274,1,PREPARE
7854,30.6796875,-8.0285,-1.0564,-4.232,3.815,1,PREPARE
7855,30.68359375,-4.8904,-3.2778,-4.2641,6.2644,1,PREPARE
7856,30.6875,-4.9558,3.8442,-6.1326,3.5906,1,PREPARE
7857,30.69140625,-0.821,1.6936,-4.2985,5.9806,1,PREPARE
7858,30.6953125,-2.8156,2.6042,-5.6142,3.1354,1,PREPARE
7859,30.69921875,0.661,7.3734,-3.9502,5.2364,1,PREPARE
7860,30.703125,4.3925,2.9985,0.8161,2.4456,1,PREPARE
7861,30.70703125,3.1604,5.367,-1.6683,1.5248,1,PREPARE
7862,30.7109375,3.7349,6.3747,-1.3627,-1.8056,1,PREPARE
7863,30.71484375,4.2755,6.6885,1.6574,2.6096,1,PREPARE
7864,30.71875,4.0568,3.3937,0.259,-3.6611,1,PREPARE
7865,30.72265625,1.2118,5.6448,-1.918,-4.0651,1,PREPARE
7866,30.7265625,6.5964,2.3898,2.5736,-5.5945,1,PREPARE
7867,30.73046875,1.9237,3.454,6.121,-6.5598,1,PREPARE
7868,30.734375,2.1058,-2.8995,6.1031,-4.5813,1,PREPARE
7869,30.73828125,10.0475,-3.3307,5.5914,-1.7106,1,PREPARE
7870,30.7421875,5.3805,-3.2256,4.9618,-5.9881,1,PREPARE
7871,30.74609375,-1.3187,-1.2002,8.8253,-5.2269,1,PREPARE
7872,30.75,0.9656,-6.4765,3.9945,-1.6462,1,PREPARE
7873,30.75390625,-5.5011,-3.0178,3.8881,-2.8487,1,PREPARE
7874,30.7578125,-4.3924,-6.8847,3.8903,-1.0909,1,PREPARE
7875,30.76171875,-2.551,-7.2665,1.4674,0.289,1,PREPARE
7876,30.765625,-3.7924,-8.9878,-3.8378,2.0989,1,PREPARE
7877,30.76953125,-5.3389,-2.2835,-0.4125,0.8513,1,PREPARE
7878,30.7734375,-5.7836,0.4307,-0.7472,2.7751,1,PREPARE
7879,30.77734375,-5.7944,-4.4222,-3.658,3.3562,1,PREPARE
7880,30.78125,-5.2415,-0.6262,-3.9144,3.2278,1,PREPARE
7881,30.78515625,-2.2241,0.3634,-5.496,4.4676,1,PREPARE
7882,30.7890625,-3.2793,3.8216,-3.2994,8.5355,1,PREPARE
7883,30.79296875,-1.344,4.8785,-5.8998,2.2384,1,PREPARE
7884,30.796875,-1.3286,1.6125,-3.305,3.9353,1,PREPARE
7885,30.80078125,3.1564,5.4777,-3.6475,1.6091,1,PREPARE
7886,30.8046875,3.1304,6.3344,-3.1342,1.495,1,PREPARE
7887,30.80859375,0.734,6.4927,-2.8379,-1.0453,1,PREPARE
7888,30.8125,2.4167,5.4125,-2.8661,2.1126,1,PREPARE
7889,30.81640625,4.8576,1.5956,0.5563,-4.2182,1,PREPARE
7890,30.8203125,6.1889,3.7962,-3.0008,-1.2495,1,PREPARE
7891,30.82421875,4.8824,2.9681,2.4896,-4.7174,1,PREPARE
7892,30.828125,2.4608,0.3293,4.8364,-2.8311,1,PREPARE
7893,30.83203125,2.9886,2.4037,2.7993,-4.0354,1,PREPARE
7894,30.8359375,5.4703,-4.1195,5.927,-4.2439,1,PREPARE
7895,30.83984375,8.1735,-2.8411,4.265,-2.6775,1,PREPARE
7896,30.84375,1.0827,-3.3785,2.3968,-7.7223,1,PREPARE
7897,30.84765625,0.6284,-2.4483,5.0269,2.0387,1,PREPARE
7898,30.8515625,1.112,-3.4681,2.992,-3.3667,1,PREPARE
7899,30.85546875,1.0582,-6.3769,5.8936,-0.6507,1,PREPARE
7900,30.859375,-4.443,-4.2199,3.3058,-0.4208,1,PREPARE
7901,30.86328125,-8.4398,-6.5979,1.6551,2.9253,1,PREPARE
7902,30.8671875,-5.1672,-3.7072,0.1928,3.1366,1,PREPARE
7903,30.87109375,-6.9157,-2.2933,-3.0919,5.0163,1,PREPARE
7904,30.875,-6.1157,0.4482,-1.2012,2.0644,1,PREPARE
7905,30.87890625,-4.8978,0.2572,-3.6468,4.3889,1,PREPARE
7906,30.8828125,-3.7184,0.8656,-8.8402,3.0212,1,PREPARE
7907,30.88671875,-7.5469,2.6731,-6.9764,3.7905,1,PREPARE
7908,30.890625,-0.551,0.3805,-4.7322,7.4971,1,PREPARE
7909,30.89453125,0.0905,3.0325,-6.2987,5.8397,1,PREPARE
7910,30.8984375,2.4547,6.494,-6.3337,1.5954,1,PREPARE
7911,30.90234375,1.4854,5.2662,-3.0734,3.9168,1,PREPARE
7912,30.90625,-2.6394,3.4523,-2.179,-2.1117,1,PREPARE
7913,30.91015625,3.7063,2.1021,-5.6314,-1.5348,1,PREPARE
7914,30.9140625,4.6088,3.1412,-3.9974,-2.0395,1,PREPARE
7915,30.91796875,4.0322,3.5364,-0.2735,-2.8383,1,PREPARE
7916,30.921875,8.2879,1.9181,-0.9125,-4.5203,1,PREPARE
7917,30.92578125,1.1036,0.5341,3.5357,-1.5923,1,PREPARE
7918,30.9296875,6.5577,0.9009,1.514,-8.1177,1,PREPARE
7919,30.93359375,1.8293,-2.1166,7.4047,-6.0447,1,PREPARE
7920,30.9375,4.363,-2.398,1.296,-3.9547,1,PREPARE
7921,30.94140625,1.2936,-4.0159,5.8335,-3.9296,1,PREPARE
7922,30.9453125,1.3059,-5.2289,2.6164,-2.0837,1,PREPARE
7923,30.94921875,0.7593,0.6594,5.7578,-0.772,1,PREPARE
7924,30.953125,1.3412,-8.5454,3.5078,1.0655,1,PREPARE
7925,30.95703125,-2.4123,-3.515,4.3702,3.6317,1,PREPARE
7926,30.9609375,-3.033,-3.9723,3.9917,-1.1147,1,PREPARE
7927,30.96484375,-1.4704,-8.3184,2.4343,4.7483,1,PREPARE
7928,30.96875,-7.0274,-2.3739,-0.2866,4.8413,1,PREPARE
7929,30.97265625,-4.9232,0.8486,0.0386,7.159,1,PREPARE
7930,30.9765625,-1.8773,0.0398,-1.6078,6.6711,1,PREPARE
7931,30.98046875,-4.6807,0.5709,-2.4433,4.6378,1,PREPARE
7932,30.984375,-4.1817,4.1745,-5.3659,4.3712,1,PREPARE
7933,30.98828125,-2.584,2.1461,-1.1111,1.7139,1,PREPARE
7934,30.9921875,-3.0406,-0.5311,-5.4001,4.6893,1,PREPARE
7935,30.99609375,-1.778,3.4049,-4.644,3.1867,1,PREPARE
7936,31.0,2.2159,4.8233,-6.1681,-0.194,1,PREPARE
7937,31.00390625,1.2589,1.2208,-3.7558,-3.2238,1,PREPARE
7938,31.0078125,-0.205,4.5196,-6.1816,-3.2304,1,PREPARE
7939,31.01171875,4.9481,2.6699,-0.7697,-2.6376,1,PREPARE
7940,31.015625,5.7746,5.665,-2.3168,-5.3069,1,PREPARE
7941,31.01953125,5.4909,2.0551,1.7386,-2.8679,1,PREPARE
7942,31.0234375,3.3215,0.45,-0.341,-3.4406,1,PREPARE
7943,31.02734375,6.9467,-0.3169,3.0805,-5.3535,1,PREPARE
7944,31.03125,3.8941,-4.6708,3.3449,-5.5323,1,PREPARE
7945,31.03515625,4.9687,-3.1996,4.6505,-4.2239,1,PREPARE
7946,31.0390625,1.8942,-2.0143,2.3596,-1.4083,1,PREPARE
7947,31.04296875,5.0297,-1.6201,5.6232,0.7964,1,PREPARE
7948,31.046875,3.7325,-5.1381,3.286,1.4224,1,PREPARE
7949,31.05078125,-2.2919,-6.1852,0.0578,-2.0869,1,PREPARE
7950,31.0546875,0.388,-5.6258,5.5306,6.1049,1,PREPARE
7951,31.05859375,1.2233,-5.2575,8.893,3.8434,1,PREPARE
7952,31.0625,-6.7059,-5.2525,4.0367,4.1736,1,PREPARE
7953,31.06640625,-3.0013,-0.9111,-0.1671,1.8231,1,PREPARE
7954,31.0703125,-3.4333,-5.0364,-0.5521,4.2742,1,PREPARE
7955,31.07421875,-5.108,-1.3839,-0.6241,4.8607,1,PREPARE
7956,31.078125,-8.3595,3.8059,-5.3424,4.8371,1,PREPARE
7957,31.08203125,-1.8242,2.654,-4.4703,2.9835,1,PREPARE
7958,31.0859375,-3.7115,2.5421,-6.2446,-0.104,1,PREPARE
7959,31.08984375,-4.1888,0.407,-2.5331,0.8884,1,PREPARE
7960,31.09375,-2.5874,4.9046,-6.8899,0.1671,1,PREPARE
7961,31.09765625,0.9841,2.2496,-5.5522,-1.0054,1,PREPARE
7962,31.1015625,4.5802,5.4435,-3.9882,0.2716,1,PREPARE
7963,31.10546875,2.1619,4.4224,-2.5931,-3.3835,1,PREPARE
7964,31.109375,2.0328,4.8536,-1.8772,-6.1912,1,PREPARE
7965,31.11328125,3.0865,7.5409,-3.1382,-5.3252,1,PREPARE
7966,31.1171875,3.467,4.1366,-0.5633,-0.948,1,PREPARE
7967,31.12109375,4.293,5.9226,-1.884,-1.682,1,PREPARE
7968,31.125,2.6208,0.0379,-0.6513,-5.2866,1,PREPARE
7969,31.12890625,2.5111,-2.2555,5.0332,-4.923,1,PREPARE
7970,31.1328125,5.264,-3.043,1.4247,-3.4598,1,PREPARE
7971,31.13671875,3.4288,-1.2388,4.4865,-0.4073,1,PREPARE
7972,31.140625,4.121,-1.6935,1.2466,0.0421,1,PREPARE
7973,31.14453125,3.4959,-4.8598,4.4431,1.0767,1,PREPARE
7974,31.1484375,-1.9006,-5.0957,2.2717,1.8438,1,PREPARE
7975,31.15234375,-3.6438,-4.2866,3.8352,3.6092,1,PREPARE
7976,31.15625,-4.646,-7.0019,2.7834,5.5053,1,PREPARE
7977,31.16015625,-2.0425,-2.3921,2.5869,5.8837,1,PREPARE
7978,31.1640625,-3.3152,-3.4889,-0.2023,5.6558,1,PREPARE
7979,31.16796875,-6.9708,-4.2791,-2.0248,6.1303,1,PREPARE
7980,31.171875,-8.4564,0.1124,-6.5398,4.0725,1,PREPARE
7981,31.17578125,-7.0461,-0.4101,2.3094,7.9473,1,PREPARE
7982,31.1796875,-6.2707,2.6993,-3.1983,1.1782,1,PREPARE
7983,31.18359375,-3.4909,3.4488,1.1306,0.7013,1,PREPARE
7984,31.1875,-4.3942,4.0355,-1.2313,-0.1139,1,PREPARE
7985,31.19140625,-0.2457,7.4385,-2.089,-1.906,1,PREPARE
7986,31.1953125,1.3543,6.7215,-5.5658,0.0069,1,PREPARE
7987,31.19921875,-0.6054,4.3909,-6.3919,-0.9912,1,PREPARE
7988,31.203125,2.7203,6.0781,-8.0784,-3.4396,1,PREPARE
7989,31.20703125,1.5589,3.3277,-3.8037,-3.8215,1,PREPARE
7990,31.2109375,1.5592,2.1113,-4.5746,-6.99,1,PREPARE
7991,31.21484375,5.2571,2.2752,-2.6359,-2.2864,1,PREPARE
7992,31.21875,4.8055,1.6697,-0.1474,-8.4876,1,PREPARE
7993,31.22265625,3.0049,1.135,3.1293,-5.186,1,PREPARE
7994,31.2265625,6.1448,7.2224,0.4477,-5.0145,1,PREPARE
7995,31.23046875,0.9901,1.3511,2.4703,-2.2367,1,PREPARE
7996,31.234375,5.836,-3.6611,4.8091,-2.2573,1,PREPARE
7997,31.23828125,4.0265,-5.7353,3.4312,-1.2786,1,PREPARE
7998,31.2421875,2.5998,-7.1289,2.7821,-0.4183,1,PREPARE
7999,31.24609375,5.7644,-5.181,7.5562,-1.1375,1,PREPARE
8000,31.25,1.5501,-6.6835,2.1595,4.9062,1,PREPARE
8001,31.25390625,0.5798,-3.0055,5.8163,0.9075,1,PREPARE
8002,31.2578125,-0.3497,-5.5043,0.4233,4.3095,1,PREPARE
8003,31.26171875,-3.2366,-7.5298,1.7869,1.8655,1,PREPARE
8004,31.265625,-5.3394,-4.1234,3.1969,3.3029,1,PREPARE
8005,31.26953125,-3.3109,-5.3252,2.2736,5.5225,1,PREPARE
8006,31.2734375,-0.6381,3.4575,2.4359,1.6836,1,PREPARE
8007,31.27734375,-5.9362,0.2986,-3.3942,3.0129,1,PREPARE
8008,31.28125,-0.7714,3.6934,-1.1054,1.7024,1,PREPARE
8009,31.28515625,-5.8206,1.4125,-2.734,2.6031,1,PREPARE
8010,31.2890625,-3.1459,3.7042,-5.2448,-5.6966,1,PREPARE
8011,31.29296875,-6.5376,4.7871,-3.1801,1.2411,1,PREPARE
8012,31.296875,0.5903,3.7568,-6.3118,2.0963,1,PREPARE
8013,31.30078125,-3.6073,4.0408,-6.1775,-7.6635,1,PREPARE
8014,31.3046875,1.0048,2.2652,-0.9931,-6.6911,1,PREPARE
8015,31.30859375,2.7806,5.6035,-5.4248,-1.8601,1,PREPARE
8016,31.3125,1.6252,3.8154,-7.1521,-2.3124,1,PREPARE
8017,31.31640625,3.0301,0.8955,-0.4939,-3.0756,1,PREPARE
8018,31.3203125,4.2954,2.3874,-4.4574,-0.9764,1,PREPARE
8019,31.32421875,7.8009,0.9995,-0.0745,-1.3664,1,PREPARE
8020,31.328125,4.6465,-3.0326,1.7344,-4.0719,1,PREPARE
8021,31.33203125,1.2432,-2.7573,-0.8554,-0.4553,1,PREPARE
8022,31.3359375,5.4123,-4.3596,1.474,-0.1992,1,PREPARE
8023,31.33984375,4.4507,-5.6305,1.5582,0.5365,1,PREPARE
8024,31.34375,2.1892,0.4158,5.853,2.6087,1,PREPARE
8025,31.34765625,2.1957,-4.7397,4.3959,-1.3302,1,PREPARE
8026,31.3515625,0.7878,-2.7402,4.0255,5.48,1,PREPARE
8027,31.35546875,-1.2127,-2.2977,4.2737,4.3046,1,PREPARE
8028,31.359375,-5.7231,-4.3805,0.8075,3.5711,1,PREPARE
8029,31.36328125,-0.7062,1.3841,2.8806,5.725,1,PREPARE
8030,31.3671875,-7.3902,-1.654,1.3297,2.9132,1,PREPARE
8031,31.37109375,-6.1619,-0.0637,0.5298,0.6796,1,PREPARE
8032,31.375,-5.397,0.7109,0.2949,5.0168,1,PREPARE
8033,31.37890625,-3.0416,5.1943,-0.6936,-0.8974,1,PREPARE
8034,31.3828125,-3.8417,2.5892,-1.7125,-2.5116,1,PREPARE
8035,31.38671875,-3.5263,4.5983,-3.1294,-4.3455,1,PREPARE
8036,31.390625,-2.6135,6.6128,-6.502,-4.8262,1,PREPARE
8037,31.39453125,-1.2624,1.7706,-1.9928,-5.2155,1,PREPARE
8038,31.3984375,1.6419,5.2253,-4.4269,-2.4801,1,PREPARE
8039,31.40234375,0.8318,7.9852,-7.2753,-8.0942,1,PREPARE
8040,31.40625,4.072,5.4679,-9.7551,-2.701,1,PREPARE
8041,31.41015625,8.8936,-1.4629,-5.5815,-3.3537,1,PREPARE
8042,31.4140625,3.418,6.3898,-2.8133,-3.7584,1,PREPARE
8043,31.41796875,-0.2863,2.3511,-3.4903,-3.7178,1,PREPARE
8044,31.421875,7.0734,-2.2954,0.6125,-2.2966,1,PREPARE
8045,31.42578125,4.5617,-3.8866,-0.9697,0.9834,1,PREPARE
8046,31.4296875,11.5238,-2.0758,3.3222,-2.8185,1,PREPARE
8047,31.43359375,3.0228,-4.8979,1.5257,4.0677,1,PREPARE
8048,31.4375,1.9895,-4.2262,0.156,3.7486,1,PREPARE
8049,31.44140625,3.4052,-4.4873,3.4752,5.5559,1,PREPARE
8050,31.4453125,1.3868,-3.6232,2.6379,5.0568,1,PREPARE
8051,31.44921875,0.0921,-5.7982,2.8746,1.7354,1,PREPARE
8052,31.453125,0.2993,-6.1168,2.4086,4.9464,1,PREPARE
8053,31.45703125,2.7561,-2.5576,4.6559,3.1674,1,PREPARE
8054,31.4609375,-4.1398,-1.9456,3.3216,8.0758,1,PREPARE
8055,31.46484375,-3.3226,-3.8722,5.1965,7.0993,1,PREPARE
8056,31.46875,-5.5094,1.1523,3.0955,5.9024,1,PREPARE
8057,31.47265625,-4.1546,2.2367,4.0846,2.3774,1,PREPARE
8058,31.4765625,-3.1648,-0.2085,2.3973,3.182,1,PREPARE
8059,31.48046875,-4.2261,2.551,-0.1175,-0.8356,1,PREPARE
8060,31.484375,-5.8881,6.9162,-1.2401,-3.0651,1,PREPARE
8061,31.48828125,-4.3006,6.1074,-0.969,0.1322,1,PREPARE
8062,31.4921875,-1.0434,3.6804,-4.7981,-3.3647,1,PREPARE
8063,31.49609375,-5.0675,6.6726,-8.6256,-4.0713,1,PREPARE
8064,31.5,-3.5565,6.7269,-1.6304,-5.9307,1,PREPARE
8065,31.50390625,4.3699,2.9643,-5.2275,-7.252,1,PREPARE
8066,31.5078125,0.7098,4.7376,-4.7604,-5.5672,1,PREPARE
8067,31.51171875,3.1581,4.4321,-1.3438,-3.304,1,PREPARE
8068,31.515625,4.0809,0.5834,-5.467,-3.911,1,PREPARE
8069,31.51953125,3.9513,6.5962,-3.0998,-1.5511,1,PREPARE
8070,31.5234375,8.4234,-1.114,0.688,0.1901,1,PREPARE
8071,31.52734375,4.8661,-2.4225,-0.3215,2.5824,1,PREPARE
8072,31.53125,1.773,-4.0403,0.8376,1.6563,1,PREPARE
8073,31.53515625,5.1424,-7.1703,-1.5504,2.7236,1,PREPARE
8074,31.5390625,6.2248,-7.495,3.4119,4.283,1,PREPARE
8075,31.54296875,3.0034,-8.5061,3.3086,7.6844,1,PREPARE
8076,31.546875,0.9086,0.4728,6.463,6.1556,1,PREPARE
8077,31.55078125,-2.32,-3.6063,5.3384,5.5051,1,PREPARE
8078,31.5546875,-2.5116,-4.884,6.5038,3.7028,1,PREPARE
8079,31.55859375,-2.8009,-4.4395,4.5817,9.4379,1,PREPARE
8080,31.5625,-5.126,-1.6006,5.2083,1.1173,1,PREPARE
8081,31.56640625,-4.1595,-2.3394,4.699,-0.1301,1,PREPARE
8082,31.5703125,-5.4548,0.0597,3.6137,-0.0978,1,PREPARE
8083,31.57421875,-4.7258,2.2206,0.934,-0.6041,1,PREPARE
8084,31.578125,-5.3402,5.6552,0.7493,-1.5277,1,PREPARE
8085,31.58203125,-6.5333,3.8894,1.2604,-3.6584,1,PREPARE
8086,31.5859375,-6.1002,7.7889,-1.1939,-5.6881,1,PREPARE
8087,31.58984375,-2.7764,3.314,0.0311,-2.4027,1,PREPARE
8088,31.59375,-2.5221,3.5799,-4.461,-4.4618,1,PREPARE
8089,31.59765625,-2.2511,4.5022,-1.624,-4.1539,1,PREPARE
8090,31.6015625,0.6329,2.5686,-1.6736,-3.4753,1,PREPARE
8091,31.60546875,0.3958,7.0157,-2.1114,-7.9346,1,PREPARE
8092,31.609375,0.9805,4.1563,-6.4885,-1.6714,1,PREPARE
8093,31.61328125,2.3359,-1.1055,-6.0463,2.7223,1,PREPARE
8094,31.6171875,6.9866,1.6582,-2.6344,-5.393,1,PREPARE
8095,31.62109375,2.5017,0.408,-1.2243,2.2404,1,PREPARE
8096,31.625,2.8656,1.5263,-3.4631,2.2093,1,PREPARE
8097,31.62890625,3.7201,-3.7465,-1.661,1.2431,1,PREPARE
8098,31.6328125,4.0966,-7.7022,3.3645,5.0853,1,PREPARE
8099,31.63671875,1.4506,-5.7583,0.3951,4.0218,1,PREPARE
8100,31.640625,1.3598,-1.6202,1.9252,4.1077,1,PREPARE
8101,31.64453125,3.8065,-4.9717,4.3451,3.9709,1,PREPARE
8102,31.6484375,1.421,-3.1653,5.134,6.0985,1,PREPARE
8103,31.65234375,1.7336,-5.7732,7.3559,5.3972,1,PREPARE
8104,31.65625,-2.0279,-6.0614,6.4166,1.8266,1,PREPARE
8105,31.66015625,1.2764,-3.0924,5.7547,2.3574,1,PREPARE
8106,31.6640625,-2.8312,-0.752,6.9107,2.5858,1,PREPARE
8107,31.66796875,-2.2521,-1.9291,2.6695,-0.5264,1,PREPARE
8108,31.671875,-0.7792,3.912,3.5476,-5.098,1,PREPARE
8109,31.67578125,-7.8915,1.8609,0.8038,-4.0009,1,PREPARE
8110,31.6796875,-6.056,6.4099,-2.9391,-2.4919,1,PREPARE
8111,31.68359375,-5.3233,6.7999,0.8781,-4.9758,1,PREPARE
8112,31.6875,-2.7865,7.2002,1.2403,-4.0011,1,PREPARE
8113,31.69140625,0.3345,5.6781,-0.6672,-9.8845,1,PREPARE
8114,31.6953125,0.2652,3.0709,-0.0225,-4.0297,1,PREPARE
8115,31.69921875,-6.1496,4.3918,-6.4042,-4.2994,1,PREPARE
8116,31.703125,-1.3012,1.2734,-5.3627,-2.2147,1,PREPARE
8117,31.70703125,-2.3281,0.3506,-5.1276,-3.318,1,PREPARE
8118,31.7109375,1.9841,-1.5605,-8.245,-2.7771,1,PREPARE
8119,31.71484375,2.4037,-0.8963,-5.3477,-1.5206,1,PREPARE
8120,31.71875,5.4073,0.1716,-1.6437,1.6312,1,PREPARE
8121,31.72265625,8.1668,-0.2678,-0.3696,2.7591,1,PREPARE
8122,31.7265625,1.9952,-5.0796,-1.0788,5.8602,1,PREPARE
8123,31.73046875,1.3664,-3.5526,0.7716,4.792,1,PREPARE
8124,31.734375,3.7066,-5.4967,-0.989,9.6121,1,PREPARE
8125,31.73828125,5.299,-4.4812,-0.5274,3.2282,1,PREPARE
8126,31.7421875,-0.4631,-3.7328,1.9829,8.7826,1,PREPARE
8127,31.74609375,0.4773,-6.3195,7.8985,4.9304,1,PREPARE
8128,31.75,-1.4099,-3.37,6.6081,6.0339,1,PREPARE
8129,31.75390625,0.2255,-4.3649,9.0932,0.8999,1,PREPARE
8130,31.7578125,-0.5982,-3.1727,6.5182,3.0935,1,PREPARE
8131,31.76171875,-3.5771,-0.5992,4.0191,-4.7475,1,PREPARE
8132,31.765625,-1.3504,1.3118,3.0806,-0.4062,1,PREPARE
8133,31.76953125,-3.8919,3.3767,6.6408,-4.3497,1,PREPARE
8134,31.7734375,-5.2627,-0.7657,3.6389,-9.9929,1,PREPARE
8135,31.77734375,-2.6389,2.5034,-0.4775,-2.3867,1,PREPARE
8136,31.78125,-4.7372,3.966,2.2822,-4.5175,1,PREPARE
8137,31.78515625,-4.0876,9.6634,0.3957,-1.4318,1,PREPARE
8138,31.7890625,-1.1946,6.8944,-1.376,-3.73,1,PREPARE
8139,31.79296875,-0.2526,4.4205,-5.3473,-8.7006,1,PREPARE
8140,31.796875,-1.3799,7.6472,-5.0252,-1.5127,1,PREPARE
8141,31.80078125,-0.0193,2.4543,-0.3823,-0.8766,1,PREPARE
8142,31.8046875,-0.2512,1.573,-0.9436,0.028,1,PREPARE
8143,31.80859375,2.1278,0.4502,-5.9197,-1.3647,1,PREPARE
8144,31.8125,1.3327,3.0535,-5.0326,-0.3784,1,PREPARE
8145,31.81640625,4.0919,-1.2547,-4.8578,6.0099,1,PREPARE
8146,31.8203125,6.6527,-0.0714,-2.4407,4.5741,1,PREPARE
8147,31.82421875,5.1554,-4.2392,-2.8243,6.6491,1,PREPARE
8148,31.828125,3.5314,-1.5899,-6.2473,1.6613,1,PREPARE
8149,31.83203125,6.5331,-0.1137,-0.3052,5.7602,1,PREPARE
8150,31.8359375,6.416,-4.1796,-3.2428,8.234,1,PREPARE
8151,31.83984375,3.8045,-3.8981,3.2712,5.8067,1,PREPARE
8152,31.84375,2.0337,-4.5469,2.2701,2.9367,1,PREPARE
8153,31.84765625,-0.5738,-3.8426,-2.0245,-0.4532,1,PREPARE
8154,31.8515625,1.0244,-2.6486,4.1894,1.4204,1,PREPARE
8155,31.85546875,-2.7952,-3.8726,10.1519,-3.1698,1,PREPARE
8156,31.859375,-2.1242,-5.4055,3.9412,1.3988,1,PREPARE
8157,31.86328125,-3.5504,-0.7331,5.5859,-5.8171,1,PREPARE
8158,31.8671875,-3.1001,3.4038,3.3199,-3.7766,1,PREPARE
8159,31.87109375,-3.1808,4.0601,2.7958,-3.3457,1,PREPARE
8160,31.875,-7.306,2.1033,5.7269,-0.0271,1,PREPARE
8161,31.87890625,-5.0843,6.0549,-0.3254,-6.1778,1,PREPARE
8162,31.8828125,-8.2699,3.5676,-1.8783,-4.4521,1,PREPARE
8163,31.88671875,-5.323,5.5296,-2.0684,-6.0162,1,PREPARE
8164,31.890625,-3.5389,2.2884,-2.4784,-3.7724,1,PREPARE
8165,31.89453125,-2.4555,4.4826,-3.3006,-1.8586,1,PREPARE
8166,31.8984375,-0.0065,4.4498,0.5358,-1.0916,1,PREPARE
8167,31.90234375,1.3993,0.9856,-5.9882,-1.6135,1,PREPARE
8168,31.90625,3.1506,2.3825,-5.4704,-1.5991,1,PREPARE
8169,31.91015625,4.613,-0.626,-2.8603,3.9553,1,PREPARE
8170,31.9140625,6.373,0.8853,-3.6264,0.2556,1,PREPARE
8171,31.91796875,5.538,1.1247,-2.9769,5.6108,1,PREPARE
8172,31.921875,5.1298,-4.6561,-3.2572,5.9123,1,PREPARE
8173,31.92578125,5.9563,-3.873,-5.0731,0.9569,1,PREPARE
8174,31.9296875,6.728,-4.9536,-6.1213,2.2188,1,PREPARE
8175,31.93359375,3.7844,-2.8654,-0.2692,2.8669,1,PREPARE
8176,31.9375,-0.749,-6.2549,1.428,0.5585,1,PREPARE
8177,31.94140625,2.9644,-5.9911,-1.5654,2.7017,1,PREPARE
8178,31.9453125,4.105,-3.4509,-0.1348,1.6784,1,PREPARE
8179,31.94921875,-1.9007,-5.0376,6.1381,-2.2609,1,PREPARE
8180,31.953125,-4.1552,-1.1145,3.0491,-0.7714,1,PREPARE
8181,31.95703125,-1.3536,-1.2245,2.9322,-3.9996,1,PREPARE
8182,31.9609375,-1.1644,3.1768,6.9661,1.8128,1,PREPARE
8183,31.96484375,-4.5909,1.1127,6.3878,-6.2925,1,PREPARE
8184,31.96875,-2.8233,1.9025,5.1238,-3.6003,1,PREPARE
8185,31.97265625,-0.5049,5.17,4.8317,-6.0222,1,PREPARE
8186,31.9765625,-5.9431,-0.0761,5.9732,-6.6526,1,PREPARE
8187,31.98046875,0.4411,8.3392,3.112,-6.7681,1,PREPARE
8188,31.984375,-7.7224,7.452,0.2406,-4.1199,1,PREPARE
8189,31.98828125,-6.298,7.8553,-1.4795,-3.5736,1,PREPARE
8190,31.9921875,-4.3482,5.7585,-2.6544,-1.7858,1,PREPARE
8191,31.99609375,-1.5076,2.7567,-3.8185,-3.5084,1,PREPARE
8192,32.0,0.1587,-0.1739,-0.5673,-3.3452,1,PREPARE
8193,32.00390625,2.4502,3.1907,-2.6411,1.337,1,PREPARE
8194,32.0078125,2.2774,2.3113,-7.9323,0.1451,1,PREPARE
8195,32.01171875,2.9831,-0.0636,-5.3884,3.7189,1,PREPARE
8196,32.015625,0.9789,-2.2317,-3.0363,5.2756,1,PREPARE
8197,32.01953125,2.8678,-2.0836,-5.9761,5.6547,1,PREPARE
8198,32.0234375,7.2242,-2.0064,-2.1584,6.1295,1,PREPARE
8199,32.02734375,7.084,-5.5616,-3.5827,3.8115,1,PREPARE
8200,32.03125,5.3291,-5.4304,-0.9889,5.5525,1,PREPARE
8201,32.03515625,3.3866,-5.1998,-0.6597,5.415,1,PREPARE
8202,32.0390625,4.3628,-6.6861,-2.755,1.2942,1,PREPARE
8203,32.04296875,-4.1949,-0.2455,2.305,0.3159,1,PREPARE
8204,32.046875,0.0481,-1.1135,0.4663,-3.1248,1,PREPARE
8205,32.05078125,1.2862,-4.1921,5.3063,1.1249,1,PREPARE
8206,32.0546875,-3.6228,-1.9918,5.9292,-5.0521,1,PREPARE
8207,32.05859375,-0.8648,-4.7266,5.9209,-4.6413,1,PREPARE
8208,32.0625,-5.4307,1.7101,5.0057,-5.7475,1,PREPARE
8209,32.06640625,-4.0849,2.0399,5.7785,-3.6,1,PREPARE
8210,32.0703125,-6.5971,4.7982,4.3183,-3.0578,1,PREPARE
8211,32.07421875,-4.4575,5.0615,4.3714,-5.011,1,PREPARE
8212,32.078125,-4.9863,3.5514,4.7451,-6.4823,1,PREPARE
8213,32.08203125,-6.0923,5.422,0.2911,-5.3424,1,PREPARE
8214,32.0859375,-5.8306,5.6325,-1.9268,-1.9096,1,PREPARE
8215,32.08984375,-2.9119,-0.4388,3.1222,0.9332,1,PREPARE
8216,32.09375,-2.448,7.3935,-1.5571,0.6203,1,PREPARE
8217,32.09765625,-1.6942,-1.0972,0.2012,0.7691,1,PREPARE
8218,32.1015625,-1.4993,-2.2049,-6.1125,4.4662,1,PREPARE
8219,32.10546875,5.7517,0.9579,-3.8278,2.4256,1,PREPARE
8220,32.109375,4.4939,-4.9273,-4.2804,4.3984,1,PREPARE
8221,32.11328125,1.9528,-2.5755,-0.7729,5.8851,1,PREPARE
8222,32.1171875,4.7674,-3.4371,-2.2592,4.6481,1,PREPARE
8223,32.12109375,7.8013,-6.6866,-3.411,9.92,1,PREPARE
8224,32.125,3.8639,-4.5656,-4.7989,3.1762,1,PREPARE
8225,32.12890625,3.2088,-3.6366,-4.3901,4.92,1,PREPARE
8226,32.1328125,5.7036,-6.2854,-3.7552,3.9513,1,PREPARE
8227,32.13671875,2.4648,-5.3168,0.3048,0.3779,1,PREPARE
8228,32.140625,-1.0316,-7.3937,-4.0104,1.4634,1,PREPARE
8229,32.14453125,1.749,-3.2072,-0.2008,-1.2596,1,PREPARE
8230,32.1484375,-2.6566,-4.0339,1.8477,3.3684,1,PREPARE
8231,32.15234375,0.0292,-1.6593,1.9246,-3.0224,1,PREPARE
8232,32.15625,-2.4071,-1.1356,-0.745,-4.7698,1,PREPARE
8233,32.16015625,-4.6304,6.7902,6.1299,-5.2537,1,PREPARE
8234,32.1640625,-0.4066,-0.2884,2.8982,-7.0567,1,PREPARE
8235,32.16796875,-5.9862,6.2065,5.5616,-0.9855,1,PREPARE
8236,32.171875,-5.5055,2.9509,5.5435,-7.2006,1,PREPARE
8237,32.17578125,-3.1856,5.4772,4.8726,-4.6229,1,PREPARE
8238,32.1796875,-0.1313,8.5743,2.4766,-5.458,1,PREPARE
8239,32.18359375,-2.5001,5.644,1.4463,-1.9773,1,PREPARE
8240,32.1875,-1.5702,7.1447,-0.0273,1.7634,1,PREPARE
8241,32.19140625,-3.4159,8.7012,0.2694,-0.6708,1,PREPARE
8242,32.1953125,-3.409,3.339,3.5066,-0.5663,1,PREPARE
8243,32.19921875,0.4983,1.4928,-4.514,7.2414,1,PREPARE
8244,32.203125,-0.1168,1.9298,-7.2971,2.1637,1,PREPARE
8245,32.20703125,2.8636,-2.4142,-5.0387,3.3833,1,PREPARE
8246,32.2109375,-1.9122,1.8432,-2.107,3.2582,1,PREPARE
8247,32.21484375,5.1267,-0.8635,-0.8967,0.4346,1,PREPARE
8248,32.21875,1.6898,-7.0972,-3.441,4.4804,1,PREPARE
8249,32.22265625,5.3073,-5.4276,-6.6664,4.9607,1,PREPARE
8250,32.2265625,6.3507,-10.7083,-6.4392,6.3177,1,PREPARE
8251,32.23046875,3.6903,-5.9825,-4.0857,5.861,1,PREPARE
8252,32.234375,4.5935,-4.2554,-1.1645,2.2612,1,PREPARE
8253,32.23828125,1.4612,-5.4035,-0.9622,0.909,1,PREPARE
8254,32.2421875,3.6701,-4.0876,0.4463,-5.5044,1,PREPARE
8255,32.24609375,0.734,-3.0662,2.3256,-3.1628,1,PREPARE
8256,32.25,0.2962,-1.5886,3.0164,-2.9574,1,PREPARE
8257,32.25390625,-2.3834,2.6181,7.1772,-1.8197,1,PREPARE
8258,32.2578125,0.9139,0.2896,4.1215,-5.1666,1,PREPARE
8259,32.26171875,-3.1681,-0.2595,5.1829,-4.4053,1,PREPARE
8260,32.265625,-6.7454,2.1874,3.1074,-3.2305,1,PREPARE
8261,32.26953125,-4.352,2.5248,8.7056,-4.1217,1,PREPARE
8262,32.2734375,-5.5238,2.029,6.7688,-1.5519,1,PREPARE
8263,32.27734375,-8.6352,3.8602,7.928,-2.388,1,PREPARE
8264,32.28125,-5.5039,2.6119,5.8584,0.8921,1,PREPARE
8265,32.28515625,-2.8577,3.4433,7.0257,-3.3916,1,PREPARE
8266,32.2890625,-4.7908,1.2629,2.5276,2.6569,1,PREPARE
8267,32.29296875,-4.008,3.2604,2.9732,2.1697,1,PREPARE
8268,32.296875,-2.6758,-3.3757,-3.0487,4.5737,1,PREPARE
8269,32.30078125,2.4111,-0.3744,-3.3086,4.5187,1,PREPARE
8270,32.3046875,0.9375,-3.0188,0.1754,2.5635,1,PREPARE
8271,32.30859375,6.2224,0.8655,0.1402,4.0501,1,PREPARE
8272,32.3125,4.6496,-0.8897,-7.8488,4.6887,1,PREPARE
8273,32.31640625,3.05,-0.0602,-6.9846,5.4834,1,PREPARE
8274,32.3203125,5.4132,-4.5627,-9.1089,7.2046,1,PREPARE
8275,32.32421875,5.2412,-4.5392,-10.1861,2.2835,1,PREPARE
8276,32.328125,5.6399,-5.1848,-7.1899,0.9173,1,PREPARE
8277,32.33203125,3.4812,-2.4761,-5.6725,-0.838,1,PREPARE
8278,32.3359375,3.8001,-6.9597,-2.8312,-0.0669,1,PREPARE
8279,32.33984375,2.5198,-5.2019,0.1639,-0.8078,1,PREPARE
8280,32.34375,0.9491,1.5972,0.9043,-1.2989,1,PREPARE
8281,32.34765625,4.0498,-0.2947,-2.5825,-4.7561,1,PREPARE
8282,32.3515625,-1.2771,-1.2465,-0.9751,-6.1436,1,PREPARE
8283,32.35546875,-4.4046,0.6789,2.6849,-5.9748,1,PREPARE
8284,32.359375,-3.7509,1.1193,4.606,-0.6832,1,PREPARE
8285,32.36328125,-4.6013,2.7271,2.2949,-2.7905,1,PREPARE
8286,32.3671875,-8.0637,5.0515,7.5259,-2.0553,1,PREPARE
8287,32.37109375,-5.328,3.7274,2.4848,-3.3246,1,PREPARE
8288,32.375,-4.9678,6.2372,6.0539,-1.2733,1,PREPARE
8289,32.37890625,-6.0314,7.1251,6.1048,0.1153,1,PREPARE
8290,32.3828125,-1.1084,6.9505,1.3161,-0.2409,1,PREPARE
8291,32.38671875,-3.7199,0.0397,-0.6161,3.8118,1,PREPARE
8292,32.390625,-2.5706,2.1205,1.9438,0.2577,1,PREPARE
8293,32.39453125,-1.6044,1.7891,-0.9244,3.1965,1,PREPARE
8294,32.3984375,0.3471,1.819,-1.0583,5.3154,1,PREPARE
8295,32.40234375,0.1758,-2.2443,-2.261,2.0019,1,PREPARE
8296,32.40625,-0.2545,-3.2554,-0.7989,8.2857,1,PREPARE
8297,32.41015625,-0.7816,-1.7384,-3.4733,6.2679,1,PREPARE
8298,32.4140625,1.0798,-7.0437,-3.947,5.2754,1,PREPARE
8299,32.41796875,5.9404,-4.4391,-6.1523,4.8427,1,PREPARE
8300,32.421875,9.0401,-5.4358,-4.6098,4.0068,1,PREPARE
8301,32.42578125,6.6605,-6.9182,-9.038,2.7448,1,PREPARE
8302,32.4296875,2.8017,-2.187,-5.208,-3.0554,1,PREPARE
8303,32.43359375,1.286,-2.5163,-6.5734,-0.8595,1,PREPARE
8304,32.4375,5.9128,-5.6785,-1.539,0.2157,1,PREPARE
8305,32.44140625,2.4539,0.9408,-3.7243,-4.305,1,PREPARE
8306,32.4453125,4.8385,-3.0712,-1.153,-3.8793,1,PREPARE
8307,32.44921875,-2.7647,0.3405,0.8929,-3.9187,1,PREPARE
8308,32.453125,1.2074,-0.9104,-2.4661,-6.9064,1,PREPARE
8309,32.45703125,-2.5006,0.9671,4.3469,-6.1623,1,PREPARE
8310,32.4609375,-3.9836,0.5556,4.1173,-5.0178,1,PREPARE
8311,32.46484375,-5.7915,1.1267,2.3646,-0.6309,1,PREPARE
8312,32.46875,-4.7178,3.7786,4.022,1.2404,1,PREPARE
8313,32.47265625,-7.2244,4.4173,7.9582,0.7083,1,PREPARE
8314,32.4765625,-7.33,1.6908,4.6221,0.9268,1,PREPARE
8315,32.48046875,-3.1759,1.0023,6.3528,1.3547,1,PREPARE
8316,32.484375,-2.1208,7.0953,5.8648,5.8464,1,PREPARE
8317,32.48828125,-2.7305,-0.9216,0.4712,3.2212,1,PREPARE
8318,32.4921875,-0.63,-3.2909,2.6462,4.9937,1,PREPARE
8319,32.49609375,-2.5012,3.9026,2.9801,4.4928,1,PREPARE
8320,32.5,-4.4041,-1.8947,-0.9338,6.06,1,PREPARE
8321,32.50390625,0.9243,0.7984,-0.5165,5.7564,1,PREPARE
8322,32.5078125,3.6273,-1.4315,-2.7974,-0.4271,1,PREPARE
8323,32.51171875,6.9234,0.866,-4.8788,5.102,1,PREPARE
8324,32.515625,5.156,-4.1335,-5.6545,-0.5071,1,PREPARE
8325,32.51953125,5.1578,-1.278,-2.5937,0.4575,1,PREPARE
8326,32.5234375,4.9797,-2.6396,-4.4755,-3.1003,1,PREPARE
8327,32.52734375,6.2292,-6.557,-6.3977,0.3015,1,PREPARE
8328,32.53125,3.2598,-4.5679,-1.3944,-3.1449,1,PREPARE
8329,32.53515625,3.8012,-4.5798,-1.8534,-3.8656,1,PREPARE
8330,32.5390625,2.2095,-3.8545,-6.6255,-8.4001,1,PREPARE
8331,32.54296875,-1.202,-3.3973,2.5138,-5.1448,1,PREPARE
8332,32.546875,-0.07,-2.4204,-4.2162,-5.6272,1,PREPARE
8333,32.55078125,-2.6951,-4.9767,-2.0592,-8.6282,1,PREPARE
8334,32.5546875,0.8948,1.0986,-0.2406,-4.9872,1,PREPARE
8335,32.55859375,-0.4002,0.7081,1.8342,1.0035,1,PREPARE
8336,32.5625,-5.7757,4.842,2.2139,-5.1827,1,PREPARE
8337,32.56640625,-4.4896,1.52,3.0069,-3.3892,1,PREPARE
8338,32.5703125,-4.904,3.15,8.8799,-0.6981,1,PREPARE
8339,32.57421875,-6.6234,6.2287,7.2805,0.8942,1,PREPARE
8340,32.578125,-9.462,2.7873,4.3058,0.7955,1,PREPARE
8341,32.58203125,-5.4676,2.236,5.9384,5.5927,1,PREPARE
8342,32.5859375,-1.9565,-0.0926,6.0787,4.7433,1,PREPARE
8343,32.58984375,-0.7162,2.6434,2.5638,4.306,1,PREPARE
8344,32.59375,-0.7396,3.0332,-0.7473,4.2064,1,PREPARE
8345,32.59765625,-1.1945,3.6451,-1.0898,6.8331,1,PREPARE
8346,32.6015625,0.7619,-0.6424,-0.1589,5.0152,1,PREPARE
8347,32.60546875,1.7779,-1.3432,-4.0755,6.6414,1,PREPARE
8348,32.609375,0.8012,-4.5124,-3.7873,4.1826,1,PREPARE
8349,32.61328125,-0.6465,-5.3311,-2.7383,1.6972,1,PREPARE
8350,32.6171875,7.5449,-3.9946,-3.8665,-1.4839,1,PREPARE
8351,32.62109375,5.7379,-2.6569,-9.1458,-0.8387,1,PREPARE
8352,32.625,7.4852,-3.6802,-6.9516,-3.2906,1,PREPARE
8353,32.62890625,7.7365,-1.9249,-3.6561,-0.4194,1,PREPARE
8354,32.6328125,4.3368,-3.3962,-3.8903,-4.4896,1,PREPARE
8355,32.63671875,3.7635,-1.3508,-2.4447,-6.2364,1,PREPARE
8356,32.640625,-0.4564,-3.4435,-6.1762,-1.9808,1,PREPARE
8357,32.64453125,2.8289,0.4137,-1.596,-3.9889,1,PREPARE
8358,32.6484375,1.0554,-0.2902,-3.4267,-7.9619,1,PREPARE
8359,32.65234375,0.2492,-0.5722,-1.6505,-2.7271,1,PREPARE
8360,32.65625,-1.4747,2.1533,1.6351,-6.6551,1,PREPARE
8361,32.66015625,-0.1721,-0.908,2.2888,-1.9211,1,PREPARE
8362,32.6640625,-7.0583,6.038,3.2689,2.0069,1,PREPARE
8363,32.66796875,-0.6407,6.9313,4.1867,3.2508,1,PREPARE
8364,32.671875,-4.6866,0.9591,2.936,1.9146,1,PREPARE
8365,32.67578125,-8.7915,6.3909,3.8954,3.8427,1,PREPARE
8366,32.6796875,-5.485,9.207,2.4839,2.8873,1,PREPARE
8367,32.68359375,-2.5288,3.182,5.1487,3.2945,1,PREPARE
8368,32.6875,-1.3728,2.9761,4.0653,4.9708,1,PREPARE
8369,32.69140625,-3.6974,0.5316,6.0658,3.2492,1,PREPARE
8370,32.6953125,-0.458,-2.5802,3.8714,6.1714,1,PREPARE
8371,32.69921875,-2.696,1.5735,3.0344,3.3725,1,PREPARE
8372,32.703125,-5.9571,-2.9193,-2.2856,3.8574,1,PREPARE
8373,32.70703125,2.8855,-4.7352,-2.0882,4.3867,1,PREPARE
8374,32.7109375,3.6388,-2.1728,1.3773,2.7059,1,PREPARE
8375,32.71484375,5.933,-4.3635,-5.7174,-0.5406,1,PREPARE
8376,32.71875,3.2644,-3.9162,-6.0612,-2.5726,1,PREPARE
8377,32.72265625,1.7836,-1.1729,-6.0814,-2.8446,1,PREPARE
8378,32.7265625,6.4139,-5.5433,-6.1191,-1.2952,1,PREPARE
8379,32.73046875,5.8742,-4.5872,-4.266,-4.9604,1,PREPARE
8380,32.734375,2.0428,-4.6405,-7.3827,-2.5987,1,PREPARE
8381,32.73828125,1.5839,1.1459,-3.9602,-7.1832,1,PREPARE
8382,32.7421875,2.022,0.0703,-2.9798,-5.9527,1,PREPARE
8383,32.74609375,0.5349,-2.2791,-3.4381,-5.1505,1,PREPARE
8384,32.75,-4.1829,0.3673,-2.8907,-4.0088,1,PREPARE
8385,32.75390625,0.5438,-0.1432,-0.9103,1.9888,1,PREPARE
8386,32.7578125,-3.0979,1.4345,3.7645,-0.7302,1,PREPARE
8387,32.76171875,-4.3734,1.9493,3.7205,-0.4026,1,PREPARE
8388,32.765625,-1.5642,7.2883,4.6652,1.0943,1,PREPARE
8389,32.76953125,-3.2353,7.0135,2.5027,5.7244,1,PREPARE
8390,32.7734375,-2.6195,4.5128,3.7644,0.5574,1,PREPARE
8391,32.77734375,-6.0011,2.6264,2.8205,5.8174,1,PREPARE
8392,32.78125,-4.0576,2.2101,0.8411,5.8538,1,PREPARE
8393,32.78515625,-4.1264,2.4737,7.1695,0.6222,1,PREPARE
8394,32.7890625,-0.7477,0.0889,-1.1596,8.8193,1,PREPARE
8395,32.79296875,1.0449,0.9714,4.1585,3.7269,1,PREPARE
8396,32.796875,-2.3415,0.9643,4.8841,6.9574,1,PREPARE
8397,32.80078125,-0.7833,-2.3878,0.7664,3.1308,1,PREPARE
8398,32.8046875,-2.4438,-3.6319,2.6332,2.2294,1,PREPARE
8399,32.80859375,6.7964,-3.7124,1.8219,0.6384,1,PREPARE
8400,32.8125,0.8267,-1.0158,-2.3163,-3.1198,1,PREPARE
8401,32.81640625,5.746,-8.8681,-0.8073,-2.2659,1,PREPARE
8402,32.8203125,5.1103,-4.7317,-6.6315,-1.6031,1,PREPARE
8403,32.82421875,6.0677,-4.8554,-8.2947,-1.8046,1,PREPARE
8404,32.828125,7.4831,-1.5449,-4.5451,-2.3908,1,PREPARE
8405,32.83203125,5.3683,0.4605,-4.7169,-2.2555,1,PREPARE
8406,32.8359375,5.2826,-4.4147,-4.4529,-3.4801,1,PREPARE
8407,32.83984375,1.847,-1.0621,-4.8593,-8.9099,1,PREPARE
8408,32.84375,3.8851,1.3887,-1.2373,-6.4064,1,PREPARE
8409,32.84765625,-0.3732,2.8679,0.0335,-4.393,1,PREPARE
8410,32.8515625,1.3023,1.8238,-4.1327,-3.511,1,PREPARE
8411,32.85546875,-3.0881,3.3183,-0.4616,0.9925,1,PREPARE
8412,32.859375,-1.4497,5.6512,1.6054,1.1493,1,PREPARE
8413,32.86328125,-3.7406,2.0748,2.1918,0.6156,1,PREPARE
8414,32.8671875,-3.5598,8.2001,1.1701,2.1777,1,PREPARE
8415,32.87109375,-5.2219,2.7664,4.1387,1.4555,1,PREPARE
8416,32.875,-6.8553,4.6952,6.6948,5.3421,1,PREPARE
8417,32.87890625,0.3637,2.5528,8.0046,4.5254,1,PREPARE
8418,32.8828125,-2.6008,5.3426,2.4963,5.4565,1,PREPARE
8419,32.88671875,-7.1036,7.9744,3.9682,4.9364,1,PREPARE
8420,32.890625,1.8263,2.7147,1.5152,6.4352,1,PREPARE
8421,32.89453125,1.2454,-1.9583,1.6932,5.4813,2,LEFT_MI
8422,32.8984375,-1.6799,-7.6869,-2.2788,5.0073,2,LEFT_MI
8423,32.90234375,5.8591,5.9877,5.8866,-0.9356,2,LEFT_MI
8424,32.90625,8.0495,6.0976,-0.3733,4.4428,2,LEFT_MI
8425,32.91015625,5.0054,-2.7381,-1.5409,1.1002,2,LEFT_MI
8426,32.9140625,8.646,-1.6582,-1.2842,-0.7855,2,LEFT_MI
8427,32.91796875,11.2927,-1.4875,-2.9213,-3.6799,2,LEFT_MI
8428,32.921875,8.2942,-2.1143,-2.6494,-5.6688,2,LEFT_MI
8429,32.92578125,5.5377,-0.4011,-4.883,-5.5182,2,LEFT_MI
8430,32.9296875,6.5665,-2.7782,-4.4809,-4.3836,2,LEFT_MI
8431,32.93359375,0.5824,0.0074,-11.4392,-9.5356,2,LEFT_MI
8432,32.9375,2.0886,-6.679,-0.3035,-11.4287,2,LEFT_MI
8433,32.94140625,4.9811,-0.3217,-5.7576,1.2194,2,LEFT_MI
8434,32.9453125,-2.7776,2.1158,-14.284,-6.3594,2,LEFT_MI
8435,32.94921875,1.8963,-0.2086,-6.8768,-1.369,2,LEFT_MI
8436,32.953125,2.4421,4.5419,3.6715,5.5901,2,LEFT_MI
8437,32.95703125,1.6062,1.7899,2.2186,3.135,2,LEFT_MI
8438,32.9609375,3.0023,10.1557,0.7609,5.5272,2,LEFT_MI
8439,32.96484375,-0.6505,-4.8302,-0.0196,11.014,2,LEFT_MI
8440,32.96875,-6.5454,8.1355,2.7703,10.557,2,LEFT_MI
8441,32.97265625,-7.5564,0.8995,3.8321,5.9279,2,LEFT_MI
8442,32.9765625,-12.1413,5.0194,2.3246,1.219,2,LEFT_MI
8443,32.98046875,-8.8048,3.1748,8.5559,1.5499,2,LEFT_MI
8444,32.984375,-6.7781,-3.501,1.1142,2.2282,2,LEFT_MI
8445,32.98828125,-7.8314,-4.9055,-0.0084,-1.0932,2,LEFT_MI
8446,32.9921875,-3.8969,-2.1623,3.4282,-3.9418,2,LEFT_MI
8447,32.99609375,-6.9226,-4.9397,3.0348,-1.5479,2,LEFT_MI
8448,33.0,1.462,1.2846,10.4432,3.1291,2,LEFT_MI
8449,33.00390625,6.7121,0.34,-3.9407,-2.7472,2,LEFT_MI
8450,33.0078125,5.7034,1.196,4.8025,0.4536,2,LEFT_MI
8451,33.01171875,2.5782,3.1931,1.9615,-5.6275,2,LEFT_MI
8452,33.015625,9.883,-0.3456,-2.4526,2.451,2,LEFT_MI
8453,33.01953125,3.2468,-4.7081,-1.0664,-5.6947,2,LEFT_MI
8454,33.0234375,13.711,1.4576,-2.3045,-2.2769,2,LEFT_MI
8455,33.02734375,3.4017,-2.7455,-5.1196,-9.9358,2,LEFT_MI
8456,33.03125,4.2629,0.0239,-4.6049,-10.1914,2,LEFT_MI
8457,33.03515625,-2.9412,-4.5441,-11.8218,-9.8261,2,LEFT_MI
8458,33.0390625,2.1953,-5.0898,-9.5642,-9.6208,2,LEFT_MI
8459,33.04296875,-0.7587,-4.5877,-2.3736,-8.9481,2,LEFT_MI
8460,33.046875,-1.9144,4.3088,-4.4458,-0.4995,2,LEFT_MI
8461,33.05078125,6.902,3.0806,-3.4361,3.8661,2,LEFT_MI
8462,33.0546875,-0.0659,3.2633,-0.7232,2.2349,2,LEFT_MI
8463,33.05859375,-0.4455,3.413,4.7847,7.698,2,LEFT_MI
8464,33.0625,-2.1479,5.0713,6.1283,7.195,2,LEFT_MI
8465,33.06640625,0.042,1.9495,9.1095,9.3242,2,LEFT_MI
8466,33.0703125,-2.992,9.6129,3.5462,7.0371,2,LEFT_MI
8467,33.07421875,-7.613,5.0843,6.247,7.0002,2,LEFT_MI
8468,33.078125,-7.8598,4.8981,8.9471,3.6586,2,LEFT_MI
8469,33.08203125,-6.7446,5.699,0.6241,1.9826,2,LEFT_MI
8470,33.0859375,-0.2663,0.5251,1.5997,-3.4835,2,LEFT_MI
8471,33.08984375,-4.4646,-9.103,-3.0196,2.7269,2,LEFT_MI
8472,33.09375,-7.364,-4.1569,-2.4576,-2.6379,2,LEFT_MI
8473,33.09765625,-3.1567,5.2292,2.8597,-1.5907,2,LEFT_MI
8474,33.1015625,-0.6782,-2.8632,6.2871,0.087,2,LEFT_MI
8475,33.10546875,1.5823,-2.268,6.3025,-2.0431,2,LEFT_MI
8476,33.109375,3.2938,8.0555,-4.4117,-1.7125,2,LEFT_MI
8477,33.11328125,3.1883,-2.1809,-1.8035,-5.0445,2,LEFT_MI
8478,33.1171875,8.6191,1.3669,4.7903,3.5441,2,LEFT_MI
8479,33.12109375,3.1025,2.4497,-4.1431,-8.5568,2,LEFT_MI
8480,33.125,3.0947,-2.3575,-8.3708,1.4802,2,LEFT_MI
8481,33.12890625,4.3005,-2.07,-6.4068,-6.4493,2,LEFT_MI
8482,33.1328125,-1.3107,-2.0063,-11.0329,-7.0256,2,LEFT_MI
8483,33.13671875,2.1544,-2.7827,-9.5841,-8.4874,2,LEFT_MI
8484,33.140625,-3.079,-2.2809,-7.2283,-4.5289,2,LEFT_MI
8485,33.14453125,3.9466,-1.4922,-8.4804,-2.0131,2,LEFT_MI
8486,33.1484375,-3.697,1.8805,-5.9044,-2.8696,2,LEFT_MI
8487,33.15234375,-0.4849,-1.1137,1.4601,6.2799,2,LEFT_MI
8488,33.15625,0.7756,4.913,0.4972,10.659,2,LEFT_MI
8489,33.16015625,2.3897,3.2725,3.055,5.9918,2,LEFT_MI
8490,33.1640625,-4.0726,2.187,1.7956,9.7364,2,LEFT_MI
8491,33.16796875,-4.4693,7.5618,4.7941,7.0911,2,LEFT_MI
8492,33.171875,-8.8176,7.0104,3.5371,10.4697,2,LEFT_MI
8493,33.17578125,-7.1796,6.7092,8.1996,8.2932,2,LEFT_MI
8494,33.1796875,-6.6432,0.335,5.1676,4.6416,2,LEFT_MI
8495,33.18359375,-2.3514,-7.4431,7.5101,4.5465,2,LEFT_MI
8496,33.1875,-6.9856,-4.3558,5.0132,0.1602,2,LEFT_MI
8497,33.19140625,-5.7369,0.0638,6.7329,-5.3127,2,LEFT_MI
8498,33.1953125,-2.4208,-8.9308,3.8264,0.0445,2,LEFT_MI
8499,33.19921875,-2.4925,1.8253,-1.526,-2.4284,2,LEFT_MI
8500,33.203125,0.3115,6.1985,10.1745,-3.9009,2,LEFT_MI
8501,33.20703125,-0.1797,4.2304,2.0351,-7.4709,2,LEFT_MI
8502,33.2109375,4.2726,-0.2453,11.7668,-5.9904,2,LEFT_MI
8503,33.21484375,10.1806,0.1321,8.0804,3.1751,2,LEFT_MI
8504,33.21875,8.2736,5.3036,-1.5234,-7.746,2,LEFT_MI
8505,33.22265625,9.8706,-0.7279,-7.2278,-3.2256,2,LEFT_MI
8506,33.2265625,7.8184,-6.048,-6.3803,-3.4558,2,LEFT_MI
8507,33.23046875,7.8607,1.8215,-14.7449,-2.2951,2,LEFT_MI
8508,33.234375,-0.5878,5.0928,-3.9813,-6.0158,2,LEFT_MI
8509,33.23828125,3.3061,-4.0833,-14.9824,-1.2622,2,LEFT_MI
8510,33.2421875,1.2001,-3.5049,-3.8935,-0.3727,2,LEFT_MI
8511,33.24609375,0.6917,4.6167,-3.5111,-0.6859,2,LEFT_MI
8512,33.25,4.6028,7.5383,-3.9837,3.5616,2,LEFT_MI
8513,33.25390625,-3.6164,7.5947,-6.8846,11.8028,2,LEFT_MI
8514,33.2578125,-2.1474,6.7211,-2.6702,7.0194,2,LEFT_MI
8515,33.26171875,-4.043,7.1393,4.5546,7.5334,2,LEFT_MI
8516,33.265625,-4.8806,3.0332,-1.2409,8.0654,2,LEFT_MI
8517,33.26953125,-1.6992,5.4322,6.8885,8.1678,2,LEFT_MI
8518,33.2734375,-10.9197,-0.0734,5.107,10.8914,2,LEFT_MI
8519,33.27734375,-9.0612,-2.1498,1.6256,4.1074,2,LEFT_MI
8520,33.28125,-4.9533,-0.7586,3.4357,2.7783,2,LEFT_MI
8521,33.28515625,-8.8929,-0.0184,2.7782,-3.6998,2,LEFT_MI
8522,33.2890625,-8.7366,-0.9752,3.9147,-1.7222,2,LEFT_MI
8523,33.29296875,-5.7173,-5.78,0.6419,-7.5888,2,LEFT_MI
8524,33.296875,1.8109,-2.8415,4.9984,-4.5007,2,LEFT_MI
8525,33.30078125,-1.4925,2.9411,6.4838,-7.2389,2,LEFT_MI
8526,33.3046875,6.4317,3.7453,1.1107,-3.4778,2,LEFT_MI
8527,33.30859375,5.1023,-0.3612,7.8591,2.9228,2,LEFT_MI
8528,33.3125,4.9219,-2.4897,4.5535,-1.2478,2,LEFT_MI
8529,33.31640625,3.0564,0.3221,1.6788,-3.5512,2,LEFT_MI
8530,33.3203125,6.6069,0.3872,-0.3728,-0.9574,2,LEFT_MI
8531,33.32421875,13.1932,2.0581,-2.1739,-4.6124,2,LEFT_MI
8532,33.328125,7.3356,0.4573,-3.6209,-4.6579,2,LEFT_MI
8533,33.33203125,-3.6743,-0.8886,-6.3844,-5.2286,2,LEFT_MI
8534,33.3359375,3.4358,-3.065,-7.5722,-3.2035,2,LEFT_MI
8535,33.33984375,4.5846,-2.1358,-12.0451,1.7165,2,LEFT_MI
8536,33.34375,-0.0199,-2.681,-7.921,1.4289,2,LEFT_MI
8537,33.34765625,-2.9497,-2.4431,-3.0038,4.9586,2,LEFT_MI
8538,33.3515625,-3.689,3.7157,-8.0275,8.9176,2,LEFT_MI
8539,33.35546875,-2.4261,5.8044,-1.8438,14.42,2,LEFT_MI
8540,33.359375,-2.1308,5.3374,3.4663,3.1996,2,LEFT_MI
8541,33.36328125,0.877,7.3353,3.0228,8.3125,2,LEFT_MI
8542,33.3671875,-1.5719,6.0327,2.5964,8.8823,2,LEFT_MI
8543,33.37109375,-7.9052,4.1425,7.1232,4.9641,2,LEFT_MI
8544,33.375,-6.4483,0.2289,1.1626,5.5845,2,LEFT_MI
8545,33.37890625,-3.2009,-1.5953,4.5291,-1.1963,2,LEFT_MI
8546,33.3828125,-11.2812,-6.6967,2.4044,-4.8678,2,LEFT_MI
8547,33.38671875,-0.94,-2.7302,0.9931,-7.0163,2,LEFT_MI
8548,33.390625,-6.9073,-5.1215,-1.1593,-11.2409,2,LEFT_MI
8549,33.39453125,-8.5809,-4.4675,4.1187,-5.8592,2,LEFT_MI
8550,33.3984375,3.6953,1.7451,3.3489,-12.0803,2,LEFT_MI
8551,33.40234375,5.1968,5.564,1.1354,-7.3084,2,LEFT_MI
8552,33.40625,5.3904,1.9806,4.9588,-6.9324,2,LEFT_MI
8553,33.41015625,3.0054,3.2098,4.6944,-4.2917,2,LEFT_MI
8554,33.4140625,3.4699,-0.1734,11.0035,-1.8593,2,LEFT_MI
8555,33.41796875,7.917,1.0137,2.3879,-4.572,2,LEFT_MI
8556,33.421875,8.529,3.471,0.1148,-0.6641,2,LEFT_MI
8557,33.42578125,0.8772,-0.4482,-9.8088,3.7348,2,LEFT_MI
8558,33.4296875,0.0168,-0.6495,-6.9967,-3.5339,2,LEFT_MI
8559,33.43359375,1.7012,-1.8406,-5.3757,2.36,2,LEFT_MI
8560,33.4375,-1.4335,-11.8862,-4.1485,1.7964,2,LEFT_MI
8561,33.44140625,0.8377,-0.4591,-7.3112,3.77,2,LEFT_MI
8562,33.4453125,-2.5217,7.2981,-6.6512,4.9464,2,LEFT_MI
8563,33.44921875,4.99,2.4087,-6.1912,8.8497,2,LEFT_MI
8564,33.453125,-1.2441,0.0549,-2.3006,9.8886,2,LEFT_MI
8565,33.45703125,-1.6869,3.6996,-3.1851,5.5781,2,LEFT_MI
8566,33.4609375,2.4987,7.1345,0.7805,4.487,2,LEFT_MI
8567,33.46484375,-4.9416,3.1604,4.8288,0.2752,2,LEFT_MI
8568,33.46875,-5.9423,5.8899,-2.3787,7.3486,2,LEFT_MI
8569,33.47265625,-3.5841,-2.7015,4.7477,6.7183,2,LEFT_MI
8570,33.4765625,-5.5506,-5.5526,0.0033,2.8463,2,LEFT_MI
8571,33.48046875,-9.5363,-0.0298,0.2726,-2.587,2,LEFT_MI
8572,33.484375,-8.0213,-5.9471,1.2221,-10.4411,2,LEFT_MI
8573,33.48828125,-1.5364,-8.3864,2.1872,-11.841,2,LEFT_MI
8574,33.4921875,-3.0976,-2.3396,5.3126,-9.4229,2,LEFT_MI
8575,33.49609375,-0.7221,-3.2234,6.8908,-6.0209,2,LEFT_MI
8576,33.5,-9.1388,-3.0816,5.2005,-8.7404,2,LEFT_MI
8577,33.50390625,7.7637,-3.2944,-0.5764,-3.5834,2,LEFT_MI
8578,33.5078125,5.0052,0.6887,9.5953,-4.4063,2,LEFT_MI
8579,33.51171875,5.4777,2.7783,4.0173,-0.1009,2,LEFT_MI
8580,33.515625,9.6122,-1.2126,7.309,-0.6306,2,LEFT_MI
8581,33.51953125,1.5114,0.6058,0.999,-2.4041,2,LEFT_MI
8582,33.5234375,4.6008,-2.4801,3.476,-6.3176,2,LEFT_MI
8583,33.52734375,8.2039,-4.2868,-3.6076,-1.9372,2,LEFT_MI
8584,33.53125,-0.3592,-3.7751,0.169,2.0595,2,LEFT_MI
8585,33.53515625,5.4292,-1.5957,-8.5844,-0.1654,2,LEFT_MI
8586,33.5390625,3.6758,-3.5502,-7.7736,1.8676,2,LEFT_MI
8587,33.54296875,1.4008,-4.6687,-10.4028,1.262,2,LEFT_MI
8588,33.546875,0.8542,0.5797,-8.4363,3.3358,2,LEFT_MI
8589,33.55078125,-0.2135,-5.0658,-3.595,10.0099,2,LEFT_MI
8590,33.5546875,-1.74,3.8306,-2.6453,9.1485,2,LEFT_MI
8591,33.55859375,-0.5728,9.8782,-3.3031,8.5234,2,LEFT_MI
8592,33.5625,-4.7344,1.9125,4.3996,7.2871,2,LEFT_MI
8593,33.56640625,-5.9861,1.439,-0.4002,4.395,2,LEFT_MI
8594,33.5703125,-3.6755,0.2317,1.2852,-5.6844,2,LEFT_MI
8595,33.57421875,-8.3914,-3.4053,5.0348,-2.511,2,LEFT_MI
8596,33.578125,-8.141,3.5695,-0.3208,-4.9827,2,LEFT_MI
8597,33.58203125,-6.304,-6.7002,0.0408,-12.7797,2,LEFT_MI
8598,33.5859375,-5.4179,-2.5217,4.5308,-4.6508,2,LEFT_MI
8599,33.58984375,-6.5411,-4.5967,2.625,-11.0673,2,LEFT_MI
8600,33.59375,-5.2668,-1.3286,7.7127,-5.1577,2,LEFT_MI
8601,33.59765625,-0.9866,-0.663,4.0531,-3.3022,2,LEFT_MI
8602,33.6015625,-3.8537,-1.556,8.1832,-0.9052,2,LEFT_MI
8603,33.60546875,1.1646,-9.3511,12.5842,1.7054,2,LEFT_MI
8604,33.609375,0.448,-1.6531,7.3974,1.0076,2,LEFT_MI
8605,33.61328125,4.0661,2.1888,4.7843,6.6481,2,LEFT_MI
8606,33.6171875,7.2869,0.9982,-1.185,0.7423,2,LEFT_MI
8607,33.62109375,10.2995,4.684,0.0161,4.0955,2,LEFT_MI
8608,33.625,3.4781,-2.2841,-2.9496,5.8537,2,LEFT_MI
8609,33.62890625,-1.5161,-1.5956,-2.9916,2.8032,2,LEFT_MI
8610,33.6328125,2.3338,1.3058,-9.2146,2.889,2,LEFT_MI
8611,33.63671875,0.6207,0.7301,-8.0052,4.9022,2,LEFT_MI
8612,33.640625,2.7849,-5.8249,-4.7593,8.6168,2,LEFT_MI
8613,33.64453125,-2.0516,-0.8302,-4.5141,3.6518,2,LEFT_MI
8614,33.6484375,0.358,-3.3538,-3.7424,0.9281,2,LEFT_MI
8615,33.65234375,1.3506,2.3953,-1.0573,3.4008,2,LEFT_MI
8616,33.65625,-1.2802,-1.2479,-1.5661,12.2415,2,LEFT_MI
8617,33.66015625,-3.0297,3.5164,0.8438,2.6309,2,LEFT_MI
8618,33.6640625,-0.8578,1.5372,1.2635,2.6299,2,LEFT_MI
8619,33.66796875,-0.8569,6.9679,2.3245,0.6363,2,LEFT_MI
8620,33.671875,-2.9192,2.2715,-4.8768,-2.9676,2,LEFT_MI
8621,33.67578125,-3.3594,-1.5011,2.785,-3.2639,2,LEFT_MI
8622,33.6796875,-15.455,-4.9642,-2.0667,-3.4634,2,LEFT_MI
8623,33.68359375,-8.3561,1.9018,-2.11,-9.033,2,LEFT_MI
8624,33.6875,-2.6298,-2.8651,0.2542,-12.6265,2,LEFT_MI
8625,33.69140625,-3.4186,-6.1389,4.0632,-5.4243,2,LEFT_MI
8626,33.6953125,-2.3045,-5.7223,7.4801,-6.3434,2,LEFT_MI
8627,33.69921875,-2.6066,1.2467,10.5888,-4.6329,2,LEFT_MI
8628,33.703125,4.622,1.0659,3.1036,0.354,2,LEFT_MI
8629,33.70703125,-0.7029,4.2361,5.62,-1.516,2,LEFT_MI
8630,33.7109375,7.3931,-2.3422,5.3019,3.2493,2,LEFT_MI
8631,33.71484375,6.4975,1.9102,4.167,7.2259,2,LEFT_MI
8632,33.71875,7.4216,3.6941,2.119,0.3907,2,LEFT_MI
8633,33.72265625,6.1137,-0.3214,2.6536,2.5322,2,LEFT_MI
8634,33.7265625,3.3811,-0.4049,-0.982,0.7844,2,LEFT_MI
8635,33.73046875,6.6431,0.0642,0.3693,2.3091,2,LEFT_MI
8636,33.734375,3.3283,-4.1671,-2.377,7.8947,2,LEFT_MI
8637,33.73828125,-2.3088,-4.4776,-8.6852,3.8424,2,LEFT_MI
8638,33.7421875,-0.174,0.0406,-6.7884,4.39,2,LEFT_MI
8639,33.74609375,0.9251,-0.4348,-2.7402,6.8596,2,LEFT_MI
8640,33.75,-0.5281,2.0038,-5.2885,5.8509,2,LEFT_MI
8641,33.75390625,3.1764,-0.2282,-4.2464,2.5111,2,LEFT_MI
8642,33.7578125,-1.7804,6.4104,-7.4105,5.7446,2,LEFT_MI
8643,33.76171875,5.6845,8.5118,-2.8351,0.0127,2,LEFT_MI
8644,33.765625,0.6638,6.7756,-4.0162,-0.9571,2,LEFT_MI
8645,33.76953125,-4.0262,5.7111,4.899,-1.0769,2,LEFT_MI
8646,33.7734375,-4.1512,-2.9676,-2.7358,-5.4355,2,LEFT_MI
8647,33.77734375,-5.3956,-6.3347,-2.5287,-8.5963,2,LEFT_MI
8648,33.78125,-6.6636,1.007,-0.1459,-8.5337,2,LEFT_MI
8649,33.78515625,-5.3718,-4.3586,-2.3357,-8.4434,2,LEFT_MI
8650,33.7890625,-5.7948,-9.1002,3.1833,-6.6722,2,LEFT_MI
8651,33.79296875,-5.0274,-2.5445,-2.7601,-9.2191,2,LEFT_MI
8652,33.796875,-2.1052,-8.0297,4.1303,-5.8316,2,LEFT_MI
8653,33.80078125,0.2314,-1.851,8.6076,-4.3794,2,LEFT_MI
8654,33.8046875,1.6265,-0.2171,9.1017,-4.1193,2,LEFT_MI
8655,33.80859375,10.1477,0.8408,10.5636,-4.0505,2,LEFT_MI
8656,33.8125,8.649,2.6081,8.862,1.58,2,LEFT_MI
8657,33.81640625,4.7421,2.0693,7.4511,6.4499,2,LEFT_MI
8658,33.8203125,9.2969,2.9546,5.1662,4.0527,2,LEFT_MI
8659,33.82421875,1.8979,-7.0713,1.9879,4.5478,2,LEFT_MI
8660,33.828125,5.6714,-0.9207,0.0329,7.6698,2,LEFT_MI
8661,33.83203125,3.4457,-1.9784,0.193,2.0207,2,LEFT_MI
8662,33.8359375,-1.0049,-1.1702,-12.1258,5.0668,2,LEFT_MI
8663,33.83984375,-1.3654,-3.1374,-6.3294,2.8352,2,LEFT_MI
8664,33.84375,9.8553,-3.924,-6.9166,5.7484,2,LEFT_MI
8665,33.84765625,-3.328,-2.8642,-5.9317,5.3904,2,LEFT_MI
8666,33.8515625,-1.7351,0.3782,-7.0025,-1.8923,2,LEFT_MI
8667,33.85546875,0.8507,0.8818,-5.0326,3.604,2,LEFT_MI
8668,33.859375,-0.3842,3.0492,-5.3865,3.8347,2,LEFT_MI
8669,33.86328125,0.3248,2.0374,-0.2928,1.2561,2,LEFT_MI
8670,33.8671875,1.0034,5.1367,1.6298,-3.6109,2,LEFT_MI
8671,33.87109375,-6.4963,3.196,-5.4289,-5.4022,2,LEFT_MI
8672,33.875,-2.9214,-2.3168,-2.7446,-6.7934,2,LEFT_MI
8673,33.87890625,-13.213,-5.6437,5.6078,-4.3411,2,LEFT_MI
8674,33.8828125,-10.1728,-3.8415,-1.6509,-11.5693,2,LEFT_MI
8675,33.88671875,-6.8434,-5.1524,3.7081,-5.7314,2,LEFT_MI
8676,33.890625,-3.9191,-4.7216,4.3639,-2.7682,2,LEFT_MI
8677,33.89453125,-2.9585,-1.8425,-2.105,-4.0548,2,LEFT_MI
8678,33.8984375,4.6584,-2.943,8.3145,-3.3221,2,LEFT_MI
8679,33.90234375,0.4491,1.2253,5.212,2.0894,2,LEFT_MI
8680,33.90625,-0.0097,1.8743,5.2142,6.9861,2,LEFT_MI
8681,33.91015625,11.1278,2.229,9.0024,4.1694,2,LEFT_MI
8682,33.9140625,11.3924,4.6642,8.4199,1.8511,2,LEFT_MI
8683,33.91796875,12.8328,2.7722,2.5868,2.9616,2,LEFT_MI
8684,33.921875,7.4638,-1.0551,6.4395,7.6694,2,LEFT_MI
8685,33.92578125,7.2988,2.2999,0.0237,4.1012,2,LEFT_MI
8686,33.9296875,7.9456,-1.9934,-4.3832,4.6504,2,LEFT_MI
8687,33.93359375,-3.0048,-0.947,-4.3926,-0.3417,2,LEFT_MI
8688,33.9375,3.7472,-0.1205,-6.9027,2.2392,2,LEFT_MI
8689,33.94140625,0.3717,0.2621,-10.0863,-2.5155,2,LEFT_MI
8690,33.9453125,-1.9327,2.9222,-4.5034,-1.3294,2,LEFT_MI
8691,33.94921875,-0.7375,7.0112,-6.9796,-1.8195,2,LEFT_MI
8692,33.953125,-0.611,-0.547,-7.4856,4.5341,2,LEFT_MI
8693,33.95703125,-2.4202,4.6063,-2.6612,-2.4656,2,LEFT_MI
8694,33.9609375,-6.2332,6.0769,1.5002,0.1633,2,LEFT_MI
8695,33.96484375,2.3596,5.7973,-6.2545,2.3392,2,LEFT_MI
8696,33.96875,-2.9308,0.2866,-1.011,-2.6936,2,LEFT_MI
8697,33.97265625,-9.4258,-1.9198,1.8771,-3.8403,2,LEFT_MI
8698,33.9765625,-3.99,-4.2393,0.4998,-6.8594,2,LEFT_MI
8699,33.98046875,-2.2674,-4.6026,-1.1489,-5.1498,2,LEFT_MI
8700,33.984375,-15.3574,-3.479,7.4498,-7.9136,2,LEFT_MI
8701,33.98828125,-1.939,-1.3754,-3.333,-12.3521,2,LEFT_MI
8702,33.9921875,-5.2439,-4.9159,-2.3343,-10.9234,2,LEFT_MI
8703,33.99609375,-4.5877,-5.1647,2.7677,0.876,2,LEFT_MI
8704,34.0,0.2118,-4.8605,2.5004,1.8283,2,LEFT_MI
8705,34.00390625,4.4666,-0.2791,2.637,-6.0798,2,LEFT_MI
8706,34.0078125,2.2907,0.1744,13.3759,5.8448,2,LEFT_MI
8707,34.01171875,10.2334,5.2557,8.6452,10.152,2,LEFT_MI
8708,34.015625,8.4987,2.9186,7.5374,9.4737,2,LEFT_MI
8709,34.01953125,3.3985,5.3687,6.8342,0.7474,2,LEFT_MI
8710,34.0234375,4.7415,3.5716,0.0787,7.9986,2,LEFT_MI
8711,34.02734375,3.9809,0.6162,-2.3799,2.418,2,LEFT_MI
8712,34.03125,6.5512,6.1698,-7.7912,2.8734,2,LEFT_MI
8713,34.03515625,-1.8523,-0.5082,-5.8302,1.793,2,LEFT_MI
8714,34.0390625,1.8342,-0.07,-7.7055,0.3429,2,LEFT_MI
8715,34.04296875,-3.5611,3.6011,-4.215,-3.2085,2,LEFT_MI
8716,34.046875,1.9578,4.0768,-3.5496,-1.5131,2,LEFT_MI
8717,34.05078125,0.5006,4.2911,-4.4245,1.885,2,LEFT_MI
8718,34.0546875,3.6418,2.4707,-3.7881,-3.1417,2,LEFT_MI
8719,34.05859375,-3.6927,1.3152,-0.609,-0.6074,2,LEFT_MI
8720,34.0625,-6.5783,12.0944,-7.3155,-3.3276,2,LEFT_MI
8721,34.06640625,-1.4092,3.6411,-3.8869,-2.7769,2,LEFT_MI
8722,34.0703125,-4.8283,4.4014,0.8395,-8.2446,2,LEFT_MI
8723,34.07421875,-10.2678,-4.156,-3.6549,-6.2308,2,LEFT_MI
8724,34.078125,-4.7456,0.572,-5.8295,-11.4199,2,LEFT_MI
8725,34.08203125,-9.4202,-0.8916,-4.1281,-2.2125,2,LEFT_MI
8726,34.0859375,-7.2739,-0.5384,-6.2144,-4.3504,2,LEFT_MI
8727,34.08984375,-7.988,-6.7657,-0.128,-0.1511,2,LEFT_MI
8728,34.09375,-6.5655,-7.3772,2.3996,-7.1032,2,LEFT_MI
8729,34.09765625,-3.953,-0.9535,7.1868,-3.6173,2,LEFT_MI
8730,34.1015625,2.3182,-2.263,10.0022,-0.3851,2,LEFT_MI
8731,34.10546875,1.269,0.7735,7.8397,5.2383,2,LEFT_MI
8732,34.109375,8.5571,-0.0648,7.2424,4.8244,2,LEFT_MI
8733,34.11328125,5.724,1.898,10.9569,7.3835,2,LEFT_MI
8734,34.1171875,8.5169,1.2513,2.7275,7.8631,2,LEFT_MI
8735,34.12109375,2.8183,2.3574,1.9028,10.3965,2,LEFT_MI
8736,34.125,8.6275,3.7298,2.82,3.0541,2,LEFT_MI
8737,34.12890625,6.4524,-2.4217,-2.7572,2.9112,2,LEFT_MI
8738,34.1328125,3.2664,2.8122,1.027,0.7653,2,LEFT_MI
8739,34.13671875,3.9794,-5.4386,-0.5176,6.8969,2,LEFT_MI
8740,34.140625,-2.701,-2.2779,-2.7015,-7.1965,2,LEFT_MI
8741,34.14453125,-1.1206,1.8286,-4.8665,-12.0006,2,LEFT_MI
8742,34.1484375,4.0819,-2.4433,-3.3139,1.6474,2,LEFT_MI
8743,34.15234375,-1.0333,2.1303,-5.9505,-6.4506,2,LEFT_MI
8744,34.15625,-6.0564,7.2343,-6.3428,-6.3528,2,LEFT_MI
8745,34.16015625,-0.2493,3.9807,0.4436,-2.6807,2,LEFT_MI
8746,34.1640625,-0.2877,6.2533,-0.9282,-6.4829,2,LEFT_MI
8747,34.16796875,-1.4967,2.8417,-4.3654,-3.2526,2,LEFT_MI
8748,34.171875,-4.1633,2.535,-1.7439,-3.9938,2,LEFT_MI
8749,34.17578125,-0.995,-1.461,-0.6794,-4.1107,2,LEFT_MI
8750,34.1796875,-9.6434,-2.9649,-4.9627,-7.4971,2,LEFT_MI
8751,34.18359375,-5.6082,-3.1457,-1.811,-4.7425,2,LEFT_MI
8752,34.1875,-5.927,-1.0887,-1.405,-4.1109,2,LEFT_MI
8753,34.19140625,-4.4403,-5.8307,2.1764,-3.6728,2,LEFT_MI
8754,34.1953125,-1.2003,-5.9159,-2.4752,0.0801,2,LEFT_MI
8755,34.19921875,4.814,-1.8499,2.5459,1.361,2,LEFT_MI
8756,34.203125,3.2784,-3.5361,5.0078,5.8583,2,LEFT_MI
8757,34.20703125,7.2623,-3.5623,9.1833,8.8169,2,LEFT_MI
8758,34.2109375,8.7449,-0.8928,14.1251,13.7638,2,LEFT_MI
8759,34.21484375,8.1333,-1.5433,4.7615,15.1516,2,LEFT_MI
8760,34.21875,8.466,-1.1821,7.3112,8.5349,2,LEFT_MI
8761,34.22265625,-1.0771,2.5642,5.3596,10.0388,2,LEFT_MI
8762,34.2265625,9.9387,0.5824,2.5759,1.6023,2,LEFT_MI
8763,34.23046875,3.8001,0.9217,0.4968,-2.997,2,LEFT_MI
8764,34.234375,5.2224,1.2588,-1.4373,2.7676,2,LEFT_MI
8765,34.23828125,8.1315,-0.9675,-7.9939,-7.0355,2,LEFT_MI
8766,34.2421875,0.9464,-3.6686,-6.1327,-0.5497,2,LEFT_MI
8767,34.24609375,-0.7488,-2.4121,-6.7001,-4.2676,2,LEFT_MI
8768,34.25,1.7013,-4.6285,-10.3239,-4.9,2,LEFT_MI
8769,34.25390625,2.5411,2.3742,-3.7629,-2.0729,2,LEFT_MI
8770,34.2578125,-2.5961,-1.1081,-10.305,-5.1934,2,LEFT_MI
8771,34.26171875,-2.6676,5.6458,0.2217,-2.2896,2,LEFT_MI
8772,34.265625,-5.6877,3.3334,-5.5675,-6.2719,2,LEFT_MI
8773,34.26953125,-7.1246,1.4557,-5.9587,-6.3038,2,LEFT_MI
8774,34.2734375,-4.534,0.3745,-5.5377,-1.1271,2,LEFT_MI
8775,34.27734375,-9.5909,-0.5076,-3.1646,-2.536,2,LEFT_MI
8776,34.28125,-10.5656,-2.0391,-10.0852,-7.8717,2,LEFT_MI
8777,34.28515625,-7.2256,-6.653,-6.9856,-1.5361,2,LEFT_MI
8778,34.2890625,-10.165,-0.5073,2.7562,-3.1463,2,LEFT_MI
8779,34.29296875,-2.6417,-8.4204,0.0202,-0.6076,2,LEFT_MI
8780,34.296875,-2.7767,-7.355,3.4036,7.1568,2,LEFT_MI
8781,34.30078125,-1.0531,-5.3889,3.9443,5.6682,2,LEFT_MI
8782,34.3046875,2.7528,3.6486,10.4301,10.7746,2,LEFT_MI
8783,34.30859375,7.5599,-3.788,4.7762,7.3596,2,LEFT_MI
8784,34.3125,3.2936,1.087,7.878,3.1614,2,LEFT_MI
8785,34.31640625,9.855,0.7764,13.45,2.9326,2,LEFT_MI
8786,34.3203125,9.7533,1.5767,10.0399,0.2059,2,LEFT_MI
8787,34.32421875,8.1325,3.5151,3.3842,9.8926,2,LEFT_MI
8788,34.328125,5.481,3.4751,7.9297,6.1183,2,LEFT_MI
8789,34.33203125,0.1357,-4.9738,0.508,-0.2227,2,LEFT_MI
8790,34.3359375,0.0577,1.39,-7.6674,1.104,2,LEFT_MI
8791,34.33984375,2.7719,-1.6373,0.3737,-6.0598,2,LEFT_MI
8792,34.34375,4.9221,7.0711,-4.9544,-8.1862,2,LEFT_MI
8793,34.34765625,-4.927,2.5059,-2.2458,-2.9817,2,LEFT_MI
8794,34.3515625,0.1567,0.6564,-4.4918,-5.2488,2,LEFT_MI
8795,34.35546875,-2.3489,5.6783,-4.344,-3.102,2,LEFT_MI
8796,34.359375,1.5775,2.7895,-4.8992,-2.8973,2,LEFT_MI
8797,34.36328125,-2.0944,5.2964,-3.1046,-6.8002,2,LEFT_MI
8798,34.3671875,-0.9639,2.0456,-1.1342,-8.2694,2,LEFT_MI
8799,34.37109375,-6.9031,0.7784,-4.6036,-3.9064,2,LEFT_MI
8800,34.375,-10.8127,-2.6544,-0.2266,-0.4734,2,LEFT_MI
8801,34.37890625,-3.7472,-6.7225,-12.4273,-0.0051,2,LEFT_MI
8802,34.3828125,-3.1126,-6.6258,-3.3298,-2.9581,2,LEFT_MI
8803,34.38671875,-5.3031,-1.6275,-5.1094,3.6982,2,LEFT_MI
8804,34.390625,-7.8072,-3.6856,-1.32,1.9891,2,LEFT_MI
8805,34.39453125,-1.5864,-4.7239,1.6551,2.3994,2,LEFT_MI
8806,34.3984375,2.569,-0.957,5.2557,5.9294,2,LEFT_MI
8807,34.40234375,8.9002,4.5766,4.6375,5.5884,2,LEFT_MI
8808,34.40625,5.8606,-6.4221,3.4821,4.9712,2,LEFT_MI
8809,34.41015625,7.9005,-0.5387,5.4658,11.3776,2,LEFT_MI
8810,34.4140625,7.4376,4.1356,4.5132,7.2613,2,LEFT_MI
8811,34.41796875,5.3853,10.9911,6.6662,10.4134,2,LEFT_MI
8812,34.421875,5.4909,-0.8473,0.8474,5.4577,2,LEFT_MI
8813,34.42578125,5.3772,1.0032,-0.2007,-3.8185,2,LEFT_MI
8814,34.4296875,3.8929,5.5238,1.0925,-1.0815,2,LEFT_MI
8815,34.43359375,7.4341,-5.5299,-4.3853,-5.2171,2,LEFT_MI
8816,34.4375,3.1735,2.6704,-0.3661,-1.1441,2,LEFT_MI
8817,34.44140625,0.5076,4.2544,-2.1279,-2.3113,2,LEFT_MI
8818,34.4453125,-2.3268,5.1668,-3.5367,-8.8842,2,LEFT_MI
8819,34.44921875,-2.8884,0.6827,-2.6853,-6.092,2,LEFT_MI
8820,34.453125,1.6466,1.367,-3.469,-3.7692,2,LEFT_MI
8821,34.45703125,3.1603,0.2002,-7.6365,-1.8891,2,LEFT_MI
8822,34.4609375,-3.8645,7.2242,-6.64,-0.1566,2,LEFT_MI
8823,34.46484375,2.7387,2.1131,-3.678,0.3414,2,LEFT_MI
8824,34.46875,-6.4702,5.5282,-5.0814,-6.8388,2,LEFT_MI
8825,34.47265625,-5.1321,2.197,-1.912,3.8782,2,LEFT_MI
8826,34.4765625,-6.9276,-3.804,-2.3221,2.5135,2,LEFT_MI
8827,34.48046875,-11.1699,-1.8375,-4.7404,2.8564,2,LEFT_MI
8828,34.484375,-6.8545,-1.4041,3.2196,-3.3734,2,LEFT_MI
8829,34.48828125,-4.7133,-6.2335,-4.952,-1.9949,2,LEFT_MI
8830,34.4921875,-3.5148,0.1146,-0.511,4.026,2,LEFT_MI
8831,34.49609375,2.0234,-2.9429,4.1873,5.5122,2,LEFT_MI
8832,34.5,1.304,3.796,5.7798,4.2596,2,LEFT_MI
8833,34.50390625,-2.8882,-0.7558,7.6502,13.7903,2,LEFT_MI
8834,34.5078125,3.5806,1.5336,2.3307,6.8431,2,LEFT_MI
8835,34.51171875,4.5554,4.8504,5.2542,8.9727,2,LEFT_MI
8836,34.515625,3.402,5.1657,6.6037,2.0988,2,LEFT_MI
8837,34.51953125,11.3748,1.8603,10.9399,4.6612,2,LEFT_MI
8838,34.5234375,5.5048,-1.1432,4.0684,0.3633,2,LEFT_MI
8839,34.52734375,2.1292,3.5093,-0.7887,-1.6769,2,LEFT_MI
8840,34.53125,2.967,-3.034,3.306,-1.8012,2,LEFT_MI
8841,34.53515625,3.0167,-2.2693,-2.1463,-7.129,2,LEFT_MI
8842,34.5390625,-1.7446,4.9135,-2.8865,-6.6046,2,LEFT_MI
8843,34.54296875,-0.1109,-3.1683,-3.385,-12.4038,2,LEFT_MI
8844,34.546875,0.4274,2.4458,-4.1661,-9.0681,2,LEFT_MI
8845,34.55078125,1.8192,4.1587,-8.1382,-9.0291,2,LEFT_MI
8846,34.5546875,2.239,-5.5617,-0.9355,0.9779,2,LEFT_MI
8847,34.55859375,-2.1474,-1.211,-2.345,-5.5743,2,LEFT_MI
8848,34.5625,-3.9529,6.2936,-1.3715,-1.5426,2,LEFT_MI
8849,34.56640625,-3.0835,-0.8836,-0.4323,-0.7706,2,LEFT_MI
8850,34.5703125,0.482,-0.8211,-1.4015,-0.2585,2,LEFT_MI
8851,34.57421875,-6.6241,1.3886,0.0443,5.714,2,LEFT_MI
8852,34.578125,-7.4363,-4.1944,-4.6575,2.9746,2,LEFT_MI
8853,34.58203125,-7.6636,-10.8611,-10.4563,6.5917,2,LEFT_MI
8854,34.5859375,-8.1101,-3.1108,-2.8211,-3.735,2,LEFT_MI
8855,34.58984375,-6.1595,-3.0804,-0.6512,3.3482,2,LEFT_MI
8856,34.59375,-5.5551,-3.6761,-1.4518,0.5353,2,LEFT_MI
8857,34.59765625,5.2732,-0.462,0.9414,8.2769,2,LEFT_MI
8858,34.6015625,0.8568,0.8446,5.2361,6.5906,2,LEFT_MI
8859,34.60546875,6.3831,-1.0045,4.1344,3.9934,2,LEFT_MI
8860,34.609375,7.7675,8.0957,8.5007,5.777,2,LEFT_MI
8861,34.61328125,5.4561,0.587,4.5886,3.3552,2,LEFT_MI
8862,34.6171875,7.3063,2.2821,10.07,5.7769,2,LEFT_MI
8863,34.62109375,5.9251,8.6493,8.3404,0.9025,2,LEFT_MI
8864,34.625,5.993,-3.414,4.0906,-3.5147,2,LEFT_MI
8865,34.62890625,5.2904,-2.4766,-0.2158,-3.3808,2,LEFT_MI
8866,34.6328125,-2.236,-2.6872,1.5806,-11.9193,2,LEFT_MI
8867,34.63671875,2.5036,-1.6939,-0.2675,-8.4722,2,LEFT_MI
8868,34.640625,4.3242,-0.8321,-3.983,-7.3924,2,LEFT_MI
8869,34.64453125,-0.6463,-3.2186,-0.0702,-7.9482,2,LEFT_MI
8870,34.6484375,3.4525,9.9898,-1.2314,-4.7243,2,LEFT_MI
8871,34.65234375,0.3549,-1.7357,-6.3618,-5.1936,2,LEFT_MI
8872,34.65625,1.7899,2.0265,-1.9221,-6.2021,2,LEFT_MI
8873,34.66015625,-0.5503,1.8426,-1.8378,-2.6951,2,LEFT_MI
8874,34.6640625,0.5972,1.9978,-5.582,2.2388,2,LEFT_MI
8875,34.66796875,-7.3921,-1.4165,-1.7887,2.6201,2,LEFT_MI
8876,34.671875,-7.3709,-0.926,-6.6306,4.9377,2,LEFT_MI
8877,34.67578125,-6.1441,-3.5454,-4.0245,6.116,2,LEFT_MI
8878,34.6796875,-6.9629,-2.7283,-11.9708,4.1365,2,LEFT_MI
8879,34.68359375,-3.9749,-1.8763,-6.6939,6.2862,2,LEFT_MI
8880,34.6875,-9.7221,-1.2692,-4.4692,0.7364,2,LEFT_MI
8881,34.69140625,-8.0125,-5.0392,-3.6953,-3.5506,2,LEFT_MI
8882,34.6953125,-2.947,-3.9727,-0.3883,0.8836,2,LEFT_MI
8883,34.69921875,-0.8629,-1.4326,-2.6532,5.2517,2,LEFT_MI
8884,34.703125,2.8437,5.7437,1.3809,3.0049,2,LEFT_MI
8885,34.70703125,8.2417,6.784,7.7379,5.1285,2,LEFT_MI
8886,34.7109375,1.6239,4.6781,11.6055,4.6262,2,LEFT_MI
8887,34.71484375,7.4659,2.9594,10.1717,2.245,2,LEFT_MI
8888,34.71875,6.132,-3.0689,4.1483,2.0144,2,LEFT_MI
8889,34.72265625,2.1694,2.6345,7.3436,-4.5439,2,LEFT_MI
8890,34.7265625,4.2704,2.943,3.9489,-3.6551,2,LEFT_MI
8891,34.73046875,2.209,3.6842,4.9459,-7.7188,2,LEFT_MI
8892,34.734375,1.5565,-2.4834,1.5413,-9.841,2,LEFT_MI
8893,34.73828125,1.8628,-1.6052,-1.6436,-11.0015,2,LEFT_MI
8894,34.7421875,0.0225,-5.4214,5.3264,-7.5481,2,LEFT_MI
8895,34.74609375,-6.91,0.4978,-1.0775,-11.0678,2,LEFT_MI
8896,34.75,-0.9848,1.6574,0.8867,-4.2784,2,LEFT_MI
8897,34.75390625,-0.0952,1.0693,-7.674,4.8208,2,LEFT_MI
8898,34.7578125,1.5194,0.6772,-4.8313,-1.0398,2,LEFT_MI
8899,34.76171875,-2.8128,-1.3597,-7.8176,6.5751,2,LEFT_MI
8900,34.765625,-4.3791,-1.8782,-2.2981,3.1219,2,LEFT_MI
8901,34.76953125,-3.5572,5.961,-2.8648,4.4477,2,LEFT_MI
8902,34.7734375,-8.1833,-1.4148,-1.0161,7.5666,2,LEFT_MI
8903,34.77734375,-5.8635,-8.1597,-6.5385,6.2916,2,LEFT_MI
8904,34.78125,-7.1696,-2.6836,-8.9141,8.0775,2,LEFT_MI
8905,34.78515625,-11.5016,-6.4659,-3.2727,0.5001,2,LEFT_MI
8906,34.7890625,-5.1103,-8.5693,-8.0665,4.5971,2,LEFT_MI
8907,34.79296875,-4.4628,-5.5646,-0.8238,-5.2366,2,LEFT_MI
8908,34.796875,5.822,-4.8653,-2.8098,5.6603,2,LEFT_MI
8909,34.80078125,2.1615,0.8839,3.0944,8.5845,2,LEFT_MI
8910,34.8046875,2.4627,2.7089,6.1776,2.0555,2,LEFT_MI
8911,34.80859375,3.553,6.3502,9.3162,10.6158,2,LEFT_MI
8912,34.8125,8.1753,7.6947,11.6483,-3.1059,2,LEFT_MI
8913,34.81640625,11.3049,3.3804,9.9719,-2.0589,2,LEFT_MI
8914,34.8203125,8.7174,-2.0999,2.8877,-1.7225,2,LEFT_MI
8915,34.82421875,7.7698,2.1338,4.6091,0.5626,2,LEFT_MI
8916,34.828125,-3.2869,1.9107,-0.0555,-6.5402,2,LEFT_MI
8917,34.83203125,4.6048,-3.538,1.8827,-8.8449,2,LEFT_MI
8918,34.8359375,2.5186,-2.5708,4.2849,-10.5483,2,LEFT_MI
8919,34.83984375,-0.3284,-1.2813,1.9757,-9.1628,2,LEFT_MI
8920,34.84375,2.2765,-0.0331,-0.4534,-6.3649,2,LEFT_MI
8921,34.84765625,1.6616,-1.9372,-6.0111,-4.4046,2,LEFT_MI
8922,34.8515625,1.4821,4.6783,-0.6532,-1.8597,2,LEFT_MI
8923,34.85546875,-0.6613,1.9808,-2.6247,-6.4391,2,LEFT_MI
8924,34.859375,-3.3238,-0.2194,0.7993,2.9689,2,LEFT_MI
8925,34.86328125,0.6105,5.7486,-8.559,4.7386,2,LEFT_MI
8926,34.8671875,-7.2706,2.1074,-5.8694,4.8014,2,LEFT_MI
8927,34.87109375,-7.5341,2.6827,-5.309,5.1062,2,LEFT_MI
8928,34.875,-4.9918,-1.7819,-9.9635,12.364,2,LEFT_MI
8929,34.87890625,-8.4197,-0.7342,-6.6767,4.3293,2,LEFT_MI
8930,34.8828125,-9.7478,-5.4318,-8.0906,0.6797,2,LEFT_MI
8931,34.88671875,-7.5353,-6.4337,-5.3962,7.2956,2,LEFT_MI
8932,34.890625,-6.7426,2.2819,-10.4884,1.8095,2,LEFT_MI
8933,34.89453125,0.2296,-1.5776,-6.7239,2.9794,2,LEFT_MI
8934,34.8984375,-1.2041,-1.192,-0.0688,0.9568,2,LEFT_MI
8935,34.90234375,-1.9003,8.0002,0.8947,-0.1234,2,LEFT_MI
8936,34.90625,11.8525,5.5333,9.524,4.9139,2,LEFT_MI
8937,34.91015625,3.4506,6.1444,2.5437,-1.4254,2,LEFT_MI
8938,34.9140625,7.5572,7.4908,12.7991,4.7795,2,LEFT_MI
8939,34.91796875,8.9879,5.9645,9.4627,-6.003,2,LEFT_MI
8940,34.921875,8.0235,-1.7067,0.5914,-4.0711,2,LEFT_MI
8941,34.92578125,-0.1165,0.9185,2.8246,-4.1799,2,LEFT_MI
8942,34.9296875,0.0699,2.6346,5.0897,-11.495,2,LEFT_MI
8943,34.93359375,4.6108,-0.6613,2.6952,-7.2217,2,LEFT_MI
8944,34.9375,-1.8697,-4.643,3.6413,-9.0977,2,LEFT_MI
8945,34.94140625,-5.0223,-0.0879,5.4982,-6.8184,2,LEFT_MI
8946,34.9453125,0.699,-1.2481,5.7546,-3.0527,2,LEFT_MI
8947,34.94921875,1.1352,2.835,-2.01,-6.0858,2,LEFT_MI
8948,34.953125,4.303,-0.6582,-2.785,1.9621,2,LEFT_MI
8949,34.95703125,5.0505,8.2026,2.6928,9.1614,2,LEFT_MI
8950,34.9609375,-6.5558,1.5484,0.5436,1.9481,2,LEFT_MI
8951,34.96484375,1.3942,-0.9553,-1.3986,7.0726,2,LEFT_MI
8952,34.96875,-1.4627,-3.5781,-2.777,7.4346,2,LEFT_MI
8953,34.97265625,-3.566,-4.544,0.0722,4.1432,2,LEFT_MI
8954,34.9765625,-5.6747,-1.9399,-14.6074,2.4585,2,LEFT_MI
8955,34.98046875,-6.0942,-1.9834,-8.4111,7.4582,2,LEFT_MI
8956,34.984375,-9.769,-1.6239,-8.5576,8.6806,2,LEFT_MI
8957,34.98828125,-6.8932,-2.5863,-0.3191,4.6942,2,LEFT_MI
8958,34.9921875,-1.269,-6.4451,-9.7387,-2.2337,2,LEFT_MI
8959,34.99609375,-6.1424,-1.3966,0.2604,3.2908,2,LEFT_MI
8960,35.0,-4.3364,-2.7517,-3.0314,2.2447,2,LEFT_MI
8961,35.00390625,9.1967,-1.9175,2.0992,1.3197,2,LEFT_MI
8962,35.0078125,10.0674,4.1822,5.45,6.4509,2,LEFT_MI
8963,35.01171875,6.6232,15.2797,7.2516,-2.9134,2,LEFT_MI
8964,35.015625,11.4007,5.6971,10.151,-3.7281,2,LEFT_MI
8965,35.01953125,10.8777,0.637,7.8299,-2.9889,2,LEFT_MI
8966,35.0234375,4.507,0.686,6.2959,0.1027,2,LEFT_MI
8967,35.02734375,4.4884,-1.6063,6.7412,-7.6931,2,LEFT_MI
8968,35.03125,8.7413,-3.9728,3.3179,-11.2169,2,LEFT_MI
8969,35.03515625,-1.6299,1.9943,4.9833,-6.7808,2,LEFT_MI
8970,35.0390625,-3.9005,-5.8423,7.3088,-5.1269,2,LEFT_MI
8971,35.04296875,0.7733,-5.1933,-1.1946,-1.2452,2,LEFT_MI
8972,35.046875,0.0123,0.0085,-0.2509,0.3342,2,LEFT_MI
8973,35.05078125,-2.0844,2.5068,-2.027,2.9649,2,LEFT_MI
8974,35.0546875,0.3443,3.3307,1.5138,10.6151,2,LEFT_MI
8975,35.05859375,1.9186,7.4544,-0.9656,8.2938,2,LEFT_MI
8976,35.0625,-1.0435,3.0518,-3.7651,11.1846,2,LEFT_MI
8977,35.06640625,-4.3098,1.0511,-1.7392,6.8097,2,LEFT_MI
8978,35.0703125,-3.5137,-1.325,2.054,9.0073,2,LEFT_MI
8979,35.07421875,-4.3742,-0.5683,-9.163,5.3971,2,LEFT_MI
8980,35.078125,-8.8075,-3.2722,-4.8521,10.9351,2,LEFT_MI
8981,35.08203125,-2.0475,-4.2283,-10.1659,6.2166,2,LEFT_MI
8982,35.0859375,-9.8465,-4.34,-11.3464,2.7259,2,LEFT_MI
8983,35.08984375,-4.4154,-6.542,-10.3716,4.2235,2,LEFT_MI
8984,35.09375,-0.9911,0.6643,-6.6193,4.8116,2,LEFT_MI
8985,35.09765625,-1.6417,0.6295,-3.4207,0.6216,2,LEFT_MI
8986,35.1015625,1.2804,4.5949,0.581,-0.9794,2,LEFT_MI
8987,35.10546875,5.3056,4.3267,0.6504,-0.5167,2,LEFT_MI
8988,35.109375,11.6938,7.3562,4.0838,-3.3151,2,LEFT_MI
8989,35.11328125,3.3629,7.8389,10.0802,-9.247,2,LEFT_MI
8990,35.1171875,6.7584,1.5951,6.5294,-5.4531,2,LEFT_MI
8991,35.12109375,9.2751,6.1801,4.3898,-3.443,2,LEFT_MI
8992,35.125,1.8108,2.8241,2.6023,-6.2025,2,LEFT_MI
8993,35.12890625,6.4763,0.6247,8.9401,-4.0998,2,LEFT_MI
8994,35.1328125,0.6754,-2.3735,6.6689,-6.667,2,LEFT_MI
8995,35.13671875,0.4014,-2.3772,-0.0503,0.7943,2,LEFT_MI
8996,35.140625,1.0827,-4.6108,1.5778,-4.5515,2,LEFT_MI
8997,35.14453125,3.3604,-3.9507,-1.6249,-3.2737,2,LEFT_MI
8998,35.1484375,4.5471,-1.0844,3.6361,4.1794,2,LEFT_MI
8999,35.15234375,6.9437,4.1667,0.6809,-0.7773,2,LEFT_MI
9000,35.15625,-1.2105,1.4255,8.1354,8.3215,2,LEFT_MI
9001,35.16015625,-0.747,3.4713,-1.6768,9.0639,2,LEFT_MI
9002,35.1640625,-3.6993,-0.4649,-1.279,8.2402,2,LEFT_MI
9003,35.16796875,-5.209,-0.3385,-2.8778,6.5216,2,LEFT_MI
9004,35.171875,-7.3007,0.6405,-1.1337,5.6963,2,LEFT_MI
9005,35.17578125,-5.2657,-7.1327,-7.4718,4.8334,2,LEFT_MI
9006,35.1796875,-8.0569,-2.6293,-5.8605,6.753,2,LEFT_MI
9007,35.18359375,-5.4009,-7.9825,-8.6391,2.3847,2,LEFT_MI
9008,35.1875,-2.4786,-5.6078,-4.5452,-0.1596,2,LEFT_MI
9009,35.19140625,-10.4542,1.3983,-7.682,-4.5945,2,LEFT_MI
9010,35.1953125,-8.1116,1.4211,-4.8874,2.2908,2,LEFT_MI
9011,35.19921875,-2.1641,-5.6399,-3.4862,-4.7063,2,LEFT_MI
9012,35.203125,-2.0606,3.679,0.7573,-1.0877,2,LEFT_MI
9013,35.20703125,6.2735,4.8363,8.7562,-2.9058,2,LEFT_MI
9014,35.2109375,9.5766,-0.2833,7.7629,-1.6803,2,LEFT_MI
9015,35.21484375,3.6979,5.1694,3.7226,-5.466,2,LEFT_MI
9016,35.21875,7.9434,8.4148,4.072,-5.053,2,LEFT_MI
9017,35.22265625,3.4555,-2.3833,6.8754,-2.612,2,LEFT_MI
9018,35.2265625,6.185,4.1013,8.3649,-2.7504,2,LEFT_MI
9019,35.23046875,4.888,1.8543,4.101,-4.7871,2,LEFT_MI
9020,35.234375,0.2616,-4.0935,-0.3169,-4.0426,2,LEFT_MI
9021,35.23828125,0.9696,2.1466,3.523,-5.0666,2,LEFT_MI
9022,35.2421875,1.8204,2.4698,2.8103,-0.3795,2,LEFT_MI
9023,35.24609375,1.0963,-2.6677,-1.8715,3.8675,2,LEFT_MI
9024,35.25,4.0863,-1.4245,-1.6479,2.0426,2,LEFT_MI
9025,35.25390625,2.5435,0.5826,-0.1581,10.1425,2,LEFT_MI
9026,35.2578125,3.0143,4.8964,2.8897,6.5008,2,LEFT_MI
9027,35.26171875,-6.1305,1.3378,2.6951,10.2823,2,LEFT_MI
9028,35.265625,1.8365,-2.848,5.0466,6.238,2,LEFT_MI
9029,35.26953125,-7.6115,-3.0508,-4.1641,8.4315,2,LEFT_MI
9030,35.2734375,-2.6649,-1.9586,-2.7793,2.2812,2,LEFT_MI
9031,35.27734375,-3.7307,-0.6916,-7.2138,0.6615,2,LEFT_MI
9032,35.28125,-11.305,-8.7304,-6.7364,-1.6407,2,LEFT_MI
9033,35.28515625,-7.6916,-3.8905,-8.0593,-0.2496,2,LEFT_MI
9034,35.2890625,-13.3027,-4.8888,-9.9002,-1.5882,2,LEFT_MI
9035,35.29296875,2.17,-9.1957,-4.2825,-8.778,2,LEFT_MI
9036,35.296875,-2.5185,3.4584,-4.1353,-4.5742,2,LEFT_MI
9037,35.30078125,-0.7686,6.3905,-4.7349,-5.4773,2,LEFT_MI
9038,35.3046875,3.7827,13.6361,-1.1939,-1.9486,2,LEFT_MI
9039,35.30859375,6.316,5.5201,4.9122,-7.9698,2,LEFT_MI
9040,35.3125,4.8664,8.4035,8.5448,-3.6186,2,LEFT_MI
9041,35.31640625,6.3591,1.3094,7.9102,-2.0949,2,LEFT_MI
9042,35.3203125,8.6503,3.1132,3.5948,-2.6963,2,LEFT_MI
9043,35.32421875,3.7374,3.6764,7.7504,-7.6469,2,LEFT_MI
9044,35.328125,12.3772,1.963,11.4393,-4.7501,2,LEFT_MI
9045,35.33203125,-2.0483,1.4187,4.5689,-2.2469,2,LEFT_MI
9046,35.3359375,0.4289,-0.1121,2.2616,2.765,2,LEFT_MI
9047,35.33984375,-4.9185,0.3406,5.0549,-3.6238,2,LEFT_MI
9048,35.34375,1.1615,-4.8827,6.291,2.0299,2,LEFT_MI
9049,35.34765625,1.6381,-5.0709,-0.3899,-1.1339,2,LEFT_MI
9050,35.3515625,1.9215,-0.5278,3.3347,10.0999,2,LEFT_MI
9051,35.35546875,-0.0001,1.0253,1.3521,3.264,2,LEFT_MI
9052,35.359375,1.9837,-0.8745,-2.849,11.8015,2,LEFT_MI
9053,35.36328125,-1.5859,-1.0904,-0.7489,12.1372,2,LEFT_MI
9054,35.3671875,-2.2711,-2.6347,-1.9476,8.8485,2,LEFT_MI
9055,35.37109375,-6.0258,0.8778,3.2939,0.6057,2,LEFT_MI
9056,35.375,-5.0047,-7.052,1.5016,1.5992,2,LEFT_MI
9057,35.37890625,-5.7171,-3.3441,-5.2879,-6.4988,2,LEFT_MI
9058,35.3828125,-12.9024,-1.7714,-4.9573,2.1265,2,LEFT_MI
9059,35.38671875,-8.6112,-5.1023,-2.2383,-8.6312,2,LEFT_MI
9060,35.390625,-6.7009,2.6467,-6.9934,-0.1328,2,LEFT_MI
9061,35.39453125,-5.4446,-2.3437,-9.0676,-13.2039,2,LEFT_MI
9062,35.3984375,3.1182,2.1888,-8.7511,-2.853,2,LEFT_MI
9063,35.40234375,3.0936,1.246,-2.9235,-1.7907,2,LEFT_MI
9064,35.40625,-0.0508,3.5426,2.3119,-2.5927,2,LEFT_MI
9065,35.41015625,6.6048,5.1682,6.0711,4.5411,2,LEFT_MI
9066,35.4140625,5.4627,1.6813,3.6441,-4.607,2,LEFT_MI
9067,35.41796875,6.6311,2.1007,7.3586,-1.4314,2,LEFT_MI
9068,35.421875,5.1764,0.9892,7.5049,-5.7173,2,LEFT_MI
9069,35.42578125,1.2039,1.5805,3.6395,3.492,2,LEFT_MI
9070,35.4296875,3.5203,1.5439,8.2411,-7.5766,2,LEFT_MI
9071,35.43359375,8.1645,-2.357,8.4321,-3.1126,2,LEFT_MI
9072,35.4375,0.7678,-5.3245,4.9739,-1.9947,2,LEFT_MI
9073,35.44140625,-3.0323,-4.5132,6.5051,1.5388,2,LEFT_MI
9074,35.4453125,-5.8485,-0.9157,-1.9724,2.7811,2,LEFT_MI
9075,35.44921875,1.8164,-2.9248,4.3178,6.1451,2,LEFT_MI
9076,35.453125,1.6717,2.6278,3.2871,5.9796,2,LEFT_MI
9077,35.45703125,4.2269,3.2686,4.2235,6.9529,2,LEFT_MI
9078,35.4609375,2.4726,-6.085,-1.3159,12.1523,2,LEFT_MI
9079,35.46484375,-2.9155,-4.1721,1.0746,3.3924,2,LEFT_MI
9080,35.46875,-2.7541,4.4327,-2.0209,10.9711,2,LEFT_MI
9081,35.47265625,-6.8111,7.4439,-2.9442,1.1491,2,LEFT_MI
9082,35.4765625,-6.1086,2.3738,-5.337,-4.9537,2,LEFT_MI
9083,35.48046875,-6.3687,-1.0013,-9.9688,-5.2239,2,LEFT_MI
9084,35.484375,-5.5795,-7.5856,-10.5561,-4.5852,2,LEFT_MI
9085,35.48828125,-6.3505,-7.5884,-11.3257,-6.0483,2,LEFT_MI
9086,35.4921875,-4.9509,3.048,-8.9276,-6.4105,2,LEFT_MI
9087,35.49609375,-6.714,2.6847,-14.2623,-12.0712,2,LEFT_MI
9088,35.5,4.8535,-1.253,-5.6425,-1.3771,2,LEFT_MI
9089,35.50390625,4.2226,3.3281,-2.9872,-5.5962,2,LEFT_MI
9090,35.5078125,7.5421,-4.153,4.6674,1.941,2,LEFT_MI
9091,35.51171875,9.7553,7.203,3.5101,-0.964,2,LEFT_MI
9092,35.515625,9.9374,6.7854,6.1175,5.4406,2,LEFT_MI
9093,35.51953125,8.549,7.7709,6.9335,-0.2116,2,LEFT_MI
9094,35.5234375,7.1216,1.1154,2.5002,0.0737,2,LEFT_MI
9095,35.52734375,10.3587,5.5017,2.3048,1.7395,2,LEFT_MI
9096,35.53125,4.5332,5.115,3.3881,1.876,2,LEFT_MI
9097,35.53515625,3.0041,-3.077,4.3751,4.2272,2,LEFT_MI
9098,35.5390625,-0.9931,-9.4977,5.5116,-2.1088,2,LEFT_MI
9099,35.54296875,-3.0885,-7.7714,2.4796,8.2314,2,LEFT_MI
9100,35.546875,4.214,-0.149,4.5483,-2.4704,2,LEFT_MI
9101,35.55078125,-4.1415,-0.1258,10.3145,4.8805,2,LEFT_MI
9102,35.5546875,-3.3787,0.3216,-0.5471,7.5744,2,LEFT_MI
9103,35.55859375,-3.8526,-0.8444,0.71,5.8277,2,LEFT_MI
9104,35.5625,-6.2272,-1.7858,-0.6942,4.5628,2,LEFT_MI
9105,35.56640625,-2.1968,-5.1017,0.1461,7.7211,2,LEFT_MI
9106,35.5703125,-2.7656,-3.0846,1.5689,3.9999,2,LEFT_MI
9107,35.57421875,-2.2072,-6.365,-0.8581,-2.0528,2,LEFT_MI
9108,35.578125,-8.3356,-2.741,-6.8423,-2.7755,2,LEFT_MI
9109,35.58203125,-9.8921,-0.6467,-2.8578,-4.3549,2,LEFT_MI
9110,35.5859375,-3.2299,-2.2525,-9.579,-6.0052,2,LEFT_MI
9111,35.58984375,-8.2758,-3.5155,-6.6963,-6.3018,2,LEFT_MI
9112,35.59375,-2.5862,0.2779,-10.6588,-7.2083,2,LEFT_MI
9113,35.59765625,-5.8715,1.3225,-2.1809,-7.0335,2,LEFT_MI
9114,35.6015625,-2.2295,2.628,-6.2214,-2.9557,2,LEFT_MI
9115,35.60546875,5.0955,0.4605,-7.2425,-3.1631,2,LEFT_MI
9116,35.609375,4.4933,4.3745,4.7835,-1.899,2,LEFT_MI
9117,35.61328125,6.0354,4.7995,3.8035,3.1324,2,LEFT_MI
9118,35.6171875,8.6358,6.7455,6.3321,3.102,2,LEFT_MI
9119,35.62109375,7.8607,0.6012,5.0952,4.2419,2,LEFT_MI
9120,35.625,4.6336,2.6099,3.9368,-3.2133,2,LEFT_MI
9121,35.62890625,5.5825,-3.0485,8.8013,-1.5937,2,LEFT_MI
9122,35.6328125,2.2899,-4.0582,0.4654,1.595,2,LEFT_MI
9123,35.63671875,6.5967,-4.0435,4.5026,3.3273,2,LEFT_MI
9124,35.640625,-1.6261,-4.0285,1.1744,5.3558,2,LEFT_MI
9125,35.64453125,-4.8239,3.6767,5.2502,8.3411,2,LEFT_MI
9126,35.6484375,-1.9369,1.9761,3.2372,9.2241,2,LEFT_MI
9127,35.65234375,0.0312,-3.6394,3.4228,7.8013,2,LEFT_MI
9128,35.65625,-1.5264,-0.4401,6.4087,2.3672,2,LEFT_MI
9129,35.66015625,-2.908,0.4258,2.1859,3.3523,2,LEFT_MI
9130,35.6640625,-3.3647,-2.4701,6.6986,1.472,2,LEFT_MI
9131,35.66796875,4.721,-0.0138,5.4187,0.0522,2,LEFT_MI
9132,35.671875,-2.9171,-1.2339,4.3306,-3.0979,2,LEFT_MI
9133,35.67578125,-8.2934,1.1084,1.144,-9.7761,2,LEFT_MI
9134,35.6796875,-9.7059,2.8092,-3.2625,-14.3609,2,LEFT_MI
9135,35.68359375,-8.7135,-3.1998,-11.7953,-4.1976,2,LEFT_MI
9136,35.6875,-2.4133,-4.5788,-6.6222,-11.9629,2,LEFT_MI
9137,35.69140625,-3.8835,-2.1304,-5.7031,-11.203,2,LEFT_MI
9138,35.6953125,-1.7311,1.0153,-12.0842,-6.6681,2,LEFT_MI
9139,35.69921875,5.9987,5.076,-4.0919,-7.7199,2,LEFT_MI
9140,35.703125,4.5408,7.0721,-1.8493,-2.6458,2,LEFT_MI
9141,35.70703125,6.9167,3.6597,-2.1329,0.6555,2,LEFT_MI
9142,35.7109375,9.7853,10.897,4.787,3.841,2,LEFT_MI
9143,35.71484375,1.9506,7.6783,2.2145,7.0378,2,LEFT_MI
9144,35.71875,7.9955,3.1782,3.0784,3.3053,2,LEFT_MI
9145,35.72265625,7.6275,3.886,-1.5447,8.8728,2,LEFT_MI
9146,35.7265625,6.1604,0.7247,3.0298,2.4634,2,LEFT_MI
9147,35.73046875,1.8164,3.5459,0.8455,7.8216,2,LEFT_MI
9148,35.734375,-1.2549,1.4029,0.7221,4.3495,2,LEFT_MI
9149,35.73828125,1.4912,-1.3651,0.8753,0.0164,2,LEFT_MI
9150,35.7421875,2.5174,-7.9927,5.9366,0.4315,2,LEFT_MI
9151,35.74609375,-3.5311,-7.3813,4.944,0.4828,2,LEFT_MI
9152,35.75,1.14,-3.1915,3.5994,-2.3298,2,LEFT_MI
9153,35.75390625,-1.168,1.7518,8.1705,-0.5159,2,LEFT_MI
9154,35.7578125,2.1577,3.3058,1.5672,5.0342,2,LEFT_MI
9155,35.76171875,-2.4758,2.0453,-1.8991,5.4681,2,LEFT_MI
9156,35.765625,-0.5881,-3.0087,0.8961,-0.4374,2,LEFT_MI
9157,35.76953125,-7.8692,-2.0965,3.587,-3.6456,2,LEFT_MI
9158,35.7734375,-5.1736,-0.3943,-1.7277,-2.5995,2,LEFT_MI
9159,35.77734375,-6.1272,-3.2539,-2.8648,-5.803,2,LEFT_MI
9160,35.78125,-11.3943,-1.1623,-10.7429,-5.8444,2,LEFT_MI
9161,35.78515625,-8.9637,-2.5033,-8.7234,-12.9568,2,LEFT_MI
9162,35.7890625,-5.2971,-1.7033,-10.629,-13.2644,2,LEFT_MI
9163,35.79296875,-5.2177,-4.1833,-6.485,-9.9616,2,LEFT_MI
9164,35.796875,-3.4322,-3.7415,-10.1136,-1.693,2,LEFT_MI
9165,35.80078125,1.1189,-0.5153,-3.3621,-8.0896,2,LEFT_MI
9166,35.8046875,8.8181,2.1923,-4.0738,5.7153,2,LEFT_MI
9167,35.80859375,4.3069,7.2479,-0.9394,5.9779,2,LEFT_MI
9168,35.8125,4.9591,7.1852,0.137,7.5792,2,LEFT_MI
9169,35.81640625,12.2122,-1.5207,-1.7796,0.3624,2,LEFT_MI
9170,35.8203125,7.7271,0.5791,0.9035,3.1849,2,LEFT_MI
9171,35.82421875,1.1995,2.6854,2.0537,7.4161,2,LEFT_MI
9172,35.828125,3.4953,1.3651,9.4936,8.8188,2,LEFT_MI
9173,35.83203125,-0.7176,-4.8061,6.3674,-1.1041,2,LEFT_MI
9174,35.8359375,5.6439,-5.6821,-0.0355,1.1247,2,LEFT_MI
9175,35.83984375,-0.0734,-0.8172,6.8967,3.4177,2,LEFT_MI
9176,35.84375,-2.6429,-0.6415,2.8926,6.2645,2,LEFT_MI
9177,35.84765625,-4.8963,-1.0316,2.4361,4.743,2,LEFT_MI
9178,35.8515625,3.247,1.0645,5.4075,6.1678,2,LEFT_MI
9179,35.85546875,0.4441,4.6019,6.879,6.1939,2,LEFT_MI
9180,35.859375,-2.5371,-4.1578,3.2293,-2.5789,2,LEFT_MI
9181,35.86328125,-2.8608,0.2639,8.3399,2.4399,2,LEFT_MI
9182,35.8671875,-5.0837,-3.7723,-1.2789,1.6238,2,LEFT_MI
9183,35.87109375,-7.2936,3.8553,0.1164,-2.5208,2,LEFT_MI
9184,35.875,-14.247,-0.2445,-5.486,-9.6806,2,LEFT_MI
9185,35.87890625,-8.5484,-4.6623,-4.0187,-2.9005,2,LEFT_MI
9186,35.8828125,-5.901,-0.3778,-9.5591,-6.5778,2,LEFT_MI
9187,35.88671875,-11.7748,-3.2573,-7.6899,-12.2462,2,LEFT_MI
9188,35.890625,-4.1926,-0.7866,-10.4122,-7.921,2,LEFT_MI
9189,35.89453125,-1.2595,1.075,-12.7337,-5.4194,2,LEFT_MI
9190,35.8984375,-1.729,-2.1998,-6.8511,-4.9193,2,LEFT_MI
9191,35.90234375,0.5134,1.2557,-9.0037,0.0044,2,LEFT_MI
9192,35.90625,1.4689,2.0492,-6.1409,2.8235,2,LEFT_MI
9193,35.91015625,2.573,4.7542,-0.9271,0.5471,2,LEFT_MI
9194,35.9140625,8.3271,-1.9486,2.6682,6.9618,2,LEFT_MI
9195,35.91796875,3.9464,4.4909,4.3738,7.0674,2,LEFT_MI
9196,35.921875,2.875,3.2256,0.6631,7.2786,2,LEFT_MI
9197,35.92578125,5.5245,-1.9449,-4.3907,3.7004,2,LEFT_MI
9198,35.9296875,1.3354,3.7433,4.3669,5.5278,2,LEFT_MI
9199,35.93359375,2.4944,-4.4384,2.182,5.4226,2,LEFT_MI
9200,35.9375,6.8996,-8.1646,2.893,-0.5302,2,LEFT_MI
9201,35.94140625,7.904,-5.1374,4.2668,-3.9116,2,LEFT_MI
9202,35.9453125,0.3355,-2.0572,1.7168,4.1145,2,LEFT_MI
9203,35.94921875,2.8757,-8.3112,3.6861,-0.3473,2,LEFT_MI
9204,35.953125,-3.7504,3.1464,2.8581,-1.2288,2,LEFT_MI
9205,35.95703125,-3.6981,-1.6554,12.0475,-1.5222,2,LEFT_MI
9206,35.9609375,2.2606,2.9337,6.2449,0.4877,2,LEFT_MI
9207,35.96484375,-1.9455,-3.4663,3.325,1.7112,2,LEFT_MI
9208,35.96875,-5.252,1.649,1.2271,1.6872,2,LEFT_MI
9209,35.97265625,-2.1528,3.9177,-4.8323,-3.5046,2,LEFT_MI
9210,35.9765625,-9.1874,-0.5251,-2.0046,-10.1696,2,LEFT_MI
9211,35.98046875,-5.7845,-6.7743,-3.8504,-11.3368,2,LEFT_MI
9212,35.984375,-7.8942,-3.802,-6.4379,-7.02,2,LEFT_MI
9213,35.98828125,-2.9674,-3.0897,-11.0434,-7.8309,2,LEFT_MI
9214,35.9921875,-7.6468,-6.3672,-9.3464,-9.1932,2,LEFT_MI
9215,35.99609375,-4.3773,-1.4623,-7.5678,-1.6523,2,LEFT_MI
9216,36.0,2.2007,0.1489,-0.4909,-1.7549,2,LEFT_MI
9217,36.00390625,4.4475,4.7246,-5.7602,1.4612,2,LEFT_MI
9218,36.0078125,2.8888,6.6489,-2.9852,3.3061,2,LEFT_MI
9219,36.01171875,3.213,2.8982,0.5345,6.7638,2,LEFT_MI
9220,36.015625,7.9365,4.4527,-0.2291,6.0489,2,LEFT_MI
9221,36.01953125,4.2324,5.1614,5.2127,5.6464,2,LEFT_MI
9222,36.0234375,10.2141,0.7724,-2.6984,6.843,2,LEFT_MI
9223,36.02734375,0.7425,0.6896,6.0353,10.117,2,LEFT_MI
9224,36.03125,9.0772,-0.6038,4.3877,4.6443,2,LEFT_MI
9225,36.03515625,-3.1051,-4.4153,-2.6247,-1.6557,2,LEFT_MI
9226,36.0390625,3.1232,-7.2772,6.4824,-0.871,2,LEFT_MI
9227,36.04296875,-0.6264,-5.7666,2.8849,1.613,2,LEFT_MI
9228,36.046875,1.0842,-6.0333,3.1576,2.9425,2,LEFT_MI
9229,36.05078125,-0.1819,3.916,5.5025,2.8759,2,LEFT_MI
9230,36.0546875,-0.6875,0.0995,6.2761,0.0417,2,LEFT_MI
9231,36.05859375,4.0272,-0.6933,8.5292,-3.1167,2,LEFT_MI
9232,36.0625,-1.3929,2.7053,10.6543,-6.8955,2,LEFT_MI
9233,36.06640625,-5.2957,-0.8758,3.4281,-5.6499,2,LEFT_MI
9234,36.0703125,-3.6221,-0.5685,3.9705,-6.0351,2,LEFT_MI
9235,36.07421875,-12.627,-2.2403,-1.939,-4.2344,2,LEFT_MI
9236,36.078125,-6.8766,0.1403,-0.9564,-3.7908,2,LEFT_MI
9237,36.08203125,-7.2192,-0.1192,-4.416,-4.73,2,LEFT_MI
9238,36.0859375,-13.1209,-5.1199,-8.5694,-3.6637,2,LEFT_MI
9239,36.08984375,-12.0412,1.3523,-8.9495,-8.9093,2,LEFT_MI
9240,36.09375,-6.5321,-0.9613,-11.2035,3.0907,2,LEFT_MI
9241,36.09765625,0.281,0.5392,-4.5362,-6.3329,2,LEFT_MI
9242,36.1015625,2.5233,-0.9589,0.8135,0.3456,2,LEFT_MI
9243,36.10546875,4.7661,4.8938,-3.5719,4.5245,2,LEFT_MI
9244,36.109375,2.7084,-1.575,-0.6253,3.9521,2,LEFT_MI
9245,36.11328125,12.6333,1.5799,3.1053,6.381,2,LEFT_MI
9246,36.1171875,9.8933,7.6635,0.6125,7.3579,2,LEFT_MI
9247,36.12109375,10.5034,5.1737,2.8183,6.7119,2,LEFT_MI
9248,36.125,11.1049,-0.2762,0.2623,10.6253,2,LEFT_MI
9249,36.12890625,3.1661,-6.3468,0.2122,0.8158,2,LEFT_MI
9250,36.1328125,3.2909,-0.552,3.9798,2.9015,2,LEFT_MI
9251,36.13671875,0.0489,-5.6317,1.9483,-0.4053,2,LEFT_MI
9252,36.140625,5.5938,-3.2976,-1.9416,-4.8619,2,LEFT_MI
9253,36.14453125,3.6647,-0.8901,8.0641,-0.6933,2,LEFT_MI
9254,36.1484375,-2.7544,-3.444,5.4221,-2.4091,2,LEFT_MI
9255,36.15234375,-3.5241,-4.2206,7.8646,-4.078,2,LEFT_MI
9256,36.15625,-0.4788,3.4634,14.8634,-4.1186,2,LEFT_MI
9257,36.16015625,-6.9419,2.9309,5.8195,1.5321,2,LEFT_MI
9258,36.1640625,0.3739,0.4277,5.4405,-5.0257,2,LEFT_MI
9259,36.16796875,-6.2559,-0.9363,5.1243,-5.4039,2,LEFT_MI
9260,36.171875,-0.5983,2.4308,-1.1491,-3.9964,2,LEFT_MI
9261,36.17578125,-8.9126,0.0733,-4.4934,2.1739,2,LEFT_MI
9262,36.1796875,-4.4783,-1.71,-9.0601,-6.8548,2,LEFT_MI
9263,36.18359375,-5.3977,-0.1826,-8.9442,-6.8275,2,LEFT_MI
9264,36.1875,-6.7828,-1.0184,-14.1826,-6.4681,2,LEFT_MI
9265,36.19140625,-2.668,-0.1756,-3.4711,0.5203,2,LEFT_MI
9266,36.1953125,0.6008,2.7508,-5.5528,1.572,2,LEFT_MI
9267,36.19921875,-2.6572,1.0749,-6.7239,2.3006,2,LEFT_MI
9268,36.203125,8.2706,-3.3274,-5.7619,-0.8322,2,LEFT_MI
9269,36.20703125,7.6955,-0.4525,-1.1843,2.7203,2,LEFT_MI
9270,36.2109375,4.4191,0.5047,-3.2739,6.9855,2,LEFT_MI
9271,36.21484375,8.6855,8.1735,5.8239,8.4097,2,LEFT_MI
9272,36.21875,7.827,2.6802,-2.5026,10.3994,2,LEFT_MI
9273,36.22265625,6.4361,4.7721,0.5581,7.6365,2,LEFT_MI
9274,36.2265625,8.8282,-6.0735,2.4636,1.5642,2,LEFT_MI
9275,36.23046875,-4.6763,-1.1734,5.2189,-4.4426,2,LEFT_MI
9276,36.234375,3.8372,-3.0558,-3.3657,-5.821,2,LEFT_MI
9277,36.23828125,4.0566,-5.7192,6.4179,-5.1744,2,LEFT_MI
9278,36.2421875,1.0566,2.9441,0.7346,-2.8566,2,LEFT_MI
9279,36.24609375,-1.9753,-9.2562,5.6367,-1.4688,2,LEFT_MI
9280,36.25,3.5958,-4.7836,8.7255,-4.0427,2,LEFT_MI
9281,36.25390625,-4.1469,-1.8638,9.9239,-8.5394,2,LEFT_MI
9282,36.2578125,-1.0035,-1.0647,4.0521,-7.5807,2,LEFT_MI
9283,36.26171875,-2.8429,4.5267,10.4655,-5.0401,2,LEFT_MI
9284,36.265625,-0.5144,-0.5968,11.5344,-0.9373,2,LEFT_MI
9285,36.26953125,-5.4617,3.8682,5.3952,0.1769,2,LEFT_MI
9286,36.2734375,-7.738,1.796,2.1633,-1.2887,2,LEFT_MI
9287,36.27734375,-8.957,4.4178,-1.0624,-1.2418,2,LEFT_MI
9288,36.28125,-11.3196,2.1941,-9.3491,-5.6315,2,LEFT_MI
9289,36.28515625,-10.8366,-5.185,-6.9472,-0.6277,2,LEFT_MI
9290,36.2890625,-7.859,-4.2999,-5.8133,-1.7251,2,LEFT_MI
9291,36.29296875,-5.4441,2.7773,-6.4227,2.9052,2,LEFT_MI
9292,36.296875,-2.4837,4.5424,-1.6186,1.9778,2,LEFT_MI
9293,36.30078125,-2.8065,2.1715,-2.0867,4.5221,2,LEFT_MI
9294,36.3046875,1.7371,3.9111,-1.7797,0.7547,2,LEFT_MI
9295,36.30859375,3.5789,7.3802,-5.3259,14.804,2,LEFT_MI
9296,36.3125,8.1663,4.0928,-5.4919,17.0744,2,LEFT_MI
9297,36.31640625,9.9224,7.9957,-2.3449,10.4611,2,LEFT_MI
9298,36.3203125,16.5822,3.1459,-1.3528,9.6832,2,LEFT_MI
9299,36.32421875,12.9437,-1.4906,7.0589,0.2191,2,LEFT_MI
9300,36.328125,2.9012,-4.4041,-0.9572,6.5531,2,LEFT_MI
9301,36.33203125,-0.8632,-4.1261,1.7796,-0.5156,2,LEFT_MI
9302,36.3359375,3.1978,1.234,4.0868,-0.4807,2,LEFT_MI
9303,36.33984375,0.0263,-4.358,6.1788,-4.2847,2,LEFT_MI
9304,36.34375,-3.0279,-7.9749,2.536,-9.0894,2,LEFT_MI
9305,36.34765625,-2.6718,-5.6541,1.3685,-7.1617,2,LEFT_MI
9306,36.3515625,-0.4857,-0.7617,3.9028,-3.4996,2,LEFT_MI
9307,36.35546875,4.2117,5.1274,7.3597,-0.7397,2,LEFT_MI
9308,36.359375,-4.1323,5.8695,4.9359,-2.7225,2,LEFT_MI
9309,36.36328125,6.2161,-2.9549,7.0883,-4.2959,2,LEFT_MI
9310,36.3671875,-0.7427,1.3871,10.667,-1.6405,2,LEFT_MI
9311,36.37109375,-5.3172,1.3031,-2.3107,-7.2783,2,LEFT_MI
9312,36.375,-0.48,1.485,8.8804,-1.1589,2,LEFT_MI
9313,36.37890625,-3.3004,-3.0694,0.175,-8.3049,2,LEFT_MI
9314,36.3828125,-6.9196,0.1004,-3.1556,-1.2133,2,LEFT_MI
9315,36.38671875,-6.9353,0.9859,-7.9822,0.1713,2,LEFT_MI
9316,36.390625,-3.6969,1.0836,-10.7759,-3.2094,2,LEFT_MI
9317,36.39453125,-6.665,0.8121,-8.5895,0.421,2,LEFT_MI
9318,36.3984375,-4.786,1.0479,-6.8797,5.5096,2,LEFT_MI
9319,36.40234375,0.0612,2.1816,-7.4753,10.2508,2,LEFT_MI
9320,36.40625,6.4421,-2.4518,-3.8851,3.3941,2,LEFT_MI
9321,36.41015625,2.1911,5.3665,-1.2347,6.2272,2,LEFT_MI
9322,36.4140625,11.8955,13.0966,-0.2674,8.0813,2,LEFT_MI
9323,36.41796875,7.4914,3.0575,-3.3902,3.8197,2,LEFT_MI
9324,36.421875,5.3187,5.2631,1.2008,4.0082,2,LEFT_MI
9325,36.42578125,7.8657,-2.9141,2.6569,4.0632,2,LEFT_MI
9326,36.4296875,10.4993,-2.9634,2.5436,-0.1219,2,LEFT_MI
9327,36.43359375,3.9006,-1.7478,-4.7813,-4.4992,2,LEFT_MI
9328,36.4375,4.0382,-5.9104,0.7155,-2.6699,2,LEFT_MI
9329,36.44140625,4.129,-7.7021,2.2388,-5.9788,2,LEFT_MI
9330,36.4453125,0.4904,-2.7503,1.9752,-6.6625,2,LEFT_MI
9331,36.44921875,-1.9674,-5.5814,2.7005,-6.1764,2,LEFT_MI
9332,36.453125,-0.0637,2.2735,9.9723,-2.6729,2,LEFT_MI
9333,36.45703125,2.2603,3.5476,3.1669,-1.8039,2,LEFT_MI
9334,36.4609375,-7.5325,4.1806,6.0811,-6.05,2,LEFT_MI
9335,36.46484375,-6.7325,-0.4692,9.925,-1.7525,2,LEFT_MI
9336,36.46875,-5.5579,6.0101,5.8887,-0.4781,2,LEFT_MI
9337,36.47265625,-3.5722,-4.189,9.8965,-2.6752,2,LEFT_MI
9338,36.4765625,-3.8277,-2.3056,0.0339,-1.6497,2,LEFT_MI
9339,36.48046875,-3.9159,1.1947,2.5258,4.7071,2,LEFT_MI
9340,36.484375,-3.8765,-4.0631,3.9915,1.0757,2,LEFT_MI
9341,36.48828125,-0.8388,-5.6719,-6.333,2.0359,2,LEFT_MI
9342,36.4921875,-8.5354,2.7738,-1.8663,6.4237,2,LEFT_MI
9343,36.49609375,0.909,2.6318,-8.5638,7.7103,2,LEFT_MI
9344,36.5,4.1048,3.7763,-11.3476,1.626,2,LEFT_MI
9345,36.50390625,1.0925,4.4818,-5.8876,13.713,2,LEFT_MI
9346,36.5078125,5.8223,2.533,-3.3199,10.1916,2,LEFT_MI
9347,36.51171875,8.2891,1.4571,-4.4243,8.439,2,LEFT_MI
9348,36.515625,0.3853,4.9706,0.6461,3.7494,2,LEFT_MI
9349,36.51953125,6.4722,6.6174,5.5047,-1.3807,2,LEFT_MI
9350,36.5234375,6.1051,2.4876,2.703,0.045,2,LEFT_MI
9351,36.52734375,5.1868,-4.171,0.6058,-6.5773,2,LEFT_MI
9352,36.53125,2.7789,-1.7652,-1.4239,-10.4182,2,LEFT_MI
9353,36.53515625,2.746,-3.452,-7.3997,-7.7482,2,LEFT_MI
9354,36.5390625,0.3639,-7.2097,-1.5535,-6.7507,2,LEFT_MI
9355,36.54296875,-2.1864,-2.3783,2.4044,-4.7203,2,LEFT_MI
9356,36.546875,0.3776,0.1277,3.6805,-9.1568,2,LEFT_MI
9357,36.55078125,1.4307,-4.0887,3.0582,-8.9567,2,LEFT_MI
9358,36.5546875,4.209,-2.3952,12.637,1.9033,2,LEFT_MI
9359,36.55859375,0.5705,0.3428,6.1594,2.0311,2,LEFT_MI
9360,36.5625,-5.5661,2.4285,11.3921,3.7276,2,LEFT_MI
9361,36.56640625,-8.6736,3.4673,6.5004,1.3952,2,LEFT_MI
9362,36.5703125,-7.5602,0.3188,9.3316,0.0145,2,LEFT_MI
9363,36.57421875,-6.3878,4.1279,2.7025,-0.4677,2,LEFT_MI
9364,36.578125,-11.7261,0.9376,-1.039,1.9238,2,LEFT_MI
9365,36.58203125,-6.1879,3.7687,1.4876,1.0203,2,LEFT_MI
9366,36.5859375,-10.0185,3.1129,-2.5285,1.8375,2,LEFT_MI
9367,36.58984375,-8.6,0.7139,-6.8592,2.3161,2,LEFT_MI
9368,36.59375,-2.488,-0.9605,-8.5552,3.0642,2,LEFT_MI
9369,36.59765625,-4.402,-3.2426,-4.0634,9.8371,2,LEFT_MI
9370,36.6015625,0.3428,7.2243,-6.6678,6.1848,2,LEFT_MI
9371,36.60546875,2.409,3.8327,-7.1351,8.0974,2,LEFT_MI
9372,36.609375,6.8199,4.2138,-2.9486,2.1337,2,LEFT_MI
9373,36.61328125,5.1888,6.8761,1.5517,6.9755,2,LEFT_MI
9374,36.6171875,9.8344,-0.1948,-1.8749,6.467,2,LEFT_MI
9375,36.62109375,9.7424,-0.0095,1.2374,0.1847,2,LEFT_MI
9376,36.625,4.193,0.709,-3.5765,-1.8187,2,LEFT_MI
9377,36.62890625,3.7642,-3.3965,1.4683,-10.4508,2,LEFT_MI
9378,36.6328125,3.0183,-8.9407,-6.739,-8.8831,2,LEFT_MI
9379,36.63671875,1.5246,-6.7818,-2.5024,-3.6947,2,LEFT_MI
9380,36.640625,4.1449,-7.1503,-1.1828,-5.9929,2,LEFT_MI
9381,36.64453125,-2.5353,-6.0947,2.4436,-7.2675,2,LEFT_MI
9382,36.6484375,2.8276,1.2192,4.425,-5.0431,2,LEFT_MI
9383,36.65234375,-4.0883,-0.3887,10.1068,-6.1892,2,LEFT_MI
9384,36.65625,1.3523,5.9166,5.53,-0.9561,2,LEFT_MI
9385,36.66015625,-0.4934,2.6284,2.1388,-1.4416,2,LEFT_MI
9386,36.6640625,2.0492,-2.0977,6.3779,4.4633,2,LEFT_MI
9387,36.66796875,-4.1333,-0.5297,6.7652,-0.7001,2,LEFT_MI
9388,36.671875,3.339,1.1182,4.0341,-0.825,2,LEFT_MI
9389,36.67578125,-7.1504,3.7719,-2.4447,7.5199,2,LEFT_MI
9390,36.6796875,-10.684,5.3817,-3.4565,2.8781,2,LEFT_MI
9391,36.68359375,-6.3995,1.2983,-3.646,4.0739,2,LEFT_MI
9392,36.6875,-9.1782,-2.4364,-4.6684,-1.8648,2,LEFT_MI
9393,36.69140625,-5.9027,-5.2585,-6.9828,7.0632,2,LEFT_MI
9394,36.6953125,-5.7767,0.3088,-5.1129,1.6015,2,LEFT_MI
9395,36.69921875,4.5849,1.0729,-8.6721,-3.1345,2,LEFT_MI
9396,36.703125,3.3191,6.3759,-0.9135,9.1953,2,LEFT_MI
9397,36.70703125,1.5762,4.6633,-0.7582,0.9366,2,LEFT_MI
9398,36.7109375,13.4394,2.4272,-1.6279,-0.3372,2,LEFT_MI
9399,36.71484375,8.1191,5.4909,-1.2465,7.4937,2,LEFT_MI
9400,36.71875,5.9089,0.7317,-6.0272,1.7029,2,LEFT_MI
9401,36.72265625,6.7133,-1.4923,4.8081,2.5662,2,LEFT_MI
9402,36.7265625,3.2192,-4.2377,-3.7287,-4.3796,2,LEFT_MI
9403,36.73046875,3.49,-8.8026,-5.498,-3.6906,2,LEFT_MI
9404,36.734375,3.9093,-5.2574,-0.2386,-12.11,2,LEFT_MI
9405,36.73828125,5.3206,-5.5944,-6.1967,-9.2211,2,LEFT_MI
9406,36.7421875,-6.3765,-4.8196,-2.8218,-11.3007,2,LEFT_MI
9407,36.74609375,-2.7358,-8.5178,2.1159,-6.1477,2,LEFT_MI
9408,36.75,0.6934,3.0209,4.5822,-6.3404,2,LEFT_MI
9409,36.75390625,-2.7628,-1.7649,7.1866,1.3249,2,LEFT_MI
9410,36.7578125,-1.1849,4.3187,9.4919,2.6186,2,LEFT_MI
9411,36.76171875,-4.9418,6.8632,7.8532,1.2592,2,LEFT_MI
9412,36.765625,0.1357,4.7342,7.9199,7.6703,2,LEFT_MI
9413,36.76953125,-7.2944,-0.3193,5.5975,4.4485,2,LEFT_MI
9414,36.7734375,-9.8858,1.7889,1.8474,4.4973,2,LEFT_MI
9415,36.77734375,-9.6743,1.2635,2.7668,6.1572,2,LEFT_MI
9416,36.78125,-12.6385,1.5449,0.7073,6.2252,2,LEFT_MI
9417,36.78515625,-11.5844,-7.7641,-6.1421,1.8674,2,LEFT_MI
9418,36.7890625,-4.0535,-6.1645,-2.3126,0.3141,2,LEFT_MI
9419,36.79296875,-7.5265,-0.4504,-5.8828,6.3346,2,LEFT_MI
9420,36.796875,-5.0053,-0.2947,-5.3398,4.4839,2,LEFT_MI
9421,36.80078125,6.5378,1.6689,-3.3609,2.5609,2,LEFT_MI
9422,36.8046875,4.9084,-1.7121,-6.1624,6.2378,2,LEFT_MI
9423,36.80859375,6.2877,6.2186,-1.8287,1.4471,2,LEFT_MI
9424,36.8125,4.3888,5.5465,-3.4354,-2.2355,2,LEFT_MI
9425,36.81640625,5.0898,4.7265,1.3553,0.8259,2,LEFT_MI
9426,36.8203125,5.8585,-0.0673,-5.1942,-4.4943,2,LEFT_MI
9427,36.82421875,9.5093,-0.9647,-2.164,-6.0924,2,LEFT_MI
9428,36.828125,7.034,-5.81,-5.558,-11.3582,2,LEFT_MI
9429,36.83203125,4.0115,0.2573,-9.1882,-8.7728,2,LEFT_MI
9430,36.8359375,4.0391,-1.7937,4.9241,-13.5387,2,LEFT_MI
9431,36.83984375,2.877,-6.9089,-2.7443,-5.0645,2,LEFT_MI
9432,36.84375,1.9512,-3.0582,-1.9137,-2.9031,2,LEFT_MI
9433,36.84765625,4.0352,-3.4458,1.8343,-4.8625,2,LEFT_MI
9434,36.8515625,-1.3953,-0.222,3.6072,4.582,2,LEFT_MI
9435,36.85546875,3.8225,-0.3876,8.304,0.1324,2,LEFT_MI
9436,36.859375,-4.0838,5.4894,6.5366,8.9305,2,LEFT_MI
9437,36.86328125,-0.3661,1.5206,14.4543,3.5228,2,LEFT_MI
9438,36.8671875,1.1041,1.6232,8.6417,1.7351,2,LEFT_MI
9439,36.87109375,-0.9729,1.5203,7.2214,2.7848,2,LEFT_MI
9440,36.875,-2.0656,1.6739,6.2468,9.8829,2,LEFT_MI
9441,36.87890625,-6.8501,3.5422,1.156,4.6993,2,LEFT_MI
9442,36.8828125,-4.6351,0.8144,1.508,1.6752,2,LEFT_MI
9443,36.88671875,-7.1722,-4.1353,-7.3586,2.4685,2,LEFT_MI
9444,36.890625,-6.9853,-0.6144,-3.807,1.274,2,LEFT_MI
9445,36.89453125,-9.5201,-0.1802,-7.4834,-3.2004,2,LEFT_MI
9446,36.8984375,-9.5452,3.3199,0.2968,1.2237,2,LEFT_MI
9447,36.90234375,-0.0169,2.3172,-6.8815,4.27,2,LEFT_MI
9448,36.90625,3.7601,4.5164,-0.0041,0.4186,2,LEFT_MI
9449,36.91015625,5.1316,7.7115,-3.2538,7.4939,2,LEFT_MI
9450,36.9140625,7.1164,3.6258,2.1813,-4.4676,2,LEFT_MI
9451,36.91796875,6.5092,-3.3661,-2.653,-5.8431,2,LEFT_MI
9452,36.921875,9.2142,2.4176,1.993,-4.7741,2,LEFT_MI
9453,36.92578125,5.0448,1.0161,-3.2342,-8.451,2,LEFT_MI
9454,36.9296875,0.518,-2.1309,-1.7189,-4.6252,2,LEFT_MI
9455,36.93359375,4.5019,-2.1296,-1.4011,-11.3632,2,LEFT_MI
9456,36.9375,-0.3366,-3.4755,-4.9057,-3.4282,2,LEFT_MI
9457,36.94140625,5.2365,-3.5116,-8.5912,-9.3526,2,LEFT_MI
9458,36.9453125,4.8079,-2.9483,1.1687,-9.2942,2,LEFT_MI
9459,36.94921875,-3.5737,-0.0709,2.846,0.7062,2,LEFT_MI
9460,36.953125,-2.0006,5.9946,5.4338,1.7646,2,LEFT_MI
9461,36.95703125,-0.5822,6.1024,4.6195,6.8323,2,LEFT_MI
9462,36.9609375,2.3313,3.2816,3.585,5.6955,2,LEFT_MI
9463,36.96484375,-2.0768,5.1341,7.8948,5.821,2,LEFT_MI
9464,36.96875,-3.4177,6.6229,11.9155,7.4108,2,LEFT_MI
9465,36.97265625,2.6592,-1.3775,8.0178,5.1915,2,LEFT_MI
9466,36.9765625,-8.5167,3.8195,7.54,2.2166,2,LEFT_MI
9467,36.98046875,-8.8441,-4.6216,5.912,4.2052,2,LEFT_MI
9468,36.984375,-12.5513,-5.9479,-2.0811,2.7538,2,LEFT_MI
9469,36.98828125,-8.1809,-3.6067,-1.7927,1.5305,2,LEFT_MI
9470,36.9921875,-2.3326,-4.0173,0.7574,-0.1385,2,LEFT_MI
9471,36.99609375,-4.0783,5.2963,-5.8977,-2.045,2,LEFT_MI
9472,37.0,1.7544,6.0877,-1.3159,-3.1481,2,LEFT_MI
9473,37.00390625,2.3,4.7796,-4.1729,1.7834,2,LEFT_MI
9474,37.0078125,2.8914,-0.2713,-8.3351,-0.131,2,LEFT_MI
9475,37.01171875,6.5071,3.8324,-11.6318,3.5739,2,LEFT_MI
9476,37.015625,9.7991,3.4571,-0.7758,-3.5272,2,LEFT_MI
9477,37.01953125,5.9405,2.3156,0.4461,-4.5657,2,LEFT_MI
9478,37.0234375,5.9383,-1.6277,-10.0907,-4.5995,2,LEFT_MI
9479,37.02734375,-1.2623,-6.8255,-7.084,-5.5601,2,LEFT_MI
9480,37.03125,0.0834,-11.9023,-3.3468,-7.0942,2,LEFT_MI
9481,37.03515625,-4.2563,-8.6735,-4.8476,-6.9599,2,LEFT_MI
9482,37.0390625,4.5508,-5.8099,-7.6602,-5.0533,2,LEFT_MI
9483,37.04296875,-4.1322,-5.7799,-1.0162,-6.1266,2,LEFT_MI
9484,37.046875,-2.2031,-9.0696,3.3488,-1.6426,2,LEFT_MI
9485,37.05078125,-1.1847,0.3749,4.1297,2.3185,2,LEFT_MI
9486,37.0546875,-0.7165,-2.326,5.7047,4.9652,2,LEFT_MI
9487,37.05859375,-1.807,0.9401,5.9237,11.4068,2,LEFT_MI
9488,37.0625,-2.8566,2.9193,8.1631,4.39,2,LEFT_MI
9489,37.06640625,-5.6816,1.6243,11.1036,8.0147,2,LEFT_MI
9490,37.0703125,-1.9591,1.507,10.2402,7.4528,2,LEFT_MI
9491,37.07421875,-1.8371,9.9821,6.0357,6.335,2,LEFT_MI
9492,37.078125,-5.8554,-0.3875,7.0187,4.483,2,LEFT_MI
9493,37.08203125,-6.576,0.8967,-3.2367,2.9577,2,LEFT_MI
9494,37.0859375,-12.1718,-5.5621,-1.4717,-1.8025,2,LEFT_MI
9495,37.08984375,-0.9325,1.5153,-2.9896,-0.9283,2,LEFT_MI
9496,37.09375,-7.2525,1.7608,-6.0809,-4.1654,2,LEFT_MI
9497,37.09765625,-1.0001,-2.1309,-1.5309,1.8218,2,LEFT_MI
9498,37.1015625,2.8591,0.5661,-3.1993,-8.1865,2,LEFT_MI
9499,37.10546875,2.0357,5.7306,-2.4907,-2.1313,2,LEFT_MI
9500,37.109375,7.2629,4.8666,-0.0328,-7.8002,2,LEFT_MI
9501,37.11328125,10.0159,7.9945,-4.1801,-3.6561,2,LEFT_MI
9502,37.1171875,8.1721,-0.2094,-3.7273,-1.1422,2,LEFT_MI
9503,37.12109375,9.192,0.8117,-2.037,-3.9241,2,LEFT_MI
9504,37.125,7.331,-5.1262,-8.0625,-0.2055,2,LEFT_MI
9505,37.12890625,4.4273,-7.6815,-2.6263,-10.292,2,LEFT_MI
9506,37.1328125,-5.6303,-8.689,-2.61,-2.8801,2,LEFT_MI
9507,37.13671875,5.3399,-7.5997,-9.0219,-1.1495,2,LEFT_MI
9508,37.140625,1.2038,-1.9924,-5.676,-1.8477,2,LEFT_MI
9509,37.14453125,-0.6423,-3.1399,-1.4849,-2.0934,2,LEFT_MI
9510,37.1484375,-1.0404,-2.2615,-3.2277,-0.3003,2,LEFT_MI
9511,37.15234375,0.4038,-1.7945,3.1729,6.0276,2,LEFT_MI
9512,37.15625,-3.084,-2.3662,9.3738,10.8545,2,LEFT_MI
9513,37.16015625,3.7575,-0.1051,4.1229,8.1403,2,LEFT_MI
9514,37.1640625,-2.8826,3.005,5.2417,5.8191,2,LEFT_MI
9515,37.16796875,-1.0771,7.8046,9.2037,4.0189,2,LEFT_MI
9516,37.171875,-7.8708,2.0403,6.7683,6.1419,2,LEFT_MI
9517,37.17578125,-10.9694,-1.1714,2.3287,3.6109,2,LEFT_MI
9518,37.1796875,-3.7436,-1.974,5.7493,3.8565,2,LEFT_MI
9519,37.18359375,-9.2872,-4.5642,-0.496,2.7131,2,LEFT_MI
9520,37.1875,-7.9895,4.0716,1.312,-4.0887,2,LEFT_MI
9521,37.19140625,-3.5575,-2.1174,-0.535,-1.9106,2,LEFT_MI
9522,37.1953125,-9.6904,3.7289,0.5351,-1.8816,2,LEFT_MI
9523,37.19921875,1.3341,-3.4955,-7.4162,-6.7611,2,LEFT_MI
9524,37.203125,-0.1434,0.6261,-3.1119,-5.37,2,LEFT_MI
9525,37.20703125,10.5966,5.9426,0.933,-8.2958,2,LEFT_MI
9526,37.2109375,3.2034,5.4473,-5.2264,-2.0825,2,LEFT_MI
9527,37.21484375,2.7255,4.5217,-4.5349,2.3004,2,LEFT_MI
9528,37.21875,11.669,-0.2141,-0.4871,-4.5603,2,LEFT_MI
9529,37.22265625,7.3169,3.6579,-2.2549,-8.834,2,LEFT_MI
9530,37.2265625,6.4039,1.4159,-4.9006,-1.0858,2,LEFT_MI
9531,37.23046875,0.3752,-3.1924,-7.7568,-3.916,2,LEFT_MI
9532,37.234375,2.8824,-3.6448,-9.0335,-6.9319,2,LEFT_MI
9533,37.23828125,1.8716,-10.001,-2.9871,-2.7169,2,LEFT_MI
9534,37.2421875,6.2451,-6.103,-8.5592,-4.1336,2,LEFT_MI
9535,37.24609375,2.259,-4.3662,4.0879,1.1659,2,LEFT_MI
9536,37.25,0.7835,-2.6431,1.5215,3.8921,2,LEFT_MI
9537,37.25390625,1.2462,-0.1407,4.3723,2.5408,2,LEFT_MI
9538,37.2578125,1.342,2.1633,6.9708,1.0146,2,LEFT_MI
9539,37.26171875,3.5256,9.0255,8.2085,9.8546,2,LEFT_MI
9540,37.265625,-0.4175,1.1328,8.5119,10.2219,2,LEFT_MI
9541,37.26953125,-1.0928,4.9548,10.9493,7.7587,2,LEFT_MI
9542,37.2734375,-3.9056,-1.5603,8.1153,7.2631,2,LEFT_MI
9543,37.27734375,-7.3068,-3.286,5.9071,-0.0947,2,LEFT_MI
9544,37.28125,-4.4447,2.5414,1.0735,-0.0554,2,LEFT_MI
9545,37.28515625,-10.6714,2.2315,3.2924,0.6962,2,LEFT_MI
9546,37.2890625,-5.5691,-2.9569,-0.2142,-2.3226,2,LEFT_MI
9547,37.29296875,-5.1036,1.4627,-4.9234,-5.3263,2,LEFT_MI
9548,37.296875,1.8,1.5044,0.9249,-7.1288,2,LEFT_MI
9549,37.30078125,-7.5359,0.1721,1.6939,-3.6459,2,LEFT_MI
9550,37.3046875,3.8706,1.4353,-2.8089,-8.6725,2,LEFT_MI
9551,37.30859375,2.9368,5.9708,0.794,-6.3841,2,LEFT_MI
9552,37.3125,6.8551,4.1047,-3.8153,-1.7886,2,LEFT_MI
9553,37.31640625,10.9117,1.9055,-4.6624,-2.3531,2,LEFT_MI
9554,37.3203125,9.2599,1.0471,-7.2594,-0.4441,2,LEFT_MI
9555,37.32421875,7.924,0.1167,-4.1705,1.1029,2,LEFT_MI
9556,37.328125,2.5351,-4.896,-6.8033,-6.052,2,LEFT_MI
9557,37.33203125,3.857,-1.1966,-6.5443,-5.3538,2,LEFT_MI
9558,37.3359375,1.7663,-7.4423,-6.4237,-5.4749,2,LEFT_MI
9559,37.33984375,3.2653,-1.1843,-6.8279,4.3051,2,LEFT_MI
9560,37.34375,0.6295,-1.3806,-2.6226,5.2971,2,LEFT_MI
9561,37.34765625,-2.4068,-9.4347,7.3333,-2.4813,2,LEFT_MI
9562,37.3515625,-0.643,-0.713,5.4293,5.7019,2,LEFT_MI
9563,37.35546875,-4.4323,-0.3326,7.3891,9.4155,2,LEFT_MI
9564,37.359375,-2.9005,2.9605,2.6349,14.3603,2,LEFT_MI
9565,37.36328125,-3.6774,-2.7078,10.6067,4.7287,2,LEFT_MI
9566,37.3671875,-3.9301,4.6732,11.8163,4.0111,2,LEFT_MI
9567,37.37109375,-5.4882,6.6372,9.6982,3.6836,2,LEFT_MI
9568,37.375,-13.2344,2.8883,5.6215,10.6113,2,LEFT_MI
9569,37.37890625,-4.2075,-6.6489,2.6288,-3.0664,2,LEFT_MI
9570,37.3828125,-4.4145,5.3757,-0.1579,-6.1413,2,LEFT_MI
9571,37.38671875,-8.7558,-1.9028,0.892,-4.9557,2,LEFT_MI
9572,37.390625,-9.5508,-0.9818,4.5269,-1.2103,2,LEFT_MI
9573,37.39453125,-5.6908,-9.2634,1.3255,-8.6857,2,LEFT_MI
9574,37.3984375,-1.8583,2.426,0.1051,-3.1868,2,LEFT_MI
9575,37.40234375,5.2988,0.6202,2.4245,-1.2384,2,LEFT_MI
9576,37.40625,3.708,3.9428,5.0711,-0.1348,2,LEFT_MI
9577,37.41015625,8.6957,6.8338,1.4948,-5.2551,2,LEFT_MI
9578,37.4140625,4.4882,-1.3989,-6.9726,-1.392,2,LEFT_MI
9579,37.41796875,5.4914,-2.0678,-2.7,-0.9164,2,LEFT_MI
9580,37.421875,5.5328,4.7359,-3.691,4.8657,2,LEFT_MI
9581,37.42578125,9.4274,2.3094,-6.9452,-1.2528,2,LEFT_MI
9582,37.4296875,6.1044,-0.9326,-8.0457,-0.8146,2,LEFT_MI
9583,37.43359375,4.5175,-6.0338,-14.7044,5.2236,2,LEFT_MI
9584,37.4375,-1.7312,-5.0774,-5.2611,2.4352,2,LEFT_MI
9585,37.44140625,-6.0293,2.8179,-4.8679,0.0674,2,LEFT_MI
9586,37.4453125,1.6221,-3.1237,-3.8633,2.0752,2,LEFT_MI
9587,37.44921875,3.6727,-3.8027,-4.7825,9.9256,2,LEFT_MI
9588,37.453125,-0.1856,2.3037,4.2838,5.2837,2,LEFT_MI
9589,37.45703125,-0.5524,3.5859,8.1646,5.0787,2,LEFT_MI
9590,37.4609375,-2.8939,3.9531,4.7142,2.2825,2,LEFT_MI
9591,37.46484375,-1.3668,2.9671,3.3983,0.8819,2,LEFT_MI
9592,37.46875,-4.0789,2.8306,6.9292,8.0367,2,LEFT_MI
9593,37.47265625,-2.0485,1.272,10.6883,2.2488,2,LEFT_MI
9594,37.4765625,-4.1115,5.4535,2.1614,-2.7902,2,LEFT_MI
9595,37.48046875,-2.1638,6.816,-0.4528,-4.7654,2,LEFT_MI
9596,37.484375,-4.0315,1.6537,3.2855,-5.1106,2,LEFT_MI
9597,37.48828125,-6.1012,-4.574,4.1677,-13.8739,2,LEFT_MI
9598,37.4921875,-4.0563,4.471,-2.0523,-4.0553,2,LEFT_MI
9599,37.49609375,-2.7634,2.1039,3.8525,-5.0576,2,LEFT_MI
9600,37.5,5.0975,-0.9202,-2.4209,-9.4852,2,LEFT_MI
9601,37.50390625,0.6671,-0.7811,0.6839,-1.9813,2,LEFT_MI
9602,37.5078125,5.4784,2.0326,1.682,-4.4149,2,LEFT_MI
9603,37.51171875,6.9119,-3.5909,4.2359,-2.4867,2,LEFT_MI
9604,37.515625,9.8248,-3.2136,-3.0079,-0.4522,2,LEFT_MI
9605,37.51953125,4.7444,1.8294,-6.924,-6.6888,2,LEFT_MI
9606,37.5234375,4.8034,-2.5202,-5.4216,2.3931,2,LEFT_MI
9607,37.52734375,5.9141,-4.8583,-8.3582,6.1232,2,LEFT_MI
9608,37.53125,0.7561,-3.341,-7.177,-3.4726,2,LEFT_MI
9609,37.53515625,-1.3283,-4.326,-7.039,2.8606,2,LEFT_MI
9610,37.5390625,0.8406,-0.7707,-9.6671,5.0717,2,LEFT_MI
9611,37.54296875,-2.2608,0.1481,-4.9693,-0.5521,2,LEFT_MI
9612,37.546875,0.9461,2.6363,-8.043,8.0079,2,LEFT_MI
9613,37.55078125,2.4006,10.4517,-1.2637,1.4779,2,LEFT_MI
9614,37.5546875,-2.2232,7.9861,0.1798,8.4821,2,LEFT_MI
9615,37.55859375,1.6912,3.0036,4.1223,12.4496,2,LEFT_MI
9616,37.5625,3.7909,5.8341,6.829,1.2009,2,LEFT_MI
9617,37.56640625,-2.8713,11.6018,5.5545,5.5306,2,LEFT_MI
9618,37.5703125,-2.3699,4.4598,5.5162,2.2274,2,LEFT_MI
9619,37.57421875,-2.7318,0.0865,2.981,-3.908,2,LEFT_MI
9620,37.578125,-11.7667,0.519,6.3379,-5.6933,2,LEFT_MI
9621,37.58203125,-1.5365,-7.5921,4.7683,-7.9736,2,LEFT_MI
9622,37.5859375,-6.068,-4.3396,7.2093,-7.4531,2,LEFT_MI
9623,37.58984375,-6.3599,-0.3084,-1.4349,-7.32,2,LEFT_MI
9624,37.59375,-5.9199,1.935,-1.1841,-10.5589,2,LEFT_MI
9625,37.59765625,1.238,-1.5207,-4.3404,-3.7359,2,LEFT_MI
9626,37.6015625,-3.5102,1.7123,9.5596,-2.5242,2,LEFT_MI
9627,37.60546875,2.7587,2.052,-5.081,-6.4641,2,LEFT_MI
9628,37.609375,7.2806,0.9008,0.5921,0.2697,2,LEFT_MI
9629,37.61328125,13.2597,1.8772,-1.4846,0.1164,2,LEFT_MI
9630,37.6171875,12.1522,-1.9941,-0.0377,2.912,2,LEFT_MI
9631,37.62109375,6.3999,-3.2777,-2.4134,-1.7995,2,LEFT_MI
9632,37.625,6.6237,-2.5302,-4.3854,1.9046,2,LEFT_MI
9633,37.62890625,2.1133,2.3549,-8.1775,2.8049,2,LEFT_MI
9634,37.6328125,2.9685,-3.9392,-9.008,-2.7295,2,LEFT_MI
9635,37.63671875,-0.9736,-3.9828,-6.0462,3.3802,2,LEFT_MI
9636,37.640625,-5.3901,-2.2344,-4.2784,3.8874,2,LEFT_MI
9637,37.64453125,-4.488,-4.8183,-3.3132,5.1866,2,LEFT_MI
9638,37.6484375,-5.2624,0.8066,-4.6219,5.5281,2,LEFT_MI
9639,37.65234375,-2.0208,0.1298,4.7815,8.3809,2,LEFT_MI
9640,37.65625,-1.0707,1.8834,1.7189,7.1404,2,LEFT_MI
9641,37.66015625,-1.2934,3.5404,4.6118,3.4698,2,LEFT_MI
9642,37.6640625,-5.3582,2.5662,9.1291,4.2356,2,LEFT_MI
9643,37.66796875,-5.4447,2.4524,4.0109,0.8963,2,LEFT_MI
9644,37.671875,-1.8761,3.7962,6.3851,-0.2379,2,LEFT_MI
9645,37.67578125,-9.5353,1.6004,6.8224,-2.1641,2,LEFT_MI
9646,37.6796875,-10.2962,3.8159,3.1557,-8.8705,2,LEFT_MI
9647,37.68359375,-8.6526,0.5356,0.2145,-11.1259,2,LEFT_MI
9648,37.6875,-4.4795,0.7356,5.6999,-5.9043,2,LEFT_MI
9649,37.69140625,-4.8034,2.3589,-1.8871,-9.0899,2,LEFT_MI
9650,37.6953125,-4.7132,-0.2216,2.643,-5.4215,2,LEFT_MI
9651,37.69921875,-5.9465,-2.1467,5.4357,-8.5645,2,LEFT_MI
9652,37.703125,1.14,-1.8286,4.0177,-1.6776,2,LEFT_MI
9653,37.70703125,4.325,0.3908,-3.7661,3.3284,2,LEFT_MI
9654,37.7109375,7.0336,2.7526,6.3294,3.6435,2,LEFT_MI
9655,37.71484375,11.4157,-2.5302,0.1253,4.729,2,LEFT_MI
9656,37.71875,8.282,0.0291,-0.8831,7.5889,2,LEFT_MI
9657,37.72265625,7.7046,3.4398,-5.9288,5.7201,2,LEFT_MI
9658,37.7265625,4.6919,-5.6574,-7.6677,9.5628,2,LEFT_MI
9659,37.73046875,4.0261,-3.9579,-11.2836,3.1408,2,LEFT_MI
9660,37.734375,-3.3128,-1.4208,-13.3213,5.7488,2,LEFT_MI
9661,37.73828125,-1.56,-1.4454,-3.8492,3.1318,2,LEFT_MI
9662,37.7421875,3.5464,-10.7759,-9.6178,0.2319,2,LEFT_MI
9663,37.74609375,-0.8431,1.0597,-2.3445,4.1662,2,LEFT_MI
9664,37.75,-0.0535,-2.1632,6.3767,3.6673,2,LEFT_MI
9665,37.75390625,-0.8126,2.9117,5.3,5.2131,2,LEFT_MI
9666,37.7578125,5.405,6.5661,6.6853,6.0473,2,LEFT_MI
9667,37.76171875,-0.9911,1.7472,4.5468,1.1007,2,LEFT_MI
9668,37.765625,-2.5202,6.7826,10.5309,1.318,2,LEFT_MI
9669,37.76953125,-3.9596,3.7685,7.7703,-7.6626,2,LEFT_MI
9670,37.7734375,-4.1566,3.1674,3.2352,-4.0498,2,LEFT_MI
9671,37.77734375,-2.3229,-2.0897,11.0545,-5.2329,2,LEFT_MI
9672,37.78125,-5.2815,3.1927,7.5895,-2.1206,2,LEFT_MI
9673,37.78515625,-11.1079,-0.1781,1.0308,-8.572,2,LEFT_MI
9674,37.7890625,-5.8832,-2.507,7.0752,-7.2813,2,LEFT_MI
9675,37.79296875,-5.8163,-3.1739,4.4786,-6.8851,2,LEFT_MI
9676,37.796875,-4.9678,1.8978,4.3992,-4.4049,2,LEFT_MI
9677,37.80078125,3.7016,5.9927,-0.6504,-1.8544,2,LEFT_MI
9678,37.8046875,1.5202,-0.8373,2.0036,-0.1687,2,LEFT_MI
9679,37.80859375,8.252,-1.2883,5.657,2.037,2,LEFT_MI
9680,37.8125,7.9414,2.2502,0.5818,3.9515,2,LEFT_MI
9681,37.81640625,8.6194,4.4486,1.5739,7.3929,2,LEFT_MI
9682,37.8203125,9.9679,0.0348,-4.424,6.9903,2,LEFT_MI
9683,37.82421875,9.1419,3.6935,-8.1982,2.5853,2,LEFT_MI
9684,37.828125,7.9825,1.6239,-4.6598,6.6384,2,LEFT_MI
9685,37.83203125,5.211,-7.4104,-8.5975,8.5167,2,LEFT_MI
9686,37.8359375,-0.4208,-1.2499,-12.4885,6.189,2,LEFT_MI
9687,37.83984375,-0.842,-4.5879,-6.8754,5.3003,2,LEFT_MI
9688,37.84375,-3.2867,-2.5363,-6.6787,3.9985,2,LEFT_MI
9689,37.84765625,3.8652,-2.563,-5.3867,-0.7106,2,LEFT_MI
9690,37.8515625,1.3041,4.7109,3.1086,3.4117,2,LEFT_MI
9691,37.85546875,0.3033,-4.2786,2.9206,3.3356,2,LEFT_MI
9692,37.859375,4.168,1.7944,6.2161,4.4241,2,LEFT_MI
9693,37.86328125,-3.6935,12.7581,4.0453,0.4801,2,LEFT_MI
9694,37.8671875,-3.7408,2.5233,6.1016,0.7494,2,LEFT_MI
9695,37.87109375,-5.938,-3.0974,1.1908,-2.5936,2,LEFT_MI
9696,37.875,-3.0463,7.3618,8.3074,-2.8367,2,LEFT_MI
9697,37.87890625,-11.0841,4.1092,9.6296,-3.4356,2,LEFT_MI
9698,37.8828125,-7.5435,-1.8919,5.358,-8.2818,2,LEFT_MI
9699,37.88671875,-9.9063,-2.167,3.869,-10.9983,2,LEFT_MI
9700,37.890625,-4.6286,-2.3159,6.5878,-2.6225,2,LEFT_MI
9701,37.89453125,-1.8944,-3.6195,2.4303,-2.1981,2,LEFT_MI
9702,37.8984375,-6.1012,-0.6009,4.5811,-4.1714,2,LEFT_MI
9703,37.90234375,4.8258,3.2005,5.8821,-0.4533,2,LEFT_MI
9704,37.90625,4.8499,5.7936,3.8951,1.9359,2,LEFT_MI
9705,37.91015625,7.8375,-0.1731,1.4023,4.4104,2,LEFT_MI
9706,37.9140625,11.8425,-3.539,2.1058,6.0334,2,LEFT_MI
9707,37.91796875,10.1132,-2.8736,-0.1144,7.1325,2,LEFT_MI
9708,37.921875,3.3922,-0.7133,-1.8331,7.7364,2,LEFT_MI
9709,37.92578125,1.5293,-5.097,-5.9181,2.9684,2,LEFT_MI
9710,37.9296875,3.9527,2.0878,-8.4443,6.1402,2,LEFT_MI
9711,37.93359375,6.9966,-4.4431,-5.8997,9.1486,2,LEFT_MI
9712,37.9375,7.1265,-3.7548,-2.7854,-0.6448,2,LEFT_MI
9713,37.94140625,-3.2749,-0.2916,-6.9135,1.3624,2,LEFT_MI
9714,37.9453125,-2.5744,4.379,-5.4223,-1.0436,2,LEFT_MI
9715,37.94921875,-0.5754,1.0352,-1.9297,3.5082,2,LEFT_MI
9716,37.953125,4.1499,-0.0031,-1.0565,3.4512,2,LEFT_MI
9717,37.95703125,-2.3696,7.172,6.3437,0.828,2,LEFT_MI
9718,37.9609375,1.3965,-0.4436,3.2663,-4.9585,2,LEFT_MI
9719,37.96484375,-3.1585,4.6183,5.8076,-2.2121,2,LEFT_MI
9720,37.96875,-2.2395,4.5229,-0.2053,3.0526,2,LEFT_MI
9721,37.97265625,-4.7912,5.6418,4.3388,-1.9495,2,LEFT_MI
9722,37.9765625,-6.7951,2.3937,12.3227,-11.6298,2,LEFT_MI
9723,37.98046875,-10.8378,-0.7974,7.0171,-6.579,2,LEFT_MI
9724,37.984375,-10.8119,-6.5397,-2.4976,-4.9919,2,LEFT_MI
9725,37.98828125,-11.3181,-3.5234,6.6965,-9.4611,2,LEFT_MI
9726,37.9921875,-5.7308,-3.5285,0.8767,-0.2499,2,LEFT_MI
9727,37.99609375,-5.8897,-0.0582,4.2966,-0.83,2,LEFT_MI
9728,38.0,-3.5131,-1.6018,2.9563,2.8022,2,LEFT_MI
9729,38.00390625,-0.365,-3.9418,4.252,3.4768,2,LEFT_MI
9730,38.0078125,1.2471,-0.1406,-0.8918,6.6406,2,LEFT_MI
9731,38.01171875,8.0225,3.2704,0.6192,3.4262,2,LEFT_MI
9732,38.015625,5.0443,-1.0016,-0.6181,6.4805,2,LEFT_MI
9733,38.01953125,12.5423,-4.9332,-1.2137,6.1304,2,LEFT_MI
9734,38.0234375,3.2271,-1.6379,-0.894,8.2782,2,LEFT_MI
9735,38.02734375,6.1316,-0.8992,-3.2428,4.8258,2,LEFT_MI
9736,38.03125,0.2202,-1.1177,-8.701,7.0284,2,LEFT_MI
9737,38.03515625,-3.6821,-4.754,-3.6636,6.0451,2,LEFT_MI
9738,38.0390625,1.6386,-5.4574,-10.065,-2.1924,2,LEFT_MI
9739,38.04296875,6.5388,-1.8702,-8.2877,-1.0303,2,LEFT_MI
9740,38.046875,-0.0292,-3.8169,-6.225,1.3152,2,LEFT_MI
9741,38.05078125,0.0168,2.4168,-0.7598,1.4883,2,LEFT_MI
9742,38.0546875,1.6649,7.6047,3.0387,3.9885,2,LEFT_MI
9743,38.05859375,4.233,10.1706,4.7454,2.4794,2,LEFT_MI
9744,38.0625,5.1157,8.5128,4.4664,-3.2133,2,LEFT_MI
9745,38.06640625,-1.3418,3.1799,8.8988,-1.5852,2,LEFT_MI
9746,38.0703125,-3.7802,4.0973,-2.5225,-6.6255,2,LEFT_MI
9747,38.07421875,-7.0253,3.4045,5.9811,-8.3216,2,LEFT_MI
9748,38.078125,-5.5398,2.2087,8.9238,-7.1851,2,LEFT_MI
9749,38.08203125,-8.8546,-1.9585,3.8404,-5.326,2,LEFT_MI
9750,38.0859375,-3.9269,-0.3264,-2.0294,-4.2074,2,LEFT_MI
9751,38.08984375,-9.4129,-0.4514,-2.4211,-7.518,2,LEFT_MI
9752,38.09375,-2.8146,0.2747,7.0849,-6.4938,2,LEFT_MI
9753,38.09765625,-3.1488,0.7387,7.5951,5.4496,2,LEFT_MI
9754,38.1015625,2.9776,-6.2183,2.0854,1.3494,2,LEFT_MI
9755,38.10546875,3.0649,-1.8999,4.3663,6.7475,2,LEFT_MI
9756,38.109375,10.6471,1.658,1.9529,10.0684,2,LEFT_MI
9757,38.11328125,9.8353,0.9383,0.7529,9.9002,2,LEFT_MI
9758,38.1171875,12.7757,-3.2144,1.4689,7.7526,2,LEFT_MI
9759,38.12109375,9.7893,-4.0435,-1.6883,7.3957,2,LEFT_MI
9760,38.125,5.2834,-5.2139,-4.0295,2.7305,2,LEFT_MI
9761,38.12890625,-0.4212,-6.4126,-7.58,7.7981,2,LEFT_MI
9762,38.1328125,2.1928,-1.426,-7.1652,-1.4918,2,LEFT_MI
9763,38.13671875,2.4612,-0.5837,-8.8049,-5.6254,2,LEFT_MI
9764,38.140625,1.7595,-0.267,-10.9011,2.4827,2,LEFT_MI
9765,38.14453125,-0.5421,0.7334,-7.0728,-2.4006,2,LEFT_MI
9766,38.1484375,0.9541,0.9136,-7.8301,-1.2922,2,LEFT_MI
9767,38.15234375,-0.5961,3.8423,-3.9433,-6.0498,2,LEFT_MI
9768,38.15625,2.3545,6.2378,1.7799,-0.8962,2,LEFT_MI
9769,38.16015625,1.0725,6.3423,6.8465,-5.0308,2,LEFT_MI
9770,38.1640625,-0.701,2.0188,5.7119,-5.4391,2,LEFT_MI
9771,38.16796875,3.752,6.3579,8.9257,-1.1884,2,LEFT_MI
9772,38.171875,-0.4051,3.0723,2.854,-5.1232,2,LEFT_MI
9773,38.17578125,-9.6604,0.46,6.4105,-9.3244,2,LEFT_MI
9774,38.1796875,-8.8485,1.7089,2.1115,-3.6006,2,LEFT_MI
9775,38.18359375,-5.8198,-3.039,0.3604,-0.6467,2,LEFT_MI
9776,38.1875,-9.201,-5.8753,2.0027,-2.1061,2,LEFT_MI
9777,38.19140625,-6.9381,-2.7338,3.1043,-4.3857,2,LEFT_MI
9778,38.1953125,-4.3319,0.0515,-0.7385,4.9294,2,LEFT_MI
9779,38.19921875,2.6582,-9.3687,5.276,-0.9324,2,LEFT_MI
9780,38.203125,-0.9477,-0.508,7.1521,9.9756,2,LEFT_MI
9781,38.20703125,2.7631,-1.9692,4.552,9.8748,2,LEFT_MI
9782,38.2109375,6.5522,1.1393,-1.6613,11.8614,2,LEFT_MI
9783,38.21484375,5.7073,-1.6432,-4.3843,6.3625,2,LEFT_MI
9784,38.21875,8.8523,1.0484,2.2861,10.0255,2,LEFT_MI
9785,38.22265625,7.4035,2.2955,-2.3586,6.3696,2,LEFT_MI
9786,38.2265625,0.0555,-4.9205,-4.5382,4.233,2,LEFT_MI
9787,38.23046875,2.4159,1.2372,-10.7319,1.3741,2,LEFT_MI
9788,38.234375,3.0298,0.7945,-2.6184,-1.184,2,LEFT_MI
9789,38.23828125,0.3071,-5.4427,-1.456,-2.1229,2,LEFT_MI
9790,38.2421875,4.301,-2.7452,-11.2465,-4.4084,2,LEFT_MI
9791,38.24609375,1.4355,-3.5618,-1.2035,-3.735,2,LEFT_MI
9792,38.25,3.5391,-2.0035,-4.7087,-2.6856,2,LEFT_MI
9793,38.25390625,-2.4614,6.8914,1.9897,-3.9342,2,LEFT_MI
9794,38.2578125,-2.7427,1.6485,-2.875,-2.4885,2,LEFT_MI
9795,38.26171875,0.7002,2.4603,4.7687,-4.8374,2,LEFT_MI
9796,38.265625,0.0134,3.1241,0.9203,-2.1759,2,LEFT_MI
9797,38.26953125,-2.4885,0.5135,4.7845,-0.1043,2,LEFT_MI
9798,38.2734375,-4.2732,4.0314,4.728,-5.4788,2,LEFT_MI
9799,38.27734375,-6.5735,-2.7613,4.9875,-4.6117,2,LEFT_MI
9800,38.28125,-7.0415,-4.1862,2.8609,2.3572,2,LEFT_MI
9801,38.28515625,-9.6141,-1.2187,8.1668,-4.8632,2,LEFT_MI
9802,38.2890625,-3.3747,-4.3674,4.5981,5.9675,2,LEFT_MI
9803,38.29296875,-4.9972,-4.6902,4.8119,-0.642,2,LEFT_MI
9804,38.296875,-5.6642,-3.1967,4.8352,3.9355,2,LEFT_MI
9805,38.30078125,0.003,0.6199,6.7216,4.7654,2,LEFT_MI
9806,38.3046875,2.6605,-2.8486,6.1895,5.3753,2,LEFT_MI
9807,38.30859375,10.4516,6.6236,7.3455,6.0028,2,LEFT_MI
9808,38.3125,3.0639,-1.0563,5.3476,12.5174,2,LEFT_MI
9809,38.31640625,4.8012,3.6759,0.585,8.4636,2,LEFT_MI
9810,38.3203125,4.8237,0.0953,-0.532,4.337,2,LEFT_MI
9811,38.32421875,6.9864,-0.0812,-1.3721,9.8528,2,LEFT_MI
9812,38.328125,6.8477,-2.3636,-10.2688,-0.9088,2,LEFT_MI
9813,38.33203125,1.3577,-2.9642,-7.714,-4.7456,2,LEFT_MI
9814,38.3359375,1.5154,0.117,-7.5502,-2.4024,2,LEFT_MI
9815,38.33984375,-0.2768,0.3161,-9.1873,-7.711,2,LEFT_MI
9816,38.34375,2.6741,3.8418,-10.5686,-7.4842,2,LEFT_MI
9817,38.34765625,1.9577,3.9496,-4.9479,-3.7642,2,LEFT_MI
9818,38.3515625,0.8132,0.3666,-2.7437,-5.9017,2,LEFT_MI
9819,38.35546875,-1.2024,5.3472,-5.0246,-6.8864,2,LEFT_MI
9820,38.359375,-1.7908,5.5794,3.7421,1.0702,2,LEFT_MI
9821,38.36328125,3.911,7.4924,-3.1969,-8.9847,2,LEFT_MI
9822,38.3671875,0.4167,2.0231,6.0228,0.1005,2,LEFT_MI
9823,38.37109375,-8.5345,2.683,0.255,-0.8053,2,LEFT_MI
9824,38.375,-2.6811,2.0697,-1.6871,-2.9091,2,LEFT_MI
9825,38.37890625,-7.0449,-0.44,-0.6153,-7.6017,2,LEFT_MI
9826,38.3828125,-7.012,0.6716,3.8942,-0.5083,2,LEFT_MI
9827,38.38671875,-10.5974,-8.1185,4.567,1.8052,2,LEFT_MI
9828,38.390625,-11.2427,-1.9298,5.3551,0.4706,2,LEFT_MI
9829,38.39453125,-3.0612,-2.1103,3.1709,5.7967,2,LEFT_MI
9830,38.3984375,-1.3553,-0.7884,0.663,0.452,2,LEFT_MI
9831,38.40234375,1.2586,-3.8922,0.7425,11.5385,2,LEFT_MI
9832,38.40625,8.2955,3.6631,10.9764,9.2575,2,LEFT_MI
9833,38.41015625,7.8425,-0.8136,10.4172,10.0415,2,LEFT_MI
9834,38.4140625,5.7142,-0.3237,6.334,8.6737,2,LEFT_MI
9835,38.41796875,8.3998,-3.2045,4.8583,2.8396,2,LEFT_MI
9836,38.421875,8.5156,-0.0541,-0.8174,5.4859,2,LEFT_MI
9837,38.42578125,3.7506,-1.961,-5.2837,-4.5413,2,LEFT_MI
9838,38.4296875,-2.3755,2.9266,-8.9884,-6.0906,2,LEFT_MI
9839,38.43359375,-1.6224,-3.1234,-7.3277,-2.782,2,LEFT_MI
9840,38.4375,-4.6403,-12.0187,-11.675,-7.1487,2,LEFT_MI
9841,38.44140625,-1.2139,-2.5616,-6.3657,-5.5397,2,LEFT_MI
9842,38.4453125,0.5819,-0.0616,-4.6884,-6.7033,2,LEFT_MI
9843,38.44921875,-0.0606,3.7118,-1.2732,-3.1659,2,LEFT_MI
9844,38.453125,2.2502,0.6206,-2.6852,-3.4068,2,LEFT_MI
9845,38.45703125,-4.5788,8.1255,5.0565,-0.8352,2,LEFT_MI
9846,38.4609375,-0.8924,3.8005,0.6471,0.0994,2,LEFT_MI
9847,38.46484375,-6.6899,6.6842,0.1673,-0.3261,2,LEFT_MI
9848,38.46875,-4.119,2.5875,1.9159,1.4705,2,LEFT_MI
9849,38.47265625,-1.1635,1.5825,5.5223,0.7253,2,LEFT_MI
9850,38.4765625,-1.6326,2.9653,6.5796,2.0619,2,LEFT_MI
9851,38.48046875,-9.2521,2.4768,1.7482,3.4716,2,LEFT_MI
9852,38.484375,-6.848,1.0743,5.7334,0.9624,2,LEFT_MI
9853,38.48828125,-3.1904,-5.0997,0.2795,1.3633,2,LEFT_MI
9854,38.4921875,-3.9123,-0.9213,3.9225,0.4381,2,LEFT_MI
9855,38.49609375,-3.6257,0.4193,4.0782,1.3,2,LEFT_MI
9856,38.5,-0.3816,-0.5696,2.3342,10.6958,2,LEFT_MI
9857,38.50390625,-0.2245,0.7921,12.0804,9.5473,2,LEFT_MI
9858,38.5078125,-0.0062,8.483,5.3904,6.0649,2,LEFT_MI
9859,38.51171875,4.1538,5.3407,-2.5089,0.4896,2,LEFT_MI
9860,38.515625,3.9249,-2.7444,4.0379,1.9457,2,LEFT_MI
9861,38.51953125,5.9337,-1.894,4.6647,6.254,2,LEFT_MI
9862,38.5234375,7.0461,3.5035,4.7542,-1.9637,2,LEFT_MI
9863,38.52734375,-0.3609,1.6129,-4.7173,-3.6559,2,LEFT_MI
9864,38.53125,6.0383,-3.1436,-6.0718,-4.8584,2,LEFT_MI
9865,38.53515625,6.7425,-5.3086,-6.2903,-8.9875,2,LEFT_MI
9866,38.5390625,5.6579,-0.9061,-9.6613,-9.7807,2,LEFT_MI
9867,38.54296875,-1.2492,1.182,-7.5875,-11.4753,2,LEFT_MI
9868,38.546875,-1.6185,-1.2519,-9.1258,-6.9213,2,LEFT_MI
9869,38.55078125,0.3827,0.0625,-5.0903,-2.0461,2,LEFT_MI
9870,38.5546875,-5.2934,2.8275,-5.784,-2.39,2,LEFT_MI
9871,38.55859375,-0.1193,9.6448,-2.4025,-4.371,2,LEFT_MI
9872,38.5625,-3.141,4.5708,0.4853,2.2417,2,LEFT_MI
9873,38.56640625,-4.4678,2.1736,-2.9324,3.1309,2,LEFT_MI
9874,38.5703125,1.0156,0.6341,-2.9112,2.4022,2,LEFT_MI
9875,38.57421875,-0.664,0.677,-1.3378,5.0686,2,LEFT_MI
9876,38.578125,-9.1025,-1.6755,4.6826,6.294,2,LEFT_MI
9877,38.58203125,-5.6425,-7.6512,-0.0098,2.6386,2,LEFT_MI
9878,38.5859375,-9.4864,-9.471,0.3457,0.4651,2,LEFT_MI
9879,38.58984375,-2.0519,-7.2747,5.1635,4.0174,2,LEFT_MI
9880,38.59375,-3.7842,-0.2501,5.8885,1.85,2,LEFT_MI
9881,38.59765625,2.7099,-0.6928,1.807,3.1348,2,LEFT_MI
9882,38.6015625,-0.3736,-0.9051,7.8842,9.2709,2,LEFT_MI
9883,38.60546875,4.843,2.2284,6.1218,9.8721,2,LEFT_MI
9884,38.609375,6.0274,1.6225,4.2903,5.921,2,LEFT_MI
9885,38.61328125,6.4228,2.0315,7.4266,5.4984,2,LEFT_MI
9886,38.6171875,10.403,0.4247,12.2947,2.905,2,LEFT_MI
9887,38.62109375,2.9155,-0.1704,0.8704,1.3217,2,LEFT_MI
9888,38.625,5.8227,-6.4557,1.8485,-1.3113,2,LEFT_MI
9889,38.62890625,4.531,-6.1658,-2.6913,-6.7951,2,LEFT_MI
9890,38.6328125,2.3161,-0.8582,-4.1527,-4.2601,2,LEFT_MI
9891,38.63671875,-2.9726,4.9068,-3.3242,-8.4769,2,LEFT_MI
9892,38.640625,3.6613,-0.6308,-12.444,-10.0771,2,LEFT_MI
9893,38.64453125,2.6752,-0.8924,-5.4374,-10.181,2,LEFT_MI
9894,38.6484375,2.1838,-4.4848,-8.739,-7.4005,2,LEFT_MI
9895,38.65234375,1.6118,3.5826,-6.9502,0.3295,2,LEFT_MI
9896,38.65625,2.3127,-0.5105,-4.1497,-2.6209,2,LEFT_MI
9897,38.66015625,-4.752,6.1474,-3.9414,1.7097,2,LEFT_MI
9898,38.6640625,1.3994,6.7891,-1.1523,3.483,2,LEFT_MI
9899,38.66796875,-3.8674,6.2203,-2.341,4.5632,2,LEFT_MI
9900,38.671875,-4.8026,3.0442,0.3894,2.9265,2,LEFT_MI
9901,38.67578125,-7.4055,0.8128,0.7493,3.4838,2,LEFT_MI
9902,38.6796875,-11.6347,-7.0728,1.0965,3.68,2,LEFT_MI
9903,38.68359375,-12.3375,-2.5744,-3.3846,3.0847,2,LEFT_MI
9904,38.6875,-6.4014,-5.6717,-0.6329,6.2642,2,LEFT_MI
9905,38.69140625,-5.3286,-5.1383,4.0625,5.9128,2,LEFT_MI
9906,38.6953125,0.9911,-4.0366,5.9983,5.602,2,LEFT_MI
9907,38.69921875,-1.7397,-0.4999,2.6555,4.8186,2,LEFT_MI
9908,38.703125,1.1062,-1.2665,-1.2341,2.0883,2,LEFT_MI
9909,38.70703125,4.4826,1.7611,4.9906,11.6375,2,LEFT_MI
9910,38.7109375,5.4703,-2.1681,5.4817,-1.3649,2,LEFT_MI
9911,38.71484375,12.0692,-0.5231,6.8716,3.7305,2,LEFT_MI
9912,38.71875,2.7173,-1.092,0.7729,-3.9368,2,LEFT_MI
9913,38.72265625,12.7791,-2.7297,2.6199,-2.3265,2,LEFT_MI
9914,38.7265625,8.6044,-0.4246,4.7542,-5.1556,2,LEFT_MI
9915,38.73046875,3.6201,-5.7894,-1.9424,-5.7416,2,LEFT_MI
9916,38.734375,5.5119,-5.073,-3.5627,-8.2022,2,LEFT_MI
9917,38.73828125,2.8823,-1.0167,-12.478,-6.5452,2,LEFT_MI
9918,38.7421875,-0.4762,-0.2512,-11.3951,-8.8867,2,LEFT_MI
9919,38.74609375,0.9488,0.0277,-4.9845,-7.0622,2,LEFT_MI
9920,38.75,0.0503,5.286,-5.9648,0.5512,2,LEFT_MI
9921,38.75390625,4.9271,2.5151,-3.7114,-4.5553,2,LEFT_MI
9922,38.7578125,0.0616,8.6234,-7.1051,1.1172,2,LEFT_MI
9923,38.76171875,-1.4419,3.7379,-2.157,-1.8947,2,LEFT_MI
9924,38.765625,-0.4794,-0.3339,0.7766,3.5831,2,LEFT_MI
9925,38.76953125,0.2307,1.8325,2.6056,1.4446,2,LEFT_MI
9926,38.7734375,0.9692,0.3551,-0.336,0.3284,2,LEFT_MI
9927,38.77734375,-9.1278,1.9636,-5.2381,8.0562,2,LEFT_MI
9928,38.78125,-8.7048,-2.894,-5.0581,-0.1664,2,LEFT_MI
9929,38.78515625,-9.6105,-5.592,4.303,-3.0007,2,LEFT_MI
9930,38.7890625,-13.206,-6.0251,-0.5249,6.6208,2,LEFT_MI
9931,38.79296875,-5.2136,-0.0865,3.2228,1.4571,2,LEFT_MI
9932,38.796875,-1.3984,-7.6964,3.5317,1.8382,2,LEFT_MI
9933,38.80078125,2.4474,-1.6853,5.8882,3.5827,2,LEFT_MI
9934,38.8046875,5.9353,-2.1069,5.9867,1.8094,2,LEFT_MI
9935,38.80859375,7.387,5.8955,6.9197,2.4456,2,LEFT_MI
9936,38.8125,5.1192,5.0448,9.1985,3.5147,2,LEFT_MI
9937,38.81640625,12.2857,3.8787,5.3104,-2.496,2,LEFT_MI
9938,38.8203125,1.2135,4.1978,0.2149,-3.9186,2,LEFT_MI
9939,38.82421875,7.6097,-4.8254,-1.1719,-2.7649,2,LEFT_MI
9940,38.828125,0.8028,-0.5139,3.1496,-4.5893,2,LEFT_MI
9941,38.83203125,3.0996,-0.9149,-7.196,-11.9911,2,LEFT_MI
9942,38.8359375,-5.2373,-2.2306,-4.2157,-7.5305,2,LEFT_MI
9943,38.83984375,-0.7286,-4.7783,-2.9563,-15.4282,2,LEFT_MI
9944,38.84375,-2.9976,0.4285,-10.5419,-5.7919,2,LEFT_MI
9945,38.84765625,-0.2529,1.8094,-10.0588,-0.409,2,LEFT_MI
9946,38.8515625,3.7743,4.8803,-6.7864,-3.1098,2,LEFT_MI
9947,38.85546875,-5.3343,4.0757,-5.6848,3.2269,2,LEFT_MI
9948,38.859375,1.7376,4.4031,0.8571,0.2866,2,LEFT_MI
9949,38.86328125,1.0902,0.6652,-3.2694,9.8991,2,LEFT_MI
9950,38.8671875,-3.6369,3.4902,-6.6658,7.7449,2,LEFT_MI
9951,38.87109375,-6.7853,2.4676,1.4689,3.9824,2,LEFT_MI
9952,38.875,-5.6101,1.4833,-4.2745,3.4407,2,LEFT_MI
9953,38.87890625,-7.5638,-1.5584,0.2845,0.4076,2,LEFT_MI
9954,38.8828125,-1.3134,-6.5971,-1.2932,1.4928,2,LEFT_MI
9955,38.88671875,-7.8792,-5.7311,-0.4209,2.6203,2,LEFT_MI
9956,38.890625,-2.6547,-10.6895,5.4057,-0.0378,2,LEFT_MI
9957,38.89453125,-5.9815,-7.7069,6.697,-1.1613,2,LEFT_MI
9958,38.8984375,1.2367,-1.8905,3.2077,5.4831,2,LEFT_MI
9959,38.90234375,2.5817,0.7534,9.0699,3.3173,2,LEFT_MI
9960,38.90625,4.5501,4.5077,13.1336,-1.1546,2,LEFT_MI
9961,38.91015625,6.5093,5.9693,13.0385,-0.7125,2,LEFT_MI
9962,38.9140625,9.5826,-0.8136,10.7058,-2.0394,2,LEFT_MI
9963,38.91796875,3.726,3.983,11.6476,-6.5934,2,LEFT_MI
9964,38.921875,7.4233,2.5116,4.3972,-5.8172,2,LEFT_MI
9965,38.92578125,8.1228,-3.5997,-1.6724,-3.8762,2,LEFT_MI
9966,38.9296875,4.1476,1.9265,-3.3528,-8.939,2,LEFT_MI
9967,38.93359375,4.3455,-0.586,-1.5458,-11.0661,2,LEFT_MI
9968,38.9375,0.3011,0.8426,-4.1286,-4.2459,2,LEFT_MI
9969,38.94140625,3.4943,4.0292,-1.9311,-9.012,2,LEFT_MI
9970,38.9453125,-3.7662,-6.8085,-3.0914,-0.731,2,LEFT_MI
9971,38.94921875,-0.387,-1.4019,-7.6201,-6.7528,2,LEFT_MI
9972,38.953125,-1.1538,-0.6836,-11.0582,-0.5542,2,LEFT_MI
9973,38.95703125,6.7058,7.8588,-1.4609,-0.5636,2,LEFT_MI
9974,38.9609375,-3.9554,2.9178,2.0749,8.94,2,LEFT_MI
9975,38.96484375,-3.3024,3.6401,-2.3742,9.1634,2,LEFT_MI
9976,38.96875,-5.2057,1.8021,6.8848,5.2317,2,LEFT_MI
9977,38.97265625,-3.2198,2.0239,-0.3189,11.3112,2,LEFT_MI
9978,38.9765625,-5.6237,-1.2959,-1.1269,8.0071,2,LEFT_MI
9979,38.98046875,1.3524,-8.8321,0.5813,2.8329,2,LEFT_MI
9980,38.984375,-5.4947,-2.365,-3.8676,0.9917,2,LEFT_MI
9981,38.98828125,-3.2198,-3.9967,-0.2341,1.1117,2,LEFT_MI
9982,38.9921875,-5.0228,-4.4218,1.4079,-5.4777,2,LEFT_MI
9983,38.99609375,-6.2959,-3.0163,4.7688,3.73,2,LEFT_MI
9984,39.0,1.6192,-3.2483,5.87,-2.1618,2,LEFT_MI
9985,39.00390625,0.8092,0.3056,8.8315,-1.6968,2,LEFT_MI
9986,39.0078125,0.8285,0.9036,12.221,-2.0711,2,LEFT_MI
9987,39.01171875,12.6226,-0.2382,11.3829,-7.9746,2,LEFT_MI
9988,39.015625,6.7556,-1.5328,11.0062,-2.2418,2,LEFT_MI
9989,39.01953125,4.3677,6.9944,7.9417,-7.0479,2,LEFT_MI
9990,39.0234375,4.1401,-2.3899,2.4512,-5.4984,2,LEFT_MI
9991,39.02734375,5.4884,3.5791,-2.745,-15.5442,2,LEFT_MI
9992,39.03125,1.8396,4.2219,2.1707,-12.4129,2,LEFT_MI
9993,39.03515625,5.2355,3.1958,-4.3827,-8.5276,2,LEFT_MI
9994,39.0390625,3.1842,-2.2037,-10.467,-6.1514,2,LEFT_MI
9995,39.04296875,4.6099,-4.2826,-8.6541,-3.0949,2,LEFT_MI
9996,39.046875,2.2549,-0.2943,-3.416,-1.0847,2,LEFT_MI
9997,39.05078125,-2.3208,2.0624,-3.5031,1.7706,2,LEFT_MI
9998,39.0546875,1.6121,5.8296,-5.9583,3.8925,2,LEFT_MI
9999,39.05859375,0.3005,4.8956,-2.9176,8.8298,2,LEFT_MI
10000,39.0625,-3.0124,10.3725,1.6872,8.3053,2,LEFT_MI
10001,39.06640625,-0.9918,4.8776,-3.3917,6.8239,2,LEFT_MI
10002,39.0703125,-1.0503,2.038,-0.2528,7.2299,2,LEFT_MI
10003,39.07421875,-5.6431,0.7923,-4.3386,9.1856,2,LEFT_MI
10004,39.078125,-7.5772,-4.1821,-5.5811,3.0636,2,LEFT_MI
10005,39.08203125,-6.3163,-8.5347,-4.1691,1.3076,2,LEFT_MI
10006,39.0859375,-5.6802,-2.9066,-11.0861,1.2252,2,LEFT_MI
10007,39.08984375,-7.7556,-5.5017,5.8372,-4.0738,2,LEFT_MI
10008,39.09375,-0.9369,-1.5701,0.7349,2.1064,2,LEFT_MI
10009,39.09765625,-3.0367,-3.8182,7.1135,-1.1369,2,LEFT_MI
10010,39.1015625,1.6044,-3.3347,7.2765,-2.8888,2,LEFT_MI
10011,39.10546875,9.9189,-4.7083,11.5342,-3.3119,2,LEFT_MI
10012,39.109375,7.4433,-2.2666,10.7597,-1.9371,2,LEFT_MI
10013,39.11328125,8.0615,0.2346,12.2127,3.0373,2,LEFT_MI
10014,39.1171875,6.3222,0.2196,7.2414,-3.791,2,LEFT_MI
10015,39.12109375,0.1382,4.1659,10.8391,-2.2761,2,LEFT_MI
10016,39.125,4.0124,0.7546,4.1702,-3.4616,2,LEFT_MI
10017,39.12890625,7.6108,-2.8092,0.7276,-3.5379,2,LEFT_MI
10018,39.1328125,5.7415,-2.8772,-3.1095,0.3572,2,LEFT_MI
10019,39.13671875,0.7014,-3.3135,-5.5221,-3.7376,2,LEFT_MI
10020,39.140625,2.994,-3.8721,-10.6797,-0.5107,2,LEFT_MI
10021,39.14453125,-4.8997,-4.2734,-5.1094,-0.4335,2,LEFT_MI
10022,39.1484375,3.4035,-4.8968,-6.6967,3.6037,2,LEFT_MI
10023,39.15234375,-6.41,5.0859,-9.3615,2.2284,2,LEFT_MI
10024,39.15625,-0.3992,3.3444,-1.8783,10.8027,2,LEFT_MI
10025,39.16015625,-2.1635,3.0488,-5.4507,10.1883,2,LEFT_MI
10026,39.1640625,1.7099,3.648,-3.0401,4.9445,2,LEFT_MI
10027,39.16796875,-3.5208,5.9788,-3.6284,8.4352,2,LEFT_MI
10028,39.171875,-5.0685,-2.7224,-10.025,8.6653,2,LEFT_MI
10029,39.17578125,-1.1062,-2.8704,-7.4719,2.6601,2,LEFT_MI
10030,39.1796875,-6.0785,-2.25,1.8301,5.8443,2,LEFT_MI
10031,39.18359375,-10.0437,-3.7038,-3.2772,-2.8706,2,LEFT_MI
10032,39.1875,-9.3176,-4.6429,-3.148,4.6554,2,LEFT_MI
10033,39.19140625,-4.0372,-7.4765,4.3912,-4.6114,2,LEFT_MI
10034,39.1953125,1.3148,-1.0654,5.1903,-7.64,2,LEFT_MI
10035,39.19921875,-4.765,0.2554,8.0322,-0.8984,2,LEFT_MI
10036,39.203125,2.5363,-3.9718,5.6382,-5.0508,2,LEFT_MI
10037,39.20703125,1.1136,1.8448,8.229,-7.9337,2,LEFT_MI
10038,39.2109375,5.7443,0.0023,7.3873,0.2514,2,LEFT_MI
10039,39.21484375,7.535,1.995,6.1038,-0.4586,2,LEFT_MI
10040,39.21875,8.3616,0.4132,4.89,-6.2319,2,LEFT_MI
10041,39.22265625,5.8288,6.4278,7.2977,-1.4726,2,LEFT_MI
10042,39.2265625,2.074,3.4707,-1.0221,-2.4042,2,LEFT_MI
10043,39.23046875,2.7043,5.3331,0.8079,-7.18,2,LEFT_MI
10044,39.234375,-0.2792,-1.7002,-4.1059,-9.0053,2,LEFT_MI
10045,39.23828125,1.5028,-2.853,-7.9873,7.275,2,LEFT_MI
10046,39.2421875,-0.2334,-0.5062,-0.6362,-0.874,2,LEFT_MI
10047,39.24609375,5.7773,5.3546,-2.3767,1.8677,2,LEFT_MI
10048,39.25,-2.2507,-1.7332,-8.0998,2.8144,2,LEFT_MI
10049,39.25390625,-0.9432,2.3439,-3.0656,0.6847,2,LEFT_MI
10050,39.2578125,-0.0966,7.2933,-7.1129,5.8896,2,LEFT_MI
10051,39.26171875,-7.4762,1.7464,2.5413,11.4603,2,LEFT_MI
10052,39.265625,-0.9969,4.3305,-1.481,8.7762,2,LEFT_MI
10053,39.26953125,-2.4748,-0.122,-9.7009,0.1261,2,LEFT_MI
10054,39.2734375,-0.0723,-1.4932,-6.6521,7.4098,2,LEFT_MI
10055,39.27734375,-5.8489,6.0594,-5.5033,-5.8404,2,LEFT_MI
10056,39.28125,-8.0088,-2.5165,-2.4454,-2.0067,2,LEFT_MI
10057,39.28515625,-7.5429,-5.6899,-3.5068,-4.3192,2,LEFT_MI
10058,39.2890625,-13.4853,-0.1502,-2.6699,-3.5329,2,LEFT_MI
10059,39.29296875,-6.1044,6.8729,-3.2949,-2.4326,2,LEFT_MI
10060,39.296875,-2.7069,-7.1519,3.1557,-10.0167,2,LEFT_MI
10061,39.30078125,-2.2352,0.0556,8.9457,-5.5339,2,LEFT_MI
10062,39.3046875,5.7162,3.2834,12.232,-5.2657,2,LEFT_MI
10063,39.30859375,4.4485,-0.443,8.8322,-8.083,2,LEFT_MI
10064,39.3125,7.4232,1.5653,12.2716,-2.9295,2,LEFT_MI
10065,39.31640625,5.3036,4.3342,1.9327,-0.4659,2,LEFT_MI
10066,39.3203125,6.8309,-1.4759,3.9669,-0.9291,2,LEFT_MI
10067,39.32421875,9.6991,5.3819,2.0092,-0.2178,2,LEFT_MI
10068,39.328125,1.8604,-4.1756,0.8987,-4.9403,2,LEFT_MI
10069,39.33203125,6.9546,4.6006,2.3645,-6.158,2,LEFT_MI
10070,39.3359375,3.3597,1.9731,-4.1741,1.1397,2,LEFT_MI
10071,39.33984375,1.1635,-5.3147,1.5903,2.4257,2,LEFT_MI
10072,39.34375,-2.6499,-3.971,-4.7637,0.0007,2,LEFT_MI
10073,39.34765625,2.0103,-3.2193,-7.5947,4.5866,2,LEFT_MI
10074,39.3515625,0.8572,4.6424,-7.8085,7.4846,2,LEFT_MI
10075,39.35546875,-2.5124,2.8231,-0.7337,4.5264,2,LEFT_MI
10076,39.359375,-2.7156,5.0345,-2.7459,8.8249,2,LEFT_MI
10077,39.36328125,-5.1495,4.6038,3.2471,13.7145,2,LEFT_MI
10078,39.3671875,-4.6268,-5.4598,-8.1462,2.4093,2,LEFT_MI
10079,39.37109375,-4.3154,-0.0647,-4.145,5.4115,2,LEFT_MI
10080,39.375,-4.6475,2.1359,-4.9409,1.5659,2,LEFT_MI
10081,39.37890625,-10.7335,0.2398,-5.936,-2.1774,2,LEFT_MI
10082,39.3828125,-8.0539,-5.7144,-1.7102,-1.4013,2,LEFT_MI
10083,39.38671875,-7.518,-2.4361,-7.6167,-6.3072,2,LEFT_MI
10084,39.390625,-11.7979,-2.0754,-5.3348,-6.1118,2,LEFT_MI
10085,39.39453125,-5.1383,-7.5015,0.2858,-3.5648,2,LEFT_MI
10086,39.3984375,-0.9668,-1.0714,5.6202,-11.4094,2,LEFT_MI
10087,39.40234375,0.8871,-0.6095,12.2267,-3.7706,2,LEFT_MI
10088,39.40625,4.1664,0.1632,3.9051,-9.4634,2,LEFT_MI
10089,39.41015625,5.0259,4.2568,6.9128,-3.1363,2,LEFT_MI
10090,39.4140625,2.1886,2.975,9.6006,-0.6788,2,LEFT_MI
10091,39.41796875,5.0583,4.4721,4.1395,-0.8401,2,LEFT_MI
10092,39.421875,8.2893,0.9421,4.3025,-2.0805,2,LEFT_MI
10093,39.42578125,2.1116,1.9562,5.3712,-6.9924,2,LEFT_MI
10094,39.4296875,7.6646,2.9911,3.5028,-1.2257,2,LEFT_MI
10095,39.43359375,5.9944,0.8711,0.3438,-3.8187,2,LEFT_MI
10096,39.4375,7.326,-3.6385,-3.7881,-0.8226,2,LEFT_MI
10097,39.44140625,0.5252,-3.3147,-4.6848,-2.1385,2,LEFT_MI
10098,39.4453125,1.7696,-1.1477,-3.8386,2.6331,2,LEFT_MI
10099,39.44921875,-1.0671,0.0536,0.1834,9.4969,2,LEFT_MI
10100,39.453125,0.1613,-2.5431,-9.6763,8.1475,2,LEFT_MI
10101,39.45703125,-1.4951,2.901,-3.837,9.897,2,LEFT_MI
10102,39.4609375,3.5863,3.6136,-1.208,13.6007,2,LEFT_MI
10103,39.46484375,0.0764,0.1253,-6.9265,8.5775,2,LEFT_MI
10104,39.46875,-1.2226,-3.2104,-2.1139,0.0296,2,LEFT_MI
10105,39.47265625,-7.2019,-3.8619,1.6788,7.0514,2,LEFT_MI
10106,39.4765625,-12.9235,-3.47,-6.7258,-1.1958,2,LEFT_MI
10107,39.48046875,-8.1604,-7.3658,-4.2614,-6.7942,2,LEFT_MI
10108,39.484375,-0.7651,-0.5482,-6.5479,-10.6791,2,LEFT_MI
10109,39.48828125,-4.2938,-4.7309,-3.6215,-3.5231,2,LEFT_MI
10110,39.4921875,-1.7111,-3.4488,-1.7123,-6.8683,2,LEFT_MI
10111,39.49609375,-0.2909,1.0417,-2.3678,-11.604,2,LEFT_MI
10112,39.5,-1.885,0.0366,4.5061,-3.944,2,LEFT_MI
10113,39.50390625,4.7982,4.691,11.2245,-5.1173,2,LEFT_MI
10114,39.5078125,9.6393,2.2346,9.0895,-4.3714,2,LEFT_MI
10115,39.51171875,3.5698,2.7703,3.9616,-0.2791,2,LEFT_MI
10116,39.515625,8.6316,7.6341,8.7137,1.721,2,LEFT_MI
10117,39.51953125,14.175,6.9629,6.482,0.0317,2,LEFT_MI
10118,39.5234375,9.6503,3.5099,4.366,5.071,2,LEFT_MI
10119,39.52734375,2.0608,-1.0567,5.9847,-5.6386,2,LEFT_MI
10120,39.53125,10.3742,-2.2301,8.3387,-1.3999,2,LEFT_MI
10121,39.53515625,2.6124,-8.8136,-0.351,-0.8955,2,LEFT_MI
10122,39.5390625,3.0878,1.0024,2.1698,0.299,2,LEFT_MI
10123,39.54296875,-2.8591,1.1815,-2.4011,9.9578,2,LEFT_MI
10124,39.546875,-1.0027,2.4954,-6.0934,1.9085,2,LEFT_MI
10125,39.55078125,0.4501,-1.636,-3.4814,2.8757,2,LEFT_MI
10126,39.5546875,0.2818,4.2408,-4.9719,6.82,2,LEFT_MI
10127,39.55859375,0.245,3.7244,-6.7301,12.538,2,LEFT_MI
10128,39.5625,2.9349,5.0124,-1.2332,14.4915,2,LEFT_MI
10129,39.56640625,-0.4717,2.1368,-6.5566,-0.8837,2,LEFT_MI
10130,39.5703125,-5.9858,0.6182,-5.6017,8.7539,2,LEFT_MI
10131,39.57421875,-2.8553,2.5955,-3.8671,0.0149,2,LEFT_MI
10132,39.578125,-3.2741,-0.1568,-7.2612,-5.3367,2,LEFT_MI
10133,39.58203125,-7.315,-2.8451,-5.966,-3.7499,2,LEFT_MI
10134,39.5859375,-4.7062,-5.443,-7.8303,-9.5472,2,LEFT_MI
10135,39.58984375,-1.703,-6.1322,-7.4689,-5.8764,2,LEFT_MI
10136,39.59375,-2.7265,-6.297,2.2285,-6.6701,2,LEFT_MI
10137,39.59765625,2.4455,-3.7225,5.7699,-5.4239,2,LEFT_MI
10138,39.6015625,-4.7072,-0.6939,7.1924,-5.91,2,LEFT_MI
10139,39.60546875,0.9953,1.8491,5.9727,-3.6575,2,LEFT_MI
10140,39.609375,7.6685,2.3219,8.5181,-5.7918,2,LEFT_MI
10141,39.61328125,6.2575,3.0043,12.263,-0.6524,2,LEFT_MI
10142,39.6171875,9.7018,6.1078,6.3433,-3.048,2,LEFT_MI
10143,39.62109375,6.6408,3.811,5.158,-4.7337,2,LEFT_MI
10144,39.625,-2.0844,2.1047,11.7471,5.9064,2,LEFT_MI
10145,39.62890625,3.1677,-0.9557,4.3515,5.1268,2,LEFT_MI
10146,39.6328125,0.3722,0.4629,-0.9405,-0.5942,2,LEFT_MI
10147,39.63671875,3.9258,3.1122,-0.5776,2.8888,2,LEFT_MI
10148,39.640625,1.7269,-2.7308,0.3876,1.6864,2,LEFT_MI
10149,39.64453125,3.5118,-2.7048,-1.025,3.5707,2,LEFT_MI
10150,39.6484375,2.6035,-1.0876,-3.18,5.8897,2,LEFT_MI
10151,39.65234375,0.4933,-3.2596,1.0814,0.1628,2,LEFT_MI
10152,39.65625,0.9109,5.647,-9.0518,4.7173,2,LEFT_MI
10153,39.66015625,-0.9358,2.1497,-5.681,5.8904,2,LEFT_MI
10154,39.6640625,-5.2794,1.7634,-4.33,8.8123,2,LEFT_MI
10155,39.66796875,-5.8544,0.6402,-3.3383,-0.2731,2,LEFT_MI
10156,39.671875,-6.0355,-0.8226,-5.9146,-4.0866,2,LEFT_MI
10157,39.67578125,-5.2262,0.3551,-9.8119,-2.8497,2,LEFT_MI
10158,39.6796875,-11.0668,-3.6423,-5.8815,-7.0753,2,LEFT_MI
10159,39.68359375,-9.6944,-5.8517,-4.8088,-10.9981,2,LEFT_MI
10160,39.6875,-9.1934,-6.7533,-2.3983,-13.1846,2,LEFT_MI
10161,39.69140625,-2.7549,-4.9588,-1.1742,-7.2865,2,LEFT_MI
10162,39.6953125,-1.5818,-0.8075,-4.1372,-5.4704,2,LEFT_MI
10163,39.69921875,-1.409,-4.623,1.4704,-1.152,2,LEFT_MI
10164,39.703125,4.6608,1.4701,2.5109,-9.2336,2,LEFT_MI
10165,39.70703125,5.6499,1.7995,6.0135,-1.49,2,LEFT_MI
10166,39.7109375,12.987,2.2828,3.3022,-0.688,2,LEFT_MI
10167,39.71484375,7.4745,6.2829,7.806,-0.9154,2,LEFT_MI
10168,39.71875,5.4123,4.0242,10.3547,7.7128,2,LEFT_MI
10169,39.72265625,7.2086,5.6999,8.0453,6.4405,2,LEFT_MI
10170,39.7265625,5.5169,0.5656,1.1808,6.2778,2,LEFT_MI
10171,39.73046875,1.0197,-2.9563,8.6294,1.1768,2,LEFT_MI
10172,39.734375,-1.5983,4.2734,3.806,0.2538,2,LEFT_MI
10173,39.73828125,0.6462,-3.8976,-6.7382,4.3387,2,LEFT_MI
10174,39.7421875,-0.9849,-0.4733,1.3879,-1.743,2,LEFT_MI
10175,39.74609375,-0.1073,-1.8734,-0.2587,3.4336,2,LEFT_MI
10176,39.75,0.263,-0.0236,-7.5964,5.793,2,LEFT_MI
10177,39.75390625,3.4408,1.3267,-0.1636,5.2638,2,LEFT_MI
10178,39.7578125,-1.9645,2.9626,-4.4638,6.406,2,LEFT_MI
10179,39.76171875,0.1345,6.6668,0.6299,2.7062,2,LEFT_MI
10180,39.765625,-0.4537,0.3925,-6.0381,2.755,2,LEFT_MI
10181,39.76953125,-3.4003,-1.4248,-0.9467,-1.1514,2,LEFT_MI
10182,39.7734375,-7.3361,-5.7147,-11.0318,-2.1414,2,LEFT_MI
10183,39.77734375,-3.7851,-5.7429,0.0516,-8.6919,2,LEFT_MI
10184,39.78125,-4.6085,-5.3878,-4.346,-4.2749,2,LEFT_MI
10185,39.78515625,-9.1667,-12.9559,-7.0306,-14.3086,2,LEFT_MI
10186,39.7890625,-9.2157,-4.9046,-10.2461,-7.4267,2,LEFT_MI
10187,39.79296875,-3.4255,-0.2087,1.1492,-10.9222,2,LEFT_MI
10188,39.796875,-4.2935,-4.7711,-5.453,-9.3098,2,LEFT_MI
10189,39.80078125,-2.3306,2.7171,3.729,2.7775,2,LEFT_MI
10190,39.8046875,3.6393,0.6374,7.3084,-3.1367,2,LEFT_MI
10191,39.80859375,3.6281,2.0223,7.5228,-0.089,2,LEFT_MI
10192,39.8125,8.1452,8.0873,12.4033,0.6026,2,LEFT_MI
10193,39.81640625,8.8526,4.273,10.0525,6.7983,2,LEFT_MI
10194,39.8203125,5.1093,4.7156,6.9719,7.9777,2,LEFT_MI
10195,39.82421875,7.0303,4.4722,4.2639,5.1958,2,LEFT_MI
10196,39.828125,8.1925,6.6362,3.068,4.5412,2,LEFT_MI
10197,39.83203125,3.5513,1.0836,-1.0,7.2404,2,LEFT_MI
10198,39.8359375,1.2048,1.4507,-0.5833,4.2756,2,LEFT_MI
10199,39.83984375,0.0503,-0.4794,1.1917,5.2964,2,LEFT_MI
10200,39.84375,-0.382,-4.9728,2.1763,6.7957,2,LEFT_MI
10201,39.84765625,1.3237,3.1375,-2.2371,-1.5142,2,LEFT_MI
10202,39.8515625,1.9031,1.3743,0.8866,5.3492,2,LEFT_MI
10203,39.85546875,-0.4469,-2.3738,-4.5891,-0.1842,2,LEFT_MI
10204,39.859375,-1.2639,3.0439,-1.4242,7.4196,2,LEFT_MI
10205,39.86328125,0.9273,-0.8807,-6.49,1.7292,2,LEFT_MI
10206,39.8671875,-1.8062,-1.0268,-7.4631,-1.2486,2,LEFT_MI
10207,39.87109375,-4.9102,-0.108,5.7289,-0.5145,2,LEFT_MI
10208,39.875,-3.8466,1.8869,-7.9506,-2.9795,2,LEFT_MI
10209,39.87890625,-3.2841,-0.9765,-8.3898,-3.3334,2,LEFT_MI
10210,39.8828125,-13.1554,-2.6027,-4.6188,-9.5311,2,LEFT_MI
10211,39.88671875,-9.0483,-1.1345,-6.5821,-7.6498,2,LEFT_MI
10212,39.890625,-5.3287,-2.3569,-3.8719,-3.8717,2,LEFT_MI
10213,39.89453125,-3.5667,-5.3274,-7.4568,-6.114,2,LEFT_MI
10214,39.8984375,-4.9489,-3.1696,-3.9907,-3.5277,2,LEFT_MI
10215,39.90234375,-0.7931,-2.1266,-1.7902,0.824,2,LEFT_MI
10216,39.90625,8.721,2.6125,7.0228,-1.571,2,LEFT_MI
10217,39.91015625,5.9799,4.8926,4.581,7.153,2,LEFT_MI
10218,39.9140625,8.5555,4.1904,6.3329,10.1608,2,LEFT_MI
10219,39.91796875,8.3475,7.6099,3.9483,4.5108,2,LEFT_MI
10220,39.921875,7.6092,5.4059,11.0457,2.2245,2,LEFT_MI
10221,39.92578125,7.2986,5.5783,9.6008,5.2376,2,LEFT_MI
10222,39.9296875,3.3353,2.1345,-1.1151,7.1283,2,LEFT_MI
10223,39.93359375,3.9688,-2.3265,3.8049,1.7617,2,LEFT_MI
10224,39.9375,-3.4769,0.762,2.8767,3.6808,2,LEFT_MI
10225,39.94140625,-0.0501,-7.7483,2.397,0.0136,2,LEFT_MI
10226,39.9453125,2.9019,-2.4571,3.4247,0.8235,2,LEFT_MI
10227,39.94921875,-3.8546,2.1137,-0.1092,6.835,2,LEFT_MI
10228,39.953125,3.1417,-3.4559,-1.1337,3.3665,2,LEFT_MI
10229,39.95703125,1.4158,1.2929,-0.4083,2.4608,2,LEFT_MI
10230,39.9609375,3.1599,2.0734,0.4014,3.3832,2,LEFT_MI
10231,39.96484375,2.3512,1.6531,5.7209,-0.2305,2,LEFT_MI
10232,39.96875,-6.2257,1.3834,-10.9231,-4.7227,2,LEFT_MI
10233,39.97265625,-7.9496,-0.959,-2.8401,-4.6599,2,LEFT_MI
10234,39.9765625,-7.8482,-1.4395,-7.7055,-6.7739,2,LEFT_MI
10235,39.98046875,-6.1741,-6.7159,-10.2715,-7.3765,2,LEFT_MI
10236,39.984375,-9.4846,-2.2425,-5.7826,-7.9695,2,LEFT_MI
10237,39.98828125,-6.9,-0.9192,-6.8067,-9.6718,2,LEFT_MI
10238,39.9921875,-7.7434,-3.5517,-11.1634,-6.9635,2,LEFT_MI
10239,39.99609375,0.2714,-4.1291,-6.8632,-5.4317,2,LEFT_MI
10240,40.0,-2.0171,-6.1046,-0.4354,3.5173,2,LEFT_MI
10241,40.00390625,9.7473,2.9155,-0.3315,2.303,2,LEFT_MI
10242,40.0078125,7.1738,-2.6223,3.9544,6.2845,2,LEFT_MI
10243,40.01171875,5.6043,7.1369,9.5269,6.4062,2,LEFT_MI
10244,40.015625,11.7863,13.0953,8.6422,4.7536,2,LEFT_MI
10245,40.01953125,9.9664,3.5166,9.3328,9.4392,2,LEFT_MI
10246,40.0234375,2.6068,3.8259,9.6488,6.984,2,LEFT_MI
10247,40.02734375,4.0144,-0.1959,5.2775,2.0096,2,LEFT_MI
10248,40.03125,3.8367,-4.6201,1.6213,2.8825,2,LEFT_MI
10249,40.03515625,4.0438,0.268,1.0333,-1.0811,2,LEFT_MI
10250,40.0390625,-2.617,3.0049,1.7465,2.8707,2,LEFT_MI
10251,40.04296875,-0.0924,-2.5258,-0.9253,-2.1911,2,LEFT_MI
10252,40.046875,-1.1205,-0.4996,4.2345,-0.8146,2,LEFT_MI
10253,40.05078125,1.0768,0.1828,5.1091,1.1203,2,LEFT_MI
10254,40.0546875,-0.2918,-1.4555,2.3944,0.0674,2,LEFT_MI
10255,40.05859375,-4.2766,2.928,-1.1655,-3.32,2,LEFT_MI
10256,40.0625,2.6101,-0.3803,-1.0251,-3.0949,2,LEFT_MI
10257,40.06640625,-0.1112,5.1393,-1.5802,-1.6971,2,LEFT_MI
10258,40.0703125,-10.8446,0.9348,-8.1949,0.061,2,LEFT_MI
10259,40.07421875,-6.0406,-1.6377,-5.3373,-1.1103,2,LEFT_MI
10260,40.078125,-3.6074,-3.4615,-6.1645,-6.689,2,LEFT_MI
10261,40.08203125,-10.958,-0.5792,-8.9961,-6.3833,2,LEFT_MI
10262,40.0859375,-9.8138,-4.0755,-9.3237,-7.5286,2,LEFT_MI
10263,40.08984375,-7.8359,-3.1257,-6.8932,-6.8579,2,LEFT_MI
10264,40.09375,-6.1195,-6.7121,-6.2149,-1.8536,2,LEFT_MI
10265,40.09765625,-3.2186,-0.8243,-2.1762,-7.5348,2,LEFT_MI
10266,40.1015625,7.4735,4.5207,-4.5763,10.7124,2,LEFT_MI
10267,40.10546875,2.2793,1.5585,5.0284,4.4548,2,LEFT_MI
10268,40.109375,2.4813,-0.9427,9.0983,14.5385,2,LEFT_MI
10269,40.11328125,14.3467,0.0724,1.4791,6.555,2,LEFT_MI
10270,40.1171875,7.1886,5.7307,7.5527,12.6784,2,LEFT_MI
10271,40.12109375,8.4245,6.577,7.6265,12.5331,2,LEFT_MI
10272,40.125,5.0756,2.4556,0.7344,4.4076,2,LEFT_MI
10273,40.12890625,6.4012,2.5188,0.9403,0.9587,2,LEFT_MI
10274,40.1328125,2.8283,-0.2545,1.7037,3.7198,2,LEFT_MI
10275,40.13671875,-4.82,0.7269,-0.1027,-3.3886,2,LEFT_MI
10276,40.140625,-1.9562,-7.2794,4.0537,-1.3494,2,LEFT_MI
10277,40.14453125,3.9354,-3.0242,0.5901,-6.3369,2,LEFT_MI
10278,40.1484375,-1.1972,3.0294,1.7008,-2.1104,2,LEFT_MI
10279,40.15234375,2.1213,5.4623,2.8806,-7.8768,2,LEFT_MI
10280,40.15625,-0.8183,6.7515,2.5435,0.425,2,LEFT_MI
10281,40.16015625,0.1476,0.4759,-1.9144,-2.2337,2,LEFT_MI
10282,40.1640625,-2.1023,7.4161,-5.058,-1.6097,2,LEFT_MI
10283,40.16796875,-7.3485,0.1635,-3.0546,-2.6805,2,LEFT_MI
10284,40.171875,-6.3208,-0.824,0.7684,-6.9581,2,LEFT_MI
10285,40.17578125,-7.1323,-3.7836,-8.7637,-6.0445,2,LEFT_MI
10286,40.1796875,-6.3707,-5.2477,-2.3013,-5.6254,2,LEFT_MI
10287,40.18359375,-8.9899,-3.7898,-8.5869,-6.6311,2,LEFT_MI
10288,40.1875,-7.8562,-4.2612,-5.9584,-0.2098,2,LEFT_MI
10289,40.19140625,-6.6067,-3.834,-6.3925,-0.2943,2,LEFT_MI
10290,40.1953125,-1.5405,2.4111,-5.3922,0.3231,2,LEFT_MI
10291,40.19921875,0.0472,3.553,-3.5333,3.9209,2,LEFT_MI
10292,40.203125,1.5567,4.1796,7.2628,9.5289,2,LEFT_MI
10293,40.20703125,8.5647,-0.0939,6.2265,1.7898,2,LEFT_MI
10294,40.2109375,7.2369,6.9144,6.7222,7.3768,2,LEFT_MI
10295,40.21484375,11.0225,4.4041,3.7645,7.8983,2,LEFT_MI
10296,40.21875,6.9461,6.2604,8.9567,9.3158,2,LEFT_MI
10297,40.22265625,8.0427,8.7156,2.8845,4.8766,2,LEFT_MI
10298,40.2265625,6.2872,2.5016,6.375,-1.0416,2,LEFT_MI
10299,40.23046875,3.804,-0.3769,6.3468,4.3164,2,LEFT_MI
10300,40.234375,5.5771,2.9106,4.8741,-4.9874,2,LEFT_MI
10301,40.23828125,-1.6357,0.196,3.2937,-3.3102,2,LEFT_MI
10302,40.2421875,1.4979,6.4282,2.2537,-2.5107,2,LEFT_MI
10303,40.24609375,-0.2405,-1.4294,1.2946,-8.9459,2,LEFT_MI
10304,40.25,0.9369,2.6886,-0.7832,-7.2779,2,LEFT_MI
10305,40.25390625,-4.6775,2.0296,4.997,-2.3628,2,LEFT_MI
10306,40.2578125,-0.017,1.8099,-2.8212,-1.4327,2,LEFT_MI
10307,40.26171875,1.0763,-1.3259,-2.4214,-3.0012,2,LEFT_MI
10308,40.265625,-3.0014,-0.6733,-1.5151,-3.3349,0,REST
10309,40.26953125,-5.2568,-1.7422,-1.9452,-0.6026,0,REST
10310,40.2734375,-6.0761,-0.8708,-5.7571,-2.2629,0,REST
10311,40.27734375,-0.7354,-3.4603,-2.2268,-3.5262,0,REST
10312,40.28125,-2.7654,-3.7786,-2.5944,1.0139,0,REST
10313,40.28515625,-7.6707,-0.285,-4.4047,1.0874,0,REST
10314,40.2890625,-4.7214,3.3314,-3.0867,-0.4996,0,REST
10315,40.29296875,0.0968,3.5392,-4.9694,-2.1235,0,REST
10316,40.296875,-6.0093,4.178,-4.8502,-1.1541,0,REST
10317,40.30078125,-2.8517,1.9947,-4.8111,-0.6136,0,REST
10318,40.3046875,1.8947,6.8663,-5.7461,0.9035,0,REST
10319,40.30859375,-2.475,2.2038,-2.4468,3.693,0,REST
10320,40.3125,1.3873,3.734,-4.046,1.819,0,REST
10321,40.31640625,1.3887,4.9501,1.559,2.2971,0,REST
10322,40.3203125,1.9866,4.4622,-0.9672,5.7821,0,REST
10323,40.32421875,4.242,3.4388,1.3336,7.2965,0,REST
10324,40.328125,5.1575,1.6699,4.3285,5.1975,0,REST
10325,40.33203125,8.4166,-1.8081,7.133,0.4676,0,REST
10326,40.3359375,7.8694,-1.6092,2.6186,2.4784,0,REST
10327,40.33984375,5.2138,-0.6712,5.128,2.1656,0,REST
10328,40.34375,5.6771,1.3407,8.3971,0.6045,0,REST
10329,40.34765625,5.9576,-1.4617,6.1112,0.8524,0,REST
10330,40.3515625,2.2994,-5.3781,5.9201,-1.7956,0,REST
10331,40.35546875,1.5373,0.3815,5.6345,-3.6473,0,REST
10332,40.359375,-0.5748,-1.4844,6.8349,-3.3801,0,REST
10333,40.36328125,-1.6351,-4.3744,4.5177,-5.0336,0,REST
10334,40.3671875,-4.6106,-2.2699,1.1042,-6.1882,0,REST
10335,40.37109375,-5.8324,-2.7985,-3.0281,-3.0227,0,REST
10336,40.375,-4.8935,-6.2799,-2.1586,-3.8413,0,REST
10337,40.37890625,-9.2013,-3.6105,-7.119,-6.1276,0,REST
10338,40.3828125,-11.1762,-0.9693,-7.8051,-5.8035,0,REST
10339,40.38671875,-10.7825,-3.5376,-9.1891,-1.543,0,REST
10340,40.390625,-7.5679,-1.6867,-12.0851,0.5558,0,REST
10341,40.39453125,-9.9772,-0.8889,-9.9011,3.4946,0,REST
10342,40.3984375,-7.325,1.7239,-9.7864,5.0642,0,REST
10343,40.40234375,-2.2825,-1.7089,-8.5768,8.9524,0,REST
10344,40.40625,1.4336,0.7917,-9.7646,6.4006,0,REST
10345,40.41015625,1.3147,-1.6453,-3.9064,4.6956,0,REST
10346,40.4140625,3.8085,1.3392,-0.9703,11.5174,0,REST
10347,40.41796875,7.7447,2.7948,5.2527,9.0619,0,REST
10348,40.421875,12.5342,2.0753,7.7755,7.3629,0,REST
10349,40.42578125,12.9588,2.2733,3.1873,8.3,0,REST
10350,40.4296875,10.9417,5.8288,12.9666,6.1105,0,REST
10351,40.43359375,11.6054,6.0102,9.5776,2.0531,0,REST
10352,40.4375,7.4152,7.2105,10.6907,-2.4577,0,REST
10353,40.44140625,6.8602,0.0717,14.8736,-4.4733,0,REST
10354,40.4453125,5.7952,1.2253,14.6173,-8.2584,0,REST
10355,40.44921875,2.557,-0.6354,7.2202,-8.661,0,REST
10356,40.453125,-2.6188,0.2741,11.5333,-9.2902,0,REST
10357,40.45703125,-2.0845,-3.8372,5.0351,-7.7193,0,REST
10358,40.4609375,-6.8616,-3.9854,2.2506,-7.3036,0,REST
10359,40.46484375,-8.0258,-6.2761,-0.2014,-9.7509,0,REST
10360,40.46875,-11.1559,-5.2767,-5.7186,-10.3479,0,REST
10361,40.47265625,-11.6296,-1.9724,-9.5094,-5.4325,0,REST
10362,40.4765625,-13.11,-7.2246,-11.4884,-2.902,0,REST
10363,40.48046875,-12.6768,-6.3856,-17.1608,-3.5192,0,REST
10364,40.484375,-15.2853,-3.8533,-12.3225,2.9419,0,REST
10365,40.48828125,-8.5973,-3.1947,-13.485,4.6116,0,REST
10366,40.4921875,-7.0955,-2.2595,-9.8883,7.6147,0,REST
10367,40.49609375,-4.2714,-1.8206,-10.5446,7.8291,0,REST
10368,40.5,0.406,2.3961,-6.6172,8.8892,0,REST
10369,40.50390625,3.8696,-1.8536,-6.7139,11.4016,0,REST
10370,40.5078125,4.465,3.7995,-0.2247,15.5916,0,REST
10371,40.51171875,4.5025,3.7487,4.2284,12.4955,0,REST
10372,40.515625,9.7863,7.8255,6.6991,7.1127,0,REST
10373,40.51953125,10.725,6.3852,6.8366,9.4553,0,REST
10374,40.5234375,13.5505,9.0403,12.021,2.5145,0,REST
10375,40.52734375,15.005,8.4821,7.8817,-1.851,0,REST
10376,40.53125,12.1282,6.331,9.6635,-2.1034,0,REST
10377,40.53515625,10.8991,6.9218,11.5456,-3.9519,0,REST
10378,40.5390625,5.8031,4.2245,17.6897,-7.4442,0,REST
10379,40.54296875,2.9773,1.0383,10.8721,-11.0337,0,REST
10380,40.546875,1.5263,3.2938,8.4746,-13.1208,0,REST
10381,40.55078125,-1.4097,2.5381,4.7903,-13.6741,0,REST
10382,40.5546875,-7.4164,-6.3801,3.823,-10.9638,0,REST
10383,40.55859375,-6.7992,-6.226,-0.5633,-7.5206,0,REST
10384,40.5625,-12.4045,-9.0508,-4.0529,-6.9629,0,REST
10385,40.56640625,-11.0107,-8.5338,-8.1355,-6.8556,0,REST
10386,40.5703125,-14.8006,-4.7353,-9.1504,-1.6103,0,REST
10387,40.57421875,-9.6227,-6.0694,-9.814,0.5652,0,REST
10388,40.578125,-12.4235,-7.7482,-16.1798,4.1485,0,REST
10389,40.58203125,-7.4769,-7.3499,-13.1629,5.6666,0,REST
10390,40.5859375,-2.5328,-5.6616,-9.9104,11.9091,0,REST
10391,40.58984375,-3.3725,-4.6869,-7.9715,13.298,0,REST
10392,40.59375,-0.704,1.4405,-4.9957,10.6995,0,REST
10393,40.59765625,3.0081,1.2271,-5.106,13.8574,0,REST
10394,40.6015625,6.458,5.5292,-5.6285,11.9891,0,REST
10395,40.60546875,9.3775,4.6357,2.1271,8.3412,0,REST
10396,40.609375,10.8159,9.5037,3.9742,3.1735,0,REST
10397,40.61328125,9.4061,11.481,6.5545,4.6797,0,REST
10398,40.6171875,10.432,7.2385,7.125,-1.3354,0,REST
10399,40.62109375,10.9351,11.8276,6.9106,-2.6463,0,REST
10400,40.625,10.1252,7.3539,9.2797,-4.1893,0,REST
10401,40.62890625,9.245,5.2959,12.602,-11.0129,0,REST
10402,40.6328125,5.0027,4.4874,6.8085,-13.1415,0,REST
10403,40.63671875,2.2382,4.5418,9.7705,-7.9136,0,REST
10404,40.640625,3.3228,0.6916,6.8502,-12.8835,0,REST
10405,40.64453125,-0.9934,-1.3653,2.3636,-13.229,0,REST
10406,40.6484375,-6.8939,-4.8713,3.0858,-9.8765,0,REST
10407,40.65234375,-5.0391,-6.2156,-1.3804,-9.4307,0,REST
10408,40.65625,-6.9754,-11.3266,0.0101,-6.8961,0,REST
10409,40.66015625,-7.1457,-12.6596,-2.0839,-2.8278,0,REST
10410,40.6640625,-10.2145,-9.8516,-3.7144,1.1516,0,REST
10411,40.66796875,-6.3412,-10.1864,-4.8126,6.924,0,REST
10412,40.671875,-5.8105,-7.8325,-6.3936,9.4576,0,REST
10413,40.67578125,-3.2018,-8.649,-6.5377,10.7553,0,REST
10414,40.6796875,-4.4252,-6.7009,-7.2686,12.9576,0,REST
10415,40.68359375,-3.1549,-1.4723,-5.2547,13.0338,0,REST
10416,40.6875,0.6157,-2.6804,-4.8998,10.933,0,REST
10417,40.69140625,1.0631,2.0131,-6.5458,10.6262,0,REST
10418,40.6953125,5.321,3.7044,0.0829,6.7904,0,REST
10419,40.69921875,3.159,7.7023,-3.5294,4.5419,0,REST
10420,40.703125,6.6241,11.379,0.5553,2.1226,0,REST
10421,40.70703125,3.9735,11.0934,1.389,-0.1426,0,REST
10422,40.7109375,2.5017,13.168,1.496,-1.9675,0,REST
10423,40.71484375,3.7892,12.9356,4.953,-4.8837,0,REST
10424,40.71875,3.9159,12.007,5.0613,-6.2469,0,REST
10425,40.72265625,5.9281,11.8997,6.044,-12.1263,0,REST
10426,40.7265625,4.8528,8.2975,3.0394,-12.7048,0,REST
10427,40.73046875,0.278,5.5621,5.7097,-8.8483,0,REST
10428,40.734375,0.427,2.7364,2.7896,-10.9036,0,REST
10429,40.73828125,-0.9672,-2.1016,4.9443,-6.8688,0,REST
10430,40.7421875,-0.0488,-6.6478,1.6038,-2.6032,0,REST
10431,40.74609375,-0.3141,-7.0897,1.837,-0.9649,0,REST
10432,40.75,-0.9628,-7.5549,-1.8777,-0.0576,0,REST
10433,40.75390625,-0.0505,-13.2624,1.7529,0.3523,0,REST
10434,40.7578125,0.5506,-12.117,3.2728,3.2248,0,REST
10435,40.76171875,-0.0567,-13.5799,-1.1574,4.427,0,REST
10436,40.765625,-3.1102,-13.3144,-0.1128,7.459,0,REST
10437,40.76953125,-2.7132,-11.1004,1.4538,8.3758,0,REST
10438,40.7734375,-6.0257,-6.5085,-4.2295,9.7383,0,REST
10439,40.77734375,-2.5297,-8.6434,-0.1751,7.8734,0,REST
10440,40.78125,-4.6172,1.3122,-0.4756,6.4046,0,REST
10441,40.78515625,-2.6094,2.9749,-5.7301,6.1884,0,REST
10442,40.7890625,-2.3844,4.8565,-1.6129,2.9529,0,REST
10443,40.79296875,-3.5963,4.9273,-2.2623,-1.42,0,REST
10444,40.796875,-1.7993,9.1197,-4.5842,-0.484,0,REST
10445,40.80078125,-4.2811,13.4376,-7.3402,3.5893,0,REST
10446,40.8046875,-0.0917,8.9372,-2.7027,-2.6941,0,REST
10447,40.80859375,-2.7682,13.5086,-6.3822,-3.2316,0,REST
10448,40.8125,2.8867,11.7981,-4.5744,-2.4317,0,REST
10449,40.81640625,1.8593,6.206,-9.0099,-8.4723,0,REST
10450,40.8203125,-0.3725,8.9369,1.292,-4.7143,0,REST
10451,40.82421875,6.9856,3.3654,-3.5115,-6.5082,0,REST
10452,40.828125,2.0747,0.0766,1.193,-3.6976,0,REST
10453,40.83203125,9.8752,1.7184,2.2877,-3.8921,0,REST
10454,40.8359375,9.4006,-5.9277,4.1342,-2.2092,0,REST
10455,40.83984375,5.5034,-4.8714,1.7944,2.6236,0,REST
10456,40.84375,8.4406,-10.0714,9.1788,-1.7931,0,REST
10457,40.84765625,5.6929,-10.3644,7.6681,0.6183,0,REST
10458,40.8515625,3.5793,-12.4,11.0676,1.3631,0,REST
10459,40.85546875,4.7597,-12.1708,7.6748,-1.7384,0,REST
10460,40.859375,-0.5884,-8.8006,7.9836,0.0809,0,REST
10461,40.86328125,0.1862,-10.519,8.1089,4.0192,0,REST
10462,40.8671875,-3.545,-9.4971,7.3644,4.0592,0,REST
10463,40.87109375,-8.0995,-5.2093,3.8752,5.5543,0,REST
10464,40.875,-8.7088,-2.3204,-1.355,0.3866,0,REST
10465,40.87890625,-9.2135,-0.3075,-2.7734,1.9563,0,REST
10466,40.8828125,-10.429,5.7349,-3.9848,3.9193,0,REST
10467,40.88671875,-8.7899,7.1278,-3.09,2.1703,0,REST
10468,40.890625,-10.5729,9.1318,-7.4172,3.534,0,REST
10469,40.89453125,-4.5133,10.0848,-9.9433,3.4845,0,REST
10470,40.8984375,-7.3631,13.1594,-8.5555,4.8513,0,REST
10471,40.90234375,-6.6622,13.7288,-12.7723,1.0801,0,REST
10472,40.90625,1.4112,10.5672,-10.076,-0.8537,0,REST
10473,40.91015625,3.5573,9.9057,-8.2799,2.4666,0,REST
10474,40.9140625,6.4747,4.7762,-8.3351,0.5784,0,REST
10475,40.91796875,9.7492,4.816,-1.8202,-1.1372,0,REST
10476,40.921875,8.3452,5.2996,0.0066,-2.5071,0,REST
10477,40.92578125,9.7556,0.2396,0.1927,-4.1728,0,REST
10478,40.9296875,13.3773,-1.9911,1.8913,-3.7832,0,REST
10479,40.93359375,9.5078,-7.423,4.012,-4.9348,0,REST
10480,40.9375,12.5458,-5.4979,7.4728,-2.894,0,REST
10481,40.94140625,4.5444,-7.0648,10.682,-7.0274,0,REST
10482,40.9453125,4.389,-8.2787,10.9349,-3.2802,0,REST
10483,40.94921875,4.9572,-11.1686,10.9364,-4.5215,0,REST
10484,40.953125,-1.1312,-7.5744,14.8556,-3.4039,0,REST
10485,40.95703125,-3.7273,-6.4431,9.3681,-1.3851,0,REST
10486,40.9609375,-6.7666,-6.8145,12.5768,-2.0615,0,REST
10487,40.96484375,-8.02,-6.3282,5.3957,-0.3972,0,REST
10488,40.96875,-9.7166,-2.2572,1.1783,5.0838,0,REST
10489,40.97265625,-13.8668,2.8901,-3.6399,2.6457,0,REST
10490,40.9765625,-12.4667,0.9653,-4.2838,5.6263,0,REST
10491,40.98046875,-9.8253,4.6853,-6.7657,6.9803,0,REST
10492,40.984375,-8.318,4.462,-9.6711,6.887,0,REST
10493,40.98828125,-8.2738,7.1244,-14.7895,6.9296,0,REST
10494,40.9921875,-2.984,6.7677,-10.9597,6.1453,0,REST
10495,40.99609375,-0.4796,8.1881,-11.837,6.007,0,REST
10496,41.0,-4.2974,6.3937,-12.5812,7.0182,0,REST
10497,41.00390625,6.9081,5.699,-10.7179,3.788,0,REST
10498,41.0078125,5.9156,6.5793,-7.8191,-2.3923,0,REST
10499,41.01171875,11.8001,0.2721,-5.9654,-3.6447,0,REST
10500,41.015625,10.4028,-1.6791,-2.6364,-6.5769,0,REST
10501,41.01953125,14.9461,-0.8164,-3.5743,-5.9899,0,REST
10502,41.0234375,9.4963,-3.8071,5.8622,-6.253,0,REST
10503,41.02734375,11.7262,-2.633,10.1071,-9.6685,0,REST
10504,41.03125,9.8027,-5.5552,10.3915,-9.9477,0,REST
10505,41.03515625,7.1108,-4.1499,11.8323,-9.6691,0,REST
10506,41.0390625,6.5169,-3.8535,10.2649,-12.25,0,REST
10507,41.04296875,4.3063,-7.0487,11.8402,-5.1123,0,REST
10508,41.046875,-3.1115,-9.0195,8.9366,-6.5669,0,REST
10509,41.05078125,-6.4593,-4.7359,7.4356,-1.2555,0,REST
10510,41.0546875,-4.6565,-2.0059,9.405,-5.4558,0,REST
10511,41.05859375,-9.6552,-2.1057,9.0675,0.3097,0,REST
10512,41.0625,-11.2122,-1.3187,0.7863,0.4091,0,REST
10513,41.06640625,-10.8232,3.0972,2.0276,9.684,0,REST
10514,41.0703125,-10.3871,3.6575,-7.1808,9.6256,0,REST
10515,41.07421875,-11.5155,0.6086,-3.7344,10.5667,0,REST
10516,41.078125,-6.8396,1.7358,-11.5624,10.1736,0,REST
10517,41.08203125,-5.0096,2.0341,-13.0927,12.9845,0,REST
10518,41.0859375,-4.5965,3.0729,-12.8828,10.1123,0,REST
10519,41.08984375,-0.6294,4.1517,-9.6864,7.3145,0,REST
10520,41.09375,0.2832,2.6625,-12.4009,5.1229,0,REST
10521,41.09765625,0.5179,6.5201,-11.5621,4.3383,0,REST
10522,41.1015625,6.6139,6.4905,-12.3531,-1.934,0,REST
10523,41.10546875,5.5703,1.7392,-8.3752,-7.9793,0,REST
10524,41.109375,6.2051,0.7966,-2.9101,-6.4583,0,REST
10525,41.11328125,6.2929,2.0459,0.8817,-13.0385,0,REST
10526,41.1171875,7.5932,2.0379,0.4119,-12.5975,0,REST
10527,41.12109375,13.2314,-0.0793,2.7019,-12.6983,0,REST
10528,41.125,8.1425,0.4519,7.2339,-14.8069,0,REST
10529,41.12890625,6.8654,-3.8714,10.3545,-15.6638,0,REST
10530,41.1328125,5.2708,-0.3036,8.9287,-10.981,0,REST
10531,41.13671875,0.5619,-1.6946,8.5768,-9.8545,0,REST
10532,41.140625,1.5606,-3.3024,6.2325,-2.9455,0,REST
10533,41.14453125,-2.8007,-3.6809,6.5354,-4.4558,0,REST
10534,41.1484375,-2.2789,-2.4592,3.5388,0.3422,0,REST
10535,41.15234375,-4.3385,-1.0655,2.5077,5.4978,0,REST
10536,41.15625,-6.4619,-0.5127,6.7652,7.4687,0,REST
10537,41.16015625,-6.4832,-3.2362,2.5365,10.7616,0,REST
10538,41.1640625,-4.2738,1.0477,-3.7026,10.6793,0,REST
10539,41.16796875,-5.7659,-7.503,-1.9686,11.2882,0,REST
10540,41.171875,-7.228,1.7936,-6.267,10.7856,0,REST
10541,41.17578125,-0.989,-2.7374,-7.6742,10.3774,0,REST
10542,41.1796875,-5.8793,0.7129,-4.9087,8.7341,0,REST
10543,41.18359375,-1.7319,0.5716,-6.0805,7.792,0,REST
10544,41.1875,0.0227,2.2469,-7.9256,4.1025,0,REST
10545,41.19140625,0.2887,1.4593,-6.3808,-1.1919,0,REST
10546,41.1953125,-0.622,5.6108,-4.9448,-5.6627,0,REST
10547,41.19921875,1.7197,1.7207,-3.0449,-11.9426,0,REST
10548,41.203125,5.5033,4.8816,-1.6724,-8.2222,0,REST
10549,41.20703125,5.0928,4.8681,-2.2323,-11.1997,0,REST
10550,41.2109375,3.42,1.4477,-3.0818,-13.2857,0,REST
10551,41.21484375,8.6291,2.7372,-1.4928,-14.3583,0,REST
10552,41.21875,2.8085,0.9176,-0.7246,-13.1073,0,REST
10553,41.22265625,6.616,3.347,0.1507,-8.2682,0,REST
10554,41.2265625,4.2926,0.0164,2.6043,-7.6448,0,REST
10555,41.23046875,4.0538,0.5416,3.9208,-4.2736,0,REST
10556,41.234375,1.6792,0.3075,0.6671,-0.2587,0,REST
10557,41.23828125,5.2424,3.4893,4.3774,-2.4439,0,REST
10558,41.2421875,0.4815,-4.1173,1.3655,6.3342,0,REST
10559,41.24609375,-2.0397,-4.471,1.543,10.3823,0,REST
10560,41.25,0.0246,-4.8872,2.5389,12.1568,0,REST
10561,41.25390625,-0.6999,-5.6052,3.076,14.5241,0,REST
10562,41.2578125,0.1905,-5.1161,1.22,9.7598,0,REST
10563,41.26171875,-2.473,-5.5034,2.5619,12.2798,0,REST
10564,41.265625,-2.8885,-7.0427,4.2975,12.7782,0,REST
10565,41.26953125,-4.0995,-7.7625,1.5826,5.371,0,REST
10566,41.2734375,-4.3623,-2.1912,5.0345,2.8648,0,REST
10567,41.27734375,-6.7451,-2.579,0.0627,1.306,0,REST
10568,41.28125,-4.3812,0.5665,1.8052,0.0145,0,REST
10569,41.28515625,-3.9071,0.8894,1.0325,-6.6748,0,REST
10570,41.2890625,-4.3229,-1.6028,2.8702,-7.6392,0,REST
10571,41.29296875,-3.078,4.7362,-4.9686,-9.7548,0,REST
10572,41.296875,0.2992,7.8984,-2.7625,-7.2318,0,REST
10573,41.30078125,-5.4114,7.1522,-12.9592,-14.2433,0,REST
10574,41.3046875,-2.0335,9.0893,-4.8952,-9.4308,0,REST
10575,41.30859375,0.384,7.4087,-7.4033,-8.3685,0,REST
10576,41.3125,0.1368,9.0986,-10.2367,-3.8431,0,REST
10577,41.31640625,-0.3428,8.8427,-9.3562,-3.5631,0,REST
10578,41.3203125,4.529,4.7361,-5.2705,-3.6911,0,REST
10579,41.32421875,2.8881,4.3351,-4.6102,-1.594,0,REST
10580,41.328125,6.1394,4.61,-4.3195,4.9676,0,REST
10581,41.33203125,6.9116,0.0714,-0.8702,5.2727,0,REST
10582,41.3359375,9.9898,-3.1041,0.3331,8.5719,0,REST
10583,41.33984375,8.2584,-2.0719,-0.5328,5.2979,0,REST
10584,41.34375,6.3708,-8.917,4.4737,3.8565,0,REST
10585,41.34765625,5.9732,-7.1184,2.9862,6.5989,0,REST
10586,41.3515625,5.0201,-10.7684,4.8065,7.1037,0,REST
10587,41.35546875,3.0873,-11.8256,9.6794,7.551,0,REST
10588,41.359375,1.1575,-7.3032,8.4766,8.0072,0,REST
10589,41.36328125,-2.6859,-10.9934,8.3768,6.0402,0,REST
10590,41.3671875,-7.3534,-9.5681,10.1223,2.491,0,REST
10591,41.37109375,-3.6014,-4.637,6.977,-2.1772,0,REST
10592,41.375,-8.2725,-4.8588,6.9016,-0.2104,0,REST
10593,41.37890625,-8.0106,2.1127,5.6692,-5.8269,0,REST
10594,41.3828125,-8.4925,2.1403,-0.0381,-4.9868,0,REST
10595,41.38671875,-9.0177,6.144,-1.5083,-3.7987,0,REST
10596,41.390625,-12.4856,5.0382,-4.1076,-6.6663,0,REST
10597,41.39453125,-4.9206,11.177,-8.507,-7.1943,0,REST
10598,41.3984375,-4.2085,9.4968,-6.3555,-6.9756,0,REST
10599,41.40234375,-3.1334,8.3871,-7.382,-8.6208,0,REST
10600,41.40625,-1.9321,9.9702,-9.5475,-6.5718,0,REST
10601,41.41015625,4.9211,6.6482,-11.5192,-4.2148,0,REST
10602,41.4140625,8.7541,10.5658,-8.4952,-2.8907,0,REST
10603,41.41796875,5.5229,3.2769,-5.0121,-1.6944,0,REST
10604,41.421875,9.6805,5.9811,-7.0829,-2.0719,0,REST
10605,41.42578125,14.3025,1.2498,-5.1962,2.9016,0,REST
10606,41.4296875,16.3932,-0.4579,-2.7604,-0.7224,0,REST
10607,41.43359375,9.264,-2.8632,1.2944,3.2137,0,REST
10608,41.4375,9.6645,-4.5227,3.9774,3.0,0,REST
10609,41.44140625,7.5061,-9.89,7.7216,3.4874,0,REST
10610,41.4453125,7.225,-11.891,10.2533,1.9615,0,REST
10611,41.44921875,3.9329,-9.7345,9.2757,1.9452,0,REST
10612,41.453125,3.3218,-9.6072,12.8476,1.5206,0,REST
10613,41.45703125,-7.5439,-11.7309,8.3064,4.836,0,REST
10614,41.4609375,-7.0771,-7.3426,13.7449,7.4889,0,REST
10615,41.46484375,-3.4596,-7.6239,11.7733,2.0857,0,REST
10616,41.46875,-14.7292,-5.6053,10.3506,-0.8325,0,REST
10617,41.47265625,-11.6141,-2.2457,10.4219,0.8098,0,REST
10618,41.4765625,-11.5458,4.4145,3.1396,0.9527,0,REST
10619,41.48046875,-13.4995,10.7466,4.5254,1.2857,0,REST
10620,41.484375,-12.0228,7.2306,-5.0814,-3.0312,0,REST
10621,41.48828125,-10.2094,6.3531,-7.1792,-3.1081,0,REST
10622,41.4921875,-6.9671,8.4929,-8.5576,-4.4361,0,REST
10623,41.49609375,-4.2321,10.6616,-10.9911,-4.482,0,REST
10624,41.5,0.428,9.9053,-11.6278,-0.8266,0,REST
10625,41.50390625,8.3961,15.2682,-15.2258,-4.2617,0,REST
10626,41.5078125,8.6688,8.8203,-11.0414,-2.0706,0,REST
10627,41.51171875,9.3885,7.0081,-12.3119,-0.5137,0,REST
10628,41.515625,12.0238,2.3722,-12.0868,-6.3947,0,REST
10629,41.51953125,12.8411,2.9777,-4.9033,-4.3756,0,REST
10630,41.5234375,11.5804,-2.1435,-5.2745,-2.3918,0,REST
10631,41.52734375,14.8759,-6.2241,-1.1179,-2.2987,0,REST
10632,41.53125,9.7161,-9.0463,2.5441,-1.2455,0,REST
10633,41.53515625,8.7126,-12.451,4.9707,1.8969,0,REST
10634,41.5390625,7.544,-9.772,9.0887,0.6044,0,REST
10635,41.54296875,4.3303,-13.5249,12.1332,1.3024,0,REST
10636,41.546875,-2.2826,-12.7981,13.6635,4.2299,0,REST
10637,41.55078125,-3.5718,-13.2968,12.5841,9.2669,0,REST
10638,41.5546875,-8.2449,-9.2797,9.6645,3.0037,0,REST
10639,41.55859375,-8.5548,-3.0059,9.546,8.2922,0,REST
10640,41.5625,-9.1764,-3.7452,12.54,3.5115,0,REST
10641,41.56640625,-9.878,-3.7908,9.2199,7.0636,0,REST
10642,41.5703125,-10.1365,1.5981,2.1324,5.2728,0,REST
10643,41.57421875,-12.1108,7.1914,-0.5679,6.7782,0,REST
10644,41.578125,-10.2417,9.7149,-2.8932,0.2189,0,REST
10645,41.58203125,-5.6312,7.6843,-1.5864,-2.387,0,REST
10646,41.5859375,-6.3934,10.325,-6.6905,-5.144,0,REST
10647,41.58984375,0.2597,12.5797,-10.1941,-7.477,0,REST
10648,41.59375,2.2093,13.3638,-10.8335,-3.8872,0,REST
10649,41.59765625,3.5586,14.0366,-11.6717,-11.7626,0,REST
10650,41.6015625,6.0202,10.4485,-10.2318,-7.5874,0,REST
10651,41.60546875,5.5436,8.9354,-9.1435,-7.5481,0,REST
10652,41.609375,8.6655,2.6345,-9.142,-6.5166,0,REST
10653,41.61328125,7.2556,0.602,-7.1243,-8.2748,0,REST
10654,41.6171875,6.7013,-4.7544,-5.8199,-7.53,0,REST
10655,41.62109375,9.728,-8.3073,-5.387,-3.7838,0,REST
10656,41.625,11.6537,-10.4622,-1.9267,-0.4004,0,REST
10657,41.62890625,4.6542,-10.3753,1.5569,0.6142,0,REST
10658,41.6328125,5.0103,-11.3601,7.0352,2.2021,0,REST
10659,41.63671875,2.5339,-12.7395,7.3841,5.5587,0,REST
10660,41.640625,-1.4318,-9.1634,9.9385,6.9937,0,REST
10661,41.64453125,-4.6284,-8.902,9.6245,5.0744,0,REST
10662,41.6484375,-5.6851,-11.8494,9.7261,10.412,0,REST
10663,41.65234375,-3.8817,-6.4146,6.7171,9.1774,0,REST
10664,41.65625,-5.2952,-4.4134,5.6633,8.1595,0,REST
10665,41.66015625,-4.8472,-1.5038,5.1669,8.7302,0,REST
10666,41.6640625,-9.5302,2.0539,1.1384,10.0042,0,REST
10667,41.66796875,-4.6754,4.805,2.4573,4.0224,0,REST
10668,41.671875,-8.5085,6.857,1.4155,1.8871,0,REST
10669,41.67578125,-8.3469,6.4467,-1.1482,-3.2648,0,REST
10670,41.6796875,-4.7042,10.8926,-2.8453,-6.916,0,REST
10671,41.68359375,-2.0409,12.2337,-5.9947,-7.0001,0,REST
10672,41.6875,0.6335,6.0177,-6.9498,-11.1226,0,REST
10673,41.69140625,0.6808,11.0349,-3.6008,-13.3024,0,REST
10674,41.6953125,4.9149,7.9091,-3.3345,-9.1068,0,REST
10675,41.69921875,2.8601,5.208,-4.3044,-15.9336,0,REST
10676,41.703125,2.5515,4.8815,-5.7443,-10.5092,0,REST
10677,41.70703125,-0.8633,-0.8056,1.8991,-10.5737,0,REST
10678,41.7109375,6.4192,2.4159,-4.9613,-4.2208,0,REST
10679,41.71484375,6.3243,-6.1904,-0.4743,0.9466,0,REST
10680,41.71875,9.6317,-7.5959,-0.6658,3.0889,0,REST
10681,41.72265625,4.7335,-9.1771,-3.3499,6.7949,0,REST
10682,41.7265625,3.0744,-9.0807,1.9986,7.5522,0,REST
10683,41.73046875,2.2814,-8.9426,-4.4237,11.1815,0,REST
10684,41.734375,2.6538,-6.951,2.0827,10.6128,0,REST
10685,41.73828125,2.021,-8.5768,3.3447,14.3863,0,REST
10686,41.7421875,0.7934,-8.3533,2.4666,12.1306,0,REST
10687,41.74609375,-2.4882,-4.8722,3.4029,14.3373,0,REST
10688,41.75,3.3656,-1.4975,0.3693,11.9162,0,REST
10689,41.75390625,-2.4642,0.3426,6.8909,3.2922,0,REST
10690,41.7578125,-0.7699,1.1686,4.1322,1.2958,0,REST
10691,41.76171875,-0.7883,5.3186,3.603,-2.0486,0,REST
10692,41.765625,-2.6936,4.0061,4.8763,-0.138,0,REST
10693,41.76953125,-4.3889,5.7313,2.2506,-6.0008,0,REST
10694,41.7734375,-3.2239,7.0506,2.207,-8.9508,0,REST
10695,41.77734375,-4.582,11.0962,2.8297,-10.1622,0,REST
10696,41.78125,-4.2191,5.5805,4.4655,-15.256,0,REST
10697,41.78515625,-2.2662,7.426,-0.9776,-13.3271,0,REST
10698,41.7890625,-4.6773,6.0749,3.8063,-13.0007,0,REST
10699,41.79296875,-2.9717,6.3502,-1.0868,-9.203,0,REST
10700,41.796875,-2.7818,4.3926,-2.4823,-12.7059,0,REST
10701,41.80078125,-3.4618,1.3324,-1.8006,-4.8969,0,REST
10702,41.8046875,-2.2916,-0.9847,-4.6045,-0.5716,0,REST
10703,41.80859375,0.2173,-1.1559,-1.8137,3.3064,0,REST
10704,41.8125,1.7854,-5.0712,-6.5721,5.1073,0,REST
10705,41.81640625,2.8414,-4.9026,-5.299,6.862,0,REST
10706,41.8203125,2.8634,-7.0505,-6.4586,8.641,0,REST
10707,41.82421875,-0.763,-6.4628,-6.8233,14.1062,0,REST
10708,41.828125,5.9884,-2.7922,-4.4802,11.5713,0,REST
10709,41.83203125,8.0144,-2.0709,-6.9552,13.8622,0,REST
10710,41.8359375,7.5923,-3.9257,-4.3526,13.5937,0,REST
10711,41.83984375,7.2865,-5.7456,-2.7562,6.8252,0,REST
10712,41.84375,6.7515,-5.864,-2.5492,2.4643,0,REST
10713,41.84765625,5.0373,1.457,1.1202,2.66,0,REST
10714,41.8515625,4.1807,-0.3852,0.6239,-0.4764,0,REST
10715,41.85546875,6.0801,0.2485,3.3984,-3.7359,0,REST
10716,41.859375,-1.9157,2.7867,6.1818,-2.2153,0,REST
10717,41.86328125,2.7113,0.4025,4.9129,-9.3803,0,REST
10718,41.8671875,-1.4122,1.7893,10.0211,-8.9283,0,REST
10719,41.87109375,-10.8142,1.2535,8.3316,-10.7605,0,REST
10720,41.875,-8.7805,0.1841,10.6723,-10.7505,0,REST
10721,41.87890625,-8.387,3.701,9.626,-10.5984,0,REST
10722,41.8828125,-8.8338,2.5978,8.1495,-5.4863,0,REST
10723,41.88671875,-7.9963,2.0829,7.7883,-9.5888,0,REST
10724,41.890625,-11.5702,3.3109,1.9609,-8.3863,0,REST
10725,41.89453125,-10.9829,4.1729,-0.4045,-3.6697,0,REST
10726,41.8984375,-6.4362,1.11,-1.773,-3.9005,0,REST
10727,41.90234375,-4.1932,3.3888,-3.4044,4.2608,0,REST
10728,41.90625,-1.4317,3.6297,-7.7458,3.477,0,REST
10729,41.91015625,-0.0778,1.5265,-9.3179,5.9044,0,REST
10730,41.9140625,5.8462,1.3358,-9.5192,12.21,0,REST
10731,41.91796875,8.8108,-1.0907,-9.2777,9.1543,0,REST
10732,41.921875,10.746,1.3902,-10.6548,8.5483,0,REST
10733,41.92578125,14.2688,-1.6875,-12.7501,7.0974,0,REST
10734,41.9296875,11.0855,-0.4735,-10.2219,8.5759,0,REST
10735,41.93359375,8.2365,-1.0066,-7.0407,4.5555,0,REST
10736,41.9375,12.4787,-1.4831,-4.7768,6.6146,0,REST
10737,41.94140625,7.1545,-1.5735,-0.941,0.6528,0,REST
10738,41.9453125,7.811,-5.3586,0.4537,2.5096,0,REST
10739,41.94921875,1.3909,-2.88,2.3822,-5.0751,0,REST
10740,41.953125,3.9176,0.8903,8.094,-4.9286,0,REST
10741,41.95703125,-2.7087,-0.4844,13.5151,-7.5133,0,REST
10742,41.9609375,-4.9609,2.0552,11.3018,-7.806,0,REST
10743,41.96484375,-8.3535,0.0063,10.5091,-6.7773,0,REST
10744,41.96875,-12.7812,-1.0436,10.9261,-6.1525,0,REST
10745,41.97265625,-14.3015,-2.2167,12.5594,-6.3986,0,REST
10746,41.9765625,-14.6129,1.8189,9.58,-4.1094,0,REST
10747,41.98046875,-12.1538,1.7003,10.7702,-5.6328,0,REST
10748,41.984375,-10.0815,3.313,7.2844,0.213,0,REST
10749,41.98828125,-10.9972,0.4117,0.1686,-2.3539,0,REST
10750,41.9921875,-2.6266,6.0254,1.1718,0.7845,0,REST
10751,41.99609375,-5.0482,3.841,-6.2321,3.3104,0,REST
10752,42.0,0.7305,2.5139,-7.3951,1.3485,0,REST
10753,42.00390625,5.7541,4.1203,-6.5865,6.4046,0,REST
10754,42.0078125,6.4288,6.0659,-14.1099,3.5362,0,REST
10755,42.01171875,7.9394,3.424,-17.2116,4.0416,0,REST
10756,42.015625,10.7186,1.7785,-10.7674,3.5641,0,REST
10757,42.01953125,11.2379,3.0443,-12.867,2.8793,0,REST
10758,42.0234375,12.1571,-1.0992,-11.6925,3.3609,0,REST
10759,42.02734375,10.8693,0.308,-9.5043,1.2189,0,REST
10760,42.03125,8.6411,-4.999,-4.6001,1.7671,0,REST
10761,42.03515625,7.4809,-5.304,-2.6021,0.4116,0,REST
10762,42.0390625,3.2989,-10.1493,-0.1765,1.4408,0,REST
10763,42.04296875,2.3237,-5.6364,10.1196,1.0489,0,REST
10764,42.046875,0.7861,-4.4984,7.2192,-2.7818,0,REST
10765,42.05078125,-3.8536,-5.8848,13.5311,1.6807,0,REST
10766,42.0546875,-7.3497,-3.7097,10.328,-1.8142,0,REST
10767,42.05859375,-8.659,-5.0383,13.2087,-0.7877,0,REST
10768,42.0625,-10.1376,-3.7631,11.8266,-3.3412,0,REST
10769,42.06640625,-11.1896,-3.8339,11.343,-3.7419,0,REST
10770,42.0703125,-10.517,-0.254,10.25,-2.33,0,REST
10771,42.07421875,-9.1522,0.6242,5.9798,-1.6978,0,REST
10772,42.078125,-11.1184,7.0557,7.098,1.3584,0,REST
10773,42.08203125,-8.2571,3.9749,0.7942,1.1053,0,REST
10774,42.0859375,-4.1064,8.1123,1.1004,-2.3871,0,REST
10775,42.08984375,-2.8121,9.6296,-5.6938,0.1801,0,REST
10776,42.09375,-0.2873,9.2752,-6.8212,-3.1631,0,REST
10777,42.09765625,1.4825,7.0083,-8.1571,-0.6938,0,REST
10778,42.1015625,6.5571,10.9848,-5.5646,-2.5942,0,REST
10779,42.10546875,5.7163,4.4582,-10.3617,-1.2463,0,REST
10780,42.109375,5.7358,1.7349,-10.0881,1.0971,0,REST
10781,42.11328125,10.4983,7.8926,-7.7818,4.9318,0,REST
10782,42.1171875,11.4515,-1.8143,-6.1409,2.7736,0,REST
10783,42.12109375,8.5808,-5.7098,-8.199,6.8185,0,REST
10784,42.125,12.1048,-6.674,-5.6875,5.2346,0,REST
10785,42.12890625,3.5721,-5.5845,-4.5261,9.6761,0,REST
10786,42.1328125,2.6348,-7.2835,-3.2148,10.3468,0,REST
10787,42.13671875,3.3777,-8.9958,5.1044,5.5289,0,REST
10788,42.140625,0.1989,-8.2421,3.089,3.9601,0,REST
10789,42.14453125,-7.0312,-9.7346,2.6975,4.0265,0,REST
10790,42.1484375,-3.5128,-10.9082,6.0778,1.6292,0,REST
10791,42.15234375,-9.0392,-9.06,6.3421,1.4607,0,REST
10792,42.15625,-6.332,-3.9406,8.6525,0.2405,0,REST
10793,42.16015625,-6.7534,-2.9377,12.7036,-0.0737,0,REST
10794,42.1640625,-9.1811,1.3334,7.5787,-5.6526,0,REST
10795,42.16796875,-8.211,0.4239,4.3502,-8.1452,0,REST
10796,42.171875,-4.5303,6.7441,4.6211,-9.3346,0,REST
10797,42.17578125,-3.0758,7.6533,1.8745,-6.0329,0,REST
10798,42.1796875,-3.4685,5.8076,0.1679,-9.1097,0,REST
10799,42.18359375,-0.7882,13.0497,3.645,-10.1325,0,REST
10800,42.1875,2.4677,13.1243,-3.819,-7.4299,0,REST
10801,42.19140625,-1.1346,9.6539,-0.941,-1.9429,0,REST
10802,42.1953125,3.9192,8.7469,-4.2181,-1.6803,0,REST
10803,42.19921875,1.71,7.1681,-3.9123,1.0998,0,REST
10804,42.203125,3.5216,6.0881,-2.8676,6.1281,0,REST
10805,42.20703125,2.4745,1.1392,-2.9492,5.1682,0,REST
10806,42.2109375,3.3764,-1.2271,-7.4132,4.0809,0,REST
10807,42.21484375,4.5742,-3.5219,-4.5794,10.8726,0,REST
10808,42.21875,6.7926,-5.1802,-4.1746,12.2802,0,REST
10809,42.22265625,3.5915,-8.728,-2.9701,10.4876,0,REST
10810,42.2265625,5.3469,-16.9848,-2.5456,8.6496,0,REST
10811,42.23046875,4.3113,-9.99,-0.7301,9.387,0,REST
10812,42.234375,1.6135,-10.2988,-0.2211,1.8242,0,REST
10813,42.23828125,1.2128,-11.7238,0.6831,2.83,0,REST
10814,42.2421875,1.4056,-11.9191,1.3694,4.4576,0,REST
10815,42.24609375,1.2101,-9.5648,-2.7499,-2.0626,0,REST
10816,42.25,-0.3175,-6.8058,-1.9057,-4.2334,0,REST
10817,42.25390625,-1.5524,-6.1535,1.8155,-6.0853,0,REST
10818,42.2578125,-3.6417,1.6743,4.4927,-8.1762,0,REST
10819,42.26171875,-5.6952,1.1471,3.2979,-9.8975,0,REST
10820,42.265625,-0.7487,5.1286,3.6483,-10.2349,0,REST
10821,42.26953125,-1.6875,8.9762,5.3087,-10.1191,0,REST
10822,42.2734375,-1.7876,12.3294,4.6935,-8.5635,0,REST
10823,42.27734375,-4.6431,14.6957,5.212,-11.3667,0,REST
10824,42.28125,-2.2321,12.0732,2.444,-4.264,0,REST
10825,42.28515625,-2.4728,14.1395,3.892,-3.2596,0,REST
10826,42.2890625,-3.528,11.4762,2.0488,-1.5697,0,REST
10827,42.29296875,-2.6988,9.7613,3.0132,1.1056,0,REST
10828,42.296875,-6.3021,5.3589,0.0017,7.9011,0,REST
10829,42.30078125,-2.1483,4.4425,6.7312,8.1711,0,REST
10830,42.3046875,1.2571,3.4616,-0.3744,12.3256,0,REST
10831,42.30859375,1.1329,-4.3079,3.7109,17.2855,0,REST
10832,42.3125,1.0641,-6.0503,-3.49,8.4792,0,REST
10833,42.31640625,5.8255,-7.6477,-4.6852,13.9241,0,REST
10834,42.3203125,5.0053,-11.259,-4.095,9.702,0,REST
10835,42.32421875,6.6311,-14.4456,-5.069,7.1223,0,REST
10836,42.328125,4.0244,-12.6522,-4.1734,3.0237,0,REST
10837,42.33203125,6.247,-12.3102,-4.6392,2.3172,0,REST
10838,42.3359375,9.0222,-11.1773,-5.9015,-2.0798,0,REST
10839,42.33984375,6.2185,-7.8054,-5.7383,-2.0112,0,REST
10840,42.34375,7.4868,-6.2963,-4.3523,-6.5132,0,REST
10841,42.34765625,1.4371,-2.7279,-8.3353,-6.926,0,REST
10842,42.3515625,2.4188,-0.3883,-3.3295,-11.4814,0,REST
10843,42.35546875,5.3001,3.6432,0.7391,-13.5852,0,REST
10844,42.359375,-2.9366,3.954,0.0959,-11.5195,0,REST
10845,42.36328125,-5.9319,10.6468,3.0642,-12.5657,0,REST
10846,42.3671875,-4.2054,12.1083,5.9768,-11.6254,0,REST
10847,42.37109375,-5.3328,13.3861,5.3411,-6.0633,0,REST
10848,42.375,-5.0282,7.9045,9.6525,-5.7354,0,REST
10849,42.37890625,-8.5309,11.3022,9.6556,-3.5879,0,REST
10850,42.3828125,-11.9194,8.8238,10.9027,3.2157,0,REST
10851,42.38671875,-8.2644,6.6866,12.4383,4.7507,0,REST
10852,42.390625,-6.7582,6.7575,7.8438,10.067,0,REST
10853,42.39453125,-9.8013,3.0968,8.5779,8.4476,0,REST
10854,42.3984375,-5.6031,-1.6692,3.828,11.8624,0,REST
10855,42.40234375,-2.3597,-1.5408,3.0627,11.881,0,REST
10856,42.40625,-1.4664,-7.0324,-3.3638,11.1414,0,REST
10857,42.41015625,2.1724,-9.395,-5.1756,12.9976,0,REST
10858,42.4140625,3.4195,-8.1524,-6.7897,8.6148,0,REST
10859,42.41796875,4.9963,-13.0259,-9.8505,6.5449,0,REST
10860,42.421875,10.7011,-9.2046,-9.092,2.6945,0,REST
10861,42.42578125,12.5959,-7.1654,-11.3935,-2.7898,0,REST
10862,42.4296875,14.7544,-6.042,-9.4314,-8.8573,0,REST
10863,42.43359375,11.6567,-10.1813,-12.2601,-7.1374,0,REST
10864,42.4375,9.1819,-5.2387,-9.9161,-8.8338,0,REST
10865,42.44140625,9.753,-1.0457,-7.6133,-9.2295,0,REST
10866,42.4453125,6.445,0.8277,-0.6582,-9.0802,0,REST
10867,42.44921875,3.6773,3.4077,-3.3906,-14.5572,0,REST
10868,42.453125,-0.491,9.2083,-0.5025,-8.4652,0,REST
10869,42.45703125,-3.8561,7.8148,3.3029,-8.0486,0,REST
10870,42.4609375,-4.6556,9.6002,3.8678,-3.1901,0,REST
10871,42.46484375,-8.9395,8.9446,6.6676,-3.406,0,REST
10872,42.46875,-13.7257,9.175,9.092,-3.2003,0,REST
10873,42.47265625,-11.241,8.7278,11.3748,-0.8336,0,REST
10874,42.4765625,-12.1024,10.6937,9.505,4.4088,0,REST
10875,42.48046875,-12.0898,5.9871,13.4808,5.9163,0,REST
10876,42.484375,-8.6611,4.3101,10.9371,10.5127,0,REST
10877,42.48828125,-8.0412,0.7245,8.048,5.054,0,REST
10878,42.4921875,-6.2296,-1.3736,8.6508,14.4502,0,REST
10879,42.49609375,-5.7921,-2.3312,2.5041,10.5411,0,REST
10880,42.5,-0.0516,-4.5663,0.3086,9.8871,0,REST
10881,42.50390625,5.107,-4.9741,-6.224,4.9265,0,REST
10882,42.5078125,9.4714,-7.4679,-4.3659,4.1007,0,REST
10883,42.51171875,9.8646,-7.5623,-11.377,4.6562,0,REST
10884,42.515625,8.2144,-8.7376,-9.9597,-1.8109,0,REST
10885,42.51953125,12.4565,-6.5462,-11.7068,-0.3508,0,REST
10886,42.5234375,14.2043,-6.8215,-10.5993,-5.0177,0,REST
10887,42.52734375,10.0058,-3.3023,-9.5905,-4.1379,0,REST
10888,42.53125,9.9958,-6.3251,-8.0555,-7.5001,0,REST
10889,42.53515625,8.9847,-0.6494,-8.4784,-4.7325,0,REST
10890,42.5390625,6.1277,1.2614,-9.743,-7.7142,0,REST
10891,42.54296875,5.2171,4.2234,-2.474,-4.4797,0,REST
10892,42.546875,0.9185,1.8628,3.7027,-4.4422,0,REST
10893,42.55078125,-4.5366,6.1464,5.752,-3.5965,0,REST
10894,42.5546875,-3.7243,3.1707,2.5688,-6.9716,0,REST
10895,42.55859375,-11.5376,6.5362,11.8597,-0.7033,0,REST
10896,42.5625,-11.1371,7.4346,11.8057,0.4703,0,REST
10897,42.56640625,-11.4867,7.2466,11.0947,2.1798,0,REST
10898,42.5703125,-9.9605,9.2673,13.3888,1.6255,0,REST
10899,42.57421875,-12.4977,1.281,10.3523,2.9141,0,REST
10900,42.578125,-10.1,4.479,11.0972,6.2486,0,REST
10901,42.58203125,-8.3898,2.6993,6.7798,4.0672,0,REST
10902,42.5859375,-4.1732,3.4231,3.5653,3.799,0,REST
10903,42.58984375,-1.001,-0.3342,3.7091,7.3206,0,REST
10904,42.59375,-3.1506,-3.1587,-0.913,5.1785,0,REST
10905,42.59765625,5.8356,-5.1036,-3.0092,8.0305,0,REST
10906,42.6015625,8.8306,-0.8118,-2.2522,1.3062,0,REST
10907,42.60546875,6.8754,-7.4291,-7.5903,0.3975,0,REST
10908,42.609375,11.0129,-1.4249,-7.3845,1.1246,0,REST
10909,42.61328125,10.3755,-8.231,-4.8582,-0.8169,0,REST
10910,42.6171875,8.8984,-4.5026,-9.2838,-0.9606,0,REST
10911,42.62109375,7.4775,-4.76,-11.0308,1.0531,0,REST
10912,42.625,8.2633,-3.2515,-11.2792,0.3351,0,REST
10913,42.62890625,5.5575,1.3319,-9.0385,-1.7747,0,REST
10914,42.6328125,3.0708,0.5202,-5.1678,-6.1226,0,REST
10915,42.63671875,1.8877,-2.1389,-6.8411,-2.8593,0,REST
10916,42.640625,-0.1018,1.0197,-1.0442,-3.4926,0,REST
10917,42.64453125,-1.6043,2.3191,0.4779,-3.9875,0,REST
10918,42.6484375,-0.9719,1.2735,0.6388,-2.0438,0,REST
10919,42.65234375,-7.1648,2.6657,6.7873,-0.6106,0,REST
10920,42.65625,-10.1163,4.8577,6.9307,-0.5091,0,REST
10921,42.66015625,-7.7613,1.8743,5.6239,-1.3326,0,REST
10922,42.6640625,-6.329,7.7875,7.9448,-0.6789,0,REST
10923,42.66796875,-7.6384,5.2961,8.5543,-4.8477,0,REST
10924,42.671875,-4.6851,2.5005,7.5596,-0.0999,0,REST
10925,42.67578125,-6.0834,2.7836,6.4936,-0.6385,0,REST
10926,42.6796875,-1.598,-1.8439,-0.3705,3.7968,0,REST
10927,42.68359375,-3.4162,2.0457,3.1776,1.5396,0,REST
10928,42.6875,-2.7162,2.1248,3.173,5.1817,0,REST
10929,42.69140625,1.4909,1.7537,-0.7314,2.4992,0,REST
10930,42.6953125,2.6401,-1.1307,1.934,1.0857,0,REST
10931,42.69921875,7.5481,-2.9855,-1.4207,6.9749,0,REST
10932,42.703125,0.5362,-3.4027,-1.9135,7.3334,0,REST
10933,42.70703125,3.8185,-0.8005,-2.9147,6.7311,0,REST
10934,42.7109375,2.638,1.5397,-3.5396,4.8802,0,REST
10935,42.71484375,5.9053,-0.3004,-3.8617,5.1351,0,REST
10936,42.71875,4.6594,-6.1417,-2.2593,0.2712,0,REST
10937,42.72265625,0.2408,-5.7014,-1.0723,-3.034,0,REST
10938,42.7265625,1.2348,-5.6241,-7.9985,0.9288,0,REST
10939,42.73046875,1.0076,-2.9,-0.2241,-3.638,0,REST
10940,42.734375,-0.874,-2.3943,-4.3072,-0.9366,0,REST
10941,42.73828125,0.9302,-4.6452,-2.1784,-4.411,0,REST
10942,42.7421875,1.2947,-2.6579,-0.0663,-6.5489,0,REST
10943,42.74609375,1.6687,-1.809,-0.4336,-7.4808,0,REST
10944,42.75,0.6094,-0.3973,-4.5584,-6.4585,0,REST
10945,42.75390625,3.7459,2.806,-1.1298,-4.1405,0,REST
10946,42.7578125,1.2903,4.9284,3.8299,-5.466,0,REST
10947,42.76171875,-2.5805,-0.5419,0.0102,-4.9576,0,REST
10948,42.765625,-4.0185,4.8212,4.1047,-2.4322,0,REST
10949,42.76953125,-1.153,6.2708,7.8927,-1.6576,0,REST
10950,42.7734375,-0.7791,5.147,4.6305,0.9513,0,REST
10951,42.77734375,-4.4845,7.3345,1.8026,6.0828,0,REST
10952,42.78125,-6.0246,5.9546,5.161,4.8266,0,REST
10953,42.78515625,-1.9499,7.3216,1.1771,3.5987,0,REST
10954,42.7890625,-6.8136,3.5016,4.3373,9.7019,0,REST
10955,42.79296875,-3.7517,2.0045,3.9101,9.7063,0,REST
10956,42.796875,-1.8596,2.5483,5.9433,10.6694,0,REST
10957,42.80078125,-7.1603,1.6548,6.9913,9.9271,0,REST
10958,42.8046875,-2.8324,1.3817,4.5186,4.5715,0,REST
10959,42.80859375,0.3692,1.1627,-0.7927,9.5339,0,REST
10960,42.8125,1.186,1.0778,1.9154,2.2905,0,REST
10961,42.81640625,6.867,-4.579,-2.343,0.2149,0,REST
10962,42.8203125,5.2069,-2.9434,1.7393,-3.5212,0,REST
10963,42.82421875,3.9061,-9.1135,-3.2522,-4.037,0,REST
10964,42.828125,5.7969,-4.5058,-1.8966,-9.1469,0,REST
10965,42.83203125,8.277,-8.1179,-6.8219,-10.9297,0,REST
10966,42.8359375,5.4069,-8.4466,-6.1001,-10.2667,0,REST
10967,42.83984375,5.8624,-4.1426,-7.3754,-12.0817,0,REST
10968,42.84375,7.7153,-7.2796,-9.1853,-13.379,0,REST
10969,42.84765625,8.6283,-2.2896,-8.5071,-10.3967,0,REST
10970,42.8515625,4.0899,0.4378,-5.5969,-11.0595,0,REST
10971,42.85546875,-1.8005,0.8154,-4.8506,-5.013,0,REST
10972,42.859375,0.7276,5.5253,-5.5082,-4.0753,0,REST
10973,42.86328125,-0.3516,10.7896,-5.487,-0.1996,0,REST
10974,42.8671875,-7.778,5.5649,-0.2021,4.1612,0,REST
10975,42.87109375,-3.4394,7.4409,2.0446,10.0036,0,REST
10976,42.875,-11.2118,10.4941,8.8605,11.202,0,REST
10977,42.87890625,-9.0121,9.9712,7.956,8.3587,0,REST
10978,42.8828125,-13.7924,11.938,8.3724,11.0012,0,REST
10979,42.88671875,-11.0295,10.4527,7.0181,10.2026,0,REST
10980,42.890625,-6.8373,5.0701,9.6832,15.2368,0,REST
10981,42.89453125,-6.4648,0.1103,10.3678,9.8989,0,REST
10982,42.8984375,-4.1328,-0.7598,8.861,7.4562,0,REST
10983,42.90234375,-5.6103,0.4446,8.2116,4.4035,0,REST
10984,42.90625,0.4985,-3.2324,5.6829,2.8523,0,REST
10985,42.91015625,1.5178,-4.8649,3.6897,-0.9113,0,REST
10986,42.9140625,6.7367,-5.6616,0.7213,-9.474,0,REST
10987,42.91796875,9.2056,-7.8599,-0.8373,-7.4391,0,REST
10988,42.921875,10.8607,-12.5903,-2.325,-10.9074,0,REST
10989,42.92578125,10.8815,-9.0438,-7.2265,-13.6043,0,REST
10990,42.9296875,11.129,-14.5812,-9.5249,-10.4056,0,REST
10991,42.93359375,11.3443,-10.4454,-9.4376,-9.3598,0,REST
10992,42.9375,8.2874,-5.6144,-9.9842,-7.958,0,REST
10993,42.94140625,11.0591,-5.5124,-12.2089,-7.8227,0,REST
10994,42.9453125,8.031,-4.632,-9.911,-4.3111,0,REST
10995,42.94921875,2.1737,-1.0189,-10.3073,-1.9869,0,REST
10996,42.953125,2.0287,5.8416,-9.2617,3.1468,0,REST
10997,42.95703125,-3.9515,6.9121,-1.8865,7.5265,0,REST
10998,42.9609375,-9.9357,10.0687,-2.4045,12.5387,0,REST
10999,42.96484375,-11.864,9.8454,1.36,6.5516,0,REST
11000,42.96875,-10.1806,12.3684,4.5215,11.7963,0,REST
11001,42.97265625,-14.6375,15.1408,9.9688,10.5351,0,REST
11002,42.9765625,-13.0707,10.7105,12.59,14.5671,0,REST
11003,42.98046875,-10.4718,5.8384,10.8395,7.9268,0,REST
11004,42.984375,-13.5508,7.7744,10.3188,11.9129,0,REST
11005,42.98828125,-7.8035,7.8319,11.8601,10.1446,0,REST
11006,42.9921875,-5.4064,1.1423,10.0801,1.0929,0,REST
11007,42.99609375,-1.7987,-4.3813,12.2276,0.913,0,REST
11008,43.0,-0.2113,-5.1468,10.6684,-2.4909,0,REST
11009,43.00390625,2.0542,-13.1278,1.1922,-2.8409,0,REST
11010,43.0078125,6.0212,-8.6676,3.9344,-6.2194,0,REST
11011,43.01171875,9.9977,-12.4178,-2.6815,-12.6051,0,REST
11012,43.015625,11.7558,-14.1586,-5.9791,-12.9551,0,REST
11013,43.01953125,13.4462,-15.0138,-4.507,-12.259,0,REST
11014,43.0234375,13.4215,-10.2551,-8.7659,-11.1451,0,REST
11015,43.02734375,12.6529,-8.6315,-11.8309,-11.362,0,REST
11016,43.03125,11.7452,-8.2017,-9.6899,-6.9605,0,REST
11017,43.03515625,5.5822,-4.2733,-10.3424,-5.6989,0,REST
11018,43.0390625,4.3346,0.0051,-16.038,-3.8623,0,REST
11019,43.04296875,1.6892,1.8228,-12.4716,1.0486,0,REST
11020,43.046875,-0.0458,5.6621,-9.0129,8.0227,0,REST
11021,43.05078125,-5.587,6.9371,-8.155,6.6668,0,REST
11022,43.0546875,-4.1127,11.7984,0.9417,5.7662,0,REST
11023,43.05859375,-7.8039,10.9824,2.3903,11.1495,0,REST
11024,43.0625,-7.9767,15.881,1.544,13.9719,0,REST
11025,43.06640625,-10.3763,10.7933,6.1567,9.8566,0,REST
11026,43.0703125,-11.3721,11.1868,6.8482,9.7534,0,REST
11027,43.07421875,-8.4633,9.0569,14.2263,5.1557,0,REST
11028,43.078125,-14.8399,5.3655,12.0681,6.4833,0,REST
11029,43.08203125,-8.1628,4.2757,12.9541,4.8832,0,REST
11030,43.0859375,-7.4339,1.5642,14.1682,2.1531,0,REST
11031,43.08984375,-0.7641,-2.7067,9.4855,-4.6157,0,REST
11032,43.09375,0.2297,-6.561,11.005,-3.2476,0,REST
11033,43.09765625,5.3758,-10.4398,4.1654,-10.063,0,REST
11034,43.1015625,5.5343,-11.7628,1.5628,-8.089,0,REST
11035,43.10546875,8.2306,-14.2038,-4.2297,-8.2752,0,REST
11036,43.109375,5.776,-13.1744,-1.1842,-7.108,0,REST
11037,43.11328125,7.1562,-13.3331,-9.0175,-8.0535,0,REST
11038,43.1171875,7.3006,-12.6421,-6.2724,-9.7,0,REST
11039,43.12109375,10.7234,-8.519,-7.4221,-3.326,0,REST
11040,43.125,6.038,-5.506,-8.1165,-4.8735,0,REST
11041,43.12890625,7.48,-3.954,-9.5548,-2.9501,0,REST
11042,43.1328125,5.6975,-4.5967,-8.0974,-1.3029,0,REST
11043,43.13671875,3.3446,4.9945,-8.4774,0.5291,0,REST
11044,43.140625,1.3335,6.5856,-6.7628,3.8484,0,REST
11045,43.14453125,-4.6982,7.5808,-1.7078,4.4767,0,REST
11046,43.1484375,-2.7813,8.8986,-4.0987,3.2168,0,REST
11047,43.15234375,-3.8798,13.3752,0.1033,6.7325,0,REST
11048,43.15625,-7.5152,14.6847,0.562,5.2391,0,REST
11049,43.16015625,-8.2021,12.8719,1.3255,7.3784,0,REST
11050,43.1640625,-7.965,12.0987,3.2255,5.8068,0,REST
11051,43.16796875,-2.3026,8.6915,7.1853,3.7551,0,REST
11052,43.171875,-2.6799,8.5993,7.7173,2.8014,0,REST
11053,43.17578125,-2.9348,4.3211,4.4326,0.449,0,REST
11054,43.1796875,-1.3316,1.0037,9.5833,-0.2382,0,REST
11055,43.18359375,-3.6413,1.5724,7.1667,-2.6656,0,REST
11056,43.1875,-0.8151,-3.5961,4.6122,-2.3563,0,REST
11057,43.19140625,-2.7033,-9.3407,5.6908,-2.857,0,REST
11058,43.1953125,1.8567,-11.3371,4.9743,-5.2282,0,REST
11059,43.19921875,2.4657,-9.3791,2.3606,-2.1984,0,REST
11060,43.203125,6.0803,-9.566,-2.2071,-4.2949,0,REST
11061,43.20703125,5.9273,-11.7487,0.6123,-1.1234,0,REST
11062,43.2109375,4.541,-7.0174,-3.6933,0.7581,0,REST
11063,43.21484375,3.6118,-10.8341,-4.8834,-3.4693,0,REST
11064,43.21875,5.9238,-6.6603,-4.0919,-5.9629,0,REST
11065,43.22265625,0.6364,-1.0204,-2.4251,-3.4787,0,REST
11066,43.2265625,-0.9295,-0.925,-4.1384,-3.8064,0,REST
11067,43.23046875,5.2034,-1.3455,-2.381,-2.2294,0,REST
11068,43.234375,0.7621,4.9489,-3.0724,-1.2427,0,REST
11069,43.23828125,0.9036,5.0169,-2.2591,-1.7469,0,REST
11070,43.2421875,0.3365,10.8648,-0.7823,-0.3901,0,REST
11071,43.24609375,0.8484,9.0106,-1.4031,2.834,0,REST
11072,43.25,1.1569,11.8396,-5.7882,2.2061,0,REST
11073,43.25390625,-0.2137,14.3513,-0.137,2.9999,0,REST
11074,43.2578125,-7.1182,7.4622,-1.6723,2.7264,0,REST
11075,43.26171875,-0.8035,9.9472,-3.7469,0.9235,0,REST
11076,43.265625,-4.2009,9.1179,-1.4375,2.6583,0,REST
11077,43.26953125,-0.5949,4.7981,1.6831,8.1251,0,REST
11078,43.2734375,-3.7257,2.8227,-0.9429,0.7374,0,REST
11079,43.27734375,-2.4846,-0.8601,2.2064,5.297,0,REST
11080,43.28125,-4.4662,-1.7838,0.1909,2.24,0,REST
11081,43.28515625,-7.4866,-6.6491,-0.0791,4.8318,0,REST
11082,43.2890625,-4.4075,-7.9913,4.0641,-0.3109,0,REST
11083,43.29296875,-5.7964,-7.1643,5.5345,3.9942,0,REST
11084,43.296875,-6.7155,-8.0594,2.0012,-0.1131,0,REST
11085,43.30078125,-3.8152,-10.1767,3.5568,-2.2805,0,REST
11086,43.3046875,0.4292,-8.5495,8.5949,-4.8391,0,REST
11087,43.30859375,-0.809,-7.9197,5.781,-2.3242,0,REST
11088,43.3125,2.3931,-5.2204,5.3709,-6.4611,0,REST
11089,43.31640625,1.9975,-2.4168,3.1993,-6.0524,0,REST
11090,43.3203125,4.9258,-0.6124,1.181,-8.9878,0,REST
11091,43.32421875,4.6592,1.8046,2.3517,-8.3537,0,REST
11092,43.328125,4.5704,5.4308,0.1898,-8.114,0,REST
11093,43.33203125,7.684,2.2156,-3.5569,-0.5258,0,REST
11094,43.3359375,8.066,5.5605,-2.3068,-0.4021,0,REST
11095,43.33984375,6.2418,5.8347,-8.8529,-2.433,0,REST
11096,43.34375,8.648,8.4795,-4.146,3.4362,0,REST
11097,43.34765625,5.2456,2.9893,-6.088,1.6441,0,REST
11098,43.3515625,4.5902,6.5649,-9.5163,2.1165,0,REST
11099,43.35546875,0.9948,6.6641,-7.9597,9.1335,0,REST
11100,43.359375,2.219,3.1375,-5.3444,5.744,0,REST
11101,43.36328125,-3.4711,-0.9104,-7.0745,8.1612,0,REST
11102,43.3671875,-6.5874,4.0907,-5.6748,7.1892,0,REST
11103,43.37109375,-5.765,-0.3023,-0.3912,9.21,0,REST
11104,43.375,-10.2488,0.5435,0.2433,7.5075,0,REST
11105,43.37890625,-10.2063,-3.2806,6.0196,7.0294,0,REST
11106,43.3828125,-10.4181,-4.378,4.6696,5.6024,0,REST
11107,43.38671875,-9.6339,-2.7646,6.9063,-0.0939,0,REST
11108,43.390625,-10.4013,-1.8623,5.653,-1.2346,0,REST
11109,43.39453125,-10.0882,-6.111,8.2139,-6.3282,0,REST
11110,43.3984375,-7.537,-4.2096,12.3424,-10.2305,0,REST
11111,43.40234375,-4.5642,-5.8224,13.5396,-9.0868,0,REST
11112,43.40625,0.2007,-2.4173,12.8456,-9.5409,0,REST
11113,43.41015625,-0.0866,-4.7768,6.2578,-10.5361,0,REST
11114,43.4140625,5.8666,-0.1023,7.1708,-10.7644,0,REST
11115,43.41796875,4.9895,-3.9952,4.3896,-6.0473,0,REST
11116,43.421875,11.5445,-5.2506,3.8111,-8.3199,0,REST
11117,43.42578125,13.4232,-1.0907,0.126,-5.0713,0,REST
11118,43.4296875,12.9555,1.5551,-6.1186,-2.4208,0,REST
11119,43.43359375,12.5957,-1.1399,-5.1405,0.753,0,REST
11120,43.4375,7.8208,-2.0128,-11.1767,-1.6331,0,REST
11121,43.44140625,6.494,-1.8027,-10.8667,5.5723,0,REST
11122,43.4453125,4.8769,2.4781,-13.946,10.8818,0,REST
11123,43.44921875,-0.4174,-1.0108,-11.4953,4.6819,0,REST
11124,43.453125,-0.9646,6.0328,-15.5886,10.4637,0,REST
11125,43.45703125,-5.0877,0.5063,-11.6898,8.8998,0,REST
11126,43.4609375,-9.2326,2.4682,-7.7541,11.7446,0,REST
11127,43.46484375,-8.7874,2.7609,-2.6295,9.7167,0,REST
11128,43.46875,-10.9455,2.4385,0.7815,12.7126,0,REST
11129,43.47265625,-11.1225,1.1624,-0.8348,9.9322,0,REST
11130,43.4765625,-12.7377,0.6767,4.4768,2.814,0,REST
11131,43.48046875,-14.4849,-0.9929,4.0844,-2.0456,0,REST
11132,43.484375,-8.1716,2.7018,6.7951,-4.7864,0,REST
11133,43.48828125,-8.068,1.2425,12.459,-9.9088,0,REST
11134,43.4921875,-10.9844,-0.8695,12.2665,-10.8102,0,REST
11135,43.49609375,-3.0546,-3.8815,13.4407,-14.578,0,REST
11136,43.5,0.532,-2.289,12.7487,-12.9502,0,REST
11137,43.50390625,1.9824,-2.6028,11.3079,-13.1458,0,REST
11138,43.5078125,7.4832,-5.386,9.1415,-14.4264,0,REST
11139,43.51171875,7.2382,-4.5757,1.4572,-8.3779,0,REST
11140,43.515625,7.9955,-0.8412,2.2205,-8.5346,0,REST
11141,43.51953125,14.7879,1.614,-0.1226,-5.7334,0,REST
11142,43.5234375,13.3905,-6.002,-2.6615,1.0912,0,REST
11143,43.52734375,10.1525,-2.023,-7.2282,3.9289,0,REST
11144,43.53125,10.8202,0.566,-13.6278,7.2258,0,REST
11145,43.53515625,7.8375,-0.3026,-13.5955,9.9773,0,REST
11146,43.5390625,6.7402,2.405,-13.0773,12.6766,0,REST
11147,43.54296875,5.629,-0.487,-10.5965,15.2344,0,REST
11148,43.546875,-4.266,3.6299,-10.2294,12.3056,0,REST
11149,43.55078125,-3.0785,2.3398,-9.5006,10.4679,0,REST
11150,43.5546875,-9.1087,7.9306,-7.577,11.9658,0,REST
11151,43.55859375,-5.2079,4.5483,-6.4717,7.578,0,REST
11152,43.5625,-10.6033,2.8417,-3.1673,4.6696,0,REST
11153,43.56640625,-10.1636,8.4066,1.5846,3.5162,0,REST
11154,43.5703125,-10.4835,4.7088,5.1206,-0.6627,0,REST
11155,43.57421875,-11.5401,5.85,4.4164,-3.8945,0,REST
11156,43.578125,-9.5886,2.6287,9.434,-9.1412,0,REST
11157,43.58203125,-8.5113,1.0852,11.0859,-11.4588,0,REST
11158,43.5859375,-4.1509,3.9608,10.2883,-12.0808,0,REST
11159,43.58984375,-0.8126,0.6839,9.5544,-16.2915,0,REST
11160,43.59375,-0.4368,-3.2638,12.9379,-13.4886,0,REST
11161,43.59765625,1.4328,-4.8328,8.6776,-10.8241,0,REST
11162,43.6015625,5.3884,-5.3062,8.1331,-11.2253,0,REST
11163,43.60546875,9.324,-5.6685,2.0383,-4.5748,0,REST
11164,43.609375,11.4195,-7.7984,6.7561,-4.2419,0,REST
11165,43.61328125,8.3001,-10.3086,2.4897,1.2566,0,REST
11166,43.6171875,9.5844,-7.6184,-0.7658,4.3774,0,REST
11167,43.62109375,10.0189,-12.4136,1.0349,2.0258,0,REST
11168,43.625,6.4829,-9.1908,-3.7715,4.9658,0,REST
11169,43.62890625,5.9548,-5.6222,-7.3494,9.9186,0,REST
11170,43.6328125,5.0564,1.1576,-7.1028,11.2111,0,REST
11171,43.63671875,5.8785,-0.1061,-8.6875,12.6086,0,REST
11172,43.640625,0.5347,2.8723,-7.3815,6.3053,0,REST
11173,43.64453125,-1.0815,5.617,-9.1898,8.5529,0,REST
11174,43.6484375,-2.4051,6.1679,-5.5396,5.6107,0,REST
11175,43.65234375,-8.1623,7.7371,-6.1121,2.8968,0,REST
11176,43.65625,-10.8313,6.3355,-1.6663,4.9323,0,REST
11177,43.66015625,-6.1995,11.3114,-1.9454,-3.6693,0,REST
11178,43.6640625,-5.5055,11.4901,1.4139,-5.3092,0,REST
11179,43.66796875,-10.7099,9.4694,4.4583,-7.7261,0,REST
11180,43.671875,-4.066,7.5025,0.234,-3.8367,0,REST
11181,43.67578125,-5.1325,6.8202,6.3544,-11.6288,0,REST
11182,43.6796875,-2.0834,1.1325,6.845,-9.1684,0,REST
11183,43.68359375,-2.058,-0.3961,4.2453,-9.1292,0,REST
11184,43.6875,-3.1256,-2.9598,4.7846,-7.4338,0,REST
11185,43.69140625,0.85,-7.8766,7.1906,-5.1153,0,REST
11186,43.6953125,4.3056,-6.7143,2.6395,-1.9885,0,REST
11187,43.69921875,5.5489,-6.6513,-0.2185,0.6087,0,REST
11188,43.703125,7.5411,-9.3574,3.6532,1.1459,0,REST
11189,43.70703125,8.0709,-13.0883,2.3661,0.1495,0,REST
11190,43.7109375,0.7815,-11.67,2.4357,1.873,0,REST
11191,43.71484375,-1.0003,-11.3253,-1.0601,5.3679,0,REST
11192,43.71875,6.3375,-10.6028,0.1364,7.6692,0,REST
11193,43.72265625,0.6355,-7.133,-1.3221,5.5547,0,REST
11194,43.7265625,1.5987,-3.2884,-2.4885,9.3004,0,REST
11195,43.73046875,1.7099,0.0274,-2.4835,7.6205,0,REST
11196,43.734375,0.1341,3.8516,-0.4184,8.2277,0,REST
11197,43.73828125,-0.3923,5.4047,1.0551,10.084,0,REST
11198,43.7421875,-1.0138,8.0772,-4.2271,3.0932,0,REST
11199,43.74609375,-3.2962,12.8167,-5.395,3.359,0,REST
11200,43.75,1.3395,10.5251,-1.5906,2.8879,0,REST
11201,43.75390625,0.1376,10.8403,-5.8866,-3.7704,0,REST
11202,43.7578125,-2.617,10.4859,-1.8101,-4.5114,0,REST
11203,43.76171875,-3.723,6.9637,-1.288,-5.7819,0,REST
11204,43.765625,-6.4603,9.0036,-5.0124,-4.2843,0,REST
11205,43.76953125,-5.2086,8.0873,-1.9065,-6.75,0,REST
11206,43.7734375,-4.4746,2.3517,-1.9263,-3.3097,0,REST
11207,43.77734375,-1.3429,-1.8361,1.6268,-5.942,0,REST
11208,43.78125,-4.2447,-2.6013,-1.2771,-5.0072,0,REST
11209,43.78515625,-5.287,-4.2072,-1.2712,-6.1756,0,REST
11210,43.7890625,-4.2458,-7.6297,-1.456,-2.8142,0,REST
11211,43.79296875,-2.3605,-9.7761,4.4004,0.5295,0,REST
11212,43.796875,-3.9858,-9.2087,3.4639,-1.9804,0,REST
11213,43.80078125,-3.0521,-15.6885,1.3264,1.5726,0,REST
11214,43.8046875,4.7531,-14.3326,4.7635,2.0323,0,REST
11215,43.80859375,-2.6176,-10.5077,10.2542,3.1572,0,REST
11216,43.8125,3.1124,-8.3887,4.9827,0.8757,0,REST
11217,43.81640625,1.5555,-2.4453,5.6101,1.4144,0,REST
11218,43.8203125,6.3257,-5.6972,6.037,-0.2611,0,REST
11219,43.82421875,4.3865,-1.518,2.7397,3.07,0,REST
11220,43.828125,3.5853,5.9932,3.5339,0.6866,0,REST
11221,43.83203125,3.0523,7.8922,0.2813,4.8488,0,REST
11222,43.8359375,2.627,8.3912,3.5243,3.9551,0,REST
11223,43.83984375,6.2288,9.7896,0.5782,2.1398,0,REST
11224,43.84375,7.3383,13.0087,-4.1071,3.9163,0,REST
11225,43.84765625,8.0391,12.2749,-6.7155,0.6554,0,REST
11226,43.8515625,-0.5647,11.3388,-8.5342,1.2462,0,REST
11227,43.85546875,4.2901,14.566,-6.3677,1.0183,0,REST
11228,43.859375,1.532,12.6471,-7.8509,1.2766,0,REST
11229,43.86328125,-1.8612,7.6261,-5.9174,2.6103,0,REST
11230,43.8671875,-4.6471,4.532,-13.4607,2.6204,0,REST
11231,43.87109375,-4.5485,-1.6531,-6.5002,-3.2225,0,REST
11232,43.875,-7.3399,-4.0045,-11.2619,-0.057,0,REST
11233,43.87890625,-12.4804,-6.5679,-4.2352,-5.3945,0,REST
11234,43.8828125,-8.2212,-6.2822,-3.5688,-4.2578,0,REST
11235,43.88671875,-8.1328,-13.2903,3.3961,-4.995,0,REST
11236,43.890625,-5.1616,-13.9197,3.8296,-5.6122,0,REST
11237,43.89453125,-7.0266,-12.7297,3.4539,-4.1012,0,REST
11238,43.8984375,-9.4225,-12.4771,7.5929,-3.8063,0,REST
11239,43.90234375,-3.3508,-12.9074,7.4734,-6.3356,0,REST
11240,43.90625,2.1849,-4.2933,7.754,-4.0046,0,REST
11241,43.91015625,2.8899,-6.6762,12.1722,-0.5515,0,REST
11242,43.9140625,3.5174,-2.5,14.5201,-3.1138,0,REST
11243,43.91796875,6.2159,1.7525,10.6348,-1.5458,0,REST
11244,43.921875,8.463,10.1387,7.7339,5.628,0,REST
11245,43.92578125,11.7452,5.7131,8.0045,5.572,0,REST
11246,43.9296875,10.7095,6.2888,4.7442,10.1153,0,REST
11247,43.93359375,13.8283,7.9141,1.3765,5.5475,0,REST
11248,43.9375,8.9207,9.0023,-4.2515,7.6586,0,REST
11249,43.94140625,10.5622,12.5389,-8.1301,5.5773,0,REST
11250,43.9453125,1.9463,10.3035,-11.1632,7.685,0,REST
11251,43.94921875,4.4005,9.447,-9.966,8.7386,0,REST
11252,43.953125,1.421,11.3164,-11.2142,3.8534,0,REST
11253,43.95703125,-4.4482,6.9292,-12.2309,2.5499,0,REST
11254,43.9609375,-6.758,0.7151,-12.5083,0.747,0,REST
11255,43.96484375,-5.1654,-1.1963,-12.0065,-1.6821,0,REST
11256,43.96875,-9.4049,-1.4859,-11.0044,-6.274,0,REST
11257,43.97265625,-11.721,-6.3169,-7.146,-7.2634,0,REST
11258,43.9765625,-11.412,-9.1918,-4.972,-11.0678,0,REST
11259,43.98046875,-13.8808,-15.8507,3.7977,-11.0187,0,REST
11260,43.984375,-8.7734,-11.3666,3.5983,-10.0808,0,REST
11261,43.98828125,-5.7551,-6.853,6.2294,-8.021,0,REST
11262,43.9921875,-5.8115,-13.5825,8.3169,-8.6996,0,REST
11263,43.99609375,-5.8516,-7.477,11.4385,-1.9192,0,REST
11264,44.0,0.584,-8.4041,11.8961,-5.2841,0,REST
11265,44.00390625,1.6237,-3.6579,10.487,-4.6859,0,REST
11266,44.0078125,4.0496,-4.7122,12.6539,0.3017,0,REST
11267,44.01171875,8.5702,-0.7239,14.5025,3.644,0,REST
11268,44.015625,9.6179,4.4097,12.267,8.1383,0,REST
11269,44.01953125,12.7209,2.5074,6.2458,9.0473,0,REST
11270,44.0234375,12.8038,7.0309,0.8393,12.9572,0,REST
11271,44.02734375,10.6813,7.3619,-0.0181,11.0966,0,REST
11272,44.03125,10.1607,8.4427,-5.4763,12.0672,0,REST
11273,44.03515625,10.6179,10.1194,-4.9541,7.5215,0,REST
11274,44.0390625,9.9531,8.5832,-9.7553,12.8844,0,REST
11275,44.04296875,0.8958,9.1565,-8.9908,6.4244,0,REST
11276,44.046875,-0.0324,5.2028,-11.3333,2.7852,0,REST
11277,44.05078125,-0.8701,2.5098,-11.8202,2.8287,0,REST
11278,44.0546875,-7.7183,1.207,-12.5717,-1.7904,0,REST
11279,44.05859375,-9.3073,4.7356,-11.3907,-5.2147,0,REST
11280,44.0625,-12.8039,-2.7145,-10.1354,-8.9765,0,REST
11281,44.06640625,-10.2402,-4.1641,-5.6018,-12.3495,0,REST
11282,44.0703125,-12.7658,-3.9666,-5.1994,-13.7668,0,REST
11283,44.07421875,-8.7461,-4.2693,-2.8544,-13.008,0,REST
11284,44.078125,-10.897,-5.3076,3.818,-10.5469,0,REST
11285,44.08203125,-8.0022,-6.3199,2.4646,-12.4964,0,REST
11286,44.0859375,-3.1341,-7.2987,6.3016,-8.1419,0,REST
11287,44.08984375,-1.1463,-7.7953,9.3241,-5.1556,0,REST
11288,44.09375,3.4063,-9.3353,8.9908,1.909,0,REST
11289,44.09765625,1.9667,-7.4629,13.9091,3.0862,0,REST
11290,44.1015625,6.4927,0.3158,11.7552,1.468,0,REST
11291,44.10546875,6.5581,2.8419,12.0063,5.2969,0,REST
11292,44.109375,7.0012,3.0772,9.2673,11.0632,0,REST
11293,44.11328125,8.3039,0.449,6.6891,13.9405,0,REST
11294,44.1171875,9.1847,2.8892,4.4347,14.7316,0,REST
11295,44.12109375,9.7468,7.7851,0.4832,14.2458,0,REST
11296,44.125,5.3541,7.5116,-1.0026,14.3829,0,REST
11297,44.12890625,3.5257,4.4333,-5.4265,9.7655,0,REST
11298,44.1328125,-2.7034,7.4762,-6.9204,5.7204,0,REST
11299,44.13671875,-2.5109,6.6794,-6.3092,2.8863,0,REST
11300,44.140625,0.0049,4.2173,-9.5906,-0.4147,0,REST
11301,44.14453125,-2.0835,6.4321,-7.0504,-0.1196,0,REST
11302,44.1484375,-5.3912,0.5847,-6.8474,-8.4648,0,REST
11303,44.15234375,-1.5791,3.9177,-7.2542,-5.177,0,REST
11304,44.15625,-6.4856,3.1872,-6.3096,-10.2636,0,REST
11305,44.16015625,-8.1991,2.6857,-4.7276,-10.9102,0,REST
11306,44.1640625,-6.9237,-4.0485,-8.3255,-9.3025,0,REST
11307,44.16796875,-5.7782,-3.4638,0.4311,-11.2129,0,REST
11308,44.171875,-3.6374,-2.5208,1.2579,-15.0356,0,REST
11309,44.17578125,-6.6305,-4.7203,0.2896,-9.268,0,REST
11310,44.1796875,1.5959,-4.0921,2.2965,-6.222,0,REST
11311,44.18359375,-0.4378,-3.7853,5.6891,-1.6757,0,REST
11312,44.1875,-1.5535,-4.0212,5.6118,0.9247,0,REST
11313,44.19140625,-0.6638,-0.8915,4.6921,4.6526,0,REST
11314,44.1953125,0.6678,-4.4928,7.5297,7.1713,0,REST
11315,44.19921875,1.1785,-1.3993,4.665,10.9631,0,REST
11316,44.203125,3.024,-1.4673,6.6262,9.2874,0,REST
11317,44.20703125,3.3988,-3.61,-1.0158,12.0193,0,REST
11318,44.2109375,2.7864,1.0308,3.2194,10.8265,0,REST
11319,44.21484375,4.9004,0.5334,2.1006,9.7516,0,REST
11320,44.21875,3.7408,-0.8736,2.5789,10.7466,0,REST
11321,44.22265625,0.4419,3.4263,2.1405,2.5348,0,REST
11322,44.2265625,1.7954,5.2014,2.1375,3.4424,0,REST
11323,44.23046875,6.303,0.0985,-0.6137,2.1756,0,REST
11324,44.234375,1.6606,0.8883,-0.5518,-3.5576,0,REST
11325,44.23828125,-2.6912,2.7009,-0.5671,-6.6199,0,REST
11326,44.2421875,0.3087,0.9949,-2.5492,-7.9282,0,REST
11327,44.24609375,-1.0432,2.8619,-1.9486,-6.0288,0,REST
11328,44.25,-1.6943,0.1306,-3.6906,-7.2211,0,REST
11329,44.25390625,-0.6738,3.4329,-8.0937,-10.2512,0,REST
11330,44.2578125,1.8507,5.1726,-3.0277,-7.8452,0,REST
11331,44.26171875,-1.7972,3.8854,-4.9295,-6.6144,0,REST
11332,44.265625,-4.7674,-1.1715,-2.95,-10.1878,0,REST
11333,44.26953125,-1.6748,-1.5791,-2.4071,-3.1558,0,REST
11334,44.2734375,-1.4228,-3.8528,-5.142,-3.2326,0,REST
11335,44.27734375,-3.3091,-3.9848,-6.914,1.0131,0,REST
11336,44.28125,-5.7631,-3.562,-1.8686,0.4346,0,REST
11337,44.28515625,-5.0909,-3.4197,0.3497,5.9872,0,REST
11338,44.2890625,-3.5363,-3.6668,-4.1154,4.9475,0,REST
11339,44.29296875,-5.7448,-1.9406,1.3971,9.916,0,REST
11340,44.296875,-2.7748,-1.9851,3.046,7.0511,0,REST
11341,44.30078125,-5.0503,-6.9599,2.9302,9.0437,0,REST
11342,44.3046875,1.4262,-5.3738,1.9788,9.3829,0,REST
11343,44.30859375,-0.1194,-8.3259,5.0145,6.1638,0,REST
11344,44.3125,0.5887,-5.7649,3.2677,7.558,0,REST
11345,44.31640625,-2.3127,-2.3059,5.5917,6.505,0,REST
11346,44.3203125,1.8465,2.3361,6.2174,2.3271,0,REST
11347,44.32421875,8.1668,3.0278,7.072,2.6549,0,REST
11348,44.328125,2.6831,-1.0396,6.2518,-0.1576,0,REST
11349,44.33203125,8.6409,4.1974,6.5635,-0.2891,0,REST
11350,44.3359375,9.8938,4.3388,3.6117,-5.0716,0,REST
11351,44.33984375,9.1411,6.6144,3.5116,-6.5643,0,REST
11352,44.34375,6.7617,8.3947,-0.9536,-4.7873,0,REST
11353,44.34765625,6.1207,1.7948,-1.6563,-3.4237,0,REST
11354,44.3515625,2.6854,6.5743,-2.9973,-5.2536,0,REST
11355,44.35546875,0.8273,7.2225,-5.2522,-3.827,0,REST
11356,44.359375,0.5845,6.3322,-4.8628,-6.8211,0,REST
11357,44.36328125,2.0794,5.1717,-6.2268,-4.6704,0,REST
11358,44.3671875,-3.6514,5.3522,-6.9129,-0.9055,0,REST
11359,44.37109375,-6.1775,1.1017,-9.7377,-0.6412,0,REST
11360,44.375,-5.9886,-0.6013,-10.2654,1.8176,0,REST
11361,44.37890625,-10.3346,-2.94,-8.6202,1.1526,0,REST
11362,44.3828125,-11.606,-1.4614,-7.5344,1.507,0,REST
11363,44.38671875,-12.6172,-7.6646,-4.6654,1.4068,0,REST
11364,44.390625,-7.4221,-6.5166,-5.3935,6.3055,0,REST
11365,44.39453125,-9.2,-8.499,2.6908,3.8486,0,REST
11366,44.3984375,-4.2071,-5.6457,4.2609,3.4765,0,REST
11367,44.40234375,-4.2562,-8.1201,5.5782,3.0723,0,REST
11368,44.40625,2.2494,-8.1891,10.5922,2.6753,0,REST
11369,44.41015625,4.0667,-6.4755,7.8937,5.3075,0,REST
11370,44.4140625,5.2684,-5.8815,7.0276,4.0805,0,REST
11371,44.41796875,9.0291,0.3327,10.2365,4.6594,0,REST
11372,44.421875,8.2832,1.1379,11.4651,2.389,0,REST
11373,44.42578125,10.6809,1.0041,11.2574,2.8599,0,REST
11374,44.4296875,11.1493,4.5956,9.1021,1.6417,0,REST
11375,44.43359375,12.2145,7.4018,10.1143,-1.0769,0,REST
11376,44.4375,12.6685,10.0712,5.5654,-1.23,0,REST
11377,44.44140625,11.8491,11.3763,1.7112,2.1294,0,REST
11378,44.4453125,6.4767,7.5314,-2.4828,3.0265,0,REST
11379,44.44921875,4.429,7.0864,-1.6724,-3.3515,0,REST
11380,44.453125,0.2876,5.5407,-7.7576,-3.6569,0,REST
11381,44.45703125,-5.2088,7.6673,-11.1981,-2.1345,0,REST
11382,44.4609375,-3.5276,5.7,-11.8596,-4.9369,0,REST
11383,44.46484375,-7.0136,1.3987,-12.5851,-1.8776,0,REST
11384,44.46875,-16.0538,-2.369,-13.1767,-4.1522,0,REST
11385,44.47265625,-12.1731,-7.3329,-12.954,-1.5845,0,REST
11386,44.4765625,-14.2539,-5.2102,-11.5906,0.0533,0,REST
11387,44.48046875,-12.1278,-7.2448,-7.6361,-0.285,0,REST
11388,44.484375,-10.2356,-12.7744,-6.8483,-1.7491,0,REST
11389,44.48828125,-12.4273,-11.6294,-1.043,-1.0886,0,REST
11390,44.4921875,-9.4932,-8.8558,-0.489,2.5584,0,REST
11391,44.49609375,-2.4512,-7.7479,5.0247,2.9421,0,REST
11392,44.5,-1.1922,-7.6478,11.0073,7.2932,0,REST
11393,44.50390625,4.4182,-7.6261,7.1824,5.9021,0,REST
11394,44.5078125,6.0874,-10.2045,14.7677,7.4676,0,REST
11395,44.51171875,8.0271,-3.2241,8.9468,5.7593,0,REST
11396,44.515625,9.3722,1.923,10.846,7.2801,0,REST
11397,44.51953125,12.8478,3.1606,15.0182,8.4263,0,REST
11398,44.5234375,14.3057,4.524,5.9693,6.6875,0,REST
11399,44.52734375,12.0483,9.3179,7.5306,4.0074,0,REST
11400,44.53125,9.2619,11.9749,9.232,-0.8787,0,REST
11401,44.53515625,6.9515,13.3164,1.9431,3.0364,0,REST
11402,44.5390625,6.5941,12.3545,3.0772,-5.0273,0,REST
11403,44.54296875,3.4093,13.6035,-2.4533,-3.6986,0,REST
11404,44.546875,0.4966,13.7805,-4.9414,-4.927,0,REST
11405,44.55078125,-2.9648,9.5748,-10.1809,-8.1659,0,REST
11406,44.5546875,-10.4934,7.0838,-7.4017,-10.7277,0,REST
11407,44.55859375,-5.3357,3.242,-10.9536,-12.9433,0,REST
11408,44.5625,-11.2117,-0.1117,-15.5919,-6.562,0,REST
11409,44.56640625,-8.8059,-4.5257,-12.9939,-6.0757,0,REST
11410,44.5703125,-15.8728,-11.5611,-10.0763,-4.3547,0,REST
11411,44.57421875,-8.325,-8.2019,-6.7189,1.5212,0,REST
11412,44.578125,-6.3648,-10.5913,-6.2334,1.384,0,REST
11413,44.58203125,-6.9179,-11.4272,0.3235,2.821,0,REST
11414,44.5859375,-6.6123,-12.8888,0.9128,4.1405,0,REST
11415,44.58984375,-4.326,-13.5206,0.9333,9.058,0,REST
11416,44.59375,0.6512,-12.8527,3.5615,9.1456,0,REST
11417,44.59765625,4.3324,-9.8003,6.8018,12.932,0,REST
11418,44.6015625,4.6019,-9.3743,6.6143,11.2244,0,REST
11419,44.60546875,7.7622,-4.2811,9.2862,12.075,0,REST
11420,44.609375,12.2931,2.8041,11.2471,8.6389,0,REST
11421,44.61328125,13.306,5.3552,9.1586,9.4294,0,REST
11422,44.6171875,8.9374,3.8748,9.399,1.6338,0,REST
11423,44.62109375,10.3689,9.1031,5.0014,0.2107,0,REST
11424,44.625,7.7935,13.8586,6.7552,-2.1172,0,REST
11425,44.62890625,2.7562,10.6893,4.4847,-1.8962,0,REST
11426,44.6328125,4.192,13.5074,3.4751,-9.7388,0,REST
11427,44.63671875,-1.2663,10.2344,-2.3222,-12.0009,0,REST
11428,44.640625,0.3834,10.627,-5.0054,-7.4251,0,REST
11429,44.64453125,-3.1521,6.0381,-5.4706,-10.4055,0,REST
11430,44.6484375,-4.9223,2.466,-6.6437,-12.3252,0,REST
11431,44.65234375,-1.969,-0.5929,-4.7303,-10.3555,0,REST
11432,44.65625,-6.9471,-1.1872,-8.3123,-10.2271,0,REST
11433,44.66015625,-5.8709,-8.3011,-6.8421,-9.7272,0,REST
11434,44.6640625,-5.4527,-9.7026,-9.1376,-5.039,0,REST
11435,44.66796875,-6.6905,-10.1613,-4.2815,-1.6403,0,REST
11436,44.671875,-6.2578,-8.4461,-1.4977,2.2445,0,REST
11437,44.67578125,-4.1631,-12.2602,-3.5012,7.5298,0,REST
11438,44.6796875,-4.9641,-14.329,1.417,7.3988,0,REST
11439,44.68359375,-4.4588,-9.7065,-0.2952,10.0,0,REST
11440,44.6875,0.717,-9.1807,1.714,14.8273,0,REST
11441,44.69140625,1.4694,-8.2005,4.8562,15.4769,0,REST
11442,44.6953125,1.6107,-6.9633,1.961,12.6804,0,REST
11443,44.69921875,2.6968,-0.9145,0.1224,8.3742,0,REST
11444,44.703125,8.0718,4.1189,5.2896,7.9905,0,REST
11445,44.70703125,5.2004,1.9006,7.3504,6.4327,0,REST
11446,44.7109375,2.8109,6.7303,6.9331,5.0011,0,REST
11447,44.71484375,3.76,10.336,2.2464,-2.4943,0,REST
11448,44.71875,1.7151,8.708,1.8312,-5.6845,0,REST
11449,44.72265625,2.1036,9.9294,3.1868,-8.604,0,REST
11450,44.7265625,2.4914,14.448,0.3009,-9.4216,0,REST
11451,44.73046875,3.8687,15.4136,1.0748,-11.0319,0,REST
11452,44.734375,-0.5342,9.612,2.0305,-16.9093,0,REST
11453,44.73828125,0.4205,6.7813,-1.3961,-12.2479,0,REST
11454,44.7421875,-0.6441,7.8244,-1.6909,-10.1837,0,REST
11455,44.74609375,0.0416,0.1267,-2.0403,-8.7339,0,REST
11456,44.75,-3.5051,0.7832,0.4492,-11.0614,0,REST
11457,44.75390625,-0.2195,-2.4626,-1.7758,-4.5335,0,REST
11458,44.7578125,-1.0525,-7.6552,-3.5842,-0.3209,0,REST
11459,44.76171875,-3.2084,-9.461,-3.678,2.7125,0,REST
11460,44.765625,-1.6273,-8.9439,-0.1753,4.3724,0,REST
11461,44.76953125,-2.3519,-5.66,-3.3325,7.3304,0,REST
11462,44.7734375,-2.0596,-10.571,-3.4506,12.8355,0,REST
11463,44.77734375,-0.8106,-6.0545,-3.2948,11.5851,0,REST
11464,44.78125,-5.7899,-5.949,-5.3425,9.4384,0,REST
11465,44.78515625,-3.5024,-9.1571,-2.1635,12.4665,0,REST
11466,44.7890625,-4.9613,-6.0405,-3.5912,8.3983,0,REST
11467,44.79296875,-3.0367,1.6663,-3.2069,5.7545,0,REST
11468,44.796875,-3.2108,1.3896,-4.7988,2.8685,0,REST
11469,44.80078125,-5.5571,4.9751,-3.6318,5.7315,0,REST
11470,44.8046875,-1.8828,10.6041,-4.1576,-2.1431,0,REST
11471,44.80859375,3.3026,6.5558,-0.2495,-3.1449,0,REST
11472,44.8125,1.5629,5.1743,3.9197,-5.6801,0,REST
11473,44.81640625,3.7215,6.6233,4.4577,-8.0155,0,REST
11474,44.8203125,4.61,10.1646,6.2185,-10.2212,0,REST
11475,44.82421875,2.056,10.2305,4.9412,-11.7886,0,REST
11476,44.828125,5.2097,7.5921,6.1747,-12.3259,0,REST
11477,44.83203125,5.1345,6.9099,6.1008,-7.8931,0,REST
11478,44.8359375,7.844,4.0516,4.8407,-6.7899,0,REST
11479,44.83984375,8.4372,1.2284,3.9491,-6.0873,0,REST
11480,44.84375,5.9173,-2.7166,7.4487,-2.1984,0,REST
11481,44.84765625,6.5948,-3.9789,3.326,-4.4038,0,REST
11482,44.8515625,1.7909,-4.3387,0.9484,4.4577,0,REST
11483,44.85546875,5.7445,-7.1206,-1.0016,5.9505,0,REST
11484,44.859375,1.6798,-5.918,-3.6438,7.4696,0,REST
11485,44.86328125,-1.535,-5.3663,-0.0455,9.9509,0,REST
11486,44.8671875,-3.993,-7.1859,-4.4919,10.4951,0,REST
11487,44.87109375,-8.294,-8.2568,-5.3075,10.9327,0,REST
11488,44.875,-6.1754,-3.4928,-8.5089,6.8167,0,REST
11489,44.87890625,-8.0324,-6.0179,-13.4437,5.7564,0,REST
11490,44.8828125,-9.0896,-4.7429,-11.2992,5.8569,0,REST
11491,44.88671875,-7.9287,-1.6567,-10.4839,4.2294,0,REST
11492,44.890625,-6.3958,-0.1192,-5.9466,1.3291,0,REST
11493,44.89453125,-9.3728,1.5675,-1.0745,0.2279,0,REST
11494,44.8984375,-7.8997,4.2861,-6.7102,-3.9498,0,REST
11495,44.90234375,-1.776,2.596,0.5285,-3.8238,0,REST
11496,44.90625,-6.913,8.1423,0.4899,-3.3552,0,REST
11497,44.91015625,1.4703,6.5486,3.1061,-5.6012,0,REST
11498,44.9140625,6.2827,6.0019,8.7259,-2.2333,0,REST
11499,44.91796875,9.4428,5.5369,5.5175,-4.502,0,REST
11500,44.921875,10.4114,3.8533,9.2771,-4.3265,0,REST
11501,44.92578125,10.1587,6.5559,9.4275,-0.8828,0,REST
11502,44.9296875,13.4043,0.0154,11.8276,3.015,0,REST
11503,44.93359375,14.2912,5.6339,6.184,-1.1836,0,REST
11504,44.9375,10.2259,1.6542,11.4573,-0.7948,0,REST
11505,44.94140625,13.3905,-3.1604,6.2822,-0.1294,0,REST
11506,44.9453125,5.2297,-2.5036,8.4687,1.1403,0,REST
11507,44.94921875,4.2197,-6.715,1.5568,4.7379,0,REST
11508,44.953125,2.2281,-5.2831,-1.8225,1.1145,0,REST
11509,44.95703125,-1.8838,-7.5113,-2.1093,0.5069,0,REST
11510,44.9609375,-9.0298,-2.8669,-5.2858,0.7166,0,REST
11511,44.96484375,-9.4388,-1.9301,-7.7077,6.049,0,REST
11512,44.96875,-11.5469,-2.8143,-11.3199,1.59,0,REST
11513,44.97265625,-11.5386,-4.0943,-11.757,1.3502,0,REST
11514,44.9765625,-15.3971,-3.5993,-11.8221,0.7153,0,REST
11515,44.98046875,-14.8322,-2.8765,-10.0467,2.1406,0,REST
11516,44.984375,-7.6021,-0.4787,-11.9185,3.1132,0,REST
11517,44.98828125,-5.716,-2.1213,-9.3317,0.407,0,REST
11518,44.9921875,-6.3523,1.72,-9.2494,-2.4728,0,REST
11519,44.99609375,-3.7243,-2.6635,-2.7997,2.5177,0,REST
11520,45.0,0.7044,0.2255,-0.7832,-2.9417,0,REST
11521,45.00390625,4.0877,-1.3221,1.0756,-5.3224,0,REST
11522,45.0078125,9.8836,1.0336,5.5335,2.2359,0,REST
11523,45.01171875,8.2488,2.1912,13.6851,-4.3845,0,REST
11524,45.015625,10.1206,1.0768,12.229,-1.06,0,REST
11525,45.01953125,12.1018,1.206,10.4831,-2.5807,0,REST
11526,45.0234375,15.3896,1.6333,13.4831,-1.7842,0,REST
11527,45.02734375,14.1091,5.5534,12.9861,-0.5607,0,REST
11528,45.03125,11.369,1.7556,10.7628,-3.6115,0,REST
11529,45.03515625,8.0219,3.3641,10.7651,-2.4209,0,REST
11530,45.0390625,4.4095,3.2007,6.037,0.0642,0,REST
11531,45.04296875,4.0435,5.3217,3.0052,-1.6939,0,REST
11532,45.046875,-1.9046,3.0767,-1.9548,-2.9041,0,REST
11533,45.05078125,-2.1797,0.7471,-6.6975,-5.0293,0,REST
11534,45.0546875,-11.4363,-5.1324,-7.1501,-2.1101,0,REST
11535,45.05859375,-9.0185,5.055,-8.8835,-0.6383,0,REST
11536,45.0625,-9.3101,-0.3981,-12.6537,5.8565,0,REST
11537,45.06640625,-14.9303,-3.8318,-13.8862,5.9826,0,REST
11538,45.0703125,-12.0632,-2.324,-9.2173,6.1187,0,REST
11539,45.07421875,-13.6484,-5.6026,-8.5297,7.1776,0,REST
11540,45.078125,-11.946,-5.3,-11.2959,7.3789,0,REST
11541,45.08203125,-6.2476,-2.9116,-9.4888,6.6934,0,REST
11542,45.0859375,-4.919,-8.3638,-5.5095,7.191,0,REST
11543,45.08984375,-4.7792,-1.9895,-1.6999,5.139,0,REST
11544,45.09375,6.4428,-5.4909,-1.0904,4.8359,0,REST
11545,45.09765625,3.0846,-2.7749,7.4628,3.2067,0,REST
11546,45.1015625,2.9155,-2.3699,4.7188,3.6795,0,REST
11547,45.10546875,7.6584,-1.1664,5.4161,2.79,0,REST
11548,45.109375,6.1846,-0.672,6.3147,0.0503,0,REST
11549,45.11328125,10.2078,1.6802,7.9668,-3.5821,0,REST
11550,45.1171875,9.5296,5.749,12.2782,-5.7836,0,REST
11551,45.12109375,8.2576,2.0029,8.4163,-3.519,0,REST
11552,45.125,6.7338,7.2221,8.2084,-6.1723,0,REST
11553,45.12890625,5.286,6.2717,6.3293,-5.7144,0,REST
11554,45.1328125,0.7811,4.2361,1.6105,-11.2639,0,REST
11555,45.13671875,3.8354,13.3771,2.2026,-3.6137,0,REST
11556,45.140625,-0.0232,4.4583,4.179,-3.8987,0,REST
11557,45.14453125,-0.2052,6.1504,-1.9563,-3.68,0,REST
11558,45.1484375,-4.5614,1.804,-3.4946,-1.2518,0,REST
11559,45.15234375,-7.7821,2.3095,-3.9339,0.0789,0,REST
11560,45.15625,-2.8155,-0.2037,-3.8544,1.1922,0,REST
11561,45.16015625,-4.5448,-3.1162,-3.6977,7.5643,0,REST
11562,45.1640625,-5.6167,-3.0342,-9.0858,10.0924,0,REST
11563,45.16796875,-3.9275,-8.2499,-7.602,9.4187,0,REST
11564,45.171875,-6.6589,-10.4204,-8.7505,8.141,0,REST
11565,45.17578125,-8.7782,-11.6427,-4.9559,9.4672,0,REST
11566,45.1796875,-1.245,-6.434,-5.1477,13.4604,0,REST
11567,45.18359375,-2.9527,-13.0096,-0.7982,10.1448,0,REST
11568,45.1875,-4.0281,-10.946,-3.302,4.7988,0,REST
11569,45.19140625,-0.6514,-4.7629,-4.9042,5.2227,0,REST
11570,45.1953125,4.7015,-0.4115,2.0705,-1.8632,0,REST
11571,45.19921875,4.514,-1.952,2.0952,1.2908,0,REST
11572,45.203125,0.3915,1.769,1.2017,-8.7738,0,REST
11573,45.20703125,4.159,0.3494,3.3069,-6.882,0,REST
11574,45.2109375,4.0162,5.9462,-0.9442,-10.0862,0,REST
11575,45.21484375,5.8185,5.0342,5.5804,-11.2321,0,REST
11576,45.21875,5.5607,9.2108,0.3275,-9.067,0,REST
11577,45.22265625,4.9142,8.7261,1.5179,-12.0606,0,REST
11578,45.2265625,3.3763,7.2706,2.8243,-9.0995,0,REST
11579,45.23046875,2.1999,11.7321,1.692,-10.2292,0,REST
11580,45.234375,1.6554,9.626,4.7284,-4.273,0,REST
11581,45.23828125,-0.2023,7.7832,-0.0653,-1.1868,0,REST
11582,45.2421875,0.3004,7.1867,-0.8388,0.9072,0,REST
11583,45.24609375,-3.6439,2.2259,1.7321,4.0857,0,REST
11584,45.25,0.7215,1.6886,-4.9766,7.8122,0,REST
11585,45.25390625,-0.378,0.2426,-0.3606,8.5053,0,REST
11586,45.2578125,1.8348,-7.1365,4.0535,13.5159,0,REST
11587,45.26171875,0.5112,-8.1206,-1.7193,13.0549,0,REST
11588,45.265625,-1.1108,-7.0637,1.814,13.4418,0,REST
11589,45.26953125,-3.9993,-9.1519,-0.2577,9.4367,0,REST
11590,45.2734375,-4.5812,-14.7468,-3.4524,12.5781,0,REST
11591,45.27734375,-6.0941,-10.5907,-5.0964,10.2561,0,REST
11592,45.28125,-6.8315,-7.9721,-3.1597,6.6156,0,REST
11593,45.28515625,-6.2442,-7.33,-1.1447,2.5761,0,REST
11594,45.2890625,-6.7977,-5.0159,0.449,-5.2535,0,REST
11595,45.29296875,-1.5915,-4.2903,-5.4331,-8.3265,0,REST
11596,45.296875,-2.5467,0.6802,-6.5405,-8.5538,0,REST
11597,45.30078125,-1.0272,2.8741,-3.3865,-12.933,0,REST
11598,45.3046875,-3.17,6.7489,-3.1229,-17.4683,0,REST
11599,45.30859375,-0.3052,6.6239,-2.3826,-10.248,0,REST
11600,45.3125,-0.2673,9.5849,-1.4621,-8.5942,0,REST
11601,45.31640625,1.9259,15.1965,1.0545,-13.368,0,REST
11602,45.3203125,4.4015,13.9955,3.58,-16.0761,0,REST
11603,45.32421875,5.9356,14.7164,2.7244,-7.2268,0,REST
11604,45.328125,7.738,10.8121,3.3796,-2.4872,0,REST
11605,45.33203125,8.138,8.4988,4.1201,-1.7969,0,REST
11606,45.3359375,6.728,7.5318,6.7301,-2.3782,0,REST
11607,45.33984375,11.5892,5.4128,7.5069,7.3632,0,REST
11608,45.34375,5.9084,1.2265,7.601,9.4339,0,REST
11609,45.34765625,3.9035,-0.6455,7.4455,9.199,0,REST
11610,45.3515625,2.9665,-8.2795,5.4283,9.4082,0,REST
11611,45.35546875,2.61,-6.7727,3.9233,13.4015,0,REST
11612,45.359375,0.9327,-10.7154,6.1087,14.9454,0,REST
11613,45.36328125,-3.5197,-7.0681,2.5346,9.1623,0,REST
11614,45.3671875,-4.5971,-14.6566,-3.1535,4.5552,0,REST
11615,45.37109375,-8.1904,-13.0654,-0.1458,2.9496,0,REST
11616,45.375,-8.093,-15.7794,-3.1913,1.6566,0,REST
11617,45.37890625,-8.9178,-12.8261,-8.0669,-0.3901,0,REST
11618,45.3828125,-11.0544,-6.9368,-9.0529,-5.5616,0,REST
11619,45.38671875,-9.6402,-5.1683,-13.0149,-7.9004,0,REST
11620,45.390625,-10.327,-2.7103,-12.1164,-10.2602,0,REST
11621,45.39453125,-6.5066,1.1763,-8.4126,-9.3588,0,REST
11622,45.3984375,-6.5041,4.4034,-12.0278,-10.293,0,REST
11623,45.40234375,-4.9743,7.747,-10.2357,-12.1109,0,REST
11624,45.40625,-2.1559,12.4242,-6.916,-5.1699,0,REST
11625,45.41015625,1.1578,10.278,-3.7297,-10.8283,0,REST
11626,45.4140625,8.0322,11.8061,-2.4446,-5.5055,0,REST
11627,45.41796875,8.7584,15.3153,1.1479,-3.1538,0,REST
11628,45.421875,11.239,10.8491,4.7789,0.3617,0,REST
11629,45.42578125,11.2883,14.5095,7.0819,7.5441,0,REST
11630,45.4296875,13.4154,7.5655,7.0225,6.9043,0,REST
11631,45.43359375,12.8792,3.9279,13.042,9.7841,0,REST
11632,45.4375,7.4275,2.5673,9.7791,8.404,0,REST
11633,45.44140625,11.1437,0.96,11.243,13.4293,0,REST
11634,45.4453125,4.316,-4.2714,11.429,7.1048,0,REST
11635,45.44921875,3.689,-10.508,9.4201,6.0115,0,REST
11636,45.453125,1.6083,-13.0615,7.0499,5.2515,0,REST
11637,45.45703125,-3.5299,-10.3551,6.1087,6.4591,0,REST
11638,45.4609375,-4.8115,-16.3046,2.3551,3.1115,0,REST
11639,45.46484375,-7.4086,-9.1267,-3.1226,-2.8426,0,REST
11640,45.46875,-11.7103,-9.6334,-8.0143,5.5817,0,REST
11641,45.47265625,-10.9384,-11.1127,-5.6344,-1.9422,0,REST
11642,45.4765625,-14.2246,-4.1275,-11.0446,-0.2815,0,REST
11643,45.48046875,-13.2156,-5.6152,-14.2753,-8.9801,0,REST
11644,45.484375,-12.3101,2.2539,-13.8096,-7.9382,0,REST
11645,45.48828125,-10.8714,5.3105,-13.0134,-10.0285,0,REST
11646,45.4921875,-3.9064,2.5208,-11.9602,-8.2581,0,REST
11647,45.49609375,-4.4314,7.4985,-8.1223,-6.8664,0,REST
11648,45.5,-2.1692,7.5659,-6.6274,-8.2897,0,REST
11649,45.50390625,4.0727,7.4576,-5.2767,-1.5986,0,REST
11650,45.5078125,4.6928,16.8729,-0.8982,-5.6684,0,REST
11651,45.51171875,9.0847,12.7923,1.5914,-1.7515,0,REST
11652,45.515625,9.8586,14.1448,3.0976,0.3603,0,REST
11653,45.51953125,13.9179,7.3492,11.0673,1.3396,0,REST
11654,45.5234375,14.3809,4.6895,8.6305,1.6746,0,REST
11655,45.52734375,11.3685,3.6579,16.354,4.4649,0,REST
11656,45.53125,11.6599,0.354,14.9863,3.7681,0,REST
11657,45.53515625,6.9784,-3.9304,14.3072,7.062,0,REST
11658,45.5390625,7.1443,-7.5815,8.1971,5.6526,0,REST
11659,45.54296875,1.6775,-7.2476,11.9562,1.0872,0,REST
11660,45.546875,-3.0525,-7.3288,8.4511,0.9411,0,REST
11661,45.55078125,-1.3736,-8.7072,9.5058,4.6642,0,REST
11662,45.5546875,-8.1162,-13.4812,4.8249,3.2273,0,REST
11663,45.55859375,-8.8049,-10.0627,-2.1108,-0.3265,0,REST
11664,45.5625,-10.653,-9.6073,-4.6959,-0.1667,0,REST
11665,45.56640625,-13.814,-3.8104,-6.504,-0.358,0,REST
11666,45.5703125,-10.5867,-6.1682,-8.145,-2.2686,0,REST
11667,45.57421875,-13.1654,-1.6492,-7.6419,1.1601,0,REST
11668,45.578125,-9.9627,-0.4075,-8.3106,0.2055,0,REST
11669,45.58203125,-6.4032,1.229,-9.9299,0.2581,0,REST
11670,45.5859375,-6.6227,4.3961,-10.673,-3.3885,0,REST
11671,45.58984375,-1.3196,9.387,-7.4879,-2.2484,0,REST
11672,45.59375,-1.0468,8.1743,-5.773,-2.6588,0,REST
11673,45.59765625,5.2047,7.8309,-7.4153,-1.5175,0,REST
11674,45.6015625,7.6949,5.4156,-5.047,-3.4348,0,REST
11675,45.60546875,5.947,6.7134,1.1738,1.3287,0,REST
11676,45.609375,10.8531,9.4868,3.6978,-3.3082,0,REST
11677,45.61328125,9.3238,3.6158,8.7011,-3.3891,0,REST
11678,45.6171875,8.6811,8.2749,6.474,-1.4172,0,REST
11679,45.62109375,4.699,2.8625,6.1913,0.64,0,REST
11680,45.625,7.7442,2.96,11.7399,-3.3433,0,REST
11681,45.62890625,5.5785,2.8202,11.7209,0.5891,0,REST
11682,45.6328125,3.9601,-1.2286,8.6229,-0.5312,0,REST
11683,45.63671875,1.6664,-4.839,9.7486,1.7023,0,REST
11684,45.640625,-0.902,-7.376,4.4098,3.3812,0,REST
11685,45.64453125,-8.5122,-7.0027,5.479,7.6336,0,REST
11686,45.6484375,-1.5257,-7.9929,4.0332,4.8918,0,REST
11687,45.65234375,-3.3458,-8.7442,-1.2209,3.8862,0,REST
11688,45.65625,-8.3093,-4.9819,-2.0635,8.4102,0,REST
11689,45.66015625,-10.5505,-4.3399,-3.2057,8.0911,0,REST
11690,45.6640625,-8.8475,-3.9014,-7.2966,3.5831,0,REST
11691,45.66796875,-9.2212,-4.5567,-5.1672,3.1587,0,REST
11692,45.671875,-3.4451,2.1451,-5.3179,5.2419,0,REST
11693,45.67578125,-3.1049,-3.5991,-9.6366,-0.0775,0,REST
11694,45.6796875,-5.2324,2.3706,-5.8493,0.0172,0,REST
11695,45.68359375,-6.0769,5.0363,-3.1799,-1.4909,0,REST
11696,45.6875,0.3942,6.75,-6.7173,-4.6906,0,REST
11697,45.69140625,1.328,1.8778,-3.683,-5.7072,0,REST
11698,45.6953125,0.1654,3.1806,-2.9988,-6.1926,0,REST
11699,45.69921875,1.4545,6.3121,-4.2212,-6.1828,0,REST
11700,45.703125,2.2981,4.7111,-0.9097,-5.6877,0,REST
11701,45.70703125,5.4112,3.9254,0.0175,-7.3873,0,REST
11702,45.7109375,1.9706,8.0985,0.8586,-7.3832,0,REST
11703,45.71484375,3.1812,4.2086,3.8786,-7.0346,0,REST
11704,45.71875,-0.011,5.0452,4.8253,-5.7655,0,REST
11705,45.72265625,2.1113,2.0923,4.1292,-0.6141,0,REST
11706,45.7265625,2.4067,-0.7056,3.4126,1.8817,0,REST
11707,45.73046875,2.9508,-0.6764,3.7099,5.0439,0,REST
11708,45.734375,2.8607,-1.3587,2.0636,5.6874,0,REST
11709,45.73828125,1.3329,0.3701,0.4346,9.981,0,REST
11710,45.7421875,0.0048,-2.2375,4.4675,9.4655,0,REST
11711,45.74609375,-0.6074,-5.5017,0.6589,9.5585,0,REST
11712,45.75,1.5723,-3.0821,1.6261,6.7765,0,REST
11713,45.75390625,-1.8686,-3.0865,0.5763,6.4535,0,REST
11714,45.7578125,-2.074,-0.7532,2.5749,4.4645,0,REST
11715,45.76171875,-0.2638,-3.1821,0.1885,8.3138,0,REST
11716,45.765625,-5.9351,0.2551,0.7339,1.4995,0,REST
11717,45.76953125,-1.5824,-1.4333,-3.3188,0.6506,0,REST
11718,45.7734375,-4.0217,-2.9589,2.3976,-3.3734,0,REST
11719,45.77734375,-3.2928,-2.8311,-0.5472,-5.4633,0,REST
11720,45.78125,-5.57,-2.8762,-1.9004,-5.6864,0,REST
11721,45.78515625,-3.0531,0.6061,-5.8196,-10.4197,0,REST
11722,45.7890625,-4.6167,-0.814,-4.5834,-12.6008,0,REST
11723,45.79296875,-2.4226,0.1588,-5.0518,-11.1528,0,REST
11724,45.796875,-7.2209,0.6695,-2.9874,-12.9415,0,REST
11725,45.80078125,-2.8974,-4.4165,-4.9616,-7.5031,0,REST
11726,45.8046875,0.2161,4.7099,-1.829,-9.1161,0,REST
11727,45.80859375,-1.54,3.9839,-6.3303,-3.3603,0,REST
11728,45.8125,2.5614,6.4918,-2.8175,-5.6223,0,REST
11729,45.81640625,1.9949,5.7402,-5.0879,2.6455,0,REST
11730,45.8203125,2.4086,2.303,-2.8535,1.1775,0,REST
11731,45.82421875,3.4757,4.3026,-0.9426,8.6644,0,REST
11732,45.828125,6.5051,0.4288,0.2297,8.3574,0,REST
11733,45.83203125,7.7544,1.6726,-2.1102,12.1808,0,REST
11734,45.8359375,5.8172,3.0697,2.5737,11.641,0,REST
11735,45.83984375,9.3498,-1.3616,5.7341,12.7081,0,REST
11736,45.84375,5.8757,2.934,2.8825,8.6037,0,REST
11737,45.84765625,8.3493,-1.8161,4.9986,8.7818,0,REST
11738,45.8515625,-2.2706,-1.8625,7.5287,7.5026,0,REST
11739,45.85546875,-2.2336,-5.7365,12.371,3.5406,0,REST
11740,45.859375,-0.1275,-3.8308,7.1162,0.6535,0,REST
11741,45.86328125,1.8417,-5.9049,9.1508,-3.0834,0,REST
11742,45.8671875,-3.5627,-7.5154,2.0971,-9.113,0,REST
11743,45.87109375,-7.4166,-3.9934,6.5461,-9.9807,0,REST
11744,45.875,-10.9791,-5.2314,-0.52,-9.2122,0,REST
11745,45.87890625,-7.4724,-6.1559,-3.0381,-12.0223,0,REST
11746,45.8828125,-8.8468,-2.9302,-7.3523,-16.3616,0,REST
11747,45.88671875,-14.557,-3.4157,-6.3154,-10.3855,0,REST
11748,45.890625,-13.6843,-3.2946,-6.2418,-11.8703,0,REST
11749,45.89453125,-3.5421,0.5294,-9.0186,-8.9455,0,REST
11750,45.8984375,-3.3917,1.4416,-11.583,-4.6104,0,REST
11751,45.90234375,-2.4832,2.308,-10.6495,-3.3694,0,REST
11752,45.90625,-0.0048,2.0685,-10.1163,2.5538,0,REST
11753,45.91015625,8.8923,4.8976,-8.4293,3.0388,0,REST
11754,45.9140625,7.2192,6.7076,-6.444,7.248,0,REST
11755,45.91796875,5.72,7.3182,-5.024,12.261,0,REST
11756,45.921875,7.2417,5.5481,0.1796,11.4481,0,REST
11757,45.92578125,10.9366,9.9114,1.3781,9.7254,0,REST
11758,45.9296875,9.9392,8.3406,-0.2405,11.8619,0,REST
11759,45.93359375,10.8766,6.418,14.1849,14.4402,0,REST
11760,45.9375,7.2962,2.0979,8.6301,11.7989,0,REST
11761,45.94140625,5.5498,0.7657,12.0431,6.0999,0,REST
11762,45.9453125,5.9333,-6.1883,9.3056,1.9202,0,REST
11763,45.94921875,1.6916,-6.5969,14.4436,0.1194,0,REST
11764,45.953125,-2.4398,-4.809,11.1999,-2.509,0,REST
11765,45.95703125,-4.7175,-11.8751,7.2456,-6.0044,0,REST
11766,45.9609375,-6.176,-12.1432,9.7621,-11.5284,0,REST
11767,45.96484375,-7.8876,-12.0749,3.5202,-11.982,0,REST
11768,45.96875,-7.8545,-10.3789,1.12,-14.1448,0,REST
11769,45.97265625,-11.5515,-9.6453,-0.4862,-10.2135,0,REST
11770,45.9765625,-15.5523,-7.3481,-2.4514,-9.8477,0,REST
11771,45.98046875,-6.8995,1.7553,-4.5452,-6.4206,1,PREPARE
11772,45.984375,-4.2675,-0.3597,-5.5383,-1.1209,1,PREPARE
11773,45.98828125,-4.451,4.0755,-4.7528,-4.0379,1,PREPARE
11774,45.9921875,-1.9187,4.4247,-6.2117,-1.8713,1,PREPARE
11775,45.99609375,-4.9785,3.9677,-3.4427,-3.2952,1,PREPARE
11776,46.0,-2.9897,9.2308,-7.2043,1.4834,1,PREPARE
11777,46.00390625,4.6053,3.6337,1.2054,-2.1515,1,PREPARE
11778,46.0078125,2.956,2.4883,-2.6696,5.192,1,PREPARE
11779,46.01171875,5.584,4.7047,-6.8784,2.1873,1,PREPARE
11780,46.015625,-1.725,5.836,-4.6559,3.6598,1,PREPARE
11781,46.01953125,3.799,3.0483,-1.9721,5.6237,1,PREPARE
11782,46.0234375,5.3955,1.3433,0.9023,5.298,1,PREPARE
11783,46.02734375,6.9794,2.1962,5.6469,3.5309,1,PREPARE
11784,46.03125,5.7316,4.2526,5.677,5.6746,1,PREPARE
11785,46.03515625,-0.1907,-1.8549,3.0631,7.064,1,PREPARE
11786,46.0390625,0.6752,-3.3144,6.6357,1.9602,1,PREPARE
11787,46.04296875,0.4447,-3.0873,1.2627,2.9686,1,PREPARE
11788,46.046875,4.4105,-4.5909,2.0452,2.751,1,PREPARE
11789,46.05078125,-0.1241,-3.5253,2.6789,-1.6584,1,PREPARE
11790,46.0546875,2.5248,-2.9799,4.441,-4.4112,1,PREPARE
11791,46.05859375,-4.1531,-4.0252,4.8601,-0.5752,1,PREPARE
11792,46.0625,-5.8949,-1.3462,4.2796,-5.3891,1,PREPARE
11793,46.06640625,-5.8388,0.8023,2.5236,-2.3399,1,PREPARE
11794,46.0703125,-2.813,-0.4353,0.3041,-5.7658,1,PREPARE
11795,46.07421875,-10.0375,-0.3522,-2.9941,-8.6274,1,PREPARE
11796,46.078125,-3.5268,-1.6346,-0.822,-7.3037,1,PREPARE
11797,46.08203125,-2.0499,-1.7532,-2.4003,-6.817,1,PREPARE
11798,46.0859375,-7.6528,3.212,-4.3958,-4.1421,1,PREPARE
11799,46.08984375,-2.4636,3.746,-2.84,-4.7588,1,PREPARE
11800,46.09375,-2.452,8.6756,-4.142,3.8706,1,PREPARE
11801,46.09765625,-1.4565,3.2561,-3.8129,-1.5581,1,PREPARE
11802,46.1015625,-1.722,2.3755,-8.312,2.6225,1,PREPARE
11803,46.10546875,1.3643,8.27,-7.2483,3.1296,1,PREPARE
11804,46.109375,2.2246,1.9278,-1.0011,4.1682,1,PREPARE
11805,46.11328125,-0.0744,4.9293,-3.3073,5.458,1,PREPARE
11806,46.1171875,6.8838,5.4455,-4.9882,8.9677,1,PREPARE
11807,46.12109375,5.1054,1.4042,2.3523,3.0708,1,PREPARE
11808,46.125,0.9154,0.1055,2.1531,2.3214,1,PREPARE
11809,46.12890625,6.01,-5.3764,1.5406,4.2398,1,PREPARE
11810,46.1328125,6.7963,-2.5028,5.3881,2.9061,1,PREPARE
11811,46.13671875,2.4397,-3.3155,5.7644,1.2687,1,PREPARE
11812,46.140625,5.6523,-3.2473,1.4129,1.0438,1,PREPARE
11813,46.14453125,2.8658,-4.56,5.5997,-0.4954,1,PREPARE
11814,46.1484375,0.9194,-5.6792,4.489,1.067,1,PREPARE
11815,46.15234375,3.9341,-6.0104,5.4521,-2.4197,1,PREPARE
11816,46.15625,-3.7462,-4.7326,4.9436,-5.5586,1,PREPARE
11817,46.16015625,-2.4678,-6.58,4.3541,-3.2684,1,PREPARE
11818,46.1640625,-1.5441,-7.0612,5.5479,-6.5834,1,PREPARE
11819,46.16796875,-2.4239,-1.9863,3.4478,-5.9899,1,PREPARE
11820,46.171875,-3.1859,-1.1078,1.3541,-6.1436,1,PREPARE
11821,46.17578125,-6.085,2.4561,-0.6384,-3.9181,1,PREPARE
11822,46.1796875,-4.2725,-0.7391,-0.7953,-3.8192,1,PREPARE
11823,46.18359375,-3.5608,-0.3165,-5.7028,-2.5595,1,PREPARE
11824,46.1875,-2.8904,3.6714,-3.9665,-2.5561,1,PREPARE
11825,46.19140625,-1.9476,4.7333,-4.3484,-6.7089,1,PREPARE
11826,46.1953125,0.8291,8.2621,-7.1002,3.9463,1,PREPARE
11827,46.19921875,1.2917,4.0711,-5.0717,2.5583,1,PREPARE
11828,46.203125,0.3809,3.912,-4.6484,4.9148,1,PREPARE
11829,46.20703125,4.8072,5.4853,-5.7593,4.9517,1,PREPARE
11830,46.2109375,2.9551,1.4127,-5.6724,4.41,1,PREPARE
11831,46.21484375,6.3588,2.3702,2.0369,3.9455,1,PREPARE
11832,46.21875,8.1601,4.6601,-3.4129,9.9348,1,PREPARE
11833,46.22265625,5.2313,-0.4066,3.7848,5.1688,1,PREPARE
11834,46.2265625,5.4048,1.8563,3.3895,2.0188,1,PREPARE
11835,46.23046875,6.9655,-0.8005,3.4786,0.3306,1,PREPARE
11836,46.234375,5.2151,-1.8914,3.4614,1.0066,1,PREPARE
11837,46.23828125,3.5585,-3.5768,1.604,-1.9583,1,PREPARE
11838,46.2421875,5.186,-0.5978,1.1769,2.6225,1,PREPARE
11839,46.24609375,1.7517,-2.9057,7.0684,-4.3422,1,PREPARE
11840,46.25,-3.8451,-6.2538,11.2405,-5.3596,1,PREPARE
11841,46.25390625,-1.9184,-8.2533,6.0016,-1.6629,1,PREPARE
11842,46.2578125,-2.3567,-4.9887,3.4131,-4.3053,1,PREPARE
11843,46.26171875,-3.9547,-3.4461,7.8427,-2.7602,1,PREPARE
11844,46.265625,-1.4396,-6.3208,5.5493,-3.3472,1,PREPARE
11845,46.26953125,-3.6813,-2.8668,1.5963,-4.5713,1,PREPARE
11846,46.2734375,-4.3979,-5.7481,-0.7563,-6.6127,1,PREPARE
11847,46.27734375,-3.1046,-2.7276,-2.6884,-5.7048,1,PREPARE
11848,46.28125,-5.9107,1.2779,-3.755,-1.5692,1,PREPARE
11849,46.28515625,-7.2175,4.2211,-3.8264,-0.5015,1,PREPARE
11850,46.2890625,-2.7704,2.5164,-4.4126,2.4258,1,PREPARE
11851,46.29296875,-4.0983,4.1419,-6.2547,0.0436,1,PREPARE
11852,46.296875,0.0866,2.6045,-3.2077,2.7602,1,PREPARE
11853,46.30078125,1.8442,3.0885,-9.9509,4.4356,1,PREPARE
11854,46.3046875,0.7661,5.1888,-5.3393,5.7385,1,PREPARE
11855,46.30859375,1.3401,5.6079,-6.7378,5.8431,1,PREPARE
11856,46.3125,3.7368,1.7094,-5.8407,7.0541,1,PREPARE
11857,46.31640625,3.1782,4.5233,-0.2336,2.2716,1,PREPARE
11858,46.3203125,1.4356,1.1777,2.381,1.2082,1,PREPARE
11859,46.32421875,4.168,2.0315,-2.0384,6.0247,1,PREPARE
11860,46.328125,4.2112,-4.2674,0.7189,-1.2923,1,PREPARE
11861,46.33203125,6.5207,-2.8442,2.9479,-3.6171,1,PREPARE
11862,46.3359375,5.0628,-2.3632,4.8908,1.7269,1,PREPARE
11863,46.33984375,2.5017,-2.4834,3.5934,-2.5579,1,PREPARE
11864,46.34375,4.3325,-7.4679,7.6057,-2.1876,1,PREPARE
11865,46.34765625,-0.7724,-7.2589,6.4262,-2.3087,1,PREPARE
11866,46.3515625,2.2621,-7.2231,4.1107,-4.9647,1,PREPARE
11867,46.35546875,-0.5254,-7.0678,2.1108,-7.6279,1,PREPARE
11868,46.359375,-2.2524,-2.8822,4.7417,-3.3252,1,PREPARE
11869,46.36328125,-2.7634,-1.4538,1.9534,-9.2096,1,PREPARE
11870,46.3671875,-3.9789,-1.1447,2.8917,-5.1202,1,PREPARE
11871,46.37109375,-3.5681,-1.2519,-1.8078,-2.6138,1,PREPARE
11872,46.375,-2.6755,2.0402,1.8046,-5.0757,1,PREPARE
11873,46.37890625,-3.7002,2.9696,-1.2184,-2.2696,1,PREPARE
11874,46.3828125,-2.3515,2.4149,0.7527,3.0546,1,PREPARE
11875,46.38671875,-6.8557,1.2674,-3.0184,1.3937,1,PREPARE
11876,46.390625,-5.1887,6.3092,-1.722,-0.0601,1,PREPARE
11877,46.39453125,-2.5001,2.5526,-3.7625,3.7493,1,PREPARE
11878,46.3984375,1.8293,2.881,-7.0188,3.9074,1,PREPARE
11879,46.40234375,5.6125,3.406,-0.5846,4.0147,1,PREPARE
11880,46.40625,3.4937,4.9072,-7.0277,3.0893,1,PREPARE
11881,46.41015625,3.2161,4.5914,-5.4121,8.0391,1,PREPARE
11882,46.4140625,3.4064,5.7796,-6.5986,4.8071,1,PREPARE
11883,46.41796875,3.2808,3.5035,-3.5165,6.0266,1,PREPARE
11884,46.421875,5.4263,1.3738,1.6658,4.404,1,PREPARE
11885,46.42578125,7.5276,1.543,-0.4003,1.3668,1,PREPARE
11886,46.4296875,4.1214,-3.3118,1.0818,-3.1138,1,PREPARE
11887,46.43359375,6.3615,-1.9743,-2.6963,-5.7007,1,PREPARE
11888,46.4375,7.316,-3.7725,1.9086,-3.3831,1,PREPARE
11889,46.44140625,4.2266,-3.8515,4.4565,-5.2604,1,PREPARE
11890,46.4453125,1.134,-4.7539,7.6225,-3.5346,1,PREPARE
11891,46.44921875,-1.566,-4.9038,4.3409,-2.5629,1,PREPARE
11892,46.453125,-0.2932,-1.4547,4.1855,-3.0344,1,PREPARE
11893,46.45703125,-4.4108,-2.7163,4.4404,-6.1615,1,PREPARE
11894,46.4609375,-4.4082,-7.7323,6.8944,-2.9114,1,PREPARE
11895,46.46484375,-4.0947,-1.8193,5.3147,-5.2068,1,PREPARE
11896,46.46875,-4.1402,1.7923,1.3097,-0.6225,1,PREPARE
11897,46.47265625,-10.1981,0.3328,2.1155,-0.1493,1,PREPARE
11898,46.4765625,-6.2427,2.1526,1.0688,0.0509,1,PREPARE
11899,46.48046875,-7.643,0.5575,0.5653,1.6006,1,PREPARE
11900,46.484375,-1.8337,3.2896,-0.5992,0.052,1,PREPARE
11901,46.48828125,-4.1061,3.1618,-3.1356,3.7232,1,PREPARE
11902,46.4921875,0.1961,6.8849,1.7587,6.486,1,PREPARE
11903,46.49609375,-1.9331,4.959,-5.0421,6.6151,1,PREPARE
11904,46.5,0.7327,3.4011,-2.3279,3.9982,1,PREPARE
11905,46.50390625,1.4908,4.1357,-5.1883,4.203,1,PREPARE
11906,46.5078125,5.2407,1.6036,-7.1759,4.4799,1,PREPARE
11907,46.51171875,4.0754,2.0387,-5.8716,5.044,1,PREPARE
11908,46.515625,3.2828,3.2034,-1.8786,3.3776,1,PREPARE
11909,46.51953125,5.841,1.9158,-3.8198,-0.2086,1,PREPARE
11910,46.5234375,4.758,-3.6939,-2.3958,1.1502,1,PREPARE
11911,46.52734375,9.6578,-4.8017,-2.4816,0.1294,1,PREPARE
11912,46.53125,6.3335,-4.7872,-1.6619,-2.9252,1,PREPARE
11913,46.53515625,4.4653,-1.1475,6.8073,-3.2899,1,PREPARE
11914,46.5390625,3.9399,-3.8334,1.8547,-4.2456,1,PREPARE
11915,46.54296875,-0.4673,-7.0595,2.9321,-2.4129,1,PREPARE
11916,46.546875,0.154,-4.2275,2.3483,-5.3702,1,PREPARE
11917,46.55078125,-0.0381,-3.5791,5.8346,-6.0448,1,PREPARE
11918,46.5546875,-6.9714,-3.6255,2.2899,-6.2282,1,PREPARE
11919,46.55859375,-3.7936,-4.4435,4.5491,-2.6819,1,PREPARE
11920,46.5625,-2.6671,-4.6777,6.0772,-1.925,1,PREPARE
11921,46.56640625,-0.052,-3.7516,2.094,1.8974,1,PREPARE
11922,46.5703125,-3.1048,2.2438,5.0949,1.7187,1,PREPARE
11923,46.57421875,-5.0935,3.2934,6.1334,2.0604,1,PREPARE
11924,46.578125,-5.9261,2.507,1.1644,0.5718,1,PREPARE
11925,46.58203125,-4.3063,6.1973,1.2557,3.8442,1,PREPARE
11926,46.5859375,-3.8943,3.9369,-4.6,5.4734,1,PREPARE
11927,46.58984375,-1.83,1.128,-6.8833,6.3087,1,PREPARE
11928,46.59375,-1.7129,6.8107,-5.0721,2.2128,1,PREPARE
11929,46.59765625,0.6093,4.6944,-5.6125,3.2308,1,PREPARE
11930,46.6015625,-1.6751,3.9375,-5.2394,6.8087,1,PREPARE
11931,46.60546875,5.0282,1.7113,-5.7531,3.0769,1,PREPARE
11932,46.609375,2.8337,2.3484,-4.6332,2.1298,1,PREPARE
11933,46.61328125,7.3699,1.3921,-7.2301,0.0364,1,PREPARE
11934,46.6171875,6.5052,0.3735,-4.4501,-4.5553,1,PREPARE
11935,46.62109375,5.0532,-1.4589,-3.5021,-4.2721,1,PREPARE
11936,46.625,4.8195,-2.2054,-2.9766,-1.3328,1,PREPARE
11937,46.62890625,7.8334,-0.3429,-0.3953,0.7855,1,PREPARE
11938,46.6328125,3.0869,-2.7055,-1.7846,-11.3799,1,PREPARE
11939,46.63671875,7.2565,-7.9677,-2.2963,-7.0718,1,PREPARE
11940,46.640625,5.0171,-5.9837,2.4983,-6.5067,1,PREPARE
11941,46.64453125,-2.4944,-5.2668,3.7466,-4.7565,1,PREPARE
11942,46.6484375,2.2493,-0.2044,3.9323,-0.0238,1,PREPARE
11943,46.65234375,-0.7848,-4.1388,4.5891,-3.6598,1,PREPARE
11944,46.65625,-8.0551,-2.0471,4.8688,-0.9207,1,PREPARE
11945,46.66015625,-4.1891,1.4324,8.8165,-2.0064,1,PREPARE
11946,46.6640625,-2.6941,-0.7103,4.2888,1.8457,1,PREPARE
11947,46.66796875,-6.8193,-3.4209,6.4172,3.2685,1,PREPARE
11948,46.671875,-4.4901,0.8171,3.5231,1.2069,1,PREPARE
11949,46.67578125,-6.8162,2.8996,2.6964,1.6971,1,PREPARE
11950,46.6796875,-6.5324,2.1156,1.2307,3.8299,1,PREPARE
11951,46.68359375,-5.4117,4.1819,-2.499,0.1827,1,PREPARE
11952,46.6875,-2.0512,4.6138,2.6676,5.05,1,PREPARE
11953,46.69140625,-0.0058,5.6284,-2.9618,4.875,1,PREPARE
11954,46.6953125,-2.0538,2.9302,-1.1222,5.5941,1,PREPARE
11955,46.69921875,-0.4521,4.5146,-3.7427,1.6693,1,PREPARE
11956,46.703125,1.5881,4.0161,-6.2424,1.0785,1,PREPARE
11957,46.70703125,0.2464,6.8365,-4.0708,1.4977,1,PREPARE
11958,46.7109375,1.4218,1.3774,-10.3872,2.5664,1,PREPARE
11959,46.71484375,2.339,2.241,-1.0656,0.5103,1,PREPARE
11960,46.71875,4.1985,-0.6673,-2.2607,-0.0209,1,PREPARE
11961,46.72265625,3.7724,-4.2854,-2.9219,-4.0636,1,PREPARE
11962,46.7265625,3.1695,-2.2487,-3.7861,-3.8823,1,PREPARE
11963,46.73046875,8.0433,-3.0114,1.4461,-4.8392,1,PREPARE
11964,46.734375,5.1724,-8.9344,-0.3566,-4.7289,1,PREPARE
11965,46.73828125,2.0053,-6.8632,-0.6736,-6.8353,1,PREPARE
11966,46.7421875,3.8182,-4.8076,2.1603,-5.1131,1,PREPARE
11967,46.74609375,-0.369,-7.1556,1.8625,-5.9733,1,PREPARE
11968,46.75,-0.0814,-2.0641,8.54,-0.5704,1,PREPARE
11969,46.75390625,-1.0104,-1.0264,6.2212,-1.2532,1,PREPARE
11970,46.7578125,-2.6424,-0.8653,3.7816,3.7689,1,PREPARE
11971,46.76171875,-6.3873,-2.8011,7.7972,-1.0754,1,PREPARE
11972,46.765625,-0.6495,2.0094,3.3095,-0.153,1,PREPARE
11973,46.76953125,-5.0067,1.7021,4.5717,2.4992,1,PREPARE
11974,46.7734375,-6.2407,5.1635,4.1161,5.5327,1,PREPARE
11975,46.77734375,-3.7912,3.0308,5.027,1.1083,1,PREPARE
11976,46.78125,-6.201,2.7952,0.5167,1.2932,1,PREPARE
11977,46.78515625,-4.2043,2.1725,-2.412,5.1391,1,PREPARE
11978,46.7890625,-5.1288,6.3425,2.6878,3.214,1,PREPARE
11979,46.79296875,-3.0145,6.6509,-2.5041,4.4155,1,PREPARE
11980,46.796875,-2.9488,4.0785,-4.3322,1.0916,1,PREPARE
11981,46.80078125,0.4187,1.9695,-4.2986,3.1571,1,PREPARE
11982,46.8046875,1.3177,2.0588,-5.5219,2.2702,1,PREPARE
11983,46.80859375,4.9736,6.4198,-8.8999,1.4263,1,PREPARE
11984,46.8125,4.4415,-0.3946,-5.3117,-4.6508,1,PREPARE
11985,46.81640625,3.6341,-2.8117,-3.2695,-1.2425,1,PREPARE
11986,46.8203125,4.0756,1.2354,-3.3907,-0.5069,1,PREPARE
11987,46.82421875,0.9099,-2.407,-5.6753,-1.9922,1,PREPARE
11988,46.828125,7.1533,-0.9377,-5.065,-2.8928,1,PREPARE
11989,46.83203125,3.3815,-4.6878,0.5345,-6.8562,1,PREPARE
11990,46.8359375,6.7437,-3.6373,0.3476,-7.9872,1,PREPARE
11991,46.83984375,3.8945,-4.4249,2.5592,-3.087,1,PREPARE
11992,46.84375,1.543,-5.1285,1.1045,-3.7594,1,PREPARE
11993,46.84765625,1.1347,-4.4032,2.275,-0.9977,1,PREPARE
11994,46.8515625,-0.928,-5.9509,1.7426,1.7954,1,PREPARE
11995,46.85546875,0.8043,-0.7564,4.4477,-1.6268,1,PREPARE
11996,46.859375,-3.0284,0.0009,2.3013,-3.6216,1,PREPARE
11997,46.86328125,-0.6214,1.5135,6.8585,4.6379,1,PREPARE
11998,46.8671875,-4.8605,0.0326,3.8587,4.4305,1,PREPARE
11999,46.87109375,-7.1112,0.4687,2.6733,1.1552,1,PREPARE
12000,46.875,-2.573,3.3517,0.8406,4.2635,1,PREPARE
12001,46.87890625,-6.1967,5.4664,0.6177,1.8931,1,PREPARE
12002,46.8828125,-2.16,5.6287,3.2381,7.3878,1,PREPARE
12003,46.88671875,-5.2482,5.5216,2.897,5.5648,1,PREPARE
12004,46.890625,-3.9673,7.672,-0.6542,3.7585,1,PREPARE
12005,46.89453125,-7.229,2.8144,1.3225,4.4552,1,PREPARE
12006,46.8984375,1.9009,2.9304,-1.8182,-3.3308,1,PREPARE
12007,46.90234375,1.3778,0.6788,-3.408,-0.1427,1,PREPARE
12008,46.90625,-0.449,2.755,-3.0177,-2.4727,1,PREPARE
12009,46.91015625,1.2015,1.5076,-0.7927,-0.5835,1,PREPARE
12010,46.9140625,3.0557,-3.2736,-3.5916,-4.9245,1,PREPARE
12011,46.91796875,4.1568,-1.679,-7.674,-6.8165,1,PREPARE
12012,46.921875,1.9379,-2.5779,-4.9208,-3.9869,1,PREPARE
12013,46.92578125,3.0195,-1.3585,-4.6131,-5.7149,1,PREPARE
12014,46.9296875,5.0365,-4.2131,-3.9015,-3.3616,1,PREPARE
12015,46.93359375,4.6133,-2.2371,-2.0953,-3.6602,1,PREPARE
12016,46.9375,-0.419,-2.6118,-0.6658,-5.794,1,PREPARE
12017,46.94140625,3.205,-5.0434,1.5194,-3.6457,1,PREPARE
12018,46.9453125,-0.1954,1.212,-0.0852,-5.5002,1,PREPARE
12019,46.94921875,0.5751,-4.7393,4.5581,-3.3169,1,PREPARE
12020,46.953125,-1.2422,-2.7268,2.6324,-2.156,1,PREPARE
12021,46.95703125,-3.5998,0.9591,7.6121,-1.7003,1,PREPARE
12022,46.9609375,-3.8659,3.528,6.8248,-1.293,1,PREPARE
12023,46.96484375,-6.3937,0.0902,5.5086,3.2866,1,PREPARE
12024,46.96875,-5.779,5.3496,5.1045,3.4872,1,PREPARE
12025,46.97265625,-3.9418,6.1859,3.3181,8.2159,1,PREPARE
12026,46.9765625,-1.3471,7.1754,-1.889,3.0506,1,PREPARE
12027,46.98046875,-4.9444,1.8466,2.0915,5.3474,1,PREPARE
12028,46.984375,-5.1453,4.4781,4.8336,7.2329,1,PREPARE
12029,46.98828125,-3.874,3.4828,0.5596,0.7041,1,PREPARE
12030,46.9921875,-1.0205,2.1193,-5.1781,4.9163,1,PREPARE
12031,46.99609375,-1.0888,3.3068,0.7424,1.4235,1,PREPARE
12032,47.0,-0.5461,0.997,-0.636,-0.904,1,PREPARE
12033,47.00390625,1.4336,3.2553,-3.878,-9.381,1,PREPARE
12034,47.0078125,1.8348,3.7145,-5.2631,1.2693,1,PREPARE
12035,47.01171875,1.2096,-3.2521,0.0399,-3.9285,1,PREPARE
12036,47.015625,-1.556,-1.7996,-6.735,-5.8797,1,PREPARE
12037,47.01953125,4.4223,0.0305,-8.0355,-3.9283,1,PREPARE
12038,47.0234375,4.3371,-7.0706,-6.2472,-6.1746,1,PREPARE
12039,47.02734375,5.1492,-3.7738,-4.0336,0.0821,1,PREPARE
12040,47.03125,3.0314,-3.3586,0.5234,-7.2551,1,PREPARE
12041,47.03515625,4.2222,-4.7954,-2.6479,-6.6135,1,PREPARE
12042,47.0390625,3.501,-3.6938,-3.0863,-2.9758,1,PREPARE
12043,47.04296875,4.7654,-6.4838,1.5983,0.5881,1,PREPARE
12044,47.046875,0.4785,-0.0696,2.4971,-0.5229,1,PREPARE
12045,47.05078125,0.3988,0.4215,5.7038,1.4555,1,PREPARE
12046,47.0546875,1.4449,-0.9765,-0.4949,5.4847,1,PREPARE
12047,47.05859375,-0.0353,0.832,3.9841,2.1944,1,PREPARE
12048,47.0625,-6.6008,-0.207,6.5818,4.5617,1,PREPARE
12049,47.06640625,-5.6227,4.4662,5.1601,9.6962,1,PREPARE
12050,47.0703125,-5.9084,2.8945,3.7736,3.8513,1,PREPARE
12051,47.07421875,-3.9419,4.343,0.2355,2.5555,1,PREPARE
12052,47.078125,-5.4264,2.376,3.8409,7.1475,1,PREPARE
12053,47.08203125,-4.9618,2.8116,1.1648,4.321,1,PREPARE
12054,47.0859375,-6.4454,4.8161,2.4054,4.4889,1,PREPARE
12055,47.08984375,-3.2537,3.4455,-0.7585,3.1292,1,PREPARE
12056,47.09375,-2.0717,7.065,-6.0265,0.9701,1,PREPARE
12057,47.09765625,1.111,1.751,-3.6462,0.0948,1,PREPARE
12058,47.1015625,1.1496,2.7905,-4.5477,-1.8436,1,PREPARE
12059,47.10546875,3.0587,1.9507,-6.8356,-0.6671,1,PREPARE
12060,47.109375,2.5945,-0.2382,-2.9833,-5.7138,1,PREPARE
12061,47.11328125,0.6255,-2.2678,-6.1285,-6.837,1,PREPARE
12062,47.1171875,4.7638,-4.0155,-2.8382,-6.0441,1,PREPARE
12063,47.12109375,4.9226,-6.8355,-5.6268,-3.9587,1,PREPARE
12064,47.125,3.7811,-2.6109,-1.3441,-7.6183,1,PREPARE
12065,47.12890625,5.8754,-3.2024,-4.7113,-6.7337,1,PREPARE
12066,47.1328125,2.3211,-5.7949,-3.9542,-3.7516,1,PREPARE
12067,47.13671875,4.7416,-5.2239,-1.0987,-5.5928,1,PREPARE
12068,47.140625,-0.0012,-4.2553,-3.0677,-0.2558,1,PREPARE
12069,47.14453125,2.3432,-3.9258,-0.8754,4.0427,1,PREPARE
12070,47.1484375,0.6173,-3.0653,1.2137,-0.5989,1,PREPARE
12071,47.15234375,-3.8005,2.7259,4.0285,0.8418,1,PREPARE
12072,47.15625,-0.6077,0.7307,6.8781,0.4105,1,PREPARE
12073,47.16015625,-4.4444,-0.1162,4.85,3.5233,1,PREPARE
12074,47.1640625,-4.1864,1.7792,2.1519,7.2624,1,PREPARE
12075,47.16796875,-2.763,3.1392,6.0152,4.8502,1,PREPARE
12076,47.171875,-3.8695,6.0422,1.4562,4.7933,1,PREPARE
12077,47.17578125,-6.2549,4.918,0.5549,4.8953,1,PREPARE
12078,47.1796875,-3.8657,5.5067,3.0643,2.7528,1,PREPARE
12079,47.18359375,-5.6011,3.1369,3.4079,1.7948,1,PREPARE
12080,47.1875,-4.7775,2.3945,4.6694,-1.4083,1,PREPARE
12081,47.19140625,-4.925,5.3956,-1.7662,-1.6606,1,PREPARE
12082,47.1953125,-2.3081,4.9946,-2.8866,-2.5948,1,PREPARE
12083,47.19921875,4.1676,4.2995,-1.8254,-3.604,1,PREPARE
12084,47.203125,1.9411,1.9109,-4.0933,-3.1121,1,PREPARE
12085,47.20703125,1.9829,1.9242,-4.0773,-2.9272,1,PREPARE
12086,47.2109375,2.2672,0.473,-5.6454,-6.7646,1,PREPARE
12087,47.21484375,3.7887,-3.3287,-5.9624,-4.2477,1,PREPARE
12088,47.21875,6.1522,-3.7047,-6.3908,-2.42,1,PREPARE
12089,47.22265625,3.8674,-2.7486,-4.7855,-3.8212,1,PREPARE
12090,47.2265625,4.786,-2.8837,-3.5991,-3.6164,1,PREPARE
12091,47.23046875,2.8099,-2.0278,-3.6062,-1.5705,1,PREPARE
12092,47.234375,1.3381,-4.9526,1.2131,-1.4712,1,PREPARE
12093,47.23828125,2.2101,-6.4579,0.223,0.1747,1,PREPARE
12094,47.2421875,5.4974,-2.6446,3.1042,-0.5086,1,PREPARE
12095,47.24609375,1.809,-8.3477,1.0509,7.5712,1,PREPARE
12096,47.25,-1.7319,-3.1442,-0.3367,0.2187,1,PREPARE
12097,47.25390625,-0.7706,-0.8975,4.9264,3.7065,1,PREPARE
12098,47.2578125,-0.4538,2.0537,1.4573,4.6165,1,PREPARE
12099,47.26171875,-4.6317,-0.4429,7.3186,2.532,1,PREPARE
12100,47.265625,-3.219,4.9847,5.7497,3.062,1,PREPARE
12101,47.26953125,-2.2721,5.3417,4.4563,4.9833,1,PREPARE
12102,47.2734375,-4.1491,2.2175,8.1633,1.689,1,PREPARE
12103,47.27734375,-1.8799,6.6568,1.087,6.5151,1,PREPARE
12104,47.28125,-4.7474,5.7704,3.1309,1.8259,1,PREPARE
12105,47.28515625,-5.8817,3.2931,3.8832,0.1441,1,PREPARE
12106,47.2890625,-0.5786,0.2056,1.6629,-0.2693,1,PREPARE
12107,47.29296875,-5.1473,0.9151,1.1379,-1.1429,1,PREPARE
12108,47.296875,-0.2896,1.0538,-7.2565,-0.7421,1,PREPARE
12109,47.30078125,0.3777,1.4014,0.487,-2.3273,1,PREPARE
12110,47.3046875,1.7589,-1.3926,-5.2647,-9.3665,1,PREPARE
12111,47.30859375,0.7014,-1.7882,-6.6496,-4.8333,1,PREPARE
12112,47.3125,4.3536,-3.0135,-3.7904,-3.1736,1,PREPARE
12113,47.31640625,3.4766,-5.3492,-1.1179,-4.6406,1,PREPARE
12114,47.3203125,2.8683,-7.1423,-2.0833,-7.7147,1,PREPARE
12115,47.32421875,1.9381,-3.9451,-5.4339,-4.3226,1,PREPARE
12116,47.328125,7.2564,-5.5078,-4.1516,-0.1242,1,PREPARE
12117,47.33203125,3.5143,-4.005,-5.0149,-1.3568,1,PREPARE
12118,47.3359375,5.9246,-5.2943,-3.6003,0.1363,1,PREPARE
12119,47.33984375,4.4293,-1.8677,-2.9005,0.6954,1,PREPARE
12120,47.34375,4.5852,0.2607,-1.3638,6.5326,1,PREPARE
12121,47.34765625,0.4502,-0.735,0.3596,4.5972,1,PREPARE
12122,47.3515625,0.6103,-2.6958,2.3783,4.5887,1,PREPARE
12123,47.35546875,-1.3081,-0.1053,2.4754,2.5776,1,PREPARE
12124,47.359375,-1.1118,1.8569,-0.6998,9.1757,1,PREPARE
12125,47.36328125,-0.2564,3.651,5.8113,3.4948,1,PREPARE
12126,47.3671875,-2.5455,4.2539,6.2766,4.5789,1,PREPARE
12127,47.37109375,-5.2415,2.4486,2.5234,5.2099,1,PREPARE
12128,47.375,-5.2655,5.7112,3.7106,2.4379,1,PREPARE
12129,47.37890625,-3.0898,3.5648,5.2302,-0.6505,1,PREPARE
12130,47.3828125,-2.2936,4.293,2.3202,-0.0373,1,PREPARE
12131,47.38671875,-4.499,5.2295,2.4786,-0.9563,1,PREPARE
12132,47.390625,-1.9288,3.84,-0.2343,-5.1799,1,PREPARE
12133,47.39453125,1.8864,7.7972,-0.0722,-2.9189,1,PREPARE
12134,47.3984375,0.1742,3.5743,-1.4175,-8.3429,1,PREPARE
12135,47.40234375,-1.4517,-1.6868,-2.5695,-6.842,1,PREPARE
12136,47.40625,1.3706,-0.5885,-1.085,-6.1883,1,PREPARE
12137,47.41015625,1.0689,-1.4047,-4.2472,-6.3643,1,PREPARE
12138,47.4140625,3.4979,-0.221,-6.6793,1.9551,1,PREPARE
12139,47.41796875,4.7468,-4.2711,-5.8418,-2.885,1,PREPARE
12140,47.421875,3.9225,-2.3739,-2.9157,-2.0011,1,PREPARE
12141,47.42578125,4.0457,-4.2694,-7.2339,-0.888,1,PREPARE
12142,47.4296875,3.4279,-6.823,-4.8749,-0.0491,1,PREPARE
12143,47.43359375,5.3135,-3.8987,-1.9395,3.398,1,PREPARE
12144,47.4375,8.8928,-3.6836,-2.2548,3.609,1,PREPARE
12145,47.44140625,1.3927,-4.0572,-0.4028,5.5349,1,PREPARE
12146,47.4453125,-2.9632,-1.1425,1.227,4.0416,1,PREPARE
12147,47.44921875,2.0599,1.1297,0.543,2.862,1,PREPARE
12148,47.453125,0.7318,-0.3983,2.6652,4.299,1,PREPARE
12149,47.45703125,-4.3475,1.4387,-0.5945,2.0952,1,PREPARE
12150,47.4609375,-4.4264,-1.1982,3.7473,3.45,1,PREPARE
12151,47.46484375,-3.346,2.0461,1.9734,4.85,1,PREPARE
12152,47.46875,-0.0807,1.3021,7.3807,-1.1677,1,PREPARE
12153,47.47265625,-5.1724,5.8803,4.0952,3.4856,1,PREPARE
12154,47.4765625,-6.715,7.6036,6.3173,1.3774,1,PREPARE
12155,47.48046875,-3.3168,3.6616,4.0441,-3.7378,1,PREPARE
12156,47.484375,-4.7088,0.9469,7.1022,-4.9407,1,PREPARE
12157,47.48828125,-8.0634,1.5628,5.4284,-4.5207,1,PREPARE
12158,47.4921875,-4.9067,0.7865,3.3069,-3.9312,1,PREPARE
12159,47.49609375,-3.049,1.0509,2.8702,-4.862,1,PREPARE
12160,47.5,-0.235,1.7063,-5.5863,-4.1286,1,PREPARE
12161,47.50390625,-0.0331,-0.4757,-4.1114,0.0293,1,PREPARE
12162,47.5078125,0.5943,2.9505,-2.705,-2.2789,1,PREPARE
12163,47.51171875,3.849,-4.4079,-3.1066,-6.0662,1,PREPARE
12164,47.515625,5.9718,-2.1233,-3.4113,-0.9344,1,PREPARE
12165,47.51953125,8.3285,-3.6632,-5.4337,-2.4717,1,PREPARE
12166,47.5234375,2.7844,-4.7467,-6.4142,-0.9009,1,PREPARE
12167,47.52734375,5.9129,-5.4003,-7.0172,0.6063,1,PREPARE
12168,47.53125,4.4413,-3.451,-10.0399,0.2232,1,PREPARE
12169,47.53515625,4.9111,-5.2651,-7.21,-0.0352,1,PREPARE
12170,47.5390625,5.7639,-3.4227,-6.0744,5.7962,1,PREPARE
12171,47.54296875,-0.0018,-1.5129,-1.1115,6.0791,1,PREPARE
12172,47.546875,1.0606,3.3101,-0.1282,4.9413,1,PREPARE
12173,47.55078125,-1.4121,-0.0061,1.8476,6.2142,1,PREPARE
12174,47.5546875,-1.4683,0.3482,1.205,5.6877,1,PREPARE
12175,47.55859375,-3.4747,2.1026,-0.0855,3.356,1,PREPARE
12176,47.5625,-3.0609,3.9159,3.1895,0.0245,1,PREPARE
12177,47.56640625,-1.2729,6.8571,4.0601,2.9369,1,PREPARE
12178,47.5703125,-2.6594,5.6437,3.8127,1.8617,1,PREPARE
12179,47.57421875,-3.1684,5.6033,5.7791,-1.727,1,PREPARE
12180,47.578125,-9.3376,7.0347,4.7773,-1.4279,1,PREPARE
12181,47.58203125,-1.3187,5.0444,4.4289,-7.6247,1,PREPARE
12182,47.5859375,-3.9009,5.2488,5.9842,-4.8508,1,PREPARE
12183,47.58984375,-4.3242,1.2906,5.3742,-3.7005,1,PREPARE
12184,47.59375,-1.9886,-0.2322,1.7836,-4.532,1,PREPARE
12185,47.59765625,-3.6541,-2.2347,-3.8453,-0.6095,1,PREPARE
12186,47.6015625,-1.1806,-2.802,-0.163,-4.4503,1,PREPARE
12187,47.60546875,1.1348,-1.8859,-3.1823,-2.5153,1,PREPARE
12188,47.609375,1.9175,-2.4624,-0.6874,-2.6964,1,PREPARE
12189,47.61328125,5.4616,-3.2379,-7.5394,-3.2238,1,PREPARE
12190,47.6171875,4.2762,-5.3928,-5.226,0.9166,1,PREPARE
12191,47.62109375,6.2765,-5.9539,-4.5895,2.3294,1,PREPARE
12192,47.625,4.8396,-4.1418,-4.8229,-1.6145,1,PREPARE
12193,47.62890625,0.4783,-4.5156,-3.2419,6.8932,1,PREPARE
12194,47.6328125,2.7775,-5.31,-2.6624,7.5535,1,PREPARE
12195,47.63671875,2.54,-0.8358,-3.7022,3.2042,1,PREPARE
12196,47.640625,2.4545,-1.9676,-1.0323,4.0728,1,PREPARE
12197,47.64453125,1.9705,-3.1568,-5.4388,6.7384,1,PREPARE
12198,47.6484375,2.343,-0.747,-3.14,6.339,1,PREPARE
12199,47.65234375,0.2669,2.1056,3.1206,0.4943,1,PREPARE
12200,47.65625,-0.8845,1.31,1.3114,6.6493,1,PREPARE
12201,47.66015625,-0.9506,5.2968,3.4609,1.6041,1,PREPARE
12202,47.6640625,-8.6363,6.4068,5.1693,-1.6248,1,PREPARE
12203,47.66796875,-2.5399,5.0418,4.8814,-1.1809,1,PREPARE
12204,47.671875,-5.472,5.1638,6.4838,-1.9063,1,PREPARE
12205,47.67578125,-7.5261,3.7208,3.8091,-1.3714,1,PREPARE
12206,47.6796875,-6.1165,4.685,3.7284,-7.1108,1,PREPARE
12207,47.68359375,-5.687,3.9468,5.4641,-6.4144,1,PREPARE
12208,47.6875,-4.8242,7.711,1.4529,-4.0265,1,PREPARE
12209,47.69140625,-4.0771,2.9874,1.6567,-2.7878,1,PREPARE
12210,47.6953125,1.7801,-0.9597,2.0312,-3.5248,1,PREPARE
12211,47.69921875,-0.3553,0.9254,2.9713,-3.8143,1,PREPARE
12212,47.703125,4.0641,-4.7594,-1.4681,-5.1228,1,PREPARE
12213,47.70703125,0.7106,-2.0666,1.9332,-0.6121,1,PREPARE
12214,47.7109375,2.9576,-3.2187,-2.6005,-3.8591,1,PREPARE
12215,47.71484375,3.8208,-6.3786,-3.307,-3.1424,1,PREPARE
12216,47.71875,3.1715,-4.0787,-0.0994,0.337,1,PREPARE
12217,47.72265625,6.1592,-4.9072,-2.4668,3.8927,1,PREPARE
12218,47.7265625,1.4654,-4.7564,-5.2877,3.1122,1,PREPARE
12219,47.73046875,4.6382,-4.904,-9.0968,4.8245,1,PREPARE
12220,47.734375,2.1022,-2.7423,-6.3475,6.1203,1,PREPARE
12221,47.73828125,2.7006,-3.2056,-3.5673,3.9273,1,PREPARE
12222,47.7421875,0.9746,-1.1536,-2.0605,5.4047,1,PREPARE
12223,47.74609375,1.89,0.5266,0.2251,2.4122,1,PREPARE
12224,47.75,0.0573,3.4305,0.3729,3.6768,1,PREPARE
12225,47.75390625,4.1226,0.437,-1.7937,0.4791,1,PREPARE
12226,47.7578125,-2.7187,6.5239,1.8882,2.3803,1,PREPARE
12227,47.76171875,-4.0751,7.4772,2.1096,-0.4891,1,PREPARE
12228,47.765625,-1.7612,7.9114,2.8245,-2.5419,1,PREPARE
12229,47.76953125,-4.7181,4.7956,1.8423,-0.6418,1,PREPARE
12230,47.7734375,-4.4413,3.0085,2.8489,-3.1247,1,PREPARE
12231,47.77734375,-6.6263,7.0432,4.298,-6.0619,1,PREPARE
12232,47.78125,-7.0337,1.4448,3.1951,-6.5668,1,PREPARE
12233,47.78515625,-3.2318,3.0972,5.3945,-5.5669,1,PREPARE
12234,47.7890625,-1.2211,2.7606,5.2544,-5.2781,1,PREPARE
12235,47.79296875,-3.125,-0.5714,2.1904,-0.3175,1,PREPARE
12236,47.796875,-4.1126,-2.5356,3.2399,-3.5905,1,PREPARE
12237,47.80078125,-2.9533,-2.7889,2.8032,-1.8172,1,PREPARE
12238,47.8046875,5.7769,-4.5657,-2.7808,-2.3814,1,PREPARE
12239,47.80859375,3.3469,-2.3513,-0.7125,3.9317,1,PREPARE
12240,47.8125,0.714,-5.7106,0.6171,-0.1351,1,PREPARE
12241,47.81640625,0.9768,-4.2372,-2.4534,1.4663,1,PREPARE
12242,47.8203125,4.4099,-4.9002,-6.1192,1.0208,1,PREPARE
12243,47.82421875,5.282,-6.0771,-2.0731,2.1109,1,PREPARE
12244,47.828125,2.3901,-5.6519,-6.7883,7.4093,1,PREPARE
12245,47.83203125,7.2999,-4.158,-5.3299,4.5181,1,PREPARE
12246,47.8359375,3.9753,-2.5909,-1.6721,5.5668,1,PREPARE
12247,47.83984375,5.324,0.7023,-5.717,5.3659,1,PREPARE
12248,47.84375,-3.998,-1.1508,-2.9809,2.2266,1,PREPARE
12249,47.84765625,2.2094,-0.3992,-1.3628,2.8826,1,PREPARE
12250,47.8515625,0.0091,4.0965,-2.1993,1.6336,1,PREPARE
12251,47.85546875,-1.6714,2.9268,-1.2068,1.7235,1,PREPARE
12252,47.859375,1.7545,5.5341,-0.7891,-1.9017,1,PREPARE
12253,47.86328125,-5.6448,8.1419,1.6046,-1.0853,1,PREPARE
12254,47.8671875,-3.9891,5.3377,2.9309,-2.4216,1,PREPARE
12255,47.87109375,-4.2658,3.1709,4.604,-3.2926,1,PREPARE
12256,47.875,-8.687,5.4809,8.4039,-1.1341,1,PREPARE
12257,47.87890625,-5.3982,0.9477,6.1561,-3.0815,1,PREPARE
12258,47.8828125,-6.5506,-0.2813,2.8292,-5.0454,1,PREPARE
12259,47.88671875,-8.519,2.8602,3.6515,-4.9334,1,PREPARE
12260,47.890625,-3.9186,1.8281,4.4943,-4.2456,1,PREPARE
12261,47.89453125,-3.204,2.8957,1.2939,-1.8228,1,PREPARE
12262,47.8984375,0.574,-2.9407,5.5432,0.1855,1,PREPARE
12263,47.90234375,3.1544,-0.7306,1.4307,-1.9475,1,PREPARE
12264,47.90625,0.2643,-6.5011,1.0263,-1.0447,1,PREPARE
12265,47.91015625,1.859,-8.4451,-1.5098,1.1034,1,PREPARE
12266,47.9140625,3.4377,-4.4459,-1.9677,3.7649,1,PREPARE
12267,47.91796875,-0.3435,-5.8087,-2.9398,7.6141,1,PREPARE
12268,47.921875,0.3896,-5.6018,-4.3141,4.1926,1,PREPARE
12269,47.92578125,3.7525,-3.0003,-6.0625,5.2303,1,PREPARE
12270,47.9296875,8.2056,-2.2814,-1.1053,7.174,1,PREPARE
12271,47.93359375,6.9173,-2.4917,-0.5577,2.7951,1,PREPARE
12272,47.9375,5.5462,1.6073,-8.1133,3.612,1,PREPARE
12273,47.94140625,4.9497,-0.4574,-3.8884,7.2618,1,PREPARE
12274,47.9453125,-0.1337,1.4958,-2.1636,0.0875,1,PREPARE
12275,47.94921875,-2.1107,2.3977,-5.2712,-1.4503,1,PREPARE
12276,47.953125,-0.2514,3.2106,-2.2039,3.7915,1,PREPARE
12277,47.95703125,-1.4572,5.3106,0.8751,-1.8007,1,PREPARE
12278,47.9609375,-4.7728,5.8561,-1.4492,-1.1357,1,PREPARE
12279,47.96484375,-6.1583,4.9628,1.1458,-2.5218,1,PREPARE
12280,47.96875,-3.5218,3.51,5.0486,-3.7219,1,PREPARE
12281,47.97265625,-4.3635,6.9054,0.2566,-6.079,1,PREPARE
12282,47.9765625,-6.2378,5.1212,6.0553,-2.5781,1,PREPARE
12283,47.98046875,-4.545,6.4174,3.136,-5.1202,1,PREPARE
12284,47.984375,-1.3793,1.8134,2.8053,-3.2186,1,PREPARE
12285,47.98828125,-2.92,0.3331,7.1531,-1.6412,1,PREPARE
12286,47.9921875,-0.281,1.1941,2.4049,-2.013,1,PREPARE
12287,47.99609375,2.3882,0.2752,8.3122,1.6832,1,PREPARE
12288,48.0,-5.507,0.5286,0.5567,-0.6811,1,PREPARE
12289,48.00390625,-3.3098,-3.6382,1.9094,0.7614,1,PREPARE
12290,48.0078125,5.634,-5.8067,-1.2084,0.8897,1,PREPARE
12291,48.01171875,6.0095,-5.1681,-1.2597,3.0853,1,PREPARE
12292,48.015625,8.6985,-5.5533,-0.374,5.4586,1,PREPARE
12293,48.01953125,4.3052,-4.0017,-3.9538,4.8732,1,PREPARE
12294,48.0234375,3.1334,-5.3041,-4.9651,2.9288,1,PREPARE
12295,48.02734375,6.0354,-3.6345,-3.4459,3.0848,1,PREPARE
12296,48.03125,7.0029,-6.379,-5.2179,4.0548,1,PREPARE
12297,48.03515625,2.0187,-1.0805,-6.0543,2.8374,1,PREPARE
12298,48.0390625,3.2948,0.743,-3.3884,1.4826,1,PREPARE
12299,48.04296875,1.6414,-2.3294,-5.2315,3.5466,1,PREPARE
12300,48.046875,-1.6707,2.7948,-6.4622,1.1962,1,PREPARE
12301,48.05078125,3.3548,4.5046,-3.3149,-2.2691,1,PREPARE
12302,48.0546875,0.3648,2.0842,-2.5535,-4.367,1,PREPARE
12303,48.05859375,-4.5039,6.7755,-2.9832,-2.5253,1,PREPARE
12304,48.0625,-6.8418,3.5934,2.929,-0.5329,1,PREPARE
12305,48.06640625,-1.0953,10.9769,-1.0057,-7.4588,1,PREPARE
12306,48.0703125,0.0008,7.3032,-0.0916,-0.7729,1,PREPARE
12307,48.07421875,-4.1412,5.4033,0.8493,-4.9713,1,PREPARE
12308,48.078125,-4.3826,5.8789,5.665,-4.8959,1,PREPARE
12309,48.08203125,-1.1417,2.4507,4.7718,-3.8739,1,PREPARE
12310,48.0859375,-5.467,1.6509,1.5336,-0.9536,1,PREPARE
12311,48.08984375,-3.1813,-1.232,3.3973,-1.6713,1,PREPARE
12312,48.09375,-1.9864,-3.582,4.7501,-1.1647,1,PREPARE
12313,48.09765625,-1.6966,-2.9554,0.542,2.1251,1,PREPARE
12314,48.1015625,-0.6569,-1.6454,5.9654,1.8989,1,PREPARE
12315,48.10546875,1.905,-5.5455,3.2987,4.443,1,PREPARE
12316,48.109375,0.9524,-3.7892,2.8058,6.3513,1,PREPARE
12317,48.11328125,4.5929,-2.9121,-0.0264,7.4434,1,PREPARE
12318,48.1171875,-0.1288,-3.9198,0.6233,0.5642,1,PREPARE
12319,48.12109375,2.6989,-5.3613,-3.0429,6.3062,1,PREPARE
12320,48.125,6.9005,-5.4037,0.3684,5.9202,1,PREPARE
12321,48.12890625,2.6903,-4.4341,-5.4997,-0.0162,1,PREPARE
12322,48.1328125,3.14,-1.6039,-4.9824,0.8597,1,PREPARE
12323,48.13671875,2.7355,0.7544,-5.8913,2.0752,1,PREPARE
12324,48.140625,0.8512,2.6598,-6.0589,0.9901,1,PREPARE
12325,48.14453125,-2.1196,3.95,-3.0546,2.6071,1,PREPARE
12326,48.1484375,3.0671,4.7114,-3.4118,-1.8771,1,PREPARE
12327,48.15234375,-2.3857,1.9216,-3.1988,-0.3768,1,PREPARE
12328,48.15625,-0.5249,6.8702,-7.0674,-5.6007,1,PREPARE
12329,48.16015625,-5.6888,5.0035,-2.4414,-7.3874,1,PREPARE
12330,48.1640625,-4.4952,3.6333,0.5082,-8.1126,1,PREPARE
12331,48.16796875,-4.062,5.1093,3.2359,-6.4947,1,PREPARE
12332,48.171875,-1.8831,7.1407,1.858,-4.2678,1,PREPARE
12333,48.17578125,-5.9784,3.6152,3.772,-6.5434,1,PREPARE
12334,48.1796875,-3.1444,4.6657,5.4042,-2.4026,1,PREPARE
12335,48.18359375,-5.912,-1.3258,6.3936,0.8116,1,PREPARE
12336,48.1875,-5.8716,1.0398,4.1694,-0.0076,1,PREPARE
12337,48.19140625,-1.5328,-0.2516,6.6217,1.3745,1,PREPARE
12338,48.1953125,2.4477,1.35,5.6723,4.2627,1,PREPARE
12339,48.19921875,-2.2857,-2.8948,3.1364,5.8598,1,PREPARE
12340,48.203125,1.4836,-2.2297,5.153,3.5409,1,PREPARE
12341,48.20703125,2.6681,-5.4328,3.3472,6.1001,1,PREPARE
12342,48.2109375,3.3096,-5.5526,-3.2403,4.2014,1,PREPARE
12343,48.21484375,4.9243,-6.8098,-0.7473,3.0404,1,PREPARE
12344,48.21875,5.6435,-4.0953,-1.7416,2.0834,1,PREPARE
12345,48.22265625,5.2721,-5.268,-4.9857,1.7192,1,PREPARE
12346,48.2265625,4.5451,-5.0253,-3.7336,4.7062,1,PREPARE
12347,48.23046875,-1.2229,-3.8528,-5.0043,4.8551,1,PREPARE
12348,48.234375,4.0992,-2.625,-5.8008,0.428,1,PREPARE
12349,48.23828125,0.9961,2.0296,-2.2048,-4.4467,1,PREPARE
12350,48.2421875,3.3511,-2.9099,-5.8505,-0.0376,1,PREPARE
12351,48.24609375,4.3403,2.9483,-5.6811,-1.9492,1,PREPARE
12352,48.25,1.9144,4.1269,-2.4374,-8.011,1,PREPARE
12353,48.25390625,-0.8146,2.1474,0.1936,-8.0128,1,PREPARE
12354,48.2578125,-2.9499,6.2872,-2.7563,-2.6262,1,PREPARE
12355,48.26171875,-3.1126,2.9955,-2.003,-2.2505,1,PREPARE
12356,48.265625,-3.4891,4.6833,4.7425,-6.9132,1,PREPARE
12357,48.26953125,-1.2423,1.1807,-0.0841,-3.3071,1,PREPARE
12358,48.2734375,-5.7748,5.0326,2.6611,-5.3263,1,PREPARE
12359,48.27734375,-4.2551,-1.362,3.1931,-0.5326,1,PREPARE
12360,48.28125,-3.4957,1.3065,4.9233,-3.8795,1,PREPARE
12361,48.28515625,-0.8512,3.1078,4.768,-1.4829,1,PREPARE
12362,48.2890625,-2.0549,-3.4143,4.9432,-0.5373,1,PREPARE
12363,48.29296875,-0.2396,-0.0561,6.2362,1.0511,1,PREPARE
12364,48.296875,-0.4258,-1.7647,7.4508,2.5542,1,PREPARE
12365,48.30078125,-1.8713,-2.7752,4.6903,2.6206,1,PREPARE
12366,48.3046875,0.3572,-3.919,2.5527,3.0319,1,PREPARE
12367,48.30859375,-1.5166,-5.8949,2.5418,3.8758,1,PREPARE
12368,48.3125,-0.1163,-5.8176,0.6862,7.2123,1,PREPARE
12369,48.31640625,4.6397,-7.8507,-0.0387,2.5846,1,PREPARE
12370,48.3203125,2.0895,-4.3453,-2.0354,2.9343,1,PREPARE
12371,48.32421875,6.2006,-0.4846,-3.0982,4.3014,1,PREPARE
12372,48.328125,3.7847,0.8199,-3.4547,0.2103,1,PREPARE
12373,48.33203125,5.0938,-0.71,-4.0407,2.4619,1,PREPARE
12374,48.3359375,6.6002,2.1479,-3.0394,-0.283,1,PREPARE
12375,48.33984375,3.1456,2.4587,-3.5312,0.5383,1,PREPARE
12376,48.34375,1.8966,4.6566,-4.0203,-6.1902,1,PREPARE
12377,48.34765625,2.6239,4.5187,-4.7289,-3.8128,1,PREPARE
12378,48.3515625,2.3926,0.164,-3.1426,-1.4608,1,PREPARE
12379,48.35546875,-2.7988,3.4506,-3.4553,-3.7786,1,PREPARE
12380,48.359375,-0.9933,3.9395,-0.9791,-3.7754,1,PREPARE
12381,48.36328125,-8.6376,3.8133,-0.2579,-4.0823,1,PREPARE
12382,48.3671875,-1.2436,3.07,-3.5002,-1.2807,1,PREPARE
12383,48.37109375,-7.9638,5.6239,0.8916,-4.4409,1,PREPARE
12384,48.375,-9.3904,2.2031,1.5647,-5.1538,1,PREPARE
12385,48.37890625,-4.2996,1.2978,0.8414,1.4917,1,PREPARE
12386,48.3828125,-6.2334,0.2534,2.744,1.7028,1,PREPARE
12387,48.38671875,-3.1948,1.9336,1.5396,6.7302,1,PREPARE
12388,48.390625,-2.5229,-0.66,7.4016,-0.3004,1,PREPARE
12389,48.39453125,-1.1077,-3.1089,7.7204,2.6256,1,PREPARE
12390,48.3984375,-4.0331,-2.3381,7.6541,5.2435,1,PREPARE
12391,48.40234375,-0.1418,-4.8482,3.3338,2.1589,1,PREPARE
12392,48.40625,6.0175,-4.184,1.345,4.2506,1,PREPARE
12393,48.41015625,4.798,-1.6789,0.0834,4.6239,1,PREPARE
12394,48.4140625,1.3569,-4.8074,0.9218,4.4023,1,PREPARE
12395,48.41796875,5.6986,-3.9524,0.3463,3.2815,1,PREPARE
12396,48.421875,4.3408,-2.5708,3.1394,1.6425,1,PREPARE
12397,48.42578125,2.8614,0.5871,-1.5008,0.8125,1,PREPARE
12398,48.4296875,4.8013,-2.0513,-6.3202,3.4856,1,PREPARE
12399,48.43359375,6.0394,1.875,-2.9817,-3.4678,1,PREPARE
12400,48.4375,3.1289,2.8766,-6.4828,-3.9523,1,PREPARE
12401,48.44140625,7.6849,2.7316,-5.7734,-3.2961,1,PREPARE
12402,48.4453125,0.0047,3.381,-2.8742,-4.6911,1,PREPARE
12403,48.44921875,1.2623,7.3197,-7.1714,-4.0223,1,PREPARE
12404,48.453125,0.0524,8.9253,-2.4905,-7.354,1,PREPARE
12405,48.45703125,-1.0316,6.2208,-6.2931,-6.903,1,PREPARE
12406,48.4609375,-3.7817,5.9026,-1.652,-3.0115,1,PREPARE
12407,48.46484375,-7.3142,0.1308,0.8753,-4.0858,1,PREPARE
12408,48.46875,-5.879,3.1496,-0.7504,-4.2747,1,PREPARE
12409,48.47265625,-4.7757,1.9388,5.0534,-1.9748,1,PREPARE
12410,48.4765625,-5.6397,-1.6625,3.7535,-0.6967,1,PREPARE
12411,48.48046875,-5.0702,-2.5492,0.6779,-1.7786,1,PREPARE
12412,48.484375,-4.3342,-2.7739,-0.7087,2.2044,1,PREPARE
12413,48.48828125,-6.964,-5.5526,3.1589,2.4052,1,PREPARE
12414,48.4921875,-3.3512,-1.9007,7.7243,4.7596,1,PREPARE
12415,48.49609375,-4.0638,-4.4521,1.3413,7.0846,1,PREPARE
12416,48.5,-3.1795,-4.3179,5.6803,4.3704,1,PREPARE
12417,48.50390625,0.1767,-6.686,6.5288,8.6064,1,PREPARE
12418,48.5078125,1.228,-3.598,2.1127,5.5031,1,PREPARE
12419,48.51171875,0.9971,-5.638,3.2201,2.3789,1,PREPARE
12420,48.515625,5.1044,-4.7298,2.1732,3.5785,1,PREPARE
12421,48.51953125,-0.4146,-0.3259,-1.0875,1.5553,1,PREPARE
12422,48.5234375,8.1736,-0.7156,-4.1049,0.3253,1,PREPARE
12423,48.52734375,4.6218,-0.0706,0.2061,-1.6299,1,PREPARE
12424,48.53125,1.9132,5.0472,-4.3706,2.6746,1,PREPARE
12425,48.53515625,1.431,1.8594,-5.776,-3.8534,1,PREPARE
12426,48.5390625,4.8243,4.0684,-7.5423,-6.7746,1,PREPARE
12427,48.54296875,1.6291,5.1688,-6.4235,-6.0346,1,PREPARE
12428,48.546875,1.3757,1.105,-3.3362,-2.0118,1,PREPARE
12429,48.55078125,4.7739,7.1116,-7.0053,-6.5972,1,PREPARE
12430,48.5546875,-1.5353,5.7561,-3.7426,-3.8123,1,PREPARE
12431,48.55859375,-3.1781,8.6421,-4.4482,-5.0887,1,PREPARE
12432,48.5625,-1.3414,4.9473,-2.7443,-5.8145,1,PREPARE
12433,48.56640625,-7.1563,3.2856,-0.2775,-3.1682,1,PREPARE
12434,48.5703125,-2.8846,2.1769,-0.2599,-0.4439,1,PREPARE
12435,48.57421875,-9.7754,2.4886,0.0948,-2.7385,1,PREPARE
12436,48.578125,-7.8323,-0.299,-0.3693,3.9252,1,PREPARE
12437,48.58203125,-4.5754,-1.5115,2.2122,4.4763,1,PREPARE
12438,48.5859375,-9.0172,-6.5603,-3.8742,0.6445,3,RIGHT_MI
12439,48.58984375,-3.1362,-4.2338,-0.2757,2.2313,3,RIGHT_MI
12440,48.59375,-5.1182,-8.1836,6.1713,4.3453,3,RIGHT_MI
12441,48.59765625,-2.3134,-9.9073,-1.2297,4.8136,3,RIGHT_MI
12442,48.6015625,-1.9551,-5.4567,7.7424,6.7604,3,RIGHT_MI
12443,48.60546875,3.5505,-6.6136,5.2895,4.5605,3,RIGHT_MI
12444,48.609375,3.1256,-0.8703,10.1418,9.2456,3,RIGHT_MI
12445,48.61328125,3.1556,-1.5851,9.546,4.9898,3,RIGHT_MI
12446,48.6171875,6.8246,-2.3663,-1.1236,1.8686,3,RIGHT_MI
12447,48.62109375,7.18,-3.6232,1.3577,-0.6179,3,RIGHT_MI
12448,48.625,-2.2141,4.8034,-3.9591,-4.1165,3,RIGHT_MI
12449,48.62890625,0.2977,2.9626,-5.3997,-6.292,3,RIGHT_MI
12450,48.6328125,-0.2606,-0.6727,-8.5911,-2.7238,3,RIGHT_MI
12451,48.63671875,-0.5729,-3.1235,-2.396,-8.2895,3,RIGHT_MI
12452,48.640625,-0.694,2.6313,-7.902,-2.4419,3,RIGHT_MI
12453,48.64453125,-9.421,-0.7823,-5.1816,-6.6061,3,RIGHT_MI
12454,48.6484375,2.7571,5.8489,-9.3921,-4.5171,3,RIGHT_MI
12455,48.65234375,2.9523,4.2431,1.0621,-1.7758,3,RIGHT_MI
12456,48.65625,1.6895,7.227,-6.8024,-3.2654,3,RIGHT_MI
12457,48.66015625,0.7334,11.2497,-2.5716,1.6365,3,RIGHT_MI
12458,48.6640625,7.2642,6.4898,3.6795,2.8107,3,RIGHT_MI
12459,48.66796875,-1.666,5.5547,2.2501,7.2522,3,RIGHT_MI
12460,48.671875,-3.177,-0.7943,-0.4379,0.2205,3,RIGHT_MI
12461,48.67578125,-7.5643,1.1427,-6.4355,3.4735,3,RIGHT_MI
12462,48.6796875,-4.613,-5.9195,3.1605,4.1917,3,RIGHT_MI
12463,48.68359375,-4.18,-3.2126,4.6697,-0.4578,3,RIGHT_MI
12464,48.6875,-7.9676,-4.7426,6.0399,3.2588,3,RIGHT_MI
12465,48.69140625,-9.3656,-3.9913,0.5955,-1.4173,3,RIGHT_MI
12466,48.6953125,-1.958,-6.9969,2.3797,-1.1902,3,RIGHT_MI
12467,48.69921875,-4.2606,-7.3382,3.4124,4.7995,3,RIGHT_MI
12468,48.703125,-0.2475,0.7499,7.34,5.7122,3,RIGHT_MI
12469,48.70703125,5.1685,-0.2577,6.2846,-0.4009,3,RIGHT_MI
12470,48.7109375,5.6506,6.7402,8.3321,2.8802,3,RIGHT_MI
12471,48.71484375,3.1986,-3.0061,4.9336,5.2066,3,RIGHT_MI
12472,48.71875,6.7037,-2.0626,4.2057,1.5452,3,RIGHT_MI
12473,48.72265625,8.9901,-3.2551,1.3642,-0.502,3,RIGHT_MI
12474,48.7265625,7.894,-0.2852,-0.3904,-9.4611,3,RIGHT_MI
12475,48.73046875,2.8899,0.0937,0.2618,-1.3279,3,RIGHT_MI
12476,48.734375,-1.2603,-3.2187,-3.3804,-2.0444,3,RIGHT_MI
12477,48.73828125,-2.2649,-6.1829,-7.4913,-9.3521,3,RIGHT_MI
12478,48.7421875,1.6408,3.6395,-12.3282,-8.655,3,RIGHT_MI
12479,48.74609375,-0.4998,3.0718,-4.0881,-5.1533,3,RIGHT_MI
12480,48.75,-1.8555,6.2936,-7.3211,-0.7878,3,RIGHT_MI
12481,48.75390625,5.6887,5.2643,0.0795,-0.1245,3,RIGHT_MI
12482,48.7578125,-2.4575,10.7577,0.5986,-0.8791,3,RIGHT_MI
12483,48.76171875,5.8899,6.858,-2.1399,6.804,3,RIGHT_MI
12484,48.765625,-0.2633,10.3635,0.541,5.8937,3,RIGHT_MI
12485,48.76953125,-3.0801,8.0571,-6.243,6.1497,3,RIGHT_MI
12486,48.7734375,2.6209,5.6871,-4.2703,4.7464,3,RIGHT_MI
12487,48.77734375,0.4684,1.8197,-2.0558,3.0373,3,RIGHT_MI
12488,48.78125,-6.2085,-0.102,3.4759,7.5173,3,RIGHT_MI
12489,48.78515625,-0.0339,-5.7795,3.0295,2.5405,3,RIGHT_MI
12490,48.7890625,-1.9459,-12.9909,-0.7357,3.8605,3,RIGHT_MI
12491,48.79296875,-4.196,-13.0498,5.0847,4.6042,3,RIGHT_MI
12492,48.796875,-8.739,-11.2061,5.1363,7.8906,3,RIGHT_MI
12493,48.80078125,6.5527,-4.4512,7.4133,3.1339,3,RIGHT_MI
12494,48.8046875,7.4645,-1.5533,5.2543,7.5567,3,RIGHT_MI
12495,48.80859375,4.6853,-4.8793,6.6731,2.8525,3,RIGHT_MI
12496,48.8125,9.4903,0.5697,7.0789,5.5055,3,RIGHT_MI
12497,48.81640625,9.4016,-1.6286,2.9514,-2.3944,3,RIGHT_MI
12498,48.8203125,8.0421,1.7439,1.3934,0.7566,3,RIGHT_MI
12499,48.82421875,1.849,-4.5911,-0.4758,-6.5285,3,RIGHT_MI
12500,48.828125,4.1663,-1.6332,-6.5044,-10.2439,3,RIGHT_MI
12501,48.83203125,0.1114,-4.6704,-4.5487,-11.8246,3,RIGHT_MI
12502,48.8359375,1.0289,-4.2544,-8.5366,-9.1037,3,RIGHT_MI
12503,48.83984375,-2.324,-0.9655,-7.7632,-15.967,3,RIGHT_MI
12504,48.84375,-2.0746,8.0777,-7.4637,-3.8468,3,RIGHT_MI
12505,48.84765625,-4.7868,8.817,-5.3512,-7.3167,3,RIGHT_MI
12506,48.8515625,-0.4621,9.2016,-10.0747,-0.0567,3,RIGHT_MI
12507,48.85546875,0.6113,9.6359,0.0936,4.5337,3,RIGHT_MI
12508,48.859375,-2.6227,3.2121,-3.7938,3.1623,3,RIGHT_MI
12509,48.86328125,2.9992,6.4024,2.5276,5.5114,3,RIGHT_MI
12510,48.8671875,0.3884,5.9197,0.0307,5.0312,3,RIGHT_MI
12511,48.87109375,0.3537,8.9447,-1.8552,6.2503,3,RIGHT_MI
12512,48.875,-0.6241,-2.8745,1.0688,6.2085,3,RIGHT_MI
12513,48.87890625,-2.007,-5.0515,-1.6591,10.3596,3,RIGHT_MI
12514,48.8828125,-1.0269,-5.322,1.9497,0.0255,3,RIGHT_MI
12515,48.88671875,-1.6218,-10.1961,-2.8572,4.8397,3,RIGHT_MI
12516,48.890625,-0.3604,-6.8576,1.5359,2.3626,3,RIGHT_MI
12517,48.89453125,-0.8151,-11.7325,4.6618,0.7797,3,RIGHT_MI
12518,48.8984375,0.3657,-4.3937,6.1621,3.3639,3,RIGHT_MI
12519,48.90234375,-0.5521,-4.5611,7.7364,0.3358,3,RIGHT_MI
12520,48.90625,7.975,-1.6878,7.3391,-1.0724,3,RIGHT_MI
12521,48.91015625,5.268,-0.5735,8.9531,1.3753,3,RIGHT_MI
12522,48.9140625,6.1247,-1.769,12.058,5.1407,3,RIGHT_MI
12523,48.91796875,1.8716,3.5425,7.9078,-4.9237,3,RIGHT_MI
12524,48.921875,5.497,-1.6897,2.3897,-6.4662,3,RIGHT_MI
12525,48.92578125,1.6029,4.4952,-0.3613,-6.8203,3,RIGHT_MI
12526,48.9296875,1.0609,5.8994,-4.5908,-8.5219,3,RIGHT_MI
12527,48.93359375,-3.5384,4.8088,-9.0869,-13.5167,3,RIGHT_MI
12528,48.9375,-3.2654,-2.4098,-7.2857,-5.25,3,RIGHT_MI
12529,48.94140625,2.5175,0.2632,-8.2841,-9.9315,3,RIGHT_MI
12530,48.9453125,-0.4456,2.7386,-7.7334,-5.758,3,RIGHT_MI
12531,48.94921875,-1.4961,5.7842,-10.8942,2.7957,3,RIGHT_MI
12532,48.953125,3.9381,6.7341,-7.3261,-2.5679,3,RIGHT_MI
12533,48.95703125,-0.3363,5.5287,0.2908,0.0449,3,RIGHT_MI
12534,48.9609375,2.3113,9.7396,-2.5955,4.627,3,RIGHT_MI
12535,48.96484375,-3.0665,6.3902,-4.8511,8.4256,3,RIGHT_MI
12536,48.96875,3.5571,7.7822,-5.1474,5.0952,3,RIGHT_MI
12537,48.97265625,-0.522,-3.1127,0.5364,8.5089,3,RIGHT_MI
12538,48.9765625,-0.9445,-10.2651,-0.6095,7.0417,3,RIGHT_MI
12539,48.98046875,-5.8756,-1.8252,-1.0333,-1.1937,3,RIGHT_MI
12540,48.984375,-1.3955,-9.5388,1.0257,4.5314,3,RIGHT_MI
12541,48.98828125,-4.1131,-7.1428,-3.3595,-5.2256,3,RIGHT_MI
12542,48.9921875,-7.0244,-9.4588,5.1256,2.501,3,RIGHT_MI
12543,48.99609375,-4.9511,-10.0744,6.6012,5.6129,3,RIGHT_MI
12544,49.0,-5.3962,-2.3277,6.985,-2.0552,3,RIGHT_MI
12545,49.00390625,2.0952,0.9047,10.6014,-1.1472,3,RIGHT_MI
12546,49.0078125,1.7604,-0.6738,6.3343,-0.925,3,RIGHT_MI
12547,49.01171875,6.3092,1.253,14.7243,-1.5178,3,RIGHT_MI
12548,49.015625,5.3395,1.6218,11.5763,-6.5469,3,RIGHT_MI
12549,49.01953125,0.7853,6.5639,6.7396,-1.8566,3,RIGHT_MI
12550,49.0234375,4.6861,2.7449,8.1907,-9.6132,3,RIGHT_MI
12551,49.02734375,-0.5509,2.9166,2.2033,-8.5534,3,RIGHT_MI
12552,49.03125,-2.4996,0.7038,-1.3887,-12.3628,3,RIGHT_MI
12553,49.03515625,-3.3569,1.1637,-1.8443,-13.153,3,RIGHT_MI
12554,49.0390625,1.5879,1.9435,-11.4638,-10.13,3,RIGHT_MI
12555,49.04296875,-2.9721,4.6263,-3.9899,-3.0149,3,RIGHT_MI
12556,49.046875,-4.5795,7.9702,-6.0262,-0.2797,3,RIGHT_MI
12557,49.05078125,-0.3304,7.9441,-4.8063,5.9934,3,RIGHT_MI
12558,49.0546875,-2.0988,8.4135,-2.5658,2.4761,3,RIGHT_MI
12559,49.05859375,0.3719,7.3729,-3.1882,3.1991,3,RIGHT_MI
12560,49.0625,-6.5137,5.1037,-2.0355,4.8438,3,RIGHT_MI
12561,49.06640625,-3.641,2.9561,-7.6801,3.7704,3,RIGHT_MI
12562,49.0703125,-2.057,2.0236,-5.4263,4.0804,3,RIGHT_MI
12563,49.07421875,2.128,-2.8518,1.115,1.3633,3,RIGHT_MI
12564,49.078125,-2.1979,-2.7471,-5.4732,7.317,3,RIGHT_MI
12565,49.08203125,-0.1784,-10.0245,0.4393,4.8616,3,RIGHT_MI
12566,49.0859375,-4.6924,-11.6708,3.9448,-0.7809,3,RIGHT_MI
12567,49.08984375,-5.5585,-6.7478,-2.0946,-1.4338,3,RIGHT_MI
12568,49.09375,-1.1112,-10.4429,-2.2477,0.1529,3,RIGHT_MI
12569,49.09765625,1.1835,-8.6423,2.3397,-0.6946,3,RIGHT_MI
12570,49.1015625,4.936,-2.0442,10.2979,-2.2676,3,RIGHT_MI
12571,49.10546875,3.5003,-1.1655,9.5347,-7.4262,3,RIGHT_MI
12572,49.109375,2.2715,-0.6669,4.5082,-5.1098,3,RIGHT_MI
12573,49.11328125,0.2855,3.3683,8.3142,-0.4845,3,RIGHT_MI
12574,49.1171875,8.3356,9.4661,4.3352,-3.1398,3,RIGHT_MI
12575,49.12109375,-1.9795,5.2354,12.7832,-3.7279,3,RIGHT_MI
12576,49.125,5.579,5.8208,1.9619,-4.0512,3,RIGHT_MI
12577,49.12890625,-0.1578,5.3908,0.5897,-2.3115,3,RIGHT_MI
12578,49.1328125,0.0717,2.3232,-2.9279,-4.3611,3,RIGHT_MI
12579,49.13671875,-3.1866,0.4957,-3.4062,-6.4845,3,RIGHT_MI
12580,49.140625,-0.9822,7.5504,-5.59,2.794,3,RIGHT_MI
12581,49.14453125,-2.4629,3.1051,-2.0317,3.6083,3,RIGHT_MI
12582,49.1484375,0.9175,2.7212,-7.481,-3.0349,3,RIGHT_MI
12583,49.15234375,-2.766,9.5553,-3.5622,1.7,3,RIGHT_MI
12584,49.15625,-3.5457,5.8461,-4.6134,3.6842,3,RIGHT_MI
12585,49.16015625,0.1726,5.454,-2.7917,8.1082,3,RIGHT_MI
12586,49.1640625,2.0023,6.8731,-1.1834,11.1302,3,RIGHT_MI
12587,49.16796875,0.7863,5.3686,-1.3736,3.1928,3,RIGHT_MI
12588,49.171875,-1.8254,2.0438,1.8111,7.8071,3,RIGHT_MI
12589,49.17578125,-0.7763,-0.8965,-2.4346,4.3736,3,RIGHT_MI
12590,49.1796875,3.1958,-5.4238,-4.7851,0.0954,3,RIGHT_MI
12591,49.18359375,-1.5846,-5.9641,-0.3029,-1.0118,3,RIGHT_MI
12592,49.1875,-2.3291,-7.9055,0.5942,-1.3985,3,RIGHT_MI
12593,49.19140625,0.6246,-8.4798,-1.5134,-5.9584,3,RIGHT_MI
12594,49.1953125,-1.1156,-11.1937,0.4061,-8.8696,3,RIGHT_MI
12595,49.19921875,-1.4099,-4.526,2.8542,-5.5521,3,RIGHT_MI
12596,49.203125,-2.7311,-0.9899,5.3101,-1.4378,3,RIGHT_MI
12597,49.20703125,-1.815,-0.1753,14.3493,-2.5644,3,RIGHT_MI
12598,49.2109375,2.697,0.8537,6.9333,-2.2292,3,RIGHT_MI
12599,49.21484375,1.5802,-0.667,13.391,-3.5849,3,RIGHT_MI
12600,49.21875,2.9299,3.3088,7.8117,-3.74,3,RIGHT_MI
12601,49.22265625,1.2783,6.3457,7.0534,0.3913,3,RIGHT_MI
12602,49.2265625,0.8201,0.6917,-0.2939,-2.5011,3,RIGHT_MI
12603,49.23046875,2.9112,5.5408,0.0069,-9.7126,3,RIGHT_MI
12604,49.234375,1.8362,2.6261,-4.8407,-9.4907,3,RIGHT_MI
12605,49.23828125,-2.9711,-2.4141,-5.5441,0.556,3,RIGHT_MI
12606,49.2421875,1.2388,2.4394,-6.9725,2.1585,3,RIGHT_MI
12607,49.24609375,-5.9442,8.1501,-6.1456,4.3774,3,RIGHT_MI
12608,49.25,3.254,3.0464,-2.1185,7.6349,3,RIGHT_MI
12609,49.25390625,2.0828,9.5533,-4.2664,3.3339,3,RIGHT_MI
12610,49.2578125,-3.0064,2.8717,-4.3963,7.3853,3,RIGHT_MI
12611,49.26171875,3.6842,5.9113,-1.7669,8.0605,3,RIGHT_MI
12612,49.265625,-4.4927,1.2378,-5.6498,12.4995,3,RIGHT_MI
12613,49.26953125,2.1701,2.9363,-1.9737,8.105,3,RIGHT_MI
12614,49.2734375,1.8772,-4.5323,-3.3322,2.3125,3,RIGHT_MI
12615,49.27734375,-6.3834,-8.0295,2.6491,8.751,3,RIGHT_MI
12616,49.28125,-6.0428,-8.1417,0.9203,2.0227,3,RIGHT_MI
12617,49.28515625,-4.7604,-10.0658,2.7358,-5.6888,3,RIGHT_MI
12618,49.2890625,-7.5117,-9.6034,-5.3901,-8.6634,3,RIGHT_MI
12619,49.29296875,-12.6712,-5.9102,-1.2632,-3.8684,3,RIGHT_MI
12620,49.296875,-7.6897,-8.8556,10.0547,-8.9567,3,RIGHT_MI
12621,49.30078125,-0.3639,-3.3355,5.4891,1.1177,3,RIGHT_MI
12622,49.3046875,6.4483,-0.8042,4.1372,-0.7087,3,RIGHT_MI
12623,49.30859375,7.9548,-0.0359,8.4981,-6.4761,3,RIGHT_MI
12624,49.3125,3.7542,-0.6256,12.0345,-3.5969,3,RIGHT_MI
12625,49.31640625,6.1901,5.5618,8.2218,-4.912,3,RIGHT_MI
12626,49.3203125,5.2482,7.7121,9.8204,-5.0104,3,RIGHT_MI
12627,49.32421875,-2.6439,7.319,6.288,-2.4147,3,RIGHT_MI
12628,49.328125,4.5013,4.7479,0.6563,-3.2765,3,RIGHT_MI
12629,49.33203125,2.2266,6.9033,2.2372,-3.4479,3,RIGHT_MI
12630,49.3359375,2.0065,1.3385,-8.0111,-3.3893,3,RIGHT_MI
12631,49.33984375,-2.8009,6.8954,-6.5495,0.6993,3,RIGHT_MI
12632,49.34375,0.6479,2.0026,-5.1047,2.7569,3,RIGHT_MI
12633,49.34765625,-1.8831,4.2168,-4.5896,14.9718,3,RIGHT_MI
12634,49.3515625,3.3618,4.5265,-5.4788,7.7969,3,RIGHT_MI
12635,49.35546875,1.3606,4.8886,-0.2133,6.1993,3,RIGHT_MI
12636,49.359375,2.3416,2.8631,-3.3174,13.0962,3,RIGHT_MI
12637,49.36328125,-3.4337,-0.1814,-2.5119,6.845,3,RIGHT_MI
12638,49.3671875,4.5516,-1.6138,-4.9208,6.9073,3,RIGHT_MI
12639,49.37109375,-0.9797,-2.8389,0.1176,3.0391,3,RIGHT_MI
12640,49.375,0.862,-5.7679,-7.3588,-2.1483,3,RIGHT_MI
12641,49.37890625,-4.3554,-6.9668,-5.4095,2.8401,3,RIGHT_MI
12642,49.3828125,-4.4809,-9.5686,-5.5881,-5.2494,3,RIGHT_MI
12643,49.38671875,-7.9604,-13.4683,-2.8005,-2.2956,3,RIGHT_MI
12644,49.390625,-7.4209,-9.9409,-0.7942,-6.5934,3,RIGHT_MI
12645,49.39453125,3.2747,-4.0647,0.0056,-5.4616,3,RIGHT_MI
12646,49.3984375,-2.5217,-4.1103,0.3603,-6.1851,3,RIGHT_MI
12647,49.40234375,-0.6223,-5.2982,5.8824,-5.9603,3,RIGHT_MI
12648,49.40625,-0.9323,1.442,4.5246,3.7089,3,RIGHT_MI
12649,49.41015625,7.3423,1.8685,7.6261,-2.8147,3,RIGHT_MI
12650,49.4140625,0.3158,7.1193,6.1588,-2.3319,3,RIGHT_MI
12651,49.41796875,8.2167,-2.928,8.5493,3.2314,3,RIGHT_MI
12652,49.421875,-0.9651,2.5643,7.2971,0.2278,3,RIGHT_MI
12653,49.42578125,-1.375,5.0883,6.3889,-1.2259,3,RIGHT_MI
12654,49.4296875,-0.5667,2.0335,4.5335,0.852,3,RIGHT_MI
12655,49.43359375,-4.4812,1.296,4.089,2.2059,3,RIGHT_MI
12656,49.4375,0.8578,1.4478,-6.7685,0.61,3,RIGHT_MI
12657,49.44140625,-3.6138,-4.5318,-11.6202,0.27,3,RIGHT_MI
12658,49.4453125,-0.9074,7.9088,-6.8735,8.7409,3,RIGHT_MI
12659,49.44921875,0.4038,4.4032,0.8242,6.6388,3,RIGHT_MI
12660,49.453125,-1.1848,5.87,-4.8952,9.4122,3,RIGHT_MI
12661,49.45703125,2.3831,1.5625,-2.8797,4.734,3,RIGHT_MI
12662,49.4609375,6.1734,9.8879,-2.5449,9.2489,3,RIGHT_MI
12663,49.46484375,4.0842,3.6958,-6.4918,8.7361,3,RIGHT_MI
12664,49.46875,-5.1978,1.2866,-3.3509,6.3538,3,RIGHT_MI
12665,49.47265625,-1.5815,2.1315,-2.3208,0.9516,3,RIGHT_MI
12666,49.4765625,-7.5878,1.8938,-4.3277,-2.8615,3,RIGHT_MI
12667,49.48046875,-0.6534,-7.9057,-3.4602,-5.3018,3,RIGHT_MI
12668,49.484375,-3.3454,-6.3926,-7.9437,-3.5398,3,RIGHT_MI
12669,49.48828125,-5.1275,-6.2596,-1.4087,-8.3387,3,RIGHT_MI
12670,49.4921875,-3.4991,-9.5319,-3.9301,-4.066,3,RIGHT_MI
12671,49.49609375,0.2157,-3.6466,-2.7133,-8.5042,3,RIGHT_MI
12672,49.5,1.0346,-2.9658,4.4322,-1.8008,3,RIGHT_MI
12673,49.50390625,-0.4925,3.7088,9.4087,-8.9643,3,RIGHT_MI
12674,49.5078125,-0.6726,8.7354,5.5404,-1.1427,3,RIGHT_MI
12675,49.51171875,3.7395,6.2843,11.6172,-0.407,3,RIGHT_MI
12676,49.515625,2.1245,7.6701,7.8988,-0.7869,3,RIGHT_MI
12677,49.51953125,2.1583,5.2875,4.3897,-0.5841,3,RIGHT_MI
12678,49.5234375,8.1181,3.8556,-0.5989,-5.8265,3,RIGHT_MI
12679,49.52734375,2.1021,1.0492,2.0597,-3.2136,3,RIGHT_MI
12680,49.53125,-1.4966,1.266,-2.5763,5.2401,3,RIGHT_MI
12681,49.53515625,1.7623,2.3444,-1.3993,1.597,3,RIGHT_MI
12682,49.5390625,4.1996,-1.0868,-3.7547,3.4034,3,RIGHT_MI
12683,49.54296875,-3.6279,8.191,-3.6162,-0.1027,3,RIGHT_MI
12684,49.546875,0.7202,0.0417,0.4373,-0.8392,3,RIGHT_MI
12685,49.55078125,0.4395,2.1488,-7.2143,4.6168,3,RIGHT_MI
12686,49.5546875,-1.9394,2.4544,0.0077,8.3376,3,RIGHT_MI
12687,49.55859375,1.8527,3.5019,-0.1941,7.5705,3,RIGHT_MI
12688,49.5625,8.4597,5.7086,-1.087,5.4103,3,RIGHT_MI
12689,49.56640625,-1.1737,-2.227,-2.8594,4.4098,3,RIGHT_MI
12690,49.5703125,0.7005,-1.5179,-8.2801,-7.0413,3,RIGHT_MI
12691,49.57421875,0.2306,-6.3113,-3.4326,0.6398,3,RIGHT_MI
12692,49.578125,0.8559,-9.52,-4.7724,-1.4147,3,RIGHT_MI
12693,49.58203125,-2.2482,-5.0206,-4.9898,-6.163,3,RIGHT_MI
12694,49.5859375,-3.9108,-13.8986,-5.056,-16.7462,3,RIGHT_MI
12695,49.58984375,-5.2817,-9.5776,-4.2773,-10.5058,3,RIGHT_MI
12696,49.59375,-4.2819,-12.2643,3.2381,-6.3267,3,RIGHT_MI
12697,49.59765625,-5.2699,-2.9235,-4.5208,-4.8508,3,RIGHT_MI
12698,49.6015625,1.666,-1.7832,3.4541,-3.0114,3,RIGHT_MI
12699,49.60546875,2.6111,3.8553,10.1672,-0.2264,3,RIGHT_MI
12700,49.609375,1.0756,-5.2692,9.9334,-4.253,3,RIGHT_MI
12701,49.61328125,6.2888,4.9199,6.8739,3.2252,3,RIGHT_MI
12702,49.6171875,1.5232,5.3539,10.0592,0.8614,3,RIGHT_MI
12703,49.62109375,3.0346,8.6306,3.492,1.0276,3,RIGHT_MI
12704,49.625,9.7609,3.7632,3.8213,0.4476,3,RIGHT_MI
12705,49.62890625,-1.9223,1.8167,-0.3104,3.5382,3,RIGHT_MI
12706,49.6328125,-5.0739,4.4609,-0.0609,1.9775,3,RIGHT_MI
12707,49.63671875,-2.7476,1.4544,-1.8739,5.0257,3,RIGHT_MI
12708,49.640625,-3.2401,10.6076,0.0972,6.4828,3,RIGHT_MI
12709,49.64453125,1.3746,2.0858,-7.4376,2.4145,3,RIGHT_MI
12710,49.6484375,1.0589,4.5444,-3.3822,2.4249,3,RIGHT_MI
12711,49.65234375,-4.032,1.248,-7.0652,1.5147,3,RIGHT_MI
12712,49.65625,-5.1028,2.7859,5.6905,4.2688,3,RIGHT_MI
12713,49.66015625,-2.0129,0.932,4.2973,0.7449,3,RIGHT_MI
12714,49.6640625,2.3181,2.0908,-5.2762,10.9609,3,RIGHT_MI
12715,49.66796875,2.3012,-0.4282,-6.3117,3.0518,3,RIGHT_MI
12716,49.671875,-2.883,2.1727,-6.7684,-0.9676,3,RIGHT_MI
12717,49.67578125,-4.1992,-5.2773,-8.1234,-3.3089,3,RIGHT_MI
12718,49.6796875,-1.9572,-6.7081,-5.1579,-5.9222,3,RIGHT_MI
12719,49.68359375,-5.1905,-14.5153,-5.978,-12.1655,3,RIGHT_MI
12720,49.6875,-3.943,-8.2472,-14.2794,-13.5134,3,RIGHT_MI
12721,49.69140625,-5.7693,-8.377,1.5834,-10.1354,3,RIGHT_MI
12722,49.6953125,-2.2331,-6.6416,1.7273,-3.4283,3,RIGHT_MI
12723,49.69921875,4.1727,0.4819,-1.1223,-11.6876,3,RIGHT_MI
12724,49.703125,-3.1357,-0.5878,5.6578,-3.9928,3,RIGHT_MI
12725,49.70703125,2.2129,10.5569,8.2691,-2.4642,3,RIGHT_MI
12726,49.7109375,-0.8952,6.1965,11.8561,5.3066,3,RIGHT_MI
12727,49.71484375,1.3623,7.1586,6.5432,1.6154,3,RIGHT_MI
12728,49.71875,8.1674,5.2526,8.0952,4.9122,3,RIGHT_MI
12729,49.72265625,6.8566,3.3738,7.7551,7.5609,3,RIGHT_MI
12730,49.7265625,1.299,8.4528,4.7272,11.4494,3,RIGHT_MI
12731,49.73046875,1.6964,3.192,4.0147,3.9283,3,RIGHT_MI
12732,49.734375,0.3308,7.1242,-5.3932,3.4656,3,RIGHT_MI
12733,49.73828125,-0.459,-2.672,-0.3702,4.3508,3,RIGHT_MI
12734,49.7421875,-3.2826,2.4417,-2.8773,2.5865,3,RIGHT_MI
12735,49.74609375,1.7184,2.4782,-4.7145,0.8661,3,RIGHT_MI
12736,49.75,3.4283,0.9645,-1.3203,4.6854,3,RIGHT_MI
12737,49.75390625,1.1057,-0.3935,-8.7883,6.4008,3,RIGHT_MI
12738,49.7578125,-4.6835,2.526,-1.3561,6.1639,3,RIGHT_MI
12739,49.76171875,4.6207,-1.8076,-4.6072,-1.6293,3,RIGHT_MI
12740,49.765625,-5.046,-1.2321,-5.0595,-3.5847,3,RIGHT_MI
12741,49.76953125,2.2748,-2.5442,-2.9472,-6.3381,3,RIGHT_MI
12742,49.7734375,-2.9048,-3.7406,-5.8607,-8.362,3,RIGHT_MI
12743,49.77734375,-2.2773,-3.9375,-3.6694,-6.626,3,RIGHT_MI
12744,49.78125,-7.1711,-10.7781,-8.989,-8.3742,3,RIGHT_MI
12745,49.78515625,-5.3647,-8.7984,-7.4782,-7.0396,3,RIGHT_MI
12746,49.7890625,-5.3361,-6.0977,-7.8475,-10.52,3,RIGHT_MI
12747,49.79296875,-4.4932,-6.4688,-2.0665,-5.3643,3,RIGHT_MI
12748,49.796875,-0.2661,-2.4487,1.1307,-10.0864,3,RIGHT_MI
12749,49.80078125,1.2273,0.3265,5.1011,-0.4407,3,RIGHT_MI
12750,49.8046875,0.8984,3.3896,4.4751,0.2871,3,RIGHT_MI
12751,49.80859375,2.6937,5.696,8.4184,1.7604,3,RIGHT_MI
12752,49.8125,5.3912,3.4018,7.6597,2.5647,3,RIGHT_MI
12753,49.81640625,1.8565,10.7134,7.6049,3.6656,3,RIGHT_MI
12754,49.8203125,7.701,6.7804,12.1705,7.4036,3,RIGHT_MI
12755,49.82421875,3.9331,9.0873,8.5728,6.5693,3,RIGHT_MI
12756,49.828125,1.2617,2.8352,3.5575,5.7923,3,RIGHT_MI
12757,49.83203125,-2.9016,3.2561,5.9322,3.434,3,RIGHT_MI
12758,49.8359375,-3.7064,-0.0878,4.8026,8.4837,3,RIGHT_MI
12759,49.83984375,-2.0168,2.3262,0.7777,1.2145,3,RIGHT_MI
12760,49.84375,-6.4287,1.8346,1.6728,1.0219,3,RIGHT_MI
12761,49.84765625,0.8332,1.8887,-2.8672,9.4236,3,RIGHT_MI
12762,49.8515625,0.7897,2.2833,-2.3248,3.0727,3,RIGHT_MI
12763,49.85546875,6.0351,1.2649,-3.4517,4.0865,3,RIGHT_MI
12764,49.859375,0.1568,-1.1305,-0.4896,4.104,3,RIGHT_MI
12765,49.86328125,3.6384,1.7808,-1.9315,2.3526,3,RIGHT_MI
12766,49.8671875,-0.8451,-6.3121,-1.6741,-5.5508,3,RIGHT_MI
12767,49.87109375,-2.6173,-6.8596,2.1007,-7.5575,3,RIGHT_MI
12768,49.875,-4.023,-9.8943,-3.1245,-6.5267,3,RIGHT_MI
12769,49.87890625,-2.6045,-11.2331,-4.9918,-8.9496,3,RIGHT_MI
12770,49.8828125,-5.8985,-9.2899,-7.3863,-7.2375,3,RIGHT_MI
12771,49.88671875,-3.6126,-3.9095,-8.0605,-10.2432,3,RIGHT_MI
12772,49.890625,-9.058,-9.0243,-3.3019,-14.8108,3,RIGHT_MI
12773,49.89453125,-4.7268,-9.0129,2.857,-0.4804,3,RIGHT_MI
12774,49.8984375,-1.0664,-3.8331,-0.805,0.9428,3,RIGHT_MI
12775,49.90234375,5.8613,-0.5305,7.1711,-1.5934,3,RIGHT_MI
12776,49.90625,4.0945,6.1361,9.4785,2.1832,3,RIGHT_MI
12777,49.91015625,3.0622,2.1907,5.7451,-0.2231,3,RIGHT_MI
12778,49.9140625,2.9344,12.0212,3.9005,7.4361,3,RIGHT_MI
12779,49.91796875,-1.7336,15.4183,6.7372,9.378,3,RIGHT_MI
12780,49.921875,3.2208,11.4927,6.5975,6.9026,3,RIGHT_MI
12781,49.92578125,0.758,4.2764,3.0857,0.9926,3,RIGHT_MI
12782,49.9296875,5.4207,1.248,1.81,2.3641,3,RIGHT_MI
12783,49.93359375,0.2674,2.9816,3.2566,4.9188,3,RIGHT_MI
12784,49.9375,0.3591,1.1335,-6.9516,0.2785,3,RIGHT_MI
12785,49.94140625,1.248,0.2418,0.6571,-2.6065,3,RIGHT_MI
12786,49.9453125,-3.8629,-1.6795,-3.3015,-1.4516,3,RIGHT_MI
12787,49.94921875,0.7522,0.3633,2.9967,11.6495,3,RIGHT_MI
12788,49.953125,-2.6066,6.7863,4.6257,-1.2131,3,RIGHT_MI
12789,49.95703125,4.8719,6.9471,-0.6797,6.2071,3,RIGHT_MI
12790,49.9609375,-1.3774,-3.6206,3.6843,-0.8929,3,RIGHT_MI
12791,49.96484375,3.3445,-1.7447,-4.447,-4.9082,3,RIGHT_MI
12792,49.96875,-0.4287,-5.5055,-7.2851,-11.5772,3,RIGHT_MI
12793,49.97265625,-2.641,-3.5888,-3.2737,-4.8628,3,RIGHT_MI
12794,49.9765625,-8.1741,-11.6087,-10.568,-3.2901,3,RIGHT_MI
12795,49.98046875,-0.1557,-4.1406,-2.9802,-7.0284,3,RIGHT_MI
12796,49.984375,-7.2223,-3.9176,-5.5228,-4.7806,3,RIGHT_MI
12797,49.98828125,-4.9108,-10.6771,-5.4194,-13.5143,3,RIGHT_MI
12798,49.9921875,-2.3828,-8.8382,-5.2014,-14.4764,3,RIGHT_MI
12799,49.99609375,-4.8267,-4.4258,2.6024,-2.4441,3,RIGHT_MI
12800,50.0,3.3607,-1.2861,1.3304,4.7816,3,RIGHT_MI
12801,50.00390625,-1.1976,3.7732,-3.1995,1.1818,3,RIGHT_MI
12802,50.0078125,0.2421,6.6422,3.3732,4.8738,3,RIGHT_MI
12803,50.01171875,0.246,6.6088,13.0781,13.5475,3,RIGHT_MI
12804,50.015625,2.1158,9.718,7.8521,11.8528,3,RIGHT_MI
12805,50.01953125,3.9107,4.3935,1.5002,9.0638,3,RIGHT_MI
12806,50.0234375,8.5125,5.3287,8.1126,10.4754,3,RIGHT_MI
12807,50.02734375,0.9489,8.6592,0.9613,7.0135,3,RIGHT_MI
12808,50.03125,1.1371,1.3991,-0.9994,4.3053,3,RIGHT_MI
12809,50.03515625,1.473,0.5762,-0.6091,-3.5087,3,RIGHT_MI
12810,50.0390625,-2.9143,5.1094,-1.0782,1.9212,3,RIGHT_MI
12811,50.04296875,-1.0516,-4.5092,-3.8946,-1.7438,3,RIGHT_MI
12812,50.046875,2.0725,2.5062,-7.3136,-2.955,3,RIGHT_MI
12813,50.05078125,2.8933,1.8221,-5.9822,0.6336,3,RIGHT_MI
12814,50.0546875,-2.9375,-1.1294,3.6054,1.7822,3,RIGHT_MI
12815,50.05859375,1.3126,-2.2346,4.7862,-4.3006,3,RIGHT_MI
12816,50.0625,4.6165,-0.8886,3.6285,-0.7053,3,RIGHT_MI
12817,50.06640625,-2.6572,-1.9465,-0.1248,-7.4631,3,RIGHT_MI
12818,50.0703125,-2.2815,-7.9483,-1.2917,-3.6904,3,RIGHT_MI
12819,50.07421875,3.4281,-5.2606,-1.4566,-5.4982,3,RIGHT_MI
12820,50.078125,-2.6217,-14.8161,-6.8707,-3.4928,3,RIGHT_MI
12821,50.08203125,1.2273,-4.2953,-9.3697,-6.9498,3,RIGHT_MI
12822,50.0859375,-0.6083,-1.2432,-7.9355,-8.4613,3,RIGHT_MI
12823,50.08984375,-2.9613,-1.686,-3.6608,-9.3063,3,RIGHT_MI
12824,50.09375,-5.1423,-2.284,2.2623,-0.9555,3,RIGHT_MI
12825,50.09765625,-3.2495,2.8689,-1.0882,2.0924,3,RIGHT_MI
12826,50.1015625,0.6085,7.2087,5.2556,4.6144,3,RIGHT_MI
12827,50.10546875,3.5991,8.5472,-0.1981,6.7035,3,RIGHT_MI
12828,50.109375,5.068,8.1631,4.6744,8.5513,3,RIGHT_MI
12829,50.11328125,0.4501,6.3492,5.1449,7.7918,3,RIGHT_MI
12830,50.1171875,1.3378,11.1116,5.9808,6.0198,3,RIGHT_MI
12831,50.12109375,1.4175,3.1365,5.4062,7.5809,3,RIGHT_MI
12832,50.125,2.4444,6.6791,7.2016,3.2156,3,RIGHT_MI
12833,50.12890625,-0.7034,4.3212,-0.3844,2.3436,3,RIGHT_MI
12834,50.1328125,4.3097,0.7653,2.6488,2.8735,3,RIGHT_MI
12835,50.13671875,-0.8165,3.0865,5.2384,0.2793,3,RIGHT_MI
12836,50.140625,0.3083,-0.3431,2.285,-5.5603,3,RIGHT_MI
12837,50.14453125,-3.4434,-3.4119,-0.0925,-3.1909,3,RIGHT_MI
12838,50.1484375,-2.226,-0.2786,-2.0164,-5.9687,3,RIGHT_MI
12839,50.15234375,-1.3077,-3.1724,4.5513,-4.055,3,RIGHT_MI
12840,50.15625,1.3332,0.7653,-3.0298,-8.0824,3,RIGHT_MI
12841,50.16015625,2.7535,-1.8763,4.211,-0.7771,3,RIGHT_MI
12842,50.1640625,-0.562,-6.4485,2.6483,-2.4166,3,RIGHT_MI
12843,50.16796875,0.3494,-5.3067,1.3947,-2.6339,3,RIGHT_MI
12844,50.171875,1.8792,-6.1493,-8.5022,-3.3513,3,RIGHT_MI
12845,50.17578125,-1.437,-3.0498,-6.3484,-3.7723,3,RIGHT_MI
12846,50.1796875,-5.3101,-8.2454,-10.1408,-0.8586,3,RIGHT_MI
12847,50.18359375,-1.0165,-11.2432,-4.9457,0.8898,3,RIGHT_MI
12848,50.1875,-3.4693,-7.2746,-6.8026,-4.3192,3,RIGHT_MI
12849,50.19140625,-4.2002,-5.0911,-5.0452,-2.0974,3,RIGHT_MI
12850,50.1953125,-8.4336,-2.3987,-5.8623,-0.9393,3,RIGHT_MI
12851,50.19921875,-4.3407,4.9386,4.693,2.1019,3,RIGHT_MI
12852,50.203125,-0.2163,6.0073,3.6707,4.0178,3,RIGHT_MI
12853,50.20703125,2.5931,6.9447,1.5394,11.345,3,RIGHT_MI
12854,50.2109375,6.5658,5.5174,6.0023,11.0485,3,RIGHT_MI
12855,50.21484375,7.2174,6.6907,7.2665,8.7197,3,RIGHT_MI
12856,50.21875,-4.2062,3.1573,9.9693,8.6998,3,RIGHT_MI
12857,50.22265625,0.8674,5.0714,10.2455,5.1412,3,RIGHT_MI
12858,50.2265625,4.7635,8.0735,2.8699,7.602,3,RIGHT_MI
12859,50.23046875,2.5122,3.6834,0.4745,4.7521,3,RIGHT_MI
12860,50.234375,-3.8555,-2.6437,1.8621,-1.8712,3,RIGHT_MI
12861,50.23828125,0.9683,4.4114,0.1982,-5.146,3,RIGHT_MI
12862,50.2421875,-2.7574,-3.4847,5.796,-6.4363,3,RIGHT_MI
12863,50.24609375,-0.5572,-1.2453,3.5554,-6.1671,3,RIGHT_MI
12864,50.25,-1.7299,-2.1994,3.1265,-6.6673,3,RIGHT_MI
12865,50.25390625,-0.6385,-0.9871,1.4125,-6.4848,3,RIGHT_MI
12866,50.2578125,6.9269,1.8763,-0.1579,-5.1668,3,RIGHT_MI
12867,50.26171875,-1.2801,-1.5111,4.1846,-4.9995,3,RIGHT_MI
12868,50.265625,6.3552,-5.0294,-1.9634,-10.9677,3,RIGHT_MI
12869,50.26953125,0.7651,-6.4353,-4.1704,-1.6666,3,RIGHT_MI
12870,50.2734375,-2.0849,-0.9005,0.5258,-8.5941,3,RIGHT_MI
12871,50.27734375,-1.3556,-6.5854,-10.9029,-0.4133,3,RIGHT_MI
12872,50.28125,-3.4144,-6.2435,-9.2999,4.1624,3,RIGHT_MI
12873,50.28515625,-5.2484,-9.3601,-12.7015,1.0278,3,RIGHT_MI
12874,50.2890625,-0.5264,-11.6143,-7.0693,-4.2197,3,RIGHT_MI
12875,50.29296875,-4.484,-1.5393,-5.3719,-3.3482,3,RIGHT_MI
12876,50.296875,0.7465,2.7665,-3.3446,3.5755,3,RIGHT_MI
12877,50.30078125,-2.7994,-4.1293,-1.2681,8.8921,3,RIGHT_MI
12878,50.3046875,-5.6814,6.1183,0.9056,6.9179,3,RIGHT_MI
12879,50.30859375,2.8623,7.0764,-1.6031,6.2376,3,RIGHT_MI
12880,50.3125,6.5982,8.6444,7.1653,9.068,3,RIGHT_MI
12881,50.31640625,6.2132,9.1476,4.1612,7.4805,3,RIGHT_MI
12882,50.3203125,2.3036,7.9175,11.1744,11.0299,3,RIGHT_MI
12883,50.32421875,-2.5783,-0.445,5.7201,-3.1626,3,RIGHT_MI
12884,50.328125,2.0667,8.9944,6.6027,-6.731,3,RIGHT_MI
12885,50.33203125,6.9791,-2.2864,-3.8804,-4.7891,3,RIGHT_MI
12886,50.3359375,-5.5464,-2.0544,2.8248,-5.578,3,RIGHT_MI
12887,50.33984375,-2.2773,-4.2926,5.0664,-7.1369,3,RIGHT_MI
12888,50.34375,-2.7158,0.6438,7.6226,-4.7765,3,RIGHT_MI
12889,50.34765625,-1.6934,-0.4852,2.426,-4.0105,3,RIGHT_MI
12890,50.3515625,-2.0102,-1.4027,1.8121,-5.8714,3,RIGHT_MI
12891,50.35546875,-1.5581,-3.9537,6.6013,-2.8853,3,RIGHT_MI
12892,50.359375,4.8452,2.315,5.7644,-2.6364,3,RIGHT_MI
12893,50.36328125,4.1788,-0.4353,1.2253,-3.7049,3,RIGHT_MI
12894,50.3671875,1.4325,-2.5842,1.2848,0.791,3,RIGHT_MI
12895,50.37109375,0.8094,1.6294,-3.0801,-4.3321,3,RIGHT_MI
12896,50.375,-1.0178,-3.7499,-10.6102,1.6012,3,RIGHT_MI
12897,50.37890625,-1.4747,-7.4729,-6.3893,-2.3104,3,RIGHT_MI
12898,50.3828125,-7.1808,-10.6706,-8.9849,-3.5896,3,RIGHT_MI
12899,50.38671875,-0.6055,-6.9717,-8.597,0.468,3,RIGHT_MI
12900,50.390625,-10.3219,-6.5209,-12.2369,1.1958,3,RIGHT_MI
12901,50.39453125,1.8876,1.9611,-1.5089,-1.6847,3,RIGHT_MI
12902,50.3984375,3.9067,1.0071,-4.0032,7.3189,3,RIGHT_MI
12903,50.40234375,2.7513,6.4178,4.3111,10.2835,3,RIGHT_MI
12904,50.40625,2.8771,9.1907,7.336,13.3948,3,RIGHT_MI
12905,50.41015625,3.6285,5.9393,3.8507,11.3724,3,RIGHT_MI
12906,50.4140625,7.2876,10.0914,9.0928,5.7653,3,RIGHT_MI
12907,50.41796875,-2.2021,12.4942,5.39,7.4885,3,RIGHT_MI
12908,50.421875,3.7033,8.001,11.5306,8.6178,3,RIGHT_MI
12909,50.42578125,0.3505,4.5642,7.871,-0.4309,3,RIGHT_MI
12910,50.4296875,1.2548,5.0016,8.3643,-3.0788,3,RIGHT_MI
12911,50.43359375,-3.0249,-2.0051,2.0038,-7.8334,3,RIGHT_MI
12912,50.4375,2.7394,-1.2543,5.1019,-5.7228,3,RIGHT_MI
12913,50.44140625,-4.9621,-1.4348,-0.5471,-5.6446,3,RIGHT_MI
12914,50.4453125,0.6651,0.4991,5.7422,-1.3338,3,RIGHT_MI
12915,50.44921875,4.9551,-3.361,-0.1297,-6.6172,3,RIGHT_MI
12916,50.453125,1.2819,-7.9167,3.8233,-10.2604,3,RIGHT_MI
12917,50.45703125,1.5693,-6.6319,2.7411,-5.6679,3,RIGHT_MI
12918,50.4609375,3.7653,-1.2008,6.7798,2.4641,3,RIGHT_MI
12919,50.46484375,1.9029,-1.4822,-0.4429,-6.4221,3,RIGHT_MI
12920,50.46875,1.3146,-3.0984,-3.763,-4.5404,3,RIGHT_MI
12921,50.47265625,-3.7501,-6.3711,-6.0988,1.2331,3,RIGHT_MI
12922,50.4765625,-4.3505,0.1048,-9.2935,-1.1769,3,RIGHT_MI
12923,50.48046875,-5.9607,-3.4936,-8.6364,-4.4764,3,RIGHT_MI
12924,50.484375,-2.2415,-2.6414,-0.9648,-1.4619,3,RIGHT_MI
12925,50.48828125,-2.7016,-6.5546,-5.6666,-0.1859,3,RIGHT_MI
12926,50.4921875,-9.6581,-4.131,-10.0802,6.2185,3,RIGHT_MI
12927,50.49609375,-2.9583,-0.6783,-7.0564,5.5379,3,RIGHT_MI
12928,50.5,-0.592,5.4516,-6.3096,11.9114,3,RIGHT_MI
12929,50.50390625,-0.7911,7.2105,-1.9406,0.2477,3,RIGHT_MI
12930,50.5078125,-0.2902,6.5762,0.3004,10.2612,3,RIGHT_MI
12931,50.51171875,4.3642,6.7319,4.8863,6.8381,3,RIGHT_MI
12932,50.515625,6.7817,7.586,4.7819,3.0389,3,RIGHT_MI
12933,50.51953125,3.5976,5.3794,5.6606,-1.1077,3,RIGHT_MI
12934,50.5234375,4.4046,3.7054,12.997,-3.9516,3,RIGHT_MI
12935,50.52734375,5.5964,1.1564,-2.4133,-5.7564,3,RIGHT_MI
12936,50.53125,7.0163,5.575,3.9411,-6.6753,3,RIGHT_MI
12937,50.53515625,-1.6644,-1.2583,3.2484,-13.762,3,RIGHT_MI
12938,50.5390625,-1.0958,1.8287,1.0282,-2.8766,3,RIGHT_MI
12939,50.54296875,-5.1642,-0.5417,8.3427,-8.2566,3,RIGHT_MI
12940,50.546875,-3.0453,-4.3715,0.6617,-9.3192,3,RIGHT_MI
12941,50.55078125,-2.0621,-4.2474,0.9131,-7.9845,3,RIGHT_MI
12942,50.5546875,1.8043,-1.6769,7.6577,-3.3489,3,RIGHT_MI
12943,50.55859375,2.8017,-2.0594,1.7033,-3.3534,3,RIGHT_MI
12944,50.5625,0.5361,-1.8701,3.757,4.8573,3,RIGHT_MI
12945,50.56640625,4.6,-5.4514,0.4382,1.0854,3,RIGHT_MI
12946,50.5703125,1.4724,-2.6516,0.4278,3.2327,3,RIGHT_MI
12947,50.57421875,-4.2917,-3.0388,-6.9828,0.9733,3,RIGHT_MI
12948,50.578125,-3.6926,-5.4491,-6.9504,2.2596,3,RIGHT_MI
12949,50.58203125,-4.4157,-3.2212,-11.3502,-2.9744,3,RIGHT_MI
12950,50.5859375,-7.166,-3.3482,-10.1167,-0.726,3,RIGHT_MI
12951,50.58984375,-0.899,-3.4036,-9.554,5.6125,3,RIGHT_MI
12952,50.59375,-7.9825,-0.9755,-8.9852,4.812,3,RIGHT_MI
12953,50.59765625,-0.285,3.8318,-5.0561,5.4292,3,RIGHT_MI
12954,50.6015625,1.6999,14.1737,0.5008,12.6739,3,RIGHT_MI
12955,50.60546875,4.812,8.4489,-1.8452,10.7292,3,RIGHT_MI
12956,50.609375,4.3755,8.2125,-3.0084,12.2302,3,RIGHT_MI
12957,50.61328125,-1.3751,11.086,3.8244,2.0446,3,RIGHT_MI
12958,50.6171875,3.9845,7.2736,10.2412,4.2675,3,RIGHT_MI
12959,50.62109375,4.5236,6.6654,7.3275,3.9315,3,RIGHT_MI
12960,50.625,1.2414,8.1839,1.7269,0.8441,3,RIGHT_MI
12961,50.62890625,4.1808,3.1223,3.8861,-8.3278,3,RIGHT_MI
12962,50.6328125,-0.6373,-1.4502,-0.7777,-3.8686,3,RIGHT_MI
12963,50.63671875,1.7248,-11.1472,-0.6642,-9.9758,3,RIGHT_MI
12964,50.640625,-0.1846,-4.1279,2.6112,-11.2854,3,RIGHT_MI
12965,50.64453125,-8.5093,-4.1026,2.6785,-8.699,3,RIGHT_MI
12966,50.6484375,-3.6158,-4.1464,10.5204,-5.6665,3,RIGHT_MI
12967,50.65234375,2.4267,-7.1477,6.681,-2.8958,3,RIGHT_MI
12968,50.65625,-3.0295,-2.8581,4.004,-10.6872,3,RIGHT_MI
12969,50.66015625,3.4617,-3.9105,8.5398,0.4647,3,RIGHT_MI
12970,50.6640625,8.3246,-0.9309,6.3055,0.8027,3,RIGHT_MI
12971,50.66796875,-0.1442,3.1004,5.5744,4.1897,3,RIGHT_MI
12972,50.671875,-0.4237,-11.8675,0.3421,2.6417,3,RIGHT_MI
12973,50.67578125,0.0128,-4.9855,-4.8391,3.6897,3,RIGHT_MI
12974,50.6796875,-4.7912,-6.9338,-7.4049,2.4769,3,RIGHT_MI
12975,50.68359375,-5.3502,-11.1606,-6.7574,2.3152,3,RIGHT_MI
12976,50.6875,-5.3198,-2.0155,-6.5761,5.205,3,RIGHT_MI
12977,50.69140625,-1.5334,3.301,-5.8426,-1.0567,3,RIGHT_MI
12978,50.6953125,-2.7356,3.483,-1.2526,4.8598,3,RIGHT_MI
12979,50.69921875,0.4105,-0.011,-7.0817,4.3749,3,RIGHT_MI
12980,50.703125,2.3413,8.943,-6.0252,7.053,3,RIGHT_MI
12981,50.70703125,-0.2747,6.9009,-3.6266,6.5264,3,RIGHT_MI
12982,50.7109375,0.8605,15.2863,1.7254,4.5181,3,RIGHT_MI
12983,50.71484375,5.1999,6.1636,5.0977,2.5437,3,RIGHT_MI
12984,50.71875,1.2178,9.9505,1.8821,-3.8201,3,RIGHT_MI
12985,50.72265625,8.5214,5.3764,5.2111,-5.8502,3,RIGHT_MI
12986,50.7265625,-1.6234,3.5503,-2.3997,-2.8513,3,RIGHT_MI
12987,50.73046875,2.7431,4.9725,-6.0008,-3.2666,3,RIGHT_MI
12988,50.734375,3.2205,-3.9946,1.1435,-9.7252,3,RIGHT_MI
12989,50.73828125,-5.0077,-1.8801,2.686,-8.0438,3,RIGHT_MI
12990,50.7421875,0.2745,-5.1026,1.7328,-13.2231,3,RIGHT_MI
12991,50.74609375,-0.6961,-6.4468,3.7204,-6.5867,3,RIGHT_MI
12992,50.75,-4.4582,-2.0201,2.4671,-2.7709,3,RIGHT_MI
12993,50.75390625,-0.5368,-2.269,4.5978,-0.6493,3,RIGHT_MI
12994,50.7578125,1.3097,0.1475,0.4528,2.0074,3,RIGHT_MI
12995,50.76171875,7.9663,-2.2066,-1.1519,-3.2749,3,RIGHT_MI
12996,50.765625,2.6775,-1.6011,0.7772,7.9401,3,RIGHT_MI
12997,50.76953125,-0.1895,-4.0645,0.2513,6.4214,3,RIGHT_MI
12998,50.7734375,2.0938,-1.0193,-1.0365,5.6668,3,RIGHT_MI
12999,50.77734375,-7.26,-9.71,-7.5243,5.2503,3,RIGHT_MI
13000,50.78125,-2.0265,-3.233,-1.9706,6.1281,3,RIGHT_MI
13001,50.78515625,-1.5871,-0.4191,-12.1094,3.3301,3,RIGHT_MI
13002,50.7890625,-2.8502,2.3114,-7.9929,8.0787,3,RIGHT_MI
13003,50.79296875,-3.6198,5.8942,-10.3203,3.8682,3,RIGHT_MI
13004,50.796875,-3.4016,11.4138,-5.4985,3.9447,3,RIGHT_MI
13005,50.80078125,-5.0908,6.9822,-4.2333,-0.9101,3,RIGHT_MI
13006,50.8046875,-3.9289,3.8991,-1.5853,4.8821,3,RIGHT_MI
13007,50.80859375,0.0948,8.7308,-1.2188,4.5433,3,RIGHT_MI
13008,50.8125,9.9552,9.2309,1.48,-5.7347,3,RIGHT_MI
13009,50.81640625,3.2217,6.4703,-0.3332,0.039,3,RIGHT_MI
13010,50.8203125,4.1599,4.8393,2.0273,6.6958,3,RIGHT_MI
13011,50.82421875,2.1248,-3.7481,-2.6576,-9.1559,3,RIGHT_MI
13012,50.828125,2.3946,-0.3617,5.391,-9.1683,3,RIGHT_MI
13013,50.83203125,-4.0212,0.3232,-0.6764,-10.7025,3,RIGHT_MI
13014,50.8359375,-2.0082,-4.2305,4.5849,-6.3742,3,RIGHT_MI
13015,50.83984375,0.993,-4.0402,0.8126,-8.7539,3,RIGHT_MI
13016,50.84375,-0.786,-3.1938,0.0801,-9.4962,3,RIGHT_MI
13017,50.84765625,-1.7715,-7.8412,3.7118,-8.079,3,RIGHT_MI
13018,50.8515625,-1.031,-7.223,6.8885,-0.4465,3,RIGHT_MI
13019,50.85546875,-3.3492,-9.2883,8.1495,-1.9631,3,RIGHT_MI
13020,50.859375,0.836,-0.3289,4.426,-0.4252,3,RIGHT_MI
13021,50.86328125,4.158,-1.0306,4.1592,2.1153,3,RIGHT_MI
13022,50.8671875,1.8285,-0.9012,5.4142,8.7773,3,RIGHT_MI
13023,50.87109375,-1.0217,-3.0931,-0.3245,2.698,3,RIGHT_MI
13024,50.875,0.9226,-1.4507,-0.6683,11.1922,3,RIGHT_MI
13025,50.87890625,-6.4177,-9.6587,-11.0671,-0.4083,3,RIGHT_MI
13026,50.8828125,-6.5847,-3.274,-7.4561,1.8094,3,RIGHT_MI
13027,50.88671875,-5.5555,-2.7126,-14.9128,1.603,3,RIGHT_MI
13028,50.890625,-9.1822,-2.8931,-6.8277,2.0782,3,RIGHT_MI
13029,50.89453125,1.313,8.2551,-3.647,-1.2911,3,RIGHT_MI
13030,50.8984375,-2.9776,7.1055,-9.8748,5.4568,3,RIGHT_MI
13031,50.90234375,5.8732,7.454,-7.9456,-1.2968,3,RIGHT_MI
13032,50.90625,5.9331,8.2533,-4.8251,0.5105,3,RIGHT_MI
13033,50.91015625,4.1016,9.6199,-4.0822,-0.597,3,RIGHT_MI
13034,50.9140625,2.0554,13.122,2.6856,-2.8209,3,RIGHT_MI
13035,50.91796875,3.9354,3.8737,3.2736,-6.504,3,RIGHT_MI
13036,50.921875,6.6163,7.1166,5.7155,-4.9272,3,RIGHT_MI
13037,50.92578125,-1.8792,6.0195,0.4959,-6.2444,3,RIGHT_MI
13038,50.9296875,6.7002,-4.2086,2.9812,-7.6738,3,RIGHT_MI
13039,50.93359375,-1.7566,-1.3455,2.1953,-10.3087,3,RIGHT_MI
13040,50.9375,-6.2388,-5.0173,3.2212,-3.0058,3,RIGHT_MI
13041,50.94140625,-3.411,-9.1086,3.7612,-4.6468,3,RIGHT_MI
13042,50.9453125,-0.783,-0.4783,0.6255,-5.9265,3,RIGHT_MI
13043,50.94921875,-1.9297,-6.7234,7.9403,-1.4342,3,RIGHT_MI
13044,50.953125,-2.0941,-4.8527,1.1293,2.063,3,RIGHT_MI
13045,50.95703125,5.1372,-0.9255,3.9801,3.3243,3,RIGHT_MI
13046,50.9609375,0.1023,-7.7507,4.1873,3.796,3,RIGHT_MI
13047,50.96484375,0.5355,-1.2744,-1.7866,13.7077,3,RIGHT_MI
13048,50.96875,-2.2516,-0.8381,0.8206,4.4507,3,RIGHT_MI
13049,50.97265625,-1.0387,-2.7641,0.1303,2.8647,3,RIGHT_MI
13050,50.9765625,-1.1892,2.5968,1.4772,0.5602,3,RIGHT_MI
13051,50.98046875,-4.8235,-9.3992,-4.9705,3.4345,3,RIGHT_MI
13052,50.984375,-5.9843,-2.0442,-8.3847,5.04,3,RIGHT_MI
13053,50.98828125,-0.9497,2.233,-7.4468,-0.0925,3,RIGHT_MI
13054,50.9921875,-2.8559,2.6923,-7.0176,0.9762,3,RIGHT_MI
13055,50.99609375,0.1859,2.9821,-7.6106,-0.1555,3,RIGHT_MI
13056,51.0,-1.2489,6.2331,-5.3869,3.4965,3,RIGHT_MI
13057,51.00390625,4.6872,5.4417,1.6907,0.4365,3,RIGHT_MI
13058,51.0078125,6.2671,9.1753,1.1856,-2.8067,3,RIGHT_MI
13059,51.01171875,8.5246,8.0541,4.9073,0.7185,3,RIGHT_MI
13060,51.015625,4.618,7.6227,-2.5373,0.745,3,RIGHT_MI
13061,51.01953125,5.7241,7.6257,-5.256,-4.6445,3,RIGHT_MI
13062,51.0234375,6.7127,5.8834,-1.753,-8.1392,3,RIGHT_MI
13063,51.02734375,1.4693,4.2829,-0.1421,-11.2206,3,RIGHT_MI
13064,51.03125,0.0454,-4.7883,0.7822,-9.203,3,RIGHT_MI
13065,51.03515625,-1.2613,-3.1196,3.2331,-8.2251,3,RIGHT_MI
13066,51.0390625,1.1074,-8.8024,2.1629,-7.3275,3,RIGHT_MI
13067,51.04296875,1.2087,-4.9934,4.4052,1.0042,3,RIGHT_MI
13068,51.046875,4.3386,-2.1864,5.0181,-2.7401,3,RIGHT_MI
13069,51.05078125,-4.7619,-5.8824,5.9075,1.1077,3,RIGHT_MI
13070,51.0546875,2.3779,-2.547,3.0151,8.7459,3,RIGHT_MI
13071,51.05859375,3.5773,1.4377,10.6824,4.8275,3,RIGHT_MI
13072,51.0625,5.9205,-1.2986,5.4895,8.1133,3,RIGHT_MI
13073,51.06640625,-0.0769,-6.5212,2.1094,8.7297,3,RIGHT_MI
13074,51.0703125,0.3888,2.1151,2.8068,9.3325,3,RIGHT_MI
13075,51.07421875,-3.4251,-1.6676,-1.3295,7.0071,3,RIGHT_MI
13076,51.078125,-8.2513,0.5337,-6.4047,-2.042,3,RIGHT_MI
13077,51.08203125,-2.2042,5.5168,-2.1279,7.1189,3,RIGHT_MI
13078,51.0859375,-4.1965,0.5738,-11.657,-1.6932,3,RIGHT_MI
13079,51.08984375,-5.1954,-0.4667,-5.9447,0.1641,3,RIGHT_MI
13080,51.09375,-0.3194,4.4673,-9.5643,-8.7518,3,RIGHT_MI
13081,51.09765625,1.1073,3.5875,-6.9868,-6.2486,3,RIGHT_MI
13082,51.1015625,2.6767,14.3188,-8.8382,-5.0714,3,RIGHT_MI
13083,51.10546875,4.8948,7.0598,-5.7184,-4.0583,3,RIGHT_MI
13084,51.109375,2.8903,5.5129,-6.4839,-1.1254,3,RIGHT_MI
13085,51.11328125,4.7159,7.5482,3.8288,-1.9847,3,RIGHT_MI
13086,51.1171875,7.3669,8.1852,3.606,-9.4713,3,RIGHT_MI
13087,51.12109375,8.1792,3.3388,-1.5536,-0.6869,3,RIGHT_MI
13088,51.125,4.2757,1.8187,1.048,-8.0707,3,RIGHT_MI
13089,51.12890625,-3.9471,-2.6254,-3.1324,-6.7968,3,RIGHT_MI
13090,51.1328125,1.855,-2.8344,-0.7952,-8.7386,3,RIGHT_MI
13091,51.13671875,-0.7239,-9.8708,-2.033,-5.2281,3,RIGHT_MI
13092,51.140625,1.9201,-4.2587,5.5632,0.2764,3,RIGHT_MI
13093,51.14453125,0.9117,-6.6343,-1.6876,-4.6937,3,RIGHT_MI
13094,51.1484375,-2.1127,-9.5849,5.942,-3.3476,3,RIGHT_MI
13095,51.15234375,-3.0069,-7.639,7.2083,1.5323,3,RIGHT_MI
13096,51.15625,1.5088,-4.7984,9.5754,5.6997,3,RIGHT_MI
13097,51.16015625,-0.2529,-2.422,9.8731,7.934,3,RIGHT_MI
13098,51.1640625,4.947,4.017,7.5389,7.1614,3,RIGHT_MI
13099,51.16796875,1.8162,-1.1692,2.0027,7.6189,3,RIGHT_MI
13100,51.171875,3.7325,-0.9914,9.363,2.524,3,RIGHT_MI
13101,51.17578125,4.2651,-5.7635,-4.6414,4.7257,3,RIGHT_MI
13102,51.1796875,-3.614,3.9283,-1.7048,-1.6564,3,RIGHT_MI
13103,51.18359375,-8.1581,-5.522,-6.8772,-1.8038,3,RIGHT_MI
13104,51.1875,-9.5055,-2.9045,-11.0893,1.6001,3,RIGHT_MI
13105,51.19140625,-2.5629,1.866,-6.6933,1.0012,3,RIGHT_MI
13106,51.1953125,-3.2503,1.6866,-7.7128,-8.7679,3,RIGHT_MI
13107,51.19921875,2.091,4.891,-7.6985,-0.4931,3,RIGHT_MI
13108,51.203125,-2.1569,11.11,-6.3081,-7.5483,3,RIGHT_MI
13109,51.20703125,0.9833,11.3743,0.2326,-6.6892,3,RIGHT_MI
13110,51.2109375,7.5892,5.5046,-4.5756,-3.4643,3,RIGHT_MI
13111,51.21484375,0.3663,4.7517,2.7907,-2.0006,3,RIGHT_MI
13112,51.21875,-1.6156,10.5059,1.0586,-3.6216,3,RIGHT_MI
13113,51.22265625,8.0561,-1.4946,0.7857,-8.8353,3,RIGHT_MI
13114,51.2265625,1.6,-2.8449,-7.8006,-0.9832,3,RIGHT_MI
13115,51.23046875,7.126,1.5455,2.1459,-8.1299,3,RIGHT_MI
13116,51.234375,2.1475,-6.8634,-0.3766,-0.9246,3,RIGHT_MI
13117,51.23828125,-4.8158,-8.4454,1.421,-2.36,3,RIGHT_MI
13118,51.2421875,-3.8043,-8.7728,0.6506,0.252,3,RIGHT_MI
13119,51.24609375,-5.5264,-9.5384,3.8682,0.6256,3,RIGHT_MI
13120,51.25,0.8248,-8.7798,3.5336,1.2575,3,RIGHT_MI
13121,51.25390625,-0.0757,-10.5606,7.2905,2.3508,3,RIGHT_MI
13122,51.2578125,2.0822,-1.9029,4.5113,8.1892,3,RIGHT_MI
13123,51.26171875,3.0478,1.3217,6.4064,7.7697,3,RIGHT_MI
13124,51.265625,-0.2996,-1.9695,7.7388,10.9902,3,RIGHT_MI
13125,51.26953125,-0.3619,7.3487,6.3225,4.6978,3,RIGHT_MI
13126,51.2734375,-2.7356,-0.4337,1.9496,1.1611,3,RIGHT_MI
13127,51.27734375,-4.536,3.0393,0.6879,2.9406,3,RIGHT_MI
13128,51.28125,-4.8974,2.7309,-10.514,3.2162,3,RIGHT_MI
13129,51.28515625,-6.9779,5.0418,-4.6923,-4.5877,3,RIGHT_MI
13130,51.2890625,-5.5869,-1.9923,-6.1345,-2.1275,3,RIGHT_MI
13131,51.29296875,-2.2429,6.7455,-0.8261,-4.2651,3,RIGHT_MI
13132,51.296875,-1.1489,3.2267,-1.7357,-11.2812,3,RIGHT_MI
13133,51.30078125,1.6941,5.764,-7.5313,-11.7713,3,RIGHT_MI
13134,51.3046875,-0.718,5.0141,-7.5024,-3.9549,3,RIGHT_MI
13135,51.30859375,3.7606,5.9353,-8.0961,-1.7636,3,RIGHT_MI
13136,51.3125,5.8885,-0.0467,-0.4798,-3.7732,3,RIGHT_MI
13137,51.31640625,7.8715,5.5659,-0.0415,2.4608,3,RIGHT_MI
13138,51.3203125,3.4716,2.3393,3.6203,-6.4207,3,RIGHT_MI
13139,51.32421875,-3.2131,2.0131,-6.2194,-2.6089,3,RIGHT_MI
13140,51.328125,2.7452,-0.9724,-4.0006,-6.3017,3,RIGHT_MI
13141,51.33203125,-1.6378,-7.3126,-2.3444,3.6456,3,RIGHT_MI
13142,51.3359375,-1.187,-9.6432,-0.1906,2.5142,3,RIGHT_MI
13143,51.33984375,6.4488,-7.8207,1.749,-1.1063,3,RIGHT_MI
13144,51.34375,1.856,-3.3431,2.1017,5.4241,3,RIGHT_MI
13145,51.34765625,-5.9766,-6.7189,6.6125,4.0047,3,RIGHT_MI
13146,51.3515625,0.7531,-3.5512,3.834,1.1365,3,RIGHT_MI
13147,51.35546875,-1.3187,-3.0168,4.7781,9.8161,3,RIGHT_MI
13148,51.359375,3.4928,-3.8808,9.0126,7.1277,3,RIGHT_MI
13149,51.36328125,-0.4435,0.1218,10.6928,4.1429,3,RIGHT_MI
13150,51.3671875,-1.0908,-0.7228,4.7931,6.4699,3,RIGHT_MI
13151,51.37109375,-5.0774,-2.4564,1.5494,9.1309,3,RIGHT_MI
13152,51.375,-2.6247,-4.1951,5.708,1.8622,3,RIGHT_MI
13153,51.37890625,-5.8339,0.0377,-4.4427,1.8173,3,RIGHT_MI
13154,51.3828125,-4.7587,-0.0533,-7.838,-3.3633,3,RIGHT_MI
13155,51.38671875,-1.5046,2.3742,-6.5013,-7.0755,3,RIGHT_MI
13156,51.390625,-3.6559,4.0698,-9.5093,-6.9602,3,RIGHT_MI
13157,51.39453125,-2.3844,3.6107,-5.8225,-6.5337,3,RIGHT_MI
13158,51.3984375,2.6859,6.186,-8.4982,-6.162,3,RIGHT_MI
13159,51.40234375,-2.0232,8.0174,-10.1121,-1.2256,3,RIGHT_MI
13160,51.40625,-2.0499,7.3605,-2.605,-4.8104,3,RIGHT_MI
13161,51.41015625,6.0718,15.3685,-1.7076,-5.2456,3,RIGHT_MI
13162,51.4140625,3.4362,7.1986,-1.3167,-7.3099,3,RIGHT_MI
13163,51.41796875,6.8853,2.3152,0.088,-8.9595,3,RIGHT_MI
13164,51.421875,2.6759,-1.2342,1.938,-1.619,3,RIGHT_MI
13165,51.42578125,0.4204,-1.7366,-3.2276,2.2433,3,RIGHT_MI
13166,51.4296875,2.5874,-1.4838,3.8974,3.7467,3,RIGHT_MI
13167,51.43359375,-1.2448,-6.0501,4.1806,-5.6276,3,RIGHT_MI
13168,51.4375,-2.7042,-0.5773,-3.5876,-2.7153,3,RIGHT_MI
13169,51.44140625,0.5702,-11.8513,4.8922,-2.4199,3,RIGHT_MI
13170,51.4453125,1.4635,-11.6111,4.5117,2.3643,3,RIGHT_MI
13171,51.44921875,-3.6785,-14.1761,1.4961,6.7899,3,RIGHT_MI
13172,51.453125,-1.1376,-6.2386,7.3246,10.5874,3,RIGHT_MI
13173,51.45703125,-2.0542,-1.493,8.0648,12.0919,3,RIGHT_MI
13174,51.4609375,-1.5307,-5.5511,6.9013,11.8542,3,RIGHT_MI
13175,51.46484375,1.0933,2.9457,12.7352,2.652,3,RIGHT_MI
13176,51.46875,-3.6911,5.5936,5.1304,8.4052,3,RIGHT_MI
13177,51.47265625,-3.2699,10.4448,4.0486,-1.9623,3,RIGHT_MI
13178,51.4765625,0.7466,0.8873,0.3412,-2.0315,3,RIGHT_MI
13179,51.48046875,-7.8405,1.019,0.7775,-2.4229,3,RIGHT_MI
13180,51.484375,-1.2809,4.5839,-2.4087,-7.9921,3,RIGHT_MI
13181,51.48828125,-5.3976,-1.3185,-4.2539,-6.9618,3,RIGHT_MI
13182,51.4921875,-3.1877,5.5087,-3.5511,-10.0186,3,RIGHT_MI
13183,51.49609375,2.0979,0.7667,-6.4734,-7.8141,3,RIGHT_MI
13184,51.5,-0.7248,7.2055,0.6674,-8.8646,3,RIGHT_MI
13185,51.50390625,-3.4532,7.9534,-5.9054,-7.6759,3,RIGHT_MI
13186,51.5078125,-1.4388,5.5063,-4.6629,-2.6711,3,RIGHT_MI
13187,51.51171875,6.4716,3.6736,-5.3257,-2.0071,3,RIGHT_MI
13188,51.515625,4.3758,7.8279,-1.096,0.7814,3,RIGHT_MI
13189,51.51953125,-0.0909,0.7381,-3.1623,1.701,3,RIGHT_MI
13190,51.5234375,5.995,-6.1115,-4.8156,0.7557,3,RIGHT_MI
13191,51.52734375,-3.4313,-5.4006,-1.5863,-0.7584,3,RIGHT_MI
13192,51.53125,-0.8864,-4.7,-4.9572,-5.1088,3,RIGHT_MI
13193,51.53515625,-1.8184,-9.8826,-4.0366,7.9135,3,RIGHT_MI
13194,51.5390625,-1.8055,-4.7125,0.3726,4.1017,3,RIGHT_MI
13195,51.54296875,-1.2901,-4.9544,9.1472,0.3242,3,RIGHT_MI
13196,51.546875,0.693,-5.0921,7.5142,0.649,3,RIGHT_MI
13197,51.55078125,3.2546,-1.939,3.2528,10.0692,3,RIGHT_MI
13198,51.5546875,-0.0217,-4.343,10.4682,7.2282,3,RIGHT_MI
13199,51.55859375,1.2741,-1.6046,6.3343,5.8957,3,RIGHT_MI
13200,51.5625,-0.4891,7.4547,6.2761,3.2503,3,RIGHT_MI
13201,51.56640625,2.1495,4.8832,4.4028,3.1776,3,RIGHT_MI
13202,51.5703125,0.522,-0.1709,6.8075,0.6429,3,RIGHT_MI
13203,51.57421875,-0.4379,1.4728,6.5712,-1.7018,3,RIGHT_MI
13204,51.578125,-1.2767,2.9545,2.5679,-5.3533,3,RIGHT_MI
13205,51.58203125,-3.6713,5.7613,-9.3531,-10.1892,3,RIGHT_MI
13206,51.5859375,0.0672,2.3448,-4.5918,-10.353,3,RIGHT_MI
13207,51.58984375,-0.9478,3.9113,-6.0688,-9.5241,3,RIGHT_MI
13208,51.59375,-7.0804,9.2171,-13.0735,-5.8182,3,RIGHT_MI
13209,51.59765625,-3.5319,-1.4178,0.8611,-9.1757,3,RIGHT_MI
13210,51.6015625,2.5192,3.2233,-5.6801,-3.5341,3,RIGHT_MI
13211,51.60546875,2.0812,8.3406,-5.4104,-6.8916,3,RIGHT_MI
13212,51.609375,3.1712,6.6191,-4.4831,1.8206,3,RIGHT_MI
13213,51.61328125,1.2849,4.8383,2.7791,-0.6443,3,RIGHT_MI
13214,51.6171875,1.4231,-2.2567,0.1498,6.0345,3,RIGHT_MI
13215,51.62109375,6.9028,-2.0653,-3.2767,-4.0933,3,RIGHT_MI
13216,51.625,0.9642,-0.2782,-2.9034,2.0755,3,RIGHT_MI
13217,51.62890625,1.1977,-8.4914,-1.478,8.3258,3,RIGHT_MI
13218,51.6328125,-2.7015,-3.8901,-3.7296,0.7129,3,RIGHT_MI
13219,51.63671875,1.595,-7.4696,1.4321,3.2098,3,RIGHT_MI
13220,51.640625,-4.6852,-9.9862,-5.5971,1.1949,3,RIGHT_MI
13221,51.64453125,0.0298,-2.5132,0.4005,-3.9484,3,RIGHT_MI
13222,51.6484375,3.3139,-4.6489,7.0193,5.8508,3,RIGHT_MI
13223,51.65234375,3.1037,-0.15,5.8348,6.495,3,RIGHT_MI
13224,51.65625,-0.8619,-0.9598,8.7021,8.5896,3,RIGHT_MI
13225,51.66015625,-0.9819,1.9888,12.4701,6.6674,3,RIGHT_MI
13226,51.6640625,-0.4843,0.8162,5.6496,3.6924,3,RIGHT_MI
13227,51.66796875,4.1082,-0.1808,5.1428,1.829,3,RIGHT_MI
13228,51.671875,0.5767,3.2833,2.8461,2.0441,3,RIGHT_MI
13229,51.67578125,-3.3083,4.1027,6.4591,-8.232,3,RIGHT_MI
13230,51.6796875,-3.3124,5.3026,-2.1295,-9.0193,3,RIGHT_MI
13231,51.68359375,4.6281,-0.5417,-2.4245,-9.6254,3,RIGHT_MI
13232,51.6875,-2.76,7.3712,-3.5507,-10.5646,3,RIGHT_MI
13233,51.69140625,-8.3483,6.3582,-2.9065,-12.6784,3,RIGHT_MI
13234,51.6953125,-5.0385,5.7748,-7.6379,-9.7692,3,RIGHT_MI
13235,51.69921875,0.5085,7.6647,-4.9454,-1.1272,3,RIGHT_MI
13236,51.703125,1.1766,8.794,-1.1476,-5.6859,3,RIGHT_MI
13237,51.70703125,0.7718,5.5938,-3.6596,2.0311,3,RIGHT_MI
13238,51.7109375,3.1404,1.774,-6.0562,1.9717,3,RIGHT_MI
13239,51.71484375,3.1799,5.5288,0.484,10.8256,3,RIGHT_MI
13240,51.71875,3.1925,4.0495,-5.9813,1.1099,3,RIGHT_MI
13241,51.72265625,5.742,4.5943,-5.4552,5.3099,3,RIGHT_MI
13242,51.7265625,3.5199,2.2969,-4.0782,1.9256,3,RIGHT_MI
13243,51.73046875,4.8626,-7.88,-1.8252,3.7469,3,RIGHT_MI
13244,51.734375,-1.9558,-7.6427,-7.2769,-5.6179,3,RIGHT_MI
13245,51.73828125,1.8591,-5.7493,0.0012,2.496,3,RIGHT_MI
13246,51.7421875,2.4334,-12.3165,1.2532,-1.5304,3,RIGHT_MI
13247,51.74609375,-1.1152,-15.0147,1.5132,-0.1941,3,RIGHT_MI
13248,51.75,0.519,-3.4245,2.0665,7.8406,3,RIGHT_MI
13249,51.75390625,3.3664,-0.9846,8.941,5.5991,3,RIGHT_MI
13250,51.7578125,-2.339,2.0014,9.4805,0.7704,3,RIGHT_MI
13251,51.76171875,3.289,0.6494,14.8358,5.5088,3,RIGHT_MI
13252,51.765625,-0.6587,1.1975,11.8349,3.5208,3,RIGHT_MI
13253,51.76953125,1.02,1.6514,10.8417,2.8268,3,RIGHT_MI
13254,51.7734375,-3.0996,4.0773,-3.2366,-7.366,3,RIGHT_MI
13255,51.77734375,-0.4461,6.4647,-0.3277,-9.1674,3,RIGHT_MI
13256,51.78125,-3.9126,0.841,-2.1645,-5.6565,3,RIGHT_MI
13257,51.78515625,-1.0853,4.2408,-9.5549,-8.1613,3,RIGHT_MI
13258,51.7890625,-6.4191,4.6406,-4.97,-5.9168,3,RIGHT_MI
13259,51.79296875,-3.4146,4.2504,-5.2673,-10.9641,3,RIGHT_MI
13260,51.796875,4.3934,6.1906,-6.4019,-1.6962,3,RIGHT_MI
13261,51.80078125,0.3779,-0.1299,-6.5481,0.0957,3,RIGHT_MI
13262,51.8046875,5.0821,1.059,-1.6854,1.734,3,RIGHT_MI
13263,51.80859375,8.1818,6.4367,-6.2226,1.6201,3,RIGHT_MI
13264,51.8125,3.784,5.3337,3.5162,8.1288,3,RIGHT_MI
13265,51.81640625,-0.2052,0.4194,-2.9404,11.0021,3,RIGHT_MI
13266,51.8203125,8.5191,1.9732,-3.8524,7.9365,3,RIGHT_MI
13267,51.82421875,-0.4339,-0.8067,-3.3635,14.2053,3,RIGHT_MI
13268,51.828125,-0.8862,-9.5362,-3.245,3.4548,3,RIGHT_MI
13269,51.83203125,4.4854,-6.9882,-2.2675,9.5975,3,RIGHT_MI
13270,51.8359375,0.972,-7.3635,-6.6235,0.7426,3,RIGHT_MI
13271,51.83984375,-1.7231,-10.4634,1.2695,0.7403,3,RIGHT_MI
13272,51.84375,-0.2958,-8.4055,0.7225,0.5469,3,RIGHT_MI
13273,51.84765625,-3.4129,-5.4073,3.2702,6.6721,3,RIGHT_MI
13274,51.8515625,1.8642,-3.7287,3.2903,0.7515,3,RIGHT_MI
13275,51.85546875,4.2265,-1.92,9.7886,3.1863,3,RIGHT_MI
13276,51.859375,7.6325,2.6116,5.3469,0.3022,3,RIGHT_MI
13277,51.86328125,2.1238,5.9974,8.4825,7.1216,3,RIGHT_MI
13278,51.8671875,-0.5418,4.6906,13.7177,-1.592,3,RIGHT_MI
13279,51.87109375,3.1996,3.2566,2.2021,-7.3971,3,RIGHT_MI
13280,51.875,0.747,6.1512,-0.4017,0.0932,3,RIGHT_MI
13281,51.87890625,-0.0892,3.5841,2.0746,-5.6233,3,RIGHT_MI
13282,51.8828125,-5.2686,1.1559,-0.6222,-6.1964,3,RIGHT_MI
13283,51.88671875,1.7029,9.4713,-1.3429,-6.9917,3,RIGHT_MI
13284,51.890625,-6.9729,1.5052,-6.3045,-6.1776,3,RIGHT_MI
13285,51.89453125,-0.2564,2.667,-7.4756,-10.7254,3,RIGHT_MI
13286,51.8984375,3.6795,3.219,-5.6262,-2.9722,3,RIGHT_MI
13287,51.90234375,6.3304,4.7681,-7.3749,0.8048,3,RIGHT_MI
13288,51.90625,5.0941,3.1231,-5.5787,3.0107,3,RIGHT_MI
13289,51.91015625,5.2652,2.143,-0.9663,2.6993,3,RIGHT_MI
13290,51.9140625,5.0484,1.9986,-2.5919,1.7135,3,RIGHT_MI
13291,51.91796875,6.8953,4.8016,-0.7039,5.348,3,RIGHT_MI
13292,51.921875,-3.7634,-4.3899,-3.6115,8.8415,3,RIGHT_MI
13293,51.92578125,-0.6541,-6.0017,-8.1393,6.873,3,RIGHT_MI
13294,51.9296875,2.3943,0.0858,-5.9513,4.6644,3,RIGHT_MI
13295,51.93359375,-4.3173,-10.7698,-7.9286,0.4741,3,RIGHT_MI
13296,51.9375,-0.5232,-18.7693,-2.6927,4.9977,3,RIGHT_MI
13297,51.94140625,-2.2547,-9.1201,4.0824,6.5758,3,RIGHT_MI
13298,51.9453125,2.4362,-12.7181,-0.2039,0.1405,3,RIGHT_MI
13299,51.94921875,-1.4308,-6.0662,-2.9432,8.6526,3,RIGHT_MI
13300,51.953125,0.9527,-3.5934,6.7221,0.6481,3,RIGHT_MI
13301,51.95703125,2.9526,1.6423,4.7205,-2.7208,3,RIGHT_MI
13302,51.9609375,4.0521,-2.2357,9.3053,-3.1892,3,RIGHT_MI
13303,51.96484375,5.4106,7.7052,6.0413,-3.0587,3,RIGHT_MI
13304,51.96875,1.1745,8.7006,7.9381,-3.2746,3,RIGHT_MI
13305,51.97265625,-5.0437,5.6844,7.4024,-1.2127,3,RIGHT_MI
13306,51.9765625,-9.5549,6.4219,3.1043,-5.2218,3,RIGHT_MI
13307,51.98046875,-2.5287,6.7538,-0.7207,-13.3268,3,RIGHT_MI
13308,51.984375,-6.3502,-1.2752,3.0442,-11.7859,3,RIGHT_MI
13309,51.98828125,-5.9433,5.3261,-1.3222,-5.3717,3,RIGHT_MI
13310,51.9921875,-4.3592,0.8964,-4.7791,-11.4149,3,RIGHT_MI
13311,51.99609375,-5.2109,-3.5493,-1.3904,0.4879,3,RIGHT_MI
13312,52.0,-8.0393,2.6632,-4.6933,-2.4892,3,RIGHT_MI
13313,52.00390625,1.9527,-0.6204,-1.2184,0.621,3,RIGHT_MI
13314,52.0078125,-3.0101,0.9775,-4.0393,2.6382,3,RIGHT_MI
13315,52.01171875,5.3487,2.1039,-0.8538,6.3161,3,RIGHT_MI
13316,52.015625,-0.3481,3.2261,-2.3094,4.6195,3,RIGHT_MI
13317,52.01953125,2.8393,-0.6764,-2.8971,8.4383,3,RIGHT_MI
13318,52.0234375,3.7199,-4.3218,-1.9056,4.6078,3,RIGHT_MI
13319,52.02734375,4.0725,-8.0493,-3.0745,14.4652,3,RIGHT_MI
13320,52.03125,0.2614,-9.6112,-7.1567,1.4794,3,RIGHT_MI
13321,52.03515625,-1.1929,-3.525,-0.3301,-1.5179,3,RIGHT_MI
13322,52.0390625,2.4418,-7.9426,-4.7018,-2.3085,3,RIGHT_MI
13323,52.04296875,-4.4331,-10.7686,3.0731,-4.708,3,RIGHT_MI
13324,52.046875,-0.5825,-11.1737,2.4413,-2.7134,3,RIGHT_MI
13325,52.05078125,3.1324,-4.2612,2.679,-5.9617,3,RIGHT_MI
13326,52.0546875,1.719,-3.7148,7.9671,-4.493,3,RIGHT_MI
13327,52.05859375,4.7399,7.4101,6.1879,-4.4138,3,RIGHT_MI
13328,52.0625,0.3229,3.4588,10.2064,1.0608,3,RIGHT_MI
13329,52.06640625,3.2737,10.6901,8.1585,-1.6501,3,RIGHT_MI
13330,52.0703125,-1.5174,9.6182,8.3126,-6.024,3,RIGHT_MI
13331,52.07421875,-4.2198,11.1785,8.6552,-3.2254,3,RIGHT_MI
13332,52.078125,-1.9003,1.2401,5.1434,-7.0326,3,RIGHT_MI
13333,52.08203125,-6.1756,5.4036,2.5518,-6.6223,3,RIGHT_MI
13334,52.0859375,-3.3432,2.9817,1.7015,-6.2662,3,RIGHT_MI
13335,52.08984375,-0.1403,0.739,0.1704,-7.532,3,RIGHT_MI
13336,52.09375,-1.2,6.9253,-2.193,-5.7427,3,RIGHT_MI
13337,52.09765625,-3.5466,4.5255,0.6829,2.3854,3,RIGHT_MI
13338,52.1015625,-2.76,5.3623,-3.6394,8.8117,3,RIGHT_MI
13339,52.10546875,5.3409,2.7236,-0.0176,7.4807,3,RIGHT_MI
13340,52.109375,2.4177,3.0047,2.5769,7.6028,3,RIGHT_MI
13341,52.11328125,6.6536,2.4081,-5.5927,6.4113,3,RIGHT_MI
13342,52.1171875,2.8225,-4.2203,-6.2761,6.4137,3,RIGHT_MI
13343,52.12109375,1.4448,-3.4147,1.1029,7.8029,3,RIGHT_MI
13344,52.125,2.8879,-4.3886,-2.2978,6.7206,3,RIGHT_MI
13345,52.12890625,-2.7922,-10.3372,-3.6745,11.9782,3,RIGHT_MI
13346,52.1328125,-0.6002,-8.9827,-7.4667,4.6869,3,RIGHT_MI
13347,52.13671875,-3.5741,-8.9882,-4.6362,-0.8472,3,RIGHT_MI
13348,52.140625,0.2589,-6.6319,-6.5663,-1.2432,3,RIGHT_MI
13349,52.14453125,2.0068,-8.7623,-0.1591,-2.4843,3,RIGHT_MI
13350,52.1484375,-0.3539,0.0347,3.297,-2.6936,3,RIGHT_MI
13351,52.15234375,0.3156,-4.4502,9.3735,-1.8049,3,RIGHT_MI
13352,52.15625,5.3856,5.5166,4.0006,-5.2983,3,RIGHT_MI
13353,52.16015625,-0.447,1.4264,8.2138,0.1096,3,RIGHT_MI
13354,52.1640625,0.773,6.582,5.5488,2.7474,3,RIGHT_MI
13355,52.16796875,2.4681,8.427,6.0131,-2.8804,3,RIGHT_MI
13356,52.171875,-0.2807,3.0926,10.679,-6.435,3,RIGHT_MI
13357,52.17578125,-10.184,2.1954,7.4773,-6.8587,3,RIGHT_MI
13358,52.1796875,-6.9695,10.1807,3.9579,-6.8883,3,RIGHT_MI
13359,52.18359375,-4.7296,-1.2267,-0.9694,-4.0281,3,RIGHT_MI
13360,52.1875,-9.4033,5.2139,-2.5307,-6.822,3,RIGHT_MI
13361,52.19140625,-3.5517,2.8945,-8.5974,-1.3649,3,RIGHT_MI
13362,52.1953125,-1.4737,-3.0004,-3.2845,-2.317,3,RIGHT_MI
13363,52.19921875,-1.4467,5.5604,-1.7099,1.6313,3,RIGHT_MI
13364,52.203125,2.0749,0.4977,-3.8101,11.7296,3,RIGHT_MI
13365,52.20703125,2.323,4.2231,-2.9922,8.0465,3,RIGHT_MI
13366,52.2109375,-1.6044,-4.5098,3.5452,4.2369,3,RIGHT_MI
13367,52.21484375,2.1648,4.1675,-5.6139,7.9727,3,RIGHT_MI
13368,52.21875,8.512,-7.902,-4.0044,6.4142,3,RIGHT_MI
13369,52.22265625,2.8411,-4.0498,-2.6415,5.0787,3,RIGHT_MI
13370,52.2265625,1.5115,-6.2659,-7.5994,7.1314,3,RIGHT_MI
13371,52.23046875,5.6732,-9.3321,-2.2943,4.5404,3,RIGHT_MI
13372,52.234375,3.2386,-11.0383,-8.8644,4.9577,3,RIGHT_MI
13373,52.23828125,-4.9488,-8.3629,-4.6155,-1.8392,3,RIGHT_MI
13374,52.2421875,1.6241,-3.6361,0.5768,-1.3607,3,RIGHT_MI
13375,52.24609375,-3.4982,0.33,-0.4901,-2.7165,3,RIGHT_MI
13376,52.25,-1.241,-3.6483,-1.2714,-8.696,3,RIGHT_MI
13377,52.25390625,-3.6634,1.346,4.0658,0.4071,3,RIGHT_MI
13378,52.2578125,2.017,2.1987,6.575,-1.9682,3,RIGHT_MI
13379,52.26171875,-2.5965,5.3818,13.3341,-5.8233,3,RIGHT_MI
13380,52.265625,3.3836,10.1394,9.6013,-0.9912,3,RIGHT_MI
13381,52.26953125,0.1199,6.3839,10.0405,-4.7946,3,RIGHT_MI
13382,52.2734375,6.0703,8.3892,6.6484,-3.0503,3,RIGHT_MI
13383,52.27734375,-2.2759,5.2326,5.044,-3.6869,3,RIGHT_MI
13384,52.28125,-5.0342,0.705,1.0382,-6.8007,3,RIGHT_MI
13385,52.28515625,-9.4238,2.1954,-0.8463,-5.6076,3,RIGHT_MI
13386,52.2890625,-3.6111,-0.3815,2.2616,-2.0021,3,RIGHT_MI
13387,52.29296875,-0.464,2.5397,-1.0807,0.179,3,RIGHT_MI
13388,52.296875,-2.1008,3.0483,-2.4056,3.2898,3,RIGHT_MI
13389,52.30078125,1.8749,1.9662,-3.4774,4.3009,3,RIGHT_MI
13390,52.3046875,0.4269,-2.4817,-6.708,7.5995,3,RIGHT_MI
13391,52.30859375,1.09,5.6989,-1.2728,13.6538,3,RIGHT_MI
13392,52.3125,2.0499,-3.5463,-5.1838,5.3109,3,RIGHT_MI
13393,52.31640625,3.6289,0.1416,-5.1851,12.3421,3,RIGHT_MI
13394,52.3203125,5.0461,-4.3527,-0.4169,7.6138,3,RIGHT_MI
13395,52.32421875,4.8425,-6.5661,-9.279,0.8616,3,RIGHT_MI
13396,52.328125,-0.9638,-4.8497,-4.452,-0.7147,3,RIGHT_MI
13397,52.33203125,-2.5643,-11.3711,-7.2763,0.8418,3,RIGHT_MI
13398,52.3359375,1.8583,-7.0676,-10.6443,-4.1346,3,RIGHT_MI
13399,52.33984375,-6.4857,-7.6623,-2.634,-0.596,3,RIGHT_MI
13400,52.34375,-1.2323,-3.5051,-4.6181,-3.8468,3,RIGHT_MI
13401,52.34765625,2.784,-7.1199,-0.1284,-8.1623,3,RIGHT_MI
13402,52.3515625,-1.4722,-4.9527,0.6576,-4.1095,3,RIGHT_MI
13403,52.35546875,-1.4546,10.0286,8.529,-5.4637,3,RIGHT_MI
13404,52.359375,4.9649,0.7157,9.0126,-1.5818,3,RIGHT_MI
13405,52.36328125,1.6741,1.8321,9.0482,-0.9034,3,RIGHT_MI
13406,52.3671875,5.588,10.3351,9.1228,-0.6802,3,RIGHT_MI
13407,52.37109375,0.9254,9.6206,5.2772,-5.9656,3,RIGHT_MI
13408,52.375,0.7492,5.4346,4.5371,-3.8967,3,RIGHT_MI
13409,52.37890625,-5.7486,3.4697,3.8932,-5.4632,3,RIGHT_MI
13410,52.3828125,-1.0201,7.4614,6.1732,1.8745,3,RIGHT_MI
13411,52.38671875,-2.9081,6.327,-3.0907,6.0803,3,RIGHT_MI
13412,52.390625,-3.7709,3.2514,-3.0625,3.7448,3,RIGHT_MI
13413,52.39453125,-5.3288,6.9584,-0.0483,0.2353,3,RIGHT_MI
13414,52.3984375,2.872,-1.1777,-1.8413,2.1875,3,RIGHT_MI
13415,52.40234375,-3.2243,-0.3674,-0.7358,14.2859,3,RIGHT_MI
13416,52.40625,1.5209,-2.5059,-5.052,4.4364,3,RIGHT_MI
13417,52.41015625,7.8059,9.8834,-1.8962,15.3743,3,RIGHT_MI
13418,52.4140625,4.6872,-5.7097,-5.5043,4.157,3,RIGHT_MI
13419,52.41796875,0.3316,2.7649,-5.994,5.2931,3,RIGHT_MI
13420,52.421875,5.191,-5.0122,-0.0672,5.2036,3,RIGHT_MI
13421,52.42578125,-2.8275,-6.545,-8.823,1.5689,3,RIGHT_MI
13422,52.4296875,0.5648,-9.8791,-8.9655,-3.0072,3,RIGHT_MI
13423,52.43359375,-3.253,-8.4393,-7.5243,-2.7711,3,RIGHT_MI
13424,52.4375,-6.2088,-5.2685,-6.2627,-14.0501,3,RIGHT_MI
13425,52.44140625,-0.4092,-7.5671,-6.1888,-5.2645,3,RIGHT_MI
13426,52.4453125,0.3559,-6.2349,-7.799,-7.9332,3,RIGHT_MI
13427,52.44921875,-0.6059,3.2205,6.6329,-2.4073,3,RIGHT_MI
13428,52.453125,2.1516,4.9269,0.6667,-2.5513,3,RIGHT_MI
13429,52.45703125,-3.809,9.9032,5.8465,-4.2168,3,RIGHT_MI
13430,52.4609375,4.5262,7.42,5.6381,-0.2374,3,RIGHT_MI
13431,52.46484375,1.5699,9.7745,10.2833,4.4828,3,RIGHT_MI
13432,52.46875,-1.2084,9.2128,8.5896,-5.4394,3,RIGHT_MI
13433,52.47265625,-6.2678,9.3844,6.3053,-7.5189,3,RIGHT_MI
13434,52.4765625,-3.2911,5.5098,3.3623,1.4228,3,RIGHT_MI
13435,52.48046875,-3.9559,6.1725,3.6699,1.9625,3,RIGHT_MI
13436,52.484375,-6.9244,6.5749,-1.9026,2.2619,3,RIGHT_MI
13437,52.48828125,-6.5326,-2.8452,0.7412,3.8472,3,RIGHT_MI
13438,52.4921875,-2.3335,1.0682,-0.2823,8.0942,3,RIGHT_MI
13439,52.49609375,-2.9186,0.1151,8.498,3.2738,3,RIGHT_MI
13440,52.5,-6.3179,-1.7271,0.2758,-3.7836,3,RIGHT_MI
13441,52.50390625,5.997,-0.7745,5.1492,13.2269,3,RIGHT_MI
13442,52.5078125,-2.8247,1.8109,1.9722,6.0224,3,RIGHT_MI
13443,52.51171875,3.6149,-2.578,-0.6414,8.6359,3,RIGHT_MI
13444,52.515625,0.947,0.2136,-0.9875,2.5848,3,RIGHT_MI
13445,52.51953125,-3.3734,-6.7507,-2.7546,-1.3407,3,RIGHT_MI
13446,52.5234375,1.094,-6.9572,-4.7432,3.8468,3,RIGHT_MI
13447,52.52734375,0.5763,-4.6918,-14.1419,-1.4746,3,RIGHT_MI
13448,52.53125,-5.4309,-8.9155,-5.9079,-4.4681,3,RIGHT_MI
13449,52.53515625,0.5485,-8.3901,-11.3089,-5.1622,3,RIGHT_MI
13450,52.5390625,-2.7327,-5.2719,-3.3958,-8.2785,3,RIGHT_MI
13451,52.54296875,-5.4091,-2.7091,-0.8594,-6.2013,3,RIGHT_MI
13452,52.546875,-0.3117,-0.751,-2.4343,-4.5799,3,RIGHT_MI
13453,52.55078125,2.4028,1.9279,3.9755,-5.6263,3,RIGHT_MI
13454,52.5546875,0.6124,6.2848,0.8744,0.0721,3,RIGHT_MI
13455,52.55859375,1.9849,6.4066,-0.0968,-4.1891,3,RIGHT_MI
13456,52.5625,5.1251,7.2999,7.3386,5.5654,3,RIGHT_MI
13457,52.56640625,-5.7813,7.6578,6.7705,4.3947,3,RIGHT_MI
13458,52.5703125,1.7784,5.4334,4.6378,2.9243,3,RIGHT_MI
13459,52.57421875,1.6734,6.2746,10.9409,10.4371,3,RIGHT_MI
13460,52.578125,-0.8277,5.4684,6.0721,0.4207,3,RIGHT_MI
13461,52.58203125,-1.265,0.991,1.1608,3.0646,3,RIGHT_MI
13462,52.5859375,-4.2221,4.5838,2.4878,2.2268,3,RIGHT_MI
13463,52.58984375,-5.0222,4.3469,-1.1848,-3.4119,3,RIGHT_MI
13464,52.59375,-3.335,-1.7604,-3.5231,3.5966,3,RIGHT_MI
13465,52.59765625,-0.9606,-3.1943,1.7129,4.8521,3,RIGHT_MI
13466,52.6015625,4.8344,-1.0319,-1.9559,5.8942,3,RIGHT_MI
13467,52.60546875,3.8633,-2.0976,-0.6123,12.0318,3,RIGHT_MI
13468,52.609375,7.3714,-0.8129,1.2742,13.8274,3,RIGHT_MI
13469,52.61328125,3.6749,-5.2093,1.1157,3.6339,3,RIGHT_MI
13470,52.6171875,10.023,-6.2929,0.5399,4.3778,3,RIGHT_MI
13471,52.62109375,7.3496,-5.0158,-8.9555,1.5531,3,RIGHT_MI
13472,52.625,0.6912,-6.0532,-8.7476,-2.6925,3,RIGHT_MI
13473,52.62890625,4.1201,-5.3791,-7.6287,-6.2806,3,RIGHT_MI
13474,52.6328125,-1.2338,-8.7149,-9.6821,-7.1843,3,RIGHT_MI
13475,52.63671875,2.2691,-2.971,-5.456,-1.9163,3,RIGHT_MI
13476,52.640625,-2.8486,-2.3214,-6.207,-7.8672,3,RIGHT_MI
13477,52.64453125,1.3156,-4.1329,-6.9824,-7.5655,3,RIGHT_MI
13478,52.6484375,-0.0834,2.4634,-5.3531,-6.2591,3,RIGHT_MI
13479,52.65234375,1.5903,2.8814,-1.7954,1.588,3,RIGHT_MI
13480,52.65625,0.3731,11.0523,4.1468,-1.2691,3,RIGHT_MI
13481,52.66015625,3.0721,6.7272,12.6352,-1.2208,3,RIGHT_MI
13482,52.6640625,1.4708,8.9113,10.4718,9.7729,3,RIGHT_MI
13483,52.66796875,2.5446,7.1526,5.3329,0.9893,3,RIGHT_MI
13484,52.671875,-5.1379,3.1862,12.6752,1.004,3,RIGHT_MI
13485,52.67578125,-3.6023,4.8627,2.2547,0.6747,3,RIGHT_MI
13486,52.6796875,-3.7336,0.1925,10.7307,1.6867,3,RIGHT_MI
13487,52.68359375,-5.7052,0.2507,4.0186,-1.9067,3,RIGHT_MI
13488,52.6875,0.5957,-0.2924,4.0705,2.1798,3,RIGHT_MI
13489,52.69140625,-1.1382,-8.0401,3.9983,8.4749,3,RIGHT_MI
13490,52.6953125,-3.3728,-2.3702,3.2655,5.8078,3,RIGHT_MI
13491,52.69921875,-1.194,-5.2953,-1.0044,6.0633,3,RIGHT_MI
13492,52.703125,3.9248,-2.3909,-2.4471,3.5162,3,RIGHT_MI
13493,52.70703125,4.7318,2.8075,-0.6579,5.5706,3,RIGHT_MI
13494,52.7109375,6.2035,-0.1169,-1.1454,1.0673,3,RIGHT_MI
13495,52.71484375,3.6355,1.1653,-6.2443,-1.4479,3,RIGHT_MI
13496,52.71875,4.6541,-7.3725,-2.9333,-3.2565,3,RIGHT_MI
13497,52.72265625,1.1502,-4.8704,-3.9221,-0.5612,3,RIGHT_MI
13498,52.7265625,-0.1557,-8.5903,-7.2759,-4.7768,3,RIGHT_MI
13499,52.73046875,0.6321,-7.6027,-4.4931,-11.9678,3,RIGHT_MI
13500,52.734375,-4.2396,-9.9912,-7.3599,-8.7766,3,RIGHT_MI
13501,52.73828125,-0.5381,-3.7312,-12.9148,-7.686,3,RIGHT_MI
13502,52.7421875,-5.2682,-5.5583,-6.091,-7.8609,3,RIGHT_MI
13503,52.74609375,-5.7178,-0.0886,-2.6076,-3.033,3,RIGHT_MI
13504,52.75,0.8381,2.795,-4.3225,-6.3148,3,RIGHT_MI
13505,52.75390625,4.1419,5.9377,-1.2705,-6.7395,3,RIGHT_MI
13506,52.7578125,0.1201,3.5364,5.7635,6.9199,3,RIGHT_MI
13507,52.76171875,-1.0297,8.8464,5.9129,-1.6806,3,RIGHT_MI
13508,52.765625,-3.3215,8.0192,4.3893,3.7091,3,RIGHT_MI
13509,52.76953125,-3.9111,4.7648,6.1012,9.4667,3,RIGHT_MI
13510,52.7734375,-5.0956,12.1355,5.1179,-0.6808,3,RIGHT_MI
13511,52.77734375,-1.1781,1.2442,-0.2062,11.1038,3,RIGHT_MI
13512,52.78125,-5.7639,-1.0456,2.5183,3.4876,3,RIGHT_MI
13513,52.78515625,-3.0568,-7.0171,3.2354,-2.3691,3,RIGHT_MI
13514,52.7890625,4.6461,1.9926,4.3845,2.7735,3,RIGHT_MI
13515,52.79296875,-0.6418,-0.908,-0.0216,2.6,3,RIGHT_MI
13516,52.796875,-3.985,-0.838,-3.9651,6.3763,3,RIGHT_MI
13517,52.80078125,2.883,-3.1156,3.7142,7.0752,3,RIGHT_MI
13518,52.8046875,3.5736,-0.0648,5.2961,8.1289,3,RIGHT_MI
13519,52.80859375,-1.2367,-7.9581,6.4197,8.8903,3,RIGHT_MI
13520,52.8125,2.0637,-7.272,1.6498,9.5434,3,RIGHT_MI
13521,52.81640625,2.925,0.0158,-4.9634,-2.1779,3,RIGHT_MI
13522,52.8203125,1.3582,-0.9198,-3.8739,-5.7012,3,RIGHT_MI
13523,52.82421875,0.252,-6.7923,-6.9228,-6.4578,3,RIGHT_MI
13524,52.828125,-1.6249,-8.0437,-8.238,-4.8093,3,RIGHT_MI
13525,52.83203125,-0.8628,-6.2007,-7.1719,-15.8025,3,RIGHT_MI
13526,52.8359375,1.0159,-5.2669,-2.9753,-10.2511,3,RIGHT_MI
13527,52.83984375,-1.5746,-5.4762,-6.4101,-13.0455,3,RIGHT_MI
13528,52.84375,1.8481,-4.5671,-10.8512,-4.5806,3,RIGHT_MI
13529,52.84765625,-0.2382,-0.0798,-0.8227,-3.0373,3,RIGHT_MI
13530,52.8515625,-0.7273,5.5843,-4.9341,-4.622,3,RIGHT_MI
13531,52.85546875,-0.2684,9.4712,2.2092,2.0179,3,RIGHT_MI
13532,52.859375,4.1695,11.2929,1.2559,1.7368,3,RIGHT_MI
13533,52.86328125,0.9421,8.9057,2.9206,10.5525,3,RIGHT_MI
13534,52.8671875,-2.0705,5.6465,7.0108,1.4534,3,RIGHT_MI
13535,52.87109375,0.7481,7.7229,4.1591,10.5149,3,RIGHT_MI
13536,52.875,0.186,3.3297,8.5338,8.7514,3,RIGHT_MI
13537,52.87890625,-2.8529,2.0914,6.131,10.8031,3,RIGHT_MI
13538,52.8828125,-9.2139,5.3063,6.8759,0.2042,3,RIGHT_MI
13539,52.88671875,-0.0328,-1.8763,5.8611,0.2337,3,RIGHT_MI
13540,52.890625,-8.2549,2.1967,-1.3051,2.718,3,RIGHT_MI
13541,52.89453125,-2.7585,-0.4746,-0.8556,-1.175,3,RIGHT_MI
13542,52.8984375,1.2206,-4.3413,1.7304,-0.5193,3,RIGHT_MI
13543,52.90234375,1.2521,0.516,7.053,7.0076,3,RIGHT_MI
13544,52.90625,7.2382,-3.475,3.9386,6.3147,3,RIGHT_MI
13545,52.91015625,0.9096,0.3587,0.207,-0.905,3,RIGHT_MI
13546,52.9140625,7.8698,-3.0277,-0.2257,-0.5903,3,RIGHT_MI
13547,52.91796875,4.9266,-4.7247,-1.6179,1.7914,3,RIGHT_MI
13548,52.921875,5.2695,-6.4692,-1.4007,-5.1246,3,RIGHT_MI
13549,52.92578125,1.9554,-6.9505,-7.453,-2.2537,3,RIGHT_MI
13550,52.9296875,-1.4087,-8.0653,-5.0068,-8.6115,3,RIGHT_MI
13551,52.93359375,-3.1849,-5.2141,-7.8899,-12.3579,3,RIGHT_MI
13552,52.9375,-5.4096,-1.3229,-5.9983,-7.2859,3,RIGHT_MI
13553,52.94140625,-7.9185,-0.5798,-14.1376,-5.1286,3,RIGHT_MI
13554,52.9453125,-2.8822,-1.8577,-4.3932,-6.3889,3,RIGHT_MI
13555,52.94921875,-1.3877,1.1164,-6.7373,-1.2443,3,RIGHT_MI
13556,52.953125,-4.3648,7.0609,-3.7184,6.8908,3,RIGHT_MI
13557,52.95703125,-1.8286,7.0193,0.1551,0.4451,3,RIGHT_MI
13558,52.9609375,-6.0573,11.0386,3.9752,7.9015,3,RIGHT_MI
13559,52.96484375,-3.6315,7.7723,-0.9269,6.1678,3,RIGHT_MI
13560,52.96875,-1.0071,6.2865,4.3608,5.6782,3,RIGHT_MI
13561,52.97265625,3.0792,5.2191,8.0879,4.8399,3,RIGHT_MI
13562,52.9765625,0.6703,10.0447,12.7204,7.5446,3,RIGHT_MI
13563,52.98046875,-1.8783,-0.0562,7.2987,-1.8095,3,RIGHT_MI
13564,52.984375,-3.2604,1.5429,0.0526,4.5099,3,RIGHT_MI
13565,52.98828125,-10.1696,-2.8055,6.8293,3.2296,3,RIGHT_MI
13566,52.9921875,-2.819,-4.2035,-0.8136,0.9073,3,RIGHT_MI
13567,52.99609375,-1.0401,-3.55,3.655,4.9227,3,RIGHT_MI
13568,53.0,0.5395,-0.8016,6.594,-4.6391,3,RIGHT_MI
13569,53.00390625,7.6166,-4.0602,1.761,3.863,3,RIGHT_MI
13570,53.0078125,4.8402,-0.5834,3.9574,3.4865,3,RIGHT_MI
13571,53.01171875,4.0315,-3.7266,6.7241,-1.2698,3,RIGHT_MI
13572,53.015625,4.4843,-6.4354,2.604,-3.8599,3,RIGHT_MI
13573,53.01953125,-0.5485,-0.4476,-2.0057,-3.7912,3,RIGHT_MI
13574,53.0234375,-2.9412,-4.0057,-2.6783,-6.2446,3,RIGHT_MI
13575,53.02734375,6.1674,-6.4469,-10.0689,-5.1993,3,RIGHT_MI
13576,53.03125,-5.1941,-6.0311,-5.6826,-8.8746,3,RIGHT_MI
13577,53.03515625,-0.3462,-9.2469,-9.2617,-3.7933,3,RIGHT_MI
13578,53.0390625,-0.6804,-2.3151,-9.978,-3.7576,3,RIGHT_MI
13579,53.04296875,1.9335,0.6339,-14.7084,-6.9293,3,RIGHT_MI
13580,53.046875,-0.2861,5.6271,-12.6151,-1.8759,3,RIGHT_MI
13581,53.05078125,4.1006,0.3048,-1.6981,5.1153,3,RIGHT_MI
13582,53.0546875,-0.0157,5.3076,-0.4983,4.0414,3,RIGHT_MI
13583,53.05859375,1.1031,5.5407,-0.7093,10.3929,3,RIGHT_MI
13584,53.0625,-0.2146,7.9946,5.8663,10.1827,3,RIGHT_MI
13585,53.06640625,0.8762,8.167,6.0598,6.0344,3,RIGHT_MI
13586,53.0703125,2.4653,7.9879,8.2609,7.8969,3,RIGHT_MI
13587,53.07421875,-1.8682,5.4047,8.2703,5.7402,3,RIGHT_MI
13588,53.078125,-4.4142,5.3907,-1.1708,4.2351,3,RIGHT_MI
13589,53.08203125,-2.976,0.5947,2.4595,1.6894,3,RIGHT_MI
13590,53.0859375,-2.4941,-8.5558,-1.1211,-0.3764,3,RIGHT_MI
13591,53.08984375,-7.9359,-2.3745,4.3804,5.3833,3,RIGHT_MI
13592,53.09375,-3.9557,-2.0898,0.9618,-1.4385,3,RIGHT_MI
13593,53.09765625,-2.1877,-6.4053,5.1275,-3.6426,3,RIGHT_MI
13594,53.1015625,0.7732,-4.2595,5.0761,1.7755,3,RIGHT_MI
13595,53.10546875,3.0104,-5.0486,8.2057,-6.4218,3,RIGHT_MI
13596,53.109375,1.4294,-3.4322,1.8066,-3.54,3,RIGHT_MI
13597,53.11328125,4.2387,0.5428,2.6509,0.4441,3,RIGHT_MI
13598,53.1171875,3.9918,-4.943,-7.7988,-6.319,3,RIGHT_MI
13599,53.12109375,3.864,-3.0657,2.7898,-2.4769,3,RIGHT_MI
13600,53.125,4.3404,-1.7303,-5.1807,-4.5786,3,RIGHT_MI
13601,53.12890625,0.1659,-6.7206,-12.7856,-8.941,3,RIGHT_MI
13602,53.1328125,-1.1631,-2.9813,-12.6565,-4.9231,3,RIGHT_MI
13603,53.13671875,-4.3635,-5.2856,-6.1582,-0.9097,3,RIGHT_MI
13604,53.140625,-0.2943,-3.917,-10.5416,-6.6649,3,RIGHT_MI
13605,53.14453125,-4.2209,1.9229,-8.5698,-1.9297,3,RIGHT_MI
13606,53.1484375,-2.6599,1.6937,-5.9833,-2.8896,3,RIGHT_MI
13607,53.15234375,2.364,6.8482,-4.374,-0.7195,3,RIGHT_MI
13608,53.15625,2.4127,4.9815,-0.4921,11.1686,3,RIGHT_MI
13609,53.16015625,-0.4226,8.3202,-0.5823,8.0028,3,RIGHT_MI
13610,53.1640625,3.1239,8.9768,6.0749,6.3686,3,RIGHT_MI
13611,53.16796875,-0.7293,10.3851,4.871,3.2963,3,RIGHT_MI
13612,53.171875,1.9517,4.4086,6.0993,8.5135,3,RIGHT_MI
13613,53.17578125,-2.5433,4.2125,4.0243,2.7017,3,RIGHT_MI
13614,53.1796875,-6.5392,-3.1286,6.1163,3.2294,3,RIGHT_MI
13615,53.18359375,-5.3685,5.346,2.0736,-2.0496,3,RIGHT_MI
13616,53.1875,-6.2684,-1.2481,2.0111,-2.3691,3,RIGHT_MI
13617,53.19140625,-3.6684,-2.9257,5.1912,-2.3193,3,RIGHT_MI
13618,53.1953125,0.1488,-6.5409,4.9149,-0.0447,3,RIGHT_MI
13619,53.19921875,-3.4967,1.0791,1.7593,-3.9393,3,RIGHT_MI
13620,53.203125,1.5362,-3.596,5.7501,-4.8136,3,RIGHT_MI
13621,53.20703125,-0.8392,-2.5567,4.3585,-4.8143,3,RIGHT_MI
13622,53.2109375,5.0914,-4.6979,2.802,-3.8318,3,RIGHT_MI
13623,53.21484375,9.1614,-7.7809,4.8101,3.4451,3,RIGHT_MI
13624,53.21875,5.8414,-6.9007,-0.0596,-5.7172,3,RIGHT_MI
13625,53.22265625,6.8664,-3.4986,0.7763,-5.1556,3,RIGHT_MI
13626,53.2265625,3.6899,0.6173,-6.9718,-7.6446,3,RIGHT_MI
13627,53.23046875,-3.2927,-2.2911,-7.1647,-8.057,3,RIGHT_MI
13628,53.234375,1.2624,1.0919,-9.8814,-7.4207,3,RIGHT_MI
13629,53.23828125,-6.248,-0.522,-11.2477,-3.4794,3,RIGHT_MI
13630,53.2421875,2.2048,-2.0223,-10.9436,1.4476,3,RIGHT_MI
13631,53.24609375,-8.2357,4.9576,-4.7935,-0.6667,3,RIGHT_MI
13632,53.25,5.9848,6.4087,-3.1779,7.1373,3,RIGHT_MI
13633,53.25390625,-0.6416,6.752,-3.9872,4.0034,3,RIGHT_MI
13634,53.2578125,4.4119,7.9101,-0.6496,7.4805,3,RIGHT_MI
13635,53.26171875,3.589,9.2694,5.1344,13.4671,3,RIGHT_MI
13636,53.265625,-0.6545,8.8716,3.7952,6.3933,3,RIGHT_MI
13637,53.26953125,3.8104,8.3807,-3.4152,3.5993,3,RIGHT_MI
13638,53.2734375,0.6416,0.965,3.9674,2.7963,3,RIGHT_MI
13639,53.27734375,-1.2781,-1.8028,5.1262,-2.359,3,RIGHT_MI
13640,53.28125,1.7727,0.8623,3.2092,-2.9132,3,RIGHT_MI
13641,53.28515625,-2.7527,-2.7151,5.0551,-1.5866,3,RIGHT_MI
13642,53.2890625,-3.1674,-5.5824,2.9466,-8.3785,3,RIGHT_MI
13643,53.29296875,-3.0192,-7.2531,2.8002,-10.3356,3,RIGHT_MI
13644,53.296875,1.5431,-8.2366,4.433,1.3735,3,RIGHT_MI
13645,53.30078125,-5.0733,-6.123,3.0552,-7.566,3,RIGHT_MI
13646,53.3046875,0.0092,-0.1733,5.4312,-1.6163,3,RIGHT_MI
13647,53.30859375,3.5601,-9.3077,2.8473,-3.1177,3,RIGHT_MI
13648,53.3125,4.7779,-1.5545,5.0781,0.996,3,RIGHT_MI
13649,53.31640625,8.9848,3.1314,1.3521,-1.9234,3,RIGHT_MI
13650,53.3203125,3.1418,-5.5063,-2.2898,-4.8485,3,RIGHT_MI
13651,53.32421875,0.976,-6.4648,-2.3565,0.2727,3,RIGHT_MI
13652,53.328125,1.1718,-10.5248,-5.1882,-4.3485,3,RIGHT_MI
13653,53.33203125,3.2285,-1.762,-10.2492,-1.1199,3,RIGHT_MI
13654,53.3359375,-2.6355,0.9481,-6.1413,-4.6927,3,RIGHT_MI
13655,53.33984375,-2.4001,-5.7849,-9.4096,4.99,3,RIGHT_MI
13656,53.34375,-0.8831,1.0407,-10.203,3.8263,3,RIGHT_MI
13657,53.34765625,1.8992,5.0118,-9.5143,-2.1654,3,RIGHT_MI
13658,53.3515625,1.34,3.6395,-2.334,8.4975,3,RIGHT_MI
13659,53.35546875,1.7409,7.9504,-4.5773,5.1243,3,RIGHT_MI
13660,53.359375,-1.5589,8.2319,-5.6283,5.8702,3,RIGHT_MI
13661,53.36328125,-0.5216,6.2738,3.9055,7.3721,3,RIGHT_MI
13662,53.3671875,4.128,8.4894,4.026,1.3668,3,RIGHT_MI
13663,53.37109375,0.7674,0.406,-0.971,6.935,3,RIGHT_MI
13664,53.375,-8.6776,7.3355,-1.8709,1.8293,3,RIGHT_MI
13665,53.37890625,-4.8215,1.0131,-0.0193,-3.7394,3,RIGHT_MI
13666,53.3828125,-2.9481,-6.5451,1.8661,0.5162,3,RIGHT_MI
13667,53.38671875,-4.9172,-6.9005,7.9054,-1.1961,3,RIGHT_MI
13668,53.390625,-1.1951,-10.087,-2.1292,-9.8382,3,RIGHT_MI
13669,53.39453125,0.4972,-10.1084,3.9845,-5.6178,3,RIGHT_MI
13670,53.3984375,2.0529,-1.8651,10.0185,-5.6005,3,RIGHT_MI
13671,53.40234375,-0.2741,-2.6948,2.6632,-6.5905,3,RIGHT_MI
13672,53.40625,4.8726,-0.3488,10.8775,-5.3443,3,RIGHT_MI
13673,53.41015625,5.2664,-4.4268,5.5735,3.5195,3,RIGHT_MI
13674,53.4140625,5.5346,-0.4329,3.1199,0.9026,3,RIGHT_MI
13675,53.41796875,7.5629,-5.1997,-1.9795,0.4738,3,RIGHT_MI
13676,53.421875,4.884,-7.7999,1.7141,-2.3826,3,RIGHT_MI
13677,53.42578125,-1.4225,-8.7343,-1.7566,0.152,3,RIGHT_MI
13678,53.4296875,0.6035,-3.3678,-11.2641,-4.1498,3,RIGHT_MI
13679,53.43359375,-3.0322,-1.9258,-1.7003,5.4348,3,RIGHT_MI
13680,53.4375,-0.9313,2.2567,-9.4546,0.1173,3,RIGHT_MI
13681,53.44140625,0.2701,5.246,-8.8294,-1.5164,3,RIGHT_MI
13682,53.4453125,-3.1544,-0.914,-8.8992,3.9766,3,RIGHT_MI
13683,53.44921875,-3.3523,2.9198,-5.1623,6.8774,3,RIGHT_MI
13684,53.453125,2.7815,10.845,-3.7056,9.8856,3,RIGHT_MI
13685,53.45703125,-1.9071,7.3374,-10.2199,4.961,3,RIGHT_MI
13686,53.4609375,3.4767,5.9093,-7.5802,6.8059,3,RIGHT_MI
13687,53.46484375,0.7975,4.3705,-2.8262,0.2826,3,RIGHT_MI
13688,53.46875,-0.0693,7.2133,-1.4229,4.6469,3,RIGHT_MI
13689,53.47265625,-2.7627,4.2872,1.9568,1.7363,3,RIGHT_MI
13690,53.4765625,-1.0259,-0.9769,3.487,-2.628,3,RIGHT_MI
13691,53.48046875,0.958,3.7592,-3.2719,-6.0242,3,RIGHT_MI
13692,53.484375,-5.0535,-1.0476,5.0168,-13.6299,3,RIGHT_MI
13693,53.48828125,-1.8549,-9.8732,1.8641,-5.214,3,RIGHT_MI
13694,53.4921875,-3.296,-6.6928,-4.5029,-6.7803,3,RIGHT_MI
13695,53.49609375,-1.7397,-4.4759,7.2852,-10.6061,3,RIGHT_MI
13696,53.5,1.4132,-5.1701,6.1793,-9.8009,3,RIGHT_MI
13697,53.50390625,0.8578,-5.9577,3.8643,-5.3941,3,RIGHT_MI
13698,53.5078125,6.6771,-0.8516,10.2155,-4.8129,3,RIGHT_MI
13699,53.51171875,7.2509,-3.7592,9.2254,2.4333,3,RIGHT_MI
13700,53.515625,3.3222,2.2401,-5.9364,1.1588,3,RIGHT_MI
13701,53.51953125,0.1884,2.1008,4.2999,-0.4146,3,RIGHT_MI
13702,53.5234375,2.6482,0.395,2.5647,-3.2377,3,RIGHT_MI
13703,53.52734375,0.0266,-3.7654,-1.2864,1.4272,3,RIGHT_MI
13704,53.53125,-1.4391,-4.1696,-4.2283,3.5409,3,RIGHT_MI
13705,53.53515625,-0.8916,-2.2431,-14.5763,-2.224,3,RIGHT_MI
13706,53.5390625,2.0126,-0.3331,-9.7758,5.5383,3,RIGHT_MI
13707,53.54296875,-0.6944,1.9868,-3.2509,6.7012,3,RIGHT_MI
13708,53.546875,1.5441,7.0534,-7.6521,6.5701,3,RIGHT_MI
13709,53.55078125,2.7261,9.2121,-4.8837,5.0225,3,RIGHT_MI
13710,53.5546875,-1.2194,8.6367,-6.8248,7.5194,3,RIGHT_MI
13711,53.55859375,6.8511,4.5559,-0.9117,3.7657,3,RIGHT_MI
13712,53.5625,3.4996,12.4195,-1.4928,7.4797,3,RIGHT_MI
13713,53.56640625,-2.5419,8.6359,-0.8795,1.8575,3,RIGHT_MI
13714,53.5703125,2.3511,5.983,0.0657,2.2219,3,RIGHT_MI
13715,53.57421875,-8.0406,-0.3012,6.9346,1.4032,3,RIGHT_MI
13716,53.578125,-8.136,-3.7289,3.9665,-4.8706,3,RIGHT_MI
13717,53.58203125,-8.8302,-3.6882,-3.3078,-4.2993,3,RIGHT_MI
13718,53.5859375,-1.0376,1.5256,1.1691,-4.1351,3,RIGHT_MI
13719,53.58984375,-1.3382,-9.629,5.6899,-8.6233,3,RIGHT_MI
13720,53.59375,-0.0081,-11.6414,7.9404,-7.2589,3,RIGHT_MI
13721,53.59765625,-3.074,-5.7356,3.8708,-4.6777,3,RIGHT_MI
13722,53.6015625,-0.152,-6.1399,9.2299,-7.0256,3,RIGHT_MI
13723,53.60546875,3.4988,-4.3998,6.4416,-3.3365,3,RIGHT_MI
13724,53.609375,6.5842,-1.8165,12.1797,6.1819,3,RIGHT_MI
13725,53.61328125,5.8597,-2.2495,8.357,1.4329,3,RIGHT_MI
13726,53.6171875,5.1692,2.9543,-0.5289,1.3849,3,RIGHT_MI
13727,53.62109375,4.3529,0.4816,5.6331,7.4217,3,RIGHT_MI
13728,53.625,3.3032,-1.567,3.666,2.8014,3,RIGHT_MI
13729,53.62890625,0.8415,4.952,-9.9353,2.7902,3,RIGHT_MI
13730,53.6328125,-2.5441,-2.1979,-3.4701,6.8795,3,RIGHT_MI
13731,53.63671875,-1.8658,-0.7038,-5.1561,1.4458,3,RIGHT_MI
13732,53.640625,-1.1856,3.4344,-7.147,2.4027,3,RIGHT_MI
13733,53.64453125,0.5236,6.0314,-9.439,1.0516,3,RIGHT_MI
13734,53.6484375,-2.9781,7.6619,-5.2296,6.0122,3,RIGHT_MI
13735,53.65234375,-1.7243,7.3166,-0.9728,9.7501,3,RIGHT_MI
13736,53.65625,2.8493,7.657,-0.6979,6.8999,3,RIGHT_MI
13737,53.66015625,0.613,6.8661,0.463,4.5741,3,RIGHT_MI
13738,53.6640625,1.9371,6.4329,-0.5242,2.6376,3,RIGHT_MI
13739,53.66796875,0.9764,0.5638,-1.6177,5.3645,3,RIGHT_MI
13740,53.671875,-4.8642,5.2825,-2.411,-4.1268,3,RIGHT_MI
13741,53.67578125,1.7087,-1.1726,-1.5668,0.991,3,RIGHT_MI
13742,53.6796875,-4.5975,-4.3008,-0.0489,-8.5204,3,RIGHT_MI
13743,53.68359375,-3.5248,-2.8111,4.8553,-13.4589,3,RIGHT_MI
13744,53.6875,-2.614,-5.6932,3.0117,-2.7035,3,RIGHT_MI
13745,53.69140625,-11.6814,-8.2547,5.5451,-10.5953,3,RIGHT_MI
13746,53.6953125,-2.2965,-8.511,7.2565,-6.0943,3,RIGHT_MI
13747,53.69921875,0.5188,-3.2234,4.7257,-6.555,3,RIGHT_MI
13748,53.703125,2.6771,-9.9443,5.8516,-2.4598,3,RIGHT_MI
13749,53.70703125,5.0629,-6.3495,3.539,-1.2443,3,RIGHT_MI
13750,53.7109375,-0.2617,-2.7221,7.8507,1.2113,3,RIGHT_MI
13751,53.71484375,6.8312,-3.6031,7.6062,3.803,3,RIGHT_MI
13752,53.71875,4.2478,2.767,7.8947,4.4461,3,RIGHT_MI
13753,53.72265625,-1.7905,3.7619,0.867,4.9737,3,RIGHT_MI
13754,53.7265625,1.8591,-0.7435,-9.4663,0.3517,3,RIGHT_MI
13755,53.73046875,5.4387,-3.924,-0.9697,3.949,3,RIGHT_MI
13756,53.734375,-0.3642,0.2745,-3.6466,-0.8379,3,RIGHT_MI
13757,53.73828125,-0.0616,1.5225,-8.4878,1.4035,3,RIGHT_MI
13758,53.7421875,1.8256,5.311,-5.109,3.2151,3,RIGHT_MI
13759,53.74609375,-1.2759,2.616,-11.2173,4.9476,3,RIGHT_MI
13760,53.75,7.4902,1.9011,-7.9829,6.3287,3,RIGHT_MI
13761,53.75390625,-0.0984,10.8825,-2.9538,3.5757,3,RIGHT_MI
13762,53.7578125,2.3533,2.2547,-1.4694,1.2947,3,RIGHT_MI
13763,53.76171875,0.9099,4.3155,-4.1493,1.3201,3,RIGHT_MI
13764,53.765625,-3.9558,7.4127,-1.4498,3.3137,3,RIGHT_MI
13765,53.76953125,-1.2864,9.6099,0.0125,-0.1183,3,RIGHT_MI
13766,53.7734375,-5.4444,3.4396,-4.3099,-5.0701,3,RIGHT_MI
13767,53.77734375,-2.7164,-0.2485,0.3206,-1.5447,3,RIGHT_MI
13768,53.78125,0.6813,-5.5066,-3.7038,-7.6454,3,RIGHT_MI
13769,53.78515625,-3.3856,-5.4634,2.3129,-12.7203,3,RIGHT_MI
13770,53.7890625,-7.9589,-7.8315,0.9781,-6.1742,3,RIGHT_MI
13771,53.79296875,-8.5191,-5.2299,6.5981,-10.9019,3,RIGHT_MI
13772,53.796875,0.07,-8.6362,7.1332,-6.2817,3,RIGHT_MI
13773,53.80078125,0.0033,-1.2899,5.2545,-1.6508,3,RIGHT_MI
13774,53.8046875,-0.1487,-4.8493,11.6056,3.7399,3,RIGHT_MI
13775,53.80859375,5.1898,0.5198,4.9919,5.9204,3,RIGHT_MI
13776,53.8125,7.6712,-0.443,10.2346,3.7094,3,RIGHT_MI
13777,53.81640625,2.9331,1.4648,4.4341,1.7432,3,RIGHT_MI
13778,53.8203125,1.1166,2.7898,2.7644,3.0603,3,RIGHT_MI
13779,53.82421875,5.3637,-0.7427,6.7895,2.7279,3,RIGHT_MI
13780,53.828125,2.2709,3.0305,-1.304,5.5168,3,RIGHT_MI
13781,53.83203125,2.275,-2.1917,-3.0224,-0.0359,3,RIGHT_MI
13782,53.8359375,-0.5274,-0.91,-7.2386,-0.6994,3,RIGHT_MI
13783,53.83984375,1.2016,0.4459,-6.8407,7.6399,3,RIGHT_MI
13784,53.84375,-1.5082,2.8967,-7.5799,2.2657,3,RIGHT_MI
13785,53.84765625,-0.3464,2.3874,-8.2133,-1.4214,3,RIGHT_MI
13786,53.8515625,6.9202,4.4422,-3.8058,-3.0518,3,RIGHT_MI
13787,53.85546875,2.7727,1.4986,-2.88,4.7939,3,RIGHT_MI
13788,53.859375,-1.4731,6.8864,-8.1122,5.8971,3,RIGHT_MI
13789,53.86328125,-5.4651,6.4697,-4.6829,-2.1323,3,RIGHT_MI
13790,53.8671875,-2.2161,5.5279,-0.9936,-1.751,3,RIGHT_MI
13791,53.87109375,-3.4969,2.8598,2.0105,-3.3031,3,RIGHT_MI
13792,53.875,-0.7262,-3.9049,-0.4802,-6.9343,3,RIGHT_MI
13793,53.87890625,-0.5288,-2.2566,0.481,-13.1626,3,RIGHT_MI
13794,53.8828125,-3.3267,-6.7166,-0.2722,-4.4063,3,RIGHT_MI
13795,53.88671875,-3.0261,-13.6491,-3.4015,-3.4336,3,RIGHT_MI
13796,53.890625,-4.1955,-4.4487,1.3558,-7.7145,3,RIGHT_MI
13797,53.89453125,2.6307,-4.9867,4.0934,-7.3913,3,RIGHT_MI
13798,53.8984375,-3.8107,-8.7291,6.0281,-2.0169,3,RIGHT_MI
13799,53.90234375,-0.5216,-3.8946,5.4277,-6.5202,3,RIGHT_MI
13800,53.90625,4.1803,-1.5422,8.3632,3.7546,3,RIGHT_MI
13801,53.91015625,7.3464,-2.3078,6.5652,7.0046,3,RIGHT_MI
13802,53.9140625,5.3799,4.9336,8.6828,3.9301,3,RIGHT_MI
13803,53.91796875,4.5851,6.3111,7.6178,5.9963,3,RIGHT_MI
13804,53.921875,1.4017,4.7903,3.5912,4.0485,3,RIGHT_MI
13805,53.92578125,2.6382,0.7238,3.1883,6.8058,3,RIGHT_MI
13806,53.9296875,-2.1822,-0.839,-6.2747,9.6161,3,RIGHT_MI
13807,53.93359375,-0.697,0.4509,-3.6013,-0.2728,3,RIGHT_MI
13808,53.9375,-0.0398,2.8724,-3.7933,-0.5899,3,RIGHT_MI
13809,53.94140625,-1.5622,5.513,-9.6565,2.3396,3,RIGHT_MI
13810,53.9453125,-2.3271,6.6129,-7.7816,0.5347,3,RIGHT_MI
13811,53.94921875,1.6859,12.3091,-5.8895,2.1771,3,RIGHT_MI
13812,53.953125,0.9837,6.3221,-6.9138,-5.6169,3,RIGHT_MI
13813,53.95703125,-6.0792,4.2206,1.6385,2.7594,3,RIGHT_MI
13814,53.9609375,2.4737,0.7697,-6.5639,-0.8889,3,RIGHT_MI
13815,53.96484375,3.2879,-1.0948,-3.202,-0.3891,3,RIGHT_MI
13816,53.96875,-5.5428,-1.1872,-1.4164,-0.2611,3,RIGHT_MI
13817,53.97265625,-3.5483,-0.0502,-1.0387,-0.1783,3,RIGHT_MI
13818,53.9765625,0.1706,-4.5822,1.1405,-1.0069,3,RIGHT_MI
13819,53.98046875,-6.1123,-5.2727,-2.3712,-4.5999,3,RIGHT_MI
13820,53.984375,-4.2956,-8.6446,-2.8537,-12.9567,3,RIGHT_MI
13821,53.98828125,-5.6118,-10.2426,-2.1283,-8.1588,3,RIGHT_MI
13822,53.9921875,-3.608,-8.3057,5.5592,-4.4666,3,RIGHT_MI
13823,53.99609375,-3.4884,-9.437,2.3909,2.4426,3,RIGHT_MI
13824,54.0,-2.6082,-8.8325,10.9765,5.6217,3,RIGHT_MI
13825,54.00390625,0.579,-3.6856,7.6166,3.7877,3,RIGHT_MI
13826,54.0078125,3.8466,-5.4265,11.0023,7.8099,3,RIGHT_MI
13827,54.01171875,2.556,1.8168,9.6491,7.5478,3,RIGHT_MI
13828,54.015625,8.0316,0.0238,7.2549,3.4907,3,RIGHT_MI
13829,54.01953125,4.7241,2.8613,5.8889,4.7396,3,RIGHT_MI
13830,54.0234375,-0.4929,-0.6867,4.1004,0.8326,3,RIGHT_MI
13831,54.02734375,-1.5806,1.647,-1.6686,-1.9826,3,RIGHT_MI
13832,54.03125,-1.3668,1.9483,-2.7455,1.8736,3,RIGHT_MI
13833,54.03515625,-1.8867,2.6553,-3.7396,-1.2028,3,RIGHT_MI
13834,54.0390625,-8.5803,5.1938,-7.5293,2.6692,3,RIGHT_MI
13835,54.04296875,-1.4962,3.9789,-3.1104,-3.974,3,RIGHT_MI
13836,54.046875,-5.3587,4.5777,-9.2699,2.9304,3,RIGHT_MI
13837,54.05078125,0.046,4.6691,-3.5395,-9.0106,3,RIGHT_MI
13838,54.0546875,-3.0892,7.2647,-3.2972,-0.3332,3,RIGHT_MI
13839,54.05859375,-0.2325,8.7814,-4.2241,6.2344,3,RIGHT_MI
13840,54.0625,3.6577,8.3673,-1.7699,-5.0846,3,RIGHT_MI
13841,54.06640625,-2.233,3.9038,-5.5857,2.2263,3,RIGHT_MI
13842,54.0703125,3.279,4.5705,-0.3887,-12.0251,3,RIGHT_MI
13843,54.07421875,-5.2044,-5.7202,-3.683,-7.5723,3,RIGHT_MI
13844,54.078125,-2.21,-6.0816,-0.3348,-6.4638,3,RIGHT_MI
13845,54.08203125,-1.0944,-4.327,7.2811,-5.239,3,RIGHT_MI
13846,54.0859375,-5.4205,-11.8965,-3.906,-4.1503,3,RIGHT_MI
13847,54.08984375,-11.3311,-13.4659,6.6239,0.6057,3,RIGHT_MI
13848,54.09375,-5.1849,-6.3517,4.3835,-5.3413,3,RIGHT_MI
13849,54.09765625,0.1749,-12.2075,-1.9015,4.5531,3,RIGHT_MI
13850,54.1015625,3.4993,-2.499,6.1977,5.8904,3,RIGHT_MI
13851,54.10546875,0.1734,-1.4961,6.5848,3.931,3,RIGHT_MI
13852,54.109375,10.8482,-1.8823,8.8706,6.4035,3,RIGHT_MI
13853,54.11328125,7.4245,5.4857,13.3695,8.1383,3,RIGHT_MI
13854,54.1171875,6.0619,2.5385,5.6629,5.7298,3,RIGHT_MI
13855,54.12109375,1.9667,-0.0202,10.0355,4.1159,3,RIGHT_MI
13856,54.125,1.2823,7.2383,1.6255,7.0292,3,RIGHT_MI
13857,54.12890625,-0.5813,-0.0147,-5.7721,1.1352,3,RIGHT_MI
13858,54.1328125,0.0246,3.6667,-3.1731,1.8784,3,RIGHT_MI
13859,54.13671875,-4.7869,1.9863,-7.0821,-0.2908,3,RIGHT_MI
13860,54.140625,-2.2392,6.1514,-3.8158,-5.5955,3,RIGHT_MI
13861,54.14453125,-2.78,6.7591,-7.4693,-1.7736,3,RIGHT_MI
13862,54.1484375,-1.8893,1.2203,-5.3627,-0.3486,3,RIGHT_MI
13863,54.15234375,0.8189,5.4122,-7.6348,3.0228,3,RIGHT_MI
13864,54.15625,-2.4458,6.3061,-4.0624,-0.0131,3,RIGHT_MI
13865,54.16015625,2.0179,8.513,-1.8851,-3.3578,3,RIGHT_MI
13866,54.1640625,-2.4337,3.819,1.0498,0.4445,3,RIGHT_MI
13867,54.16796875,-0.8533,-3.7733,-2.0868,-4.2175,3,RIGHT_MI
13868,54.171875,2.4939,-3.6322,-4.9932,-4.2102,3,RIGHT_MI
13869,54.17578125,-3.1017,-6.5347,-2.5297,-5.658,3,RIGHT_MI
13870,54.1796875,-8.4006,-0.7207,-4.2704,-5.7502,3,RIGHT_MI
13871,54.18359375,-7.9526,-5.6904,-4.3589,-2.8114,3,RIGHT_MI
13872,54.1875,-2.6187,-4.7139,-5.1121,-4.6685,3,RIGHT_MI
13873,54.19140625,-4.4866,-4.5684,-1.6505,-1.5791,3,RIGHT_MI
13874,54.1953125,-4.9533,-10.5723,1.8309,-0.5113,3,RIGHT_MI
13875,54.19921875,-3.1966,-0.9199,4.7595,4.3575,3,RIGHT_MI
13876,54.203125,-0.9768,3.7209,9.2708,2.5649,3,RIGHT_MI
13877,54.20703125,5.8,-5.0914,11.8509,9.3338,3,RIGHT_MI
13878,54.2109375,11.4676,5.0315,6.6997,13.0275,3,RIGHT_MI
13879,54.21484375,7.8449,4.4181,10.7547,12.4307,3,RIGHT_MI
13880,54.21875,5.443,4.0455,4.2673,11.3117,3,RIGHT_MI
13881,54.22265625,-3.8612,0.862,6.5799,8.602,3,RIGHT_MI
13882,54.2265625,2.6843,2.9388,1.4714,1.6238,3,RIGHT_MI
13883,54.23046875,-2.019,7.2029,-5.6889,4.2126,3,RIGHT_MI
13884,54.234375,3.6472,-0.7876,-6.4935,1.9083,3,RIGHT_MI
13885,54.23828125,0.3242,4.1796,-8.9477,-6.5139,3,RIGHT_MI
13886,54.2421875,-2.1464,6.2389,-9.7832,-5.287,3,RIGHT_MI
13887,54.24609375,-1.9505,7.5087,-6.8497,-3.4683,3,RIGHT_MI
13888,54.25,-2.2367,3.7996,-9.0376,-7.2569,3,RIGHT_MI
13889,54.25390625,-3.506,11.2906,-2.744,-7.8592,3,RIGHT_MI
13890,54.2578125,-1.1373,1.048,-9.1646,-1.1839,3,RIGHT_MI
13891,54.26171875,5.4836,5.7154,-7.3585,-1.0676,3,RIGHT_MI
13892,54.265625,0.1791,4.7334,3.5311,-4.8263,3,RIGHT_MI
13893,54.26953125,0.1011,0.6299,-2.593,-2.6748,3,RIGHT_MI
13894,54.2734375,0.9647,-6.0017,-3.6139,-8.4079,3,RIGHT_MI
13895,54.27734375,-6.5623,-3.443,0.3569,-7.5244,3,RIGHT_MI
13896,54.28125,-4.6432,-6.8415,0.9938,0.7188,3,RIGHT_MI
13897,54.28515625,-8.3523,-9.2016,-0.9863,-7.3387,3,RIGHT_MI
13898,54.2890625,-1.0052,-14.273,0.0474,-6.6033,3,RIGHT_MI
13899,54.29296875,-1.3668,-8.3253,2.2391,-4.3046,3,RIGHT_MI
13900,54.296875,0.0365,-6.8501,-0.0458,-3.4567,3,RIGHT_MI
13901,54.30078125,-1.0335,-1.1073,1.7094,1.6678,3,RIGHT_MI
13902,54.3046875,-1.0454,-1.8406,3.9007,9.8475,3,RIGHT_MI
13903,54.30859375,3.0786,-3.2703,13.6364,13.8426,3,RIGHT_MI
13904,54.3125,2.09,8.7784,2.4191,3.9727,3,RIGHT_MI
13905,54.31640625,4.9259,3.7938,8.1997,7.6339,3,RIGHT_MI
13906,54.3203125,4.7748,1.0109,4.1726,7.7864,3,RIGHT_MI
13907,54.32421875,8.7873,4.2587,-2.9959,6.8048,3,RIGHT_MI
13908,54.328125,1.9,4.4686,2.3914,-0.9747,3,RIGHT_MI
13909,54.33203125,0.067,-2.0438,0.6047,-2.2271,3,RIGHT_MI
13910,54.3359375,0.3204,7.5713,-0.9424,-4.7858,3,RIGHT_MI
13911,54.33984375,0.9153,6.6397,-6.8814,-5.7429,3,RIGHT_MI
13912,54.34375,-4.2333,7.6382,-6.3733,-6.9839,3,RIGHT_MI
13913,54.34765625,-1.6864,5.587,-9.0646,-5.984,3,RIGHT_MI
13914,54.3515625,-1.661,2.5716,-4.6268,-2.7227,3,RIGHT_MI
13915,54.35546875,0.0301,2.7051,-1.2219,-1.3587,3,RIGHT_MI
13916,54.359375,2.9782,4.7798,0.6574,-4.9429,3,RIGHT_MI
13917,54.36328125,3.571,5.1151,0.9843,-0.6843,3,RIGHT_MI
13918,54.3671875,0.7573,5.2792,-4.351,0.9946,3,RIGHT_MI
13919,54.37109375,2.3895,-2.9678,-0.3641,-0.2788,3,RIGHT_MI
13920,54.375,-3.2065,0.2195,-5.1285,-0.2386,3,RIGHT_MI
13921,54.37890625,-3.5861,0.5357,-4.6069,0.6656,3,RIGHT_MI
13922,54.3828125,-0.0181,-6.0848,-5.8571,-0.6258,3,RIGHT_MI
13923,54.38671875,-3.8947,-11.3113,-7.0496,-0.8114,3,RIGHT_MI
13924,54.390625,-4.9387,0.4828,-3.1799,-2.7987,3,RIGHT_MI
13925,54.39453125,-4.9637,-9.0091,3.6354,1.3663,3,RIGHT_MI
13926,54.3984375,-1.3379,-5.7599,0.6864,-0.3245,3,RIGHT_MI
13927,54.40234375,7.7578,-2.2386,4.5105,2.1679,3,RIGHT_MI
13928,54.40625,1.4729,-0.5051,7.9797,12.698,3,RIGHT_MI
13929,54.41015625,3.7378,0.3077,1.8988,12.2009,3,RIGHT_MI
13930,54.4140625,7.0865,5.1503,13.6234,10.2477,3,RIGHT_MI
13931,54.41796875,5.4828,5.738,5.1286,3.3963,3,RIGHT_MI
13932,54.421875,3.4461,0.2772,6.6399,1.0829,3,RIGHT_MI
13933,54.42578125,6.3769,8.7929,9.2994,-0.9525,3,RIGHT_MI
13934,54.4296875,-3.4484,0.3136,1.27,-0.5491,3,RIGHT_MI
13935,54.43359375,2.5556,1.4809,-1.2633,1.9157,3,RIGHT_MI
13936,54.4375,-2.2969,1.047,-7.5366,-5.8081,3,RIGHT_MI
13937,54.44140625,-5.3747,6.6897,-6.3484,-5.7656,3,RIGHT_MI
13938,54.4453125,7.8036,0.4865,-10.24,-0.9645,3,RIGHT_MI
13939,54.44921875,-4.0047,6.5272,-9.3665,-6.3579,3,RIGHT_MI
13940,54.453125,-2.0788,2.9205,-6.0401,-8.0516,3,RIGHT_MI
13941,54.45703125,-5.293,4.9761,-7.9436,-1.636,3,RIGHT_MI
13942,54.4609375,4.5013,2.1975,0.9874,-8.9688,3,RIGHT_MI
13943,54.46484375,-0.0324,-1.3405,-7.4201,-3.1144,3,RIGHT_MI
13944,54.46875,0.6211,-0.7956,-3.3977,4.4659,3,RIGHT_MI
13945,54.47265625,-0.6415,-9.0155,-1.2236,1.5919,3,RIGHT_MI
13946,54.4765625,2.2606,-9.2719,-2.3325,4.6893,3,RIGHT_MI
13947,54.48046875,0.1418,-11.0025,-1.1305,0.5821,3,RIGHT_MI
13948,54.484375,-10.5641,-5.3417,-4.6764,-5.5866,3,RIGHT_MI
13949,54.48828125,0.4721,-12.4184,-3.3232,5.2037,3,RIGHT_MI
13950,54.4921875,-1.0977,0.4714,-4.2701,0.1146,3,RIGHT_MI
13951,54.49609375,-6.8215,-5.0631,-0.1886,4.1607,3,RIGHT_MI
13952,54.5,-5.3713,-6.7553,1.0452,9.5615,3,RIGHT_MI
13953,54.50390625,5.6231,-2.0008,5.3167,8.4905,3,RIGHT_MI
13954,54.5078125,1.1999,-0.3195,8.0402,5.8345,3,RIGHT_MI
13955,54.51171875,6.2428,2.6942,15.4281,8.5133,3,RIGHT_MI
13956,54.515625,3.2516,2.6315,8.5236,7.2477,3,RIGHT_MI
13957,54.51953125,6.35,5.8421,5.8438,3.6185,3,RIGHT_MI
13958,54.5234375,-0.2906,8.1415,0.2895,0.6058,3,RIGHT_MI
13959,54.52734375,3.3588,4.8525,1.1034,1.1448,3,RIGHT_MI
13960,54.53125,-3.4709,6.3576,4.9173,-5.9852,3,RIGHT_MI
13961,54.53515625,0.0039,4.1093,-0.7444,-8.1144,3,RIGHT_MI
13962,54.5390625,-2.2454,-0.6956,-3.5218,-7.9874,3,RIGHT_MI
13963,54.54296875,3.9472,0.9492,-4.3837,-4.7541,3,RIGHT_MI
13964,54.546875,-5.1161,2.9711,-5.3044,-5.7389,3,RIGHT_MI
13965,54.55078125,1.2155,8.8128,-2.6004,-8.6643,3,RIGHT_MI
13966,54.5546875,1.1229,-1.2064,-5.192,-6.9299,3,RIGHT_MI
13967,54.55859375,-0.305,1.185,-4.1976,-1.2217,3,RIGHT_MI
13968,54.5625,3.8296,-0.1461,-7.6253,2.2098,3,RIGHT_MI
13969,54.56640625,-6.0589,2.0401,-2.9413,1.9433,3,RIGHT_MI
13970,54.5703125,-3.5727,-2.3224,-3.9261,-2.7554,3,RIGHT_MI
13971,54.57421875,-2.8136,-3.9979,-2.3397,1.821,3,RIGHT_MI
13972,54.578125,-4.1797,-8.2095,-6.6557,1.317,3,RIGHT_MI
13973,54.58203125,-2.8765,-8.866,-8.9842,0.9378,3,RIGHT_MI
13974,54.5859375,-0.2792,-5.4545,-4.8381,0.9414,3,RIGHT_MI
13975,54.58984375,-4.177,-12.4649,-3.014,5.4706,3,RIGHT_MI
13976,54.59375,-0.7179,-7.0276,-5.1527,5.7743,3,RIGHT_MI
13977,54.59765625,-0.0667,-4.0083,1.9741,11.5038,3,RIGHT_MI
13978,54.6015625,5.3963,-6.6954,11.0238,5.4667,3,RIGHT_MI
13979,54.60546875,2.0537,0.3949,4.7071,6.2873,3,RIGHT_MI
13980,54.609375,2.6268,4.874,4.417,7.809,3,RIGHT_MI
13981,54.61328125,2.5825,7.7338,7.2265,7.9657,3,RIGHT_MI
13982,54.6171875,0.3252,10.3578,10.7887,-1.6074,3,RIGHT_MI
13983,54.62109375,2.6237,0.3848,12.8477,-2.5045,3,RIGHT_MI
13984,54.625,2.491,13.535,5.0219,-0.9027,3,RIGHT_MI
13985,54.62890625,1.9997,1.8932,6.25,-7.2867,3,RIGHT_MI
13986,54.6328125,-3.8722,9.4966,2.9346,-4.0912,3,RIGHT_MI
13987,54.63671875,-2.4317,0.0712,-2.9515,-9.8227,3,RIGHT_MI
13988,54.640625,-1.8117,3.8555,-2.8751,-7.6804,3,RIGHT_MI
13989,54.64453125,-0.3905,1.065,-3.0934,-8.2371,3,RIGHT_MI
13990,54.6484375,0.5321,3.2601,-2.8478,-9.5848,3,RIGHT_MI
13991,54.65234375,-1.3096,2.4057,0.0564,-4.1475,3,RIGHT_MI
13992,54.65625,-2.0672,1.6929,2.106,-2.851,3,RIGHT_MI
13993,54.66015625,2.824,4.5668,-7.3799,-2.4933,3,RIGHT_MI
13994,54.6640625,4.2982,-0.0665,-3.0704,6.0026,3,RIGHT_MI
13995,54.66796875,-2.3926,-1.4988,-1.9009,0.867,3,RIGHT_MI
13996,54.671875,2.0186,-2.4291,-2.2573,6.3035,3,RIGHT_MI
13997,54.67578125,1.9086,-6.7283,-2.4478,10.1631,3,RIGHT_MI
13998,54.6796875,-4.2651,-12.067,-6.8069,3.5057,3,RIGHT_MI
13999,54.68359375,-0.2231,-9.4216,-5.5046,-2.4395,3,RIGHT_MI
14000,54.6875,-7.8413,-8.2984,-5.3405,-1.1225,3,RIGHT_MI
14001,54.69140625,-0.4755,-4.8039,-2.6929,-0.1402,3,RIGHT_MI
14002,54.6953125,-2.4523,-4.1614,0.0989,2.1223,3,RIGHT_MI
14003,54.69921875,0.8028,-4.5906,0.9827,5.3823,3,RIGHT_MI
14004,54.703125,3.8677,2.786,4.8871,0.2258,3,RIGHT_MI
14005,54.70703125,4.2494,0.4621,5.6665,1.2268,3,RIGHT_MI
14006,54.7109375,5.7848,7.8521,7.6951,1.1804,3,RIGHT_MI
14007,54.71484375,5.5695,4.0862,8.6191,2.5195,3,RIGHT_MI
14008,54.71875,3.7374,6.6167,4.4708,-1.3814,3,RIGHT_MI
14009,54.72265625,1.2898,0.8418,2.7496,-4.5627,3,RIGHT_MI
14010,54.7265625,-1.0241,8.0499,2.6143,-6.557,3,RIGHT_MI
14011,54.73046875,1.5235,8.5842,4.9953,-7.457,3,RIGHT_MI
14012,54.734375,-3.2828,-0.0907,2.0711,-5.6505,3,RIGHT_MI
14013,54.73828125,-6.3044,6.1538,-2.422,-3.5413,3,RIGHT_MI
14014,54.7421875,-2.4885,2.587,0.0073,-8.7107,3,RIGHT_MI
14015,54.74609375,-2.5182,4.3766,-4.9178,-6.2412,3,RIGHT_MI
14016,54.75,2.4006,1.9324,-3.484,-0.9895,3,RIGHT_MI
14017,54.75390625,0.139,5.8395,-4.0164,-6.9658,3,RIGHT_MI
14018,54.7578125,8.5701,2.6816,-6.2314,5.4866,3,RIGHT_MI
14019,54.76171875,0.5843,5.8431,3.0703,3.8531,3,RIGHT_MI
14020,54.765625,3.4016,-1.9642,-2.438,3.4646,3,RIGHT_MI
14021,54.76953125,-0.7094,-5.5347,-6.8279,0.6246,3,RIGHT_MI
14022,54.7734375,0.4569,-6.4181,-6.0468,8.1878,3,RIGHT_MI
14023,54.77734375,-5.2462,-9.5924,-7.6865,8.9529,3,RIGHT_MI
14024,54.78125,-9.5635,-6.9076,-10.7248,5.5009,3,RIGHT_MI
14025,54.78515625,-2.2987,-12.1049,-7.3561,0.605,3,RIGHT_MI
14026,54.7890625,1.6799,-3.6835,-6.2272,0.4572,3,RIGHT_MI
14027,54.79296875,-1.3194,-5.8836,-0.1628,6.4685,3,RIGHT_MI
14028,54.796875,-6.216,-3.3376,-6.925,-0.4762,3,RIGHT_MI
14029,54.80078125,7.6482,6.2311,2.1388,11.953,3,RIGHT_MI
14030,54.8046875,3.3435,4.5069,-1.3426,1.8197,3,RIGHT_MI
14031,54.80859375,4.2529,-1.356,7.2696,2.2938,3,RIGHT_MI
14032,54.8125,3.8914,4.4842,2.5911,0.6941,3,RIGHT_MI
14033,54.81640625,5.2804,6.1344,7.1636,-5.0516,3,RIGHT_MI
14034,54.8203125,-1.86,7.7241,8.5504,-7.4546,3,RIGHT_MI
14035,54.82421875,0.0247,10.9974,5.4778,-11.8828,3,RIGHT_MI
14036,54.828125,6.5603,4.6149,5.1633,-3.4017,3,RIGHT_MI
14037,54.83203125,1.8896,3.132,0.051,-8.524,3,RIGHT_MI
14038,54.8359375,8.4437,6.0099,1.5072,-8.8343,3,RIGHT_MI
14039,54.83984375,-2.8971,1.2904,-0.5372,-4.8878,3,RIGHT_MI
14040,54.84375,-3.6544,4.549,-2.4844,-4.4191,3,RIGHT_MI
14041,54.84765625,2.6288,1.7677,-1.426,-4.9659,3,RIGHT_MI
14042,54.8515625,4.516,2.6584,0.9555,1.1817,3,RIGHT_MI
14043,54.85546875,-1.4621,-1.5365,-3.2223,1.6522,3,RIGHT_MI
14044,54.859375,3.4102,5.5505,2.2532,-0.5461,3,RIGHT_MI
14045,54.86328125,0.9178,3.2089,-0.5372,4.2008,3,RIGHT_MI
14046,54.8671875,-3.5376,2.3105,-2.9547,0.7411,3,RIGHT_MI
14047,54.87109375,-2.1418,-2.5022,-3.0892,2.2083,3,RIGHT_MI
14048,54.875,2.0099,-8.5482,-11.5602,4.2514,3,RIGHT_MI
14049,54.87890625,-3.7579,-8.7055,-5.0558,4.7757,3,RIGHT_MI
14050,54.8828125,-2.3112,-8.5315,-4.0636,-1.2028,3,RIGHT_MI
14051,54.88671875,-7.5544,-7.4575,-3.1725,4.0251,3,RIGHT_MI
14052,54.890625,-4.8131,-5.9115,-2.8184,4.5735,3,RIGHT_MI
14053,54.89453125,-8.4552,-2.4578,-5.2483,-0.1696,3,RIGHT_MI
14054,54.8984375,-2.5584,-4.7025,4.9357,6.3379,3,RIGHT_MI
14055,54.90234375,-1.1715,1.4048,6.6501,-2.2058,3,RIGHT_MI
14056,54.90625,3.4318,4.7307,10.4889,2.5728,3,RIGHT_MI
14057,54.91015625,3.5542,1.9533,9.3695,0.2031,3,RIGHT_MI
14058,54.9140625,1.9121,6.7008,8.4789,0.0378,3,RIGHT_MI
14059,54.91796875,5.5841,8.0091,7.0267,-2.136,3,RIGHT_MI
14060,54.921875,4.0091,0.2928,8.3251,-0.885,3,RIGHT_MI
14061,54.92578125,-0.8111,5.6333,4.6488,-5.6166,3,RIGHT_MI
14062,54.9296875,4.6667,6.734,7.0961,-3.0835,3,RIGHT_MI
14063,54.93359375,-2.3612,0.1567,5.8148,-0.7531,3,RIGHT_MI
14064,54.9375,-1.574,-1.1817,4.3512,-10.6613,3,RIGHT_MI
14065,54.94140625,2.552,3.2994,-0.3199,-8.1204,3,RIGHT_MI
14066,54.9453125,2.5202,-4.1999,1.2829,-4.6773,3,RIGHT_MI
14067,54.94921875,1.8935,2.0935,2.3852,-4.3472,3,RIGHT_MI
14068,54.953125,-1.311,-0.4372,2.8971,-0.4153,3,RIGHT_MI
14069,54.95703125,5.3529,1.0677,-3.2631,1.9089,3,RIGHT_MI
14070,54.9609375,3.3362,-4.9172,-2.2428,9.2811,3,RIGHT_MI
14071,54.96484375,1.288,1.9501,-0.0635,5.0365,3,RIGHT_MI
14072,54.96875,-1.9632,-0.7067,-1.5805,9.2484,3,RIGHT_MI
14073,54.97265625,2.8363,-5.4516,-1.8444,5.8028,3,RIGHT_MI
14074,54.9765625,-1.876,-6.3014,-14.9723,6.3452,3,RIGHT_MI
14075,54.98046875,-8.2839,-7.4565,-8.96,7.3543,3,RIGHT_MI
14076,54.984375,-4.9308,-9.7115,-6.3852,-0.0489,3,RIGHT_MI
14077,54.98828125,-4.323,-6.4795,-8.0121,-0.4745,3,RIGHT_MI
14078,54.9921875,-2.5378,-4.5458,-8.9532,1.2797,3,RIGHT_MI
14079,54.99609375,-1.1844,-5.0842,-7.3316,-3.4662,3,RIGHT_MI
14080,55.0,1.6968,-1.1184,-1.3161,1.0571,3,RIGHT_MI
14081,55.00390625,-3.5527,-0.535,1.7863,-1.1782,3,RIGHT_MI
14082,55.0078125,4.3042,0.6458,-3.8529,-1.7825,3,RIGHT_MI
14083,55.01171875,7.5817,4.8869,4.4163,-2.3782,3,RIGHT_MI
14084,55.015625,9.0724,8.7987,11.7144,-0.3656,3,RIGHT_MI
14085,55.01953125,3.3463,11.3291,7.2203,0.2643,3,RIGHT_MI
14086,55.0234375,2.6361,5.354,5.3503,-6.4343,3,RIGHT_MI
14087,55.02734375,5.1753,8.7981,0.5986,-7.5229,3,RIGHT_MI
14088,55.03125,4.8756,5.194,5.0514,-4.4468,3,RIGHT_MI
14089,55.03515625,0.0218,-3.8635,3.801,-8.0231,3,RIGHT_MI
14090,55.0390625,-3.6637,-2.1499,2.2446,-6.8176,3,RIGHT_MI
14091,55.04296875,-3.3841,-4.9042,1.2415,1.5669,3,RIGHT_MI
14092,55.046875,-2.4421,-2.1473,-4.583,-2.9541,3,RIGHT_MI
14093,55.05078125,5.1361,1.647,-1.6961,5.2016,3,RIGHT_MI
14094,55.0546875,1.7736,-2.4161,2.328,8.6149,3,RIGHT_MI
14095,55.05859375,0.1569,-1.1442,0.0103,7.5732,3,RIGHT_MI
14096,55.0625,-2.466,1.6117,2.7328,7.8624,3,RIGHT_MI
14097,55.06640625,3.8391,-4.6342,-5.1008,12.6711,3,RIGHT_MI
14098,55.0703125,-1.3814,-3.3598,-0.481,6.8391,3,RIGHT_MI
14099,55.07421875,-1.0435,-12.8436,-1.0948,5.6447,3,RIGHT_MI
14100,55.078125,-3.1434,-8.1548,-3.9266,3.6652,3,RIGHT_MI
14101,55.08203125,-5.8301,-3.6965,-5.3329,5.8128,3,RIGHT_MI
14102,55.0859375,-8.493,-4.9514,-7.7697,3.7095,3,RIGHT_MI
14103,55.08984375,-2.0089,-9.6661,-8.5886,-4.5675,3,RIGHT_MI
14104,55.09375,-3.829,-5.0627,-5.6152,-1.5487,3,RIGHT_MI
14105,55.09765625,3.0473,-0.8817,-2.8561,-3.3962,3,RIGHT_MI
14106,55.1015625,-2.3315,-1.1969,2.002,0.4776,3,RIGHT_MI
14107,55.10546875,-2.5439,3.399,1.0213,-2.7037,3,RIGHT_MI
14108,55.109375,2.4556,0.3534,3.8388,1.7166,3,RIGHT_MI
14109,55.11328125,5.1841,7.7258,5.8373,-5.9062,3,RIGHT_MI
14110,55.1171875,6.9068,9.1168,3.7719,-3.8041,3,RIGHT_MI
14111,55.12109375,-2.5049,5.5167,8.2087,-2.9795,3,RIGHT_MI
14112,55.125,2.0653,4.2378,5.1475,-12.5476,3,RIGHT_MI
14113,55.12890625,-0.6528,2.6768,3.6224,-7.8609,3,RIGHT_MI
14114,55.1328125,-5.9206,6.0526,1.8296,-12.5409,3,RIGHT_MI
14115,55.13671875,-2.513,0.8879,-1.1803,-7.5196,3,RIGHT_MI
14116,55.140625,-1.3014,-1.445,1.9071,1.3829,3,RIGHT_MI
14117,55.14453125,-7.1313,6.5148,1.3158,-2.4947,3,RIGHT_MI
14118,55.1484375,1.0464,-2.5007,-0.866,-1.5613,3,RIGHT_MI
14119,55.15234375,1.7891,-4.3759,-1.7787,2.6337,3,RIGHT_MI
14120,55.15625,-3.0354,-2.4916,-4.4848,2.3953,3,RIGHT_MI
14121,55.16015625,1.9448,-2.2168,0.9772,8.5742,3,RIGHT_MI
14122,55.1640625,2.675,-6.7484,-0.5824,7.5887,3,RIGHT_MI
14123,55.16796875,-0.3116,0.2773,-0.0507,3.152,3,RIGHT_MI
14124,55.171875,1.6536,-5.3926,-2.5765,6.634,3,RIGHT_MI
14125,55.17578125,-1.3043,-6.2498,-10.7481,7.2787,3,RIGHT_MI
14126,55.1796875,-8.3515,-1.8782,-11.2633,1.5825,3,RIGHT_MI
14127,55.18359375,-2.9266,-9.8289,-15.2893,-1.5356,3,RIGHT_MI
14128,55.1875,-4.1634,-15.4049,-10.9776,2.943,3,RIGHT_MI
14129,55.19140625,0.3163,-4.7229,-6.9304,-0.9248,3,RIGHT_MI
14130,55.1953125,2.8083,-3.7712,-3.1168,-2.9341,3,RIGHT_MI
14131,55.19921875,1.885,5.2778,-6.3653,-6.6633,3,RIGHT_MI
14132,55.203125,4.3442,1.4459,2.9158,0.4672,3,RIGHT_MI
14133,55.20703125,5.1164,1.148,2.1346,-1.2283,3,RIGHT_MI
14134,55.2109375,6.5964,2.4655,11.1769,-6.0076,3,RIGHT_MI
14135,55.21484375,2.1524,12.8684,8.6372,3.8647,3,RIGHT_MI
14136,55.21875,-1.4773,8.1542,13.4914,-3.4713,3,RIGHT_MI
14137,55.22265625,3.8026,6.9257,6.5273,-0.2957,3,RIGHT_MI
14138,55.2265625,1.1331,13.3305,4.9663,-6.0024,3,RIGHT_MI
14139,55.23046875,-6.1446,5.7168,-3.0154,-8.818,3,RIGHT_MI
14140,55.234375,0.6637,-2.0517,3.2309,-1.875,3,RIGHT_MI
14141,55.23828125,-2.8032,-1.2366,6.3124,1.7561,3,RIGHT_MI
14142,55.2421875,0.1265,0.0526,1.1047,2.4616,3,RIGHT_MI
14143,55.24609375,-2.0861,-2.5287,0.803,-1.9106,3,RIGHT_MI
14144,55.25,-0.2173,-5.9035,0.2112,8.1087,3,RIGHT_MI
14145,55.25390625,1.2962,-6.0175,1.7122,7.6742,3,RIGHT_MI
14146,55.2578125,1.2082,2.0128,3.1505,4.1912,3,RIGHT_MI
14147,55.26171875,-0.225,-2.6855,-5.319,10.1043,3,RIGHT_MI
14148,55.265625,-1.3603,-2.7363,-4.0791,6.3208,3,RIGHT_MI
14149,55.26953125,-0.1219,-7.2599,-0.7829,9.888,3,RIGHT_MI
14150,55.2734375,-0.8316,-7.2375,-1.3733,8.6767,3,RIGHT_MI
14151,55.27734375,-0.1978,-4.4188,-7.9997,3.7989,3,RIGHT_MI
14152,55.28125,-1.914,-4.1809,-9.2706,-5.1494,3,RIGHT_MI
14153,55.28515625,-5.6501,-5.1144,-9.6342,0.1392,3,RIGHT_MI
14154,55.2890625,-1.4541,-9.931,-7.4908,-6.1006,3,RIGHT_MI
14155,55.29296875,1.3735,-5.8385,-7.8219,-3.6472,3,RIGHT_MI
14156,55.296875,-3.3588,-1.487,-6.4866,-4.7859,3,RIGHT_MI
14157,55.30078125,0.0126,1.7312,-6.7572,-11.0705,3,RIGHT_MI
14158,55.3046875,-0.137,8.5742,0.9614,0.5047,3,RIGHT_MI
14159,55.30859375,2.3775,11.3234,6.2893,-4.5787,3,RIGHT_MI
14160,55.3125,2.4697,10.9599,5.4794,-5.0383,3,RIGHT_MI
14161,55.31640625,4.9651,9.3393,0.7014,-4.6124,3,RIGHT_MI
14162,55.3203125,2.0759,8.3951,7.7514,-0.2316,3,RIGHT_MI
14163,55.32421875,0.8893,4.6748,10.1663,-5.3931,3,RIGHT_MI
14164,55.328125,2.3822,2.7961,8.869,2.5663,3,RIGHT_MI
14165,55.33203125,-5.4866,-3.1756,0.7075,-5.9729,3,RIGHT_MI
14166,55.3359375,2.0835,1.9074,2.4169,-5.1187,3,RIGHT_MI
14167,55.33984375,-7.4611,-5.9269,5.2035,0.3264,3,RIGHT_MI
14168,55.34375,2.1626,-4.8795,-3.3518,-0.8994,3,RIGHT_MI
14169,55.34765625,1.4263,-2.5748,3.9214,6.2095,3,RIGHT_MI
14170,55.3515625,4.7154,-4.0324,7.8762,10.0545,3,RIGHT_MI
14171,55.35546875,3.9704,-0.423,-1.1559,9.4544,3,RIGHT_MI
14172,55.359375,1.5895,1.1339,1.8384,11.2125,3,RIGHT_MI
14173,55.36328125,-3.761,-3.6162,1.1204,11.1217,3,RIGHT_MI
14174,55.3671875,-0.1915,-5.3147,0.259,4.2127,3,RIGHT_MI
14175,55.37109375,-3.5602,-6.1991,-3.7815,8.772,3,RIGHT_MI
14176,55.375,-4.8215,-4.4248,-8.2477,2.6292,3,RIGHT_MI
14177,55.37890625,-5.5391,-5.108,-10.5175,-1.7719,3,RIGHT_MI
14178,55.3828125,-7.8497,0.0372,-8.7968,-4.2541,3,RIGHT_MI
14179,55.38671875,-7.3261,-4.7545,-6.4934,-8.511,3,RIGHT_MI
14180,55.390625,-3.6552,-0.3062,-8.2211,-1.1512,3,RIGHT_MI
14181,55.39453125,-3.4729,-3.0927,-7.6302,-4.5822,3,RIGHT_MI
14182,55.3984375,0.2576,3.5525,0.7221,-8.1081,3,RIGHT_MI
14183,55.40234375,2.7722,0.5983,-3.1555,-7.189,3,RIGHT_MI
14184,55.40625,1.5315,6.5953,0.3144,-5.9467,3,RIGHT_MI
14185,55.41015625,2.3643,6.0859,4.5256,-8.4584,3,RIGHT_MI
14186,55.4140625,2.5626,13.6314,12.1632,-6.0446,3,RIGHT_MI
14187,55.41796875,3.2396,11.2011,6.5112,-8.1268,3,RIGHT_MI
14188,55.421875,1.5114,1.6394,5.6661,-1.047,3,RIGHT_MI
14189,55.42578125,4.751,6.6583,2.6221,-1.7435,3,RIGHT_MI
14190,55.4296875,-2.6253,-0.5485,2.5881,-6.3097,3,RIGHT_MI
14191,55.43359375,-4.051,-2.9761,1.7176,-0.685,3,RIGHT_MI
14192,55.4375,-2.2917,-3.0377,1.1495,2.8733,3,RIGHT_MI
14193,55.44140625,-0.2518,-4.5946,1.6046,2.0377,3,RIGHT_MI
14194,55.4453125,0.1311,-4.3034,-0.3683,-1.4556,3,RIGHT_MI
14195,55.44921875,-3.4091,-6.9413,6.0173,4.2397,3,RIGHT_MI
14196,55.453125,-0.3151,-6.0804,7.9927,5.2561,3,RIGHT_MI
14197,55.45703125,2.8164,-3.4612,4.1509,7.6992,3,RIGHT_MI
14198,55.4609375,6.4804,-3.5536,1.2008,4.7926,3,RIGHT_MI
14199,55.46484375,1.9636,3.3567,4.7831,8.1479,3,RIGHT_MI
14200,55.46875,-4.4839,1.6819,-6.4087,5.1336,3,RIGHT_MI
14201,55.47265625,0.6691,-5.2015,-10.0654,0.6238,3,RIGHT_MI
14202,55.4765625,-6.2988,-7.9108,-6.2772,4.3075,3,RIGHT_MI
14203,55.48046875,-3.489,-2.7263,-11.3482,-1.6766,3,RIGHT_MI
14204,55.484375,-2.2235,-4.2618,-13.0318,-8.5656,3,RIGHT_MI
14205,55.48828125,-0.1725,-4.9514,-6.4524,-3.7901,3,RIGHT_MI
14206,55.4921875,-3.4548,6.8365,-14.4869,-10.7192,3,RIGHT_MI
14207,55.49609375,-5.6557,0.3351,0.6114,-5.4982,3,RIGHT_MI
14208,55.5,-1.1039,3.2939,-8.0017,-9.1079,3,RIGHT_MI
14209,55.50390625,3.2736,3.7157,-0.6716,-5.9718,3,RIGHT_MI
14210,55.5078125,7.4671,6.2923,-0.0768,-6.8811,3,RIGHT_MI
14211,55.51171875,6.6719,6.7143,5.8152,4.0732,3,RIGHT_MI
14212,55.515625,7.8292,10.4746,1.3675,-2.015,3,RIGHT_MI
14213,55.51953125,7.6889,7.9895,7.6221,-0.793,3,RIGHT_MI
14214,55.5234375,4.2824,5.8808,1.9506,1.9313,3,RIGHT_MI
14215,55.52734375,2.3166,5.1267,2.11,-1.8445,3,RIGHT_MI
14216,55.53125,1.7311,-1.8554,-2.4966,2.1939,3,RIGHT_MI
14217,55.53515625,-0.5606,1.6069,-0.4288,-2.4018,3,RIGHT_MI
14218,55.5390625,-1.4335,-0.7854,-3.8968,4.6117,3,RIGHT_MI
14219,55.54296875,-7.488,1.328,-0.9927,3.7989,3,RIGHT_MI
14220,55.546875,1.4803,-5.6328,8.1274,9.7154,3,RIGHT_MI
14221,55.55078125,1.2367,-2.1875,3.7315,9.7176,3,RIGHT_MI
14222,55.5546875,-2.1834,-2.8832,4.1245,7.0576,3,RIGHT_MI
14223,55.55859375,10.4619,0.1973,4.2676,8.9117,3,RIGHT_MI
14224,55.5625,-2.141,-5.2639,3.0535,6.4058,3,RIGHT_MI
14225,55.56640625,0.4601,-1.2518,1.2183,4.0599,3,RIGHT_MI
14226,55.5703125,-6.5535,-4.4503,-5.9081,5.9176,3,RIGHT_MI
14227,55.57421875,-2.0571,-3.5385,-7.4647,-1.6694,3,RIGHT_MI
14228,55.578125,-3.8457,-12.5091,-6.6303,0.1512,3,RIGHT_MI
14229,55.58203125,-6.5434,-3.0628,-8.3554,-5.0399,3,RIGHT_MI
14230,55.5859375,-8.0349,-5.9283,-1.9878,0.7968,3,RIGHT_MI
14231,55.58984375,-7.8691,-5.0502,-13.6294,-9.8394,3,RIGHT_MI
14232,55.59375,-1.9522,-1.9555,-6.4645,-7.5598,3,RIGHT_MI
14233,55.59765625,-4.246,1.5861,-8.6123,-7.9519,3,RIGHT_MI
14234,55.6015625,-2.1505,12.2236,-2.4895,-2.3105,3,RIGHT_MI
14235,55.60546875,-5.4427,3.2292,-3.818,0.0687,3,RIGHT_MI
14236,55.609375,7.7045,9.7183,0.2272,-2.2038,3,RIGHT_MI
14237,55.61328125,7.3801,11.3128,8.4511,5.9546,3,RIGHT_MI
14238,55.6171875,-1.0605,6.1124,3.5019,-2.0124,3,RIGHT_MI
14239,55.62109375,6.0959,6.9279,1.9173,-5.1884,3,RIGHT_MI
14240,55.625,3.6221,1.9808,7.6031,-7.0343,3,RIGHT_MI
14241,55.62890625,-1.0581,2.0241,1.7782,1.3236,3,RIGHT_MI
14242,55.6328125,-1.0368,1.8892,7.9634,1.5404,3,RIGHT_MI
14243,55.63671875,-3.1789,-2.1453,3.6082,2.6131,3,RIGHT_MI
14244,55.640625,-0.8483,-7.7709,7.5405,3.7163,3,RIGHT_MI
14245,55.64453125,-1.8413,0.7069,0.9544,2.4944,3,RIGHT_MI
14246,55.6484375,-0.0451,-5.5366,2.6959,-3.6642,3,RIGHT_MI
14247,55.65234375,5.4992,-5.6882,1.5672,5.7212,3,RIGHT_MI
14248,55.65625,-4.033,0.8146,12.9663,1.7317,3,RIGHT_MI
14249,55.66015625,1.3451,-6.3158,4.6237,3.4608,3,RIGHT_MI
14250,55.6640625,0.368,-2.2546,5.2351,5.5272,3,RIGHT_MI
14251,55.66796875,-0.3978,-4.2537,3.763,-1.6085,3,RIGHT_MI
14252,55.671875,-4.5113,-5.4847,-2.8249,-2.2278,3,RIGHT_MI
14253,55.67578125,-7.7782,-4.8341,-3.6415,-4.2406,3,RIGHT_MI
14254,55.6796875,-2.6371,-3.8376,-8.4411,-7.7371,3,RIGHT_MI
14255,55.68359375,-6.7209,-3.3269,-10.968,-11.7109,3,RIGHT_MI
14256,55.6875,-4.9565,-1.2719,-6.5558,-4.8933,3,RIGHT_MI
14257,55.69140625,-5.5458,0.5488,-11.4294,-12.5885,3,RIGHT_MI
14258,55.6953125,-6.3655,-1.1773,-10.4438,-7.157,3,RIGHT_MI
14259,55.69921875,-0.5647,4.1456,-5.5523,0.9508,3,RIGHT_MI
14260,55.703125,3.7713,4.1554,-1.4445,-0.6375,3,RIGHT_MI
14261,55.70703125,2.9228,14.4657,-1.2813,-0.82,3,RIGHT_MI
14262,55.7109375,5.9545,12.5607,6.9364,0.3872,3,RIGHT_MI
14263,55.71484375,5.3698,8.3224,1.8859,4.4285,3,RIGHT_MI
14264,55.71875,4.0527,8.5585,6.9435,-4.6731,3,RIGHT_MI
14265,55.72265625,3.2242,0.722,7.7429,0.7257,3,RIGHT_MI
14266,55.7265625,1.4194,3.4828,4.5126,1.947,3,RIGHT_MI
14267,55.73046875,-2.1346,-1.6239,0.5181,6.2216,3,RIGHT_MI
14268,55.734375,1.4737,-0.9408,3.8219,2.2756,3,RIGHT_MI
14269,55.73828125,-0.7214,-6.3372,6.6309,6.0136,3,RIGHT_MI
14270,55.7421875,1.1725,-7.4592,1.5176,5.4274,3,RIGHT_MI
14271,55.74609375,-2.5027,-6.8798,3.907,1.5076,3,RIGHT_MI
14272,55.75,2.4577,-9.5732,5.5178,4.0745,3,RIGHT_MI
14273,55.75390625,-8.0758,-3.7449,8.8234,6.1862,3,RIGHT_MI
14274,55.7578125,6.7103,-8.0558,0.827,-0.5369,3,RIGHT_MI
14275,55.76171875,0.3647,-2.0094,10.0049,4.887,3,RIGHT_MI
14276,55.765625,-0.2104,-1.6132,1.6411,1.6162,3,RIGHT_MI
14277,55.76953125,-0.54,-8.6129,-2.3283,-3.6433,3,RIGHT_MI
14278,55.7734375,-4.7551,4.2959,-3.7164,-6.3969,3,RIGHT_MI
14279,55.77734375,-1.0793,-2.9255,-3.91,-8.5244,3,RIGHT_MI
14280,55.78125,-3.0151,-3.5851,-5.798,-5.6019,3,RIGHT_MI
14281,55.78515625,-3.0131,-4.9566,-7.4637,-3.4288,3,RIGHT_MI
14282,55.7890625,-4.8806,0.4295,-5.1801,-6.1082,3,RIGHT_MI
14283,55.79296875,-7.958,-0.4221,-7.6997,-3.1412,3,RIGHT_MI
14284,55.796875,0.2431,-2.2431,-6.1764,-7.4401,3,RIGHT_MI
14285,55.80078125,-3.292,1.9969,-5.2685,-0.7243,3,RIGHT_MI
14286,55.8046875,-0.1468,4.6973,-2.0929,-2.3252,3,RIGHT_MI
14287,55.80859375,8.6464,10.1871,4.4711,0.768,3,RIGHT_MI
14288,55.8125,5.3067,9.524,2.5607,3.9517,3,RIGHT_MI
14289,55.81640625,8.9771,8.2134,-1.3884,3.7575,3,RIGHT_MI
14290,55.8203125,6.1334,8.889,3.0549,0.8085,3,RIGHT_MI
14291,55.82421875,0.6308,-0.9678,-0.5151,5.2397,3,RIGHT_MI
14292,55.828125,-0.8647,4.2537,1.7514,3.792,3,RIGHT_MI
14293,55.83203125,3.0302,-0.43,1.3932,3.3908,3,RIGHT_MI
14294,55.8359375,-6.0191,-3.5849,1.3113,-1.1417,3,RIGHT_MI
14295,55.83984375,-6.1516,-2.776,2.2089,6.6394,3,RIGHT_MI
14296,55.84375,0.4421,-3.2449,6.544,3.7962,3,RIGHT_MI
14297,55.84765625,-2.4771,-4.7947,6.0187,6.9541,3,RIGHT_MI
14298,55.8515625,3.6161,-3.9005,4.5819,3.5191,3,RIGHT_MI
14299,55.85546875,1.0199,-3.4542,9.9968,-0.9823,3,RIGHT_MI
14300,55.859375,1.6963,4.1111,3.5225,-0.3064,3,RIGHT_MI
14301,55.86328125,2.0625,-3.3186,6.9561,1.2303,3,RIGHT_MI
14302,55.8671875,-0.6158,-0.9046,5.0497,-2.0043,3,RIGHT_MI
14303,55.87109375,-1.4497,-5.5789,-1.8299,-1.9738,3,RIGHT_MI
14304,55.875,-8.5857,-8.8654,1.5671,-8.1563,3,RIGHT_MI
14305,55.87890625,-6.6538,-2.9387,-10.3417,-9.1325,3,RIGHT_MI
14306,55.8828125,-4.7908,-6.8474,-5.0967,-11.4023,3,RIGHT_MI
14307,55.88671875,-1.6723,2.5739,-6.8133,-5.939,3,RIGHT_MI
14308,55.890625,1.4361,-3.0805,-9.6406,-5.2319,3,RIGHT_MI
14309,55.89453125,-0.2795,1.3394,-11.2566,-2.5364,3,RIGHT_MI
14310,55.8984375,0.1567,6.006,-2.9133,-1.9921,3,RIGHT_MI
14311,55.90234375,2.9557,3.0864,-5.6481,-2.1023,3,RIGHT_MI
14312,55.90625,5.8468,6.3905,-3.9047,8.1635,3,RIGHT_MI
14313,55.91015625,2.065,4.5137,3.9438,7.934,3,RIGHT_MI
14314,55.9140625,4.5526,7.8136,2.7544,4.452,3,RIGHT_MI
14315,55.91796875,2.4726,11.818,8.3158,2.3733,3,RIGHT_MI
14316,55.921875,-0.4764,-1.2983,-2.1791,7.1217,3,RIGHT_MI
14317,55.92578125,4.7699,-0.2299,-1.8085,8.3495,3,RIGHT_MI
14318,55.9296875,1.6454,-4.7457,-3.2628,-1.611,3,RIGHT_MI
14319,55.93359375,2.8382,-2.8061,2.9425,5.3817,3,RIGHT_MI
14320,55.9375,-6.3366,-1.9431,0.9063,6.9723,3,RIGHT_MI
14321,55.94140625,-8.4535,-11.4003,4.0406,0.4684,3,RIGHT_MI
14322,55.9453125,-1.1219,-6.4603,4.4677,3.4703,3,RIGHT_MI
14323,55.94921875,3.0981,-5.3154,6.6266,-0.8896,3,RIGHT_MI
14324,55.953125,0.4046,-3.7153,1.8413,2.4962,3,RIGHT_MI
14325,55.95703125,4.4474,-8.3327,6.1827,1.8244,3,RIGHT_MI
14326,55.9609375,-2.5846,-6.1233,4.5462,1.5292,3,RIGHT_MI
14327,55.96484375,-0.2327,0.1043,6.0669,2.6775,3,RIGHT_MI
14328,55.96875,1.591,1.5232,5.34,-5.7245,3,RIGHT_MI
14329,55.97265625,-2.6917,-2.9733,-1.8115,-2.3311,3,RIGHT_MI
14330,55.9765625,-6.0133,-1.455,-3.5202,-11.196,3,RIGHT_MI
14331,55.98046875,-3.6849,-3.1885,-7.8101,-9.549,3,RIGHT_MI
14332,55.984375,-5.1997,3.724,-7.5268,-8.6081,3,RIGHT_MI
14333,55.98828125,-6.1917,-5.313,-9.8245,-9.7946,3,RIGHT_MI
14334,55.9921875,-3.7929,4.2417,-11.2909,-4.8345,3,RIGHT_MI
14335,55.99609375,3.7762,7.3946,-8.9343,-1.0125,3,RIGHT_MI
14336,56.0,-0.3424,6.1011,-6.5391,-4.7035,3,RIGHT_MI
14337,56.00390625,2.4492,3.6118,-3.4573,5.5019,3,RIGHT_MI
14338,56.0078125,3.518,7.8569,-1.7085,7.9261,3,RIGHT_MI
14339,56.01171875,1.3697,9.8187,2.6631,4.4029,3,RIGHT_MI
14340,56.015625,3.5245,10.5478,0.5462,7.5335,3,RIGHT_MI
14341,56.01953125,1.773,6.1472,2.0849,7.3399,3,RIGHT_MI
14342,56.0234375,6.1057,3.1732,2.5158,5.5251,3,RIGHT_MI
14343,56.02734375,2.2047,7.2661,2.929,9.4767,3,RIGHT_MI
14344,56.03125,1.0789,-6.5952,1.8346,10.9273,3,RIGHT_MI
14345,56.03515625,-1.0892,-5.1502,1.6195,6.2972,3,RIGHT_MI
14346,56.0390625,-0.504,-5.6161,6.143,-1.9054,3,RIGHT_MI
14347,56.04296875,2.3124,-12.8384,-1.7378,3.6874,3,RIGHT_MI
14348,56.046875,-5.294,-9.3319,5.5399,-1.5316,3,RIGHT_MI
14349,56.05078125,-3.8257,-9.6408,7.6294,-3.7662,3,RIGHT_MI
14350,56.0546875,6.3884,-3.4359,5.6473,0.3333,3,RIGHT_MI
14351,56.05859375,4.9687,-3.8379,9.1466,-5.1869,3,RIGHT_MI
14352,56.0625,1.534,-4.0514,0.9084,-2.8521,3,RIGHT_MI
14353,56.06640625,1.667,2.868,3.361,-6.9103,3,RIGHT_MI
14354,56.0703125,3.784,-2.2291,1.3132,-2.5905,3,RIGHT_MI
14355,56.07421875,1.4589,0.8828,4.9037,-1.8777,3,RIGHT_MI
14356,56.078125,-1.0815,-0.1175,-7.4394,-9.2649,3,RIGHT_MI
14357,56.08203125,-5.4398,-1.0705,-4.1249,-7.9604,3,RIGHT_MI
14358,56.0859375,-5.3225,-3.998,-7.2456,-8.3589,3,RIGHT_MI
14359,56.08984375,-6.8881,7.0281,-5.3257,-8.4144,3,RIGHT_MI
14360,56.09375,-2.895,-0.7489,-8.22,-1.3451,3,RIGHT_MI
14361,56.09765625,-2.3261,0.3455,-4.8997,1.675,3,RIGHT_MI
14362,56.1015625,1.1691,6.9636,-5.9424,1.559,3,RIGHT_MI
14363,56.10546875,3.5506,9.1262,-4.8921,6.6809,3,RIGHT_MI
14364,56.109375,4.1581,8.552,-2.4215,3.7212,3,RIGHT_MI
14365,56.11328125,4.5945,8.3715,0.079,5.0952,3,RIGHT_MI
14366,56.1171875,1.1175,7.5642,0.0201,7.3389,3,RIGHT_MI
14367,56.12109375,4.0134,7.178,4.7654,5.9162,3,RIGHT_MI
14368,56.125,2.9479,3.922,3.8434,4.407,3,RIGHT_MI
14369,56.12890625,-0.713,-5.0529,-5.1895,0.7506,3,RIGHT_MI
14370,56.1328125,1.2969,-5.7299,4.862,-2.4415,3,RIGHT_MI
14371,56.13671875,-4.3339,-2.9955,7.5967,-4.1844,3,RIGHT_MI
14372,56.140625,-3.3052,-6.9432,4.2775,1.8152,3,RIGHT_MI
14373,56.14453125,-2.1623,-14.2976,4.8212,-7.8554,3,RIGHT_MI
14374,56.1484375,-4.1637,-7.5059,-0.5501,-2.7302,3,RIGHT_MI
14375,56.15234375,5.5974,-3.7159,7.3516,-6.5988,3,RIGHT_MI
14376,56.15625,-1.6065,-0.6372,0.4519,-8.1625,3,RIGHT_MI
14377,56.16015625,3.2741,0.8281,10.5813,-7.4106,3,RIGHT_MI
14378,56.1640625,0.021,-1.9327,0.7208,-4.9402,3,RIGHT_MI
14379,56.16796875,-0.8467,2.1348,1.6512,-1.7265,3,RIGHT_MI
14380,56.171875,0.8352,0.3071,1.1096,1.526,3,RIGHT_MI
14381,56.17578125,1.4407,-4.6023,-3.7824,-2.2582,3,RIGHT_MI
14382,56.1796875,2.8232,0.7525,-1.8328,-8.023,3,RIGHT_MI
14383,56.18359375,-2.5505,-6.6105,-6.2906,-6.8115,3,RIGHT_MI
14384,56.1875,-7.1157,-0.0088,-6.7165,-5.4021,3,RIGHT_MI
14385,56.19140625,-1.901,4.0625,-11.5094,4.9536,3,RIGHT_MI
14386,56.1953125,-4.634,-0.2253,-10.209,-1.4251,3,RIGHT_MI
14387,56.19921875,2.7103,3.1074,-4.8848,4.2048,3,RIGHT_MI
14388,56.203125,-1.492,7.3563,2.2649,10.4823,3,RIGHT_MI
14389,56.20703125,5.346,8.6249,-3.9935,7.9881,3,RIGHT_MI
14390,56.2109375,-1.476,7.2412,-1.1064,10.212,3,RIGHT_MI
14391,56.21484375,5.8501,9.009,0.1738,11.6928,3,RIGHT_MI
14392,56.21875,2.8703,2.7804,-3.331,-1.5804,3,RIGHT_MI
14393,56.22265625,4.6852,3.2387,2.4263,4.4908,3,RIGHT_MI
14394,56.2265625,0.1081,1.2373,-1.0795,-2.2224,3,RIGHT_MI
14395,56.23046875,3.7631,-6.7895,3.3186,0.7438,3,RIGHT_MI
14396,56.234375,1.5777,-1.0262,0.9479,0.9214,3,RIGHT_MI
14397,56.23828125,-2.9768,-4.7951,-0.1151,-1.6502,3,RIGHT_MI
14398,56.2421875,-3.5722,-4.6222,3.6658,-5.141,3,RIGHT_MI
14399,56.24609375,-3.4607,-7.4561,2.8844,-4.2538,3,RIGHT_MI
14400,56.25,-3.6772,-3.4585,4.5669,-9.2034,3,RIGHT_MI
14401,56.25390625,6.3557,-2.7949,13.3631,-5.148,3,RIGHT_MI
14402,56.2578125,1.8105,-1.1156,10.3272,-7.8083,3,RIGHT_MI
14403,56.26171875,2.124,-1.5865,6.4679,-2.6804,3,RIGHT_MI
14404,56.265625,1.5416,1.2736,0.8879,-2.5543,3,RIGHT_MI
14405,56.26953125,-1.2027,-3.0688,5.4117,0.7238,3,RIGHT_MI
14406,56.2734375,1.6271,4.4036,1.1469,-3.481,3,RIGHT_MI
14407,56.27734375,-4.8748,5.5666,2.3153,-1.8529,3,RIGHT_MI
14408,56.28125,-1.0075,0.0309,2.5814,-5.4227,3,RIGHT_MI
14409,56.28515625,-6.1659,0.8967,-9.1447,-3.0517,3,RIGHT_MI
14410,56.2890625,-4.9728,1.2057,-7.9248,-0.8978,3,RIGHT_MI
14411,56.29296875,3.4044,-3.1146,-5.8448,2.9644,3,RIGHT_MI
14412,56.296875,-0.0625,7.8888,-6.6215,4.1329,3,RIGHT_MI
14413,56.30078125,0.6896,9.6548,-5.3802,6.9141,3,RIGHT_MI
14414,56.3046875,1.7127,6.0057,-0.406,5.9048,3,RIGHT_MI
14415,56.30859375,5.96,7.7002,-5.4421,8.6853,3,RIGHT_MI
14416,56.3125,3.2171,11.1253,-1.1249,10.6311,3,RIGHT_MI
14417,56.31640625,7.2803,2.439,-0.6817,9.6368,3,RIGHT_MI
14418,56.3203125,2.2885,-2.3887,-2.1981,3.2678,3,RIGHT_MI
14419,56.32421875,0.6798,1.96,1.2708,-0.6899,3,RIGHT_MI
14420,56.328125,0.422,-3.2786,4.3645,-4.1368,3,RIGHT_MI
14421,56.33203125,-0.1108,-5.6829,-5.2716,-7.5795,3,RIGHT_MI
14422,56.3359375,-3.8365,-8.5052,3.3216,-8.622,3,RIGHT_MI
14423,56.33984375,0.706,-8.7512,-1.8856,-4.7297,3,RIGHT_MI
14424,56.34375,1.0572,-3.3707,-0.9406,-3.9713,3,RIGHT_MI
14425,56.34765625,-3.4432,-5.2911,5.227,-7.0194,3,RIGHT_MI
14426,56.3515625,-1.3863,-2.2937,11.5367,-5.376,3,RIGHT_MI
14427,56.35546875,1.7092,-5.1398,2.3148,-1.0609,3,RIGHT_MI
14428,56.359375,7.5076,-3.8821,11.319,-3.8351,3,RIGHT_MI
14429,56.36328125,2.0065,-8.6576,6.52,-1.2747,3,RIGHT_MI
14430,56.3671875,1.6487,5.1619,2.4716,-3.1425,3,RIGHT_MI
14431,56.37109375,2.3022,2.365,2.6642,-2.5667,3,RIGHT_MI
14432,56.375,2.1037,-1.0918,-4.15,-3.6215,3,RIGHT_MI
14433,56.37890625,-4.3582,-4.9912,4.0172,-3.6974,3,RIGHT_MI
14434,56.3828125,-0.5063,2.7438,-3.414,3.3379,3,RIGHT_MI
14435,56.38671875,-5.3843,1.4744,-3.0817,0.2722,3,RIGHT_MI
14436,56.390625,-2.6952,1.1228,-10.2638,-1.7218,3,RIGHT_MI
14437,56.39453125,-4.0491,1.6828,-9.3368,0.6485,3,RIGHT_MI
14438,56.3984375,0.5157,2.6708,-5.96,3.3007,3,RIGHT_MI
14439,56.40234375,6.1975,4.1788,2.0676,10.801,3,RIGHT_MI
14440,56.40625,-1.5609,9.0297,-6.7434,3.4315,3,RIGHT_MI
14441,56.41015625,0.7278,6.1685,-0.2933,6.9968,3,RIGHT_MI
14442,56.4140625,6.4398,3.5679,-2.2751,8.4443,3,RIGHT_MI
14443,56.41796875,3.354,-3.2338,-6.6612,1.4833,3,RIGHT_MI
14444,56.421875,2.8304,-0.1844,-2.5245,8.0913,3,RIGHT_MI
14445,56.42578125,4.1935,-5.7272,-0.1619,-1.8323,3,RIGHT_MI
14446,56.4296875,1.4294,-9.9497,-1.0093,0.0632,3,RIGHT_MI
14447,56.43359375,-3.6729,-4.2632,0.1319,-6.6716,3,RIGHT_MI
14448,56.4375,0.713,-7.6816,-2.6943,-3.119,3,RIGHT_MI
14449,56.44140625,-4.6815,-5.0198,1.5961,-6.4596,3,RIGHT_MI
14450,56.4453125,0.7476,-10.158,1.5609,-6.3146,3,RIGHT_MI
14451,56.44921875,4.2233,-8.6774,9.7244,-3.1241,3,RIGHT_MI
14452,56.453125,-1.1818,-1.1689,5.1664,-3.1649,3,RIGHT_MI
14453,56.45703125,3.2982,-4.0605,8.8113,-5.7727,3,RIGHT_MI
14454,56.4609375,4.0841,2.7804,10.2122,2.4976,3,RIGHT_MI
14455,56.46484375,1.0047,0.0518,8.1103,-3.784,3,RIGHT_MI
14456,56.46875,-3.951,0.1296,12.7915,2.2145,3,RIGHT_MI
14457,56.47265625,-3.658,0.9993,0.7163,-2.9154,3,RIGHT_MI
14458,56.4765625,-9.6427,2.494,-5.0232,-2.1686,3,RIGHT_MI
14459,56.48046875,-2.3991,-2.4533,-0.1447,-3.0445,3,RIGHT_MI
14460,56.484375,-6.042,4.4579,-4.9428,1.2329,3,RIGHT_MI
14461,56.48828125,-3.9444,9.4651,-3.4839,-5.0056,3,RIGHT_MI
14462,56.4921875,0.9237,2.2675,-4.1342,5.031,3,RIGHT_MI
14463,56.49609375,-9.2147,4.0355,-10.1581,5.012,3,RIGHT_MI
14464,56.5,-2.1409,8.9566,-5.3022,7.9061,3,RIGHT_MI
14465,56.50390625,4.5903,6.9436,0.0632,7.9849,3,RIGHT_MI
14466,56.5078125,2.8443,7.1245,-6.7608,8.5412,3,RIGHT_MI
14467,56.51171875,3.5372,6.2222,-5.8141,1.0287,3,RIGHT_MI
14468,56.515625,5.6961,3.825,3.4428,4.3659,3,RIGHT_MI
14469,56.51953125,4.3687,3.0023,0.4582,5.9147,3,RIGHT_MI
14470,56.5234375,3.159,-5.4802,-2.8305,5.7801,3,RIGHT_MI
14471,56.52734375,1.0881,0.0943,-3.8965,-1.6376,3,RIGHT_MI
14472,56.53125,-2.5797,-6.0093,1.1122,-5.085,3,RIGHT_MI
14473,56.53515625,-5.5589,-5.2616,-0.26,-4.274,3,RIGHT_MI
14474,56.5390625,-2.6126,-7.205,1.7228,-5.0939,3,RIGHT_MI
14475,56.54296875,-3.3764,-5.756,-0.5213,-4.9551,3,RIGHT_MI
14476,56.546875,-2.5467,-7.9668,4.3884,-5.4231,3,RIGHT_MI
14477,56.55078125,-2.5702,0.5835,7.1634,-4.2118,3,RIGHT_MI
14478,56.5546875,-1.0796,-8.3123,8.806,1.786,3,RIGHT_MI
14479,56.55859375,4.4291,-1.4009,7.1672,-0.7238,3,RIGHT_MI
14480,56.5625,-0.2749,4.2919,9.4781,0.8077,3,RIGHT_MI
14481,56.56640625,3.8631,-2.9225,8.9918,-4.6143,3,RIGHT_MI
14482,56.5703125,5.7921,-0.7011,6.7969,1.8366,3,RIGHT_MI
14483,56.57421875,2.2472,7.7572,5.4817,4.245,3,RIGHT_MI
14484,56.578125,-2.3662,2.8699,1.5798,2.4958,3,RIGHT_MI
14485,56.58203125,-2.9434,2.7533,-2.2412,-2.5934,3,RIGHT_MI
14486,56.5859375,-8.7837,2.8505,1.3835,0.9811,3,RIGHT_MI
14487,56.58984375,-8.6094,8.1565,-8.1912,6.1067,3,RIGHT_MI
14488,56.59375,-1.4543,5.5778,-5.6467,6.9266,3,RIGHT_MI
14489,56.59765625,-2.0206,6.0258,-9.242,1.0393,3,RIGHT_MI
14490,56.6015625,2.0484,9.0474,-0.1777,6.5107,3,RIGHT_MI
14491,56.60546875,0.2453,7.4639,-6.6652,4.4941,3,RIGHT_MI
14492,56.609375,0.8732,4.1177,-1.3616,11.5842,3,RIGHT_MI
14493,56.61328125,8.3077,3.3592,-7.0697,1.3122,0,REST
14494,56.6171875,7.1762,2.9756,-3.4882,-1.8508,0,REST
14495,56.62109375,9.4937,4.5665,-2.6463,-2.4228,0,REST
14496,56.625,8.9071,0.9826,-1.2269,-5.5807,0,REST
14497,56.62890625,8.6228,-2.2848,2.4526,-9.8781,0,REST
14498,56.6328125,6.5216,-0.1865,4.5976,-7.4602,0,REST
14499,56.63671875,4.1285,-5.6422,7.2254,-6.825,0,REST
14500,56.640625,-0.2249,-1.6434,12.2806,-7.158,0,REST
14501,56.64453125,-4.2099,-5.6357,9.3074,-4.7823,0,REST
14502,56.6484375,-5.9947,-5.0912,5.8376,-3.318,0,REST
14503,56.65234375,-4.3749,-8.9943,9.2528,-2.384,0,REST
14504,56.65625,-8.7675,-8.087,4.4223,1.1625,0,REST
14505,56.66015625,-8.5759,-6.1243,6.6675,-1.942,0,REST
14506,56.6640625,-10.5078,-7.7447,3.4866,3.0893,0,REST
14507,56.66796875,-5.8509,-3.943,1.8928,1.2663,0,REST
14508,56.671875,-6.701,-4.5449,-1.1234,5.148,0,REST
14509,56.67578125,-8.4574,-0.897,1.5308,5.9591,0,REST
14510,56.6796875,-8.2162,2.7638,-3.6144,6.6127,0,REST
14511,56.68359375,-3.1339,2.0437,-2.3295,9.396,0,REST
14512,56.6875,2.4473,6.9592,-6.6245,5.8078,0,REST
14513,56.69140625,0.5749,5.2736,-7.3681,4.3998,0,REST
14514,56.6953125,0.34,6.9741,-5.082,-0.2537,0,REST
14515,56.69921875,1.7808,8.8373,-5.1933,2.4061,0,REST
14516,56.703125,5.1712,11.9557,-2.7352,-2.3179,0,REST
14517,56.70703125,2.9923,9.2162,-4.366,-1.7221,0,REST
14518,56.7109375,1.5669,7.1494,-7.8881,-5.2714,0,REST
14519,56.71484375,2.8351,6.7067,-1.6238,-3.9314,0,REST
14520,56.71875,1.0988,7.4377,-2.3634,-1.5384,0,REST
14521,56.72265625,1.7043,3.6814,-2.9391,-4.8113,0,REST
14522,56.7265625,3.9261,-0.2905,-1.9511,-3.065,0,REST
14523,56.73046875,0.474,-4.2453,0.6363,-0.4162,0,REST
14524,56.734375,1.5272,-3.8929,0.7381,-5.363,0,REST
14525,56.73828125,3.1828,-10.1738,-1.2014,-4.0442,0,REST
14526,56.7421875,-0.5662,-13.4142,3.733,-2.4885,0,REST
14527,56.74609375,-0.8939,-9.2981,-0.6987,0.2247,0,REST
14528,56.75,-0.8406,-7.9091,6.6211,-2.4258,0,REST
14529,56.75390625,-3.127,-6.3914,1.6933,-4.6678,0,REST
14530,56.7578125,1.3973,-9.4427,6.7279,-3.0753,0,REST
14531,56.76171875,-2.2557,-5.1425,3.6959,-0.1339,0,REST
14532,56.765625,-1.6536,-5.294,2.5044,3.8075,0,REST
14533,56.76953125,-1.4756,-3.6387,7.2959,-2.7841,0,REST
14534,56.7734375,-0.8163,4.433,2.0256,1.2294,0,REST
14535,56.77734375,-1.7399,5.3024,2.907,1.9294,0,REST
14536,56.78125,-3.6793,5.377,3.3947,3.3289,0,REST
14537,56.78515625,-4.4855,7.3517,6.4399,4.4734,0,REST
14538,56.7890625,-1.8908,10.0632,-0.4687,3.7887,0,REST
14539,56.79296875,-3.7381,12.169,3.1608,3.3894,0,REST
14540,56.796875,-3.547,9.5349,-0.535,4.0528,0,REST
14541,56.80078125,-5.8551,12.0934,-0.8355,2.9075,0,REST
14542,56.8046875,1.2776,9.0264,-1.9576,0.8613,0,REST
14543,56.80859375,3.7752,7.3765,-4.3551,0.8501,0,REST
14544,56.8125,1.562,1.0162,-5.1043,3.5394,0,REST
14545,56.81640625,0.6814,4.1685,-7.4605,1.4833,0,REST
14546,56.8203125,2.7346,-1.1335,-3.6669,0.9518,0,REST
14547,56.82421875,7.1243,-7.1105,-9.4592,-3.6967,0,REST
14548,56.828125,1.3336,-9.189,-1.9614,-2.0801,0,REST
14549,56.83203125,9.2343,-10.7031,-6.5438,-1.7855,0,REST
14550,56.8359375,7.1734,-10.3286,-6.2799,-4.6528,0,REST
14551,56.83984375,4.2029,-13.2455,-0.3461,-4.135,0,REST
14552,56.84375,3.5122,-16.1245,-2.3956,-4.6557,0,REST
14553,56.84765625,5.2503,-18.3436,-1.9225,-9.5033,0,REST
14554,56.8515625,1.8201,-11.2565,-2.4945,-8.1299,0,REST
14555,56.85546875,1.1725,-8.3997,2.5952,-7.6863,0,REST
14556,56.859375,4.5511,-4.597,5.9788,-3.1409,0,REST
14557,56.86328125,-1.8595,1.118,6.5229,-2.5387,0,REST
14558,56.8671875,-5.494,0.9799,11.7429,0.642,0,REST
14559,56.87109375,-7.2119,2.5285,11.4966,1.4271,0,REST
14560,56.875,-7.0852,8.6296,8.1787,6.4324,0,REST
14561,56.87890625,-5.4977,9.7293,6.9157,6.5033,0,REST
14562,56.8828125,-13.0206,11.5584,8.844,6.6565,0,REST
14563,56.88671875,-10.9111,11.7904,8.7518,6.4614,0,REST
14564,56.890625,-13.1018,15.4041,5.7367,8.359,0,REST
14565,56.89453125,-7.9626,14.6748,-2.2561,9.7047,0,REST
14566,56.8984375,-4.8233,11.5577,-3.9037,3.6251,0,REST
14567,56.90234375,-5.4868,5.5437,-5.0535,6.4301,0,REST
14568,56.90625,-1.7731,4.9272,-5.3876,3.8985,0,REST
14569,56.91015625,-2.3105,0.7495,-5.0245,0.4537,0,REST
14570,56.9140625,3.3512,-0.0932,-10.1653,0.0061,0,REST
14571,56.91796875,10.4548,-8.4592,-10.3208,-6.058,0,REST
14572,56.921875,11.2274,-8.7453,-12.9464,-6.8071,0,REST
14573,56.92578125,10.739,-10.6554,-14.485,-9.1092,0,REST
14574,56.9296875,12.8246,-11.3152,-6.1695,-8.9979,0,REST
14575,56.93359375,13.4753,-15.1038,-8.811,-6.2974,0,REST
14576,56.9375,12.5135,-11.8362,-3.7996,-11.1963,0,REST
14577,56.94140625,8.5816,-12.8476,-4.6769,-10.8304,0,REST
14578,56.9453125,5.9943,-7.8793,2.8119,-11.7167,0,REST
14579,56.94921875,3.5377,-3.3928,7.9071,-6.0245,0,REST
14580,56.953125,-1.1487,-6.3205,8.2688,-6.4818,0,REST
14581,56.95703125,-2.8619,-0.1694,12.2549,-2.4375,0,REST
14582,56.9609375,-5.1918,2.0769,11.3614,2.3655,0,REST
14583,56.96484375,-6.7079,0.1277,14.3036,4.0166,0,REST
14584,56.96875,-10.7366,8.1494,12.738,9.9499,0,REST
14585,56.97265625,-11.7398,9.8778,13.3849,10.0356,0,REST
14586,56.9765625,-14.2685,11.0327,10.8016,12.026,0,REST
14587,56.98046875,-13.1989,11.0906,11.4756,9.978,0,REST
14588,56.984375,-7.9771,13.3196,2.9645,10.2893,0,REST
14589,56.98828125,-9.4329,13.5644,-0.4949,12.6064,0,REST
14590,56.9921875,-9.5495,9.7268,-3.1022,7.9649,0,REST
14591,56.99609375,2.517,9.8518,-4.8887,5.0602,0,REST
14592,57.0,-0.8455,2.1755,-4.4704,1.1531,0,REST
14593,57.00390625,2.0501,3.6867,-8.0896,-0.9484,0,REST
14594,57.0078125,3.2341,-2.6675,-14.3304,-2.0977,0,REST
14595,57.01171875,12.732,-6.7841,-12.2775,-8.3195,0,REST
14596,57.015625,12.1458,-6.077,-14.8551,-10.5452,0,REST
14597,57.01953125,9.7801,-10.205,-14.1317,-14.0582,0,REST
14598,57.0234375,10.1504,-13.4159,-12.4713,-12.5723,0,REST
14599,57.02734375,9.0957,-11.8748,-6.344,-9.1608,0,REST
14600,57.03125,12.2009,-8.1463,-6.1765,-16.6126,0,REST
14601,57.03515625,6.5842,-12.0318,0.2019,-9.5405,0,REST
14602,57.0390625,4.1781,-8.2297,1.4726,-7.3456,0,REST
14603,57.04296875,1.3793,-4.2952,1.9563,-9.1855,0,REST
14604,57.046875,-1.0813,-3.8545,8.9053,0.0266,0,REST
14605,57.05078125,-4.6763,-2.0692,10.6929,1.7316,0,REST
14606,57.0546875,-8.667,1.4516,9.6355,5.0703,0,REST
14607,57.05859375,-6.4824,6.0767,13.5518,6.9651,0,REST
14608,57.0625,-12.0686,7.1704,11.557,11.5113,0,REST
14609,57.06640625,-9.0604,6.5078,8.65,12.216,0,REST
14610,57.0703125,-9.8321,11.4418,10.9571,11.494,0,REST
14611,57.07421875,-11.6141,9.7068,10.2236,14.5715,0,REST
14612,57.078125,-6.9986,12.0705,4.9637,13.2821,0,REST
14613,57.08203125,-6.4485,11.6242,1.5255,8.9146,0,REST
14614,57.0859375,-5.3646,8.8797,-2.6325,3.9047,0,REST
14615,57.08984375,-3.5325,6.7618,-0.7965,4.0186,0,REST
14616,57.09375,0.3025,5.6132,-8.0843,-0.0224,0,REST
14617,57.09765625,5.6961,1.1364,-12.0277,-1.6654,0,REST
14618,57.1015625,4.2014,-2.4325,-10.4669,-4.5044,0,REST
14619,57.10546875,11.1359,-4.7986,-13.2223,-8.8638,0,REST
14620,57.109375,7.2946,-6.4559,-8.4485,-11.4315,0,REST
14621,57.11328125,7.8066,-11.3223,-10.8857,-15.9968,0,REST
14622,57.1171875,7.7225,-11.4636,-7.6081,-11.4636,0,REST
14623,57.12109375,10.4029,-11.3688,-8.5024,-8.8704,0,REST
14624,57.125,7.9512,-11.3737,-1.9094,-8.9917,0,REST
14625,57.12890625,6.7515,-9.6159,-0.01,-7.9326,0,REST
14626,57.1328125,3.5148,-8.6057,-0.6831,1.9475,0,REST
14627,57.13671875,3.1186,-7.2235,2.4856,-2.4484,0,REST
14628,57.140625,-0.7057,-3.4646,3.4874,-0.1974,0,REST
14629,57.14453125,-3.8619,-1.15,7.9453,8.5294,0,REST
14630,57.1484375,-2.8394,0.3579,7.0159,7.4215,0,REST
14631,57.15234375,-5.0717,3.7427,8.342,6.2757,0,REST
14632,57.15625,-3.7039,2.916,3.1843,10.9127,0,REST
14633,57.16015625,-7.0663,4.1135,5.0049,15.0154,0,REST
14634,57.1640625,-7.1815,3.6984,8.1182,10.4511,0,REST
14635,57.16796875,-8.7566,11.441,6.4119,10.8632,0,REST
14636,57.171875,-5.3461,7.7586,8.1068,8.9297,0,REST
14637,57.17578125,-4.9049,9.286,2.451,9.3818,0,REST
14638,57.1796875,-2.1883,7.6743,-0.5658,3.6614,0,REST
14639,57.18359375,-1.3658,3.6295,1.2234,2.4306,0,REST
14640,57.1875,-1.6985,3.799,2.8605,-5.4788,0,REST
14641,57.19140625,0.1821,4.0843,-5.6277,-2.9458,0,REST
14642,57.1953125,3.3828,0.1802,-5.9804,-8.2437,0,REST
14643,57.19921875,3.5122,3.637,-4.7185,-10.109,0,REST
14644,57.203125,4.8168,-3.4615,-2.634,-8.9137,0,REST
14645,57.20703125,3.8811,-4.7237,-4.0793,-10.3481,0,REST
14646,57.2109375,4.2359,-3.9799,-2.4061,-11.8599,0,REST
14647,57.21484375,4.9013,-6.5515,-3.2787,-8.1584,0,REST
14648,57.21875,3.9216,-6.2739,-4.7207,-4.6962,0,REST
14649,57.22265625,0.6415,-5.8434,-0.4084,-1.9945,0,REST
14650,57.2265625,3.478,-0.9655,-2.2876,-1.4295,0,REST
14651,57.23046875,-1.7051,-5.7536,-3.3202,-3.6078,0,REST
14652,57.234375,-0.9578,0.1541,-1.2998,3.5004,0,REST
14653,57.23828125,4.0591,-5.4853,-1.1833,7.0773,0,REST
14654,57.2421875,-3.8364,-1.6854,-3.0672,4.3237,0,REST
14655,57.24609375,-0.0235,0.6097,-0.8323,6.0668,0,REST
14656,57.25,0.8099,2.8299,0.5156,7.0056,0,REST
14657,57.25390625,-4.5599,2.8686,2.991,8.3908,0,REST
14658,57.2578125,0.0486,3.2964,3.0435,9.2734,0,REST
14659,57.26171875,-3.1168,4.3827,-0.832,5.314,0,REST
14660,57.265625,-1.6682,2.8929,1.2437,4.4198,0,REST
14661,57.26953125,-0.9136,7.7884,4.5751,0.0681,0,REST
14662,57.2734375,-3.6023,3.9234,-0.79,-1.8527,0,REST
14663,57.27734375,-3.216,0.8392,4.5508,2.1675,0,REST
14664,57.28125,-0.2833,1.4107,1.0795,-3.1231,0,REST
14665,57.28515625,-1.6387,2.4197,6.7735,-3.8796,0,REST
14666,57.2890625,-3.3809,-2.2226,3.2165,-3.3454,0,REST
14667,57.29296875,-0.628,2.5777,2.2446,-6.121,0,REST
14668,57.296875,0.8757,2.3908,2.8148,-3.5695,0,REST
14669,57.30078125,-5.1618,-4.1154,1.3214,-5.2287,0,REST
14670,57.3046875,-1.4807,1.3624,0.3672,-1.4309,0,REST
14671,57.30859375,-0.4634,0.9867,-2.1856,-4.0819,0,REST
14672,57.3125,0.6847,-2.7456,-3.91,-2.8112,0,REST
14673,57.31640625,7.8867,-3.0759,-4.5257,-2.3091,0,REST
14674,57.3203125,4.5324,-0.1983,-6.2356,3.4785,0,REST
14675,57.32421875,7.6151,-5.2365,-6.1941,-0.6307,0,REST
14676,57.328125,8.4886,-0.114,-10.0986,-2.1063,0,REST
14677,57.33203125,5.995,-2.7414,-1.6255,0.6365,0,REST
14678,57.3359375,8.9134,-0.2785,-4.1053,2.7362,0,REST
14679,57.33984375,7.9685,-2.8669,-6.6537,1.2529,0,REST
14680,57.34375,6.4405,-3.111,-7.4031,5.0808,0,REST
14681,57.34765625,5.8295,1.0719,-6.8195,4.4632,0,REST
14682,57.3515625,4.1487,-2.6763,0.0359,2.1841,0,REST
14683,57.35546875,4.718,-3.5473,-1.0742,-1.1392,0,REST
14684,57.359375,0.9538,2.8111,1.3445,7.1261,0,REST
14685,57.36328125,2.3847,-3.5214,2.6345,2.4736,0,REST
14686,57.3671875,-6.4303,3.7408,9.3609,2.9042,0,REST
14687,57.37109375,-7.3873,1.2901,11.9161,2.7497,0,REST
14688,57.375,-9.5264,5.1219,11.3604,3.5338,0,REST
14689,57.37890625,-10.1895,3.6388,9.4892,-1.8748,0,REST
14690,57.3828125,-6.635,5.7434,7.7923,1.2919,0,REST
14691,57.38671875,-9.1872,6.6861,7.6925,0.113,0,REST
14692,57.390625,-10.225,6.3941,11.8041,-1.5357,0,REST
14693,57.39453125,-7.8088,6.2995,8.9168,-3.2808,0,REST
14694,57.3984375,-6.7775,3.8448,5.1309,1.3965,0,REST
14695,57.40234375,-0.7794,5.4761,4.0848,-2.4157,0,REST
14696,57.40625,-0.8647,2.124,3.0179,0.3329,0,REST
14697,57.41015625,2.8708,-0.5953,-6.9715,-1.6397,0,REST
14698,57.4140625,6.5526,-3.8689,-8.8652,-3.7412,0,REST
14699,57.41796875,6.3955,-2.9161,-3.8086,-4.4648,0,REST
14700,57.421875,9.5637,-5.9973,-9.5103,-4.1827,0,REST
14701,57.42578125,10.4451,-6.1281,-10.5917,-5.1748,0,REST
14702,57.4296875,13.6814,-6.967,-11.9538,-2.3041,0,REST
14703,57.43359375,14.9997,-9.7633,-5.3686,-0.8662,0,REST
14704,57.4375,11.4302,-6.6801,-11.3,-0.3489,0,REST
14705,57.44140625,5.5044,-8.4512,-9.4098,-0.9398,0,REST
14706,57.4453125,4.5134,-7.8615,-7.2223,2.2783,0,REST
14707,57.44921875,6.1269,-8.2393,-2.6179,2.2259,0,REST
14708,57.453125,1.0424,-3.4687,2.4571,5.801,0,REST
14709,57.45703125,-0.3303,-2.4277,4.0296,10.2767,0,REST
14710,57.4609375,-3.775,-1.7483,7.4908,8.3034,0,REST
14711,57.46484375,-10.7665,1.7222,11.8871,7.9659,0,REST
14712,57.46875,-13.634,0.4548,11.9744,10.3294,0,REST
14713,57.47265625,-14.162,6.168,11.9197,1.7922,0,REST
14714,57.4765625,-12.3191,6.7146,12.342,5.7544,0,REST
14715,57.48046875,-11.019,8.6073,16.1453,4.7558,0,REST
14716,57.484375,-9.1143,4.6039,11.9286,-0.3013,0,REST
14717,57.48828125,-8.5469,9.7396,12.1302,0.8651,0,REST
14718,57.4921875,-6.3827,4.128,2.613,-2.4902,0,REST
14719,57.49609375,-1.6835,8.4411,5.3278,-6.8824,0,REST
14720,57.5,-1.373,5.6737,1.0699,-9.0122,0,REST
14721,57.50390625,0.302,-1.3403,2.3552,-10.9395,0,REST
14722,57.5078125,8.5215,-1.8849,-6.3609,-14.1447,0,REST
14723,57.51171875,7.5374,-4.0429,-6.4023,-9.7691,0,REST
14724,57.515625,9.8506,-2.758,-10.2678,-8.3786,0,REST
14725,57.51953125,12.3987,-3.3175,-13.3465,-7.8593,0,REST
14726,57.5234375,15.6725,-10.2831,-13.1049,-2.6616,0,REST
14727,57.52734375,10.6525,-11.591,-11.3342,-3.7825,0,REST
14728,57.53125,12.1438,-12.0102,-12.3722,-2.1182,0,REST
14729,57.53515625,8.7503,-9.1405,-5.4651,4.0761,0,REST
14730,57.5390625,4.8263,-7.088,-5.7923,6.8011,0,REST
14731,57.54296875,-1.21,-9.1761,-4.6568,8.8482,0,REST
14732,57.546875,2.387,-5.6263,4.9441,11.8174,0,REST
14733,57.55078125,-2.8787,-2.629,-0.2395,10.4297,0,REST
14734,57.5546875,-3.7213,-1.3089,7.1258,10.4382,0,REST
14735,57.55859375,-11.9471,-0.5097,11.4665,12.0279,0,REST
14736,57.5625,-9.9815,7.2911,11.3794,10.1697,0,REST
14737,57.56640625,-16.232,9.0827,13.673,7.3042,0,REST
14738,57.5703125,-12.0691,8.3644,15.4325,6.1162,0,REST
14739,57.57421875,-9.4426,10.2855,10.7014,1.8252,0,REST
14740,57.578125,-10.7338,14.4777,6.3362,-1.2044,0,REST
14741,57.58203125,-7.3087,12.607,9.8856,-6.6693,0,REST
14742,57.5859375,-6.649,7.5005,6.2722,-6.9795,0,REST
14743,57.58984375,-5.0741,5.1001,-1.4854,-9.1686,0,REST
14744,57.59375,2.3512,6.4167,4.0756,-13.7894,0,REST
14745,57.59765625,2.004,2.3485,-1.0659,-15.0604,0,REST
14746,57.6015625,3.6602,-2.3193,-5.152,-13.3409,0,REST
14747,57.60546875,6.8282,-3.9118,-7.4497,-13.3051,0,REST
14748,57.609375,8.1624,-3.3988,-4.8515,-10.4379,0,REST
14749,57.61328125,12.8511,-7.3471,-8.8723,-7.4745,0,REST
14750,57.6171875,12.159,-8.3274,-11.6081,-4.5743,0,REST
14751,57.62109375,7.9111,-13.5226,-10.0529,0.5036,0,REST
14752,57.625,9.6815,-13.6888,-8.7135,5.1632,0,REST
14753,57.62890625,6.2014,-9.6036,-9.0673,4.1166,0,REST
14754,57.6328125,4.8803,-11.8559,-5.4484,10.8012,0,REST
14755,57.63671875,5.8327,-13.3635,-2.3752,10.9751,0,REST
14756,57.640625,0.0347,-5.6934,-0.4177,13.4879,0,REST
14757,57.64453125,-2.3691,-3.5043,1.772,10.9364,0,REST
14758,57.6484375,-2.3552,-0.902,5.2265,12.8537,0,REST
14759,57.65234375,-6.8257,3.2112,7.7596,11.1269,0,REST
14760,57.65625,-7.714,3.7339,6.9142,6.8665,0,REST
14761,57.66015625,-6.7778,8.326,7.4317,5.0691,0,REST
14762,57.6640625,-8.2804,8.6391,6.2509,0.7556,0,REST
14763,57.66796875,-4.2206,12.6472,6.8388,-0.5956,0,REST
14764,57.671875,-5.6004,14.969,6.4064,-3.4488,0,REST
14765,57.67578125,-3.5949,12.2499,-0.1206,-8.1336,0,REST
14766,57.6796875,0.3837,10.2539,3.886,-12.4741,0,REST
14767,57.68359375,-8.7488,6.2696,6.511,-13.2245,0,REST
14768,57.6875,-0.4163,4.592,2.638,-12.8006,0,REST
14769,57.69140625,-1.6955,4.7972,0.245,-8.6771,0,REST
14770,57.6953125,-0.0916,-0.2391,-2.9443,-11.2803,0,REST
14771,57.69921875,1.2006,-1.4393,-4.367,-9.4641,0,REST
14772,57.703125,3.1596,-5.6443,-2.7243,-3.5295,0,REST
14773,57.70703125,3.3037,-6.0973,-6.2533,-6.8452,0,REST
14774,57.7109375,1.7732,-11.7712,-2.554,-1.9429,0,REST
14775,57.71484375,4.0324,-10.6399,-3.0235,3.1855,0,REST
14776,57.71875,4.4971,-11.1636,-4.0462,5.3574,0,REST
14777,57.72265625,6.3049,-16.1294,1.1251,4.2784,0,REST
14778,57.7265625,1.6154,-14.0139,-2.9211,8.0492,0,REST
14779,57.73046875,1.0304,-9.1693,-3.5929,10.4464,0,REST
14780,57.734375,2.8037,-5.8533,-0.5823,9.918,0,REST
14781,57.73828125,-1.6716,-3.2321,-4.5201,9.5423,0,REST
14782,57.7421875,0.1984,0.404,0.0068,5.7473,0,REST
14783,57.74609375,3.572,6.4382,-3.0457,5.2349,0,REST
14784,57.75,3.8172,1.1908,0.3309,1.6501,0,REST
14785,57.75390625,-0.5336,5.4883,-2.2248,1.7594,0,REST
14786,57.7578125,-4.8201,8.6004,-1.742,0.1615,0,REST
14787,57.76171875,-0.0176,11.6176,0.7209,-5.0973,0,REST
14788,57.765625,-3.6729,12.2738,0.4844,-7.6301,0,REST
14789,57.76953125,-2.9571,10.8583,-1.1268,-8.2731,0,REST
14790,57.7734375,-6.2316,7.8468,2.7426,-6.2315,0,REST
14791,57.77734375,-3.2472,7.2806,2.5156,-6.9179,0,REST
14792,57.78125,-6.931,4.6168,3.2673,-11.7154,0,REST
14793,57.78515625,-2.8528,5.22,3.5897,-9.7903,0,REST
14794,57.7890625,-3.8847,1.4906,2.8265,-2.079,0,REST
14795,57.79296875,-2.9507,-2.5211,4.158,-3.8121,0,REST
14796,57.796875,-2.7777,-3.9555,6.2008,-1.8845,0,REST
14797,57.80078125,-0.7348,-7.0922,6.1244,-1.3053,0,REST
14798,57.8046875,-1.4951,-11.6248,2.239,3.6225,0,REST
14799,57.80859375,-1.8691,-11.7499,0.1493,6.3733,0,REST
14800,57.8125,0.0878,-9.5788,1.7866,4.3299,0,REST
14801,57.81640625,-0.4527,-9.2767,-1.9108,5.7363,0,REST
14802,57.8203125,4.6998,-12.969,-1.0637,6.2657,0,REST
14803,57.82421875,6.54,-6.9224,-4.7543,10.5613,0,REST
14804,57.828125,6.9707,-4.0695,-3.8148,8.4949,0,REST
14805,57.83203125,9.4849,0.1853,-3.9958,7.7943,0,REST
14806,57.8359375,7.2607,2.78,-2.2152,2.8223,0,REST
14807,57.83984375,1.3824,4.6654,-9.6744,6.0499,0,REST
14808,57.84375,6.8908,6.6949,-7.2567,3.4789,0,REST
14809,57.84765625,3.2991,6.7724,-7.3757,-3.0639,0,REST
14810,57.8515625,5.2787,6.7904,-6.3316,3.9866,0,REST
14811,57.85546875,3.2354,6.4478,-5.3347,-1.2938,0,REST
14812,57.859375,0.1584,10.6093,-3.7454,-6.9103,0,REST
14813,57.86328125,-3.9544,10.3852,-1.2789,-3.7613,0,REST
14814,57.8671875,-9.6991,8.358,2.1043,-4.781,0,REST
14815,57.87109375,-6.8051,5.8344,1.5102,-4.565,0,REST
14816,57.875,-6.7814,7.8763,6.688,-4.1859,0,REST
14817,57.87890625,-11.6476,4.9107,4.2344,-3.5416,0,REST
14818,57.8828125,-11.5742,-3.3832,10.5198,-1.488,0,REST
14819,57.88671875,-10.5363,2.2228,7.6663,-1.2205,0,REST
14820,57.890625,-10.1595,-3.3221,11.0258,-3.3577,0,REST
14821,57.89453125,-7.1568,-5.5189,11.7875,-0.6927,0,REST
14822,57.8984375,-3.3776,-10.8756,7.2297,0.6917,0,REST
14823,57.90234375,-3.3619,-10.0888,2.2674,2.1074,0,REST
14824,57.90625,-4.1445,-6.6513,6.7102,0.7979,0,REST
14825,57.91015625,-0.182,-11.1526,1.7763,3.2299,0,REST
14826,57.9140625,8.024,-8.5769,-0.211,3.6404,0,REST
14827,57.91796875,8.482,-3.2199,-3.5787,-0.249,0,REST
14828,57.921875,10.6188,-7.4251,-6.6091,0.212,0,REST
14829,57.92578125,14.1063,-0.6461,-6.1435,3.7054,0,REST
14830,57.9296875,12.406,2.8323,-8.9634,2.0393,0,REST
14831,57.93359375,15.0449,2.5854,-10.3017,6.6067,0,REST
14832,57.9375,10.8532,7.0004,-9.6542,2.1823,0,REST
14833,57.94140625,8.0824,3.25,-11.1697,2.9822,0,REST
14834,57.9453125,5.8588,5.7928,-10.5957,3.4104,0,REST
14835,57.94921875,6.9658,3.2761,-9.6151,1.1918,0,REST
14836,57.953125,-1.5899,0.5817,-7.8666,3.0184,0,REST
14837,57.95703125,-3.3867,3.8433,-3.1623,0.9844,0,REST
14838,57.9609375,-7.4049,8.9258,1.076,-3.3828,0,REST
14839,57.96484375,-9.1968,5.373,6.1903,-2.74,0,REST
14840,57.96875,-9.2498,2.5787,2.4332,-4.7946,0,REST
14841,57.97265625,-10.3419,5.5034,6.6717,-3.5435,0,REST
14842,57.9765625,-13.1055,1.5873,6.734,-3.9725,0,REST
14843,57.98046875,-10.968,2.8669,13.3052,-5.6972,0,REST
14844,57.984375,-8.6717,-1.8378,15.7504,-6.8363,0,REST
14845,57.98828125,-10.935,-3.0224,8.7504,-5.0696,0,REST
14846,57.9921875,-6.1444,-1.5074,12.7484,-4.3977,0,REST
14847,57.99609375,-4.554,-2.1222,8.2982,-1.3638,0,REST
14848,58.0,1.1501,-5.2608,8.0156,-1.5247,0,REST
14849,58.00390625,4.3411,-3.6862,6.1112,0.1676,0,REST
14850,58.0078125,5.004,-6.1404,-1.2899,-2.7838,0,REST
14851,58.01171875,9.0032,-5.6124,-2.4505,4.9221,0,REST
14852,58.015625,9.2784,-1.2545,-4.5426,0.2712,0,REST
14853,58.01953125,11.02,-1.6103,-9.1546,8.694,0,REST
14854,58.0234375,13.1703,-0.9752,-12.3264,4.3942,0,REST
14855,58.02734375,14.211,-4.4622,-10.2487,7.4081,0,REST
14856,58.03125,10.6443,0.8505,-12.6307,5.9465,0,REST
14857,58.03515625,7.6195,-0.1211,-12.2294,4.3095,0,REST
14858,58.0390625,0.5997,2.5381,-14.7108,7.7007,0,REST
14859,58.04296875,2.2931,0.8783,-10.4083,6.0164,0,REST
14860,58.046875,-2.3759,6.476,-9.8035,5.4667,0,REST
14861,58.05078125,-4.4004,2.251,-4.019,3.6637,0,REST
14862,58.0546875,-6.0086,0.7436,-2.5056,2.9295,0,REST
14863,58.05859375,-8.3893,3.0987,3.2317,-0.8977,0,REST
14864,58.0625,-9.1463,6.6252,4.474,-0.3264,0,REST
14865,58.06640625,-9.2757,-0.1195,6.3536,-4.7724,0,REST
14866,58.0703125,-7.9992,1.5638,13.0859,-7.8215,0,REST
14867,58.07421875,-9.2623,3.4714,13.1925,-11.0377,0,REST
14868,58.078125,-8.6516,0.1336,10.6654,-8.4193,0,REST
14869,58.08203125,-10.3048,0.1365,12.703,-13.5003,0,REST
14870,58.0859375,-4.7767,1.0023,12.9595,-9.5428,0,REST
14871,58.08984375,-2.4175,1.9586,9.9822,-9.334,0,REST
14872,58.09375,3.4527,-1.9158,5.7858,-6.2452,0,REST
14873,58.09765625,1.9115,-0.0258,4.239,-0.5948,0,REST
14874,58.1015625,4.4692,-1.935,2.5792,-3.1725,0,REST
14875,58.10546875,6.3266,-2.5268,-1.585,3.7478,0,REST
14876,58.109375,10.3888,-3.7638,-6.341,8.8193,0,REST
14877,58.11328125,10.3381,-0.9862,-7.2531,9.3071,0,REST
14878,58.1171875,14.5474,-2.8157,-8.2109,8.9107,0,REST
14879,58.12109375,10.6145,-5.3568,-10.6805,11.175,0,REST
14880,58.125,8.2645,-5.658,-8.8929,13.2397,0,REST
14881,58.12890625,11.7787,-4.2912,-9.0994,8.5822,0,REST
14882,58.1328125,6.9838,-3.1409,-6.9982,7.5184,0,REST
14883,58.13671875,2.3554,-4.2888,-7.0971,8.1385,0,REST
14884,58.140625,-3.7449,-1.3744,-5.2296,5.9646,0,REST
14885,58.14453125,-5.9164,-1.3232,-5.5168,-0.5199,0,REST
14886,58.1484375,-0.8157,-1.3179,0.3778,-2.5793,0,REST
14887,58.15234375,-4.6251,3.2537,1.3923,-3.3347,0,REST
14888,58.15625,-5.6128,3.944,0.1678,-3.9677,0,REST
14889,58.16015625,-5.3228,4.4184,3.9941,-8.5295,0,REST
14890,58.1640625,-6.5562,0.5868,6.7698,-9.6545,0,REST
14891,58.16796875,-6.5423,8.59,4.5562,-13.1869,0,REST
14892,58.171875,-6.2311,3.9071,9.2008,-8.8145,0,REST
14893,58.17578125,-5.065,5.2346,4.6523,-10.2783,0,REST
14894,58.1796875,-2.4231,8.8442,7.9074,-8.7166,0,REST
14895,58.18359375,-1.8893,8.9973,6.9684,-7.1126,0,REST
14896,58.1875,-1.6246,2.0031,7.107,-2.3846,0,REST
14897,58.19140625,-2.3952,0.4097,1.9396,-1.9045,0,REST
14898,58.1953125,-1.2003,1.7859,4.2378,-1.8763,0,REST
14899,58.19921875,3.7775,0.5425,4.8936,3.8925,0,REST
14900,58.203125,-1.0496,-4.0476,0.0408,10.1485,0,REST
14901,58.20703125,4.1516,-1.9591,-1.4025,11.291,0,REST
14902,58.2109375,4.1306,-6.9248,-1.5896,11.0365,0,REST
14903,58.21484375,2.2773,-3.5193,1.6835,10.376,0,REST
14904,58.21875,4.3179,-7.4923,0.8935,10.3156,0,REST
14905,58.22265625,1.5011,-7.6874,-3.315,13.3119,0,REST
14906,58.2265625,3.4453,-3.0325,-4.47,8.1475,0,REST
14907,58.23046875,2.5899,-7.1001,-3.1073,6.8789,0,REST
14908,58.234375,1.7805,-5.3195,-0.1231,7.3305,0,REST
14909,58.23828125,-0.0289,-2.0641,-1.817,1.3689,0,REST
14910,58.2421875,2.7375,-5.0942,-6.615,-4.9314,0,REST
14911,58.24609375,2.0309,2.0747,-0.8211,-6.2491,0,REST
14912,58.25,2.425,2.6422,0.0799,-8.7776,0,REST
14913,58.25390625,-0.4707,2.2833,-1.4668,-12.4854,0,REST
14914,58.2578125,-0.1307,3.7832,-4.116,-13.1722,0,REST
14915,58.26171875,0.2111,8.6944,-3.8206,-15.5568,0,REST
14916,58.265625,-3.9197,9.8934,-2.3352,-9.7106,0,REST
14917,58.26953125,-5.65,7.3796,-3.502,-11.1187,0,REST
14918,58.2734375,-2.8694,5.8347,1.0106,-3.9635,0,REST
14919,58.27734375,-6.4858,4.8765,0.4593,-3.8428,0,REST
14920,58.28125,-3.1538,9.0651,3.2634,-1.976,0,REST
14921,58.28515625,-4.7472,2.4049,4.5689,1.7069,0,REST
14922,58.2890625,-4.8378,1.796,4.8765,6.5186,0,REST
14923,58.29296875,-3.2339,-4.422,5.6858,7.7762,0,REST
14924,58.296875,-3.4695,-2.557,-1.2788,9.8646,0,REST
14925,58.30078125,-2.6739,-3.6894,6.9801,12.2337,0,REST
14926,58.3046875,-4.6891,-6.6289,9.6964,11.2665,0,REST
14927,58.30859375,-0.1202,-8.4856,5.0066,7.4729,0,REST
14928,58.3125,3.1403,-12.8509,5.1132,7.7353,0,REST
14929,58.31640625,0.3871,-11.068,0.3495,6.0053,0,REST
14930,58.3203125,1.4853,-6.2422,0.1476,6.9124,0,REST
14931,58.32421875,3.7114,-13.7795,7.1467,2.3039,0,REST
14932,58.328125,5.9787,-9.4068,-3.0212,0.6401,0,REST
14933,58.33203125,6.6198,-5.7031,-2.4147,-4.4127,0,REST
14934,58.3359375,8.4712,-2.5772,-4.5621,-6.6745,0,REST
14935,58.33984375,6.1134,-1.7086,-7.2086,-8.7534,0,REST
14936,58.34375,10.5961,3.4497,-8.6479,-6.8357,0,REST
14937,58.34765625,6.5142,5.5798,-8.2229,-11.4611,0,REST
14938,58.3515625,4.6612,10.8341,-11.4824,-9.1856,0,REST
14939,58.35546875,3.9753,7.6431,-4.7599,-7.7414,0,REST
14940,58.359375,0.7791,14.5353,-12.2096,-6.7979,0,REST
14941,58.36328125,-0.9856,12.1232,-10.9124,-4.1746,0,REST
14942,58.3671875,-3.7247,10.3399,-6.8136,-3.9112,0,REST
14943,58.37109375,-6.0742,8.9251,-4.443,-0.1269,0,REST
14944,58.375,-10.211,10.4577,1.1896,-1.4033,0,REST
14945,58.37890625,-8.2262,3.9538,3.6987,5.0553,0,REST
14946,58.3828125,-6.9457,4.1067,2.0879,9.3632,0,REST
14947,58.38671875,-8.0814,-2.1225,7.0096,7.8041,0,REST
14948,58.390625,-7.7872,-3.5719,11.2544,7.8701,0,REST
14949,58.39453125,-8.32,-1.2334,8.4731,10.8538,0,REST
14950,58.3984375,-7.6048,-8.7762,7.7225,11.4741,0,REST
14951,58.40234375,-3.0497,-7.459,11.1238,9.097,0,REST
14952,58.40625,1.5869,-13.8591,13.6885,4.4273,0,REST
14953,58.41015625,-0.7355,-13.9692,9.3854,3.9634,0,REST
14954,58.4140625,5.6775,-12.5067,3.9586,1.346,0,REST
14955,58.41796875,8.9804,-15.6271,5.3748,1.5443,0,REST
14956,58.421875,9.9672,-5.6153,4.1748,-0.7532,0,REST
14957,58.42578125,11.1118,-5.1671,-2.3041,-3.5201,0,REST
14958,58.4296875,9.1999,3.1568,-5.8327,-9.296,0,REST
14959,58.43359375,10.8321,0.5056,-6.1025,-4.783,0,REST
14960,58.4375,11.6398,3.6688,-7.4474,-9.4311,0,REST
14961,58.44140625,6.0187,5.9962,-12.6343,-7.9837,0,REST
14962,58.4453125,0.3609,9.1421,-13.6177,-6.0615,0,REST
14963,58.44921875,0.877,11.1232,-14.1495,-5.4938,0,REST
14964,58.453125,-0.0078,16.8841,-11.4533,-6.8229,0,REST
14965,58.45703125,-2.4787,15.193,-9.5026,-0.2163,0,REST
14966,58.4609375,-8.2248,9.8022,-3.9025,-1.1988,0,REST
14967,58.46484375,-9.8553,9.6526,-6.4086,2.1667,0,REST
14968,58.46875,-10.6535,7.2654,1.1555,4.9724,0,REST
14969,58.47265625,-13.4228,2.3645,3.9584,0.9901,0,REST
14970,58.4765625,-9.65,5.0918,0.9248,5.2451,0,REST
14971,58.48046875,-13.6696,-3.7747,6.3411,4.8573,0,REST
14972,58.484375,-14.9275,-2.0877,12.4186,6.7455,0,REST
14973,58.48828125,-8.21,-7.0095,14.3367,6.3205,0,REST
14974,58.4921875,-7.4931,-8.6075,14.622,4.159,0,REST
14975,58.49609375,-1.5807,-10.2525,12.8053,8.1829,0,REST
14976,58.5,-1.7493,-13.2834,12.1962,3.9933,0,REST
14977,58.50390625,1.3114,-16.1683,11.529,1.3822,0,REST
14978,58.5078125,4.3971,-10.2511,10.5947,0.9219,0,REST
14979,58.51171875,9.6627,-11.9699,7.8166,2.0418,0,REST
14980,58.515625,10.4069,-11.4137,3.8815,-1.6344,0,REST
14981,58.51953125,12.5548,-4.979,-1.429,-0.7064,0,REST
14982,58.5234375,13.4168,-3.9225,-4.5539,0.7951,0,REST
14983,58.52734375,10.4309,2.1063,-4.6336,-1.1197,0,REST
14984,58.53125,8.5184,5.0743,-10.0391,-0.2408,0,REST
14985,58.53515625,6.4715,6.38,-10.8546,0.2203,0,REST
14986,58.5390625,2.7998,13.0286,-11.7681,-1.149,0,REST
14987,58.54296875,-2.3848,14.2171,-12.9778,-3.0275,0,REST
14988,58.546875,-1.0482,12.336,-9.9664,-7.7955,0,REST
14989,58.55078125,-3.868,13.2082,-15.1086,-5.3757,0,REST
14990,58.5546875,-5.0707,11.5035,-8.2555,-3.5682,0,REST
14991,58.55859375,-7.6644,8.3108,-4.2393,-5.3344,0,REST
14992,58.5625,-10.6804,7.6294,0.0027,-5.0609,0,REST
14993,58.56640625,-13.8006,2.7382,-1.0733,-3.2604,0,REST
14994,58.5703125,-13.4651,2.6524,0.5726,-1.6753,0,REST
14995,58.57421875,-12.7437,2.0241,4.8907,0.192,0,REST
14996,58.578125,-6.3232,-5.5108,8.7699,1.7146,0,REST
14997,58.58203125,-7.4623,-5.4659,8.5573,-4.3638,0,REST
14998,58.5859375,-3.1113,-8.6749,7.8272,2.4017,0,REST
14999,58.58984375,-2.4728,-9.8168,11.2874,-0.2032,0,REST
15000,58.59375,-1.3921,-14.9161,9.4727,2.079,0,REST
15001,58.59765625,4.3157,-10.9569,12.3527,5.4117,0,REST
15002,58.6015625,5.9352,-9.7494,6.5775,8.9799,0,REST
15003,58.60546875,4.4214,-9.6069,5.8893,8.0177,0,REST
15004,58.609375,9.3575,-4.5563,3.1397,3.8357,0,REST
15005,58.61328125,11.6805,-7.2815,0.6598,8.085,0,REST
15006,58.6171875,10.5352,-3.0313,-1.7946,6.4162,0,REST
15007,58.62109375,7.7505,2.7285,-3.6758,3.4067,0,REST
15008,58.625,4.6544,-0.0472,-5.0443,3.4822,0,REST
15009,58.62890625,5.2368,2.583,-9.0053,-0.5791,0,REST
15010,58.6328125,5.041,8.6725,-8.7769,0.3335,0,REST
15011,58.63671875,-0.0449,10.1967,-8.8252,0.8288,0,REST
15012,58.640625,1.5724,10.4613,-5.8523,-7.9308,0,REST
15013,58.64453125,-6.3654,7.9705,-7.5691,-7.3326,0,REST
15014,58.6484375,-9.0644,11.0946,-5.5723,-10.3409,0,REST
15015,58.65234375,-8.6079,9.4737,0.0378,-7.6095,0,REST
15016,58.65625,-8.3888,5.7062,-4.4281,-9.5414,0,REST
15017,58.66015625,-10.9444,6.5644,-0.2932,-8.4382,0,REST
15018,58.6640625,-9.3564,-1.6969,-2.6971,-8.4538,0,REST
15019,58.66796875,-5.9589,1.0423,0.8827,-2.6227,0,REST
15020,58.671875,-6.5118,-0.9457,0.6027,-3.6193,0,REST
15021,58.67578125,-8.555,-3.5575,5.7621,1.2874,0,REST
15022,58.6796875,-2.3141,-4.1859,7.8464,4.7755,0,REST
15023,58.68359375,-3.1802,-7.5713,4.7692,1.5526,0,REST
15024,58.6875,-0.838,-5.2971,6.347,11.1493,0,REST
15025,58.69140625,1.1453,-8.1739,1.7359,6.5366,0,REST
15026,58.6953125,2.2936,-7.577,0.8188,10.1718,0,REST
15027,58.69921875,1.3056,-3.7882,5.9846,8.7732,0,REST
15028,58.703125,4.4333,-3.5852,3.7291,13.3547,0,REST
15029,58.70703125,2.5062,0.2418,3.8574,7.7217,0,REST
15030,58.7109375,3.0253,-4.3724,1.0793,4.2814,0,REST
15031,58.71484375,2.9687,0.4314,0.2933,5.1625,0,REST
15032,58.71875,4.1908,-0.8229,-3.605,-0.6279,0,REST
15033,58.72265625,3.1616,3.285,0.9142,-7.1586,0,REST
15034,58.7265625,1.7493,2.7122,-0.5948,-2.3853,0,REST
15035,58.73046875,3.3062,5.4734,-2.5269,-6.0915,0,REST
15036,58.734375,0.9231,9.7478,-2.5371,-8.2196,0,REST
15037,58.73828125,2.5844,8.0744,-2.2711,-11.2009,0,REST
15038,58.7421875,-0.776,5.8232,-7.7026,-11.8068,0,REST
15039,58.74609375,1.703,4.8058,-7.53,-12.6121,0,REST
15040,58.75,1.4831,5.4156,-4.9187,-10.9812,0,REST
15041,58.75390625,-4.2909,2.454,-2.5055,-10.3696,0,REST
15042,58.7578125,-1.2171,-0.5766,-3.8294,-5.6116,0,REST
15043,58.76171875,-1.2729,0.3149,-4.0982,-6.3793,0,REST
15044,58.765625,2.6773,0.6894,-2.5184,0.0837,0,REST
15045,58.76953125,0.7678,-1.9926,-7.2859,1.6378,0,REST
15046,58.7734375,-1.1199,0.5114,-2.2879,6.7063,0,REST
15047,58.77734375,-4.8458,-0.5764,-2.1478,10.4122,0,REST
15048,58.78125,-6.3748,-2.0527,-0.8634,13.2152,0,REST
15049,58.78515625,-5.0048,-5.1101,1.2096,11.5457,0,REST
15050,58.7890625,-0.5155,-1.6834,-1.2302,10.843,0,REST
15051,58.79296875,-2.5686,-6.1049,6.284,11.4469,0,REST
15052,58.796875,-3.6969,-2.504,2.2996,9.2302,0,REST
15053,58.80078125,-2.0525,-0.1116,4.6709,5.3338,0,REST
15054,58.8046875,-3.612,-3.4582,6.3222,7.1132,0,REST
15055,58.80859375,-1.752,-3.1925,3.6843,1.0388,0,REST
15056,58.8125,2.5887,-1.2488,4.5297,-2.4559,0,REST
15057,58.81640625,5.2484,-1.1447,6.834,-4.9832,0,REST
15058,58.8203125,0.9476,-0.2607,5.5278,-7.7162,0,REST
15059,58.82421875,7.4573,-0.7788,4.8329,-12.7556,0,REST
15060,58.828125,8.0551,-0.0403,4.4877,-8.5836,0,REST
15061,58.83203125,5.1416,3.8764,0.4048,-14.0326,0,REST
15062,58.8359375,6.0917,5.1516,3.2131,-13.3704,0,REST
15063,58.83984375,10.4154,2.3546,1.2867,-9.5179,0,REST
15064,58.84375,5.8993,3.1867,-4.9785,-5.9964,0,REST
15065,58.84765625,6.0199,6.176,-7.9634,-5.3324,0,REST
15066,58.8515625,2.9191,5.1955,-6.5197,-5.6602,0,REST
15067,58.85546875,2.603,1.2847,-8.8334,0.1657,0,REST
15068,58.859375,0.898,6.8567,-9.3668,5.7831,0,REST
15069,58.86328125,-0.6903,1.2782,-6.8706,3.4609,0,REST
15070,58.8671875,-4.4529,3.0259,-8.1333,6.3723,0,REST
15071,58.87109375,-0.8666,5.3934,-8.4267,12.0659,0,REST
15072,58.875,-9.4674,3.0722,-4.2133,13.9017,0,REST
15073,58.87890625,-6.8814,-5.4474,-5.0291,12.4638,0,REST
15074,58.8828125,-10.5002,2.6377,-3.4794,12.8772,0,REST
15075,58.88671875,-9.748,-1.5854,-0.4749,12.5224,0,REST
15076,58.890625,-7.6085,-3.0509,3.3291,6.8851,0,REST
15077,58.89453125,-9.0053,-1.1538,5.4335,7.0116,0,REST
15078,58.8984375,-7.9115,-4.4025,7.3901,4.2356,0,REST
15079,58.90234375,0.4718,-1.893,7.7228,-1.7646,0,REST
15080,58.90625,2.924,-4.4928,10.8549,-3.3916,0,REST
15081,58.91015625,-1.3437,-4.2906,13.4541,-7.2491,0,REST
15082,58.9140625,5.1646,-1.1324,14.161,-7.1791,0,REST
15083,58.91796875,6.8895,0.7087,7.5172,-10.9851,0,REST
15084,58.921875,11.1718,-0.1572,4.8063,-13.0744,0,REST
15085,58.92578125,8.0474,-3.1154,4.4338,-13.0747,0,REST
15086,58.9296875,11.5145,-1.8527,6.9974,-8.8634,0,REST
15087,58.93359375,12.8945,-0.3904,0.1847,-9.257,0,REST
15088,58.9375,14.4425,3.6431,-2.0598,-6.5837,0,REST
15089,58.94140625,7.0433,2.5593,-4.9853,-1.9334,0,REST
15090,58.9453125,7.3447,6.8707,-11.0611,-2.3786,0,REST
15091,58.94921875,3.9637,4.3347,-12.1395,3.3226,0,REST
15092,58.953125,3.445,6.5988,-9.967,5.0461,0,REST
15093,58.95703125,-2.3024,9.7362,-16.3111,9.1428,0,REST
15094,58.9609375,-6.4604,5.389,-10.3818,12.4326,0,REST
15095,58.96484375,-7.4172,7.4023,-11.952,9.0714,0,REST
15096,58.96875,-9.1833,5.3287,-9.3738,12.0211,0,REST
15097,58.97265625,-14.1006,5.4622,-4.9668,6.916,0,REST
15098,58.9765625,-13.2623,0.9247,-4.73,8.87,0,REST
15099,58.98046875,-11.8985,0.9093,-2.8654,6.3574,0,REST
15100,58.984375,-13.938,-1.2432,6.0944,1.8219,0,REST
15101,58.98828125,-11.5976,-4.3295,4.4625,3.003,0,REST
15102,58.9921875,-7.5528,-2.1656,7.4705,-2.2917,0,REST
15103,58.99609375,0.1284,-5.3061,11.3462,-3.3405,0,REST
15104,59.0,-1.5906,-9.4547,12.423,-5.3586,0,REST
15105,59.00390625,3.4983,-7.2893,14.02,-2.8166,0,REST
15106,59.0078125,9.8068,-5.0256,11.438,-7.4454,0,REST
15107,59.01171875,14.8733,-3.0746,13.208,-9.8349,0,REST
15108,59.015625,9.6297,-5.7068,6.5264,-4.4916,0,REST
15109,59.01953125,15.8098,-11.2221,8.3662,-2.9511,0,REST
15110,59.0234375,11.5109,-3.5005,4.076,-6.0797,0,REST
15111,59.02734375,11.0206,1.1207,-0.5918,-5.5475,0,REST
15112,59.03125,12.5038,-0.9054,-2.6807,-3.4264,0,REST
15113,59.03515625,8.5607,2.7964,-5.683,-3.5438,0,REST
15114,59.0390625,9.6417,7.1186,-9.4178,1.9128,0,REST
15115,59.04296875,1.1113,10.8875,-9.8681,3.0289,0,REST
15116,59.046875,-2.8416,9.8857,-12.7293,1.4001,0,REST
15117,59.05078125,-2.4801,11.858,-11.5716,4.3916,0,REST
15118,59.0546875,-4.4556,13.9415,-13.6791,6.6348,0,REST
15119,59.05859375,-7.436,13.205,-11.7536,7.0228,0,REST
15120,59.0625,-10.2619,10.2666,-10.9399,5.1388,0,REST
15121,59.06640625,-9.4372,5.2879,-10.5593,5.29,0,REST
15122,59.0703125,-13.1116,4.2983,-4.1621,2.9534,0,REST
15123,59.07421875,-10.419,3.8907,-1.7216,2.8822,0,REST
15124,59.078125,-10.1069,-3.2106,1.2625,1.6377,0,REST
15125,59.08203125,-7.6434,-7.8345,4.757,0.603,0,REST
15126,59.0859375,-3.6061,-5.3876,4.8241,1.3414,0,REST
15127,59.08984375,-3.6175,-10.6897,11.0829,2.3732,0,REST
15128,59.09375,-2.9134,-9.6518,10.0509,-0.8905,0,REST
15129,59.09765625,2.2768,-14.3247,12.4586,-3.3986,0,REST
15130,59.1015625,6.9888,-14.0563,6.8049,-2.7412,0,REST
15131,59.10546875,5.8298,-11.7476,12.5989,-1.6029,0,REST
15132,59.109375,10.98,-9.154,9.3268,-0.5221,0,REST
15133,59.11328125,9.5981,-8.2666,5.5848,0.0628,0,REST
15134,59.1171875,11.5101,-5.9735,1.267,-1.2644,0,REST
15135,59.12109375,9.5213,-0.0818,-3.2375,-2.4992,0,REST
15136,59.125,9.7608,0.3313,-1.8916,-3.1492,0,REST
15137,59.12890625,2.6783,4.2746,-1.8642,-2.4657,0,REST
15138,59.1328125,7.519,10.341,-0.522,-2.6557,0,REST
15139,59.13671875,3.0539,6.6981,-8.7257,-1.1235,0,REST
15140,59.140625,1.9398,13.385,-6.2955,-0.9024,0,REST
15141,59.14453125,-2.7839,10.713,-5.7414,0.2948,0,REST
15142,59.1484375,-4.0892,12.5762,-8.8615,-2.0799,0,REST
15143,59.15234375,-2.979,14.9321,-9.1882,0.6853,0,REST
15144,59.15625,-9.7986,10.0834,-10.1754,4.569,0,REST
15145,59.16015625,-5.0572,8.0265,-3.208,0.6737,0,REST
15146,59.1640625,-6.1567,6.1712,-3.2033,2.7688,0,REST
15147,59.16796875,-8.4869,1.5841,0.8183,6.0088,0,REST
15148,59.171875,-4.4482,-1.0743,-0.9691,3.1514,0,REST
15149,59.17578125,-4.1265,-5.6113,1.1543,4.6093,0,REST
15150,59.1796875,-5.2273,-4.6841,1.0357,2.3604,0,REST
15151,59.18359375,-0.6007,-10.9403,5.0166,3.1344,0,REST
15152,59.1875,-2.3334,-16.1348,1.1324,5.0179,0,REST
15153,59.19140625,2.7617,-14.6561,5.5331,4.3797,0,REST
15154,59.1953125,0.4658,-15.723,8.0068,0.1399,0,REST
15155,59.19921875,1.3196,-11.1908,7.3168,-1.0322,0,REST
15156,59.203125,3.5842,-6.5827,5.1195,-2.0627,0,REST
15157,59.20703125,4.3236,-6.0031,4.4052,-1.1989,0,REST
15158,59.2109375,4.4486,-5.1335,1.6795,-5.4288,0,REST
15159,59.21484375,2.9018,-3.086,2.3482,-1.8787,0,REST
15160,59.21875,2.2543,0.2909,2.6714,-6.566,0,REST
15161,59.22265625,4.395,6.3986,1.0474,-5.1758,0,REST
15162,59.2265625,-0.1169,6.3265,1.931,-7.6884,0,REST
15163,59.23046875,3.7914,11.6165,-3.906,-9.2734,0,REST
15164,59.234375,3.2044,12.7219,-0.9681,-5.1562,0,REST
15165,59.23828125,0.4114,14.2167,-3.8671,-7.5758,0,REST
15166,59.2421875,-3.9074,9.8833,-4.0377,-7.4051,0,REST
15167,59.24609375,1.2843,12.04,-4.8914,5.217,0,REST
15168,59.25,0.0231,10.7785,-3.6346,2.6935,0,REST
15169,59.25390625,-4.4976,7.0936,0.6666,1.1967,0,REST
15170,59.2578125,-0.4584,0.5608,-3.5047,3.853,0,REST
15171,59.26171875,-0.0202,4.1554,-0.8771,4.1928,0,REST
15172,59.265625,-1.9256,0.1569,-3.9004,9.4019,0,REST
15173,59.26953125,-2.0353,-5.8315,-2.5656,8.5039,0,REST
15174,59.2734375,-3.6987,-8.7735,2.6117,9.9278,0,REST
15175,59.27734375,-3.7673,-12.9296,-1.7944,10.2457,0,REST
15176,59.28125,-2.0583,-13.6078,-3.3951,7.0394,0,REST
15177,59.28515625,-2.509,-12.8087,-4.1082,4.4619,0,REST
15178,59.2890625,-6.8881,-13.2562,-3.0359,7.7532,0,REST
15179,59.29296875,-2.0608,-10.6112,-2.1555,1.9098,0,REST
15180,59.296875,-0.927,-9.795,-1.8232,-4.8264,0,REST
15181,59.30078125,-1.7633,-9.4724,-0.0633,-4.5779,0,REST
15182,59.3046875,-5.5668,-1.3788,4.3034,-13.3131,0,REST
15183,59.30859375,0.9393,-1.9806,4.9331,-10.9573,0,REST
15184,59.3125,0.7709,3.8739,6.675,-9.1479,0,REST
15185,59.31640625,2.6118,4.4816,5.756,-11.8258,0,REST
15186,59.3203125,3.7633,9.127,5.2754,-9.0507,0,REST
15187,59.32421875,7.9364,13.8718,6.9724,-9.289,0,REST
15188,59.328125,4.0159,11.5186,3.1436,-8.9442,0,REST
15189,59.33203125,5.6411,12.7428,8.6266,-3.1742,0,REST
15190,59.3359375,10.9823,13.0093,8.0436,-1.3508,0,REST
15191,59.33984375,6.4053,11.7452,3.2916,3.0889,0,REST
15192,59.34375,5.6561,6.9732,3.3991,5.291,0,REST
15193,59.34765625,5.0403,6.1363,-3.8004,5.8619,0,REST
15194,59.3515625,5.8896,2.2754,-2.1959,11.8297,0,REST
15195,59.35546875,-0.6488,3.6555,-2.556,12.0414,0,REST
15196,59.359375,2.4069,-4.4412,-5.6934,12.9824,0,REST
15197,59.36328125,-1.0898,-4.831,-8.6144,12.9597,0,REST
15198,59.3671875,-5.921,-7.3221,-10.342,9.598,0,REST
15199,59.37109375,-9.0497,-11.2834,-6.5871,12.3926,0,REST
15200,59.375,-7.8657,-10.3631,-5.9583,7.3776,0,REST
15201,59.37890625,-12.7143,-11.2673,-8.6545,2.4353,0,REST
15202,59.3828125,-10.1538,-6.8164,-8.1555,-0.9204,0,REST
15203,59.38671875,-12.3193,-8.003,-5.352,-2.7914,0,REST
15204,59.390625,-12.1198,-5.8666,-4.9771,-2.8159,0,REST
15205,59.39453125,-6.9184,-5.6645,-1.6439,-13.5064,0,REST
15206,59.3984375,-4.4543,-8.7798,1.7464,-9.6011,0,REST
15207,59.40234375,-3.4479,-4.5871,3.8849,-12.6319,0,REST
15208,59.40625,0.9374,1.7717,8.4134,-13.2181,0,REST
15209,59.41015625,1.8637,1.7431,5.8969,-13.8661,0,REST
15210,59.4140625,5.5774,6.8251,11.1859,-10.2512,0,REST
15211,59.41796875,7.1478,6.5244,13.4333,-4.8828,0,REST
15212,59.421875,9.6754,11.7802,10.0562,-7.273,0,REST
15213,59.42578125,12.1985,7.4635,10.4644,2.1847,0,REST
15214,59.4296875,9.0802,10.7171,8.1012,5.1661,0,REST
15215,59.43359375,11.0853,7.9612,8.35,1.7584,0,REST
15216,59.4375,9.6609,4.2156,4.4073,6.7416,0,REST
15217,59.44140625,11.9852,6.7181,-0.1189,7.9256,0,REST
15218,59.4453125,6.0708,1.7066,2.6898,12.6323,0,REST
15219,59.44921875,4.1438,0.78,-7.6985,10.5199,0,REST
15220,59.453125,4.5835,-1.1642,-7.277,13.1553,0,REST
15221,59.45703125,-3.8114,-5.0099,-11.6702,10.1719,0,REST
15222,59.4609375,-4.7467,-4.404,-8.7667,8.2302,0,REST
15223,59.46484375,-10.0408,-5.3263,-19.2299,7.4089,0,REST
15224,59.46875,-14.1331,-5.3814,-15.0161,3.698,0,REST
15225,59.47265625,-13.298,-9.277,-11.8321,-1.7443,0,REST
15226,59.4765625,-13.1957,-8.768,-14.6702,-2.3818,0,REST
15227,59.48046875,-13.0907,-10.7991,-7.013,-9.2145,0,REST
15228,59.484375,-13.6196,-3.5523,-4.4331,-11.2306,0,REST
15229,59.48828125,-10.7935,-3.0544,1.1645,-12.5024,0,REST
15230,59.4921875,-7.5834,-1.9094,2.2791,-13.1422,0,REST
15231,59.49609375,-3.5063,-2.1031,5.4909,-7.8249,0,REST
15232,59.5,1.5962,1.9155,8.2968,-7.9777,0,REST
15233,59.50390625,5.7928,3.769,9.0538,-9.3233,0,REST
15234,59.5078125,8.3049,-0.4824,14.044,-7.0263,0,REST
15235,59.51171875,5.4958,3.1876,11.4826,-5.9983,0,REST
15236,59.515625,12.2858,7.656,13.2682,-3.7131,0,REST
15237,59.51953125,13.938,2.7786,15.058,2.0894,0,REST
15238,59.5234375,8.2366,2.819,12.4964,2.5165,0,REST
15239,59.52734375,9.4366,0.6431,6.9111,6.4486,0,REST
15240,59.53125,9.4235,4.332,3.4488,6.6818,0,REST
15241,59.53515625,9.0646,1.636,-0.7836,10.8549,0,REST
15242,59.5390625,8.6679,1.7934,-0.7134,9.1898,0,REST
15243,59.54296875,0.8203,4.4543,-1.947,9.9284,0,REST
15244,59.546875,0.5773,-0.4596,-10.3006,11.5022,0,REST
15245,59.55078125,-0.896,0.3903,-8.8084,5.0058,0,REST
15246,59.5546875,-4.1749,1.8183,-12.8217,3.8122,0,REST
15247,59.55859375,-12.6661,2.5361,-12.9472,1.1431,0,REST
15248,59.5625,-12.4742,-3.0339,-15.8517,0.5725,0,REST
15249,59.56640625,-11.0087,-4.2552,-8.433,-3.5634,0,REST
15250,59.5703125,-8.9083,-1.2375,-8.7504,-4.664,0,REST
15251,59.57421875,-10.4883,-3.9577,-7.9015,-8.0539,0,REST
15252,59.578125,-11.0676,-4.8064,-3.5328,-5.9445,0,REST
15253,59.58203125,-4.9501,-5.0478,-1.2855,-4.3138,0,REST
15254,59.5859375,-4.5536,-2.9684,-0.5353,-9.6288,0,REST
15255,59.58984375,-0.1049,-1.3032,2.5762,-6.645,0,REST
15256,59.59375,-0.4948,-1.8463,5.1931,-9.3009,0,REST
15257,59.59765625,3.5938,-0.7366,8.1147,-7.8725,0,REST
15258,59.6015625,5.5389,-1.4591,8.9609,-2.6035,0,REST
15259,59.60546875,4.4401,1.0341,10.0233,-0.5977,0,REST
15260,59.609375,8.166,2.8907,9.1601,1.1369,0,REST
15261,59.61328125,8.0805,-2.5733,9.162,0.3944,0,REST
15262,59.6171875,10.5383,3.2891,9.1493,-0.5698,0,REST
15263,59.62109375,9.4108,2.2082,4.9498,6.9016,0,REST
15264,59.625,9.9302,-1.2925,5.1755,3.0519,0,REST
15265,59.62890625,7.3478,3.758,3.7445,8.6821,0,REST
15266,59.6328125,2.2842,4.7644,0.5281,6.3924,0,REST
15267,59.63671875,0.854,3.2476,-2.7992,5.8553,0,REST
15268,59.640625,0.28,3.9677,-5.8927,2.9061,0,REST
15269,59.64453125,-1.0099,1.7761,-1.3296,3.5592,0,REST
15270,59.6484375,0.2578,3.8883,-6.25,2.9554,0,REST
15271,59.65234375,-3.542,6.0301,-6.724,3.154,0,REST
15272,59.65625,-3.2649,2.4898,-7.8096,0.2786,0,REST
15273,59.66015625,-8.5349,1.7295,-5.1662,-0.2173,0,REST
15274,59.6640625,-7.9739,2.4604,-3.096,-3.2598,0,REST
15275,59.66796875,-7.4253,-1.8544,-4.7932,-0.0111,0,REST
15276,59.671875,-4.8723,-5.9511,-4.4604,-3.2829,0,REST
15277,59.67578125,-3.6119,2.1761,-4.1708,-4.0832,0,REST
15278,59.6796875,-4.695,-6.1818,2.3088,-1.2483,0,REST
15279,59.68359375,-4.3478,-5.1166,2.032,-0.4603,0,REST
15280,59.6875,1.0199,-2.4986,3.3556,-2.9179,0,REST
15281,59.69140625,3.4917,-1.4227,7.1463,-2.0238,0,REST
15282,59.6953125,2.6673,-6.2976,3.0259,-2.8301,0,REST
15283,59.69921875,4.5053,-2.8266,6.7272,0.3445,0,REST
15284,59.703125,7.0403,-3.0723,2.9847,-2.3979,0,REST
15285,59.70703125,4.9814,-4.1818,2.9838,-2.2734,0,REST
15286,59.7109375,10.0199,-1.8684,5.6169,0.6481,0,REST
15287,59.71484375,4.2741,-0.0993,1.3745,-1.14,0,REST
15288,59.71875,5.98,4.6799,2.0477,0.0389,0,REST
15289,59.72265625,3.1614,2.193,5.8168,-0.3992,0,REST
15290,59.7265625,4.6402,5.5754,-0.8131,0.3689,0,REST
15291,59.73046875,-0.4106,3.8292,4.1337,1.5835,0,REST
15292,59.734375,2.1529,7.0135,1.5592,0.808,0,REST
15293,59.73828125,1.989,10.771,2.1458,4.3453,0,REST
15294,59.7421875,-0.4361,6.8949,-0.5831,5.7846,0,REST
15295,59.74609375,-3.6828,7.8192,0.9176,4.6116,0,REST
15296,59.75,3.8597,10.7119,-1.3692,2.1701,0,REST
15297,59.75390625,1.6209,6.5981,0.0587,4.3501,0,REST
15298,59.7578125,-3.8589,1.4202,-3.8245,4.9473,0,REST
15299,59.76171875,0.3514,2.979,-1.3887,0.8697,0,REST
15300,59.765625,-0.8486,-0.2406,-4.2026,4.4564,0,REST
15301,59.76953125,-6.3886,-2.0583,-2.1492,1.8027,0,REST
15302,59.7734375,-2.5938,-0.9402,-5.5865,4.005,0,REST
15303,59.77734375,1.5306,-7.0086,-2.6421,-4.2496,0,REST
15304,59.78125,-3.2496,-5.9704,-1.1962,-3.7007,0,REST
15305,59.78515625,-0.4809,-9.4546,-5.5841,0.1096,0,REST
15306,59.7890625,-5.7291,-10.5129,-3.8512,-4.5389,0,REST
15307,59.79296875,-4.1857,-10.5418,-4.4621,-8.6094,0,REST
15308,59.796875,-3.569,-6.6882,-2.1975,-4.1788,0,REST
15309,59.80078125,-0.6075,-8.1928,-3.7315,-7.478,0,REST
15310,59.8046875,-2.2166,-5.2724,0.3433,-4.7319,0,REST
15311,59.80859375,-2.7923,-3.714,-1.3085,-7.0279,0,REST
15312,59.8125,1.8484,0.3846,3.3715,-5.816,0,REST
15313,59.81640625,2.0718,5.7323,4.6037,-1.2378,0,REST
15314,59.8203125,3.369,5.8469,4.5041,-1.0371,0,REST
15315,59.82421875,7.818,8.6898,4.5319,2.1081,0,REST
15316,59.828125,7.8217,7.3071,9.3533,4.5425,0,REST
15317,59.83203125,6.9769,9.4843,8.4225,2.2073,0,REST
15318,59.8359375,5.5013,9.3092,8.0313,11.2128,0,REST
15319,59.83984375,9.2197,6.8946,7.1504,7.3153,0,REST
15320,59.84375,6.5077,9.4197,6.1743,11.282,0,REST
15321,59.84765625,4.0008,4.6916,5.4927,11.1123,0,REST
15322,59.8515625,4.9495,2.1467,3.3706,7.6199,0,REST
15323,59.85546875,-2.2268,3.8893,0.5634,5.9271,0,REST
15324,59.859375,1.2262,-0.663,-2.5919,1.6452,0,REST
15325,59.86328125,-1.7126,-1.7367,0.8375,2.0465,0,REST
15326,59.8671875,-5.0177,-6.8739,-6.5093,-1.4183,0,REST
15327,59.87109375,-7.288,-6.3649,-11.0705,-8.9934,0,REST
15328,59.875,-5.4713,-10.2397,-8.0956,-7.6138,0,REST
15329,59.87890625,-9.7358,-14.2506,-12.4405,-8.656,0,REST
15330,59.8828125,-11.366,-13.9089,-11.7824,-8.4397,0,REST
15331,59.88671875,-9.2403,-12.843,-14.0631,-7.8169,0,REST
15332,59.890625,-9.177,-10.462,-6.0775,-10.2244,0,REST
15333,59.89453125,-10.5149,-5.314,-8.4196,-6.8296,0,REST
15334,59.8984375,-6.7011,-5.9835,-2.3105,-7.0843,0,REST
15335,59.90234375,-1.6531,-4.2598,-3.6434,-8.065,0,REST
15336,59.90625,0.7025,1.2346,3.828,-1.6107,0,REST
15337,59.91015625,5.1006,0.883,6.005,0.1363,0,REST
15338,59.9140625,8.8831,5.5573,5.6971,6.7545,0,REST
15339,59.91796875,7.1689,6.0126,7.8651,9.1393,0,REST
15340,59.921875,11.3753,8.9649,11.0334,8.8301,0,REST
15341,59.92578125,10.3486,13.1795,9.3155,11.6135,0,REST
15342,59.9296875,10.1808,11.7885,14.6996,12.7348,0,REST
15343,59.93359375,13.1113,16.8415,12.3078,13.0732,0,REST
15344,59.9375,7.7932,6.9862,9.3626,12.4611,0,REST
15345,59.94140625,8.7291,8.0791,9.457,11.664,0,REST
15346,59.9453125,4.8484,6.2681,7.1683,8.5698,0,REST
15347,59.94921875,0.3257,4.0982,2.5174,8.2845,0,REST
15348,59.953125,2.0021,-0.6352,1.1688,0.4315,0,REST
15349,59.95703125,-2.6914,-5.4634,-2.5789,-2.6719,0,REST
15350,59.9609375,-10.2443,-4.9944,-5.1879,-6.6018,0,REST
15351,59.96484375,-9.3469,-10.0907,-6.6056,-6.8585,0,REST
15352,59.96875,-10.7798,-13.693,-10.1075,-8.7364,0,REST
15353,59.97265625,-9.7167,-13.0861,-11.7811,-9.2051,0,REST
15354,59.9765625,-11.309,-9.0554,-10.4472,-11.1803,0,REST
15355,59.98046875,-11.9344,-11.4728,-10.7734,-16.9114,0,REST
15356,59.984375,-8.7249,-10.6886,-10.7661,-12.5641,0,REST
15357,59.98828125,-9.5231,-10.5585,-8.3016,-8.5368,0,REST
15358,59.9921875,-6.7527,-8.3508,-4.2388,-8.293,0,REST
15359,59.99609375,-2.7765,-5.9763,-1.181,-4.6007,0,REST
15360,60.0,3.335,-1.1188,-0.3816,-2.7541,0,REST
15361,60.00390625,3.3355,-0.3925,7.1587,4.8751,0,REST
15362,60.0078125,7.8997,6.5451,5.4151,5.5525,0,REST
15363,60.01171875,8.6503,12.033,10.2916,9.115,0,REST
15364,60.015625,10.2937,11.9073,14.0695,16.02,0,REST
15365,60.01953125,12.1852,12.1382,12.0401,10.5038,0,REST
15366,60.0234375,16.5578,14.1648,16.9057,10.3053,0,REST
15367,60.02734375,13.3936,14.2231,13.3414,11.951,0,REST
15368,60.03125,12.8629,10.4755,11.0401,10.8081,0,REST
15369,60.03515625,9.2951,11.3532,9.0644,8.1915,0,REST
15370,60.0390625,7.4133,4.9285,7.7479,5.6441,0,REST
15371,60.04296875,0.4016,0.403,3.0536,3.3427,0,REST
15372,60.046875,-0.0588,-0.612,-1.5541,-4.8892,0,REST
15373,60.05078125,-4.5274,-4.0308,-4.7405,-4.6446,0,REST
15374,60.0546875,-5.4243,-7.0881,-7.2332,-7.3046,0,REST
15375,60.05859375,-4.4803,-10.2745,-6.7095,-13.1131,0,REST
15376,60.0625,-13.8321,-10.4294,-8.1407,-12.0585,0,REST
15377,60.06640625,-14.7903,-12.6982,-9.6858,-14.8135,0,REST
15378,60.0703125,-12.7699,-14.0367,-12.8739,-11.2803,0,REST
15379,60.07421875,-11.3558,-13.9681,-13.0189,-14.2831,0,REST
15380,60.078125,-11.0039,-10.5876,-9.6347,-7.4084,0,REST
15381,60.08203125,-6.1436,-6.1604,-7.7199,-6.5851,0,REST
15382,60.0859375,-6.3102,-3.1356,-4.7333,-1.5962,0,REST
15383,60.08984375,-1.0433,-5.7938,-5.405,2.7498,0,REST
15384,60.09375,2.8323,1.053,5.2219,0.7328,0,REST
15385,60.09765625,1.0525,3.5286,2.8211,3.7498,0,REST
15386,60.1015625,4.573,6.9832,2.4506,5.9236,0,REST
15387,60.10546875,9.7245,12.4506,8.5295,9.66,0,REST
15388,60.109375,7.0001,14.6723,6.6635,14.6001,0,REST
15389,60.11328125,10.1385,10.9849,6.7713,9.1331,0,REST
15390,60.1171875,12.6693,10.242,6.377,9.7664,0,REST
15391,60.12109375,12.0737,9.9791,8.9344,8.0134,0,REST
15392,60.125,4.4463,8.6124,9.4419,8.4164,0,REST
15393,60.12890625,5.3214,6.2372,6.656,8.7151,0,REST
15394,60.1328125,2.0725,7.1627,4.6248,-0.1637,0,REST
15395,60.13671875,3.4285,5.2435,2.3297,0.0183,0,REST
15396,60.140625,1.6258,-0.3448,-0.8468,-1.4722,0,REST
15397,60.14453125,-1.3959,-3.2324,1.3998,-2.0456,0,REST
15398,60.1484375,-7.0569,-3.5913,-2.2419,-9.4887,0,REST
15399,60.15234375,-1.3289,-5.6428,-5.9102,-11.3376,0,REST
15400,60.15625,-5.6266,-8.6999,-5.1376,-6.6602,0,REST
15401,60.16015625,-6.6864,-9.8922,-8.7644,-10.4628,0,REST
15402,60.1640625,-4.3874,-12.8435,-3.669,-5.148,0,REST
15403,60.16796875,-7.3483,-7.5051,-10.0378,-2.1203,0,REST
15404,60.171875,-4.8774,-5.0847,-6.7191,-5.0351,0,REST
15405,60.17578125,-4.9787,-7.4364,-8.251,-5.4907,0,REST
15406,60.1796875,-1.1752,-1.3459,-4.7613,-4.0395,0,REST
15407,60.18359375,-2.23,-6.4831,-3.1454,-0.5068,0,REST
15408,60.1875,1.1917,0.138,-2.1292,2.7055,0,REST
15409,60.19140625,1.7029,3.7111,-1.6501,6.1109,0,REST
15410,60.1953125,2.4517,1.9899,2.1651,6.9843,0,REST
15411,60.19921875,3.9964,6.2722,-0.8304,5.6755,0,REST
15412,60.203125,1.4446,8.4283,0.7306,3.6977,0,REST
15413,60.20703125,1.1245,6.7172,4.5318,7.0657,0,REST
15414,60.2109375,5.2509,8.8792,6.139,5.385,0,REST
15415,60.21484375,6.395,7.9932,3.5887,7.4529,0,REST
15416,60.21875,2.8519,9.5864,2.8598,4.4109,0,REST
15417,60.22265625,1.9776,3.7856,4.9878,2.4336,0,REST
15418,60.2265625,1.3919,5.7168,8.2129,4.1895,0,REST
15419,60.23046875,2.4638,0.1281,7.0732,0.722,0,REST
15420,60.234375,1.0529,-1.1548,2.7577,-0.972,0,REST
15421,60.23828125,2.1482,-3.7701,5.7531,-0.081,0,REST
15422,60.2421875,2.6307,0.4305,0.6928,-3.0008,0,REST
15423,60.24609375,0.6141,-3.7604,5.5779,-4.4578,0,REST
15424,60.25,-2.2757,-3.286,1.4167,-5.9401,0,REST
15425,60.25390625,-0.4807,-3.3545,-0.4788,-6.7189,0,REST
15426,60.2578125,0.9876,-7.2279,-1.609,-4.0729,0,REST
15427,60.26171875,-2.6275,-4.4068,0.9328,-2.7657,0,REST
15428,60.265625,-3.6457,-8.4925,-2.2334,-1.4722,0,REST
15429,60.26953125,-2.7268,-6.221,-3.0655,-2.6227,0,REST
15430,60.2734375,-6.1593,-6.5949,-5.1385,-3.3011,0,REST
15431,60.27734375,-3.0118,-3.4031,-6.9988,-1.488,0,REST
15432,60.28125,-4.7209,-5.0701,-2.3698,-0.032,0,REST
15433,60.28515625,-3.5531,-0.479,0.3572,1.5901,0,REST
15434,60.2890625,-10.1212,1.0976,-4.7541,2.8958,0,REST
15435,60.29296875,-2.8897,3.6878,-4.4023,-0.281,0,REST
15436,60.296875,-3.7528,2.0711,-7.6486,4.665,0,REST
15437,60.30078125,-4.5828,3.1805,-8.9976,4.08,0,REST
15438,60.3046875,-1.7109,2.9178,-1.6274,3.6874,0,REST
15439,60.30859375,4.8277,6.3643,-4.0782,3.18,0,REST
15440,60.3125,0.6174,5.1803,-1.302,1.5282,0,REST
15441,60.31640625,1.4415,1.3838,0.2632,3.9973,0,REST
15442,60.3203125,2.9208,2.2165,1.1457,1.5195,0,REST
15443,60.32421875,5.0037,3.6586,0.56,1.0791,0,REST
15444,60.328125,9.6285,4.6556,5.8375,-1.278,0,REST
15445,60.33203125,4.0211,3.1337,6.5643,-1.4621,0,REST
15446,60.3359375,4.6907,0.342,7.0839,5.4358,0,REST
15447,60.33984375,6.4643,-0.9727,7.0954,1.2666,0,REST
15448,60.34375,3.5828,-2.3747,6.1296,0.6854,0,REST
15449,60.34765625,8.495,-2.2787,8.923,-2.5408,0,REST
15450,60.3515625,4.0452,-0.7235,6.3318,-3.4356,0,REST
15451,60.35546875,0.3629,-1.6092,8.0474,-6.5973,0,REST
15452,60.359375,-1.4809,-1.104,5.7432,-5.7495,0,REST
15453,60.36328125,-2.5897,-0.3485,2.05,-1.569,0,REST
15454,60.3671875,-3.5547,-3.2674,-1.1449,-6.7763,0,REST
15455,60.37109375,-11.1321,-4.1067,0.0724,-6.2553,0,REST
15456,60.375,-7.9643,-2.3696,-6.3522,-5.3859,0,REST
15457,60.37890625,-11.2155,-3.1149,-5.451,-3.54,0,REST
15458,60.3828125,-9.9318,-4.3249,-6.2541,-2.3039,0,REST
15459,60.38671875,-10.5257,-2.4558,-14.0144,-3.8695,0,REST
15460,60.390625,-9.7868,-3.4042,-8.9257,-6.5414,0,REST
15461,60.39453125,-9.3333,-1.3107,-6.9626,1.9715,0,REST
15462,60.3984375,-5.7324,-1.5688,-12.6827,1.8011,0,REST
15463,60.40234375,-3.2403,2.9586,-6.991,7.3952,0,REST
15464,60.40625,-0.0668,-0.5895,-3.2744,6.4867,0,REST
15465,60.41015625,2.8817,2.8712,0.6422,8.087,0,REST
15466,60.4140625,3.8586,2.2974,-0.8109,7.5656,0,REST
15467,60.41796875,5.5366,2.8198,2.5636,8.4284,0,REST
15468,60.421875,9.6237,-1.775,7.3959,8.9324,0,REST
15469,60.42578125,9.2752,2.6267,9.5511,6.4242,0,REST
15470,60.4296875,11.8006,4.8635,11.599,6.607,0,REST
15471,60.43359375,13.8222,2.97,11.4462,2.9274,0,REST
15472,60.4375,11.785,5.3393,13.584,0.8175,0,REST
15473,60.44140625,12.2356,2.8818,13.2433,-0.5463,0,REST
15474,60.4453125,10.3407,2.6282,11.9069,-6.6505,0,REST
15475,60.44921875,3.4818,-1.9989,8.3786,-6.0397,0,REST
15476,60.453125,-1.1764,-1.7444,8.3944,-8.971,0,REST
15477,60.45703125,-0.1539,0.4664,4.287,-12.3558,0,REST
15478,60.4609375,-2.9365,-1.9784,2.545,-9.1131,0,REST
15479,60.46484375,-7.8133,-2.2931,-0.7458,-14.5386,0,REST
15480,60.46875,-9.7491,-5.6607,-1.9106,-8.1052,0,REST
15481,60.47265625,-12.7712,-9.2543,-7.9661,-8.3648,0,REST
15482,60.4765625,-14.0283,-2.3027,-10.5019,-3.4412,0,REST
15483,60.48046875,-9.8364,-3.9073,-11.7986,-0.4886,0,REST
15484,60.484375,-9.827,-4.1358,-10.6262,3.458,0,REST
15485,60.48828125,-7.2711,-4.7748,-16.0792,5.7704,0,REST
15486,60.4921875,-5.7599,-3.4718,-14.5241,6.1861,0,REST
15487,60.49609375,0.7534,-2.6676,-7.6833,10.0376,0,REST
15488,60.5,1.5877,1.1082,-5.757,8.6562,0,REST
15489,60.50390625,6.3797,3.8182,-4.9945,15.6501,0,REST
15490,60.5078125,7.6752,3.671,-1.6067,12.6767,0,REST
15491,60.51171875,8.1351,4.6898,1.445,12.2109,0,REST
15492,60.515625,10.3508,4.1674,6.2829,8.4946,0,REST
15493,60.51953125,14.5916,9.1995,10.401,4.8091,0,REST
15494,60.5234375,15.5008,5.3716,12.3947,4.163,0,REST
15495,60.52734375,6.6506,6.4802,10.2289,1.7442,0,REST
15496,60.53125,8.9195,5.0824,12.0105,-3.0034,0,REST
15497,60.53515625,10.7275,6.9006,11.0135,-8.5295,0,REST
15498,60.5390625,3.399,5.5397,14.9126,-9.607,0,REST
15499,60.54296875,5.6751,3.5469,6.7923,-12.6345,0,REST
15500,60.546875,0.016,1.2876,8.2612,-12.2784,0,REST
15501,60.55078125,-3.5695,-4.4336,4.5506,-12.774,0,REST
15502,60.5546875,-6.6631,-0.4069,0.1271,-10.5281,0,REST
15503,60.55859375,-9.1716,-4.079,0.3331,-10.5251,0,REST
15504,60.5625,-10.829,-5.3351,-1.9443,-10.065,0,REST
15505,60.56640625,-10.0938,-7.2847,-5.5461,-3.3467,0,REST
15506,60.5703125,-11.8804,-14.4595,-11.4112,0.29,0,REST
15507,60.57421875,-11.4752,-7.6748,-7.6953,2.0452,0,REST
15508,60.578125,-8.1022,-11.7674,-11.8252,6.4282,0,REST
15509,60.58203125,-7.6664,-7.0536,-4.8888,9.4687,0,REST
15510,60.5859375,-6.3339,-7.0328,-10.185,12.9407,0,REST
15511,60.58984375,-3.9672,-0.9951,-9.8743,11.5168,0,REST
15512,60.59375,2.0667,-2.2943,-8.5759,12.8843,0,REST
15513,60.59765625,4.3808,5.6919,-4.603,11.912,0,REST
15514,60.6015625,6.8312,7.7792,-3.5285,10.136,0,REST
15515,60.60546875,5.7014,6.2709,0.9923,5.3143,0,REST
15516,60.609375,5.9862,4.0356,-0.0737,5.5859,0,REST
15517,60.61328125,9.0408,9.9094,5.8301,3.7664,0,REST
15518,60.6171875,11.8643,11.2617,8.7811,-1.2326,0,REST
15519,60.62109375,10.618,13.3531,8.005,-5.3856,0,REST
15520,60.625,11.721,10.6877,10.0551,-8.0112,0,REST
15521,60.62890625,5.3538,10.831,8.2294,-9.8023,0,REST
15522,60.6328125,5.309,12.3811,11.5598,-12.0708,0,REST
15523,60.63671875,5.7488,7.6857,7.1974,-11.9215,0,REST
15524,60.640625,1.0053,-1.7307,3.8814,-10.5326,0,REST
15525,60.64453125,-1.9715,-3.2368,4.2629,-10.6784,0,REST
15526,60.6484375,-2.6869,-4.3905,0.4847,-9.6424,0,REST
15527,60.65234375,-4.293,-7.3094,0.057,-7.594,0,REST
15528,60.65625,-4.6261,-11.0379,0.7519,-3.0989,0,REST
15529,60.66015625,-6.7117,-10.5912,-3.7975,-2.971,0,REST
15530,60.6640625,-11.6029,-11.5363,-7.431,3.1028,0,REST
15531,60.66796875,-5.9505,-10.071,-6.2507,7.3766,0,REST
15532,60.671875,-7.7062,-10.633,-5.0134,5.7397,0,REST
15533,60.67578125,-0.598,-13.9099,-2.3154,9.5268,0,REST
15534,60.6796875,-3.2466,-7.9543,-4.7937,11.367,0,REST
15535,60.68359375,2.4943,-4.9696,-7.246,10.7821,0,REST
15536,60.6875,-1.7314,-2.2291,-3.7272,10.3248,0,REST
15537,60.69140625,-1.8426,-0.3297,-7.627,11.216,0,REST
15538,60.6953125,2.3412,5.3787,1.3378,8.2667,0,REST
15539,60.69921875,1.7354,6.0791,-0.6478,5.3965,0,REST
15540,60.703125,6.4656,12.5973,-1.1357,2.1059,0,REST
15541,60.70703125,3.1178,9.6522,-0.1954,-1.1435,0,REST
15542,60.7109375,4.7308,12.9817,0.1732,0.2579,0,REST
15543,60.71484375,4.0494,13.6926,1.2693,-3.7962,0,REST
15544,60.71875,5.2594,13.1268,1.1587,-5.6734,0,REST
15545,60.72265625,2.1904,13.7983,6.8862,-8.4257,0,REST
15546,60.7265625,4.0006,7.2973,2.2946,-11.3858,0,REST
15547,60.73046875,2.8152,6.8171,3.3653,-7.1034,0,REST
15548,60.734375,2.1506,3.9614,3.8653,-7.6215,0,REST
15549,60.73828125,0.38,-0.0906,1.5147,-11.6185,0,REST
15550,60.7421875,1.3253,-6.2496,5.5542,-5.0331,0,REST
15551,60.74609375,2.6045,-8.4228,3.1657,-2.4071,0,REST
15552,60.75,-0.1912,-10.1696,1.8323,0.5425,0,REST
15553,60.75390625,-0.1176,-7.965,4.4049,-2.2656,0,REST
15554,60.7578125,-0.7463,-15.8449,5.3222,4.2825,0,REST
15555,60.76171875,-0.0796,-17.1042,3.647,6.3126,0,REST
15556,60.765625,-5.4191,-14.1324,4.6165,7.3589,0,REST
15557,60.76953125,-1.7717,-10.6472,4.7906,7.7152,0,REST
15558,60.7734375,-6.1937,-10.0913,-1.2724,6.1674,0,REST
15559,60.77734375,-2.8423,-3.9792,-1.7332,12.1682,0,REST
15560,60.78125,-3.7658,-4.7283,-0.8544,5.3253,0,REST
15561,60.78515625,-0.6776,1.1925,-1.9948,6.7326,0,REST
15562,60.7890625,-4.0521,5.6829,-3.7032,5.569,0,REST
15563,60.79296875,-1.8594,5.8969,-2.6921,2.078,0,REST
15564,60.796875,0.1382,13.6998,-3.6795,-0.9611,0,REST
15565,60.80078125,0.0864,9.779,-5.2932,-1.3812,0,REST
15566,60.8046875,-1.5942,13.9956,-5.2168,-3.5923,0,REST
15567,60.80859375,0.6167,12.7124,-5.9381,-1.7893,0,REST
15568,60.8125,-1.2868,8.4541,-5.2509,-7.6119,0,REST
15569,60.81640625,1.4727,9.8123,-2.1269,-5.0951,0,REST
15570,60.8203125,2.5069,9.871,-5.339,-5.7552,0,REST
15571,60.82421875,3.9964,4.5063,0.1601,-2.2852,0,REST
15572,60.828125,8.2314,3.8806,1.7937,-5.2135,0,REST
15573,60.83203125,8.3599,-1.4223,-1.7505,-6.2828,0,REST
15574,60.8359375,2.1962,-3.2271,4.1667,-4.465,0,REST
15575,60.83984375,7.7082,-4.455,4.6789,-3.6433,0,REST
15576,60.84375,9.1172,-9.8324,4.4474,-2.247,0,REST
15577,60.84765625,2.9074,-13.7413,4.965,-4.7159,0,REST
15578,60.8515625,4.3747,-11.8325,7.6034,0.3645,0,REST
15579,60.85546875,1.9635,-12.1629,8.4318,-0.9283,0,REST
15580,60.859375,1.6805,-7.6282,10.6805,-1.9343,0,REST
15581,60.86328125,-2.6363,-9.6752,7.407,2.4532,0,REST
15582,60.8671875,-5.9013,-10.3275,1.7236,3.2407,0,REST
15583,60.87109375,-6.3836,-7.0235,3.2004,-1.1538,0,REST
15584,60.875,-12.223,-3.9175,1.1379,3.8855,0,REST
15585,60.87890625,-6.6951,0.3771,-3.341,3.1889,0,REST
15586,60.8828125,-7.7669,4.1452,-3.7761,1.1009,0,REST
15587,60.88671875,-7.1708,4.2012,-9.1561,4.348,0,REST
15588,60.890625,-7.395,8.1367,-3.9795,2.4799,0,REST
15589,60.89453125,-10.7667,12.6902,-12.9087,2.923,0,REST
15590,60.8984375,-5.2829,11.6007,-11.6585,-0.3683,0,REST
15591,60.90234375,-6.6949,13.9538,-15.9344,-3.187,0,REST
15592,60.90625,-0.1008,8.3019,-10.259,2.8847,0,REST
15593,60.91015625,2.0994,9.1242,-10.5667,4.9774,0,REST
15594,60.9140625,5.4884,6.8214,-7.4409,1.8323,0,REST
15595,60.91796875,2.681,4.9074,-4.1327,-0.4068,0,REST
15596,60.921875,7.7965,1.1044,-3.2709,-3.2538,0,REST
15597,60.92578125,9.5682,1.6233,3.1914,-5.532,0,REST
15598,60.9296875,12.8356,-2.9792,4.7694,-1.8034,0,REST
15599,60.93359375,12.0255,-10.4012,5.071,-2.5344,0,REST
15600,60.9375,10.1339,-8.1261,10.4071,-3.2378,0,REST
15601,60.94140625,6.1494,-5.3092,10.8092,-4.9657,0,REST
15602,60.9453125,9.6224,-11.2001,12.0776,-5.0572,0,REST
15603,60.94921875,10.5242,-10.9584,11.0853,-5.5836,0,REST
15604,60.953125,1.3343,-9.0267,8.8103,-0.6345,0,REST
15605,60.95703125,-0.8773,-7.5623,9.4563,-3.0058,0,REST
15606,60.9609375,-5.0796,-7.1849,7.7137,-0.4923,0,REST
15607,60.96484375,-13.058,-5.0629,7.5116,-5.5338,0,REST
15608,60.96875,-12.2527,-2.0661,1.7298,4.2351,0,REST
15609,60.97265625,-11.8461,0.2366,-1.6508,5.104,0,REST
15610,60.9765625,-10.0232,-0.9672,-4.4163,6.4192,0,REST
15611,60.98046875,-10.9052,4.1034,-10.0657,4.1048,0,REST
15612,60.984375,-7.4702,1.5696,-8.8122,9.4876,0,REST
15613,60.98828125,-9.7064,4.6676,-11.1115,5.4659,0,REST
15614,60.9921875,-5.6037,8.4229,-16.2582,6.4532,0,REST
15615,60.99609375,-4.5407,9.6566,-16.0846,5.1549,0,REST
15616,61.0,-1.0416,8.9377,-13.1062,5.8421,0,REST
15617,61.00390625,4.7948,7.5378,-12.0935,-0.0264,0,REST
15618,61.0078125,5.7844,4.6129,-5.6512,1.7029,0,REST
15619,61.01171875,9.8243,3.0594,-7.5508,-2.4931,0,REST
15620,61.015625,10.9642,0.6028,-7.5604,-2.3694,0,REST
15621,61.01953125,13.1767,0.5411,4.3698,-6.1576,0,REST
15622,61.0234375,14.2171,-4.5841,6.1709,-5.4906,0,REST
15623,61.02734375,10.0497,-2.779,8.3286,-5.1803,0,REST
15624,61.03125,13.0764,-4.4297,9.9108,-7.9333,0,REST
15625,61.03515625,7.5916,-5.3373,8.9842,-11.2634,0,REST
15626,61.0390625,5.8395,-5.5016,13.9544,-8.9138,0,REST
15627,61.04296875,4.5466,-7.1552,11.6196,-9.5514,0,REST
15628,61.046875,-0.5971,-4.0796,11.7382,-5.2441,0,REST
15629,61.05078125,-0.2497,-3.1439,9.7145,-5.1933,0,REST
15630,61.0546875,-10.2275,-4.713,8.6598,-1.5949,0,REST
15631,61.05859375,-8.411,-2.3266,5.7414,1.5088,0,REST
15632,61.0625,-10.452,-1.2124,6.24,6.2824,0,REST
15633,61.06640625,-9.6514,-0.7156,-0.9512,5.5903,0,REST
15634,61.0703125,-13.2514,0.0903,-0.9311,6.992,0,REST
15635,61.07421875,-12.0742,1.3728,-7.706,6.9198,0,REST
15636,61.078125,-9.7685,2.0495,-9.0704,9.7108,0,REST
15637,61.08203125,-8.1037,4.3308,-8.4109,7.0177,0,REST
15638,61.0859375,-4.8119,6.2711,-9.1586,9.2086,0,REST
15639,61.08984375,-4.0514,6.0158,-11.659,6.0915,0,REST
15640,61.09375,1.6811,5.3956,-8.3469,7.2314,0,REST
15641,61.09765625,3.1148,2.0617,-7.1219,7.0086,0,REST
15642,61.1015625,5.5042,1.0241,-8.788,-1.9282,0,REST
15643,61.10546875,7.6829,1.1041,-7.4025,-5.6352,0,REST
15644,61.109375,7.7969,0.3325,-2.5729,-6.4705,0,REST
15645,61.11328125,12.6538,1.738,-1.1192,-11.9158,0,REST
15646,61.1171875,7.799,1.6482,2.609,-12.2799,0,REST
15647,61.12109375,3.3697,-0.9347,5.0939,-10.2914,0,REST
15648,61.125,7.323,-2.1426,5.518,-8.5795,0,REST
15649,61.12890625,5.6137,-0.1966,7.8054,-10.3937,0,REST
15650,61.1328125,6.4962,0.6662,7.7118,-8.8337,0,REST
15651,61.13671875,-1.6963,-2.6825,9.6942,-8.6655,0,REST
15652,61.140625,-0.2051,-2.6043,10.0958,-2.3049,0,REST
15653,61.14453125,-4.8929,-0.5344,8.984,-0.2813,0,REST
15654,61.1484375,-3.7412,-0.5889,6.2542,3.1561,0,REST
15655,61.15234375,-9.9926,-5.8242,4.7864,9.7391,0,REST
15656,61.15625,-4.1667,-3.1919,0.0408,5.2479,0,REST
15657,61.16015625,-8.3803,-6.0603,1.0321,10.9583,0,REST
15658,61.1640625,-7.7949,-1.7658,-3.1861,13.2506,0,REST
15659,61.16796875,-10.0009,-2.7333,-4.3062,12.7576,0,REST
15660,61.171875,-3.5935,0.1794,-7.0585,12.0869,0,REST
15661,61.17578125,-4.7312,1.9832,-7.9586,7.9044,0,REST
15662,61.1796875,-0.8237,-3.802,-4.6454,11.0783,0,REST
15663,61.18359375,-5.2746,1.4869,-2.2646,4.7507,0,REST
15664,61.1875,-1.2044,0.9985,-5.6198,2.4555,0,REST
15665,61.19140625,1.724,2.7901,-6.1894,-1.3697,0,REST
15666,61.1953125,2.6642,4.3191,-5.0058,-9.4214,0,REST
15667,61.19921875,-0.377,-0.6994,-2.0415,-8.9657,0,REST
15668,61.203125,4.1123,5.3119,-5.3294,-9.7567,0,REST
15669,61.20703125,5.0959,6.3278,-2.1916,-12.157,0,REST
15670,61.2109375,6.5637,3.2726,-2.2652,-13.7204,0,REST
15671,61.21484375,6.6303,2.3754,0.4513,-11.9486,0,REST
15672,61.21875,3.3836,6.7642,1.1253,-8.9211,0,REST
15673,61.22265625,6.1779,4.2331,-1.4408,-8.9959,0,REST
15674,61.2265625,2.9158,2.0964,3.7803,-3.1357,0,REST
15675,61.23046875,4.3551,0.48,3.1085,-4.2092,0,REST
15676,61.234375,0.5233,-2.3443,0.6194,-1.0998,0,REST
15677,61.23828125,1.4852,-1.5835,4.8504,3.7111,0,REST
15678,61.2421875,2.1048,-2.9356,5.6094,4.5286,0,REST
15679,61.24609375,-1.6467,-5.9085,2.6092,8.1861,0,REST
15680,61.25,2.5369,-4.3554,2.3078,12.0112,0,REST
15681,61.25390625,-1.4019,-4.6241,3.4763,11.0108,0,REST
15682,61.2578125,-3.0388,-7.8727,4.3186,13.5026,0,REST
15683,61.26171875,1.0124,-1.805,3.1309,10.9479,0,REST
15684,61.265625,-6.0761,-7.2665,6.4884,8.5239,0,REST
15685,61.26953125,-3.5635,-4.047,1.2052,6.5135,0,REST
15686,61.2734375,-2.8485,-2.8546,4.6022,5.5736,0,REST
15687,61.27734375,-3.0119,-4.109,3.4753,2.9903,0,REST
15688,61.28125,-1.7058,-0.5875,-1.0151,-2.5193,0,REST
15689,61.28515625,-6.5104,1.5491,0.6034,-6.9223,0,REST
15690,61.2890625,-5.8991,1.2622,-2.7248,-4.2924,0,REST
15691,61.29296875,-1.9997,2.236,-3.6098,-9.9372,0,REST
15692,61.296875,-2.9069,7.8927,-5.7986,-8.3792,0,REST
15693,61.30078125,-3.6268,5.1784,-5.9149,-10.625,0,REST
15694,61.3046875,-2.9196,7.8811,-2.766,-6.6415,0,REST
15695,61.30859375,-0.5079,7.9431,-6.0763,-7.1964,0,REST
15696,61.3125,-0.9961,10.3209,-5.505,-10.5921,0,REST
15697,61.31640625,0.0846,8.5652,-5.8524,-5.9588,0,REST
15698,61.3203125,7.5355,6.1785,-6.0627,-2.7431,0,REST
15699,61.32421875,2.3985,1.188,-4.6769,-1.6686,0,REST
15700,61.328125,9.2781,0.4517,-0.3763,5.6346,0,REST
15701,61.33203125,9.3853,2.6353,-0.1286,1.5225,0,REST
15702,61.3359375,5.2935,1.2114,-1.2969,6.9061,0,REST
15703,61.33984375,8.6001,-3.2764,2.1178,7.6933,0,REST
15704,61.34375,7.7122,-3.871,2.1604,7.4991,0,REST
15705,61.34765625,5.3181,-6.5906,6.3146,8.004,0,REST
15706,61.3515625,5.1478,-8.0305,4.122,6.9255,0,REST
15707,61.35546875,0.979,-8.3645,9.2504,6.6884,0,REST
15708,61.359375,1.3097,-10.1928,8.0033,4.4507,0,REST
15709,61.36328125,-1.5193,-7.2223,4.5216,2.2039,0,REST
15710,61.3671875,-4.0558,-9.9839,8.012,1.3612,0,REST
15711,61.37109375,-9.0067,-6.0762,7.7797,0.9541,0,REST
15712,61.375,-6.5694,2.1882,3.0774,-0.3532,0,REST
15713,61.37890625,-8.5911,0.1281,5.6535,-2.7666,0,REST
15714,61.3828125,-9.8559,1.0879,4.8296,-5.9141,0,REST
15715,61.38671875,-10.41,4.4883,0.5008,-5.9007,0,REST
15716,61.390625,-12.4632,5.6891,-0.4597,-7.5677,0,REST
15717,61.39453125,-7.2536,10.2543,-4.3075,-6.7377,0,REST
15718,61.3984375,-7.8739,9.6183,-7.4456,-7.8532,0,REST
15719,61.40234375,-2.5654,12.1817,-10.6962,-2.3281,0,REST
15720,61.40625,-1.5443,11.9395,-8.0881,-5.5146,0,REST
15721,61.41015625,4.6288,10.6372,-9.8891,-3.6475,0,REST
15722,61.4140625,0.32,5.3875,-9.9583,-7.024,0,REST
15723,61.41796875,3.1788,4.0265,-9.6355,-2.5791,0,REST
15724,61.421875,8.0451,4.0088,-6.9957,1.6626,0,REST
15725,61.42578125,9.0119,0.1042,-8.5206,-1.1043,0,REST
15726,61.4296875,13.6055,-2.852,-3.4967,1.8843,0,REST
15727,61.43359375,7.5483,-1.8356,-1.1033,4.3571,0,REST
15728,61.4375,15.4576,-8.0962,4.4368,2.5313,0,REST
15729,61.44140625,9.832,-12.3327,6.9754,1.125,0,REST
15730,61.4453125,3.5816,-12.2291,7.8284,6.5081,0,REST
15731,61.44921875,4.0536,-11.4433,9.0669,4.0496,0,REST
15732,61.453125,-0.1299,-11.0456,10.5365,4.8143,0,REST
15733,61.45703125,-2.0064,-11.1125,7.7297,1.0256,0,REST
15734,61.4609375,-5.0486,-6.8599,15.0073,2.3584,0,REST
15735,61.46484375,-5.6815,-5.4059,9.9732,0.8077,0,REST
15736,61.46875,-10.6266,-3.3409,10.7669,1.6319,0,REST
15737,61.47265625,-10.6154,2.0145,9.2158,-0.1953,0,REST
15738,61.4765625,-12.9888,2.439,4.5268,2.7932,0,REST
15739,61.48046875,-11.9118,2.2662,0.9176,1.1368,0,REST
15740,61.484375,-14.891,9.928,-3.4105,-2.5827,0,REST
15741,61.48828125,-6.2834,10.8382,-3.6672,-2.6703,0,REST
15742,61.4921875,-3.2282,12.7887,-9.9523,-4.6326,0,REST
15743,61.49609375,-7.1137,12.3896,-11.2651,-3.0366,0,REST
15744,61.5,-1.8542,11.5313,-9.2383,-1.4167,0,REST
15745,61.50390625,2.0788,6.7843,-10.1228,-2.0663,0,REST
15746,61.5078125,7.3407,11.5095,-19.7566,-3.5075,0,REST
15747,61.51171875,10.8485,4.1245,-11.6442,-3.4177,0,REST
15748,61.515625,9.2972,4.377,-12.6027,-5.8459,0,REST
15749,61.51953125,9.8485,-0.1302,-7.9682,-6.4423,0,REST
15750,61.5234375,14.1096,-2.9667,-2.6537,-3.076,0,REST
15751,61.52734375,15.3193,-8.2337,-3.3277,-1.9696,0,REST
15752,61.53125,11.4222,-10.2462,1.6906,-1.0117,0,REST
15753,61.53515625,11.2614,-12.8706,8.1189,1.261,0,REST
15754,61.5390625,7.6929,-12.4019,6.95,0.9512,0,REST
15755,61.54296875,0.7343,-13.2317,10.2082,4.8792,0,REST
15756,61.546875,-4.2991,-12.1767,11.7631,3.6359,0,REST
15757,61.55078125,-1.5678,-8.7649,11.2693,3.6617,0,REST
15758,61.5546875,-5.5007,-7.7302,12.4862,3.4642,0,REST
15759,61.55859375,-12.0069,-8.017,14.784,6.5989,0,REST
15760,61.5625,-9.5535,-5.4633,3.3934,6.2928,0,REST
15761,61.56640625,-10.4945,4.3402,6.5744,4.2545,0,REST
15762,61.5703125,-10.6712,6.8524,5.5181,9.8127,0,REST
15763,61.57421875,-11.0029,6.6066,3.1887,4.6785,0,REST
15764,61.578125,-8.4591,10.5017,-3.4315,0.3028,0,REST
15765,61.58203125,-4.9912,8.4858,-2.9471,5.3335,0,REST
15766,61.5859375,-4.001,7.5114,-6.4764,-2.5394,0,REST
15767,61.58984375,-3.3424,15.9962,-8.2025,-4.6584,0,REST
15768,61.59375,0.9323,12.8234,-10.9055,-6.4422,0,REST
15769,61.59765625,8.4212,13.1531,-11.0001,-8.8475,0,REST
15770,61.6015625,5.4189,9.5157,-10.0185,-5.2982,0,REST
15771,61.60546875,8.0608,6.8782,-10.2184,-10.2887,0,REST
15772,61.609375,7.8093,3.5994,-7.5145,-7.1751,0,REST
15773,61.61328125,12.6493,1.4496,-8.3237,-10.1106,0,REST
15774,61.6171875,11.7529,-6.8677,-5.8352,-2.3471,0,REST
15775,61.62109375,11.4298,-5.5958,-2.6843,-5.1859,0,REST
15776,61.625,7.0213,-8.3833,0.1628,-2.2282,0,REST
15777,61.62890625,9.8261,-10.1136,2.0459,0.8447,0,REST
15778,61.6328125,4.5003,-13.4785,5.2131,2.0057,0,REST
15779,61.63671875,2.0692,-10.246,8.5981,7.0342,0,REST
15780,61.640625,0.3421,-7.0687,8.8636,7.4404,0,REST
15781,61.64453125,-0.0612,-7.8606,6.4168,7.5501,0,REST
15782,61.6484375,-3.7673,-6.3307,7.8529,11.3514,0,REST
15783,61.65234375,-5.077,-8.6992,6.758,14.1993,0,REST
15784,61.65625,-6.4054,-7.4208,10.8721,5.4658,0,REST
15785,61.66015625,-8.4514,1.7869,3.012,11.1627,0,REST
15786,61.6640625,-10.1772,2.6862,3.0126,5.8107,0,REST
15787,61.66796875,-6.667,2.7447,7.9756,3.2721,0,REST
15788,61.671875,-10.2597,6.7336,0.7565,-1.1806,0,REST
15789,61.67578125,-5.1819,7.3593,-0.0697,2.0702,0,REST
15790,61.6796875,-5.6294,11.6443,-1.3473,-1.0821,0,REST
15791,61.68359375,-2.8674,10.066,-6.1721,-7.7136,0,REST
15792,61.6875,2.3871,13.1608,-1.3046,-12.6002,0,REST
15793,61.69140625,2.2012,8.6551,-5.6597,-8.9717,0,REST
15794,61.6953125,1.3828,7.512,-1.8582,-13.2112,0,REST
15795,61.69921875,2.8474,5.3479,-4.1631,-16.7826,0,REST
15796,61.703125,5.0319,3.4041,-7.0577,-10.8588,0,REST
15797,61.70703125,2.8557,0.5796,-1.5541,-9.9965,0,REST
15798,61.7109375,2.111,0.757,-4.2459,-4.8699,0,REST
15799,61.71484375,3.2144,-4.721,-2.0002,-0.6852,0,REST
15800,61.71875,3.9225,-7.4943,-2.6407,-2.6442,0,REST
15801,61.72265625,4.109,-10.3359,-0.5872,5.335,0,REST
15802,61.7265625,2.0546,-10.1082,-1.1282,9.9592,0,REST
15803,61.73046875,3.2736,-8.3789,2.5539,11.5151,0,REST
15804,61.734375,-3.9769,-7.3901,5.1702,12.7244,0,REST
15805,61.73828125,2.975,-10.4785,-0.0243,13.9909,0,REST
15806,61.7421875,1.5973,-9.9469,3.0989,10.5175,0,REST
15807,61.74609375,0.385,-7.0612,0.0786,13.7767,0,REST
15808,61.75,2.9053,-1.9688,0.9351,7.9545,0,REST
15809,61.75390625,1.1964,-2.7125,1.4117,5.6594,0,REST
15810,61.7578125,-5.0956,2.2572,6.237,3.8644,0,REST
15811,61.76171875,0.3687,1.8601,2.1096,0.9359,0,REST
15812,61.765625,-4.2601,0.394,0.6694,-4.7588,0,REST
15813,61.76953125,-3.7242,5.4693,2.0919,-4.9917,0,REST
15814,61.7734375,2.0031,6.8837,2.4975,-10.4688,0,REST
15815,61.77734375,-4.537,9.8131,0.2664,-8.6465,0,REST
15816,61.78125,-4.4807,5.4065,1.8763,-13.9498,0,REST
15817,61.78515625,-3.8049,5.5738,1.7201,-16.6532,0,REST
15818,61.7890625,-3.9386,4.447,1.2174,-12.6301,0,REST
15819,61.79296875,-4.8023,3.9801,1.4575,-10.4582,0,REST
15820,61.796875,-2.9939,6.2378,2.446,-6.155,0,REST
15821,61.80078125,-2.066,4.2401,-3.6002,-6.1213,0,REST
15822,61.8046875,-0.6001,2.0056,-3.6385,-1.204,0,REST
15823,61.80859375,-2.6217,0.2064,-4.5902,-0.7695,0,REST
15824,61.8125,0.0809,-5.4531,-5.1385,2.68,0,REST
15825,61.81640625,1.3952,-4.1084,-4.0945,7.0138,0,REST
15826,61.8203125,4.6048,-6.635,-3.9731,12.2217,0,REST
15827,61.82421875,5.016,-7.7528,-7.214,11.1836,0,REST
15828,61.828125,4.264,-2.5125,-6.0473,12.6624,0,REST
15829,61.83203125,5.9809,-6.7817,-4.4189,12.3366,0,REST
15830,61.8359375,6.8005,-5.1829,-5.9845,9.6141,0,REST
15831,61.83984375,7.0606,-6.1822,-4.5239,6.8338,0,REST
15832,61.84375,5.109,-3.5063,-3.3483,8.1577,0,REST
15833,61.84765625,6.7616,-2.3079,-0.0329,2.3617,0,REST
15834,61.8515625,3.1721,-2.1538,-0.2826,-0.9368,0,REST
15835,61.85546875,3.4974,0.8009,1.6199,-2.5422,0,REST
15836,61.859375,1.1038,-2.4065,5.3799,-10.8608,0,REST
15837,61.86328125,-3.4424,1.8247,10.0623,-6.4765,0,REST
15838,61.8671875,-3.59,4.3445,11.0935,-12.4436,0,REST
15839,61.87109375,-5.4235,1.1448,10.8396,-13.722,0,REST
15840,61.875,-11.6578,5.4074,6.4473,-12.8383,0,REST
15841,61.87890625,-9.9058,2.9286,7.9606,-10.389,0,REST
15842,61.8828125,-11.5452,8.4777,6.9634,-8.973,0,REST
15843,61.88671875,-7.7578,4.3789,7.5157,-6.8334,0,REST
15844,61.890625,-12.2946,4.9852,1.3983,-3.8293,0,REST
15845,61.89453125,-7.6532,3.1076,0.9601,-2.8412,0,REST
15846,61.8984375,-4.8736,-0.087,-2.274,1.3904,0,REST
15847,61.90234375,-4.7038,1.5804,-5.774,6.7562,0,REST
15848,61.90625,3.8146,-0.2956,-4.4987,6.7231,0,REST
15849,61.91015625,-1.1736,-0.48,-8.2492,6.5245,0,REST
15850,61.9140625,7.4033,-1.3584,-9.6912,9.9546,0,REST
15851,61.91796875,10.1351,-3.3476,-12.8183,9.8548,0,REST
15852,61.921875,11.6275,1.687,-12.8589,6.2147,0,REST
15853,61.92578125,10.802,-5.1564,-7.9811,7.9702,0,REST
15854,61.9296875,10.3216,-3.7546,-8.2341,7.7863,0,REST
15855,61.93359375,9.0497,-3.7955,-3.6641,5.8716,0,REST
15856,61.9375,13.9246,1.2531,-4.8193,4.6382,0,REST
15857,61.94140625,11.7078,-1.7878,-0.5842,4.5966,0,REST
15858,61.9453125,4.4946,-1.7517,1.8275,-3.0704,0,REST
15859,61.94921875,1.9513,0.5821,6.6454,-6.2142,0,REST
15860,61.953125,-2.4182,-2.6005,9.2836,-6.7341,0,REST
15861,61.95703125,-4.7995,-0.4208,9.7603,-5.8575,0,REST
15862,61.9609375,-10.429,-3.8585,13.0699,-5.5163,0,REST
15863,61.96484375,-8.6344,-1.6833,7.6165,-6.7244,0,REST
15864,61.96875,-13.071,3.7647,15.141,-3.1336,0,REST
15865,61.97265625,-10.6217,0.3126,12.0853,-8.8624,0,REST
15866,61.9765625,-12.7293,2.0652,11.2954,-5.7763,0,REST
15867,61.98046875,-15.037,0.7135,6.9069,0.3635,0,REST
15868,61.984375,-11.5837,3.1342,9.4147,-1.9444,0,REST
15869,61.98828125,-10.5326,0.2438,5.0392,0.9261,0,REST
15870,61.9921875,-5.4238,9.2771,-0.8841,0.0062,0,REST
15871,61.99609375,1.279,1.0841,-4.3085,3.2627,0,REST
15872,62.0,-1.7645,2.4075,-7.0592,3.1977,0,REST
15873,62.00390625,6.1989,-0.1266,-7.0673,4.2351,0,REST
15874,62.0078125,8.1035,4.5983,-12.3706,5.2775,0,REST
15875,62.01171875,12.4989,3.0811,-11.7387,5.4716,0,REST
15876,62.015625,9.2195,3.2802,-10.879,5.7915,0,REST
15877,62.01953125,10.9922,-2.9163,-11.2642,4.4897,0,REST
15878,62.0234375,12.3276,-0.9514,-10.5002,2.0746,0,REST
15879,62.02734375,16.7008,-3.2783,-5.8711,2.3667,0,REST
15880,62.03125,9.111,-3.7059,-3.344,0.4639,0,REST
15881,62.03515625,8.1814,-4.875,-3.2209,1.7222,0,REST
15882,62.0390625,6.4643,-8.0737,-1.729,4.5458,0,REST
15883,62.04296875,3.1766,-6.1944,3.8424,-0.977,0,REST
15884,62.046875,0.462,-8.8873,9.0704,-0.6987,0,REST
15885,62.05078125,-7.6464,-2.2704,9.2134,2.4067,0,REST
15886,62.0546875,-7.7994,-5.1639,12.1032,-5.1342,0,REST
15887,62.05859375,-12.167,-1.0611,9.4356,-1.5228,0,REST
15888,62.0625,-13.6542,-1.4137,12.0821,2.1725,0,REST
15889,62.06640625,-7.378,-0.9403,12.0259,-3.5908,0,REST
15890,62.0703125,-13.4094,-0.9231,12.541,-4.0097,0,REST
15891,62.07421875,-10.9974,2.8361,5.9294,-2.9822,0,REST
15892,62.078125,-11.6008,8.2122,2.2027,-5.2876,0,REST
15893,62.08203125,-8.6878,6.2506,3.4353,-5.236,0,REST
15894,62.0859375,-5.5768,5.1939,-1.3146,-0.6489,0,REST
15895,62.08984375,-5.0019,6.7849,-4.8816,-3.4725,0,REST
15896,62.09375,1.5019,8.5978,-5.634,-0.8705,0,REST
15897,62.09765625,4.0832,8.46,-11.5759,-2.5238,0,REST
15898,62.1015625,6.2614,9.5623,-10.9157,-1.9286,0,REST
15899,62.10546875,6.1425,11.5663,-8.602,-4.1381,0,REST
15900,62.109375,10.7743,4.6241,-9.0997,-0.7185,0,REST
15901,62.11328125,10.6144,3.6464,-10.3778,4.7676,0,REST
15902,62.1171875,9.3258,-0.1595,-10.8637,-1.027,0,REST
15903,62.12109375,10.6432,-2.5869,-9.4879,4.0893,0,REST
15904,62.125,7.2977,-0.8795,-6.9098,4.4089,0,REST
15905,62.12890625,6.6754,-6.5654,-5.2193,6.6689,0,REST
15906,62.1328125,7.4542,-11.418,-4.7848,7.3226,0,REST
15907,62.13671875,1.1464,-11.5377,0.0659,5.8486,0,REST
15908,62.140625,-2.6251,-6.0174,2.627,6.6913,0,REST
15909,62.14453125,-3.8277,-9.8861,4.4354,0.5117,0,REST
15910,62.1484375,-5.1486,-9.2926,6.7434,0.5283,0,REST
15911,62.15234375,-8.0346,-5.8663,9.0159,1.4367,0,REST
15912,62.15625,-7.1883,-1.141,6.9367,-5.2177,0,REST
15913,62.16015625,-9.3389,-0.6515,5.0225,-0.6996,0,REST
15914,62.1640625,-5.7794,-2.0772,7.5025,-5.8138,0,REST
15915,62.16796875,-9.3723,7.5898,4.1872,-4.5398,0,REST
15916,62.171875,-4.9339,8.4947,3.9758,-10.2935,0,REST
15917,62.17578125,-5.7597,11.914,3.4582,-6.1908,0,REST
15918,62.1796875,-0.4056,10.2376,4.5372,-10.9548,0,REST
15919,62.18359375,-2.3928,8.3815,-0.2629,-4.1275,0,REST
15920,62.1875,0.23,10.1627,-1.9183,-3.5928,0,REST
15921,62.19140625,1.2779,12.4663,-1.4956,-4.1369,0,REST
15922,62.1953125,2.6837,8.4191,-4.2558,-2.1581,0,REST
15923,62.19921875,0.5142,8.4687,-2.2522,1.7822,0,REST
15924,62.203125,5.7738,6.0268,-3.984,2.394,0,REST
15925,62.20703125,3.84,0.4996,-5.037,5.7083,0,REST
15926,62.2109375,1.8105,3.3455,-2.9078,5.9279,0,REST
15927,62.21484375,3.7654,-2.8466,-3.555,10.0641,0,REST
15928,62.21875,4.1395,-8.1175,-3.3908,9.5273,0,REST
15929,62.22265625,8.8419,-7.2156,-3.5559,12.5116,0,REST
15930,62.2265625,4.8233,-10.4384,-4.9533,11.9942,0,REST
15931,62.23046875,-1.0024,-10.8598,1.2789,9.2354,0,REST
15932,62.234375,0.7536,-13.4072,0.7362,9.3323,0,REST
15933,62.23828125,-0.8406,-12.6107,3.2,7.8501,0,REST
15934,62.2421875,2.0735,-9.3024,-0.6852,3.5341,0,REST
15935,62.24609375,1.3196,-8.6946,2.9473,1.915,0,REST
15936,62.25,-3.4186,-4.8524,4.1927,-2.6632,0,REST
15937,62.25390625,-2.6417,-4.6749,-3.0602,-6.3431,0,REST
15938,62.2578125,-3.085,2.9272,1.587,-10.2691,0,REST
15939,62.26171875,0.2823,4.8392,2.9335,-9.5109,0,REST
15940,62.265625,-2.1572,3.763,0.846,-10.9598,0,REST
15941,62.26953125,-1.217,11.4944,0.0501,-11.4414,0,REST
15942,62.2734375,-1.0508,10.128,3.9033,-9.4288,0,REST
15943,62.27734375,-0.2426,10.4357,5.2321,-7.6535,0,REST
15944,62.28125,-3.7117,11.5566,5.5354,-7.3825,0,REST
15945,62.28515625,-2.5113,12.0744,7.1503,-4.9949,0,REST
15946,62.2890625,-3.2875,10.906,-0.0711,-1.1039,0,REST
15947,62.29296875,-5.0715,5.5004,2.1387,-1.4145,0,REST
15948,62.296875,-4.6576,5.7866,2.1126,3.2715,0,REST
15949,62.30078125,-4.5469,2.4725,-0.6678,8.6873,0,REST
15950,62.3046875,-1.3902,-2.2962,2.3992,12.9043,0,REST
15951,62.30859375,-1.2705,-7.5978,2.7798,11.7098,0,REST
15952,62.3125,0.0687,-8.321,3.8365,13.8182,0,REST
15953,62.31640625,3.2983,-8.6985,-0.0864,14.2476,0,REST
15954,62.3203125,0.587,-9.2467,-4.787,10.0449,0,REST
15955,62.32421875,5.1698,-13.0277,-1.0735,12.2721,0,REST
15956,62.328125,6.9911,-12.0461,-5.6369,8.4323,0,REST
15957,62.33203125,5.3961,-11.537,-7.7782,2.0744,0,REST
15958,62.3359375,7.6781,-13.5901,-4.9124,-3.2328,0,REST
15959,62.33984375,3.709,-7.8742,-6.6307,-3.8929,0,REST
15960,62.34375,8.2968,-7.0093,-4.6129,-8.6649,0,REST
15961,62.34765625,4.6939,-4.663,-2.8216,-6.2769,0,REST
15962,62.3515625,7.0084,-2.8107,-1.6045,-8.7307,0,REST
15963,62.35546875,2.6413,0.7091,-0.0863,-14.4047,0,REST
15964,62.359375,-0.7832,6.8182,0.6564,-9.1327,0,REST
15965,62.36328125,1.8308,10.1834,3.9782,-10.2905,0,REST
15966,62.3671875,-2.4908,13.8195,3.7157,-8.2265,0,REST
15967,62.37109375,-6.2371,13.8929,6.6282,-6.9012,0,REST
15968,62.375,-8.0949,11.9049,9.3038,-4.7969,0,REST
15969,62.37890625,-11.0597,12.4711,10.1062,-0.8973,0,REST
15970,62.3828125,-11.6815,12.6139,12.1125,4.5943,0,REST
15971,62.38671875,-11.2758,10.4412,8.0337,2.2055,0,REST
15972,62.390625,-6.9358,3.3972,8.804,9.1891,0,REST
15973,62.39453125,-10.7652,3.0681,8.4463,11.1715,0,REST
15974,62.3984375,-5.8257,-0.0905,3.234,15.7272,0,REST
15975,62.40234375,-3.6722,-6.3163,1.9673,15.6057,0,REST
15976,62.40625,-2.3894,-6.194,-1.0787,10.5204,0,REST
15977,62.41015625,0.0549,-8.6947,-2.8129,12.9576,0,REST
15978,62.4140625,-1.1098,-13.2076,-9.7788,6.2372,0,REST
15979,62.41796875,7.9372,-11.9407,-9.4912,7.5308,0,REST
15980,62.421875,8.3687,-10.4626,-10.3847,0.2978,0,REST
15981,62.42578125,13.8337,-11.2476,-10.8196,-0.1089,0,REST
15982,62.4296875,12.6356,-9.1042,-10.921,-3.7612,0,REST
15983,62.43359375,11.2365,-6.1528,-11.467,-4.9807,0,REST
15984,62.4375,8.3427,-4.4539,-12.833,-4.3122,0,REST
15985,62.44140625,6.5921,-0.4875,-9.1275,-8.0748,0,REST
15986,62.4453125,6.4381,2.0997,-5.067,-12.0583,0,REST
15987,62.44921875,0.7847,3.713,-2.2161,-10.5159,0,REST
15988,62.453125,-2.4748,4.0077,-0.6924,-9.5089,0,REST
15989,62.45703125,-3.4254,5.6864,4.726,-8.9109,0,REST
15990,62.4609375,-2.5269,10.569,5.9631,-5.4787,0,REST
15991,62.46484375,-10.8127,9.0354,7.4937,-2.0846,0,REST
15992,62.46875,-10.448,7.3803,12.7519,-2.683,0,REST
15993,62.47265625,-10.9842,11.9539,14.2657,5.6197,0,REST
15994,62.4765625,-11.3457,11.4443,12.6052,2.6823,0,REST
15995,62.48046875,-12.0343,7.2526,12.1547,9.2501,0,REST
15996,62.484375,-14.817,3.2582,12.2595,9.7587,0,REST
15997,62.48828125,-9.7524,1.5614,7.0478,10.4711,0,REST
15998,62.4921875,-6.7704,2.2464,5.4255,9.8283,0,REST
15999,62.49609375,-4.066,-1.7569,3.3073,8.385,0,REST
16000,62.5,-1.2273,-4.0456,0.1665,7.6135,0,REST
16001,62.50390625,3.3405,-6.41,-5.1463,9.2167,0,REST
16002,62.5078125,7.8019,-1.846,-6.5265,2.0491,0,REST
16003,62.51171875,7.7297,-7.9291,-8.3047,1.6031,0,REST
16004,62.515625,12.942,-9.6553,-13.3459,0.3772,0,REST
16005,62.51953125,8.8782,-9.5163,-11.1331,-2.7456,0,REST
16006,62.5234375,13.8937,-9.1761,-14.0722,-4.022,0,REST
16007,62.52734375,11.6894,-6.6268,-13.9152,-6.848,0,REST
16008,62.53125,11.1779,-2.1931,-10.9644,-7.481,0,REST
16009,62.53515625,7.461,-0.195,-9.8232,-8.5531,0,REST
16010,62.5390625,8.0699,-1.6282,-5.6096,-7.1058,0,REST
16011,62.54296875,3.957,0.4662,-5.9966,-3.0364,0,REST
16012,62.546875,0.0885,3.4182,0.4875,-5.5284,0,REST
16013,62.55078125,-3.8268,2.5761,2.723,-7.0046,0,REST
16014,62.5546875,-7.0561,6.4254,4.5702,-0.9971,0,REST
16015,62.55859375,-14.3599,5.7929,9.8046,-1.0114,0,REST
16016,62.5625,-15.3602,7.6756,8.3894,1.4095,0,REST
16017,62.56640625,-14.6326,6.573,9.1622,-3.0062,0,REST
16018,62.5703125,-8.3242,5.8458,10.2899,7.4308,0,REST
16019,62.57421875,-10.8668,3.7545,11.9044,3.2022,0,REST
16020,62.578125,-12.3851,5.4225,8.7533,6.0606,0,REST
16021,62.58203125,-5.9333,1.8996,12.6497,3.0118,0,REST
16022,62.5859375,-1.5386,1.5676,3.8311,3.934,0,REST
16023,62.58984375,-2.6609,-1.6434,5.0519,6.1285,0,REST
16024,62.59375,0.8752,-2.0443,1.4647,5.7771,0,REST
16025,62.59765625,6.8257,-5.9159,-0.9966,1.3828,0,REST
16026,62.6015625,6.5457,-3.8938,-3.6355,5.9674,0,REST
16027,62.60546875,6.0128,-3.9726,-6.8501,1.6188,0,REST
16028,62.609375,10.2378,-8.3074,-7.9469,0.6719,0,REST
16029,62.61328125,2.2141,-1.7725,-4.1332,0.122,4,INTER
16030,62.6171875,2.9897,0.9567,4.7818,-2.5921,4,INTER
16031,62.62109375,-2.2808,-3.2671,2.8189,-1.7314,4,INTER
16032,62.625,-0.7543,1.258,4.4898,1.3555,4,INTER
16033,62.62890625,-1.7676,-2.3802,2.8313,1.0598,4,INTER
16034,62.6328125,-1.4515,6.1838,-2.6712,0.624,4,INTER
16035,62.63671875,4.8747,-3.5491,-0.23,-1.3661,4,INTER
16036,62.640625,-4.1529,1.4457,0.7076,1.0893,4,INTER
16037,62.64453125,-1.5719,-4.095,1.9,0.9317,4,INTER
16038,62.6484375,-3.6276,-2.4359,-1.7833,7.3281,4,INTER
16039,62.65234375,2.2613,-0.9319,-3.3138,2.2885,4,INTER
16040,62.65625,-2.3412,0.2927,-1.2404,5.0245,4,INTER
16041,62.66015625,1.8291,1.8262,3.4248,3.2801,4,INTER
16042,62.6640625,-1.6845,1.4262,2.872,-3.2957,4,INTER
16043,62.66796875,3.0,1.3452,-0.0822,5.1325,4,INTER
16044,62.671875,0.6378,0.8883,0.099,-0.6028,4,INTER
16045,62.67578125,0.7955,-1.5928,-2.5048,-2.3943,4,INTER
16046,62.6796875,-0.3646,-1.9803,4.9892,-2.1937,4,INTER
16047,62.68359375,1.6974,-1.4437,-0.4823,-0.3406,4,INTER
16048,62.6875,1.4395,-0.3297,-0.5882,-3.3926,4,INTER
16049,62.69140625,-1.3243,-3.6088,0.854,-0.3689,4,INTER
16050,62.6953125,2.4365,1.8597,-2.2238,-3.7162,4,INTER
16051,62.69921875,4.0596,2.3089,3.3537,-1.1531,4,INTER
16052,62.703125,-7.4102,4.4208,3.7681,-0.8019,4,INTER
16053,62.70703125,-4.9156,1.0723,-0.3195,0.1265,4,INTER
16054,62.7109375,-2.5552,-1.5978,-0.7413,2.6479,4,INTER
16055,62.71484375,-3.0272,-1.4328,2.1754,5.6576,4,INTER
16056,62.71875,5.0992,-5.5884,7.1865,3.558,4,INTER
16057,62.72265625,-2.8347,0.7181,-5.81,-2.323,4,INTER
16058,62.7265625,-2.4257,-0.5562,-1.9279,-0.5878,4,INTER
16059,62.73046875,-1.695,2.9243,-0.2552,-2.8295,4,INTER
16060,62.734375,-1.1933,0.8685,1.9076,1.7228,4,INTER
16061,62.73828125,5.4213,-1.0451,1.5057,0.323,4,INTER
16062,62.7421875,1.379,-0.8464,0.2931,-2.4232,4,INTER
16063,62.74609375,-3.0285,-2.0506,-0.8189,0.5774,4,INTER
16064,62.75,1.102,1.2231,2.7665,4.7436,4,INTER
16065,62.75390625,-3.0132,-0.8864,0.367,-2.9146,4,INTER
16066,62.7578125,-2.8456,4.1852,-6.2387,-2.4308,4,INTER
16067,62.76171875,0.1069,-1.202,1.3054,-0.6836,4,INTER
16068,62.765625,0.0904,1.1144,0.818,1.9259,4,INTER
16069,62.76953125,0.1581,-1.5111,2.6041,-0.6378,4,INTER
16070,62.7734375,-1.5631,-6.3013,2.8051,-1.6134,4,INTER
16071,62.77734375,2.6076,-1.354,-1.9703,-1.4686,4,INTER
16072,62.78125,-5.1754,2.5389,-0.2124,-4.7727,4,INTER
16073,62.78515625,-2.3149,-0.8279,2.0409,-1.7895,4,INTER
16074,62.7890625,-1.3399,-1.8681,-1.7345,0.1317,4,INTER
16075,62.79296875,-3.9554,-4.9666,0.7088,-0.3625,4,INTER
16076,62.796875,-6.2167,-0.1103,2.0073,2.4149,4,INTER
16077,62.80078125,1.1057,2.5898,2.7265,-0.041,4,INTER
16078,62.8046875,2.7635,0.555,-0.5451,-4.4595,4,INTER
16079,62.80859375,-1.5684,3.0781,-0.8397,-1.5614,4,INTER
16080,62.8125,-2.5701,3.0629,3.0742,-0.5599,4,INTER
16081,62.81640625,3.1882,-3.8628,-5.9052,-0.9184,4,INTER
16082,62.8203125,-2.6723,2.0824,1.7939,1.4224,4,INTER
16083,62.82421875,-2.1301,0.1363,-0.7351,-0.0886,4,INTER
16084,62.828125,-0.8391,-5.2512,1.6755,0.0853,4,INTER
16085,62.83203125,-3.2513,4.3285,8.1699,-1.3762,4,INTER
16086,62.8359375,-0.432,3.9788,1.9587,-0.6059,4,INTER
16087,62.83984375,-0.588,-2.5674,-3.4943,2.9276,4,INTER
16088,62.84375,0.0024,1.4888,-1.3372,3.4295,4,INTER
16089,62.84765625,-0.0816,-1.0695,0.419,-2.4954,4,INTER
16090,62.8515625,-2.9624,-0.8912,3.0791,2.5702,4,INTER
16091,62.85546875,-0.1538,-1.7045,-0.4184,-3.409,4,INTER
16092,62.859375,0.8031,-0.4647,3.5844,2.5767,4,INTER
16093,62.86328125,0.4386,2.6667,-2.4246,1.3058,4,INTER
16094,62.8671875,-3.8999,-0.9241,1.8321,-1.0251,4,INTER
16095,62.87109375,0.1134,-1.1116,-1.094,3.0506,4,INTER
16096,62.875,-2.2279,-1.4502,0.6572,-0.8511,4,INTER
16097,62.87890625,-1.1968,1.0881,1.4199,-0.686,4,INTER
16098,62.8828125,-1.8231,-0.1894,2.6737,1.2314,4,INTER
16099,62.88671875,-0.6956,-1.5317,6.5697,1.0754,4,INTER
16100,62.890625,-0.88,0.9583,-0.5284,-1.0435,4,INTER
16101,62.89453125,1.7343,-0.403,2.0753,3.8209,4,INTER
16102,62.8984375,1.0603,-0.7505,-1.6062,-1.9916,4,INTER
16103,62.90234375,-5.2131,0.5013,1.098,1.9495,4,INTER
16104,62.90625,2.3429,1.6687,-3.806,2.4,4,INTER
16105,62.91015625,-1.6103,-0.2874,-1.4058,-2.8124,4,INTER
16106,62.9140625,2.5885,-2.9684,-1.6087,1.9781,4,INTER
16107,62.91796875,0.5851,-1.6186,-3.9901,-0.8576,4,INTER
16108,62.921875,-0.0864,1.2977,-2.5258,-0.8792,4,INTER
16109,62.92578125,0.1462,1.5548,2.2344,4.856,4,INTER
16110,62.9296875,-0.8853,2.5326,-2.718,-0.3493,4,INTER
16111,62.93359375,-0.3583,-0.5258,2.1846,2.3457,4,INTER
16112,62.9375,4.8398,-1.0031,-0.6612,0.2061,4,INTER
16113,62.94140625,-1.3705,-1.2386,-2.7459,-2.8939,4,INTER
16114,62.9453125,2.7514,1.4516,-0.7702,2.5789,4,INTER
16115,62.94921875,-3.0354,-2.6565,0.2922,1.8155,4,INTER
16116,62.953125,-2.2932,2.3659,-0.3471,4.0033,4,INTER
16117,62.95703125,-1.1056,3.7576,1.3991,2.1883,4,INTER
16118,62.9609375,1.7696,0.0165,2.1462,2.1542,4,INTER
16119,62.96484375,0.0358,0.3605,0.6389,0.5812,4,INTER
16120,62.96875,0.2745,1.2499,-2.216,-0.9943,4,INTER
16121,62.97265625,-0.969,0.4067,-3.2023,-3.6931,4,INTER
16122,62.9765625,-1.4912,1.6732,0.1087,-0.2014,4,INTER
16123,62.98046875,-0.9489,4.8032,2.1566,1.5468,4,INTER
16124,62.984375,0.0815,-0.3608,1.2805,1.5433,4,INTER
16125,62.98828125,2.0082,0.6378,0.9455,-1.9133,4,INTER
16126,62.9921875,-1.0462,-1.0898,1.8669,1.0967,4,INTER
16127,62.99609375,-3.1622,1.5209,-0.7285,1.7822,4,INTER
16128,63.0,1.9481,-0.9194,-0.3581,1.2937,4,INTER
16129,63.00390625,1.0167,-1.6442,1.0504,2.795,4,INTER
16130,63.0078125,1.4706,0.7584,1.1764,-3.9682,4,INTER
16131,63.01171875,0.8164,-3.2375,2.0627,-0.8515,4,INTER
16132,63.015625,-0.5707,1.4241,1.6332,-0.3357,4,INTER
16133,63.01953125,1.7547,1.1917,-0.9331,-1.9099,4,INTER
16134,63.0234375,4.2851,-2.2938,3.0639,3.311,4,INTER
16135,63.02734375,-0.2633,-1.9781,-0.113,0.8991,4,INTER
16136,63.03125,-2.5011,-5.4683,0.7506,2.4101,4,INTER
16137,63.03515625,0.0714,0.2497,4.9579,2.8136,4,INTER
16138,63.0390625,1.5478,1.0181,3.2794,4.0573,4,INTER
16139,63.04296875,1.7959,0.0586,0.5674,-0.5792,4,INTER
16140,63.046875,-0.9329,-2.104,-1.8832,-1.1511,4,INTER
16141,63.05078125,-2.5008,-3.9885,3.4044,1.3112,4,INTER
16142,63.0546875,3.829,-5.8497,-2.3261,0.0123,4,INTER
16143,63.05859375,2.5909,-3.213,1.4854,-0.148,4,INTER
16144,63.0625,3.2328,-1.9472,1.8204,-1.1334,4,INTER
16145,63.06640625,3.6613,2.3438,-2.3382,-1.7675,4,INTER
16146,63.0703125,-1.1887,2.7547,-3.485,-1.2826,4,INTER
16147,63.07421875,1.6641,2.7988,-1.1536,-1.8827,4,INTER
16148,63.078125,3.7278,3.3188,-0.5414,-1.3655,4,INTER
16149,63.08203125,-2.2126,-0.5957,3.0186,-2.6864,4,INTER
16150,63.0859375,-1.9324,0.7365,-1.7012,0.824,4,INTER
16151,63.08984375,-1.9746,1.8398,-0.1079,2.6145,4,INTER
16152,63.09375,2.0527,4.9868,0.7209,0.2361,4,INTER
16153,63.09765625,2.9511,0.3962,6.7785,4.3671,4,INTER
16154,63.1015625,1.5271,5.4719,3.4293,-0.6074,4,INTER
16155,63.10546875,3.015,2.8445,-3.2716,2.5284,4,INTER
16156,63.109375,0.2979,4.64,0.9228,-4.2717,4,INTER
16157,63.11328125,0.4874,-2.6139,-2.9987,-1.8799,4,INTER
16158,63.1171875,1.1195,-2.3231,2.2573,-0.0958,4,INTER
16159,63.12109375,2.0347,0.2658,-1.0555,0.6413,4,INTER
16160,63.125,0.4175,2.6849,-0.6426,1.6491,4,INTER
16161,63.12890625,3.7328,-2.7449,-1.6664,1.269,4,INTER
16162,63.1328125,-0.8394,2.0583,1.0073,-0.3339,4,INTER
16163,63.13671875,-2.8259,0.2845,3.3608,-1.2008,4,INTER
16164,63.140625,0.5244,3.3619,-2.32,2.3901,4,INTER
16165,63.14453125,1.8494,-1.5706,-1.4124,-1.5282,4,INTER
16166,63.1484375,-2.2732,1.0869,-2.5213,-4.8551,4,INTER
16167,63.15234375,-1.4433,2.0824,-0.5457,-1.1152,4,INTER
16168,63.15625,-3.1909,-2.6063,-1.6993,-2.4533,4,INTER
16169,63.16015625,4.064,0.3934,-1.7097,-3.3158,4,INTER
16170,63.1640625,-1.4182,-1.6557,-2.8496,-1.0099,4,INTER
16171,63.16796875,-2.1105,2.167,1.4399,-1.6471,4,INTER
16172,63.171875,0.0084,0.8712,-0.4535,1.4792,4,INTER
16173,63.17578125,-3.2541,2.4992,0.9916,-4.4545,4,INTER
16174,63.1796875,4.4801,1.1526,1.94,-0.4585,4,INTER
16175,63.18359375,0.6438,2.3474,-0.8691,3.5619,4,INTER
16176,63.1875,-0.3345,-0.9282,-0.1458,1.0034,4,INTER
16177,63.19140625,-3.3637,-3.0214,-2.5844,1.6986,4,INTER
16178,63.1953125,-0.6842,0.3273,0.7178,-1.8056,4,INTER
16179,63.19921875,4.6439,-1.3907,0.66,-0.5073,4,INTER
16180,63.203125,-0.4995,3.0784,1.1882,2.3339,4,INTER
16181,63.20703125,-0.115,-2.3243,3.7586,-2.0125,4,INTER
16182,63.2109375,-0.4087,0.4941,-1.3169,0.7785,4,INTER
16183,63.21484375,0.6314,-3.7525,2.9922,0.904,4,INTER
16184,63.21875,-3.7298,1.7608,1.2143,-1.9837,4,INTER
16185,63.22265625,-3.9091,-0.3743,0.8805,3.4436,4,INTER
16186,63.2265625,0.3205,-2.5227,0.2945,-1.0643,4,INTER
16187,63.23046875,-0.3385,0.8884,2.4769,0.2998,4,INTER
16188,63.234375,0.1515,1.9143,2.1106,-1.9492,4,INTER
16189,63.23828125,3.7996,1.6641,3.7229,-3.7196,4,INTER
16190,63.2421875,-1.3716,0.0311,-0.7539,0.613,4,INTER
16191,63.24609375,-0.6908,4.4155,0.398,-2.1952,4,INTER
16192,63.25,-2.7831,0.1246,1.261,1.2262,4,INTER
16193,63.25390625,0.5585,-3.3011,5.3164,2.0426,4,INTER
16194,63.2578125,3.6584,1.446,-3.4566,-1.7876,4,INTER
16195,63.26171875,-3.1709,-0.1934,-0.0717,-2.3496,4,INTER
16196,63.265625,2.546,-1.3457,-0.1075,-1.2943,4,INTER
16197,63.26953125,3.3256,4.4389,1.0445,-0.9685,4,INTER
16198,63.2734375,-2.8811,0.0109,-4.5474,1.1932,4,INTER
16199,63.27734375,-0.0514,-2.8626,2.079,0.2328,4,INTER
16200,63.28125,-0.1566,0.8783,0.8977,-1.1822,4,INTER
16201,63.28515625,2.1581,-2.1031,0.2438,-2.6782,4,INTER
16202,63.2890625,0.5507,4.1883,1.2987,-1.5546,4,INTER
16203,63.29296875,-1.404,-0.7067,2.7258,-2.6224,4,INTER
16204,63.296875,-1.1755,-1.5407,-3.1899,-2.2355,4,INTER
16205,63.30078125,2.4458,-1.312,1.4023,-3.0162,4,INTER
16206,63.3046875,-4.5595,2.3747,-5.4496,1.3676,4,INTER
16207,63.30859375,-4.1706,-2.3354,1.6689,-1.1686,4,INTER
16208,63.3125,3.9089,2.6638,-0.5721,4.6118,4,INTER
16209,63.31640625,-2.3158,4.8978,3.2975,2.6945,4,INTER
16210,63.3203125,-1.4503,-0.5848,-2.9146,5.7692,4,INTER
16211,63.32421875,4.4155,-0.1649,0.3406,1.8278,4,INTER
16212,63.328125,1.3944,-1.0531,-0.0742,-1.4887,4,INTER
16213,63.33203125,-3.0091,-4.1657,1.1782,-0.3998,4,INTER
16214,63.3359375,-0.5805,-3.396,0.5539,-3.1663,4,INTER
16215,63.33984375,0.5292,-1.97,-2.5943,2.9731,4,INTER
16216,63.34375,-2.4345,-5.9163,-0.9229,2.4939,4,INTER
16217,63.34765625,-0.7764,3.0283,2.6846,0.6086,4,INTER
16218,63.3515625,4.8872,-2.8975,8.2586,-0.3907,4,INTER
16219,63.35546875,-2.7248,0.5,-0.9975,-2.7397,4,INTER
16220,63.359375,-4.8823,1.234,-2.5749,3.6496,4,INTER
16221,63.36328125,-1.876,0.9184,-2.3763,-1.0147,4,INTER
16222,63.3671875,-1.0529,-3.6831,5.8532,0.7619,4,INTER
16223,63.37109375,0.8963,-0.779,0.1257,-0.0266,4,INTER
16224,63.375,4.0483,1.7767,-3.688,-3.3524,4,INTER
16225,63.37890625,-2.3073,2.7138,-1.6972,0.8071,4,INTER
16226,63.3828125,3.2062,-3.3712,0.5009,-0.4121,4,INTER
16227,63.38671875,4.3263,2.5355,-0.8358,-1.6412,4,INTER
16228,63.390625,-2.5948,2.096,1.157,1.6665,4,INTER
16229,63.39453125,1.667,-0.5949,1.7453,1.7273,4,INTER
16230,63.3984375,-3.0355,-2.5448,1.8413,-2.3821,4,INTER
16231,63.40234375,3.239,-0.7626,2.7799,-2.9062,4,INTER
16232,63.40625,-2.0779,-0.8961,3.4457,-1.0083,4,INTER
16233,63.41015625,-1.4345,2.2347,1.5815,0.5038,4,INTER
16234,63.4140625,-0.4643,1.8858,-0.0065,-4.1253,4,INTER
16235,63.41796875,0.0145,3.1773,4.6079,-1.8391,4,INTER
16236,63.421875,3.8097,-3.4372,0.6515,0.3919,4,INTER
16237,63.42578125,2.4555,-0.6654,4.2214,1.8936,4,INTER
16238,63.4296875,2.253,0.6112,2.8531,4.3688,4,INTER
16239,63.43359375,1.7749,-0.0556,0.794,0.7445,4,INTER
16240,63.4375,3.4557,4.582,-4.8932,2.0451,4,INTER
16241,63.44140625,0.759,-3.8972,-2.1123,-2.2799,4,INTER
16242,63.4453125,-2.5775,-0.3362,0.6907,0.2246,4,INTER
16243,63.44921875,2.168,2.1224,-2.51,-0.2978,4,INTER
16244,63.453125,-2.6312,-1.4919,3.5056,-2.8668,4,INTER
16245,63.45703125,-2.9769,-1.0492,-3.5594,-1.4309,4,INTER
16246,63.4609375,1.419,0.7268,-0.3734,1.4434,4,INTER
16247,63.46484375,3.8706,0.6816,1.835,-3.2039,4,INTER
16248,63.46875,1.3018,1.068,-1.3058,3.9299,4,INTER
16249,63.47265625,2.1761,2.2002,-0.0201,-1.7367,4,INTER
16250,63.4765625,-1.9258,-1.9663,-1.2667,-2.7308,4,INTER
16251,63.48046875,3.5998,-0.3272,-1.1048,-4.06,4,INTER
16252,63.484375,2.3842,0.0033,3.3134,1.4372,4,INTER
16253,63.48828125,0.9899,0.387,-3.6627,-0.0226,4,INTER
16254,63.4921875,-0.065,2.9516,-1.4402,3.9714,4,INTER
16255,63.49609375,0.9854,1.5451,-0.5478,5.1242,4,INTER
16256,63.5,4.3971,-1.2804,1.9576,2.6541,4,INTER
16257,63.50390625,3.2859,-4.4296,-1.1667,-0.1916,4,INTER
16258,63.5078125,-0.0553,-3.043,2.0885,-2.7801,4,INTER
16259,63.51171875,1.917,-0.3598,-1.6906,-2.8431,4,INTER
16260,63.515625,3.6557,-1.1203,-3.0376,0.195,4,INTER
16261,63.51953125,0.779,0.8403,0.9296,0.1257,4,INTER
16262,63.5234375,-0.6995,-2.664,0.5619,-0.7577,4,INTER
16263,63.52734375,0.3646,-2.3402,-0.2704,-0.5204,4,INTER
16264,63.53125,-1.4574,4.7022,-3.6112,-0.1099,4,INTER
16265,63.53515625,3.6091,1.9673,-0.9049,2.0873,4,INTER
16266,63.5390625,-0.7086,-0.5933,1.6313,-0.2718,4,INTER
16267,63.54296875,-1.5948,-0.1366,3.3757,-3.8225,4,INTER
16268,63.546875,-3.2491,2.4353,-1.9599,0.4363,4,INTER
16269,63.55078125,0.9515,-0.9261,2.6495,4.3735,4,INTER
16270,63.5546875,-0.8247,-6.7869,3.1105,-0.3816,4,INTER
16271,63.55859375,3.0637,4.5129,-3.1342,-2.7151,4,INTER
16272,63.5625,0.7696,1.2547,-0.1207,0.9091,4,INTER
16273,63.56640625,-0.0136,2.6466,-2.2879,1.0196,4,INTER
16274,63.5703125,1.3151,-2.3134,1.5372,5.0931,4,INTER
16275,63.57421875,1.7466,3.1925,-2.8423,0.5688,4,INTER
16276,63.578125,4.3419,-2.3438,3.2737,2.5691,4,INTER
16277,63.58203125,1.2093,2.6962,-2.4526,-0.3747,4,INTER
16278,63.5859375,-1.1701,-1.2507,-0.1547,-1.101,4,INTER
16279,63.58984375,3.1623,1.8022,-2.3048,0.6952,4,INTER
16280,63.59375,1.258,-2.9264,1.2641,-1.4676,4,INTER
16281,63.59765625,-0.4031,-4.2579,-2.4067,-3.3153,4,INTER
16282,63.6015625,-3.6959,-3.2483,1.1818,-2.3595,4,INTER
16283,63.60546875,-1.3059,2.3614,-3.9971,0.9366,4,INTER
16284,63.609375,0.433,-2.3244,-0.2899,0.8091,4,INTER
16285,63.61328125,1.895,0.0301,4.532,-0.5099,4,INTER
16286,63.6171875,0.1956,2.0261,4.369,4.0932,4,INTER
16287,63.62109375,2.902,-1.6748,-0.6471,1.728,4,INTER
16288,63.625,-0.7294,-0.7639,0.1113,0.2355,4,INTER
16289,63.62890625,-1.0105,2.6181,-2.9753,-2.1961,4,INTER
16290,63.6328125,-1.4985,-0.3785,-2.5633,-0.7651,4,INTER
16291,63.63671875,5.5724,-2.555,-0.4481,-0.4531,4,INTER
16292,63.640625,-2.8569,-1.5762,-2.9195,1.0887,4,INTER
16293,63.64453125,-1.6536,-1.7995,2.2993,-0.1023,4,INTER
16294,63.6484375,-2.1424,-0.1846,0.3384,2.7984,4,INTER
16295,63.65234375,-2.231,-5.007,0.8479,0.9082,4,INTER
16296,63.65625,-3.3478,-3.0605,-2.1545,3.6708,4,INTER
16297,63.66015625,1.187,0.3892,0.8167,2.397,4,INTER
16298,63.6640625,-0.9703,-1.6217,-3.2259,2.1729,4,INTER
16299,63.66796875,-0.7631,0.9172,2.8839,-0.3221,4,INTER
16300,63.671875,-5.703,-1.8575,-1.827,-1.2517,4,INTER
16301,63.67578125,-2.7353,0.0416,1.0653,1.2619,4,INTER
16302,63.6796875,0.5101,-1.9283,3.3752,2.3404,4,INTER
16303,63.68359375,0.0969,4.1019,3.1466,-0.8248,4,INTER
16304,63.6875,2.3075,-1.3812,-1.7069,3.9916,4,INTER
16305,63.69140625,-1.9108,6.8198,-2.0989,-2.8199,4,INTER
16306,63.6953125,3.6519,-2.2751,-1.2046,-0.2837,4,INTER
16307,63.69921875,-3.8615,-3.233,-3.0444,0.9738,4,INTER
16308,63.703125,-0.4267,-0.6187,0.4261,0.9972,4,INTER
16309,63.70703125,4.3108,2.6428,-0.5905,-2.4295,4,INTER
16310,63.7109375,-2.7012,1.7716,-2.7823,1.1733,4,INTER
16311,63.71484375,1.7317,-1.8934,2.4,-2.6398,4,INTER
16312,63.71875,-2.0608,-1.1697,-2.3535,-1.687,4,INTER
16313,63.72265625,1.0491,2.4905,3.3976,-4.6176,4,INTER
16314,63.7265625,1.6613,-0.0202,-2.7518,2.3448,4,INTER
16315,63.73046875,3.5392,0.6744,-0.9808,-1.0802,4,INTER
16316,63.734375,-0.8277,-1.0659,1.8157,0.1451,4,INTER
16317,63.73828125,-1.5455,2.5642,-0.9076,2.4733,4,INTER
16318,63.7421875,0.4188,-8.4379,0.0158,4.6493,4,INTER
16319,63.74609375,0.5869,1.045,0.2489,-1.9767,4,INTER
16320,63.75,-1.7777,-0.1317,-3.2009,-2.4761,4,INTER
16321,63.75390625,-1.0398,4.253,0.2749,-0.4164,4,INTER
16322,63.7578125,0.4401,-1.1277,1.2881,-1.1811,4,INTER
16323,63.76171875,0.0974,2.7485,1.6213,-0.929,4,INTER
16324,63.765625,-1.4446,-5.0519,-2.38,2.8198,4,INTER
16325,63.76953125,-0.5856,-1.6196,3.7724,-3.0639,4,INTER
16326,63.7734375,3.4863,-1.1303,1.204,4.3392,4,INTER
16327,63.77734375,0.9005,3.2138,-2.3553,0.8712,4,INTER
16328,63.78125,-0.6729,2.2845,0.8159,-2.2694,4,INTER
16329,63.78515625,-1.5623,-3.1635,-1.3577,-0.1015,4,INTER
16330,63.7890625,-1.7154,3.3055,-1.701,-1.3007,4,INTER
16331,63.79296875,-0.4988,-0.8275,-2.0129,-0.51,4,INTER
16332,63.796875,-0.8982,-1.1627,0.1045,3.7336,4,INTER
16333,63.80078125,-0.1399,-0.9214,0.9676,0.2868,4,INTER
16334,63.8046875,-2.7374,-2.4109,1.7262,-4.4503,4,INTER
16335,63.80859375,-1.8357,-0.8856,0.6873,-0.7265,4,INTER
16336,63.8125,1.7281,-2.853,0.8288,2.2538,4,INTER
16337,63.81640625,-1.3313,0.2495,2.7847,-0.704,4,INTER
16338,63.8203125,0.0009,1.6158,-2.3795,0.6055,4,INTER
16339,63.82421875,-2.3043,-0.6272,-4.2864,4.017,4,INTER
16340,63.828125,-0.7288,-1.1765,3.4584,0.5566,4,INTER
16341,63.83203125,0.452,-3.9428,-1.5697,-2.5745,4,INTER
16342,63.8359375,-0.3297,-5.1221,-2.7654,-0.1397,4,INTER
16343,63.83984375,4.0034,-1.4429,5.1263,-1.3979,4,INTER
16344,63.84375,1.0018,-2.8289,1.1042,3.0309,4,INTER
16345,63.84765625,2.9024,-0.4971,2.4563,-2.9342,4,INTER
16346,63.8515625,-4.9137,-0.4742,5.1703,-1.7018,4,INTER
16347,63.85546875,1.8339,-3.471,-2.3163,0.2735,4,INTER
16348,63.859375,0.8749,0.6712,2.0736,-3.591,4,INTER
16349,63.86328125,4.9491,1.489,-1.8098,0.5392,4,INTER
16350,63.8671875,3.3935,-0.8712,2.6151,-1.5957,4,INTER
16351,63.87109375,2.6531,2.2601,0.6672,1.3822,4,INTER
16352,63.875,0.3466,-0.6922,-2.6245,-1.2679,4,INTER
16353,63.87890625,-1.7455,1.5076,0.9251,4.3665,4,INTER
16354,63.8828125,-1.1071,2.5586,3.7726,4.2649,4,INTER
16355,63.88671875,0.2746,-0.8134,2.5212,1.2251,4,INTER
16356,63.890625,0.1736,-1.3665,3.5936,2.1286,4,INTER
16357,63.89453125,2.6841,-2.5402,-2.6516,1.0404,4,INTER
16358,63.8984375,-4.1932,-0.717,-0.6352,-1.5078,4,INTER
16359,63.90234375,-0.9748,-2.5876,2.8623,-2.1751,4,INTER
16360,63.90625,1.5055,0.8747,2.1654,-2.2648,4,INTER
16361,63.91015625,-0.684,1.1437,-1.9488,0.0553,4,INTER
16362,63.9140625,1.5023,-0.686,0.445,2.7044,4,INTER
16363,63.91796875,1.8781,2.783,-0.1301,3.9172,4,INTER
16364,63.921875,-0.4863,-2.686,-3.6278,2.3494,4,INTER
16365,63.92578125,2.5341,-3.9754,-0.9327,-0.9198,4,INTER
16366,63.9296875,-2.4717,6.0834,0.5451,0.0187,4,INTER
16367,63.93359375,-1.1903,0.9012,1.4036,-2.1425,4,INTER
16368,63.9375,-0.279,0.4621,1.3486,0.0016,4,INTER
16369,63.94140625,0.0766,-2.0325,1.523,0.8753,4,INTER
16370,63.9453125,3.3829,1.1988,1.102,4.9889,4,INTER
16371,63.94921875,-2.1179,-2.246,1.4047,-0.4185,4,INTER
16372,63.953125,-0.9207,5.3606,-4.3403,1.7746,4,INTER
16373,63.95703125,-3.2085,3.9066,1.8637,-0.9672,4,INTER
16374,63.9609375,2.3611,-3.0414,1.5283,1.0091,4,INTER
16375,63.96484375,1.5387,-1.7586,-5.1094,-3.1921,4,INTER
16376,63.96875,0.2675,0.5634,2.7469,0.7631,4,INTER
16377,63.97265625,-0.6212,0.9915,1.912,4.0219,4,INTER
16378,63.9765625,-2.7352,0.296,1.229,2.3014,4,INTER
16379,63.98046875,1.5911,1.4346,4.3847,3.1748,4,INTER
16380,63.984375,1.4027,1.6232,2.1956,1.3036,4,INTER
16381,63.98828125,1.2094,-1.7544,-1.0539,0.7695,4,INTER
16382,63.9921875,1.5238,-0.1983,-0.5068,-1.0144,4,INTER
16383,63.99609375,3.3695,-2.5001,2.81,0.7007,4,INTER
16384,64.0,-1.113,0.45,6.4897,2.3265,4,INTER
16385,64.00390625,-2.8492,0.9543,-3.6483,1.1988,4,INTER
16386,64.0078125,2.1741,2.7834,0.5978,-0.4466,4,INTER
16387,64.01171875,3.7756,-4.8589,-1.1799,3.3036,4,INTER
16388,64.015625,-2.7897,2.2887,2.4701,0.8495,4,INTER
16389,64.01953125,-2.9986,2.2739,0.0294,5.2626,4,INTER
16390,64.0234375,-0.5307,-2.3415,-1.1963,1.1645,4,INTER
16391,64.02734375,-6.2958,5.306,1.4987,-3.4733,4,INTER
16392,64.03125,-5.0859,3.8451,-3.8061,1.7968,4,INTER
16393,64.03515625,-2.3118,0.0693,-0.7363,2.0577,4,INTER
16394,64.0390625,-3.4731,0.8031,0.172,-2.9293,4,INTER
16395,64.04296875,-1.7874,-1.1748,0.7091,1.2307,4,INTER
16396,64.046875,1.3899,-1.5082,1.4141,0.7113,4,INTER
16397,64.05078125,-1.3421,-4.9779,0.7339,-0.1252,4,INTER
16398,64.0546875,-0.6105,0.5601,1.5232,-3.6004,4,INTER
16399,64.05859375,2.6493,1.6219,-0.1437,-0.7566,4,INTER
16400,64.0625,0.123,3.676,2.6151,1.5187,4,INTER
16401,64.06640625,0.5968,-0.5704,0.3077,-4.8343,4,INTER
16402,64.0703125,-5.3182,-1.5039,0.3112,-3.3261,4,INTER
16403,64.07421875,1.4574,1.284,-1.1107,-0.7462,4,INTER
16404,64.078125,0.7611,0.1836,-0.172,1.4005,4,INTER
16405,64.08203125,1.6326,-2.057,-0.6024,-0.9171,4,INTER
16406,64.0859375,0.8652,4.7765,2.5007,1.0395,4,INTER
16407,64.08984375,3.5846,-0.1193,0.2208,-4.1878,4,INTER
16408,64.09375,2.1376,-0.0125,1.1369,-0.8049,4,INTER
16409,64.09765625,-1.2259,3.6738,2.7605,-2.2711,4,INTER
16410,64.1015625,1.9458,-0.8595,1.2011,2.8949,4,INTER
16411,64.10546875,-0.1763,2.5874,0.4029,0.1779,4,INTER
16412,64.109375,1.1307,1.6065,-1.7341,-1.5976,4,INTER
16413,64.11328125,0.4243,1.0071,2.2581,-0.0663,4,INTER
16414,64.1171875,-1.7905,-6.2034,1.4712,1.6141,4,INTER
16415,64.12109375,-0.5393,-0.1778,0.4901,-0.4447,4,INTER
16416,64.125,2.1488,-0.8238,2.3506,-2.8442,4,INTER
16417,64.12890625,0.9738,4.9975,-3.3257,1.7294,4,INTER
16418,64.1328125,0.5803,3.1093,-3.2045,-0.3855,4,INTER
16419,64.13671875,0.067,-0.2437,-1.6489,2.2513,4,INTER
16420,64.140625,0.1301,-1.7615,0.5765,-1.6027,4,INTER
16421,64.14453125,0.7083,2.4532,2.0053,-1.0477,4,INTER
16422,64.1484375,-1.0857,2.8675,0.713,0.7784,4,INTER
16423,64.15234375,-4.0959,1.8193,-1.3224,5.6638,4,INTER
16424,64.15625,-1.4715,-1.6868,2.0476,-0.8138,4,INTER
16425,64.16015625,-1.1053,-2.4757,0.062,-3.1442,4,INTER
16426,64.1640625,0.7209,-1.5735,1.8173,-1.4658,4,INTER
16427,64.16796875,-2.866,3.2791,-2.7171,4.2326,4,INTER
16428,64.171875,-4.0073,1.7313,-4.6564,-4.2917,4,INTER
16429,64.17578125,2.6158,2.6836,-1.6142,4.7131,4,INTER
16430,64.1796875,0.1834,-0.2094,-1.0569,-0.0528,4,INTER
16431,64.18359375,-2.7558,0.599,1.4704,1.5664,4,INTER
16432,64.1875,-3.636,0.2623,0.1225,0.1457,4,INTER
16433,64.19140625,-0.8329,1.6448,1.9365,-0.4367,4,INTER
16434,64.1953125,-0.1551,-2.2355,0.6803,-2.3525,4,INTER
16435,64.19921875,-1.2564,-1.9242,-0.0705,0.137,4,INTER
16436,64.203125,1.52,0.5211,-0.5284,-1.5082,4,INTER
16437,64.20703125,1.3352,-0.2862,1.4466,0.6316,4,INTER
16438,64.2109375,1.3078,4.3596,-1.3796,1.0074,4,INTER
16439,64.21484375,-3.7546,1.1619,-0.2543,-4.9504,4,INTER
16440,64.21875,1.6914,1.5172,-2.867,-5.0512,4,INTER
16441,64.22265625,-2.2087,1.3025,-1.5766,-1.6597,4,INTER
16442,64.2265625,-5.7618,1.2128,0.6066,5.2985,4,INTER
16443,64.23046875,2.6625,4.3327,1.2494,0.3715,4,INTER
16444,64.234375,-0.2755,-6.0395,-1.3557,0.0362,4,INTER
16445,64.23828125,0.1737,-3.0316,-0.8285,0.7205,4,INTER
16446,64.2421875,0.8532,1.0802,-0.6323,2.0849,4,INTER
16447,64.24609375,2.4309,2.5203,0.0365,1.3244,4,INTER
16448,64.25,3.3446,-2.411,2.0672,2.6632,4,INTER
16449,64.25390625,5.6177,-1.4124,-0.6105,0.6199,4,INTER
16450,64.2578125,-4.2007,-3.9016,-0.5625,0.4984,4,INTER
16451,64.26171875,0.947,-1.0463,2.4095,1.0622,4,INTER
16452,64.265625,-1.5956,0.3269,0.6507,2.6246,4,INTER
16453,64.26953125,-0.4668,2.2766,2.4411,-0.5532,4,INTER
16454,64.2734375,-1.2154,2.6711,4.0457,-2.7466,4,INTER
16455,64.27734375,-0.6413,-1.8777,-2.401,0.3778,4,INTER
16456,64.28125,2.4948,2.7516,-2.252,0.1011,4,INTER
16457,64.28515625,1.0638,0.7874,-2.9726,0.2037,4,INTER
16458,64.2890625,0.4762,3.0601,2.4242,-0.2006,4,INTER
16459,64.29296875,-0.8687,-4.1702,2.878,-6.3338,4,INTER
16460,64.296875,-0.6207,-1.6557,1.3829,0.9421,4,INTER
16461,64.30078125,-2.5898,-4.0391,2.3059,-1.0594,4,INTER
16462,64.3046875,-0.4586,-0.3591,0.4931,0.7998,4,INTER
16463,64.30859375,2.4867,-3.5716,2.1423,1.2176,4,INTER
16464,64.3125,0.9501,0.8514,2.7209,-0.2599,4,INTER
16465,64.31640625,1.9378,1.0807,1.1496,-2.869,4,INTER
16466,64.3203125,1.374,0.8332,3.4369,-3.0991,4,INTER
16467,64.32421875,3.5955,-1.0499,-3.5595,2.3839,4,INTER
16468,64.328125,2.296,0.3981,-2.4722,2.2708,4,INTER
16469,64.33203125,-1.4083,0.3344,2.6637,-0.8273,4,INTER
16470,64.3359375,-2.6957,8.0308,2.8001,-2.5028,4,INTER
16471,64.33984375,-1.4792,-1.5992,-3.2362,-2.3578,4,INTER
16472,64.34375,1.0093,-2.523,-3.8123,2.8537,4,INTER
16473,64.34765625,-1.3303,-0.4298,-0.7667,-1.2015,4,INTER
16474,64.3515625,-6.667,-0.1606,-0.397,-0.3048,4,INTER
16475,64.35546875,3.3739,1.155,-1.15,-1.7189,4,INTER
16476,64.359375,-1.8137,-4.2584,3.6239,-1.454,4,INTER
16477,64.36328125,0.923,-4.3307,3.1567,-1.9172,4,INTER
16478,64.3671875,0.3955,-3.5275,0.8984,-0.9222,4,INTER
16479,64.37109375,-0.6197,0.7691,-0.6451,-0.9586,4,INTER
16480,64.375,1.7213,-0.4247,0.206,1.0225,4,INTER
16481,64.37890625,2.5367,0.0907,5.111,-2.4834,4,INTER
16482,64.3828125,-2.1428,4.1338,2.9345,3.8482,4,INTER
16483,64.38671875,0.6094,-1.5313,-1.8196,0.2085,4,INTER
16484,64.390625,1.9245,-3.1195,0.671,0.685,4,INTER
16485,64.39453125,0.9625,4.3545,-3.4194,-1.7628,4,INTER
16486,64.3984375,0.0712,0.5989,-2.7603,2.3726,4,INTER
16487,64.40234375,0.6299,-2.3612,-1.2961,-0.8259,4,INTER
16488,64.40625,4.4727,-1.834,0.8475,-1.1731,4,INTER
16489,64.41015625,1.6219,0.3694,6.0384,1.7167,4,INTER
16490,64.4140625,-0.3855,-0.5729,0.1637,-1.1611,4,INTER
16491,64.41796875,-0.3507,1.9286,-1.9376,0.7504,4,INTER
16492,64.421875,0.1357,0.5711,3.0809,0.6315,4,INTER
16493,64.42578125,0.8964,0.9679,0.2792,-1.086,4,INTER
16494,64.4296875,-3.4951,0.8576,-1.4745,-1.9975,4,INTER
16495,64.43359375,2.8178,-2.6798,3.0156,-0.1876,4,INTER
16496,64.4375,-0.0036,1.9344,-4.6168,1.6508,4,INTER
16497,64.44140625,1.8029,1.9239,-1.3181,1.2733,4,INTER
16498,64.4453125,1.2899,1.0929,1.0771,0.8374,4,INTER
16499,64.44921875,-4.9674,0.7737,-2.3118,1.4184,4,INTER
16500,64.453125,0.8517,-1.3555,-1.0956,2.241,4,INTER
16501,64.45703125,-1.4011,1.3896,-0.7459,0.1399,4,INTER
16502,64.4609375,1.887,0.1832,7.2743,0.7294,4,INTER
16503,64.46484375,-3.0194,-2.9447,-1.4554,2.5163,4,INTER
16504,64.46875,-1.0841,2.2691,-0.0672,0.2023,4,INTER
16505,64.47265625,4.0093,0.8081,0.1358,-1.0137,4,INTER
16506,64.4765625,1.9651,-1.6881,1.1423,-2.5082,4,INTER
16507,64.48046875,0.6471,0.0707,-3.076,-0.7407,4,INTER
16508,64.484375,-4.4088,-0.3823,0.5409,-0.0717,4,INTER
16509,64.48828125,2.8104,-2.3117,-2.3218,1.3496,4,INTER
16510,64.4921875,2.9987,-1.3829,-1.2414,2.9218,4,INTER
16511,64.49609375,4.9816,2.5502,-0.9842,-0.3005,4,INTER
16512,64.5,0.2445,-2.3362,1.9804,3.7896,4,INTER
16513,64.50390625,-2.1037,0.8616,-2.3015,2.6012,4,INTER
16514,64.5078125,-1.6403,-4.2054,0.998,-0.3726,4,INTER
16515,64.51171875,3.512,1.816,-3.7882,-0.8508,4,INTER
16516,64.515625,-2.2664,-0.4198,1.8311,1.4006,4,INTER
16517,64.51953125,-0.0409,-2.0161,1.5022,6.3533,4,INTER
16518,64.5234375,-0.9676,-2.8295,2.178,1.7896,4,INTER
16519,64.52734375,-0.7658,-0.0703,-2.7937,4.4439,4,INTER
16520,64.53125,1.9611,0.9527,-2.3504,2.2091,4,INTER
16521,64.53515625,-2.0608,0.2065,-2.8137,2.5529,4,INTER
16522,64.5390625,-1.7825,1.6371,2.4837,-1.8773,4,INTER
16523,64.54296875,-0.8617,1.5495,-3.6338,-4.4428,4,INTER
16524,64.546875,-2.3957,6.2416,4.3469,-2.0121,4,INTER
16525,64.55078125,-1.0704,-2.8037,1.5334,3.9631,4,INTER
16526,64.5546875,1.8447,1.0062,1.3887,-1.2736,4,INTER
16527,64.55859375,0.549,2.4147,-1.9974,0.2813,4,INTER
16528,64.5625,-1.9646,3.6301,0.3793,-0.9708,4,INTER
16529,64.56640625,0.2426,-0.9181,-1.9785,0.4791,4,INTER
16530,64.5703125,-2.8511,-2.6066,1.727,1.3481,4,INTER
16531,64.57421875,-0.7534,0.2235,-1.3423,-1.8287,4,INTER
16532,64.578125,2.1045,2.8829,-0.2716,1.1595,4,INTER
16533,64.58203125,0.4058,-0.4495,2.1472,2.7497,4,INTER
16534,64.5859375,2.2219,1.5591,2.5719,1.7293,4,INTER
16535,64.58984375,0.9703,-0.694,-1.7611,-1.2252,4,INTER
16536,64.59375,-0.1634,-1.6248,-4.0467,-0.22,4,INTER
16537,64.59765625,-1.7897,-0.3469,2.6448,-0.9519,4,INTER
16538,64.6015625,0.3824,0.8053,3.1683,-0.6693,4,INTER
16539,64.60546875,-1.2219,-1.5688,3.2095,1.5908,4,INTER
16540,64.609375,-2.0442,3.993,-2.9909,-3.7017,4,INTER
16541,64.61328125,-1.6317,-0.4663,2.0506,-0.0798,4,INTER
16542,64.6171875,-2.641,-1.8057,-4.2563,-0.8214,4,INTER
16543,64.62109375,3.2294,1.3116,0.204,-1.6435,4,INTER
16544,64.625,0.4847,-0.0225,-1.6448,-2.5599,4,INTER
16545,64.62890625,-0.5935,-0.8074,0.0234,-3.0916,4,INTER
16546,64.6328125,0.6756,2.4204,-1.6878,-3.2218,4,INTER
16547,64.63671875,-0.8877,0.755,5.23,1.9596,4,INTER
16548,64.640625,2.0688,-2.4738,0.0532,1.5751,4,INTER
16549,64.64453125,1.8108,-0.5735,-4.3665,0.2594,4,INTER
16550,64.6484375,-0.7919,-5.8199,-1.0745,-1.4787,4,INTER
16551,64.65234375,0.2934,-2.3578,-1.9331,0.0683,4,INTER
16552,64.65625,-0.192,1.1993,0.0735,2.5239,4,INTER
16553,64.66015625,1.197,1.5837,-0.602,0.3507,4,INTER
16554,64.6640625,-1.9051,1.2027,0.7439,1.5949,4,INTER
16555,64.66796875,-4.5493,-2.5192,2.5889,-2.8895,4,INTER
16556,64.671875,-0.3205,-3.1032,2.644,-1.6225,4,INTER
16557,64.67578125,-0.6201,1.8067,-0.1891,-0.2326,4,INTER
16558,64.6796875,4.1628,1.128,-0.9717,-1.4445,4,INTER
16559,64.68359375,-4.9109,-0.0309,-0.1643,-0.9259,4,INTER
16560,64.6875,-2.5913,-2.4185,3.539,1.0386,4,INTER
16561,64.69140625,-3.0569,2.7094,-1.4925,2.2714,4,INTER
16562,64.6953125,-0.2785,-1.3893,-0.0413,-1.2558,4,INTER
16563,64.69921875,-2.1164,1.5069,0.0847,4.0297,4,INTER
16564,64.703125,-7.2124,-1.638,-2.6856,-1.1601,4,INTER
16565,64.70703125,-0.8507,-2.0391,1.3675,0.5919,4,INTER
16566,64.7109375,1.5606,1.531,-1.4435,-1.0419,4,INTER
16567,64.71484375,1.309,-0.7445,-2.0681,2.3954,4,INTER
16568,64.71875,-4.8077,-0.1821,0.4329,0.3514,4,INTER
16569,64.72265625,1.5179,3.0769,0.4589,1.4088,4,INTER
16570,64.7265625,-4.3143,3.9884,-1.8581,-1.2064,4,INTER
16571,64.73046875,-0.1244,-0.0259,1.5299,0.9526,4,INTER
16572,64.734375,-2.1129,-0.9683,-1.3956,2.2868,4,INTER
16573,64.73828125,4.1211,3.0918,1.6016,1.6175,4,INTER
16574,64.7421875,1.7465,-4.3412,-2.9971,-1.4804,4,INTER
16575,64.74609375,2.5574,2.025,-0.195,-0.568,4,INTER
16576,64.75,-1.2287,-1.5803,1.0047,1.6468,4,INTER
16577,64.75390625,-1.1184,3.0059,2.2322,-0.647,4,INTER
16578,64.7578125,-3.8741,-1.6388,-2.6572,-0.7312,4,INTER
16579,64.76171875,2.5828,1.7964,-4.0592,1.1552,4,INTER
16580,64.765625,-3.5914,-2.5421,-1.5574,-0.8081,4,INTER
16581,64.76953125,1.6195,2.3397,-1.6012,-0.5317,4,INTER
16582,64.7734375,-0.2712,-0.1851,-0.4104,2.537,4,INTER
16583,64.77734375,0.5235,1.8267,-0.9844,-1.117,4,INTER
16584,64.78125,2.8673,-0.3056,-1.1574,-2.0186,4,INTER
16585,64.78515625,-0.3683,-0.7329,0.8438,-1.295,4,INTER
16586,64.7890625,0.3065,-1.3367,-3.8701,-5.3373,4,INTER
16587,64.79296875,-1.2449,-2.4523,-1.7954,-1.8658,4,INTER
16588,64.796875,-2.6915,-7.2804,-2.1863,0.7414,4,INTER
16589,64.80078125,1.771,3.61,-0.872,-1.3639,4,INTER
16590,64.8046875,1.3729,-2.0216,-1.8621,0.5339,4,INTER
16591,64.80859375,4.7915,-3.3035,4.9766,-4.1292,4,INTER
16592,64.8125,0.5605,-2.458,-3.3048,4.373,4,INTER
16593,64.81640625,0.6375,1.4193,2.2648,-1.7678,4,INTER
16594,64.8203125,3.1688,-2.7576,-5.2083,-1.2294,4,INTER
16595,64.82421875,-0.8566,4.5061,-0.9474,-0.8886,4,INTER
16596,64.828125,-0.7856,-3.8376,2.4757,1.8882,4,INTER
16597,64.83203125,2.231,5.3845,-1.6253,-2.3359,4,INTER
16598,64.8359375,-3.558,1.4189,-0.3224,0.9457,4,INTER
16599,64.83984375,-3.5357,-1.1236,-1.1936,1.8608,4,INTER
16600,64.84375,0.9057,-1.7902,1.7167,2.1838,4,INTER
16601,64.84765625,-0.0239,-1.7706,-1.8248,-2.7527,4,INTER
16602,64.8515625,1.9458,-0.0821,-1.5492,-2.1787,4,INTER
16603,64.85546875,-0.8412,-3.1874,6.0231,-2.1606,4,INTER
16604,64.859375,-2.9018,0.8164,-3.277,1.1541,4,INTER
16605,64.86328125,0.0264,0.4903,0.3745,-2.5832,4,INTER
16606,64.8671875,1.0228,1.3287,1.182,-1.8777,4,INTER
16607,64.87109375,-2.8896,2.4241,-1.7385,-0.521,4,INTER
16608,64.875,-0.1478,-0.7937,3.7864,2.5721,4,INTER
16609,64.87890625,-3.9848,-0.0408,-2.4589,-2.5959,4,INTER
16610,64.8828125,0.7589,-5.7602,-1.8001,-3.4716,4,INTER
16611,64.88671875,0.8152,3.2498,-0.2986,-0.6684,4,INTER
16612,64.890625,-0.2109,2.0355,1.3016,0.7733,4,INTER
16613,64.89453125,-0.4067,-4.4974,-0.7782,2.4764,4,INTER
16614,64.8984375,-3.5066,0.7999,-0.1674,3.0385,4,INTER
16615,64.90234375,0.6161,0.4827,-3.4762,-1.4477,4,INTER
16616,64.90625,-4.4953,-1.0269,1.2652,0.4381,4,INTER
16617,64.91015625,-0.5584,-0.8996,3.1276,2.495,4,INTER
16618,64.9140625,-1.14,1.3463,1.5516,1.7788,4,INTER
16619,64.91796875,-1.8921,1.5367,-0.985,1.2742,4,INTER
16620,64.921875,-1.7725,-0.6116,1.9381,0.3774,4,INTER
16621,64.92578125,-1.3865,0.0727,-0.6483,-3.5877,4,INTER
16622,64.9296875,2.3124,1.9987,-1.0909,1.9548,4,INTER
16623,64.93359375,-2.5132,0.3248,6.854,1.5246,4,INTER
16624,64.9375,0.5745,1.3874,1.9415,-1.3438,4,INTER
16625,64.94140625,-4.2141,0.7631,0.2359,-1.8907,4,INTER
16626,64.9453125,-2.0967,2.2972,-2.2753,0.1154,4,INTER
16627,64.94921875,0.9895,2.7664,1.2744,0.2329,4,INTER
16628,64.953125,1.127,1.1728,-0.0725,5.0944,4,INTER
16629,64.95703125,0.0621,3.9388,-0.4452,4.0001,4,INTER
16630,64.9609375,-1.3448,-0.1673,2.8693,-3.4263,4,INTER
16631,64.96484375,0.2773,1.7043,3.1257,-3.3667,4,INTER
16632,64.96875,-0.5838,-4.0274,-0.0403,3.8155,4,INTER
16633,64.97265625,3.2147,-0.0871,2.484,-2.1308,4,INTER
16634,64.9765625,-0.0724,-0.6074,-0.9745,-4.009,4,INTER
16635,64.98046875,-1.1086,5.0822,-0.1811,0.2428,4,INTER
16636,64.984375,0.1685,0.8839,-1.0916,-1.5255,4,INTER
16637,64.98828125,-1.6886,-0.009,-4.8563,-4.9686,4,INTER
16638,64.9921875,-0.6493,0.216,0.957,0.1853,4,INTER
16639,64.99609375,3.3072,1.3535,3.7036,2.7226,4,INTER
16640,65.0,2.2538,-1.6325,3.8843,0.86,4,INTER
16641,65.00390625,-2.4991,-2.1467,2.3723,-5.0847,4,INTER
16642,65.0078125,5.0566,1.4326,0.8099,0.1442,4,INTER
16643,65.01171875,2.863,-0.2325,-2.474,2.0115,4,INTER
16644,65.015625,1.6763,-2.522,-0.1221,0.6394,4,INTER
16645,65.01953125,-3.6675,-3.4779,-2.0737,2.4358,4,INTER
16646,65.0234375,1.5315,-1.3904,1.5277,2.357,4,INTER
16647,65.02734375,0.5787,-1.4734,0.7937,4.6675,4,INTER
16648,65.03125,3.1765,0.5289,-5.3147,1.8256,4,INTER
16649,65.03515625,-0.423,3.265,2.9349,-2.3808,4,INTER
16650,65.0390625,-3.3608,3.9385,-2.5707,4.6072,4,INTER
16651,65.04296875,-0.8377,4.6636,5.2779,-1.4743,4,INTER
16652,65.046875,0.3841,-2.9723,-2.4312,0.6254,4,INTER
16653,65.05078125,1.6538,4.6412,0.7837,-0.2276,4,INTER
16654,65.0546875,-4.1783,3.89,-3.0688,-0.6312,4,INTER
16655,65.05859375,1.9298,-0.2635,-0.7175,-4.3547,4,INTER
16656,65.0625,1.5394,0.2069,-1.0932,1.6618,4,INTER
16657,65.06640625,1.7652,-1.0222,-1.126,4.3181,4,INTER
16658,65.0703125,1.7701,2.1799,-0.6488,3.0296,4,INTER
16659,65.07421875,-2.3574,2.7385,0.8132,-1.5667,4,INTER
16660,65.078125,2.8288,-1.2218,0.0873,0.9333,4,INTER
16661,65.08203125,0.7068,-2.2923,-1.4271,-0.3297,4,INTER
16662,65.0859375,2.4644,0.1193,0.6407,-2.6272,4,INTER
16663,65.08984375,0.9487,1.7603,2.6661,-3.8707,4,INTER
16664,65.09375,-2.5306,0.5979,-2.2592,-0.9375,4,INTER
16665,65.09765625,-0.4047,1.0697,1.6504,1.7538,4,INTER
16666,65.1015625,-0.2863,-3.1857,0.8082,5.1919,4,INTER
16667,65.10546875,-0.1165,3.3943,2.9772,0.3403,4,INTER
16668,65.109375,1.5183,4.3788,-0.7358,0.4032,4,INTER
16669,65.11328125,8.2543,-1.2855,3.5702,-0.8258,4,INTER
16670,65.1171875,0.174,1.7305,-2.0535,-4.2537,4,INTER
16671,65.12109375,-4.1708,1.6094,0.2031,1.924,4,INTER
16672,65.125,2.081,-1.8764,3.7285,5.659,4,INTER
16673,65.12890625,-1.6522,2.7468,1.4545,1.8957,4,INTER
16674,65.1328125,-1.8664,-1.2516,-1.2771,-2.5303,4,INTER
16675,65.13671875,1.7131,0.1502,-1.7106,-0.8057,4,INTER
16676,65.140625,2.5989,4.0254,-3.2692,-1.1106,4,INTER
16677,65.14453125,1.6022,3.389,1.7963,-0.3045,4,INTER
16678,65.1484375,-2.5769,-0.8782,-3.1879,-0.4905,4,INTER
16679,65.15234375,-3.9307,2.3187,-2.8285,3.461,4,INTER
16680,65.15625,-0.3635,3.4414,1.3489,-1.6661,4,INTER
16681,65.16015625,-0.3076,4.4179,-0.7311,-2.3013,4,INTER
16682,65.1640625,-0.6486,1.352,0.9232,-2.8335,4,INTER
16683,65.16796875,0.5807,0.2981,3.0228,6.427,4,INTER
16684,65.171875,-2.739,1.6503,2.5647,-4.956,4,INTER
16685,65.17578125,0.8755,-2.5352,1.0229,-1.4608,4,INTER
16686,65.1796875,0.8655,-1.4576,-1.3817,2.6653,4,INTER
16687,65.18359375,-2.3875,1.2908,5.1007,-3.0611,4,INTER
16688,65.1875,1.3086,4.3968,3.6059,-0.9915,4,INTER
16689,65.19140625,1.8731,0.8146,1.6912,-1.7227,4,INTER
16690,65.1953125,1.4591,-1.5255,-0.0273,0.1866,4,INTER
16691,65.19921875,-2.9602,-0.5357,-1.1615,-2.3497,4,INTER
16692,65.203125,-1.6973,0.466,2.6895,-3.1808,4,INTER
16693,65.20703125,0.5779,5.072,3.2058,-0.6403,4,INTER
16694,65.2109375,-3.4641,1.6375,-0.2258,-0.2852,4,INTER
16695,65.21484375,-1.9155,-2.3103,1.5152,0.5866,4,INTER
16696,65.21875,0.5993,2.3862,4.2727,4.8184,4,INTER
16697,65.22265625,-1.2736,0.2025,-0.8347,3.3592,4,INTER
16698,65.2265625,0.1108,-6.1436,-1.7149,-0.496,4,INTER
16699,65.23046875,-1.8273,-3.4685,0.6525,4.6884,4,INTER
16700,65.234375,-0.1026,-1.5715,1.8686,0.7635,4,INTER
16701,65.23828125,1.9759,-3.4217,0.6312,3.5319,4,INTER
16702,65.2421875,-2.8834,-3.3378,-0.5351,-5.4371,4,INTER
16703,65.24609375,1.4235,2.1939,0.7834,2.9802,4,INTER
16704,65.25,5.1014,0.3282,-2.21,-0.7776,4,INTER
16705,65.25390625,-0.4845,3.0387,-4.3944,0.4246,4,INTER
16706,65.2578125,-0.1866,1.7968,2.1086,3.5566,4,INTER
16707,65.26171875,-0.4978,-4.4643,1.9898,5.2386,4,INTER
16708,65.265625,-0.0456,3.4351,0.5727,0.3168,4,INTER
16709,65.26953125,1.4,1.2322,4.9736,4.625,4,INTER
16710,65.2734375,-0.9807,-4.7859,-3.5624,0.7315,4,INTER
16711,65.27734375,-0.0556,-0.3165,0.3869,-0.7754,4,INTER
16712,65.28125,1.3237,-1.0735,2.2013,1.9431,4,INTER
16713,65.28515625,-1.1826,7.6018,2.608,2.7289,4,INTER
16714,65.2890625,2.7474,-0.3154,-0.6164,-0.013,4,INTER
16715,65.29296875,0.4157,-5.767,-1.5437,2.0971,4,INTER
16716,65.296875,2.807,2.4344,-0.3621,-0.8909,4,INTER
16717,65.30078125,0.2827,1.2637,-1.0407,1.8049,4,INTER
16718,65.3046875,0.0059,0.1508,2.3201,0.2601,4,INTER
16719,65.30859375,-0.3678,2.7088,-3.0498,-2.3983,4,INTER
16720,65.3125,-2.7516,-0.9629,0.4257,-2.823,4,INTER
16721,65.31640625,0.2755,-4.3451,2.8185,-3.1653,4,INTER
16722,65.3203125,-4.1463,-3.0581,-0.001,3.3378,4,INTER
16723,65.32421875,-4.8606,0.738,-1.8423,-0.6146,4,INTER
16724,65.328125,1.0238,-3.6765,3.0609,1.6993,4,INTER
16725,65.33203125,-1.1177,1.3334,0.9243,-0.1985,4,INTER
16726,65.3359375,1.6301,-4.2026,-0.5298,-0.8805,4,INTER
16727,65.33984375,3.3699,1.5651,-0.3152,0.3711,4,INTER
16728,65.34375,4.5448,-0.9979,0.699,-2.2143,4,INTER
16729,65.34765625,2.3956,0.1506,5.6694,-1.0702,4,INTER
16730,65.3515625,1.6116,1.3402,1.4647,3.0201,4,INTER
16731,65.35546875,-4.1718,-2.3863,-0.3685,-6.9109,4,INTER
16732,65.359375,6.5865,-2.1927,-0.1261,0.8053,4,INTER
16733,65.36328125,-2.6488,-4.0833,-1.09,3.132,4,INTER
16734,65.3671875,0.4591,-3.1748,5.5537,-2.9055,4,INTER
16735,65.37109375,-2.2538,0.6553,-0.961,1.9114,4,INTER
16736,65.375,5.886,0.2818,4.2472,-1.9672,4,INTER
16737,65.37890625,-2.4224,-1.6353,-1.102,-1.3214,4,INTER
16738,65.3828125,-0.9024,-2.2659,-1.6418,-0.4632,4,INTER
16739,65.38671875,1.0377,-4.7276,0.8818,-0.1488,4,INTER
16740,65.390625,-0.2731,1.8849,1.4995,-2.8168,4,INTER
16741,65.39453125,-0.9734,-5.0272,-0.5663,1.3417,4,INTER
16742,65.3984375,1.2851,-1.2479,-0.3397,-0.658,4,INTER
16743,65.40234375,-0.5694,1.8263,4.1259,-0.5372,4,INTER
16744,65.40625,2.4034,2.872,-1.0001,0.5685,4,INTER
16745,65.41015625,1.0036,-1.8009,1.3765,0.6336,4,INTER
16746,65.4140625,3.5356,1.0592,2.8712,3.0482,4,INTER
16747,65.41796875,3.9016,0.0053,-0.9199,4.2221,4,INTER
16748,65.421875,-0.7577,3.1995,-1.5121,0.6383,4,INTER
16749,65.42578125,-0.7536,0.0048,2.2024,0.2712,4,INTER
16750,65.4296875,1.2003,0.1014,0.2731,-0.1391,4,INTER
16751,65.43359375,1.1669,-1.8235,0.5347,0.3424,4,INTER
16752,65.4375,-2.9042,-0.0443,0.6308,-0.2253,4,INTER
16753,65.44140625,2.8566,0.0404,-3.542,1.9905,4,INTER
16754,65.4453125,3.9485,-2.6617,1.645,-3.0943,4,INTER
16755,65.44921875,-1.0608,-0.0942,1.5663,-0.9181,4,INTER
16756,65.453125,-0.023,0.9349,-0.4257,0.3831,4,INTER
16757,65.45703125,-1.3783,0.3681,-5.9163,1.9001,4,INTER
16758,65.4609375,3.4312,-0.5965,0.4753,-3.668,4,INTER
16759,65.46484375,-0.358,-1.8255,1.7324,-1.4814,4,INTER
16760,65.46875,3.6097,-0.3208,-2.8267,1.6578,4,INTER
16761,65.47265625,1.56,0.4227,3.067,-3.6713,4,INTER
16762,65.4765625,-1.4156,-1.4733,-0.5109,-0.4197,4,INTER
16763,65.48046875,1.823,1.5084,0.7449,-1.1418,4,INTER
16764,65.484375,1.6871,-3.6354,-1.7001,3.5528,4,INTER
16765,65.48828125,-0.7505,3.1262,0.8391,1.7143,4,INTER
16766,65.4921875,0.1586,-2.8874,1.3853,-0.3756,4,INTER
16767,65.49609375,0.8937,-0.4779,-0.1454,-2.6753,4,INTER
16768,65.5,-0.7799,2.0817,-1.045,2.4513,4,INTER
16769,65.50390625,2.38,-1.6304,3.8268,-5.7534,4,INTER
16770,65.5078125,1.0337,-3.5767,1.1376,2.8361,4,INTER
16771,65.51171875,1.5432,0.802,2.1379,-2.5024,4,INTER
16772,65.515625,1.22,0.8498,-1.8585,-1.8555,4,INTER
16773,65.51953125,-4.1944,-0.1626,1.5995,-2.7711,4,INTER
16774,65.5234375,-0.9147,-2.5548,-2.0225,-0.8901,4,INTER
16775,65.52734375,-1.6496,2.4186,0.9011,-1.0907,4,INTER
16776,65.53125,7.6514,-1.183,2.5726,2.2406,4,INTER
16777,65.53515625,3.3989,3.5293,3.7772,0.4139,4,INTER
16778,65.5390625,-3.9159,7.1278,-2.7523,-0.5358,4,INTER
16779,65.54296875,-1.0051,-1.0438,3.244,-2.0047,4,INTER
16780,65.546875,0.6566,-2.5748,0.917,2.0779,4,INTER
16781,65.55078125,-3.6303,1.1663,-1.4669,-4.3202,4,INTER
16782,65.5546875,1.7978,-2.3617,1.6018,-0.6006,4,INTER
16783,65.55859375,-2.3868,-1.9688,-1.7958,0.2976,4,INTER
16784,65.5625,-1.3156,-1.2829,-0.4341,3.9976,4,INTER
16785,65.56640625,6.4514,0.0873,-1.6115,-0.7156,4,INTER
16786,65.5703125,-0.7824,0.9592,4.2302,0.7853,4,INTER
16787,65.57421875,-2.6677,2.3421,-1.1008,0.9515,4,INTER
16788,65.578125,4.5848,-0.3767,-2.1218,0.0421,4,INTER
16789,65.58203125,2.8754,4.1765,2.7831,2.0795,4,INTER
16790,65.5859375,-0.8076,2.3597,5.6491,-1.2868,4,INTER
16791,65.58984375,-0.3126,1.3015,-0.8645,-0.8811,4,INTER
16792,65.59375,1.7007,-2.3012,0.233,3.3163,4,INTER
16793,65.59765625,3.1399,0.6196,-0.5174,1.3777,4,INTER
16794,65.6015625,-1.218,1.0179,0.1349,-2.9484,4,INTER
16795,65.60546875,1.5745,-0.9377,1.6121,2.4817,4,INTER
16796,65.609375,-4.6768,-0.9642,0.903,-5.7601,4,INTER
16797,65.61328125,4.176,-1.236,-0.5809,1.7038,4,INTER
16798,65.6171875,0.6761,1.8057,-1.3899,-1.401,4,INTER
16799,65.62109375,-0.7776,4.032,-0.3761,0.184,4,INTER
16800,65.625,3.1747,-0.8002,-3.4532,1.6808,4,INTER
16801,65.62890625,-0.3183,-1.5973,1.1825,1.7912,4,INTER
16802,65.6328125,0.7249,0.1142,-1.0701,0.2097,4,INTER
16803,65.63671875,1.298,2.3586,-1.5264,0.7577,4,INTER
16804,65.640625,3.1485,1.8787,0.5705,-0.6344,4,INTER
16805,65.64453125,3.6911,-1.3529,2.2789,1.498,4,INTER
16806,65.6484375,-4.7547,-1.8229,-1.4367,-4.3023,4,INTER
16807,65.65234375,-0.4377,-3.9778,3.1199,1.4194,4,INTER
16808,65.65625,0.1166,-0.1036,2.4783,0.5683,4,INTER
16809,65.66015625,-1.7181,-4.1561,2.3421,0.7775,4,INTER
16810,65.6640625,0.8487,-0.0997,1.2599,4.6484,4,INTER
16811,65.66796875,0.739,0.9688,2.7772,-0.792,4,INTER
16812,65.671875,-2.7221,-0.3187,-0.0662,-1.6606,4,INTER
16813,65.67578125,-1.0011,1.4099,3.1738,-2.9347,4,INTER
16814,65.6796875,-3.4695,-1.4237,1.7791,2.9408,4,INTER
16815,65.68359375,-2.7871,-0.0746,-2.857,3.0066,4,INTER
16816,65.6875,-3.776,-0.8463,0.8823,1.8433,4,INTER
16817,65.69140625,-2.2258,2.9888,-0.1987,1.5028,4,INTER
16818,65.6953125,-5.6232,-4.7195,0.9702,0.2071,4,INTER
16819,65.69921875,-2.9783,-2.2164,2.9533,-1.3655,4,INTER
16820,65.703125,-2.8956,-1.3648,-1.092,5.5357,4,INTER
16821,65.70703125,0.7915,-0.2867,0.4246,1.2121,4,INTER
16822,65.7109375,1.1919,0.9999,-0.4649,4.4467,4,INTER
16823,65.71484375,2.1657,1.0171,0.5788,0.07,4,INTER
16824,65.71875,0.637,1.7356,-1.8195,2.1747,4,INTER
16825,65.72265625,5.352,-2.8861,-2.7344,0.5074,4,INTER
16826,65.7265625,-3.1319,-1.1893,0.1047,0.0729,4,INTER
16827,65.73046875,-1.1176,-3.0059,3.2166,-3.9522,4,INTER
16828,65.734375,0.9331,-0.7058,-1.9559,1.8168,4,INTER
16829,65.73828125,0.6757,-4.2541,-0.8797,-0.9011,4,INTER
16830,65.7421875,-3.5273,2.2664,1.1419,1.0934,4,INTER
16831,65.74609375,-1.9558,1.0327,6.012,-0.4118,4,INTER
16832,65.75,1.5254,-0.8672,0.6737,-0.3427,4,INTER
16833,65.75390625,3.784,3.5789,4.3047,-1.7086,4,INTER
16834,65.7578125,-1.8426,-0.7129,3.335,7.3701,4,INTER
16835,65.76171875,-6.7462,-0.7319,-1.119,0.7197,4,INTER
16836,65.765625,-0.3946,2.3686,2.8353,-1.3455,4,INTER
16837,65.76953125,1.0795,-2.6573,-2.2266,1.2682,4,INTER
16838,65.7734375,4.981,1.0744,1.3146,-0.9561,4,INTER
16839,65.77734375,4.0644,0.053,-4.2382,-1.8918,4,INTER
16840,65.78125,1.5687,4.661,2.6251,2.0786,4,INTER
16841,65.78515625,2.2928,-2.5303,2.5968,-3.142,4,INTER
16842,65.7890625,-2.1054,-2.9602,1.7261,-2.4228,4,INTER
16843,65.79296875,-0.9133,-1.25,0.6616,0.6605,4,INTER
16844,65.796875,-1.3487,-1.6268,0.3717,-0.9712,4,INTER
16845,65.80078125,-0.4749,-1.9373,0.2811,0.9297,4,INTER
16846,65.8046875,-3.4054,-0.095,3.1467,0.0979,4,INTER
16847,65.80859375,3.9989,-2.3977,-1.9881,-0.2814,4,INTER
16848,65.8125,1.19,0.2844,1.383,-0.0446,4,INTER
16849,65.81640625,0.3731,0.3581,1.0545,0.1539,4,INTER
16850,65.8203125,-5.5774,6.7183,-0.3105,1.7261,4,INTER
16851,65.82421875,-3.6828,-0.198,2.4887,1.4218,4,INTER
16852,65.828125,2.678,-3.0917,-0.2758,0.0188,4,INTER
16853,65.83203125,-0.4227,6.9618,-2.699,2.1756,4,INTER
16854,65.8359375,2.6404,0.9935,1.0005,-4.2026,4,INTER
16855,65.83984375,-0.529,1.0437,3.6838,4.7249,4,INTER
16856,65.84375,2.7343,1.2171,0.198,1.6744,4,INTER
16857,65.84765625,2.1832,2.4963,-0.0219,5.0927,4,INTER
16858,65.8515625,2.2307,1.8243,2.6224,2.9339,4,INTER
16859,65.85546875,0.6927,2.7324,-1.2982,-0.4813,4,INTER
16860,65.859375,-1.23,5.3248,-2.6465,-2.3144,4,INTER
16861,65.86328125,4.6278,-0.134,-4.9915,1.9795,4,INTER
16862,65.8671875,3.7988,1.1156,3.5791,3.1981,4,INTER
16863,65.87109375,-2.1791,-1.535,2.0332,1.1838,4,INTER
16864,65.875,-1.6844,-1.3487,0.6076,4.0339,4,INTER
16865,65.87890625,-3.5287,0.4287,-3.728,-5.367,4,INTER
16866,65.8828125,-5.7813,-0.296,-2.2555,-0.0904,4,INTER
16867,65.88671875,0.5791,0.0334,-1.1647,1.3434,4,INTER
16868,65.890625,0.4933,1.4555,0.3007,1.346,4,INTER
16869,65.89453125,0.263,-0.5761,1.7886,-2.193,4,INTER
16870,65.8984375,1.7416,-2.2203,-2.1269,-9.3091,4,INTER
16871,65.90234375,-1.6151,-0.8743,0.8467,-3.6436,4,INTER
16872,65.90625,2.3868,2.4622,1.9727,-2.8309,4,INTER
16873,65.91015625,0.1206,4.5402,2.5059,3.0471,4,INTER
16874,65.9140625,-0.5842,3.513,-0.5795,2.967,4,INTER
16875,65.91796875,-3.8225,0.3595,2.4352,-6.4042,4,INTER
16876,65.921875,-0.9231,1.8524,1.4331,-0.9103,4,INTER
16877,65.92578125,-4.7109,4.8619,-0.802,2.911,4,INTER
16878,65.9296875,0.3496,-1.2256,-1.0698,2.1223,4,INTER
16879,65.93359375,1.3569,-4.9344,1.2112,-0.543,4,INTER
16880,65.9375,2.5262,0.6929,2.6111,-2.1664,4,INTER
16881,65.94140625,0.8408,-0.4085,4.9084,0.5724,4,INTER
16882,65.9453125,3.7013,-4.8119,-2.2324,1.7282,4,INTER
16883,65.94921875,-2.0513,2.2398,3.5548,1.9435,4,INTER
16884,65.953125,0.6995,-2.3873,-0.8724,-5.4405,4,INTER
16885,65.95703125,-2.306,-0.8894,3.0951,-3.3216,4,INTER
16886,65.9609375,-2.4883,-3.0663,1.0864,-3.2924,4,INTER
16887,65.96484375,-2.5728,0.9491,-0.1953,1.4513,4,INTER
16888,65.96875,-1.1808,1.9344,2.8087,-0.0308,4,INTER
16889,65.97265625,2.3867,1.2251,-3.7368,1.7525,4,INTER
16890,65.9765625,1.3836,-0.5381,0.436,-3.7388,4,INTER
16891,65.98046875,0.8085,-1.1521,0.4539,1.7947,4,INTER
16892,65.984375,1.3266,1.7361,-6.028,-2.6898,4,INTER
16893,65.98828125,-1.0946,-6.4931,6.5646,-1.2535,4,INTER
16894,65.9921875,0.5804,1.2931,-0.6587,0.1497,4,INTER
16895,65.99609375,-0.2241,-0.8885,-1.5639,-0.1826,4,INTER
16896,66.0,4.3542,-0.7191,4.7437,-1.4883,4,INTER
16897,66.00390625,-3.865,1.4042,2.2426,-4.3739,4,INTER
16898,66.0078125,0.001,-1.6369,2.3266,2.7894,4,INTER
16899,66.01171875,-2.4565,2.2635,2.3718,1.2665,4,INTER
16900,66.015625,-1.0155,-1.3319,-3.0491,-1.4448,4,INTER
16901,66.01953125,-2.4734,-1.4269,-3.8769,-0.3936,4,INTER
16902,66.0234375,1.8139,4.7593,1.5145,0.7147,4,INTER
16903,66.02734375,1.8382,-0.5585,-2.5216,-0.4421,4,INTER
16904,66.03125,-2.4597,1.2788,0.7596,3.8453,4,INTER
16905,66.03515625,2.3514,4.1392,-0.2864,-1.2274,4,INTER
16906,66.0390625,1.8932,-1.8487,3.0177,1.6025,4,INTER
16907,66.04296875,-2.8359,-1.6917,1.4039,-0.8367,4,INTER
16908,66.046875,-1.1292,-4.3162,0.98,-0.3926,4,INTER
16909,66.05078125,0.8835,0.372,-1.6832,-0.76,4,INTER
16910,66.0546875,-1.5097,0.6199,1.7224,-1.9362,4,INTER
16911,66.05859375,0.8922,2.447,1.9458,1.2623,4,INTER
16912,66.0625,0.0086,3.8432,-1.028,1.712,4,INTER
16913,66.06640625,2.1342,0.8289,0.119,-0.4291,4,INTER
16914,66.0703125,-1.2498,-0.2637,4.549,-3.2922,4,INTER
16915,66.07421875,0.264,-1.095,-2.1319,-3.1619,4,INTER
16916,66.078125,1.9857,-0.7701,-0.4431,0.0189,4,INTER
16917,66.08203125,0.8065,-2.9187,-2.5796,3.1857,4,INTER
16918,66.0859375,1.54,-0.5307,0.7598,0.2559,4,INTER
16919,66.08984375,-0.6865,3.147,3.3512,-5.9162,4,INTER
16920,66.09375,0.7068,2.1494,2.8446,2.2861,4,INTER
16921,66.09765625,-2.4283,0.0907,1.159,1.0239,4,INTER
16922,66.1015625,-1.593,-1.0732,2.3257,-0.493,4,INTER
16923,66.10546875,-3.0159,-0.9754,0.5004,-2.6666,4,INTER
16924,66.109375,-2.7503,-3.0694,0.2503,-3.59,4,INTER
16925,66.11328125,-3.6937,0.9961,-1.3973,-2.2619,4,INTER
16926,66.1171875,-1.368,-1.1351,3.0743,3.885,4,INTER
16927,66.12109375,-2.354,4.2582,-1.4246,-2.5672,4,INTER
16928,66.125,0.2962,1.8805,0.2759,6.01,4,INTER
16929,66.12890625,3.0922,1.6862,-3.8327,-3.1461,4,INTER
16930,66.1328125,-7.3246,3.5316,0.7499,-1.5556,4,INTER
16931,66.13671875,-2.0303,1.3989,-0.9389,-1.0448,4,INTER
16932,66.140625,-2.3598,-0.8967,1.0272,0.6036,4,INTER
16933,66.14453125,4.7991,1.6588,-0.1092,-2.2539,4,INTER
16934,66.1484375,2.8517,-0.9252,4.6062,-0.8278,4,INTER
16935,66.15234375,-2.0778,0.2456,0.7069,2.1394,4,INTER
16936,66.15625,0.3591,0.8127,4.0443,-2.4493,4,INTER
16937,66.16015625,-0.8683,2.6086,1.0174,-2.9018,4,INTER
16938,66.1640625,-2.5331,3.648,-2.4315,-2.7475,4,INTER
16939,66.16796875,0.9621,0.545,-8.5556,-0.6703,4,INTER
16940,66.171875,4.7862,0.3447,4.1316,-0.956,4,INTER
16941,66.17578125,-1.1612,1.4987,-1.7085,-0.2547,4,INTER
16942,66.1796875,-1.0401,0.4021,0.1637,0.8136,4,INTER
16943,66.18359375,1.6947,-1.3327,-2.4921,3.3429,4,INTER
16944,66.1875,-2.0961,2.0215,4.9024,-1.297,4,INTER
16945,66.19140625,0.0677,-0.097,1.5063,1.0057,4,INTER
16946,66.1953125,-0.3009,-0.9934,-4.0368,-0.9278,4,INTER
16947,66.19921875,-1.023,2.149,-0.8261,-3.4449,4,INTER
16948,66.203125,-0.7704,-0.6438,-5.7936,0.6532,4,INTER
16949,66.20703125,-3.1689,-4.0274,-1.4016,1.5788,4,INTER
16950,66.2109375,-1.5764,0.4104,0.1393,-0.4553,4,INTER
16951,66.21484375,1.3104,-0.9815,-0.9398,-4.0851,4,INTER
16952,66.21875,0.0497,3.1127,1.7682,-3.1704,4,INTER
16953,66.22265625,-3.6802,0.1072,-0.616,-0.6078,4,INTER
16954,66.2265625,-0.8848,-0.7855,2.418,3.1439,4,INTER
16955,66.23046875,-1.6731,-0.9273,2.6387,-0.4834,4,INTER
16956,66.234375,1.5932,-1.8992,-0.3928,0.9313,4,INTER
16957,66.23828125,0.1838,-1.316,-2.3273,4.5614,4,INTER
16958,66.2421875,-2.0137,-0.3284,3.149,-1.0083,4,INTER
16959,66.24609375,-2.1933,-0.803,2.105,0.3904,4,INTER
16960,66.25,0.8365,0.1905,2.4792,3.7229,4,INTER
16961,66.25390625,1.4342,-2.9986,3.2198,2.8792,4,INTER
16962,66.2578125,1.4329,1.665,5.4311,-1.9616,4,INTER
16963,66.26171875,4.2353,-1.2726,1.1609,0.138,4,INTER
16964,66.265625,2.2664,-1.208,-0.7884,0.1419,4,INTER
16965,66.26953125,1.8629,4.4407,1.5353,0.4947,4,INTER
16966,66.2734375,2.4533,-7.6249,1.2429,-4.0909,4,INTER
16967,66.27734375,-1.8305,-0.2596,3.1328,2.1321,4,INTER
16968,66.28125,-1.6462,-4.8895,1.3273,-3.9618,4,INTER
16969,66.28515625,0.194,4.1787,-1.0553,1.0676,4,INTER
16970,66.2890625,1.1782,4.9608,-1.5976,1.9007,4,INTER
16971,66.29296875,3.2456,0.1257,0.086,3.3044,4,INTER
16972,66.296875,0.6047,0.0043,-0.9949,0.7771,4,INTER
16973,66.30078125,2.1542,-0.0687,-0.6499,0.4728,4,INTER
16974,66.3046875,-1.1713,2.691,3.7546,6.7113,4,INTER
16975,66.30859375,-1.6855,2.2119,2.8119,-2.3031,4,INTER
16976,66.3125,0.2386,2.2824,-3.2458,1.2436,4,INTER
16977,66.31640625,4.5624,-1.9618,-0.9329,0.0076,4,INTER
16978,66.3203125,-2.0483,-0.9277,0.5007,2.6703,4,INTER
16979,66.32421875,-0.6124,-0.0497,1.8585,1.0472,4,INTER
16980,66.328125,3.6048,-0.9867,1.2449,-2.4876,4,INTER
16981,66.33203125,1.6156,-1.6695,-1.0513,1.2841,4,INTER
16982,66.3359375,2.2323,-0.8085,-0.0702,1.1524,4,INTER
16983,66.33984375,0.0793,1.7398,0.2534,0.9784,4,INTER
16984,66.34375,1.0341,-2.6782,3.2816,0.2375,4,INTER
16985,66.34765625,-0.1047,-2.5148,0.4251,-1.0826,4,INTER
16986,66.3515625,1.5161,0.248,2.1301,1.5025,4,INTER
16987,66.35546875,1.8089,-0.6393,0.7582,-0.2329,4,INTER
16988,66.359375,-0.5699,-0.9467,-1.0482,0.2903,4,INTER
16989,66.36328125,2.4038,-1.6516,-3.3482,-0.7073,4,INTER
16990,66.3671875,0.1214,2.5059,-1.1505,-2.1812,4,INTER
16991,66.37109375,-1.7585,0.194,0.2359,4.0439,4,INTER
16992,66.375,-6.3845,0.9181,-0.1304,2.0449,4,INTER
16993,66.37890625,1.1777,3.2701,-3.7155,-1.9757,4,INTER
16994,66.3828125,0.0816,-1.505,-1.4699,1.3702,4,INTER
16995,66.38671875,0.7631,3.6903,-0.641,-0.1463,4,INTER
16996,66.390625,0.2887,2.6933,-1.3126,-2.6106,4,INTER
16997,66.39453125,-3.4334,3.1618,2.5687,0.0255,4,INTER
16998,66.3984375,-0.1174,2.5814,2.0869,4.2858,4,INTER
16999,66.40234375,1.2712,-3.2875,-0.59,3.9847,4,INTER
17000,66.40625,-3.1518,-0.1047,2.502,-0.8075,4,INTER
17001,66.41015625,0.3844,0.6808,-0.7731,0.5665,4,INTER
17002,66.4140625,-4.3854,2.9116,-2.7248,2.6164,4,INTER
17003,66.41796875,-0.4077,1.4894,-0.7894,5.1995,4,INTER
17004,66.421875,0.3055,1.9632,0.6948,-2.2973,4,INTER
17005,66.42578125,0.3097,-2.8213,2.4009,0.8523,4,INTER
17006,66.4296875,1.9367,0.4534,-0.1714,-1.9163,4,INTER
17007,66.43359375,-2.2996,-0.4073,-1.1016,-0.1262,4,INTER
17008,66.4375,-0.5827,2.4073,-2.3682,-2.0436,4,INTER
17009,66.44140625,0.5839,0.1138,-0.7377,-4.1516,4,INTER
17010,66.4453125,-2.1222,1.1217,-1.2433,-2.2907,4,INTER
17011,66.44921875,-3.3863,1.2093,-0.8871,5.0158,4,INTER
17012,66.453125,-4.334,0.3199,3.0926,-5.8045,4,INTER
17013,66.45703125,-2.4322,3.1932,-0.8993,-1.1662,4,INTER
17014,66.4609375,-4.8876,1.2255,-4.2634,-2.5123,4,INTER
17015,66.46484375,1.7367,6.5765,-0.3947,7.7198,4,INTER
17016,66.46875,-0.5387,1.3979,-4.4148,-5.5244,4,INTER
17017,66.47265625,-0.6904,2.2942,1.2675,3.1612,4,INTER
17018,66.4765625,-0.268,1.6896,2.3598,-3.5739,4,INTER
17019,66.48046875,2.063,2.8228,-1.7967,1.1417,4,INTER
17020,66.484375,0.3084,0.6821,1.3103,1.7767,4,INTER
17021,66.48828125,1.4756,2.2988,4.7394,-0.1269,4,INTER
17022,66.4921875,3.3967,3.8682,3.9528,1.1133,4,INTER
17023,66.49609375,-2.397,2.1601,-2.7593,1.3882,4,INTER
17024,66.5,4.6014,-2.2823,1.061,3.7757,4,INTER
17025,66.50390625,0.3531,-0.8404,0.787,-0.1879,4,INTER
17026,66.5078125,-0.7361,-2.3783,-0.9182,-3.137,4,INTER
17027,66.51171875,-3.3492,0.38,2.6362,0.3559,4,INTER
17028,66.515625,3.2155,-1.3813,2.9467,0.003,4,INTER
17029,66.51953125,-0.2173,4.5309,-1.6619,0.2177,4,INTER
17030,66.5234375,3.0156,-6.2871,-1.4566,1.2566,4,INTER
17031,66.52734375,-1.742,2.893,-2.6161,-1.5273,4,INTER
17032,66.53125,2.106,-0.4232,-3.7763,-1.5588,4,INTER
17033,66.53515625,-0.1541,-0.524,-2.6974,0.9812,4,INTER
17034,66.5390625,1.7817,1.0478,0.2268,-1.9877,4,INTER
17035,66.54296875,-3.0197,3.0807,-3.4609,0.1458,4,INTER
17036,66.546875,1.6024,-0.7438,0.8388,0.8504,4,INTER
17037,66.55078125,-0.1739,0.3242,2.8409,2.3609,4,INTER
17038,66.5546875,3.2539,-2.6612,-2.5294,3.5066,4,INTER
17039,66.55859375,3.2313,-0.7172,-1.1173,-1.691,4,INTER
17040,66.5625,0.3341,5.9105,4.6063,-1.9038,4,INTER
17041,66.56640625,-2.0957,3.0507,1.7626,-2.6804,4,INTER
17042,66.5703125,-1.4936,0.0633,-0.6502,-2.4307,4,INTER
17043,66.57421875,-6.0383,3.2991,2.4013,4.1863,4,INTER
17044,66.578125,0.851,2.0379,-1.5433,3.7228,4,INTER
17045,66.58203125,-0.8138,1.4463,-6.452,-0.9103,4,INTER
17046,66.5859375,-0.2266,3.4241,-1.4621,-0.2843,4,INTER
17047,66.58984375,-2.9922,1.3137,-3.9154,5.1711,4,INTER
17048,66.59375,-0.7045,-1.2446,-2.4766,0.3418,4,INTER
17049,66.59765625,-1.9717,0.3063,3.7426,-0.1075,4,INTER
17050,66.6015625,-2.0241,3.6854,2.3043,1.4396,4,INTER
17051,66.60546875,0.0966,1.2633,-1.3565,3.2575,4,INTER
17052,66.609375,-1.5122,-5.5762,0.3573,-1.6042,4,INTER
17053,66.61328125,2.0867,-1.1185,1.5653,-0.7287,4,INTER
17054,66.6171875,-3.4543,-0.911,-0.4107,1.783,4,INTER
17055,66.62109375,-2.2705,-2.6752,2.3937,-3.2367,4,INTER
17056,66.625,0.1165,-3.7779,-3.3017,-1.1501,4,INTER
17057,66.62890625,-4.5757,-1.515,0.9138,-5.5036,4,INTER
17058,66.6328125,6.1741,-0.1088,-1.2003,2.5309,4,INTER
17059,66.63671875,-3.464,4.9317,0.1774,9.2664,4,INTER
17060,66.640625,-4.7032,1.6044,-0.6089,1.1288,4,INTER
17061,66.64453125,0.2733,-0.7627,0.611,0.0994,4,INTER
17062,66.6484375,0.0879,-2.4632,-3.4582,-0.5226,4,INTER
17063,66.65234375,4.0145,1.665,-0.4686,3.4176,4,INTER
17064,66.65625,-0.6387,-1.4263,0.6986,-0.0694,4,INTER
17065,66.66015625,-2.4874,-2.8526,-2.6017,-4.6328,4,INTER
17066,66.6640625,-3.0123,0.7279,0.4694,-1.9304,4,INTER
17067,66.66796875,-1.5183,-3.0332,1.5396,-1.3575,4,INTER
17068,66.671875,2.3724,0.6705,2.648,1.7217,4,INTER
17069,66.67578125,-0.9259,1.7189,0.3922,1.6131,4,INTER
17070,66.6796875,-2.4124,-1.8442,-2.9266,1.2278,4,INTER
17071,66.68359375,-3.792,-1.6589,0.84,0.5858,4,INTER
17072,66.6875,0.2534,-1.4216,1.0805,-0.5157,4,INTER
17073,66.69140625,-0.0117,2.0597,-3.0539,1.5933,4,INTER
17074,66.6953125,-0.2395,-3.7058,-0.1611,2.3854,4,INTER
17075,66.69921875,-1.93,0.6,-0.3979,1.5715,4,INTER
17076,66.703125,1.0214,0.5394,4.4498,1.0607,4,INTER
17077,66.70703125,-3.7183,2.3696,3.7113,2.7759,4,INTER
17078,66.7109375,2.8996,2.0707,1.1362,0.5294,4,INTER
17079,66.71484375,-4.4223,-0.9536,-1.0851,-1.3835,4,INTER
17080,66.71875,-0.6428,1.4373,-1.5332,0.4532,4,INTER
17081,66.72265625,-1.7451,0.6137,1.9214,-0.7782,4,INTER
17082,66.7265625,0.9742,2.0852,2.4264,-0.6808,4,INTER
17083,66.73046875,-3.0759,-3.4856,0.4571,1.8051,4,INTER
17084,66.734375,4.9161,0.2549,-1.3001,1.4927,4,INTER
17085,66.73828125,1.144,-1.7679,-5.3284,-2.9658,4,INTER
17086,66.7421875,0.9157,-0.2781,0.7691,3.2264,4,INTER
17087,66.74609375,-3.2947,5.2555,1.2868,-0.2237,4,INTER
17088,66.75,1.1539,-1.03,3.231,2.545,4,INTER
17089,66.75390625,-1.4695,-0.1953,1.5939,3.2259,4,INTER
17090,66.7578125,1.0483,-2.1431,5.5177,0.4125,4,INTER
17091,66.76171875,0.9589,5.6176,-1.3884,2.6902,4,INTER
17092,66.765625,-0.1936,-1.7451,-0.487,-1.2343,4,INTER
17093,66.76953125,1.3655,-2.5506,-2.7012,4.1231,4,INTER
17094,66.7734375,0.8594,2.1154,-0.1031,-1.8484,4,INTER
17095,66.77734375,0.257,-1.6291,-0.3725,0.2407,4,INTER
17096,66.78125,-0.291,-2.362,-1.0116,-2.9314,4,INTER
17097,66.78515625,-1.298,1.5942,3.5514,1.3841,4,INTER
17098,66.7890625,3.5675,-2.813,-2.3308,1.5181,4,INTER
17099,66.79296875,0.0386,-1.7159,0.5591,-4.4134,4,INTER
17100,66.796875,1.5483,3.2723,2.1804,-0.2908,4,INTER
17101,66.80078125,1.8071,1.088,3.7881,-5.462,4,INTER
17102,66.8046875,0.3914,0.152,0.4857,2.9134,4,INTER
17103,66.80859375,-0.3947,-1.4505,3.1422,0.5578,4,INTER
17104,66.8125,-1.6955,-0.6784,-2.9024,-2.0517,4,INTER
17105,66.81640625,-4.2608,-1.1511,-0.0266,1.1186,4,INTER
17106,66.8203125,-0.4356,0.1669,0.6409,-1.1626,4,INTER
17107,66.82421875,-1.2246,-3.2813,2.8429,3.1543,4,INTER
17108,66.828125,0.8785,-3.3619,1.58,1.2117,4,INTER
17109,66.83203125,4.4301,4.6523,6.9053,-0.9962,4,INTER
17110,66.8359375,-0.7471,-2.6448,-0.6716,-1.0601,4,INTER
17111,66.83984375,0.1919,0.1931,1.3211,-0.7686,4,INTER
17112,66.84375,4.6803,1.3661,-4.5081,-2.5569,4,INTER
17113,66.84765625,-0.5898,-2.1612,0.7508,1.9864,4,INTER
17114,66.8515625,1.567,-0.5008,0.5982,-0.2827,4,INTER
17115,66.85546875,-7.3637,1.6113,-2.1735,-0.6901,4,INTER
17116,66.859375,-4.5844,3.233,-1.3778,0.8245,4,INTER
17117,66.86328125,-0.1753,0.0279,-1.2482,-3.3825,4,INTER
17118,66.8671875,-1.9258,0.0072,-0.5508,-1.0441,4,INTER
17119,66.87109375,-1.6756,-0.4924,-2.3115,3.7092,4,INTER
17120,66.875,-0.2913,5.6131,-3.9782,-1.1612,4,INTER
17121,66.87890625,-1.1568,-0.9577,2.0911,-5.3705,4,INTER
17122,66.8828125,0.9526,-1.8186,2.684,-1.9932,4,INTER
17123,66.88671875,0.191,0.0849,3.4943,1.4635,4,INTER
17124,66.890625,3.5411,1.0821,-1.3363,-2.5489,4,INTER
17125,66.89453125,2.3588,1.4833,-1.9674,-5.9715,4,INTER
17126,66.8984375,2.8823,-2.196,0.7896,2.4134,4,INTER
17127,66.90234375,-0.1465,-2.7945,-1.0348,2.4609,4,INTER
17128,66.90625,-3.6339,0.1641,-0.7118,1.52,4,INTER
17129,66.91015625,0.7494,-2.5617,2.5164,-1.248,4,INTER
17130,66.9140625,0.0723,2.0437,0.8314,-1.5435,4,INTER
17131,66.91796875,-1.2138,-1.635,-1.2457,3.1598,4,INTER
17132,66.921875,0.4522,-3.9492,-1.8843,0.3362,4,INTER
17133,66.92578125,-0.0625,2.0912,0.0427,0.3869,4,INTER
17134,66.9296875,-2.3124,0.4099,2.4591,4.5113,4,INTER
17135,66.93359375,3.5038,0.8451,2.5966,1.536,4,INTER
17136,66.9375,-2.9645,-2.922,5.9712,2.1809,4,INTER
17137,66.94140625,-1.5915,-1.3731,-0.5636,1.6981,4,INTER
17138,66.9453125,-0.0727,1.2804,3.0802,4.6669,4,INTER
17139,66.94921875,-2.5622,0.5212,-0.3514,-1.643,4,INTER
17140,66.953125,-2.0262,-0.4542,0.8659,3.7627,4,INTER
17141,66.95703125,0.4909,-3.6042,-2.2774,-1.411,4,INTER
17142,66.9609375,-1.9097,1.3222,2.681,0.0824,4,INTER
17143,66.96484375,-1.2602,0.6289,-1.1049,-0.8426,4,INTER
17144,66.96875,0.9571,2.9398,1.1441,1.3138,4,INTER
17145,66.97265625,-4.6036,1.4632,1.8319,0.2177,4,INTER
17146,66.9765625,-2.2686,1.8681,1.1832,-3.9219,4,INTER
17147,66.98046875,-0.9164,-0.3106,-2.8317,4.0565,4,INTER
17148,66.984375,1.0598,3.7515,-2.5025,-1.5892,4,INTER
17149,66.98828125,-0.8658,5.2169,1.486,0.4388,4,INTER
17150,66.9921875,3.032,2.3436,3.1286,2.4404,4,INTER
17151,66.99609375,-0.5235,2.6787,0.0012,0.0359,4,INTER
17152,67.0,-3.8077,1.0597,2.7785,-1.211,4,INTER
17153,67.00390625,-3.5982,1.3491,1.0483,-1.172,4,INTER
17154,67.0078125,0.0748,-0.1361,-0.2971,-0.0227,4,INTER
17155,67.01171875,0.9729,2.6308,3.8187,0.9408,4,INTER
17156,67.015625,0.8474,-2.2352,-0.478,-2.6251,4,INTER
17157,67.01953125,-2.1496,-1.6741,7.587,-1.2893,4,INTER
17158,67.0234375,-1.435,-4.2431,-2.3442,2.2921,4,INTER
17159,67.02734375,-0.9745,2.2341,1.2205,0.3495,4,INTER
17160,67.03125,0.9598,-3.792,-2.0535,-0.579,4,INTER
17161,67.03515625,-0.693,-1.0841,-1.2383,3.6382,4,INTER
17162,67.0390625,1.1202,1.4109,-0.1584,-2.4587,4,INTER
17163,67.04296875,4.7473,1.52,-1.744,-4.0503,4,INTER
17164,67.046875,0.3338,1.9895,-2.5424,0.4892,4,INTER
17165,67.05078125,0.5085,1.6328,1.4102,-0.7665,4,INTER
17166,67.0546875,-0.5213,-0.0847,2.0299,-1.3488,4,INTER
17167,67.05859375,6.1498,1.1823,-1.1944,1.9372,4,INTER
17168,67.0625,3.142,3.2202,-2.8212,0.749,4,INTER
17169,67.06640625,-0.6577,3.9496,-1.6862,-0.1921,4,INTER
17170,67.0703125,3.0533,-0.1502,-2.3596,0.3047,4,INTER
17171,67.07421875,-1.2707,-2.0161,-3.2669,2.7832,4,INTER
17172,67.078125,1.6752,0.8287,1.1305,2.5213,4,INTER
17173,67.08203125,-1.636,-2.1189,3.9516,1.5192,4,INTER
17174,67.0859375,4.1688,-0.4672,-4.1588,-1.7487,4,INTER
17175,67.08984375,3.984,-2.1546,1.0864,2.6043,4,INTER
17176,67.09375,1.657,5.3191,-5.1466,3.8274,4,INTER
17177,67.09765625,5.742,0.6526,-0.2332,-0.0406,4,INTER
17178,67.1015625,-3.976,0.5668,-0.7191,2.6942,4,INTER
17179,67.10546875,1.7898,-0.5474,-3.3741,-2.2057,4,INTER
17180,67.109375,0.2118,-1.4854,-0.2629,-0.84,4,INTER
17181,67.11328125,0.8435,1.9082,-0.7727,-1.9328,4,INTER
17182,67.1171875,-2.0098,-2.449,-1.5308,1.3979,4,INTER
17183,67.12109375,1.6494,-1.5974,2.2792,-0.2994,4,INTER
17184,67.125,-1.5313,2.902,-2.2293,-0.494,4,INTER
17185,67.12890625,-1.1876,-1.2731,1.2298,3.6947,4,INTER
17186,67.1328125,3.14,-2.0406,1.902,-2.0662,4,INTER
17187,67.13671875,0.0283,2.0321,-1.3156,-2.8315,4,INTER
17188,67.140625,2.3922,-0.2664,3.3296,-2.6123,4,INTER
17189,67.14453125,-2.7473,1.871,-2.026,1.4136,4,INTER
17190,67.1484375,2.5758,-2.6418,-0.9684,-1.1781,4,INTER
17191,67.15234375,-0.6569,-5.4426,1.0034,2.3849,4,INTER
17192,67.15625,1.6893,2.6381,0.2493,1.5829,4,INTER
17193,67.16015625,-1.4861,-1.0996,-1.1754,0.623,4,INTER
17194,67.1640625,-3.2601,-3.9792,0.5077,-5.1665,4,INTER
17195,67.16796875,-0.965,0.5689,0.39,0.8652,4,INTER
17196,67.171875,-2.5192,-2.6502,-0.4129,-1.2719,4,INTER
17197,67.17578125,1.1193,0.5524,-0.2463,-1.11,4,INTER
17198,67.1796875,-0.2521,-0.4836,1.2663,-3.1679,4,INTER
17199,67.18359375,0.3733,-1.374,-0.1187,-0.8915,4,INTER
17200,67.1875,-0.4234,3.0021,1.7239,2.148,4,INTER
17201,67.19140625,-0.0815,-0.9152,-0.7537,-3.5533,4,INTER
17202,67.1953125,0.5807,0.672,0.3182,-1.685,4,INTER
17203,67.19921875,3.5329,-0.572,-0.5926,0.5236,4,INTER
17204,67.203125,-0.0453,1.3642,-3.4023,-0.9942,4,INTER
17205,67.20703125,0.9904,0.2433,0.929,-3.5955,4,INTER
17206,67.2109375,4.1259,1.1022,-4.5711,-4.0817,4,INTER
17207,67.21484375,-0.7932,0.4264,3.1458,-0.009,4,INTER
17208,67.21875,0.2464,1.0045,1.1671,-3.6309,4,INTER
17209,67.22265625,2.7392,5.0204,-0.3859,-3.8409,4,INTER
17210,67.2265625,2.0894,-4.5699,0.8465,5.907,4,INTER
17211,67.23046875,-1.7025,-0.9573,-5.0133,-0.4648,4,INTER
17212,67.234375,-5.5041,-1.3224,-0.1775,0.7072,4,INTER
17213,67.23828125,-0.6929,-3.6126,0.8462,1.9673,4,INTER
17214,67.2421875,1.6652,-3.6422,5.2754,-3.9267,4,INTER
17215,67.24609375,3.5009,2.6775,3.8004,-2.951,4,INTER
17216,67.25,-1.2079,-2.3577,0.2923,1.3611,4,INTER
17217,67.25390625,-2.7787,0.9816,-7.6839,-1.6887,4,INTER
17218,67.2578125,-1.5499,4.7429,-2.7282,-1.6352,4,INTER
17219,67.26171875,-1.7389,-4.1281,3.1729,4.9137,4,INTER
17220,67.265625,0.3971,1.6902,0.519,0.5673,4,INTER
17221,67.26953125,-3.1895,-2.7004,0.9035,0.5724,4,INTER
17222,67.2734375,1.8142,0.1105,1.6049,2.5538,4,INTER
17223,67.27734375,-0.6455,-5.6177,-2.3039,-1.8998,4,INTER
17224,67.28125,0.5484,3.358,0.61,1.5687,4,INTER
17225,67.28515625,-4.0172,0.2061,1.6026,1.9807,4,INTER
17226,67.2890625,1.7049,-0.9148,-1.403,-0.2552,4,INTER
17227,67.29296875,0.0639,1.0176,-1.616,1.4531,4,INTER
17228,67.296875,1.1567,1.4181,-1.4759,-0.6158,4,INTER
17229,67.30078125,0.0463,0.9969,1.6626,-3.7065,4,INTER
17230,67.3046875,-0.9506,0.9708,-1.155,0.8856,4,INTER
17231,67.30859375,0.2534,-0.9028,-1.5686,-0.4962,4,INTER
17232,67.3125,0.8516,1.1499,-3.4079,-2.4203,4,INTER
17233,67.31640625,1.3015,0.5567,0.9637,-1.7498,4,INTER
17234,67.3203125,3.6744,-1.7267,-6.0135,-0.4525,4,INTER
17235,67.32421875,-2.0299,1.268,1.7899,0.3149,4,INTER
17236,67.328125,-0.8552,6.4525,1.7435,2.8225,4,INTER
17237,67.33203125,-1.8213,0.4828,-4.4736,1.4484,4,INTER
17238,67.3359375,3.6076,2.9282,-7.1374,-2.0962,4,INTER
17239,67.33984375,-1.6041,-0.0227,1.4218,-3.5186,4,INTER
17240,67.34375,-1.6948,0.0156,0.0369,-0.7777,4,INTER
17241,67.34765625,0.7186,-0.3027,1.0047,-1.0463,4,INTER
17242,67.3515625,2.7648,-0.4333,4.7468,-2.7517,4,INTER
17243,67.35546875,1.2044,-1.8314,1.7901,-3.4258,4,INTER
17244,67.359375,-0.7305,-0.8265,-1.1005,4.3223,4,INTER
17245,67.36328125,-5.6386,-3.5044,-2.213,0.8924,4,INTER
17246,67.3671875,-2.2161,-2.508,1.8276,-3.4785,4,INTER
17247,67.37109375,-0.6512,-4.2616,1.1658,-4.6838,4,INTER
17248,67.375,-0.4788,-2.2854,-1.8647,2.4212,4,INTER
17249,67.37890625,-1.7491,0.7853,0.945,-2.0652,4,INTER
17250,67.3828125,1.4914,2.7887,1.1675,2.4703,4,INTER
17251,67.38671875,-0.1118,0.199,-0.4081,2.0081,4,INTER
17252,67.390625,1.1618,-2.6325,-0.3484,2.1434,4,INTER
17253,67.39453125,-2.3232,-1.5255,2.2878,0.3601,4,INTER
17254,67.3984375,1.0118,0.3516,-0.1694,-3.0715,4,INTER
17255,67.40234375,1.4398,-3.8594,1.9571,-1.9285,4,INTER
17256,67.40625,-1.0451,-3.5479,-1.2563,0.2683,4,INTER
17257,67.41015625,1.8091,-0.1619,-1.5228,-1.4957,4,INTER
17258,67.4140625,-2.2409,1.9825,2.122,3.8672,4,INTER
17259,67.41796875,0.3529,-2.3359,-1.5077,2.8565,4,INTER
17260,67.421875,2.1969,3.1021,3.2555,-3.6126,4,INTER
17261,67.42578125,0.436,0.3222,-1.0012,0.5742,4,INTER
17262,67.4296875,0.1561,2.1299,-3.9992,1.668,4,INTER
17263,67.43359375,-5.5788,-2.2911,4.3839,2.4152,4,INTER
17264,67.4375,-0.4083,4.8294,-2.5097,0.8146,4,INTER
17265,67.44140625,-1.7508,0.0313,0.7628,-0.2184,4,INTER
17266,67.4453125,1.8356,-1.4602,2.4708,2.4716,4,INTER
17267,67.44921875,-6.4593,-0.1753,-4.7506,-2.4915,4,INTER
17268,67.453125,3.5228,4.5416,4.5903,-4.5607,4,INTER
17269,67.45703125,-1.9441,1.8697,-0.7417,2.9218,4,INTER
17270,67.4609375,1.8938,0.2673,0.6829,0.3433,4,INTER
17271,67.46484375,-2.7164,0.0939,-0.366,-1.5688,4,INTER
17272,67.46875,1.1879,0.1482,-1.0139,-4.804,4,INTER
17273,67.47265625,0.4519,2.0217,2.5651,-3.5286,4,INTER
17274,67.4765625,-3.8354,5.6445,-4.9774,-1.1701,4,INTER
17275,67.48046875,-2.3138,-5.0153,0.4958,2.3489,4,INTER
17276,67.484375,-0.693,-2.4203,1.1968,-2.3946,4,INTER
17277,67.48828125,3.7335,3.9131,1.8226,-1.4901,4,INTER
17278,67.4921875,-3.675,0.7026,4.0754,-2.0753,4,INTER
17279,67.49609375,1.4088,1.523,-2.4144,1.2154,4,INTER
17280,67.5,-1.6685,-0.1874,-1.808,-1.3626,4,INTER
17281,67.50390625,2.5715,5.9973,-1.8364,1.4065,4,INTER
17282,67.5078125,-3.1602,1.4141,-1.2747,3.3844,4,INTER
17283,67.51171875,0.4297,-5.3017,0.0385,1.1254,4,INTER
17284,67.515625,-0.0732,-4.1115,3.7187,-0.9641,4,INTER
17285,67.51953125,-2.7103,0.3452,-2.0647,-1.7106,4,INTER
17286,67.5234375,-0.3101,-2.2452,-1.1066,-4.8633,4,INTER
17287,67.52734375,-2.1818,0.6157,0.5819,0.7869,4,INTER
17288,67.53125,-2.5896,-0.4716,-4.2591,-3.994,4,INTER
17289,67.53515625,0.537,2.6866,-1.7854,-3.8347,4,INTER
17290,67.5390625,-1.9486,-1.6849,-1.5145,2.5819,4,INTER
17291,67.54296875,-3.3238,-1.3971,-0.4893,0.6964,4,INTER
17292,67.546875,3.6749,-0.9772,0.7215,-4.1449,4,INTER
17293,67.55078125,0.1096,-1.601,4.1933,1.9794,4,INTER
17294,67.5546875,-2.022,-2.7751,-0.1049,-3.2265,4,INTER
17295,67.55859375,-2.8848,-3.8785,-5.5092,0.9337,4,INTER
17296,67.5625,0.0914,1.5339,2.8421,2.3922,4,INTER
17297,67.56640625,-1.2074,-0.9082,0.1288,3.2599,4,INTER
17298,67.5703125,1.6218,3.7564,-0.6315,2.4471,4,INTER
17299,67.57421875,0.0934,0.2189,-3.6609,-1.8513,4,INTER
17300,67.578125,1.5026,3.0123,-5.2461,0.8623,4,INTER
17301,67.58203125,-0.2587,2.1436,0.4682,0.321,4,INTER
17302,67.5859375,0.4211,1.7143,2.5336,1.2017,4,INTER
17303,67.58984375,-0.4374,0.6619,1.2478,-4.0189,4,INTER
17304,67.59375,2.6137,-0.303,-0.4609,1.4697,4,INTER
17305,67.59765625,0.3567,-2.204,3.0256,-5.5072,4,INTER
17306,67.6015625,1.7042,0.4701,1.952,-2.3395,4,INTER
17307,67.60546875,-0.7721,-3.9865,2.6743,2.5066,4,INTER
17308,67.609375,-3.2348,4.7863,-0.7304,0.2032,4,INTER
17309,67.61328125,2.2838,3.0405,1.6768,-0.5302,4,INTER
17310,67.6171875,-0.959,1.175,2.2466,-2.7617,4,INTER
17311,67.62109375,-2.5264,-0.6772,-0.7944,0.6916,4,INTER
17312,67.625,-0.9953,-2.8184,-1.6828,-1.3536,4,INTER
17313,67.62890625,-1.0666,-2.758,0.9868,-1.9783,4,INTER
17314,67.6328125,-2.8812,-2.1965,0.2793,-0.6108,4,INTER
17315,67.63671875,1.5283,0.0783,2.2166,-6.4931,4,INTER
17316,67.640625,0.7538,6.3358,3.3812,-2.3,4,INTER
17317,67.64453125,-0.1773,-2.7441,3.1466,1.4282,4,INTER
17318,67.6484375,-0.5679,0.7306,-0.079,-3.3637,4,INTER
17319,67.65234375,-0.3693,1.3948,-3.0966,-3.1725,4,INTER
17320,67.65625,0.0521,0.4876,-0.5665,-2.5413,4,INTER
17321,67.66015625,3.6788,2.6152,2.0639,1.1816,4,INTER
17322,67.6640625,1.6704,0.8313,0.0016,4.1551,4,INTER
17323,67.66796875,-0.3884,-1.343,1.8141,2.9176,4,INTER
17324,67.671875,-5.6612,-2.2978,-0.7131,0.8525,4,INTER
17325,67.67578125,1.8148,-0.6055,-1.1837,1.3896,4,INTER
17326,67.6796875,0.3021,-1.6183,-0.2135,3.0771,4,INTER
17327,67.68359375,1.5121,-2.5781,-0.4652,-0.8371,4,INTER
17328,67.6875,-0.456,3.9028,2.8233,-4.1618,4,INTER
17329,67.69140625,-2.6688,2.2406,-1.4412,-0.3252,4,INTER
17330,67.6953125,2.1396,-0.0421,4.1713,0.0151,4,INTER
17331,67.69921875,0.7258,0.0225,1.0441,-0.3264,4,INTER
17332,67.703125,-0.1782,0.5883,-1.6387,3.5184,4,INTER
17333,67.70703125,0.8132,-2.2531,2.7201,1.2392,4,INTER
17334,67.7109375,3.6819,-2.8063,-0.5197,-3.0643,4,INTER
17335,67.71484375,1.9961,1.9388,-6.0139,0.2723,4,INTER
17336,67.71875,-0.9481,1.3889,1.5126,-2.9178,4,INTER
17337,67.72265625,-3.9981,-5.8036,-1.6064,1.2946,4,INTER
17338,67.7265625,1.0411,-3.7275,2.0094,-1.3584,4,INTER
17339,67.73046875,4.1939,-3.5519,-2.6242,-2.1763,4,INTER
17340,67.734375,4.5628,-0.6181,2.9877,0.1646,4,INTER
17341,67.73828125,-2.7348,-2.0738,1.8482,2.8396,4,INTER
17342,67.7421875,0.9107,-0.7425,0.3306,1.8754,4,INTER
17343,67.74609375,2.2396,-4.6086,-1.4747,-2.6761,4,INTER
17344,67.75,1.4762,-0.1074,-2.3824,1.2239,4,INTER
17345,67.75390625,-3.3336,-0.7101,1.2936,3.5508,4,INTER
17346,67.7578125,-0.1921,0.858,-1.9526,4.591,4,INTER
17347,67.76171875,-0.9196,2.4948,3.8306,2.5252,4,INTER
17348,67.765625,-4.2422,1.3221,-0.9375,-1.6292,4,INTER
17349,67.76953125,1.5604,-0.1081,-2.976,-0.1775,4,INTER
17350,67.7734375,-2.2017,-0.9078,-1.5424,2.4872,4,INTER
17351,67.77734375,0.8166,-4.4193,2.0555,1.1036,4,INTER
17352,67.78125,0.9446,-0.2915,1.0047,0.2581,4,INTER
17353,67.78515625,0.9587,-5.2943,-0.7565,2.5846,4,INTER
17354,67.7890625,0.6109,0.7005,-3.2554,2.8725,4,INTER
17355,67.79296875,1.536,1.6659,-1.9274,-1.3093,4,INTER
17356,67.796875,-1.8055,-1.8315,4.1934,1.7279,4,INTER
17357,67.80078125,2.7513,0.3744,1.0607,1.1268,4,INTER
17358,67.8046875,1.2004,4.4241,1.661,-2.8473,4,INTER
17359,67.80859375,-3.8422,0.7059,2.6583,1.5336,4,INTER
17360,67.8125,1.6222,0.4604,2.5524,2.6441,4,INTER
17361,67.81640625,-1.2834,-0.8985,-1.5796,1.7307,4,INTER
17362,67.8203125,2.7795,1.2386,0.5139,-1.3698,4,INTER
17363,67.82421875,0.6141,-2.0451,1.4811,0.6933,4,INTER
17364,67.828125,-0.6767,-1.0817,4.0985,-2.7466,4,INTER
17365,67.83203125,-0.0882,-0.7927,-0.2298,1.0355,4,INTER
17366,67.8359375,-1.3133,1.9532,-0.9452,3.006,4,INTER
17367,67.83984375,4.7488,-2.7311,-1.5313,0.4341,4,INTER
17368,67.84375,0.8887,0.8007,0.0956,-2.141,4,INTER
17369,67.84765625,1.342,-3.5334,-1.1234,-0.9194,4,INTER
17370,67.8515625,-1.0178,-0.8946,3.7208,2.519,4,INTER
17371,67.85546875,2.0211,2.452,1.3305,0.0091,4,INTER
17372,67.859375,2.737,0.4837,-0.5026,4.207,4,INTER
17373,67.86328125,0.6852,1.3135,-0.1842,3.7917,4,INTER
17374,67.8671875,0.553,5.1727,4.4445,0.179,4,INTER
17375,67.87109375,0.2546,-0.9423,-1.1782,2.3247,4,INTER
17376,67.875,2.9881,3.9224,1.3315,1.7784,4,INTER
17377,67.87890625,-2.2586,-5.774,-0.0568,1.1662,4,INTER
17378,67.8828125,-1.4847,1.0487,0.2775,-2.2557,4,INTER
17379,67.88671875,-2.3967,-0.4531,0.9254,0.6582,4,INTER
17380,67.890625,0.8645,-1.9696,-2.255,0.8578,4,INTER
17381,67.89453125,-0.563,-1.1708,-2.5737,-0.7073,4,INTER
17382,67.8984375,-3.8356,-2.3396,0.5353,-3.6571,4,INTER
17383,67.90234375,1.2399,-0.1597,3.2325,-5.6926,4,INTER
17384,67.90625,4.8678,1.3018,2.4669,-1.7694,4,INTER
17385,67.91015625,0.2821,-1.0091,0.4254,-1.9822,4,INTER
17386,67.9140625,0.4008,-0.6348,-1.8858,-0.8554,4,INTER
17387,67.91796875,0.8761,2.5269,0.3323,-0.4026,4,INTER
17388,67.921875,-2.6149,0.5464,-1.3862,-1.091,4,INTER
17389,67.92578125,-0.2276,-3.0402,-2.0488,0.7405,4,INTER
17390,67.9296875,0.3799,0.7087,0.5335,0.4852,4,INTER
17391,67.93359375,-0.1002,4.7333,-2.1894,-1.3247,4,INTER
17392,67.9375,-0.789,2.5114,-0.2208,-1.4568,4,INTER
17393,67.94140625,1.1356,3.7373,1.7694,0.1854,4,INTER
17394,67.9453125,3.0897,-3.4122,-1.9514,3.0166,4,INTER
17395,67.94921875,2.7557,-3.2848,-0.2201,-0.0933,4,INTER
17396,67.953125,0.6345,0.5336,1.3951,-1.2092,4,INTER
17397,67.95703125,-1.5336,2.2061,-2.8256,0.309,4,INTER
17398,67.9609375,-0.0728,-0.726,4.2913,-3.512,4,INTER
17399,67.96484375,-1.6563,0.017,-1.7122,0.3004,4,INTER
17400,67.96875,-2.4855,-0.9452,5.1179,3.7013,4,INTER
17401,67.97265625,-0.4041,-0.8788,-1.1091,-0.669,4,INTER
17402,67.9765625,-1.9624,0.5879,-2.5752,-2.0548,4,INTER
17403,67.98046875,-0.3552,-1.5246,-4.4941,2.5949,4,INTER
17404,67.984375,-2.5477,0.0776,-0.023,0.7405,4,INTER
17405,67.98828125,-3.871,-1.6301,-0.9303,1.9723,4,INTER
17406,67.9921875,-3.0238,5.0389,-1.2456,-0.3458,4,INTER
17407,67.99609375,-1.6085,1.9456,2.608,0.8016,4,INTER
17408,68.0,2.6678,-3.2854,-0.8986,0.1353,4,INTER
17409,68.00390625,-1.0217,-3.6805,1.1569,-0.8125,4,INTER
17410,68.0078125,-5.7078,3.8074,-0.5387,2.2079,4,INTER
17411,68.01171875,-1.8101,-0.2831,0.2767,-0.3888,4,INTER
17412,68.015625,2.3645,0.1909,1.4869,-2.0511,4,INTER
17413,68.01953125,1.5088,1.5319,2.5147,-0.6916,4,INTER
17414,68.0234375,-1.3282,2.8228,-0.5125,0.5749,4,INTER
17415,68.02734375,4.414,0.1408,-3.8927,1.5925,4,INTER
17416,68.03125,1.9145,0.6624,2.6822,-2.7866,4,INTER
17417,68.03515625,0.4894,1.2474,-1.0129,3.4242,4,INTER
17418,68.0390625,-3.5357,-0.9159,2.9394,-1.2782,4,INTER
17419,68.04296875,0.8377,2.3408,-1.5826,-2.5868,4,INTER
17420,68.046875,-0.7886,-1.4734,2.2599,-4.5289,4,INTER
17421,68.05078125,2.3938,2.1313,1.3279,-0.0566,4,INTER
17422,68.0546875,0.4187,-0.4044,-2.2464,-2.4216,4,INTER
17423,68.05859375,-0.4228,0.2761,-1.0253,-0.9271,4,INTER
17424,68.0625,-0.9182,0.7364,1.1147,-2.3134,4,INTER
17425,68.06640625,-2.243,-2.345,0.0109,-2.9032,4,INTER
17426,68.0703125,0.5947,-0.9226,3.9463,-0.9457,4,INTER
17427,68.07421875,1.2914,2.3141,-3.2824,-4.0031,4,INTER
17428,68.078125,5.9066,2.6976,-4.1528,1.783,4,INTER
17429,68.08203125,4.2291,-0.9631,0.4528,2.3718,4,INTER
17430,68.0859375,2.3538,-1.5559,4.0754,0.0619,4,INTER
17431,68.08984375,4.8012,2.959,0.3209,1.3062,4,INTER
17432,68.09375,-0.808,1.8046,2.8301,-2.0052,4,INTER
17433,68.09765625,4.051,-0.0734,0.9501,-3.3768,4,INTER
17434,68.1015625,-0.8865,3.1217,1.7766,-0.5406,4,INTER
17435,68.10546875,-2.4703,-2.7146,0.8791,0.1381,4,INTER
17436,68.109375,4.0186,0.1306,3.0263,0.8786,4,INTER
17437,68.11328125,1.7847,0.1551,-2.3721,-2.5276,4,INTER
17438,68.1171875,0.6839,1.8433,-3.0632,-0.456,4,INTER
17439,68.12109375,0.4455,1.1639,-0.3791,-1.0388,4,INTER
17440,68.125,-3.2595,-2.0192,-0.7388,-0.5341,4,INTER
17441,68.12890625,2.5782,1.3948,-4.0256,2.6213,4,INTER
17442,68.1328125,-1.7123,-2.8139,-0.1027,0.6364,4,INTER
17443,68.13671875,-1.3628,1.2461,-2.5605,3.1564,4,INTER
17444,68.140625,-4.8108,-1.5216,-1.0304,2.9934,4,INTER
17445,68.14453125,0.949,-4.233,3.9745,0.6893,4,INTER
17446,68.1484375,-3.7616,-2.7676,-1.7144,1.8655,4,INTER
17447,68.15234375,4.0091,-0.2115,0.696,-2.7509,4,INTER
17448,68.15625,-3.0877,1.7714,0.9333,1.8848,4,INTER
17449,68.16015625,0.3805,1.0703,-1.5817,0.0092,4,INTER
17450,68.1640625,-0.5533,3.7137,-0.9534,2.2415,4,INTER
17451,68.16796875,4.6585,-2.6064,-3.9337,2.3028,4,INTER
17452,68.171875,-0.8362,-2.9399,0.0499,-2.3114,4,INTER
17453,68.17578125,-1.6166,-0.4959,-2.8289,-2.0276,4,INTER
17454,68.1796875,-1.3636,2.1557,4.5165,-0.5922,4,INTER
17455,68.18359375,0.4998,-0.6902,-2.8001,-1.7638,4,INTER
17456,68.1875,-2.2104,-1.2823,-0.9292,-3.2616,4,INTER
17457,68.19140625,1.7832,1.711,-2.2949,0.1361,4,INTER
17458,68.1953125,-0.1392,3.5171,3.3364,0.7832,4,INTER
17459,68.19921875,-1.9302,0.0439,3.2795,4.189,4,INTER
17460,68.203125,-2.9813,1.2459,4.0897,-0.3942,4,INTER
17461,68.20703125,0.4581,-3.4961,0.7177,-3.1873,4,INTER
17462,68.2109375,1.1169,3.5336,2.4618,0.6822,4,INTER
17463,68.21484375,-1.7461,2.8524,1.8654,0.1717,4,INTER
17464,68.21875,1.6542,-5.5747,3.8576,-0.1902,4,INTER
17465,68.22265625,-0.0207,2.8606,1.298,0.1266,4,INTER
17466,68.2265625,3.4519,-1.3688,-0.9522,0.2454,4,INTER
17467,68.23046875,0.5054,-1.8244,-0.8312,3.9884,4,INTER
17468,68.234375,-1.7551,-0.4761,-1.8135,1.3055,4,INTER
17469,68.23828125,1.7369,3.1732,-1.1407,4.353,4,INTER
17470,68.2421875,-0.6378,-2.4248,2.4721,-1.574,4,INTER
17471,68.24609375,2.0605,3.6251,-0.9618,2.2868,4,INTER
17472,68.25,0.0954,-1.8878,-6.9132,-1.9587,4,INTER
17473,68.25390625,2.616,1.9939,0.8234,0.6431,4,INTER
17474,68.2578125,-1.7306,-2.7182,0.5844,4.6661,4,INTER
17475,68.26171875,-3.6452,-0.2841,-2.0556,-3.6105,4,INTER
17476,68.265625,0.859,0.3083,-1.8008,-6.0722,4,INTER
17477,68.26953125,2.3383,-0.7528,-1.5222,0.6318,4,INTER
17478,68.2734375,2.0021,0.0555,1.7716,0.0289,4,INTER
17479,68.27734375,-2.0363,-3.4629,-2.338,-0.0279,4,INTER
17480,68.28125,-0.7877,1.4438,-0.6862,-1.4086,4,INTER
17481,68.28515625,-4.5572,0.7724,-2.3563,-1.2599,4,INTER
17482,68.2890625,4.3716,-0.2086,0.284,0.801,4,INTER
17483,68.29296875,-2.6716,-2.0993,-0.1069,-1.0958,4,INTER
17484,68.296875,0.4614,2.1152,-3.1564,-0.375,4,INTER
17485,68.30078125,-2.2451,0.766,-4.3478,1.1915,4,INTER
17486,68.3046875,0.9602,-2.124,-2.0362,-3.2657,4,INTER
17487,68.30859375,-0.3448,5.2734,4.5064,0.9224,4,INTER
17488,68.3125,-1.147,-2.1046,-1.0333,-0.771,4,INTER
17489,68.31640625,-4.5632,0.1867,-1.1643,-2.3813,4,INTER
17490,68.3203125,1.8355,-1.1702,1.7775,0.5091,4,INTER
17491,68.32421875,1.9099,-0.3596,0.2468,-1.9113,4,INTER
17492,68.328125,3.4165,-2.5046,0.4247,6.665,4,INTER
17493,68.33203125,-3.247,2.6296,-3.6775,-0.5363,4,INTER
17494,68.3359375,-0.2486,-2.4027,0.6884,-4.1293,4,INTER
17495,68.33984375,2.5775,-1.658,4.9619,4.4552,4,INTER
17496,68.34375,1.4367,2.5412,0.5101,-0.7773,4,INTER
17497,68.34765625,3.2837,3.8534,1.2184,0.2856,4,INTER
17498,68.3515625,-2.0282,0.1735,-0.1862,2.5486,4,INTER
17499,68.35546875,-3.1932,-2.3015,-2.0762,1.3117,4,INTER
17500,68.359375,-0.3352,1.2071,0.883,-0.6801,4,INTER
17501,68.36328125,4.0891,-1.8541,1.2328,3.1988,4,INTER
17502,68.3671875,-3.461,-3.7002,-3.4,3.258,4,INTER
17503,68.37109375,1.4598,5.2097,1.3,2.4569,4,INTER
17504,68.375,-0.0345,4.9494,-0.1314,-0.2897,4,INTER
17505,68.37890625,-0.1266,0.5479,0.9053,2.5892,4,INTER
17506,68.3828125,-0.5088,0.6508,-1.373,-1.4445,4,INTER
17507,68.38671875,1.9429,1.5266,-2.8184,-3.5364,4,INTER
17508,68.390625,2.0976,-0.671,0.4993,-2.8107,4,INTER
17509,68.39453125,0.3479,3.0715,-1.9603,4.5287,4,INTER
17510,68.3984375,-0.1593,-1.3957,1.0371,1.1452,4,INTER
17511,68.40234375,0.7377,-1.3975,0.1963,0.9794,4,INTER
17512,68.40625,-0.2365,-2.5764,-1.5423,0.7261,4,INTER
17513,68.41015625,0.8611,0.4623,-2.639,4.6401,4,INTER
17514,68.4140625,1.621,3.1853,2.0212,-0.0075,4,INTER
17515,68.41796875,2.016,-4.3123,1.2308,1.4201,4,INTER
17516,68.421875,5.7246,0.0792,-0.4644,0.272,4,INTER
17517,68.42578125,-1.2658,0.2409,2.15,-2.6258,4,INTER
17518,68.4296875,-0.8458,3.9537,0.3502,2.5482,4,INTER
17519,68.43359375,1.4601,-1.8217,-0.0595,-1.2036,4,INTER
