sample_idx,timestamp,C3,C4,Cz,Fz,label_int,label_str
0,0.0,-0.0574,0.6334,0.3935,-0.2472,0,REST
1,0.00390625,1.2269,2.2422,1.6602,4.2461,0,REST
2,0.0078125,10.6215,7.0904,4.4921,8.018,0,REST
3,0.01171875,6.6388,9.6483,9.0069,6.929,0,REST
4,0.015625,13.308,10.4405,9.6491,13.8657,0,REST
5,0.01953125,8.3993,10.3851,15.0197,11.9917,0,REST
6,0.0234375,9.1009,10.6526,14.1373,10.4544,0,REST
7,0.02734375,7.3092,12.9681,11.5996,11.723,0,REST
8,0.03125,11.1336,14.4594,11.6504,11.5514,0,REST
9,0.03515625,11.0074,11.1253,11.7079,4.805,0,REST
10,0.0390625,3.7521,8.3764,9.113,2.214,0,REST
11,0.04296875,1.5896,1.4535,-0.3557,2.9667,0,REST
12,0.046875,-2.5671,1.1252,3.5339,-1.7443,0,REST
13,0.05078125,-0.8579,-2.5245,-3.2343,-5.3966,0,REST
14,0.0546875,-6.2134,-7.5131,-7.2053,-10.9608,0,REST
15,0.05859375,-8.9197,-9.1784,-8.4177,-9.8892,0,REST
16,0.0625,-12.5105,-10.4949,-11.5808,-12.031,0,REST
17,0.06640625,-12.9283,-12.2944,-10.5662,-11.3676,0,REST
18,0.0703125,-12.6682,-16.6512,-12.1391,-14.2416,0,REST
19,0.07421875,-11.4284,-13.2132,-13.2205,-8.356,0,REST
20,0.078125,-8.6642,-9.8863,-10.0194,-8.2935,0,REST
21,0.08203125,-8.496,-11.6526,-7.4118,-3.2624,0,REST
22,0.0859375,-6.5014,-6.5298,-6.7377,-2.9322,0,REST
23,0.08984375,-0.1391,-4.0903,-9.092,-2.1985,0,REST
24,0.09375,4.536,-0.2076,-4.063,7.2125,0,REST
25,0.09765625,3.0921,4.3378,2.4387,8.2121,0,REST
26,0.1015625,-0.8044,8.1148,5.585,7.7215,0,REST
27,0.10546875,9.0269,9.3147,6.7869,9.5888,0,REST
28,0.109375,9.6537,11.6367,4.9395,6.264,0,REST
29,0.11328125,6.7098,10.6828,6.661,14.6097,0,REST
30,0.1171875,10.9678,7.5142,12.4234,9.3157,0,REST
31,0.12109375,12.5199,11.287,10.3641,9.8593,0,REST
32,0.125,5.8834,12.9726,8.0392,8.7828,0,REST
33,0.12890625,5.9741,7.5919,6.6499,3.0607,0,REST
34,0.1328125,2.6813,8.4781,9.2882,4.6756,0,REST
35,0.13671875,1.9814,4.5511,2.6305,-2.2155,0,REST
36,0.140625,-1.0912,-0.5594,4.0569,-4.6297,0,REST
37,0.14453125,-5.6717,-1.9728,-3.6629,-5.5276,0,REST
38,0.1484375,-6.7335,-4.8704,-0.3738,-7.7997,0,REST
39,0.15234375,-5.3043,-9.1775,-8.5554,-7.5564,0,REST
40,0.15625,-6.4129,-12.4141,-9.9775,-9.8961,0,REST
41,0.16015625,-8.7471,-10.8946,-5.7433,-12.3756,0,REST
42,0.1640625,-4.5328,-10.7174,-6.9111,-7.3239,0,REST
43,0.16796875,-5.3755,-8.7175,-4.2396,-9.71,0,REST
44,0.171875,-4.829,-6.695,-4.9234,-5.0599,0,REST
45,0.17578125,-4.3799,-5.13,-9.0768,-5.7614,0,REST
46,0.1796875,-3.0812,-2.7621,-4.5137,-0.5699,0,REST
47,0.18359375,-2.9301,-2.5224,-5.1931,0.7461,0,REST
48,0.1875,0.4827,1.354,-0.6547,3.4929,0,REST
49,0.19140625,1.1759,3.3636,-0.0847,4.9637,0,REST
50,0.1953125,0.3909,7.16,1.5055,2.6733,0,REST
51,0.19921875,1.3117,9.6668,0.565,5.3613,0,REST
52,0.203125,4.9744,8.6242,2.4542,5.4709,0,REST
53,0.20703125,4.1753,8.6652,3.1644,8.3222,0,REST
54,0.2109375,4.995,7.3174,1.4706,5.7906,0,REST
55,0.21484375,4.7031,7.5722,5.6357,7.8816,0,REST
56,0.21875,3.7518,8.1662,6.0103,5.9688,0,REST
57,0.22265625,2.993,5.008,3.1874,3.9461,0,REST
58,0.2265625,2.3361,1.0706,1.9422,-0.5525,0,REST
59,0.23046875,5.4224,3.1826,4.7642,-0.9659,0,REST
60,0.234375,2.2002,0.6711,4.7302,0.5379,0,REST
61,0.23828125,3.0769,-1.5734,4.1171,-3.3686,0,REST
62,0.2421875,4.2952,-3.934,0.9117,-5.3065,0,REST
63,0.24609375,0.0426,-4.2828,3.9665,-1.8746,0,REST
64,0.25,-3.9999,-4.5994,5.3031,-1.4884,0,REST
65,0.25390625,-1.5141,-8.5826,0.5774,-4.1011,0,REST
66,0.2578125,-0.9598,-9.3898,-1.8927,-0.6727,0,REST
67,0.26171875,0.3582,-2.9412,-1.1254,-5.2239,0,REST
68,0.265625,-3.9546,-3.4387,-2.5732,-4.1631,0,REST
69,0.26953125,-2.7928,-5.0074,0.0901,0.4721,0,REST
70,0.2734375,-2.9591,0.101,-2.1201,-2.3638,0,REST
71,0.27734375,1.1126,-0.1236,-4.6675,2.3528,0,REST
72,0.28125,-5.0191,-0.7621,-0.7074,-2.1147,0,REST
73,0.28515625,-5.7353,2.0408,-3.141,-3.3351,0,REST
74,0.2890625,-5.6732,2.312,-6.034,-3.7661,0,REST
75,0.29296875,-5.7428,0.2438,-5.7728,0.9071,0,REST
76,0.296875,-3.5147,2.8497,-3.7871,3.6345,0,REST
77,0.30078125,-2.3463,6.0464,-5.721,2.6522,0,REST
78,0.3046875,-4.5386,5.2889,-2.6321,3.3954,0,REST
79,0.30859375,-4.9006,5.5413,1.522,1.6928,0,REST
80,0.3125,-0.6455,6.7821,-0.3643,5.0986,0,REST
81,0.31640625,5.9785,3.4805,3.8047,4.8331,0,REST
82,0.3203125,4.1968,4.7115,-1.3397,1.6477,0,REST
83,0.32421875,4.9572,5.1371,3.2143,5.4322,0,REST
84,0.328125,6.0326,2.2602,2.9766,3.6567,0,REST
85,0.33203125,7.8748,0.0337,7.4977,0.8136,0,REST
86,0.3359375,2.8615,-1.5476,8.6997,3.2227,0,REST
87,0.33984375,8.5454,3.7576,9.0522,1.0935,0,REST
88,0.34375,5.6792,-2.5262,9.3616,-2.0633,0,REST
89,0.34765625,5.9762,-0.3129,8.9312,-0.6825,0,REST
90,0.3515625,5.4438,-4.0436,5.3545,-2.6351,0,REST
91,0.35546875,-0.9463,-3.4756,2.1614,-5.4323,0,REST
92,0.359375,-0.1201,-3.2205,2.0276,-1.9163,0,REST
93,0.36328125,-2.3414,-3.6241,0.9456,-5.7421,0,REST
94,0.3671875,-3.9315,-6.4815,-2.2074,-6.5272,0,REST
95,0.37109375,-6.2334,-8.5643,-0.5017,-3.3697,0,REST
96,0.375,-8.1299,-1.5647,-4.9127,-4.065,0,REST
97,0.37890625,-7.4643,1.2103,-4.782,-0.5705,0,REST
98,0.3828125,-11.1189,-3.2467,-6.9218,-4.9352,0,REST
99,0.38671875,-9.8662,-1.7095,-11.2778,-2.186,0,REST
100,0.390625,-6.2905,1.0764,-10.6826,-1.8041,0,REST
101,0.39453125,-9.9054,1.6409,-11.1771,3.3493,0,REST
102,0.3984375,-7.7217,1.6446,-10.2812,6.2566,0,REST
103,0.40234375,1.8535,5.4472,-9.6033,5.0003,0,REST
104,0.40625,-4.0269,3.2949,-5.4311,7.2896,0,REST
105,0.41015625,1.9026,1.3934,-5.7855,8.5874,0,REST
106,0.4140625,6.6922,2.8747,-3.4489,8.5908,0,REST
107,0.41796875,7.2263,2.8676,2.3228,3.1292,0,REST
108,0.421875,9.9506,2.5579,7.3011,4.8845,0,REST
109,0.42578125,10.8511,1.9232,11.2828,6.8701,0,REST
110,0.4296875,9.8116,0.7519,8.6444,8.4914,0,REST
111,0.43359375,12.2558,3.2219,12.6581,1.9821,0,REST
112,0.4375,8.57,2.6955,10.1356,-2.4143,0,REST
113,0.44140625,8.6158,1.1516,11.4288,-0.5347,0,REST
114,0.4453125,6.2696,-1.4265,10.3915,-5.7474,0,REST
115,0.44921875,1.7623,-0.208,9.8754,-5.9034,0,REST
116,0.453125,-3.4614,-1.6441,6.985,-9.0273,0,REST
117,0.45703125,-1.838,-0.237,3.6392,-10.0809,0,REST
118,0.4609375,-5.3333,-3.2156,2.7539,-11.1766,0,REST
119,0.46484375,-6.1794,0.3723,-3.7503,-9.9621,0,REST
120,0.46875,-15.7513,-2.552,-4.1539,-8.6483,0,REST
121,0.47265625,-10.5362,-4.8785,-10.2749,-6.2878,0,REST
122,0.4765625,-14.263,-5.9454,-10.4065,-4.1121,0,REST
123,0.48046875,-14.0491,-8.2346,-9.7826,-1.6432,0,REST
124,0.484375,-12.5998,-6.3239,-12.3647,-0.0883,0,REST
125,0.48828125,-8.012,-5.3491,-12.8659,3.0163,0,REST
126,0.4921875,-5.1396,-3.5322,-15.3836,5.2801,0,REST
127,0.49609375,0.3075,-2.9439,-7.6007,7.2551,0,REST
128,0.5,-3.9999,2.4103,-5.7248,5.3586,0,REST
129,0.50390625,4.4763,-0.4883,-4.0528,13.7033,0,REST
130,0.5078125,3.1497,3.6553,1.5155,14.0942,0,REST
131,0.51171875,9.0951,8.5647,0.3704,9.0729,0,REST
132,0.515625,13.0321,3.2841,4.3064,7.0572,0,REST
133,0.51953125,11.3606,6.859,11.3366,6.9887,0,REST
134,0.5234375,14.372,9.2216,11.1295,1.4818,0,REST
135,0.52734375,10.529,6.4827,16.1099,1.2735,0,REST
136,0.53125,11.9006,6.2366,11.1288,-8.2696,0,REST
137,0.53515625,9.6465,5.3797,14.3391,-5.3318,0,REST
138,0.5390625,6.4301,-0.1306,9.3581,-9.3875,0,REST
139,0.54296875,3.2007,0.3433,7.8643,-13.79,0,REST
140,0.546875,-1.1714,0.6332,7.6453,-9.1898,0,REST
141,0.55078125,-5.1839,-3.8602,7.5762,-13.6288,0,REST
142,0.5546875,-6.4091,-1.4256,3.9149,-9.883,0,REST
143,0.55859375,-5.9797,-2.449,-0.8594,-9.6276,0,REST
144,0.5625,-11.0904,-8.6335,-5.3161,-6.9603,0,REST
145,0.56640625,-14.141,-8.1461,-7.7432,-9.4817,0,REST
146,0.5703125,-15.4391,-4.9136,-7.5889,-2.3917,0,REST
147,0.57421875,-10.6126,-12.0132,-6.1737,5.5377,0,REST
148,0.578125,-9.3383,-10.3804,-13.6418,4.486,0,REST
149,0.58203125,-7.5557,-9.2405,-10.4052,5.834,0,REST
150,0.5859375,-4.279,-6.9501,-9.3785,13.1565,0,REST
151,0.58984375,-1.5916,-6.2855,-8.9974,10.8245,0,REST
152,0.59375,0.8471,0.3034,-5.5626,13.9581,0,REST
153,0.59765625,5.7183,1.0415,-5.2011,12.1881,0,REST
154,0.6015625,2.7101,4.9345,-4.3936,9.9832,0,REST
155,0.60546875,9.2098,0.4305,0.0754,12.1609,0,REST
156,0.609375,10.0364,13.3574,2.0504,4.2348,0,REST
157,0.61328125,11.1707,11.233,8.7364,5.4577,0,REST
158,0.6171875,14.1382,9.8022,4.5744,2.2343,0,REST
159,0.62109375,6.8859,9.4459,8.0389,-0.9605,0,REST
160,0.625,10.8189,6.7941,9.0478,-6.9113,0,REST
161,0.62890625,4.3106,8.4132,9.6515,-13.2194,0,REST
162,0.6328125,3.9438,3.7461,9.3373,-8.6491,0,REST
163,0.63671875,8.0651,4.2677,4.8475,-8.574,0,REST
164,0.640625,0.4437,3.6468,10.0115,-9.9066,0,REST
165,0.64453125,-1.8878,3.382,8.0822,-11.8241,0,REST
166,0.6484375,-3.131,-6.444,4.0152,-16.209,0,REST
167,0.65234375,-3.3287,-6.9176,1.6143,-5.2984,0,REST
168,0.65625,-4.6531,-5.2426,-2.0988,-4.0632,0,REST
169,0.66015625,-8.4318,-8.8546,-3.4756,0.7037,0,REST
170,0.6640625,-7.7505,-12.9952,-7.1958,1.8799,0,REST
171,0.66796875,-5.2667,-11.3321,-5.3419,2.8077,0,REST
172,0.671875,-4.5621,-11.1626,-7.6962,7.4197,0,REST
173,0.67578125,-5.5259,-12.5731,-5.7342,7.2762,0,REST
174,0.6796875,-0.9327,-3.6951,-7.2589,5.8884,0,REST
175,0.68359375,-3.8325,-5.6569,-4.0683,12.5755,0,REST
176,0.6875,2.3405,-3.8673,-6.4297,10.9291,0,REST
177,0.69140625,1.7082,-2.9069,-4.7728,11.677,0,REST
178,0.6953125,-0.6292,5.531,-1.7768,6.555,0,REST
179,0.69921875,1.7955,6.8432,1.6376,8.674,0,REST
180,0.703125,1.4463,9.2498,-2.5024,2.1827,0,REST
181,0.70703125,3.5802,13.0661,0.6968,0.3276,0,REST
182,0.7109375,3.9424,11.2781,2.9922,-5.3518,0,REST
183,0.71484375,1.2116,13.6803,-1.2032,-4.5082,0,REST
184,0.71875,5.1468,13.2761,2.6311,-8.3282,0,REST
185,0.72265625,6.3753,14.3337,0.3289,-8.3317,0,REST
186,0.7265625,1.4689,6.4021,2.9782,-8.6438,0,REST
187,0.73046875,2.1674,6.1398,2.5752,-11.2572,0,REST
188,0.734375,1.4713,3.4537,5.8923,-11.5526,0,REST
189,0.73828125,-0.4658,-2.8683,4.8754,-8.6518,0,REST
190,0.7421875,1.4057,-7.3037,4.4192,-6.989,0,REST
191,0.74609375,1.9835,-7.2762,2.6859,-3.789,0,REST
192,0.75,-2.5378,-12.0466,2.2628,-3.6105,0,REST
193,0.75390625,1.9651,-10.1111,1.0099,-0.0075,0,REST
194,0.7578125,-0.9954,-15.4883,-0.6933,5.0521,0,REST
195,0.76171875,-5.0673,-14.3938,2.2435,9.0893,0,REST
196,0.765625,-0.7594,-13.8413,2.543,9.0931,0,REST
197,0.76953125,-5.1747,-5.4203,0.2243,4.9823,0,REST
198,0.7734375,-5.2635,-8.9115,-0.331,6.7714,0,REST
199,0.77734375,-2.7868,-4.1173,-1.695,6.3034,0,REST
200,0.78125,-6.4335,-0.7642,0.4085,6.007,0,REST
201,0.78515625,-3.7288,2.2632,0.8599,4.9516,0,REST
202,0.7890625,-4.066,7.4173,-3.0988,4.0459,0,REST
203,0.79296875,-1.1812,6.5265,-4.9437,2.4522,0,REST
204,0.796875,-7.494,8.2415,-4.5893,-1.373,0,REST
205,0.80078125,-6.5082,12.6615,-6.3586,-2.6056,0,REST
206,0.8046875,-3.0673,12.9419,-3.5533,0.1308,0,REST
207,0.80859375,1.9712,17.6901,-1.6067,-3.4925,0,REST
208,0.8125,0.8854,12.0921,-4.8427,-3.3084,0,REST
209,0.81640625,0.2475,7.2032,-1.4783,-6.8253,0,REST
210,0.8203125,4.7413,9.1645,-3.3132,-7.2206,0,REST
211,0.82421875,5.0397,3.3454,2.5894,-10.0029,0,REST
212,0.828125,1.3994,3.3349,2.7104,-7.2701,0,REST
213,0.83203125,5.3447,-1.7564,0.4878,-6.8473,0,REST
214,0.8359375,5.9881,1.2634,2.0073,-1.2084,0,REST
215,0.83984375,6.6904,-5.147,6.8647,-4.393,0,REST
216,0.84375,5.3617,-10.1084,7.3053,-1.2601,0,REST
217,0.84765625,3.7332,-10.2533,7.4743,-1.5441,0,REST
218,0.8515625,2.4774,-9.161,9.3048,-1.8291,0,REST
219,0.85546875,0.2881,-8.8894,9.4163,-2.2551,0,REST
220,0.859375,-3.5526,-10.0856,3.0689,2.7403,0,REST
221,0.86328125,-0.1253,-7.2736,3.7682,2.1669,0,REST
222,0.8671875,-5.9401,-9.2979,4.8116,-0.3354,0,REST
223,0.87109375,-5.0949,-4.2721,7.6334,5.2241,0,REST
224,0.875,-7.0398,-1.6851,0.6979,1.1959,0,REST
225,0.87890625,-7.8684,-0.1539,-0.4595,5.0578,0,REST
226,0.8828125,-9.8455,2.5396,-3.6565,3.2479,0,REST
227,0.88671875,-10.3127,4.5575,-3.6603,6.5297,0,REST
228,0.890625,-7.5814,9.4448,-9.8022,1.3035,0,REST
229,0.89453125,-6.6625,9.8817,-8.8163,2.2469,0,REST
230,0.8984375,-3.3145,9.4625,-11.6472,3.0455,0,REST
231,0.90234375,-0.7348,9.708,-10.1885,2.0006,0,REST
232,0.90625,0.4096,11.216,-10.9163,1.5967,0,REST
233,0.91015625,2.0292,8.7774,-9.4816,1.5112,0,REST
234,0.9140625,4.9618,3.9394,-5.6856,0.8143,0,REST
235,0.91796875,8.0423,3.7439,-6.6925,1.2408,0,REST
236,0.921875,9.6102,3.426,-1.0777,-2.5185,0,REST
237,0.92578125,10.8215,0.976,1.6105,-3.7102,0,REST
238,0.9296875,9.8351,-2.4476,0.7505,-6.2389,0,REST
239,0.93359375,14.7141,-5.6191,7.7054,-2.8688,0,REST
240,0.9375,12.5521,-8.7542,5.3385,-6.9284,0,REST
241,0.94140625,8.1889,-8.92,9.1319,-6.9982,0,REST
242,0.9453125,5.0465,-8.3291,12.4226,-5.9875,0,REST
243,0.94921875,2.6753,-6.0705,14.3163,-4.0633,0,REST
244,0.953125,-5.4513,-13.1831,8.5596,-7.3063,0,REST
245,0.95703125,-2.3742,-7.3595,8.2664,-1.9849,0,REST
246,0.9609375,-4.1744,-3.4299,9.6262,-0.9278,0,REST
247,0.96484375,-9.5146,-3.5254,9.8806,-2.1325,0,REST
248,0.96875,-12.2649,-3.8317,2.2274,5.547,0,REST
249,0.97265625,-15.3795,-0.2508,-0.7647,3.284,0,REST
250,0.9765625,-16.3401,3.161,-5.5132,6.63,0,REST
251,0.98046875,-10.701,5.8663,-5.3129,5.6137,0,REST
252,0.984375,-10.2989,10.2387,-7.5262,6.8032,0,REST
253,0.98828125,-12.0052,7.4859,-12.188,6.6799,0,REST
254,0.9921875,-4.5644,6.0621,-8.3268,5.8624,0,REST
255,0.99609375,-3.6749,6.5811,-12.249,7.102,0,REST
256,1.0,1.284,9.6888,-16.0262,2.8791,0,REST
257,1.00390625,2.5365,4.7124,-6.3882,0.0219,0,REST
258,1.0078125,6.4224,5.0285,-8.7144,-2.2927,0,REST
259,1.01171875,13.6495,1.1545,-5.2907,-2.7259,0,REST
260,1.015625,13.5699,4.4448,-5.4945,-4.061,0,REST
261,1.01953125,16.7622,-0.1448,2.02,-5.3851,0,REST
262,1.0234375,6.921,-1.3322,4.1845,-8.6277,0,REST
263,1.02734375,10.3377,-3.1017,9.9142,-9.3064,0,REST
264,1.03125,7.7702,-2.1924,10.4006,-6.7916,0,REST
265,1.03515625,10.1451,-4.1227,10.6501,-9.9788,0,REST
266,1.0390625,5.9502,-7.725,14.0221,-11.4552,0,REST
267,1.04296875,5.6061,-5.4931,15.3154,-6.4511,0,REST
268,1.046875,1.4053,-4.9381,13.6821,-7.9614,0,REST
269,1.05078125,-3.0347,-5.3185,8.5862,-4.2911,0,REST
270,1.0546875,-8.3646,-2.2106,6.6286,-0.1133,0,REST
271,1.05859375,-8.767,-0.8489,5.4344,6.8449,0,REST
272,1.0625,-9.0535,-3.6739,2.155,6.6896,0,REST
273,1.06640625,-12.9708,-5.0546,-0.0709,11.4455,0,REST
274,1.0703125,-10.6138,1.8004,-1.518,7.3989,0,REST
275,1.07421875,-8.212,-1.7119,-3.5729,10.545,0,REST
276,1.078125,-11.0888,0.3349,-5.8482,10.4069,0,REST
277,1.08203125,-5.9134,3.1867,-11.9279,9.5733,0,REST
278,1.0859375,-8.2502,5.2784,-5.9088,6.5569,0,REST
279,1.08984375,-3.9314,6.8672,-12.2875,8.2746,0,REST
280,1.09375,0.2236,2.5421,-11.3394,3.475,0,REST
281,1.09765625,4.6258,2.0417,-10.9402,3.3149,0,REST
282,1.1015625,3.793,4.2997,-7.123,-0.0184,0,REST
283,1.10546875,7.9527,0.1924,-3.2814,-6.4544,0,REST
284,1.109375,13.0592,3.7506,-3.7716,-6.8388,0,REST
285,1.11328125,5.6803,2.0953,-1.5877,-8.8699,0,REST
286,1.1171875,13.3762,-0.4095,2.6447,-10.4404,0,REST
287,1.12109375,7.4821,-3.7408,5.7467,-12.5753,0,REST
288,1.125,9.0832,-1.734,8.8237,-14.1734,0,REST
289,1.12890625,4.3187,0.7758,3.3405,-8.514,0,REST
290,1.1328125,1.2372,-0.8887,9.8294,-6.6982,0,REST
291,1.13671875,3.1778,-2.5973,9.1363,-8.6703,0,REST
292,1.140625,-0.6621,-1.1658,12.2028,0.4935,0,REST
293,1.14453125,-5.5275,-6.4152,7.1999,-2.0919,0,REST
294,1.1484375,-8.1367,-5.6275,9.0617,3.2497,0,REST
295,1.15234375,-6.774,-6.7905,6.4651,6.2716,0,REST
296,1.15625,-9.0409,-0.287,5.5148,10.9264,0,REST
297,1.16015625,-5.9363,-4.6485,-0.145,11.474,0,REST
298,1.1640625,-8.6678,-0.3422,0.5318,12.6346,0,REST
299,1.16796875,-7.8509,-1.5841,-1.9263,11.6327,0,REST
300,1.171875,-5.1258,-0.6724,-1.8066,14.2941,0,REST
301,1.17578125,-2.1974,0.8593,-4.9063,5.7414,0,REST
302,1.1796875,-6.6301,-2.0772,0.788,7.0786,0,REST
303,1.18359375,-0.3435,-1.3686,-5.7752,4.9955,0,REST
304,1.1875,3.0075,-1.5734,-5.2836,-0.1941,0,REST
305,1.19140625,-0.1312,0.5501,-4.2854,-3.8421,0,REST
306,1.1953125,5.0683,2.4966,-3.812,-3.7682,0,REST
307,1.19921875,-0.36,-0.3162,-3.028,-5.8977,0,REST
308,1.203125,4.4756,1.7782,-4.2514,-8.1566,0,REST
309,1.20703125,1.1016,3.7048,-1.7355,-11.9275,0,REST
310,1.2109375,4.6722,2.1535,-2.334,-9.9223,0,REST
311,1.21484375,5.728,1.5569,1.4126,-12.8718,0,REST
312,1.21875,1.195,5.0599,1.0532,-12.9379,0,REST
313,1.22265625,3.8678,4.3155,1.7506,-11.0014,0,REST
314,1.2265625,0.3589,2.9534,2.6439,-6.9453,0,REST
315,1.23046875,-1.2698,3.7085,3.5905,-4.403,0,REST
316,1.234375,3.0436,-3.3677,3.4721,-0.3479,0,REST
317,1.23828125,3.4609,-0.0013,1.9401,1.4915,0,REST
318,1.2421875,0.8369,-0.5115,-1.4308,3.4543,0,REST
319,1.24609375,4.0618,-5.997,3.1751,8.3092,0,REST
320,1.25,-1.0847,-0.462,1.8469,8.488,0,REST
321,1.25390625,0.6287,-5.8352,5.9237,12.6585,0,REST
322,1.2578125,1.4706,-7.0688,2.2427,15.3154,0,REST
323,1.26171875,-0.7146,-6.3191,2.2366,10.1426,0,REST
324,1.265625,-2.0193,-3.0596,2.5802,8.604,0,REST
325,1.26953125,0.6061,-5.1636,-1.9053,7.9689,0,REST
326,1.2734375,-3.5826,-4.8162,2.107,6.0253,0,REST
327,1.27734375,-1.6076,-4.402,-2.876,3.4363,0,REST
328,1.28125,-3.2016,-0.5178,-1.6867,-1.8752,0,REST
329,1.28515625,-0.3046,-1.7299,2.4245,-6.6348,0,REST
330,1.2890625,-4.9303,1.0313,-3.0246,-9.4247,0,REST
331,1.29296875,-3.4254,4.0305,-3.4678,-8.5542,0,REST
332,1.296875,-4.7822,8.1338,-2.8289,-6.8138,0,REST
333,1.30078125,-2.0288,6.5617,-5.3954,-12.1477,0,REST
334,1.3046875,-3.9067,5.4027,-6.581,-9.5246,0,REST
335,1.30859375,-3.2315,8.6723,-3.4226,-7.018,0,REST
336,1.3125,-1.0043,7.0723,-7.3669,-6.9095,0,REST
337,1.31640625,0.2573,6.9613,-2.521,-8.6604,0,REST
338,1.3203125,7.4655,9.0594,-8.5362,-3.5934,0,REST
339,1.32421875,8.1128,4.9606,-10.6392,-0.4592,0,REST
340,1.328125,3.7802,5.2666,-1.4589,1.0938,0,REST
341,1.33203125,6.428,1.8606,-4.2244,5.2721,0,REST
342,1.3359375,10.7578,-1.6412,1.7962,4.414,0,REST
343,1.33984375,7.3493,-5.6743,0.9025,6.0705,0,REST
344,1.34375,7.0681,-5.8704,5.3474,11.8433,0,REST
345,1.34765625,6.6993,-6.8392,-1.2819,7.5643,0,REST
346,1.3515625,3.328,-8.551,7.5785,7.2394,0,REST
347,1.35546875,0.911,-8.127,6.387,4.4125,0,REST
348,1.359375,0.0706,-7.7477,6.3119,2.5291,0,REST
349,1.36328125,-0.4988,-5.8346,9.3195,3.3747,0,REST
350,1.3671875,-4.8012,-6.7103,11.4599,3.8339,0,REST
351,1.37109375,-6.6144,-5.2617,8.4117,-6.687,0,REST
352,1.375,-8.1847,-0.22,0.4711,-3.9592,0,REST
353,1.37890625,-10.8683,0.3336,2.0411,-2.8669,0,REST
354,1.3828125,-11.6928,3.8666,2.3702,-5.9164,0,REST
355,1.38671875,-6.2449,6.2746,-1.46,-0.8347,0,REST
356,1.390625,-8.7301,9.2987,-5.3033,-4.6109,0,REST
357,1.39453125,-9.8646,13.2414,-3.7252,-9.681,0,REST
358,1.3984375,-7.3141,11.2265,-7.3905,-3.0318,0,REST
359,1.40234375,-1.4101,10.7681,-10.8155,-3.8759,0,REST
360,1.40625,-0.8074,9.7038,-11.829,-3.7576,0,REST
361,1.41015625,3.2275,9.2962,-13.498,-3.4208,0,REST
362,1.4140625,5.9215,7.5284,-13.9019,0.6508,0,REST
363,1.41796875,5.572,7.591,-10.9669,-2.6548,0,REST
364,1.421875,9.9086,2.9725,-6.5396,-2.151,0,REST
365,1.42578125,9.3824,4.3259,-5.4167,1.43,0,REST
366,1.4296875,13.9532,-1.6349,-3.0955,4.0291,0,REST
367,1.43359375,13.9522,-5.3374,-2.2172,-0.3024,0,REST
368,1.4375,8.1978,-8.177,0.4435,4.4011,0,REST
369,1.44140625,8.0111,-11.3126,5.953,-0.9736,0,REST
370,1.4453125,6.581,-8.9194,6.5151,2.8833,0,REST
371,1.44921875,1.9395,-11.76,11.9497,2.0577,0,REST
372,1.453125,0.2218,-11.2137,8.853,2.4486,0,REST
373,1.45703125,-3.301,-10.7583,12.7821,4.1864,0,REST
374,1.4609375,-3.8771,-9.4841,11.6069,4.7147,0,REST
375,1.46484375,-11.0451,-9.9837,8.1563,0.3989,0,REST
376,1.46875,-13.0964,-6.5016,10.7683,0.9241,0,REST
377,1.47265625,-12.6535,0.1711,5.2163,3.2057,0,REST
378,1.4765625,-11.6009,4.1654,1.47,-1.2905,0,REST
379,1.48046875,-9.0913,6.4279,0.8053,-1.3515,0,REST
380,1.484375,-7.5879,6.8228,-2.39,0.5267,0,REST
381,1.48828125,-9.3047,11.376,-6.3246,-2.7166,0,REST
382,1.4921875,-9.083,12.9232,-9.135,-5.9743,0,REST
383,1.49609375,-5.8046,13.0,-9.3414,0.455,0,REST
384,1.5,-4.037,11.4859,-10.2398,-5.8009,0,REST
385,1.50390625,1.5015,9.9641,-17.5324,-5.6883,0,REST
386,1.5078125,8.3385,9.2028,-13.3454,-5.9539,0,REST
387,1.51171875,14.232,3.7125,-11.6374,-2.5413,0,REST
388,1.515625,9.7277,5.1002,-13.1213,-1.4333,0,REST
389,1.51953125,13.318,1.4599,-3.2548,0.0896,0,REST
390,1.5234375,19.1665,-4.6674,-4.733,-6.4404,0,REST
391,1.52734375,10.7494,-4.1857,1.2233,0.3509,0,REST
392,1.53125,7.5784,-9.969,-1.8095,0.7084,0,REST
393,1.53515625,9.3804,-13.7705,0.4744,2.0981,0,REST
394,1.5390625,4.7528,-11.65,7.7859,-0.955,0,REST
395,1.54296875,2.1638,-10.713,11.3771,5.3337,0,REST
396,1.546875,-0.8462,-15.1447,10.18,6.5011,0,REST
397,1.55078125,-2.0645,-10.5283,11.159,8.4538,0,REST
398,1.5546875,-7.5354,-9.8912,14.0948,9.7174,0,REST
399,1.55859375,-7.5136,-5.1657,9.0882,4.4317,0,REST
400,1.5625,-9.7586,-5.1466,9.9,8.6946,0,REST
401,1.56640625,-10.7655,2.2402,4.5256,6.7849,0,REST
402,1.5703125,-11.497,2.3111,3.1156,3.5436,0,REST
403,1.57421875,-14.5182,4.3555,0.1424,4.5223,0,REST
404,1.578125,-9.8709,10.1416,-1.7982,0.4656,0,REST
405,1.58203125,-7.9966,10.1926,-2.8085,-0.7892,0,REST
406,1.5859375,-5.6144,15.0312,-7.0645,-2.8428,0,REST
407,1.58984375,-0.5974,13.6815,-7.1811,-4.6282,0,REST
408,1.59375,1.3918,15.0674,-11.2303,-4.3276,0,REST
409,1.59765625,1.954,9.9474,-10.6415,-5.2447,0,REST
410,1.6015625,3.9932,9.8481,-10.1397,-7.6741,0,REST
411,1.60546875,7.7897,8.8272,-10.5698,-4.3676,0,REST
412,1.609375,10.7757,0.3057,-9.9049,-9.405,0,REST
413,1.61328125,10.4666,0.1124,-2.3311,-8.0306,0,REST
414,1.6171875,9.3007,-3.3956,-3.5341,-7.2031,0,REST
415,1.62109375,8.6838,-4.5842,-4.8967,-3.8793,0,REST
416,1.625,8.03,-8.2269,-1.44,-4.8029,0,REST
417,1.62890625,5.2949,-8.8182,3.3956,-2.0797,0,REST
418,1.6328125,3.9972,-12.1322,4.479,0.9153,0,REST
419,1.63671875,3.5519,-12.0066,6.4333,4.7985,0,REST
420,1.640625,0.4456,-10.2952,8.9919,5.7174,0,REST
421,1.64453125,-1.5651,-10.4755,8.6231,12.7867,0,REST
422,1.6484375,-4.7284,-9.7848,9.9273,8.917,0,REST
423,1.65234375,-6.9488,-5.1382,7.4949,11.7655,0,REST
424,1.65625,-6.4408,-3.2237,3.2756,8.4044,0,REST
425,1.66015625,-6.6748,-0.565,5.5217,7.6998,0,REST
426,1.6640625,-7.6811,4.5917,2.527,4.5261,0,REST
427,1.66796875,-9.8818,6.4046,2.1948,3.6726,0,REST
428,1.671875,-4.4662,3.1968,-0.8695,0.3311,0,REST
429,1.67578125,-8.1159,9.6056,-2.3544,-0.7944,0,REST
430,1.6796875,-3.1928,8.9458,-2.6273,-4.6017,0,REST
431,1.68359375,-6.1245,11.5222,-4.1955,-6.4235,0,REST
432,1.6875,-0.7637,11.5625,-5.3662,-13.2984,0,REST
433,1.69140625,-0.0868,9.992,-5.6435,-13.9951,0,REST
434,1.6953125,2.3961,13.3423,-4.0386,-10.302,0,REST
435,1.69921875,1.6376,7.3348,-5.8315,-11.6119,0,REST
436,1.703125,3.5194,3.9226,-4.0121,-8.7312,0,REST
437,1.70703125,0.6538,1.2304,-5.5631,-12.913,0,REST
438,1.7109375,4.1659,-2.6453,-4.0869,-7.1251,0,REST
439,1.71484375,5.5229,-3.068,-3.9018,-0.4105,0,REST
440,1.71875,3.3407,-6.4104,-1.8415,4.0837,0,REST
441,1.72265625,3.9608,-11.1424,-0.6471,4.8808,0,REST
442,1.7265625,2.6053,-10.1156,-0.3904,10.4076,0,REST
443,1.73046875,3.3223,-10.7928,2.635,12.1806,0,REST
444,1.734375,4.1206,-9.2032,-0.2292,14.4091,0,REST
445,1.73828125,3.2833,-8.5579,3.0306,12.5959,0,REST
446,1.7421875,0.0941,-5.5147,-0.2227,9.2116,0,REST
447,1.74609375,1.2036,-4.7342,1.0023,10.6008,0,REST
448,1.75,2.7021,-6.6841,2.1916,11.3717,0,REST
449,1.75390625,-1.2858,-0.9437,3.927,11.6772,0,REST
450,1.7578125,-4.961,0.3316,2.6126,5.864,0,REST
451,1.76171875,-2.5407,3.6645,4.4302,-0.3011,0,REST
452,1.765625,-1.8404,7.8298,3.402,-2.6063,0,REST
453,1.76953125,-7.7681,2.6157,6.3117,-7.7943,0,REST
454,1.7734375,-1.7457,8.881,2.0755,-8.185,0,REST
455,1.77734375,-2.5209,6.4541,2.9008,-11.5377,0,REST
456,1.78125,-5.468,7.841,5.7232,-13.6247,0,REST
457,1.78515625,-5.3796,9.7784,1.8105,-14.5811,0,REST
458,1.7890625,-2.9963,6.7416,1.8494,-13.7047,0,REST
459,1.79296875,-0.8999,4.0118,0.4465,-12.2678,0,REST
460,1.796875,-1.6111,4.3361,-1.6011,-10.1606,0,REST
461,1.80078125,-4.8826,-0.0245,0.1594,-1.7342,0,REST
462,1.8046875,-0.2616,2.4368,-2.6014,-0.5959,0,REST
463,1.80859375,-0.5937,-4.4384,-1.6297,-0.5533,0,REST
464,1.8125,0.1295,-2.1731,-2.1857,5.6977,0,REST
465,1.81640625,-0.5237,-4.6004,-3.3145,9.6803,0,REST
466,1.8203125,1.4295,-7.9867,-5.9869,11.4599,0,REST
467,1.82421875,4.1402,-6.9692,-5.1725,13.5562,0,REST
468,1.828125,5.8558,-5.8251,-6.6118,8.4475,0,REST
469,1.83203125,7.3222,-7.324,-3.2323,9.7659,0,REST
470,1.8359375,9.3466,-4.3377,-6.8575,12.1662,0,REST
471,1.83984375,6.6067,-6.0827,-4.7525,10.1029,0,REST
472,1.84375,6.6847,-4.5367,-1.8493,6.4283,0,REST
473,1.84765625,7.5,-3.409,-3.0138,5.8876,0,REST
474,1.8515625,5.3669,0.6441,0.7799,-0.6729,0,REST
475,1.85546875,3.8848,-1.3009,2.5423,-2.1529,0,REST
476,1.859375,0.7187,0.6766,7.3517,-5.4409,0,REST
477,1.86328125,-2.4356,3.3234,8.0573,-8.6555,0,REST
478,1.8671875,-4.08,5.5265,11.0698,-11.5993,0,REST
479,1.87109375,-0.6668,5.9337,11.0395,-11.8735,0,REST
480,1.875,-4.9902,6.087,8.8029,-10.6734,0,REST
481,1.87890625,-11.5837,3.5371,9.7411,-9.6898,0,REST
482,1.8828125,-7.8735,-0.2295,11.262,-10.075,0,REST
483,1.88671875,-6.7243,1.6233,5.5865,-6.214,0,REST
484,1.890625,-6.9512,5.3212,2.2914,-5.094,0,REST
485,1.89453125,-9.3894,4.0491,-3.2364,-1.0254,0,REST
486,1.8984375,-6.6109,-0.5136,-1.1018,2.1534,0,REST
487,1.90234375,-3.6754,1.3685,-7.132,2.8025,0,REST
488,1.90625,3.3543,-0.9271,-9.0814,6.7878,0,REST
489,1.91015625,2.0307,0.6828,-10.9279,11.0122,0,REST
490,1.9140625,4.1362,-0.3458,-6.5549,8.2177,0,REST
491,1.91796875,6.2289,-2.4897,-12.1525,9.2231,0,REST
492,1.921875,5.5294,-0.2198,-5.7714,6.7245,0,REST
493,1.92578125,11.7222,-1.1335,-8.7294,7.5075,0,REST
494,1.9296875,9.9045,-0.922,-10.2777,6.3089,0,REST
495,1.93359375,12.7208,-4.702,-4.5817,9.6056,0,REST
496,1.9375,9.1994,-2.3825,-1.8013,2.8461,0,REST
497,1.94140625,14.0287,0.7584,2.6565,0.2145,0,REST
498,1.9453125,5.0337,-0.3996,1.9034,-1.9141,0,REST
499,1.94921875,5.9315,-0.2083,4.44,-0.976,0,REST
500,1.953125,-2.9931,-3.5135,8.2323,-2.388,0,REST
501,1.95703125,-3.1056,-3.6331,11.8051,-10.4864,0,REST
502,1.9609375,-5.5928,-0.0608,14.1358,-5.4438,0,REST
503,1.96484375,-12.4577,0.736,9.3503,-2.6084,0,REST
504,1.96875,-8.4503,0.6022,11.4471,-9.1377,0,REST
505,1.97265625,-10.7014,2.3555,10.3919,-2.3703,0,REST
506,1.9765625,-11.5467,0.9684,7.2409,-5.1803,0,REST
507,1.98046875,-16.5267,4.0081,7.9921,-4.3826,0,REST
508,1.984375,-10.7538,4.5242,4.4397,-1.6615,0,REST
509,1.98828125,-9.7258,5.082,5.5268,-2.1741,0,REST
510,1.9921875,-5.8528,4.111,-0.1011,-0.9797,0,REST
511,1.99609375,-3.3738,3.2199,-6.2604,2.9554,0,REST
512,2.0,-3.2366,7.8725,-8.5534,3.4806,0,REST
513,2.00390625,5.4976,5.1979,-9.4752,2.5825,0,REST
514,2.0078125,6.9543,3.4795,-13.4728,5.221,0,REST
515,2.01171875,11.4712,5.5763,-14.2189,4.2849,0,REST
516,2.015625,12.1995,0.9633,-14.6685,1.6538,0,REST
517,2.01953125,11.8403,2.6486,-12.6402,2.2896,0,REST
518,2.0234375,13.1291,-4.6662,-9.3763,3.4915,0,REST
519,2.02734375,10.5993,-1.6761,-7.7777,-0.0808,0,REST
520,2.03125,9.359,-2.5853,-3.3734,0.3806,0,REST
521,2.03515625,10.9863,-3.0552,-4.0019,-0.0324,0,REST
522,2.0390625,7.1076,-5.8162,2.8649,3.4533,0,REST
523,2.04296875,6.5081,-6.3404,2.4268,2.42,0,REST
524,2.046875,0.0454,-4.3499,7.9604,-3.9891,0,REST
525,2.05078125,1.1429,-5.8398,13.0122,-1.8608,0,REST
526,2.0546875,-5.8817,-9.0443,8.9331,-1.8577,0,REST
527,2.05859375,-9.0281,-7.4194,10.7165,-0.142,0,REST
528,2.0625,-9.7292,-3.363,9.2863,-0.8515,0,REST
529,2.06640625,-12.9273,-2.6589,11.8839,-1.9037,0,REST
530,2.0703125,-11.0476,-0.7753,9.5057,-3.0589,0,REST
531,2.07421875,-11.9282,4.7972,6.0184,0.8765,0,REST
532,2.078125,-11.4331,4.8972,5.6448,-6.4172,0,REST
533,2.08203125,-6.0546,7.7902,2.1092,-1.5578,0,REST
534,2.0859375,-2.4019,9.4932,-2.3849,-6.0801,0,REST
535,2.08984375,-5.2063,6.3146,-0.4488,-1.0361,0,REST
536,2.09375,-0.082,10.4463,-4.2591,-1.2596,0,REST
537,2.09765625,4.157,9.456,-3.9797,-4.1493,0,REST
538,2.1015625,4.1088,5.6735,-11.2636,-1.8117,0,REST
539,2.10546875,8.8516,6.7888,-8.1139,-0.7823,0,REST
540,2.109375,5.1445,2.258,-9.8961,6.1443,0,REST
541,2.11328125,3.3644,0.7185,-10.7172,2.8289,0,REST
542,2.1171875,11.9348,0.0355,-7.2388,-0.6261,0,REST
543,2.12109375,8.9253,1.54,-6.4034,5.4787,0,REST
544,2.125,8.7717,-1.6503,-5.8351,5.5445,0,REST
545,2.12890625,2.9408,-5.3525,-3.6959,5.9935,0,REST
546,2.1328125,4.7905,-8.4656,-0.3209,7.1383,0,REST
547,2.13671875,-1.1013,-10.2404,0.1843,6.0798,0,REST
548,2.140625,-0.7115,-11.5863,4.7985,9.0841,0,REST
549,2.14453125,-3.9944,-6.7603,5.3267,5.5712,0,REST
550,2.1484375,-2.7857,-6.3187,4.8107,3.005,0,REST
551,2.15234375,-6.6386,-8.2007,8.8483,-0.2465,0,REST
552,2.15625,-6.1819,-6.6965,5.6896,-3.0895,0,REST
553,2.16015625,-6.8418,-3.6024,10.5568,-2.4674,0,REST
554,2.1640625,-9.5806,1.5756,7.0983,-8.8228,0,REST
555,2.16796875,-7.9233,-0.5219,7.9534,-4.2578,0,REST
556,2.171875,-7.933,8.225,3.9523,-6.918,0,REST
557,2.17578125,-6.5881,9.5505,3.197,-10.6491,0,REST
558,2.1796875,-2.6097,10.0809,0.4612,-7.0781,0,REST
559,2.18359375,-1.1179,10.4428,0.8586,-7.8926,0,REST
560,2.1875,-3.7273,11.0847,-1.5663,-4.3669,0,REST
561,2.19140625,-1.6315,11.6589,0.8382,-6.3328,0,REST
562,2.1953125,-0.6567,10.9146,-3.2689,0.5899,0,REST
563,2.19921875,-1.6595,8.9921,-2.4029,0.5414,0,REST
564,2.203125,3.8036,3.5623,-3.9262,2.0016,0,REST
565,2.20703125,4.4172,2.8175,-5.1923,3.6879,0,REST
566,2.2109375,1.422,-0.5032,-4.7987,9.0441,0,REST
567,2.21484375,2.4277,-5.4492,-4.4297,7.7549,0,REST
568,2.21875,5.8688,-8.1369,-2.4913,11.2642,0,REST
569,2.22265625,2.7487,-11.7284,-4.7508,10.2827,0,REST
570,2.2265625,1.8484,-11.1185,-6.1385,10.5706,0,REST
571,2.23046875,1.8218,-12.8873,-0.2582,9.1486,0,REST
572,2.234375,4.6154,-9.8438,-0.6513,7.3981,0,REST
573,2.23828125,-0.1598,-14.8772,-1.4189,4.275,0,REST
574,2.2421875,-0.0087,-10.5899,-1.1883,0.2368,0,REST
575,2.24609375,-1.2399,-5.546,-2.023,-0.1535,0,REST
576,2.25,-0.6085,-7.1588,-0.8906,-2.2906,0,REST
577,2.25390625,-1.2069,-0.9599,-0.2786,-7.0797,0,REST
578,2.2578125,1.6912,-3.0345,2.1792,-8.3571,0,REST
579,2.26171875,-2.7716,3.9847,-1.1617,-11.2661,0,REST
580,2.265625,-3.352,9.6014,1.3128,-12.3687,0,REST
581,2.26953125,-3.6096,10.5747,3.0673,-9.5334,0,REST
582,2.2734375,-0.4386,11.0658,1.7969,-13.5031,0,REST
583,2.27734375,-2.1546,15.2364,5.4318,-7.2486,0,REST
584,2.28125,-4.2997,13.4342,6.9616,-9.0636,0,REST
585,2.28515625,-4.4024,11.1343,3.6987,0.3653,0,REST
586,2.2890625,-5.2831,10.6933,4.1159,-0.4704,0,REST
587,2.29296875,-1.9606,7.1996,4.3724,5.7602,0,REST
588,2.296875,-3.2159,8.2958,1.7725,4.8345,0,REST
589,2.30078125,-9.9197,4.3636,5.5957,11.0161,0,REST
590,2.3046875,-5.0207,-1.8623,2.5619,11.5475,0,REST
591,2.30859375,-2.0168,-4.8658,-4.502,10.7335,0,REST
592,2.3125,2.4692,-5.4811,2.3122,13.353,0,REST
593,2.31640625,3.951,-10.4668,-2.1181,14.7235,0,REST
594,2.3203125,3.6651,-8.3732,-3.8084,9.8997,0,REST
595,2.32421875,5.4763,-11.601,-5.7521,10.0762,0,REST
596,2.328125,2.4769,-13.7857,-8.9872,4.8313,0,REST
597,2.33203125,8.7578,-9.1579,-7.8008,3.3008,0,REST
598,2.3359375,7.087,-11.8606,-4.3444,0.4233,0,REST
599,2.33984375,8.3382,-11.8325,-7.3064,-5.5249,0,REST
600,2.34375,10.7909,-6.7775,-8.688,-8.4066,0,REST
601,2.34765625,4.1689,-2.8009,-4.3763,-10.038,0,REST
602,2.3515625,1.414,0.4528,-0.6841,-10.5029,0,REST
603,2.35546875,-1.7208,6.548,-2.2443,-15.6075,0,REST
604,2.359375,0.1689,6.5823,1.0539,-15.0669,0,REST
605,2.36328125,-6.3443,9.6563,3.3344,-12.3878,0,REST
606,2.3671875,-6.5355,11.6084,6.0232,-7.6557,0,REST
607,2.37109375,-4.4804,11.151,9.9256,-8.2797,0,REST
608,2.375,-5.7476,10.723,5.8988,-3.3485,0,REST
609,2.37890625,-8.9493,8.1064,11.1283,-0.9745,0,REST
610,2.3828125,-13.4433,10.8274,10.6267,3.4115,0,REST
611,2.38671875,-12.2119,9.8059,8.376,2.7993,0,REST
612,2.390625,-10.1033,6.4927,8.7861,11.4507,0,REST
613,2.39453125,-9.8891,1.5487,7.7456,8.4472,0,REST
614,2.3984375,-8.2307,-3.0761,7.1176,13.9374,0,REST
615,2.40234375,-4.8413,-1.0007,2.5277,12.1339,0,REST
616,2.40625,0.1482,-4.2329,-0.3784,10.8982,0,REST
617,2.41015625,2.0512,-12.2864,-1.8207,9.9851,0,REST
618,2.4140625,1.8763,-12.7911,-7.2314,8.1849,0,REST
619,2.41796875,8.9228,-12.1205,-10.8072,3.7971,0,REST
620,2.421875,13.612,-15.0475,-10.2051,4.5703,0,REST
621,2.42578125,8.8139,-13.8911,-10.1169,-0.9869,0,REST
622,2.4296875,11.465,-11.6164,-14.6146,-5.088,0,REST
623,2.43359375,10.7554,-4.0168,-12.3533,-5.2422,0,REST
624,2.4375,13.4235,-3.7783,-7.9699,-8.0304,0,REST
625,2.44140625,9.8825,0.1982,-6.0297,-13.7383,0,REST
626,2.4453125,6.2902,0.7578,-4.6909,-6.421,0,REST
627,2.44921875,4.4673,7.2419,-0.7273,-11.5107,0,REST
628,2.453125,2.2121,3.4256,0.3004,-8.3626,0,REST
629,2.45703125,-0.5853,6.6408,6.1742,-9.9045,0,REST
630,2.4609375,-7.1283,12.2517,5.838,-6.1153,0,REST
631,2.46484375,-4.0996,9.6211,11.6927,-1.9365,0,REST
632,2.46875,-10.3145,11.2662,13.2338,0.9258,0,REST
633,2.47265625,-10.5958,12.7911,10.0819,2.3518,0,REST
634,2.4765625,-18.2625,9.6404,11.7201,3.9633,0,REST
635,2.48046875,-13.4384,4.4158,9.3423,8.1627,0,REST
636,2.484375,-12.2603,3.4608,13.1471,10.5108,0,REST
637,2.48828125,-9.1393,4.2698,10.7553,10.5504,0,REST
638,2.4921875,-4.3682,3.4265,5.962,12.1138,0,REST
639,2.49609375,-6.5391,-4.5699,0.432,9.1064,0,REST
640,2.5,0.9797,-6.894,-0.2978,6.5687,0,REST
641,2.50390625,1.8552,-6.9471,0.3658,6.8316,0,REST
642,2.5078125,7.1739,-8.1295,-7.2129,3.3413,0,REST
643,2.51171875,7.9086,-9.1096,-11.4079,5.2302,0,REST
644,2.515625,11.298,-11.7859,-12.2991,-1.3618,0,REST
645,2.51953125,12.8384,-7.3928,-9.1873,-1.0861,0,REST
646,2.5234375,12.2123,-8.0459,-12.5661,-4.5444,0,REST
647,2.52734375,12.8627,-2.8594,-12.4816,-3.6842,0,REST
648,2.53125,10.9051,-4.2716,-14.8097,-9.0519,0,REST
649,2.53515625,9.4382,-3.8123,-10.029,-9.4019,0,REST
650,2.5390625,7.6806,3.0068,-4.8192,-10.1663,0,REST
651,2.54296875,4.8137,5.0275,0.1222,-10.7062,0,REST
652,2.546875,-0.9172,4.3651,-0.8617,-7.0521,0,REST
653,2.55078125,-5.462,4.6471,4.027,-3.1946,0,REST
654,2.5546875,-6.6495,6.4244,6.3185,-1.265,0,REST
655,2.55859375,-9.2683,3.942,14.3181,-2.5047,0,REST
656,2.5625,-10.5911,7.2075,7.6543,-0.666,0,REST
657,2.56640625,-13.6472,11.0246,13.3752,3.4526,0,REST
658,2.5703125,-8.9799,3.8527,13.9443,5.4047,0,REST
659,2.57421875,-15.0581,5.166,10.7694,3.8928,0,REST
660,2.578125,-11.9084,1.2219,12.1762,0.7039,0,REST
661,2.58203125,-6.0116,0.7173,7.2168,4.6929,0,REST
662,2.5859375,-6.6667,2.3154,7.481,1.5332,0,REST
663,2.58984375,-2.5867,-1.0319,4.5164,4.7503,0,REST
664,2.59375,-2.9301,-2.4012,1.5484,3.9067,0,REST
665,2.59765625,4.1388,-5.0797,1.2573,2.9428,0,REST
666,2.6015625,5.1131,0.1193,-2.8109,1.686,0,REST
667,2.60546875,3.3663,-4.0881,-5.2006,1.9571,0,REST
668,2.609375,10.624,-5.9417,-7.8082,2.5618,0,REST
669,2.61328125,10.6654,-3.5031,-12.8913,1.5442,0,REST
670,2.6171875,11.3065,-3.5074,-11.5961,-3.5646,0,REST
671,2.62109375,9.0838,-1.3829,-9.21,1.409,0,REST
672,2.625,8.1767,-3.6106,-7.5662,-4.1868,0,REST
673,2.62890625,5.8357,1.0655,-8.9925,-4.5883,0,REST
674,2.6328125,6.1818,-0.7579,-5.7848,-3.3121,0,REST
675,2.63671875,0.1477,0.2664,-2.7974,-2.4138,0,REST
676,2.640625,-2.9243,4.8318,2.9577,-4.3979,0,REST
677,2.64453125,0.0808,1.8015,1.6174,-4.5325,0,REST
678,2.6484375,-4.7339,1.4299,-1.0482,-4.6617,0,REST
679,2.65234375,-6.7695,3.7078,3.3466,-7.5052,0,REST
680,2.65625,-6.8753,2.6523,8.4789,-2.7394,0,REST
681,2.66015625,-9.0733,4.4164,8.8868,-4.8135,0,REST
682,2.6640625,-4.7275,5.355,8.6951,-3.6473,0,REST
683,2.66796875,-4.7051,4.1584,3.7331,1.9411,0,REST
684,2.671875,-6.1133,-1.1819,8.7057,-0.0126,0,REST
685,2.67578125,-5.0985,1.8775,4.8239,2.313,0,REST
686,2.6796875,-4.4862,1.8268,4.2167,-2.0154,0,REST
687,2.68359375,-3.3963,-0.8891,5.0452,1.8943,0,REST
688,2.6875,-3.6495,4.4279,5.1895,1.883,0,REST
689,2.69140625,-1.8264,-0.5335,1.1557,3.6952,0,REST
690,2.6953125,4.1197,0.9223,-3.458,4.6373,0,REST
691,2.69921875,1.7317,0.5436,-0.4152,3.1699,0,REST
692,2.703125,4.5378,-0.3891,-2.5419,4.6046,0,REST
693,2.70703125,3.7772,0.4806,-1.8778,6.0314,0,REST
694,2.7109375,1.4327,-3.4366,-0.9284,0.0624,0,REST
695,2.71484375,-0.1127,-3.0807,-5.5089,4.706,0,REST
696,2.71875,4.171,-5.599,-5.7031,1.1956,0,REST
697,2.72265625,2.4732,-1.6565,-7.349,-1.1508,0,REST
698,2.7265625,2.4572,-7.1725,-6.0472,-0.0975,0,REST
699,2.73046875,5.1164,-2.7141,-0.6564,-0.3099,0,REST
700,2.734375,0.0807,-4.7567,-0.1757,-2.3595,0,REST
701,2.73828125,0.4767,-2.1712,-3.6297,-3.3352,0,REST
702,2.7421875,-2.7568,-7.22,-3.857,-6.9861,0,REST
703,2.74609375,4.1195,-1.7526,-3.5617,-9.9637,0,REST
704,2.75,0.0072,-1.537,-0.1815,-7.9608,0,REST
705,2.75390625,1.0965,-2.2671,1.0359,-6.3094,0,REST
706,2.7578125,-1.801,-0.9366,2.5845,-5.1973,0,REST
707,2.76171875,-0.6953,3.8612,-1.2433,-7.2684,0,REST
708,2.765625,-2.5373,3.8499,1.1767,-0.8621,0,REST
709,2.76953125,-3.3613,3.5726,1.7182,-4.8797,0,REST
710,2.7734375,-2.6371,1.7931,1.9121,0.63,0,REST
711,2.77734375,-1.101,5.907,1.8371,5.778,0,REST
712,2.78125,-1.6212,2.5202,3.9912,3.0719,0,REST
713,2.78515625,-5.9396,4.5117,4.7325,8.5257,0,REST
714,2.7890625,-4.4954,6.8215,7.444,9.1192,0,REST
715,2.79296875,-2.5814,7.9826,2.2,6.731,0,REST
716,2.796875,-4.8332,3.0553,6.6269,7.8336,0,REST
717,2.80078125,-2.5321,0.6519,4.8762,7.7346,0,REST
718,2.8046875,-2.8231,-1.2366,1.3486,6.477,0,REST
719,2.80859375,0.4412,-1.1519,4.4068,7.5163,0,REST
720,2.8125,-1.0461,-5.2156,2.6814,6.7154,0,REST
721,2.81640625,5.3175,-8.9343,-3.0025,3.0736,0,REST
722,2.8203125,1.7046,-2.6793,-1.6658,0.4218,0,REST
723,2.82421875,1.4466,-10.0244,-2.8668,-4.2493,0,REST
724,2.828125,6.62,-6.8342,-5.6737,-3.2125,0,REST
725,2.83203125,5.9422,-9.8286,-4.8374,-12.0654,0,REST
726,2.8359375,6.9245,-7.3137,-3.824,-11.8525,0,REST
727,2.83984375,7.0332,-6.8414,-8.635,-12.1674,0,REST
728,2.84375,6.4934,-3.5436,-8.2473,-15.871,0,REST
729,2.84765625,3.4904,-2.4824,-8.5081,-9.7175,0,REST
730,2.8515625,-0.1737,0.4798,-6.0097,-9.5629,0,REST
731,2.85546875,-2.3092,0.239,-5.4401,-4.3708,0,REST
732,2.859375,0.3341,6.1642,-1.3316,-2.819,0,REST
733,2.86328125,-0.9541,4.8859,-3.5827,-0.6996,0,REST
734,2.8671875,-1.1678,6.912,-2.5379,4.231,0,REST
735,2.87109375,-6.3543,12.4005,-0.2789,8.4724,0,REST
736,2.875,-7.0327,7.3961,5.0361,7.2644,0,REST
737,2.87890625,-9.5175,8.2512,7.7627,10.0705,0,REST
738,2.8828125,-10.7535,9.6467,5.9846,13.9256,0,REST
739,2.88671875,-13.1248,10.1896,11.4566,12.9165,0,REST
740,2.890625,-8.1536,4.9962,11.0393,11.8178,0,REST
741,2.89453125,-7.837,3.625,11.7494,9.9323,0,REST
742,2.8984375,-6.0757,1.2593,8.0694,7.7565,0,REST
743,2.90234375,-2.7999,-0.772,10.3299,1.7753,0,REST
744,2.90625,-1.3235,-5.4318,4.4256,-0.6036,0,REST
745,2.91015625,2.1023,-6.8006,1.9818,-2.5668,0,REST
746,2.9140625,4.7181,-6.6455,-0.6595,-7.5517,0,REST
747,2.91796875,10.8913,-10.4937,0.3267,-11.9058,0,REST
748,2.921875,10.4393,-8.9303,-4.08,-11.3173,0,REST
749,2.92578125,12.438,-8.683,-8.0015,-15.2554,0,REST
750,2.9296875,10.6618,-10.0676,-8.5699,-14.5868,0,REST
751,2.93359375,9.6513,-9.5467,-15.5135,-10.549,0,REST
752,2.9375,10.6524,-7.2629,-13.4338,-10.1757,0,REST
753,2.94140625,8.9707,-3.8528,-13.0377,-8.9777,0,REST
754,2.9453125,4.095,0.7323,-11.1124,-6.7805,0,REST
755,2.94921875,1.2722,1.1496,-9.2403,-1.9235,0,REST
756,2.953125,-1.4057,6.125,-7.9447,0.9967,0,REST
757,2.95703125,-1.6537,9.2219,-4.1786,4.5273,0,REST
758,2.9609375,-5.6156,12.24,-3.8391,9.4791,0,REST
759,2.96484375,-5.1225,14.2289,3.5123,10.1541,0,REST
760,2.96875,-12.0271,11.5039,8.0261,11.0766,0,REST
761,2.97265625,-9.2896,12.1707,10.6998,15.0233,0,REST
762,2.9765625,-12.548,7.1705,9.8702,11.3422,0,REST
763,2.98046875,-15.0953,12.6261,13.3244,11.8968,0,REST
764,2.984375,-13.6528,6.3868,13.4802,9.6228,0,REST
765,2.98828125,-7.9945,5.8647,9.493,6.3269,0,REST
766,2.9921875,-6.1967,3.7353,13.0114,4.9265,0,REST
767,2.99609375,-2.9118,-2.6363,12.0087,1.3433,0,REST
768,3.0,3.0587,-5.2267,6.9083,-5.1414,0,REST
769,3.00390625,1.296,-7.4391,3.0278,-4.6573,0,REST
770,3.0078125,5.7956,-12.5531,0.5252,-7.8077,0,REST
771,3.01171875,9.0987,-11.2613,0.4397,-11.6089,0,REST
772,3.015625,8.388,-12.7913,-3.823,-11.6392,0,REST
773,3.01953125,12.5381,-13.4776,-8.6631,-12.5431,0,REST
774,3.0234375,12.3893,-11.3761,-10.9632,-7.9392,0,REST
775,3.02734375,17.2617,-10.5101,-14.6532,-6.6773,0,REST
776,3.03125,10.2923,-7.768,-14.3703,-9.3071,0,REST
777,3.03515625,13.355,-7.6058,-11.227,-3.4358,0,REST
778,3.0390625,9.1853,0.8452,-14.2161,-1.3956,0,REST
779,3.04296875,3.4579,-0.0961,-6.8964,3.0382,0,REST
780,3.046875,2.8402,8.9847,-6.5467,6.9254,0,REST
781,3.05078125,-5.5695,11.2257,-3.8831,8.0359,0,REST
782,3.0546875,-7.9029,11.9447,0.676,8.5881,0,REST
783,3.05859375,-9.4519,9.5717,3.0988,12.5803,0,REST
784,3.0625,-8.6839,12.019,4.4175,6.2173,0,REST
785,3.06640625,-11.5339,10.524,7.8803,13.6745,0,REST
786,3.0703125,-11.5788,11.4403,9.0077,8.73,0,REST
787,3.07421875,-13.0806,3.9825,9.7683,10.4646,0,REST
788,3.078125,-8.8684,7.1205,10.4198,0.8375,0,REST
789,3.08203125,-9.5735,1.0935,10.4677,1.978,0,REST
790,3.0859375,-4.6689,2.6038,11.1947,-2.8491,0,REST
791,3.08984375,-1.1799,-3.4418,8.265,-0.9308,0,REST
792,3.09375,-3.6222,-3.4965,5.2981,-3.9518,0,REST
793,3.09765625,4.5008,-5.8755,3.085,-5.9025,0,REST
794,3.1015625,11.3424,-7.6726,2.1933,-7.2415,0,REST
795,3.10546875,5.8199,-7.8921,1.4254,-7.7664,0,REST
796,3.109375,6.6489,-13.8676,-4.004,-10.5576,0,REST
797,3.11328125,10.7708,-13.3555,-4.6052,-7.6092,0,REST
798,3.1171875,12.6814,-12.6461,-6.7834,-8.3451,0,REST
799,3.12109375,9.2635,-10.4798,-10.6517,-3.8703,0,REST
800,3.125,7.288,-7.7944,-10.974,-3.8025,0,REST
801,3.12890625,6.0462,-5.2936,-8.9438,-5.1082,0,REST
802,3.1328125,0.79,-4.3389,-9.1748,-0.9191,0,REST
803,3.13671875,2.9609,3.6723,-7.6503,3.6175,0,REST
804,3.140625,-1.4224,4.3873,-8.1404,4.6736,0,REST
805,3.14453125,-2.8695,6.3985,-5.273,1.3876,0,REST
806,3.1484375,-5.8952,12.7087,-1.3293,6.9305,0,REST
807,3.15234375,-6.6348,12.2605,-0.0735,8.2944,0,REST
808,3.15625,-7.9226,9.6376,2.3292,7.949,0,REST
809,3.16015625,-8.3731,14.3393,3.5123,5.3587,0,REST
810,3.1640625,-5.0502,10.484,2.9192,2.0283,0,REST
811,3.16796875,-6.774,13.7248,5.6199,1.4292,0,REST
812,3.171875,-3.0025,6.2657,5.2527,4.5987,0,REST
813,3.17578125,-2.1462,3.3107,4.1187,-1.8811,0,REST
814,3.1796875,0.4701,2.26,6.3225,1.36,0,REST
815,3.18359375,1.3316,-2.0203,9.9846,-0.5274,0,REST
816,3.1875,-0.1768,-6.6136,7.979,-0.392,0,REST
817,3.19140625,-0.6073,-6.1292,2.954,-1.3761,0,REST
818,3.1953125,5.4424,-6.5905,5.1682,-3.671,0,REST
819,3.19921875,6.667,-12.2267,2.551,-6.1642,0,REST
820,3.203125,2.6479,-14.479,2.9168,-2.7186,0,REST
821,3.20703125,2.3634,-12.0405,-3.4643,-3.8477,0,REST
822,3.2109375,2.8424,-13.8984,-2.5962,-3.7293,0,REST
823,3.21484375,-3.4052,-7.3841,-2.9647,-3.0472,0,REST
824,3.21875,4.3,-6.4425,-4.184,-2.1696,0,REST
825,3.22265625,4.8285,-8.1408,-5.5223,-5.3697,0,REST
826,3.2265625,4.5516,-3.7698,-0.4725,-2.159,0,REST
827,3.23046875,2.1011,0.7096,-2.5922,-3.1039,0,REST
828,3.234375,0.6839,5.8686,-1.1845,-0.6828,0,REST
829,3.23828125,0.1747,7.7708,-2.313,3.8141,0,REST
830,3.2421875,0.0086,11.3802,0.609,-1.6483,0,REST
831,3.24609375,2.6976,12.5056,0.2327,-1.0745,0,REST
832,3.25,-1.142,10.7767,-2.8343,5.174,0,REST
833,3.25390625,-1.8363,7.7469,-2.8302,1.2499,0,REST
834,3.2578125,0.6388,8.5844,-0.2071,3.6862,0,REST
835,3.26171875,-2.213,8.5876,-0.5347,3.7709,0,REST
836,3.265625,-1.7895,9.9586,-3.6998,4.559,0,REST
837,3.26953125,-2.7045,1.2505,-0.7216,5.1258,0,REST
838,3.2734375,-4.8878,5.3784,0.9184,4.3663,0,REST
839,3.27734375,0.1971,-1.04,2.8026,2.7212,0,REST
840,3.28125,-2.5187,-4.7343,0.4403,3.4911,0,REST
841,3.28515625,-4.7141,-3.8108,-1.8062,1.8212,0,REST
842,3.2890625,-5.995,-10.2611,4.3338,2.6373,0,REST
843,3.29296875,-0.5788,-5.7753,1.2096,-0.8833,0,REST
844,3.296875,-5.7063,-9.2032,3.6411,-1.1985,0,REST
845,3.30078125,-0.6465,-6.9282,4.1792,-2.367,0,REST
846,3.3046875,-5.7893,-8.3504,2.6405,-5.9949,0,REST
847,3.30859375,-1.8949,-7.5466,1.6825,-5.7111,0,REST
848,3.3125,2.5772,-3.4859,4.9453,-6.2253,0,REST
849,3.31640625,-3.7018,-6.3885,1.0464,-7.4153,0,REST
850,3.3203125,4.0619,0.1665,2.1702,-3.6022,0,REST
851,3.32421875,4.6554,-1.3761,-3.4106,-5.0411,0,REST
852,3.328125,3.459,3.9898,0.2348,-2.5892,0,REST
853,3.33203125,6.0046,5.5094,-3.4653,-6.8188,0,REST
854,3.3359375,2.989,1.3599,-5.1513,-4.0707,0,REST
855,3.33984375,6.5226,5.9987,-7.4659,-4.6095,0,REST
856,3.34375,5.3799,5.7223,-4.699,-2.8666,0,REST
857,3.34765625,6.8579,7.9203,-5.8603,3.8356,0,REST
858,3.3515625,1.9364,4.1204,-12.2508,4.2418,0,REST
859,3.35546875,3.2812,6.3189,-7.5252,6.2693,0,REST
860,3.359375,1.1063,6.2458,-4.3387,8.2168,0,REST
861,3.36328125,-4.9479,-1.4154,-8.94,5.2882,0,REST
862,3.3671875,-2.1274,3.1545,-6.7862,4.2119,0,REST
863,3.37109375,-8.2717,3.0457,-1.2012,8.6257,0,REST
864,3.375,-8.4181,-0.3104,2.7281,7.701,0,REST
865,3.37890625,-10.5374,-3.6422,-0.2145,8.0245,0,REST
866,3.3828125,-8.8393,-2.1755,2.7652,3.4058,0,REST
867,3.38671875,-13.2447,-4.2432,6.598,0.5389,0,REST
868,3.390625,-8.3841,-4.4155,7.0809,0.282,0,REST
869,3.39453125,-6.7685,-5.1944,8.6503,-5.8384,0,REST
870,3.3984375,-5.9743,-2.6264,9.6757,-7.5863,0,REST
871,3.40234375,-2.6408,-4.31,10.8139,-11.9866,0,REST
872,3.40625,-2.2683,-2.7532,9.4682,-9.1294,0,REST
873,3.41015625,3.7363,-4.8479,10.1748,-12.3048,0,REST
874,3.4140625,4.2284,-2.4931,10.3871,-5.1206,0,REST
875,3.41796875,8.911,-1.4241,7.2203,-8.7903,0,REST
876,3.421875,7.8104,-2.5337,4.8567,-8.7035,0,REST
877,3.42578125,12.4435,1.4347,-2.3337,-5.1795,0,REST
878,3.4296875,12.9735,-0.4243,-7.1921,-2.9974,0,REST
879,3.43359375,14.9647,2.7548,-8.6837,2.2272,0,REST
880,3.4375,10.1145,-0.9297,-11.4987,4.7815,0,REST
881,3.44140625,10.7577,1.674,-11.5643,7.0787,0,REST
882,3.4453125,7.0495,-0.0421,-11.3785,11.2787,0,REST
883,3.44921875,-3.0388,3.4788,-15.8879,9.9425,0,REST
884,3.453125,-2.2466,9.6252,-12.5375,10.1975,0,REST
885,3.45703125,-2.7591,-1.2156,-8.02,10.4165,0,REST
886,3.4609375,-7.7705,3.7759,-6.3986,11.1243,0,REST
887,3.46484375,-8.0736,5.2873,-7.1662,11.048,0,REST
888,3.46875,-9.4804,3.1683,-2.4842,6.9067,0,REST
889,3.47265625,-11.2361,-0.1724,2.2439,2.4403,0,REST
890,3.4765625,-11.2961,3.5652,2.3557,3.6707,0,REST
891,3.48046875,-11.2527,-3.9662,5.6684,1.3278,0,REST
892,3.484375,-11.3898,0.5389,9.7857,-4.8767,0,REST
893,3.48828125,-9.0653,4.0026,8.9285,-7.5548,0,REST
894,3.4921875,-3.6956,1.1867,12.2376,-7.487,0,REST
895,3.49609375,-2.1698,-0.6365,13.7724,-14.5846,0,REST
896,3.5,2.0336,-0.4073,10.306,-9.5817,0,REST
897,3.50390625,0.724,-1.6619,12.725,-9.1772,0,REST
898,3.5078125,7.3645,-2.0502,12.2993,-10.9243,0,REST
899,3.51171875,7.6409,-1.0495,4.2316,-9.8265,0,REST
900,3.515625,11.9284,-7.6065,0.8893,-6.209,0,REST
901,3.51953125,11.6701,-3.642,1.4278,-1.8704,0,REST
902,3.5234375,10.3134,-4.2206,-2.3184,-2.7889,0,REST
903,3.52734375,9.7709,1.2847,-7.5865,3.0765,0,REST
904,3.53125,11.3966,-6.5359,-6.3742,4.6027,0,REST
905,3.53515625,11.0895,-0.3497,-13.8203,7.6316,0,REST
906,3.5390625,4.9005,-0.8843,-14.7945,12.1145,0,REST
907,3.54296875,0.6253,-3.7279,-11.7568,13.1164,0,REST
908,3.546875,-1.3568,3.3177,-10.5264,14.3947,0,REST
909,3.55078125,-1.9748,4.4984,-8.6367,9.7184,0,REST
910,3.5546875,-4.2384,5.3252,-7.6153,9.4296,0,REST
911,3.55859375,-11.5867,5.9076,-2.5006,7.7387,0,REST
912,3.5625,-12.4278,8.526,-3.7419,7.2978,0,REST
913,3.56640625,-15.3624,7.4355,0.8196,5.3155,0,REST
914,3.5703125,-13.4181,4.0967,6.1252,-0.6063,0,REST
915,3.57421875,-11.7958,3.3396,7.5597,-4.8939,0,REST
916,3.578125,-9.202,-0.5546,7.582,-5.5584,0,REST
917,3.58203125,-10.065,-1.8388,8.2641,-9.1143,0,REST
918,3.5859375,-6.1799,-0.559,14.2377,-13.9171,0,REST
919,3.58984375,-4.1771,-1.6709,14.0666,-10.07,0,REST
920,3.59375,-1.9234,-2.9426,10.9497,-10.1928,0,REST
921,3.59765625,0.7921,-4.3532,9.2368,-7.2235,0,REST
922,3.6015625,5.8242,-7.0216,8.777,-6.9507,0,REST
923,3.60546875,5.28,-9.2767,6.3212,-4.2856,0,REST
924,3.609375,9.1977,-5.9794,4.2054,-2.5137,0,REST
925,3.61328125,6.4741,-5.0155,-0.6361,0.9033,0,REST
926,3.6171875,9.319,-8.3556,0.7783,4.6266,0,REST
927,3.62109375,6.6646,-8.4922,-4.874,5.6693,0,REST
928,3.625,8.7583,-6.6943,-6.9648,10.9607,0,REST
929,3.62890625,7.8976,-3.6084,-9.4905,5.4069,0,REST
930,3.6328125,3.2834,-5.2068,-9.5652,10.9132,0,REST
931,3.63671875,0.1693,2.6749,-7.6492,12.4543,0,REST
932,3.640625,-3.2914,2.7242,-10.7311,9.8928,0,REST
933,3.64453125,-1.3256,5.5338,-6.4482,11.4797,0,REST
934,3.6484375,-4.2961,7.7379,-12.1496,10.5921,0,REST
935,3.65234375,-7.4612,6.1333,-4.907,5.9858,0,REST
936,3.65625,-6.5328,8.5632,-4.6493,2.1258,0,REST
937,3.66015625,-7.9423,10.2314,-3.6411,-1.243,0,REST
938,3.6640625,-9.0714,12.0086,-1.6374,-1.8181,0,REST
939,3.66796875,-4.7983,9.7465,-0.6487,-8.1043,0,REST
940,3.671875,-2.8883,7.9756,6.5531,-10.0404,0,REST
941,3.67578125,-1.7802,9.2463,2.1263,-6.6933,0,REST
942,3.6796875,-5.3072,1.9063,3.6879,-9.5838,0,REST
943,3.68359375,-1.0721,-1.4487,6.8798,-11.1364,0,REST
944,3.6875,-0.8258,-1.7859,6.2953,-7.965,0,REST
945,3.69140625,7.0849,-6.801,7.728,-8.2258,0,REST
946,3.6953125,3.1812,-6.1437,6.1681,-1.4603,0,REST
947,3.69921875,2.3987,-10.0097,3.9252,-5.1223,0,REST
948,3.703125,4.7204,-10.6544,2.1923,-0.9865,0,REST
949,3.70703125,2.3123,-9.1068,2.78,-0.6401,0,REST
950,3.7109375,0.0779,-10.2056,2.3756,4.7468,0,REST
951,3.71484375,2.449,-11.5244,-2.4503,5.4327,0,REST
952,3.71875,6.6229,-13.5333,0.6711,6.0089,0,REST
953,3.72265625,2.6748,-4.5032,1.5525,3.2849,0,REST
954,3.7265625,-0.6774,-3.9927,1.7456,6.678,0,REST
955,3.73046875,2.9702,2.9181,0.5215,10.4198,0,REST
956,3.734375,4.919,1.5103,-3.388,2.9438,0,REST
957,3.73828125,-0.7381,3.8389,-3.6953,2.085,0,REST
958,3.7421875,-1.4505,8.5263,-2.8771,1.978,0,REST
959,3.74609375,-1.9126,11.9446,-1.6512,2.9171,0,REST
960,3.75,-1.0481,9.7673,-0.2015,2.2019,0,REST
961,3.75390625,-0.3349,13.121,-4.5515,-5.0791,0,REST
962,3.7578125,-1.6499,15.9717,-1.955,-2.3518,0,REST
963,3.76171875,-3.5957,12.0248,-2.4694,-5.845,0,REST
964,3.765625,-1.3864,9.1982,-2.1749,-2.5641,0,REST
965,3.76953125,0.8071,5.7951,-4.0716,-6.7843,0,REST
966,3.7734375,-2.9636,1.5015,-3.1434,-4.8221,0,REST
967,3.77734375,-4.3239,-4.1817,-3.1091,-1.4151,0,REST
968,3.78125,-4.1275,-3.7158,-1.3067,-4.2868,0,REST
969,3.78515625,-2.0613,-3.4191,3.9463,-2.4651,0,REST
970,3.7890625,-1.5157,-8.2086,3.2483,-0.7064,0,REST
971,3.79296875,-6.7168,-13.5606,1.1692,-3.3206,0,REST
972,3.796875,-5.148,-14.9029,4.7116,-2.8116,0,REST
973,3.80078125,-1.2201,-11.5653,3.2994,0.5962,0,REST
974,3.8046875,-1.6404,-9.8466,4.3508,1.9721,0,REST
975,3.80859375,2.7746,-11.6251,6.4757,0.0093,0,REST
976,3.8125,-0.1357,-12.5371,4.4264,0.9887,0,REST
977,3.81640625,1.1214,-6.0358,7.0813,3.3473,0,REST
978,3.8203125,3.1484,-2.9649,5.2326,5.1877,0,REST
979,3.82421875,6.2182,-0.4157,3.9449,4.3399,0,REST
980,3.828125,6.0556,8.6544,7.273,1.9847,0,REST
981,3.83203125,7.4599,5.5335,0.7276,3.4287,0,REST
982,3.8359375,6.3436,9.6035,1.1133,3.3773,0,REST
983,3.83984375,7.916,9.5489,1.896,1.2881,0,REST
984,3.84375,6.8959,11.7937,-1.7821,7.0644,0,REST
985,3.84765625,3.2965,10.1248,-3.4121,5.167,0,REST
986,3.8515625,5.6356,11.7407,-2.2724,1.6611,0,REST
987,3.85546875,-0.0015,12.655,-7.0548,-1.6083,0,REST
988,3.859375,1.4362,6.047,-10.2608,0.9332,0,REST
989,3.86328125,-3.4362,7.6725,-7.0693,4.7313,0,REST
990,3.8671875,-6.8707,1.4185,-10.5907,-1.3018,0,REST
991,3.87109375,-5.3528,0.6286,-7.9398,-4.4467,0,REST
992,3.875,-9.1733,-1.4318,-5.3192,-0.1203,0,REST
993,3.87890625,-8.8934,-5.5008,-2.2832,-4.7089,0,REST
994,3.8828125,-8.91,-9.3555,-3.5886,-3.5312,0,REST
995,3.88671875,-10.2641,-8.9857,1.323,-6.8736,0,REST
996,3.890625,-10.5387,-16.2712,0.4685,-3.833,0,REST
997,3.89453125,-8.7931,-10.4151,6.0167,-3.7546,0,REST
998,3.8984375,-4.9584,-9.0198,7.0881,-2.9229,0,REST
999,3.90234375,-3.7726,-7.1827,10.3362,-4.9738,0,REST
1000,3.90625,-3.6501,-8.9864,9.5695,-4.2481,0,REST
1001,3.91015625,6.457,-5.7474,13.3577,-1.515,0,REST
1002,3.9140625,5.7246,-1.0909,11.752,-2.6158,0,REST
1003,3.91796875,8.8199,0.2196,10.1211,1.5614,0,REST
1004,3.921875,8.5683,3.2107,8.8956,3.4257,0,REST
1005,3.92578125,11.6472,6.5092,5.7655,6.1389,0,REST
1006,3.9296875,7.8285,8.936,6.0872,6.7761,0,REST
1007,3.93359375,11.7252,6.0908,0.0636,7.059,0,REST
1008,3.9375,10.7662,11.5307,-2.5632,7.2721,0,REST
1009,3.94140625,8.4633,15.4242,-3.5191,6.2394,0,REST
1010,3.9453125,8.316,8.8008,-7.2408,9.335,0,REST
1011,3.94921875,6.5997,9.1576,-10.1773,4.6955,0,REST
1012,3.953125,1.241,5.2476,-12.954,1.0222,0,REST
1013,3.95703125,-1.1946,5.3028,-15.2389,3.4126,0,REST
1014,3.9609375,-4.5396,4.285,-12.9597,-4.0763,0,REST
1015,3.96484375,-9.7074,-3.7191,-10.5661,-4.8608,0,REST
1016,3.96875,-11.2845,-4.0019,-7.9306,-2.2278,0,REST
1017,3.97265625,-14.9668,-5.2533,-7.1712,-8.0762,0,REST
1018,3.9765625,-13.3362,-11.8798,-5.7973,-11.4464,0,REST
1019,3.98046875,-12.9309,-7.6074,-2.707,-9.6648,0,REST
1020,3.984375,-8.8634,-11.2526,2.1711,-9.54,0,REST
1021,3.98828125,-10.4124,-12.2166,5.505,-10.0631,0,REST
1022,3.9921875,-1.3739,-10.7767,6.0878,-9.0642,0,REST
1023,3.99609375,-4.0069,-9.2139,11.1163,-7.8767,0,REST
1024,4.0,0.8562,-4.9259,12.307,-5.1939,0,REST
1025,4.00390625,1.1209,-7.3927,13.8539,-1.3995,0,REST
1026,4.0078125,10.2093,-0.5246,14.6473,6.4529,0,REST
1027,4.01171875,9.0155,2.4241,12.9764,2.5173,0,REST
1028,4.015625,11.1601,-2.8814,8.8022,12.5804,0,REST
1029,4.01953125,17.0246,3.4354,8.2085,10.8346,0,REST
1030,4.0234375,13.0526,5.9278,2.038,11.8304,0,REST
1031,4.02734375,12.6475,7.711,-1.4095,11.6798,0,REST
1032,4.03125,11.2211,9.1858,-2.7011,10.6499,0,REST
1033,4.03515625,9.3366,11.4132,-4.1641,11.0553,0,REST
1034,4.0390625,7.8228,9.409,-12.0874,6.9701,0,REST
1035,4.04296875,2.221,9.6961,-14.3042,8.034,0,REST
1036,4.046875,1.027,5.5371,-13.1301,4.6203,0,REST
1037,4.05078125,-3.7209,7.8997,-11.4071,0.4479,0,REST
1038,4.0546875,-4.2069,3.0292,-14.23,-4.1628,0,REST
1039,4.05859375,-7.8359,-0.123,-9.3658,-4.9781,0,REST
1040,4.0625,-12.9102,-1.0482,-11.1118,-9.6538,0,REST
1041,4.06640625,-14.7864,-7.8302,-6.239,-10.9839,0,REST
1042,4.0703125,-12.9488,-8.34,-2.5411,-13.1936,0,REST
1043,4.07421875,-9.5203,-8.1065,-0.8833,-13.9046,0,REST
1044,4.078125,-9.3859,-7.4781,4.3634,-11.2145,0,REST
1045,4.08203125,-6.4455,-7.7159,5.9472,-12.6686,0,REST
1046,4.0859375,-7.1433,-5.9252,6.5362,-12.1074,0,REST
1047,4.08984375,-3.027,-7.8808,8.8402,-6.1895,0,REST
1048,4.09375,-1.4026,-0.6134,9.8738,-2.6114,0,REST
1049,4.09765625,1.9996,-7.487,12.8516,-1.3032,0,REST
1050,4.1015625,8.986,-2.0132,11.6604,2.4822,0,REST
1051,4.10546875,5.0825,-1.3976,10.3854,10.4335,0,REST
1052,4.109375,7.0852,-0.8703,8.4122,8.4943,0,REST
1053,4.11328125,7.4773,2.4546,5.9407,13.5534,0,REST
1054,4.1171875,9.4319,2.3999,8.638,14.3176,0,REST
1055,4.12109375,8.7425,0.1504,2.9118,9.68,0,REST
1056,4.125,8.8631,3.9942,-0.068,10.9344,0,REST
1057,4.12890625,3.7317,7.253,-3.8642,11.2672,0,REST
1058,4.1328125,6.667,4.3906,-5.1824,8.5661,0,REST
1059,4.13671875,2.4584,5.0839,-7.8426,2.5867,0,REST
1060,4.140625,0.8644,4.7276,-7.4255,1.4295,0,REST
1061,4.14453125,-2.4639,8.4896,-9.8973,-5.3993,0,REST
1062,4.1484375,-1.8555,4.1512,-7.6056,-3.5928,0,REST
1063,4.15234375,-7.6844,5.6368,-6.7516,-4.2682,0,REST
1064,4.15625,-5.1457,-1.1103,-8.0365,-11.3525,0,REST
1065,4.16015625,-2.1316,-0.4525,-7.156,-11.2849,0,REST
1066,4.1640625,-7.1553,-2.6138,-3.9707,-15.7244,0,REST
1067,4.16796875,-5.6207,-4.7344,-2.1004,-12.9165,0,REST
1068,4.171875,-4.3892,-2.7585,1.1246,-8.4758,0,REST
1069,4.17578125,-6.8354,-4.5186,2.0946,-9.9344,0,REST
1070,4.1796875,-4.2557,-4.5858,3.2137,-3.3237,0,REST
1071,4.18359375,-4.0177,-5.4303,2.5027,-1.9706,0,REST
1072,4.1875,-1.3919,-4.5912,5.5917,-0.2035,0,REST
1073,4.19140625,-1.0934,-4.358,5.1175,7.1559,0,REST
1074,4.1953125,3.7171,-4.7631,5.316,9.5372,0,REST
1075,4.19921875,2.7839,3.9932,5.4383,6.5832,0,REST
1076,4.203125,7.904,-1.3427,3.3921,9.0939,0,REST
1077,4.20703125,1.3656,-5.4504,5.0599,13.4342,0,REST
1078,4.2109375,3.9212,-3.1082,2.3752,10.8549,0,REST
1079,4.21484375,7.0932,0.6166,1.1222,9.3854,0,REST
1080,4.21875,5.48,-4.0111,0.19,6.9842,0,REST
1081,4.22265625,5.0158,0.8329,-1.2727,5.4631,0,REST
1082,4.2265625,4.9447,5.0468,2.4283,4.3352,0,REST
1083,4.23046875,1.477,-0.6221,0.0997,-2.9205,0,REST
1084,4.234375,4.411,1.423,-2.1169,-2.9773,0,REST
1085,4.23828125,1.8096,5.044,-5.0067,-6.9403,0,REST
1086,4.2421875,1.6634,3.744,-1.5124,-7.8908,0,REST
1087,4.24609375,2.0614,3.2378,-3.8879,-8.3487,0,REST
1088,4.25,1.7566,0.2253,-5.6265,-8.5928,0,REST
1089,4.25390625,-3.5201,1.7806,-0.9296,-9.6919,0,REST
1090,4.2578125,-1.313,3.8424,-2.7227,-13.3729,0,REST
1091,4.26171875,-2.7559,3.7288,-4.8147,-6.7003,0,REST
1092,4.265625,-2.8192,-0.3594,-4.2539,-8.2251,0,REST
1093,4.26953125,-4.5918,-0.0197,-2.4627,-3.1438,0,REST
1094,4.2734375,-3.0048,-4.4164,-0.4741,-2.6605,0,REST
1095,4.27734375,-0.6337,-0.4382,-3.4059,-0.7429,0,REST
1096,4.28125,-3.8732,-3.6828,-2.4175,4.3571,0,REST
1097,4.28515625,-0.2579,-4.1116,-3.4482,3.6025,0,REST
1098,4.2890625,-6.5026,-3.3197,1.0848,8.0932,0,REST
1099,4.29296875,-2.7361,-3.1478,-0.9759,8.3407,0,REST
1100,4.296875,-2.5803,-5.2759,0.7668,5.1302,0,REST
1101,4.30078125,-5.9549,-3.7577,-0.043,5.563,0,REST
1102,4.3046875,-2.0841,-3.7822,-0.154,7.581,0,REST
1103,4.30859375,1.2968,-1.0177,0.9655,6.98,0,REST
1104,4.3125,-1.3321,-3.0701,5.5481,5.8801,0,REST
1105,4.31640625,1.5604,-0.9386,3.2707,0.4241,0,REST
1106,4.3203125,0.4911,-1.1036,4.854,-0.9159,0,REST
1107,4.32421875,4.8033,0.2667,6.0332,2.155,0,REST
1108,4.328125,8.6553,1.1829,6.3936,-2.0984,0,REST
1109,4.33203125,5.0037,1.4946,7.5277,-1.5004,0,REST
1110,4.3359375,7.1489,2.2043,3.4283,-5.6644,0,REST
1111,4.33984375,6.0224,4.2106,2.2563,-7.9353,0,REST
1112,4.34375,6.5549,7.2736,3.9391,-7.052,0,REST
1113,4.34765625,4.4581,7.6981,2.1267,-6.0993,0,REST
1114,4.3515625,4.4549,4.6093,-0.6666,-5.1799,0,REST
1115,4.35546875,-1.8756,5.6341,-5.9318,-7.4239,0,REST
1116,4.359375,-0.6687,8.1922,-3.0368,-4.2285,0,REST
1117,4.36328125,-2.0193,4.7611,-7.1002,-3.29,0,REST
1118,4.3671875,-6.5259,3.0954,-5.9282,-1.6555,0,REST
1119,4.37109375,-4.9044,-0.3154,-8.8508,-0.1403,0,REST
1120,4.375,-11.2517,2.0534,-11.0003,0.9937,0,REST
1121,4.37890625,-5.5203,-5.693,-6.4611,0.4252,0,REST
1122,4.3828125,-5.1245,-6.674,-11.8734,2.9537,0,REST
1123,4.38671875,-10.6032,-3.6001,-4.2691,3.9006,0,REST
1124,4.390625,-9.4612,-8.792,-1.6788,0.0626,0,REST
1125,4.39453125,-6.6902,-10.899,0.6393,2.7913,0,REST
1126,4.3984375,-5.5925,-9.3759,-0.4024,2.4401,0,REST
1127,4.40234375,-7.0972,-6.632,3.3128,0.9176,0,REST
1128,4.40625,0.2649,-8.2126,7.0243,2.214,0,REST
1129,4.41015625,-3.0249,-5.3012,11.3318,0.3558,0,REST
1130,4.4140625,3.7715,-2.7817,11.1228,5.8797,0,REST
1131,4.41796875,6.9978,-0.4406,10.5517,1.5967,0,REST
1132,4.421875,10.6209,-0.9398,9.7015,2.7147,0,REST
1133,4.42578125,9.7963,5.2778,10.5128,3.0763,0,REST
1134,4.4296875,14.7188,8.6218,11.511,2.2549,0,REST
1135,4.43359375,13.4573,7.0817,7.5266,-0.9028,0,REST
1136,4.4375,13.5807,11.6764,6.6039,0.8668,0,REST
1137,4.44140625,8.2794,13.5434,1.7797,3.2934,0,REST
1138,4.4453125,6.1219,8.8556,-3.5453,-0.9749,0,REST
1139,4.44921875,4.4446,8.7171,-5.8273,0.1997,0,REST
1140,4.453125,0.8898,11.1515,-5.4807,-0.2336,0,REST
1141,4.45703125,-4.1764,8.039,-8.9895,-7.0618,0,REST
1142,4.4609375,-9.0208,5.3223,-10.2099,-4.8074,0,REST
1143,4.46484375,-8.9746,-1.7493,-9.5015,-6.2799,0,REST
1144,4.46875,-11.4848,0.6286,-12.8502,-7.1622,0,REST
1145,4.47265625,-10.3455,-5.1399,-13.2725,-1.0521,0,REST
1146,4.4765625,-14.3993,-4.7707,-11.312,-4.4869,0,REST
1147,4.48046875,-16.1431,-9.1286,-5.3905,0.5143,0,REST
1148,4.484375,-7.805,-8.8708,0.2305,0.5809,0,REST
1149,4.48828125,-10.0907,-11.7709,-0.0069,-1.1582,0,REST
1150,4.4921875,-6.9254,-11.269,0.1608,4.7165,0,REST
1151,4.49609375,-0.3489,-11.9785,3.1798,-1.1619,0,REST
1152,4.5,1.3706,-12.3144,4.9333,6.6603,0,REST
1153,4.50390625,0.7162,-9.4452,11.1327,1.8349,0,REST
1154,4.5078125,6.764,-8.6437,14.3139,4.3139,0,REST
1155,4.51171875,8.6368,-7.0175,12.3243,7.3061,0,REST
1156,4.515625,11.9365,-2.9814,8.812,8.1491,0,REST
1157,4.51953125,9.4619,4.9993,11.0562,7.2718,0,REST
1158,4.5234375,13.1124,7.1345,10.0138,6.6911,0,REST
1159,4.52734375,11.1189,13.877,10.5234,5.4358,0,REST
1160,4.53125,12.6637,11.364,5.4734,0.5739,0,REST
1161,4.53515625,12.3466,16.0317,3.3589,-0.2764,0,REST
1162,4.5390625,2.0274,15.1046,2.2376,-3.3741,0,REST
1163,4.54296875,5.6408,14.2555,-5.0601,-8.6659,0,REST
1164,4.546875,2.3487,12.166,-5.6063,-4.7198,0,REST
1165,4.55078125,-2.3768,7.9481,-10.0146,-8.9681,0,REST
1166,4.5546875,-8.3239,4.6892,-12.9143,-7.675,0,REST
1167,4.55859375,-4.5197,1.4027,-16.0224,-7.6212,0,REST
1168,4.5625,-12.887,2.9215,-12.457,-7.7316,0,REST
1169,4.56640625,-8.7418,-3.4244,-11.2455,-4.1984,0,REST
1170,4.5703125,-12.4873,-10.7423,-13.7466,-7.6342,0,REST
1171,4.57421875,-11.9657,-11.0718,-8.6548,-1.9652,0,REST
1172,4.578125,-8.3203,-8.8752,-2.4562,-2.8811,0,REST
1173,4.58203125,-7.0998,-11.2673,-2.9377,-1.1878,0,REST
1174,4.5859375,-9.7482,-15.839,-0.4661,3.8723,0,REST
1175,4.58984375,-1.0808,-14.3006,2.8945,6.7209,0,REST
1176,4.59375,-0.63,-9.6801,5.5818,10.7752,0,REST
1177,4.59765625,5.4268,-3.3979,8.9437,12.2879,0,REST
1178,4.6015625,6.9437,-9.7431,9.2019,12.9909,0,REST
1179,4.60546875,6.3809,2.4968,15.2699,10.4477,0,REST
1180,4.609375,10.7743,6.7728,8.5796,12.2828,0,REST
1181,4.61328125,9.5892,5.376,10.2355,10.4652,0,REST
1182,4.6171875,11.266,8.3081,9.1556,2.6388,0,REST
1183,4.62109375,4.407,10.528,9.4672,2.7543,0,REST
1184,4.625,9.3886,12.2043,5.291,0.0852,0,REST
1185,4.62890625,5.7104,10.3303,-2.0394,-1.0848,0,REST
1186,4.6328125,4.7074,11.3251,1.3345,-8.1127,0,REST
1187,4.63671875,2.789,11.5503,-4.0117,-8.2657,0,REST
1188,4.640625,-2.0385,11.8133,-1.1555,-9.508,0,REST
1189,4.64453125,-3.1505,6.4271,-4.7914,-10.7313,0,REST
1190,4.6484375,-5.0679,4.38,-4.7125,-10.1033,0,REST
1191,4.65234375,-0.7074,0.3618,-8.8513,-13.5231,0,REST
1192,4.65625,-8.0862,-2.6791,-4.5356,-9.1911,0,REST
1193,4.66015625,-7.8743,-4.8106,-4.6857,-10.2376,0,REST
1194,4.6640625,-9.3888,-6.5705,-4.2761,-6.1604,0,REST
1195,4.66796875,-6.5933,-11.4708,-2.516,1.2171,0,REST
1196,4.671875,-8.9252,-9.1141,-3.6616,2.6367,0,REST
1197,4.67578125,-5.1985,-9.4105,-4.611,4.4732,0,REST
1198,4.6796875,-5.4811,-15.0406,-1.4796,7.7363,0,REST
1199,4.68359375,-1.1849,-13.6507,4.3192,10.4412,0,REST
1200,4.6875,-1.1839,-14.9147,0.9174,11.3786,0,REST
1201,4.69140625,1.7959,-9.0852,-0.2549,13.1749,0,REST
1202,4.6953125,2.6199,-5.3115,3.1811,9.0209,0,REST
1203,4.69921875,1.4613,-0.799,4.8901,8.9234,0,REST
1204,4.703125,6.3198,1.2038,8.3252,7.077,0,REST
1205,4.70703125,1.8718,1.1352,5.5203,5.1751,0,REST
1206,4.7109375,7.1696,8.4096,2.7956,2.2697,0,REST
1207,4.71484375,3.2535,13.0264,3.8447,-0.0168,0,REST
1208,4.71875,4.4629,9.3497,4.7397,-5.9726,0,REST
1209,4.72265625,-1.1781,11.5887,-0.2787,-11.141,0,REST
1210,4.7265625,5.5795,10.4393,5.2719,-8.3023,0,REST
1211,4.73046875,0.775,11.7156,3.3664,-10.7252,0,REST
1212,4.734375,2.3933,10.0679,1.1852,-12.1118,0,REST
1213,4.73828125,3.9652,4.962,1.4187,-13.7736,0,REST
1214,4.7421875,2.4193,6.8126,0.0709,-9.6382,0,REST
1215,4.74609375,-0.0232,1.3308,0.9495,-6.687,0,REST
1216,4.75,1.839,-2.1049,-0.7876,-5.7891,0,REST
1217,4.75390625,-0.3659,-4.7258,-0.7862,-2.8248,0,REST
1218,4.7578125,-4.045,-7.0357,0.3012,-3.042,0,REST
1219,4.76171875,3.0318,-6.237,-4.6,2.66,0,REST
1220,4.765625,-4.8878,-12.3355,-3.3655,5.4488,0,REST
1221,4.76953125,-0.5764,-12.3742,-3.1409,10.8622,0,REST
1222,4.7734375,-3.1558,-15.7172,-4.3837,7.4118,0,REST
1223,4.77734375,-3.9737,-8.6896,-4.5725,12.6052,0,REST
1224,4.78125,-0.5052,-7.5172,-5.2805,9.1705,0,REST
1225,4.78515625,-2.6864,-7.1543,-4.2512,11.4699,0,REST
1226,4.7890625,-3.17,-6.0912,-0.212,8.3129,0,REST
1227,4.79296875,-0.8663,0.994,-6.0397,9.3465,0,REST
1228,4.796875,-1.9033,-0.7075,-2.5403,7.1804,0,REST
1229,4.80078125,-2.1999,3.7576,-0.7799,2.0671,0,REST
1230,4.8046875,0.5224,6.0833,-1.3612,-0.112,0,REST
1231,4.80859375,-2.9402,7.6914,0.9128,-4.9296,0,REST
1232,4.8125,1.1836,10.2267,-0.0113,-5.5486,0,REST
1233,4.81640625,3.2159,8.0559,5.8085,-12.1467,0,REST
1234,4.8203125,4.5068,7.8789,4.7574,-9.7755,0,REST
1235,4.82421875,4.5797,3.772,8.2059,-9.7873,0,REST
1236,4.828125,5.43,7.9263,4.9689,-10.4141,0,REST
1237,4.83203125,6.4005,5.11,7.5606,-11.3158,0,REST
1238,4.8359375,8.6372,6.6429,7.0011,-10.0825,0,REST
1239,4.83984375,8.3488,-1.1378,5.526,-4.2294,0,REST
1240,4.84375,4.577,2.216,5.3742,-1.374,0,REST
1241,4.84765625,4.7902,-1.8135,5.6521,-2.6332,0,REST
1242,4.8515625,3.1901,-2.7842,6.9055,3.0557,0,REST
1243,4.85546875,0.5354,-3.2678,0.2532,5.1481,0,REST
1244,4.859375,-0.0526,-3.5958,1.6085,5.115,0,REST
1245,4.86328125,-3.5416,-6.9628,-2.8035,7.0163,0,REST
1246,4.8671875,-2.1176,-8.1148,-5.952,9.437,0,REST
1247,4.87109375,-7.2225,-5.8611,-6.0928,7.3369,0,REST
1248,4.875,-5.7882,-4.1575,-3.5223,8.5628,0,REST
1249,4.87890625,-8.5609,-7.0052,-9.0686,7.4931,0,REST
1250,4.8828125,-5.0261,-1.7857,-10.4565,4.5585,0,REST
1251,4.88671875,-7.2901,-8.2411,-8.1912,5.7451,0,REST
1252,4.890625,-12.0749,-1.9346,-5.0416,1.9716,0,REST
1253,4.89453125,-6.8689,0.412,-7.9865,-2.1231,0,REST
1254,4.8984375,-3.3153,6.411,-3.9503,3.2226,0,REST
1255,4.90234375,-2.7703,2.5403,-2.8936,-4.6555,0,REST
1256,4.90625,-0.8895,3.1776,1.9375,-4.1664,0,REST
1257,4.91015625,2.963,7.7637,5.2658,-5.563,0,REST
1258,4.9140625,0.7732,6.5816,2.7623,-5.1196,0,REST
1259,4.91796875,9.9099,2.726,8.4648,-3.8172,0,REST
1260,4.921875,9.5886,1.4421,10.8719,-4.4603,0,REST
1261,4.92578125,12.2309,2.7871,8.2214,-2.9514,0,REST
1262,4.9296875,13.3012,5.2892,14.3644,-3.8431,0,REST
1263,4.93359375,9.1231,0.0714,8.6456,-1.4407,0,REST
1264,4.9375,9.5288,2.1592,7.661,3.0227,0,REST
1265,4.94140625,5.9358,-3.6074,5.1651,-3.7103,0,REST
1266,4.9453125,5.8494,0.4861,4.6341,-1.7357,0,REST
1267,4.94921875,4.129,0.5847,1.4072,-0.0816,0,REST
1268,4.953125,-0.9671,-0.163,-0.1369,5.2162,0,REST
1269,4.95703125,-2.9067,-3.2189,-3.6576,1.1344,0,REST
1270,4.9609375,-5.7346,-0.581,-5.5851,5.4172,0,REST
1271,4.96484375,-6.9224,-4.259,-10.1732,4.5421,0,REST
1272,4.96875,-12.3267,-3.2658,-8.1929,4.1577,0,REST
1273,4.97265625,-15.6173,-6.7953,-14.2206,3.3892,0,REST
1274,4.9765625,-14.5071,-1.9332,-13.5437,5.3358,0,REST
1275,4.98046875,-9.9319,-3.933,-13.9322,1.3379,0,REST
1276,4.984375,-11.6019,-2.1571,-10.9292,0.7454,0,REST
1277,4.98828125,-9.7742,-3.5254,-8.8701,2.0612,0,REST
1278,4.9921875,-5.3524,2.4132,-8.3936,3.6228,0,REST
1279,4.99609375,-1.8701,-2.5388,-3.1455,1.0801,0,REST
1280,5.0,1.3025,-3.4406,-2.1543,1.952,0,REST
1281,5.00390625,0.6272,-0.541,2.0153,2.6426,0,REST
1282,5.0078125,9.4295,-1.7693,7.4876,-3.2263,0,REST
1283,5.01171875,8.1438,2.8651,6.942,-1.7527,0,REST
1284,5.015625,13.0037,-1.8851,12.9717,-3.352,0,REST
1285,5.01953125,13.8685,3.6442,13.9585,-3.7028,0,REST
1286,5.0234375,15.8114,3.1219,12.5867,-1.7561,0,REST
1287,5.02734375,11.3446,4.8831,15.4971,-5.5813,0,REST
1288,5.03125,11.5594,4.6976,11.0886,-4.5715,0,REST
1289,5.03515625,6.3752,3.0433,5.7877,0.746,0,REST
1290,5.0390625,7.3722,4.8677,7.4193,-3.9947,0,REST
1291,5.04296875,2.6949,-0.3954,5.3399,-0.4763,0,REST
1292,5.046875,-4.2201,0.7107,1.1198,-3.5485,0,REST
1293,5.05078125,-0.2533,1.9926,-4.8075,1.4272,0,REST
1294,5.0546875,-7.5524,3.5033,-4.7067,0.3689,0,REST
1295,5.05859375,-9.8555,1.9742,-8.3294,0.8016,0,REST
1296,5.0625,-12.9615,-2.9753,-9.8531,2.8028,0,REST
1297,5.06640625,-8.9069,-2.2142,-14.2253,-1.2523,0,REST
1298,5.0703125,-12.96,-2.3419,-13.0059,4.8253,0,REST
1299,5.07421875,-11.2254,-2.7469,-11.8027,4.0338,0,REST
1300,5.078125,-11.5496,-5.5701,-9.3158,2.3477,0,REST
1301,5.08203125,-4.8165,-3.5577,-7.2927,7.6632,0,REST
1302,5.0859375,-4.0847,-3.6456,-6.8708,8.2523,0,REST
1303,5.08984375,-3.5646,-3.368,-0.3333,5.1075,0,REST
1304,5.09375,2.9592,-4.9665,3.7383,6.1089,0,REST
1305,5.09765625,3.553,-5.1706,1.9394,2.4227,0,REST
1306,5.1015625,5.9327,-3.721,4.6251,1.7197,0,REST
1307,5.10546875,7.395,-2.0311,7.9716,0.3604,0,REST
1308,5.109375,9.548,-0.6379,4.8681,-5.9582,0,REST
1309,5.11328125,8.7082,4.7076,12.2141,-1.7676,0,REST
1310,5.1171875,9.2937,1.9274,12.2628,-4.0779,0,REST
1311,5.12109375,7.0332,6.5026,5.7634,-5.9735,0,REST
1312,5.125,8.9901,5.9921,10.5822,-7.482,0,REST
1313,5.12890625,7.8695,6.9348,7.1408,-4.8632,0,REST
1314,5.1328125,5.2702,8.3538,5.7874,-8.3414,0,REST
1315,5.13671875,0.5546,5.5023,-1.2435,-8.5846,0,REST
1316,5.140625,-0.5854,5.8288,2.8799,-10.036,0,REST
1317,5.14453125,-2.6971,5.9183,-0.6763,-2.589,0,REST
1318,5.1484375,-4.1849,3.2557,-3.8032,-0.1427,0,REST
1319,5.15234375,-6.5891,1.5976,-4.6866,3.2513,0,REST
1320,5.15625,-7.0324,2.503,-7.5914,8.8997,0,REST
1321,5.16015625,-7.501,0.7665,-5.9209,7.6444,0,REST
1322,5.1640625,-9.7475,-4.9571,-3.0208,6.2108,0,REST
1323,5.16796875,-5.8074,-4.2941,-6.2692,10.8451,0,REST
1324,5.171875,-3.8432,-5.5788,-7.6379,11.1257,0,REST
1325,5.17578125,-6.7841,-11.5822,-5.0268,11.9254,0,REST
1326,5.1796875,-2.2707,-13.2613,-3.9487,7.0635,0,REST
1327,5.18359375,-1.4936,-7.0131,-2.5536,9.4903,0,REST
1328,5.1875,0.601,-11.153,-1.6193,3.4728,0,REST
1329,5.19140625,2.7315,-5.5356,0.3887,5.3735,0,REST
1330,5.1953125,4.3835,-4.386,-2.545,-0.1486,0,REST
1331,5.19921875,-0.7365,-3.1026,2.7955,-1.9197,0,REST
1332,5.203125,3.2249,0.1863,1.0773,-5.2935,0,REST
1333,5.20703125,9.5298,3.056,4.0699,-8.2474,0,REST
1334,5.2109375,2.9068,6.734,5.3329,-6.7495,0,REST
1335,5.21484375,2.5726,5.2826,5.6258,-12.2287,0,REST
1336,5.21875,6.4638,12.7379,4.4269,-12.4356,0,REST
1337,5.22265625,5.5754,12.4603,5.5195,-9.4849,0,REST
1338,5.2265625,6.125,8.3148,1.1149,-8.5725,0,REST
1339,5.23046875,3.3925,13.1577,6.4998,-9.1506,0,REST
1340,5.234375,-0.2791,10.281,2.3806,-6.7419,0,REST
1341,5.23828125,-0.2023,8.2082,1.6565,-4.2879,0,REST
1342,5.2421875,1.2818,4.9662,2.2509,1.9303,0,REST
1343,5.24609375,-0.6523,0.5334,1.288,0.7032,0,REST
1344,5.25,3.9112,1.8513,3.2915,4.1236,0,REST
1345,5.25390625,3.2462,-0.0253,0.8784,12.2649,0,REST
1346,5.2578125,-1.9039,-4.4952,0.5981,9.8861,0,REST
1347,5.26171875,0.9228,-7.561,-0.7363,14.0012,0,REST
1348,5.265625,-4.3629,-7.7421,-2.5634,14.8704,0,REST
1349,5.26953125,-5.6875,-12.4201,-1.6656,10.1752,0,REST
1350,5.2734375,-1.0449,-14.4927,-3.9198,10.0537,0,REST
1351,5.27734375,-7.5743,-15.9231,-2.7956,8.2553,0,REST
1352,5.28125,-7.3384,-13.609,-6.0075,6.9407,0,REST
1353,5.28515625,-5.737,-7.6643,-3.807,-1.2234,0,REST
1354,5.2890625,-5.1115,-7.0856,-4.0039,-4.5758,0,REST
1355,5.29296875,-7.0634,-5.635,-6.671,-5.8637,0,REST
1356,5.296875,-2.3314,1.9955,-1.0954,-10.0494,0,REST
1357,5.30078125,-3.2648,5.4271,-4.1177,-13.1285,0,REST
1358,5.3046875,-0.6499,4.2116,-4.3946,-15.5705,0,REST
1359,5.30859375,2.3583,5.5248,-3.8854,-10.9593,0,REST
1360,5.3125,2.1394,10.9084,-5.0789,-9.774,0,REST
1361,5.31640625,3.7402,12.6407,2.4754,-11.3702,0,REST
1362,5.3203125,3.1032,12.6124,-0.5681,-9.5454,0,REST
1363,5.32421875,7.4185,13.8877,4.3978,-6.4897,0,REST
1364,5.328125,4.9575,12.7985,2.7191,2.2921,0,REST
1365,5.33203125,7.3132,12.56,5.2739,1.6131,0,REST
1366,5.3359375,4.8252,10.8186,5.0779,4.1484,0,REST
1367,5.33984375,4.9824,6.7642,5.7362,7.5791,0,REST
1368,5.34375,4.6984,1.5857,7.8818,13.0346,0,REST
1369,5.34765625,5.766,-0.6104,8.499,11.7233,0,REST
1370,5.3515625,7.4446,-4.3475,6.4285,11.7716,0,REST
1371,5.35546875,4.4192,-9.6196,5.6016,17.5848,0,REST
1372,5.359375,0.5359,-9.2686,4.3098,13.9497,0,REST
1373,5.36328125,-0.8792,-14.2434,-2.6699,9.7602,0,REST
1374,5.3671875,-2.0081,-12.6007,0.6317,6.8395,0,REST
1375,5.37109375,-10.2428,-12.9801,-6.4677,7.5442,0,REST
1376,5.375,-7.4811,-12.738,-6.9444,-2.5587,0,REST
1377,5.37890625,-7.7366,-10.0513,-8.7641,-4.7383,0,REST
1378,5.3828125,-10.8761,-11.1599,-7.1467,-7.9996,0,REST
1379,5.38671875,-11.5839,-1.1833,-7.3929,-8.0828,0,REST
1380,5.390625,-8.0038,-1.089,-10.2,-10.0444,0,REST
1381,5.39453125,-6.6893,2.5197,-12.4785,-11.0386,0,REST
1382,5.3984375,-4.5682,6.2932,-9.4147,-13.4951,0,REST
1383,5.40234375,-2.9588,7.6253,-3.6533,-8.0365,0,REST
1384,5.40625,-3.3985,11.8061,-5.7661,-8.2453,0,REST
1385,5.41015625,1.6523,11.3245,-0.0446,-6.3522,0,REST
1386,5.4140625,2.7217,16.4707,-0.7434,-3.4113,0,REST
1387,5.41796875,7.1104,9.8189,1.4324,-2.0915,0,REST
1388,5.421875,7.5951,10.2357,2.354,-1.0364,0,REST
1389,5.42578125,13.0927,12.7497,7.9782,4.9421,0,REST
1390,5.4296875,9.0872,5.4342,8.9595,6.713,0,REST
1391,5.43359375,12.8527,6.739,11.7887,11.4453,0,REST
1392,5.4375,10.9612,0.9556,10.3837,8.0585,0,REST
1393,5.44140625,10.4396,0.8759,9.6804,10.8895,0,REST
1394,5.4453125,7.1399,-6.0971,6.0975,8.6877,0,REST
1395,5.44921875,4.6662,-8.9759,10.156,8.5879,0,REST
1396,5.453125,0.0578,-9.438,9.4012,5.1936,0,REST
1397,5.45703125,-1.7272,-11.8189,2.3812,6.4821,0,REST
1398,5.4609375,-4.5579,-15.2119,2.4183,1.6114,0,REST
1399,5.46484375,-7.2704,-10.7655,-2.0878,-2.3942,0,REST
1400,5.46875,-11.0673,-13.7629,-8.4039,-2.0004,0,REST
1401,5.47265625,-13.7544,-10.7612,-11.7965,-2.1374,0,REST
1402,5.4765625,-12.0456,-3.7804,-8.8836,-7.6991,0,REST
1403,5.48046875,-11.7557,-6.076,-11.2044,-5.3611,0,REST
1404,5.484375,-8.8751,-1.2682,-14.0265,-0.4417,0,REST
1405,5.48828125,-9.779,-4.2836,-10.8736,-7.0643,0,REST
1406,5.4921875,-10.1571,8.9947,-11.8772,-9.2349,0,REST
1407,5.49609375,-5.1074,8.7416,-11.0124,-5.729,0,REST
1408,5.5,2.6815,9.3942,-4.1943,-5.9305,0,REST
1409,5.50390625,4.6221,12.0949,-3.6888,-4.1822,0,REST
1410,5.5078125,3.4617,11.4667,-3.3534,-2.3445,0,REST
1411,5.51171875,10.1175,10.183,5.2587,1.8603,0,REST
1412,5.515625,10.6961,9.1833,4.6624,1.2564,0,REST
1413,5.51953125,9.8387,5.1113,9.0773,7.8552,0,REST
1414,5.5234375,10.6086,5.2779,11.5388,7.4078,0,REST
1415,5.52734375,12.5759,3.4765,11.4815,5.7113,0,REST
1416,5.53125,13.7504,2.6502,15.4507,6.1556,0,REST
1417,5.53515625,11.0526,0.7489,15.5325,6.1498,0,REST
1418,5.5390625,5.8548,-4.4008,11.8081,2.3679,0,REST
1419,5.54296875,0.9815,-9.765,8.4309,2.4843,0,REST
1420,5.546875,-4.588,-7.2563,6.6888,5.4555,0,REST
1421,5.55078125,-4.7787,-11.0044,3.0147,1.1109,0,REST
1422,5.5546875,-3.2093,-8.68,1.1507,1.3079,0,REST
1423,5.55859375,-5.9074,-8.2321,1.8731,-0.956,0,REST
1424,5.5625,-8.9135,-7.5811,-2.9224,-1.3485,0,REST
1425,5.56640625,-8.9672,-8.7714,-4.4283,-0.3515,0,REST
1426,5.5703125,-11.7059,-7.4695,-10.1266,-1.9239,0,REST
1427,5.57421875,-10.4357,-3.5904,-11.1936,1.1176,0,REST
1428,5.578125,-8.3035,0.4821,-14.077,-5.1393,0,REST
1429,5.58203125,-9.8494,2.0202,-10.9014,2.5403,0,REST
1430,5.5859375,-4.0427,3.6435,-11.6043,0.6233,0,REST
1431,5.58984375,-3.7911,2.4515,-11.5065,0.5443,0,REST
1432,5.59375,-0.4281,5.0863,-6.6208,-1.8198,0,REST
1433,5.59765625,-0.6058,12.5455,-3.4474,-3.9227,0,REST
1434,5.6015625,5.3531,9.8781,-4.4896,-4.9823,0,REST
1435,5.60546875,7.2558,8.917,4.5197,-2.7959,0,REST
1436,5.609375,8.0116,6.7603,1.454,-4.2847,0,REST
1437,5.61328125,11.2698,9.0144,3.8096,-4.1341,0,REST
1438,5.6171875,10.4153,5.4266,6.2784,0.6982,0,REST
1439,5.62109375,10.6551,-0.8502,9.2303,-6.641,0,REST
1440,5.625,4.962,0.5687,12.3294,5.0947,0,REST
1441,5.62890625,5.6161,-1.3956,9.4386,-5.1929,0,REST
1442,5.6328125,0.4542,-3.8788,4.5928,2.1011,0,REST
1443,5.63671875,2.3148,-6.3395,6.2961,1.3481,0,REST
1444,5.640625,1.9943,-2.636,5.1536,5.2654,0,REST
1445,5.64453125,-2.7409,-9.5259,5.6645,3.2304,0,REST
1446,5.6484375,-5.1199,-6.6209,-0.1964,5.7225,0,REST
1447,5.65234375,-3.7837,-5.9775,-1.3285,6.4049,0,REST
1448,5.65625,-5.3363,-6.8272,-2.5523,7.5219,0,REST
1449,5.66015625,-5.2119,-5.2798,-5.2517,4.7917,0,REST
1450,5.6640625,-8.3528,-9.0674,-5.1335,10.2627,0,REST
1451,5.66796875,-6.7107,-2.0559,-5.0675,0.0799,0,REST
1452,5.671875,-4.9777,-6.0259,-4.6286,0.9306,0,REST
1453,5.67578125,-5.1069,2.3956,-5.5941,2.7053,0,REST
1454,5.6796875,-3.6802,-0.1832,-5.5605,1.0409,0,REST
1455,5.68359375,-0.8167,-1.7532,-8.1593,-0.6346,0,REST
1456,5.6875,3.9261,1.7128,-6.5209,-2.7208,0,REST
1457,5.69140625,-1.2646,2.7988,-3.4281,-7.3325,0,REST
1458,5.6953125,3.4971,2.6559,-0.6322,-9.098,0,REST
1459,5.69921875,2.5066,3.0515,0.4984,-5.5019,0,REST
1460,5.703125,3.2002,1.8527,-0.2735,-8.6299,0,REST
1461,5.70703125,5.2437,4.7458,4.0967,-7.1869,0,REST
1462,5.7109375,3.8748,3.8411,1.505,-8.0566,0,REST
1463,5.71484375,2.9927,-0.7264,1.4934,-2.0422,0,REST
1464,5.71875,1.2829,5.2984,3.3122,0.6138,0,REST
1465,5.72265625,3.3799,5.3268,3.5547,-0.7788,0,REST
1466,5.7265625,2.0475,-2.7177,3.452,-0.7568,0,REST
1467,5.73046875,0.9848,0.9612,5.2854,2.6411,0,REST
1468,5.734375,0.3097,2.5428,2.868,10.3737,0,REST
1469,5.73828125,0.4817,-2.2842,2.2271,9.8072,0,REST
1470,5.7421875,1.2225,-1.6663,3.4391,10.0573,0,REST
1471,5.74609375,-1.3432,-5.07,2.7249,11.8608,0,REST
1472,5.75,0.9951,-1.0804,3.9289,11.4872,0,REST
1473,5.75390625,0.1343,-2.9898,3.586,10.7332,0,REST
1474,5.7578125,-0.1198,0.5214,6.5132,8.3697,0,REST
1475,5.76171875,1.5664,-4.9061,-1.2047,3.1441,0,REST
1476,5.765625,3.6931,-6.3682,1.6708,5.9257,0,REST
1477,5.76953125,-3.8462,-3.3615,0.3258,1.4945,0,REST
1478,5.7734375,-2.8843,-1.6678,-0.7194,-3.5464,0,REST
1479,5.77734375,-2.9656,0.2388,-3.0219,-4.6667,0,REST
1480,5.78125,-3.3159,-0.9363,-3.85,-7.0501,0,REST
1481,5.78515625,-1.7563,-2.0701,-2.0356,-12.233,0,REST
1482,5.7890625,-2.3397,1.2338,-2.524,-14.752,0,REST
1483,5.79296875,-2.6487,0.997,-4.8037,-11.6317,0,REST
1484,5.796875,-3.3666,4.1731,-5.8154,-9.5673,0,REST
1485,5.80078125,-3.0555,0.375,-5.1394,-7.9355,0,REST
1486,5.8046875,-1.9087,5.6577,-2.7093,-7.0721,0,REST
1487,5.80859375,1.0807,2.4591,-2.6474,-6.1861,0,REST
1488,5.8125,-0.1151,4.2299,-3.9169,-0.9379,0,REST
1489,5.81640625,-0.8618,4.2234,-2.7615,-0.317,0,REST
1490,5.8203125,2.4577,3.7439,-3.7545,9.7607,0,REST
1491,5.82421875,3.4807,4.2149,-1.5504,5.1954,0,REST
1492,5.828125,3.1915,2.3598,0.8085,11.4259,0,REST
1493,5.83203125,5.5711,2.985,3.4234,12.6249,0,REST
1494,5.8359375,3.9679,-0.41,2.4656,16.8362,0,REST
1495,5.83984375,7.9659,0.5641,3.6893,9.9619,0,REST
1496,5.84375,6.1893,-1.4373,5.8224,10.7328,0,REST
1497,5.84765625,4.933,0.4383,6.2433,10.4013,0,REST
1498,5.8515625,2.448,-3.925,6.7128,4.2368,0,REST
1499,5.85546875,4.8595,-3.8673,7.6489,3.2028,0,REST
1500,5.859375,-0.4309,-2.4788,5.8177,1.9323,0,REST
1501,5.86328125,-2.9746,-5.6171,6.7048,-3.1964,0,REST
1502,5.8671875,-3.2256,-3.7503,4.4851,-7.4813,0,REST
1503,5.87109375,-1.8616,-5.4643,1.2747,-9.7734,0,REST
1504,5.875,-3.7691,-3.5584,2.0714,-11.2731,0,REST
1505,5.87890625,-6.7879,-2.5673,-1.2397,-12.1898,0,REST
1506,5.8828125,-8.0111,-6.0211,-2.1726,-11.4218,0,REST
1507,5.88671875,-8.62,-0.4846,-7.6238,-11.0978,0,REST
1508,5.890625,-12.8091,0.3924,-7.1423,-10.9539,0,REST
1509,5.89453125,-8.6943,-0.4311,-5.6855,-9.7272,0,REST
1510,5.8984375,-5.7213,6.2147,-10.6892,-6.248,0,REST
1511,5.90234375,-1.9075,4.0742,-11.4247,3.4437,0,REST
1512,5.90625,0.9194,6.6429,-8.0884,5.798,0,REST
1513,5.91015625,2.4363,9.3123,-12.3992,9.3518,0,REST
1514,5.9140625,5.3929,6.7689,-10.2693,8.843,0,REST
1515,5.91796875,7.8338,9.5866,-3.7871,13.192,0,REST
1516,5.921875,10.7899,5.7203,-4.6149,10.6739,0,REST
1517,5.92578125,10.0554,3.2789,1.781,12.3089,0,REST
1518,5.9296875,12.1588,6.2161,4.4667,12.1573,0,REST
1519,5.93359375,14.9825,6.0062,10.0273,10.9524,0,REST
1520,5.9375,9.9707,0.3638,10.92,9.4263,0,REST
1521,5.94140625,8.342,-0.6961,10.8032,7.4142,0,REST
1522,5.9453125,6.2254,-4.846,11.8303,0.129,0,REST
1523,5.94921875,6.0674,-9.1225,14.6026,-2.0808,0,REST
1524,5.953125,-0.8529,-10.666,6.9462,-5.0034,0,REST
1525,5.95703125,-4.7297,-9.6644,10.157,-8.5355,0,REST
1526,5.9609375,-2.9432,-8.436,8.4594,-8.748,0,REST
1527,5.96484375,-9.2075,-11.0418,5.5947,-7.8823,0,REST
1528,5.96875,-10.7468,-7.928,4.4253,-13.8342,0,REST
1529,5.97265625,-14.072,-4.3569,-0.1932,-12.3239,0,REST
1530,5.9765625,-15.1363,-3.6461,-2.5234,-9.5786,0,REST
1531,5.98046875,-13.6392,-7.4325,-5.5257,-9.3681,0,REST
1532,5.984375,-11.7959,-0.4164,-8.8736,-2.8972,0,REST
1533,5.98828125,-9.8666,-0.7235,-13.9518,-4.4256,0,REST
1534,5.9921875,-6.4543,2.0759,-11.699,0.2225,0,REST
1535,5.99609375,-1.8176,5.3595,-11.9098,0.637,0,REST
1536,6.0,-3.543,5.7773,-11.0196,2.0032,0,REST
1537,6.00390625,2.7953,11.889,-8.2837,1.437,0,REST
1538,6.0078125,3.7261,13.4178,-8.0957,11.0997,0,REST
1539,6.01171875,6.1206,11.8426,-4.2602,11.0705,0,REST
1540,6.015625,10.8308,10.2194,-4.6214,9.8756,0,REST
1541,6.01953125,12.6339,10.932,-0.8293,7.4831,0,REST
1542,6.0234375,16.2048,8.3806,4.9581,7.0006,0,REST
1543,6.02734375,11.1708,5.6446,5.7369,8.3755,0,REST
1544,6.03125,11.4166,-0.3718,12.5472,5.7667,0,REST
1545,6.03515625,12.0048,-0.8278,13.7766,1.1729,0,REST
1546,6.0390625,6.4525,-6.5734,10.5362,0.432,0,REST
1547,6.04296875,3.9455,-4.6301,10.1758,-2.9282,0,REST
1548,6.046875,-2.187,-6.8559,12.5746,-6.5694,0,REST
1549,6.05078125,-3.8883,-13.664,9.4794,-1.5152,0,REST
1550,6.0546875,-7.2461,-12.7031,6.7938,-4.8556,0,REST
1551,6.05859375,-10.6945,-13.4975,4.8459,-7.0929,0,REST
1552,6.0625,-13.6029,-8.5759,4.5574,-10.2849,0,REST
1553,6.06640625,-11.241,-10.3254,-0.3948,-8.1331,0,REST
1554,6.0703125,-14.0808,-10.0752,-3.1701,-3.4862,0,REST
1555,6.07421875,-13.595,-5.8742,-3.2157,-3.4688,0,REST
1556,6.078125,-10.3794,-6.2754,-9.9944,0.0688,0,REST
1557,6.08203125,-7.4438,0.2243,-10.8496,-4.1584,0,REST
1558,6.0859375,-7.1574,1.6441,-14.1802,2.412,0,REST
1559,6.08984375,-2.1406,4.2641,-13.3675,-0.7994,0,REST
1560,6.09375,-0.8315,6.6434,-12.9977,5.2553,0,REST
1561,6.09765625,6.0688,12.1299,-13.7054,4.8922,0,REST
1562,6.1015625,5.6583,10.7761,-4.1779,4.8501,0,REST
1563,6.10546875,6.7533,12.668,-8.0129,6.837,0,REST
1564,6.109375,5.6434,12.5991,-5.571,9.606,0,REST
1565,6.11328125,6.4711,9.8973,-0.9849,6.8874,0,REST
1566,6.1171875,15.4966,7.5849,1.8119,7.0604,0,REST
1567,6.12109375,8.7146,7.9553,2.3716,5.7873,0,REST
1568,6.125,8.5184,1.3677,3.8939,4.0025,0,REST
1569,6.12890625,3.8269,-0.4336,7.0278,-1.9002,0,REST
1570,6.1328125,1.6635,-4.017,7.2229,0.3574,0,REST
1571,6.13671875,3.7047,-5.8715,6.9822,-4.3214,0,REST
1572,6.140625,-2.9941,-10.926,9.7577,-0.4727,0,REST
1573,6.14453125,-2.7642,-11.9408,10.6239,-3.96,0,REST
1574,6.1484375,-6.887,-10.3854,3.0817,-4.5974,0,REST
1575,6.15234375,-2.584,-11.9742,4.5858,-4.1772,0,REST
1576,6.15625,-6.9417,-12.2655,5.2091,-8.3432,0,REST
1577,6.16015625,-12.2006,-11.042,4.0219,0.0944,0,REST
1578,6.1640625,-8.6787,-9.8165,0.7099,-3.5105,0,REST
1579,6.16796875,-6.6091,-3.8221,-4.6548,-0.0471,0,REST
1580,6.171875,-6.4224,-6.5486,2.4433,-2.906,0,REST
1581,6.17578125,-4.0955,0.3028,-0.5972,-2.2758,0,REST
1582,6.1796875,-4.6552,3.6275,-3.527,-2.4166,0,REST
1583,6.18359375,0.3783,4.4769,-3.4234,1.2071,0,REST
1584,6.1875,3.2929,5.8245,-5.461,-0.4344,0,REST
1585,6.19140625,-1.647,12.1457,-2.8154,1.7364,0,REST
1586,6.1953125,-1.2168,11.9737,-6.5812,1.678,0,REST
1587,6.19921875,2.8258,14.4326,-4.0669,-0.7394,0,REST
1588,6.203125,2.1176,13.7408,-2.9021,0.9663,0,REST
1589,6.20703125,4.9821,12.1713,-1.2225,-0.0847,0,REST
1590,6.2109375,6.0209,7.3033,-0.6867,-1.3639,0,REST
1591,6.21484375,4.5348,6.8103,-1.7643,4.5617,0,REST
1592,6.21875,5.1881,2.9272,2.2967,4.032,0,REST
1593,6.22265625,6.663,1.1922,-0.0646,3.1442,0,REST
1594,6.2265625,1.4696,-4.7814,3.6034,6.417,0,REST
1595,6.23046875,-0.3577,-7.8897,-0.1653,3.6666,0,REST
1596,6.234375,3.2143,-10.4465,2.2994,3.9216,0,REST
1597,6.23828125,1.6317,-11.9902,2.4367,7.3023,0,REST
1598,6.2421875,0.9199,-13.1717,6.0611,0.3487,0,REST
1599,6.24609375,0.1247,-13.7098,3.4377,5.3369,0,REST
1600,6.25,-0.896,-10.0955,2.9125,-1.5942,0,REST
1601,6.25390625,-1.1833,-7.1164,-1.2056,-4.2067,0,REST
1602,6.2578125,-5.2761,-8.1055,-0.4868,-1.0638,0,REST
1603,6.26171875,-1.2858,-2.7595,2.4311,-5.3267,0,REST
1604,6.265625,-4.9429,-5.7219,2.8613,-4.816,0,REST
1605,6.26953125,-1.3482,-0.6887,1.3213,-6.8953,0,REST
1606,6.2734375,-3.9739,2.644,-0.0131,-7.9338,0,REST
1607,6.27734375,-0.8459,8.3723,-1.776,-5.0029,0,REST
1608,6.28125,-1.8857,6.1242,-3.8138,-8.0887,0,REST
1609,6.28515625,-3.0883,9.0266,2.4924,-4.4609,0,REST
1610,6.2890625,-0.1612,10.7869,-0.9516,-3.8342,0,REST
1611,6.29296875,-2.4497,10.5263,-3.5707,-3.2729,0,REST
1612,6.296875,-5.2028,12.6683,-5.1799,2.2498,0,REST
1613,6.30078125,-3.8771,6.9795,-2.003,-4.2142,0,REST
1614,6.3046875,3.2961,6.0674,-6.0688,5.175,0,REST
1615,6.30859375,-1.2361,4.3381,-6.058,5.2933,0,REST
1616,6.3125,-3.3598,2.2269,-2.9395,8.1114,0,REST
1617,6.31640625,3.8354,-3.522,-7.3903,10.3127,0,REST
1618,6.3203125,3.6023,-1.5184,-6.6579,10.259,0,REST
1619,6.32421875,4.8178,-6.3428,-3.2444,6.965,0,REST
1620,6.328125,10.7539,-8.5614,-5.1813,7.6689,0,REST
1621,6.33203125,2.3485,-7.3404,1.2019,3.7303,0,REST
1622,6.3359375,6.7512,-8.9574,-0.9203,5.2797,0,REST
1623,6.33984375,7.1556,-11.7823,2.24,4.7115,0,REST
1624,6.34375,5.5897,-9.1994,2.7789,-4.318,0,REST
1625,6.34765625,10.2903,-4.6148,6.0758,-0.6644,0,REST
1626,6.3515625,0.6906,-4.6134,6.3826,-7.5312,0,REST
1627,6.35546875,2.8715,-5.3593,8.8077,-10.3111,0,REST
1628,6.359375,-0.0049,-0.1426,6.8525,-11.1897,0,REST
1629,6.36328125,-3.363,0.245,12.2919,-10.21,0,REST
1630,6.3671875,-4.3686,2.0969,6.4512,-11.1354,0,REST
1631,6.37109375,-5.1694,6.2104,7.689,-6.5115,0,REST
1632,6.375,-9.1795,4.9538,8.4269,-7.0339,0,REST
1633,6.37890625,-11.0731,6.0088,4.7612,-6.3588,0,REST
1634,6.3828125,-8.1667,7.8468,1.438,-0.4552,0,REST
1635,6.38671875,-7.2676,5.1708,0.1799,0.5353,0,REST
1636,6.390625,-7.151,6.0647,-4.905,3.4384,0,REST
1637,6.39453125,-11.4669,6.4663,-5.9175,4.738,0,REST
1638,6.3984375,-7.6598,5.049,-8.0636,8.8197,0,REST
1639,6.40234375,-1.7795,4.2153,-7.4869,10.8144,0,REST
1640,6.40625,-1.1774,-0.1194,-9.6565,13.9026,0,REST
1641,6.41015625,-1.0594,2.9971,-11.325,9.3602,0,REST
1642,6.4140625,5.5989,-4.1404,-11.6513,12.1121,0,REST
1643,6.41796875,6.557,-0.0581,-9.7513,6.5305,0,REST
1644,6.421875,7.9775,-4.5204,-10.2461,10.4299,0,REST
1645,6.42578125,10.0034,-6.4026,-4.9437,2.9193,0,REST
1646,6.4296875,13.6681,-7.3457,-2.6274,-0.368,0,REST
1647,6.43359375,13.3409,-5.3409,2.5837,-1.7402,0,REST
1648,6.4375,14.2038,-7.1187,3.4187,-3.4119,0,REST
1649,6.44140625,10.0958,-2.2087,6.345,-6.7339,0,REST
1650,6.4453125,4.9529,-3.2159,11.2208,-11.1536,0,REST
1651,6.44921875,2.1584,-3.2648,10.1175,-12.2683,0,REST
1652,6.453125,0.5059,-1.548,13.4968,-12.9649,0,REST
1653,6.45703125,-3.3688,1.7796,11.5108,-14.487,0,REST
1654,6.4609375,-4.0359,-1.3016,11.223,-12.1369,0,REST
1655,6.46484375,-11.4903,-2.8854,12.0372,-9.5365,0,REST
1656,6.46875,-12.042,-2.1766,7.9087,-5.1348,0,REST
1657,6.47265625,-11.9072,3.7147,8.2365,-0.8526,0,REST
1658,6.4765625,-12.1178,3.5306,6.4714,0.2965,0,REST
1659,6.48046875,-13.8723,3.7737,3.3983,3.9379,0,REST
1660,6.484375,-9.3799,5.7374,-2.7418,6.4895,0,REST
1661,6.48828125,-9.6679,2.0808,-3.8622,8.7171,0,REST
1662,6.4921875,-9.572,3.6641,-9.4811,15.2757,0,REST
1663,6.49609375,-4.8608,1.3657,-7.927,11.5331,0,REST
1664,6.5,-3.9293,2.4188,-12.6867,12.0597,0,REST
1665,6.50390625,4.0711,-1.0316,-10.4325,11.1749,0,REST
1666,6.5078125,6.8059,-0.9978,-10.386,9.3203,0,REST
1667,6.51171875,8.4452,3.0575,-13.3246,6.5308,0,REST
1668,6.515625,12.1301,1.5887,-10.7551,4.8234,0,REST
1669,6.51953125,11.1762,1.2823,-7.3986,-0.1624,0,REST
1670,6.5234375,14.1764,0.0954,-3.5479,-6.41,0,REST
1671,6.52734375,12.722,-1.3522,1.7206,-8.9466,0,REST
1672,6.53125,11.2868,-0.688,3.2363,-9.3522,0,REST
1673,6.53515625,7.3947,-3.7211,5.7355,-9.4025,0,REST
1674,6.5390625,3.7761,-1.6423,6.8552,-11.9797,0,REST
1675,6.54296875,6.0543,-4.4405,5.0454,-12.0361,0,REST
1676,6.546875,-0.4019,-1.3183,8.6408,-11.6673,0,REST
1677,6.55078125,-4.6928,-2.4304,13.0449,-9.098,0,REST
1678,6.5546875,-8.1602,0.2656,14.5264,-4.8261,0,REST
1679,6.55859375,-8.7871,-3.4221,12.5314,-6.5036,0,REST
1680,6.5625,-9.1195,-0.9703,8.7939,0.6883,0,REST
1681,6.56640625,-12.3138,-5.5019,5.956,2.3158,0,REST
1682,6.5703125,-10.4631,0.4739,7.3507,1.2036,0,REST
1683,6.57421875,-11.3007,-0.1505,0.8504,6.132,0,REST
1684,6.578125,-9.8361,0.7472,-4.8399,5.9653,0,REST
1685,6.58203125,-9.4845,4.1154,-3.0345,10.4644,0,REST
1686,6.5859375,-5.7816,1.9521,-5.1802,12.0114,0,REST
1687,6.58984375,-1.0229,2.6242,-9.7214,10.7855,0,REST
1688,6.59375,2.9578,3.2171,-8.7438,9.816,0,REST
1689,6.59765625,3.1685,-2.2749,-7.7337,6.5252,0,REST
1690,6.6015625,6.7142,4.8663,-12.2538,8.1421,0,REST
1691,6.60546875,6.308,2.748,-10.3155,6.2677,0,REST
1692,6.609375,11.1867,2.6348,-10.0145,1.406,0,REST
1693,6.61328125,13.9319,2.0347,-3.6957,-5.0525,0,REST
1694,6.6171875,12.9568,4.3398,-4.5563,-4.0395,0,REST
1695,6.62109375,5.7226,1.2513,-0.3607,-3.4728,0,REST
1696,6.625,5.8542,2.3471,0.4605,-5.4566,0,REST
1697,6.62890625,5.8754,1.7017,2.4244,-6.967,0,REST
1698,6.6328125,2.5708,-5.3111,3.9797,-5.6252,0,REST
1699,6.63671875,3.496,-0.6833,4.6418,-10.539,0,REST
1700,6.640625,-2.609,-1.0163,6.3842,-6.9022,0,REST
1701,6.64453125,-4.1261,-5.1688,9.5341,-7.4949,0,REST
1702,6.6484375,-6.5587,-7.04,6.5314,-5.0153,0,REST
1703,6.65234375,-3.9892,-4.3102,4.5202,-1.3705,0,REST
1704,6.65625,-8.8942,-7.3032,11.3317,-0.5876,0,REST
1705,6.66015625,-7.8025,-4.9855,5.1172,5.0719,0,REST
1706,6.6640625,-8.295,-6.912,2.943,3.2925,0,REST
1707,6.66796875,-10.0285,-1.8401,3.4137,5.7226,0,REST
1708,6.671875,-3.9842,-3.7015,-1.567,7.2039,0,REST
1709,6.67578125,-2.3812,-0.5902,0.3134,5.6592,0,REST
1710,6.6796875,-2.048,1.3219,-5.3059,6.7067,0,REST
1711,6.68359375,-6.4632,3.5291,-4.2301,2.4001,0,REST
1712,6.6875,-1.8211,2.9202,-4.201,6.8714,0,REST
1713,6.69140625,3.2249,6.2758,-6.3763,4.8993,0,REST
1714,6.6953125,0.4155,7.9234,-7.135,5.855,0,REST
1715,6.69921875,4.8222,8.7441,-0.7977,1.0661,0,REST
1716,6.703125,2.9934,4.1583,-2.4368,-0.3343,0,REST
1717,6.70703125,6.0641,2.6387,-4.8742,-4.3858,0,REST
1718,6.7109375,1.6068,7.6395,-4.772,-4.2753,0,REST
1719,6.71484375,5.3195,3.2493,-1.4927,-0.9676,0,REST
1720,6.71875,3.2727,4.7623,0.5339,-1.8157,0,REST
1721,6.72265625,2.6041,-0.3518,-1.6815,-3.1898,0,REST
1722,6.7265625,3.421,0.9289,1.4887,-5.8866,0,REST
1723,6.73046875,2.5393,-4.1174,3.3572,-7.6238,0,REST
1724,6.734375,0.8336,-4.8876,-0.3473,-1.438,0,REST
1725,6.73828125,7.4815,-4.4567,2.0192,-1.5455,0,REST
1726,6.7421875,1.3285,-11.711,-0.9509,-5.3299,0,REST
1727,6.74609375,0.2891,-11.4815,4.2239,-3.5933,0,REST
1728,6.75,-1.0197,-10.8196,3.1513,-0.9123,0,REST
1729,6.75390625,6.881,-9.3265,3.6397,-4.2779,0,REST
1730,6.7578125,1.0961,-5.4022,0.1882,0.3148,0,REST
1731,6.76171875,-2.1443,-1.182,5.4213,-0.8343,0,REST
1732,6.765625,-1.7058,-7.1354,3.1698,0.688,0,REST
1733,6.76953125,-3.1739,-3.5569,2.0646,-0.8034,0,REST
1734,6.7734375,-2.7395,0.2372,4.0806,-4.2424,0,REST
1735,6.77734375,-3.008,2.9248,2.5583,1.113,0,REST
1736,6.78125,-0.8189,5.9941,2.5563,2.318,0,REST
1737,6.78515625,-3.2284,6.3232,1.4973,9.3792,0,REST
1738,6.7890625,-3.6705,9.5153,0.0076,5.742,0,REST
1739,6.79296875,-4.7804,9.6133,1.1033,-1.1585,0,REST
1740,6.796875,-6.8088,10.3274,-1.7857,2.4509,0,REST
1741,6.80078125,-2.5113,8.5601,-4.6387,1.9728,0,REST
1742,6.8046875,-1.7668,8.7896,0.4811,4.9119,0,REST
1743,6.80859375,-3.7242,3.5265,-5.9726,0.0124,0,REST
1744,6.8125,3.1817,5.5711,-4.1554,1.3194,0,REST
1745,6.81640625,1.8859,-1.3168,-6.5331,1.1414,0,REST
1746,6.8203125,6.2161,1.1652,-4.7396,-1.6977,0,REST
1747,6.82421875,2.8641,-7.9693,-7.2243,-4.3049,0,REST
1748,6.828125,9.7318,-5.73,-6.8431,-6.9877,0,REST
1749,6.83203125,8.7014,-11.1645,-7.8271,-3.1533,0,REST
1750,6.8359375,9.0002,-12.0545,-5.0313,-3.2965,0,REST
1751,6.83984375,9.3336,-10.8794,-3.9289,-6.8919,0,REST
1752,6.84375,6.9179,-12.6073,0.4521,-6.5302,0,REST
1753,6.84765625,9.4199,-12.2356,-2.4333,-4.1551,0,REST
1754,6.8515625,6.9499,-13.2896,1.5409,-4.167,0,REST
1755,6.85546875,1.4375,-5.6006,6.5024,-4.4685,0,REST
1756,6.859375,-2.7747,-3.9716,3.9597,-3.1194,0,REST
1757,6.86328125,1.3179,-2.102,8.0875,-1.6853,0,REST
1758,6.8671875,-5.1471,3.3783,8.3542,-0.8043,0,REST
1759,6.87109375,-7.3571,5.9012,11.5515,2.391,0,REST
1760,6.875,-7.353,14.0525,12.5594,4.4301,0,REST
1761,6.87890625,-12.6946,9.4336,4.473,6.8536,0,REST
1762,6.8828125,-11.0158,10.7993,7.3869,5.566,0,REST
1763,6.88671875,-8.0574,13.1674,2.1039,5.0231,0,REST
1764,6.890625,-6.3193,12.5129,3.8324,9.8567,0,REST
1765,6.89453125,-8.8783,13.4811,3.7413,7.7589,0,REST
1766,6.8984375,-4.6922,14.969,-0.3351,6.0397,0,REST
1767,6.90234375,-1.7012,7.6013,-5.8538,4.2334,0,REST
1768,6.90625,0.6968,4.0255,-6.9712,7.8853,0,REST
1769,6.91015625,7.1651,2.9391,-8.2731,3.1395,0,REST
1770,6.9140625,3.1014,-2.4997,-7.8385,-0.2102,0,REST
1771,6.91796875,11.0538,-4.9307,-8.8386,-3.8281,0,REST
1772,6.921875,7.5516,-5.9588,-7.247,-6.2787,0,REST
1773,6.92578125,10.8415,-9.3366,-11.7352,-7.6817,0,REST
1774,6.9296875,14.579,-11.1894,-10.288,-7.2357,0,REST
1775,6.93359375,12.0329,-13.5165,-9.044,-9.1258,0,REST
1776,6.9375,10.4898,-13.1029,-5.7339,-9.9333,0,REST
1777,6.94140625,11.0802,-11.2223,-1.5922,-11.1076,0,REST
1778,6.9453125,7.3281,-7.3999,-0.6881,-8.6237,0,REST
1779,6.94921875,3.6262,-3.6602,6.5884,-5.7218,0,REST
1780,6.953125,0.4902,0.8706,7.6786,-3.9321,0,REST
1781,6.95703125,-2.0805,-1.1099,7.5132,-0.1976,0,REST
1782,6.9609375,-2.6639,1.6285,12.0723,4.2155,0,REST
1783,6.96484375,-8.6506,5.0347,12.5568,6.0512,0,REST
1784,6.96875,-8.0998,8.8556,9.835,4.627,0,REST
1785,6.97265625,-16.0194,10.4676,11.9735,14.0497,0,REST
1786,6.9765625,-12.5335,13.8217,8.302,12.2157,0,REST
1787,6.98046875,-11.3572,10.1952,8.1025,12.6361,0,REST
1788,6.984375,-15.6914,12.8335,5.8678,14.4967,0,REST
1789,6.98828125,-9.5006,8.8432,0.8351,9.7494,0,REST
1790,6.9921875,-4.346,9.7917,-0.735,10.7574,0,REST
1791,6.99609375,-2.9392,4.9168,-0.664,6.2265,0,REST
1792,7.0,2.9857,6.5263,-6.6563,3.6501,0,REST
1793,7.00390625,6.9366,1.8098,-10.271,-2.0024,0,REST
1794,7.0078125,4.7173,-3.3595,-12.8705,-3.2569,0,REST
1795,7.01171875,7.3486,-4.2919,-13.9082,-8.7743,0,REST
1796,7.015625,10.4156,-8.0163,-16.0989,-8.1645,0,REST
1797,7.01953125,10.327,-5.7721,-10.3173,-9.4455,0,REST
1798,7.0234375,13.176,-12.7157,-9.6358,-13.2271,0,REST
1799,7.02734375,16.0966,-9.6967,-8.3391,-15.8905,0,REST
1800,7.03125,11.1428,-7.0605,-3.2041,-5.745,0,REST
1801,7.03515625,13.8583,-11.4059,-0.2782,-7.8137,0,REST
1802,7.0390625,5.1046,-14.6582,1.1309,-7.6049,0,REST
1803,7.04296875,5.3298,-9.3507,6.3063,-3.7849,0,REST
1804,7.046875,-0.2549,-4.6076,8.0618,-1.9974,0,REST
1805,7.05078125,-3.727,-0.1789,11.1924,3.4794,0,REST
1806,7.0546875,-9.2159,3.0622,10.3247,2.5884,0,REST
1807,7.05859375,-8.7819,1.5491,10.1425,8.9857,0,REST
1808,7.0625,-10.4013,7.0181,15.3734,7.0323,0,REST
1809,7.06640625,-10.3681,7.8317,15.0623,10.9308,0,REST
1810,7.0703125,-14.9349,10.1152,9.3548,15.6586,0,REST
1811,7.07421875,-9.6205,12.3174,9.9681,13.2108,0,REST
1812,7.078125,-12.9919,10.1043,5.2176,11.8894,0,REST
1813,7.08203125,-7.9067,9.7959,3.8405,9.736,0,REST
1814,7.0859375,-6.8221,10.1587,0.9817,4.4717,0,REST
1815,7.08984375,-4.1055,4.6689,0.6693,2.7531,0,REST
1816,7.09375,1.4318,5.1567,-8.6986,-1.0369,0,REST
1817,7.09765625,2.0023,3.5736,-5.6403,-3.8851,0,REST
1818,7.1015625,6.395,1.1055,-5.6193,-4.6738,0,REST
1819,7.10546875,8.3693,-1.3865,-9.5678,-8.6148,0,REST
1820,7.109375,5.8149,-6.8845,-12.9358,-11.8645,0,REST
1821,7.11328125,9.4814,-6.1702,-11.5712,-12.6526,0,REST
1822,7.1171875,8.3823,-4.1463,-7.9832,-12.92,0,REST
1823,7.12109375,7.9501,-10.7595,-10.4481,-9.9816,0,REST
1824,7.125,5.1165,-12.2386,-3.1817,-8.5348,0,REST
1825,7.12890625,5.8214,-4.4925,-1.6886,-4.662,0,REST
1826,7.1328125,2.5238,-10.5804,-2.6695,-3.3182,0,REST
1827,7.13671875,-0.976,-4.3537,0.9524,0.2189,0,REST
1828,7.140625,-1.9,-1.948,4.2628,0.8234,0,REST
1829,7.14453125,-1.946,-2.3835,4.7246,1.7776,0,REST
1830,7.1484375,-4.1096,1.1792,3.1193,2.0397,0,REST
1831,7.15234375,-5.7443,2.0069,5.4747,9.4729,0,REST
1832,7.15625,-5.9283,1.8514,5.5476,10.3566,0,REST
1833,7.16015625,-5.1293,3.5799,9.0566,11.1473,0,REST
1834,7.1640625,-4.3433,7.4303,5.5049,9.8808,0,REST
1835,7.16796875,-7.5091,7.763,4.2392,9.7512,0,REST
1836,7.171875,-5.4541,7.8057,5.0592,6.6259,0,REST
1837,7.17578125,-7.8834,6.8647,0.4381,7.5159,0,REST
1838,7.1796875,-2.1582,7.1611,3.3441,0.1673,0,REST
1839,7.18359375,-3.9049,5.6485,-3.7355,-4.2838,0,REST
1840,7.1875,-2.8725,3.8535,-0.8929,-2.9185,0,REST
1841,7.19140625,-0.6912,0.7435,-0.8283,-6.9391,0,REST
1842,7.1953125,1.0622,-2.6044,-4.7303,-4.7622,0,REST
1843,7.19921875,2.3028,-1.0139,-4.8277,-11.7743,0,REST
1844,7.203125,0.8514,-3.6941,-3.7541,-9.2386,0,REST
1845,7.20703125,0.9475,-6.588,-4.1337,-8.4513,0,REST
1846,7.2109375,6.1862,-4.1109,-4.7864,-8.4537,0,REST
1847,7.21484375,8.507,-1.4469,-2.4156,-7.389,0,REST
1848,7.21875,4.1567,-1.3107,-4.2397,-5.5909,0,REST
1849,7.22265625,2.6467,-7.1413,2.6911,-2.6494,0,REST
1850,7.2265625,4.9129,-6.6957,0.984,-2.0252,0,REST
1851,7.23046875,2.2026,-2.0147,-0.3551,-0.15,0,REST
1852,7.234375,1.3801,-2.2406,-3.3821,6.3313,0,REST
1853,7.23828125,-0.1305,-4.7797,2.4938,4.0593,0,REST
1854,7.2421875,1.7743,-2.9229,0.1021,7.7868,0,REST
1855,7.24609375,3.1677,0.567,-0.9143,6.3181,0,REST
1856,7.25,0.4911,2.4922,-1.4401,8.8122,0,REST
1857,7.25390625,0.7015,3.1355,-0.0615,6.4848,0,REST
1858,7.2578125,-2.192,3.1824,-0.7072,6.4821,0,REST
1859,7.26171875,2.769,2.4399,3.3585,5.7714,0,REST
1860,7.265625,-2.6729,6.0673,-0.2592,5.3817,0,REST
1861,7.26953125,-3.9587,5.2167,2.767,4.2395,0,REST
1862,7.2734375,-0.644,2.575,2.9947,2.3715,0,REST
1863,7.27734375,-4.1423,1.3464,2.3744,-3.2723,0,REST
1864,7.28125,-4.8747,4.7095,3.6433,-5.0273,0,REST
1865,7.28515625,-0.5252,1.2496,3.8644,-0.208,0,REST
1866,7.2890625,-6.3293,0.7513,2.8444,-5.2066,0,REST
1867,7.29296875,-3.2449,2.811,5.8513,-0.3275,0,REST
1868,7.296875,-0.2344,2.842,4.938,-5.078,0,REST
1869,7.30078125,-3.6295,0.1667,-0.0808,-2.6642,0,REST
1870,7.3046875,-1.0764,1.7102,-1.3743,-6.3711,0,REST
1871,7.30859375,0.7406,1.8983,0.2062,-4.5361,0,REST
1872,7.3125,-2.3748,-0.162,0.597,-4.4345,0,REST
1873,7.31640625,1.8025,-2.4233,1.1928,1.5105,0,REST
1874,7.3203125,1.2427,-3.6635,-8.751,-5.4473,0,REST
1875,7.32421875,4.0706,-0.1524,-2.9291,-0.1623,0,REST
1876,7.328125,2.8215,-2.9009,-6.808,1.2137,0,REST
1877,7.33203125,7.261,-3.8621,-9.1765,-0.9686,0,REST
1878,7.3359375,6.1413,-1.442,-6.8604,0.2062,0,REST
1879,7.33984375,5.3034,-2.9429,-5.0463,3.3869,0,REST
1880,7.34375,6.6963,-1.9686,-5.0389,0.0524,0,REST
1881,7.34765625,2.0008,-2.9248,-6.0313,1.4065,0,REST
1882,7.3515625,3.2127,-3.3272,-5.2901,-2.0935,0,REST
1883,7.35546875,1.8301,-2.2165,0.1085,3.3451,0,REST
1884,7.359375,1.3652,-1.9991,2.6237,3.1415,0,REST
1885,7.36328125,-1.7285,4.4618,7.2096,4.703,0,REST
1886,7.3671875,-3.5778,0.4134,5.0074,5.3748,0,REST
1887,7.37109375,-3.0064,3.7183,7.4144,3.2111,0,REST
1888,7.375,-4.7272,3.5781,8.5373,-0.5155,0,REST
1889,7.37890625,-9.5628,5.3901,11.3429,5.5292,0,REST
1890,7.3828125,-8.4318,2.6882,9.2833,3.2952,0,REST
1891,7.38671875,-9.3809,7.001,4.7352,2.3357,0,REST
1892,7.390625,-11.3772,7.3036,9.2989,-0.0329,0,REST
1893,7.39453125,-9.3908,3.8452,7.4063,-4.2675,0,REST
1894,7.3984375,-3.1574,1.994,3.1393,-1.8619,0,REST
1895,7.40234375,-2.6998,5.2441,3.1687,-3.9227,0,REST
1896,7.40625,1.0432,3.3544,-2.7117,-4.6176,0,REST
1897,7.41015625,2.57,0.5772,-4.3881,-3.7208,0,REST
1898,7.4140625,5.3866,-5.2262,-6.4605,-6.6354,0,REST
1899,7.41796875,12.6895,-1.8406,-6.4688,-5.6563,0,REST
1900,7.421875,11.1426,-1.7643,-9.3707,-2.5048,0,REST
1901,7.42578125,11.1221,-4.7405,-10.0653,-5.9265,0,REST
1902,7.4296875,12.5113,-2.5388,-11.5657,-1.5396,0,REST
1903,7.43359375,12.1804,-9.1706,-14.0399,-1.306,0,REST
1904,7.4375,11.0629,-8.2891,-14.1968,3.5558,0,REST
1905,7.44140625,8.1503,-5.9957,-10.0037,1.2984,0,REST
1906,7.4453125,6.3491,-6.5133,-4.6363,0.9553,0,REST
1907,7.44921875,1.6733,-6.6959,-4.0396,5.2399,0,REST
1908,7.453125,-1.24,-5.7496,0.0602,7.8254,0,REST
1909,7.45703125,-3.8336,-0.7427,0.6094,5.5686,0,REST
1910,7.4609375,-7.7871,-1.1644,5.19,4.6169,0,REST
1911,7.46484375,-4.9028,2.1839,9.1229,7.6643,0,REST
1912,7.46875,-14.1791,5.6797,18.0261,9.2559,0,REST
1913,7.47265625,-10.2172,5.2131,9.5653,8.225,0,REST
1914,7.4765625,-14.3715,8.3191,12.7158,4.0479,0,REST
1915,7.48046875,-14.1322,8.9581,13.0882,4.3401,0,REST
1916,7.484375,-11.8635,9.2246,13.2273,2.4856,0,REST
1917,7.48828125,-11.9703,3.7912,12.2531,0.5727,0,REST
1918,7.4921875,-8.3992,5.5897,9.5938,-3.9145,0,REST
1919,7.49609375,-3.9867,6.564,4.2215,-7.2554,0,REST
1920,7.5,0.1138,7.5698,0.8149,-9.3566,0,REST
1921,7.50390625,5.9017,4.3787,-6.0962,-11.0094,0,REST
1922,7.5078125,7.4599,-1.138,-6.3142,-12.2798,0,REST
1923,7.51171875,10.5799,-5.7039,-8.6318,-10.4311,0,REST
1924,7.515625,8.5303,-3.9418,-10.7241,-10.961,0,REST
1925,7.51953125,10.3081,-6.4945,-13.8639,-6.5123,0,REST
1926,7.5234375,14.8238,-12.0465,-14.3528,-8.4135,0,REST
1927,7.52734375,13.2108,-10.3217,-11.4736,-3.1254,0,REST
1928,7.53125,14.172,-10.755,-10.6552,0.9841,0,REST
1929,7.53515625,9.5922,-9.2455,-9.189,1.6836,0,REST
1930,7.5390625,4.7929,-8.522,-7.1322,5.6708,0,REST
1931,7.54296875,2.5186,-6.5576,0.0115,9.2124,0,REST
1932,7.546875,0.3544,-5.1753,-1.4047,9.8162,0,REST
1933,7.55078125,-1.4913,-0.3617,0.8112,11.9611,0,REST
1934,7.5546875,-6.505,0.2568,7.005,10.1836,0,REST
1935,7.55859375,-7.5356,-1.473,8.9807,9.9624,0,REST
1936,7.5625,-15.5726,4.1213,12.4961,9.1136,0,REST
1937,7.56640625,-11.9118,3.2074,10.8009,6.0281,0,REST
1938,7.5703125,-13.0708,11.3455,12.3926,6.6621,0,REST
1939,7.57421875,-11.3769,11.4559,7.5325,-1.5081,0,REST
1940,7.578125,-7.8881,10.0396,10.2191,-0.6736,0,REST
1941,7.58203125,-9.8296,10.1745,8.7842,-1.2163,0,REST
1942,7.5859375,-4.0348,9.6397,7.2107,-7.7662,0,REST
1943,7.58984375,2.1094,10.8923,5.3477,-3.418,0,REST
1944,7.59375,2.2807,6.8103,-1.9099,-11.7276,0,REST
1945,7.59765625,5.1547,3.9713,-0.8323,-14.0971,0,REST
1946,7.6015625,5.3512,0.6159,-0.385,-9.9174,0,REST
1947,7.60546875,8.0917,-3.2011,-7.8204,-9.9868,0,REST
1948,7.609375,10.7026,-4.9162,-8.1567,-9.9421,0,REST
1949,7.61328125,12.8487,-6.7658,-8.857,-9.9335,0,REST
1950,7.6171875,9.4305,-10.3497,-10.2081,1.6585,0,REST
1951,7.62109375,7.8512,-14.308,-2.6946,1.4117,0,REST
1952,7.625,6.7344,-14.0714,-12.6386,2.0572,0,REST
1953,7.62890625,7.4242,-11.8494,-5.3951,8.9952,0,REST
1954,7.6328125,3.2686,-9.6546,-7.7522,9.9378,0,REST
1955,7.63671875,-0.6557,-7.7278,-7.3506,13.6999,0,REST
1956,7.640625,-0.1499,-9.043,1.908,13.722,0,REST
1957,7.64453125,-2.9054,-6.5738,1.8989,15.6462,0,REST
1958,7.6484375,-2.8477,-2.6605,0.6438,8.3893,0,REST
1959,7.65234375,-3.8112,2.5272,5.8972,11.8717,0,REST
1960,7.65625,-8.0055,8.9708,7.5034,6.1985,0,REST
1961,7.66015625,-6.4349,9.5645,7.1843,4.3893,0,REST
1962,7.6640625,-10.8058,10.2119,7.6472,-0.0017,0,REST
1963,7.66796875,-4.6544,13.1701,5.3464,-5.6534,0,REST
1964,7.671875,-8.0325,11.9419,8.2611,-1.5952,0,REST
1965,7.67578125,-3.149,11.7196,8.7239,-9.6673,0,REST
1966,7.6796875,-4.1387,7.9992,2.2592,-12.3502,0,REST
1967,7.68359375,0.2366,9.7282,2.282,-13.7648,0,REST
1968,7.6875,0.5731,8.1794,2.5164,-12.7825,0,REST
1969,7.69140625,1.4785,4.3109,-0.526,-15.2337,0,REST
1970,7.6953125,2.0755,0.1596,-1.3284,-12.0693,0,REST
1971,7.69921875,4.5693,-0.2623,-2.6866,-9.3622,0,REST
1972,7.703125,1.9217,-5.5694,-1.0313,-10.419,0,REST
1973,7.70703125,3.3122,-8.5122,-3.7429,-2.5243,0,REST
1974,7.7109375,4.0562,-15.5268,-3.099,-1.0605,0,REST
1975,7.71484375,7.7985,-12.9679,-1.0205,4.126,0,REST
1976,7.71875,2.5092,-12.3868,-4.4184,3.9556,0,REST
1977,7.72265625,2.1084,-13.6503,1.7071,9.6767,0,REST
1978,7.7265625,3.5022,-11.4616,-1.2418,9.7548,0,REST
1979,7.73046875,3.5656,-9.8656,0.1141,11.6593,0,REST
1980,7.734375,-0.5982,-5.25,-5.6189,10.4775,0,REST
1981,7.73828125,-1.2089,-4.9602,-1.6772,10.8207,0,REST
1982,7.7421875,-1.2085,3.28,-0.5856,5.6287,0,REST
1983,7.74609375,0.3141,5.7501,-0.8174,2.4925,0,REST
1984,7.75,-0.7474,2.6261,-0.6538,3.3095,0,REST
1985,7.75390625,-1.0502,6.6844,-1.2717,2.0185,0,REST
1986,7.7578125,-0.4327,10.049,0.2151,-1.9595,0,REST
1987,7.76171875,-4.8411,8.7491,4.0727,-0.9662,0,REST
1988,7.765625,-6.1329,10.8793,4.3817,-7.4195,0,REST
1989,7.76953125,-5.05,11.6762,-0.141,-8.6215,0,REST
1990,7.7734375,-3.9661,11.8488,1.5008,-7.2669,0,REST
1991,7.77734375,-1.2355,10.0568,2.0051,-12.0597,0,REST
1992,7.78125,-4.1462,7.9963,4.0629,-9.8421,0,REST
1993,7.78515625,-2.102,2.7441,4.8754,-9.0504,0,REST
1994,7.7890625,-2.553,-0.9203,4.0002,-9.7654,0,REST
1995,7.79296875,-3.6082,2.0767,3.6868,-6.9265,0,REST
1996,7.796875,0.2214,-9.1315,3.1517,-3.4218,0,REST
1997,7.80078125,-2.4028,-6.7712,3.3801,-1.8253,0,REST
1998,7.8046875,-2.6888,-9.7004,2.6752,4.1963,0,REST
1999,7.80859375,-0.4822,-11.0608,2.7524,2.7907,0,REST
2000,7.8125,3.0001,-14.4308,1.8587,5.7708,0,REST
2001,7.81640625,3.808,-8.6689,3.1255,8.5269,0,REST
2002,7.8203125,5.9293,-10.2847,-2.6874,8.6098,0,REST
2003,7.82421875,5.7601,-5.9637,-5.0483,10.0851,0,REST
2004,7.828125,4.8613,-7.4995,1.2268,8.1711,0,REST
2005,7.83203125,9.6881,-4.3429,-7.7522,8.8576,0,REST
2006,7.8359375,9.6554,-0.6625,-7.043,5.5001,0,REST
2007,7.83984375,6.1209,0.4916,-5.2369,4.138,0,REST
2008,7.84375,9.4084,5.4577,-5.6315,-1.3475,0,REST
2009,7.84765625,3.7325,10.1283,-8.4289,-3.771,0,REST
2010,7.8515625,5.2737,11.8509,-5.6983,-2.8165,0,REST
2011,7.85546875,3.8626,10.9855,-2.9253,-3.747,0,REST
2012,7.859375,3.0503,11.6863,-8.9268,-8.7304,0,REST
2013,7.86328125,1.185,8.3224,-2.6348,-6.8366,0,REST
2014,7.8671875,-2.6094,9.1465,-2.6394,0.7312,0,REST
2015,7.87109375,-5.4446,3.5938,5.2411,-4.4585,0,REST
2016,7.875,-8.8905,5.6498,7.1847,-2.7877,0,REST
2017,7.87890625,-11.2971,1.805,7.5039,-4.0018,0,REST
2018,7.8828125,-14.2859,-3.1856,13.0552,-3.2153,0,REST
2019,7.88671875,-8.9689,-1.1507,10.2952,-4.1932,0,REST
2020,7.890625,-10.8145,-3.6303,8.87,0.7447,0,REST
2021,7.89453125,-4.5045,-5.3087,6.8917,-0.7147,0,REST
2022,7.8984375,-5.1839,-6.8666,12.071,0.6178,0,REST
2023,7.90234375,-1.008,-11.6813,7.4441,-0.6436,0,REST
2024,7.90625,-1.2737,-7.0777,6.253,2.3771,0,REST
2025,7.91015625,4.2132,-8.1387,5.4402,2.3903,0,REST
2026,7.9140625,6.6551,-8.4363,2.4004,4.3077,0,REST
2027,7.91796875,7.7081,-4.7052,-3.6883,3.3277,0,REST
2028,7.921875,8.8375,-7.4572,-6.5474,1.8511,0,REST
2029,7.92578125,8.1926,0.1422,-11.261,5.9463,0,REST
2030,7.9296875,13.6728,-1.8623,-12.2022,-2.458,0,REST
2031,7.93359375,9.9523,4.7354,-12.7081,5.5744,0,REST
2032,7.9375,9.4467,4.2798,-10.3306,0.1984,0,REST
2033,7.94140625,10.3113,2.1015,-10.1882,4.3147,0,REST
2034,7.9453125,5.2857,4.1558,-9.9366,0.9196,0,REST
2035,7.94921875,2.0953,8.4447,-8.0554,2.0442,0,REST
2036,7.953125,1.5806,7.8322,-8.2349,4.3561,0,REST
2037,7.95703125,-2.0089,5.9526,-4.7129,2.3505,0,REST
2038,7.9609375,-8.1631,3.7608,-2.1373,0.506,0,REST
2039,7.96484375,-7.5626,4.1403,4.1523,0.8893,0,REST
2040,7.96875,-9.0804,2.6225,4.55,-0.873,0,REST
2041,7.97265625,-10.6932,0.4269,8.3559,-2.5339,0,REST
2042,7.9765625,-14.3833,-0.2593,13.0794,0.4019,0,REST
2043,7.98046875,-14.1841,0.5813,13.1977,-5.0873,0,REST
2044,7.984375,-10.121,-4.6545,11.4917,-5.2095,0,REST
2045,7.98828125,-8.0962,-3.1468,12.2,-1.4041,0,REST
2046,7.9921875,-10.1524,-2.0285,14.8808,-1.0011,0,REST
2047,7.99609375,-4.6445,-4.56,8.996,-6.1387,0,REST
2048,8.0,-1.5707,-1.8644,10.9933,-2.4895,0,REST
2049,8.00390625,2.275,-5.2683,6.0604,-1.5027,0,REST
2050,8.0078125,5.8826,-5.8731,-0.6288,-3.1586,0,REST
2051,8.01171875,9.2049,-0.0032,-1.589,-1.1322,0,REST
2052,8.015625,12.8897,-2.873,-0.6414,0.2199,0,REST
2053,8.01953125,12.5885,0.2953,-6.9147,2.1236,0,REST
2054,8.0234375,16.1155,-2.6765,-9.3128,4.0212,0,REST
2055,8.02734375,13.6596,2.3771,-10.683,4.9346,0,REST
2056,8.03125,9.7593,2.7328,-10.0342,8.8814,0,REST
2057,8.03515625,9.1605,4.2195,-11.5048,6.9376,0,REST
2058,8.0390625,5.0762,2.4344,-9.5695,6.129,0,REST
2059,8.04296875,0.6417,1.7068,-8.2925,6.6045,0,REST
2060,8.046875,2.579,1.0169,-5.9143,4.2207,0,REST
2061,8.05078125,-5.8995,7.9355,-7.2438,2.705,0,REST
2062,8.0546875,-8.6649,4.4853,-1.8902,2.2051,0,REST
2063,8.05859375,-7.2528,1.5424,-0.9035,-1.852,0,REST
2064,8.0625,-10.8706,3.117,2.2261,-4.1708,0,REST
2065,8.06640625,-8.964,3.583,6.5037,-4.1162,0,REST
2066,8.0703125,-10.6523,-1.8876,7.2676,-10.8262,0,REST
2067,8.07421875,-15.6882,0.7982,11.2538,-9.4938,0,REST
2068,8.078125,-11.374,2.0864,7.107,-9.1057,0,REST
2069,8.08203125,-9.3878,0.8002,13.3131,-8.1238,0,REST
2070,8.0859375,-7.2688,4.522,9.415,-10.3676,0,REST
2071,8.08984375,1.8332,-0.3407,10.538,-7.7915,0,REST
2072,8.09375,-1.5157,-2.8343,8.3472,-5.8534,0,REST
2073,8.09765625,3.2877,-4.2801,6.7236,-5.1052,0,REST
2074,8.1015625,7.4328,-1.3363,3.3964,-3.1701,0,REST
2075,8.10546875,5.379,-0.6528,-2.6286,2.3896,0,REST
2076,8.109375,10.6302,-5.1111,-2.9644,6.94,0,REST
2077,8.11328125,11.4669,-1.5213,-6.906,7.5801,0,REST
2078,8.1171875,12.0447,-4.3933,-6.6183,6.8126,0,REST
2079,8.12109375,9.623,0.0141,-12.141,11.4207,0,REST
2080,8.125,7.1664,-4.7577,-9.2814,9.4472,0,REST
2081,8.12890625,6.9154,-2.4896,-7.774,7.0282,0,REST
2082,8.1328125,0.9662,-6.4816,-7.9633,5.855,0,REST
2083,8.13671875,3.5023,-3.0452,-8.6178,8.8611,0,REST
2084,8.140625,0.1479,-5.0904,-6.9309,5.6321,0,REST
2085,8.14453125,-2.2793,-0.5364,-5.2477,3.2692,0,REST
2086,8.1484375,-1.5064,-1.5221,-1.9997,-0.2571,0,REST
2087,8.15234375,-4.4677,1.0281,0.4993,-3.7132,0,REST
2088,8.15625,-6.7673,2.8855,-1.0449,-1.0978,0,REST
2089,8.16015625,-5.0647,2.6156,-2.418,-9.1196,0,REST
2090,8.1640625,-9.3892,5.2865,2.4424,-10.2159,0,REST
2091,8.16796875,-6.3115,5.5581,9.9223,-15.9843,0,REST
2092,8.171875,-3.0956,6.6285,8.3775,-11.7661,0,REST
2093,8.17578125,-7.8515,2.8671,8.6639,-11.7204,0,REST
2094,8.1796875,-5.0121,5.8449,6.8278,-11.0201,0,REST
2095,8.18359375,-1.2951,5.713,2.7273,-7.2004,0,REST
2096,8.1875,-2.3249,5.3845,4.8073,-4.0105,0,REST
2097,8.19140625,-0.7237,1.1232,1.6548,-2.5323,0,REST
2098,8.1953125,3.4651,3.9957,3.4901,-1.082,0,REST
2099,8.19921875,3.3297,0.6904,-3.0674,5.4206,0,REST
2100,8.203125,5.9657,-2.0518,2.4088,10.8039,0,REST
2101,8.20703125,4.4253,-3.9895,0.4572,10.4614,0,REST
2102,8.2109375,3.3217,-5.6141,-2.4359,11.0751,0,REST
2103,8.21484375,1.4817,-7.1317,-4.234,11.8516,0,REST
2104,8.21875,4.1076,-6.7493,-3.7099,13.0341,0,REST
2105,8.22265625,4.0277,-8.2531,-5.1208,14.9043,0,REST
2106,8.2265625,2.2015,-3.4059,-1.967,11.0179,0,REST
2107,8.23046875,1.9592,-7.1491,-3.7388,2.5089,0,REST
2108,8.234375,2.5921,-3.2521,-4.6693,5.7618,0,REST
2109,8.23828125,1.0271,-2.6761,-3.8552,-0.0935,0,REST
2110,8.2421875,4.3259,-2.1386,-1.5227,-5.671,0,REST
2111,8.24609375,3.1369,-0.4874,-0.6776,-6.7448,0,REST
2112,8.25,-1.4505,3.3777,-7.0523,-10.1256,0,REST
2113,8.25390625,-0.1981,3.481,-1.0501,-9.4128,0,REST
2114,8.2578125,-1.3944,7.7528,2.7539,-9.3913,0,REST
2115,8.26171875,-0.6773,8.2879,-3.806,-14.7616,0,REST
2116,8.265625,-2.8622,6.9963,-1.0732,-11.6193,0,REST
2117,8.26953125,-3.0845,13.3898,-0.6548,-11.5923,0,REST
2118,8.2734375,-0.3941,6.9494,0.9356,-9.2517,0,REST
2119,8.27734375,-2.3624,10.7225,-1.1416,-2.1858,0,REST
2120,8.28125,-5.0283,8.4269,0.8603,-0.9904,0,REST
2121,8.28515625,-4.9232,4.5136,1.9922,2.433,0,REST
2122,8.2890625,-2.8537,1.2926,3.8173,8.0049,0,REST
2123,8.29296875,-4.6724,-0.2105,3.95,8.4475,0,REST
2124,8.296875,-3.4059,-2.5433,3.2506,11.8969,0,REST
2125,8.30078125,-0.0227,-1.9405,10.2822,10.4889,0,REST
2126,8.3046875,-4.3179,-9.1842,4.975,14.3599,0,REST
2127,8.30859375,-0.2694,-8.0255,8.2407,11.1852,0,REST
2128,8.3125,-0.0403,-8.0791,4.6956,7.3469,0,REST
2129,8.31640625,1.598,-6.5405,2.5496,8.2684,0,REST
2130,8.3203125,5.3406,-11.6966,2.2927,5.77,0,REST
2131,8.32421875,5.6617,-8.1337,2.3721,7.3258,0,REST
2132,8.328125,5.7894,-7.9677,-0.3897,0.6155,0,REST
2133,8.33203125,11.7828,-6.7172,-3.8149,-2.2779,0,REST
2134,8.3359375,5.7804,-0.6222,-5.9867,-2.2739,0,REST
2135,8.33984375,9.1081,-0.3709,-7.2811,-8.7597,0,REST
2136,8.34375,5.2677,4.1379,-7.4773,-10.6247,0,REST
2137,8.34765625,3.7509,6.4609,-5.4259,-8.3423,0,REST
2138,8.3515625,6.0944,8.6374,-9.4266,-10.5448,0,REST
2139,8.35546875,2.3319,9.9532,-8.0467,-8.0292,0,REST
2140,8.359375,0.0034,10.5644,-4.865,-6.0948,0,REST
2141,8.36328125,-2.6427,14.0319,-8.0015,-4.4402,0,REST
2142,8.3671875,-1.9658,11.4295,-7.5802,-4.6402,0,REST
2143,8.37109375,-8.2775,10.5305,-0.4425,1.6809,0,REST
2144,8.375,-8.8644,10.3549,2.1741,3.1615,0,REST
2145,8.37890625,-7.1172,3.5877,6.7238,4.4574,0,REST
2146,8.3828125,-11.5827,1.8627,4.0639,5.6229,0,REST
2147,8.38671875,-8.2626,0.7463,5.6787,9.4002,0,REST
2148,8.390625,-10.9853,-5.839,6.4121,5.8063,0,REST
2149,8.39453125,-6.9548,-5.4553,9.7611,8.0409,0,REST
2150,8.3984375,-5.5756,-6.0443,8.9234,7.0199,0,REST
2151,8.40234375,-7.1453,-14.0113,10.034,8.8303,0,REST
2152,8.40625,-4.174,-14.2094,9.8158,4.1239,0,REST
2153,8.41015625,4.5522,-13.5657,12.3466,3.8893,0,REST
2154,8.4140625,6.5407,-10.9415,3.8118,1.7442,0,REST
2155,8.41796875,8.3546,-12.5811,7.0318,1.3138,0,REST
2156,8.421875,8.2755,-11.2868,4.8825,-2.0347,0,REST
2157,8.42578125,11.2095,-5.0855,-1.4619,-0.2757,0,REST
2158,8.4296875,12.6505,-0.5276,-8.819,-7.6137,0,REST
2159,8.43359375,12.0964,0.7521,-10.9877,-6.5308,0,REST
2160,8.4375,8.8824,6.5776,-10.6609,-5.3844,0,REST
2161,8.44140625,9.655,7.8351,-11.2184,-6.4848,0,REST
2162,8.4453125,6.4898,9.3139,-13.9339,-5.4089,0,REST
2163,8.44921875,5.1805,11.1997,-13.959,-4.6794,0,REST
2164,8.453125,2.0943,13.5852,-13.4331,-5.6925,0,REST
2165,8.45703125,-1.7789,14.8217,-9.4415,-2.1493,0,REST
2166,8.4609375,-4.7579,13.811,-8.0049,-1.2744,0,REST
2167,8.46484375,-8.4761,10.6053,-4.9766,1.6162,0,REST
2168,8.46875,-14.1019,8.4587,-5.7377,-2.5324,0,REST
2169,8.47265625,-14.2471,5.9948,0.2175,8.5685,0,REST
2170,8.4765625,-10.783,1.2047,5.0973,3.038,0,REST
2171,8.48046875,-9.6759,-0.6643,7.0413,4.0566,0,REST
2172,8.484375,-12.0721,-4.3226,10.4146,3.9484,0,REST
2173,8.48828125,-9.8499,-4.8008,10.5844,5.2785,0,REST
2174,8.4921875,-8.05,-9.5013,11.8292,5.1492,0,REST
2175,8.49609375,-3.5437,-9.8781,13.0435,6.9138,0,REST
2176,8.5,-2.0048,-9.1509,12.6019,0.8649,0,REST
2177,8.50390625,0.2918,-14.2075,13.7205,6.9242,0,REST
2178,8.5078125,2.8653,-15.5701,7.9188,3.0665,0,REST
2179,8.51171875,9.85,-9.6392,7.1826,-0.6585,0,REST
2180,8.515625,7.5345,-7.8985,2.9743,-0.3104,0,REST
2181,8.51953125,8.8462,-7.8989,0.1879,-1.3736,0,REST
2182,8.5234375,13.5126,-3.0963,-2.2981,-2.2959,0,REST
2183,8.52734375,11.3941,1.4758,-5.0571,2.1191,0,REST
2184,8.53125,10.6881,4.924,-8.1994,-2.1723,0,REST
2185,8.53515625,7.4771,6.0118,-9.605,3.8302,0,REST
2186,8.5390625,7.7301,11.0899,-14.4412,-3.5707,0,REST
2187,8.54296875,4.3632,6.5341,-14.7321,-0.9542,0,REST
2188,8.546875,2.8621,13.9394,-10.2146,-3.2695,0,REST
2189,8.55078125,-2.5084,12.0427,-9.5916,0.7301,0,REST
2190,8.5546875,-4.3234,13.5366,-9.5683,-3.4386,0,REST
2191,8.55859375,-10.3266,8.4743,-5.3621,-4.2802,0,REST
2192,8.5625,-9.6658,8.6501,-5.1039,-6.5559,0,REST
2193,8.56640625,-11.9191,6.5464,1.8696,-3.7468,0,REST
2194,8.5703125,-10.7151,1.9864,5.2079,-5.13,0,REST
2195,8.57421875,-8.5175,1.1302,4.9515,-4.3437,0,REST
2196,8.578125,-10.9875,-3.8202,5.5593,-0.9104,0,REST
2197,8.58203125,-9.2367,-7.1401,5.7575,0.795,0,REST
2198,8.5859375,-2.7133,-8.737,12.5572,-2.1064,0,REST
2199,8.58984375,-3.8251,-11.0155,6.3263,2.0907,0,REST
2200,8.59375,2.2722,-9.5457,11.1681,4.3389,0,REST
2201,8.59765625,1.8226,-12.3169,8.2117,4.7211,0,REST
2202,8.6015625,3.1177,-12.0045,4.7693,5.7494,0,REST
2203,8.60546875,7.3355,-8.9265,4.6588,5.1736,0,REST
2204,8.609375,10.7032,-8.7712,2.7528,3.1653,0,REST
2205,8.61328125,12.1605,-5.766,-0.6192,8.1388,0,REST
2206,8.6171875,8.7122,-3.1449,0.4289,5.4626,0,REST
2207,8.62109375,5.6836,0.1647,-3.4807,3.7833,0,REST
2208,8.625,8.8487,-1.091,-5.2991,3.8834,0,REST
2209,8.62890625,6.1352,6.198,-9.579,-0.8485,0,REST
2210,8.6328125,4.9621,5.5057,-7.6637,-3.3918,0,REST
2211,8.63671875,4.2389,9.9215,-8.8917,-2.5439,0,REST
2212,8.640625,-4.8825,12.3149,-8.599,-4.0141,0,REST
2213,8.64453125,-2.9829,9.7912,-7.2453,-4.773,0,REST
2214,8.6484375,-1.8146,5.9834,-6.5768,-11.7923,0,REST
2215,8.65234375,-4.9592,7.5622,-2.8297,-9.1464,0,REST
2216,8.65625,-4.1705,6.7624,-2.5905,-7.0005,0,REST
2217,8.66015625,-4.1218,1.9556,-1.6865,-6.9368,0,REST
2218,8.6640625,-8.8955,3.1279,2.9871,-7.2268,0,REST
2219,8.66796875,-6.9374,0.2948,1.2079,-1.2609,0,REST
2220,8.671875,-4.3921,-3.6133,5.633,-3.0768,0,REST
2221,8.67578125,-2.9559,-7.7053,4.7216,0.7883,0,REST
2222,8.6796875,-6.6427,-9.141,3.1025,5.1365,0,REST
2223,8.68359375,-3.1643,-9.8705,3.3689,0.4545,0,REST
2224,8.6875,-1.3956,-11.625,6.5487,9.426,0,REST
2225,8.69140625,-0.8812,-6.1199,4.7057,7.4727,0,REST
2226,8.6953125,1.3167,-9.277,6.7729,9.2111,0,REST
2227,8.69921875,4.4355,-9.0548,5.2446,11.2207,0,REST
2228,8.703125,4.3481,-8.4592,0.2808,11.2851,0,REST
2229,8.70703125,5.3026,-6.098,0.716,8.0507,0,REST
2230,8.7109375,2.7653,-0.9437,-2.4343,3.2945,0,REST
2231,8.71484375,2.593,-0.625,0.3187,1.4961,0,REST
2232,8.71875,4.6976,3.7835,1.8362,4.2975,0,REST
2233,8.72265625,5.4302,4.5973,-4.1053,-1.6601,0,REST
2234,8.7265625,3.6134,3.2771,-0.3352,-5.9014,0,REST
2235,8.73046875,1.5166,3.5659,-1.983,-7.4976,0,REST
2236,8.734375,3.4756,7.1909,-3.3669,-9.9775,0,REST
2237,8.73828125,1.6087,4.1758,-2.8854,-10.5943,0,REST
2238,8.7421875,2.2424,6.2658,-0.9116,-11.8555,0,REST
2239,8.74609375,-0.2019,6.6743,-1.3791,-11.7561,0,REST
2240,8.75,2.472,8.0791,-4.436,-8.973,0,REST
2241,8.75390625,0.7954,4.998,0.5826,-11.2937,0,REST
2242,8.7578125,-2.9036,1.7402,-7.3807,-2.1512,0,REST
2243,8.76171875,-3.263,-0.2896,-2.5541,0.2372,0,REST
2244,8.765625,-5.8612,-1.0442,-3.138,0.9707,0,REST
2245,8.76953125,-2.2932,-0.0671,1.6297,1.9943,0,REST
2246,8.7734375,-2.8093,-4.933,-6.0192,2.6391,0,REST
2247,8.77734375,-8.0369,-1.2976,0.9855,8.7604,0,REST
2248,8.78125,-6.7014,-0.7236,-1.043,8.949,0,REST
2249,8.78515625,-5.9349,-4.5307,-2.8277,10.7451,0,REST
2250,8.7890625,-1.4919,-1.5054,3.6338,15.0835,0,REST
2251,8.79296875,-2.5368,-3.1457,1.8624,12.3728,0,REST
2252,8.796875,-2.0834,-2.0434,2.8198,11.3779,0,REST
2253,8.80078125,-2.1957,-4.5067,8.0184,9.8882,0,REST
2254,8.8046875,-5.7443,-1.932,5.06,4.3433,0,REST
2255,8.80859375,1.2415,-3.8356,6.3279,-0.1905,0,REST
2256,8.8125,3.3709,1.3101,6.158,-2.6614,0,REST
2257,8.81640625,2.7041,1.3539,6.6179,-5.647,0,REST
2258,8.8203125,4.8022,-1.6361,6.3328,-11.0417,0,REST
2259,8.82421875,7.1849,1.5158,6.7517,-11.1403,0,REST
2260,8.828125,5.7628,0.1635,7.7522,-9.7551,0,REST
2261,8.83203125,5.4486,3.6692,3.1297,-15.113,0,REST
2262,8.8359375,7.0841,2.7737,-1.0296,-12.0535,0,REST
2263,8.83984375,6.3394,1.3022,0.2408,-7.3586,0,REST
2264,8.84375,7.778,0.8419,-6.3093,-10.2701,0,REST
2265,8.84765625,7.2172,2.0284,-2.464,-7.8492,0,REST
2266,8.8515625,7.2354,3.3152,-5.6121,-1.6052,0,REST
2267,8.85546875,-1.3239,3.5954,-5.1147,2.065,0,REST
2268,8.859375,2.2888,5.0729,-4.7854,6.9393,0,REST
2269,8.86328125,-1.634,1.353,-7.6096,6.9351,0,REST
2270,8.8671875,-4.8386,2.0403,-6.791,7.3316,0,REST
2271,8.87109375,-6.6849,1.4714,-7.9904,12.7606,0,REST
2272,8.875,-3.9749,3.7141,-6.3526,14.722,0,REST
2273,8.87890625,-9.8162,-2.2848,-5.042,14.5123,0,REST
2274,8.8828125,-8.1163,-2.3392,-3.0442,10.0471,0,REST
2275,8.88671875,-10.357,0.4006,-3.2802,9.745,0,REST
2276,8.890625,-9.6452,-4.681,3.1878,7.9586,0,REST
2277,8.89453125,-6.5787,-5.406,4.5111,1.9925,0,REST
2278,8.8984375,-5.4852,-3.2014,5.6392,1.744,0,REST
2279,8.90234375,-3.7962,-7.0113,9.1687,-1.7286,0,REST
2280,8.90625,1.9691,-6.0466,11.5703,-2.5534,0,REST
2281,8.91015625,2.157,-3.8226,10.4717,-7.952,0,REST
2282,8.9140625,6.7008,-2.8438,11.1776,-8.0499,0,REST
2283,8.91796875,6.8782,-4.9695,8.5927,-12.3984,0,REST
2284,8.921875,11.3491,-2.6002,9.7064,-7.8426,0,REST
2285,8.92578125,8.9502,-4.0292,8.6804,-12.1729,0,REST
2286,8.9296875,11.7343,-2.5838,-0.2254,-8.119,0,REST
2287,8.93359375,7.6252,1.7408,-0.2541,-7.1798,0,REST
2288,8.9375,11.213,-0.4065,-3.7888,-2.6931,0,REST
2289,8.94140625,7.4172,3.7013,-6.6206,-4.7828,0,REST
2290,8.9453125,4.2708,3.2658,-7.2304,1.0103,0,REST
2291,8.94921875,5.4162,6.7158,-6.3743,3.6964,0,REST
2292,8.953125,0.9798,5.2355,-14.6575,4.8946,0,REST
2293,8.95703125,-1.9882,4.2882,-13.1099,8.9743,0,REST
2294,8.9609375,-6.9009,5.1604,-14.4547,9.1662,0,REST
2295,8.96484375,-8.1823,2.6772,-9.3542,7.8056,0,REST
2296,8.96875,-7.1194,5.1853,-7.7653,3.8233,0,REST
2297,8.97265625,-14.1464,7.0463,-7.9047,11.5236,0,REST
2298,8.9765625,-12.2328,3.2473,-4.0435,8.1012,0,REST
2299,8.98046875,-12.7221,-1.9946,-1.1447,9.3769,0,REST
2300,8.984375,-17.7355,-1.5311,4.9162,1.953,0,REST
2301,8.98828125,-10.7061,-4.1288,2.3104,1.8837,0,REST
2302,8.9921875,-5.1027,-5.9193,13.9033,-1.9215,0,REST
2303,8.99609375,-4.0856,-6.9938,11.6135,-4.4769,0,REST
2304,9.0,-0.1284,-7.8383,6.5123,-3.1499,0,REST
2305,9.00390625,2.7415,-8.7865,11.5417,-5.32,0,REST
2306,9.0078125,6.3734,-9.0001,13.4358,-8.4374,0,REST
2307,9.01171875,10.1157,-10.1109,9.9856,-9.0372,0,REST
2308,9.015625,11.9078,-5.8509,9.6637,-9.1476,0,REST
2309,9.01953125,12.9106,-1.222,8.0217,-8.9791,0,REST
2310,9.0234375,12.2616,-3.7694,0.8803,-6.8688,0,REST
2311,9.02734375,12.1656,0.85,1.5647,-5.2247,0,REST
2312,9.03125,8.9611,3.901,-4.9959,-6.2611,0,REST
2313,9.03515625,10.0226,3.464,-3.45,-0.1646,0,REST
2314,9.0390625,2.5873,7.1276,-9.0893,1.6844,0,REST
2315,9.04296875,1.3374,7.1068,-11.8814,2.1804,0,REST
2316,9.046875,0.8966,7.2066,-12.5558,2.6308,0,REST
2317,9.05078125,-6.3391,8.8674,-10.7598,2.0178,0,REST
2318,9.0546875,-11.4402,8.4257,-13.1189,2.8931,0,REST
2319,9.05859375,-12.8555,8.1344,-9.2929,5.32,0,REST
2320,9.0625,-12.2923,9.7981,-7.1164,7.1596,0,REST
2321,9.06640625,-10.3191,7.1003,-8.8307,4.0897,0,REST
2322,9.0703125,-7.7514,9.3683,-6.4652,0.7619,0,REST
2323,9.07421875,-13.2219,2.6499,0.1703,2.6636,0,REST
2324,9.078125,-10.7984,-1.4381,3.537,4.2274,0,REST
2325,9.08203125,-10.6826,-2.3993,4.038,-0.4899,0,REST
2326,9.0859375,-1.9003,-4.3718,5.1991,0.9391,0,REST
2327,9.08984375,-5.1389,-8.4806,7.2558,-0.7973,0,REST
2328,9.09375,0.6266,-15.7925,10.0324,-0.9825,0,REST
2329,9.09765625,4.945,-10.6211,9.1686,-1.591,0,REST
2330,9.1015625,1.3535,-11.5552,12.6885,-3.1201,0,REST
2331,9.10546875,7.4322,-11.3025,8.4617,-4.8147,0,REST
2332,9.109375,10.5957,-9.6832,9.5759,-2.8726,0,REST
2333,9.11328125,9.431,-7.3409,9.8901,-4.0625,0,REST
2334,9.1171875,10.2583,-6.4781,5.4213,-0.4054,0,REST
2335,9.12109375,8.454,-0.9913,-0.888,-3.7425,0,REST
2336,9.125,9.9003,6.4649,2.1343,-4.3449,0,REST
2337,9.12890625,5.9919,5.199,-5.9229,-3.48,0,REST
2338,9.1328125,5.7478,8.1603,-4.628,-1.2814,0,REST
2339,9.13671875,-1.14,7.9493,-5.3466,-3.838,0,REST
2340,9.140625,-1.7489,10.4547,-6.645,-4.5559,0,REST
2341,9.14453125,-3.0016,14.2721,-12.5078,-1.0366,0,REST
2342,9.1484375,-7.465,11.3855,-11.1725,-2.2245,0,REST
2343,9.15234375,-8.8811,8.1277,-4.2866,0.3197,0,REST
2344,9.15625,-9.623,10.033,-6.3278,2.197,0,REST
2345,9.16015625,-6.4193,10.469,-6.6764,0.8806,0,REST
2346,9.1640625,-4.4031,5.1209,-1.7122,1.8836,0,REST
2347,9.16796875,-4.2612,1.3676,-0.6912,0.3839,0,REST
2348,9.171875,-7.3666,2.692,-1.2896,-0.698,0,REST
2349,9.17578125,-6.3719,-5.623,0.4655,2.5242,0,REST
2350,9.1796875,-5.3807,-5.6989,5.3492,5.8941,0,REST
2351,9.18359375,-1.13,-7.8646,0.6336,7.5342,0,REST
2352,9.1875,0.8863,-10.6089,6.991,4.315,0,REST
2353,9.19140625,-4.0444,-11.521,5.16,3.4481,0,REST
2354,9.1953125,2.4461,-11.9103,5.4997,4.4042,0,REST
2355,9.19921875,5.4656,-10.6892,6.2336,0.0054,0,REST
2356,9.203125,4.097,-9.6978,4.8429,-1.9007,0,REST
2357,9.20703125,3.1733,-9.023,4.2984,-1.9859,0,REST
2358,9.2109375,4.8981,-1.8256,0.7253,-2.6029,0,REST
2359,9.21484375,4.177,1.3078,1.3985,-1.2371,0,REST
2360,9.21875,4.4059,1.3164,1.9535,-4.6478,0,REST
2361,9.22265625,2.5317,3.5217,-1.2054,-7.6582,0,REST
2362,9.2265625,3.1542,8.5232,3.6364,-7.0753,0,REST
2363,9.23046875,7.0305,9.7269,-0.6524,-8.2114,0,REST
2364,9.234375,0.5692,12.3506,1.2379,-9.0,0,REST
2365,9.23828125,3.2456,12.4301,-1.392,-7.3749,0,REST
2366,9.2421875,1.983,14.3123,-1.2407,-3.7654,0,REST
2367,9.24609375,-3.6385,7.6141,-2.6267,-1.6641,0,REST
2368,9.25,3.164,6.8063,-4.3917,5.5997,0,REST
2369,9.25390625,-0.0068,6.3949,-5.0227,5.0803,0,REST
2370,9.2578125,-0.4378,5.4432,-3.2401,3.4903,0,REST
2371,9.26171875,1.3693,0.0291,-6.9101,7.7316,0,REST
2372,9.265625,-6.0486,0.32,-3.7099,13.1243,0,REST
2373,9.26953125,-0.3055,-8.7345,-3.7474,10.173,0,REST
2374,9.2734375,-4.08,-9.3596,-4.1044,11.1433,0,REST
2375,9.27734375,-3.1121,-5.9202,-2.1307,10.5127,0,REST
2376,9.28125,-2.3191,-10.0228,-3.6795,7.2676,0,REST
2377,9.28515625,-1.3311,-17.3043,-0.944,3.0641,0,REST
2378,9.2890625,-4.7403,-11.5612,-1.6262,3.6845,0,REST
2379,9.29296875,-3.4937,-8.0779,-3.0555,-3.2485,0,REST
2380,9.296875,-0.524,-7.7335,-0.5252,-2.9127,0,REST
2381,9.30078125,-5.5036,-10.6815,4.8282,-6.5165,0,REST
2382,9.3046875,-2.054,-4.6848,3.4244,-3.409,0,REST
2383,9.30859375,2.2746,-0.5225,5.8627,-10.325,0,REST
2384,9.3125,-0.8254,6.8713,5.3149,-10.8742,0,REST
2385,9.31640625,2.4677,8.0714,3.3056,-12.936,0,REST
2386,9.3203125,0.1931,9.066,3.0444,-12.4445,0,REST
2387,9.32421875,6.7843,7.6812,5.9536,-10.4857,0,REST
2388,9.328125,2.9688,15.433,7.8339,-8.761,0,REST
2389,9.33203125,7.5867,13.5905,5.9562,-5.4488,0,REST
2390,9.3359375,4.7526,10.1793,-0.5907,-1.9248,0,REST
2391,9.33984375,3.1384,9.9243,2.1941,1.0707,0,REST
2392,9.34375,8.7037,8.8617,2.1102,7.6307,0,REST
2393,9.34765625,5.2434,5.7277,3.6401,9.0786,0,REST
2394,9.3515625,4.6076,1.3853,-0.6922,6.1256,0,REST
2395,9.35546875,2.7274,-0.7151,-2.3013,10.292,0,REST
2396,9.359375,1.918,-0.2378,-6.8334,16.2711,0,REST
2397,9.36328125,-6.0374,-5.6662,-8.8738,14.617,0,REST
2398,9.3671875,-5.2691,-8.9065,-6.5311,11.8006,0,REST
2399,9.37109375,-7.6212,-11.2444,-7.9502,9.1485,0,REST
2400,9.375,-6.6814,-11.6348,-11.1804,5.2419,0,REST
2401,9.37890625,-5.1097,-13.7965,-8.7624,3.6529,0,REST
2402,9.3828125,-7.72,-8.9772,-6.2676,-3.2095,0,REST
2403,9.38671875,-10.9968,-10.2797,-2.9967,-1.7073,0,REST
2404,9.390625,-10.3981,-8.9925,-5.1914,-5.4034,0,REST
2405,9.39453125,-6.8134,-8.7242,-3.7095,-6.846,0,REST
2406,9.3984375,-7.7384,-1.5123,1.6237,-8.9771,0,REST
2407,9.40234375,-1.3902,-2.5136,3.5237,-17.7464,0,REST
2408,9.40625,-4.4691,1.1349,7.337,-12.597,0,REST
2409,9.41015625,1.4339,5.3469,10.9248,-13.4568,0,REST
2410,9.4140625,4.8675,4.9869,7.4037,-10.0043,0,REST
2411,9.41796875,6.2473,7.4787,9.908,-10.4612,0,REST
2412,9.421875,8.5791,9.0068,12.6057,-3.1656,0,REST
2413,9.42578125,11.0519,8.5631,10.2169,-2.7964,0,REST
2414,9.4296875,12.7612,7.0993,10.0012,-1.792,0,REST
2415,9.43359375,12.9521,8.3252,6.7626,7.5906,0,REST
2416,9.4375,12.6087,11.356,0.9931,5.9972,0,REST
2417,9.44140625,10.8111,4.5401,4.0687,9.0031,0,REST
2418,9.4453125,5.1062,6.4147,1.1495,8.6117,0,REST
2419,9.44921875,2.8975,0.5731,-6.927,16.5049,0,REST
2420,9.453125,-0.8274,-2.1159,-8.3239,14.3578,0,REST
2421,9.45703125,-3.7701,-3.6761,-10.7701,12.4332,0,REST
2422,9.4609375,-9.2633,-8.5853,-14.4587,8.8356,0,REST
2423,9.46484375,-7.4124,-7.0357,-13.428,7.1452,0,REST
2424,9.46875,-9.5348,-7.3195,-11.1927,4.3157,0,REST
2425,9.47265625,-12.6992,-6.4331,-13.1371,-0.5808,0,REST
2426,9.4765625,-11.0809,-9.7303,-10.7464,-3.6835,0,REST
2427,9.48046875,-11.3889,-4.7259,-4.1311,-9.506,0,REST
2428,9.484375,-12.2214,-5.2865,-4.486,-11.0858,0,REST
2429,9.48828125,-10.7338,-2.961,-4.261,-10.1116,0,REST
2430,9.4921875,-7.7777,-3.6834,0.1675,-8.7061,0,REST
2431,9.49609375,-3.9965,-4.5024,1.8893,-9.9736,0,REST
2432,9.5,0.6599,2.1451,12.9034,-14.3584,0,REST
2433,9.50390625,6.8509,1.9289,10.9337,-13.014,0,REST
2434,9.5078125,1.1615,4.2711,10.9744,-6.2603,0,REST
2435,9.51171875,8.8896,6.9375,12.9406,-2.0285,0,REST
2436,9.515625,11.1849,2.6968,11.0611,-2.2867,0,REST
2437,9.51953125,14.676,4.7218,11.9734,-0.838,0,REST
2438,9.5234375,12.3451,4.6412,9.5468,5.0112,0,REST
2439,9.52734375,14.9827,6.0266,8.196,8.8192,0,REST
2440,9.53125,13.2988,4.4469,4.8058,6.0749,0,REST
2441,9.53515625,8.882,2.6229,1.632,14.17,0,REST
2442,9.5390625,6.7289,2.0952,-2.4197,9.2344,0,REST
2443,9.54296875,8.7665,4.3193,-6.4801,8.857,0,REST
2444,9.546875,-0.3976,-4.2195,-7.6748,8.3861,0,REST
2445,9.55078125,-3.728,-0.7022,-8.8014,5.8507,0,REST
2446,9.5546875,-4.9883,-1.2788,-13.748,8.6838,0,REST
2447,9.55859375,-10.0947,1.9532,-9.1626,3.9735,0,REST
2448,9.5625,-9.9581,-2.6108,-12.2068,-1.8819,0,REST
2449,9.56640625,-10.1918,-1.8606,-9.9178,-3.5064,0,REST
2450,9.5703125,-11.8279,-4.836,-10.9756,-3.705,0,REST
2451,9.57421875,-12.2735,-6.1042,-7.3833,-9.5521,0,REST
2452,9.578125,-15.4572,-5.2667,-2.2766,-3.5461,0,REST
2453,9.58203125,-14.3868,-2.7498,-1.9534,-6.8985,0,REST
2454,9.5859375,-4.7908,-2.0857,-3.4373,-8.2855,0,REST
2455,9.58984375,0.8781,-2.0352,4.9789,-8.9318,0,REST
2456,9.59375,2.852,0.4898,5.9713,-9.0368,0,REST
2457,9.59765625,3.1143,-0.7745,6.7158,-2.5887,0,REST
2458,9.6015625,5.9443,0.4078,8.4536,-5.3323,0,REST
2459,9.60546875,8.0765,-1.8738,9.3024,1.4858,0,REST
2460,9.609375,10.9006,3.8588,11.347,0.4064,0,REST
2461,9.61328125,13.2932,0.2865,11.7152,-0.9131,0,REST
2462,9.6171875,12.5707,0.6749,7.3266,3.8344,0,REST
2463,9.62109375,14.0651,1.6159,8.3941,2.8783,0,REST
2464,9.625,6.9234,2.4326,4.4567,8.1233,0,REST
2465,9.62890625,9.6023,3.5301,1.051,7.1951,0,REST
2466,9.6328125,5.4997,4.0105,-0.2252,9.7339,0,REST
2467,9.63671875,2.0754,3.527,-4.1721,1.4337,0,REST
2468,9.640625,4.145,3.7907,-0.6653,5.3134,0,REST
2469,9.64453125,-2.6478,2.6546,-5.5048,2.8177,0,REST
2470,9.6484375,-3.7199,-0.4857,-8.1688,0.2447,0,REST
2471,9.65234375,-7.9593,3.0325,-5.4968,4.1277,0,REST
2472,9.65625,-7.5191,4.9239,-7.7047,0.3563,0,REST
2473,9.66015625,-4.7966,-0.315,-9.7714,-2.787,0,REST
2474,9.6640625,-5.636,-0.6477,-8.5055,-2.7968,0,REST
2475,9.66796875,-9.1352,-0.2589,-6.4734,-1.8373,0,REST
2476,9.671875,-8.6228,-3.7815,-4.4672,-5.5429,0,REST
2477,9.67578125,-5.2386,-3.5477,-6.0915,-1.5544,0,REST
2478,9.6796875,-0.363,-3.6089,-1.6252,-1.2348,0,REST
2479,9.68359375,-0.7016,-7.7162,-0.3152,-5.6942,0,REST
2480,9.6875,0.5283,-5.3394,0.8821,-0.4675,0,REST
2481,9.69140625,4.0212,-7.2114,1.949,-4.1931,0,REST
2482,9.6953125,4.6517,-6.1001,6.1144,-4.1374,0,REST
2483,9.69921875,0.1884,-3.5339,1.2795,-6.3164,0,REST
2484,9.703125,3.3007,-2.8797,5.7928,-4.1578,0,REST
2485,9.70703125,5.9495,-2.2533,1.7428,2.6643,0,REST
2486,9.7109375,1.8043,2.4436,5.8925,-2.8082,0,REST
2487,9.71484375,3.9893,-0.7262,2.5582,-0.8303,0,REST
2488,9.71875,5.1175,-0.3241,2.7648,0.507,0,REST
2489,9.72265625,3.1146,6.6676,7.25,-2.016,0,REST
2490,9.7265625,-1.0534,6.7146,0.7912,1.3933,0,REST
2491,9.73046875,0.6416,6.4159,-1.1758,2.4143,0,REST
2492,9.734375,0.209,7.8865,3.369,3.501,0,REST
2493,9.73828125,4.0266,6.3985,5.0165,2.7555,0,REST
2494,9.7421875,0.3981,7.2721,1.7278,2.7676,0,REST
2495,9.74609375,0.8877,6.3143,0.5717,3.6336,0,REST
2496,9.75,0.3362,5.8546,2.4792,5.4665,0,REST
2497,9.75390625,-3.8179,5.8283,0.5842,4.2431,0,REST
2498,9.7578125,1.8372,-0.8906,-6.2735,6.2602,0,REST
2499,9.76171875,-3.6911,5.7497,-1.2736,2.1402,0,REST
2500,9.765625,-3.4975,-4.9123,-5.6234,0.0804,0,REST
2501,9.76953125,-3.1196,-3.7044,-3.54,4.246,0,REST
2502,9.7734375,-5.516,-5.1128,-3.117,-2.3996,0,REST
2503,9.77734375,-3.4258,-5.2581,-2.7967,-0.3821,0,REST
2504,9.78125,-3.2807,-5.2486,-2.5217,-4.079,0,REST
2505,9.78515625,-1.4575,-8.7329,-0.8878,-5.008,0,REST
2506,9.7890625,-2.7632,-8.7185,-5.2849,-4.0859,0,REST
2507,9.79296875,-5.6978,-8.1972,-0.4963,-2.4878,0,REST
2508,9.796875,-2.9172,-6.5076,-5.8811,-4.4645,0,REST
2509,9.80078125,-2.361,-4.3565,-0.7119,-7.2251,0,REST
2510,9.8046875,0.6255,-5.4816,-0.3062,-5.8509,0,REST
2511,9.80859375,-2.0713,-3.6172,-1.885,-4.3689,0,REST
2512,9.8125,0.3736,1.6566,4.2284,-4.8237,0,REST
2513,9.81640625,2.4644,-0.1906,2.3365,-0.2495,0,REST
2514,9.8203125,-0.1356,4.8388,6.8339,-3.2771,0,REST
2515,9.82421875,6.1619,6.8702,2.4243,4.7494,0,REST
2516,9.828125,6.5627,8.8364,7.2468,4.7799,0,REST
2517,9.83203125,7.7621,6.4644,9.3467,4.7436,0,REST
2518,9.8359375,7.233,8.5552,7.4896,6.7329,0,REST
2519,9.83984375,5.5414,7.8365,7.923,9.0197,0,REST
2520,9.84375,5.597,10.3213,3.5275,8.4958,0,REST
2521,9.84765625,4.6828,8.3108,5.2035,10.1609,0,REST
2522,9.8515625,4.26,1.9411,0.7931,5.4692,0,REST
2523,9.85546875,4.7801,2.038,1.5521,6.152,0,REST
2524,9.859375,-3.6026,0.9636,0.3874,4.8072,0,REST
2525,9.86328125,0.4007,-2.8431,-6.7255,1.8967,0,REST
2526,9.8671875,-3.0652,-0.8867,-5.2422,2.1328,0,REST
2527,9.87109375,-6.2242,-5.8688,-9.6209,-5.542,0,REST
2528,9.875,-3.6182,-9.7394,-6.0201,-1.3861,0,REST
2529,9.87890625,-9.0497,-7.4619,-6.7462,-6.3539,0,REST
2530,9.8828125,-6.9924,-8.9319,-14.2838,-7.6101,0,REST
2531,9.88671875,-9.834,-11.6326,-7.3468,-8.5642,0,REST
2532,9.890625,-7.5134,-10.3656,-10.2722,-10.4768,0,REST
2533,9.89453125,-2.5867,-7.5944,-5.9119,-7.4243,0,REST
2534,9.8984375,-5.0685,-8.1745,-2.5361,-6.3657,0,REST
2535,9.90234375,-3.5027,-4.5426,-2.6016,-3.6046,0,REST
2536,9.90625,-3.3519,0.4434,-1.2469,-7.0906,0,REST
2537,9.91015625,-0.8542,2.6467,1.7735,-0.7735,0,REST
2538,9.9140625,6.4288,9.5041,8.6343,4.7872,0,REST
2539,9.91796875,5.9344,9.6342,12.7821,2.5748,0,REST
2540,9.921875,8.1258,10.6754,10.1807,6.165,0,REST
2541,9.92578125,10.1828,13.6708,11.6277,11.5766,0,REST
2542,9.9296875,14.9414,15.1071,13.8623,14.6601,0,REST
2543,9.93359375,10.409,14.1483,10.8654,12.7713,0,REST
2544,9.9375,12.7391,9.4525,9.2362,13.0473,0,REST
2545,9.94140625,8.1618,9.5083,12.181,12.7192,0,REST
2546,9.9453125,6.0715,7.3677,5.0339,7.2205,0,REST
2547,9.94921875,0.7655,0.4027,2.114,6.0627,0,REST
2548,9.953125,-3.1616,-0.0693,0.1744,1.1153,0,REST
2549,9.95703125,0.2716,-3.0986,-3.1034,-7.3092,0,REST
2550,9.9609375,-2.9013,-10.4099,-10.0314,-3.9206,0,REST
2551,9.96484375,-7.0918,-9.1105,-9.9355,-8.4467,0,REST
2552,9.96875,-8.1147,-11.6984,-7.1742,-6.674,0,REST
2553,9.97265625,-14.3957,-12.8,-14.2007,-10.9416,0,REST
2554,9.9765625,-8.7902,-12.985,-12.4841,-12.1086,0,REST
2555,9.98046875,-11.5346,-12.5399,-12.6127,-12.8589,0,REST
2556,9.984375,-11.4292,-8.8974,-10.4238,-10.1753,0,REST
2557,9.98828125,-8.2183,-4.682,-8.1367,-9.2354,0,REST
2558,9.9921875,-6.1726,-12.0389,-4.0467,-3.9584,0,REST
2559,9.99609375,-3.1872,-2.3626,-1.1358,-4.1729,0,REST
2560,10.0,1.6219,2.4058,-2.0339,2.3901,0,REST
2561,10.00390625,3.0242,5.0596,1.9925,0.9793,0,REST
2562,10.0078125,5.6793,9.4715,5.1819,9.4012,0,REST
2563,10.01171875,6.6653,8.1969,8.362,11.2776,0,REST
2564,10.015625,11.0664,10.1193,11.1582,8.0323,0,REST
2565,10.01953125,12.9827,10.6217,17.1001,14.7967,0,REST
2566,10.0234375,13.5307,13.5133,12.2656,16.5858,0,REST
2567,10.02734375,10.3839,13.6392,15.7255,12.4293,0,REST
2568,10.03125,8.8947,9.7031,7.371,12.7795,0,REST
2569,10.03515625,8.1066,3.8476,6.3278,8.4743,0,REST
2570,10.0390625,5.8812,7.4478,5.5281,6.1338,0,REST
2571,10.04296875,0.1668,4.1675,1.8007,6.7055,0,REST
2572,10.046875,-0.577,2.2538,1.6421,-4.3535,0,REST
2573,10.05078125,-5.6534,-4.9607,-3.4068,-5.9106,0,REST
2574,10.0546875,-5.968,-3.5972,-7.6576,-7.8221,0,REST
2575,10.05859375,-6.1122,-7.8354,-7.0953,-8.9859,0,REST
2576,10.0625,-13.1921,-10.8465,-8.1627,-10.57,0,REST
2577,10.06640625,-10.6122,-10.5459,-13.9888,-10.5814,0,REST
2578,10.0703125,-11.8602,-11.4224,-12.5371,-10.2333,0,REST
2579,10.07421875,-7.6397,-15.9803,-11.7964,-8.5457,0,REST
2580,10.078125,-13.9192,-10.0279,-8.3084,-9.6784,0,REST
2581,10.08203125,-5.4696,-6.4646,-11.2637,-5.8833,0,REST
2582,10.0859375,-4.9234,-6.0869,-7.5786,-1.6864,0,REST
2583,10.08984375,-2.1813,-1.2506,-4.9975,2.373,0,REST
2584,10.09375,-3.728,2.0347,-3.4435,2.9052,0,REST
2585,10.09765625,4.2414,7.3702,3.4783,3.5902,0,REST
2586,10.1015625,7.5541,5.7302,7.6174,7.488,0,REST
2587,10.10546875,5.7516,11.8528,5.4018,7.9756,0,REST
2588,10.109375,11.0877,13.3778,6.7879,5.4366,0,REST
2589,10.11328125,6.9177,11.3706,11.5821,12.3292,0,REST
2590,10.1171875,7.8408,10.4177,11.2988,12.0446,0,REST
2591,10.12109375,9.7163,13.5679,11.2945,10.6208,0,REST
2592,10.125,7.131,10.1261,10.081,1.354,0,REST
2593,10.12890625,8.5994,8.9725,6.9235,4.1641,0,REST
2594,10.1328125,7.0186,8.8833,6.4646,4.3757,0,REST
2595,10.13671875,1.6926,1.8157,3.7619,-0.7881,0,REST
2596,10.140625,0.5488,-3.1732,2.1512,-4.1686,0,REST
2597,10.14453125,-4.4452,-3.1632,-0.1913,-7.5778,0,REST
2598,10.1484375,-4.5001,-8.5109,-1.6055,-9.6955,0,REST
2599,10.15234375,-8.188,-7.4732,-5.7261,-10.5126,0,REST
2600,10.15625,-9.6583,-7.6048,-5.7186,-6.4698,0,REST
2601,10.16015625,-4.9092,-11.6302,-9.5198,-10.617,0,REST
2602,10.1640625,-9.7036,-7.863,-6.5361,-10.0988,0,REST
2603,10.16796875,-4.2688,-6.6841,-6.5911,-5.2949,0,REST
2604,10.171875,-10.8119,-10.8293,-7.2895,-3.6562,0,REST
2605,10.17578125,-4.9951,-8.5213,-4.5244,-1.9821,0,REST
2606,10.1796875,-1.0381,-7.5755,-3.7022,0.925,0,REST
2607,10.18359375,0.6802,-1.9931,-4.3373,5.2162,0,REST
2608,10.1875,-2.655,1.5021,1.1495,4.4237,0,REST
2609,10.19140625,3.1701,1.1507,1.8194,1.8121,0,REST
2610,10.1953125,0.8929,3.1753,-3.7337,6.4293,0,REST
2611,10.19921875,4.0267,4.3472,0.7431,3.9176,0,REST
2612,10.203125,0.78,5.3546,-0.1301,8.7515,0,REST
2613,10.20703125,4.4966,10.0664,3.2544,6.1166,0,REST
2614,10.2109375,1.7365,6.8972,4.9826,3.6404,0,REST
2615,10.21484375,3.8787,7.3715,2.586,2.518,0,REST
2616,10.21875,1.0411,5.8863,4.7747,4.2093,0,REST
2617,10.22265625,2.5824,8.0968,7.0245,5.2369,0,REST
2618,10.2265625,2.8355,4.4733,4.6063,2.0,0,REST
2619,10.23046875,-0.8901,1.8449,2.2238,-1.9719,0,REST
2620,10.234375,1.9016,-2.5361,1.2732,-0.0029,0,REST
2621,10.23828125,0.6183,-3.9973,4.8155,-1.3136,0,REST
2622,10.2421875,-0.9399,-3.3176,3.2225,-2.7298,0,REST
2623,10.24609375,-0.5459,-5.8641,0.6161,-4.1301,0,REST
2624,10.25,-1.3466,-6.2184,0.026,-0.7902,0,REST
2625,10.25390625,-0.6654,-6.7832,2.5729,-2.6593,0,REST
2626,10.2578125,1.4471,-6.785,-0.2153,-3.3722,0,REST
2627,10.26171875,-0.8981,-6.1875,1.5248,-3.6124,0,REST
2628,10.265625,0.9197,-4.257,-5.1522,-4.5149,0,REST
2629,10.26953125,-1.3539,-9.5074,-3.8214,-0.9847,0,REST
2630,10.2734375,0.5494,-4.9862,-0.9976,-5.5657,0,REST
2631,10.27734375,-3.9589,-2.8392,-5.2471,0.2309,0,REST
2632,10.28125,-4.3742,-1.0008,-4.444,3.2952,0,REST
2633,10.28515625,-6.2706,2.0675,-0.19,0.6498,0,REST
2634,10.2890625,-10.6137,-1.2347,-4.9429,3.5077,0,REST
2635,10.29296875,-6.7189,6.0841,-6.5212,2.0645,0,REST
2636,10.296875,-2.5474,3.5567,-4.8767,0.7964,0,REST
2637,10.30078125,-0.1836,4.4252,-1.8524,5.37,0,REST
2638,10.3046875,-1.7069,5.514,-2.6887,2.332,0,REST
2639,10.30859375,-5.0862,7.5111,-0.4645,3.2214,0,REST
2640,10.3125,2.5095,2.8366,0.859,6.1643,0,REST
2641,10.31640625,1.0138,1.1656,0.4008,5.5219,0,REST
2642,10.3203125,2.7772,7.5091,-0.2859,2.7826,0,REST
2643,10.32421875,1.5406,4.4512,2.0897,5.1345,0,REST
2644,10.328125,4.9672,1.4382,4.6943,0.4784,0,REST
2645,10.33203125,8.4589,2.5883,6.0344,3.022,0,REST
2646,10.3359375,12.1581,-1.1966,4.576,0.4915,0,REST
2647,10.33984375,5.7757,0.8771,8.3924,-1.3323,0,REST
2648,10.34375,6.4253,-4.1016,6.4,2.6586,0,REST
2649,10.34765625,5.7934,-2.3213,6.6982,0.8322,0,REST
2650,10.3515625,4.2471,-2.1558,6.0995,-5.0408,0,REST
2651,10.35546875,1.1411,-6.0964,7.3767,-3.9082,0,REST
2652,10.359375,2.5951,-6.4387,4.7158,-5.333,0,REST
2653,10.36328125,0.5537,-0.5058,1.4238,-4.5735,0,REST
2654,10.3671875,-3.5364,-2.2575,-1.6781,-5.7702,0,REST
2655,10.37109375,-6.8202,-3.4395,-3.884,-5.8349,0,REST
2656,10.375,-7.6762,-4.7202,-5.2494,-7.7762,0,REST
2657,10.37890625,-11.2668,1.616,-7.087,-1.0739,0,REST
2658,10.3828125,-7.5605,-2.4696,-10.116,-2.0603,0,REST
2659,10.38671875,-6.6282,-0.7297,-11.3669,-3.185,0,REST
2660,10.390625,-7.9356,2.4634,-11.6611,-0.9818,0,REST
2661,10.39453125,-7.0851,3.3096,-7.2658,2.6349,0,REST
2662,10.3984375,-7.4803,2.4774,-12.2466,1.8999,0,REST
2663,10.40234375,-4.2103,4.797,-8.3066,6.103,0,REST
2664,10.40625,-3.0155,4.1651,-7.7738,7.0304,0,REST
2665,10.41015625,1.4498,-0.9876,-3.7149,9.5173,0,REST
2666,10.4140625,6.8244,5.606,-3.1473,7.9249,0,REST
2667,10.41796875,10.2361,2.3311,1.3622,6.3571,0,REST
2668,10.421875,9.8627,4.1007,4.4558,8.0443,0,REST
2669,10.42578125,11.9536,2.8213,9.3009,5.3159,0,REST
2670,10.4296875,12.8897,3.4646,9.2516,2.0104,0,REST
2671,10.43359375,14.6666,3.0471,12.7901,0.818,0,REST
2672,10.4375,7.788,5.0068,13.678,-0.6167,0,REST
2673,10.44140625,6.246,5.6371,13.9408,-2.6278,0,REST
2674,10.4453125,5.9631,1.5386,10.6317,-7.8372,0,REST
2675,10.44921875,3.0778,-2.163,12.161,-5.9677,0,REST
2676,10.453125,-0.4501,2.7667,5.4706,-8.2985,0,REST
2677,10.45703125,-3.6137,0.2012,1.7456,-8.4709,0,REST
2678,10.4609375,-8.2067,-2.1862,0.3795,-13.7448,0,REST
2679,10.46484375,-10.5059,-4.338,-1.0085,-7.1424,0,REST
2680,10.46875,-13.6467,-1.2923,-3.3141,-9.3369,0,REST
2681,10.47265625,-14.8617,-2.4949,-7.2167,-11.7429,0,REST
2682,10.4765625,-14.4556,-5.4275,-8.8769,-4.3573,0,REST
2683,10.48046875,-13.0231,-7.7156,-16.7715,-3.6524,0,REST
2684,10.484375,-10.515,-4.8597,-13.0065,4.5956,0,REST
2685,10.48828125,-7.7973,-5.942,-12.5208,5.9632,0,REST
2686,10.4921875,-5.9123,-4.82,-14.7617,7.795,0,REST
2687,10.49609375,0.3626,-3.3915,-12.963,6.3776,0,REST
2688,10.5,1.2904,3.2533,-8.3587,11.9176,0,REST
2689,10.50390625,2.8396,2.0627,-2.5631,9.3601,0,REST
2690,10.5078125,6.1186,1.2596,-4.3701,12.2261,0,REST
2691,10.51171875,12.0235,7.29,3.4833,9.1855,0,REST
2692,10.515625,12.6887,5.8648,6.5006,7.0869,0,REST
2693,10.51953125,14.1754,4.2038,9.6682,3.6829,0,REST
2694,10.5234375,11.8758,10.6545,9.0759,3.6369,0,REST
2695,10.52734375,11.0193,5.5006,14.2882,-1.8724,0,REST
2696,10.53125,8.1617,7.0314,12.4217,-0.9296,0,REST
2697,10.53515625,9.6661,8.8009,11.0084,-5.4662,0,REST
2698,10.5390625,11.1117,3.5237,6.6827,-6.8326,0,REST
2699,10.54296875,3.6226,0.5919,6.4432,-9.6606,0,REST
2700,10.546875,0.9214,-1.6493,7.4138,-12.4333,0,REST
2701,10.55078125,-5.4281,3.044,6.2143,-12.4996,0,REST
2702,10.5546875,-6.3641,-5.8388,5.4617,-15.1558,0,REST
2703,10.55859375,-7.328,-5.025,-1.7347,-11.1769,0,REST
2704,10.5625,-8.0777,-5.9445,-3.0257,-5.0983,0,REST
2705,10.56640625,-11.4555,-10.2568,-6.0761,-2.5486,0,REST
2706,10.5703125,-12.108,-10.8046,-12.4521,-8.1739,0,REST
2707,10.57421875,-10.0664,-10.5405,-14.935,2.801,0,REST
2708,10.578125,-6.4943,-9.2033,-11.2972,5.3874,0,REST
2709,10.58203125,-8.1299,-10.8043,-5.5215,6.5178,0,REST
2710,10.5859375,-4.5545,-6.5482,-13.3841,10.3954,0,REST
2711,10.58984375,-3.2692,-1.5281,-10.9796,14.0419,0,REST
2712,10.59375,0.6998,-0.9892,-6.4877,18.1036,0,REST
2713,10.59765625,2.5265,-0.4633,-0.8308,12.7385,0,REST
2714,10.6015625,7.2901,6.1576,-4.2253,13.0069,0,REST
2715,10.60546875,5.8288,9.242,-3.4873,8.3033,0,REST
2716,10.609375,7.8201,7.4911,5.4501,4.767,0,REST
2717,10.61328125,9.7431,7.2215,7.5958,2.2396,0,REST
2718,10.6171875,11.3563,11.6072,8.7564,-0.484,0,REST
2719,10.62109375,13.1418,12.6632,10.0562,-1.2318,0,REST
2720,10.625,7.4011,12.2023,10.8098,-5.3799,0,REST
2721,10.62890625,5.6342,10.7258,8.7472,-9.0132,0,REST
2722,10.6328125,6.1972,8.4042,10.7599,-9.431,0,REST
2723,10.63671875,1.6384,4.5431,6.5924,-13.3966,0,REST
2724,10.640625,0.8999,0.9854,5.6249,-12.9125,0,REST
2725,10.64453125,-6.988,2.9047,2.7099,-13.0129,0,REST
2726,10.6484375,-6.4331,-6.013,3.4723,-14.1998,0,REST
2727,10.65234375,-5.5149,-6.6839,1.0993,-9.7271,0,REST
2728,10.65625,-3.6668,-5.6237,-3.5843,-3.7951,0,REST
2729,10.66015625,-5.7767,-9.4423,-4.9149,-2.6647,0,REST
2730,10.6640625,-3.6657,-13.2098,-4.9691,1.4543,0,REST
2731,10.66796875,-7.4841,-11.9928,-5.2544,-0.8591,0,REST
2732,10.671875,-6.3975,-12.4742,-8.2537,6.8327,0,REST
2733,10.67578125,-7.2736,-6.9404,-6.1454,11.3956,0,REST
2734,10.6796875,-3.058,-8.3374,-5.604,8.7365,0,REST
2735,10.68359375,0.2167,-5.3121,-6.2018,14.953,0,REST
2736,10.6875,1.0832,-1.8318,-1.3639,9.2841,0,REST
2737,10.69140625,-0.5564,0.3896,-2.9158,7.7364,0,REST
2738,10.6953125,2.1249,4.9,-3.9009,8.4722,0,REST
2739,10.69921875,4.4919,3.6588,-2.5992,2.1429,0,REST
2740,10.703125,4.7579,10.378,2.046,4.2987,0,REST
2741,10.70703125,1.5799,13.3404,1.3956,0.6756,0,REST
2742,10.7109375,5.4994,13.6773,1.9627,-5.1266,0,REST
2743,10.71484375,4.2466,12.6932,0.8156,-5.6476,0,REST
2744,10.71875,4.2057,15.6985,4.8881,-10.0594,0,REST
2745,10.72265625,3.1471,8.6839,0.7342,-7.169,0,REST
2746,10.7265625,1.925,8.7566,2.8289,-11.3958,0,REST
2747,10.73046875,5.8946,6.209,2.8301,-6.5003,0,REST
2748,10.734375,1.6713,2.416,6.0837,-6.2945,0,REST
2749,10.73828125,0.9206,-0.3663,-0.789,-7.7218,0,REST
2750,10.7421875,0.364,-4.9212,6.0354,-4.0054,0,REST
2751,10.74609375,0.8715,-8.6788,3.1201,-4.6624,0,REST
2752,10.75,-6.7904,-10.3261,1.392,-3.5958,0,REST
2753,10.75390625,-3.3695,-11.1741,3.8933,4.1071,0,REST
2754,10.7578125,2.0838,-9.4076,3.3867,3.9699,0,REST
2755,10.76171875,-2.0694,-12.6814,0.1129,6.6145,0,REST
2756,10.765625,-3.1914,-11.8392,2.2578,9.5854,0,REST
2757,10.76953125,-2.3275,-9.6139,2.0461,3.1607,0,REST
2758,10.7734375,-2.724,-4.9961,0.2263,9.1587,0,REST
2759,10.77734375,-2.9647,-4.6132,-0.533,12.1579,0,REST
2760,10.78125,-7.216,-0.5437,-4.1696,9.1646,0,REST
2761,10.78515625,-6.1604,3.7154,-1.8092,6.9087,0,REST
2762,10.7890625,-4.8972,2.0765,-4.5636,1.9165,0,REST
2763,10.79296875,-2.1617,8.2999,-3.702,2.3376,0,REST
2764,10.796875,-3.1559,11.469,-5.5393,4.0744,0,REST
2765,10.80078125,-4.6687,14.0665,-6.7893,1.8319,0,REST
2766,10.8046875,0.2604,7.9304,-3.9995,-4.0452,0,REST
2767,10.80859375,-0.0157,13.5961,-6.5558,-0.144,0,REST
2768,10.8125,-1.121,14.3582,-4.3018,-5.4466,0,REST
2769,10.81640625,4.4288,8.3229,-3.4481,-5.0612,0,REST
2770,10.8203125,2.0148,8.8602,-3.7191,-3.916,0,REST
2771,10.82421875,8.5337,6.9386,-0.9798,-4.4935,0,REST
2772,10.828125,8.7593,1.3105,0.4777,-5.0076,0,REST
2773,10.83203125,4.4889,-2.3006,-4.6032,-7.1439,0,REST
2774,10.8359375,8.1931,-6.6742,4.3022,-0.6511,0,REST
2775,10.83984375,7.811,-5.6438,5.2875,-2.8375,0,REST
2776,10.84375,2.6522,-13.1896,9.1306,-1.7488,0,REST
2777,10.84765625,7.5267,-13.6036,7.5532,-1.2051,0,REST
2778,10.8515625,5.6278,-12.9749,6.4864,-0.6259,0,REST
2779,10.85546875,4.1657,-10.4378,2.666,-0.9469,0,REST
2780,10.859375,0.8904,-16.0244,4.9588,1.6431,0,REST
2781,10.86328125,0.0185,-6.6361,4.8806,6.2637,0,REST
2782,10.8671875,-4.792,-9.9159,4.6472,1.9447,0,REST
2783,10.87109375,-4.1217,-5.0622,2.2362,2.2647,0,REST
2784,10.875,-9.9452,-2.8806,1.744,2.7967,0,REST
2785,10.87890625,-7.7957,2.4777,-0.8518,2.7288,0,REST
2786,10.8828125,-8.2528,5.9645,-4.4547,3.313,0,REST
2787,10.88671875,-8.4166,8.6327,-8.5875,3.1787,0,REST
2788,10.890625,-10.4672,10.5869,-8.1721,3.9728,0,REST
2789,10.89453125,-9.5031,10.3827,-8.2986,0.6775,0,REST
2790,10.8984375,-5.3064,9.6653,-10.1679,1.673,0,REST
2791,10.90234375,-6.1447,14.1868,-12.6095,1.4047,0,REST
2792,10.90625,-1.4727,11.4637,-10.2089,1.6796,0,REST
2793,10.91015625,3.7205,13.1805,-8.0476,1.2862,0,REST
2794,10.9140625,6.6784,6.2182,-5.1115,-5.0869,0,REST
2795,10.91796875,7.526,2.7832,-3.8254,-3.5273,0,REST
2796,10.921875,9.4031,0.4568,-4.4469,-4.5188,0,REST
2797,10.92578125,12.0516,-2.2775,1.453,-5.6385,0,REST
2798,10.9296875,10.0787,-3.4775,5.6762,-0.4983,0,REST
2799,10.93359375,11.7171,-6.8727,9.1408,-6.1317,0,REST
2800,10.9375,10.8494,-11.4956,10.842,-4.2836,0,REST
2801,10.94140625,14.0051,-6.5541,10.8877,-2.5376,0,REST
2802,10.9453125,6.407,-10.4959,13.548,-5.6719,0,REST
2803,10.94921875,1.157,-11.3318,12.436,-4.0713,0,REST
2804,10.953125,1.4444,-7.3209,13.2783,-2.2692,0,REST
2805,10.95703125,-1.7479,-8.1693,11.6429,-4.5396,0,REST
2806,10.9609375,-8.005,-3.9837,5.1985,-0.5687,0,REST
2807,10.96484375,-9.6701,-4.8241,3.6533,1.7306,0,REST
2808,10.96875,-9.6682,3.7259,4.0209,2.1156,0,REST
2809,10.97265625,-12.827,0.0337,-2.4348,4.0283,0,REST
2810,10.9765625,-9.8782,2.849,-2.1031,4.5653,0,REST
2811,10.98046875,-10.2838,9.1335,-9.0104,4.4325,0,REST
2812,10.984375,-10.857,3.9819,-8.0504,6.1416,0,REST
2813,10.98828125,-8.696,6.0142,-11.0314,11.0243,0,REST
2814,10.9921875,-5.6104,6.9592,-11.8316,7.3826,0,REST
2815,10.99609375,-4.3241,8.3718,-12.361,3.5687,0,REST
2816,11.0,-0.7494,5.905,-11.7149,4.4308,0,REST
2817,11.00390625,3.324,6.7637,-14.1552,1.9081,0,REST
2818,11.0078125,6.9128,5.1474,-7.8719,1.7365,0,REST
2819,11.01171875,9.5691,4.1384,-5.1638,-4.4308,0,REST
2820,11.015625,10.3316,1.7644,-5.9269,-3.7991,0,REST
2821,11.01953125,12.9197,0.3588,1.3032,-3.781,0,REST
2822,11.0234375,17.0763,-3.222,4.4535,-5.6672,0,REST
2823,11.02734375,10.2455,-2.3884,10.4578,-8.5454,0,REST
2824,11.03125,12.8271,-2.3925,6.2634,-12.0598,0,REST
2825,11.03515625,7.1196,-5.3821,10.4929,-13.5911,0,REST
2826,11.0390625,3.1979,-4.998,11.6076,-8.8166,0,REST
2827,11.04296875,1.1244,-5.6033,10.8111,-5.6093,0,REST
2828,11.046875,-2.7242,-8.4099,15.6609,-2.8859,0,REST
2829,11.05078125,-3.847,-8.2283,9.2401,-4.585,0,REST
2830,11.0546875,-6.6187,-4.1187,7.5611,-0.1393,0,REST
2831,11.05859375,-7.8783,-4.5653,4.5666,0.7653,0,REST
2832,11.0625,-7.6451,-2.8009,2.0609,3.4514,0,REST
2833,11.06640625,-8.5132,-0.0044,0.7734,8.5048,0,REST
2834,11.0703125,-11.6183,-2.5292,-0.8921,8.1427,0,REST
2835,11.07421875,-12.4211,5.3802,-10.6598,9.7246,0,REST
2836,11.078125,-7.0074,3.5474,-6.9644,11.4878,0,REST
2837,11.08203125,-1.3955,5.9589,-7.9615,10.8327,0,REST
2838,11.0859375,-1.6522,2.4817,-14.793,6.0351,0,REST
2839,11.08984375,-5.889,6.4255,-15.5819,6.2641,0,REST
2840,11.09375,0.2173,6.143,-10.6062,6.8027,0,REST
2841,11.09765625,-0.7287,5.7002,-12.977,4.9103,0,REST
2842,11.1015625,5.8645,2.9706,-7.3968,-1.8323,0,REST
2843,11.10546875,8.7807,3.8749,-3.1646,0.4067,0,REST
2844,11.109375,5.2391,2.173,-2.5462,-6.1314,0,REST
2845,11.11328125,10.6518,-1.9884,1.1613,-10.4947,0,REST
2846,11.1171875,14.3574,0.6863,5.2555,-14.5468,0,REST
2847,11.12109375,11.4323,1.5161,4.8753,-14.1218,0,REST
2848,11.125,7.3388,-1.5873,6.3395,-13.5132,0,REST
2849,11.12890625,8.3265,-2.2517,8.3834,-11.2417,0,REST
2850,11.1328125,5.6545,1.4152,9.1384,-11.8788,0,REST
2851,11.13671875,2.6556,-0.4056,7.2317,-8.6533,0,REST
2852,11.140625,1.0456,-0.1764,8.4566,-8.0065,0,REST
2853,11.14453125,-2.7408,-5.3858,7.252,-1.2202,0,REST
2854,11.1484375,-1.5194,-0.3597,3.4637,3.3588,0,REST
2855,11.15234375,-4.9667,-0.8808,6.375,3.3197,0,REST
2856,11.15625,-5.4252,-4.4308,-1.2653,12.8189,0,REST
2857,11.16015625,-5.1679,0.1523,-0.2391,10.3167,0,REST
2858,11.1640625,-9.7888,-2.0822,-2.5878,14.1168,0,REST
2859,11.16796875,-8.2442,1.8434,-1.6426,14.6382,0,REST
2860,11.171875,-8.223,-0.7587,-5.3708,7.8454,0,REST
2861,11.17578125,-6.5872,-0.5197,-4.396,13.0247,0,REST
2862,11.1796875,-4.698,0.3951,-3.598,9.365,0,REST
2863,11.18359375,-0.1596,-0.4944,-7.6232,4.2962,0,REST
2864,11.1875,-0.8327,1.6204,-3.2846,-0.9563,0,REST
2865,11.19140625,1.6618,-0.7778,-4.5977,-5.1047,0,REST
2866,11.1953125,1.497,4.3298,-5.5897,-5.1735,0,REST
2867,11.19921875,-0.3064,3.3357,-2.7578,-8.56,0,REST
2868,11.203125,3.9575,2.5261,-4.2029,-8.0026,0,REST
2869,11.20703125,5.505,3.9002,-2.201,-8.7077,0,REST
2870,11.2109375,6.705,4.986,0.2585,-13.9359,0,REST
2871,11.21484375,3.3912,4.3833,2.2191,-12.5516,0,REST
2872,11.21875,3.9502,4.9066,0.1859,-10.3999,0,REST
2873,11.22265625,0.5017,4.9502,1.4333,-8.3439,0,REST
2874,11.2265625,2.0213,2.5677,3.2759,-7.6231,0,REST
2875,11.23046875,3.0098,-0.4987,2.3549,-3.0432,0,REST
2876,11.234375,1.1273,2.7042,5.654,-0.3028,0,REST
2877,11.23828125,0.961,2.1335,2.3815,5.1338,0,REST
2878,11.2421875,-1.4988,-3.3445,4.1809,7.1509,0,REST
2879,11.24609375,2.5559,-0.1069,2.3605,6.4396,0,REST
2880,11.25,-0.3748,-4.1878,3.5212,7.0691,0,REST
2881,11.25390625,-0.8876,-3.0514,4.1951,14.7616,0,REST
2882,11.2578125,-2.6544,-5.7885,2.48,11.3735,0,REST
2883,11.26171875,-0.522,-8.7614,2.3816,11.1194,0,REST
2884,11.265625,-4.1306,-3.9181,2.1485,9.2921,0,REST
2885,11.26953125,-4.2901,-6.8049,2.7936,8.3184,0,REST
2886,11.2734375,-5.8981,-1.9835,1.1258,2.5464,0,REST
2887,11.27734375,0.3631,-3.1471,0.8595,0.8312,0,REST
2888,11.28125,-4.8927,-0.2209,1.4366,-0.5289,0,REST
2889,11.28515625,-4.1549,-0.9491,-2.8159,-6.3593,0,REST
2890,11.2890625,-4.0349,3.4024,-1.1013,-5.9458,0,REST
2891,11.29296875,-1.8418,4.923,-1.4886,-10.4449,0,REST
2892,11.296875,-4.1533,4.7826,-2.5655,-5.4205,0,REST
2893,11.30078125,-3.5162,5.6684,-3.1101,-8.1252,0,REST
2894,11.3046875,-7.0328,9.8384,-2.5758,-13.8765,0,REST
2895,11.30859375,0.8864,11.9747,-2.5101,-8.9493,0,REST
2896,11.3125,-0.8103,5.703,-4.9616,-5.1616,0,REST
2897,11.31640625,1.0184,4.265,-5.645,-3.0658,0,REST
2898,11.3203125,2.7434,3.2144,-2.1731,-4.5828,0,REST
2899,11.32421875,7.7151,4.2844,-1.9831,-2.326,0,REST
2900,11.328125,6.5786,2.1967,-4.3795,-0.1484,0,REST
2901,11.33203125,6.9161,-2.4438,-4.2922,3.8262,0,REST
2902,11.3359375,6.141,-2.162,-1.7829,5.7732,0,REST
2903,11.33984375,5.9206,-4.3914,-0.2346,5.7011,0,REST
2904,11.34375,7.9303,-7.8651,1.8678,8.6782,0,REST
2905,11.34765625,6.4108,-5.0188,2.3334,6.0624,0,REST
2906,11.3515625,0.4039,-8.513,5.857,3.7948,0,REST
2907,11.35546875,6.1048,-9.1825,7.1315,8.3219,0,REST
2908,11.359375,-0.9341,-6.8033,4.5213,6.9514,0,REST
2909,11.36328125,-2.4384,-9.0771,8.8664,5.6533,0,REST
2910,11.3671875,-4.8597,-6.8245,7.7872,2.1888,0,REST
2911,11.37109375,-5.7804,-5.1833,9.9081,-0.3866,0,REST
2912,11.375,-9.0649,-3.169,9.2171,1.2901,0,REST
2913,11.37890625,-8.6022,-1.5078,4.8387,-3.2712,0,REST
2914,11.3828125,-6.4266,1.6907,2.0954,-4.0624,0,REST
2915,11.38671875,-13.9532,7.1485,-1.8163,-3.7571,0,REST
2916,11.390625,-10.6377,6.3041,-5.3939,-8.2998,0,REST
2917,11.39453125,-9.9358,9.0971,-4.1723,-2.3141,0,REST
2918,11.3984375,-3.3571,10.5033,-9.0641,-5.4682,0,REST
2919,11.40234375,-3.2101,12.2576,-5.942,-5.9644,0,REST
2920,11.40625,-0.0201,13.3986,-13.8848,-5.7495,0,REST
2921,11.41015625,1.6425,8.8915,-12.896,-5.767,0,REST
2922,11.4140625,5.631,7.094,-8.9725,3.9187,0,REST
2923,11.41796875,8.8189,4.4312,-7.7692,1.6102,0,REST
2924,11.421875,11.0248,5.347,-10.4871,3.7658,0,REST
2925,11.42578125,9.7567,2.1741,-4.3893,0.6848,0,REST
2926,11.4296875,12.3454,-3.3505,1.1408,3.742,0,REST
2927,11.43359375,9.1711,-7.4757,-3.0159,4.4508,0,REST
2928,11.4375,8.7426,-6.7607,3.985,0.0907,0,REST
2929,11.44140625,10.6891,-10.1492,3.8719,3.8261,0,REST
2930,11.4453125,4.7232,-10.2509,10.167,3.3828,0,REST
2931,11.44921875,2.2174,-9.8486,10.323,2.0465,0,REST
2932,11.453125,-2.4774,-12.0112,14.1845,2.3406,0,REST
2933,11.45703125,0.772,-8.2966,8.9385,0.8413,0,REST
2934,11.4609375,-5.0824,-8.4463,12.8479,4.1572,0,REST
2935,11.46484375,-12.8454,-7.0583,9.9331,-0.9282,0,REST
2936,11.46875,-11.1379,-5.3325,9.2584,0.9044,0,REST
2937,11.47265625,-10.8345,-3.8356,5.3827,-0.5156,0,REST
2938,11.4765625,-12.2766,1.1563,0.3157,3.1576,0,REST
2939,11.48046875,-12.507,3.4285,3.3139,1.882,0,REST
2940,11.484375,-12.1657,9.2711,-1.4468,-0.8117,0,REST
2941,11.48828125,-6.7879,10.713,-2.6203,-6.8949,0,REST
2942,11.4921875,-4.8195,7.7861,-6.3281,-3.4219,0,REST
2943,11.49609375,-3.4915,11.3336,-13.7104,-2.4747,0,REST
2944,11.5,0.312,10.3928,-14.2425,-7.0774,0,REST
2945,11.50390625,4.8657,9.3942,-13.3296,-0.6219,0,REST
2946,11.5078125,7.0386,9.7897,-11.7512,-4.3948,0,REST
2947,11.51171875,11.303,3.6429,-10.6359,-2.6643,0,REST
2948,11.515625,8.6823,6.4415,-11.2754,-0.5998,0,REST
2949,11.51953125,9.9853,-0.1924,-7.3793,-2.9437,0,REST
2950,11.5234375,11.9479,-1.9511,-1.5913,1.9365,0,REST
2951,11.52734375,12.3133,-5.901,-1.2596,-3.3427,0,REST
2952,11.53125,8.5784,-8.4465,1.5166,-3.6104,0,REST
2953,11.53515625,6.3874,-14.2027,5.871,2.9163,0,REST
2954,11.5390625,6.333,-12.4023,9.0405,1.0736,0,REST
2955,11.54296875,4.3153,-13.308,11.3363,1.5504,0,REST
2956,11.546875,0.4692,-12.9965,10.8466,1.3574,0,REST
2957,11.55078125,-4.2693,-11.7343,12.037,6.6726,0,REST
2958,11.5546875,-4.866,-8.9987,9.9967,3.845,0,REST
2959,11.55859375,-6.4287,-7.3521,10.0837,4.7751,0,REST
2960,11.5625,-10.9272,-4.2256,13.5597,6.0455,0,REST
2961,11.56640625,-13.1813,2.048,8.237,1.3865,0,REST
2962,11.5703125,-15.6844,-1.0209,4.5033,6.9496,0,REST
2963,11.57421875,-9.4729,6.4368,2.7041,4.9962,0,REST
2964,11.578125,-11.3537,11.2103,-2.6299,0.9251,0,REST
2965,11.58203125,-7.5963,9.6049,-3.1865,2.7279,0,REST
2966,11.5859375,-6.4672,14.8245,-6.9401,-2.4392,0,REST
2967,11.58984375,-2.5173,10.6375,-10.2024,-2.0817,0,REST
2968,11.59375,-1.4076,11.3852,-11.7976,-6.7045,0,REST
2969,11.59765625,4.1163,11.6311,-13.8324,-10.8583,0,REST
2970,11.6015625,4.5267,8.8253,-7.7188,-7.5164,0,REST
2971,11.60546875,8.939,6.4946,-10.9078,-9.7756,0,REST
2972,11.609375,12.9989,3.891,-4.8904,-9.5351,0,REST
2973,11.61328125,9.1556,0.0997,-7.6818,-6.2255,0,REST
2974,11.6171875,9.3168,-0.2566,-5.0264,-6.3116,0,REST
2975,11.62109375,8.114,-3.6509,-2.9011,-3.7043,0,REST
2976,11.625,3.5501,-7.6063,0.0539,-3.5756,0,REST
2977,11.62890625,9.0583,-9.8392,-1.9555,3.1339,0,REST
2978,11.6328125,3.9491,-11.8922,5.1915,0.9591,0,REST
2979,11.63671875,1.3547,-14.9456,7.5277,5.1276,0,REST
2980,11.640625,-1.5759,-10.0109,10.0451,11.5872,0,REST
2981,11.64453125,-1.7287,-7.2882,6.0077,8.3525,0,REST
2982,11.6484375,-3.5064,-9.233,5.4252,6.8129,0,REST
2983,11.65234375,-6.5969,-7.5307,10.2021,9.9544,0,REST
2984,11.65625,-6.9726,-6.3537,5.3804,10.317,0,REST
2985,11.66015625,-7.7693,-0.8646,4.817,10.7449,0,REST
2986,11.6640625,-6.5261,0.9189,5.5881,4.1745,0,REST
2987,11.66796875,-10.1439,5.9528,1.758,7.9227,0,REST
2988,11.671875,-9.9175,6.2692,0.5361,1.5723,0,REST
2989,11.67578125,-9.8235,3.6499,0.7812,-1.9498,0,REST
2990,11.6796875,-0.591,9.9133,-7.7389,-5.7359,0,REST
2991,11.68359375,-2.6962,10.2378,-3.0419,-11.5932,0,REST
2992,11.6875,4.0987,5.7145,-6.1451,-10.977,0,REST
2993,11.69140625,-0.4193,12.4323,-5.1132,-9.7617,0,REST
2994,11.6953125,-1.4792,9.9235,-2.7523,-12.1196,0,REST
2995,11.69921875,4.7978,8.827,-6.8741,-8.5364,0,REST
2996,11.703125,6.8001,2.9857,-0.8915,-7.697,0,REST
2997,11.70703125,-0.8403,1.219,-4.0457,-8.7316,0,REST
2998,11.7109375,3.6462,-4.1409,-5.7747,-5.0576,0,REST
2999,11.71484375,4.3814,-5.8787,-2.4235,-1.8818,0,REST
3000,11.71875,4.9868,-6.8841,-1.5513,1.0164,0,REST
3001,11.72265625,1.8913,-6.5822,-2.1241,2.3098,0,REST
3002,11.7265625,-0.5323,-5.5631,1.9796,7.0292,0,REST
3003,11.73046875,5.1728,-4.8841,-0.6745,13.5705,0,REST
3004,11.734375,1.1408,-11.6747,4.4262,14.348,0,REST
3005,11.73828125,2.8222,-5.8203,0.4131,13.7815,0,REST
3006,11.7421875,-2.6547,-4.2748,3.3155,13.0148,0,REST
3007,11.74609375,-0.0517,-5.237,-1.3793,7.2156,0,REST
3008,11.75,-0.3135,-2.9492,-1.2298,10.9914,0,REST
3009,11.75390625,1.3987,-3.7709,2.7743,9.565,0,REST
3010,11.7578125,-2.5409,1.8774,2.8652,5.3533,0,REST
3011,11.76171875,0.767,1.1879,1.9454,2.314,0,REST
3012,11.765625,-4.164,4.9867,3.4996,-1.7761,0,REST
3013,11.76953125,-2.5614,7.7699,2.8226,-6.2179,0,REST
3014,11.7734375,-4.7773,5.1778,0.6384,-8.66,0,REST
3015,11.77734375,-1.0806,6.9026,5.2844,-10.1758,0,REST
3016,11.78125,-0.8344,4.5751,-0.0513,-12.5407,0,REST
3017,11.78515625,-4.5112,5.6381,4.2716,-12.5685,0,REST
3018,11.7890625,-4.601,5.4208,3.1174,-13.4698,0,REST
3019,11.79296875,-7.5926,7.0309,0.4072,-14.6217,0,REST
3020,11.796875,-4.6133,-0.5794,-0.6343,-8.3806,0,REST
3021,11.80078125,-3.7709,-3.2246,-2.2201,-6.6125,0,REST
3022,11.8046875,0.0043,2.4646,-2.1906,0.0298,0,REST
3023,11.80859375,-4.8859,-6.049,-0.6167,-3.4259,0,REST
3024,11.8125,-1.2236,-3.1375,-4.5937,6.5853,0,REST
3025,11.81640625,1.8638,-0.0646,-8.5327,7.7822,0,REST
3026,11.8203125,4.1793,-3.9455,-6.335,10.7825,0,REST
3027,11.82421875,5.2691,-5.6694,-6.474,11.8564,0,REST
3028,11.828125,6.2353,-3.7988,-13.59,14.2884,0,REST
3029,11.83203125,6.2054,-3.056,-4.0534,11.4165,0,REST
3030,11.8359375,11.6091,-4.1397,-5.5403,8.1917,0,REST
3031,11.83984375,4.917,-1.3511,0.1082,8.9978,0,REST
3032,11.84375,8.6173,-4.701,1.4808,8.5901,0,REST
3033,11.84765625,4.3856,-4.653,-1.3008,5.9405,0,REST
3034,11.8515625,2.4125,-1.4781,-1.0853,-1.2674,0,REST
3035,11.85546875,2.877,1.9779,3.7354,-0.4796,0,REST
3036,11.859375,3.1816,0.5146,6.7367,-5.4883,0,REST
3037,11.86328125,-1.0622,-0.4649,10.0394,-7.6047,0,REST
3038,11.8671875,-6.238,1.1929,6.9194,-10.9106,0,REST
3039,11.87109375,-6.9747,0.0124,11.7088,-9.1963,0,REST
3040,11.875,-5.4781,5.1849,11.5449,-10.1991,0,REST
3041,11.87890625,-5.3756,5.7808,12.3779,-13.9435,0,REST
3042,11.8828125,-11.9619,5.5763,8.5938,-8.1558,0,REST
3043,11.88671875,-9.4291,3.205,1.0458,-8.405,0,REST
3044,11.890625,-6.5246,0.0596,3.3263,-4.3909,0,REST
3045,11.89453125,-7.3183,0.6647,3.3875,-3.2987,0,REST
3046,11.8984375,-6.6387,3.1929,-2.0602,3.4969,0,REST
3047,11.90234375,-2.7793,-2.4668,-6.5978,4.3827,0,REST
3048,11.90625,-2.6063,-0.5566,-11.7655,4.0747,0,REST
3049,11.91015625,4.5713,3.686,-10.4689,4.5645,0,REST
3050,11.9140625,4.4406,0.7497,-9.6603,8.2924,0,REST
3051,11.91796875,8.4485,-0.0975,-12.6916,7.7808,0,REST
3052,11.921875,8.7506,-0.5215,-10.4453,10.4731,0,REST
3053,11.92578125,13.2416,-0.3446,-12.7211,7.1296,0,REST
3054,11.9296875,9.4959,-1.1424,-8.9178,4.6386,0,REST
3055,11.93359375,13.7105,-2.6411,-6.2195,3.004,0,REST
3056,11.9375,11.1687,-0.4382,-5.8945,-0.2866,0,REST
3057,11.94140625,14.0271,-2.0026,-1.9035,0.9667,0,REST
3058,11.9453125,7.8574,-2.8296,4.1748,0.3739,0,REST
3059,11.94921875,3.3152,-2.5164,3.0351,-3.0159,0,REST
3060,11.953125,2.0961,-1.5795,7.8879,-6.8955,0,REST
3061,11.95703125,-4.6393,4.0279,9.4161,-7.4456,0,REST
3062,11.9609375,-2.8605,0.1029,13.5542,-8.1209,0,REST
3063,11.96484375,-7.9267,-0.4545,14.5701,-5.0621,0,REST
3064,11.96875,-11.1797,-0.072,12.0181,-3.1853,0,REST
3065,11.97265625,-11.1886,-0.5039,9.6117,-9.1811,0,REST
3066,11.9765625,-13.6555,3.3645,10.1564,-3.1475,0,REST
3067,11.98046875,-11.1519,3.5967,8.7248,-1.5184,0,REST
3068,11.984375,-12.0537,2.2389,5.7892,0.9053,0,REST
3069,11.98828125,-9.3684,6.4358,2.1405,-0.0844,0,REST
3070,11.9921875,-4.5146,1.6431,0.403,0.5538,0,REST
3071,11.99609375,-3.7127,2.2754,-4.0056,1.0078,0,REST
3072,12.0,0.266,5.1225,-5.4884,2.8966,0,REST
3073,12.00390625,1.815,5.1511,-13.8555,3.5958,0,REST
3074,12.0078125,5.4583,1.077,-10.6405,1.7109,0,REST
3075,12.01171875,10.6259,4.6471,-13.5977,3.7935,0,REST
3076,12.015625,9.5235,-0.9004,-11.9753,4.9065,0,REST
3077,12.01953125,13.3217,-1.0738,-12.809,-0.3579,0,REST
3078,12.0234375,15.0093,-4.6138,-7.9632,-0.2611,0,REST
3079,12.02734375,15.3733,-4.3456,-8.4415,1.5932,0,REST
3080,12.03125,6.3022,-6.3842,-2.81,3.0943,0,REST
3081,12.03515625,7.6837,-3.4011,-1.3163,2.0015,0,REST
3082,12.0390625,4.4838,-5.8078,-0.9635,0.2168,0,REST
3083,12.04296875,-1.1992,-6.1218,0.7009,-1.2843,0,REST
3084,12.046875,-2.3823,-7.3214,3.793,-1.8374,0,REST
3085,12.05078125,-2.7482,-7.5016,5.4492,-1.0083,0,REST
3086,12.0546875,-4.4205,-4.1652,13.594,0.0224,0,REST
3087,12.05859375,-8.9763,-5.1291,14.3995,-5.194,0,REST
3088,12.0625,-8.7709,-2.6086,7.1671,-1.5177,0,REST
3089,12.06640625,-9.1192,-1.6708,12.0545,-3.2474,0,REST
3090,12.0703125,-7.6443,0.1539,7.3855,-3.3076,0,REST
3091,12.07421875,-13.3711,-0.2191,9.4892,-8.2567,0,REST
3092,12.078125,-7.7186,7.3336,5.3127,-2.1542,0,REST
3093,12.08203125,-6.8706,6.0745,3.4564,-4.8067,0,REST
3094,12.0859375,-1.7691,10.0181,-0.7983,-2.8279,0,REST
3095,12.08984375,-2.7247,11.1931,-2.0158,-1.4264,0,REST
3096,12.09375,1.009,8.8118,-9.3963,-0.0478,0,REST
3097,12.09765625,3.6328,10.3317,-8.4475,-0.1624,0,REST
3098,12.1015625,4.4122,5.6817,-4.7724,-1.342,0,REST
3099,12.10546875,10.7651,5.2233,-11.2857,-1.1071,0,REST
3100,12.109375,9.2991,7.6228,-7.8,3.3674,0,REST
3101,12.11328125,6.4448,0.8848,-10.9828,5.2189,0,REST
3102,12.1171875,12.2473,-2.6608,-12.745,0.4392,0,REST
3103,12.12109375,10.6429,-3.2515,-6.0458,3.11,0,REST
3104,12.125,6.8116,-4.9926,-7.99,2.1749,0,REST
3105,12.12890625,5.3491,-3.9958,0.5644,5.7514,0,REST
3106,12.1328125,3.0521,-9.3986,0.1034,7.8676,0,REST
3107,12.13671875,4.0815,-9.1486,7.1749,5.6662,0,REST
3108,12.140625,3.1885,-8.4304,1.9505,3.891,0,REST
3109,12.14453125,-0.9771,-7.1217,3.9662,6.9633,0,REST
3110,12.1484375,-5.4978,-7.6869,11.6554,0.9192,0,REST
3111,12.15234375,-3.1363,-6.5713,6.3236,3.7278,0,REST
3112,12.15625,-4.9371,-5.3163,8.324,-0.7755,0,REST
3113,12.16015625,-7.7045,-1.5998,8.7063,-3.9023,0,REST
3114,12.1640625,-6.0909,2.842,7.0853,-3.729,0,REST
3115,12.16796875,-7.6835,1.9723,3.3621,-6.8866,0,REST
3116,12.171875,-4.2074,6.3298,3.9955,-6.0,0,REST
3117,12.17578125,-5.3377,7.7159,0.2865,-8.7436,0,REST
3118,12.1796875,-10.4137,11.4518,4.628,-7.5738,0,REST
3119,12.18359375,-3.5301,12.1951,1.978,-7.8861,0,REST
3120,12.1875,-2.5266,12.5174,-1.7879,-5.5073,0,REST
3121,12.19140625,1.3894,7.4102,-2.2102,-5.4975,0,REST
3122,12.1953125,1.4444,10.6934,-3.5339,-1.0051,0,REST
3123,12.19921875,0.6694,7.9713,-6.8526,0.4076,0,REST
3124,12.203125,3.9979,6.3514,-7.7166,1.3061,0,REST
3125,12.20703125,2.7383,4.0072,-0.881,9.1029,0,REST
3126,12.2109375,4.5034,-5.3661,-3.4407,8.9467,0,REST
3127,12.21484375,4.6262,-6.9807,-0.0218,10.2949,0,REST
3128,12.21875,0.8641,-2.0908,-5.0201,11.3856,0,REST
3129,12.22265625,0.8726,-13.2679,-5.3088,12.4899,0,REST
3130,12.2265625,0.901,-8.8828,-1.5584,8.1359,0,REST
3131,12.23046875,2.4466,-10.9448,0.093,13.3816,0,REST
3132,12.234375,0.1469,-15.1511,-3.2405,11.4663,0,REST
3133,12.23828125,0.022,-10.2948,-0.3769,1.9541,0,REST
3134,12.2421875,3.7834,-11.8624,2.5657,2.5683,0,REST
3135,12.24609375,-1.0045,-5.185,-0.5034,-2.6385,0,REST
3136,12.25,3.2534,-6.803,1.4939,-6.1648,0,REST
3137,12.25390625,-1.7256,-0.0325,2.7049,-6.1238,0,REST
3138,12.2578125,-2.8691,3.8423,0.4616,-6.7415,0,REST
3139,12.26171875,-5.0975,2.8907,4.0617,-11.0354,0,REST
3140,12.265625,-4.2672,6.6887,1.6788,-11.6161,0,REST
3141,12.26953125,-4.7774,8.9527,2.8609,-11.021,0,REST
3142,12.2734375,-3.9748,9.6159,1.8137,-9.9399,0,REST
3143,12.27734375,-2.042,12.0616,1.8959,-8.7695,0,REST
3144,12.28125,-1.0255,12.7567,6.7662,-9.0498,0,REST
3145,12.28515625,-2.7117,15.1709,2.3597,-0.4218,0,REST
3146,12.2890625,-2.6232,12.9529,3.7845,3.4259,0,REST
3147,12.29296875,-4.7617,11.3887,6.3685,3.4568,0,REST
3148,12.296875,-5.4282,1.7636,4.2486,4.8687,0,REST
3149,12.30078125,-1.2304,4.2791,1.356,7.9669,0,REST
3150,12.3046875,-1.9895,2.771,2.12,9.5615,0,REST
3151,12.30859375,-1.4932,-4.2689,-1.1657,11.5702,0,REST
3152,12.3125,3.484,-9.9945,-1.073,12.5286,0,REST
3153,12.31640625,0.9341,-12.5341,-5.0575,13.2488,0,REST
3154,12.3203125,4.7255,-13.5755,-5.2781,11.4498,0,REST
3155,12.32421875,7.1672,-9.7423,-6.355,9.0407,0,REST
3156,12.328125,5.3618,-11.451,-9.065,6.086,0,REST
3157,12.33203125,6.3339,-17.2076,-4.2443,3.97,0,REST
3158,12.3359375,13.583,-12.1136,-6.5725,0.4617,0,REST
3159,12.33984375,10.5189,-7.0339,-5.8152,-3.7508,0,REST
3160,12.34375,9.2458,-5.5344,0.5656,-6.4138,0,REST
3161,12.34765625,5.7666,-3.8042,-5.7716,-11.5323,0,REST
3162,12.3515625,5.9278,2.5859,-2.353,-15.4997,0,REST
3163,12.35546875,5.5656,0.2002,2.0163,-8.4514,0,REST
3164,12.359375,-0.4229,4.8364,-0.7187,-6.6213,0,REST
3165,12.36328125,1.1112,8.4817,1.6115,-11.1116,0,REST
3166,12.3671875,-4.0507,13.3552,9.0485,-8.3651,0,REST
3167,12.37109375,-7.023,13.7786,7.791,-8.2144,0,REST
3168,12.375,-8.4021,12.047,10.3685,-4.5274,0,REST
3169,12.37890625,-3.6804,13.0697,10.3625,1.6211,0,REST
3170,12.3828125,-8.2008,11.0279,7.1004,5.5727,0,REST
3171,12.38671875,-8.7958,4.8307,9.6357,6.1498,0,REST
3172,12.390625,-8.7511,3.517,7.7547,8.0379,0,REST
3173,12.39453125,-6.1722,4.2365,9.1832,12.5576,0,REST
3174,12.3984375,-4.8832,2.1609,0.8794,14.5033,0,REST
3175,12.40234375,-2.3868,-4.7054,2.7851,8.9063,0,REST
3176,12.40625,1.7429,-7.4752,-2.3709,10.6117,0,REST
3177,12.41015625,0.5781,-6.1384,-3.8391,9.4186,0,REST
3178,12.4140625,2.7805,-14.1844,-7.1786,7.7054,0,REST
3179,12.41796875,10.1233,-12.0979,-8.6835,4.7786,0,REST
3180,12.421875,10.0836,-11.9883,-12.0179,3.2403,0,REST
3181,12.42578125,7.9477,-13.3547,-12.6519,-2.1975,0,REST
3182,12.4296875,10.293,-10.6668,-12.7842,-4.4563,0,REST
3183,12.43359375,8.4964,-7.0876,-12.505,-6.4311,0,REST
3184,12.4375,8.6401,-3.1493,-11.2775,-6.7433,0,REST
3185,12.44140625,8.0078,-0.3767,-9.2485,-14.8512,0,REST
3186,12.4453125,6.9572,-1.1926,-6.5387,-12.0993,0,REST
3187,12.44921875,1.3353,6.5412,-1.6158,-11.264,0,REST
3188,12.453125,-0.7221,5.7693,-1.9737,-7.8197,0,REST
3189,12.45703125,-0.7541,8.0279,5.6051,-12.354,0,REST
3190,12.4609375,-1.4835,5.681,3.5605,-3.3378,0,REST
3191,12.46484375,-8.9765,7.3001,6.549,-6.023,0,REST
3192,12.46875,-10.4462,9.0142,15.1143,-2.2294,0,REST
3193,12.47265625,-12.2433,11.5346,11.3225,4.9877,0,REST
3194,12.4765625,-14.7125,6.5114,10.9785,5.1366,0,REST
3195,12.48046875,-14.8321,6.5363,12.6336,9.4775,0,REST
3196,12.484375,-8.0374,3.0333,12.2342,6.443,0,REST
3197,12.48828125,-11.9046,2.2619,9.6858,10.8562,0,REST
3198,12.4921875,-2.7862,-0.5609,8.4967,11.0554,0,REST
3199,12.49609375,-4.2108,-2.5582,4.9004,10.2774,0,REST
3200,12.5,-1.668,-6.1192,2.3906,8.2539,0,REST
3201,12.50390625,-0.8509,-6.678,-1.6556,3.9316,0,REST
3202,12.5078125,3.4468,-10.4532,-7.6256,2.5591,0,REST
3203,12.51171875,6.9212,-8.3084,-10.363,0.2219,0,REST
3204,12.515625,13.9418,-10.303,-8.7536,-2.9925,0,REST
3205,12.51953125,11.7071,-9.9792,-11.2972,-1.1326,0,REST
3206,12.5234375,13.5572,-7.5423,-14.5483,-6.3206,0,REST
3207,12.52734375,12.0143,-4.8155,-12.488,-6.3936,0,REST
3208,12.53125,14.8814,-1.3333,-9.584,-8.5977,0,REST
3209,12.53515625,9.7378,-3.6677,-8.4023,-5.9491,0,REST
3210,12.5390625,6.5302,0.1952,-7.3826,-5.4791,0,REST
3211,12.54296875,0.4545,2.6884,-2.9928,-6.6496,0,REST
3212,12.546875,1.5782,4.1194,-0.5411,-5.5853,0,REST
3213,12.55078125,-3.4923,5.3827,4.1839,-5.2941,0,REST
3214,12.5546875,-9.2791,6.4794,3.0409,-3.0461,0,REST
3215,12.55859375,-9.383,5.3368,9.5575,0.2953,0,REST
3216,12.5625,-11.3664,6.2856,7.6309,0.0859,0,REST
3217,12.56640625,-13.6074,5.268,11.9662,1.1162,0,REST
3218,12.5703125,-11.417,7.9753,13.8622,2.0096,0,REST
3219,12.57421875,-14.3204,6.136,11.4118,6.0577,0,REST
3220,12.578125,-10.4019,3.3642,10.3442,2.4384,0,REST
3221,12.58203125,-8.2444,1.2539,9.2345,2.5331,0,REST
3222,12.5859375,-5.6579,-1.5708,5.0051,5.4015,0,REST
3223,12.58984375,-0.1662,-0.3511,5.0013,4.6177,0,REST
3224,12.59375,1.7551,0.7701,-2.8449,3.9537,0,REST
3225,12.59765625,2.2511,-2.2841,-1.9376,2.6855,0,REST
3226,12.6015625,9.0915,-6.5554,-8.124,4.1911,0,REST
3227,12.60546875,7.6283,-2.7299,-7.4098,0.0328,0,REST
3228,12.609375,10.3301,-2.3351,-7.3445,-0.0896,0,REST
3229,12.61328125,7.9295,-2.0369,-11.2849,-0.2666,0,REST
3230,12.6171875,8.1302,-4.4232,-5.0884,-5.0768,0,REST
3231,12.62109375,8.8366,-2.7498,-9.4641,-2.2521,0,REST
3232,12.625,11.6857,-0.3405,-8.8133,-0.7871,0,REST
3233,12.62890625,6.1137,-0.0069,-3.0397,-4.4781,0,REST
3234,12.6328125,5.2738,1.1332,-4.5074,-3.6563,0,REST
3235,12.63671875,-1.0296,1.252,0.329,0.6312,0,REST
3236,12.640625,-0.9893,0.7759,-1.91,-5.2138,0,REST
3237,12.64453125,0.6009,1.7422,3.4539,0.9023,0,REST
3238,12.6484375,-3.9774,1.6117,-1.1325,-0.8264,0,REST
3239,12.65234375,-2.929,4.0998,2.8754,-5.7154,0,REST
3240,12.65625,-4.6393,0.5304,8.063,1.9967,0,REST
3241,12.66015625,-7.4234,0.5533,8.328,-0.9744,0,REST
3242,12.6640625,-5.3753,5.2142,4.8847,-3.2403,0,REST
3243,12.66796875,-6.2575,4.8418,5.1917,0.8545,0,REST
3244,12.671875,-6.7279,1.7271,6.4198,-0.1453,0,REST
3245,12.67578125,-4.1887,1.3718,5.1832,2.4606,0,REST
3246,12.6796875,-1.9808,1.4068,3.9395,2.6373,0,REST
3247,12.68359375,-4.0359,2.6454,4.9661,2.9673,0,REST
3248,12.6875,-1.5083,-1.1909,3.8987,-0.0214,0,REST
3249,12.69140625,-2.2114,1.193,2.3231,4.9792,0,REST
3250,12.6953125,-1.0272,-2.4045,-3.536,7.3395,0,REST
3251,12.69921875,2.6544,-0.2318,-1.2123,3.1019,0,REST
3252,12.703125,8.6014,0.1898,-4.0513,3.5469,0,REST
3253,12.70703125,2.6901,0.9739,-1.4345,7.8911,0,REST
3254,12.7109375,1.6834,-2.8055,-1.1302,4.8606,0,REST
3255,12.71484375,2.4406,-2.156,-2.4663,3.3599,0,REST
3256,12.71875,7.2032,-3.8128,-3.9279,-0.8079,0,REST
3257,12.72265625,0.9308,-4.5409,-3.8684,1.7331,0,REST
3258,12.7265625,-1.7575,-5.0391,-1.3324,-2.4237,0,REST
3259,12.73046875,8.0568,-2.205,-5.1938,0.8826,0,REST
3260,12.734375,1.5413,-0.9724,-3.8301,-2.5779,0,REST
3261,12.73828125,0.0549,-1.7887,-2.3851,-2.8583,0,REST
3262,12.7421875,-0.0224,-1.4447,-1.2167,-6.7498,0,REST
3263,12.74609375,-3.4965,-3.5212,-1.4937,-6.5216,0,REST
3264,12.75,0.029,-3.5008,-2.8217,-3.3735,0,REST
3265,12.75390625,-3.3009,0.1009,-2.0158,-9.3188,0,REST
3266,12.7578125,-0.744,1.1912,1.256,-5.244,0,REST
3267,12.76171875,-0.3609,-0.2816,-0.9002,-4.0061,0,REST
3268,12.765625,-1.6377,2.5041,0.5089,-2.6606,0,REST
3269,12.76953125,-1.7628,5.8348,3.1036,-2.1897,0,REST
3270,12.7734375,-1.0973,4.8646,4.2384,2.0631,0,REST
3271,12.77734375,-7.6021,5.6535,1.3962,0.5143,0,REST
3272,12.78125,-2.773,6.8785,2.5015,4.5959,0,REST
3273,12.78515625,-0.6252,6.9334,2.1403,6.6873,0,REST
3274,12.7890625,-6.896,-0.9442,1.4531,7.7683,0,REST
3275,12.79296875,-1.993,2.2948,5.8025,8.2289,0,REST
3276,12.796875,-4.1029,2.9427,5.45,5.4031,0,REST
3277,12.80078125,-4.5906,2.5043,2.929,9.2156,0,REST
3278,12.8046875,-3.681,-0.8469,3.5239,9.235,0,REST
3279,12.80859375,-2.0124,-2.3066,4.3731,6.1124,0,REST
3280,12.8125,3.4886,-2.5959,-0.3065,4.0158,0,REST
3281,12.81640625,1.1745,-7.6031,-0.2401,2.5814,0,REST
3282,12.8203125,3.9903,-5.3759,0.8352,-1.7961,0,REST
3283,12.82421875,5.2614,-5.9227,-0.9046,-5.1337,0,REST
3284,12.828125,8.5446,-5.291,-6.4514,-7.1749,0,REST
3285,12.83203125,6.337,-8.1377,-5.9127,-8.8808,0,REST
3286,12.8359375,6.8635,-4.4141,-6.974,-11.9665,0,REST
3287,12.83984375,7.9513,-4.309,-6.8908,-12.9149,0,REST
3288,12.84375,7.2097,-0.9826,-7.1876,-12.7143,0,REST
3289,12.84765625,5.5968,-4.8139,-9.4523,-9.8177,0,REST
3290,12.8515625,3.1932,-2.1764,-4.9189,-5.9397,0,REST
3291,12.85546875,4.6946,1.2881,-8.1763,-4.9011,0,REST
3292,12.859375,3.6846,1.5489,-6.2512,-4.5663,0,REST
3293,12.86328125,-5.0284,7.7742,-1.6646,2.9348,0,REST
3294,12.8671875,-3.9558,7.0518,5.0272,2.2499,0,REST
3295,12.87109375,-3.5457,6.838,4.2748,9.406,0,REST
3296,12.875,-10.3684,11.0417,3.8485,8.1818,0,REST
3297,12.87890625,-8.6723,8.9031,7.1078,9.6028,0,REST
3298,12.8828125,-8.6536,5.8791,8.9965,12.9595,0,REST
3299,12.88671875,-8.6666,7.662,11.6888,10.084,0,REST
3300,12.890625,-7.8402,4.7028,12.1793,11.7847,0,REST
3301,12.89453125,-8.7536,3.7347,10.3542,9.5207,0,REST
3302,12.8984375,-5.6505,-5.0519,8.2468,3.8962,0,REST
3303,12.90234375,-2.6904,0.0327,8.5242,4.819,0,REST
3304,12.90625,-1.9011,-6.7892,4.0265,-3.0043,0,REST
3305,12.91015625,1.1941,-8.5901,5.1821,-4.5423,0,REST
3306,12.9140625,2.2333,-8.1095,-1.1793,-6.0056,0,REST
3307,12.91796875,12.2827,-11.0349,-5.2711,-9.6524,0,REST
3308,12.921875,5.9177,-11.1409,-5.2344,-15.009,0,REST
3309,12.92578125,10.852,-12.7873,-6.2736,-14.2243,0,REST
3310,12.9296875,14.8332,-11.8572,-8.8471,-12.8157,0,REST
3311,12.93359375,9.4662,-6.2908,-8.2559,-12.7616,0,REST
3312,12.9375,11.8544,-7.3311,-11.931,-12.6332,0,REST
3313,12.94140625,8.2782,-3.6356,-11.2564,-9.1607,0,REST
3314,12.9453125,7.8888,-3.3374,-12.2559,-9.4841,0,REST
3315,12.94921875,3.0795,1.2531,-8.9261,0.2576,0,REST
3316,12.953125,1.288,6.9998,-10.102,3.2936,0,REST
3317,12.95703125,-5.6346,6.096,-4.8717,3.0472,0,REST
3318,12.9609375,-5.6938,12.4464,-1.2401,8.1945,0,REST
3319,12.96484375,-7.4964,13.9284,1.3773,10.367,0,REST
3320,12.96875,-10.7625,9.6761,5.7475,9.9855,0,REST
3321,12.97265625,-11.2075,13.1746,8.1792,15.2456,0,REST
3322,12.9765625,-14.822,14.7308,10.9653,14.0174,0,REST
3323,12.98046875,-10.6323,8.7824,9.7417,12.1257,0,REST
3324,12.984375,-9.5156,4.8406,10.1443,7.7627,0,REST
3325,12.98828125,-8.2099,6.3009,11.9258,7.2479,0,REST
3326,12.9921875,-10.8515,3.4579,12.2475,2.5007,0,REST
3327,12.99609375,1.1796,3.6288,13.5244,2.7994,0,REST
3328,13.0,1.5859,-6.0802,5.6413,-4.2395,0,REST
3329,13.00390625,4.8724,-8.541,3.7852,-3.3157,0,REST
3330,13.0078125,4.3192,-10.3439,-1.5645,-7.0821,0,REST
3331,13.01171875,5.6495,-12.1067,-2.269,-9.1817,0,REST
3332,13.015625,12.8154,-13.7087,-6.6129,-11.6191,0,REST
3333,13.01953125,12.4768,-11.4558,-8.5637,-15.2187,0,REST
3334,13.0234375,14.8122,-10.2279,-8.6665,-10.7413,0,REST
3335,13.02734375,13.053,-9.5898,-10.1757,-12.0238,0,REST
3336,13.03125,12.5151,-7.1327,-12.2753,-12.2312,0,REST
3337,13.03515625,7.6811,-4.7816,-11.7866,-5.4811,0,REST
3338,13.0390625,5.9259,-3.2235,-12.1506,-1.3775,0,REST
3339,13.04296875,2.7074,0.3276,-9.7352,1.036,0,REST
3340,13.046875,-2.6262,5.5651,-8.731,3.5246,0,REST
3341,13.05078125,-7.8673,5.4944,-4.0936,8.4795,0,REST
3342,13.0546875,-8.3832,12.1197,1.0691,11.8346,0,REST
3343,13.05859375,-8.2809,11.2961,0.7682,9.6719,0,REST
3344,13.0625,-11.6247,12.3385,6.9319,10.8571,0,REST
3345,13.06640625,-10.6018,14.6418,8.3392,13.4446,0,REST
3346,13.0703125,-12.0402,9.6045,5.8963,11.0277,0,REST
3347,13.07421875,-11.6009,8.0532,9.4417,8.9005,0,REST
3348,13.078125,-6.8793,8.6168,14.3873,7.6146,0,REST
3349,13.08203125,-8.0143,7.0409,11.2936,5.1099,0,REST
3350,13.0859375,-8.0511,1.3084,10.6826,0.5463,0,REST
3351,13.08984375,-3.613,-3.489,10.3256,-1.0582,0,REST
3352,13.09375,-1.6563,-3.5827,5.6188,-2.6388,0,REST
3353,13.09765625,5.7939,-9.6799,4.0471,-7.0564,0,REST
3354,13.1015625,2.7116,-13.8443,4.3131,-6.1516,0,REST
3355,13.10546875,4.8967,-8.2311,-2.6523,-9.8066,0,REST
3356,13.109375,9.1445,-10.6907,-6.7555,-5.3877,0,REST
3357,13.11328125,11.7705,-7.9672,-7.161,-7.5394,0,REST
3358,13.1171875,11.9546,-14.9584,-8.7507,-6.1606,0,REST
3359,13.12109375,11.0834,-8.9438,-10.5812,-4.104,0,REST
3360,13.125,8.5201,-7.6066,-9.7559,-1.8085,0,REST
3361,13.12890625,7.1928,-5.2007,-8.586,1.3462,0,REST
3362,13.1328125,3.6097,-2.3941,-6.2935,-2.302,0,REST
3363,13.13671875,-0.6648,-0.7005,-7.4554,3.6497,0,REST
3364,13.140625,-1.5307,6.0717,-1.5111,4.3933,0,REST
3365,13.14453125,-0.5984,7.3048,-4.4421,4.8394,0,REST
3366,13.1484375,-4.5301,9.0376,-0.711,6.6848,0,REST
3367,13.15234375,-5.6816,8.6417,-1.8847,10.6717,0,REST
3368,13.15625,-2.1948,9.1105,1.0146,5.5062,0,REST
3369,13.16015625,-7.3699,11.119,3.193,3.2514,0,REST
3370,13.1640625,-8.2964,10.7618,7.9724,9.9649,0,REST
3371,13.16796875,-6.1717,5.2099,0.0493,4.4377,0,REST
3372,13.171875,-5.803,5.0216,7.511,0.8303,0,REST
3373,13.17578125,-6.036,2.7645,2.3884,2.3505,0,REST
3374,13.1796875,0.5395,-1.2131,3.3006,4.2083,0,REST
3375,13.18359375,0.6884,-1.2783,7.2806,1.05,0,REST
3376,13.1875,1.4267,-3.6874,4.1806,0.4153,0,REST
3377,13.19140625,2.3429,-5.9988,4.0247,0.5068,0,REST
3378,13.1953125,-1.9416,-9.0304,5.6287,-2.186,0,REST
3379,13.19921875,2.2303,-10.637,0.8132,-2.9426,0,REST
3380,13.203125,6.9828,-11.1533,-0.0373,-2.4937,0,REST
3381,13.20703125,3.9955,-12.7979,2.1248,-3.5136,0,REST
3382,13.2109375,8.3233,-7.8926,-1.4266,-1.6381,0,REST
3383,13.21484375,6.8069,-11.1124,-2.9214,-2.0049,0,REST
3384,13.21875,7.1216,-7.0379,-2.5714,-4.5248,0,REST
3385,13.22265625,7.5443,-4.6798,-1.0779,-7.5796,0,REST
3386,13.2265625,7.2922,-3.2427,-2.8964,-5.4166,1,PREPARE
3387,13.23046875,2.705,-1.7394,-4.7689,0.0014,1,PREPARE
3388,13.234375,7.327,-1.6638,-3.7801,0.0482,1,PREPARE
3389,13.23828125,2.3711,0.0791,-5.3622,-1.6388,1,PREPARE
3390,13.2421875,2.0764,-0.2875,-5.4588,-0.6241,1,PREPARE
3391,13.24609375,2.9036,4.9937,-4.5889,3.3712,1,PREPARE
3392,13.25,2.8752,6.3759,-3.2174,0.5201,1,PREPARE
3393,13.25390625,-0.9232,6.6699,-3.3669,4.8553,1,PREPARE
3394,13.2578125,-1.8206,3.3428,2.0448,3.2782,1,PREPARE
3395,13.26171875,-3.0571,6.0834,-5.7767,5.3122,1,PREPARE
3396,13.265625,-4.2013,5.5083,-0.3312,4.1668,1,PREPARE
3397,13.26953125,-4.1488,6.2753,2.1688,4.7321,1,PREPARE
3398,13.2734375,-3.5504,6.1467,3.0124,0.8663,1,PREPARE
3399,13.27734375,-0.9997,-0.4166,2.2617,5.6785,1,PREPARE
3400,13.28125,-9.4166,-0.1649,3.912,2.3057,1,PREPARE
3401,13.28515625,-2.2011,-2.9687,8.268,-3.9102,1,PREPARE
3402,13.2890625,-2.7469,-0.3503,3.9025,0.8553,1,PREPARE
3403,13.29296875,-1.3158,-6.3923,4.2675,-0.9968,1,PREPARE
3404,13.296875,-2.4,-0.6685,5.4024,-7.5666,1,PREPARE
3405,13.30078125,4.8611,-7.5702,6.7299,-4.7454,1,PREPARE
3406,13.3046875,0.2418,-4.8442,4.0889,-2.6373,1,PREPARE
3407,13.30859375,2.3767,-2.8874,2.1737,-2.1802,1,PREPARE
3408,13.3125,3.6856,-5.9732,3.622,-7.5618,1,PREPARE
3409,13.31640625,3.0147,-5.2857,6.006,-4.6448,1,PREPARE
3410,13.3203125,3.4564,-3.0259,-2.249,-4.8485,1,PREPARE
3411,13.32421875,8.2803,-2.5403,-0.5039,-4.4377,1,PREPARE
3412,13.328125,3.8508,-2.5883,0.7008,-2.9077,1,PREPARE
3413,13.33203125,3.9222,-1.9644,-4.4922,1.1219,1,PREPARE
3414,13.3359375,1.8194,2.2737,-7.4477,-1.7022,1,PREPARE
3415,13.33984375,3.0491,-1.0558,-4.8488,2.5659,1,PREPARE
3416,13.34375,0.1218,0.0691,-7.548,2.5724,1,PREPARE
3417,13.34765625,5.5779,4.8646,-1.6708,3.7595,1,PREPARE
3418,13.3515625,0.3772,3.6686,-2.1833,4.1044,1,PREPARE
3419,13.35546875,-1.0834,4.7961,-0.9213,4.1152,1,PREPARE
3420,13.359375,-5.8567,6.0474,-0.553,3.1886,1,PREPARE
3421,13.36328125,-2.6684,3.2361,-4.4452,1.3437,1,PREPARE
3422,13.3671875,-4.3125,2.5867,-2.3802,4.3434,1,PREPARE
3423,13.37109375,-3.7546,6.5153,1.0792,0.5046,1,PREPARE
3424,13.375,-4.0933,3.0304,3.0696,3.6175,1,PREPARE
3425,13.37890625,-3.7228,-1.9607,6.9649,4.8571,1,PREPARE
3426,13.3828125,-6.3614,-1.6859,6.0441,2.8913,1,PREPARE
3427,13.38671875,-4.8431,-5.9591,4.0256,-2.4004,1,PREPARE
3428,13.390625,-2.2512,-3.4265,2.6013,-1.1609,1,PREPARE
3429,13.39453125,0.0837,-6.042,4.9731,-5.6684,1,PREPARE
3430,13.3984375,1.4305,-6.0812,4.827,-2.7779,1,PREPARE
3431,13.40234375,0.4667,-4.5151,6.9039,-5.0839,1,PREPARE
3432,13.40625,0.7216,-4.9921,7.9641,-8.5143,1,PREPARE
3433,13.41015625,2.4373,-9.5642,2.1262,-4.1261,1,PREPARE
3434,13.4140625,4.3747,-3.025,-1.0113,-2.6484,1,PREPARE
3435,13.41796875,2.1139,-2.3972,-1.4256,-3.8799,1,PREPARE
3436,13.421875,3.6797,-5.3926,-1.7978,-3.2659,1,PREPARE
3437,13.42578125,-0.0273,-0.3377,-3.6743,-0.4222,1,PREPARE
3438,13.4296875,3.13,2.4583,-5.7066,2.8598,1,PREPARE
3439,13.43359375,4.8903,1.9473,-2.2317,1.7945,1,PREPARE
3440,13.4375,3.5531,6.9428,-4.0042,4.5529,1,PREPARE
3441,13.44140625,0.5316,4.2889,-4.9628,7.6262,1,PREPARE
3442,13.4453125,2.2004,2.7391,-7.6148,4.3384,1,PREPARE
3443,13.44921875,-0.9055,5.2011,-6.2474,1.3038,1,PREPARE
3444,13.453125,-2.9163,5.9838,-3.3021,3.9274,1,PREPARE
3445,13.45703125,-0.9789,2.0606,-6.7623,2.883,1,PREPARE
3446,13.4609375,-4.6894,0.9098,-1.7926,2.4459,1,PREPARE
3447,13.46484375,-1.4314,4.8645,-5.3205,7.7906,1,PREPARE
3448,13.46875,-8.904,3.8729,-1.7136,4.3588,1,PREPARE
3449,13.47265625,-4.3053,4.5507,-1.9689,1.9746,1,PREPARE
3450,13.4765625,-3.6614,-1.8839,0.1473,-0.2264,1,PREPARE
3451,13.48046875,-6.5281,2.9969,4.5881,-3.0263,1,PREPARE
3452,13.484375,-2.128,-0.0712,6.2266,-4.2984,1,PREPARE
3453,13.48828125,-4.6795,-3.6804,0.3677,-4.6972,1,PREPARE
3454,13.4921875,-0.8549,-7.1235,4.5446,-1.4208,1,PREPARE
3455,13.49609375,-3.6433,-3.6032,7.4697,-7.3023,1,PREPARE
3456,13.5,-0.9175,-3.3552,2.909,-5.4278,1,PREPARE
3457,13.50390625,-0.9466,-6.7505,3.4404,-7.3842,1,PREPARE
3458,13.5078125,3.6537,-5.5089,6.0181,-6.9421,1,PREPARE
3459,13.51171875,0.2581,-2.7133,2.2184,1.7724,1,PREPARE
3460,13.515625,4.6034,-3.5177,2.0122,-0.5893,1,PREPARE
3461,13.51953125,1.3333,0.9104,1.7331,-2.8318,1,PREPARE
3462,13.5234375,3.3335,0.5213,0.611,2.5588,1,PREPARE
3463,13.52734375,4.9282,2.9307,-0.1917,3.1138,1,PREPARE
3464,13.53125,6.655,-0.5159,-2.2842,2.7475,1,PREPARE
3465,13.53515625,4.6358,5.6474,-4.4058,6.5496,1,PREPARE
3466,13.5390625,3.331,3.4182,-4.1835,6.2038,1,PREPARE
3467,13.54296875,1.6172,2.4187,-5.9263,9.3085,1,PREPARE
3468,13.546875,1.9375,5.3186,-4.9773,5.6663,1,PREPARE
3469,13.55078125,3.5889,4.7365,-2.4808,8.4179,1,PREPARE
3470,13.5546875,-6.3162,7.9648,-5.0244,3.3432,1,PREPARE
3471,13.55859375,-0.2257,3.0958,-1.384,3.3435,1,PREPARE
3472,13.5625,-1.7359,5.2344,-3.1628,6.6659,1,PREPARE
3473,13.56640625,-4.2459,5.0981,-3.7012,1.8444,1,PREPARE
3474,13.5703125,-5.1628,2.1861,0.9637,-2.0389,1,PREPARE
3475,13.57421875,-5.6316,5.0244,2.0868,1.7027,1,PREPARE
3476,13.578125,-9.1241,-0.3633,-1.4519,1.0375,1,PREPARE
3477,13.58203125,-5.1381,-3.9127,0.2284,-4.5942,1,PREPARE
3478,13.5859375,-5.6259,1.4507,4.3913,-6.7331,1,PREPARE
3479,13.58984375,-4.4904,-0.9373,2.6628,-8.4138,1,PREPARE
3480,13.59375,1.19,-5.4145,3.7003,-6.0195,1,PREPARE
3481,13.59765625,-0.0998,-1.6361,3.6595,-5.9179,1,PREPARE
3482,13.6015625,-1.3091,-5.3535,4.7916,-1.6679,1,PREPARE
3483,13.60546875,2.7618,-3.8559,5.7803,-7.1882,1,PREPARE
3484,13.609375,1.6449,-3.0724,5.4235,-6.9236,1,PREPARE
3485,13.61328125,3.6362,-2.7783,0.5524,0.5221,1,PREPARE
3486,13.6171875,4.0616,-0.3361,0.8707,-5.0192,1,PREPARE
3487,13.62109375,5.4322,-1.4413,-1.9294,-0.4161,1,PREPARE
3488,13.625,4.1082,0.7933,1.9134,4.3482,1,PREPARE
3489,13.62890625,6.0616,-1.0971,-1.0554,7.5393,1,PREPARE
3490,13.6328125,4.7721,7.2031,-3.6489,1.9384,1,PREPARE
3491,13.63671875,2.9928,2.7225,-1.064,3.8771,1,PREPARE
3492,13.640625,4.8379,4.5306,-5.2201,7.9773,1,PREPARE
3493,13.64453125,4.9784,5.8127,-5.8862,5.9896,1,PREPARE
3494,13.6484375,-1.4384,4.5613,-2.1361,6.327,1,PREPARE
3495,13.65234375,-1.5812,9.2368,-6.216,2.6485,1,PREPARE
3496,13.65625,-0.8488,4.8892,-3.0726,2.393,1,PREPARE
3497,13.66015625,-2.8746,1.7389,-1.6516,-1.515,1,PREPARE
3498,13.6640625,-5.0621,3.8228,-3.7282,-0.917,1,PREPARE
3499,13.66796875,-8.0051,-0.0756,-3.0167,1.7864,1,PREPARE
3500,13.671875,-5.5354,-0.3597,-2.9611,2.2476,1,PREPARE
3501,13.67578125,-6.7709,-1.2775,2.294,-0.2313,1,PREPARE
3502,13.6796875,-3.9553,-0.7742,2.2302,-2.5173,1,PREPARE
3503,13.68359375,-4.6566,-0.2286,4.5808,-2.6572,1,PREPARE
3504,13.6875,-4.9234,-1.7485,2.2453,-6.7184,1,PREPARE
3505,13.69140625,1.7299,-3.3625,7.654,-4.0502,1,PREPARE
3506,13.6953125,-2.8714,-4.8056,4.07,-5.5314,1,PREPARE
3507,13.69921875,-0.6352,-5.1085,2.0917,-2.6111,1,PREPARE
3508,13.703125,3.6591,-1.3806,6.6492,-3.1009,1,PREPARE
3509,13.70703125,1.4004,-6.5938,3.8348,-1.1389,1,PREPARE
3510,13.7109375,1.7093,-2.4683,7.5375,-0.2711,1,PREPARE
3511,13.71484375,7.0925,-3.0904,2.9057,1.2107,1,PREPARE
3512,13.71875,5.3187,-2.9576,0.6103,0.3043,1,PREPARE
3513,13.72265625,3.9405,0.9113,3.7275,3.2556,1,PREPARE
3514,13.7265625,4.1069,2.0055,-2.1911,2.4081,1,PREPARE
3515,13.73046875,6.6034,-0.9767,-1.3013,4.9372,1,PREPARE
3516,13.734375,5.7018,4.2646,-1.2935,4.6029,1,PREPARE
3517,13.73828125,2.2697,4.5218,-4.03,1.2291,1,PREPARE
3518,13.7421875,3.3641,1.9451,-3.5794,7.712,1,PREPARE
3519,13.74609375,-2.4691,3.4999,-4.0166,1.2827,1,PREPARE
3520,13.75,-0.0051,5.0231,-7.9427,1.62,1,PREPARE
3521,13.75390625,-0.426,5.8725,-0.8195,2.0708,1,PREPARE
3522,13.7578125,-3.6657,2.8719,-2.5034,1.6165,1,PREPARE
3523,13.76171875,-5.9886,7.0159,-2.8715,-2.8288,1,PREPARE
3524,13.765625,-9.0051,3.0994,-0.3216,-2.7934,1,PREPARE
3525,13.76953125,-9.6745,0.3669,-1.8679,-1.2825,1,PREPARE
3526,13.7734375,-5.2773,0.114,-0.8954,-5.2154,1,PREPARE
3527,13.77734375,-4.7461,-1.6971,4.1843,-1.5699,1,PREPARE
3528,13.78125,-4.3439,0.8929,2.4142,-6.4036,1,PREPARE
3529,13.78515625,-5.6778,-6.4218,1.577,-4.4414,1,PREPARE
3530,13.7890625,-3.2917,-6.4818,2.7575,-6.6327,1,PREPARE
3531,13.79296875,-2.1011,-6.6912,6.1821,-1.5811,1,PREPARE
3532,13.796875,-0.6266,-2.3714,4.7007,-4.0244,1,PREPARE
3533,13.80078125,1.6193,-2.9521,4.0444,-0.2192,1,PREPARE
3534,13.8046875,1.5687,-3.3657,4.7856,0.0502,1,PREPARE
3535,13.80859375,-0.6329,-10.1056,4.5648,-2.2009,1,PREPARE
3536,13.8125,4.9659,-2.0471,2.3541,4.2372,1,PREPARE
3537,13.81640625,5.8707,-3.0358,2.395,1.9805,1,PREPARE
3538,13.8203125,2.7774,-0.1485,4.2045,2.4028,1,PREPARE
3539,13.82421875,5.2716,-0.0461,-0.4862,6.737,1,PREPARE
3540,13.828125,1.3279,1.7436,0.0516,4.516,1,PREPARE
3541,13.83203125,4.6164,0.9125,0.0538,5.2406,1,PREPARE
3542,13.8359375,2.88,2.1442,-1.5134,0.7183,1,PREPARE
3543,13.83984375,2.4985,4.3577,-5.4725,2.7264,1,PREPARE
3544,13.84375,0.4916,4.9574,-4.5248,5.9283,1,PREPARE
3545,13.84765625,1.2455,5.4853,-2.6406,2.8861,1,PREPARE
3546,13.8515625,-0.0791,8.4475,-0.4947,1.9532,1,PREPARE
3547,13.85546875,-5.0879,3.4931,-2.4651,0.3359,1,PREPARE
3548,13.859375,-1.7596,0.931,-5.7245,0.248,1,PREPARE
3549,13.86328125,-4.5428,4.2567,-7.2626,-1.8866,1,PREPARE
3550,13.8671875,-0.3462,4.2241,2.1703,-1.5953,1,PREPARE
3551,13.87109375,-2.4467,0.5785,-1.2363,-6.5714,1,PREPARE
3552,13.875,-7.6538,-1.5338,0.9507,-2.036,1,PREPARE
3553,13.87890625,-1.6858,-2.1837,0.0874,-5.2834,1,PREPARE
3554,13.8828125,-5.6843,0.4555,-2.528,-9.3126,1,PREPARE
3555,13.88671875,-2.3144,-3.5529,3.9704,-0.6789,1,PREPARE
3556,13.890625,-4.3433,-4.8023,4.2017,-4.3983,1,PREPARE
3557,13.89453125,-1.0039,-3.5892,0.7099,-4.1294,1,PREPARE
3558,13.8984375,-2.0213,-10.0172,3.2276,-2.2709,1,PREPARE
3559,13.90234375,-0.4757,-2.1459,7.3244,-1.2631,1,PREPARE
3560,13.90625,3.2003,-4.0597,5.6979,0.8324,1,PREPARE
3561,13.91015625,2.8443,-7.1324,1.7532,1.4018,1,PREPARE
3562,13.9140625,6.1677,-3.7587,2.1291,-0.1576,1,PREPARE
3563,13.91796875,5.7717,-1.3657,4.118,7.4858,1,PREPARE
3564,13.921875,7.7424,-0.8962,-0.4372,3.6927,1,PREPARE
3565,13.92578125,3.7538,0.2382,1.0807,7.7896,1,PREPARE
3566,13.9296875,8.7601,3.6439,-1.6139,3.3946,1,PREPARE
3567,13.93359375,3.788,4.0575,-0.3974,4.1842,1,PREPARE
3568,13.9375,4.1446,4.3898,-2.0409,6.7322,1,PREPARE
3569,13.94140625,3.7869,2.2435,-5.7476,2.4145,1,PREPARE
3570,13.9453125,2.0708,7.035,-6.8968,1.9853,1,PREPARE
3571,13.94921875,1.5199,2.079,-3.9313,-0.6144,1,PREPARE
3572,13.953125,-3.3511,1.2846,-1.6536,-0.2187,1,PREPARE
3573,13.95703125,-2.4801,5.3203,-2.2231,-2.5264,1,PREPARE
3574,13.9609375,0.113,3.0161,-3.4252,-3.0612,1,PREPARE
3575,13.96484375,-3.7098,-0.7889,-0.059,-3.5573,1,PREPARE
3576,13.96875,-1.539,2.6791,-6.2127,-6.6616,1,PREPARE
3577,13.97265625,-6.2076,-0.1906,-6.2523,-1.9027,1,PREPARE
3578,13.9765625,-7.8273,-1.6747,1.7204,-5.6471,1,PREPARE
3579,13.98046875,-2.9498,-1.9239,0.5846,-1.304,1,PREPARE
3580,13.984375,-0.1503,-6.6276,1.0392,-0.8071,1,PREPARE
3581,13.98828125,-1.9572,-6.662,3.2725,-1.7635,1,PREPARE
3582,13.9921875,-4.291,-5.2574,5.617,-2.7362,1,PREPARE
3583,13.99609375,2.2795,-7.2851,2.1488,-2.3422,1,PREPARE
3584,14.0,2.6388,-3.524,4.6919,-3.1413,1,PREPARE
3585,14.00390625,0.8116,-5.432,1.7186,1.2013,1,PREPARE
3586,14.0078125,3.037,-2.535,6.2433,3.9201,1,PREPARE
3587,14.01171875,2.8888,-5.9043,6.759,3.0951,1,PREPARE
3588,14.015625,4.5298,-0.9525,3.7755,4.5663,1,PREPARE
3589,14.01953125,6.3251,1.1872,4.7437,9.9122,1,PREPARE
3590,14.0234375,5.4681,1.5405,0.8282,3.7756,1,PREPARE
3591,14.02734375,5.4194,4.8524,5.5233,6.0675,1,PREPARE
3592,14.03125,7.1103,3.8793,-1.6434,6.775,1,PREPARE
3593,14.03515625,1.959,1.7668,-3.5039,3.025,1,PREPARE
3594,14.0390625,2.9831,5.182,-1.3397,0.3304,1,PREPARE
3595,14.04296875,1.5902,5.6978,-2.21,7.8523,1,PREPARE
3596,14.046875,2.5097,3.2231,-4.2043,-0.6759,1,PREPARE
3597,14.05078125,-0.9523,2.8124,-1.3804,-1.2231,1,PREPARE
3598,14.0546875,0.7375,1.429,-2.5453,-4.4053,1,PREPARE
3599,14.05859375,-4.3017,4.3819,-4.0315,-2.1658,1,PREPARE
3600,14.0625,-7.3152,-1.8079,-7.4698,-1.4322,1,PREPARE
3601,14.06640625,-4.6719,-2.6888,-3.516,-5.9983,1,PREPARE
3602,14.0703125,-1.0887,0.456,-5.5271,-2.8165,1,PREPARE
3603,14.07421875,-5.8505,1.5378,-0.3313,-5.8984,1,PREPARE
3604,14.078125,-7.0512,-2.4448,-2.035,-4.6254,1,PREPARE
3605,14.08203125,-8.6073,-1.8248,-0.8348,-4.9091,1,PREPARE
3606,14.0859375,-2.5578,-4.2147,3.8143,-4.4614,1,PREPARE
3607,14.08984375,-4.1336,-3.9254,4.2463,2.1731,1,PREPARE
3608,14.09375,-3.7944,-5.494,5.0578,-0.5188,1,PREPARE
3609,14.09765625,0.7181,-3.3134,3.0876,-3.4636,1,PREPARE
3610,14.1015625,1.2368,-2.7631,5.1221,1.2316,1,PREPARE
3611,14.10546875,2.5108,-2.0551,8.5582,3.5146,1,PREPARE
3612,14.109375,1.4663,-3.0294,4.4876,3.1662,1,PREPARE
3613,14.11328125,0.7665,-5.9187,6.9083,3.8647,1,PREPARE
3614,14.1171875,5.9922,2.6007,4.6023,4.5029,1,PREPARE
3615,14.12109375,3.2025,2.7601,5.214,4.3891,1,PREPARE
3616,14.125,5.1343,2.1432,0.0755,2.8047,1,PREPARE
3617,14.12890625,3.6977,2.8792,-0.4462,0.4975,1,PREPARE
3618,14.1328125,4.0263,5.4992,-0.7863,3.7481,1,PREPARE
3619,14.13671875,0.0289,3.5437,-1.2779,-0.1872,1,PREPARE
3620,14.140625,3.1882,7.4494,-2.7787,-1.0229,1,PREPARE
3621,14.14453125,1.8981,2.7187,-2.0156,-0.9451,1,PREPARE
3622,14.1484375,1.2975,2.4937,-7.3449,-2.1091,1,PREPARE
3623,14.15234375,-1.0256,4.615,-4.5181,-2.2952,1,PREPARE
3624,14.15625,-0.4859,2.3599,-2.4501,-3.946,1,PREPARE
3625,14.16015625,-2.276,3.3715,-4.0796,-4.1477,1,PREPARE
3626,14.1640625,-2.3229,2.2571,-5.7778,-4.873,1,PREPARE
3627,14.16796875,-4.6962,-0.5352,-6.3384,-4.4227,1,PREPARE
3628,14.171875,-7.1966,2.4941,-3.7164,-3.1249,1,PREPARE
3629,14.17578125,-5.0183,-2.4663,0.6918,-4.9143,1,PREPARE
3630,14.1796875,-3.3485,-4.5583,-2.6261,-5.2535,1,PREPARE
3631,14.18359375,-5.5986,-6.9991,2.623,-1.6151,1,PREPARE
3632,14.1875,-4.5576,-2.6418,3.1042,1.8946,1,PREPARE
3633,14.19140625,-3.8716,-4.524,0.5152,1.2776,1,PREPARE
3634,14.1953125,-3.7712,-5.3931,2.2214,4.8179,1,PREPARE
3635,14.19921875,-2.8556,-4.7217,5.6058,3.9572,1,PREPARE
3636,14.203125,0.3925,-4.0583,4.8765,5.6209,1,PREPARE
3637,14.20703125,1.4274,0.127,3.7715,7.0857,1,PREPARE
3638,14.2109375,4.9233,-0.0555,4.5011,2.4553,1,PREPARE
3639,14.21484375,5.1646,-1.8138,8.5861,5.9127,1,PREPARE
3640,14.21875,7.3571,-1.4323,5.6069,3.9121,1,PREPARE
3641,14.22265625,7.3513,5.6054,3.4979,6.3806,1,PREPARE
3642,14.2265625,4.8217,4.2364,3.1829,6.6308,1,PREPARE
3643,14.23046875,4.8859,2.2988,2.587,2.5234,1,PREPARE
3644,14.234375,5.9874,8.2036,-2.4814,2.6108,1,PREPARE
3645,14.23828125,1.3511,4.8684,1.5328,-1.8006,1,PREPARE
3646,14.2421875,1.3686,6.3244,-5.3421,0.2047,1,PREPARE
3647,14.24609375,2.7569,6.2865,-1.5561,-4.8262,1,PREPARE
3648,14.25,3.1141,3.3187,-5.6633,-6.2855,1,PREPARE
3649,14.25390625,-2.0357,7.2715,-8.6761,-3.6822,1,PREPARE
3650,14.2578125,1.7292,0.0951,-5.3247,-4.2557,1,PREPARE
3651,14.26171875,-3.2676,2.4786,-6.7545,-3.6018,1,PREPARE
3652,14.265625,-5.1981,-5.1023,-5.6974,-4.3257,1,PREPARE
3653,14.26953125,-6.4925,3.8814,-6.3505,-4.3433,1,PREPARE
3654,14.2734375,-1.1568,-1.9361,-3.8706,0.1247,1,PREPARE
3655,14.27734375,-6.1403,-1.7857,-2.486,-2.4922,1,PREPARE
3656,14.28125,-6.064,-3.1078,-1.2202,-1.7304,1,PREPARE
3657,14.28515625,-3.565,-4.374,2.7998,2.3826,1,PREPARE
3658,14.2890625,-0.379,-1.3886,0.0719,1.8871,1,PREPARE
3659,14.29296875,2.1698,-2.6412,2.0771,0.5077,1,PREPARE
3660,14.296875,0.5434,-3.0142,0.8914,5.727,1,PREPARE
3661,14.30078125,-0.2837,-6.3426,3.1676,4.1378,1,PREPARE
3662,14.3046875,-0.2149,-1.6869,4.0523,1.6579,1,PREPARE
3663,14.30859375,2.0581,-0.5629,7.2876,7.0421,1,PREPARE
3664,14.3125,7.8943,-2.807,8.8037,8.0661,1,PREPARE
3665,14.31640625,2.6723,1.7746,7.694,5.4992,1,PREPARE
3666,14.3203125,4.0072,0.601,3.3615,1.2213,1,PREPARE
3667,14.32421875,3.5048,0.6423,1.5054,2.8174,1,PREPARE
3668,14.328125,6.3472,3.682,5.5955,0.4306,1,PREPARE
3669,14.33203125,2.4889,2.3304,0.2929,0.0935,1,PREPARE
3670,14.3359375,3.5337,5.9153,0.7786,0.5365,1,PREPARE
3671,14.33984375,4.554,4.905,2.841,2.1808,1,PREPARE
3672,14.34375,2.6742,2.9039,-0.6411,-4.1245,1,PREPARE
3673,14.34765625,1.1216,5.7993,-2.6331,-6.8366,1,PREPARE
3674,14.3515625,-2.4463,3.7779,-3.2005,-3.8415,1,PREPARE
3675,14.35546875,-4.0467,5.0603,-6.8009,-4.5031,1,PREPARE
3676,14.359375,-1.6349,4.4106,-3.6599,-6.4283,1,PREPARE
3677,14.36328125,-4.1147,0.2438,-5.0381,-4.3175,1,PREPARE
3678,14.3671875,-6.9507,-3.3284,-5.6382,-7.0193,1,PREPARE
3679,14.37109375,-6.7884,-4.8202,-7.5799,-4.0237,1,PREPARE
3680,14.375,-3.8627,-1.3148,-2.9631,-3.7277,1,PREPARE
3681,14.37890625,-6.5233,-7.5442,-0.1592,-0.3491,1,PREPARE
3682,14.3828125,-4.0375,-4.9948,2.4696,2.1765,1,PREPARE
3683,14.38671875,-3.6397,-6.4104,-0.6437,1.094,1,PREPARE
3684,14.390625,2.1689,-5.2479,-1.0916,2.2942,1,PREPARE
3685,14.39453125,-0.3712,-3.0976,3.0577,2.8064,1,PREPARE
3686,14.3984375,-1.7628,-0.7777,2.6683,6.2175,1,PREPARE
3687,14.40234375,5.1989,-3.5503,1.6908,4.1269,1,PREPARE
3688,14.40625,3.06,-0.5382,5.9972,4.813,1,PREPARE
3689,14.41015625,3.302,0.1631,4.129,7.3935,1,PREPARE
3690,14.4140625,3.2028,1.83,6.5206,-0.9104,1,PREPARE
3691,14.41796875,7.9722,0.6647,5.3676,1.6018,1,PREPARE
3692,14.421875,3.2556,3.1289,3.6398,-0.8557,1,PREPARE
3693,14.42578125,4.8019,8.1107,7.0155,1.0774,1,PREPARE
3694,14.4296875,6.6136,4.5191,5.9543,-2.7201,1,PREPARE
3695,14.43359375,6.9991,5.6147,3.2641,-0.9541,1,PREPARE
3696,14.4375,1.8679,5.4148,-2.2434,-0.6012,1,PREPARE
3697,14.44140625,3.4057,2.9526,-0.135,-6.0446,1,PREPARE
3698,14.4453125,1.8868,6.9978,-1.179,-6.3894,1,PREPARE
3699,14.44921875,-0.1237,7.0059,-5.2619,-2.2642,1,PREPARE
3700,14.453125,2.3407,1.6458,-6.7112,-6.4283,1,PREPARE
3701,14.45703125,-3.0702,-1.8982,-5.6746,-8.5115,1,PREPARE
3702,14.4609375,-4.179,-0.8951,-6.6153,-2.2253,1,PREPARE
3703,14.46484375,-6.8444,-0.4159,-4.1945,-7.0153,1,PREPARE
3704,14.46875,-5.262,-3.5722,-7.5191,-2.5348,1,PREPARE
3705,14.47265625,-7.3635,-3.3739,-4.7113,-1.8998,1,PREPARE
3706,14.4765625,-5.9517,-3.8427,-3.8306,-0.4316,1,PREPARE
3707,14.48046875,-10.0058,-4.0898,-5.8698,-0.4221,1,PREPARE
3708,14.484375,-8.0174,-6.067,-1.3449,4.5512,1,PREPARE
3709,14.48828125,-1.4865,-2.9113,2.8081,1.6897,1,PREPARE
3710,14.4921875,-3.2442,-4.1201,1.8847,1.0348,1,PREPARE
3711,14.49609375,-0.3488,-5.8641,-0.3979,1.0536,1,PREPARE
3712,14.5,2.3612,-4.5693,-1.5876,6.9238,1,PREPARE
3713,14.50390625,1.3903,-5.7115,4.2062,4.7454,1,PREPARE
3714,14.5078125,3.3606,1.1363,6.4061,7.0365,1,PREPARE
3715,14.51171875,2.1466,4.6892,5.9404,4.0789,1,PREPARE
3716,14.515625,3.7396,3.6118,3.578,-1.5459,1,PREPARE
3717,14.51953125,7.47,4.4982,2.1234,1.3788,1,PREPARE
3718,14.5234375,3.9696,0.2576,4.9245,2.6991,1,PREPARE
3719,14.52734375,5.9242,5.3013,6.4431,0.6147,1,PREPARE
3720,14.53125,4.1908,5.6535,1.0539,-4.3498,1,PREPARE
3721,14.53515625,0.9855,4.0999,5.4449,-0.0814,1,PREPARE
3722,14.5390625,6.9331,4.5815,-0.0444,-2.9229,1,PREPARE
3723,14.54296875,-0.5745,2.8865,-3.1166,-6.1753,1,PREPARE
3724,14.546875,0.1399,7.23,-2.0675,-4.1288,1,PREPARE
3725,14.55078125,2.4143,-0.2636,-1.5717,-6.788,1,PREPARE
3726,14.5546875,-2.43,4.5737,-3.4417,-3.9891,1,PREPARE
3727,14.55859375,-1.3114,-0.8376,-3.4965,-1.1198,1,PREPARE
3728,14.5625,-5.5524,-2.0581,-5.7117,-1.152,1,PREPARE
3729,14.56640625,-3.4762,-2.2134,-5.7149,2.7159,1,PREPARE
3730,14.5703125,-7.9101,-4.2084,-3.2542,1.2767,1,PREPARE
3731,14.57421875,-4.8054,-0.9581,-6.374,-1.6329,1,PREPARE
3732,14.578125,-5.4017,-5.0358,-6.6382,-0.6796,1,PREPARE
3733,14.58203125,-5.9452,-7.4283,0.9938,4.4904,1,PREPARE
3734,14.5859375,-5.2452,-6.8898,-5.3456,4.847,1,PREPARE
3735,14.58984375,-2.6913,-2.836,2.0694,5.2135,1,PREPARE
3736,14.59375,1.7203,-3.5393,0.3761,5.987,1,PREPARE
3737,14.59765625,-0.7126,-3.7806,1.3209,4.2914,1,PREPARE
3738,14.6015625,-0.7832,-1.9374,2.8589,3.865,1,PREPARE
3739,14.60546875,4.2191,-2.9713,1.8815,2.5159,1,PREPARE
3740,14.609375,-0.044,-1.3346,5.0528,2.6238,1,PREPARE
3741,14.61328125,1.0278,2.3284,4.2238,3.4721,1,PREPARE
3742,14.6171875,4.4815,4.2489,5.0945,3.549,1,PREPARE
3743,14.62109375,8.4818,2.5923,4.5223,0.7947,1,PREPARE
3744,14.625,6.142,7.1033,5.4421,-2.1589,1,PREPARE
3745,14.62890625,5.8647,6.3157,2.86,-5.7834,1,PREPARE
3746,14.6328125,2.6272,5.2338,2.4248,-2.8199,1,PREPARE
3747,14.63671875,3.4971,4.444,-0.1403,-6.9238,1,PREPARE
3748,14.640625,6.3569,7.5649,1.8426,-2.7545,1,PREPARE
3749,14.64453125,1.5517,2.9488,-4.1224,-3.5689,1,PREPARE
3750,14.6484375,-1.0113,-2.0216,0.9337,-3.0245,1,PREPARE
3751,14.65234375,-7.4156,1.1927,-2.7393,-2.5884,1,PREPARE
3752,14.65625,-4.9,1.2056,-1.4639,-3.271,1,PREPARE
3753,14.66015625,-2.4793,-1.012,-6.4448,-2.7788,1,PREPARE
3754,14.6640625,-1.667,-1.2566,-4.5969,-0.3696,1,PREPARE
3755,14.66796875,-2.5625,-5.107,-7.678,-0.2248,1,PREPARE
3756,14.671875,-6.7443,-7.0886,-3.7162,2.1762,1,PREPARE
3757,14.67578125,-7.1002,-1.7655,-5.1416,-1.4001,1,PREPARE
3758,14.6796875,-7.4338,-5.8284,-3.8751,2.0258,1,PREPARE
3759,14.68359375,-7.9173,-8.2137,-0.522,3.6752,1,PREPARE
3760,14.6875,-1.639,-5.4472,1.2373,2.4743,1,PREPARE
3761,14.69140625,0.9211,-1.7039,-0.3805,4.0974,1,PREPARE
3762,14.6953125,0.2072,-4.814,3.8023,4.3634,1,PREPARE
3763,14.69921875,0.121,0.3525,5.2381,6.4787,1,PREPARE
3764,14.703125,2.3404,0.0431,0.354,5.2541,1,PREPARE
3765,14.70703125,0.4703,-0.0647,3.3461,-2.0042,1,PREPARE
3766,14.7109375,3.6599,6.83,3.8803,-0.0523,1,PREPARE
3767,14.71484375,3.1901,2.0849,4.6363,-0.4611,1,PREPARE
3768,14.71875,-0.5657,3.8141,7.8404,1.2249,1,PREPARE
3769,14.72265625,3.2563,7.4218,4.4796,-4.3713,1,PREPARE
3770,14.7265625,6.0608,6.9382,6.6807,-3.5415,1,PREPARE
3771,14.73046875,6.6976,5.7454,1.4308,-3.9586,1,PREPARE
3772,14.734375,7.2841,8.3676,5.2155,-5.8164,1,PREPARE
3773,14.73828125,3.5435,0.0357,2.2684,-5.6879,1,PREPARE
3774,14.7421875,2.514,2.9692,4.0118,-2.7648,1,PREPARE
3775,14.74609375,3.4049,1.5865,0.1004,-0.8871,1,PREPARE
3776,14.75,-1.5354,1.5212,-2.0178,-8.6041,1,PREPARE
3777,14.75390625,-1.2158,1.7224,-4.8208,-2.0713,1,PREPARE
3778,14.7578125,-0.361,-1.7747,-4.2201,-1.9622,1,PREPARE
3779,14.76171875,-4.1698,-5.5503,-4.9607,-0.2078,1,PREPARE
3780,14.765625,-3.8854,-3.5021,-2.8888,1.237,1,PREPARE
3781,14.76953125,-5.7465,0.8147,-6.9413,1.4606,1,PREPARE
3782,14.7734375,-5.3002,-6.7624,-7.5755,2.1553,1,PREPARE
3783,14.77734375,-2.4532,-5.7625,-3.3934,3.2225,1,PREPARE
3784,14.78125,-8.9579,-1.9029,-4.2283,4.5378,1,PREPARE
3785,14.78515625,-6.0297,-7.5639,-1.6579,4.5668,1,PREPARE
3786,14.7890625,0.234,-8.5104,-4.2768,1.6597,1,PREPARE
3787,14.79296875,1.5418,-3.0118,1.185,4.4422,1,PREPARE
3788,14.796875,-2.3194,-4.9836,1.3265,1.8377,1,PREPARE
3789,14.80078125,2.6042,2.8566,0.6118,3.9848,1,PREPARE
3790,14.8046875,1.1659,-1.8833,4.1216,1.5133,1,PREPARE
3791,14.80859375,1.4769,4.8879,-0.2715,1.9058,1,PREPARE
3792,14.8125,4.1445,4.4224,7.3659,-3.2554,1,PREPARE
3793,14.81640625,1.5564,1.5844,4.3284,-2.0087,1,PREPARE
3794,14.8203125,6.5038,2.4226,5.5693,-4.8522,1,PREPARE
3795,14.82421875,2.8305,6.381,5.0497,-5.7144,1,PREPARE
3796,14.828125,3.6689,8.0094,5.8674,-3.0146,1,PREPARE
3797,14.83203125,4.7116,0.9183,4.0427,-4.8085,1,PREPARE
3798,14.8359375,3.0036,7.663,5.8679,0.4132,1,PREPARE
3799,14.83984375,1.2998,1.6503,0.9513,-5.7761,1,PREPARE
3800,14.84375,4.0888,5.4434,0.6105,-2.3078,1,PREPARE
3801,14.84765625,-0.6073,1.6707,0.5977,0.6202,1,PREPARE
3802,14.8515625,1.0397,1.946,-3.5118,0.4803,1,PREPARE
3803,14.85546875,-1.449,0.3938,-2.4146,0.4764,1,PREPARE
3804,14.859375,-3.4161,-3.6831,-4.7234,0.1549,1,PREPARE
3805,14.86328125,-5.3678,-2.7137,-5.5861,1.5069,1,PREPARE
3806,14.8671875,-2.2256,-4.5577,-6.4518,2.0755,1,PREPARE
3807,14.87109375,-5.3325,-2.2239,-6.8755,4.8621,1,PREPARE
3808,14.875,-2.2963,-6.9836,-9.0958,4.2321,1,PREPARE
3809,14.87890625,-2.7052,-3.7566,-3.4992,8.0877,1,PREPARE
3810,14.8828125,-5.2702,-2.7435,-2.0693,4.5821,1,PREPARE
3811,14.88671875,-4.7977,-0.3317,-7.0517,3.3408,1,PREPARE
3812,14.890625,-3.4461,0.0603,-5.807,5.3223,1,PREPARE
3813,14.89453125,-0.5323,-2.4541,-1.0649,1.9393,1,PREPARE
3814,14.8984375,-0.3145,-1.3657,-0.3603,0.7417,1,PREPARE
3815,14.90234375,2.2175,-3.4175,0.3061,-2.3357,1,PREPARE
3816,14.90625,-2.4193,-0.9445,-0.4066,0.5583,1,PREPARE
3817,14.91015625,-0.3752,1.8934,1.9976,-0.3104,1,PREPARE
3818,14.9140625,2.7375,4.9305,3.2808,-4.115,1,PREPARE
3819,14.91796875,4.2698,5.8459,7.7664,-5.1811,1,PREPARE
3820,14.921875,2.7117,3.2099,2.8542,-4.9101,1,PREPARE
3821,14.92578125,6.6519,3.2877,4.9046,-5.9136,1,PREPARE
3822,14.9296875,3.4956,7.7048,7.7064,-4.0985,1,PREPARE
3823,14.93359375,6.4243,2.5706,3.6045,-5.1575,1,PREPARE
3824,14.9375,4.1055,2.9482,2.4514,-4.7825,1,PREPARE
3825,14.94140625,3.4638,1.9877,1.2594,0.2966,1,PREPARE
3826,14.9453125,2.4455,4.786,-0.5384,-4.7845,1,PREPARE
3827,14.94921875,0.497,-3.3384,-1.0409,0.547,1,PREPARE
3828,14.953125,-0.3814,-2.5105,-0.9986,1.2522,1,PREPARE
3829,14.95703125,-1.2454,0.4774,-3.7515,4.6148,1,PREPARE
3830,14.9609375,-0.3629,-1.4495,-2.4767,-0.6465,1,PREPARE
3831,14.96484375,0.5717,1.662,-6.7339,8.8726,2,LEFT_MI
3832,14.96875,-2.0566,0.7943,-4.1887,11.667,2,LEFT_MI
3833,14.97265625,-8.7153,-7.014,-12.0719,6.1095,2,LEFT_MI
3834,14.9765625,-7.5437,-2.864,-4.8194,3.3522,2,LEFT_MI
3835,14.98046875,-6.4037,2.8165,-8.8882,2.6428,2,LEFT_MI
3836,14.984375,-2.5368,-5.5747,-11.8846,1.7975,2,LEFT_MI
3837,14.98828125,-7.3321,-4.0753,-7.272,1.6675,2,LEFT_MI
3838,14.9921875,-5.9775,-6.9806,-10.4935,1.9061,2,LEFT_MI
3839,14.99609375,-3.3952,2.4935,-0.234,2.7655,2,LEFT_MI
3840,15.0,2.5301,-2.5763,-6.5253,1.6461,2,LEFT_MI
3841,15.00390625,-0.3233,-2.4068,1.7692,0.297,2,LEFT_MI
3842,15.0078125,9.6666,4.4851,4.5773,-1.3557,2,LEFT_MI
3843,15.01171875,11.8189,6.2449,6.191,-3.0097,2,LEFT_MI
3844,15.015625,6.1616,0.3752,4.217,-1.6663,2,LEFT_MI
3845,15.01953125,4.3051,1.5313,12.6798,-2.494,2,LEFT_MI
3846,15.0234375,4.8379,0.8277,5.4115,-7.9986,2,LEFT_MI
3847,15.02734375,1.6328,0.127,6.6413,-3.174,2,LEFT_MI
3848,15.03125,0.9308,2.3847,1.4384,-10.4085,2,LEFT_MI
3849,15.03515625,-1.4469,0.185,-0.9506,-6.9072,2,LEFT_MI
3850,15.0390625,-0.0668,-3.5323,-1.3833,-9.8462,2,LEFT_MI
3851,15.04296875,6.2965,-1.4005,3.8542,-1.1756,2,LEFT_MI
3852,15.046875,0.0827,-3.0105,4.5304,1.7639,2,LEFT_MI
3853,15.05078125,-7.0597,1.1338,-0.163,7.6831,2,LEFT_MI
3854,15.0546875,2.0642,5.5218,0.1088,4.8905,2,LEFT_MI
3855,15.05859375,-5.8348,4.7644,2.9648,0.3029,2,LEFT_MI
3856,15.0625,-1.7586,2.5238,-0.5245,10.2729,2,LEFT_MI
3857,15.06640625,-1.0468,4.0043,2.3337,11.3477,2,LEFT_MI
3858,15.0703125,-3.9819,-3.5376,1.4807,9.9912,2,LEFT_MI
3859,15.07421875,-5.2782,0.8051,-2.5731,7.3505,2,LEFT_MI
3860,15.078125,-3.9592,-5.7133,-4.2366,2.5147,2,LEFT_MI
3861,15.08203125,-10.1878,-0.8236,-10.8633,5.4083,2,LEFT_MI
3862,15.0859375,-8.7503,-5.2294,-2.772,-1.8102,2,LEFT_MI
3863,15.08984375,-4.6663,-4.2076,-7.264,-2.8091,2,LEFT_MI
3864,15.09375,-4.3703,-3.8014,-3.8281,-5.0145,2,LEFT_MI
3865,15.09765625,-0.3193,1.7735,-1.8356,-1.4706,2,LEFT_MI
3866,15.1015625,9.2476,1.0813,-2.8546,-3.3705,2,LEFT_MI
3867,15.10546875,5.1866,3.634,-1.0624,-6.4453,2,LEFT_MI
3868,15.109375,6.3292,12.6059,4.2252,-1.019,2,LEFT_MI
3869,15.11328125,6.9806,3.4655,6.2002,-5.1863,2,LEFT_MI
3870,15.1171875,8.134,1.8589,7.2858,-2.5347,2,LEFT_MI
3871,15.12109375,10.7697,6.0059,5.6,-5.803,2,LEFT_MI
3872,15.125,2.8102,4.1408,3.981,-3.9777,2,LEFT_MI
3873,15.12890625,1.5723,-0.8092,3.8656,-0.623,2,LEFT_MI
3874,15.1328125,4.0413,1.1784,0.1217,-5.7664,2,LEFT_MI
3875,15.13671875,5.4646,0.3898,0.3926,-3.5732,2,LEFT_MI
3876,15.140625,-0.9927,4.3426,-0.1802,-4.0668,2,LEFT_MI
3877,15.14453125,-0.5468,2.2083,-1.7725,-3.0427,2,LEFT_MI
3878,15.1484375,3.4371,-1.5613,0.9431,6.3119,2,LEFT_MI
3879,15.15234375,0.4294,2.417,-2.6803,3.5935,2,LEFT_MI
3880,15.15625,3.4942,1.5337,0.7654,10.3714,2,LEFT_MI
3881,15.16015625,2.572,4.446,2.6413,4.928,2,LEFT_MI
3882,15.1640625,0.4744,2.6011,-0.9713,8.5795,2,LEFT_MI
3883,15.16796875,-8.467,1.0841,-2.4571,8.4469,2,LEFT_MI
3884,15.171875,-3.9345,-0.898,-2.9808,8.8787,2,LEFT_MI
3885,15.17578125,-4.8291,-3.7317,-5.2168,2.1808,2,LEFT_MI
3886,15.1796875,-10.1652,-2.889,-5.298,9.668,2,LEFT_MI
3887,15.18359375,-8.9327,-2.4655,-3.8222,2.8013,2,LEFT_MI
3888,15.1875,-6.3041,-0.1344,-4.7409,0.2769,2,LEFT_MI
3889,15.19140625,-5.9821,-4.4551,-11.3138,-2.477,2,LEFT_MI
3890,15.1953125,-3.8807,-1.3593,-4.715,0.1179,2,LEFT_MI
3891,15.19921875,-1.5889,-3.7172,-4.055,-2.8968,2,LEFT_MI
3892,15.203125,2.8447,-1.9785,3.1036,-0.6063,2,LEFT_MI
3893,15.20703125,4.3115,3.4422,9.5504,-5.5637,2,LEFT_MI
3894,15.2109375,9.0884,9.9228,3.0728,1.4142,2,LEFT_MI
3895,15.21484375,11.7593,-1.6593,7.9661,-4.4148,2,LEFT_MI
3896,15.21875,7.0819,8.7016,5.5712,-0.8011,2,LEFT_MI
3897,15.22265625,5.5968,3.2557,4.8364,-3.3001,2,LEFT_MI
3898,15.2265625,9.5075,2.0808,7.41,-3.4729,2,LEFT_MI
3899,15.23046875,1.8162,-1.613,4.6686,-8.1856,2,LEFT_MI
3900,15.234375,3.1315,-6.1723,-0.7725,4.4347,2,LEFT_MI
3901,15.23828125,-2.7929,-0.523,-2.2201,-1.4972,2,LEFT_MI
3902,15.2421875,-0.2613,-1.039,-1.3424,-5.1812,2,LEFT_MI
3903,15.24609375,1.95,-6.6902,7.6575,4.4273,2,LEFT_MI
3904,15.25,-0.469,-3.5519,-0.0603,4.0595,2,LEFT_MI
3905,15.25390625,-0.0085,-0.7027,-2.0683,7.4664,2,LEFT_MI
3906,15.2578125,3.1158,1.7419,-2.5691,5.4523,2,LEFT_MI
3907,15.26171875,4.8678,2.8209,-3.1029,3.7308,2,LEFT_MI
3908,15.265625,2.551,-0.8505,-2.4786,8.9558,2,LEFT_MI
3909,15.26953125,-7.6343,3.6307,-3.7316,8.3078,2,LEFT_MI
3910,15.2734375,-5.0192,1.7485,-0.4811,7.035,2,LEFT_MI
3911,15.27734375,-6.0584,-4.1735,-6.5367,2.821,2,LEFT_MI
3912,15.28125,-9.2306,-3.9392,-9.9923,-3.706,2,LEFT_MI
3913,15.28515625,-6.2482,-7.1568,-14.6013,0.6446,2,LEFT_MI
3914,15.2890625,-9.9429,-4.758,-8.534,-3.738,2,LEFT_MI
3915,15.29296875,-7.0938,-5.3071,-7.7138,2.0312,2,LEFT_MI
3916,15.296875,-1.4217,-0.3158,-2.0991,-7.6593,2,LEFT_MI
3917,15.30078125,2.7384,1.2225,0.0411,-5.8462,2,LEFT_MI
3918,15.3046875,2.5032,-0.8467,5.1621,-6.3814,2,LEFT_MI
3919,15.30859375,6.2005,2.7826,3.2417,-1.0302,2,LEFT_MI
3920,15.3125,7.5078,9.4998,-1.9517,-4.1867,2,LEFT_MI
3921,15.31640625,7.684,1.739,4.6502,-3.4714,2,LEFT_MI
3922,15.3203125,8.2493,5.7388,2.4093,-3.4533,2,LEFT_MI
3923,15.32421875,6.0434,3.6762,6.9639,1.1935,2,LEFT_MI
3924,15.328125,4.8625,0.3686,-0.16,-1.8225,2,LEFT_MI
3925,15.33203125,0.1599,-1.5171,1.7451,-3.0358,2,LEFT_MI
3926,15.3359375,5.3647,-1.4878,3.3239,-7.1742,2,LEFT_MI
3927,15.33984375,-5.0086,0.896,4.539,3.1149,2,LEFT_MI
3928,15.34375,3.8103,-1.3659,0.6791,2.1213,2,LEFT_MI
3929,15.34765625,3.9508,3.1288,2.5096,3.7468,2,LEFT_MI
3930,15.3515625,0.5635,1.498,-0.3241,11.5351,2,LEFT_MI
3931,15.35546875,0.0918,7.1269,2.0935,8.9712,2,LEFT_MI
3932,15.359375,-0.6112,-4.7839,0.1208,5.8244,2,LEFT_MI
3933,15.36328125,-0.7945,3.1602,1.1469,12.4876,2,LEFT_MI
3934,15.3671875,-4.6363,2.6476,-1.133,10.6707,2,LEFT_MI
3935,15.37109375,-3.6643,-0.8295,-3.0272,-4.9244,2,LEFT_MI
3936,15.375,-9.0331,-1.6877,-6.1011,-3.5922,2,LEFT_MI
3937,15.37890625,-8.7864,-1.9593,-4.9346,-6.6215,2,LEFT_MI
3938,15.3828125,-5.7959,-5.2554,-10.5674,-0.7211,2,LEFT_MI
3939,15.38671875,-5.4418,-2.467,-11.5323,-8.9048,2,LEFT_MI
3940,15.390625,-7.1128,-5.517,-7.5946,-2.7857,2,LEFT_MI
3941,15.39453125,-7.2254,1.7254,-11.0679,-3.4964,2,LEFT_MI
3942,15.3984375,-1.7877,-1.9688,-7.0899,-7.933,2,LEFT_MI
3943,15.40234375,-3.1586,0.4264,0.9926,-4.6289,2,LEFT_MI
3944,15.40625,4.2815,3.1726,-2.3305,0.6409,2,LEFT_MI
3945,15.41015625,8.3905,3.1614,-2.573,-0.7572,2,LEFT_MI
3946,15.4140625,7.1931,3.1721,7.7623,-4.8748,2,LEFT_MI
3947,15.41796875,9.8151,4.9847,1.9739,0.4248,2,LEFT_MI
3948,15.421875,3.7206,9.2512,7.2666,-4.6783,2,LEFT_MI
3949,15.42578125,3.7883,7.2204,10.0112,-2.1623,2,LEFT_MI
3950,15.4296875,5.2371,1.7047,3.0428,-2.6998,2,LEFT_MI
3951,15.43359375,6.6269,-1.3664,1.7334,-3.4888,2,LEFT_MI
3952,15.4375,3.359,-1.3945,8.3215,4.4946,2,LEFT_MI
3953,15.44140625,-1.7988,-5.3214,3.1479,3.6564,2,LEFT_MI
3954,15.4453125,0.6546,2.263,4.3817,2.0782,2,LEFT_MI
3955,15.44921875,1.5577,-6.143,-0.3293,4.7171,2,LEFT_MI
3956,15.453125,-2.6164,8.8656,1.7442,5.7393,2,LEFT_MI
3957,15.45703125,0.0229,-2.5166,3.7824,11.5706,2,LEFT_MI
3958,15.4609375,1.7008,6.2159,3.7236,7.1921,2,LEFT_MI
3959,15.46484375,2.0785,-5.3368,2.6049,9.3903,2,LEFT_MI
3960,15.46875,-1.33,-0.7098,3.8607,3.0122,2,LEFT_MI
3961,15.47265625,-2.1579,2.3131,-3.6833,2.6276,2,LEFT_MI
3962,15.4765625,-6.3295,1.7611,-2.0495,1.497,2,LEFT_MI
3963,15.48046875,-7.5609,2.1106,-8.5061,-5.6484,2,LEFT_MI
3964,15.484375,-9.8232,-10.131,-5.8175,-5.5807,2,LEFT_MI
3965,15.48828125,-6.099,-2.5191,-4.1499,-7.0154,2,LEFT_MI
3966,15.4921875,-6.5648,-1.7308,-9.4561,-4.2112,2,LEFT_MI
3967,15.49609375,-7.7032,0.6618,-7.6773,-14.4695,2,LEFT_MI
3968,15.5,-2.6489,-3.7222,-3.3304,-6.4785,2,LEFT_MI
3969,15.50390625,5.457,1.6964,-2.5584,-9.0689,2,LEFT_MI
3970,15.5078125,1.5018,2.8233,7.1808,-2.8032,2,LEFT_MI
3971,15.51171875,6.5477,0.8429,3.3839,0.8642,2,LEFT_MI
3972,15.515625,4.3457,0.5135,2.8625,1.2124,2,LEFT_MI
3973,15.51953125,9.2239,1.7403,3.8726,3.9172,2,LEFT_MI
3974,15.5234375,9.9622,3.935,7.3254,6.0182,2,LEFT_MI
3975,15.52734375,2.791,6.0991,2.4598,5.4048,2,LEFT_MI
3976,15.53125,2.7329,-6.4805,7.5395,-5.2245,2,LEFT_MI
3977,15.53515625,-1.3831,2.7939,2.5725,-2.0937,2,LEFT_MI
3978,15.5390625,-1.3995,-2.2532,8.6627,1.0812,2,LEFT_MI
3979,15.54296875,-1.4279,2.286,3.7156,3.1859,2,LEFT_MI
3980,15.546875,1.3412,-7.5742,3.324,1.9194,2,LEFT_MI
3981,15.55078125,-2.2722,-0.1794,0.3811,8.8367,2,LEFT_MI
3982,15.5546875,-4.7955,-2.4705,0.1116,3.2921,2,LEFT_MI
3983,15.55859375,0.9384,-2.9616,-4.9376,9.6875,2,LEFT_MI
3984,15.5625,-4.1163,-1.1715,-0.1513,2.7853,2,LEFT_MI
3985,15.56640625,-10.0798,1.7851,4.4259,7.4,2,LEFT_MI
3986,15.5703125,-2.3318,2.7333,1.7756,1.3671,2,LEFT_MI
3987,15.57421875,-10.1055,-3.7216,-2.6464,4.4772,2,LEFT_MI
3988,15.578125,-2.5575,-9.121,-2.8357,1.1891,2,LEFT_MI
3989,15.58203125,-10.2141,-1.5896,-10.4436,-5.8212,2,LEFT_MI
3990,15.5859375,-0.7628,-6.053,-10.6138,-8.3729,2,LEFT_MI
3991,15.58984375,-6.5017,-3.1058,-14.119,-9.3878,2,LEFT_MI
3992,15.59375,-6.3039,-1.9384,-14.1541,-7.3379,2,LEFT_MI
3993,15.59765625,-0.5201,0.7614,-3.3248,-8.839,2,LEFT_MI
3994,15.6015625,1.7933,5.8893,1.2348,-4.5723,2,LEFT_MI
3995,15.60546875,3.5455,7.0819,2.834,0.0528,2,LEFT_MI
3996,15.609375,4.6165,9.5584,0.8309,-2.4387,2,LEFT_MI
3997,15.61328125,7.9837,8.1536,6.0418,-3.135,2,LEFT_MI
3998,15.6171875,6.592,6.2559,7.1926,4.4134,2,LEFT_MI
3999,15.62109375,9.3357,-0.7797,9.7524,-1.0325,2,LEFT_MI
4000,15.625,1.6549,2.3297,5.4807,-1.3229,2,LEFT_MI
4001,15.62890625,4.0734,-5.6104,-2.5222,5.7327,2,LEFT_MI
4002,15.6328125,1.2957,-3.3993,6.0523,0.4385,2,LEFT_MI
4003,15.63671875,5.9106,-0.9903,0.0977,4.4736,2,LEFT_MI
4004,15.640625,4.0306,-0.7193,0.4964,0.6423,2,LEFT_MI
4005,15.64453125,-6.733,-7.256,-3.0746,2.8511,2,LEFT_MI
4006,15.6484375,-1.6335,-0.7825,6.2656,4.0423,2,LEFT_MI
4007,15.65234375,1.9618,2.1524,0.6063,8.5362,2,LEFT_MI
4008,15.65625,-1.6381,-8.2223,5.6954,7.6807,2,LEFT_MI
4009,15.66015625,2.0298,3.557,-0.5197,5.4679,2,LEFT_MI
4010,15.6640625,-8.1821,-3.1372,7.4362,0.6753,2,LEFT_MI
4011,15.66796875,-2.8739,-0.2321,4.1815,3.8421,2,LEFT_MI
4012,15.671875,-2.1575,-3.2324,-1.0177,-3.4719,2,LEFT_MI
4013,15.67578125,-8.2385,-0.3632,-8.8368,-2.1855,2,LEFT_MI
4014,15.6796875,-14.7253,-5.842,-6.4659,-8.2119,2,LEFT_MI
4015,15.68359375,-7.6493,-0.9101,-7.365,-3.8417,2,LEFT_MI
4016,15.6875,-10.4608,-0.3471,-6.0938,-11.814,2,LEFT_MI
4017,15.69140625,-2.5256,-0.3507,-10.6311,-12.8814,2,LEFT_MI
4018,15.6953125,-0.8573,2.9717,-12.3885,-12.0563,2,LEFT_MI
4019,15.69921875,-1.2113,-1.79,-3.0559,-4.9595,2,LEFT_MI
4020,15.703125,1.9024,3.3948,1.4075,-1.3647,2,LEFT_MI
4021,15.70703125,-0.2466,1.3909,-0.8701,0.9022,2,LEFT_MI
4022,15.7109375,3.8014,4.8677,2.9637,3.6627,2,LEFT_MI
4023,15.71484375,8.3841,-0.2531,10.1825,1.0075,2,LEFT_MI
4024,15.71875,8.3507,3.7121,4.2434,-0.6233,2,LEFT_MI
4025,15.72265625,5.354,4.5949,-1.428,6.5956,2,LEFT_MI
4026,15.7265625,6.1766,1.2448,6.7004,9.6484,2,LEFT_MI
4027,15.73046875,-1.5313,0.0875,-1.7472,3.2073,2,LEFT_MI
4028,15.734375,-0.8259,-4.7109,4.7861,5.7427,2,LEFT_MI
4029,15.73828125,0.0843,-3.983,3.8242,11.303,2,LEFT_MI
4030,15.7421875,-0.503,-3.8594,4.8478,6.7449,2,LEFT_MI
4031,15.74609375,1.6007,-2.8961,0.4396,4.9157,2,LEFT_MI
4032,15.75,-2.6736,2.0027,4.9559,-1.7294,2,LEFT_MI
4033,15.75390625,-1.3714,-4.6898,3.4606,8.8376,2,LEFT_MI
4034,15.7578125,-0.9712,2.7897,11.7544,0.6673,2,LEFT_MI
4035,15.76171875,-0.555,2.8473,7.7728,-1.0543,2,LEFT_MI
4036,15.765625,-2.1433,5.0871,3.1815,-1.336,2,LEFT_MI
4037,15.76953125,-4.4021,1.615,3.6078,-1.1763,2,LEFT_MI
4038,15.7734375,-0.861,-3.9812,-9.026,0.3441,2,LEFT_MI
4039,15.77734375,-3.6498,-2.3608,-6.0971,-9.3858,2,LEFT_MI
4040,15.78125,-5.1621,0.5555,-4.0027,-6.418,2,LEFT_MI
4041,15.78515625,-1.2046,-1.0505,-7.5285,-10.8482,2,LEFT_MI
4042,15.7890625,-5.1597,-1.9318,-10.2338,-13.0767,2,LEFT_MI
4043,15.79296875,-0.0426,-6.5953,-13.3634,-7.6781,2,LEFT_MI
4044,15.796875,-2.6317,-3.3198,-5.2387,-3.2937,2,LEFT_MI
4045,15.80078125,-0.4607,5.6293,-8.2877,1.7443,2,LEFT_MI
4046,15.8046875,0.8193,3.5304,-1.3753,-2.05,2,LEFT_MI
4047,15.80859375,5.9556,5.0735,-1.3378,-0.0338,2,LEFT_MI
4048,15.8125,6.3537,7.5186,2.1691,-0.2566,2,LEFT_MI
4049,15.81640625,8.0511,5.3995,7.0334,7.849,2,LEFT_MI
4050,15.8203125,3.6646,-0.2105,0.8011,11.419,2,LEFT_MI
4051,15.82421875,6.5719,1.9323,6.6339,-4.9816,2,LEFT_MI
4052,15.828125,7.2756,1.8852,4.1153,5.0027,2,LEFT_MI
4053,15.83203125,5.4111,-5.2019,-7.3751,4.6268,2,LEFT_MI
4054,15.8359375,-0.1625,-1.7509,-2.454,1.1216,2,LEFT_MI
4055,15.83984375,2.8118,-1.8267,5.6546,-0.8821,2,LEFT_MI
4056,15.84375,-0.1019,-4.3872,5.71,2.7667,2,LEFT_MI
4057,15.84765625,-0.1379,-6.339,5.9699,2.8423,2,LEFT_MI
4058,15.8515625,-1.2157,-2.6815,4.6593,0.885,2,LEFT_MI
4059,15.85546875,-0.1884,-2.0036,6.5751,5.2977,2,LEFT_MI
4060,15.859375,-2.3438,5.0973,8.35,-4.0495,2,LEFT_MI
4061,15.86328125,-3.3647,4.9179,6.0782,2.9774,2,LEFT_MI
4062,15.8671875,-5.1261,-0.5986,0.2281,-4.7164,2,LEFT_MI
4063,15.87109375,-4.9232,0.7537,-1.7671,-5.114,2,LEFT_MI
4064,15.875,-3.0578,2.7816,-3.4649,-8.5618,2,LEFT_MI
4065,15.87890625,-12.1135,-6.9138,-0.7904,-10.1533,2,LEFT_MI
4066,15.8828125,-7.6513,-4.6749,-12.0639,-6.1782,2,LEFT_MI
4067,15.88671875,-5.796,-3.1013,-9.143,-5.9365,2,LEFT_MI
4068,15.890625,-8.6578,1.0943,-9.2967,-5.5501,2,LEFT_MI
4069,15.89453125,-9.4469,1.3475,-8.8755,-6.139,2,LEFT_MI
4070,15.8984375,-2.8942,-0.169,-9.2047,-4.1089,2,LEFT_MI
4071,15.90234375,0.2483,5.2703,-0.0211,2.6224,2,LEFT_MI
4072,15.90625,10.453,6.0725,6.6831,7.0703,2,LEFT_MI
4073,15.91015625,7.9532,5.7097,-4.6094,5.7017,2,LEFT_MI
4074,15.9140625,7.5937,7.4286,-0.799,8.7431,2,LEFT_MI
4075,15.91796875,11.2755,1.9367,-2.4809,4.8243,2,LEFT_MI
4076,15.921875,8.7942,4.9447,6.8746,7.7183,2,LEFT_MI
4077,15.92578125,4.3302,-2.1152,-3.722,4.3639,2,LEFT_MI
4078,15.9296875,3.4897,1.3398,0.7461,-0.146,2,LEFT_MI
4079,15.93359375,0.6704,-1.1804,4.5929,11.5371,2,LEFT_MI
4080,15.9375,1.6439,-6.3689,0.5733,3.7686,2,LEFT_MI
4081,15.94140625,-3.7998,1.4706,4.0804,2.6411,2,LEFT_MI
4082,15.9453125,1.7285,-2.9284,3.569,2.9045,2,LEFT_MI
4083,15.94921875,2.5174,-0.0343,2.2731,0.188,2,LEFT_MI
4084,15.953125,-0.0406,-7.4581,1.9874,2.6071,2,LEFT_MI
4085,15.95703125,-3.6632,-0.4362,6.9862,-3.2376,2,LEFT_MI
4086,15.9609375,-2.6679,1.1248,4.8434,-3.6986,2,LEFT_MI
4087,15.96484375,2.17,2.9771,3.0662,2.109,2,LEFT_MI
4088,15.96875,-0.4316,3.398,5.5163,-5.4845,2,LEFT_MI
4089,15.97265625,1.9574,1.614,8.8543,-6.6928,2,LEFT_MI
4090,15.9765625,-7.5211,-1.1609,-5.2168,-5.0565,2,LEFT_MI
4091,15.98046875,-7.0031,-2.9478,-4.6185,-10.7205,2,LEFT_MI
4092,15.984375,-7.5024,-3.3558,-5.583,-10.85,2,LEFT_MI
4093,15.98828125,-11.3679,-2.2256,-7.9313,-7.1747,2,LEFT_MI
4094,15.9921875,-7.3593,-5.3803,-6.0279,-6.4679,2,LEFT_MI
4095,15.99609375,-5.4968,-2.5158,-7.8189,0.1633,2,LEFT_MI
4096,16.0,1.6899,1.4046,-8.8392,-3.0547,2,LEFT_MI
4097,16.00390625,-0.6966,4.8769,-3.8381,1.8345,2,LEFT_MI
4098,16.0078125,8.0642,0.9123,-6.2176,4.9156,2,LEFT_MI
4099,16.01171875,-1.596,7.431,0.5465,8.559,2,LEFT_MI
4100,16.015625,14.3263,2.5509,-2.8398,9.9065,2,LEFT_MI
4101,16.01953125,6.1621,2.8139,-2.4718,9.4145,2,LEFT_MI
4102,16.0234375,9.9664,-0.8496,5.117,14.4987,2,LEFT_MI
4103,16.02734375,5.9923,-1.879,1.5326,-1.2448,2,LEFT_MI
4104,16.03125,5.2195,-3.3476,10.7338,2.6297,2,LEFT_MI
4105,16.03515625,5.9212,-5.5325,-1.125,-1.6121,2,LEFT_MI
4106,16.0390625,0.1193,-4.8039,7.0592,-4.5105,2,LEFT_MI
4107,16.04296875,-3.1754,-0.3327,0.4013,4.3528,2,LEFT_MI
4108,16.046875,1.6259,-4.6139,3.2313,-1.0849,2,LEFT_MI
4109,16.05078125,3.1247,0.0532,9.3797,-3.5633,2,LEFT_MI
4110,16.0546875,-0.7893,-0.6876,11.0646,0.4075,2,LEFT_MI
4111,16.05859375,-4.6416,5.1233,7.7666,-5.2819,2,LEFT_MI
4112,16.0625,-1.2122,5.4667,2.3448,0.7427,2,LEFT_MI
4113,16.06640625,-1.5542,4.1367,5.7112,-3.6029,2,LEFT_MI
4114,16.0703125,-11.7282,-0.3773,5.2376,-4.9349,2,LEFT_MI
4115,16.07421875,-5.1013,-7.3487,-4.7999,-4.6386,2,LEFT_MI
4116,16.078125,-6.4454,-2.6989,-6.5668,-3.556,2,LEFT_MI
4117,16.08203125,-4.9072,-0.1624,-1.2416,-12.1944,2,LEFT_MI
4118,16.0859375,-7.9275,0.0087,-10.7996,-11.4398,2,LEFT_MI
4119,16.08984375,-10.2159,1.4736,-8.5698,-2.7389,2,LEFT_MI
4120,16.09375,-3.2594,-0.6302,-9.3295,-6.5132,2,LEFT_MI
4121,16.09765625,-3.7537,2.6215,-11.2197,0.7385,2,LEFT_MI
4122,16.1015625,1.0475,5.6895,-5.5741,6.2815,2,LEFT_MI
4123,16.10546875,4.5401,6.3275,1.4721,0.3093,2,LEFT_MI
4124,16.109375,4.6634,10.8622,-8.1295,10.6828,2,LEFT_MI
4125,16.11328125,3.93,6.7458,-1.7221,14.953,2,LEFT_MI
4126,16.1171875,12.5354,3.1462,-1.049,5.2141,2,LEFT_MI
4127,16.12109375,4.7387,3.4021,5.5507,10.6455,2,LEFT_MI
4128,16.125,5.6786,6.3557,-1.2292,7.0893,2,LEFT_MI
4129,16.12890625,0.483,-5.2132,-0.0285,0.9215,2,LEFT_MI
4130,16.1328125,6.5998,-3.6339,4.5211,-2.5136,2,LEFT_MI
4131,16.13671875,1.0717,-1.5086,-0.1879,-2.388,2,LEFT_MI
4132,16.140625,1.7137,-2.4615,0.699,0.8028,2,LEFT_MI
4133,16.14453125,-4.9339,-4.7744,3.4062,-2.3163,2,LEFT_MI
4134,16.1484375,-5.7425,0.6088,2.467,-3.6523,2,LEFT_MI
4135,16.15234375,-2.1839,0.9695,6.4077,6.8737,2,LEFT_MI
4136,16.15625,1.8358,4.0895,7.3773,-3.1812,2,LEFT_MI
4137,16.16015625,-3.6621,-0.8925,4.2328,-4.1127,2,LEFT_MI
4138,16.1640625,-5.8402,6.6421,12.0093,-5.5358,2,LEFT_MI
4139,16.16796875,0.0621,0.5941,4.4377,-2.7744,2,LEFT_MI
4140,16.171875,-4.5335,3.2898,2.1138,-1.4482,2,LEFT_MI
4141,16.17578125,-7.3716,0.2404,0.0991,-6.3278,2,LEFT_MI
4142,16.1796875,-4.2274,4.823,-11.1737,-3.0221,2,LEFT_MI
4143,16.18359375,-8.8425,-1.7321,-3.1229,-5.5358,2,LEFT_MI
4144,16.1875,-5.9686,2.4803,-6.577,-0.7123,2,LEFT_MI
4145,16.19140625,-8.0902,2.5818,-10.1086,-2.4293,2,LEFT_MI
4146,16.1953125,-0.4206,-0.6733,-7.7945,1.9193,2,LEFT_MI
4147,16.19921875,-2.896,2.3642,-9.5241,-0.4057,2,LEFT_MI
4148,16.203125,1.4097,5.0316,-1.4793,9.093,2,LEFT_MI
4149,16.20703125,2.553,6.3565,-3.4602,12.6562,2,LEFT_MI
4150,16.2109375,8.7083,2.0435,-1.5872,6.2448,2,LEFT_MI
4151,16.21484375,7.2024,6.417,-3.4153,10.7735,2,LEFT_MI
4152,16.21875,7.4947,3.3229,3.2872,4.5649,2,LEFT_MI
4153,16.22265625,5.3865,0.0671,0.3156,1.7986,2,LEFT_MI
4154,16.2265625,3.4613,-2.5165,2.6958,4.0174,2,LEFT_MI
4155,16.23046875,4.0343,-2.1577,-3.9668,-1.1416,2,LEFT_MI
4156,16.234375,4.4606,0.0723,0.9094,-0.4844,2,LEFT_MI
4157,16.23828125,-2.154,0.1861,0.8386,-3.639,2,LEFT_MI
4158,16.2421875,1.8111,-4.2894,-1.0281,-5.6696,2,LEFT_MI
4159,16.24609375,-0.3966,-2.6326,2.8242,-4.0711,2,LEFT_MI
4160,16.25,-4.1947,-3.1259,9.9851,-4.7573,2,LEFT_MI
4161,16.25390625,-0.6326,2.5182,6.3039,-8.0725,2,LEFT_MI
4162,16.2578125,2.8813,-2.434,13.5226,-4.3672,2,LEFT_MI
4163,16.26171875,1.6382,-1.6903,4.2714,-1.6605,2,LEFT_MI
4164,16.265625,-5.317,4.1624,4.3431,-3.9535,2,LEFT_MI
4165,16.26953125,-0.5183,-3.7097,1.9723,-3.988,2,LEFT_MI
4166,16.2734375,-4.9424,1.4325,-5.725,-2.899,2,LEFT_MI
4167,16.27734375,-11.5159,4.6598,-2.664,-3.4516,2,LEFT_MI
4168,16.28125,-9.2666,1.0329,-2.7339,3.1699,2,LEFT_MI
4169,16.28515625,-8.1177,-0.689,-4.0978,1.6415,2,LEFT_MI
4170,16.2890625,-4.5694,-2.274,-0.5477,-3.0313,2,LEFT_MI
4171,16.29296875,-7.4859,-2.3789,-6.9903,2.9228,2,LEFT_MI
4172,16.296875,-1.2209,-0.312,-4.8623,4.6607,2,LEFT_MI
4173,16.30078125,3.0222,-2.6403,-6.3284,4.5118,2,LEFT_MI
4174,16.3046875,3.1502,1.6449,-2.9903,3.3998,2,LEFT_MI
4175,16.30859375,5.1941,0.4976,-3.7917,8.0371,2,LEFT_MI
4176,16.3125,5.6558,7.4349,-2.7997,12.0814,2,LEFT_MI
4177,16.31640625,5.4226,4.6516,-2.1829,7.9669,2,LEFT_MI
4178,16.3203125,5.626,0.2589,0.2429,7.0904,2,LEFT_MI
4179,16.32421875,7.8266,0.752,4.4036,5.6346,2,LEFT_MI
4180,16.328125,5.6281,2.2711,1.4646,-3.6213,2,LEFT_MI
4181,16.33203125,0.0784,-4.5138,-4.2737,-1.8411,2,LEFT_MI
4182,16.3359375,2.2445,-8.0126,0.9405,-5.6697,2,LEFT_MI
4183,16.33984375,1.0513,-3.7234,-1.6174,-8.6523,2,LEFT_MI
4184,16.34375,3.6535,-3.9087,3.0803,-7.5796,2,LEFT_MI
4185,16.34765625,3.7324,3.0464,8.9299,-1.2069,2,LEFT_MI
4186,16.3515625,-4.0886,1.7802,8.7525,-3.0999,2,LEFT_MI
4187,16.35546875,2.3922,2.382,8.9235,-6.9924,2,LEFT_MI
4188,16.359375,-1.4187,0.9923,6.1044,-5.3494,2,LEFT_MI
4189,16.36328125,-2.8807,2.5804,2.8851,-1.7822,2,LEFT_MI
4190,16.3671875,-0.1733,2.4341,2.7625,-4.8378,2,LEFT_MI
4191,16.37109375,-3.1745,4.5083,4.9736,-2.6265,2,LEFT_MI
4192,16.375,-7.0655,8.0378,5.1749,-9.9574,2,LEFT_MI
4193,16.37890625,-5.6423,2.9292,-5.0028,0.2869,2,LEFT_MI
4194,16.3828125,-10.5196,-0.2662,-4.3027,-2.2013,2,LEFT_MI
4195,16.38671875,-5.1632,1.8163,-2.2111,-1.5245,2,LEFT_MI
4196,16.390625,-8.8748,-2.2165,-10.5977,1.0388,2,LEFT_MI
4197,16.39453125,-3.1148,4.8743,-12.7642,5.0589,2,LEFT_MI
4198,16.3984375,3.0257,4.0594,-1.4104,1.5971,2,LEFT_MI
4199,16.40234375,-0.084,7.28,-4.1567,11.0198,2,LEFT_MI
4200,16.40625,4.2502,0.6034,-2.1874,-0.4349,2,LEFT_MI
4201,16.41015625,6.3435,2.1355,2.5502,8.4161,2,LEFT_MI
4202,16.4140625,5.8758,3.319,-2.1085,9.7073,2,LEFT_MI
4203,16.41796875,10.5568,5.3001,-0.0259,8.5925,2,LEFT_MI
4204,16.421875,8.0006,2.6954,-7.925,4.984,2,LEFT_MI
4205,16.42578125,5.4508,-3.4827,0.7596,6.6703,2,LEFT_MI
4206,16.4296875,3.5966,-1.563,-0.4539,-2.3982,2,LEFT_MI
4207,16.43359375,1.8724,-6.0804,2.9399,-3.7785,2,LEFT_MI
4208,16.4375,1.3555,-4.9296,7.664,-4.2219,2,LEFT_MI
4209,16.44140625,-1.5099,-2.8657,0.5447,-6.3849,2,LEFT_MI
4210,16.4453125,3.5817,-6.9422,3.2117,-9.1983,2,LEFT_MI
4211,16.44921875,-0.4354,-0.7697,2.9161,-8.1395,2,LEFT_MI
4212,16.453125,2.0424,0.8113,11.981,-8.1072,2,LEFT_MI
4213,16.45703125,3.7679,-2.0737,8.9072,-1.8006,2,LEFT_MI
4214,16.4609375,-1.3757,2.3625,5.5627,-3.017,2,LEFT_MI
4215,16.46484375,1.0837,0.655,5.2765,-2.6939,2,LEFT_MI
4216,16.46875,-2.9009,6.8825,3.6636,-1.4065,2,LEFT_MI
4217,16.47265625,-5.7058,-0.8504,-0.0492,-1.8528,2,LEFT_MI
4218,16.4765625,-6.3502,4.1189,2.3253,2.085,2,LEFT_MI
4219,16.48046875,-8.0578,-1.8557,-7.5477,2.4906,2,LEFT_MI
4220,16.484375,-7.8139,-2.821,-3.1975,1.4029,2,LEFT_MI
4221,16.48828125,-9.8636,-2.2258,-9.1947,4.2683,2,LEFT_MI
4222,16.4921875,-6.0851,-1.7047,-6.4288,3.1296,2,LEFT_MI
4223,16.49609375,-0.1068,1.6817,-0.5167,5.3516,2,LEFT_MI
4224,16.5,-2.398,1.6969,-8.2311,3.5659,2,LEFT_MI
4225,16.50390625,1.0974,1.4864,-7.103,6.2218,2,LEFT_MI
4226,16.5078125,0.3918,4.6301,-1.1274,4.0428,2,LEFT_MI
4227,16.51171875,4.9892,-0.7647,-3.8127,10.3166,2,LEFT_MI
4228,16.515625,6.2889,1.1115,3.9434,2.9131,2,LEFT_MI
4229,16.51953125,1.988,5.2786,-1.2185,5.0405,2,LEFT_MI
4230,16.5234375,9.3127,0.1786,-0.1995,-0.6892,2,LEFT_MI
4231,16.52734375,3.2356,-1.8441,-2.6642,1.6259,2,LEFT_MI
4232,16.53125,-2.5189,-7.5092,-1.2816,-1.572,2,LEFT_MI
4233,16.53515625,2.6481,1.315,-4.5113,-1.7965,2,LEFT_MI
4234,16.5390625,-0.9553,-0.0775,-0.5513,-9.1827,2,LEFT_MI
4235,16.54296875,-0.8041,3.2032,-0.9777,-8.0389,2,LEFT_MI
4236,16.546875,0.9372,-6.2043,4.5816,-6.6482,2,LEFT_MI
4237,16.55078125,4.3526,4.3446,8.5097,-9.7357,2,LEFT_MI
4238,16.5546875,1.5351,-3.4379,1.5008,0.35,2,LEFT_MI
4239,16.55859375,1.8695,3.1888,7.4762,-5.3495,2,LEFT_MI
4240,16.5625,-2.1839,4.0302,14.2375,-1.0974,2,LEFT_MI
4241,16.56640625,-4.7963,1.5337,6.6978,4.4402,2,LEFT_MI
4242,16.5703125,-4.6136,-1.622,6.0042,-2.4422,2,LEFT_MI
4243,16.57421875,-4.9787,2.9251,4.864,6.0324,2,LEFT_MI
4244,16.578125,-8.7726,-2.1145,-3.3306,0.4151,2,LEFT_MI
4245,16.58203125,-12.1085,3.8637,-0.9819,0.2872,2,LEFT_MI
4246,16.5859375,-7.0128,1.1079,0.7162,1.546,2,LEFT_MI
4247,16.58984375,-7.6781,1.9917,-3.793,0.45,2,LEFT_MI
4248,16.59375,-5.8017,1.3742,-2.5396,1.058,2,LEFT_MI
4249,16.59765625,-7.0021,-0.1661,-0.9872,2.7057,2,LEFT_MI
4250,16.6015625,3.951,5.4944,-6.6253,3.0612,2,LEFT_MI
4251,16.60546875,-1.1999,2.3906,-4.4001,5.3567,2,LEFT_MI
4252,16.609375,11.4172,1.6801,-2.1728,5.1286,2,LEFT_MI
4253,16.61328125,6.7543,1.3001,-1.0221,3.8776,2,LEFT_MI
4254,16.6171875,7.7726,2.3286,0.1202,1.6334,2,LEFT_MI
4255,16.62109375,2.2586,4.1267,-6.0867,0.8338,2,LEFT_MI
4256,16.625,2.7778,-3.8608,-2.0114,-1.7974,2,LEFT_MI
4257,16.62890625,1.7523,-1.2202,-1.4169,-4.2173,2,LEFT_MI
4258,16.6328125,2.5443,0.7227,0.8382,-8.3597,2,LEFT_MI
4259,16.63671875,4.7805,-5.3258,-3.7107,-10.3972,2,LEFT_MI
4260,16.640625,4.9408,-2.0359,-1.299,-14.4374,2,LEFT_MI
4261,16.64453125,-1.9992,-0.8843,6.4401,-7.6716,2,LEFT_MI
4262,16.6484375,4.5593,-0.3219,4.2041,-9.1332,2,LEFT_MI
4263,16.65234375,0.8606,2.7003,9.9474,-11.9177,2,LEFT_MI
4264,16.65625,-2.9144,-1.5474,5.1547,-5.528,2,LEFT_MI
4265,16.66015625,-3.5484,2.5061,9.1025,2.5234,2,LEFT_MI
4266,16.6640625,1.9068,4.8647,10.3404,-2.114,2,LEFT_MI
4267,16.66796875,-4.328,-1.5178,6.1129,-0.3919,2,LEFT_MI
4268,16.671875,-1.7515,1.3551,5.2555,-0.3609,2,LEFT_MI
4269,16.67578125,-6.6013,7.6124,1.6588,5.0641,2,LEFT_MI
4270,16.6796875,-6.2807,-0.8639,-4.0962,2.7338,2,LEFT_MI
4271,16.68359375,-7.7192,-1.7337,-2.6525,3.1814,2,LEFT_MI
4272,16.6875,-4.9541,-4.9705,-6.9006,3.1861,2,LEFT_MI
4273,16.69140625,-2.7939,-3.507,-2.036,4.2809,2,LEFT_MI
4274,16.6953125,-3.0127,1.2836,-3.2973,0.9431,2,LEFT_MI
4275,16.69921875,-1.4767,-1.9731,-5.3516,4.6613,2,LEFT_MI
4276,16.703125,0.1415,3.6234,-6.2029,5.2296,2,LEFT_MI
4277,16.70703125,4.1387,3.6594,-0.3018,8.0262,2,LEFT_MI
4278,16.7109375,7.0802,7.6345,2.2808,-3.476,2,LEFT_MI
4279,16.71484375,6.929,0.3898,-3.6268,4.0832,2,LEFT_MI
4280,16.71875,10.3754,6.3757,-2.541,2.4067,2,LEFT_MI
4281,16.72265625,9.9482,3.9116,-4.194,-0.7019,2,LEFT_MI
4282,16.7265625,5.5353,-7.6708,0.5826,-7.8315,2,LEFT_MI
4283,16.73046875,-2.9624,-6.458,-4.0171,-9.9716,2,LEFT_MI
4284,16.734375,2.3677,-3.6067,-3.5561,-11.2938,2,LEFT_MI
4285,16.73828125,0.0339,-6.2565,-0.5002,-8.4976,2,LEFT_MI
4286,16.7421875,3.4439,-4.6883,-4.9898,-9.5416,2,LEFT_MI
4287,16.74609375,1.8315,-1.9103,4.7024,-11.0861,2,LEFT_MI
4288,16.75,2.3584,4.5481,7.2998,-3.1852,2,LEFT_MI
4289,16.75390625,-1.1786,-0.9193,4.3303,-3.8914,2,LEFT_MI
4290,16.7578125,-1.0278,1.8515,5.5114,2.0792,2,LEFT_MI
4291,16.76171875,-4.1412,0.5678,10.1425,-2.6684,2,LEFT_MI
4292,16.765625,-1.1015,2.1635,6.941,1.8809,2,LEFT_MI
4293,16.76953125,-5.1506,0.5443,-0.5603,5.1285,2,LEFT_MI
4294,16.7734375,-8.6944,-5.6156,5.5724,4.1933,2,LEFT_MI
4295,16.77734375,-5.9278,1.6332,-3.8272,7.9403,2,LEFT_MI
4296,16.78125,-11.2661,-2.7399,1.0025,2.9215,2,LEFT_MI
4297,16.78515625,-3.3003,-3.6686,-4.8306,4.6748,2,LEFT_MI
4298,16.7890625,-11.1611,-1.6601,-1.8964,6.492,2,LEFT_MI
4299,16.79296875,-4.4811,6.0267,-2.0812,4.9755,2,LEFT_MI
4300,16.796875,-0.5319,0.8124,-6.8896,8.6343,2,LEFT_MI
4301,16.80078125,3.607,-2.2674,-4.6053,-1.3927,2,LEFT_MI
4302,16.8046875,6.7073,1.0317,-4.5352,7.2099,2,LEFT_MI
4303,16.80859375,7.521,6.9282,-2.0829,3.1567,2,LEFT_MI
4304,16.8125,10.3637,3.4495,-5.2539,1.296,2,LEFT_MI
4305,16.81640625,13.0532,2.3945,-2.9547,-1.7347,2,LEFT_MI
4306,16.8203125,11.7621,-1.0481,-0.3106,0.1919,2,LEFT_MI
4307,16.82421875,8.3026,-0.897,-2.7617,1.8136,2,LEFT_MI
4308,16.828125,3.8053,3.8022,0.6117,-3.948,2,LEFT_MI
4309,16.83203125,7.0025,-8.6044,-5.1141,-10.5097,2,LEFT_MI
4310,16.8359375,1.4379,-10.2511,-0.5785,-8.0437,2,LEFT_MI
4311,16.83984375,-1.5505,-4.2297,-1.6081,-9.891,2,LEFT_MI
4312,16.84375,-0.132,-0.2639,-1.4351,-4.8791,2,LEFT_MI
4313,16.84765625,-2.0432,-0.6754,5.3325,-2.6018,2,LEFT_MI
4314,16.8515625,-2.1564,-1.5579,10.2913,-1.9372,2,LEFT_MI
4315,16.85546875,-0.8805,1.3327,8.1086,5.3556,2,LEFT_MI
4316,16.859375,-4.2335,1.1363,16.8316,8.0064,2,LEFT_MI
4317,16.86328125,2.4961,2.816,6.0864,6.3988,2,LEFT_MI
4318,16.8671875,-2.4639,-1.0881,11.0517,5.4374,2,LEFT_MI
4319,16.87109375,-12.1269,4.4672,10.8311,6.3937,2,LEFT_MI
4320,16.875,-3.3912,3.3789,7.0906,5.3367,2,LEFT_MI
4321,16.87890625,-7.8733,2.6727,1.9845,4.9813,2,LEFT_MI
4322,16.8828125,-4.2527,-1.8379,2.5497,9.7872,2,LEFT_MI
4323,16.88671875,-7.6953,-5.1028,-2.9461,0.7666,2,LEFT_MI
4324,16.890625,-6.9456,0.147,0.3037,7.144,2,LEFT_MI
4325,16.89453125,-5.576,-1.3768,-9.9115,3.1746,2,LEFT_MI
4326,16.8984375,2.9586,-0.8225,-5.5547,0.1419,2,LEFT_MI
4327,16.90234375,3.303,4.3411,-5.2109,1.305,2,LEFT_MI
4328,16.90625,3.9011,4.9879,-5.3918,3.1486,2,LEFT_MI
4329,16.91015625,2.7773,-2.8253,1.8348,-1.1676,2,LEFT_MI
4330,16.9140625,9.9342,1.6323,3.284,3.267,2,LEFT_MI
4331,16.91796875,9.4764,-0.8798,-0.6414,-2.9603,2,LEFT_MI
4332,16.921875,3.3256,-2.9491,-1.9953,-9.9323,2,LEFT_MI
4333,16.92578125,9.4792,-2.3774,-0.762,-7.818,2,LEFT_MI
4334,16.9296875,8.5587,-3.1971,-0.3421,-9.6634,2,LEFT_MI
4335,16.93359375,3.7286,-4.8819,-6.26,-8.9832,2,LEFT_MI
4336,16.9375,2.2762,-6.2628,1.0195,-11.3827,2,LEFT_MI
4337,16.94140625,-2.6811,-7.1009,0.0155,-11.6283,2,LEFT_MI
4338,16.9453125,4.8698,-4.009,0.7133,-10.1702,2,LEFT_MI
4339,16.94921875,2.023,-6.1124,0.7843,2.0993,2,LEFT_MI
4340,16.953125,3.1379,3.1769,2.7241,3.3285,2,LEFT_MI
4341,16.95703125,-1.4254,1.603,6.5745,8.1137,2,LEFT_MI
4342,16.9609375,-3.7634,1.0661,4.3802,6.3999,2,LEFT_MI
4343,16.96484375,3.1681,-1.0783,8.2784,3.5697,2,LEFT_MI
4344,16.96875,-3.6498,0.5315,5.8946,5.9093,2,LEFT_MI
4345,16.97265625,-2.6272,2.7614,4.2837,4.8268,2,LEFT_MI
4346,16.9765625,-4.9135,-2.1937,1.5554,4.7788,2,LEFT_MI
4347,16.98046875,-10.7601,-2.7911,-1.1092,1.5123,2,LEFT_MI
4348,16.984375,-5.7453,0.477,-0.4864,2.154,2,LEFT_MI
4349,16.98828125,-8.0417,0.3136,-3.6381,5.355,2,LEFT_MI
4350,16.9921875,-2.2001,-1.8169,-5.7283,3.8185,2,LEFT_MI
4351,16.99609375,-2.2899,2.172,-2.9354,-3.2347,2,LEFT_MI
4352,17.0,1.4718,2.0102,-4.7137,-5.0464,2,LEFT_MI
4353,17.00390625,2.9613,1.8093,-8.764,3.7305,2,LEFT_MI
4354,17.0078125,4.1573,0.9818,-5.439,-2.8379,2,LEFT_MI
4355,17.01171875,9.9937,1.2944,-1.5689,-1.1808,2,LEFT_MI
4356,17.015625,4.8628,-0.2052,-5.4796,4.9522,2,LEFT_MI
4357,17.01953125,11.9514,1.538,-11.7522,-0.4312,2,LEFT_MI
4358,17.0234375,15.2002,2.714,-9.5447,-7.3037,2,LEFT_MI
4359,17.02734375,8.3345,-3.4051,-0.8373,-0.4965,2,LEFT_MI
4360,17.03125,0.9169,-1.0127,-5.7925,-5.1392,2,LEFT_MI
4361,17.03515625,3.0808,-8.3484,-9.6032,-9.1321,2,LEFT_MI
4362,17.0390625,5.3857,-6.6963,-6.8957,-2.9987,2,LEFT_MI
4363,17.04296875,0.8161,-5.2498,-0.4225,-5.2161,2,LEFT_MI
4364,17.046875,-2.2049,-2.8426,0.3772,3.2374,2,LEFT_MI
4365,17.05078125,-4.6738,1.191,3.9035,-3.2845,2,LEFT_MI
4366,17.0546875,4.011,7.3459,9.7181,8.6838,2,LEFT_MI
4367,17.05859375,-2.4849,1.5475,8.8928,7.8557,2,LEFT_MI
4368,17.0625,-0.4914,5.325,11.5578,6.0452,2,LEFT_MI
4369,17.06640625,-1.284,6.5332,14.3785,6.7993,2,LEFT_MI
4370,17.0703125,-11.3343,0.896,8.3185,5.0928,2,LEFT_MI
4371,17.07421875,-6.3305,6.5888,7.4599,9.329,2,LEFT_MI
4372,17.078125,-8.484,0.3651,0.2862,8.5333,2,LEFT_MI
4373,17.08203125,-7.4569,-3.2811,-1.1432,4.3347,2,LEFT_MI
4374,17.0859375,-7.7462,3.2679,1.1717,0.414,2,LEFT_MI
4375,17.08984375,-5.2023,-3.1208,-3.5262,-5.5968,2,LEFT_MI
4376,17.09375,-9.1807,4.0102,-3.3181,5.3912,2,LEFT_MI
4377,17.09765625,-0.6375,0.481,-5.9637,-5.4883,2,LEFT_MI
4378,17.1015625,-2.5288,1.3141,-4.1425,2.3495,2,LEFT_MI
4379,17.10546875,5.6474,0.8029,-2.9204,-0.1928,2,LEFT_MI
4380,17.109375,3.026,1.79,-6.912,2.3957,2,LEFT_MI
4381,17.11328125,10.5762,-0.6716,-2.53,-7.3157,2,LEFT_MI
4382,17.1171875,7.1152,-2.9324,-1.4523,1.1159,2,LEFT_MI
4383,17.12109375,6.8452,-3.8315,-1.6472,-5.493,2,LEFT_MI
4384,17.125,4.1127,-6.2361,-6.9797,-4.8009,2,LEFT_MI
4385,17.12890625,6.8369,-1.6248,-8.0793,-9.4317,2,LEFT_MI
4386,17.1328125,5.7581,0.8904,-8.8454,-7.4729,2,LEFT_MI
4387,17.13671875,1.7973,-2.9811,-2.5198,-2.287,2,LEFT_MI
4388,17.140625,3.7217,-6.0121,-2.4626,2.6307,2,LEFT_MI
4389,17.14453125,-0.4669,-3.7616,-2.5396,-5.007,2,LEFT_MI
4390,17.1484375,-0.891,-2.3184,5.3004,1.5712,2,LEFT_MI
4391,17.15234375,2.509,-4.1673,8.6061,-5.3771,2,LEFT_MI
4392,17.15625,1.793,6.1798,5.5704,8.1064,2,LEFT_MI
4393,17.16015625,-0.2434,1.1053,13.2467,1.1913,2,LEFT_MI
4394,17.1640625,-4.4017,3.5355,7.0444,7.4325,2,LEFT_MI
4395,17.16796875,-0.0854,3.8619,8.5793,9.3913,2,LEFT_MI
4396,17.171875,-5.4418,2.3126,8.2574,1.5392,2,LEFT_MI
4397,17.17578125,-8.6177,1.3418,5.3322,2.8651,2,LEFT_MI
4398,17.1796875,-9.5885,0.1695,2.31,2.3536,2,LEFT_MI
4399,17.18359375,-6.7283,-2.5004,5.2092,-5.1813,2,LEFT_MI
4400,17.1875,-7.1611,-1.6541,-3.7155,1.2203,2,LEFT_MI
4401,17.19140625,-1.2887,-2.1342,1.7753,-6.5928,2,LEFT_MI
4402,17.1953125,-0.2613,1.7471,-0.5883,0.4398,2,LEFT_MI
4403,17.19921875,0.2436,-1.5378,-4.9378,-3.3988,2,LEFT_MI
4404,17.203125,2.7677,5.1302,1.7353,-2.3858,2,LEFT_MI
4405,17.20703125,4.366,0.4734,-5.3616,-6.6534,2,LEFT_MI
4406,17.2109375,0.3291,-2.2768,-1.1474,2.37,2,LEFT_MI
4407,17.21484375,9.2341,-5.0774,1.846,-6.783,2,LEFT_MI
4408,17.21875,10.3359,-0.2169,-4.95,-2.3655,2,LEFT_MI
4409,17.22265625,5.7918,0.2583,-8.7447,-0.8992,2,LEFT_MI
4410,17.2265625,4.2631,-2.017,-4.6879,2.8786,2,LEFT_MI
4411,17.23046875,4.1244,-3.9681,-7.046,-5.8046,2,LEFT_MI
4412,17.234375,3.9608,-8.9915,-8.2618,3.0557,2,LEFT_MI
4413,17.23828125,5.6742,-5.7807,-7.3498,-2.2745,2,LEFT_MI
4414,17.2421875,1.1228,-5.3334,-2.1608,0.5965,2,LEFT_MI
4415,17.24609375,-0.252,-4.5927,-1.9721,0.9577,2,LEFT_MI
4416,17.25,2.4083,-2.4029,8.2394,6.6238,2,LEFT_MI
4417,17.25390625,-3.1676,-2.6588,4.1675,13.6807,2,LEFT_MI
4418,17.2578125,2.6275,3.2037,4.8903,10.3246,2,LEFT_MI
4419,17.26171875,-4.9385,1.7349,10.1055,10.2752,2,LEFT_MI
4420,17.265625,0.3766,3.7918,6.408,10.6049,2,LEFT_MI
4421,17.26953125,-2.5509,2.4649,8.0761,10.328,2,LEFT_MI
4422,17.2734375,-3.1203,-2.5755,7.4963,5.9045,2,LEFT_MI
4423,17.27734375,-2.8395,1.3979,7.3053,-2.9173,2,LEFT_MI
4424,17.28125,-9.6702,-3.0574,7.8126,-2.9157,2,LEFT_MI
4425,17.28515625,-3.4631,-2.5509,1.4395,-2.9788,2,LEFT_MI
4426,17.2890625,-10.8672,-2.672,2.0017,-3.0863,2,LEFT_MI
4427,17.29296875,-9.361,-0.2897,2.2459,-1.2487,2,LEFT_MI
4428,17.296875,-3.8405,2.478,-5.2044,-0.2495,2,LEFT_MI
4429,17.30078125,-1.4594,-0.4872,-0.4986,-4.7755,2,LEFT_MI
4430,17.3046875,3.3761,3.7832,0.6787,-3.7526,2,LEFT_MI
4431,17.30859375,10.2742,-1.6758,-0.3531,-12.2041,2,LEFT_MI
4432,17.3125,8.7063,3.273,1.2205,-3.4528,2,LEFT_MI
4433,17.31640625,16.1659,-1.1737,-1.2433,-8.401,2,LEFT_MI
4434,17.3203125,7.145,-2.4924,-3.2645,-4.4651,2,LEFT_MI
4435,17.32421875,1.9758,1.7735,-4.0055,-0.9736,2,LEFT_MI
4436,17.328125,5.3128,-3.1354,-8.2567,-0.6671,2,LEFT_MI
4437,17.33203125,7.5574,-3.2914,-12.0336,1.5806,2,LEFT_MI
4438,17.3359375,-1.4454,-3.7438,-13.0099,0.2178,2,LEFT_MI
4439,17.33984375,-3.1678,-4.3256,-2.7694,-8.4138,2,LEFT_MI
4440,17.34375,0.0463,-2.9403,-2.6366,1.8192,2,LEFT_MI
4441,17.34765625,-1.3728,-0.1141,-3.9783,9.5121,2,LEFT_MI
4442,17.3515625,0.486,-1.5897,7.1031,4.1707,2,LEFT_MI
4443,17.35546875,-1.9154,-6.2272,-0.3909,6.9787,2,LEFT_MI
4444,17.359375,0.1411,5.9089,5.1876,11.5019,2,LEFT_MI
4445,17.36328125,-0.286,3.476,8.9719,8.807,2,LEFT_MI
4446,17.3671875,-1.4377,2.0422,7.271,-0.1173,2,LEFT_MI
4447,17.37109375,-3.8888,4.7321,3.8198,2.8703,2,LEFT_MI
4448,17.375,-8.6709,4.3688,6.9811,-6.0989,2,LEFT_MI
4449,17.37890625,-2.993,-5.384,4.9307,0.2622,2,LEFT_MI
4450,17.3828125,-5.4733,2.0046,-0.9421,-5.3408,2,LEFT_MI
4451,17.38671875,-11.9451,-1.9417,1.3664,-8.2125,2,LEFT_MI
4452,17.390625,-12.2333,-5.3164,-1.2433,-12.6823,2,LEFT_MI
4453,17.39453125,-4.7023,-3.8052,-0.8189,-1.6393,2,LEFT_MI
4454,17.3984375,1.5097,-0.3868,-1.7415,-8.0444,2,LEFT_MI
4455,17.40234375,-2.2256,2.8015,-6.7818,-9.6649,2,LEFT_MI
4456,17.40625,8.4313,-2.6509,-3.4864,-3.3804,2,LEFT_MI
4457,17.41015625,10.0748,-0.4404,2.0464,-1.6975,2,LEFT_MI
4458,17.4140625,11.3658,-2.3505,-2.0683,-0.6708,2,LEFT_MI
4459,17.41796875,8.9151,1.6377,-2.2992,-0.6301,2,LEFT_MI
4460,17.421875,7.9278,5.5405,-7.844,-1.5648,2,LEFT_MI
4461,17.42578125,6.1867,-1.2937,-8.8236,0.3462,2,LEFT_MI
4462,17.4296875,4.9209,-3.5189,-3.5571,-0.6669,2,LEFT_MI
4463,17.43359375,-0.808,-8.2376,-8.2628,-1.6291,2,LEFT_MI
4464,17.4375,-1.1022,-6.7621,-8.5343,2.2145,2,LEFT_MI
4465,17.44140625,-3.335,-1.9619,-6.6828,6.6223,2,LEFT_MI
4466,17.4453125,1.8613,-2.3526,-2.5031,0.8604,2,LEFT_MI
4467,17.44921875,1.747,3.0757,1.4891,7.1635,2,LEFT_MI
4468,17.453125,-3.3075,-0.3267,1.5053,3.4751,2,LEFT_MI
4469,17.45703125,-1.1102,7.8719,5.6049,2.9176,2,LEFT_MI
4470,17.4609375,3.5862,3.5637,5.8203,7.9905,2,LEFT_MI
4471,17.46484375,-1.4152,1.2505,9.3779,9.0928,2,LEFT_MI
4472,17.46875,-2.2554,1.1887,6.3463,11.0957,2,LEFT_MI
4473,17.47265625,-9.0902,2.8799,5.0187,-1.9104,2,LEFT_MI
4474,17.4765625,-8.7983,1.9405,1.4368,-4.0597,2,LEFT_MI
4475,17.48046875,-8.7419,-1.2196,6.434,-6.0152,2,LEFT_MI
4476,17.484375,-3.1523,-1.074,-3.948,-4.1238,2,LEFT_MI
4477,17.48828125,-5.3027,-1.2301,5.0212,-9.6985,2,LEFT_MI
4478,17.4921875,5.4531,-1.7626,-3.3498,-7.1323,2,LEFT_MI
4479,17.49609375,0.6069,2.815,-5.0341,-8.2294,2,LEFT_MI
4480,17.5,-1.3267,0.8252,-0.042,-6.2814,2,LEFT_MI
4481,17.50390625,1.9101,0.3192,-4.0395,-6.7265,2,LEFT_MI
4482,17.5078125,7.7969,-1.113,2.7223,-3.8351,2,LEFT_MI
4483,17.51171875,11.1066,2.317,-6.7871,-0.8321,2,LEFT_MI
4484,17.515625,8.3054,-2.8824,-3.3771,2.7924,2,LEFT_MI
4485,17.51953125,8.2443,-0.4075,1.8372,2.1686,2,LEFT_MI
4486,17.5234375,3.6847,-0.7121,-3.3868,-1.1913,2,LEFT_MI
4487,17.52734375,3.9773,-3.856,-3.4903,1.5164,2,LEFT_MI
4488,17.53125,7.6217,-6.3103,-13.2172,2.9158,2,LEFT_MI
4489,17.53515625,0.6716,-12.1524,-6.5089,7.1659,2,LEFT_MI
4490,17.5390625,3.4669,-1.0609,-0.5322,0.8913,2,LEFT_MI
4491,17.54296875,0.1661,0.2986,-5.0035,1.6037,2,LEFT_MI
4492,17.546875,3.5981,-0.2847,-0.2637,1.3834,2,LEFT_MI
4493,17.55078125,-3.1532,-8.0693,1.4083,6.1064,2,LEFT_MI
4494,17.5546875,-1.5918,1.1905,5.8868,5.5837,2,LEFT_MI
4495,17.55859375,-1.6497,4.1527,5.6288,7.751,2,LEFT_MI
4496,17.5625,-0.8606,7.9713,6.3593,3.4097,2,LEFT_MI
4497,17.56640625,-3.8034,3.0143,11.8223,1.3249,2,LEFT_MI
4498,17.5703125,-1.3505,4.6317,9.5086,2.7351,2,LEFT_MI
4499,17.57421875,-6.9077,0.856,10.2745,-2.3199,2,LEFT_MI
4500,17.578125,-1.2139,-4.6636,8.0169,-4.0725,2,LEFT_MI
4501,17.58203125,-5.2307,-2.6147,3.3137,-4.5669,2,LEFT_MI
4502,17.5859375,-6.022,0.2672,-4.9045,-7.083,2,LEFT_MI
4503,17.58984375,-10.3821,0.2585,-3.765,-7.3004,2,LEFT_MI
4504,17.59375,-5.774,-3.416,-2.4158,-10.2941,2,LEFT_MI
4505,17.59765625,0.5799,0.9838,-0.0144,-5.1246,2,LEFT_MI
4506,17.6015625,6.7153,-1.5241,0.6551,-3.6146,2,LEFT_MI
4507,17.60546875,4.6964,-0.9062,-0.5497,-1.2789,2,LEFT_MI
4508,17.609375,4.9408,1.4557,2.6379,1.6725,2,LEFT_MI
4509,17.61328125,9.0551,-1.01,-0.9503,-0.4438,2,LEFT_MI
4510,17.6171875,12.961,-2.6252,2.1761,3.0711,2,LEFT_MI
4511,17.62109375,5.6575,4.2199,-0.7194,3.9958,2,LEFT_MI
4512,17.625,8.898,-2.7127,-5.8552,0.0247,2,LEFT_MI
4513,17.62890625,6.2395,-2.5312,-4.5011,2.604,2,LEFT_MI
4514,17.6328125,5.1096,-6.388,-10.2041,0.0198,2,LEFT_MI
4515,17.63671875,-3.3019,-2.8804,-1.767,-2.3813,2,LEFT_MI
4516,17.640625,0.559,0.0782,-12.2932,8.2526,2,LEFT_MI
4517,17.64453125,2.7704,-0.7597,-5.4925,0.3958,2,LEFT_MI
4518,17.6484375,3.5426,-5.6968,-2.8059,4.862,2,LEFT_MI
4519,17.65234375,-0.4939,2.6152,5.098,8.7782,2,LEFT_MI
4520,17.65625,4.419,8.3426,7.4516,9.1709,2,LEFT_MI
4521,17.66015625,-1.7657,9.9637,5.3194,7.0653,2,LEFT_MI
4522,17.6640625,-4.7421,4.5957,10.5944,4.4757,2,LEFT_MI
4523,17.66796875,-2.1513,1.8296,2.0971,3.7,2,LEFT_MI
4524,17.671875,-5.7847,1.1562,5.391,-4.8333,2,LEFT_MI
4525,17.67578125,-4.8699,5.5765,1.4931,-2.5496,2,LEFT_MI
4526,17.6796875,-4.9899,0.6038,4.7501,-7.7615,2,LEFT_MI
4527,17.68359375,-10.2819,-2.9012,3.6313,-6.473,2,LEFT_MI
4528,17.6875,-7.8266,-2.4983,-2.4197,-8.681,2,LEFT_MI
4529,17.69140625,-9.3059,-7.3535,2.6809,-7.1459,2,LEFT_MI
4530,17.6953125,0.5696,0.5522,2.5043,-10.9881,2,LEFT_MI
4531,17.69921875,2.3468,-1.5348,0.0998,-1.8189,2,LEFT_MI
4532,17.703125,7.3336,-5.3544,6.7328,-5.0521,2,LEFT_MI
4533,17.70703125,6.9673,3.613,3.8519,-5.9931,2,LEFT_MI
4534,17.7109375,4.065,1.7306,4.9672,3.7074,2,LEFT_MI
4535,17.71484375,8.0216,-0.6758,1.3136,5.1773,2,LEFT_MI
4536,17.71875,3.7036,0.0861,-3.7922,4.2663,2,LEFT_MI
4537,17.72265625,6.6789,-2.9125,-6.5556,2.0068,2,LEFT_MI
4538,17.7265625,4.2443,-3.5515,-2.9018,2.4562,2,LEFT_MI
4539,17.73046875,1.4436,-3.6691,-4.9348,-5.3626,2,LEFT_MI
4540,17.734375,3.3135,-2.7242,-8.6291,8.3404,2,LEFT_MI
4541,17.73828125,0.4804,-5.3184,-9.1491,4.74,2,LEFT_MI
4542,17.7421875,-2.7766,-7.3999,-3.6817,-2.9956,2,LEFT_MI
4543,17.74609375,-3.4481,-0.6334,-3.6668,3.0098,2,LEFT_MI
4544,17.75,3.6446,2.7779,-0.0379,2.9377,2,LEFT_MI
4545,17.75390625,2.4354,-1.1439,1.5005,4.3772,2,LEFT_MI
4546,17.7578125,-1.3214,-2.4225,6.5829,4.2616,2,LEFT_MI
4547,17.76171875,-3.2231,0.0842,5.182,1.0114,2,LEFT_MI
4548,17.765625,2.5848,0.728,7.8839,-0.4201,2,LEFT_MI
4549,17.76953125,-7.1756,1.5204,3.7735,-2.3913,2,LEFT_MI
4550,17.7734375,-7.6525,3.9156,1.464,-2.4943,2,LEFT_MI
4551,17.77734375,-2.7519,1.9846,4.6183,-5.0256,2,LEFT_MI
4552,17.78125,-11.0296,-4.2108,9.4191,-6.4057,2,LEFT_MI
4553,17.78515625,-5.7065,-2.1283,-0.2293,-9.1905,2,LEFT_MI
4554,17.7890625,-6.8534,-0.1318,3.0056,-13.2724,2,LEFT_MI
4555,17.79296875,-5.8555,1.0789,1.8535,-8.67,2,LEFT_MI
4556,17.796875,-5.5356,-2.8071,-0.3339,-10.4018,2,LEFT_MI
4557,17.80078125,0.4542,-0.0692,-0.549,-3.4941,2,LEFT_MI
4558,17.8046875,2.4362,1.6709,2.6214,-3.0973,2,LEFT_MI
4559,17.80859375,5.6821,-1.654,-1.1199,1.1056,2,LEFT_MI
4560,17.8125,11.7539,1.4113,4.2331,6.3056,2,LEFT_MI
4561,17.81640625,7.8642,0.4147,-3.4534,4.3383,2,LEFT_MI
4562,17.8203125,7.1645,-0.3028,-3.0851,6.9315,2,LEFT_MI
4563,17.82421875,4.7347,3.0129,-7.9688,1.0454,2,LEFT_MI
4564,17.828125,2.8479,-3.5005,-9.2735,2.0456,2,LEFT_MI
4565,17.83203125,6.0658,-8.4773,-11.979,3.8391,2,LEFT_MI
4566,17.8359375,2.6709,-0.8648,-10.564,0.0033,2,LEFT_MI
4567,17.83984375,-5.2912,-1.2538,-3.5482,2.0858,2,LEFT_MI
4568,17.84375,1.5901,-0.9483,-7.0883,6.225,2,LEFT_MI
4569,17.84765625,-0.1369,-2.5785,-0.5295,8.8904,2,LEFT_MI
4570,17.8515625,0.6669,2.7628,-3.3709,-1.0864,2,LEFT_MI
4571,17.85546875,1.2112,1.7388,1.9491,4.5686,2,LEFT_MI
4572,17.859375,-1.9392,4.3182,2.9399,0.7515,2,LEFT_MI
4573,17.86328125,-2.1781,5.7866,1.6395,-2.1099,2,LEFT_MI
4574,17.8671875,5.7141,6.449,10.7947,0.385,2,LEFT_MI
4575,17.87109375,-2.5625,-0.9588,2.7238,-4.117,2,LEFT_MI
4576,17.875,-9.7818,-3.1045,6.9965,-6.5495,2,LEFT_MI
4577,17.87890625,-5.0159,-4.9798,5.1584,-2.0068,2,LEFT_MI
4578,17.8828125,-14.9043,-0.3877,5.6858,-10.6528,2,LEFT_MI
4579,17.88671875,-7.248,-5.6701,4.202,-9.3322,2,LEFT_MI
4580,17.890625,-8.0018,0.1113,1.7988,-6.3023,2,LEFT_MI
4581,17.89453125,3.8518,-1.3809,3.7002,-4.237,2,LEFT_MI
4582,17.8984375,4.2152,-0.4185,5.3756,1.8862,2,LEFT_MI
4583,17.90234375,-5.141,0.9221,4.3846,-0.3297,2,LEFT_MI
4584,17.90625,4.3029,1.1769,4.3253,5.3435,2,LEFT_MI
4585,17.91015625,4.2981,-3.5786,-0.8266,1.8445,2,LEFT_MI
4586,17.9140625,6.7039,2.0259,0.3995,3.3246,2,LEFT_MI
4587,17.91796875,8.0306,-5.8659,-4.3704,9.235,2,LEFT_MI
4588,17.921875,2.0993,1.8807,-8.1255,6.2603,2,LEFT_MI
4589,17.92578125,0.878,-2.4111,-3.9805,10.8936,2,LEFT_MI
4590,17.9296875,3.6573,0.3472,-1.0294,5.0971,2,LEFT_MI
4591,17.93359375,1.0305,-8.0932,-8.5442,4.496,2,LEFT_MI
4592,17.9375,3.1468,0.0853,-6.5452,2.8878,2,LEFT_MI
4593,17.94140625,0.8293,-7.3717,-8.4041,4.2179,2,LEFT_MI
4594,17.9453125,-0.3079,1.0619,-12.0679,-0.208,2,LEFT_MI
4595,17.94921875,6.41,4.7574,-6.3528,2.334,2,LEFT_MI
4596,17.953125,0.683,7.8293,1.0093,1.3639,2,LEFT_MI
4597,17.95703125,-2.2858,2.8942,2.6468,-2.7445,2,LEFT_MI
4598,17.9609375,-1.0693,7.496,4.8878,-6.6158,2,LEFT_MI
4599,17.96484375,-3.0315,11.1436,5.9638,-3.3418,2,LEFT_MI
4600,17.96875,-5.4735,6.5198,5.2648,-3.9164,2,LEFT_MI
4601,17.97265625,-8.3754,-0.1221,6.6107,-1.3143,2,LEFT_MI
4602,17.9765625,-6.1044,6.905,3.4667,-5.7475,2,LEFT_MI
4603,17.98046875,-5.6262,-2.3453,4.2994,-13.134,2,LEFT_MI
4604,17.984375,-6.72,-4.6179,-1.8579,-3.6286,2,LEFT_MI
4605,17.98828125,-9.3187,5.1907,-2.9348,-8.7504,2,LEFT_MI
4606,17.9921875,-3.5881,0.9341,5.9082,-2.4861,2,LEFT_MI
4607,17.99609375,-1.5621,1.54,7.4188,-3.5302,2,LEFT_MI
4608,18.0,3.1475,0.9757,4.8359,4.6367,2,LEFT_MI
4609,18.00390625,2.9196,-4.4395,-3.0941,3.82,2,LEFT_MI
4610,18.0078125,4.7372,2.2513,3.1654,3.216,2,LEFT_MI
4611,18.01171875,9.4924,2.1652,0.8237,6.039,2,LEFT_MI
4612,18.015625,6.6278,-1.3894,2.9547,8.1752,2,LEFT_MI
4613,18.01953125,14.4454,-3.6895,-4.4945,3.747,2,LEFT_MI
4614,18.0234375,7.0466,-0.6996,-4.0572,7.1679,2,LEFT_MI
4615,18.02734375,5.258,4.5437,-4.4696,6.7025,2,LEFT_MI
4616,18.03125,-0.1928,-7.9418,-6.8109,4.9046,2,LEFT_MI
4617,18.03515625,1.3144,-1.3073,-13.151,1.5074,2,LEFT_MI
4618,18.0390625,-0.2198,-6.8159,-6.3111,-0.3011,2,LEFT_MI
4619,18.04296875,-1.7085,4.2818,-11.4766,-8.3943,2,LEFT_MI
4620,18.046875,1.5878,4.7572,-3.1967,-4.0114,2,LEFT_MI
4621,18.05078125,3.5927,1.3866,-3.3545,-2.2624,2,LEFT_MI
4622,18.0546875,0.647,3.4243,-4.3589,-5.5196,2,LEFT_MI
4623,18.05859375,-6.6721,1.8661,-2.2224,4.9601,2,LEFT_MI
4624,18.0625,-1.0076,8.4127,3.7295,-1.1519,2,LEFT_MI
4625,18.06640625,-5.1983,4.2323,4.9105,-3.636,2,LEFT_MI
4626,18.0703125,-2.1536,7.4101,1.8197,-2.6791,2,LEFT_MI
4627,18.07421875,-6.6433,6.9838,-4.5549,-2.267,2,LEFT_MI
4628,18.078125,-9.2898,1.6275,-2.188,-8.758,2,LEFT_MI
4629,18.08203125,-10.8268,-5.5759,0.37,-13.049,2,LEFT_MI
4630,18.0859375,-8.6551,-6.2679,2.021,-4.2981,2,LEFT_MI
4631,18.08984375,-1.2054,-1.1907,4.1494,-8.3463,2,LEFT_MI
4632,18.09375,-4.2725,-2.6368,3.8396,-3.4539,2,LEFT_MI
4633,18.09765625,1.0404,-2.8577,6.7364,-0.0264,2,LEFT_MI
4634,18.1015625,3.6862,-8.8766,1.9482,0.4554,2,LEFT_MI
4635,18.10546875,5.5078,-0.9198,5.0821,1.2218,2,LEFT_MI
4636,18.109375,7.2485,6.6712,5.6507,2.8717,2,LEFT_MI
4637,18.11328125,5.4173,-1.5135,2.6949,10.6726,2,LEFT_MI
4638,18.1171875,8.8045,0.518,-2.8323,9.0729,2,LEFT_MI
4639,18.12109375,11.1315,2.9404,-0.461,7.1329,2,LEFT_MI
4640,18.125,12.6672,-4.7037,0.2472,6.099,2,LEFT_MI
4641,18.12890625,4.9871,-2.9924,-7.3195,7.1841,2,LEFT_MI
4642,18.1328125,3.9436,1.5994,-11.3549,6.3137,2,LEFT_MI
4643,18.13671875,3.1139,-8.8005,-6.6105,0.947,2,LEFT_MI
4644,18.140625,-0.1461,-1.7396,-11.0048,-1.3784,2,LEFT_MI
4645,18.14453125,-3.1152,-0.668,-9.8718,-5.0993,2,LEFT_MI
4646,18.1484375,-1.8054,4.3032,-4.6483,-1.7143,2,LEFT_MI
4647,18.15234375,2.7194,2.5339,-7.9366,-6.9568,2,LEFT_MI
4648,18.15625,1.5224,7.5397,-2.3276,-1.3511,2,LEFT_MI
4649,18.16015625,-4.4088,2.8559,-0.9355,0.9262,2,LEFT_MI
4650,18.1640625,-1.563,2.9399,0.6635,-5.6415,2,LEFT_MI
4651,18.16796875,-3.3954,4.5343,2.9708,-4.7616,2,LEFT_MI
4652,18.171875,-4.1777,-1.502,6.5246,-1.1524,2,LEFT_MI
4653,18.17578125,-6.749,2.7344,1.6604,-5.4558,2,LEFT_MI
4654,18.1796875,-4.0349,-4.4528,0.6865,-9.1995,2,LEFT_MI
4655,18.18359375,-8.4986,-3.0076,2.5757,-11.0955,2,LEFT_MI
4656,18.1875,-10.591,-3.0688,1.9033,-2.0141,2,LEFT_MI
4657,18.19140625,-6.2335,0.9836,9.5652,-4.258,2,LEFT_MI
4658,18.1953125,-7.29,-5.7809,4.0312,7.4776,2,LEFT_MI
4659,18.19921875,-2.2677,-3.4881,2.0481,1.2487,2,LEFT_MI
4660,18.203125,2.3068,-1.9454,0.9153,6.1185,2,LEFT_MI
4661,18.20703125,6.4159,-0.3408,7.0157,10.4827,2,LEFT_MI
4662,18.2109375,7.3303,1.1795,3.7554,9.0423,2,LEFT_MI
4663,18.21484375,5.9499,2.0391,-0.0457,12.0802,2,LEFT_MI
4664,18.21875,12.9806,5.1532,-2.3205,9.1776,2,LEFT_MI
4665,18.22265625,6.8509,0.4789,-4.4049,11.6986,2,LEFT_MI
4666,18.2265625,4.3061,-8.4155,-7.1509,5.3786,2,LEFT_MI
4667,18.23046875,1.4961,3.4417,-11.1003,4.7183,2,LEFT_MI
4668,18.234375,1.1779,-2.639,-12.8375,-1.0772,2,LEFT_MI
4669,18.23828125,2.474,-0.5689,-9.8631,-6.8954,2,LEFT_MI
4670,18.2421875,0.5182,0.0952,-9.6165,-2.0657,2,LEFT_MI
4671,18.24609375,1.6223,2.202,-1.733,-0.7014,2,LEFT_MI
4672,18.25,0.1532,-0.5784,-5.9483,-8.3757,2,LEFT_MI
4673,18.25390625,-0.7051,-1.7344,1.4039,-5.2163,2,LEFT_MI
4674,18.2578125,-3.1893,7.6618,1.6396,-3.5577,2,LEFT_MI
4675,18.26171875,1.2539,9.4092,1.358,-3.893,2,LEFT_MI
4676,18.265625,0.9114,-1.3183,1.3297,-7.1169,2,LEFT_MI
4677,18.26953125,-6.18,2.95,4.6352,-3.8818,2,LEFT_MI
4678,18.2734375,-9.8441,-0.729,4.2537,2.4777,2,LEFT_MI
4679,18.27734375,-0.8045,-3.078,2.5066,-8.9059,2,LEFT_MI
4680,18.28125,-5.0928,-2.1169,1.3754,-1.3282,2,LEFT_MI
4681,18.28515625,-12.8755,0.8814,4.0636,-2.6386,2,LEFT_MI
4682,18.2890625,-7.9611,-3.0381,-0.2949,0.0406,2,LEFT_MI
4683,18.29296875,-6.5843,-5.5474,1.5783,0.9311,2,LEFT_MI
4684,18.296875,0.0288,1.9207,5.8505,-4.4131,2,LEFT_MI
4685,18.30078125,-1.8227,0.7633,8.7646,4.812,2,LEFT_MI
4686,18.3046875,3.891,-5.7547,4.3376,5.8084,2,LEFT_MI
4687,18.30859375,3.4376,-3.4393,0.5864,10.4551,2,LEFT_MI
4688,18.3125,3.7901,-2.9601,6.1433,12.4922,2,LEFT_MI
4689,18.31640625,9.9309,-2.5667,0.5178,5.9632,2,LEFT_MI
4690,18.3203125,8.5172,-1.3318,-2.2337,6.4116,2,LEFT_MI
4691,18.32421875,2.8905,-0.9399,-1.4118,4.6297,2,LEFT_MI
4692,18.328125,3.8804,0.7159,-2.3567,-1.2178,2,LEFT_MI
4693,18.33203125,-1.0202,-6.8856,-15.6075,-3.1687,2,LEFT_MI
4694,18.3359375,2.7422,-4.8164,-15.4581,-0.7807,2,LEFT_MI
4695,18.33984375,1.5762,0.8031,-7.3886,-5.3102,2,LEFT_MI
4696,18.34375,-1.6438,0.9243,-7.5819,-6.0081,2,LEFT_MI
4697,18.34765625,-2.059,-2.1341,-8.4785,-2.799,2,LEFT_MI
4698,18.3515625,2.5493,2.45,-8.0331,-9.4951,2,LEFT_MI
4699,18.35546875,-2.9259,5.3103,1.9649,-1.4772,2,LEFT_MI
4700,18.359375,-1.4461,5.1442,-1.484,-8.8135,2,LEFT_MI
4701,18.36328125,-4.0009,2.6962,-1.4473,3.7597,2,LEFT_MI
4702,18.3671875,-2.1586,6.2422,4.2329,-4.9332,2,LEFT_MI
4703,18.37109375,-4.065,3.8812,2.425,-2.4369,2,LEFT_MI
4704,18.375,-8.4859,-0.3482,-2.5073,-5.7492,2,LEFT_MI
4705,18.37890625,-10.804,0.0247,1.3283,-0.3023,2,LEFT_MI
4706,18.3828125,-7.5375,-2.7178,6.3824,2.3717,2,LEFT_MI
4707,18.38671875,-2.868,-1.3412,5.2121,4.6929,2,LEFT_MI
4708,18.390625,-7.875,-2.5757,6.3457,-0.9213,2,LEFT_MI
4709,18.39453125,-1.266,-1.9122,3.5877,8.519,2,LEFT_MI
4710,18.3984375,-1.0634,0.8855,1.8715,3.5078,2,LEFT_MI
4711,18.40234375,1.5153,-3.3349,4.0764,2.0849,2,LEFT_MI
4712,18.40625,2.2031,1.417,3.7967,6.2821,2,LEFT_MI
4713,18.41015625,11.2068,1.7049,-0.5264,5.4105,2,LEFT_MI
4714,18.4140625,10.4564,-1.1047,8.6965,9.6234,2,LEFT_MI
4715,18.41796875,13.229,-1.5765,-0.3557,8.1292,2,LEFT_MI
4716,18.421875,10.9743,-1.3072,-5.0838,3.1716,2,LEFT_MI
4717,18.42578125,5.2232,-3.6418,2.7122,-6.0643,2,LEFT_MI
4718,18.4296875,1.6762,-5.1088,-5.5825,-2.2596,2,LEFT_MI
4719,18.43359375,4.3503,-3.8844,-5.1433,-4.6724,2,LEFT_MI
4720,18.4375,-3.7215,0.9064,-5.7373,-10.1057,2,LEFT_MI
4721,18.44140625,-0.4198,0.0163,-12.0328,-4.799,2,LEFT_MI
4722,18.4453125,-2.9432,-5.0565,-7.4441,-6.1447,2,LEFT_MI
4723,18.44921875,0.5426,0.3317,-8.1166,-8.6474,2,LEFT_MI
4724,18.453125,2.4281,6.9466,-2.5143,-1.3764,2,LEFT_MI
4725,18.45703125,-0.9137,8.4908,0.4668,-0.6763,2,LEFT_MI
4726,18.4609375,-1.1137,3.6478,-1.7165,-4.2894,2,LEFT_MI
4727,18.46484375,-4.9894,2.7964,3.185,1.7191,2,LEFT_MI
4728,18.46875,-2.6433,-1.3039,5.8421,1.3153,2,LEFT_MI
4729,18.47265625,-8.4227,2.9184,0.2233,1.5759,2,LEFT_MI
4730,18.4765625,-2.4469,1.1941,3.5975,-2.4998,2,LEFT_MI
4731,18.48046875,-2.0262,-0.6949,1.8819,-0.7883,2,LEFT_MI
4732,18.484375,-10.8987,-3.0124,4.7251,0.2195,2,LEFT_MI
4733,18.48828125,-7.1536,-5.2112,5.9328,-0.2665,2,LEFT_MI
4734,18.4921875,-7.2186,-2.1744,5.9883,2.1245,2,LEFT_MI
4735,18.49609375,-8.8298,-0.3005,4.4752,10.1823,2,LEFT_MI
4736,18.5,-4.5991,-2.224,6.262,3.4683,2,LEFT_MI
4737,18.50390625,0.5181,-2.5672,8.4056,5.2329,2,LEFT_MI
4738,18.5078125,9.7517,1.779,4.2647,0.5036,2,LEFT_MI
4739,18.51171875,8.4167,2.9854,2.5551,-0.9304,2,LEFT_MI
4740,18.515625,7.107,5.4154,2.4984,11.7909,2,LEFT_MI
4741,18.51953125,6.8548,-1.4666,0.8774,1.3179,2,LEFT_MI
4742,18.5234375,9.6605,0.255,-0.9406,-3.3484,2,LEFT_MI
4743,18.52734375,-1.1817,0.7411,1.0471,-0.3003,2,LEFT_MI
4744,18.53125,2.727,-0.0906,-1.7675,-6.31,2,LEFT_MI
4745,18.53515625,9.2355,-6.4145,-3.3481,-1.7085,2,LEFT_MI
4746,18.5390625,6.4342,-0.9627,-9.9521,-9.7826,2,LEFT_MI
4747,18.54296875,-1.6361,0.6574,-8.935,-10.0062,2,LEFT_MI
4748,18.546875,4.5181,1.2827,-10.9663,-7.8151,2,LEFT_MI
4749,18.55078125,0.561,7.5463,0.4388,-3.9842,2,LEFT_MI
4750,18.5546875,-0.7055,4.2527,-7.4255,0.2697,2,LEFT_MI
4751,18.55859375,-2.145,8.9425,-0.2353,-4.1044,2,LEFT_MI
4752,18.5625,-7.9325,7.8515,3.5896,0.3233,2,LEFT_MI
4753,18.56640625,0.4002,-0.2192,3.873,0.3676,2,LEFT_MI
4754,18.5703125,-3.6993,6.0486,1.6776,0.6648,2,LEFT_MI
4755,18.57421875,-4.0723,-3.9711,2.9639,1.4783,2,LEFT_MI
4756,18.578125,-9.3436,1.3365,3.4792,3.7342,2,LEFT_MI
4757,18.58203125,-8.8165,-1.8398,0.1477,-0.4445,2,LEFT_MI
4758,18.5859375,-5.2483,2.2723,1.3579,6.0356,2,LEFT_MI
4759,18.58984375,-4.5191,-6.3362,1.1989,1.3576,2,LEFT_MI
4760,18.59375,-5.3273,-7.1694,4.2063,4.8515,2,LEFT_MI
4761,18.59765625,-3.4224,-8.2266,2.7191,2.9548,2,LEFT_MI
4762,18.6015625,-1.7294,-2.3269,8.8519,9.0507,2,LEFT_MI
4763,18.60546875,2.9275,3.4474,10.8164,4.2215,2,LEFT_MI
4764,18.609375,6.1871,3.0655,6.1565,7.8183,2,LEFT_MI
4765,18.61328125,10.2162,3.5504,6.5459,7.8639,2,LEFT_MI
4766,18.6171875,8.9152,0.9593,2.7083,1.105,2,LEFT_MI
4767,18.62109375,5.184,0.0067,2.536,0.7053,2,LEFT_MI
4768,18.625,5.843,0.2709,5.0041,-0.521,2,LEFT_MI
4769,18.62890625,6.1882,4.3763,-2.579,-7.0585,2,LEFT_MI
4770,18.6328125,2.6247,-3.4088,-0.5884,-7.2824,2,LEFT_MI
4771,18.63671875,-4.1881,-5.6435,-5.254,-8.1596,2,LEFT_MI
4772,18.640625,2.4194,0.2549,-18.14,-6.048,2,LEFT_MI
4773,18.64453125,2.7468,1.8218,-8.3948,-5.4698,2,LEFT_MI
4774,18.6484375,1.7063,2.9084,-3.181,-2.8459,2,LEFT_MI
4775,18.65234375,-3.746,2.2542,-3.4175,-4.5544,2,LEFT_MI
4776,18.65625,-0.1934,3.2727,-10.6926,-1.2218,2,LEFT_MI
4777,18.66015625,-3.4218,8.7556,-3.3055,0.9086,2,LEFT_MI
4778,18.6640625,-3.7264,9.7894,-0.2503,5.2955,2,LEFT_MI
4779,18.66796875,-7.5533,-0.1409,-0.1468,-0.7854,2,LEFT_MI
4780,18.671875,0.5762,5.2808,-2.5002,-0.8906,2,LEFT_MI
4781,18.67578125,-12.4949,6.6932,2.7262,1.6703,2,LEFT_MI
4782,18.6796875,-2.0652,-1.7607,-4.9649,4.5398,2,LEFT_MI
4783,18.68359375,-2.6004,-4.0454,4.2601,1.4276,2,LEFT_MI
4784,18.6875,-12.9551,-7.2219,2.7984,7.7929,2,LEFT_MI
4785,18.69140625,-5.5487,-2.7708,-0.3441,-0.3976,2,LEFT_MI
4786,18.6953125,-7.6171,3.1862,6.1278,4.2793,2,LEFT_MI
4787,18.69921875,0.3127,-4.8918,7.5715,3.9681,2,LEFT_MI
4788,18.703125,-4.4801,-2.4538,10.0244,3.3105,2,LEFT_MI
4789,18.70703125,9.727,2.9323,13.1332,6.7952,2,LEFT_MI
4790,18.7109375,7.0067,-3.7799,11.7738,4.5065,2,LEFT_MI
4791,18.71484375,12.8951,5.9285,11.3596,0.5421,2,LEFT_MI
4792,18.71875,11.3406,-1.1275,5.8925,3.9364,2,LEFT_MI
4793,18.72265625,4.9333,0.7312,-0.4355,0.8132,2,LEFT_MI
4794,18.7265625,9.8631,-1.8883,0.6053,-1.0407,2,LEFT_MI
4795,18.73046875,-0.4851,-3.0187,-5.901,-3.8395,2,LEFT_MI
4796,18.734375,-2.1443,-1.7922,-7.0965,-10.272,2,LEFT_MI
4797,18.73828125,-1.3684,0.0617,-5.6928,-5.3212,2,LEFT_MI
4798,18.7421875,-2.3846,-0.0208,-8.3788,-7.4963,2,LEFT_MI
4799,18.74609375,1.2048,1.6804,-9.2325,-3.1256,2,LEFT_MI
4800,18.75,-0.7478,-0.4456,-2.0333,-8.3036,2,LEFT_MI
4801,18.75390625,-2.0813,0.1639,-6.0866,-1.0538,2,LEFT_MI
4802,18.7578125,-2.5119,3.9054,-6.5504,3.8986,2,LEFT_MI
4803,18.76171875,-2.7877,1.9663,3.6085,0.5933,2,LEFT_MI
4804,18.765625,0.8346,5.2017,-2.3246,5.0089,2,LEFT_MI
4805,18.76953125,-8.3024,3.2411,0.7944,3.9116,2,LEFT_MI
4806,18.7734375,-2.3467,-0.4654,-0.0611,10.6657,2,LEFT_MI
4807,18.77734375,-8.0329,-0.5012,-2.377,7.9385,2,LEFT_MI
4808,18.78125,-3.7181,-2.1454,-2.9766,-2.7491,2,LEFT_MI
4809,18.78515625,-8.4675,-7.6832,0.7181,4.5669,2,LEFT_MI
4810,18.7890625,-5.4047,-5.31,0.0098,4.1756,2,LEFT_MI
4811,18.79296875,-5.7766,-6.4696,-1.0273,6.2896,2,LEFT_MI
4812,18.796875,-2.1302,-6.6367,2.594,3.3935,2,LEFT_MI
4813,18.80078125,2.5021,0.5403,7.5348,-3.5586,2,LEFT_MI
4814,18.8046875,3.0895,-1.5461,6.0434,5.8092,2,LEFT_MI
4815,18.80859375,3.0172,4.3448,8.1759,3.3467,2,LEFT_MI
4816,18.8125,7.4684,5.5288,4.7082,-0.7829,2,LEFT_MI
4817,18.81640625,9.0579,-0.7559,12.9049,-0.7189,2,LEFT_MI
4818,18.8203125,15.4947,5.7542,1.9858,-1.8827,2,LEFT_MI
4819,18.82421875,9.3219,6.4945,2.2263,-2.2489,2,LEFT_MI
4820,18.828125,8.9058,-1.5087,-3.7235,-7.4362,2,LEFT_MI
4821,18.83203125,3.9451,0.07,-7.6829,-2.1053,2,LEFT_MI
4822,18.8359375,-1.5239,0.027,-0.1691,-10.8688,2,LEFT_MI
4823,18.83984375,0.1207,2.1508,-6.1825,-7.8674,2,LEFT_MI
4824,18.84375,-2.257,3.9179,-6.807,-5.4656,2,LEFT_MI
4825,18.84765625,1.2592,-0.6667,-2.6665,-6.384,2,LEFT_MI
4826,18.8515625,2.9919,3.683,-8.789,-1.5967,2,LEFT_MI
4827,18.85546875,2.7952,1.6257,-7.1651,3.2622,2,LEFT_MI
4828,18.859375,2.725,9.1026,-1.284,7.2458,2,LEFT_MI
4829,18.86328125,-5.7678,3.4275,0.5249,6.3402,2,LEFT_MI
4830,18.8671875,-1.1915,5.9039,-1.62,3.2475,2,LEFT_MI
4831,18.87109375,-2.8919,2.4026,-2.2227,6.0011,2,LEFT_MI
4832,18.875,-8.0824,-1.9921,-1.7905,12.4564,2,LEFT_MI
4833,18.87890625,-9.0277,-5.6162,3.2602,4.6067,2,LEFT_MI
4834,18.8828125,-7.4762,1.8923,0.0691,4.1084,2,LEFT_MI
4835,18.88671875,-6.4491,-1.8216,4.7491,-0.5356,2,LEFT_MI
4836,18.890625,-3.2631,0.5014,-3.4024,-3.4493,2,LEFT_MI
4837,18.89453125,-0.9106,-1.299,3.227,3.1663,2,LEFT_MI
4838,18.8984375,1.2178,-10.0827,6.9468,8.7139,2,LEFT_MI
4839,18.90234375,2.2267,0.5231,11.3352,-0.6739,2,LEFT_MI
4840,18.90625,6.5186,2.9387,11.6454,-3.5886,2,LEFT_MI
4841,18.91015625,5.6027,5.2083,5.7495,0.0844,2,LEFT_MI
4842,18.9140625,3.9858,0.14,12.908,-3.8815,2,LEFT_MI
4843,18.91796875,9.3201,-0.6707,5.3012,-1.1729,2,LEFT_MI
4844,18.921875,5.9099,3.8031,5.1969,-3.85,2,LEFT_MI
4845,18.92578125,3.2722,4.4576,0.6587,-7.6235,2,LEFT_MI
4846,18.9296875,8.3749,-3.1531,-4.7079,-4.375,2,LEFT_MI
4847,18.93359375,-1.4253,-4.5639,-4.7089,-6.0119,2,LEFT_MI
4848,18.9375,-1.743,1.1096,-9.6932,-1.1735,2,LEFT_MI
4849,18.94140625,4.6758,-5.3803,-13.8237,-5.7449,2,LEFT_MI
4850,18.9453125,-1.625,0.9628,-1.9617,-8.1476,2,LEFT_MI
4851,18.94921875,2.675,-2.2124,-4.6816,-0.9723,2,LEFT_MI
4852,18.953125,5.6767,-0.0597,-4.942,-1.5009,2,LEFT_MI
4853,18.95703125,-3.9779,2.1721,-2.8667,-2.7058,2,LEFT_MI
4854,18.9609375,-3.2701,6.4938,-4.7793,3.9473,2,LEFT_MI
4855,18.96484375,1.4146,6.7294,-3.4297,7.76,2,LEFT_MI
4856,18.96875,-8.3066,-1.0684,-9.4642,6.8657,2,LEFT_MI
4857,18.97265625,-10.2256,2.1005,1.9261,8.691,2,LEFT_MI
4858,18.9765625,-7.5367,0.8965,-1.3157,-5.5808,2,LEFT_MI
4859,18.98046875,-10.5119,0.537,3.0859,4.9134,2,LEFT_MI
4860,18.984375,-8.2274,-5.6958,-2.1755,7.6409,2,LEFT_MI
4861,18.98828125,-5.1254,-5.0066,1.639,3.6835,2,LEFT_MI
4862,18.9921875,-5.5282,-8.4128,0.6982,2.552,2,LEFT_MI
4863,18.99609375,-3.7879,-5.5285,6.6228,-0.8576,2,LEFT_MI
4864,19.0,-4.0468,2.4889,6.6742,3.3427,2,LEFT_MI
4865,19.00390625,3.8605,-1.6543,5.2803,-3.5922,2,LEFT_MI
4866,19.0078125,5.0288,-0.3034,7.6968,-1.581,2,LEFT_MI
4867,19.01171875,6.8198,9.7164,6.2267,5.5951,2,LEFT_MI
4868,19.015625,10.4177,4.1624,13.1247,-0.8165,2,LEFT_MI
4869,19.01953125,3.4798,4.268,6.1391,-1.9903,2,LEFT_MI
4870,19.0234375,8.8203,1.3864,0.9355,0.6153,2,LEFT_MI
4871,19.02734375,-1.1064,1.6919,-0.2604,-10.8996,2,LEFT_MI
4872,19.03125,-0.8933,2.7481,-6.81,-10.2999,2,LEFT_MI
4873,19.03515625,1.7711,-2.2407,-4.5884,-6.1023,2,LEFT_MI
4874,19.0390625,0.5762,-1.7638,-11.2619,-1.3724,2,LEFT_MI
4875,19.04296875,-0.5956,-3.4854,-13.959,-6.1703,2,LEFT_MI
4876,19.046875,-2.3322,2.2762,-11.7817,1.1763,2,LEFT_MI
4877,19.05078125,1.5275,1.6431,-8.3754,-1.3413,2,LEFT_MI
4878,19.0546875,3.0186,1.3371,2.6917,1.7196,2,LEFT_MI
4879,19.05859375,-1.9938,3.6201,-2.1448,7.1182,2,LEFT_MI
4880,19.0625,-6.764,0.5009,-0.7045,8.7457,2,LEFT_MI
4881,19.06640625,-10.4149,6.1748,-4.4326,7.1261,2,LEFT_MI
4882,19.0703125,-8.9695,3.6506,-4.3165,8.9464,2,LEFT_MI
4883,19.07421875,-4.4644,-2.4494,-2.5257,8.6889,2,LEFT_MI
4884,19.078125,-10.9371,-1.8805,-1.3072,8.9782,2,LEFT_MI
4885,19.08203125,-10.4981,-2.81,-0.7325,5.5516,2,LEFT_MI
4886,19.0859375,-12.725,-7.0288,-2.3883,2.3196,2,LEFT_MI
4887,19.08984375,-2.3573,-6.5406,-3.3898,-4.7903,2,LEFT_MI
4888,19.09375,0.3579,-6.4425,-0.5913,-0.873,2,LEFT_MI
4889,19.09765625,1.09,-1.9677,1.0755,4.3053,2,LEFT_MI
4890,19.1015625,0.0075,-5.2943,10.1917,1.3964,2,LEFT_MI
4891,19.10546875,4.1799,-0.6868,4.9394,0.6801,2,LEFT_MI
4892,19.109375,6.2117,6.8043,11.2068,2.4905,2,LEFT_MI
4893,19.11328125,4.4075,1.7192,3.7473,-3.2729,2,LEFT_MI
4894,19.1171875,12.6063,5.3404,7.593,-8.6393,2,LEFT_MI
4895,19.12109375,6.9269,1.2044,11.9028,-5.0185,2,LEFT_MI
4896,19.125,4.2497,-4.037,2.1605,-10.9472,2,LEFT_MI
4897,19.12890625,6.0805,0.1727,3.0997,-7.3981,2,LEFT_MI
4898,19.1328125,4.121,-5.4089,0.418,-7.2548,2,LEFT_MI
4899,19.13671875,-6.1228,-1.3903,-5.0607,-3.4117,2,LEFT_MI
4900,19.140625,1.9226,-0.2949,-6.6952,-5.3219,2,LEFT_MI
4901,19.14453125,-0.8778,-1.799,-3.5363,-4.3145,2,LEFT_MI
4902,19.1484375,0.0231,1.6393,-0.0431,2.1771,2,LEFT_MI
4903,19.15234375,3.984,3.4974,-3.8957,5.3668,2,LEFT_MI
4904,19.15625,-2.1513,1.6734,-9.5024,3.9362,2,LEFT_MI
4905,19.16015625,-0.6487,3.9114,-3.8656,10.6505,2,LEFT_MI
4906,19.1640625,3.9533,0.4971,-1.3529,8.5983,2,LEFT_MI
4907,19.16796875,-5.4517,7.6128,-0.1168,8.5729,2,LEFT_MI
4908,19.171875,-3.7671,1.8751,-2.238,4.9098,2,LEFT_MI
4909,19.17578125,-10.5031,1.0936,0.0597,3.4842,2,LEFT_MI
4910,19.1796875,-7.8328,-2.2563,-5.3411,6.8957,2,LEFT_MI
4911,19.18359375,-7.2768,-4.6641,-1.1268,-0.5573,2,LEFT_MI
4912,19.1875,-3.1738,-3.4918,-5.328,-2.9222,2,LEFT_MI
4913,19.19140625,-3.2914,-3.4159,-0.7847,-3.4771,2,LEFT_MI
4914,19.1953125,-1.8411,-3.1742,6.5811,-0.5065,2,LEFT_MI
4915,19.19921875,-3.3885,-2.7008,0.5154,1.4124,2,LEFT_MI
4916,19.203125,1.0909,2.5405,6.8727,0.2271,2,LEFT_MI
4917,19.20703125,6.5511,-0.5773,7.6963,2.2409,2,LEFT_MI
4918,19.2109375,4.4446,7.1559,11.0615,-0.6248,2,LEFT_MI
4919,19.21484375,5.2056,2.1119,10.0964,-3.3608,2,LEFT_MI
4920,19.21875,9.8336,7.0941,4.4297,0.8459,2,LEFT_MI
4921,19.22265625,12.1774,0.8387,3.6692,-9.8358,2,LEFT_MI
4922,19.2265625,4.1912,0.1532,0.347,-7.5119,2,LEFT_MI
4923,19.23046875,0.479,0.5568,-1.2491,-4.4191,2,LEFT_MI
4924,19.234375,3.5738,-1.895,-2.5575,-2.7397,2,LEFT_MI
4925,19.23828125,-4.3795,-0.6867,-3.0931,-6.2913,2,LEFT_MI
4926,19.2421875,5.6525,2.0491,-4.3171,-3.8827,2,LEFT_MI
4927,19.24609375,-1.2313,4.4012,-9.0515,4.257,2,LEFT_MI
4928,19.25,0.0814,3.8362,-1.7709,5.8605,2,LEFT_MI
4929,19.25390625,2.6399,6.7342,-10.2925,5.6129,2,LEFT_MI
4930,19.2578125,2.2509,2.2903,-0.0811,6.4471,2,LEFT_MI
4931,19.26171875,-1.7321,2.9612,-0.5573,6.8127,2,LEFT_MI
4932,19.265625,1.0311,6.8103,-0.6509,7.558,2,LEFT_MI
4933,19.26953125,-3.4565,0.8003,-0.191,7.6167,2,LEFT_MI
4934,19.2734375,-4.7523,-2.9872,3.4678,-0.1844,2,LEFT_MI
4935,19.27734375,-4.3078,-2.7853,-7.1738,2.715,2,LEFT_MI
4936,19.28125,-3.8271,-1.7633,-11.2006,-2.2614,2,LEFT_MI
4937,19.28515625,-9.1253,-6.1171,-5.8786,-0.138,2,LEFT_MI
4938,19.2890625,-6.4271,-6.6583,-5.0895,-0.9172,2,LEFT_MI
4939,19.29296875,-14.4615,-2.6952,0.5807,4.3223,2,LEFT_MI
4940,19.296875,-5.0154,-1.9333,4.8971,-4.12,2,LEFT_MI
4941,19.30078125,-1.5649,0.4513,3.5714,-1.9587,2,LEFT_MI
4942,19.3046875,8.541,-0.3387,8.9411,-9.2357,2,LEFT_MI
4943,19.30859375,3.9294,3.7531,9.1397,4.9357,2,LEFT_MI
4944,19.3125,7.017,0.3535,8.2478,-5.8614,2,LEFT_MI
4945,19.31640625,10.6731,3.8261,6.1057,-2.8118,2,LEFT_MI
4946,19.3203125,3.638,7.8693,11.5106,-6.5347,2,LEFT_MI
4947,19.32421875,4.4522,2.9691,7.361,-5.0145,2,LEFT_MI
4948,19.328125,5.1291,-1.1813,8.6324,-2.4705,2,LEFT_MI
4949,19.33203125,-0.7189,-0.4763,2.2979,-9.1631,2,LEFT_MI
4950,19.3359375,2.9486,-2.5173,-1.995,-5.426,2,LEFT_MI
4951,19.33984375,-0.7907,-4.961,-3.1012,-0.8498,2,LEFT_MI
4952,19.34375,-1.4917,1.609,-7.2363,3.8111,2,LEFT_MI
4953,19.34765625,-2.1521,-0.2181,-0.8152,6.2293,2,LEFT_MI
4954,19.3515625,0.3945,-2.5646,-10.5443,3.5294,2,LEFT_MI
4955,19.35546875,1.2985,6.7724,-2.6426,11.7564,2,LEFT_MI
4956,19.359375,-5.6372,5.4149,-4.1116,7.7642,2,LEFT_MI
4957,19.36328125,-3.7621,1.7901,0.6104,6.9253,2,LEFT_MI
4958,19.3671875,-3.8189,1.4098,-8.7926,8.6417,2,LEFT_MI
4959,19.37109375,-5.6554,0.4024,0.745,6.0815,2,LEFT_MI
4960,19.375,-4.5179,4.7365,-1.3847,-0.7705,2,LEFT_MI
4961,19.37890625,-3.2322,-0.2638,0.3349,-3.0641,2,LEFT_MI
4962,19.3828125,-10.2479,-11.8731,-2.899,0.4526,2,LEFT_MI
4963,19.38671875,-14.2184,-5.07,-4.3201,-3.7944,2,LEFT_MI
4964,19.390625,-4.4298,-2.1036,-3.0559,-8.6616,2,LEFT_MI
4965,19.39453125,-1.1485,-4.0166,-2.5586,0.2403,2,LEFT_MI
4966,19.3984375,-1.516,-4.5169,4.5817,-8.0856,2,LEFT_MI
4967,19.40234375,0.4558,-3.4534,7.0388,-3.5921,2,LEFT_MI
4968,19.40625,5.6113,4.3081,7.1902,-4.3135,2,LEFT_MI
4969,19.41015625,5.9517,3.0113,6.6695,2.4599,2,LEFT_MI
4970,19.4140625,6.0148,4.6315,5.7324,-6.2425,2,LEFT_MI
4971,19.41796875,7.3438,5.3972,6.8065,-0.4439,2,LEFT_MI
4972,19.421875,2.7599,1.5898,5.2935,4.3975,2,LEFT_MI
4973,19.42578125,3.4466,-6.5317,4.4381,-0.4714,2,LEFT_MI
4974,19.4296875,7.1052,-0.6361,-3.903,-3.7208,2,LEFT_MI
4975,19.43359375,4.4698,-6.3801,-1.8248,-3.3006,2,LEFT_MI
4976,19.4375,0.7644,-4.1949,-4.0085,4.1169,2,LEFT_MI
4977,19.44140625,1.2236,-4.3135,-1.7774,2.599,2,LEFT_MI
4978,19.4453125,-3.8369,-3.3357,-9.425,10.2443,2,LEFT_MI
4979,19.44921875,1.4698,4.1206,-4.8543,7.5527,2,LEFT_MI
4980,19.453125,-6.5135,1.8766,0.9386,7.3753,2,LEFT_MI
4981,19.45703125,-0.2248,5.7725,-2.3418,5.0869,2,LEFT_MI
4982,19.4609375,5.3599,1.5459,-3.302,9.3042,2,LEFT_MI
4983,19.46484375,-5.7629,2.5648,-6.0204,10.1294,2,LEFT_MI
4984,19.46875,-2.9169,-1.2226,-4.8345,6.8972,2,LEFT_MI
4985,19.47265625,-9.2659,1.6523,-5.048,1.3819,2,LEFT_MI
4986,19.4765625,-6.978,-5.9756,-4.9614,2.9524,2,LEFT_MI
4987,19.48046875,-5.0915,-8.8604,-9.1033,-5.5299,2,LEFT_MI
4988,19.484375,-9.0302,-1.9608,-6.0253,-1.3787,2,LEFT_MI
4989,19.48828125,-8.3526,-4.7893,-3.3331,-9.6908,2,LEFT_MI
4990,19.4921875,-9.0851,-6.7746,-2.7657,-12.2477,2,LEFT_MI
4991,19.49609375,-1.4503,-4.2158,0.7677,-8.9713,2,LEFT_MI
4992,19.5,4.0242,-5.8118,3.8257,-0.8631,2,LEFT_MI
4993,19.50390625,4.4499,0.226,5.5499,-9.521,2,LEFT_MI
4994,19.5078125,11.7107,1.3139,4.4546,-0.8221,2,LEFT_MI
4995,19.51171875,0.4596,2.5883,7.7916,-2.1552,2,LEFT_MI
4996,19.515625,11.329,6.3352,9.2208,-3.4683,2,LEFT_MI
4997,19.51953125,6.362,4.6132,4.6689,0.149,2,LEFT_MI
4998,19.5234375,5.7413,5.4021,5.4492,-0.7439,2,LEFT_MI
4999,19.52734375,4.0581,4.5797,-0.583,6.0102,2,LEFT_MI
5000,19.53125,4.8787,2.1937,5.4353,3.9903,2,LEFT_MI
5001,19.53515625,1.1137,1.0064,-3.8617,2.3149,2,LEFT_MI
5002,19.5390625,5.2368,-0.8016,-1.6334,5.957,2,LEFT_MI
5003,19.54296875,-3.4851,2.7558,-1.2931,3.3054,2,LEFT_MI
5004,19.546875,-2.2537,0.252,-9.9164,4.6403,2,LEFT_MI
5005,19.55078125,0.7761,1.4904,-3.735,0.4771,2,LEFT_MI
5006,19.5546875,-2.8979,2.4427,-2.4742,5.0643,2,LEFT_MI
5007,19.55859375,-0.2192,1.7776,-1.3228,8.4407,2,LEFT_MI
5008,19.5625,-2.4576,0.601,-1.1099,1.6378,2,LEFT_MI
5009,19.56640625,-0.8894,5.3401,1.3277,1.4711,2,LEFT_MI
5010,19.5703125,-5.6833,2.3913,-4.455,1.3799,2,LEFT_MI
5011,19.57421875,-3.944,-3.2908,-7.965,2.9809,2,LEFT_MI
5012,19.578125,-8.0694,-6.5598,-1.19,-6.1756,2,LEFT_MI
5013,19.58203125,-4.7802,1.495,0.3511,-0.9028,2,LEFT_MI
5014,19.5859375,-9.0128,1.1047,-2.4179,-10.351,2,LEFT_MI
5015,19.58984375,-7.5836,-4.2233,-4.8314,-11.0639,2,LEFT_MI
5016,19.59375,-3.1751,-4.9965,-2.1481,-13.4841,2,LEFT_MI
5017,19.59765625,-4.8575,-4.2925,1.0039,-7.0858,2,LEFT_MI
5018,19.6015625,-0.2028,-0.5728,8.9478,-1.2086,2,LEFT_MI
5019,19.60546875,4.3189,3.8244,5.9467,-0.5595,2,LEFT_MI
5020,19.609375,4.3412,-0.8824,2.166,-0.861,2,LEFT_MI
5021,19.61328125,10.7357,6.3622,10.6614,3.5383,2,LEFT_MI
5022,19.6171875,8.044,-2.0335,8.9931,3.184,2,LEFT_MI
5023,19.62109375,12.5446,1.2353,4.9645,8.1891,2,LEFT_MI
5024,19.625,-5.053,4.1974,3.5754,2.2734,2,LEFT_MI
5025,19.62890625,5.2482,3.152,2.1077,4.313,2,LEFT_MI
5026,19.6328125,0.113,-5.1609,-2.2687,2.731,2,LEFT_MI
5027,19.63671875,4.5747,1.0193,-4.7472,2.3,2,LEFT_MI
5028,19.640625,1.1668,-3.0962,-2.3998,4.2431,2,LEFT_MI
5029,19.64453125,0.9738,1.6068,-2.1608,1.5003,2,LEFT_MI
5030,19.6484375,-2.2594,2.068,-3.6003,4.6075,2,LEFT_MI
5031,19.65234375,0.5064,-1.8399,-3.7973,3.0888,2,LEFT_MI
5032,19.65625,-1.789,-0.511,-1.8012,7.8122,2,LEFT_MI
5033,19.66015625,-4.1073,1.7003,-2.3889,6.248,2,LEFT_MI
5034,19.6640625,-3.8458,2.2277,-1.2778,0.2978,2,LEFT_MI
5035,19.66796875,-0.4818,0.0439,-3.1035,-3.724,2,LEFT_MI
5036,19.671875,0.0257,1.3687,-3.1194,-1.6845,2,LEFT_MI
5037,19.67578125,-3.5175,-1.6212,-4.1662,-1.0856,2,LEFT_MI
5038,19.6796875,-11.5078,-0.3602,-10.5262,-8.0571,2,LEFT_MI
5039,19.68359375,-9.6689,-7.5874,-4.738,-2.4757,2,LEFT_MI
5040,19.6875,-0.8137,-4.3084,-7.177,-4.6265,2,LEFT_MI
5041,19.69140625,-7.914,-1.7539,-2.6505,-11.8274,2,LEFT_MI
5042,19.6953125,-7.0784,-2.052,-3.1196,-0.8176,2,LEFT_MI
5043,19.69921875,-1.0485,-2.3569,0.6356,-7.3435,2,LEFT_MI
5044,19.703125,2.417,1.3274,3.2954,-11.0082,2,LEFT_MI
5045,19.70703125,6.336,-1.1571,6.1051,-1.4129,2,LEFT_MI
5046,19.7109375,12.18,3.2495,6.8715,5.6947,2,LEFT_MI
5047,19.71484375,10.4212,3.8516,8.9987,3.5394,2,LEFT_MI
5048,19.71875,6.4378,5.586,10.9468,4.8413,2,LEFT_MI
5049,19.72265625,6.5485,2.8872,4.6148,2.994,2,LEFT_MI
5050,19.7265625,2.3447,0.1172,2.1756,4.4232,2,LEFT_MI
5051,19.73046875,10.4057,2.6959,2.263,5.2977,2,LEFT_MI
5052,19.734375,-0.081,-1.2551,-0.6465,7.0436,2,LEFT_MI
5053,19.73828125,-0.1085,5.2713,-7.3655,0.4363,2,LEFT_MI
5054,19.7421875,-3.3457,-3.7737,-1.3294,1.7697,2,LEFT_MI
5055,19.74609375,7.0666,-3.6265,-6.1735,0.3934,2,LEFT_MI
5056,19.75,-1.1674,2.7127,-3.738,1.9261,2,LEFT_MI
5057,19.75390625,-1.5399,3.6344,-2.9363,8.0214,2,LEFT_MI
5058,19.7578125,-3.2781,0.7203,-0.3173,5.1281,2,LEFT_MI
5059,19.76171875,-0.6293,-1.1178,-3.5996,-1.9657,2,LEFT_MI
5060,19.765625,3.0122,7.1819,-2.5178,3.8595,2,LEFT_MI
5061,19.76953125,-1.8758,1.9729,-0.2636,-0.9717,2,LEFT_MI
5062,19.7734375,-0.4035,-1.7873,-2.7454,-4.9106,2,LEFT_MI
5063,19.77734375,1.6345,-4.6038,-8.7696,-6.4184,2,LEFT_MI
5064,19.78125,-6.7459,-1.5646,-7.2068,-9.7733,2,LEFT_MI
5065,19.78515625,-5.3219,-5.5337,-7.4681,-8.2839,2,LEFT_MI
5066,19.7890625,-7.4949,-4.2178,-5.0193,-8.927,2,LEFT_MI
5067,19.79296875,-9.0382,-1.658,-1.4083,-6.8559,2,LEFT_MI
5068,19.796875,-5.817,4.7374,-1.3219,-10.7704,2,LEFT_MI
5069,19.80078125,1.8647,4.7213,0.258,-3.1132,2,LEFT_MI
5070,19.8046875,1.9681,6.1405,6.8966,-1.588,2,LEFT_MI
5071,19.80859375,9.019,2.4329,6.1078,-4.1132,2,LEFT_MI
5072,19.8125,4.4211,6.5174,8.2312,1.2186,2,LEFT_MI
5073,19.81640625,7.7896,3.139,9.3535,8.2457,2,LEFT_MI
5074,19.8203125,8.373,3.6318,8.1953,3.8237,2,LEFT_MI
5075,19.82421875,3.3393,3.19,7.1256,3.862,2,LEFT_MI
5076,19.828125,3.6909,-1.1413,10.0811,11.6883,2,LEFT_MI
5077,19.83203125,6.5825,-3.7492,1.054,0.8914,2,LEFT_MI
5078,19.8359375,2.3026,-6.2117,1.6953,-0.7602,2,LEFT_MI
5079,19.83984375,-8.7451,-4.2909,-1.6748,1.6296,2,LEFT_MI
5080,19.84375,3.6863,-3.1746,-2.068,2.6839,2,LEFT_MI
5081,19.84765625,-2.2106,-2.2486,-1.3728,3.2352,2,LEFT_MI
5082,19.8515625,-1.5407,-2.2051,3.539,3.7343,2,LEFT_MI
5083,19.85546875,-1.8762,-0.856,-1.607,0.6044,2,LEFT_MI
5084,19.859375,2.8802,-1.2444,4.7021,-0.3141,2,LEFT_MI
5085,19.86328125,-5.1286,2.4643,-6.1674,-1.7707,2,LEFT_MI
5086,19.8671875,-1.5681,-2.4877,-10.0943,-0.9494,2,LEFT_MI
5087,19.87109375,-2.8066,3.5065,-0.5292,-7.8955,2,LEFT_MI
5088,19.875,-7.1998,3.7448,-7.6253,-2.8178,2,LEFT_MI
5089,19.87890625,-6.4953,-3.4002,-13.2117,-5.4228,2,LEFT_MI
5090,19.8828125,-5.7456,-1.8084,-9.4651,-4.1791,2,LEFT_MI
5091,19.88671875,-12.8456,-4.9903,-7.5559,-4.7142,2,LEFT_MI
5092,19.890625,-10.4284,0.0325,-4.2761,-4.0705,2,LEFT_MI
5093,19.89453125,-3.4938,-2.6395,-4.2005,-2.1497,2,LEFT_MI
5094,19.8984375,-0.7322,-3.466,-0.8437,-1.9361,2,LEFT_MI
5095,19.90234375,0.2628,2.5378,7.5149,0.2772,2,LEFT_MI
5096,19.90625,0.7454,8.2969,8.2798,2.8664,2,LEFT_MI
5097,19.91015625,8.6575,1.7218,13.1756,6.6626,2,LEFT_MI
5098,19.9140625,13.8087,-1.6396,10.1647,7.9919,2,LEFT_MI
5099,19.91796875,7.4592,3.3293,7.6891,7.4683,2,LEFT_MI
5100,19.921875,8.0002,0.1112,5.5215,8.8832,2,LEFT_MI
5101,19.92578125,6.3319,0.8531,6.6042,8.0156,2,LEFT_MI
5102,19.9296875,3.0864,-2.8661,1.8451,4.2748,2,LEFT_MI
5103,19.93359375,-1.3838,-1.6924,-5.8853,6.2593,2,LEFT_MI
5104,19.9375,-1.0126,2.0093,0.6619,-0.0019,2,LEFT_MI
5105,19.94140625,-2.7812,1.2944,-1.461,-4.4791,2,LEFT_MI
5106,19.9453125,0.2807,-1.4095,1.0488,-4.9291,2,LEFT_MI
5107,19.94921875,-0.0241,4.8323,-2.7278,1.3871,2,LEFT_MI
5108,19.953125,1.6413,-1.6032,0.7181,6.967,2,LEFT_MI
5109,19.95703125,-2.5113,-1.2357,-3.5203,2.045,2,LEFT_MI
5110,19.9609375,-3.1679,3.1051,-6.8929,-2.6801,2,LEFT_MI
5111,19.96484375,-2.3725,1.3552,-1.6,-0.6882,2,LEFT_MI
5112,19.96875,-4.4729,0.394,-1.3064,-4.9319,2,LEFT_MI
5113,19.97265625,-7.0562,-0.8119,-10.0086,-2.735,2,LEFT_MI
5114,19.9765625,-6.8164,-0.4093,-5.4208,-9.5211,2,LEFT_MI
5115,19.98046875,-4.9633,-7.3736,-5.5259,-2.6742,2,LEFT_MI
5116,19.984375,-5.7125,-2.2852,-11.6354,-8.691,2,LEFT_MI
5117,19.98828125,-6.4892,-3.8168,-7.3601,-8.1861,2,LEFT_MI
5118,19.9921875,-5.7949,-2.785,-2.8596,-1.9068,2,LEFT_MI
5119,19.99609375,-2.4857,-1.7181,0.3403,0.3502,2,LEFT_MI
5120,20.0,2.9149,3.8501,-2.5744,-3.1486,2,LEFT_MI
5121,20.00390625,3.1567,-6.1139,2.3128,-2.754,2,LEFT_MI
5122,20.0078125,4.9165,5.9014,3.1628,6.5767,2,LEFT_MI
5123,20.01171875,3.3831,9.748,14.0026,7.7418,2,LEFT_MI
5124,20.015625,7.0596,6.6586,7.2416,5.7054,2,LEFT_MI
5125,20.01953125,10.6016,13.5433,7.6743,10.7938,2,LEFT_MI
5126,20.0234375,7.8382,2.3799,6.9177,6.4325,2,LEFT_MI
5127,20.02734375,9.3245,0.6885,5.7192,5.8898,2,LEFT_MI
5128,20.03125,-0.9795,1.0404,8.8223,4.7777,2,LEFT_MI
5129,20.03515625,-0.1373,1.2012,-0.3758,2.5809,2,LEFT_MI
5130,20.0390625,1.7681,-0.724,-2.3237,2.6378,2,LEFT_MI
5131,20.04296875,1.2083,-6.1477,1.6027,3.9306,2,LEFT_MI
5132,20.046875,1.0672,-0.969,-3.3607,-0.1828,2,LEFT_MI
5133,20.05078125,-1.0121,-3.5341,-1.1659,-1.7361,2,LEFT_MI
5134,20.0546875,3.3228,4.8224,0.2388,-3.917,2,LEFT_MI
5135,20.05859375,-2.7956,2.7448,0.6121,-2.8834,2,LEFT_MI
5136,20.0625,0.1692,-0.2102,-3.9179,0.361,2,LEFT_MI
5137,20.06640625,-8.6855,-4.0866,-3.7812,-3.9795,2,LEFT_MI
5138,20.0703125,-1.771,0.1293,-3.0779,3.3828,2,LEFT_MI
5139,20.07421875,-8.4004,0.694,-4.9056,-9.0364,2,LEFT_MI
5140,20.078125,-2.7642,-5.6962,-3.5525,-3.7682,2,LEFT_MI
5141,20.08203125,-9.0589,1.6016,-13.8139,-5.1372,2,LEFT_MI
5142,20.0859375,-11.2916,-3.8598,-10.2859,-6.3063,2,LEFT_MI
5143,20.08984375,-4.8118,-2.7419,-3.7414,-4.7376,2,LEFT_MI
5144,20.09375,-4.2875,-2.573,-6.1338,-3.1438,2,LEFT_MI
5145,20.09765625,-3.8585,6.07,1.9945,3.7291,2,LEFT_MI
5146,20.1015625,-0.8144,-1.7274,3.114,1.1509,2,LEFT_MI
5147,20.10546875,5.5055,3.8164,1.5894,5.2026,2,LEFT_MI
5148,20.109375,4.7006,6.4539,3.9944,6.9779,2,LEFT_MI
5149,20.11328125,7.9219,2.512,9.2229,4.6037,2,LEFT_MI
5150,20.1171875,8.313,-0.8447,-0.2827,7.6273,2,LEFT_MI
5151,20.12109375,7.0697,0.0362,7.808,6.3518,2,LEFT_MI
5152,20.125,12.7517,5.1418,9.5756,2.5469,2,LEFT_MI
5153,20.12890625,9.2738,1.9704,-1.3626,-0.0315,2,LEFT_MI
5154,20.1328125,2.8419,4.6224,5.6875,-5.0452,2,LEFT_MI
5155,20.13671875,0.5348,-3.2999,1.5615,0.033,2,LEFT_MI
5156,20.140625,3.8321,-1.509,0.0544,-0.8055,2,LEFT_MI
5157,20.14453125,1.2897,-2.5318,1.2791,-3.879,2,LEFT_MI
5158,20.1484375,-0.4692,-1.1087,-1.2561,1.8469,2,LEFT_MI
5159,20.15234375,-5.4756,1.1506,1.9095,0.3536,2,LEFT_MI
5160,20.15625,-5.8371,4.3263,-0.8556,-0.6955,2,LEFT_MI
5161,20.16015625,0.1322,0.0743,-3.0595,0.2297,2,LEFT_MI
5162,20.1640625,1.8623,2.6221,1.1773,-6.3969,2,LEFT_MI
5163,20.16796875,-2.6005,2.0064,2.0348,-0.7158,2,LEFT_MI
5164,20.171875,-7.8479,-3.2397,-3.6128,-10.1306,2,LEFT_MI
5165,20.17578125,-4.7086,-3.422,-7.4404,-7.7126,2,LEFT_MI
5166,20.1796875,-7.4318,-8.6259,-6.6686,-4.5637,2,LEFT_MI
5167,20.18359375,-6.7686,-4.7519,-5.3142,-4.0618,2,LEFT_MI
5168,20.1875,-10.7749,-6.6078,-10.7575,-2.108,2,LEFT_MI
5169,20.19140625,-6.4685,-7.4275,-5.4065,-3.8954,2,LEFT_MI
5170,20.1953125,-4.0733,-2.4631,-5.6207,-2.7526,2,LEFT_MI
5171,20.19921875,-1.1984,4.0988,-3.8691,2.0352,2,LEFT_MI
5172,20.203125,-0.3999,10.5058,1.2414,8.4522,2,LEFT_MI
5173,20.20703125,4.0047,6.6598,-2.3212,2.7488,2,LEFT_MI
5174,20.2109375,5.1063,6.3664,3.8924,4.4207,2,LEFT_MI
5175,20.21484375,6.5243,11.7261,9.1664,3.9722,2,LEFT_MI
5176,20.21875,6.0879,5.9833,11.9389,8.4726,2,LEFT_MI
5177,20.22265625,6.0905,4.995,4.742,4.5221,2,LEFT_MI
5178,20.2265625,4.8441,-3.425,7.4903,2.1309,2,LEFT_MI
5179,20.23046875,9.6878,2.0203,5.569,-4.2165,2,LEFT_MI
5180,20.234375,-0.2356,-7.9095,3.4198,-3.5097,2,LEFT_MI
5181,20.23828125,3.0847,-10.6853,3.8418,-0.0396,2,LEFT_MI
5182,20.2421875,-1.4746,-0.2152,-5.0247,-1.2653,2,LEFT_MI
5183,20.24609375,-0.2782,-2.2941,2.1414,-3.4488,2,LEFT_MI
5184,20.25,-3.3778,-3.5706,1.4094,-3.7153,2,LEFT_MI
5185,20.25390625,-2.7288,-4.0055,5.0804,-6.7445,2,LEFT_MI
5186,20.2578125,4.3574,1.0359,2.3247,2.3847,2,LEFT_MI
5187,20.26171875,2.7775,2.9028,5.3444,-2.0633,2,LEFT_MI
5188,20.265625,-0.9189,1.0847,-3.0935,-4.6396,2,LEFT_MI
5189,20.26953125,-1.8908,3.847,-7.0646,0.0789,2,LEFT_MI
5190,20.2734375,-9.3625,-2.2419,-10.2674,-3.786,2,LEFT_MI
5191,20.27734375,-8.9554,-7.6773,-2.7023,-3.5319,2,LEFT_MI
5192,20.28125,-8.6886,-1.7362,-3.2299,-4.8598,2,LEFT_MI
5193,20.28515625,-2.7423,-2.346,-9.8775,-3.5168,2,LEFT_MI
5194,20.2890625,-0.4312,-7.892,-13.7456,-0.4528,2,LEFT_MI
5195,20.29296875,-0.2305,1.2014,-4.7073,-2.2365,2,LEFT_MI
5196,20.296875,0.2938,-8.3477,-1.5928,4.5239,2,LEFT_MI
5197,20.30078125,-0.9225,-2.868,1.037,10.083,2,LEFT_MI
5198,20.3046875,2.819,2.1391,-0.0158,5.9595,2,LEFT_MI
5199,20.30859375,5.6539,5.164,1.4114,11.7639,2,LEFT_MI
5200,20.3125,6.5522,6.9415,8.0494,5.3218,2,LEFT_MI
5201,20.31640625,7.2881,2.169,9.7509,11.4418,2,LEFT_MI
5202,20.3203125,2.5836,4.9631,0.7287,10.9883,2,LEFT_MI
5203,20.32421875,8.295,5.7324,3.5079,1.4165,2,LEFT_MI
5204,20.328125,7.8722,-1.8915,7.8384,3.2127,2,LEFT_MI
5205,20.33203125,4.499,-1.9302,-0.2253,-7.1888,2,LEFT_MI
5206,20.3359375,-2.4268,0.4942,0.7505,-8.085,2,LEFT_MI
5207,20.33984375,7.2863,-3.0172,1.9775,-5.0806,2,LEFT_MI
5208,20.34375,-3.9368,3.6883,9.2176,-5.9982,2,LEFT_MI
5209,20.34765625,5.3497,3.4243,-1.6229,-5.667,2,LEFT_MI
5210,20.3515625,-1.3838,-0.0158,2.7156,-2.2648,2,LEFT_MI
5211,20.35546875,4.8806,1.3823,3.1582,-1.9292,2,LEFT_MI
5212,20.359375,-3.1146,-4.6314,1.236,-2.8199,2,LEFT_MI
5213,20.36328125,-1.0612,-0.9845,0.613,-0.4056,2,LEFT_MI
5214,20.3671875,-0.7098,3.4299,-3.5782,-4.0515,2,LEFT_MI
5215,20.37109375,-2.8924,0.0502,-8.3916,-6.7444,2,LEFT_MI
5216,20.375,-4.1312,-6.5413,-4.1596,-5.3204,2,LEFT_MI
5217,20.37890625,-8.3747,-2.9827,-3.1657,-0.0272,2,LEFT_MI
5218,20.3828125,-4.9205,1.5781,-10.9033,-0.8342,2,LEFT_MI
5219,20.38671875,-6.6477,-4.8458,-13.4608,-0.7009,2,LEFT_MI
5220,20.390625,-5.2078,-3.4969,-10.1577,0.6353,2,LEFT_MI
5221,20.39453125,-8.7083,-1.0243,-5.001,1.3176,2,LEFT_MI
5222,20.3984375,-4.103,4.8296,-3.8091,8.0614,2,LEFT_MI
5223,20.40234375,0.6963,3.6098,-2.4568,6.723,2,LEFT_MI
5224,20.40625,4.6324,1.4622,0.5374,2.4627,2,LEFT_MI
5225,20.41015625,6.9415,6.6306,0.5317,10.2252,2,LEFT_MI
5226,20.4140625,7.4584,3.4357,4.4506,5.755,2,LEFT_MI
5227,20.41796875,8.6547,1.5844,2.5752,1.0926,2,LEFT_MI
5228,20.421875,5.0193,-0.2515,5.6605,-2.3905,2,LEFT_MI
5229,20.42578125,4.1713,2.2547,6.1618,-2.1229,2,LEFT_MI
5230,20.4296875,0.654,3.4607,4.7136,-0.386,2,LEFT_MI
5231,20.43359375,-2.6318,-3.9404,4.4847,-3.6535,2,LEFT_MI
5232,20.4375,0.0212,-2.8668,4.9134,-10.4755,2,LEFT_MI
5233,20.44140625,-2.5703,-1.3594,6.9669,-2.2848,2,LEFT_MI
5234,20.4453125,4.6349,-5.3429,1.5554,-14.7604,2,LEFT_MI
5235,20.44921875,-0.9516,-2.7956,2.2926,-6.6637,2,LEFT_MI
5236,20.453125,-1.1579,2.0776,2.6466,-4.2232,2,LEFT_MI
5237,20.45703125,0.9747,2.7761,9.4161,-3.146,2,LEFT_MI
5238,20.4609375,1.3292,5.1303,0.2582,3.608,2,LEFT_MI
5239,20.46484375,0.8836,2.2032,-0.8482,-4.0298,2,LEFT_MI
5240,20.46875,-1.6618,-1.2799,-0.1653,3.3756,2,LEFT_MI
5241,20.47265625,-1.0816,2.4213,-3.4607,-1.6515,2,LEFT_MI
5242,20.4765625,-6.7402,-5.0272,-10.9105,-8.5678,2,LEFT_MI
5243,20.48046875,-3.8041,1.2986,-11.4514,-4.6973,2,LEFT_MI
5244,20.484375,-7.0848,-2.1665,-12.5556,0.6187,2,LEFT_MI
5245,20.48828125,-8.9213,-0.2195,-6.6585,4.0532,2,LEFT_MI
5246,20.4921875,-7.9141,-5.2335,-13.474,6.7743,2,LEFT_MI
5247,20.49609375,-4.5082,-5.0388,-8.3837,2.7149,2,LEFT_MI
5248,20.5,-5.3709,-3.3777,-4.0115,6.1548,2,LEFT_MI
5249,20.50390625,5.6217,4.2874,3.8897,6.6095,2,LEFT_MI
5250,20.5078125,6.4776,5.1305,3.5863,5.6611,2,LEFT_MI
5251,20.51171875,5.6924,10.1536,7.6534,6.0224,2,LEFT_MI
5252,20.515625,9.505,1.1977,9.825,10.9971,2,LEFT_MI
5253,20.51953125,11.7228,10.0844,-0.5425,3.5058,2,LEFT_MI
5254,20.5234375,4.1733,0.4171,5.3154,4.6552,2,LEFT_MI
5255,20.52734375,9.8497,-0.9262,9.0452,-1.4687,2,LEFT_MI
5256,20.53125,2.3801,1.8191,2.4441,-1.9437,2,LEFT_MI
5257,20.53515625,2.6395,-2.7065,2.6348,-1.9498,2,LEFT_MI
5258,20.5390625,2.8688,4.1651,3.5301,-7.2857,2,LEFT_MI
5259,20.54296875,5.8572,-2.4328,0.4117,-10.3553,2,LEFT_MI
5260,20.546875,-0.9411,-1.9783,5.3312,-5.3368,2,LEFT_MI
5261,20.55078125,-2.9453,-4.1163,0.6914,-3.5541,2,LEFT_MI
5262,20.5546875,-0.2337,1.4199,6.8912,-9.7188,2,LEFT_MI
5263,20.55859375,-4.537,-0.8747,3.639,-4.8855,2,LEFT_MI
5264,20.5625,-0.6106,-0.842,5.2095,2.4557,2,LEFT_MI
5265,20.56640625,-3.2083,5.0148,2.8022,1.0171,2,LEFT_MI
5266,20.5703125,-3.0095,-3.5694,-4.2678,-5.63,2,LEFT_MI
5267,20.57421875,-1.9721,0.6989,-4.9281,-1.2669,2,LEFT_MI
5268,20.578125,-4.4515,-4.5005,-6.5403,-1.6567,2,LEFT_MI
5269,20.58203125,-6.5216,-2.464,-6.2331,0.4791,2,LEFT_MI
5270,20.5859375,-5.6207,-2.5322,-5.4744,0.3606,2,LEFT_MI
5271,20.58984375,-9.7287,-0.2413,-8.7119,7.7343,2,LEFT_MI
5272,20.59375,-4.6657,4.2732,-7.6824,0.4833,2,LEFT_MI
5273,20.59765625,1.2175,-1.291,-8.3195,7.3548,2,LEFT_MI
5274,20.6015625,4.9983,3.6612,-4.0979,9.5721,2,LEFT_MI
5275,20.60546875,4.3282,3.5194,-3.4966,7.6365,2,LEFT_MI
5276,20.609375,1.9265,0.2105,2.2482,8.0034,2,LEFT_MI
5277,20.61328125,7.7042,6.6044,-1.9973,4.0936,2,LEFT_MI
5278,20.6171875,6.5704,1.7547,3.2603,3.124,2,LEFT_MI
5279,20.62109375,2.1722,0.1176,1.8974,-0.7789,2,LEFT_MI
5280,20.625,3.8506,0.8832,3.4589,-0.6573,2,LEFT_MI
5281,20.62890625,1.8111,-0.2279,6.0784,-4.0631,2,LEFT_MI
5282,20.6328125,1.9283,0.9761,6.3562,-12.9404,2,LEFT_MI
5283,20.63671875,6.9487,-1.578,1.0647,-12.187,2,LEFT_MI
5284,20.640625,-0.0342,-2.275,0.181,-9.7882,2,LEFT_MI
5285,20.64453125,-1.1601,-0.1105,3.695,-5.3902,2,LEFT_MI
5286,20.6484375,3.2523,-9.1695,7.1828,-2.1183,2,LEFT_MI
5287,20.65234375,2.5157,3.7616,0.7824,-3.7677,2,LEFT_MI
5288,20.65625,-0.006,1.3989,0.1264,-5.4744,2,LEFT_MI
5289,20.66015625,3.1352,0.504,5.4333,2.3239,2,LEFT_MI
5290,20.6640625,-2.8385,5.9395,2.902,-0.5579,2,LEFT_MI
5291,20.66796875,-8.2789,-1.5194,-3.723,-5.4705,2,LEFT_MI
5292,20.671875,-6.1941,0.5236,-1.7749,3.339,2,LEFT_MI
5293,20.67578125,-3.3863,-0.9863,-2.0289,0.2665,2,LEFT_MI
5294,20.6796875,-9.4788,-5.5557,-7.0061,13.8034,2,LEFT_MI
5295,20.68359375,-10.9956,-0.5573,-1.687,4.7448,2,LEFT_MI
5296,20.6875,-4.762,-4.5667,-10.6007,2.2877,2,LEFT_MI
5297,20.69140625,-5.9431,-3.8985,-10.1408,3.5946,2,LEFT_MI
5298,20.6953125,-4.3058,-2.9223,-7.909,0.0389,2,LEFT_MI
5299,20.69921875,3.605,1.4137,-11.5595,7.5932,2,LEFT_MI
5300,20.703125,-2.0228,1.5873,0.9059,5.3619,2,LEFT_MI
5301,20.70703125,6.9318,6.4063,-3.5866,3.1218,2,LEFT_MI
5302,20.7109375,-1.384,2.9632,4.0465,0.1145,2,LEFT_MI
5303,20.71484375,3.2444,6.3912,-4.4202,0.5794,2,LEFT_MI
5304,20.71875,4.7499,5.2482,1.1452,-0.5245,2,LEFT_MI
5305,20.72265625,7.3457,2.4845,4.5425,-4.1189,2,LEFT_MI
5306,20.7265625,2.6918,7.2252,-1.129,-9.2199,2,LEFT_MI
5307,20.73046875,0.1328,-1.7718,1.8302,-7.4936,2,LEFT_MI
5308,20.734375,-2.7548,-0.7591,2.2199,-6.6316,2,LEFT_MI
5309,20.73828125,-0.9355,-6.0999,0.3792,-6.3593,2,LEFT_MI
5310,20.7421875,-4.7372,-4.2172,2.7855,-11.5739,2,LEFT_MI
5311,20.74609375,-1.1444,2.1116,2.2692,-6.7234,2,LEFT_MI
5312,20.75,-2.5546,-7.1148,7.4034,-5.0866,2,LEFT_MI
5313,20.75390625,-4.7592,-1.4935,6.5307,-2.167,2,LEFT_MI
5314,20.7578125,2.0954,0.902,4.602,-1.4046,2,LEFT_MI
5315,20.76171875,-2.1069,2.883,1.5962,2.9609,2,LEFT_MI
5316,20.765625,0.1449,1.1666,5.4654,5.9668,2,LEFT_MI
5317,20.76953125,-1.7005,-1.1354,5.8211,8.7614,2,LEFT_MI
5318,20.7734375,-2.8612,-4.6218,-5.332,14.9096,2,LEFT_MI
5319,20.77734375,-9.7283,-6.3165,-10.1936,1.9445,2,LEFT_MI
5320,20.78125,-4.3187,2.1724,-6.9481,5.0662,2,LEFT_MI
5321,20.78515625,-5.0659,-5.0506,-9.7502,4.5265,2,LEFT_MI
5322,20.7890625,-7.6292,-2.6675,-8.3203,-0.2873,2,LEFT_MI
5323,20.79296875,-1.279,-1.9476,-7.2909,1.9482,2,LEFT_MI
5324,20.796875,-3.0274,1.0454,-8.426,4.2018,2,LEFT_MI
5325,20.80078125,2.8102,4.1675,-7.8983,9.5604,2,LEFT_MI
5326,20.8046875,8.7065,5.1009,-3.5365,0.9671,2,LEFT_MI
5327,20.80859375,3.9625,3.3504,-3.9728,6.9689,2,LEFT_MI
5328,20.8125,5.8246,6.1698,2.2225,6.9582,2,LEFT_MI
5329,20.81640625,6.3026,2.1392,6.3759,-0.7571,2,LEFT_MI
5330,20.8203125,6.0822,4.1546,-0.0438,-4.9098,2,LEFT_MI
5331,20.82421875,3.9781,1.5758,1.8711,-6.2428,2,LEFT_MI
5332,20.828125,-1.157,-0.5095,0.4512,-8.2839,2,LEFT_MI
5333,20.83203125,2.6893,2.0318,3.0175,-10.9927,2,LEFT_MI
5334,20.8359375,3.2217,-7.2959,6.8823,-8.9819,2,LEFT_MI
5335,20.83984375,2.6989,-4.3268,-0.666,-5.7667,2,LEFT_MI
5336,20.84375,2.0331,-1.5961,2.9156,-2.072,2,LEFT_MI
5337,20.84765625,-4.8525,-3.9819,5.6323,-3.4837,2,LEFT_MI
5338,20.8515625,1.9531,-3.5398,5.6083,0.598,2,LEFT_MI
5339,20.85546875,-3.1691,4.126,6.4948,-0.0989,2,LEFT_MI
5340,20.859375,-4.0159,-5.01,2.4876,4.5439,2,LEFT_MI
5341,20.86328125,0.8057,2.5861,4.2658,3.4551,2,LEFT_MI
5342,20.8671875,3.6132,0.8566,2.9176,8.3856,2,LEFT_MI
5343,20.87109375,-7.6002,2.8149,3.4443,9.3622,2,LEFT_MI
5344,20.875,-6.5983,0.6342,-1.9571,2.1273,2,LEFT_MI
5345,20.87890625,-4.3946,-0.5212,-10.9618,4.1049,2,LEFT_MI
5346,20.8828125,-7.1963,-1.6764,-8.6621,1.454,2,LEFT_MI
5347,20.88671875,-6.0549,0.5689,-12.1696,1.9212,2,LEFT_MI
5348,20.890625,-8.865,-2.349,-11.7526,3.2751,2,LEFT_MI
5349,20.89453125,-3.0651,-3.5602,-8.735,2.4032,2,LEFT_MI
5350,20.8984375,1.382,-2.4451,-5.854,3.3455,2,LEFT_MI
5351,20.90234375,1.4742,4.4031,-5.1507,-0.5451,2,LEFT_MI
5352,20.90625,7.9265,2.0263,-5.5901,0.0266,2,LEFT_MI
5353,20.91015625,3.7816,9.4701,3.0216,-0.5887,2,LEFT_MI
5354,20.9140625,4.771,7.6296,2.6015,-1.1487,2,LEFT_MI
5355,20.91796875,6.5178,5.5,1.0775,2.9094,2,LEFT_MI
5356,20.921875,3.5279,4.8165,4.1582,-0.6491,2,LEFT_MI
5357,20.92578125,8.1318,-1.1641,1.1171,-5.3073,2,LEFT_MI
5358,20.9296875,5.075,-0.26,3.3518,-12.3583,2,LEFT_MI
5359,20.93359375,5.0948,4.301,3.4171,-12.1576,2,LEFT_MI
5360,20.9375,3.1048,-4.579,-0.2216,-8.0101,2,LEFT_MI
5361,20.94140625,-4.0492,4.9313,3.5272,-9.5636,2,LEFT_MI
5362,20.9453125,1.9638,1.292,0.9665,-4.1877,2,LEFT_MI
5363,20.94921875,-3.147,1.0401,9.3622,0.3671,2,LEFT_MI
5364,20.953125,2.3225,-3.1471,3.8114,3.2454,2,LEFT_MI
5365,20.95703125,-1.1903,-2.1037,8.5301,2.4399,2,LEFT_MI
5366,20.9609375,-5.2355,-5.4831,7.1198,13.9113,2,LEFT_MI
5367,20.96484375,0.6504,-0.6549,1.7958,9.05,2,LEFT_MI
5368,20.96875,-4.0539,-0.09,5.6612,4.6896,2,LEFT_MI
5369,20.97265625,-5.6913,-3.3105,1.7381,7.8355,2,LEFT_MI
5370,20.9765625,-5.4309,-4.6941,-6.3748,10.8126,2,LEFT_MI
5371,20.98046875,-2.5093,3.708,-2.668,1.6029,2,LEFT_MI
5372,20.984375,-12.3196,-7.7441,-3.4595,5.2148,2,LEFT_MI
5373,20.98828125,-2.4085,1.3845,-8.0145,-1.2175,2,LEFT_MI
5374,20.9921875,-7.1774,-2.4718,-10.5829,4.4172,2,LEFT_MI
5375,20.99609375,-4.9097,4.8611,-11.8243,4.7991,2,LEFT_MI
5376,21.0,0.9751,0.4654,-2.6089,-0.7659,2,LEFT_MI
5377,21.00390625,0.8803,0.7953,-3.9448,-0.488,2,LEFT_MI
5378,21.0078125,3.0761,3.1349,0.8587,-0.6589,2,LEFT_MI
5379,21.01171875,2.7444,5.1723,1.9528,-3.9094,2,LEFT_MI
5380,21.015625,8.9651,3.4739,2.8365,-6.7173,2,LEFT_MI
5381,21.01953125,5.5976,3.8012,-0.6523,-2.882,2,LEFT_MI
5382,21.0234375,11.918,2.595,0.8721,-4.6264,2,LEFT_MI
5383,21.02734375,1.1378,-0.1168,-0.6997,-2.686,2,LEFT_MI
5384,21.03125,5.7481,1.2524,1.6993,-6.1719,2,LEFT_MI
5385,21.03515625,3.3356,-10.338,4.8974,-5.3168,2,LEFT_MI
5386,21.0390625,0.5447,-1.7609,3.6155,-3.7878,2,LEFT_MI
5387,21.04296875,-1.7223,-4.3924,0.4963,-4.5513,2,LEFT_MI
5388,21.046875,-4.6829,-2.4882,6.4413,3.5018,2,LEFT_MI
5389,21.05078125,-0.5198,1.1163,8.6396,0.6052,2,LEFT_MI
5390,21.0546875,0.4248,2.4234,10.3632,6.3119,2,LEFT_MI
5391,21.05859375,3.4241,-1.4017,9.5627,4.2523,2,LEFT_MI
5392,21.0625,-0.3056,4.1667,3.6684,8.2367,2,LEFT_MI
5393,21.06640625,-2.4893,-0.9483,9.3337,11.7169,2,LEFT_MI
5394,21.0703125,-2.3543,1.3436,-0.6633,8.2251,2,LEFT_MI
5395,21.07421875,-4.8255,5.4149,-2.7682,4.54,2,LEFT_MI
5396,21.078125,-5.5893,-3.8155,-6.4623,1.8872,2,LEFT_MI
5397,21.08203125,-11.4062,-3.6198,-7.1372,0.9481,2,LEFT_MI
5398,21.0859375,-6.4869,-6.0109,-8.0533,0.7955,2,LEFT_MI
5399,21.08984375,-5.5032,-2.1627,-9.2152,4.6515,2,LEFT_MI
5400,21.09375,-5.751,-6.0964,-17.9056,-3.5762,2,LEFT_MI
5401,21.09765625,3.6607,1.683,-8.1192,0.8902,2,LEFT_MI
5402,21.1015625,-0.3708,1.0117,-7.288,-3.1885,2,LEFT_MI
5403,21.10546875,0.4709,4.8192,-5.115,-2.3963,2,LEFT_MI
5404,21.109375,4.3014,2.5741,-5.0913,-2.0312,2,LEFT_MI
5405,21.11328125,7.1344,6.2547,-0.2387,1.3436,2,LEFT_MI
5406,21.1171875,3.7766,2.9776,0.2628,-6.8177,2,LEFT_MI
5407,21.12109375,2.4352,-0.1612,0.4214,-4.1852,2,LEFT_MI
5408,21.125,1.1002,0.2462,-0.2883,-8.4599,2,LEFT_MI
5409,21.12890625,2.6944,1.4297,0.5402,-11.417,2,LEFT_MI
5410,21.1328125,0.3837,1.0707,1.8578,-7.0683,2,LEFT_MI
5411,21.13671875,-4.9044,-3.7151,0.0424,-1.9974,2,LEFT_MI
5412,21.140625,-6.1278,-12.3936,8.1094,-2.5414,2,LEFT_MI
5413,21.14453125,2.2086,-5.1096,1.8261,-1.1114,2,LEFT_MI
5414,21.1484375,-0.7922,4.0866,6.3071,1.1323,2,LEFT_MI
5415,21.15234375,-0.9983,-1.4938,5.9116,6.3442,2,LEFT_MI
5416,21.15625,1.5598,-0.0688,9.6934,9.018,2,LEFT_MI
5417,21.16015625,3.7822,1.8544,7.5923,8.9735,2,LEFT_MI
5418,21.1640625,-4.046,-4.4095,2.6025,8.8034,2,LEFT_MI
5419,21.16796875,-4.0346,-1.5966,0.8853,12.7073,2,LEFT_MI
5420,21.171875,-2.103,1.7777,3.1955,5.8294,2,LEFT_MI
5421,21.17578125,-5.6621,0.3211,2.9584,3.7201,2,LEFT_MI
5422,21.1796875,-9.5883,-2.3759,-5.3355,-3.4002,2,LEFT_MI
5423,21.18359375,-12.6677,-0.0225,-2.984,-4.3284,2,LEFT_MI
5424,21.1875,-3.8404,-1.7127,-4.0037,0.3361,2,LEFT_MI
5425,21.19140625,-3.4967,1.3553,-17.0435,-3.8253,2,LEFT_MI
5426,21.1953125,-5.3814,-3.5144,-3.613,-4.7532,2,LEFT_MI
5427,21.19921875,-5.994,7.6949,-5.9088,-2.6567,2,LEFT_MI
5428,21.203125,4.9747,9.7811,-6.2221,-7.2401,2,LEFT_MI
5429,21.20703125,10.1836,8.3771,-5.2951,3.0482,2,LEFT_MI
5430,21.2109375,8.7047,4.3398,4.1522,-3.183,2,LEFT_MI
5431,21.21484375,7.4418,0.0082,-0.7896,-4.2475,2,LEFT_MI
5432,21.21875,9.0577,6.6114,-2.3614,-4.3646,2,LEFT_MI
5433,21.22265625,12.2556,3.3536,3.0043,-5.4757,2,LEFT_MI
5434,21.2265625,3.1037,-2.3284,-2.0532,-1.3654,2,LEFT_MI
5435,21.23046875,-2.7595,-2.7322,-1.3766,-2.5446,2,LEFT_MI
5436,21.234375,2.9832,-2.3769,1.9374,-3.4087,2,LEFT_MI
5437,21.23828125,5.4622,-6.2441,5.3923,-7.9309,2,LEFT_MI
5438,21.2421875,1.9225,-1.3553,3.9445,-2.2742,2,LEFT_MI
5439,21.24609375,-0.3238,0.4989,4.2173,5.2715,2,LEFT_MI
5440,21.25,3.1877,-2.5868,5.5902,4.1589,2,LEFT_MI
5441,21.25390625,-3.6038,4.9506,12.3326,3.4567,2,LEFT_MI
5442,21.2578125,-8.614,1.5536,2.8179,10.3762,2,LEFT_MI
5443,21.26171875,2.3736,2.7899,8.8096,12.5757,2,LEFT_MI
5444,21.265625,-1.9322,5.0932,2.4949,6.5835,2,LEFT_MI
5445,21.26953125,-1.9192,0.7776,7.0092,5.9551,2,LEFT_MI
5446,21.2734375,-3.0936,-1.7593,1.6954,4.8715,2,LEFT_MI
5447,21.27734375,-6.1582,1.5992,2.0943,-0.002,2,LEFT_MI
5448,21.28125,-8.3642,4.4792,-6.2628,-1.7095,2,LEFT_MI
5449,21.28515625,-10.5023,-4.0679,-8.6823,0.2902,2,LEFT_MI
5450,21.2890625,-3.8557,-4.4125,-2.6292,-7.8213,2,LEFT_MI
5451,21.29296875,-2.6711,-4.5736,-3.8344,-3.9149,2,LEFT_MI
5452,21.296875,-7.5891,-3.239,-2.4955,-2.6888,2,LEFT_MI
5453,21.30078125,-2.9986,4.9996,-5.2776,-4.1155,2,LEFT_MI
5454,21.3046875,4.337,10.2351,-11.5193,-1.9349,2,LEFT_MI
5455,21.30859375,6.8418,5.2181,-6.9768,-0.5337,2,LEFT_MI
5456,21.3125,5.4889,6.6774,3.1452,-3.2638,2,LEFT_MI
5457,21.31640625,11.5737,1.1725,3.0886,-3.2134,2,LEFT_MI
5458,21.3203125,7.4453,1.1441,1.1161,1.4884,2,LEFT_MI
5459,21.32421875,9.9711,1.2522,-1.0903,-6.161,2,LEFT_MI
5460,21.328125,4.7757,-2.3513,-4.44,2.7722,2,LEFT_MI
5461,21.33203125,3.0205,-1.5413,-5.1941,-1.3758,2,LEFT_MI
5462,21.3359375,4.7083,-2.2231,2.2581,-3.7475,2,LEFT_MI
5463,21.33984375,3.0734,0.4664,2.4071,-6.1145,2,LEFT_MI
5464,21.34375,-1.3502,-5.558,0.6174,0.8971,2,LEFT_MI
5465,21.34765625,0.2,-1.9456,7.3003,9.008,2,LEFT_MI
5466,21.3515625,0.1549,-3.3498,6.9431,2.0822,2,LEFT_MI
5467,21.35546875,7.7902,-4.0208,7.5682,7.65,2,LEFT_MI
5468,21.359375,5.6977,3.6908,9.2114,6.4771,2,LEFT_MI
5469,21.36328125,-6.0742,-2.4103,9.5331,9.4063,2,LEFT_MI
5470,21.3671875,-2.9562,2.6919,5.4682,7.6339,2,LEFT_MI
5471,21.37109375,-3.0033,0.4275,5.3618,3.1566,2,LEFT_MI
5472,21.375,-9.7856,-4.6352,0.2042,2.9353,2,LEFT_MI
5473,21.37890625,-10.6492,1.4751,0.8887,4.9323,2,LEFT_MI
5474,21.3828125,-8.4019,2.3488,-8.5115,-2.4591,2,LEFT_MI
5475,21.38671875,-8.4549,-0.5938,-6.0108,-2.2607,2,LEFT_MI
5476,21.390625,-1.4181,-2.8306,-7.4003,-7.0697,2,LEFT_MI
5477,21.39453125,-6.8234,-2.3013,-9.0954,-6.984,2,LEFT_MI
5478,21.3984375,-1.2147,-0.3032,-9.8286,-7.7139,2,LEFT_MI
5479,21.40234375,-3.2025,-0.2114,-5.1791,-1.1095,2,LEFT_MI
5480,21.40625,5.257,-1.7562,8.7987,-4.6316,2,LEFT_MI
5481,21.41015625,1.8923,4.1458,-3.4065,-4.2131,2,LEFT_MI
5482,21.4140625,3.9095,7.0472,-2.0024,-2.5823,2,LEFT_MI
5483,21.41796875,2.057,5.6001,-2.9859,-4.9738,2,LEFT_MI
5484,21.421875,4.2055,2.2434,4.2647,-1.5898,2,LEFT_MI
5485,21.42578125,7.5957,-1.8548,-2.7248,-4.4053,2,LEFT_MI
5486,21.4296875,2.5025,-5.8247,-6.5243,-3.1757,2,LEFT_MI
5487,21.43359375,1.1901,-1.2957,0.3941,6.4373,2,LEFT_MI
5488,21.4375,-2.6559,-4.5142,-0.8122,-2.7796,2,LEFT_MI
5489,21.44140625,-3.6609,-8.0437,0.4621,-0.1958,2,LEFT_MI
5490,21.4453125,-4.0222,0.2618,0.108,5.9644,2,LEFT_MI
5491,21.44921875,1.7406,-4.5127,6.2679,5.1281,2,LEFT_MI
5492,21.453125,1.8378,1.5293,11.7467,6.5654,2,LEFT_MI
5493,21.45703125,0.5818,4.2187,6.4335,8.0956,2,LEFT_MI
5494,21.4609375,4.7589,0.9098,9.3019,6.611,2,LEFT_MI
5495,21.46484375,-8.1653,1.0026,9.8158,11.6446,2,LEFT_MI
5496,21.46875,-5.0936,-3.2702,3.4465,4.7102,2,LEFT_MI
5497,21.47265625,-8.0212,8.1192,3.1888,1.7184,2,LEFT_MI
5498,21.4765625,-3.2961,-1.241,0.414,-1.6662,2,LEFT_MI
5499,21.48046875,-8.5768,-3.333,0.0358,0.1352,2,LEFT_MI
5500,21.484375,-8.3127,-0.7208,-3.1498,-5.302,2,LEFT_MI
5501,21.48828125,-8.2931,-4.1486,1.8927,-8.6345,2,LEFT_MI
5502,21.4921875,-7.4643,-3.8137,-5.8889,-10.4165,2,LEFT_MI
5503,21.49609375,-2.366,0.3448,-6.1425,-10.2461,2,LEFT_MI
5504,21.5,0.7744,-3.7147,-9.1105,-3.0784,2,LEFT_MI
5505,21.50390625,2.7359,4.6294,5.3627,-0.5241,2,LEFT_MI
5506,21.5078125,6.236,1.2851,-1.0742,-6.1329,2,LEFT_MI
5507,21.51171875,1.2862,3.7428,-0.8396,-3.2037,2,LEFT_MI
5508,21.515625,9.6651,9.0254,1.2227,0.2373,2,LEFT_MI
5509,21.51953125,5.9026,0.33,2.5858,4.6611,2,LEFT_MI
5510,21.5234375,5.4305,2.9582,3.1294,5.804,2,LEFT_MI
5511,21.52734375,5.64,-1.1701,1.5798,-2.9625,2,LEFT_MI
5512,21.53125,4.561,-4.1839,4.8739,2.0603,2,LEFT_MI
5513,21.53515625,3.3234,-8.9815,-0.3909,3.0527,2,LEFT_MI
5514,21.5390625,6.0658,-2.236,-4.227,-0.7887,2,LEFT_MI
5515,21.54296875,1.2858,0.0593,5.8045,3.1806,2,LEFT_MI
5516,21.546875,4.0455,-4.1141,3.7992,1.4996,2,LEFT_MI
5517,21.55078125,-3.3863,3.3828,9.5993,9.0804,2,LEFT_MI
5518,21.5546875,1.7238,0.236,8.0052,2.7429,2,LEFT_MI
5519,21.55859375,1.9117,9.4342,8.95,9.2014,2,LEFT_MI
5520,21.5625,-0.2869,-4.6709,10.326,10.1838,2,LEFT_MI
5521,21.56640625,-7.211,0.4436,6.2243,2.2488,2,LEFT_MI
5522,21.5703125,-4.1843,0.107,3.8489,0.8674,2,LEFT_MI
5523,21.57421875,-1.3037,0.0178,-0.4337,-6.1331,2,LEFT_MI
5524,21.578125,-10.133,0.9179,-3.3666,-7.9346,2,LEFT_MI
5525,21.58203125,-6.7697,0.6154,-4.8394,-9.7617,2,LEFT_MI
5526,21.5859375,-11.2746,-3.6719,-6.3866,-6.8091,2,LEFT_MI
5527,21.58984375,-6.9938,-2.533,-2.8404,-7.8706,2,LEFT_MI
5528,21.59375,-3.4501,4.4734,-10.544,-10.251,2,LEFT_MI
5529,21.59765625,-0.5901,0.5915,-7.2099,-10.4602,2,LEFT_MI
5530,21.6015625,-4.1162,5.726,-8.6962,-9.6806,2,LEFT_MI
5531,21.60546875,0.1685,-1.6362,-2.3508,-3.9571,2,LEFT_MI
5532,21.609375,9.3182,-0.0123,-5.0325,-4.0132,2,LEFT_MI
5533,21.61328125,8.2414,-1.3026,-4.9884,1.9951,2,LEFT_MI
5534,21.6171875,11.4624,3.9714,-5.95,0.7195,2,LEFT_MI
5535,21.62109375,8.3671,4.2518,-6.9755,4.5789,2,LEFT_MI
5536,21.625,6.7545,2.4775,-2.2927,5.6467,2,LEFT_MI
5537,21.62890625,9.9027,-0.4279,-2.4373,2.6658,2,LEFT_MI
5538,21.6328125,4.2161,-2.7992,-3.577,5.3537,2,LEFT_MI
5539,21.63671875,5.706,-6.0841,-1.6315,4.6022,2,LEFT_MI
5540,21.640625,2.9886,-2.4814,1.5076,1.1613,2,LEFT_MI
5541,21.64453125,4.503,0.7198,3.2253,9.5797,2,LEFT_MI
5542,21.6484375,-2.2105,-1.88,5.2231,5.6189,2,LEFT_MI
5543,21.65234375,-0.3569,-0.3686,-0.5818,6.1312,2,LEFT_MI
5544,21.65625,-2.7626,5.5117,9.6148,7.2293,2,LEFT_MI
5545,21.66015625,-2.2581,1.7523,13.788,6.9776,2,LEFT_MI
5546,21.6640625,-2.6088,3.3834,6.9006,1.3747,2,LEFT_MI
5547,21.66796875,-1.3754,2.8158,-0.3494,-2.7111,2,LEFT_MI
5548,21.671875,-5.1037,-0.2263,8.0093,-1.4455,2,LEFT_MI
5549,21.67578125,-12.2527,-1.5389,2.5168,-5.8359,2,LEFT_MI
5550,21.6796875,-6.3045,-3.8244,-1.5384,-7.6421,2,LEFT_MI
5551,21.68359375,-3.4846,4.8113,-1.318,-11.1171,2,LEFT_MI
5552,21.6875,-3.4319,-2.752,-8.4792,-7.0622,2,LEFT_MI
5553,21.69140625,-7.4431,0.128,-8.0214,-1.2648,2,LEFT_MI
5554,21.6953125,2.0356,2.4243,-8.7132,-2.9763,2,LEFT_MI
5555,21.69921875,0.232,1.0218,-6.918,-3.9677,2,LEFT_MI
5556,21.703125,7.1531,3.4117,-3.9891,-3.1712,2,LEFT_MI
5557,21.70703125,5.5389,7.1764,-4.4837,3.9979,2,LEFT_MI
5558,21.7109375,6.7647,8.8811,-7.8604,0.9814,2,LEFT_MI
5559,21.71484375,8.1452,0.9898,-2.0725,0.5331,2,LEFT_MI
5560,21.71875,3.4094,0.4086,-3.2968,6.5136,2,LEFT_MI
5561,21.72265625,9.1951,-0.2355,-9.1092,3.2127,2,LEFT_MI
5562,21.7265625,7.3082,-3.0687,-2.1734,6.1125,2,LEFT_MI
5563,21.73046875,7.7277,-3.2608,-6.1906,1.7316,2,LEFT_MI
5564,21.734375,3.0488,-0.3214,-11.5307,1.8013,2,LEFT_MI
5565,21.73828125,5.1205,-9.4194,2.7604,-0.5799,2,LEFT_MI
5566,21.7421875,0.0004,-6.8556,-4.3678,6.8538,2,LEFT_MI
5567,21.74609375,-6.5112,-4.5073,2.7339,4.8128,2,LEFT_MI
5568,21.75,-2.978,-4.2367,-1.1082,4.3757,2,LEFT_MI
5569,21.75390625,4.296,5.4606,13.0954,7.3373,2,LEFT_MI
5570,21.7578125,-2.418,5.4413,9.6393,5.6465,2,LEFT_MI
5571,21.76171875,-4.1017,2.8226,6.6652,3.2353,2,LEFT_MI
5572,21.765625,0.3907,3.1926,8.9015,4.3071,2,LEFT_MI
5573,21.76953125,-1.1004,-2.6155,3.5382,1.774,2,LEFT_MI
5574,21.7734375,-2.675,0.0836,7.7585,1.2728,2,LEFT_MI
5575,21.77734375,-7.151,-10.0105,-1.392,-3.6441,2,LEFT_MI
5576,21.78125,-8.8294,-2.394,2.3547,-5.7953,2,LEFT_MI
5577,21.78515625,-10.109,-2.9902,-1.714,-6.4809,2,LEFT_MI
5578,21.7890625,-4.6722,3.9434,-9.0344,-10.6845,2,LEFT_MI
5579,21.79296875,-4.1742,-1.0481,-5.478,-10.2128,2,LEFT_MI
5580,21.796875,-0.4761,1.8327,-7.8266,-5.5809,2,LEFT_MI
5581,21.80078125,3.336,-4.8447,-2.2446,-0.2125,2,LEFT_MI
5582,21.8046875,5.0167,-1.5606,-3.2542,3.3273,2,LEFT_MI
5583,21.80859375,3.5365,7.3888,-6.095,3.3965,2,LEFT_MI
5584,21.8125,4.614,3.175,7.207,7.5639,2,LEFT_MI
5585,21.81640625,7.4946,2.8153,-4.3377,6.3928,2,LEFT_MI
5586,21.8203125,4.0924,0.0288,-6.2654,10.2894,2,LEFT_MI
5587,21.82421875,8.1141,3.0393,-0.7175,6.3906,2,LEFT_MI
5588,21.828125,7.7024,-6.3651,-2.385,7.0964,2,LEFT_MI
5589,21.83203125,7.0877,-5.6316,-5.9733,6.2341,2,LEFT_MI
5590,21.8359375,2.0373,0.0582,-5.6712,6.835,2,LEFT_MI
5591,21.83984375,8.4209,0.2908,0.8262,2.8333,2,LEFT_MI
5592,21.84375,3.2316,-6.3834,6.0499,6.2967,2,LEFT_MI
5593,21.84765625,-3.8588,-8.9151,-0.784,9.3671,2,LEFT_MI
5594,21.8515625,1.4372,-2.7658,9.8887,4.5884,2,LEFT_MI
5595,21.85546875,5.6679,0.1177,3.3881,2.1557,2,LEFT_MI
5596,21.859375,-3.8686,-0.5704,10.8035,3.3006,2,LEFT_MI
5597,21.86328125,1.6735,6.5238,6.7107,-2.4654,2,LEFT_MI
5598,21.8671875,-4.9757,5.3286,10.5081,0.524,2,LEFT_MI
5599,21.87109375,-2.5521,-2.4784,4.9747,-1.2951,2,LEFT_MI
5600,21.875,-5.2309,-4.0956,8.8625,-7.0065,2,LEFT_MI
5601,21.87890625,-9.5803,2.1931,-3.8283,-4.0819,2,LEFT_MI
5602,21.8828125,-6.9355,-3.2732,-0.4049,-10.1309,2,LEFT_MI
5603,21.88671875,-9.997,-2.7807,-0.6587,-2.1698,2,LEFT_MI
5604,21.890625,-4.2464,-2.5841,-11.8101,-7.6239,2,LEFT_MI
5605,21.89453125,-1.166,-2.1857,-6.1608,-7.9964,2,LEFT_MI
5606,21.8984375,-2.568,-0.3986,-8.2419,-0.7548,2,LEFT_MI
5607,21.90234375,5.18,-2.6617,-4.9306,-0.3555,2,LEFT_MI
5608,21.90625,9.3076,3.5491,-4.9501,1.4737,2,LEFT_MI
5609,21.91015625,5.3446,4.9516,-5.5101,9.373,2,LEFT_MI
5610,21.9140625,10.9021,2.647,-2.5153,2.4882,2,LEFT_MI
5611,21.91796875,10.9647,2.6328,-6.0219,6.2101,2,LEFT_MI
5612,21.921875,6.1559,-1.8452,-3.642,8.5376,2,LEFT_MI
5613,21.92578125,3.8296,-6.3552,-1.6934,5.1866,2,LEFT_MI
5614,21.9296875,-3.6739,-6.385,-4.1034,-1.6299,2,LEFT_MI
5615,21.93359375,3.5031,-4.2316,-3.1086,1.2797,2,LEFT_MI
5616,21.9375,3.3105,-8.0181,0.0834,0.4517,2,LEFT_MI
5617,21.94140625,0.6599,-5.0022,-3.4753,6.6994,2,LEFT_MI
5618,21.9453125,0.5593,-1.2256,6.6777,-1.99,2,LEFT_MI
5619,21.94921875,0.4683,5.8274,-2.0236,-0.3118,2,LEFT_MI
5620,21.953125,-4.5776,0.7276,0.563,-2.8094,2,LEFT_MI
5621,21.95703125,2.2009,4.2143,4.4025,6.2963,2,LEFT_MI
5622,21.9609375,0.1663,2.9271,9.0888,-3.6938,2,LEFT_MI
5623,21.96484375,0.0073,4.1717,9.817,2.1471,2,LEFT_MI
5624,21.96875,0.706,-5.0963,6.1964,-3.6998,2,LEFT_MI
5625,21.97265625,-8.5117,0.9039,7.6058,-5.8546,2,LEFT_MI
5626,21.9765625,-5.2692,6.1717,4.5072,-2.9745,2,LEFT_MI
5627,21.98046875,-10.2124,-0.1204,5.0829,-9.2371,2,LEFT_MI
5628,21.984375,-8.0541,2.9999,-3.3573,-3.0695,2,LEFT_MI
5629,21.98828125,-7.7708,-2.633,2.2358,-4.5476,2,LEFT_MI
5630,21.9921875,-7.8949,2.22,-5.1925,-1.7871,2,LEFT_MI
5631,21.99609375,-8.323,-0.9532,0.6313,0.785,2,LEFT_MI
5632,22.0,2.4889,-2.8724,-2.2089,-2.4273,2,LEFT_MI
5633,22.00390625,2.844,3.2001,1.7339,2.8709,2,LEFT_MI
5634,22.0078125,3.2602,-4.0175,-6.7126,4.1592,2,LEFT_MI
5635,22.01171875,13.1785,0.7306,-3.2092,13.377,2,LEFT_MI
5636,22.015625,10.5292,2.144,-5.2521,1.5901,2,LEFT_MI
5637,22.01953125,7.3525,-0.0704,-5.1417,6.1288,2,LEFT_MI
5638,22.0234375,4.0533,-5.648,-2.0978,4.127,2,LEFT_MI
5639,22.02734375,5.0369,-2.2914,-5.0165,0.7646,2,LEFT_MI
5640,22.03125,0.4953,-6.019,-5.9754,1.8506,2,LEFT_MI
5641,22.03515625,0.5089,-7.0714,-5.2554,-0.2035,2,LEFT_MI
5642,22.0390625,4.3014,-4.8886,-0.2595,-3.5219,2,LEFT_MI
5643,22.04296875,-2.4854,-9.4762,-1.9467,-1.6052,2,LEFT_MI
5644,22.046875,0.0915,4.2898,-2.9177,-4.4432,2,LEFT_MI
5645,22.05078125,4.5829,-2.8703,1.588,-3.7715,2,LEFT_MI
5646,22.0546875,-3.5785,1.0395,7.6122,-1.4111,2,LEFT_MI
5647,22.05859375,-1.5461,7.3684,9.7344,-3.1573,2,LEFT_MI
5648,22.0625,-0.2873,6.0787,7.587,-0.7402,2,LEFT_MI
5649,22.06640625,-5.72,5.2497,7.9839,-11.0352,2,LEFT_MI
5650,22.0703125,-2.8209,3.385,7.9248,-2.269,2,LEFT_MI
5651,22.07421875,-10.5598,6.4716,5.3688,-9.2629,2,LEFT_MI
5652,22.078125,-8.3006,3.2888,-0.8572,-9.0455,2,LEFT_MI
5653,22.08203125,-4.3284,-0.4931,1.9915,-5.1873,2,LEFT_MI
5654,22.0859375,-8.7584,-5.4839,2.6515,-7.3153,2,LEFT_MI
5655,22.08984375,-3.8781,-3.9138,0.6886,-6.1618,2,LEFT_MI
5656,22.09375,-0.5274,3.3352,0.4146,0.6179,2,LEFT_MI
5657,22.09765625,-3.7162,4.8613,-4.4643,-0.6047,2,LEFT_MI
5658,22.1015625,0.8136,3.1751,-0.0645,0.0991,2,LEFT_MI
5659,22.10546875,0.4217,2.778,-2.67,6.6852,2,LEFT_MI
5660,22.109375,6.2495,1.1075,-3.2567,5.9529,2,LEFT_MI
5661,22.11328125,10.3049,-4.3643,-0.8094,10.0475,2,LEFT_MI
5662,22.1171875,0.3748,1.9771,1.215,9.2623,2,LEFT_MI
5663,22.12109375,7.266,1.353,-4.6433,11.5221,2,LEFT_MI
5664,22.125,1.688,-4.4915,-0.597,4.9451,2,LEFT_MI
5665,22.12890625,0.0015,-1.5504,-8.047,0.8958,2,LEFT_MI
5666,22.1328125,9.7234,-6.8826,-5.6885,5.6385,2,LEFT_MI
5667,22.13671875,-1.2133,0.9448,-4.6252,-4.2114,2,LEFT_MI
5668,22.140625,0.8542,-5.9068,-3.8141,-2.8994,2,LEFT_MI
5669,22.14453125,0.2542,-3.4716,-6.4874,-2.247,2,LEFT_MI
5670,22.1484375,1.7339,-1.6041,0.9981,-8.1977,2,LEFT_MI
5671,22.15234375,-4.7631,1.5307,-1.508,-7.9924,2,LEFT_MI
5672,22.15625,0.2063,0.1354,8.1495,-3.9989,2,LEFT_MI
5673,22.16015625,0.249,6.1505,6.1835,-2.5639,2,LEFT_MI
5674,22.1640625,-1.8646,3.6782,12.6112,-2.871,2,LEFT_MI
5675,22.16796875,2.3573,4.1261,6.8465,-6.568,2,LEFT_MI
5676,22.171875,-6.0431,-0.2767,0.0686,-2.5591,2,LEFT_MI
5677,22.17578125,-0.3777,3.0964,4.128,-7.0407,2,LEFT_MI
5678,22.1796875,-8.648,-0.0248,-0.34,-4.6288,2,LEFT_MI
5679,22.18359375,-7.5724,-4.8514,2.4096,-9.7558,2,LEFT_MI
5680,22.1875,-5.5906,-6.165,5.4837,-3.3584,2,LEFT_MI
5681,22.19140625,-5.9039,-4.7052,-4.1027,-1.3948,2,LEFT_MI
5682,22.1953125,-4.2271,1.3732,2.3304,6.2719,2,LEFT_MI
5683,22.19921875,-2.2466,0.0317,-3.9904,4.8882,2,LEFT_MI
5684,22.203125,2.3943,-1.0846,-3.2935,7.3936,2,LEFT_MI
5685,22.20703125,6.186,0.5939,-7.1778,8.7342,2,LEFT_MI
5686,22.2109375,6.6865,-4.2164,3.7789,6.9344,2,LEFT_MI
5687,22.21484375,7.4362,9.8402,0.017,6.729,2,LEFT_MI
5688,22.21875,9.1008,5.1858,0.6017,16.8168,2,LEFT_MI
5689,22.22265625,11.5978,-0.1864,-5.1395,3.8722,2,LEFT_MI
5690,22.2265625,2.2924,-2.7957,-3.5508,3.2453,2,LEFT_MI
5691,22.23046875,5.8754,-2.8904,-3.9284,1.6698,2,LEFT_MI
5692,22.234375,0.2888,-5.4275,-9.9291,-5.0603,2,LEFT_MI
5693,22.23828125,0.1649,-8.3448,-7.0509,-3.2497,2,LEFT_MI
5694,22.2421875,-1.3001,-6.4647,-3.327,-1.3554,2,LEFT_MI
5695,22.24609375,1.898,-10.6353,-5.876,-4.1059,2,LEFT_MI
5696,22.25,-3.2559,0.4029,5.8398,-2.6172,2,LEFT_MI
5697,22.25390625,-1.6477,-0.9937,5.1663,2.1876,2,LEFT_MI
5698,22.2578125,1.7416,6.5602,5.5108,2.2899,2,LEFT_MI
5699,22.26171875,-2.6003,4.2917,4.9558,2.1791,2,LEFT_MI
5700,22.265625,-6.1384,3.2647,5.9081,-3.468,2,LEFT_MI
5701,22.26953125,-5.1348,4.4701,10.4783,-2.9258,2,LEFT_MI
5702,22.2734375,-8.8556,8.8785,7.9826,-6.5529,2,LEFT_MI
5703,22.27734375,-9.2644,1.2348,8.4663,-4.4291,2,LEFT_MI
5704,22.28125,-6.1292,-0.9988,1.3033,-1.2323,2,LEFT_MI
5705,22.28515625,-6.355,0.323,-0.6347,-1.2515,2,LEFT_MI
5706,22.2890625,-8.5186,4.0737,0.5394,4.3028,2,LEFT_MI
5707,22.29296875,-6.9336,10.2153,-3.2861,0.461,2,LEFT_MI
5708,22.296875,-3.4142,-4.3669,-4.1035,-0.9999,2,LEFT_MI
5709,22.30078125,-1.1525,5.3472,-1.6359,4.6344,2,LEFT_MI
5710,22.3046875,8.4471,5.1314,3.1475,5.2794,2,LEFT_MI
5711,22.30859375,12.356,-1.6986,-0.8588,14.262,2,LEFT_MI
5712,22.3125,6.7938,6.7063,0.9749,5.651,2,LEFT_MI
5713,22.31640625,5.2971,10.5621,-5.7379,8.3982,2,LEFT_MI
5714,22.3203125,9.2071,-5.5521,-3.209,1.2589,2,LEFT_MI
5715,22.32421875,3.8389,-3.9231,-4.4275,2.5034,2,LEFT_MI
5716,22.328125,8.4903,-5.0978,-0.812,-0.5348,2,LEFT_MI
5717,22.33203125,0.5605,-1.7409,-2.7277,-2.5827,2,LEFT_MI
5718,22.3359375,5.0569,-7.5404,-5.0022,-3.354,2,LEFT_MI
5719,22.33984375,-4.9451,-0.9076,-7.429,-2.6815,2,LEFT_MI
5720,22.34375,0.0517,-0.7225,0.6075,-3.6898,2,LEFT_MI
5721,22.34765625,-2.9658,-1.9742,-5.2554,-8.2537,2,LEFT_MI
5722,22.3515625,4.0607,-0.7875,-1.8869,-4.468,2,LEFT_MI
5723,22.35546875,2.2789,1.4708,3.5025,-9.7099,2,LEFT_MI
5724,22.359375,-1.4657,1.7498,6.311,-5.606,2,LEFT_MI
5725,22.36328125,3.1818,1.7119,8.7346,-2.413,2,LEFT_MI
5726,22.3671875,0.3042,1.9786,4.0158,2.9266,2,LEFT_MI
5727,22.37109375,-6.9214,4.2764,8.3062,-0.9196,2,LEFT_MI
5728,22.375,-5.498,-1.6156,7.9289,-6.1988,2,LEFT_MI
5729,22.37890625,-8.5957,-2.5371,9.6798,-2.4177,2,LEFT_MI
5730,22.3828125,-8.1228,-2.3787,3.971,-3.6599,2,LEFT_MI
5731,22.38671875,-11.0467,-2.5289,-0.0356,-0.4066,2,LEFT_MI
5732,22.390625,-6.3541,-1.5293,1.4318,3.5443,2,LEFT_MI
5733,22.39453125,-9.6221,1.5021,-2.398,1.5095,2,LEFT_MI
5734,22.3984375,-7.011,-3.2229,-2.37,7.5238,2,LEFT_MI
5735,22.40234375,-0.8225,6.552,0.2019,9.5437,2,LEFT_MI
5736,22.40625,4.1648,4.3863,0.5716,8.347,2,LEFT_MI
5737,22.41015625,5.0169,-2.2533,0.2977,7.135,2,LEFT_MI
5738,22.4140625,8.8955,2.9555,-2.7472,11.2058,2,LEFT_MI
5739,22.41796875,12.7149,-1.9915,-3.0856,-1.6128,2,LEFT_MI
5740,22.421875,5.2879,-0.5604,-2.139,5.0363,2,LEFT_MI
5741,22.42578125,4.7455,-3.8717,-8.9784,0.0662,2,LEFT_MI
5742,22.4296875,3.424,-4.7314,-6.1907,-0.6079,2,LEFT_MI
5743,22.43359375,4.7888,-4.5089,-5.7892,-2.0902,2,LEFT_MI
5744,22.4375,4.9323,-2.1878,-10.2075,-4.1848,2,LEFT_MI
5745,22.44140625,0.9619,-3.6553,-7.157,-5.1899,2,LEFT_MI
5746,22.4453125,2.1491,-5.5336,1.6025,-10.3498,2,LEFT_MI
5747,22.44921875,0.9415,0.8856,0.4816,-3.4119,2,LEFT_MI
5748,22.453125,-0.8441,-1.5928,-0.0516,-4.7433,2,LEFT_MI
5749,22.45703125,0.5717,-0.5427,4.8837,-6.498,2,LEFT_MI
5750,22.4609375,-0.2432,8.9077,6.2232,-1.9968,2,LEFT_MI
5751,22.46484375,2.5255,6.0744,2.6357,-0.5533,2,LEFT_MI
5752,22.46875,0.8463,5.6156,10.0039,-0.1713,2,LEFT_MI
5753,22.47265625,-7.7452,3.3839,8.2628,5.3265,2,LEFT_MI
5754,22.4765625,-5.6415,0.4142,7.9061,-0.8433,2,LEFT_MI
5755,22.48046875,-8.1518,-1.1208,5.0407,4.0341,2,LEFT_MI
5756,22.484375,-8.9669,-5.3419,2.9203,-3.129,2,LEFT_MI
5757,22.48828125,-8.115,-4.0158,2.4889,4.0538,2,LEFT_MI
5758,22.4921875,-4.7359,-2.8389,1.3313,1.6927,2,LEFT_MI
5759,22.49609375,-4.9212,1.5044,3.1593,-0.7316,2,LEFT_MI
5760,22.5,-7.0006,2.3648,-1.9402,4.6202,2,LEFT_MI
5761,22.50390625,0.0416,-1.5668,-3.2522,10.9101,2,LEFT_MI
5762,22.5078125,8.2819,4.8705,2.9306,4.5812,2,LEFT_MI
5763,22.51171875,2.6726,-1.5081,-2.3442,7.2975,2,LEFT_MI
5764,22.515625,5.3956,-1.4848,3.2656,2.9066,2,LEFT_MI
5765,22.51953125,3.2611,-2.6844,-2.3818,3.821,2,LEFT_MI
5766,22.5234375,-0.3116,-0.0073,-9.2674,-1.5248,2,LEFT_MI
5767,22.52734375,2.7708,-0.6713,-5.5033,1.5304,2,LEFT_MI
5768,22.53125,3.1046,-3.885,-5.8615,-6.1193,2,LEFT_MI
5769,22.53515625,2.8455,-5.7299,-7.5021,-6.7174,2,LEFT_MI
5770,22.5390625,5.4745,-5.2943,-6.0157,-6.5237,2,LEFT_MI
5771,22.54296875,1.4579,0.3228,-4.2623,-10.1576,2,LEFT_MI
5772,22.546875,-1.9191,-0.8705,0.7158,-7.4354,2,LEFT_MI
5773,22.55078125,-1.8383,-3.7123,-6.4368,-5.8543,2,LEFT_MI
5774,22.5546875,-2.4482,5.2115,1.8487,-8.0039,2,LEFT_MI
5775,22.55859375,1.0806,1.751,4.3172,0.1611,2,LEFT_MI
5776,22.5625,-1.3806,6.6308,9.6152,1.9582,2,LEFT_MI
5777,22.56640625,-3.8706,3.5893,8.5496,-3.3568,2,LEFT_MI
5778,22.5703125,-3.5544,1.6824,10.9699,3.544,2,LEFT_MI
5779,22.57421875,-6.378,-0.8516,4.4899,0.8922,2,LEFT_MI
5780,22.578125,-3.9162,-1.3819,3.6218,-3.8496,2,LEFT_MI
5781,22.58203125,-14.0854,1.4575,3.8468,2.2081,2,LEFT_MI
5782,22.5859375,-6.4528,-4.6689,6.001,1.6677,2,LEFT_MI
5783,22.58984375,-12.8813,1.6511,-3.2439,5.0107,2,LEFT_MI
5784,22.59375,-2.9875,0.9959,-3.0265,5.6645,2,LEFT_MI
5785,22.59765625,-6.1569,4.7937,-0.5824,2.5822,2,LEFT_MI
5786,22.6015625,2.6098,1.4806,-2.6027,8.1314,2,LEFT_MI
5787,22.60546875,4.0496,1.3828,2.6341,9.6574,2,LEFT_MI
5788,22.609375,12.3384,-3.454,-0.1047,10.1989,2,LEFT_MI
5789,22.61328125,8.0918,2.9574,-4.596,4.9436,2,LEFT_MI
5790,22.6171875,8.4274,-2.6812,-2.4725,4.9892,2,LEFT_MI
5791,22.62109375,7.9655,-8.3788,-2.8843,-0.9738,2,LEFT_MI
5792,22.625,4.8079,-4.5725,-10.2351,-4.6414,2,LEFT_MI
5793,22.62890625,3.7011,-5.5575,-9.4197,-4.8913,2,LEFT_MI
5794,22.6328125,-2.2019,-4.3654,-6.4332,-8.2184,2,LEFT_MI
5795,22.63671875,-3.3783,-0.7737,-2.6222,-7.0682,2,LEFT_MI
5796,22.640625,2.997,-4.8349,-10.634,-9.8948,2,LEFT_MI
5797,22.64453125,3.1923,-4.0352,-2.7333,-9.8345,2,LEFT_MI
5798,22.6484375,-3.6674,0.6715,1.5391,-6.8335,2,LEFT_MI
5799,22.65234375,-3.6528,1.2283,-3.3704,-7.5362,2,LEFT_MI
5800,22.65625,-3.0094,6.4605,7.593,-5.2945,2,LEFT_MI
5801,22.66015625,3.1621,4.8225,10.4738,-2.5674,2,LEFT_MI
5802,22.6640625,-3.319,3.602,6.3606,0.0506,2,LEFT_MI
5803,22.66796875,-6.3119,-1.1782,5.4519,-0.4719,2,LEFT_MI
5804,22.671875,-9.6296,0.4854,6.1796,1.1642,2,LEFT_MI
5805,22.67578125,-5.9215,10.0179,4.5973,3.1369,2,LEFT_MI
5806,22.6796875,-8.0979,0.9244,8.0803,2.0944,2,LEFT_MI
5807,22.68359375,-6.7506,0.2554,1.0216,3.5774,2,LEFT_MI
5808,22.6875,-7.2844,-0.4058,3.8199,5.0635,2,LEFT_MI
5809,22.69140625,-5.7163,2.5085,0.0842,7.0724,2,LEFT_MI
5810,22.6953125,-7.4817,-6.1043,-2.8708,2.0834,2,LEFT_MI
5811,22.69921875,1.1259,-4.5514,1.3294,2.6984,2,LEFT_MI
5812,22.703125,-0.4304,0.6992,2.7026,2.7991,2,LEFT_MI
5813,22.70703125,6.8731,-3.5292,3.9388,5.7664,2,LEFT_MI
5814,22.7109375,7.8584,-3.6854,1.1548,2.6315,2,LEFT_MI
5815,22.71484375,7.149,-2.2295,1.0253,2.3525,2,LEFT_MI
5816,22.71875,8.9437,3.2458,-3.7168,-0.6829,2,LEFT_MI
5817,22.72265625,7.4273,0.4343,-3.16,-1.524,2,LEFT_MI
5818,22.7265625,2.3991,-0.4708,-9.4979,-10.1687,2,LEFT_MI
5819,22.73046875,0.3438,-1.6948,-8.6387,-6.116,2,LEFT_MI
5820,22.734375,-0.3045,-2.8589,-12.3512,-5.9655,2,LEFT_MI
5821,22.73828125,1.9143,-2.3137,-10.143,-11.6558,2,LEFT_MI
5822,22.7421875,4.7961,-4.5787,-5.3576,-8.4508,2,LEFT_MI
5823,22.74609375,0.133,-4.6158,-0.6678,-5.1789,2,LEFT_MI
5824,22.75,3.7228,-2.7636,4.4501,0.5849,2,LEFT_MI
5825,22.75390625,5.8549,3.5705,0.3169,-8.4639,2,LEFT_MI
5826,22.7578125,-1.5207,5.0654,-1.0777,-3.8488,2,LEFT_MI
5827,22.76171875,1.9595,4.0858,3.9143,5.0803,2,LEFT_MI
5828,22.765625,2.9863,1.6459,5.5727,6.9566,2,LEFT_MI
5829,22.76953125,0.7264,6.2285,5.2929,5.8643,2,LEFT_MI
5830,22.7734375,-2.1228,4.1292,4.6345,2.4894,2,LEFT_MI
5831,22.77734375,-6.4601,2.6335,7.6272,6.1824,2,LEFT_MI
5832,22.78125,-10.2107,-1.7261,5.747,4.3387,2,LEFT_MI
5833,22.78515625,-14.2072,0.5804,3.2667,7.0278,2,LEFT_MI
5834,22.7890625,-6.2601,-0.7656,4.4266,8.4557,2,LEFT_MI
5835,22.79296875,-4.8458,-0.2083,3.6808,3.4703,2,LEFT_MI
5836,22.796875,-3.4228,-2.0716,2.7392,0.7768,2,LEFT_MI
5837,22.80078125,-3.1911,0.3766,-3.0605,3.7415,2,LEFT_MI
5838,22.8046875,6.4857,-5.6277,5.7023,3.6662,2,LEFT_MI
5839,22.80859375,3.4806,0.0341,5.2284,-0.8318,2,LEFT_MI
5840,22.8125,9.9421,-2.6776,-0.9887,3.2453,2,LEFT_MI
5841,22.81640625,8.6636,2.8485,0.828,4.7221,2,LEFT_MI
5842,22.8203125,4.4221,-1.3155,-3.8635,-6.8224,2,LEFT_MI
5843,22.82421875,5.4997,-1.1223,1.0509,2.5399,2,LEFT_MI
5844,22.828125,4.2863,-1.7437,-6.8105,-1.7132,2,LEFT_MI
5845,22.83203125,3.9727,-1.7085,-15.3776,-11.573,2,LEFT_MI
5846,22.8359375,3.5303,-4.3853,-13.3154,-4.6161,2,LEFT_MI
5847,22.83984375,1.553,-4.2264,-17.5569,-10.9723,2,LEFT_MI
5848,22.84375,-0.2371,-4.777,-6.156,-7.1102,2,LEFT_MI
5849,22.84765625,0.4025,-2.5346,-3.4802,-2.5684,2,LEFT_MI
5850,22.8515625,4.675,0.3632,-1.9352,-0.5342,2,LEFT_MI
5851,22.85546875,7.3976,0.5813,3.8889,4.5698,2,LEFT_MI
5852,22.859375,2.302,9.2384,1.3975,1.8952,2,LEFT_MI
5853,22.86328125,0.1403,2.5862,11.1682,8.7018,2,LEFT_MI
5854,22.8671875,4.2501,4.4754,5.2654,-2.5767,2,LEFT_MI
5855,22.87109375,-7.5973,3.0164,9.2027,2.7905,2,LEFT_MI
5856,22.875,-8.7603,5.6569,1.0274,7.5896,2,LEFT_MI
5857,22.87890625,-6.1392,-5.1996,-6.6978,3.3696,2,LEFT_MI
5858,22.8828125,-10.3193,-4.5308,7.289,1.935,2,LEFT_MI
5859,22.88671875,-2.6488,-8.0055,8.7291,2.1036,2,LEFT_MI
5860,22.890625,-3.607,1.9734,3.8038,1.4673,2,LEFT_MI
5861,22.89453125,-4.4076,-3.2924,1.7407,1.6473,2,LEFT_MI
5862,22.8984375,1.9103,-3.6774,3.5165,1.982,2,LEFT_MI
5863,22.90234375,4.212,-2.3666,1.5514,-1.9,2,LEFT_MI
5864,22.90625,6.0056,-1.7862,8.0278,-1.6953,2,LEFT_MI
5865,22.91015625,9.7539,-2.6997,5.0135,2.1638,2,LEFT_MI
5866,22.9140625,4.3819,8.521,5.8261,-4.8012,2,LEFT_MI
5867,22.91796875,7.7108,-2.5582,-1.2495,3.3119,2,LEFT_MI
5868,22.921875,7.2522,-6.1006,0.0651,0.1347,2,LEFT_MI
5869,22.92578125,5.7097,-8.9837,-4.8187,-5.3849,2,LEFT_MI
5870,22.9296875,1.0162,-2.8029,-4.5232,-4.9149,2,LEFT_MI
5871,22.93359375,9.6139,-4.7864,-7.2752,-10.465,2,LEFT_MI
5872,22.9375,-3.371,-2.6942,-8.3079,-6.5411,2,LEFT_MI
5873,22.94140625,3.3677,-1.6037,-6.4876,-5.1922,2,LEFT_MI
5874,22.9453125,-0.0869,-0.839,-4.0086,-5.3999,2,LEFT_MI
5875,22.94921875,-0.5948,-0.4068,-6.0869,-4.8161,2,LEFT_MI
5876,22.953125,3.4891,5.9703,-0.0136,-2.6339,2,LEFT_MI
5877,22.95703125,3.9206,6.8849,6.4943,4.9234,2,LEFT_MI
5878,22.9609375,0.6983,7.5707,6.4412,7.3085,2,LEFT_MI
5879,22.96484375,2.9894,7.4752,6.5775,10.7294,2,LEFT_MI
5880,22.96875,-8.1091,3.9371,7.7157,2.8649,2,LEFT_MI
5881,22.97265625,-4.881,0.4982,7.8563,1.7184,2,LEFT_MI
5882,22.9765625,-11.6397,-2.7304,2.4527,5.8093,2,LEFT_MI
5883,22.98046875,-14.233,-4.9533,1.4732,-2.1025,2,LEFT_MI
5884,22.984375,-6.9573,-7.2667,2.9786,5.0424,2,LEFT_MI
5885,22.98828125,-10.814,7.7094,10.3627,9.1687,0,REST
5886,22.9921875,-11.0471,2.3028,15.5911,5.0797,0,REST
5887,22.99609375,-1.6127,0.694,13.7727,0.9154,0,REST
5888,23.0,3.7877,-2.7287,6.8367,-2.0599,0,REST
5889,23.00390625,4.5707,-5.6937,6.6624,-7.6634,0,REST
5890,23.0078125,7.7703,-10.3404,1.4255,-5.7105,0,REST
5891,23.01171875,10.1459,-9.5859,-1.4144,-12.3178,0,REST
5892,23.015625,15.0418,-11.327,-5.8993,-9.0632,0,REST
5893,23.01953125,10.3693,-12.3407,-7.163,-13.718,0,REST
5894,23.0234375,14.8388,-6.8552,-12.1052,-10.5975,0,REST
5895,23.02734375,10.9934,-8.3004,-11.0123,-8.845,0,REST
5896,23.03125,11.2202,-5.1723,-12.3684,-13.2303,0,REST
5897,23.03515625,7.7355,-4.7629,-13.1538,-7.4866,0,REST
5898,23.0390625,6.8803,-2.1819,-14.3724,-0.285,0,REST
5899,23.04296875,3.3948,0.4574,-10.1346,-0.2715,0,REST
5900,23.046875,-0.6749,3.4781,-7.2222,4.6285,0,REST
5901,23.05078125,-6.6193,8.2796,-7.8399,7.0298,0,REST
5902,23.0546875,-6.3054,11.4359,0.5759,6.9759,0,REST
5903,23.05859375,-5.4642,12.1461,4.7298,12.8836,0,REST
5904,23.0625,-13.2903,14.419,5.0367,13.5052,0,REST
5905,23.06640625,-11.3193,15.0375,7.6376,14.2631,0,REST
5906,23.0703125,-12.3205,11.3347,10.7512,12.363,0,REST
5907,23.07421875,-9.1721,9.1478,10.8761,7.4011,0,REST
5908,23.078125,-7.7138,7.9189,9.5043,9.176,0,REST
5909,23.08203125,-9.3084,9.9126,10.028,4.2739,0,REST
5910,23.0859375,-5.0542,1.5023,8.2178,6.3284,0,REST
5911,23.08984375,0.7399,-1.4367,7.2122,-0.1172,0,REST
5912,23.09375,-0.2969,-3.8485,11.9492,-6.5786,0,REST
5913,23.09765625,3.3585,-6.9364,5.941,-5.98,0,REST
5914,23.1015625,2.9522,-10.0305,1.7611,-6.8638,0,REST
5915,23.10546875,7.0012,-12.1874,-0.6482,-7.6616,0,REST
5916,23.109375,12.3709,-15.3686,-2.0849,-8.41,0,REST
5917,23.11328125,9.9103,-11.7969,-5.705,-8.9316,0,REST
5918,23.1171875,11.8817,-11.1119,-6.6454,-4.5571,0,REST
5919,23.12109375,9.5801,-12.8592,-2.5669,-7.9834,0,REST
5920,23.125,6.7685,-6.3583,-9.9691,-1.68,0,REST
5921,23.12890625,4.8656,-4.3485,-13.0431,-1.2443,0,REST
5922,23.1328125,7.0023,-1.5864,-8.5385,0.9605,0,REST
5923,23.13671875,3.1511,-0.7809,-5.8643,1.8048,0,REST
5924,23.140625,4.1472,5.6769,-5.3411,5.8388,0,REST
5925,23.14453125,0.2707,8.2336,-4.1088,3.3723,0,REST
5926,23.1484375,-5.0529,10.9373,-2.1202,1.4486,0,REST
5927,23.15234375,-6.4292,12.0305,-1.1618,5.0061,0,REST
5928,23.15625,-5.474,10.3367,-1.7565,6.5125,0,REST
5929,23.16015625,-3.0211,11.4655,1.9011,5.4643,0,REST
5930,23.1640625,-8.889,14.3672,2.174,5.1715,0,REST
5931,23.16796875,-9.5211,8.6607,4.1129,2.1659,0,REST
5932,23.171875,-8.74,6.3545,8.8518,2.3711,0,REST
5933,23.17578125,-5.2134,4.5389,3.1732,3.3601,0,REST
5934,23.1796875,-2.9095,2.6831,9.6054,2.2754,0,REST
5935,23.18359375,-2.8675,0.8197,3.9952,1.5,0,REST
5936,23.1875,-0.4108,-6.023,4.0817,-2.8065,0,REST
5937,23.19140625,-0.4071,-9.0056,0.7604,1.8144,0,REST
5938,23.1953125,2.1724,-12.1732,-1.2343,-6.6324,0,REST
5939,23.19921875,2.3898,-10.067,1.942,-2.6498,0,REST
5940,23.203125,1.6058,-11.2796,0.0389,0.1251,0,REST
5941,23.20703125,7.038,-12.9052,1.2036,-1.2088,0,REST
5942,23.2109375,2.6546,-10.5423,0.0827,-0.4032,0,REST
5943,23.21484375,3.3608,-10.7897,-3.0685,-1.048,0,REST
5944,23.21875,3.1532,-6.9803,-1.3294,-4.5298,0,REST
5945,23.22265625,3.1536,-8.9132,-3.8359,-5.2009,0,REST
5946,23.2265625,5.7394,-2.623,-2.0967,-5.7475,0,REST
5947,23.23046875,0.7477,3.8215,-7.0078,-2.337,0,REST
5948,23.234375,4.4742,3.2932,-0.4316,2.3493,0,REST
5949,23.23828125,-0.1088,4.0644,-4.1054,2.9022,0,REST
5950,23.2421875,-0.4785,9.1329,-2.7377,-1.5586,0,REST
5951,23.24609375,-1.6432,9.3395,-6.4092,-0.1823,0,REST
5952,23.25,3.5939,9.3001,-0.6031,0.574,0,REST
5953,23.25390625,-1.4654,5.8482,-1.5473,2.4326,0,REST
5954,23.2578125,-0.855,6.7977,-0.2907,2.6054,0,REST
5955,23.26171875,-1.6398,8.2424,0.2102,1.1908,0,REST
5956,23.265625,-4.9194,3.8104,-0.7318,5.0114,0,REST
5957,23.26953125,-4.0275,-0.1352,-2.2258,1.5006,0,REST
5958,23.2734375,-2.756,-0.2169,3.4916,2.2363,0,REST
5959,23.27734375,-2.4438,0.0063,2.8268,4.0562,0,REST
5960,23.28125,-3.6916,-2.6934,2.6109,2.7924,0,REST
5961,23.28515625,-3.3048,-2.8688,5.9837,-0.3528,0,REST
5962,23.2890625,-3.3704,-7.5221,5.5251,1.4379,0,REST
5963,23.29296875,-3.304,-6.0438,2.7578,-0.3247,0,REST
5964,23.296875,-3.8529,-7.5334,3.0818,0.6288,0,REST
5965,23.30078125,-0.6818,-9.8595,5.9768,-4.8978,0,REST
5966,23.3046875,-1.3125,-8.6143,3.8253,-4.2086,0,REST
5967,23.30859375,4.4537,-8.332,7.8445,-3.739,0,REST
5968,23.3125,0.6739,-2.0319,5.8646,-2.3054,0,REST
5969,23.31640625,3.7403,-2.6369,4.5876,-5.532,0,REST
5970,23.3203125,3.6368,0.0255,3.8225,-3.749,0,REST
5971,23.32421875,6.9533,0.5843,-0.3111,-8.8319,0,REST
5972,23.328125,3.7081,2.9809,0.3691,-6.4832,0,REST
5973,23.33203125,4.2338,4.0886,-1.5552,-4.5316,0,REST
5974,23.3359375,4.8441,4.9545,-3.2498,-2.9025,0,REST
5975,23.33984375,8.8481,7.2439,-9.0852,-6.8834,0,REST
5976,23.34375,7.697,6.4902,-5.6722,1.0313,0,REST
5977,23.34765625,4.0517,5.9805,-6.8982,-0.5405,0,REST
5978,23.3515625,3.0748,6.8053,-5.2315,3.4159,0,REST
5979,23.35546875,1.5691,2.4061,-9.0887,6.5268,0,REST
5980,23.359375,0.4661,4.7805,-6.8767,5.2183,0,REST
5981,23.36328125,-5.0731,3.4194,-6.7306,8.6751,0,REST
5982,23.3671875,-4.7551,2.3406,-3.2002,8.6087,0,REST
5983,23.37109375,-4.916,2.0293,-3.8327,8.2728,0,REST
5984,23.375,-9.9001,-2.5798,1.4653,12.9412,0,REST
5985,23.37890625,-9.8063,-3.2427,0.0498,3.9688,0,REST
5986,23.3828125,-12.2416,-2.7847,6.6441,4.2136,0,REST
5987,23.38671875,-8.1152,-5.9983,7.1776,0.784,0,REST
5988,23.390625,-10.4831,-2.3032,10.5541,-1.2597,0,REST
5989,23.39453125,-11.6218,-0.4411,10.7882,-4.1917,0,REST
5990,23.3984375,-5.4931,-3.8595,8.1523,-6.3727,0,REST
5991,23.40234375,-4.0385,-5.3114,10.1137,-6.6821,0,REST
5992,23.40625,-0.2055,-2.9071,9.0913,-7.7,0,REST
5993,23.41015625,1.6496,-2.2077,9.7413,-8.4794,0,REST
5994,23.4140625,7.0016,-1.4971,5.5672,-12.4514,0,REST
5995,23.41796875,8.8077,-2.802,3.6156,-8.6775,0,REST
5996,23.421875,7.7821,2.5459,5.0781,-10.6046,0,REST
5997,23.42578125,10.3331,-0.1338,-6.6617,-6.2527,0,REST
5998,23.4296875,9.5872,-0.2531,-6.8214,-3.7422,0,REST
5999,23.43359375,8.1413,0.0172,-6.4513,-2.3816,0,REST
6000,23.4375,11.3434,2.258,-8.758,4.5119,0,REST
6001,23.44140625,10.4311,2.7073,-10.2731,6.9065,0,REST
6002,23.4453125,8.9568,6.6643,-10.0578,5.5018,0,REST
6003,23.44921875,3.5519,5.1093,-9.7004,9.3562,0,REST
6004,23.453125,1.7825,1.7777,-12.1208,14.8553,0,REST
6005,23.45703125,-4.546,2.9564,-12.5586,9.3944,0,REST
6006,23.4609375,-5.6595,3.0896,-6.1778,13.0545,0,REST
6007,23.46484375,-8.9185,3.7868,-2.8093,10.0564,0,REST
6008,23.46875,-15.3542,1.552,-3.0562,5.4498,0,REST
6009,23.47265625,-15.2206,4.8232,3.0855,2.1756,0,REST
6010,23.4765625,-11.6459,2.6758,1.7019,4.2949,0,REST
6011,23.48046875,-13.0078,2.2414,6.1515,-0.4662,0,REST
6012,23.484375,-10.3503,-1.7808,8.691,-6.0151,0,REST
6013,23.48828125,-9.575,2.0893,13.1747,-4.6898,0,REST
6014,23.4921875,-4.6301,-3.2245,16.6009,-9.5576,0,REST
6015,23.49609375,-4.7505,-3.859,13.0063,-8.983,0,REST
6016,23.5,-0.7919,-3.0795,11.2683,-10.7928,0,REST
6017,23.50390625,7.2642,-3.3711,13.8452,-9.5914,0,REST
6018,23.5078125,9.2202,-3.8198,8.7157,-9.5904,0,REST
6019,23.51171875,11.5824,0.591,6.3962,-13.5414,0,REST
6020,23.515625,9.2232,-4.6507,3.4073,-6.8592,0,REST
6021,23.51953125,15.9483,-6.3982,-1.678,-5.702,0,REST
6022,23.5234375,12.92,-3.8272,-0.6445,0.9128,0,REST
6023,23.52734375,14.3945,-0.8966,-10.86,1.9775,0,REST
6024,23.53125,12.1449,-4.6646,-9.3441,9.0118,0,REST
6025,23.53515625,8.0365,0.0944,-14.4383,10.988,0,REST
6026,23.5390625,8.5346,-2.3974,-13.7511,9.8399,0,REST
6027,23.54296875,2.6268,0.8978,-13.9848,13.8107,0,REST
6028,23.546875,0.8317,2.3479,-9.9641,11.985,0,REST
6029,23.55078125,-6.5997,5.4179,-9.5484,14.8451,0,REST
6030,23.5546875,-6.5687,6.9934,-13.4159,13.0788,0,REST
6031,23.55859375,-8.4182,3.9873,-4.8753,8.4218,0,REST
6032,23.5625,-11.2583,6.0979,-4.4908,5.838,0,REST
6033,23.56640625,-10.5903,3.9568,-0.219,0.4602,0,REST
6034,23.5703125,-12.8258,2.7646,0.8867,-3.7158,0,REST
6035,23.57421875,-9.346,4.511,4.926,-3.7027,0,REST
6036,23.578125,-9.3298,7.5296,8.7165,-6.7418,0,REST
6037,23.58203125,-7.2678,4.98,9.8992,-7.7308,0,REST
6038,23.5859375,-6.6953,-0.9766,10.9726,-7.2723,0,REST
6039,23.58984375,-2.1136,1.1277,15.6787,-14.398,0,REST
6040,23.59375,1.4502,-3.1005,7.6394,-14.3445,0,REST
6041,23.59765625,5.1652,-0.7207,9.4829,-17.3213,0,REST
6042,23.6015625,8.0541,-4.5683,8.9404,-8.6085,0,REST
6043,23.60546875,8.7351,-8.451,3.4825,-6.9006,0,REST
6044,23.609375,11.638,-3.7079,2.9695,-5.3368,0,REST
6045,23.61328125,12.2043,-5.8773,0.1019,1.1886,0,REST
6046,23.6171875,6.5776,-7.0517,-3.757,0.7061,0,REST
6047,23.62109375,11.7275,-4.9728,-5.6773,7.7011,0,REST
6048,23.625,7.7925,-5.1297,-5.7807,3.6698,0,REST
6049,23.62890625,8.6599,-3.5337,-5.9589,8.9214,0,REST
6050,23.6328125,3.5589,1.7373,-7.8669,9.385,0,REST
6051,23.63671875,2.3054,3.7084,-8.2905,9.7017,0,REST
6052,23.640625,-2.1376,2.6136,-9.412,10.3117,0,REST
6053,23.64453125,0.5899,2.2063,-8.5061,9.2971,0,REST
6054,23.6484375,-2.9316,7.7514,-5.1707,4.0247,0,REST
6055,23.65234375,-5.6346,5.9816,-5.6225,6.1649,0,REST
6056,23.65625,-3.7131,9.7084,-3.592,1.954,0,REST
6057,23.66015625,-6.2348,6.3641,-2.2419,-3.7062,0,REST
6058,23.6640625,-6.9304,7.7565,-0.9716,-2.1544,0,REST
6059,23.66796875,-10.3408,7.1792,3.7507,-5.3653,0,REST
6060,23.671875,-1.1381,6.9553,2.3715,-9.7451,0,REST
6061,23.67578125,-4.4865,5.313,0.5753,-6.7518,0,REST
6062,23.6796875,-2.8413,1.6986,5.2613,-9.697,0,REST
6063,23.68359375,-1.5091,0.1122,3.9432,-9.1062,0,REST
6064,23.6875,-3.9099,-1.8592,5.5068,-7.5666,0,REST
6065,23.69140625,-2.3233,-5.7581,5.5707,-10.8179,0,REST
6066,23.6953125,1.6169,-3.5635,4.5272,-6.809,0,REST
6067,23.69921875,2.8867,-9.1256,6.5137,0.3465,0,REST
6068,23.703125,3.4815,-9.8552,1.9255,-1.2247,0,REST
6069,23.70703125,5.0619,-14.5098,2.6071,2.6439,0,REST
6070,23.7109375,0.337,-13.0678,2.039,3.5106,0,REST
6071,23.71484375,4.4531,-9.3611,0.5661,4.935,0,REST
6072,23.71875,4.8884,-9.2372,-2.3524,3.6568,0,REST
6073,23.72265625,3.2551,-8.4108,1.3318,8.5979,0,REST
6074,23.7265625,3.2964,-2.4315,-1.1808,6.7249,0,REST
6075,23.73046875,1.8614,1.9699,-2.1402,10.7246,0,REST
6076,23.734375,-0.2815,0.9499,-1.9093,3.2578,0,REST
6077,23.73828125,2.759,4.3638,2.3056,4.5993,0,REST
6078,23.7421875,2.0861,6.8106,-4.437,3.419,0,REST
6079,23.74609375,0.3118,9.3875,-5.1365,-0.7847,0,REST
6080,23.75,1.0356,13.9933,-2.1979,0.2539,0,REST
6081,23.75390625,1.7795,14.332,-5.4995,1.7629,0,REST
6082,23.7578125,0.1365,14.6331,-8.1579,-0.2137,0,REST
6083,23.76171875,-3.0627,9.447,-1.6674,-4.2283,0,REST
6084,23.765625,-2.4153,9.3365,-3.6485,-2.7553,0,REST
6085,23.76953125,1.1485,6.5858,-1.6848,-6.2068,0,REST
6086,23.7734375,-2.6359,5.9892,-2.0256,0.1439,0,REST
6087,23.77734375,-6.1817,0.8517,0.1887,-0.333,0,REST
6088,23.78125,-4.4837,0.5996,-2.2564,-2.5409,0,REST
6089,23.78515625,0.2034,-8.6991,-4.6978,-3.7037,0,REST
6090,23.7890625,-1.8464,-7.5689,2.4688,-2.2888,0,REST
6091,23.79296875,-0.675,-12.4216,2.4028,-2.692,0,REST
6092,23.796875,-6.2637,-12.1383,4.4337,1.509,0,REST
6093,23.80078125,-7.2285,-13.8957,2.7403,1.7712,0,REST
6094,23.8046875,-0.517,-15.7448,3.1153,-2.6037,0,REST
6095,23.80859375,-3.1242,-11.2446,8.4371,0.8307,0,REST
6096,23.8125,2.0327,-11.2959,4.4655,0.318,0,REST
6097,23.81640625,2.2262,-7.7775,5.8168,2.1232,0,REST
6098,23.8203125,3.7046,-5.4825,3.0309,1.9882,0,REST
6099,23.82421875,6.6177,-2.8057,4.1472,1.2289,0,REST
6100,23.828125,7.3556,2.0681,3.6283,-0.7712,0,REST
6101,23.83203125,2.9099,5.1006,1.3416,1.9274,0,REST
6102,23.8359375,8.6859,7.7134,-1.0507,1.3934,0,REST
6103,23.83984375,10.9508,11.1732,-4.3066,1.6853,0,REST
6104,23.84375,4.5064,12.078,-2.5315,4.7376,0,REST
6105,23.84765625,5.9694,10.8706,-3.079,1.3959,0,REST
6106,23.8515625,5.4821,15.8265,-3.4475,2.1756,0,REST
6107,23.85546875,-2.4466,12.0633,-9.6975,0.4517,0,REST
6108,23.859375,3.0078,6.0284,-5.662,1.7631,0,REST
6109,23.86328125,-1.4336,5.2131,-8.8059,0.2603,0,REST
6110,23.8671875,-0.7394,4.9811,-7.7958,-1.5775,0,REST
6111,23.87109375,-6.2922,-2.6552,-9.1764,0.6089,0,REST
6112,23.875,-8.695,-6.3256,-7.5767,-0.6796,0,REST
6113,23.87890625,-12.4595,-3.34,-2.9244,-2.6314,0,REST
6114,23.8828125,-9.6202,-7.6633,0.8627,-3.2114,0,REST
6115,23.88671875,-11.5828,-8.8754,5.5383,-4.9605,0,REST
6116,23.890625,-7.4661,-8.7508,3.9364,-2.2834,0,REST
6117,23.89453125,-8.2673,-12.9346,5.2322,-5.901,0,REST
6118,23.8984375,-7.2821,-12.6492,9.2827,-6.244,0,REST
6119,23.90234375,1.0788,-11.2418,11.0632,-5.0842,0,REST
6120,23.90625,1.1834,-8.7462,6.7036,-3.8818,0,REST
6121,23.91015625,2.1018,-5.1529,10.4911,0.9617,0,REST
6122,23.9140625,4.2459,-7.2156,12.406,7.6136,0,REST
6123,23.91796875,7.1258,-0.6021,9.173,-1.0808,0,REST
6124,23.921875,13.6822,6.0817,10.3639,2.6471,0,REST
6125,23.92578125,10.0925,4.8457,4.7883,8.9192,0,REST
6126,23.9296875,14.6489,6.902,5.5743,7.5629,0,REST
6127,23.93359375,10.4898,10.7596,-0.5261,10.8912,0,REST
6128,23.9375,11.2936,12.8271,-2.4828,10.8701,0,REST
6129,23.94140625,10.8505,12.3791,-4.9478,9.6311,0,REST
6130,23.9453125,6.5561,10.8009,-7.2244,7.3818,0,REST
6131,23.94921875,2.8843,10.7435,-11.0612,4.624,0,REST
6132,23.953125,2.1936,8.6697,-9.6843,7.3262,0,REST
6133,23.95703125,-3.2724,4.2649,-9.3745,5.6949,0,REST
6134,23.9609375,-2.6958,2.6324,-14.6027,-3.3987,0,REST
6135,23.96484375,-12.0767,0.0666,-11.2761,-1.9029,0,REST
6136,23.96875,-14.083,-5.6873,-4.9927,-4.8639,0,REST
6137,23.97265625,-13.7503,-2.7197,-5.9729,-6.077,0,REST
6138,23.9765625,-10.6331,-12.4841,-3.7926,-9.5798,0,REST
6139,23.98046875,-11.2559,-9.4895,0.1553,-11.6158,0,REST
6140,23.984375,-8.7817,-7.5098,3.8325,-11.6457,0,REST
6141,23.98828125,-6.1379,-6.608,4.945,-9.7198,0,REST
6142,23.9921875,-6.4162,-8.2762,6.9468,-9.0898,0,REST
6143,23.99609375,-3.3721,-10.8607,7.9604,-8.7528,0,REST
6144,24.0,1.3487,-8.1602,11.7729,-4.4898,0,REST
6145,24.00390625,6.1438,-5.6736,12.5823,-0.0944,0,REST
6146,24.0078125,9.4645,-5.4568,10.548,2.8236,0,REST
6147,24.01171875,8.8715,-1.1106,9.7524,2.6046,0,REST
6148,24.015625,13.0461,2.4114,9.192,5.6141,0,REST
6149,24.01953125,10.6347,3.6763,4.7636,9.8221,0,REST
6150,24.0234375,12.3909,7.0481,6.0337,10.2955,0,REST
6151,24.02734375,14.1782,10.6475,-2.2968,8.8176,0,REST
6152,24.03125,7.7083,8.619,0.5373,13.837,0,REST
6153,24.03515625,10.2691,10.0492,-2.0441,11.1189,0,REST
6154,24.0390625,2.6066,14.0652,-5.1945,8.3936,0,REST
6155,24.04296875,4.2711,5.9814,-8.8039,4.8325,0,REST
6156,24.046875,3.4084,9.8575,-10.6999,5.1248,0,REST
6157,24.05078125,-6.4174,2.1947,-11.8842,1.2587,0,REST
6158,24.0546875,-3.3074,0.8406,-8.3182,-5.1926,0,REST
6159,24.05859375,-8.6401,-0.6646,-9.4521,-5.1721,0,REST
6160,24.0625,-8.7739,1.3785,-9.3696,-6.6941,0,REST
6161,24.06640625,-7.0053,-0.6366,-5.9389,-10.5327,0,REST
6162,24.0703125,-10.933,-5.0936,-1.8536,-14.768,0,REST
6163,24.07421875,-14.4958,-8.9263,-2.1089,-8.8779,0,REST
6164,24.078125,-9.4245,-8.0333,2.0449,-13.0008,0,REST
6165,24.08203125,-10.2803,-8.3916,5.9945,-9.8087,0,REST
6166,24.0859375,-5.1303,-7.5609,5.2528,-8.6513,0,REST
6167,24.08984375,-0.9186,-9.0538,7.3449,-5.1599,0,REST
6168,24.09375,5.036,-7.4176,7.7083,-1.1845,0,REST
6169,24.09765625,-2.4619,-5.4588,8.5439,-5.1686,0,REST
6170,24.1015625,5.0226,-2.8122,13.2407,5.1051,0,REST
6171,24.10546875,8.6535,1.2851,12.4529,8.8457,0,REST
6172,24.109375,5.3514,-0.9379,6.4657,10.3662,0,REST
6173,24.11328125,8.2682,4.4679,6.8731,15.9186,0,REST
6174,24.1171875,9.3538,1.3191,3.9337,14.7258,0,REST
6175,24.12109375,11.1091,7.1008,0.7688,13.0642,0,REST
6176,24.125,10.9327,6.9699,-1.2891,12.2368,0,REST
6177,24.12890625,7.5634,5.3614,-4.0555,9.58,0,REST
6178,24.1328125,4.99,5.3491,-3.1573,10.0693,0,REST
6179,24.13671875,0.5403,6.5961,-5.3732,4.1638,0,REST
6180,24.140625,0.5357,3.1571,-6.7636,-0.7527,0,REST
6181,24.14453125,-3.0263,3.5129,-8.256,-1.8324,0,REST
6182,24.1484375,-5.8951,0.3127,-9.3823,-3.7235,0,REST
6183,24.15234375,-4.5529,0.5946,-10.6547,-9.6075,0,REST
6184,24.15625,-6.8815,2.8154,-6.985,-8.8226,0,REST
6185,24.16015625,-4.5577,-3.9774,-6.1298,-15.6519,0,REST
6186,24.1640625,-6.9068,-2.1779,-3.3176,-12.7303,0,REST
6187,24.16796875,-6.0647,-2.4014,3.0571,-10.2476,0,REST
6188,24.171875,-9.4217,-4.9767,-1.3341,-12.2393,0,REST
6189,24.17578125,-5.9476,-6.8052,0.7113,-4.6919,0,REST
6190,24.1796875,-3.0864,-2.7545,1.8324,-3.9522,0,REST
6191,24.18359375,-1.8288,-0.2008,1.9664,-2.5625,0,REST
6192,24.1875,0.0923,-4.0346,2.2079,-0.5026,0,REST
6193,24.19140625,2.9938,-4.2477,4.0691,2.6158,0,REST
6194,24.1953125,3.3784,-2.4463,6.5293,7.6744,0,REST
6195,24.19921875,1.7543,-2.1987,5.6485,12.3592,0,REST
6196,24.203125,-1.4623,-0.6936,1.1486,10.7125,0,REST
6197,24.20703125,4.3254,-2.3954,5.2141,6.7532,0,REST
6198,24.2109375,4.9306,0.3182,2.1305,9.3392,0,REST
6199,24.21484375,4.8714,-2.0008,3.4671,10.3909,0,REST
6200,24.21875,1.9479,0.1827,3.2366,9.182,0,REST
6201,24.22265625,4.4758,2.3894,-2.4398,8.7131,0,REST
6202,24.2265625,2.1841,5.8003,0.1554,4.4861,0,REST
6203,24.23046875,-0.5359,1.457,-3.2689,-2.4878,0,REST
6204,24.234375,3.7569,4.0544,-1.0848,-3.0498,0,REST
6205,24.23828125,1.5568,4.7609,0.5656,-4.5488,0,REST
6206,24.2421875,-0.5903,1.8334,-1.0092,-6.1863,0,REST
6207,24.24609375,0.8407,0.1562,-0.3895,-8.6147,0,REST
6208,24.25,-0.1423,3.1706,-1.5349,-9.7626,0,REST
6209,24.25390625,-1.3248,3.3645,-1.4548,-9.5825,0,REST
6210,24.2578125,1.415,2.4106,-3.6085,-10.9259,0,REST
6211,24.26171875,-0.4564,-0.2423,-7.1508,-7.4985,0,REST
6212,24.265625,-4.3057,3.9801,-5.7959,-9.2855,0,REST
6213,24.26953125,-0.6815,2.3238,-4.3633,0.0871,0,REST
6214,24.2734375,-7.9567,-1.0536,-3.2681,-1.3534,0,REST
6215,24.27734375,-5.0912,-3.5764,-2.8725,1.4502,0,REST
6216,24.28125,-2.2085,1.4427,-3.1153,6.3275,0,REST
6217,24.28515625,-1.5638,-4.4284,-1.0969,3.828,0,REST
6218,24.2890625,-2.6706,-2.7201,0.4297,6.3523,0,REST
6219,24.29296875,-4.4312,-5.6119,1.6051,8.5555,0,REST
6220,24.296875,-6.4671,-3.0285,-1.545,7.1729,0,REST
6221,24.30078125,1.5397,-3.4521,2.0531,6.899,0,REST
6222,24.3046875,-0.5943,-6.3715,5.0022,9.9227,0,REST
6223,24.30859375,-0.0942,-0.1804,4.1478,10.9652,0,REST
6224,24.3125,3.7773,-4.2063,3.3986,0.7948,0,REST
6225,24.31640625,0.4181,-1.8238,6.7781,0.4921,0,REST
6226,24.3203125,5.6003,-0.9249,8.3565,-0.4254,0,REST
6227,24.32421875,6.6725,-2.1698,3.0026,0.1935,0,REST
6228,24.328125,7.5741,5.7912,5.7742,-0.6914,0,REST
6229,24.33203125,5.4388,6.0197,5.2625,-3.4862,0,REST
6230,24.3359375,7.3972,2.7358,7.0132,-0.0588,0,REST
6231,24.33984375,5.3307,5.3686,4.7765,-4.2947,0,REST
6232,24.34375,6.9312,7.8777,2.078,-6.4168,0,REST
6233,24.34765625,4.4715,5.7071,1.535,-3.0857,0,REST
6234,24.3515625,5.3012,6.8743,-2.3907,-3.2573,0,REST
6235,24.35546875,0.5574,7.3014,-5.0033,-1.7322,0,REST
6236,24.359375,0.1685,8.1061,-3.793,-0.9817,0,REST
6237,24.36328125,-1.2359,2.0719,-9.9345,0.2413,0,REST
6238,24.3671875,-6.8341,2.5521,-9.3705,-2.0075,0,REST
6239,24.37109375,-4.588,1.2178,-14.059,0.0228,0,REST
6240,24.375,-9.5636,-3.3842,-9.1875,-0.4175,0,REST
6241,24.37890625,-10.6691,-1.6815,-6.3083,3.342,0,REST
6242,24.3828125,-9.4544,-10.4758,-4.6716,0.6022,0,REST
6243,24.38671875,-10.8864,-6.4269,-5.4583,1.544,0,REST
6244,24.390625,-9.758,-3.9829,-5.7146,5.7307,0,REST
6245,24.39453125,-10.0092,-8.7214,-2.5798,0.8051,0,REST
6246,24.3984375,-5.7657,-7.9472,2.7485,4.2381,0,REST
6247,24.40234375,1.6583,-13.255,0.5542,4.1588,0,REST
6248,24.40625,-3.6348,-9.9257,8.5533,1.805,0,REST
6249,24.41015625,2.3995,-5.4542,8.986,5.6163,0,REST
6250,24.4140625,6.3151,-2.1044,8.5463,2.5646,0,REST
6251,24.41796875,6.8875,-2.6183,4.729,4.6831,0,REST
6252,24.421875,11.5386,3.5885,10.0776,2.7674,0,REST
6253,24.42578125,13.8611,2.5098,7.4203,2.6772,0,REST
6254,24.4296875,10.6485,5.2118,11.7535,3.2859,0,REST
6255,24.43359375,13.9038,4.8857,4.3974,-2.785,0,REST
6256,24.4375,11.7316,10.6726,5.4504,0.7689,0,REST
6257,24.44140625,9.673,8.8289,3.7379,-3.0098,0,REST
6258,24.4453125,7.3445,10.4827,-2.2509,-3.4383,0,REST
6259,24.44921875,3.343,10.4519,-5.0999,-3.8108,0,REST
6260,24.453125,4.3023,8.5106,-2.9836,-4.4292,0,REST
6261,24.45703125,-2.9824,9.3291,-8.05,-6.4737,0,REST
6262,24.4609375,-7.2193,3.8279,-10.5375,-10.1988,0,REST
6263,24.46484375,-6.8933,4.6617,-10.265,-2.2207,0,REST
6264,24.46875,-9.4654,0.3216,-11.1634,-2.8514,0,REST
6265,24.47265625,-12.2333,-2.7763,-14.2521,-4.4023,0,REST
6266,24.4765625,-10.3296,-7.6764,-10.9013,-2.4476,0,REST
6267,24.48046875,-12.3265,-10.5087,-6.072,-2.6497,0,REST
6268,24.484375,-11.6608,-11.2617,-5.2943,-0.9805,0,REST
6269,24.48828125,-8.8374,-11.0553,-1.1068,1.1316,0,REST
6270,24.4921875,-5.3481,-13.6708,-0.2971,3.2037,0,REST
6271,24.49609375,-1.6049,-10.2792,4.9433,3.4093,0,REST
6272,24.5,0.1418,-12.3113,12.0322,5.2873,0,REST
6273,24.50390625,6.1302,-8.2776,9.342,10.0509,0,REST
6274,24.5078125,5.9859,-1.2586,15.0356,7.6536,0,REST
6275,24.51171875,9.9962,-3.9568,13.0658,7.6635,0,REST
6276,24.515625,7.9581,-0.168,14.1633,5.5629,0,REST
6277,24.51953125,8.5989,4.7464,14.4464,3.6514,0,REST
6278,24.5234375,8.2029,7.0817,11.3588,4.3438,0,REST
6279,24.52734375,12.5232,8.9211,6.7612,3.0722,0,REST
6280,24.53125,7.4254,12.3927,4.4475,0.7,0,REST
6281,24.53515625,6.558,8.6116,3.3413,0.111,0,REST
6282,24.5390625,5.9971,13.6595,-2.3145,-4.815,0,REST
6283,24.54296875,3.2536,11.3209,-5.8945,-2.9136,0,REST
6284,24.546875,-1.7375,8.8434,-11.8567,-9.9846,0,REST
6285,24.55078125,-2.308,5.5976,-11.5802,-8.2729,0,REST
6286,24.5546875,-7.9156,7.3922,-10.7037,-10.7555,0,REST
6287,24.55859375,-9.5663,2.6399,-13.543,-12.7751,0,REST
6288,24.5625,-10.424,-1.0661,-13.0205,-6.5778,0,REST
6289,24.56640625,-13.2801,-6.0332,-12.1824,-8.9256,0,REST
6290,24.5703125,-12.0392,-4.8987,-13.8933,-5.9614,0,REST
6291,24.57421875,-8.7422,-9.4855,-8.9738,-7.5499,0,REST
6292,24.578125,-9.3728,-9.4674,-4.4585,-3.5963,0,REST
6293,24.58203125,-9.8854,-10.4812,-6.3455,-1.0501,0,REST
6294,24.5859375,-6.8064,-12.8306,-1.9446,5.0794,0,REST
6295,24.58984375,-4.6371,-10.864,2.4379,4.0097,0,REST
6296,24.59375,2.5617,-10.3577,3.8941,8.9252,0,REST
6297,24.59765625,5.6251,-10.9052,10.3855,9.8981,0,REST
6298,24.6015625,4.0128,-4.105,11.988,12.5662,0,REST
6299,24.60546875,8.7117,-1.5444,7.9139,9.0664,0,REST
6300,24.609375,7.7861,3.1999,6.2221,9.4666,0,REST
6301,24.61328125,10.0374,6.0593,8.4688,7.5105,0,REST
6302,24.6171875,11.9433,10.6186,6.2459,3.483,0,REST
6303,24.62109375,8.2754,11.1676,7.1862,3.2179,0,REST
6304,24.625,8.9242,10.863,4.1049,-0.7043,0,REST
6305,24.62890625,6.2599,12.8337,3.6084,-1.6779,0,REST
6306,24.6328125,8.252,10.0268,-2.1227,-10.5594,0,REST
6307,24.63671875,2.1962,11.3107,-4.6021,-11.2437,0,REST
6308,24.640625,-1.5037,14.8497,-0.8755,-11.3345,0,REST
6309,24.64453125,-0.7786,10.3402,-1.6475,-11.6471,0,REST
6310,24.6484375,-2.6301,3.0089,-6.8794,-7.7431,0,REST
6311,24.65234375,-6.5149,0.3843,-8.4877,-10.7835,0,REST
6312,24.65625,-7.8191,-2.7605,-6.1346,-8.4798,0,REST
6313,24.66015625,-6.3837,-5.2881,-5.8851,-8.0781,0,REST
6314,24.6640625,-8.7964,-8.8401,-6.5723,-0.7997,0,REST
6315,24.66796875,-6.9879,-5.6711,-5.0212,-2.3501,0,REST
6316,24.671875,-7.4854,-10.4079,-5.4478,5.3282,0,REST
6317,24.67578125,-2.5566,-13.5791,-2.6354,4.5738,0,REST
6318,24.6796875,-4.4152,-13.824,-0.2751,9.2956,0,REST
6319,24.68359375,1.3163,-7.9821,0.4847,8.1672,0,REST
6320,24.6875,-1.2075,-11.0351,5.2095,15.0709,0,REST
6321,24.69140625,4.2228,-9.2322,1.5938,14.6957,0,REST
6322,24.6953125,1.1531,-9.8326,4.8346,15.5329,0,REST
6323,24.69921875,7.042,-0.6511,5.0451,11.1947,0,REST
6324,24.703125,3.6181,1.4181,5.7115,9.9195,0,REST
6325,24.70703125,2.8318,6.4547,4.4564,8.185,0,REST
6326,24.7109375,3.1216,7.1455,5.0316,3.8169,0,REST
6327,24.71484375,5.8793,10.0136,5.1768,0.1306,0,REST
6328,24.71875,4.8631,8.0521,4.9199,-3.4483,0,REST
6329,24.72265625,2.3859,10.0843,4.0541,-3.8404,0,REST
6330,24.7265625,2.7923,12.6195,2.9809,-10.605,0,REST
6331,24.73046875,6.557,16.3136,0.4684,-15.2709,0,REST
6332,24.734375,1.447,9.1716,2.1377,-10.672,0,REST
6333,24.73828125,3.1283,7.6883,2.0916,-10.7051,0,REST
6334,24.7421875,1.0547,5.7571,-0.5219,-17.9049,0,REST
6335,24.74609375,-1.0409,2.1967,1.8963,-12.3772,0,REST
6336,24.75,3.2315,-0.4247,-0.4762,-5.5183,0,REST
6337,24.75390625,-0.2775,-0.8253,0.0461,-3.1527,0,REST
6338,24.7578125,0.8261,-5.4955,-1.5799,-3.5132,0,REST
6339,24.76171875,0.1668,-6.9596,-0.532,2.9068,0,REST
6340,24.765625,-1.4015,-7.9608,-1.8742,4.1726,0,REST
6341,24.76953125,0.9725,-7.6407,-4.0729,7.0529,0,REST
6342,24.7734375,-3.3056,-12.2267,-3.7783,10.0789,0,REST
6343,24.77734375,-2.1198,-8.4839,-4.4604,7.8661,0,REST
6344,24.78125,-5.039,-7.1611,-3.8765,9.0844,0,REST
6345,24.78515625,-4.7377,-7.8317,-7.3448,11.0443,0,REST
6346,24.7890625,-2.2303,-6.3439,-3.4203,9.7533,0,REST
6347,24.79296875,-0.4011,-0.1463,-6.4524,8.9947,0,REST
6348,24.796875,-3.3869,3.7268,-0.6779,3.3297,0,REST
6349,24.80078125,-4.3587,3.2715,-1.2707,4.9841,0,REST
6350,24.8046875,-1.9434,6.9379,5.1773,-1.7881,0,REST
6351,24.80859375,-0.0146,12.0134,0.3105,-4.7875,0,REST
6352,24.8125,-4.0076,8.9395,3.7011,-5.2552,0,REST
6353,24.81640625,0.0172,6.407,-0.7882,-7.8075,0,REST
6354,24.8203125,4.0845,10.4088,3.6835,-9.5126,0,REST
6355,24.82421875,5.2722,7.9989,3.0158,-11.0653,0,REST
6356,24.828125,7.0751,5.1398,7.3763,-11.0099,0,REST
6357,24.83203125,9.151,10.1151,8.5401,-7.2332,0,REST
6358,24.8359375,7.9889,2.0194,6.6568,-5.4153,0,REST
6359,24.83984375,8.9872,0.9562,6.98,-5.2358,0,REST
6360,24.84375,5.1982,-0.846,1.3746,-4.4013,0,REST
6361,24.84765625,7.1834,-4.7928,3.101,1.2478,0,REST
6362,24.8515625,3.0259,-2.9412,2.6279,-0.9418,0,REST
6363,24.85546875,3.9673,-4.9096,0.533,0.3054,0,REST
6364,24.859375,-1.7467,-9.2254,-0.5021,5.3824,0,REST
6365,24.86328125,-4.7366,-9.7062,-2.0406,7.7308,0,REST
6366,24.8671875,-5.4591,-7.7401,-5.0013,9.6445,0,REST
6367,24.87109375,-4.9396,-7.2787,-6.9506,6.6443,0,REST
6368,24.875,-14.2442,-6.6082,-12.9649,8.2807,0,REST
6369,24.87890625,-8.1312,-6.1415,-12.142,7.768,0,REST
6370,24.8828125,-11.2864,-5.1864,-10.8179,6.738,0,REST
6371,24.88671875,-8.8137,-4.4279,-10.7676,4.905,0,REST
6372,24.890625,-13.5093,1.0077,-7.5009,5.915,0,REST
6373,24.89453125,-10.2466,-0.3918,-8.1002,-0.1084,0,REST
6374,24.8984375,-4.205,2.636,-1.6711,-2.496,0,REST
6375,24.90234375,-3.0085,8.2508,1.3052,-3.9397,0,REST
6376,24.90625,-0.4948,6.4553,0.5545,-7.4039,0,REST
6377,24.91015625,2.5679,5.103,1.8753,-8.6122,0,REST
6378,24.9140625,5.914,3.7727,7.8211,-1.7782,0,REST
6379,24.91796875,6.6544,1.8247,11.8734,-7.3401,0,REST
6380,24.921875,7.2308,5.6893,8.8804,-6.6843,0,REST
6381,24.92578125,10.3978,6.1703,9.4206,-5.4913,0,REST
6382,24.9296875,11.1474,3.6551,14.6042,-8.8636,0,REST
6383,24.93359375,9.715,-1.2868,9.7648,-5.6646,0,REST
6384,24.9375,6.7558,-0.4043,10.6733,-4.9987,0,REST
6385,24.94140625,6.1641,1.1063,9.6372,-0.7454,0,REST
6386,24.9453125,3.7845,0.608,1.8979,-1.7813,0,REST
6387,24.94921875,2.5144,-3.1165,2.2694,-0.1622,0,REST
6388,24.953125,-0.0884,-4.0496,0.0251,3.1796,0,REST
6389,24.95703125,-2.9985,-1.2139,-3.563,1.1201,0,REST
6390,24.9609375,-8.7111,-3.8506,-5.2045,5.2199,0,REST
6391,24.96484375,-8.09,-1.6535,-8.3526,1.5781,0,REST
6392,24.96875,-8.9211,-0.7699,-9.2356,5.7519,0,REST
6393,24.97265625,-9.2848,-1.0046,-10.184,1.9116,0,REST
6394,24.9765625,-13.7936,-4.859,-12.5239,3.372,0,REST
6395,24.98046875,-13.7795,-3.1866,-10.3006,2.3963,0,REST
6396,24.984375,-10.8299,-1.9157,-13.7171,4.3881,0,REST
6397,24.98828125,-10.2014,-0.0336,-11.3618,2.4609,0,REST
6398,24.9921875,-4.4166,-2.9316,-5.3213,-0.2997,0,REST
6399,24.99609375,-5.4696,2.9487,-8.3975,0.5675,0,REST
6400,25.0,-0.8112,-0.3727,1.4603,-0.34,0,REST
6401,25.00390625,6.5566,-2.6377,3.2678,4.744,0,REST
6402,25.0078125,5.5133,2.7139,7.389,0.0056,0,REST
6403,25.01171875,9.7284,-0.461,8.2867,-4.4863,0,REST
6404,25.015625,8.7704,1.5669,10.9827,-1.9391,0,REST
6405,25.01953125,12.6324,3.3095,10.0428,-2.8698,0,REST
6406,25.0234375,12.4394,1.3702,13.8479,-2.1526,0,REST
6407,25.02734375,8.8131,6.9972,14.0114,-3.1359,0,REST
6408,25.03125,11.1349,3.3898,13.5239,-4.3373,0,REST
6409,25.03515625,11.4682,4.0916,7.4038,-1.7275,0,REST
6410,25.0390625,7.6507,1.4083,3.9409,-7.2422,0,REST
6411,25.04296875,1.6941,5.8707,5.1457,-2.9268,0,REST
6412,25.046875,4.4105,2.2513,0.1767,-3.3164,0,REST
6413,25.05078125,-5.5962,4.1889,-1.226,-4.0265,0,REST
6414,25.0546875,-4.2005,-1.7706,-6.7124,-1.7017,0,REST
6415,25.05859375,-8.6563,0.2612,-8.1454,-0.5916,0,REST
6416,25.0625,-10.1757,-1.9707,-10.7607,4.7487,0,REST
6417,25.06640625,-11.6907,-3.2691,-11.8256,4.7346,0,REST
6418,25.0703125,-8.9458,-6.1067,-8.8867,2.6433,0,REST
6419,25.07421875,-12.5098,-4.1148,-8.7837,9.7748,0,REST
6420,25.078125,-10.4384,-2.8102,-7.7285,6.9449,0,REST
6421,25.08203125,-8.5322,-4.9269,-11.3643,6.8754,0,REST
6422,25.0859375,-2.5781,-5.9123,-6.7379,5.8252,0,REST
6423,25.08984375,-2.2542,-5.7515,-4.4702,8.6795,0,REST
6424,25.09375,-3.0767,-10.2409,-0.9992,3.2988,0,REST
6425,25.09765625,3.9037,-2.2863,3.015,0.7639,0,REST
6426,25.1015625,5.3481,-3.8181,2.1336,3.5385,0,REST
6427,25.10546875,6.2717,-4.5699,6.6371,-0.2903,0,REST
6428,25.109375,10.1125,-0.1783,10.1388,-3.8472,0,REST
6429,25.11328125,12.2619,1.3641,8.0599,-4.0022,0,REST
6430,25.1171875,6.8514,3.1096,10.3942,-4.073,0,REST
6431,25.12109375,12.6701,4.9525,10.0613,-5.1032,0,REST
6432,25.125,11.4859,7.5521,9.1537,-5.983,0,REST
6433,25.12890625,7.0875,6.6481,5.3303,-11.7704,0,REST
6434,25.1328125,4.4224,7.7395,8.5763,-11.8751,0,REST
6435,25.13671875,2.1106,7.1463,6.759,-5.1894,0,REST
6436,25.140625,-1.672,7.8596,0.8362,-6.9701,0,REST
6437,25.14453125,-2.2082,4.2232,-4.5842,-4.671,0,REST
6438,25.1484375,-1.2576,2.6802,-1.953,-1.8598,0,REST
6439,25.15234375,-7.0873,3.1201,-0.3023,-2.7285,0,REST
6440,25.15625,-6.4433,1.5141,-5.3475,2.7389,0,REST
6441,25.16015625,-10.2193,-0.0162,-8.6911,6.3208,0,REST
6442,25.1640625,-7.2031,-3.2042,-7.4238,6.5768,0,REST
6443,25.16796875,-7.5833,-0.9085,-6.7373,12.7792,0,REST
6444,25.171875,-6.0182,-5.9947,-4.6628,9.0383,0,REST
6445,25.17578125,-7.4766,-9.3711,-7.1967,10.9767,0,REST
6446,25.1796875,-2.9088,-10.3646,0.078,9.4758,0,REST
6447,25.18359375,1.5796,-6.4849,-5.3105,14.0157,0,REST
6448,25.1875,-2.4793,-7.6044,0.4927,5.4335,0,REST
6449,25.19140625,3.1911,-5.52,-1.597,0.3165,0,REST
6450,25.1953125,0.1994,-4.774,-2.4073,4.0621,0,REST
6451,25.19921875,2.7478,-4.5744,0.0591,-1.3009,0,REST
6452,25.203125,3.5809,-0.4049,2.4013,-6.5311,0,REST
6453,25.20703125,4.6391,3.2399,3.4629,-7.051,0,REST
6454,25.2109375,8.3601,6.1226,6.0717,-10.1689,0,REST
6455,25.21484375,1.3818,7.9755,4.9429,-12.4047,0,REST
6456,25.21875,4.2007,7.3093,3.2286,-14.8398,0,REST
6457,25.22265625,2.9516,9.7237,2.1358,-14.3964,0,REST
6458,25.2265625,-0.8568,8.9914,4.7619,-11.1529,0,REST
6459,25.23046875,-5.4599,12.2324,3.4278,-6.1581,0,REST
6460,25.234375,6.5023,11.6661,3.2314,-4.0932,0,REST
6461,25.23828125,2.6421,9.4004,0.8785,0.4834,0,REST
6462,25.2421875,0.4618,7.3143,4.0675,0.9615,0,REST
6463,25.24609375,-2.0618,0.5141,2.3117,4.9699,0,REST
6464,25.25,2.2277,1.6817,1.8431,8.2446,0,REST
6465,25.25390625,2.6053,-1.8543,-0.5971,11.4276,0,REST
6466,25.2578125,-1.1918,-6.8469,-2.2281,9.8751,0,REST
6467,25.26171875,0.2617,-5.3795,0.3796,10.3716,0,REST
6468,25.265625,-3.877,-8.5433,-2.8188,11.4498,0,REST
6469,25.26953125,-3.0354,-10.2417,2.953,14.0497,0,REST
6470,25.2734375,-4.6955,-13.8969,0.061,8.8584,0,REST
6471,25.27734375,-3.6966,-9.3661,-2.8913,7.0333,0,REST
6472,25.28125,-5.1515,-7.5482,-5.4261,2.5486,0,REST
6473,25.28515625,-8.706,-10.6244,-6.666,1.0471,0,REST
6474,25.2890625,-4.5047,-3.2661,-5.4736,0.1071,0,REST
6475,25.29296875,-5.2818,-5.8834,-4.0096,-4.7007,0,REST
6476,25.296875,-1.1846,-1.1016,-2.7015,-8.9086,0,REST
6477,25.30078125,-1.8859,3.0184,-4.4319,-10.7557,0,REST
6478,25.3046875,-3.4461,4.9855,-2.7748,-9.3647,0,REST
6479,25.30859375,-0.6315,8.8646,-6.4122,-12.5601,0,REST
6480,25.3125,1.6136,11.197,0.6019,-13.6568,0,REST
6481,25.31640625,-2.2279,14.599,0.9225,-11.0666,0,REST
6482,25.3203125,4.7055,13.3572,1.8428,-10.027,0,REST
6483,25.32421875,4.2822,12.2866,-2.346,-7.8963,0,REST
6484,25.328125,5.7191,10.2297,-0.3213,-2.0629,0,REST
6485,25.33203125,4.0421,11.0887,6.2506,3.4702,0,REST
6486,25.3359375,7.613,10.4147,6.0989,6.3962,0,REST
6487,25.33984375,7.2289,4.7482,10.2871,5.4552,0,REST
6488,25.34375,2.9697,1.9889,10.8571,9.0497,0,REST
6489,25.34765625,6.797,0.7264,5.0469,11.2585,0,REST
6490,25.3515625,5.3279,-2.016,7.8135,9.7798,0,REST
6491,25.35546875,0.0484,-11.0061,6.1506,11.1487,0,REST
6492,25.359375,4.8089,-12.4889,6.5731,11.7691,0,REST
6493,25.36328125,-1.4378,-12.2024,3.5219,8.619,0,REST
6494,25.3671875,-3.1517,-12.6247,-2.9423,6.4591,0,REST
6495,25.37109375,-5.8437,-9.0052,-3.7724,6.105,0,REST
6496,25.375,-10.6098,-11.0447,-6.2647,-0.6434,0,REST
6497,25.37890625,-11.9533,-10.1539,-6.819,-3.3139,0,REST
6498,25.3828125,-9.9618,-6.1703,-7.989,-0.8132,0,REST
6499,25.38671875,-9.8917,-4.78,-7.1782,-11.0413,0,REST
6500,25.390625,-9.8266,-2.4818,-13.1547,-8.7469,0,REST
6501,25.39453125,-6.2477,3.5641,-9.2108,-10.8525,0,REST
6502,25.3984375,-6.6906,9.0345,-9.3591,-12.3075,0,REST
6503,25.40234375,-1.4084,7.7079,-5.8644,-12.1205,0,REST
6504,25.40625,-0.6241,11.8316,-7.9607,-15.1061,0,REST
6505,25.41015625,1.378,11.2914,-5.4812,-2.6992,0,REST
6506,25.4140625,2.3482,15.2645,-1.1533,-3.5033,0,REST
6507,25.41796875,12.4557,10.2391,0.401,-0.5185,0,REST
6508,25.421875,9.1897,7.2068,3.6909,-0.6847,0,REST
6509,25.42578125,10.7122,9.8374,5.6879,4.5447,0,REST
6510,25.4296875,9.8451,7.2692,11.8688,5.7633,0,REST
6511,25.43359375,12.9328,5.3189,8.0976,7.8245,0,REST
6512,25.4375,12.7059,0.6351,14.0759,10.2885,0,REST
6513,25.44140625,6.8143,-4.165,11.643,10.7151,0,REST
6514,25.4453125,4.2906,-2.5128,9.114,7.3949,0,REST
6515,25.44921875,-0.1426,-4.4813,9.4758,8.8799,0,REST
6516,25.453125,-0.8804,-8.9965,10.8599,6.9733,0,REST
6517,25.45703125,-3.6733,-12.109,1.5401,1.6768,0,REST
6518,25.4609375,-7.7461,-10.7049,-0.5431,-0.9385,0,REST
6519,25.46484375,-6.6334,-12.7769,-2.0219,0.4841,0,REST
6520,25.46875,-7.3136,-10.7562,-7.2618,2.2219,0,REST
6521,25.47265625,-13.1687,-9.1246,-7.406,-6.0481,0,REST
6522,25.4765625,-15.6398,-6.5635,-11.8254,-4.9467,0,REST
6523,25.48046875,-10.739,-1.3988,-7.955,-8.3513,0,REST
6524,25.484375,-7.7354,-1.8461,-11.4674,-4.4318,0,REST
6525,25.48828125,-10.9667,7.2121,-15.7001,-7.9199,0,REST
6526,25.4921875,-8.1323,5.881,-12.5179,-7.2555,0,REST
6527,25.49609375,-3.6447,8.2919,-7.9544,-8.4035,0,REST
6528,25.5,0.6204,8.0486,-6.8893,-4.0986,0,REST
6529,25.50390625,0.5833,12.1963,-6.3993,-2.4145,0,REST
6530,25.5078125,9.6132,14.0367,-1.6165,-5.4345,0,REST
6531,25.51171875,6.0445,11.3502,4.3242,-2.9282,0,REST
6532,25.515625,10.1615,10.2411,4.744,4.4035,0,REST
6533,25.51953125,13.6433,10.2214,10.3532,-1.3579,0,REST
6534,25.5234375,14.9873,7.1231,11.9683,1.6386,0,REST
6535,25.52734375,12.7782,1.818,11.8383,2.5383,0,REST
6536,25.53125,8.8912,2.4764,16.0183,5.3839,0,REST
6537,25.53515625,9.6487,-3.4376,15.0045,6.4501,0,REST
6538,25.5390625,8.3808,-2.3911,14.7717,5.9829,0,REST
6539,25.54296875,1.5516,-6.313,11.2211,5.4578,0,REST
6540,25.546875,0.7381,-6.5605,9.3913,5.7027,0,REST
6541,25.55078125,2.527,-13.1868,9.0276,3.6978,0,REST
6542,25.5546875,-5.8077,-7.8528,5.4471,1.2706,0,REST
6543,25.55859375,-10.8317,-8.6043,0.0521,1.2381,0,REST
6544,25.5625,-8.825,-8.8372,-4.1214,1.5605,0,REST
6545,25.56640625,-11.9971,-4.8232,-8.4196,0.8903,0,REST
6546,25.5703125,-11.4334,-3.2273,-9.995,-1.5787,0,REST
6547,25.57421875,-11.2775,1.0189,-10.5276,0.4532,0,REST
6548,25.578125,-12.3659,-0.1298,-8.9135,-2.4497,0,REST
6549,25.58203125,-8.4709,4.2022,-8.3253,-2.8666,0,REST
6550,25.5859375,-3.8754,3.3184,-11.7794,-5.8204,0,REST
6551,25.58984375,1.5795,6.552,-13.4641,0.7388,0,REST
6552,25.59375,-0.4137,7.2348,-7.3722,-1.784,0,REST
6553,25.59765625,2.3801,5.9906,-6.2914,-2.2913,0,REST
6554,25.6015625,4.1841,7.3063,0.0197,-4.9116,0,REST
6555,25.60546875,10.0301,7.139,6.2644,-0.6313,0,REST
6556,25.609375,7.4017,7.5754,3.6857,-7.9247,0,REST
6557,25.61328125,10.4981,2.732,3.6129,0.7165,0,REST
6558,25.6171875,9.6723,3.8205,8.1563,-0.9727,0,REST
6559,25.62109375,9.4244,5.4304,8.23,-2.4996,0,REST
6560,25.625,10.6398,1.1615,8.3108,-2.8364,0,REST
6561,25.62890625,1.8117,-2.8771,6.671,1.2822,0,REST
6562,25.6328125,2.159,-5.041,8.4944,4.3931,0,REST
6563,25.63671875,0.3482,-8.6308,6.7116,3.5332,0,REST
6564,25.640625,4.506,-1.6194,4.8786,6.7493,0,REST
6565,25.64453125,-0.395,-5.7553,0.71,5.4025,0,REST
6566,25.6484375,-6.5772,-2.4264,1.1979,4.362,0,REST
6567,25.65234375,-5.4853,-8.5725,-1.9437,2.2367,0,REST
6568,25.65625,-6.4826,-5.5402,-6.0956,4.4783,0,REST
6569,25.66015625,-5.3576,-8.6157,-2.5348,7.2445,0,REST
6570,25.6640625,-6.2571,-9.8891,-7.3319,7.005,0,REST
6571,25.66796875,-7.8294,-4.5074,-2.8838,0.8574,0,REST
6572,25.671875,-3.4135,-0.7856,-4.3058,3.8876,0,REST
6573,25.67578125,-6.652,-0.7134,-3.3306,-1.3071,0,REST
6574,25.6796875,-1.5814,2.523,-6.5239,-0.5301,0,REST
6575,25.68359375,-0.1749,-0.3112,-4.8957,-0.8064,0,REST
6576,25.6875,0.4868,3.455,-5.7112,-5.2792,0,REST
6577,25.69140625,-1.0386,3.8699,-4.0477,-8.3505,0,REST
6578,25.6953125,2.9375,5.0344,-3.6068,-4.8532,0,REST
6579,25.69921875,3.0561,6.374,1.6992,-11.7369,0,REST
6580,25.703125,3.2377,4.9478,-2.3869,-5.0407,0,REST
6581,25.70703125,7.6184,9.3429,2.8385,-9.9359,0,REST
6582,25.7109375,3.3349,1.4643,2.423,-5.1896,0,REST
6583,25.71484375,1.8038,3.2545,5.5903,-5.6745,0,REST
6584,25.71875,3.6259,2.1806,2.8626,0.8161,0,REST
6585,25.72265625,2.1679,2.4038,2.9092,-1.9845,0,REST
6586,25.7265625,1.1644,-1.7298,1.819,2.9363,0,REST
6587,25.73046875,2.931,4.5649,3.5524,3.6177,0,REST
6588,25.734375,-1.6417,-1.1678,6.9401,6.9293,0,REST
6589,25.73828125,2.9075,-0.6917,-0.7524,7.224,0,REST
6590,25.7421875,2.5259,-1.2994,-1.2245,8.7898,0,REST
6591,25.74609375,0.4229,-5.5786,1.2149,10.5768,0,REST
6592,25.75,0.8561,-4.2397,2.8807,9.9704,0,REST
6593,25.75390625,2.0412,-4.6253,3.5568,9.5236,0,REST
6594,25.7578125,0.3346,-4.8799,0.2062,5.5602,0,REST
6595,25.76171875,4.3094,-4.6019,1.6228,6.9844,0,REST
6596,25.765625,-0.5927,-3.6665,0.2011,2.8627,0,REST
6597,25.76953125,-1.6779,-2.0729,3.4554,2.2364,0,REST
6598,25.7734375,-2.3855,-0.3098,0.6777,-4.4961,0,REST
6599,25.77734375,-6.0956,-0.8128,-1.4045,-5.1846,0,REST
6600,25.78125,-2.3209,-1.7812,-2.9955,-10.0408,0,REST
6601,25.78515625,-4.1159,-3.886,-2.1528,-11.1168,0,REST
6602,25.7890625,-2.8627,2.9659,-3.6031,-11.7852,0,REST
6603,25.79296875,-1.0369,0.5909,-3.2047,-9.9095,0,REST
6604,25.796875,-7.2403,2.6371,-9.1571,-12.2994,0,REST
6605,25.80078125,-6.9355,2.2473,-8.019,-12.6688,0,REST
6606,25.8046875,-2.3205,1.2798,-1.0453,-5.5504,0,REST
6607,25.80859375,-1.2028,3.4742,-2.8229,-4.2967,0,REST
6608,25.8125,0.2002,2.3585,-6.8971,-2.2269,0,REST
6609,25.81640625,3.6571,2.3804,-2.6584,-0.5551,0,REST
6610,25.8203125,1.7874,2.7097,3.5335,5.6056,0,REST
6611,25.82421875,4.6412,4.0262,-2.0277,7.9682,0,REST
6612,25.828125,2.2482,1.4294,1.4947,8.0202,0,REST
6613,25.83203125,7.6808,3.9841,1.1878,11.2139,0,REST
6614,25.8359375,9.7399,1.4361,2.0918,11.0853,0,REST
6615,25.83984375,6.4126,-1.3805,3.7896,11.8562,0,REST
6616,25.84375,5.8616,-2.0604,2.6208,10.1563,0,REST
6617,25.84765625,7.32,-3.25,4.7348,9.1476,0,REST
6618,25.8515625,5.0884,-1.6928,6.5786,0.6541,0,REST
6619,25.85546875,2.9546,-4.2614,7.374,4.0439,0,REST
6620,25.859375,-3.2558,-2.2003,4.9282,1.2089,0,REST
6621,25.86328125,-4.0222,-4.6219,7.6763,-3.9328,0,REST
6622,25.8671875,-4.5217,-7.3668,5.3357,-9.5431,0,REST
6623,25.87109375,-8.9218,-9.1769,2.0881,-11.4348,0,REST
6624,25.875,-6.9856,-3.7969,-1.3918,-15.7375,0,REST
6625,25.87890625,-8.125,-5.0034,1.231,-14.1502,0,REST
6626,25.8828125,-12.9491,-3.4635,-3.2551,-13.3148,0,REST
6627,25.88671875,-9.9474,0.6451,-5.6268,-10.1536,0,REST
6628,25.890625,-10.1372,0.7354,-9.1361,-9.9351,0,REST
6629,25.89453125,-10.0909,1.6847,-6.9619,-8.334,0,REST
6630,25.8984375,-8.1175,-0.4821,-9.6578,-4.0082,0,REST
6631,25.90234375,-0.8414,1.9115,-9.9212,1.2965,0,REST
6632,25.90625,-0.9025,6.0527,-10.3759,3.7189,0,REST
6633,25.91015625,1.8724,8.1346,-6.1325,4.4757,0,REST
6634,25.9140625,3.8639,1.94,-6.3193,13.7311,0,REST
6635,25.91796875,9.4388,5.1593,-5.6526,9.3648,0,REST
6636,25.921875,10.1882,8.8247,-0.9359,12.1753,0,REST
6637,25.92578125,10.3636,6.4011,0.3787,15.0431,0,REST
6638,25.9296875,16.7612,7.6045,3.057,15.4917,0,REST
6639,25.93359375,12.6147,4.9955,3.9352,8.6057,0,REST
6640,25.9375,7.4344,1.8338,10.9692,9.6293,0,REST
6641,25.94140625,10.7531,0.2566,11.7045,4.7435,0,REST
6642,25.9453125,8.7335,-4.2308,14.3465,-2.2586,0,REST
6643,25.94921875,-1.6628,-3.2111,10.2628,-1.8537,0,REST
6644,25.953125,-0.4249,-7.4429,12.7042,-4.1829,0,REST
6645,25.95703125,-3.444,-11.6104,10.1413,-4.8546,0,REST
6646,25.9609375,-3.9795,-7.7777,9.4288,-7.806,0,REST
6647,25.96484375,-8.0672,-8.7748,7.5936,-10.3675,0,REST
6648,25.96875,-10.7799,-11.8118,1.3041,-9.8231,0,REST
6649,25.97265625,-11.8217,-5.3938,-2.9578,-10.2966,0,REST
6650,25.9765625,-16.7195,-8.5731,-3.9875,-12.884,0,REST
6651,25.98046875,-11.0084,-4.4236,-5.5227,-10.1448,0,REST
6652,25.984375,-10.6214,-2.3822,-12.6826,-7.1895,0,REST
6653,25.98828125,-10.9572,-0.5598,-11.5242,-3.9789,0,REST
6654,25.9921875,-3.9954,3.5169,-11.6928,-0.7017,0,REST
6655,25.99609375,-4.8169,1.9075,-13.023,4.5957,0,REST
6656,26.0,-0.3663,7.5735,-12.4596,3.3214,0,REST
6657,26.00390625,6.148,7.6536,-9.5793,5.5213,0,REST
6658,26.0078125,4.7018,10.6188,-4.8833,9.283,0,REST
6659,26.01171875,7.4926,11.6153,-5.5095,10.6855,0,REST
6660,26.015625,15.4259,13.9609,1.3955,13.6862,0,REST
6661,26.01953125,13.1288,10.0841,3.8901,10.2112,0,REST
6662,26.0234375,11.7541,6.382,3.4848,7.5531,0,REST
6663,26.02734375,12.1848,2.5403,9.6761,5.2446,0,REST
6664,26.03125,9.0305,1.3931,8.2257,3.4504,0,REST
6665,26.03515625,8.7497,0.7055,10.5919,1.7725,0,REST
6666,26.0390625,10.2676,-1.4802,10.9016,-0.537,0,REST
6667,26.04296875,2.0711,-6.8036,11.7488,-3.1543,0,REST
6668,26.046875,3.2872,-8.3981,9.9048,-2.8807,0,REST
6669,26.05078125,-4.7342,-6.0824,10.793,-9.8654,0,REST
6670,26.0546875,-4.7567,-11.5166,8.5299,-6.0914,0,REST
6671,26.05859375,-9.2839,-13.832,9.1854,-6.9221,0,REST
6672,26.0625,-10.4955,-12.1794,2.3538,-9.8329,0,REST
6673,26.06640625,-11.8301,-10.6793,1.0886,-6.4515,0,REST
6674,26.0703125,-13.8407,-7.0531,-1.7968,-7.5323,0,REST
6675,26.07421875,-10.0822,-3.8253,-3.2002,-5.8433,0,REST
6676,26.078125,-9.5017,-0.2314,-6.1156,-3.9237,0,REST
6677,26.08203125,-6.9875,1.8453,-7.4082,-2.4594,0,REST
6678,26.0859375,-10.3494,5.1463,-8.7527,3.0357,0,REST
6679,26.08984375,-4.9732,7.2156,-9.3765,-1.6971,0,REST
6680,26.09375,-2.9479,6.3089,-11.3578,4.9395,0,REST
6681,26.09765625,2.908,16.0633,-8.3865,3.1926,0,REST
6682,26.1015625,1.5341,9.8227,-7.199,3.4561,0,REST
6683,26.10546875,7.1631,10.0889,-7.6413,8.7346,0,REST
6684,26.109375,8.7427,11.3648,-0.9625,3.6451,0,REST
6685,26.11328125,9.4576,9.927,-3.2996,8.3866,0,REST
6686,26.1171875,8.1114,12.5615,1.2037,6.4025,0,REST
6687,26.12109375,7.6919,5.813,3.5594,2.0869,0,REST
6688,26.125,7.761,3.4749,5.8708,0.8145,0,REST
6689,26.12890625,7.0682,0.4417,4.5621,5.366,0,REST
6690,26.1328125,7.2469,-2.8219,7.3674,1.4161,0,REST
6691,26.13671875,3.9982,-5.818,8.7544,-2.6603,0,REST
6692,26.140625,2.7808,-11.5103,9.8515,-0.5729,0,REST
6693,26.14453125,0.5942,-12.4254,6.6386,-1.2513,0,REST
6694,26.1484375,-5.8243,-13.4384,6.9291,-4.6904,0,REST
6695,26.15234375,-7.3584,-11.7752,4.1342,-4.9141,0,REST
6696,26.15625,-6.1072,-13.6603,-1.8841,-1.6081,0,REST
6697,26.16015625,-6.9899,-11.8766,-2.3183,-6.0393,0,REST
6698,26.1640625,-3.4977,-9.6497,-3.2304,-3.1472,0,REST
6699,26.16796875,-4.4995,-7.9657,-3.0242,-4.6881,0,REST
6700,26.171875,-1.9696,-3.1723,-6.8465,3.0639,0,REST
6701,26.17578125,-1.658,-3.4077,-4.8985,-0.1883,0,REST
6702,26.1796875,-6.7949,0.9736,-7.2765,-4.2242,0,REST
6703,26.18359375,-3.0212,3.4509,-8.4076,-5.1223,0,REST
6704,26.1875,-0.8606,7.1735,-7.3928,-1.2579,0,REST
6705,26.19140625,-0.5501,12.0062,-5.3838,-1.3181,0,REST
6706,26.1953125,1.7956,12.208,-4.4301,4.1368,0,REST
6707,26.19921875,1.6746,11.0896,-0.9281,-1.3766,0,REST
6708,26.203125,1.4712,10.0039,0.2949,0.7861,0,REST
6709,26.20703125,2.0818,11.1635,-1.4141,1.1526,0,REST
6710,26.2109375,1.831,10.2357,-4.1281,0.7115,0,REST
6711,26.21484375,5.0416,8.2339,0.1155,1.6297,0,REST
6712,26.21875,6.762,5.3338,-1.4012,5.7051,0,REST
6713,26.22265625,5.4637,3.3314,-0.7098,3.8299,0,REST
6714,26.2265625,3.6397,-6.0017,4.3728,1.902,0,REST
6715,26.23046875,1.1746,-7.3176,1.4251,5.1439,0,REST
6716,26.234375,2.5487,-12.7027,0.5148,1.5863,0,REST
6717,26.23828125,0.5208,-12.3894,1.8553,0.0904,0,REST
6718,26.2421875,2.6869,-11.1758,1.7222,4.5007,0,REST
6719,26.24609375,0.3306,-13.0838,4.998,4.2554,0,REST
6720,26.25,1.7735,-14.4394,1.6273,1.1426,0,REST
6721,26.25390625,-1.3098,-11.4698,3.6045,-2.7614,0,REST
6722,26.2578125,-1.3655,-7.068,4.5668,-3.0276,0,REST
6723,26.26171875,-3.1132,-5.2441,1.1406,-6.5916,0,REST
6724,26.265625,1.7922,-2.8257,2.3286,-2.3084,0,REST
6725,26.26953125,-3.2426,2.7653,2.9872,-5.9783,0,REST
6726,26.2734375,-1.3742,4.744,0.0452,-6.8554,0,REST
6727,26.27734375,-3.6449,6.7665,3.4272,-9.4273,0,REST
6728,26.28125,-1.2337,7.9032,-1.2496,-5.4773,0,REST
6729,26.28515625,-6.1375,12.1968,-1.2597,-6.0168,0,REST
6730,26.2890625,-6.17,10.8739,3.5091,-3.9072,0,REST
6731,26.29296875,-4.9085,12.1246,-4.8113,1.783,0,REST
6732,26.296875,-3.7294,10.9333,0.0698,2.5889,0,REST
6733,26.30078125,3.5356,5.6578,-5.4466,5.9235,0,REST
6734,26.3046875,0.1378,5.439,-3.9404,4.0402,0,REST
6735,26.30859375,-0.4033,5.6416,-3.0643,7.685,0,REST
6736,26.3125,-2.6294,2.6914,-8.4524,5.3219,0,REST
6737,26.31640625,1.9121,-0.0797,-7.9338,5.7501,0,REST
6738,26.3203125,0.2388,-3.846,-4.1034,11.5374,0,REST
6739,26.32421875,1.6864,-1.7114,-4.7389,8.5541,0,REST
6740,26.328125,2.2443,-7.0668,-2.0059,5.142,0,REST
6741,26.33203125,5.9385,-9.6087,-5.0045,6.3778,0,REST
6742,26.3359375,8.8143,-7.4913,-1.3609,4.8122,0,REST
6743,26.33984375,5.7765,-11.7087,-0.5596,2.3268,0,REST
6744,26.34375,7.665,-7.6774,4.3359,-2.6008,0,REST
6745,26.34765625,4.5486,-6.9706,4.3353,-3.3275,0,REST
6746,26.3515625,6.0052,-10.0093,3.6674,-5.7065,0,REST
6747,26.35546875,4.6886,-4.2526,6.6832,-8.0932,0,REST
6748,26.359375,-1.8337,-1.1107,6.661,-11.4047,0,REST
6749,26.36328125,-4.4308,1.995,7.5028,-12.9686,0,REST
6750,26.3671875,-4.1475,1.8323,4.4404,-7.8284,0,REST
6751,26.37109375,-9.4169,1.2822,6.2831,-5.2479,0,REST
6752,26.375,-8.5119,7.261,6.987,-8.3597,0,REST
6753,26.37890625,-8.3404,6.9031,-0.5663,-7.1254,0,REST
6754,26.3828125,-9.3778,6.9577,5.3163,-4.6063,0,REST
6755,26.38671875,-11.8205,8.2488,-2.6394,1.7807,0,REST
6756,26.390625,-11.3502,6.185,-6.9929,3.8795,0,REST
6757,26.39453125,-10.6461,7.4494,-3.7228,4.9778,0,REST
6758,26.3984375,-7.7307,7.4796,-7.7283,8.8669,0,REST
6759,26.40234375,1.0504,6.6066,-10.0902,11.8894,0,REST
6760,26.40625,2.7983,1.9507,-6.773,15.568,0,REST
6761,26.41015625,0.6285,-0.2861,-11.7905,11.6616,0,REST
6762,26.4140625,6.5564,1.4003,-11.6074,8.7116,0,REST
6763,26.41796875,10.6406,-3.4818,-13.8586,10.6752,0,REST
6764,26.421875,12.9081,-7.6728,-5.6225,3.8839,0,REST
6765,26.42578125,10.8642,-5.5537,-2.9368,3.8395,0,REST
6766,26.4296875,11.2454,-4.314,-5.985,1.0225,0,REST
6767,26.43359375,12.3942,-3.9191,3.7802,-0.0396,0,REST
6768,26.4375,13.0163,-3.2775,4.4861,-6.5578,0,REST
6769,26.44140625,9.3903,-5.7446,7.1941,-10.0193,0,REST
6770,26.4453125,6.6784,-6.1988,7.8388,-10.3535,0,REST
6771,26.44921875,5.1285,-1.5726,11.5284,-15.4166,0,REST
6772,26.453125,2.4619,-0.9111,15.1516,-12.4858,0,REST
6773,26.45703125,-1.9498,-0.3486,18.8761,-12.8554,0,REST
6774,26.4609375,-5.7908,0.7153,15.3868,-12.9748,0,REST
6775,26.46484375,-13.1003,-1.7819,12.2334,-11.7693,0,REST
6776,26.46875,-9.9342,0.8587,9.3521,-2.4201,0,REST
6777,26.47265625,-16.1326,2.8257,9.142,-3.8835,0,REST
6778,26.4765625,-11.6143,5.8955,5.9439,-1.1705,0,REST
6779,26.48046875,-12.0123,1.9161,-2.0646,3.965,0,REST
6780,26.484375,-11.4945,8.4308,-1.0146,9.5495,0,REST
6781,26.48828125,-6.3945,1.0872,-3.2483,12.0504,0,REST
6782,26.4921875,-7.0908,-0.4923,-9.1494,10.6568,0,REST
6783,26.49609375,-1.8466,5.2186,-11.2931,12.1763,0,REST
6784,26.5,-2.2978,7.1415,-10.3904,12.8101,0,REST
6785,26.50390625,3.377,3.016,-13.326,16.8847,0,REST
6786,26.5078125,1.307,3.2915,-9.8115,14.7382,0,REST
6787,26.51171875,8.6079,-2.8444,-11.5679,8.0863,0,REST
6788,26.515625,14.1048,2.0704,-9.9559,6.2705,0,REST
6789,26.51953125,11.4104,-3.5284,-5.1433,1.334,0,REST
6790,26.5234375,14.4027,-4.0869,-4.1338,-2.0338,0,REST
6791,26.52734375,11.6379,-1.1541,1.5601,-8.71,0,REST
6792,26.53125,14.0125,-3.4949,-1.1414,-9.6627,0,REST
6793,26.53515625,5.3856,-0.7254,5.5914,-10.3487,0,REST
6794,26.5390625,3.4789,-4.0986,8.7058,-6.8713,0,REST
6795,26.54296875,3.0453,-1.8287,13.7485,-9.8763,0,REST
6796,26.546875,-0.0238,-2.3816,10.8305,-14.2406,0,REST
6797,26.55078125,-2.9536,-4.7387,11.7174,-11.3647,0,REST
6798,26.5546875,-7.7457,0.5513,11.5094,-7.7737,0,REST
6799,26.55859375,-6.8143,0.7144,11.2299,-9.1021,0,REST
6800,26.5625,-9.664,0.556,7.5145,-4.5806,0,REST
6801,26.56640625,-13.3804,-2.996,10.0341,2.5094,0,REST
6802,26.5703125,-14.3223,-0.826,1.9822,4.2633,0,REST
6803,26.57421875,-13.0238,-3.981,2.6011,6.0292,0,REST
6804,26.578125,-9.9196,2.4264,-3.0243,8.6809,0,REST
6805,26.58203125,-3.6629,-2.8697,-2.2454,7.1446,0,REST
6806,26.5859375,-3.787,3.8926,-7.3053,9.711,0,REST
6807,26.58984375,-1.35,2.679,-10.7419,10.9504,0,REST
6808,26.59375,-1.353,3.2169,-9.6005,8.3609,0,REST
6809,26.59765625,2.9406,1.3761,-13.1099,4.6998,0,REST
6810,26.6015625,5.6032,7.9996,-11.4946,5.112,0,REST
6811,26.60546875,10.4969,2.0864,-9.5231,4.7658,0,REST
6812,26.609375,10.6004,7.4999,-8.0367,0.3474,0,REST
6813,26.61328125,8.4978,1.39,-5.31,-3.1745,0,REST
6814,26.6171875,10.1182,2.8211,-1.9144,-5.9304,0,REST
6815,26.62109375,6.7269,1.649,0.0318,-3.2946,0,REST
6816,26.625,10.8668,0.3283,0.9691,-6.368,0,REST
6817,26.62890625,3.2272,2.572,2.7188,-7.1623,0,REST
6818,26.6328125,3.2803,-2.8527,1.8317,-10.9829,0,REST
6819,26.63671875,3.5774,-6.3822,5.8027,-9.0062,0,REST
6820,26.640625,-2.0645,-1.4299,6.7268,-4.87,0,REST
6821,26.64453125,-3.4031,-2.4262,8.4135,-5.2192,0,REST
6822,26.6484375,-3.4262,-6.1671,5.076,-2.5006,0,REST
6823,26.65234375,-4.1501,-3.8652,6.9984,-2.7946,0,REST
6824,26.65625,-3.9477,-7.7853,5.2751,0.5672,0,REST
6825,26.66015625,-3.4841,-8.576,5.7511,2.9039,0,REST
6826,26.6640625,-8.492,-5.5984,6.8546,4.787,0,REST
6827,26.66796875,-7.9346,-4.6334,0.7689,6.6148,0,REST
6828,26.671875,-5.4233,-3.6138,-2.9497,5.964,0,REST
6829,26.67578125,-5.0389,0.7137,3.1872,5.3001,0,REST
6830,26.6796875,-1.3969,1.4719,-0.6391,6.21,0,REST
6831,26.68359375,-0.2301,8.4065,-2.6165,7.7989,0,REST
6832,26.6875,0.9621,3.0206,0.2517,3.2939,0,REST
6833,26.69140625,2.2802,7.8934,-4.9211,4.954,0,REST
6834,26.6953125,-0.8839,6.241,-7.801,1.5295,0,REST
6835,26.69921875,0.4772,7.2078,-4.263,1.9273,0,REST
6836,26.703125,5.6038,5.3908,-4.9975,0.8502,0,REST
6837,26.70703125,2.8994,6.9207,-1.5872,-3.5946,0,REST
6838,26.7109375,7.2226,5.011,-6.2033,-3.4956,0,REST
6839,26.71484375,7.2735,5.9797,-1.8461,-5.1875,0,REST
6840,26.71875,2.3172,1.9276,-5.3887,-5.916,0,REST
6841,26.72265625,4.8497,1.879,0.2502,-3.3941,0,REST
6842,26.7265625,3.2619,-4.6984,-0.3495,-2.4556,0,REST
6843,26.73046875,-0.4675,-6.6734,-2.813,-4.0703,0,REST
6844,26.734375,2.2835,-5.16,-1.283,-3.1598,0,REST
6845,26.73828125,0.4235,-5.7016,1.9844,-3.201,0,REST
6846,26.7421875,3.3347,-10.0246,-1.8236,-3.6307,0,REST
6847,26.74609375,-1.1122,-11.4726,4.4676,-0.9525,0,REST
6848,26.75,1.6043,-11.1488,-0.2038,-3.1154,0,REST
6849,26.75390625,0.6997,-8.2395,3.7398,0.2956,0,REST
6850,26.7578125,0.5372,-7.7215,1.7387,1.584,0,REST
6851,26.76171875,-0.3929,-8.061,5.4688,2.187,0,REST
6852,26.765625,-1.1281,-1.3106,6.3314,0.592,0,REST
6853,26.76953125,-0.8219,-4.389,4.7855,4.3613,0,REST
6854,26.7734375,-4.6843,2.6011,1.1117,4.0695,0,REST
6855,26.77734375,-0.3454,3.1054,4.3191,2.2275,0,REST
6856,26.78125,-2.4147,4.0499,1.4282,2.6208,0,REST
6857,26.78515625,-5.667,9.3133,3.9009,4.4927,0,REST
6858,26.7890625,-5.6836,8.4061,1.5998,2.6968,0,REST
6859,26.79296875,-4.2121,10.0035,0.4797,2.5391,0,REST
6860,26.796875,-2.9987,11.9869,2.8868,3.1553,0,REST
6861,26.80078125,-2.6638,8.0223,1.0908,1.7884,0,REST
6862,26.8046875,-1.4464,8.9045,-2.5508,0.9792,0,REST
6863,26.80859375,0.2256,5.7819,-1.4312,3.5484,0,REST
6864,26.8125,0.9323,8.007,-8.3114,-0.2432,0,REST
6865,26.81640625,1.9699,5.0606,-5.9502,1.6127,0,REST
6866,26.8203125,4.1203,-5.7674,-6.8846,2.1227,0,REST
6867,26.82421875,4.6375,-5.9607,-4.8329,-1.675,0,REST
6868,26.828125,5.0027,-5.1341,-7.5097,-7.1226,0,REST
6869,26.83203125,1.743,-11.8745,-4.5636,-5.9266,0,REST
6870,26.8359375,1.6328,-9.9588,-1.7138,-6.1662,0,REST
6871,26.83984375,10.9431,-11.9116,-3.487,-9.836,0,REST
6872,26.84375,4.9239,-9.8027,0.4417,-6.1452,0,REST
6873,26.84765625,2.9733,-14.2005,1.568,-3.1905,0,REST
6874,26.8515625,3.2246,-8.3553,0.0644,-5.1105,0,REST
6875,26.85546875,2.1915,-9.0891,4.7088,0.5754,0,REST
6876,26.859375,-1.74,-4.8477,3.3939,-2.2134,0,REST
6877,26.86328125,-3.1525,0.7963,2.8268,-2.0932,0,REST
6878,26.8671875,-4.0662,-2.0404,9.3245,2.529,0,REST
6879,26.87109375,-6.4796,6.4771,9.0969,1.982,0,REST
6880,26.875,-8.5105,6.5317,7.8961,7.0496,0,REST
6881,26.87890625,-8.8463,10.3524,8.7826,11.2696,0,REST
6882,26.8828125,-10.8751,7.9039,6.808,8.211,0,REST
6883,26.88671875,-9.756,8.4742,1.2723,7.7051,0,REST
6884,26.890625,-7.22,15.9472,3.1762,10.1451,0,REST
6885,26.89453125,-8.5378,9.1873,-0.024,9.3082,0,REST
6886,26.8984375,-6.2848,8.5942,0.6461,9.3083,0,REST
6887,26.90234375,-6.8438,7.6446,-3.9777,7.1253,0,REST
6888,26.90625,0.7004,6.5944,-4.4412,5.7628,0,REST
6889,26.91015625,0.3235,-3.0791,-11.4941,3.5148,0,REST
6890,26.9140625,5.7782,0.3869,-15.8074,3.0712,0,REST
6891,26.91796875,4.0981,-0.2186,-4.9546,-0.6097,1,PREPARE
6892,26.921875,4.828,-3.5275,-3.8081,-5.9587,1,PREPARE
6893,26.92578125,5.28,-2.02,-3.5653,-4.5473,1,PREPARE
6894,26.9296875,5.888,-4.0524,-1.2482,-6.4789,1,PREPARE
6895,26.93359375,5.6199,-3.908,-1.8755,-3.4608,1,PREPARE
6896,26.9375,1.2891,-5.2111,-1.5672,-3.9445,1,PREPARE
6897,26.94140625,3.3509,-1.4055,4.1675,-1.7249,1,PREPARE
6898,26.9453125,3.1849,-2.0636,2.0145,-4.9245,1,PREPARE
6899,26.94921875,2.0088,-5.1408,3.3229,-3.3899,1,PREPARE
6900,26.953125,0.9002,-0.1561,2.3625,1.3091,1,PREPARE
6901,26.95703125,-2.5284,-3.0444,-0.7391,-1.2782,1,PREPARE
6902,26.9609375,-4.8515,-3.6997,2.5838,2.325,1,PREPARE
6903,26.96484375,-0.1877,0.3483,6.6596,2.7853,1,PREPARE
6904,26.96875,-3.6029,4.7442,4.1454,5.9655,1,PREPARE
6905,26.97265625,-4.8007,4.6777,4.4544,3.2135,1,PREPARE
6906,26.9765625,-3.5808,6.3423,5.0201,8.7104,1,PREPARE
6907,26.98046875,-6.2007,7.6379,2.5601,6.6381,1,PREPARE
6908,26.984375,-4.0512,3.2126,1.2519,3.7975,1,PREPARE
6909,26.98828125,-2.7935,1.5818,2.5195,2.5131,1,PREPARE
6910,26.9921875,-5.7353,7.3856,-2.5057,2.9956,1,PREPARE
6911,26.99609375,1.6176,-1.4315,-4.5187,0.3459,1,PREPARE
6912,27.0,-1.8059,1.5317,-2.3436,0.1297,1,PREPARE
6913,27.00390625,0.6813,5.1363,-4.9423,-0.1157,1,PREPARE
6914,27.0078125,1.3141,2.5363,-2.5268,-4.827,1,PREPARE
6915,27.01171875,3.6572,0.5343,-5.9058,-1.8671,1,PREPARE
6916,27.015625,5.0591,-3.9603,-3.2265,-4.0568,1,PREPARE
6917,27.01953125,1.8289,-2.8472,-6.8988,-6.2699,1,PREPARE
6918,27.0234375,5.5217,-2.3442,-5.7028,-4.1591,1,PREPARE
6919,27.02734375,3.3791,-3.334,-2.5065,-6.1981,1,PREPARE
6920,27.03125,3.4977,-7.3821,-2.7769,-5.3034,1,PREPARE
6921,27.03515625,3.8865,-4.1044,-2.9525,-5.6456,1,PREPARE
6922,27.0390625,3.5113,-5.4226,-0.1447,-6.7242,1,PREPARE
6923,27.04296875,4.2165,-3.3875,-2.4846,-3.1853,1,PREPARE
6924,27.046875,3.1515,-2.0767,5.6836,0.2918,1,PREPARE
6925,27.05078125,-0.0367,-2.466,1.313,1.3063,1,PREPARE
6926,27.0546875,-0.2138,2.2081,4.4954,3.5419,1,PREPARE
6927,27.05859375,-1.7856,-2.6448,3.8319,5.4412,1,PREPARE
6928,27.0625,-3.9061,-2.4205,6.393,2.2422,1,PREPARE
6929,27.06640625,-6.9629,3.7842,6.5404,5.2065,1,PREPARE
6930,27.0703125,-5.1709,4.1645,6.1526,4.2419,1,PREPARE
6931,27.07421875,-4.1537,2.3465,3.4779,5.3651,1,PREPARE
6932,27.078125,-2.9293,6.5773,7.3879,6.273,1,PREPARE
6933,27.08203125,-3.5117,3.6655,2.3595,5.7239,1,PREPARE
6934,27.0859375,-4.587,6.9182,3.5193,4.6538,1,PREPARE
6935,27.08984375,0.7288,3.657,4.6989,0.9725,1,PREPARE
6936,27.09375,-6.0087,6.8001,-0.0813,-0.3103,1,PREPARE
6937,27.09765625,-0.8404,1.1785,-0.9396,-2.9898,1,PREPARE
6938,27.1015625,1.8865,5.7689,-3.3615,-3.0144,1,PREPARE
6939,27.10546875,1.5671,4.7003,-0.8743,-3.8423,1,PREPARE
6940,27.109375,1.6539,-1.4656,-1.1638,-5.542,1,PREPARE
6941,27.11328125,4.2896,-3.203,-3.6009,-7.018,1,PREPARE
6942,27.1171875,4.221,-1.8139,-3.3533,-3.8218,1,PREPARE
6943,27.12109375,5.3282,-3.3193,-3.6425,-6.8834,1,PREPARE
6944,27.125,2.8159,-7.8067,-6.2276,-5.1907,1,PREPARE
6945,27.12890625,3.7409,-3.2583,-2.0583,-0.5694,1,PREPARE
6946,27.1328125,4.9517,-7.0369,0.4511,-6.4623,1,PREPARE
6947,27.13671875,3.0544,-5.4034,0.4215,-0.0301,1,PREPARE
6948,27.140625,4.558,-2.736,-3.4393,1.363,1,PREPARE
6949,27.14453125,2.0278,-4.8519,1.0527,-1.0468,1,PREPARE
6950,27.1484375,2.9449,-4.7396,0.7825,4.5874,1,PREPARE
6951,27.15234375,-2.41,-0.2605,0.756,2.0002,1,PREPARE
6952,27.15625,-2.702,-3.511,5.96,0.7813,1,PREPARE
6953,27.16015625,-5.9829,2.3206,2.2077,3.8635,1,PREPARE
6954,27.1640625,-3.4,3.8134,5.9424,3.4436,1,PREPARE
6955,27.16796875,-3.9897,6.3344,2.519,5.6596,1,PREPARE
6956,27.171875,-6.2795,2.4502,4.933,4.9048,1,PREPARE
6957,27.17578125,-5.5477,7.2656,5.4561,8.0746,1,PREPARE
6958,27.1796875,-4.5538,3.2415,5.3276,2.6121,1,PREPARE
6959,27.18359375,-2.8682,6.5891,-0.6328,3.5274,1,PREPARE
6960,27.1875,-5.0509,4.2537,5.1036,1.7022,1,PREPARE
6961,27.19140625,-6.2881,5.5653,1.5083,3.9824,1,PREPARE
6962,27.1953125,-0.8605,4.2602,-3.1453,0.4125,1,PREPARE
6963,27.19921875,1.0043,0.9585,-0.2978,-5.2355,1,PREPARE
6964,27.203125,-0.0086,2.0339,-2.3048,-3.4712,1,PREPARE
6965,27.20703125,2.416,1.0835,-5.7235,-3.6835,1,PREPARE
6966,27.2109375,1.3668,-1.884,-4.3053,-1.7421,1,PREPARE
6967,27.21484375,6.5094,-1.3089,-4.8925,-4.9487,1,PREPARE
6968,27.21875,8.4382,-2.5531,-3.4562,-6.4163,1,PREPARE
6969,27.22265625,5.1678,-4.1687,-4.9337,-5.3502,1,PREPARE
6970,27.2265625,5.563,-9.4562,-5.5364,-2.988,1,PREPARE
6971,27.23046875,3.2023,-1.8189,-4.6536,-2.6021,1,PREPARE
6972,27.234375,1.553,-7.0484,-1.0432,-3.131,1,PREPARE
6973,27.23828125,6.4766,-4.1245,-0.6428,3.0197,1,PREPARE
6974,27.2421875,3.2918,-5.4125,0.0086,-2.6787,1,PREPARE
6975,27.24609375,2.0814,-4.1203,-1.9382,3.3831,1,PREPARE
6976,27.25,1.8534,-0.6264,1.8319,4.3245,1,PREPARE
6977,27.25390625,-3.2518,-0.7949,1.7246,6.5959,1,PREPARE
6978,27.2578125,-4.4679,3.3211,4.4822,6.1908,1,PREPARE
6979,27.26171875,-3.932,1.4657,2.7373,5.7228,1,PREPARE
6980,27.265625,-6.6177,4.2557,3.9559,9.7733,1,PREPARE
6981,27.26953125,-7.3168,7.3737,3.9463,5.3394,1,PREPARE
6982,27.2734375,-4.7604,6.0365,3.7463,5.4275,1,PREPARE
6983,27.27734375,-6.2709,6.9521,3.8312,3.8555,1,PREPARE
6984,27.28125,-1.3747,6.9366,3.4052,3.5236,1,PREPARE
6985,27.28515625,-5.3326,4.1818,2.0286,-2.0944,1,PREPARE
6986,27.2890625,-1.3654,3.3708,2.5524,-1.4357,1,PREPARE
6987,27.29296875,-3.2993,3.0175,0.6139,-0.5873,1,PREPARE
6988,27.296875,-1.5192,0.029,-2.1812,-5.3379,1,PREPARE
6989,27.30078125,-3.0783,1.1782,2.0403,-5.1432,1,PREPARE
6990,27.3046875,0.2709,0.5485,-4.7871,-7.2861,1,PREPARE
6991,27.30859375,4.0318,-1.5043,-2.0766,-7.6983,1,PREPARE
6992,27.3125,2.8378,-0.5436,-5.4455,-4.0266,1,PREPARE
6993,27.31640625,2.6298,-0.1516,-6.3909,-6.2097,1,PREPARE
6994,27.3203125,6.3196,-2.6404,-6.163,-3.9338,1,PREPARE
6995,27.32421875,2.7167,-6.4708,-4.1836,-1.533,1,PREPARE
6996,27.328125,7.4099,-2.9648,-5.2782,-5.5084,1,PREPARE
6997,27.33203125,7.0126,-4.5492,-4.5104,-1.092,1,PREPARE
6998,27.3359375,1.7816,-7.6398,-0.514,0.9053,1,PREPARE
6999,27.33984375,0.8636,-2.0174,-3.0078,5.7943,1,PREPARE
7000,27.34375,2.721,-3.6767,-3.3333,5.1346,1,PREPARE
7001,27.34765625,0.5174,-3.2159,-1.1142,5.8348,1,PREPARE
7002,27.3515625,1.4564,-2.4336,3.002,3.1213,1,PREPARE
7003,27.35546875,-2.5642,2.7941,3.2658,6.6705,1,PREPARE
7004,27.359375,-1.5355,0.9145,4.392,3.1398,1,PREPARE
7005,27.36328125,-4.7277,3.8639,1.2522,4.531,1,PREPARE
7006,27.3671875,-5.721,4.4715,6.9446,4.6359,1,PREPARE
7007,27.37109375,-5.8877,-0.1903,6.8283,2.377,1,PREPARE
7008,27.375,-6.1207,3.7024,5.6301,1.6108,1,PREPARE
7009,27.37890625,-6.4772,4.5352,1.4937,-0.1197,1,PREPARE
7010,27.3828125,-2.8786,0.7851,4.866,1.1282,1,PREPARE
7011,27.38671875,-2.0035,3.4974,-0.6413,-0.737,1,PREPARE
7012,27.390625,-5.0498,4.1146,-1.1323,-5.1008,1,PREPARE
7013,27.39453125,-2.9983,1.7945,0.0596,-5.9006,1,PREPARE
7014,27.3984375,0.7117,0.4938,-1.4123,-6.276,1,PREPARE
7015,27.40234375,0.4853,0.8681,-2.3994,-5.2112,1,PREPARE
7016,27.40625,1.3685,-4.6731,-1.5705,-5.8393,1,PREPARE
7017,27.41015625,3.8833,-3.0838,-1.578,-2.7598,1,PREPARE
7018,27.4140625,2.2735,-1.2376,-4.334,-12.3474,1,PREPARE
7019,27.41796875,3.2075,-2.6941,-2.8217,-6.2584,1,PREPARE
7020,27.421875,4.5067,-4.9253,-5.0057,-1.3079,1,PREPARE
7021,27.42578125,3.3193,-8.8206,-6.6135,-3.6514,1,PREPARE
7022,27.4296875,3.3844,-6.3785,-2.2199,0.3837,1,PREPARE
7023,27.43359375,7.0288,-3.882,-4.6015,1.9233,1,PREPARE
7024,27.4375,2.4796,-3.152,-3.2964,-0.3377,1,PREPARE
7025,27.44140625,3.6023,-6.3164,-3.6805,1.8224,1,PREPARE
7026,27.4453125,2.051,-1.2713,-2.2059,3.8139,1,PREPARE
7027,27.44921875,-1.6681,-0.9128,2.0979,3.5124,1,PREPARE
7028,27.453125,-3.5059,3.9031,-2.8201,5.6364,1,PREPARE
7029,27.45703125,1.0923,6.4585,-3.0917,2.0451,1,PREPARE
7030,27.4609375,-3.516,3.4018,3.2942,5.0208,1,PREPARE
7031,27.46484375,-4.9631,-0.2728,5.5425,4.4907,1,PREPARE
7032,27.46875,-4.7681,2.6724,4.0083,3.4596,1,PREPARE
7033,27.47265625,-7.2888,5.9888,6.1505,3.5854,1,PREPARE
7034,27.4765625,-7.8296,3.8068,4.8874,-0.5204,1,PREPARE
7035,27.48046875,-5.0641,5.0027,2.3454,-4.0367,1,PREPARE
7036,27.484375,-5.7191,4.2107,3.9359,1.1958,1,PREPARE
7037,27.48828125,-4.4637,0.4374,3.6035,0.2485,1,PREPARE
7038,27.4921875,-3.1499,0.5381,5.0122,-3.6078,1,PREPARE
7039,27.49609375,-6.019,-4.6374,-2.4377,-4.7593,1,PREPARE
7040,27.5,4.0645,-2.0484,0.1559,-2.0563,1,PREPARE
7041,27.50390625,0.0454,-2.8358,-2.4841,-5.1465,1,PREPARE
7042,27.5078125,2.8725,0.5809,-7.0618,-5.6089,1,PREPARE
7043,27.51171875,8.7994,-4.5585,-2.2325,-3.7269,1,PREPARE
7044,27.515625,2.8031,-4.0083,-7.7515,-3.7786,1,PREPARE
7045,27.51953125,6.3644,-5.0657,-4.0256,1.5056,1,PREPARE
7046,27.5234375,0.3533,-7.1965,-7.1336,0.356,1,PREPARE
7047,27.52734375,6.8038,-3.6819,-7.2965,3.1481,1,PREPARE
7048,27.53125,2.1411,-5.9554,-4.1402,1.387,1,PREPARE
7049,27.53515625,5.1106,-0.2639,-1.8463,0.0796,1,PREPARE
7050,27.5390625,2.9002,-1.0348,-5.8576,0.3231,1,PREPARE
7051,27.54296875,2.0028,-2.4881,-3.3463,6.8884,1,PREPARE
7052,27.546875,1.8365,-2.957,-4.1485,4.7608,1,PREPARE
7053,27.55078125,-0.393,2.5901,-0.2343,3.336,1,PREPARE
7054,27.5546875,-4.663,2.2523,-0.3912,2.3979,1,PREPARE
7055,27.55859375,-6.353,1.4171,-1.0853,4.922,1,PREPARE
7056,27.5625,-3.7386,5.0324,1.1297,3.7848,1,PREPARE
7057,27.56640625,1.9842,1.784,5.313,1.0797,1,PREPARE
7058,27.5703125,-1.5521,0.2241,6.9509,-0.0709,1,PREPARE
7059,27.57421875,-7.5562,6.7622,1.2464,3.2894,1,PREPARE
7060,27.578125,-5.5576,5.0006,7.1134,-1.3612,1,PREPARE
7061,27.58203125,-0.7746,6.7262,6.3647,-4.3741,1,PREPARE
7062,27.5859375,-0.8112,4.1828,3.8542,-3.6417,1,PREPARE
7063,27.58984375,-2.4002,6.8064,1.7216,-1.3787,1,PREPARE
7064,27.59375,-1.142,-1.3364,1.5679,-6.3235,1,PREPARE
7065,27.59765625,-2.2253,0.6756,1.8803,-6.3376,1,PREPARE
7066,27.6015625,-0.4849,-0.0195,-0.6474,-2.3269,1,PREPARE
7067,27.60546875,2.567,-2.8026,-4.9374,-3.9469,1,PREPARE
7068,27.609375,2.6654,-3.1696,-0.3224,-3.7938,1,PREPARE
7069,27.61328125,1.037,-3.8025,0.097,-2.5026,1,PREPARE
7070,27.6171875,3.7715,-8.456,-5.7023,-3.4324,1,PREPARE
7071,27.62109375,3.8,-6.3844,-8.7728,3.1368,1,PREPARE
7072,27.625,5.5428,-7.9174,-6.1699,3.2446,1,PREPARE
7073,27.62890625,4.9648,-4.1149,-4.4043,2.3823,1,PREPARE
7074,27.6328125,3.5399,-2.0138,-4.9957,4.0834,1,PREPARE
7075,27.63671875,2.5224,-2.8731,-6.4726,5.3708,1,PREPARE
7076,27.640625,7.4658,-3.9372,-2.1065,5.0608,1,PREPARE
7077,27.64453125,2.8537,-0.3306,-4.6329,6.9636,1,PREPARE
7078,27.6484375,1.9454,-2.345,-4.1116,7.2384,1,PREPARE
7079,27.65234375,1.3638,3.1932,1.5895,0.8944,1,PREPARE
7080,27.65625,0.207,5.7095,1.8275,3.519,1,PREPARE
7081,27.66015625,-1.5512,4.1923,4.4367,3.1389,1,PREPARE
7082,27.6640625,0.3454,4.8521,0.3491,0.2036,1,PREPARE
7083,27.66796875,-4.4124,2.9686,2.9055,-3.1663,1,PREPARE
7084,27.671875,-4.8317,4.4056,6.1526,-2.4228,1,PREPARE
7085,27.67578125,-7.2241,9.0816,5.6562,-3.8283,1,PREPARE
7086,27.6796875,-5.5029,6.679,3.2949,-6.1544,1,PREPARE
7087,27.68359375,-6.2951,4.9936,6.8313,-4.648,1,PREPARE
7088,27.6875,-4.8239,2.3398,5.0514,-3.2753,1,PREPARE
7089,27.69140625,-4.5041,1.7787,5.3142,-5.7364,1,PREPARE
7090,27.6953125,1.2177,-0.041,0.5318,-2.0639,1,PREPARE
7091,27.69921875,-2.7497,-2.7155,1.8418,-2.2801,1,PREPARE
7092,27.703125,2.5404,-1.9681,1.9825,-4.6916,1,PREPARE
7093,27.70703125,2.6085,-2.3964,-1.4593,-4.5071,1,PREPARE
7094,27.7109375,3.735,-3.0889,-2.7242,-3.154,1,PREPARE
7095,27.71484375,3.6601,-4.4785,-3.9491,1.2304,1,PREPARE
7096,27.71875,4.6655,-4.5158,-1.3845,1.8459,1,PREPARE
7097,27.72265625,7.5994,-5.2256,-6.7157,2.1987,1,PREPARE
7098,27.7265625,2.6776,-5.107,-2.4839,3.6255,1,PREPARE
7099,27.73046875,8.089,-3.0564,-2.5138,4.9369,1,PREPARE
7100,27.734375,3.3329,-3.0697,-3.4737,8.148,1,PREPARE
7101,27.73828125,1.7993,-1.4732,-5.233,4.9062,1,PREPARE
7102,27.7421875,1.6479,-2.7915,-4.9581,2.7664,1,PREPARE
7103,27.74609375,-0.5402,0.5761,-0.7998,4.0948,1,PREPARE
7104,27.75,0.0537,0.5691,0.5902,2.953,1,PREPARE
7105,27.75390625,-6.5225,2.9582,1.2059,4.3651,1,PREPARE
7106,27.7578125,-1.1585,3.7655,-0.265,1.1978,1,PREPARE
7107,27.76171875,-5.3028,5.2248,1.8195,-2.1727,1,PREPARE
7108,27.765625,-3.2476,2.4196,5.9879,-1.2941,1,PREPARE
7109,27.76953125,-7.5183,5.771,6.8829,-2.2266,1,PREPARE
7110,27.7734375,-1.9184,4.484,8.1288,-4.5926,1,PREPARE
7111,27.77734375,-4.0493,3.5532,8.7055,-3.6135,1,PREPARE
7112,27.78125,-3.935,4.3768,2.6514,-6.5123,1,PREPARE
7113,27.78515625,-2.0648,1.5341,4.9439,-3.521,1,PREPARE
7114,27.7890625,-6.314,-1.3433,5.5445,-7.588,1,PREPARE
7115,27.79296875,1.3369,0.9744,4.1839,-1.3249,1,PREPARE
7116,27.796875,-1.3001,-1.8299,3.5665,-5.3651,1,PREPARE
7117,27.80078125,0.0598,-3.0522,2.7561,-3.156,1,PREPARE
7118,27.8046875,2.4371,-5.2827,-1.0962,-3.852,1,PREPARE
7119,27.80859375,4.7757,-4.1524,3.5067,0.4391,1,PREPARE
7120,27.8125,3.4988,-3.9755,-4.9607,-0.0043,1,PREPARE
7121,27.81640625,5.0084,-5.8834,-0.8101,-0.7232,1,PREPARE
7122,27.8203125,1.9448,-4.5787,-4.4505,0.9552,1,PREPARE
7123,27.82421875,3.4339,-2.4005,-2.5938,3.0503,1,PREPARE
7124,27.828125,2.8093,-2.7767,-2.479,1.0186,1,PREPARE
7125,27.83203125,3.1631,-4.2271,0.496,6.6605,1,PREPARE
7126,27.8359375,3.793,-3.6856,-4.2353,7.7777,1,PREPARE
7127,27.83984375,4.8556,-2.6806,-3.0748,5.0298,1,PREPARE
7128,27.84375,3.7622,-0.6242,-3.9004,3.9168,1,PREPARE
7129,27.84765625,-0.456,3.2376,-2.1084,2.1611,1,PREPARE
7130,27.8515625,-2.5251,-1.0168,-3.6374,-1.471,1,PREPARE
7131,27.85546875,-2.2629,3.4304,0.9115,0.7738,1,PREPARE
7132,27.859375,-4.2297,4.8323,-0.0459,-2.9423,1,PREPARE
7133,27.86328125,-3.683,4.5346,1.8679,-4.4737,1,PREPARE
7134,27.8671875,-7.7766,6.2718,2.0636,-3.149,1,PREPARE
7135,27.87109375,-3.9634,6.9603,2.2352,-2.8949,1,PREPARE
7136,27.875,-4.9226,1.3419,5.2344,-5.8133,1,PREPARE
7137,27.87890625,-5.8722,7.0081,8.973,-3.4884,1,PREPARE
7138,27.8828125,-3.6086,2.9145,4.0112,-8.1864,1,PREPARE
7139,27.88671875,-3.471,4.8121,2.0858,-4.4701,1,PREPARE
7140,27.890625,-6.0757,-0.3419,7.4181,-1.525,1,PREPARE
7141,27.89453125,-2.8713,-0.6678,6.4814,-1.9473,1,PREPARE
7142,27.8984375,2.512,-2.7904,5.7872,-1.0164,1,PREPARE
7143,27.90234375,0.9584,-3.8006,-1.716,1.6749,1,PREPARE
7144,27.90625,3.0624,-7.9075,-0.8273,-0.9896,1,PREPARE
7145,27.91015625,0.9504,-4.7429,1.3405,1.493,1,PREPARE
7146,27.9140625,6.6093,-6.0906,-2.7003,2.8424,1,PREPARE
7147,27.91796875,4.7335,-5.2315,-2.583,6.4938,1,PREPARE
7148,27.921875,5.7393,-5.6472,-8.1873,4.5989,1,PREPARE
7149,27.92578125,5.148,-4.9636,-3.6861,4.9572,1,PREPARE
7150,27.9296875,5.4659,-3.4417,-4.7044,5.4693,1,PREPARE
7151,27.93359375,6.4024,-2.0322,-2.5672,5.8151,1,PREPARE
7152,27.9375,1.8505,-1.447,-2.064,3.7549,1,PREPARE
7153,27.94140625,3.6186,-0.1821,-3.8162,4.9732,1,PREPARE
7154,27.9453125,-0.7479,-0.0027,-4.3828,-0.2166,1,PREPARE
7155,27.94921875,5.3055,2.2056,-2.2836,0.7755,1,PREPARE
7156,27.953125,0.8002,3.5252,-2.5866,0.7734,1,PREPARE
7157,27.95703125,-6.4534,3.5173,1.1251,-5.5751,1,PREPARE
7158,27.9609375,-4.5697,9.3229,1.1063,-6.3104,1,PREPARE
7159,27.96484375,-4.3248,3.8678,0.6712,-3.8483,1,PREPARE
7160,27.96875,-4.1012,2.7346,2.6519,-5.9053,1,PREPARE
7161,27.97265625,-5.005,3.4202,4.8036,-3.2525,1,PREPARE
7162,27.9765625,-8.3986,2.2348,3.685,-3.2529,1,PREPARE
7163,27.98046875,-5.0098,2.9743,4.9225,-6.1221,1,PREPARE
7164,27.984375,-4.6608,0.3181,2.5703,-4.3253,1,PREPARE
7165,27.98828125,-2.6874,-0.6466,3.3635,-5.831,1,PREPARE
7166,27.9921875,-5.7752,1.5698,1.7519,-2.2399,1,PREPARE
7167,27.99609375,-3.3132,-2.9637,4.1915,-1.1449,1,PREPARE
7168,28.0,-2.9405,-3.9656,0.7535,3.551,1,PREPARE
7169,28.00390625,1.0971,-3.7736,-0.7317,2.9237,1,PREPARE
7170,28.0078125,3.8178,-6.3963,0.5348,2.2412,1,PREPARE
7171,28.01171875,2.6625,-8.4037,-1.7487,3.0712,1,PREPARE
7172,28.015625,6.3252,-3.1881,3.2322,7.1783,1,PREPARE
7173,28.01953125,3.084,-3.8903,-5.5269,3.008,1,PREPARE
7174,28.0234375,7.5071,-4.0616,-0.3527,5.1526,1,PREPARE
7175,28.02734375,2.782,-3.4808,-5.6026,3.9625,1,PREPARE
7176,28.03125,6.2545,-4.4267,-7.3881,4.3405,1,PREPARE
7177,28.03515625,5.8227,-1.1784,-1.791,5.4803,1,PREPARE
7178,28.0390625,4.3687,-1.6333,-7.9995,1.5888,1,PREPARE
7179,28.04296875,4.7375,1.6209,-7.7359,4.1025,1,PREPARE
7180,28.046875,5.1629,3.7159,-5.8738,1.9709,1,PREPARE
7181,28.05078125,-2.2535,4.3794,-5.6099,0.7844,1,PREPARE
7182,28.0546875,-4.6426,5.8904,-3.9077,-3.8482,1,PREPARE
7183,28.05859375,-4.9207,5.6909,3.48,-1.2046,1,PREPARE
7184,28.0625,-2.9078,4.5496,0.0489,-0.6399,1,PREPARE
7185,28.06640625,-3.9592,3.3084,1.4162,-0.8107,1,PREPARE
7186,28.0703125,-5.296,5.6397,5.9919,-2.8843,1,PREPARE
7187,28.07421875,-7.0529,5.5788,1.5094,-2.7811,1,PREPARE
7188,28.078125,-4.699,2.405,9.1324,-6.4461,1,PREPARE
7189,28.08203125,1.2855,0.5431,5.7573,-5.9152,1,PREPARE
7190,28.0859375,0.3336,4.5413,6.6438,-4.7399,1,PREPARE
7191,28.08984375,-6.9619,-1.7746,6.5636,-5.9255,1,PREPARE
7192,28.09375,-1.2772,-4.8217,0.1692,1.2746,1,PREPARE
7193,28.09765625,1.0209,-1.2775,3.8481,5.9184,1,PREPARE
7194,28.1015625,0.0711,-4.6079,0.2552,2.6588,1,PREPARE
7195,28.10546875,0.4705,-4.6178,0.2803,2.3798,1,PREPARE
7196,28.109375,3.428,-6.0207,-2.2385,4.1385,1,PREPARE
7197,28.11328125,3.6894,-9.2133,-0.8288,1.6709,1,PREPARE
7198,28.1171875,3.9902,-4.2188,-3.6724,2.529,1,PREPARE
7199,28.12109375,4.3022,-4.3945,-3.7827,4.0109,1,PREPARE
7200,28.125,4.0848,-3.847,-6.0088,2.2627,1,PREPARE
7201,28.12890625,4.325,-3.3417,-9.097,2.7309,1,PREPARE
7202,28.1328125,5.4693,-1.8865,-3.4993,4.2919,1,PREPARE
7203,28.13671875,2.49,-4.5055,-9.8622,3.0631,1,PREPARE
7204,28.140625,4.5588,2.247,-3.4459,-1.8235,1,PREPARE
7205,28.14453125,2.2714,1.5645,-1.8722,1.1221,1,PREPARE
7206,28.1484375,2.7498,4.7211,-3.9175,0.3688,1,PREPARE
7207,28.15234375,2.104,7.4799,-6.349,-5.5237,1,PREPARE
7208,28.15625,-4.026,3.2896,-3.1217,-5.2876,1,PREPARE
7209,28.16015625,-2.4992,4.9612,0.1614,-8.5903,1,PREPARE
7210,28.1640625,-3.2844,2.7138,-1.8816,-5.6018,1,PREPARE
7211,28.16796875,-2.271,2.3901,-1.7927,-4.0622,1,PREPARE
7212,28.171875,-3.3836,1.8862,3.9651,-5.1324,1,PREPARE
7213,28.17578125,-8.9409,5.1812,3.4816,-5.9744,1,PREPARE
7214,28.1796875,-6.8363,1.0777,3.2969,-2.0965,1,PREPARE
7215,28.18359375,-2.1356,2.2083,5.001,-2.011,1,PREPARE
7216,28.1875,-2.5945,-3.3034,8.368,-0.4402,1,PREPARE
7217,28.19140625,-0.14,-1.279,4.7476,0.9898,1,PREPARE
7218,28.1953125,-1.6997,-7.3146,3.2406,3.2357,1,PREPARE
7219,28.19921875,-0.2296,-7.4946,2.5326,3.8207,1,PREPARE
7220,28.203125,-0.4552,-4.4827,1.4203,4.5578,1,PREPARE
7221,28.20703125,3.06,-4.8459,2.3693,7.9192,1,PREPARE
7222,28.2109375,4.0416,-3.5905,3.1494,2.9125,1,PREPARE
7223,28.21484375,6.0488,-6.1213,4.0603,5.3746,1,PREPARE
7224,28.21875,5.3805,-5.8235,-2.4021,7.2119,1,PREPARE
7225,28.22265625,8.7724,-3.9385,-4.9543,6.8514,1,PREPARE
7226,28.2265625,5.2149,-1.8139,-3.9231,7.8797,1,PREPARE
7227,28.23046875,2.2663,-0.742,-3.9732,6.203,1,PREPARE
7228,28.234375,2.4138,0.9469,-2.9377,0.5341,1,PREPARE
7229,28.23828125,5.2292,-2.1566,-5.0776,2.2911,1,PREPARE
7230,28.2421875,2.9252,-0.2928,-2.2919,-4.8647,1,PREPARE
7231,28.24609375,-1.3412,7.4483,-4.8765,-0.0101,1,PREPARE
7232,28.25,1.9206,0.1982,-5.0492,-1.9937,1,PREPARE
7233,28.25390625,-0.6114,4.9341,-2.2648,-5.2545,1,PREPARE
7234,28.2578125,-3.0273,6.0374,-6.1715,-4.4329,1,PREPARE
7235,28.26171875,-0.0753,3.2729,-2.2164,-3.3864,1,PREPARE
7236,28.265625,-2.9311,6.5063,-0.8589,-1.209,1,PREPARE
7237,28.26953125,0.8809,-0.9093,3.0132,-2.818,1,PREPARE
7238,28.2734375,-5.3032,5.7895,2.5122,-0.9271,1,PREPARE
7239,28.27734375,-6.7194,5.5953,4.832,-0.6015,1,PREPARE
7240,28.28125,-7.9402,1.4313,8.3793,-4.9113,1,PREPARE
7241,28.28515625,-3.5588,0.3612,2.9697,-2.9679,1,PREPARE
7242,28.2890625,-3.4073,-2.8471,4.306,2.9528,1,PREPARE
7243,28.29296875,0.1901,-0.9773,6.5503,-1.6708,1,PREPARE
7244,28.296875,-4.0182,-3.226,4.558,1.684,1,PREPARE
7245,28.30078125,-0.1093,-8.0698,6.3068,2.7434,1,PREPARE
7246,28.3046875,3.9883,-2.833,2.0363,5.5707,1,PREPARE
7247,28.30859375,2.3351,-3.1985,5.0523,6.1154,1,PREPARE
7248,28.3125,6.0529,-3.632,-1.028,1.6208,1,PREPARE
7249,28.31640625,3.9157,-4.5246,1.781,3.6621,1,PREPARE
7250,28.3203125,4.1534,-6.1058,-0.5294,2.3203,1,PREPARE
7251,28.32421875,5.4768,-4.5029,-1.8013,1.5598,1,PREPARE
7252,28.328125,6.5039,-0.0541,-1.4872,2.965,1,PREPARE
7253,28.33203125,2.982,0.1583,-4.3854,0.545,1,PREPARE
7254,28.3359375,0.8404,4.9649,-3.5987,1.7685,1,PREPARE
7255,28.33984375,2.3695,2.0935,-1.2746,-1.6048,1,PREPARE
7256,28.34375,0.7212,2.2272,-8.9326,-5.8653,1,PREPARE
7257,28.34765625,0.9179,1.4993,-6.1065,-1.2608,1,PREPARE
7258,28.3515625,-1.3208,4.361,-2.7031,-0.1451,1,PREPARE
7259,28.35546875,0.6046,3.4274,-3.643,1.4311,1,PREPARE
7260,28.359375,-3.1958,8.5097,1.5734,-5.7575,1,PREPARE
7261,28.36328125,-4.5084,5.3348,-0.8835,-4.7605,1,PREPARE
7262,28.3671875,-3.6543,6.1629,-0.119,-3.7172,1,PREPARE
7263,28.37109375,-5.7212,4.9594,0.9517,-2.1331,1,PREPARE
7264,28.375,-5.8849,4.1675,1.9079,-4.4119,1,PREPARE
7265,28.37890625,-6.9957,0.6205,6.608,-0.2071,1,PREPARE
7266,28.3828125,-7.5784,3.0737,3.3597,1.5995,1,PREPARE
7267,28.38671875,-4.2158,-2.024,1.8554,2.0754,1,PREPARE
7268,28.390625,-3.0367,-2.5107,-0.2676,0.2108,1,PREPARE
7269,28.39453125,-1.676,-5.8007,10.547,6.1292,1,PREPARE
7270,28.3984375,-3.4521,-5.8543,6.3797,4.4205,1,PREPARE
7271,28.40234375,3.9323,-4.8226,5.307,5.6505,1,PREPARE
7272,28.40625,2.5297,-6.2263,0.8794,6.5394,1,PREPARE
7273,28.41015625,2.0162,-6.3759,1.863,3.9916,1,PREPARE
7274,28.4140625,4.1463,-3.2713,-0.1891,1.4334,1,PREPARE
7275,28.41796875,4.9506,-2.3619,1.2717,3.2944,1,PREPARE
7276,28.421875,6.8606,-7.1514,1.5963,2.2824,1,PREPARE
7277,28.42578125,5.8056,-0.5936,-5.0897,2.8034,1,PREPARE
7278,28.4296875,4.8465,-2.5521,-1.0038,-0.8262,1,PREPARE
7279,28.43359375,5.9785,2.2736,-2.506,-2.4388,1,PREPARE
7280,28.4375,6.6718,1.565,-4.2819,-4.4796,1,PREPARE
7281,28.44140625,3.887,2.8695,-4.9319,-4.1393,1,PREPARE
7282,28.4453125,-0.6424,1.2606,-2.5189,-6.1632,1,PREPARE
7283,28.44921875,3.2744,4.4119,-5.0323,-3.6091,1,PREPARE
7284,28.453125,-0.9038,6.5063,-5.6451,-9.0785,1,PREPARE
7285,28.45703125,-1.5318,3.8263,-5.0309,-4.5975,1,PREPARE
7286,28.4609375,-4.8471,5.2684,-2.976,-5.6915,1,PREPARE
7287,28.46484375,-6.7638,3.1717,-2.9772,-3.139,1,PREPARE
7288,28.46875,-2.8272,1.5737,1.184,-2.7641,1,PREPARE
7289,28.47265625,-3.4449,1.6191,1.0539,1.6697,1,PREPARE
7290,28.4765625,-6.6504,2.3206,1.7122,2.5986,1,PREPARE
7291,28.48046875,-5.1903,0.6274,7.2235,3.3895,1,PREPARE
7292,28.484375,-3.408,-0.4662,2.211,4.6622,1,PREPARE
7293,28.48828125,0.6785,1.8006,2.4568,2.8865,1,PREPARE
7294,28.4921875,-1.0722,-6.7657,0.6238,5.5835,1,PREPARE
7295,28.49609375,-0.134,-5.0314,0.3907,5.3667,1,PREPARE
7296,28.5,1.6437,-2.7566,5.9395,8.1763,1,PREPARE
7297,28.50390625,0.1424,-4.7218,5.4957,4.3234,1,PREPARE
7298,28.5078125,3.1215,-3.5498,5.1375,5.5593,1,PREPARE
7299,28.51171875,1.8176,-1.9448,-0.0758,5.2641,1,PREPARE
7300,28.515625,2.373,-2.2243,2.1984,2.1818,1,PREPARE
7301,28.51953125,3.2156,-2.4997,0.5141,1.578,1,PREPARE
7302,28.5234375,5.9642,-5.5082,1.0678,-1.5092,1,PREPARE
7303,28.52734375,4.2303,-0.5385,-3.9402,-2.0168,1,PREPARE
7304,28.53125,5.3355,2.1678,0.1908,-1.0341,1,PREPARE
7305,28.53515625,3.4761,2.3891,-3.6529,-0.394,1,PREPARE
7306,28.5390625,1.56,2.8026,-4.0982,-6.8628,1,PREPARE
7307,28.54296875,-0.3614,2.5989,-5.2559,-2.7572,1,PREPARE
7308,28.546875,0.9643,2.086,-4.2866,-4.9106,1,PREPARE
7309,28.55078125,1.8792,7.8811,-5.6312,-5.1235,1,PREPARE
7310,28.5546875,-1.4238,7.8959,-5.0115,-0.2387,1,PREPARE
7311,28.55859375,-1.5342,4.8526,-4.3917,-6.94,1,PREPARE
7312,28.5625,-4.5982,2.9447,-2.5914,-2.4642,1,PREPARE
7313,28.56640625,-6.0398,1.6123,2.7106,-2.3254,1,PREPARE
7314,28.5703125,-1.9143,-0.361,-0.9118,-0.9716,1,PREPARE
7315,28.57421875,-4.5685,3.9415,1.6673,-0.1879,1,PREPARE
7316,28.578125,-5.0812,-0.3666,1.3771,2.6607,1,PREPARE
7317,28.58203125,-2.4968,-2.9571,2.6919,5.8399,1,PREPARE
7318,28.5859375,-3.1554,-1.3146,1.2288,3.8919,1,PREPARE
7319,28.58984375,-4.4349,-2.3581,4.557,6.3991,1,PREPARE
7320,28.59375,-0.5449,-3.1848,6.3616,6.3254,1,PREPARE
7321,28.59765625,1.5672,-6.6479,2.6632,4.1337,1,PREPARE
7322,28.6015625,2.2772,-3.3806,2.3328,4.5918,1,PREPARE
7323,28.60546875,-2.4326,-5.2046,3.8726,2.5042,1,PREPARE
7324,28.609375,3.2713,-1.8133,3.3037,3.7592,1,PREPARE
7325,28.61328125,2.4713,-0.999,4.0955,2.7592,1,PREPARE
7326,28.6171875,3.6757,-2.3101,-0.2022,1.7484,1,PREPARE
7327,28.62109375,2.3984,-0.2531,2.5734,0.8459,1,PREPARE
7328,28.625,5.7454,-3.1878,-2.6111,-1.3332,1,PREPARE
7329,28.62890625,8.4376,2.6291,-3.0631,-6.0345,1,PREPARE
7330,28.6328125,2.2069,2.9503,-1.5332,-5.2147,1,PREPARE
7331,28.63671875,5.8045,6.4556,-5.2281,-2.823,1,PREPARE
7332,28.640625,2.469,4.8221,-5.6923,-2.7463,1,PREPARE
7333,28.64453125,-1.4947,6.0677,-4.1353,-4.0743,1,PREPARE
7334,28.6484375,-2.1092,5.5072,-7.5788,-3.9278,1,PREPARE
7335,28.65234375,-3.5365,2.3644,-6.3455,-2.9272,1,PREPARE
7336,28.65625,-2.2067,8.0013,-5.3012,-4.0875,1,PREPARE
7337,28.66015625,-1.8751,6.5937,-5.1637,4.6131,3,RIGHT_MI
7338,28.6640625,4.3767,7.0493,-1.4732,0.2442,3,RIGHT_MI
7339,28.66796875,-2.1979,5.9212,-1.0318,6.3627,3,RIGHT_MI
7340,28.671875,1.1896,2.6089,2.069,4.1374,3,RIGHT_MI
7341,28.67578125,-6.4815,2.5929,3.2058,3.8769,3,RIGHT_MI
7342,28.6796875,-1.7639,-0.3122,-0.3245,3.1015,3,RIGHT_MI
7343,28.68359375,-6.8776,-4.1041,5.7727,7.0097,3,RIGHT_MI
7344,28.6875,-4.4871,-4.5582,3.453,-1.6047,3,RIGHT_MI
7345,28.69140625,-1.4345,-5.1612,1.6406,0.7744,3,RIGHT_MI
7346,28.6953125,-1.4157,-5.1191,6.3977,6.7411,3,RIGHT_MI
7347,28.69921875,4.2036,-5.9999,5.0597,4.6951,3,RIGHT_MI
7348,28.703125,0.8229,1.8618,5.2533,8.957,3,RIGHT_MI
7349,28.70703125,0.9492,-0.547,9.5375,10.2271,3,RIGHT_MI
7350,28.7109375,10.7138,-6.9521,2.268,5.6863,3,RIGHT_MI
7351,28.71484375,8.232,-2.1958,0.7666,2.3132,3,RIGHT_MI
7352,28.71875,5.3884,-1.796,0.58,-0.117,3,RIGHT_MI
7353,28.72265625,3.4746,0.5708,3.6542,-3.7927,3,RIGHT_MI
7354,28.7265625,-3.1717,1.3688,-2.5058,-4.5062,3,RIGHT_MI
7355,28.73046875,3.7715,1.729,-2.5508,-9.3507,3,RIGHT_MI
7356,28.734375,0.4383,-2.5937,-10.189,-9.1585,3,RIGHT_MI
7357,28.73828125,-0.9416,-4.0609,-0.6375,-5.6175,3,RIGHT_MI
7358,28.7421875,0.7544,10.0371,-7.4008,-7.1907,3,RIGHT_MI
7359,28.74609375,0.9956,3.7716,-7.9257,-6.8651,3,RIGHT_MI
7360,28.75,0.008,2.0602,-6.4511,-11.9766,3,RIGHT_MI
7361,28.75390625,-4.3273,6.0475,-5.4887,2.2714,3,RIGHT_MI
7362,28.7578125,2.5455,6.7232,-6.4029,3.6147,3,RIGHT_MI
7363,28.76171875,0.7114,9.0318,3.214,2.9682,3,RIGHT_MI
7364,28.765625,-2.9129,7.9246,-1.6651,2.0723,3,RIGHT_MI
7365,28.76953125,2.3404,7.7538,1.9326,10.5467,3,RIGHT_MI
7366,28.7734375,-3.7897,3.2816,-3.8647,7.547,3,RIGHT_MI
7367,28.77734375,-0.6438,-1.4718,5.4394,0.5225,3,RIGHT_MI
7368,28.78125,-6.6048,-5.0608,-3.7034,6.1592,3,RIGHT_MI
7369,28.78515625,-5.7645,-6.2335,-0.6051,5.7904,3,RIGHT_MI
7370,28.7890625,-7.8859,-7.9634,-1.5894,1.232,3,RIGHT_MI
7371,28.79296875,-3.8863,-6.0856,4.0928,6.3627,3,RIGHT_MI
7372,28.796875,-1.9109,-7.5239,11.5748,1.2736,3,RIGHT_MI
7373,28.80078125,3.0426,-5.4016,7.4712,3.836,3,RIGHT_MI
7374,28.8046875,3.073,-6.1737,8.8752,4.554,3,RIGHT_MI
7375,28.80859375,8.3051,-2.2613,7.2733,2.5852,3,RIGHT_MI
7376,28.8125,0.8857,0.8233,7.7223,0.2454,3,RIGHT_MI
7377,28.81640625,6.8587,-7.0205,7.7341,-1.472,3,RIGHT_MI
7378,28.8203125,2.4999,3.0507,-3.64,-5.8908,3,RIGHT_MI
7379,28.82421875,1.5197,0.1584,-0.9092,-5.4814,3,RIGHT_MI
7380,28.828125,3.1174,0.3131,-1.5874,-9.6643,3,RIGHT_MI
7381,28.83203125,1.0576,-3.7866,0.1692,-9.3165,3,RIGHT_MI
7382,28.8359375,-9.4549,-0.5596,-5.9697,-7.2189,3,RIGHT_MI
7383,28.83984375,-3.9505,1.3772,-5.1785,-8.8481,3,RIGHT_MI
7384,28.84375,-2.343,6.1847,-3.6586,-4.8434,3,RIGHT_MI
7385,28.84765625,1.4439,1.7627,0.4591,-7.5946,3,RIGHT_MI
7386,28.8515625,-0.8425,4.731,-7.2561,-0.4046,3,RIGHT_MI
7387,28.85546875,0.5955,7.2689,-8.3551,3.6515,3,RIGHT_MI
7388,28.859375,-3.0198,1.9099,1.0361,1.417,3,RIGHT_MI
7389,28.86328125,0.2158,3.7228,-5.5137,-3.4354,3,RIGHT_MI
7390,28.8671875,-2.3972,8.5273,-3.1868,4.6012,3,RIGHT_MI
7391,28.87109375,3.845,-0.2536,-2.0203,9.497,3,RIGHT_MI
7392,28.875,5.1084,-0.9987,-0.054,9.0943,3,RIGHT_MI
7393,28.87890625,-2.6341,-5.9186,-0.805,3.2264,3,RIGHT_MI
7394,28.8828125,2.339,-1.5865,-2.1242,5.5853,3,RIGHT_MI
7395,28.88671875,-2.2708,-3.1954,-2.1919,5.8565,3,RIGHT_MI
7396,28.890625,-5.1626,-6.4948,-2.4799,3.522,3,RIGHT_MI
7397,28.89453125,1.8999,-10.9436,-1.6559,0.0539,3,RIGHT_MI
7398,28.8984375,-1.732,-7.1045,0.6223,8.8368,3,RIGHT_MI
7399,28.90234375,0.6068,-5.7826,11.9283,-5.1624,3,RIGHT_MI
7400,28.90625,4.6422,-1.3516,9.66,0.0688,3,RIGHT_MI
7401,28.91015625,0.7385,-0.8079,6.8107,4.2639,3,RIGHT_MI
7402,28.9140625,5.1249,2.4349,3.165,3.129,3,RIGHT_MI
7403,28.91796875,4.521,5.0871,4.0157,-2.2799,3,RIGHT_MI
7404,28.921875,7.1987,-4.1661,1.7696,-4.1247,3,RIGHT_MI
7405,28.92578125,-5.8619,2.5459,3.3782,-6.8867,3,RIGHT_MI
7406,28.9296875,-1.1378,-2.6087,-3.636,-11.7158,3,RIGHT_MI
7407,28.93359375,-3.8111,6.1822,-5.1938,-6.9114,3,RIGHT_MI
7408,28.9375,0.86,7.7331,-6.2363,-7.0029,3,RIGHT_MI
7409,28.94140625,1.4584,-1.8991,-3.9488,-5.6543,3,RIGHT_MI
7410,28.9453125,2.1625,1.5303,-6.3473,-8.6194,3,RIGHT_MI
7411,28.94921875,-6.456,5.0543,-10.5764,0.4859,3,RIGHT_MI
7412,28.953125,2.3687,4.2225,-2.7832,3.5699,3,RIGHT_MI
7413,28.95703125,-1.3315,4.4482,-7.1619,10.1138,3,RIGHT_MI
7414,28.9609375,0.803,3.9231,-1.927,5.819,3,RIGHT_MI
7415,28.96484375,1.5783,5.6821,3.0182,6.0186,3,RIGHT_MI
7416,28.96875,5.336,3.8605,-1.4055,8.8914,3,RIGHT_MI
7417,28.97265625,2.7361,2.606,-3.835,2.4746,3,RIGHT_MI
7418,28.9765625,-0.5685,1.8784,2.7248,4.316,3,RIGHT_MI
7419,28.98046875,-3.6716,-1.4519,-2.7828,-0.3751,3,RIGHT_MI
7420,28.984375,-3.137,-6.4294,-3.8192,6.5365,3,RIGHT_MI
7421,28.98828125,-0.2432,-4.2984,-4.4425,-2.359,3,RIGHT_MI
7422,28.9921875,-2.6935,-5.8712,2.7502,1.6586,3,RIGHT_MI
7423,28.99609375,-7.8996,-9.333,7.5036,-0.3273,3,RIGHT_MI
7424,29.0,-1.5794,-1.8837,4.7407,2.8521,3,RIGHT_MI
7425,29.00390625,3.3463,-4.0434,8.2693,4.2727,3,RIGHT_MI
7426,29.0078125,6.181,5.4165,8.291,1.8459,3,RIGHT_MI
7427,29.01171875,4.4615,2.0127,5.6341,-1.768,3,RIGHT_MI
7428,29.015625,9.2116,5.7577,8.4323,-5.8207,3,RIGHT_MI
7429,29.01953125,7.8034,1.6477,4.2529,-5.7893,3,RIGHT_MI
7430,29.0234375,2.6138,-1.0703,3.1407,-7.5853,3,RIGHT_MI
7431,29.02734375,5.7647,3.0578,0.5132,-1.4008,3,RIGHT_MI
7432,29.03125,-2.4835,5.1113,-4.7658,-3.6656,3,RIGHT_MI
7433,29.03515625,2.6632,-0.6198,-3.7936,-7.2646,3,RIGHT_MI
7434,29.0390625,-4.7919,4.9656,-10.0873,-5.7737,3,RIGHT_MI
7435,29.04296875,-4.5715,-0.1077,-6.5372,-1.4479,3,RIGHT_MI
7436,29.046875,-4.9496,5.6151,-7.6277,2.7306,3,RIGHT_MI
7437,29.05078125,3.9138,7.8493,-4.3252,-2.7364,3,RIGHT_MI
7438,29.0546875,4.2428,7.6942,0.0902,9.9156,3,RIGHT_MI
7439,29.05859375,8.1916,4.0282,-7.1983,5.3453,3,RIGHT_MI
7440,29.0625,-1.121,4.9054,1.9099,11.7552,3,RIGHT_MI
7441,29.06640625,-2.7161,1.4018,0.223,6.3923,3,RIGHT_MI
7442,29.0703125,1.7077,2.3885,2.4408,9.5196,3,RIGHT_MI
7443,29.07421875,-4.6469,-2.3527,-4.0155,7.1705,3,RIGHT_MI
7444,29.078125,-6.3799,-3.5777,0.5875,4.2299,3,RIGHT_MI
7445,29.08203125,2.233,-10.2955,-4.417,5.9667,3,RIGHT_MI
7446,29.0859375,-1.8298,-8.3905,-1.7292,1.9674,3,RIGHT_MI
7447,29.08984375,-3.675,-4.0053,0.3967,-3.6613,3,RIGHT_MI
7448,29.09375,3.0038,-18.3393,7.0055,-2.3692,3,RIGHT_MI
7449,29.09765625,2.7133,-9.3082,1.466,-2.1833,3,RIGHT_MI
7450,29.1015625,0.8222,-6.1889,6.3432,-3.5167,3,RIGHT_MI
7451,29.10546875,3.7738,6.7897,6.4542,-2.9977,3,RIGHT_MI
7452,29.109375,4.2803,5.219,3.7571,0.5048,3,RIGHT_MI
7453,29.11328125,4.1828,2.3598,8.0659,-1.0591,3,RIGHT_MI
7454,29.1171875,3.8969,2.084,10.4343,-1.9086,3,RIGHT_MI
7455,29.12109375,3.3995,7.2305,6.4064,-4.3822,3,RIGHT_MI
7456,29.125,2.2238,1.2071,5.1225,-7.6471,3,RIGHT_MI
7457,29.12890625,0.4887,5.1221,-4.729,-7.2819,3,RIGHT_MI
7458,29.1328125,-3.0678,6.3265,-9.4768,-4.9737,3,RIGHT_MI
7459,29.13671875,-2.508,0.5712,-1.5549,-5.0121,3,RIGHT_MI
7460,29.140625,3.6963,6.3356,-2.4097,-5.3772,3,RIGHT_MI
7461,29.14453125,-7.1345,2.4454,-7.2108,-7.6172,3,RIGHT_MI
7462,29.1484375,-3.5235,4.2513,-8.1502,-0.04,3,RIGHT_MI
7463,29.15234375,-0.8024,7.0821,-1.2592,4.3564,3,RIGHT_MI
7464,29.15625,1.6446,0.8475,-6.5009,11.7499,3,RIGHT_MI
7465,29.16015625,-4.7344,3.0436,0.2708,13.1577,3,RIGHT_MI
7466,29.1640625,-1.4862,5.2993,-1.245,12.7006,3,RIGHT_MI
7467,29.16796875,-1.0141,3.2032,-7.1458,3.7151,3,RIGHT_MI
7468,29.171875,-5.0162,-3.3726,-2.9121,7.6473,3,RIGHT_MI
7469,29.17578125,0.4029,-9.923,-4.2964,5.2039,3,RIGHT_MI
7470,29.1796875,-2.8945,-8.3181,-8.2595,4.5787,3,RIGHT_MI
7471,29.18359375,-4.0748,-9.6741,0.367,-2.5871,3,RIGHT_MI
7472,29.1875,1.043,-9.8622,-7.2988,-1.8673,3,RIGHT_MI
7473,29.19140625,-2.3209,-3.3055,-2.3717,-2.9171,3,RIGHT_MI
7474,29.1953125,-1.7432,-13.1831,0.3107,-6.3774,3,RIGHT_MI
7475,29.19921875,-3.1392,-7.5612,-0.3616,-7.356,3,RIGHT_MI
7476,29.203125,-7.2732,-3.2776,8.0394,0.4511,3,RIGHT_MI
7477,29.20703125,4.6305,-3.8699,10.377,-4.1933,3,RIGHT_MI
7478,29.2109375,3.8806,-5.3355,12.122,0.2957,3,RIGHT_MI
7479,29.21484375,6.5181,4.0289,1.5531,-4.4303,3,RIGHT_MI
7480,29.21875,5.0988,5.7795,5.5524,-6.2468,3,RIGHT_MI
7481,29.22265625,3.6879,5.5081,7.9273,-5.026,3,RIGHT_MI
7482,29.2265625,-0.1906,-1.354,0.7116,-6.7168,3,RIGHT_MI
7483,29.23046875,0.3037,3.7225,-2.4817,-1.8235,3,RIGHT_MI
7484,29.234375,-1.8267,4.1079,-1.457,-4.2117,3,RIGHT_MI
7485,29.23828125,-2.7948,1.5748,1.3375,-4.0078,3,RIGHT_MI
7486,29.2421875,-1.521,10.9045,-8.7826,0.5438,3,RIGHT_MI
7487,29.24609375,-3.2558,8.5159,-9.5077,-1.6426,3,RIGHT_MI
7488,29.25,-0.0169,2.8359,0.6676,-0.3805,3,RIGHT_MI
7489,29.25390625,5.2167,2.997,-1.0057,9.0461,3,RIGHT_MI
7490,29.2578125,-0.8939,-1.6615,-8.7226,7.2776,3,RIGHT_MI
7491,29.26171875,1.1013,4.5237,-7.0173,12.8856,3,RIGHT_MI
7492,29.265625,2.4336,0.9494,0.8735,8.6631,3,RIGHT_MI
7493,29.26953125,-2.2029,3.1134,0.1767,6.7932,3,RIGHT_MI
7494,29.2734375,-1.8314,-4.5071,-6.4563,8.5717,3,RIGHT_MI
7495,29.27734375,0.2519,-2.5854,-2.3575,0.169,3,RIGHT_MI
7496,29.28125,-0.6223,-7.3951,-8.0183,2.8418,3,RIGHT_MI
7497,29.28515625,-3.7371,-6.0909,-8.4141,-1.9747,3,RIGHT_MI
7498,29.2890625,-5.588,-9.5937,0.6859,-8.2583,3,RIGHT_MI
7499,29.29296875,-3.1872,-7.4472,1.0018,-9.2944,3,RIGHT_MI
7500,29.296875,-2.2107,-5.8507,4.0728,-6.0819,3,RIGHT_MI
7501,29.30078125,1.4372,-2.5704,2.1796,-9.6798,3,RIGHT_MI
7502,29.3046875,7.1778,1.1106,9.4453,-6.9858,3,RIGHT_MI
7503,29.30859375,1.6348,-0.7295,9.0248,-5.8941,3,RIGHT_MI
7504,29.3125,8.201,-2.9539,11.0739,-0.6316,3,RIGHT_MI
7505,29.31640625,1.6883,4.4237,9.5069,-2.2246,3,RIGHT_MI
7506,29.3203125,3.5885,2.029,12.313,-0.2312,3,RIGHT_MI
7507,29.32421875,3.1968,8.5491,6.9009,-2.9722,3,RIGHT_MI
7508,29.328125,0.3621,-1.9255,7.9032,2.4934,3,RIGHT_MI
7509,29.33203125,-4.1501,1.1569,-1.4165,-0.1538,3,RIGHT_MI
7510,29.3359375,-4.4672,-1.9957,-4.7338,-4.2727,3,RIGHT_MI
7511,29.33984375,0.3353,4.6808,-7.2073,1.5434,3,RIGHT_MI
7512,29.34375,-2.225,7.0755,-6.0452,4.1242,3,RIGHT_MI
7513,29.34765625,-0.9356,1.5659,-3.886,4.2051,3,RIGHT_MI
7514,29.3515625,1.9397,6.7693,-6.3807,9.7718,3,RIGHT_MI
7515,29.35546875,8.4742,6.4758,-9.7201,8.1248,3,RIGHT_MI
7516,29.359375,2.4038,-0.4232,-0.34,7.2997,3,RIGHT_MI
7517,29.36328125,3.1765,-0.3737,1.3144,11.3348,3,RIGHT_MI
7518,29.3671875,0.2839,5.5946,-2.7363,4.5177,3,RIGHT_MI
7519,29.37109375,5.335,0.2392,-7.9709,4.8185,3,RIGHT_MI
7520,29.375,-2.8144,-4.0057,-2.4497,6.2256,3,RIGHT_MI
7521,29.37890625,1.5288,-5.4717,0.9801,-1.2393,3,RIGHT_MI
7522,29.3828125,-4.6294,-9.4739,0.2225,-8.949,3,RIGHT_MI
7523,29.38671875,-5.5581,-15.259,-2.3546,-7.4981,3,RIGHT_MI
7524,29.390625,-1.3013,-6.8571,-4.8503,-0.5074,3,RIGHT_MI
7525,29.39453125,-3.338,-11.6777,1.7889,-6.2813,3,RIGHT_MI
7526,29.3984375,2.7371,-4.7056,-0.3451,-6.7898,3,RIGHT_MI
7527,29.40234375,6.4898,-3.4267,8.9951,-8.6973,3,RIGHT_MI
7528,29.40625,0.0828,-4.428,7.1663,-4.6899,3,RIGHT_MI
7529,29.41015625,6.4777,0.4194,14.3365,-3.012,3,RIGHT_MI
7530,29.4140625,6.3,6.3266,3.5078,-0.4494,3,RIGHT_MI
7531,29.41796875,4.8255,1.8522,12.7157,-6.0813,3,RIGHT_MI
7532,29.421875,0.4077,0.236,6.6298,-3.6249,3,RIGHT_MI
7533,29.42578125,-1.3577,6.2052,-0.8024,-3.4403,3,RIGHT_MI
7534,29.4296875,-2.2662,4.1958,1.8423,-3.446,3,RIGHT_MI
7535,29.43359375,-2.3387,3.7044,-1.4803,-3.2028,3,RIGHT_MI
7536,29.4375,-5.6256,3.0327,-3.5778,3.4905,3,RIGHT_MI
7537,29.44140625,-0.8594,4.5805,-4.7064,2.2495,3,RIGHT_MI
7538,29.4453125,-1.5869,5.0493,-4.5617,1.4221,3,RIGHT_MI
7539,29.44921875,-3.0945,3.1651,-8.7724,5.2866,3,RIGHT_MI
7540,29.453125,-0.873,4.3256,-0.3691,7.2492,3,RIGHT_MI
7541,29.45703125,10.8162,2.1178,-3.1255,4.673,3,RIGHT_MI
7542,29.4609375,6.1515,1.3646,-0.5789,9.5442,3,RIGHT_MI
7543,29.46484375,0.518,4.2244,0.934,9.5172,3,RIGHT_MI
7544,29.46875,1.6906,5.0965,-6.3937,5.6434,3,RIGHT_MI
7545,29.47265625,-3.8975,-3.6743,-7.0186,2.0846,3,RIGHT_MI
7546,29.4765625,-4.9585,-3.5894,-3.8289,-1.5703,3,RIGHT_MI
7547,29.48046875,-6.2842,-6.188,-2.0784,-3.5474,3,RIGHT_MI
7548,29.484375,-9.1176,-8.1166,-9.0298,-2.3429,3,RIGHT_MI
7549,29.48828125,-2.1151,-15.2528,-3.7626,-5.803,3,RIGHT_MI
7550,29.4921875,2.5458,-9.6288,1.8777,-6.7662,3,RIGHT_MI
7551,29.49609375,-0.4571,-3.7388,3.4863,-10.2401,3,RIGHT_MI
7552,29.5,-2.6902,-4.2944,-3.9194,-5.3327,3,RIGHT_MI
7553,29.50390625,-0.4397,-1.0481,12.1734,-2.8543,3,RIGHT_MI
7554,29.5078125,10.6265,-1.0738,8.1036,-4.8326,3,RIGHT_MI
7555,29.51171875,8.2652,-1.7684,6.0974,-4.3273,3,RIGHT_MI
7556,29.515625,2.7679,7.8244,6.4001,-2.0152,3,RIGHT_MI
7557,29.51953125,-0.2167,4.6175,8.4302,3.3338,3,RIGHT_MI
7558,29.5234375,3.6077,1.8461,3.4035,1.634,3,RIGHT_MI
7559,29.52734375,0.4223,9.5164,1.0009,-1.1268,3,RIGHT_MI
7560,29.53125,-5.765,6.1357,1.2158,6.1537,3,RIGHT_MI
7561,29.53515625,-3.585,2.8256,-1.1013,-2.9336,3,RIGHT_MI
7562,29.5390625,-5.3076,1.7656,-2.2886,4.3349,3,RIGHT_MI
7563,29.54296875,-2.3816,1.5072,-1.8486,-0.3369,3,RIGHT_MI
7564,29.546875,-2.2271,4.7484,-9.1038,10.0622,3,RIGHT_MI
7565,29.55078125,-6.3728,5.8745,-3.6823,11.353,3,RIGHT_MI
7566,29.5546875,1.8484,6.8243,0.8665,5.3157,3,RIGHT_MI
7567,29.55859375,4.1571,7.2288,-0.4827,9.2329,3,RIGHT_MI
7568,29.5625,-2.1644,1.077,-3.7748,5.6363,3,RIGHT_MI
7569,29.56640625,7.1686,4.0432,-2.499,0.4614,3,RIGHT_MI
7570,29.5703125,-4.6188,1.4377,3.0744,-1.0649,3,RIGHT_MI
7571,29.57421875,1.5758,-6.5958,-1.536,-3.5031,3,RIGHT_MI
7572,29.578125,-3.378,-7.6972,-3.0262,-5.6728,3,RIGHT_MI
7573,29.58203125,-4.81,-9.8531,-6.5906,-2.4677,3,RIGHT_MI
7574,29.5859375,-0.3238,-8.7564,-3.5001,-8.6707,3,RIGHT_MI
7575,29.58984375,-1.8001,-4.5795,-4.9941,-13.7546,3,RIGHT_MI
7576,29.59375,-1.0599,-8.9482,-4.1501,-6.0815,3,RIGHT_MI
7577,29.59765625,-0.812,-7.6501,0.9545,-10.4131,3,RIGHT_MI
7578,29.6015625,-2.588,-2.1383,4.3179,-5.9619,3,RIGHT_MI
7579,29.60546875,-1.0674,-1.6249,5.9979,-5.7945,3,RIGHT_MI
7580,29.609375,3.857,3.529,4.8505,-0.4654,3,RIGHT_MI
7581,29.61328125,4.6934,6.5098,7.8143,3.9945,3,RIGHT_MI
7582,29.6171875,4.8636,7.4353,7.8111,1.6738,3,RIGHT_MI
7583,29.62109375,1.8501,1.097,6.0943,1.5327,3,RIGHT_MI
7584,29.625,0.4222,10.1334,2.3564,2.9152,3,RIGHT_MI
7585,29.62890625,3.8094,6.4473,4.8019,6.6873,3,RIGHT_MI
7586,29.6328125,-3.5139,0.6362,0.5465,0.9852,3,RIGHT_MI
7587,29.63671875,0.0815,4.2082,4.0578,5.0056,3,RIGHT_MI
7588,29.640625,-7.8891,6.1316,-0.5351,0.7023,3,RIGHT_MI
7589,29.64453125,-3.6801,4.7417,0.5381,6.0633,3,RIGHT_MI
7590,29.6484375,2.6599,4.0337,4.6385,2.2028,3,RIGHT_MI
7591,29.65234375,0.304,1.6107,-0.5603,3.9071,3,RIGHT_MI
7592,29.65625,-3.5645,2.845,1.1405,9.429,3,RIGHT_MI
7593,29.66015625,2.5377,2.1663,-7.0845,4.4886,3,RIGHT_MI
7594,29.6640625,5.9899,-1.5402,1.1714,2.2951,3,RIGHT_MI
7595,29.66796875,5.557,-2.8598,-3.5974,9.5004,3,RIGHT_MI
7596,29.671875,0.9819,-8.3647,-5.8874,2.0422,3,RIGHT_MI
7597,29.67578125,-3.4576,-5.6858,-4.8108,-5.8552,3,RIGHT_MI
7598,29.6796875,-4.3344,-12.036,-5.5799,-7.9096,3,RIGHT_MI
7599,29.68359375,-8.6717,-7.8712,-7.3278,-11.0097,3,RIGHT_MI
7600,29.6875,-6.997,-10.7307,-2.1877,-10.0286,3,RIGHT_MI
7601,29.69140625,-0.9588,-5.1035,-1.3651,-7.7612,3,RIGHT_MI
7602,29.6953125,0.686,-3.0431,-1.6958,-10.1694,3,RIGHT_MI
7603,29.69921875,-1.3458,-3.5573,1.3428,-9.558,3,RIGHT_MI
7604,29.703125,1.0011,-3.8133,5.9096,-10.5904,3,RIGHT_MI
7605,29.70703125,6.4825,-2.4874,2.0089,-3.124,3,RIGHT_MI
7606,29.7109375,1.3932,5.1473,4.6696,3.06,3,RIGHT_MI
7607,29.71484375,1.5323,9.4317,11.9469,-2.3177,3,RIGHT_MI
7608,29.71875,0.1768,6.1033,9.9899,3.1477,3,RIGHT_MI
7609,29.72265625,-0.2035,4.916,9.6744,4.804,3,RIGHT_MI
7610,29.7265625,1.4782,-2.7575,1.3781,0.4909,3,RIGHT_MI
7611,29.73046875,5.1225,5.2308,4.9107,3.1673,3,RIGHT_MI
7612,29.734375,-0.2559,2.6929,4.7836,2.4849,3,RIGHT_MI
7613,29.73828125,-2.9714,5.5224,-0.7844,2.2566,3,RIGHT_MI
7614,29.7421875,-2.2457,-2.6435,-2.6669,1.3578,3,RIGHT_MI
7615,29.74609375,3.4751,5.3842,-2.5964,7.4356,3,RIGHT_MI
7616,29.75,1.7887,1.8833,-2.8869,8.042,3,RIGHT_MI
7617,29.75390625,4.3187,2.5814,-3.8698,5.0012,3,RIGHT_MI
7618,29.7578125,-1.6161,2.6181,-1.0607,5.9296,3,RIGHT_MI
7619,29.76171875,3.1827,-3.4019,0.066,4.9366,3,RIGHT_MI
7620,29.765625,0.1386,3.4472,-6.3467,3.6626,3,RIGHT_MI
7621,29.76953125,-3.6457,-4.2617,-5.5626,-0.7879,3,RIGHT_MI
7622,29.7734375,-1.7823,-7.866,-7.5936,-4.0307,3,RIGHT_MI
7623,29.77734375,-2.5982,-1.2992,-1.4474,-5.623,3,RIGHT_MI
7624,29.78125,-3.4604,-7.5905,-6.0204,-11.3133,3,RIGHT_MI
7625,29.78515625,-4.3959,-10.3954,-6.334,-14.8475,3,RIGHT_MI
7626,29.7890625,-3.4817,-10.0196,-6.0586,-12.0947,3,RIGHT_MI
7627,29.79296875,-2.4664,-3.8269,-1.3143,-4.4612,3,RIGHT_MI
7628,29.796875,1.1835,-6.3193,-2.4731,-10.0988,3,RIGHT_MI
7629,29.80078125,-4.4278,-0.7959,2.6397,-1.8221,3,RIGHT_MI
7630,29.8046875,5.4765,-1.4357,6.2314,-0.8593,3,RIGHT_MI
7631,29.80859375,0.7351,2.5919,7.5888,1.8496,3,RIGHT_MI
7632,29.8125,3.4305,9.5678,4.1519,7.32,3,RIGHT_MI
7633,29.81640625,5.7329,7.1712,7.91,8.1386,3,RIGHT_MI
7634,29.8203125,0.1245,4.3255,6.8126,11.8501,3,RIGHT_MI
7635,29.82421875,0.9215,6.5772,1.945,6.11,3,RIGHT_MI
7636,29.828125,-0.7859,2.7647,3.4372,-0.264,3,RIGHT_MI
7637,29.83203125,-1.3239,2.1336,-4.3826,6.1774,3,RIGHT_MI
7638,29.8359375,-1.7805,-1.5651,3.8896,2.7711,3,RIGHT_MI
7639,29.83984375,-2.9104,1.5773,-2.7706,4.1152,3,RIGHT_MI
7640,29.84375,-2.6528,-1.7793,0.1881,2.6005,3,RIGHT_MI
7641,29.84765625,3.021,0.06,-2.1814,5.9224,3,RIGHT_MI
7642,29.8515625,0.0614,2.5911,-2.5348,8.0035,3,RIGHT_MI
7643,29.85546875,-2.2772,2.9789,0.2535,-2.6662,3,RIGHT_MI
7644,29.859375,3.4422,-1.4177,-0.7975,0.6946,3,RIGHT_MI
7645,29.86328125,6.9047,-5.2951,-0.2783,-0.6491,3,RIGHT_MI
7646,29.8671875,1.8815,4.1097,-7.3733,-0.5122,3,RIGHT_MI
7647,29.87109375,-4.0212,-5.2991,-6.3236,5.6578,3,RIGHT_MI
7648,29.875,-3.2669,-6.8334,-8.1896,-6.9822,3,RIGHT_MI
7649,29.87890625,-7.1416,-7.1079,-7.771,-4.258,3,RIGHT_MI
7650,29.8828125,-5.278,-9.7665,-7.599,-3.4926,3,RIGHT_MI
7651,29.88671875,-4.8099,-7.1189,-7.3435,-5.3016,3,RIGHT_MI
7652,29.890625,-8.4797,-6.5795,-7.395,-9.3085,3,RIGHT_MI
7653,29.89453125,-4.7488,-8.0014,-3.7282,-6.8121,3,RIGHT_MI
7654,29.8984375,-0.0658,-0.1057,4.2206,-4.1489,3,RIGHT_MI
7655,29.90234375,0.4567,-2.2036,1.6303,1.7651,3,RIGHT_MI
7656,29.90625,3.3025,1.3851,2.9241,-0.2126,3,RIGHT_MI
7657,29.91015625,0.4019,9.655,4.24,0.35,3,RIGHT_MI
7658,29.9140625,1.2686,2.5149,9.1408,8.2322,3,RIGHT_MI
7659,29.91796875,5.1953,6.4594,7.5129,6.8733,3,RIGHT_MI
7660,29.921875,1.8943,5.3161,6.6761,8.3157,3,RIGHT_MI
7661,29.92578125,0.3385,10.3205,8.8545,4.9334,3,RIGHT_MI
7662,29.9296875,2.0934,1.5861,6.5327,8.0835,3,RIGHT_MI
7663,29.93359375,-5.6706,2.0825,3.1902,3.8407,3,RIGHT_MI
7664,29.9375,-2.1187,4.4704,-0.3159,-0.974,3,RIGHT_MI
7665,29.94140625,-3.1014,4.2294,-0.8243,3.7934,3,RIGHT_MI
7666,29.9453125,-1.7465,-4.2905,-2.8788,-2.981,3,RIGHT_MI
7667,29.94921875,6.7199,-0.771,-2.5375,-1.4007,3,RIGHT_MI
7668,29.953125,5.5421,2.5864,-0.6224,-0.3485,3,RIGHT_MI
7669,29.95703125,1.2416,-0.5269,0.3761,-0.9081,3,RIGHT_MI
7670,29.9609375,6.8272,-1.7265,-6.1853,-3.8931,3,RIGHT_MI
7671,29.96484375,7.3234,0.639,1.2766,1.3427,3,RIGHT_MI
7672,29.96875,-6.8302,-0.0858,-4.596,-2.2822,3,RIGHT_MI
7673,29.97265625,-2.4663,-3.7408,-5.7127,-2.6974,3,RIGHT_MI
7674,29.9765625,1.6399,-10.9821,-9.0805,-5.2603,3,RIGHT_MI
7675,29.98046875,-2.7162,-6.3596,-7.1731,-8.3922,3,RIGHT_MI
7676,29.984375,-7.2654,-7.0022,-9.5905,-11.6824,3,RIGHT_MI
7677,29.98828125,-7.4563,-4.1308,-2.7962,-7.8958,3,RIGHT_MI
7678,29.9921875,-3.0218,-4.5634,-1.9165,-6.8845,3,RIGHT_MI
7679,29.99609375,-3.1019,2.5722,-4.4559,-3.8955,3,RIGHT_MI
7680,30.0,-2.395,0.1544,-1.468,0.8824,3,RIGHT_MI
7681,30.00390625,7.2921,-1.9179,1.6731,7.2935,3,RIGHT_MI
7682,30.0078125,0.9258,8.2825,3.86,6.6259,3,RIGHT_MI
7683,30.01171875,6.3655,7.407,6.1006,6.1927,3,RIGHT_MI
7684,30.015625,6.8421,5.9499,12.0161,6.9084,3,RIGHT_MI
7685,30.01953125,-0.0247,5.35,12.3755,6.2782,3,RIGHT_MI
7686,30.0234375,-0.2539,8.6159,7.4116,5.6231,3,RIGHT_MI
7687,30.02734375,5.3328,7.0164,7.4929,4.0789,3,RIGHT_MI
7688,30.03125,-2.436,4.4209,2.8018,2.7014,3,RIGHT_MI
7689,30.03515625,2.5691,-0.6293,5.171,1.9713,3,RIGHT_MI
7690,30.0390625,-0.6936,-2.2386,1.7122,0.0511,3,RIGHT_MI
7691,30.04296875,-2.3811,-2.7405,5.9119,5.419,3,RIGHT_MI
7692,30.046875,-4.5163,-1.4314,1.6194,0.53,3,RIGHT_MI
7693,30.05078125,3.3741,1.9999,0.3423,0.2954,3,RIGHT_MI
7694,30.0546875,-1.5189,2.0728,-0.2556,-1.4493,3,RIGHT_MI
7695,30.05859375,5.277,-3.6781,1.3769,-2.4198,3,RIGHT_MI
7696,30.0625,7.2379,-0.3429,-2.8301,-0.1845,3,RIGHT_MI
7697,30.06640625,6.7896,-1.4931,1.1258,0.2923,3,RIGHT_MI
7698,30.0703125,-0.4299,-10.2828,-6.0512,-11.667,3,RIGHT_MI
7699,30.07421875,-6.6691,-7.2436,-12.0283,-5.4059,3,RIGHT_MI
7700,30.078125,-4.0765,-6.7225,-6.4743,-8.628,3,RIGHT_MI
7701,30.08203125,-4.1266,-11.1327,-8.4123,-10.3116,3,RIGHT_MI
7702,30.0859375,-2.3518,-3.4441,-5.6485,-5.2557,3,RIGHT_MI
7703,30.08984375,-9.3927,-4.6722,-5.808,4.4407,3,RIGHT_MI
7704,30.09375,-3.9454,-1.5613,-2.4581,-3.9676,3,RIGHT_MI
7705,30.09765625,-2.5042,-0.2964,-6.6805,2.9083,3,RIGHT_MI
7706,30.1015625,6.3769,5.2919,-5.0338,-1.3395,3,RIGHT_MI
7707,30.10546875,-1.7554,1.7448,8.0013,4.1388,3,RIGHT_MI
7708,30.109375,6.1744,8.5499,7.5797,3.1572,3,RIGHT_MI
7709,30.11328125,2.627,6.6022,6.8762,11.5222,3,RIGHT_MI
7710,30.1171875,-0.6756,8.1271,4.9635,10.8987,3,RIGHT_MI
7711,30.12109375,-1.6967,10.7677,11.8209,10.2015,3,RIGHT_MI
7712,30.125,5.6279,3.5976,2.2968,7.9015,3,RIGHT_MI
7713,30.12890625,1.1475,2.7644,1.1408,-0.3516,3,RIGHT_MI
7714,30.1328125,-1.4754,3.7442,3.2427,1.2836,3,RIGHT_MI
7715,30.13671875,-8.5296,-0.9918,2.6184,0.1174,3,RIGHT_MI
7716,30.140625,-3.1478,0.4944,1.3009,-1.2519,3,RIGHT_MI
7717,30.14453125,-1.7331,3.7401,5.9085,-1.8482,3,RIGHT_MI
7718,30.1484375,1.0926,2.4324,-1.6112,-3.8076,3,RIGHT_MI
7719,30.15234375,0.9655,1.2643,2.5885,-1.6075,3,RIGHT_MI
7720,30.15625,-0.1838,-7.7493,0.1408,2.1013,3,RIGHT_MI
7721,30.16015625,2.8443,1.7645,1.6268,-4.4884,3,RIGHT_MI
7722,30.1640625,2.0843,-5.2229,-0.0114,-2.9268,3,RIGHT_MI
7723,30.16796875,-4.5266,-2.6403,0.6369,-4.4513,3,RIGHT_MI
7724,30.171875,-1.2824,-6.1486,-10.5584,3.609,3,RIGHT_MI
7725,30.17578125,-4.1654,-1.4328,-7.2143,-4.1199,3,RIGHT_MI
7726,30.1796875,-3.9459,-9.0591,-6.6866,-3.1967,3,RIGHT_MI
7727,30.18359375,-1.2485,-1.6345,-6.1482,-2.1912,3,RIGHT_MI
7728,30.1875,-6.7563,-5.656,-5.3638,-4.8898,3,RIGHT_MI
7729,30.19140625,1.5766,-10.0765,-5.7591,-0.6403,3,RIGHT_MI
7730,30.1953125,0.6517,-2.7217,-9.4735,-1.3089,3,RIGHT_MI
7731,30.19921875,-0.7355,3.6493,-4.2176,2.1372,3,RIGHT_MI
7732,30.203125,-0.0494,5.8349,3.3466,7.7966,3,RIGHT_MI
7733,30.20703125,5.5659,4.8363,0.442,11.8506,3,RIGHT_MI
7734,30.2109375,4.8306,3.1159,3.4288,10.5524,3,RIGHT_MI
7735,30.21484375,3.366,7.4788,6.5645,8.1422,3,RIGHT_MI
7736,30.21875,4.9804,7.2322,5.7466,10.1013,3,RIGHT_MI
7737,30.22265625,0.0916,5.0608,1.2004,3.0744,3,RIGHT_MI
7738,30.2265625,-1.6006,9.0784,1.7278,-1.4981,3,RIGHT_MI
7739,30.23046875,-2.1772,6.931,3.1955,0.9517,3,RIGHT_MI
7740,30.234375,-2.4651,-1.7209,7.5503,0.1286,3,RIGHT_MI
7741,30.23828125,0.0089,-1.6734,3.3615,-6.8697,3,RIGHT_MI
7742,30.2421875,-1.7002,-5.3561,-0.7234,-12.1475,3,RIGHT_MI
7743,30.24609375,-1.8939,-0.0256,8.3163,-4.7208,3,RIGHT_MI
7744,30.25,1.3693,-2.8226,0.9983,-4.1129,3,RIGHT_MI
7745,30.25390625,-0.4994,1.3815,-0.5774,-0.4586,3,RIGHT_MI
7746,30.2578125,2.4556,-4.5822,-0.6431,-0.7266,3,RIGHT_MI
7747,30.26171875,-2.7984,-3.1204,-7.7576,-2.4407,3,RIGHT_MI
7748,30.265625,-0.8891,-3.1852,-3.162,-1.9967,3,RIGHT_MI
7749,30.26953125,-3.9196,-0.2725,-7.0287,-0.2633,3,RIGHT_MI
7750,30.2734375,3.2689,-10.3184,0.923,7.0057,3,RIGHT_MI
7751,30.27734375,-4.3372,-4.2644,-7.3012,0.7374,3,RIGHT_MI
7752,30.28125,-4.197,-5.6716,-7.3304,-2.9634,3,RIGHT_MI
7753,30.28515625,-1.4665,-5.1068,-2.2589,-2.9257,3,RIGHT_MI
7754,30.2890625,-2.9593,-10.1313,-3.1197,-7.84,3,RIGHT_MI
7755,30.29296875,3.8164,-5.2015,-6.2492,3.5223,3,RIGHT_MI
7756,30.296875,-1.9932,-1.5708,-3.1483,2.764,3,RIGHT_MI
7757,30.30078125,1.643,3.4716,-1.243,3.6123,3,RIGHT_MI
7758,30.3046875,-0.0769,6.6436,2.5071,7.6262,3,RIGHT_MI
7759,30.30859375,-1.4019,4.5172,7.2884,8.3308,3,RIGHT_MI
7760,30.3125,11.2365,9.8454,-0.6277,12.11,3,RIGHT_MI
7761,30.31640625,8.8328,5.4106,-0.5097,8.0575,3,RIGHT_MI
7762,30.3203125,1.6457,9.9444,7.778,8.4475,3,RIGHT_MI
7763,30.32421875,0.4137,5.7198,6.4294,6.4483,3,RIGHT_MI
7764,30.328125,2.5968,3.8568,2.559,1.8707,3,RIGHT_MI
7765,30.33203125,-3.3733,0.9643,11.733,-3.7894,3,RIGHT_MI
7766,30.3359375,-6.5447,2.6382,6.8442,-5.212,3,RIGHT_MI
7767,30.33984375,1.6326,0.2889,2.7614,-3.2825,3,RIGHT_MI
7768,30.34375,-4.6793,-7.8744,1.6835,-7.9505,3,RIGHT_MI
7769,30.34765625,3.2571,0.9642,2.5328,-4.0377,3,RIGHT_MI
7770,30.3515625,4.8514,-4.7486,-1.6403,-6.0973,3,RIGHT_MI
7771,30.35546875,6.7583,-8.2961,-1.5072,-4.2203,3,RIGHT_MI
7772,30.359375,2.187,-6.1861,-4.2301,-2.7503,3,RIGHT_MI
7773,30.36328125,4.5806,-4.545,1.713,-3.8262,3,RIGHT_MI
7774,30.3671875,5.8353,-6.803,-1.5223,3.3497,3,RIGHT_MI
7775,30.37109375,1.5663,-8.2372,-9.081,0.2885,3,RIGHT_MI
7776,30.375,-2.4263,-6.6221,-7.1831,3.1153,3,RIGHT_MI
7777,30.37890625,-0.7017,-4.7455,-11.3341,0.7086,3,RIGHT_MI
7778,30.3828125,-2.774,1.64,-5.5953,-3.2492,3,RIGHT_MI
7779,30.38671875,-7.7946,-7.5366,-11.616,0.3751,3,RIGHT_MI
7780,30.390625,-1.3492,-2.7946,-10.0974,-0.5465,3,RIGHT_MI
7781,30.39453125,3.7816,-3.2867,-7.5581,4.1213,3,RIGHT_MI
7782,30.3984375,-1.062,2.9164,-3.4163,2.9932,3,RIGHT_MI
7783,30.40234375,-1.2527,5.9841,-2.43,7.8424,3,RIGHT_MI
7784,30.40625,4.7703,8.4347,4.4741,6.1321,3,RIGHT_MI
7785,30.41015625,6.2904,6.0704,7.0992,3.1905,3,RIGHT_MI
7786,30.4140625,0.8279,12.409,5.3662,5.8742,3,RIGHT_MI
7787,30.41796875,9.6382,11.0311,8.4205,10.9336,3,RIGHT_MI
7788,30.421875,5.0212,6.364,3.9207,5.0514,3,RIGHT_MI
7789,30.42578125,1.2159,7.5062,3.2781,4.5229,3,RIGHT_MI
7790,30.4296875,0.0913,5.5101,4.0302,1.3114,3,RIGHT_MI
7791,30.43359375,3.0128,3.7196,4.2921,-3.7624,3,RIGHT_MI
7792,30.4375,-0.7303,-3.1547,1.3477,-7.7197,3,RIGHT_MI
7793,30.44140625,-3.9929,-2.1286,5.0793,-4.0455,3,RIGHT_MI
7794,30.4453125,2.4143,-4.7663,2.8169,-9.5334,3,RIGHT_MI
7795,30.44921875,0.4937,-6.4599,7.9198,-7.6283,3,RIGHT_MI
7796,30.453125,-0.3153,-4.3261,-1.2706,-2.9079,3,RIGHT_MI
7797,30.45703125,3.8997,0.9823,2.6496,-3.5611,3,RIGHT_MI
7798,30.4609375,-3.1401,-6.0998,0.5526,2.4295,3,RIGHT_MI
7799,30.46484375,2.6608,-5.9831,0.4862,-5.0911,3,RIGHT_MI
7800,30.46875,-3.0202,-0.2409,-4.1239,-1.2794,3,RIGHT_MI
7801,30.47265625,1.1093,-4.5811,-5.0946,0.6754,3,RIGHT_MI
7802,30.4765625,-2.3082,-2.2489,0.4017,-4.1135,3,RIGHT_MI
7803,30.48046875,-11.3541,-1.9255,-12.5431,0.7073,3,RIGHT_MI
7804,30.484375,-5.0735,-6.3596,-9.2235,-1.3079,3,RIGHT_MI
7805,30.48828125,-4.6194,-0.0541,-11.2933,-0.8384,3,RIGHT_MI
7806,30.4921875,-5.102,-2.7522,-11.4686,1.9422,3,RIGHT_MI
7807,30.49609375,-6.5585,0.2251,-6.5178,0.6816,3,RIGHT_MI
7808,30.5,-2.7001,3.2311,-2.4707,2.9055,3,RIGHT_MI
7809,30.50390625,-1.8452,5.6174,-4.2298,5.4556,3,RIGHT_MI
7810,30.5078125,6.3698,8.6695,5.8241,8.1499,3,RIGHT_MI
7811,30.51171875,3.3048,6.7777,7.1325,10.6541,3,RIGHT_MI
7812,30.515625,1.829,8.0257,1.6286,10.2204,3,RIGHT_MI
7813,30.51953125,3.2615,6.8283,3.9654,7.8193,3,RIGHT_MI
7814,30.5234375,2.2567,7.0924,6.4986,6.4569,3,RIGHT_MI
7815,30.52734375,4.1021,-1.2617,-1.1238,-5.0132,3,RIGHT_MI
7816,30.53125,-1.5756,-1.7575,3.7131,-2.3881,3,RIGHT_MI
7817,30.53515625,0.0884,2.7368,6.5503,-5.1494,3,RIGHT_MI
7818,30.5390625,-1.8684,-10.1059,3.9499,-7.2843,3,RIGHT_MI
7819,30.54296875,2.8156,-0.7958,6.1788,-5.1117,3,RIGHT_MI
7820,30.546875,2.5389,-1.8674,4.4178,-9.8129,3,RIGHT_MI
7821,30.55078125,-6.6806,-1.9541,7.8216,-6.5843,3,RIGHT_MI
7822,30.5546875,-1.3454,-4.4758,0.9137,-5.2527,3,RIGHT_MI
7823,30.55859375,-0.8288,-2.4567,5.0075,-4.1437,3,RIGHT_MI
7824,30.5625,-0.0325,0.6317,-4.2096,-0.1854,3,RIGHT_MI
7825,30.56640625,0.6729,-0.6499,3.1319,2.0149,3,RIGHT_MI
7826,30.5703125,-2.2875,-3.7548,-0.6062,2.4179,3,RIGHT_MI
7827,30.57421875,-0.7365,-8.3567,-6.7623,5.6194,3,RIGHT_MI
7828,30.578125,-1.6874,2.4497,-6.2527,5.4811,3,RIGHT_MI
7829,30.58203125,-4.6852,-3.1486,-11.8071,-4.4682,3,RIGHT_MI
7830,30.5859375,-1.3302,-5.1535,-12.1561,3.1939,3,RIGHT_MI
7831,30.58984375,-4.6039,-3.2336,-3.6477,3.2171,3,RIGHT_MI
7832,30.59375,-2.6276,0.8609,-5.1721,3.417,3,RIGHT_MI
7833,30.59765625,-6.0476,1.1339,-7.7218,6.0625,3,RIGHT_MI
7834,30.6015625,-6.3205,4.7554,-5.2073,7.415,3,RIGHT_MI
7835,30.60546875,6.6104,5.7484,5.0946,6.2561,3,RIGHT_MI
7836,30.609375,2.2921,6.1507,2.2383,12.2968,3,RIGHT_MI
7837,30.61328125,8.7166,10.1528,5.0996,4.46,3,RIGHT_MI
7838,30.6171875,2.5103,7.2031,-1.6727,2.9871,3,RIGHT_MI
7839,30.62109375,8.8929,6.1442,9.4267,3.5685,3,RIGHT_MI
7840,30.625,3.8263,5.1467,4.2396,-1.6182,3,RIGHT_MI
7841,30.62890625,-0.0097,1.1643,0.4849,-6.6992,3,RIGHT_MI
7842,30.6328125,-0.4024,-2.1511,8.4318,-9.11,3,RIGHT_MI
7843,30.63671875,0.769,-5.3175,7.248,-7.5234,3,RIGHT_MI
7844,30.640625,-1.3692,3.088,6.7382,-4.4945,3,RIGHT_MI
7845,30.64453125,-5.5573,-1.7159,6.3949,-5.3904,3,RIGHT_MI
7846,30.6484375,-1.7362,-0.6697,-0.438,-8.4502,3,RIGHT_MI
7847,30.65234375,4.1407,-2.6218,6.6708,-5.7549,3,RIGHT_MI
7848,30.65625,-1.6977,-2.7304,6.0523,-8.6369,3,RIGHT_MI
7849,30.66015625,3.9187,-2.3084,1.6807,0.6108,3,RIGHT_MI
7850,30.6640625,0.5321,-4.709,3.6316,0.5808,3,RIGHT_MI
7851,30.66796875,2.5683,-4.4474,5.9881,4.3522,3,RIGHT_MI
7852,30.671875,2.8617,-3.6062,0.4179,4.3654,3,RIGHT_MI
7853,30.67578125,-4.2052,-9.3695,-3.4637,1.7059,3,RIGHT_MI
7854,30.6796875,-7.3255,-5.5051,-7.0916,-2.7452,3,RIGHT_MI
7855,30.68359375,-0.1383,0.8033,-7.1355,5.6417,3,RIGHT_MI
7856,30.6875,1.5762,0.8077,-6.8529,6.8278,3,RIGHT_MI
7857,30.69140625,-6.6636,-3.72,-9.2887,10.0346,3,RIGHT_MI
7858,30.6953125,-0.7404,2.5102,-9.8006,1.2325,3,RIGHT_MI
7859,30.69921875,-1.7172,2.1876,-10.2841,2.7446,3,RIGHT_MI
7860,30.703125,3.3672,13.6243,-3.4452,3.2876,3,RIGHT_MI
7861,30.70703125,-0.586,8.6331,-2.7082,4.5976,3,RIGHT_MI
7862,30.7109375,3.9716,7.1632,-0.3703,5.3077,3,RIGHT_MI
7863,30.71484375,-0.889,7.7758,2.573,4.753,3,RIGHT_MI
7864,30.71875,4.5036,5.678,1.3199,-3.2545,3,RIGHT_MI
7865,30.72265625,0.6889,4.6196,6.6294,-1.9811,3,RIGHT_MI
7866,30.7265625,-1.3305,-4.2728,4.6081,-7.0939,3,RIGHT_MI
7867,30.73046875,-0.8161,-1.0825,2.334,-6.5462,3,RIGHT_MI
7868,30.734375,-5.7488,0.048,2.8858,-10.965,3,RIGHT_MI
7869,30.73828125,1.4803,-4.2984,5.6849,-13.9765,3,RIGHT_MI
7870,30.7421875,-4.4959,-4.5091,-1.6732,-10.0365,3,RIGHT_MI
7871,30.74609375,-1.936,-2.2713,3.8298,-7.421,3,RIGHT_MI
7872,30.75,-3.9467,-5.622,1.3696,-4.3122,3,RIGHT_MI
7873,30.75390625,5.0715,-8.2292,7.4857,1.0455,3,RIGHT_MI
7874,30.7578125,5.5025,-7.3538,4.7358,0.4498,3,RIGHT_MI
7875,30.76171875,-0.6947,-3.0853,6.0613,3.3843,3,RIGHT_MI
7876,30.765625,-0.3082,-1.6074,3.0099,10.2232,3,RIGHT_MI
7877,30.76953125,4.5246,-4.8299,0.0066,4.9074,3,RIGHT_MI
7878,30.7734375,-5.9284,-7.4056,-3.2618,5.6964,3,RIGHT_MI
7879,30.77734375,1.2044,-4.4587,-10.148,5.7982,3,RIGHT_MI
7880,30.78125,-1.9485,-3.4284,-7.9604,4.9303,3,RIGHT_MI
7881,30.78515625,2.8645,-5.3932,-6.9787,3.6153,3,RIGHT_MI
7882,30.7890625,-0.175,1.4386,-7.3602,1.2081,3,RIGHT_MI
7883,30.79296875,3.3114,-0.9085,-9.4689,0.842,3,RIGHT_MI
7884,30.796875,-0.5235,0.8576,-8.2117,7.504,3,RIGHT_MI
7885,30.80078125,-0.808,9.0815,-6.2771,6.2854,3,RIGHT_MI
7886,30.8046875,5.2593,4.9988,-7.3802,9.0062,3,RIGHT_MI
7887,30.80859375,5.7205,7.9813,1.5193,0.5484,3,RIGHT_MI
7888,30.8125,2.7009,13.2626,9.222,2.0038,3,RIGHT_MI
7889,30.81640625,4.1259,5.1602,3.6639,-1.4448,3,RIGHT_MI
7890,30.8203125,3.6192,9.332,0.5957,-1.1861,3,RIGHT_MI
7891,30.82421875,4.0913,2.1555,4.9153,0.4105,3,RIGHT_MI
7892,30.828125,-0.5648,-6.308,2.1647,-3.6155,3,RIGHT_MI
7893,30.83203125,1.2929,-4.1037,4.7888,-5.7377,3,RIGHT_MI
7894,30.8359375,0.6628,-4.5581,-2.3697,-12.2351,3,RIGHT_MI
7895,30.83984375,4.2317,-6.0897,0.3734,-8.9822,3,RIGHT_MI
7896,30.84375,3.0929,-9.573,1.0261,-3.2548,3,RIGHT_MI
7897,30.84765625,-0.4724,-8.1674,6.634,-0.9972,3,RIGHT_MI
7898,30.8515625,3.2788,-6.0157,4.4129,0.2282,3,RIGHT_MI
7899,30.85546875,1.6207,-1.1288,4.8083,1.3517,3,RIGHT_MI
7900,30.859375,-0.5564,-2.6099,7.147,4.1314,3,RIGHT_MI
7901,30.86328125,3.1134,-6.1375,3.6985,4.5431,3,RIGHT_MI
7902,30.8671875,2.4111,-1.1042,1.2324,7.6374,3,RIGHT_MI
7903,30.87109375,-2.0872,-2.2263,-0.9367,7.9568,3,RIGHT_MI
7904,30.875,-2.0232,0.7026,-4.1851,5.4769,3,RIGHT_MI
7905,30.87890625,-4.8082,-2.4853,-2.3198,8.4363,3,RIGHT_MI
7906,30.8828125,-1.5479,-6.4777,-5.3559,1.486,3,RIGHT_MI
7907,30.88671875,-9.4908,1.7635,-5.6722,4.9377,3,RIGHT_MI
7908,30.890625,-7.5455,0.8503,-8.7435,0.281,3,RIGHT_MI
7909,30.89453125,-4.1969,1.0067,-5.5491,-1.078,3,RIGHT_MI
7910,30.8984375,-1.3069,1.5921,-7.9252,2.633,3,RIGHT_MI
7911,30.90234375,0.561,9.6091,-7.4121,4.0741,3,RIGHT_MI
7912,30.90625,-0.5836,5.7309,0.6556,-0.5389,3,RIGHT_MI
7913,30.91015625,-0.4774,10.4565,-0.1155,-1.2235,3,RIGHT_MI
7914,30.9140625,1.513,5.369,1.9889,-2.9071,3,RIGHT_MI
7915,30.91796875,2.9076,13.9893,4.7346,0.0564,3,RIGHT_MI
7916,30.921875,1.2635,9.6477,-0.0813,-7.0173,3,RIGHT_MI
7917,30.92578125,4.2501,1.4937,5.1265,-5.3986,3,RIGHT_MI
7918,30.9296875,-4.0192,1.4868,-1.4334,-6.6084,3,RIGHT_MI
7919,30.93359375,-2.2858,-3.4614,5.9347,-7.5597,3,RIGHT_MI
7920,30.9375,1.1304,-5.225,-3.0902,-5.8117,3,RIGHT_MI
7921,30.94140625,-4.2218,-4.55,3.7001,-9.897,3,RIGHT_MI
7922,30.9453125,3.0603,-4.2806,2.3976,-4.8909,3,RIGHT_MI
7923,30.94921875,-0.4298,-2.5999,4.9388,-7.6648,3,RIGHT_MI
7924,30.953125,-0.0491,-1.7941,5.0279,4.4554,3,RIGHT_MI
7925,30.95703125,-3.5272,-2.9999,7.354,0.8024,3,RIGHT_MI
7926,30.9609375,2.3127,1.0616,8.1466,-2.4024,3,RIGHT_MI
7927,30.96484375,-0.534,1.3557,5.4693,5.6759,3,RIGHT_MI
7928,30.96875,-0.7436,-2.8456,0.7644,6.8092,3,RIGHT_MI
7929,30.97265625,-0.8875,-1.2623,-7.4024,10.7945,3,RIGHT_MI
7930,30.9765625,-4.7822,-4.2119,-3.0652,5.1515,3,RIGHT_MI
7931,30.98046875,-3.6625,-5.1551,-9.0322,1.0111,3,RIGHT_MI
7932,30.984375,2.4982,-8.033,-11.4049,2.5408,3,RIGHT_MI
7933,30.98828125,-0.3329,-3.8884,-10.2178,5.1044,3,RIGHT_MI
7934,30.9921875,-2.6483,0.4871,-8.0895,-1.1779,3,RIGHT_MI
7935,30.99609375,-1.0348,1.3142,1.2228,-2.0385,3,RIGHT_MI
7936,31.0,-1.8119,5.2662,-5.3968,6.1573,3,RIGHT_MI
7937,31.00390625,-0.3685,5.3762,0.1271,-4.7581,3,RIGHT_MI
7938,31.0078125,0.7954,5.7332,-1.5643,-1.8053,3,RIGHT_MI
7939,31.01171875,6.8556,4.7714,-0.5163,2.4924,3,RIGHT_MI
7940,31.015625,1.3236,9.5615,0.1461,-5.0265,3,RIGHT_MI
7941,31.01953125,6.6335,2.0985,-2.2461,-0.7197,3,RIGHT_MI
7942,31.0234375,6.5867,7.7355,-2.5103,-8.022,3,RIGHT_MI
7943,31.02734375,-3.3786,-2.7962,1.3449,-8.1239,3,RIGHT_MI
7944,31.03125,-1.2045,-3.7595,1.6668,-6.2992,3,RIGHT_MI
7945,31.03515625,1.2266,-2.1024,3.8187,-8.2868,3,RIGHT_MI
7946,31.0390625,-7.9875,-5.2938,9.854,-11.5248,3,RIGHT_MI
7947,31.04296875,1.5103,-7.2134,4.8931,-4.9952,3,RIGHT_MI
7948,31.046875,-0.7841,-5.4469,8.5675,2.0254,3,RIGHT_MI
7949,31.05078125,-5.1791,-4.3171,8.0764,3.4235,3,RIGHT_MI
7950,31.0546875,-7.4997,-1.5705,8.883,-4.1887,3,RIGHT_MI
7951,31.05859375,1.5242,-5.6276,7.2056,5.4575,3,RIGHT_MI
7952,31.0625,1.0139,-5.8319,10.2456,7.8925,3,RIGHT_MI
7953,31.06640625,-1.0413,-5.9694,3.8122,4.2441,3,RIGHT_MI
7954,31.0703125,-1.001,-1.2864,-3.5466,6.5197,3,RIGHT_MI
7955,31.07421875,3.2745,-3.4635,-3.2429,8.4208,3,RIGHT_MI
7956,31.078125,1.1719,3.7219,-7.295,1.8446,3,RIGHT_MI
7957,31.08203125,-4.5724,-0.2638,-5.8794,10.7731,3,RIGHT_MI
7958,31.0859375,-4.5355,-7.492,-3.5629,-4.7427,3,RIGHT_MI
7959,31.08984375,-0.8707,0.9358,-11.3902,2.8044,3,RIGHT_MI
7960,31.09375,-5.4578,-1.5742,-3.9172,-3.585,3,RIGHT_MI
7961,31.09765625,-0.0841,10.7266,-10.36,-3.0726,3,RIGHT_MI
7962,31.1015625,-0.1293,11.5069,-2.9059,-8.3506,3,RIGHT_MI
7963,31.10546875,4.208,8.4121,-1.3419,-4.0863,3,RIGHT_MI
7964,31.109375,5.3451,8.1993,-4.0191,-0.329,3,RIGHT_MI
7965,31.11328125,3.2089,9.7073,-1.851,-1.2329,3,RIGHT_MI
7966,31.1171875,-2.4093,8.4193,-0.5715,-4.3038,3,RIGHT_MI
7967,31.12109375,1.2116,6.2087,1.6985,-4.5682,3,RIGHT_MI
7968,31.125,6.0406,-0.5559,3.2413,-8.0367,3,RIGHT_MI
7969,31.12890625,4.5886,1.122,-2.2435,-12.6434,3,RIGHT_MI
7970,31.1328125,-0.5945,-4.1147,-0.0098,-3.855,3,RIGHT_MI
7971,31.13671875,2.4132,-11.5322,3.1567,-7.5764,3,RIGHT_MI
7972,31.140625,2.0419,-6.1402,1.0129,-5.2913,3,RIGHT_MI
7973,31.14453125,-3.2754,-4.3573,-1.7187,-0.5055,3,RIGHT_MI
7974,31.1484375,-3.7475,-6.607,6.8231,-0.0227,3,RIGHT_MI
7975,31.15234375,-1.6132,-2.0647,8.2717,3.5312,3,RIGHT_MI
7976,31.15625,-2.2528,-2.9589,7.9611,8.1996,3,RIGHT_MI
7977,31.16015625,0.2714,-2.9204,3.8363,11.3306,3,RIGHT_MI
7978,31.1640625,3.3414,-1.0355,5.6738,13.9267,3,RIGHT_MI
7979,31.16796875,-1.2528,1.6309,-1.6352,11.8579,3,RIGHT_MI
7980,31.171875,0.346,0.1475,-0.9487,8.0146,3,RIGHT_MI
7981,31.17578125,-2.4777,1.0866,-2.2913,6.598,3,RIGHT_MI
7982,31.1796875,-3.8069,3.1833,-4.144,4.3885,3,RIGHT_MI
7983,31.18359375,-3.0291,1.9468,-7.5795,-4.4338,3,RIGHT_MI
7984,31.1875,-2.0006,-2.2916,-9.3864,-2.9133,3,RIGHT_MI
7985,31.19140625,-1.513,1.2731,-1.8548,-4.7831,3,RIGHT_MI
7986,31.1953125,-1.097,5.846,-4.017,-3.2353,3,RIGHT_MI
7987,31.19921875,-2.0529,6.4811,-5.5344,-4.7929,3,RIGHT_MI
7988,31.203125,3.1475,11.3721,-3.1322,-1.1483,3,RIGHT_MI
7989,31.20703125,1.0176,5.9908,-0.7071,-2.8798,3,RIGHT_MI
7990,31.2109375,5.7149,5.1463,-1.1922,-6.2509,3,RIGHT_MI
7991,31.21484375,-0.7772,2.5581,6.4437,-4.681,3,RIGHT_MI
7992,31.21875,-1.346,5.5607,-0.8828,-3.9068,3,RIGHT_MI
7993,31.22265625,2.8324,2.9154,-3.9869,-5.3218,3,RIGHT_MI
7994,31.2265625,2.9564,3.6708,-6.0769,-5.3656,3,RIGHT_MI
7995,31.23046875,-1.7628,-9.4322,-0.2806,-7.055,3,RIGHT_MI
7996,31.234375,-4.6461,-10.7324,0.7434,0.0439,3,RIGHT_MI
7997,31.23828125,-4.8099,-2.6459,1.466,-4.4352,3,RIGHT_MI
7998,31.2421875,-2.4861,-8.6436,5.9386,-1.6687,3,RIGHT_MI
7999,31.24609375,-2.4746,-6.8432,7.9651,0.8368,3,RIGHT_MI
8000,31.25,3.7741,-6.0113,8.9654,4.0871,3,RIGHT_MI
8001,31.25390625,-1.7584,-5.359,12.388,8.1262,3,RIGHT_MI
8002,31.2578125,6.3355,-7.7864,4.0607,3.3914,3,RIGHT_MI
8003,31.26171875,3.7946,-4.4179,8.4258,13.4249,3,RIGHT_MI
8004,31.265625,4.4826,-1.3189,4.2546,6.3579,3,RIGHT_MI
8005,31.26953125,0.4774,-4.1593,4.4467,6.7149,3,RIGHT_MI
8006,31.2734375,-2.4449,0.3293,6.4619,9.4562,3,RIGHT_MI
8007,31.27734375,-11.1182,-0.7085,2.0108,1.6208,3,RIGHT_MI
8008,31.28125,-3.6942,1.8591,-3.166,-0.5678,3,RIGHT_MI
8009,31.28515625,-5.5291,1.3909,-8.4081,0.6089,3,RIGHT_MI
8010,31.2890625,-6.6765,5.6724,-6.462,-3.2893,3,RIGHT_MI
8011,31.29296875,-5.5351,2.0349,-6.9509,-12.4781,3,RIGHT_MI
8012,31.296875,-1.6936,2.1391,-6.7409,-1.0333,3,RIGHT_MI
8013,31.30078125,4.6139,2.0049,-12.083,-5.2086,3,RIGHT_MI
8014,31.3046875,2.0302,7.7969,-1.1661,-10.6461,3,RIGHT_MI
8015,31.30859375,2.2652,7.4461,-0.1586,-5.3418,3,RIGHT_MI
8016,31.3125,11.2939,7.9033,-3.2111,0.9764,3,RIGHT_MI
8017,31.31640625,0.8613,4.4647,-0.2793,-1.5001,3,RIGHT_MI
8018,31.3203125,1.1365,4.544,-2.4521,-2.2598,3,RIGHT_MI
8019,31.32421875,2.536,-0.044,-2.3761,0.6743,3,RIGHT_MI
8020,31.328125,2.5944,-2.6683,-2.4476,-3.4081,3,RIGHT_MI
8021,31.33203125,0.701,-5.7214,3.5562,-5.0832,3,RIGHT_MI
8022,31.3359375,-1.5458,-6.8316,0.2308,2.0166,3,RIGHT_MI
8023,31.33984375,1.7654,-10.3858,1.6407,-2.7286,3,RIGHT_MI
8024,31.34375,-5.9329,-4.542,2.7959,0.7212,3,RIGHT_MI
8025,31.34765625,1.9948,-4.8651,6.0665,3.77,3,RIGHT_MI
8026,31.3515625,3.2826,-6.445,4.7311,10.5226,3,RIGHT_MI
8027,31.35546875,-1.9217,-1.805,8.5606,6.2007,3,RIGHT_MI
8028,31.359375,-1.1525,-1.1183,3.0132,15.3525,3,RIGHT_MI
8029,31.36328125,2.2085,3.2925,6.5077,5.6757,3,RIGHT_MI
8030,31.3671875,2.2733,3.4814,9.42,13.7835,3,RIGHT_MI
8031,31.37109375,-1.1461,6.5444,-0.611,6.4908,3,RIGHT_MI
8032,31.375,0.2736,1.0779,1.5526,0.7724,3,RIGHT_MI
8033,31.37890625,-8.9631,-3.0284,1.7124,3.0528,3,RIGHT_MI
8034,31.3828125,-7.0768,-0.3327,-6.1647,-1.2236,3,RIGHT_MI
8035,31.38671875,-6.7077,1.0065,-3.768,-10.7055,3,RIGHT_MI
8036,31.390625,-2.3681,4.7148,-11.1446,-8.8048,3,RIGHT_MI
8037,31.39453125,-2.265,0.9528,-3.3162,-9.2757,3,RIGHT_MI
8038,31.3984375,-3.5525,4.515,-4.8587,-5.1252,3,RIGHT_MI
8039,31.40234375,1.3016,7.6772,-5.9429,-5.5884,3,RIGHT_MI
8040,31.40625,0.8821,10.8008,-3.0334,-1.9109,3,RIGHT_MI
8041,31.41015625,5.9786,7.3765,-7.4474,-3.3665,3,RIGHT_MI
8042,31.4140625,4.1933,7.1765,-6.528,1.9458,3,RIGHT_MI
8043,31.41796875,7.4397,6.7718,-1.8455,0.9543,3,RIGHT_MI
8044,31.421875,7.4091,-2.8253,0.6916,-1.8009,3,RIGHT_MI
8045,31.42578125,3.7757,-0.7662,-4.5579,0.0372,3,RIGHT_MI
8046,31.4296875,-1.4441,-6.9164,-3.2123,-3.2114,3,RIGHT_MI
8047,31.43359375,2.2026,-4.6813,1.9086,2.1936,3,RIGHT_MI
8048,31.4375,-1.3512,-10.0434,1.624,2.9625,3,RIGHT_MI
8049,31.44140625,-4.688,-1.2547,-0.7119,1.973,3,RIGHT_MI
8050,31.4453125,0.6631,-13.3648,5.6347,-1.3071,3,RIGHT_MI
8051,31.44921875,-2.3311,-8.4435,7.4944,6.079,3,RIGHT_MI
8052,31.453125,-0.5183,-6.8788,7.2685,5.7262,3,RIGHT_MI
8053,31.45703125,-1.0045,-6.1731,12.2896,7.7754,3,RIGHT_MI
8054,31.4609375,2.5029,-0.6835,6.4549,9.1348,3,RIGHT_MI
8055,31.46484375,-3.0802,-1.4916,8.9623,10.3107,3,RIGHT_MI
8056,31.46875,6.8301,0.2265,1.4501,4.8017,3,RIGHT_MI
8057,31.47265625,-3.7798,3.3811,6.6997,-1.0739,3,RIGHT_MI
8058,31.4765625,-4.0915,1.0721,-3.4538,5.79,3,RIGHT_MI
8059,31.48046875,-10.8863,0.3308,1.1092,-9.3831,3,RIGHT_MI
8060,31.484375,-5.9633,0.2704,-9.7489,-6.2199,3,RIGHT_MI
8061,31.48828125,-3.6636,-0.0736,-5.2735,-5.9541,3,RIGHT_MI
8062,31.4921875,-7.196,0.5096,-5.5645,-9.8049,3,RIGHT_MI
8063,31.49609375,-3.8792,3.5799,-5.3492,-9.4363,3,RIGHT_MI
8064,31.5,-6.5042,1.3192,-3.6369,-6.7852,3,RIGHT_MI
8065,31.50390625,2.8278,4.4263,-3.8074,-7.4415,3,RIGHT_MI
8066,31.5078125,2.5729,-1.6203,4.3585,-0.4876,3,RIGHT_MI
8067,31.51171875,7.7925,3.6959,-1.0198,-2.6464,3,RIGHT_MI
8068,31.515625,5.4274,0.8689,-3.6701,3.2378,3,RIGHT_MI
8069,31.51953125,1.3025,1.8544,-1.4006,0.592,3,RIGHT_MI
8070,31.5234375,1.3441,0.5531,-1.1085,1.0036,3,RIGHT_MI
8071,31.52734375,-0.1813,-2.665,-7.3231,-0.8184,3,RIGHT_MI
8072,31.53125,5.808,-4.4745,-1.255,8.7292,3,RIGHT_MI
8073,31.53515625,-4.2017,-2.8776,-2.0365,4.0668,3,RIGHT_MI
8074,31.5390625,2.8933,-6.9226,3.8872,1.702,3,RIGHT_MI
8075,31.54296875,-2.3659,-3.7506,1.2777,3.6971,3,RIGHT_MI
8076,31.546875,0.4035,-6.7623,3.5692,10.216,3,RIGHT_MI
8077,31.55078125,-8.5991,-3.7351,8.3981,4.3833,3,RIGHT_MI
8078,31.5546875,1.4291,-2.0096,5.2041,8.7509,3,RIGHT_MI
8079,31.55859375,-0.7996,-6.0185,6.1844,8.7331,3,RIGHT_MI
8080,31.5625,2.5866,0.7611,12.1087,1.1308,3,RIGHT_MI
8081,31.56640625,1.8281,-1.9036,7.9782,5.82,3,RIGHT_MI
8082,31.5703125,2.4123,-3.5496,3.0335,2.511,3,RIGHT_MI
8083,31.57421875,-5.2827,6.6169,1.858,1.3279,3,RIGHT_MI
8084,31.578125,-7.3791,4.7353,2.1746,-6.8855,3,RIGHT_MI
8085,31.58203125,-7.1736,2.4292,-1.5774,-7.4142,3,RIGHT_MI
8086,31.5859375,-3.1858,-0.2241,-8.5914,-9.0571,3,RIGHT_MI
8087,31.58984375,-6.0608,1.1064,-7.6393,-7.8679,3,RIGHT_MI
8088,31.59375,-2.1482,1.6228,-3.4439,-9.8882,3,RIGHT_MI
8089,31.59765625,-4.0146,8.6939,-7.2104,-5.2828,3,RIGHT_MI
8090,31.6015625,2.5611,4.7446,-5.3348,-0.554,3,RIGHT_MI
8091,31.60546875,-0.4455,6.9485,-6.8459,0.007,3,RIGHT_MI
8092,31.609375,3.547,4.9592,-0.6611,4.6526,3,RIGHT_MI
8093,31.61328125,2.8242,7.3131,-0.9131,4.4893,3,RIGHT_MI
8094,31.6171875,4.5772,6.8138,-0.1098,2.1838,3,RIGHT_MI
8095,31.62109375,4.9094,-1.3509,1.5552,0.8055,3,RIGHT_MI
8096,31.625,6.4055,-1.7604,5.392,2.2044,3,RIGHT_MI
8097,31.62890625,0.9567,-8.2213,-2.3497,0.7985,3,RIGHT_MI
8098,31.6328125,0.8064,-4.5761,2.6959,1.3229,3,RIGHT_MI
8099,31.63671875,-0.7867,-8.6244,-3.2251,3.3582,3,RIGHT_MI
8100,31.640625,1.5128,-3.647,0.7563,6.0587,3,RIGHT_MI
8101,31.64453125,-2.5705,-9.6954,4.3445,8.3339,3,RIGHT_MI
8102,31.6484375,3.4455,-4.964,10.9033,7.9777,3,RIGHT_MI
8103,31.65234375,-1.4786,-4.6942,12.983,8.9225,3,RIGHT_MI
8104,31.65625,2.5642,-2.3162,4.0451,3.7449,3,RIGHT_MI
8105,31.66015625,-0.497,-4.6154,9.1153,10.1543,3,RIGHT_MI
8106,31.6640625,-1.8495,-0.0605,3.0394,9.0943,3,RIGHT_MI
8107,31.66796875,1.5008,2.8847,7.2336,1.4144,3,RIGHT_MI
8108,31.671875,-6.6026,4.3286,5.9146,-3.6973,3,RIGHT_MI
8109,31.67578125,-4.5266,-0.2628,4.5101,-2.5635,3,RIGHT_MI
8110,31.6796875,-6.0789,2.021,-1.0478,-7.5886,3,RIGHT_MI
8111,31.68359375,-1.6341,2.3392,0.7049,-6.3759,3,RIGHT_MI
8112,31.6875,-8.1246,1.9967,-5.7122,-12.9256,3,RIGHT_MI
8113,31.69140625,-3.2385,8.2928,-13.3099,-12.9579,3,RIGHT_MI
8114,31.6953125,-8.3556,7.3775,-2.5865,-7.557,3,RIGHT_MI
8115,31.69921875,-3.3336,0.7308,-5.8042,-7.717,3,RIGHT_MI
8116,31.703125,-0.6555,3.5061,-6.2794,-6.1724,3,RIGHT_MI
8117,31.70703125,-1.5044,6.7593,-5.8096,-3.2229,3,RIGHT_MI
8118,31.7109375,8.4421,1.8597,-2.8231,2.9656,3,RIGHT_MI
8119,31.71484375,7.9131,1.9982,-1.9404,3.4966,3,RIGHT_MI
8120,31.71875,4.6414,2.9126,0.3687,4.1318,3,RIGHT_MI
8121,31.72265625,-2.5433,-0.9654,-2.223,-1.7246,3,RIGHT_MI
8122,31.7265625,-1.3631,-4.8228,0.9984,1.2175,3,RIGHT_MI
8123,31.73046875,-0.8746,-9.7576,-2.8654,0.6482,3,RIGHT_MI
8124,31.734375,2.4632,-8.804,-0.2849,9.5378,3,RIGHT_MI
8125,31.73828125,-2.1197,-10.9283,-1.4739,1.2218,3,RIGHT_MI
8126,31.7421875,-2.3042,-11.7371,2.323,-1.6755,3,RIGHT_MI
8127,31.74609375,6.0692,-8.1532,1.238,8.1188,3,RIGHT_MI
8128,31.75,0.795,-3.2716,5.3207,9.288,3,RIGHT_MI
8129,31.75390625,-0.0698,-1.7275,8.384,9.7073,3,RIGHT_MI
8130,31.7578125,3.0115,-2.161,13.213,2.2871,3,RIGHT_MI
8131,31.76171875,1.7044,1.3811,9.1685,2.5653,3,RIGHT_MI
8132,31.765625,-1.2977,1.3052,7.5337,2.2675,3,RIGHT_MI
8133,31.76953125,3.4407,6.5527,1.5861,0.8618,3,RIGHT_MI
8134,31.7734375,-3.7327,4.2527,6.6226,0.9903,3,RIGHT_MI
8135,31.77734375,-0.7384,0.1829,3.7963,-4.9482,3,RIGHT_MI
8136,31.78125,-5.0564,1.7483,-3.5684,-9.1386,3,RIGHT_MI
8137,31.78515625,-6.7006,2.577,-4.2174,-7.1837,3,RIGHT_MI
8138,31.7890625,-4.5793,5.4723,-3.9682,-9.6192,3,RIGHT_MI
8139,31.79296875,-4.008,-0.499,-9.1276,-2.6884,3,RIGHT_MI
8140,31.796875,-4.5316,4.3891,-4.8693,0.8755,3,RIGHT_MI
8141,31.80078125,-0.7806,8.95,-2.1737,-0.8552,3,RIGHT_MI
8142,31.8046875,4.5319,0.6406,-4.3391,5.5541,3,RIGHT_MI
8143,31.80859375,-2.078,5.3334,-6.2034,6.6083,3,RIGHT_MI
8144,31.8125,3.2326,0.6971,-2.3152,2.9102,3,RIGHT_MI
8145,31.81640625,2.4117,-0.4709,0.002,5.7432,3,RIGHT_MI
8146,31.8203125,5.8243,2.2097,-7.086,7.4545,3,RIGHT_MI
8147,31.82421875,2.1359,-5.3451,1.7349,3.0808,3,RIGHT_MI
8148,31.828125,2.8701,-4.5993,-2.0991,0.6902,3,RIGHT_MI
8149,31.83203125,-1.5157,-12.1148,-2.8859,2.8091,3,RIGHT_MI
8150,31.8359375,-2.6235,-5.2094,-7.1469,3.8942,3,RIGHT_MI
8151,31.83984375,-1.9845,-6.5406,-2.7194,1.2338,3,RIGHT_MI
8152,31.84375,-1.2123,-5.9892,3.9471,-1.2098,3,RIGHT_MI
8153,31.84765625,-5.4289,-7.8263,0.5479,-0.1569,3,RIGHT_MI
8154,31.8515625,2.6965,-6.7386,3.9982,6.4428,3,RIGHT_MI
8155,31.85546875,-4.7544,0.49,6.9855,1.6121,3,RIGHT_MI
8156,31.859375,0.5156,-0.6866,5.6768,6.9384,3,RIGHT_MI
8157,31.86328125,4.9134,7.9606,10.2591,1.406,3,RIGHT_MI
8158,31.8671875,-4.7757,0.4328,15.6708,4.62,3,RIGHT_MI
8159,31.87109375,0.4228,6.0236,14.8075,-2.2438,3,RIGHT_MI
8160,31.875,0.7463,5.1395,5.4681,-8.4813,3,RIGHT_MI
8161,31.87890625,-5.0162,2.2035,0.2166,-8.0865,3,RIGHT_MI
8162,31.8828125,-9.2082,7.1613,-1.7964,-7.4732,3,RIGHT_MI
8163,31.88671875,-4.4868,3.8901,-7.7446,-9.7833,3,RIGHT_MI
8164,31.890625,-3.5269,3.3536,-0.8821,-8.176,3,RIGHT_MI
8165,31.89453125,2.59,2.8105,-3.666,-1.5713,3,RIGHT_MI
8166,31.8984375,0.0754,-2.9474,-2.0329,-1.6287,3,RIGHT_MI
8167,31.90234375,5.6011,2.4074,-7.3506,0.9356,3,RIGHT_MI
8168,31.90625,6.9445,3.6462,-5.6096,0.3645,3,RIGHT_MI
8169,31.91015625,2.5504,3.0922,-3.0898,1.849,3,RIGHT_MI
8170,31.9140625,0.9288,-2.0106,-5.4089,4.3987,3,RIGHT_MI
8171,31.91796875,-1.0567,-0.177,0.8022,6.3622,3,RIGHT_MI
8172,31.921875,0.212,-3.2361,3.0906,7.038,3,RIGHT_MI
8173,31.92578125,-2.0765,-7.8439,-3.303,4.2285,3,RIGHT_MI
8174,31.9296875,2.8109,-8.2383,-5.51,8.2323,3,RIGHT_MI
8175,31.93359375,-5.1154,-13.2571,-6.4787,-0.7906,3,RIGHT_MI
8176,31.9375,-4.3326,-10.6562,-6.6841,1.8079,3,RIGHT_MI
8177,31.94140625,3.5183,-10.2641,2.0925,1.0649,3,RIGHT_MI
8178,31.9453125,-3.6224,-5.6107,3.65,-1.2633,3,RIGHT_MI
8179,31.94921875,1.7386,-9.5508,4.3984,-0.4083,3,RIGHT_MI
8180,31.953125,0.0248,1.5204,6.5092,1.8918,3,RIGHT_MI
8181,31.95703125,-2.01,-0.981,3.1932,2.9108,3,RIGHT_MI
8182,31.9609375,5.1689,2.0123,10.7667,2.0558,3,RIGHT_MI
8183,31.96484375,-0.5705,6.0582,7.2071,-5.462,3,RIGHT_MI
8184,31.96875,1.6669,4.2444,7.6079,-5.3779,3,RIGHT_MI
8185,31.97265625,-4.2098,6.5392,6.9811,-4.7376,3,RIGHT_MI
8186,31.9765625,0.6731,2.8883,7.4404,-9.6467,3,RIGHT_MI
8187,31.98046875,-2.5367,1.0377,6.4287,-13.4025,3,RIGHT_MI
8188,31.984375,-3.2502,4.1947,0.3318,-8.6749,3,RIGHT_MI
8189,31.98828125,-8.236,1.9675,0.9506,-3.5522,3,RIGHT_MI
8190,31.9921875,-3.101,-0.0859,0.1853,-8.8754,3,RIGHT_MI
8191,31.99609375,1.257,2.7457,2.6463,1.1185,3,RIGHT_MI
8192,32.0,-0.4566,1.9991,1.4972,0.0776,3,RIGHT_MI
8193,32.00390625,0.5895,7.7899,-0.6719,2.5499,3,RIGHT_MI
8194,32.0078125,5.5863,4.4925,2.4835,-1.0742,3,RIGHT_MI
8195,32.01171875,4.2607,0.9153,-5.3583,7.6381,3,RIGHT_MI
8196,32.015625,6.608,5.943,0.8717,7.4247,3,RIGHT_MI
8197,32.01953125,-1.5405,2.4431,-5.8321,8.9194,3,RIGHT_MI
8198,32.0234375,0.5714,-7.15,-8.2393,6.9515,3,RIGHT_MI
8199,32.02734375,-5.7105,-6.312,1.5433,2.1981,3,RIGHT_MI
8200,32.03125,-0.4149,-8.7228,-10.2186,4.4296,3,RIGHT_MI
8201,32.03515625,-3.3045,-11.3134,-3.7479,3.29,3,RIGHT_MI
8202,32.0390625,-2.7461,-7.6259,1.1478,2.4215,3,RIGHT_MI
8203,32.04296875,2.2804,-4.5004,-2.6353,4.195,3,RIGHT_MI
8204,32.046875,4.6151,-2.2249,-0.1048,1.996,3,RIGHT_MI
8205,32.05078125,-1.4728,-4.1009,7.8245,-3.4362,3,RIGHT_MI
8206,32.0546875,0.73,-8.4714,7.491,-1.9447,3,RIGHT_MI
8207,32.05859375,4.8533,1.9248,5.0436,0.7534,3,RIGHT_MI
8208,32.0625,-1.4083,4.6561,8.7289,-1.9856,3,RIGHT_MI
8209,32.06640625,5.4586,6.549,6.2201,-3.7912,3,RIGHT_MI
8210,32.0703125,3.6749,5.144,5.5314,3.0915,3,RIGHT_MI
8211,32.07421875,-4.5021,3.8967,4.5053,-10.5481,3,RIGHT_MI
8212,32.078125,-3.062,4.9231,4.8998,-5.3415,3,RIGHT_MI
8213,32.08203125,-2.5417,0.0562,-0.186,-5.2611,3,RIGHT_MI
8214,32.0859375,-3.2638,4.2504,-5.1909,-3.5819,3,RIGHT_MI
8215,32.08984375,-5.5835,4.4613,-8.4815,-4.0687,3,RIGHT_MI
8216,32.09375,-1.6092,6.3694,-2.3813,-3.8519,3,RIGHT_MI
8217,32.09765625,1.4307,5.4796,-3.4421,-2.6398,3,RIGHT_MI
8218,32.1015625,-3.2131,4.3004,-4.3116,3.3972,3,RIGHT_MI
8219,32.10546875,2.902,-0.0032,-3.8241,6.2874,3,RIGHT_MI
8220,32.109375,6.8891,2.7169,-7.2053,8.9431,3,RIGHT_MI
8221,32.11328125,6.5539,-2.1303,1.0886,10.1976,3,RIGHT_MI
8222,32.1171875,1.38,-1.3057,-8.7725,8.5382,3,RIGHT_MI
8223,32.12109375,0.5412,-4.4264,-5.2376,6.9338,3,RIGHT_MI
8224,32.125,3.7836,-5.1599,-6.1605,7.7996,3,RIGHT_MI
8225,32.12890625,-0.0479,-8.0505,0.7176,3.889,3,RIGHT_MI
8226,32.1328125,-1.1396,-11.7757,-5.0455,-1.9766,3,RIGHT_MI
8227,32.13671875,0.6136,-11.4266,-2.5009,0.4659,3,RIGHT_MI
8228,32.140625,0.8713,-8.7637,-4.3221,-3.8068,3,RIGHT_MI
8229,32.14453125,-1.8328,-6.9202,-1.2734,0.6917,3,RIGHT_MI
8230,32.1484375,-6.2035,-2.5372,-0.1062,-2.5386,3,RIGHT_MI
8231,32.15234375,-1.7955,-3.4481,2.0199,-0.6877,3,RIGHT_MI
8232,32.15625,6.4525,-0.9861,2.6245,-3.6421,3,RIGHT_MI
8233,32.16015625,6.8996,3.1507,7.8655,-1.8603,3,RIGHT_MI
8234,32.1640625,3.8877,-0.5992,13.2106,0.8358,3,RIGHT_MI
8235,32.16796875,4.3278,7.4168,9.0783,-0.7847,3,RIGHT_MI
8236,32.171875,0.3844,13.1834,15.6233,-3.1163,3,RIGHT_MI
8237,32.17578125,-2.0972,7.775,4.4871,-7.573,3,RIGHT_MI
8238,32.1796875,-7.418,4.4388,3.2238,-6.9134,3,RIGHT_MI
8239,32.18359375,3.0283,3.8436,-0.7333,-9.6266,3,RIGHT_MI
8240,32.1875,-5.7527,3.4732,-2.219,-1.647,3,RIGHT_MI
8241,32.19140625,-7.9206,6.0732,0.4723,-1.8949,3,RIGHT_MI
8242,32.1953125,-5.7101,4.8282,3.9949,4.1045,3,RIGHT_MI
8243,32.19921875,-3.3268,5.2214,-1.909,6.181,3,RIGHT_MI
8244,32.203125,0.1721,0.9418,0.6384,6.8979,3,RIGHT_MI
8245,32.20703125,2.0685,2.3912,-2.7337,13.093,3,RIGHT_MI
8246,32.2109375,5.2974,-2.3943,-5.4908,9.3906,3,RIGHT_MI
8247,32.21484375,3.3939,1.0808,-2.9118,7.9593,3,RIGHT_MI
8248,32.21875,6.3798,2.3961,-3.2998,6.5609,3,RIGHT_MI
8249,32.22265625,-1.4604,-7.0602,-1.153,6.382,3,RIGHT_MI
8250,32.2265625,-0.2054,-12.3439,-7.5909,1.9421,3,RIGHT_MI
8251,32.23046875,-3.2988,-10.99,-9.2971,0.6637,3,RIGHT_MI
8252,32.234375,1.7342,-9.9466,-6.9151,-3.4582,3,RIGHT_MI
8253,32.23828125,1.2483,-6.6588,-5.829,-0.562,3,RIGHT_MI
8254,32.2421875,0.4416,-6.4542,-6.6261,4.4947,3,RIGHT_MI
8255,32.24609375,-2.8906,-4.7738,-1.446,-4.2847,3,RIGHT_MI
8256,32.25,-1.5586,1.012,4.6044,-5.4234,3,RIGHT_MI
8257,32.25390625,0.2996,6.2774,6.8378,-1.3882,3,RIGHT_MI
8258,32.2578125,-0.9723,3.9268,5.9618,-2.2847,3,RIGHT_MI
8259,32.26171875,2.9619,4.7611,8.6945,-0.9887,3,RIGHT_MI
8260,32.265625,2.0302,6.8723,11.0259,-2.3281,3,RIGHT_MI
8261,32.26953125,-0.1868,7.7938,11.1237,0.3813,3,RIGHT_MI
8262,32.2734375,1.856,14.8704,8.0164,-5.9015,3,RIGHT_MI
8263,32.27734375,-5.5289,6.575,2.4189,-2.6297,3,RIGHT_MI
8264,32.28125,-5.6007,7.2545,4.7792,-1.8344,3,RIGHT_MI
8265,32.28515625,-9.8321,1.1181,-4.2138,-7.4386,3,RIGHT_MI
8266,32.2890625,0.1251,-0.6386,1.0511,-5.3214,3,RIGHT_MI
8267,32.29296875,-0.981,2.293,-5.8375,0.8154,3,RIGHT_MI
8268,32.296875,-6.8474,1.0794,-0.4789,0.6941,3,RIGHT_MI
8269,32.30078125,-0.1514,2.9129,-0.3966,-3.6226,3,RIGHT_MI
8270,32.3046875,2.8829,3.2065,1.2554,1.4053,3,RIGHT_MI
8271,32.30859375,1.5216,3.0182,-0.4999,10.5013,3,RIGHT_MI
8272,32.3125,4.7996,1.616,-3.8029,12.6981,3,RIGHT_MI
8273,32.31640625,4.0049,-1.3598,-2.4344,6.6899,3,RIGHT_MI
8274,32.3203125,-0.7285,0.9269,-5.5196,7.7282,3,RIGHT_MI
8275,32.32421875,3.7653,-4.0004,-7.0188,5.747,3,RIGHT_MI
8276,32.328125,-3.4112,-8.3404,-6.9133,-0.2903,3,RIGHT_MI
8277,32.33203125,1.5177,-15.6131,-4.9072,1.0345,3,RIGHT_MI
8278,32.3359375,-4.2686,-2.5981,-0.5527,-5.0339,3,RIGHT_MI
8279,32.33984375,1.7804,-10.4519,-1.8613,-5.8538,3,RIGHT_MI
8280,32.34375,-0.4339,-8.4767,-2.6194,-1.4716,3,RIGHT_MI
8281,32.34765625,7.8325,-1.9276,-0.8712,-0.1428,3,RIGHT_MI
8282,32.3515625,4.9727,2.3471,0.7937,-0.4705,3,RIGHT_MI
8283,32.35546875,3.7465,2.9111,5.6559,-3.3929,3,RIGHT_MI
8284,32.359375,4.0563,6.4164,5.0901,-5.2629,3,RIGHT_MI
8285,32.36328125,5.7506,8.4593,7.2758,1.0842,3,RIGHT_MI
8286,32.3671875,-1.9094,8.6571,10.2729,0.6652,3,RIGHT_MI
8287,32.37109375,-3.9381,1.9534,6.3204,-5.24,3,RIGHT_MI
8288,32.375,-3.394,8.39,7.3704,-2.9233,3,RIGHT_MI
8289,32.37890625,-1.1375,8.0158,2.2049,1.0231,3,RIGHT_MI
8290,32.3828125,-6.5393,4.4248,2.6639,-1.8074,3,RIGHT_MI
8291,32.38671875,-1.6208,1.7311,-0.2567,-1.9581,3,RIGHT_MI
8292,32.390625,-3.7358,1.63,-0.5473,0.9553,3,RIGHT_MI
8293,32.39453125,-4.0552,1.9385,4.5572,2.5638,3,RIGHT_MI
8294,32.3984375,-1.4968,5.7491,1.8067,7.2159,3,RIGHT_MI
8295,32.40234375,-4.7074,-0.1263,5.8731,4.9193,3,RIGHT_MI
8296,32.40625,4.2732,-0.0061,-4.723,6.5371,3,RIGHT_MI
8297,32.41015625,2.7454,-3.8925,4.467,11.5229,3,RIGHT_MI
8298,32.4140625,-1.9324,-2.4475,-3.7996,7.6705,3,RIGHT_MI
8299,32.41796875,6.663,-0.0897,-5.4765,7.2007,3,RIGHT_MI
8300,32.421875,-1.1564,-2.599,-0.567,4.0451,3,RIGHT_MI
8301,32.42578125,4.6315,-3.2641,-3.5917,3.9694,3,RIGHT_MI
8302,32.4296875,-0.8894,-6.813,-6.2954,-0.9177,3,RIGHT_MI
8303,32.43359375,-2.3992,-11.3633,-8.6377,-1.916,3,RIGHT_MI
8304,32.4375,-0.1916,-3.9372,-8.5122,-8.4343,3,RIGHT_MI
8305,32.44140625,1.6609,-5.753,-6.9604,-2.5611,3,RIGHT_MI
8306,32.4453125,2.7321,-4.7654,3.3575,-3.2284,3,RIGHT_MI
8307,32.44921875,-1.1562,-1.6489,-2.2924,-7.2065,3,RIGHT_MI
8308,32.453125,-0.6885,3.6782,1.3442,-6.3994,3,RIGHT_MI
8309,32.45703125,2.3335,6.955,0.3559,-3.9438,3,RIGHT_MI
8310,32.4609375,-1.4703,6.8082,3.9231,-3.0762,3,RIGHT_MI
8311,32.46484375,4.428,8.4022,1.6215,-4.6004,3,RIGHT_MI
8312,32.46875,4.0074,4.9163,10.8681,0.5629,3,RIGHT_MI
8313,32.47265625,0.1932,8.57,5.1865,6.2672,3,RIGHT_MI
8314,32.4765625,-9.2716,8.4267,9.4708,2.0011,3,RIGHT_MI
8315,32.48046875,1.2305,3.4686,5.2593,-6.8686,3,RIGHT_MI
8316,32.484375,-6.9882,1.3832,5.0571,3.2198,3,RIGHT_MI
8317,32.48828125,-5.7108,-0.8328,3.6993,1.1033,3,RIGHT_MI
8318,32.4921875,-3.4205,3.4466,-0.3506,-1.7496,3,RIGHT_MI
8319,32.49609375,1.8415,2.1385,2.4722,2.7262,3,RIGHT_MI
8320,32.5,-2.8844,-1.0126,4.5404,0.2863,3,RIGHT_MI
8321,32.50390625,1.6199,-3.4995,-1.928,9.0291,3,RIGHT_MI
8322,32.5078125,3.4105,-2.2038,1.2897,13.8614,3,RIGHT_MI
8323,32.51171875,7.8916,-4.1997,-1.3686,9.1355,3,RIGHT_MI
8324,32.515625,2.3118,-5.9233,0.4033,8.0628,3,RIGHT_MI
8325,32.51953125,-0.5693,-4.1053,-4.8888,0.1877,3,RIGHT_MI
8326,32.5234375,1.0419,2.1007,-6.8781,3.84,3,RIGHT_MI
8327,32.52734375,-1.4886,-5.5647,-9.2551,2.586,3,RIGHT_MI
8328,32.53125,4.0313,-6.1598,-5.3066,0.1564,3,RIGHT_MI
8329,32.53515625,0.182,-6.1883,-7.738,-9.242,3,RIGHT_MI
8330,32.5390625,2.2617,-4.5763,-11.1638,-6.3154,3,RIGHT_MI
8331,32.54296875,2.0243,-2.2779,-10.0008,-10.5316,3,RIGHT_MI
8332,32.546875,-4.5109,-0.9898,-3.9332,-7.9233,3,RIGHT_MI
8333,32.55078125,-0.0034,-0.1485,5.2783,-0.7632,3,RIGHT_MI
8334,32.5546875,1.8561,4.6078,3.1674,-5.1928,3,RIGHT_MI
8335,32.55859375,3.529,10.7926,7.648,-6.1568,3,RIGHT_MI
8336,32.5625,1.3069,3.9975,8.4215,-4.0865,3,RIGHT_MI
8337,32.56640625,1.2579,7.9724,1.9673,-7.7245,3,RIGHT_MI
8338,32.5703125,-4.3573,11.0401,6.7274,6.6004,3,RIGHT_MI
8339,32.57421875,-6.0926,6.9891,3.9586,0.3403,3,RIGHT_MI
8340,32.578125,-4.7708,2.574,8.0247,3.2415,3,RIGHT_MI
8341,32.58203125,-3.4005,4.8678,3.2652,-1.4229,3,RIGHT_MI
8342,32.5859375,-4.2779,5.9912,2.6988,0.0866,3,RIGHT_MI
8343,32.58984375,-4.8618,5.3544,2.4635,3.4013,3,RIGHT_MI
8344,32.59375,-2.2331,-0.4319,2.1944,7.1324,3,RIGHT_MI
8345,32.59765625,-4.0918,-3.9346,-2.7516,3.7179,3,RIGHT_MI
8346,32.6015625,-1.761,-0.2048,3.1401,8.9358,3,RIGHT_MI
8347,32.60546875,1.1605,0.8546,-3.1452,6.5516,3,RIGHT_MI
8348,32.609375,6.4107,0.5012,-1.3341,7.9974,3,RIGHT_MI
8349,32.61328125,2.4097,0.5664,-4.7527,6.7421,3,RIGHT_MI
8350,32.6171875,1.5079,0.692,-6.066,7.3459,3,RIGHT_MI
8351,32.62109375,6.9608,-5.9788,-11.2682,2.5422,3,RIGHT_MI
8352,32.625,3.2329,-7.196,-4.9782,-1.294,3,RIGHT_MI
8353,32.62890625,-3.5798,-11.797,-6.86,-7.5573,3,RIGHT_MI
8354,32.6328125,-4.9216,-10.7254,-10.1706,-12.6577,3,RIGHT_MI
8355,32.63671875,-7.172,-5.7873,-7.5612,-5.0115,3,RIGHT_MI
8356,32.640625,-0.5434,-8.3432,-2.1317,-8.0274,3,RIGHT_MI
8357,32.64453125,-3.8226,-4.7734,-12.7936,-8.3219,3,RIGHT_MI
8358,32.6484375,-1.5053,0.3663,1.7176,-1.5872,3,RIGHT_MI
8359,32.65234375,-1.848,7.4619,5.1878,-3.8445,3,RIGHT_MI
8360,32.65625,3.8448,5.6495,5.6872,-2.0427,3,RIGHT_MI
8361,32.66015625,1.7154,5.0822,5.5027,-1.7929,3,RIGHT_MI
8362,32.6640625,4.0933,11.7534,7.7342,5.3402,3,RIGHT_MI
8363,32.66796875,-0.2316,9.6347,8.7095,4.6008,3,RIGHT_MI
8364,32.671875,2.2536,6.0378,6.8604,4.4425,3,RIGHT_MI
8365,32.67578125,3.0929,1.2762,10.7063,7.4705,3,RIGHT_MI
8366,32.6796875,1.8539,4.6229,5.4207,-3.8949,3,RIGHT_MI
8367,32.68359375,-7.9733,4.5598,3.6619,0.7769,3,RIGHT_MI
8368,32.6875,-6.0925,-0.2828,6.6692,3.754,3,RIGHT_MI
8369,32.69140625,-3.8039,4.1688,5.5826,6.3764,3,RIGHT_MI
8370,32.6953125,-3.3217,0.1091,4.0493,2.2393,3,RIGHT_MI
8371,32.69921875,0.68,-2.8509,-3.6247,3.241,3,RIGHT_MI
8372,32.703125,-0.0141,1.7751,4.0605,3.4255,3,RIGHT_MI
8373,32.70703125,1.5806,-3.1212,1.5036,2.4868,3,RIGHT_MI
8374,32.7109375,5.8368,-0.9872,2.0804,7.4774,3,RIGHT_MI
8375,32.71484375,1.3572,0.3208,-2.9022,5.3657,3,RIGHT_MI
8376,32.71875,0.9643,-6.6355,-0.7899,-0.2266,3,RIGHT_MI
8377,32.72265625,5.1201,-2.4667,-11.9987,-2.121,3,RIGHT_MI
8378,32.7265625,-0.9437,-2.1864,-2.0555,-9.2452,3,RIGHT_MI
8379,32.73046875,-1.291,-2.5197,-1.1784,-6.7073,3,RIGHT_MI
8380,32.734375,-1.675,-4.6432,-7.3214,-8.6066,3,RIGHT_MI
8381,32.73828125,-1.1021,-6.677,-4.4467,-10.4758,3,RIGHT_MI
8382,32.7421875,-1.6915,-2.3861,-5.4081,-11.749,3,RIGHT_MI
8383,32.74609375,-2.8708,-5.2566,-6.5483,-2.7755,3,RIGHT_MI
8384,32.75,-0.6889,5.0544,-4.4239,-0.1237,3,RIGHT_MI
8385,32.75390625,-1.9598,-0.6579,0.2754,-1.9581,3,RIGHT_MI
8386,32.7578125,1.9148,7.7965,4.7547,1.5672,3,RIGHT_MI
8387,32.76171875,2.3063,9.6538,4.77,-0.4994,3,RIGHT_MI
8388,32.765625,-0.3522,11.1055,12.5334,3.128,3,RIGHT_MI
8389,32.76953125,7.0164,5.3205,3.5213,7.4724,3,RIGHT_MI
8390,32.7734375,-4.312,5.8831,9.3202,9.8037,3,RIGHT_MI
8391,32.77734375,-4.4186,5.3839,11.9161,1.4561,3,RIGHT_MI
8392,32.78125,1.7066,6.1321,9.8084,-1.1765,3,RIGHT_MI
8393,32.78515625,3.3202,-2.5427,6.8453,3.1551,3,RIGHT_MI
8394,32.7890625,0.6719,-1.6737,9.0597,0.5726,3,RIGHT_MI
8395,32.79296875,-4.5835,2.2411,5.7373,-0.1043,3,RIGHT_MI
8396,32.796875,-1.2665,-2.5657,1.5336,-0.2359,3,RIGHT_MI
8397,32.80078125,3.8475,4.0191,-5.0503,4.5108,3,RIGHT_MI
8398,32.8046875,1.8534,0.5003,2.9734,5.8337,3,RIGHT_MI
8399,32.80859375,6.043,-1.0242,3.4342,-0.1636,3,RIGHT_MI
8400,32.8125,5.5152,-6.3419,1.299,5.1925,3,RIGHT_MI
8401,32.81640625,4.5033,-4.8629,0.0034,-3.7132,3,RIGHT_MI
8402,32.8203125,1.3505,-6.0128,-0.4751,-4.3514,3,RIGHT_MI
8403,32.82421875,1.756,-2.6224,-7.1595,-3.2569,3,RIGHT_MI
8404,32.828125,7.5268,-8.6823,-10.3032,-1.8498,3,RIGHT_MI
8405,32.83203125,0.6146,-9.1649,-13.2621,-2.0196,3,RIGHT_MI
8406,32.8359375,-3.7509,-4.6,-8.8333,-3.7916,3,RIGHT_MI
8407,32.83984375,-2.7167,-4.5311,-3.7902,-9.3261,3,RIGHT_MI
8408,32.84375,-1.7455,-2.4275,-7.7238,-5.191,3,RIGHT_MI
8409,32.84765625,-1.967,1.615,-5.1482,-3.951,3,RIGHT_MI
8410,32.8515625,-1.7127,11.4595,-3.1503,1.5023,3,RIGHT_MI
8411,32.85546875,-0.5838,3.7725,4.848,-0.9093,3,RIGHT_MI
8412,32.859375,1.5157,11.999,-2.6806,-0.1766,3,RIGHT_MI
8413,32.86328125,4.092,11.3674,5.9909,6.9352,3,RIGHT_MI
8414,32.8671875,-2.012,7.5962,10.7334,6.9298,3,RIGHT_MI
8415,32.87109375,-0.979,5.0858,7.5451,0.8499,3,RIGHT_MI
8416,32.875,-3.6435,10.0356,2.2549,3.7296,3,RIGHT_MI
8417,32.87890625,-1.7997,3.501,3.2146,5.226,3,RIGHT_MI
8418,32.8828125,-0.473,1.7525,-1.2142,5.3242,3,RIGHT_MI
8419,32.88671875,-6.0886,-1.2342,-2.2001,-1.3201,3,RIGHT_MI
8420,32.890625,-11.8565,-6.3814,7.1322,3.7524,3,RIGHT_MI
8421,32.89453125,-1.8382,-1.7901,-9.608,11.5659,3,RIGHT_MI
8422,32.8984375,-1.7841,-1.8209,3.9634,-0.4313,3,RIGHT_MI
8423,32.90234375,-3.4734,0.1713,4.9479,2.7609,3,RIGHT_MI
8424,32.90625,0.2705,-2.7041,3.1441,3.7042,3,RIGHT_MI
8425,32.91015625,2.4141,-4.4847,-4.7858,1.2361,3,RIGHT_MI
8426,32.9140625,5.5622,1.2311,1.6558,-0.2747,3,RIGHT_MI
8427,32.91796875,2.4016,-5.563,-4.5696,-3.4595,3,RIGHT_MI
8428,32.921875,0.931,-2.6935,1.1724,-6.1156,3,RIGHT_MI
8429,32.92578125,1.4578,-5.7068,-3.5811,-1.7226,3,RIGHT_MI
8430,32.9296875,4.8655,-5.6109,-6.0106,-8.2647,3,RIGHT_MI
8431,32.93359375,-7.2575,-4.0639,-4.563,-7.1516,3,RIGHT_MI
8432,32.9375,-2.6094,-2.4477,-7.1094,-15.5612,3,RIGHT_MI
8433,32.94140625,1.3125,1.3794,-9.2241,-8.534,3,RIGHT_MI
8434,32.9453125,-0.2367,1.917,-6.257,-5.4682,3,RIGHT_MI
8435,32.94921875,0.7798,3.2482,1.9476,-1.5591,3,RIGHT_MI
8436,32.953125,-0.3284,6.3212,6.5734,2.8621,3,RIGHT_MI
8437,32.95703125,0.267,9.6409,-0.6962,6.8613,3,RIGHT_MI
8438,32.9609375,0.7109,7.9306,3.3245,6.7262,3,RIGHT_MI
8439,32.96484375,2.094,8.111,5.4429,7.1058,3,RIGHT_MI
8440,32.96875,4.9004,10.0679,6.7711,5.8467,3,RIGHT_MI
8441,32.97265625,-0.4197,6.1482,6.3525,3.3366,3,RIGHT_MI
8442,32.9765625,3.3857,2.6299,4.2009,6.1819,3,RIGHT_MI
8443,32.98046875,-9.8389,6.6914,5.6662,4.0697,3,RIGHT_MI
8444,32.984375,-1.2438,0.8383,3.4344,-2.1485,3,RIGHT_MI
8445,32.98828125,-10.1194,-4.5487,4.0919,4.0781,3,RIGHT_MI
8446,32.9921875,-4.0525,-6.9976,0.5213,1.6535,3,RIGHT_MI
8447,32.99609375,-7.8928,-4.4307,4.9495,-0.1988,3,RIGHT_MI
8448,33.0,0.5896,-3.6539,8.4526,-1.4339,3,RIGHT_MI
8449,33.00390625,-0.1278,1.0986,5.4241,-3.8436,3,RIGHT_MI
8450,33.0078125,-1.1871,2.0948,5.6092,-2.0472,3,RIGHT_MI
8451,33.01171875,10.3749,-5.8696,2.6025,-3.0296,3,RIGHT_MI
8452,33.015625,2.7818,-4.0149,-1.1262,-7.0306,3,RIGHT_MI
8453,33.01953125,2.4376,-3.4993,-0.1946,-3.2457,3,RIGHT_MI
8454,33.0234375,0.0483,-2.0597,-2.1131,-6.4818,3,RIGHT_MI
8455,33.02734375,1.5083,-6.7145,-6.8018,-8.2599,3,RIGHT_MI
8456,33.03125,0.874,-11.7102,-13.3063,-4.6348,3,RIGHT_MI
8457,33.03515625,-6.1921,0.1883,-11.1167,-11.556,3,RIGHT_MI
8458,33.0390625,2.0375,-0.1147,-7.7236,-4.2296,3,RIGHT_MI
8459,33.04296875,-2.1568,-0.9943,-4.8933,-3.677,3,RIGHT_MI
8460,33.046875,3.374,4.0359,-7.2677,-2.4288,3,RIGHT_MI
8461,33.05078125,0.1797,4.2202,-2.2229,5.9277,3,RIGHT_MI
8462,33.0546875,-2.3911,2.1309,-0.8094,1.5252,3,RIGHT_MI
8463,33.05859375,7.3904,8.456,5.1869,8.0088,3,RIGHT_MI
8464,33.0625,-0.2783,7.2228,4.7836,5.438,3,RIGHT_MI
8465,33.06640625,4.1623,13.2649,7.0677,18.6611,3,RIGHT_MI
8466,33.0703125,4.3255,7.7434,1.9828,9.3555,3,RIGHT_MI
8467,33.07421875,3.855,6.062,5.7102,0.9171,3,RIGHT_MI
8468,33.078125,-5.0266,1.3077,-0.1024,8.4949,3,RIGHT_MI
8469,33.08203125,-1.0084,-2.8726,7.1054,2.2699,3,RIGHT_MI
8470,33.0859375,0.6242,-2.1012,3.3946,2.667,3,RIGHT_MI
8471,33.08984375,-2.7341,-1.5989,1.9282,-2.0349,3,RIGHT_MI
8472,33.09375,-3.4872,-0.479,-1.3232,-5.4346,3,RIGHT_MI
8473,33.09765625,-1.8364,-9.7275,1.6561,-5.3564,3,RIGHT_MI
8474,33.1015625,0.3103,-8.202,8.0853,0.1288,3,RIGHT_MI
8475,33.10546875,2.9744,-6.2271,6.049,-4.4126,3,RIGHT_MI
8476,33.109375,5.4715,-1.7584,4.3133,-4.0602,3,RIGHT_MI
8477,33.11328125,8.2655,-3.3978,2.8065,-5.47,3,RIGHT_MI
8478,33.1171875,7.2179,-5.8462,3.8873,-4.1197,3,RIGHT_MI
8479,33.12109375,7.8285,-4.7491,-3.2327,-4.0825,3,RIGHT_MI
8480,33.125,1.1329,-6.1248,-0.7359,-9.6449,3,RIGHT_MI
8481,33.12890625,0.9749,-3.8235,-8.3048,-3.8958,3,RIGHT_MI
8482,33.1328125,5.9051,-5.0667,-16.4701,-2.2714,3,RIGHT_MI
8483,33.13671875,-1.4153,-3.8787,-7.1494,-4.8701,3,RIGHT_MI
8484,33.140625,-8.4008,-0.4981,-9.5635,0.1628,3,RIGHT_MI
8485,33.14453125,-1.3267,5.4773,-4.1595,1.1738,3,RIGHT_MI
8486,33.1484375,-2.2119,4.464,-5.1572,4.7171,3,RIGHT_MI
8487,33.15234375,4.1314,4.5254,-3.0183,7.7389,3,RIGHT_MI
8488,33.15625,-1.1416,9.7083,2.0847,9.4447,3,RIGHT_MI
8489,33.16015625,0.0886,9.4234,0.3812,12.2927,3,RIGHT_MI
8490,33.1640625,1.1099,4.7459,6.5245,8.8578,3,RIGHT_MI
8491,33.16796875,-0.0373,8.5214,5.1301,9.762,3,RIGHT_MI
8492,33.171875,-3.6026,7.7081,0.7927,6.6198,3,RIGHT_MI
8493,33.17578125,-0.8038,0.7317,0.5084,1.7388,3,RIGHT_MI
8494,33.1796875,-0.8109,4.5495,5.2989,5.5754,3,RIGHT_MI
8495,33.18359375,-0.9936,0.1153,2.7183,1.4573,3,RIGHT_MI
8496,33.1875,-5.0365,-3.6737,4.5755,-5.191,3,RIGHT_MI
8497,33.19140625,-1.5252,-3.8546,10.2947,-3.8978,3,RIGHT_MI
8498,33.1953125,-1.6238,-5.32,4.7815,-7.2347,3,RIGHT_MI
8499,33.19921875,1.5505,-5.6828,5.1688,-6.6275,3,RIGHT_MI
8500,33.203125,-0.0339,-6.6365,4.7004,-8.1043,3,RIGHT_MI
8501,33.20703125,1.3814,-10.3467,3.094,-3.5795,3,RIGHT_MI
8502,33.2109375,9.7239,-0.5039,6.6094,-3.6399,3,RIGHT_MI
8503,33.21484375,9.6233,0.0686,2.9597,-5.7161,3,RIGHT_MI
8504,33.21875,2.4244,-1.6208,-0.1633,-6.1557,3,RIGHT_MI
8505,33.22265625,2.0267,-4.3679,-5.511,-1.983,3,RIGHT_MI
8506,33.2265625,2.2928,-0.9737,-4.6828,-0.4933,3,RIGHT_MI
8507,33.23046875,2.7574,-2.5082,-3.0076,-4.1143,3,RIGHT_MI
8508,33.234375,1.7008,-6.1471,-11.4085,-6.5233,3,RIGHT_MI
8509,33.23828125,-1.8478,-5.3212,-11.4483,-3.6703,3,RIGHT_MI
8510,33.2421875,-2.4224,2.4733,-9.9294,-2.5352,3,RIGHT_MI
8511,33.24609375,-1.1575,3.1442,-3.576,4.0724,3,RIGHT_MI
8512,33.25,-1.4066,5.9143,-2.552,6.3686,3,RIGHT_MI
8513,33.25390625,1.411,8.9602,-5.2135,5.4795,3,RIGHT_MI
8514,33.2578125,-0.7924,2.4436,-0.9805,7.2685,3,RIGHT_MI
8515,33.26171875,4.8162,10.068,-1.3977,6.6757,3,RIGHT_MI
8516,33.265625,-2.6336,8.373,5.2076,7.5441,3,RIGHT_MI
8517,33.26953125,-3.1182,9.9537,1.8365,6.9306,3,RIGHT_MI
8518,33.2734375,-0.3434,7.4099,5.0097,1.5284,3,RIGHT_MI
8519,33.27734375,-0.2956,5.4104,6.6006,7.0202,3,RIGHT_MI
8520,33.28125,-1.8666,1.1891,1.0353,0.6656,3,RIGHT_MI
8521,33.28515625,-5.912,-1.2858,5.1953,-0.8676,3,RIGHT_MI
8522,33.2890625,-11.0724,-8.2859,0.6455,-8.5182,3,RIGHT_MI
8523,33.29296875,-6.0473,-4.7407,4.9555,-2.6181,3,RIGHT_MI
8524,33.296875,-6.1704,-12.3106,11.1491,-3.6361,3,RIGHT_MI
8525,33.30078125,0.237,-2.5502,6.1984,-5.0604,3,RIGHT_MI
8526,33.3046875,5.696,-4.4702,3.0278,-4.9253,3,RIGHT_MI
8527,33.30859375,0.532,-5.8644,10.2353,-6.4319,3,RIGHT_MI
8528,33.3125,6.512,-4.8125,1.8756,-7.4847,3,RIGHT_MI
8529,33.31640625,5.0599,1.632,0.1637,-2.91,3,RIGHT_MI
8530,33.3203125,0.6818,-0.1443,6.0827,0.9736,3,RIGHT_MI
8531,33.32421875,6.832,-0.8504,-5.3538,-0.2092,3,RIGHT_MI
8532,33.328125,4.2834,-2.2751,-1.1586,-3.0469,3,RIGHT_MI
8533,33.33203125,3.2735,-0.3891,-0.3607,-0.8893,3,RIGHT_MI
8534,33.3359375,-4.6705,2.1338,-11.895,-2.5918,3,RIGHT_MI
8535,33.33984375,-2.5543,1.0537,-7.2865,-0.1659,3,RIGHT_MI
8536,33.34375,-3.972,-2.8535,-6.4454,0.8052,3,RIGHT_MI
8537,33.34765625,-4.2128,0.8481,-2.2833,0.5838,3,RIGHT_MI
8538,33.3515625,-2.0104,9.3404,-4.4174,7.5199,3,RIGHT_MI
8539,33.35546875,7.4093,6.6311,0.1312,13.512,3,RIGHT_MI
8540,33.359375,2.9812,8.5849,2.2729,10.9757,3,RIGHT_MI
8541,33.36328125,-1.5545,11.4838,-1.8595,11.7862,3,RIGHT_MI
8542,33.3671875,4.0223,13.9799,-5.1287,3.3574,3,RIGHT_MI
8543,33.37109375,-1.3206,7.2484,1.6976,4.7843,3,RIGHT_MI
8544,33.375,-1.7507,-2.1033,5.1283,0.4445,3,RIGHT_MI
8545,33.37890625,-4.917,0.1672,-1.5183,-3.8405,3,RIGHT_MI
8546,33.3828125,-9.9386,-3.7691,1.7146,-5.5912,3,RIGHT_MI
8547,33.38671875,-6.8978,-5.6178,4.4867,-4.4457,3,RIGHT_MI
8548,33.390625,1.9962,-3.6108,-0.9094,-3.3095,3,RIGHT_MI
8549,33.39453125,1.163,-4.7539,5.4181,-4.2879,3,RIGHT_MI
8550,33.3984375,1.8315,-1.6513,9.8771,-2.264,3,RIGHT_MI
8551,33.40234375,-0.9952,-0.8265,7.3552,-8.7955,3,RIGHT_MI
8552,33.40625,3.2552,-5.0125,6.4154,-2.1555,3,RIGHT_MI
8553,33.41015625,0.589,1.2361,5.3661,-1.5189,3,RIGHT_MI
8554,33.4140625,0.9423,0.6018,4.6038,-3.4611,3,RIGHT_MI
8555,33.41796875,-1.8354,-1.3188,1.7199,-0.3566,3,RIGHT_MI
8556,33.421875,4.0858,-3.1307,-0.0497,-3.8139,3,RIGHT_MI
8557,33.42578125,0.6201,2.587,0.8396,4.4334,3,RIGHT_MI
8558,33.4296875,1.1682,0.356,-3.5549,-2.8882,3,RIGHT_MI
8559,33.43359375,-2.0566,-5.3445,-3.4152,-3.8721,3,RIGHT_MI
8560,33.4375,0.9401,1.8307,-8.6048,4.7397,3,RIGHT_MI
8561,33.44140625,2.1148,2.0209,-14.53,0.0696,3,RIGHT_MI
8562,33.4453125,5.1713,3.2876,-10.9837,6.7811,3,RIGHT_MI
8563,33.44921875,2.7289,5.6911,-6.6476,-1.7752,3,RIGHT_MI
8564,33.453125,2.1936,6.6039,-4.6365,8.8056,3,RIGHT_MI
8565,33.45703125,3.3,11.4849,-1.5924,5.8982,3,RIGHT_MI
8566,33.4609375,-0.0973,4.1178,-0.279,10.3504,3,RIGHT_MI
8567,33.46484375,4.6286,9.5851,0.4511,5.3603,3,RIGHT_MI
8568,33.46875,2.0867,6.9508,3.5712,3.1851,3,RIGHT_MI
8569,33.47265625,-1.8729,2.9012,-4.2178,0.5015,3,RIGHT_MI
8570,33.4765625,2.8651,-3.4578,4.8743,0.5567,3,RIGHT_MI
8571,33.48046875,-3.5842,3.5559,-2.1727,-3.7779,3,RIGHT_MI
8572,33.484375,-4.5988,-8.4158,1.5235,-7.813,3,RIGHT_MI
8573,33.48828125,-6.4483,-5.7209,4.3481,-4.8183,3,RIGHT_MI
8574,33.4921875,-2.4869,-6.4491,-2.0886,-7.3455,3,RIGHT_MI
8575,33.49609375,1.9563,-4.1034,3.2115,-1.1897,3,RIGHT_MI
8576,33.5,-2.7234,-4.3387,2.5196,-6.2247,3,RIGHT_MI
8577,33.50390625,-3.1293,-9.0754,6.6043,-6.9152,3,RIGHT_MI
8578,33.5078125,3.1384,-4.3469,5.4978,2.8602,3,RIGHT_MI
8579,33.51171875,10.3054,-5.8362,7.6941,-1.2527,3,RIGHT_MI
8580,33.515625,6.9143,-1.5772,-0.3853,-0.34,3,RIGHT_MI
8581,33.51953125,1.7808,0.6869,-2.0282,-1.542,3,RIGHT_MI
8582,33.5234375,3.7057,-1.5933,0.6698,-3.0036,3,RIGHT_MI
8583,33.52734375,0.3872,-7.5843,-11.0912,1.8291,3,RIGHT_MI
8584,33.53125,-1.3595,-4.5314,-5.0068,1.2787,3,RIGHT_MI
8585,33.53515625,-2.3803,-1.2875,-7.4782,1.7706,3,RIGHT_MI
8586,33.5390625,-3.983,0.8014,-5.6738,-3.5715,3,RIGHT_MI
8587,33.54296875,-0.6376,3.1623,-5.9623,5.6248,3,RIGHT_MI
8588,33.546875,0.8272,4.3847,-12.5829,0.4555,3,RIGHT_MI
8589,33.55078125,4.8785,9.852,-1.2205,7.214,3,RIGHT_MI
8590,33.5546875,-2.1478,6.7386,-4.8181,8.5234,3,RIGHT_MI
8591,33.55859375,3.9128,10.0877,-3.4034,2.9298,3,RIGHT_MI
8592,33.5625,-0.5758,7.0294,-1.7007,4.1078,3,RIGHT_MI
8593,33.56640625,0.8715,10.7294,2.6006,2.8322,3,RIGHT_MI
8594,33.5703125,5.9065,2.8781,0.4504,-1.1564,3,RIGHT_MI
8595,33.57421875,0.0396,6.5068,-0.0844,0.3198,3,RIGHT_MI
8596,33.578125,-1.1775,-0.3356,6.5289,-4.0741,3,RIGHT_MI
8597,33.58203125,-0.7254,-9.4691,6.0122,-10.0768,3,RIGHT_MI
8598,33.5859375,-8.9514,-6.2074,7.1541,-2.4936,3,RIGHT_MI
8599,33.58984375,-5.0468,-7.2624,3.4117,-7.7861,3,RIGHT_MI
8600,33.59375,-2.9613,-6.4881,0.6661,-8.0134,3,RIGHT_MI
8601,33.59765625,-0.4615,-0.7994,9.635,-1.9813,3,RIGHT_MI
8602,33.6015625,-1.0553,-3.959,6.7164,-2.4226,3,RIGHT_MI
8603,33.60546875,2.5631,-1.8564,7.3125,0.2348,3,RIGHT_MI
8604,33.609375,4.1372,-2.1972,9.7512,-1.805,3,RIGHT_MI
8605,33.61328125,2.5085,-3.1781,6.9837,-2.8961,3,RIGHT_MI
8606,33.6171875,-0.0529,0.7574,11.8517,0.6119,3,RIGHT_MI
8607,33.62109375,-0.8604,-5.0585,-0.5897,6.4663,3,RIGHT_MI
8608,33.625,1.3429,-2.7445,5.8149,1.7505,3,RIGHT_MI
8609,33.62890625,2.4667,0.0158,-6.1446,2.6132,3,RIGHT_MI
8610,33.6328125,-0.6578,-4.4013,-5.2765,3.7237,3,RIGHT_MI
8611,33.63671875,-4.756,2.8359,-6.9877,3.365,3,RIGHT_MI
8612,33.640625,-1.1948,6.1901,-10.8525,5.5189,3,RIGHT_MI
8613,33.64453125,-2.8229,1.1991,-8.7511,6.3985,3,RIGHT_MI
8614,33.6484375,-5.6745,10.7528,-6.4515,9.0824,3,RIGHT_MI
8615,33.65234375,-3.0507,6.3917,-6.617,9.5002,3,RIGHT_MI
8616,33.65625,-1.326,8.5659,1.159,9.042,3,RIGHT_MI
8617,33.66015625,5.1257,8.514,-4.6059,6.1375,3,RIGHT_MI
8618,33.6640625,1.5978,8.561,0.9865,2.1216,3,RIGHT_MI
8619,33.66796875,2.1142,3.3617,2.026,-2.4189,3,RIGHT_MI
8620,33.671875,2.3575,7.2211,7.0819,-5.8903,3,RIGHT_MI
8621,33.67578125,-1.7065,0.2399,5.2244,-4.2941,3,RIGHT_MI
8622,33.6796875,-3.4889,-6.5568,-0.9918,-8.5076,3,RIGHT_MI
8623,33.68359375,-2.8775,-2.7749,-6.6847,-6.8761,3,RIGHT_MI
8624,33.6875,-6.4906,-11.4725,-5.4161,-9.5664,3,RIGHT_MI
8625,33.69140625,-8.0005,-4.7092,4.4776,-7.9132,3,RIGHT_MI
8626,33.6953125,2.7105,-6.8636,1.6051,-3.7573,3,RIGHT_MI
8627,33.69921875,1.367,-10.3776,6.5893,0.3762,3,RIGHT_MI
8628,33.703125,5.7704,-4.9652,6.1341,1.9068,3,RIGHT_MI
8629,33.70703125,1.8159,-1.7616,6.6429,3.4704,3,RIGHT_MI
8630,33.7109375,5.9608,-3.853,8.5942,0.4258,3,RIGHT_MI
8631,33.71484375,6.9399,2.101,11.2113,3.4916,3,RIGHT_MI
8632,33.71875,5.269,6.3337,5.9284,6.8363,3,RIGHT_MI
8633,33.72265625,1.1762,1.0204,3.3712,4.0325,3,RIGHT_MI
8634,33.7265625,3.7879,2.2961,-3.0923,1.3125,3,RIGHT_MI
8635,33.73046875,4.0248,4.3422,-5.9699,6.0271,3,RIGHT_MI
8636,33.734375,-1.4453,0.1525,-2.9768,6.4219,3,RIGHT_MI
8637,33.73828125,1.2627,4.5804,-8.8711,4.7994,3,RIGHT_MI
8638,33.7421875,-3.3136,2.707,-7.6308,-0.321,3,RIGHT_MI
8639,33.74609375,-4.4975,0.399,-7.4114,7.3452,3,RIGHT_MI
8640,33.75,6.0545,7.2173,-4.9163,7.031,3,RIGHT_MI
8641,33.75390625,-1.0138,7.7558,-4.1042,7.1025,3,RIGHT_MI
8642,33.7578125,1.1332,7.7566,-0.6139,9.1533,3,RIGHT_MI
8643,33.76171875,1.7976,11.233,-0.8304,2.5274,3,RIGHT_MI
8644,33.765625,4.917,8.668,-2.2636,6.7662,3,RIGHT_MI
8645,33.76953125,-4.127,1.5566,6.4037,1.1013,3,RIGHT_MI
8646,33.7734375,-2.9734,0.4918,2.0869,-3.6926,3,RIGHT_MI
8647,33.77734375,-1.4404,-5.0653,-4.1013,-8.6899,3,RIGHT_MI
8648,33.78125,1.6348,-3.9222,1.7999,-6.8758,3,RIGHT_MI
8649,33.78515625,-3.8327,-8.184,-0.3802,-5.2484,3,RIGHT_MI
8650,33.7890625,1.1041,-6.5316,2.6247,-7.0817,3,RIGHT_MI
8651,33.79296875,-7.2079,-10.5688,3.8718,-4.6588,3,RIGHT_MI
8652,33.796875,-4.311,-6.6378,8.0569,-4.7621,3,RIGHT_MI
8653,33.80078125,0.5231,-2.7622,7.0619,-2.0573,3,RIGHT_MI
8654,33.8046875,5.6663,-10.2402,10.0046,-1.0762,3,RIGHT_MI
8655,33.80859375,-0.4746,-0.4445,5.6143,3.3781,3,RIGHT_MI
8656,33.8125,0.9059,-2.6116,4.7571,8.5886,3,RIGHT_MI
8657,33.81640625,-0.0881,0.4984,5.7311,3.3698,3,RIGHT_MI
8658,33.8203125,1.4885,-0.6178,0.9483,-1.3143,3,RIGHT_MI
8659,33.82421875,1.9237,-1.0266,2.8637,8.1175,3,RIGHT_MI
8660,33.828125,6.2553,2.0964,2.5716,6.6469,3,RIGHT_MI
8661,33.83203125,0.637,2.8078,-7.4169,2.5162,3,RIGHT_MI
8662,33.8359375,1.0856,3.7293,-7.9044,1.6468,3,RIGHT_MI
8663,33.83984375,-6.4228,1.4775,-7.4461,3.0542,3,RIGHT_MI
8664,33.84375,-5.1558,3.9012,-2.4894,1.5616,3,RIGHT_MI
8665,33.84765625,1.4391,1.2494,-7.9387,5.4554,3,RIGHT_MI
8666,33.8515625,-0.6146,5.5268,1.1213,3.0984,3,RIGHT_MI
8667,33.85546875,3.853,9.7619,-3.981,2.8198,3,RIGHT_MI
8668,33.859375,-0.3513,10.0487,-7.7494,3.7998,3,RIGHT_MI
8669,33.86328125,4.0934,2.2611,-2.046,-2.6592,3,RIGHT_MI
8670,33.8671875,1.867,-1.4705,-2.8555,-1.041,3,RIGHT_MI
8671,33.87109375,2.5702,-4.2135,-2.9806,3.4708,3,RIGHT_MI
8672,33.875,-7.1749,-1.893,-5.4601,-5.702,3,RIGHT_MI
8673,33.87890625,-3.1169,-5.0832,-0.4953,-10.2259,3,RIGHT_MI
8674,33.8828125,-1.8192,-6.8744,-1.0458,-7.8691,3,RIGHT_MI
8675,33.88671875,-5.2856,-10.2151,-6.1671,-4.1057,3,RIGHT_MI
8676,33.890625,-2.9556,-8.8124,3.7562,-0.865,3,RIGHT_MI
8677,33.89453125,-2.6297,-6.4731,-2.1662,-2.1764,3,RIGHT_MI
8678,33.8984375,5.0237,-4.7424,1.2309,-1.5347,3,RIGHT_MI
8679,33.90234375,-0.1854,-8.0202,7.479,1.3751,3,RIGHT_MI
8680,33.90625,-1.9423,2.3858,9.2332,2.4255,3,RIGHT_MI
8681,33.91015625,4.9401,-1.3254,5.141,6.0624,3,RIGHT_MI
8682,33.9140625,1.7662,3.9499,5.4412,8.5682,3,RIGHT_MI
8683,33.91796875,6.9525,0.8171,-1.2384,1.0371,3,RIGHT_MI
8684,33.921875,2.4135,-3.0397,6.6804,9.0795,3,RIGHT_MI
8685,33.92578125,2.3376,-1.8047,1.1118,5.7156,3,RIGHT_MI
8686,33.9296875,5.0515,0.522,-0.8256,1.2022,3,RIGHT_MI
8687,33.93359375,0.3665,0.1776,-7.5965,2.4239,3,RIGHT_MI
8688,33.9375,-1.1,1.8836,-3.1931,1.2971,3,RIGHT_MI
8689,33.94140625,-0.3183,0.8648,-4.3967,-1.5694,3,RIGHT_MI
8690,33.9453125,-4.3454,0.5866,-6.0457,-0.1275,3,RIGHT_MI
8691,33.94921875,3.1577,0.6515,-3.7502,3.0629,3,RIGHT_MI
8692,33.953125,-0.099,-0.3994,-3.5407,-1.4775,3,RIGHT_MI
8693,33.95703125,2.8485,5.8834,1.8936,1.1502,3,RIGHT_MI
8694,33.9609375,-1.4497,8.0893,-2.7527,2.6789,3,RIGHT_MI
8695,33.96484375,0.0522,1.555,4.373,-0.1021,3,RIGHT_MI
8696,33.96875,2.9576,3.2866,-3.1022,-0.0959,3,RIGHT_MI
8697,33.97265625,1.8959,-1.8917,-0.1826,-3.9663,3,RIGHT_MI
8698,33.9765625,-4.5862,0.2029,-1.9734,-8.3571,3,RIGHT_MI
8699,33.98046875,-1.2817,-6.6254,-0.0557,-9.1315,3,RIGHT_MI
8700,33.984375,-10.5036,-9.0311,-4.0772,-7.9193,3,RIGHT_MI
8701,33.98828125,2.3216,-8.3349,-2.9051,-8.0489,3,RIGHT_MI
8702,33.9921875,-2.8785,-5.2377,-3.6564,-8.6766,3,RIGHT_MI
8703,33.99609375,0.4913,-4.8954,8.9225,-0.2744,3,RIGHT_MI
8704,34.0,-1.1535,-7.4765,10.6763,3.8697,3,RIGHT_MI
8705,34.00390625,3.0197,-5.9507,7.7862,0.3994,3,RIGHT_MI
8706,34.0078125,3.005,-0.1357,8.6763,5.4226,3,RIGHT_MI
8707,34.01171875,5.9842,-0.2116,10.2479,9.8277,3,RIGHT_MI
8708,34.015625,2.1038,-1.3238,8.6724,5.8246,3,RIGHT_MI
8709,34.01953125,3.4639,1.9794,7.2392,9.8856,3,RIGHT_MI
8710,34.0234375,5.3297,6.6475,3.2869,3.4876,3,RIGHT_MI
8711,34.02734375,-1.9697,3.9199,0.6812,2.9405,3,RIGHT_MI
8712,34.03125,0.3112,9.2131,-2.5645,-1.4438,3,RIGHT_MI
8713,34.03515625,-5.6732,3.9798,-2.3186,1.7095,3,RIGHT_MI
8714,34.0390625,-2.7724,0.6957,-0.7273,-1.1696,3,RIGHT_MI
8715,34.04296875,-1.4207,5.2429,-4.9322,4.9813,3,RIGHT_MI
8716,34.046875,-3.6431,5.5318,-9.1526,-2.4164,3,RIGHT_MI
8717,34.05078125,-3.5152,3.7505,-5.1005,-1.9872,3,RIGHT_MI
8718,34.0546875,2.418,8.7217,-9.8312,-4.8831,3,RIGHT_MI
8719,34.05859375,6.8474,6.8427,-4.6457,-1.2726,3,RIGHT_MI
8720,34.0625,5.0939,10.5289,-2.7004,2.8931,3,RIGHT_MI
8721,34.06640625,1.584,7.0811,-5.1779,-6.8543,3,RIGHT_MI
8722,34.0703125,2.3798,2.4401,1.9003,-4.5597,3,RIGHT_MI
8723,34.07421875,-3.3937,-0.1,-1.9539,-2.5745,3,RIGHT_MI
8724,34.078125,1.8031,-4.6378,-4.7318,-7.6977,3,RIGHT_MI
8725,34.08203125,-3.1007,-1.7497,-0.1401,-5.7051,3,RIGHT_MI
8726,34.0859375,-3.9829,-4.623,0.1467,-9.9477,3,RIGHT_MI
8727,34.08984375,-7.5927,-14.2027,-1.049,-7.6904,3,RIGHT_MI
8728,34.09375,-7.754,-9.4391,3.1002,-7.0765,3,RIGHT_MI
8729,34.09765625,1.8722,-5.1661,5.6745,4.8221,3,RIGHT_MI
8730,34.1015625,0.1859,-3.0971,4.0223,1.9915,3,RIGHT_MI
8731,34.10546875,2.5524,-1.1707,8.108,2.2948,3,RIGHT_MI
8732,34.109375,5.4308,2.2363,10.3378,4.8115,3,RIGHT_MI
8733,34.11328125,7.3747,-3.4696,6.5663,11.5911,3,RIGHT_MI
8734,34.1171875,5.6983,-1.093,8.3824,8.7106,3,RIGHT_MI
8735,34.12109375,3.4885,6.1109,7.4884,5.6844,3,RIGHT_MI
8736,34.125,3.8511,1.9754,2.9791,9.9492,3,RIGHT_MI
8737,34.12890625,-2.4696,2.9684,-0.4702,5.9031,3,RIGHT_MI
8738,34.1328125,1.1049,-0.5308,-4.7659,2.0311,3,RIGHT_MI
8739,34.13671875,1.0248,-2.8747,-4.5043,-1.5716,3,RIGHT_MI
8740,34.140625,2.4762,4.353,-9.9448,2.7149,3,RIGHT_MI
8741,34.14453125,0.4817,0.0606,-4.6963,-2.2262,3,RIGHT_MI
8742,34.1484375,-1.4014,3.8781,-0.9845,-3.3771,3,RIGHT_MI
8743,34.15234375,-4.0089,6.8671,-3.1996,1.7899,3,RIGHT_MI
8744,34.15625,3.9081,7.8667,-7.4083,-1.6851,3,RIGHT_MI
8745,34.16015625,-3.9022,0.9394,-0.4212,-9.6072,3,RIGHT_MI
8746,34.1640625,-2.7888,2.844,-1.7538,-1.6919,3,RIGHT_MI
8747,34.16796875,-1.0597,4.2874,3.0356,-5.7121,3,RIGHT_MI
8748,34.171875,2.0245,3.5508,-4.7304,-6.7093,3,RIGHT_MI
8749,34.17578125,-6.4222,-0.2506,0.0234,-11.1011,3,RIGHT_MI
8750,34.1796875,-1.6686,-6.4129,-1.4992,-10.8563,3,RIGHT_MI
8751,34.18359375,-10.3566,-6.4705,-2.7137,-3.8818,3,RIGHT_MI
8752,34.1875,-6.468,-6.4771,-1.3098,-5.5525,3,RIGHT_MI
8753,34.19140625,-2.5714,-7.6511,-2.3288,1.3056,3,RIGHT_MI
8754,34.1953125,-3.668,-6.9918,8.1753,0.6965,3,RIGHT_MI
8755,34.19921875,5.4594,-0.8691,3.6259,3.42,3,RIGHT_MI
8756,34.203125,4.9584,-2.4153,4.2546,6.0144,3,RIGHT_MI
8757,34.20703125,4.9244,-5.6763,6.5639,7.5586,3,RIGHT_MI
8758,34.2109375,5.9644,2.0321,10.6058,9.8827,3,RIGHT_MI
8759,34.21484375,5.8845,3.5865,5.6439,6.2705,3,RIGHT_MI
8760,34.21875,1.9649,1.0118,2.9617,11.9185,3,RIGHT_MI
8761,34.22265625,4.106,2.7561,0.9152,11.1686,3,RIGHT_MI
8762,34.2265625,-0.84,5.6407,3.6732,4.4396,3,RIGHT_MI
8763,34.23046875,-2.4219,6.5982,1.6796,5.2219,3,RIGHT_MI
8764,34.234375,0.8429,-5.8685,-2.6177,-1.552,3,RIGHT_MI
8765,34.23828125,0.6524,3.2017,-4.7349,-5.1907,3,RIGHT_MI
8766,34.2421875,1.0569,5.2604,-12.0385,-2.9011,3,RIGHT_MI
8767,34.24609375,-2.4381,5.168,-1.6563,-1.4993,3,RIGHT_MI
8768,34.25,1.3312,3.2433,-3.1975,-12.0567,3,RIGHT_MI
8769,34.25390625,0.5538,8.2739,-3.7971,-3.6105,3,RIGHT_MI
8770,34.2578125,1.5873,7.6881,-3.6526,0.5075,3,RIGHT_MI
8771,34.26171875,4.3606,0.4682,-5.487,0.0055,3,RIGHT_MI
8772,34.265625,-3.649,1.6643,-2.4604,2.1972,3,RIGHT_MI
8773,34.26953125,-0.5237,-1.1887,-9.4743,-3.3724,3,RIGHT_MI
8774,34.2734375,-0.7736,-2.3606,-0.3203,-4.3123,3,RIGHT_MI
8775,34.27734375,-4.1423,-3.67,-2.956,-1.5645,3,RIGHT_MI
8776,34.28125,-6.3529,-13.3997,-2.8859,-4.0473,3,RIGHT_MI
8777,34.28515625,-7.0045,-3.6526,-1.8868,-7.6515,3,RIGHT_MI
8778,34.2890625,-0.9418,-10.0017,-2.6646,-4.5178,3,RIGHT_MI
8779,34.29296875,-8.0536,-4.6632,0.6404,4.2843,3,RIGHT_MI
8780,34.296875,-0.233,-12.9754,3.1694,-0.1259,3,RIGHT_MI
8781,34.30078125,-0.7877,1.9997,5.6645,7.931,3,RIGHT_MI
8782,34.3046875,2.4005,-3.3699,-0.8022,6.8559,3,RIGHT_MI
8783,34.30859375,8.542,0.7616,5.1499,11.9444,3,RIGHT_MI
8784,34.3125,2.8118,2.7705,5.5185,8.6746,3,RIGHT_MI
8785,34.31640625,1.1938,1.0312,8.5339,9.4258,3,RIGHT_MI
8786,34.3203125,7.6755,3.3081,8.0185,5.5233,3,RIGHT_MI
8787,34.32421875,1.4643,4.2471,5.401,10.3948,3,RIGHT_MI
8788,34.328125,-1.0045,5.018,4.0647,4.4998,3,RIGHT_MI
8789,34.33203125,1.8984,-5.6882,0.2133,-0.873,3,RIGHT_MI
8790,34.3359375,2.1084,-3.0395,-4.001,-2.4253,3,RIGHT_MI
8791,34.33984375,-1.3928,5.9845,-4.8356,-6.5286,3,RIGHT_MI
8792,34.34375,-1.5535,7.8336,-3.3783,-1.9022,3,RIGHT_MI
8793,34.34765625,-0.8787,0.5447,-1.6092,-9.9256,3,RIGHT_MI
8794,34.3515625,0.7362,-1.9832,-3.3348,-4.2356,3,RIGHT_MI
8795,34.35546875,3.8593,1.7375,-3.5843,-2.896,3,RIGHT_MI
8796,34.359375,4.0928,7.6975,-0.9034,-6.2792,3,RIGHT_MI
8797,34.36328125,2.8358,1.3996,-1.9108,-0.951,3,RIGHT_MI
8798,34.3671875,1.4622,0.84,-3.2912,-5.6715,3,RIGHT_MI
8799,34.37109375,-3.3452,-4.4962,-1.7724,-5.6969,3,RIGHT_MI
8800,34.375,-5.3809,-1.1184,-6.5571,-6.9986,3,RIGHT_MI
8801,34.37890625,-1.6705,-13.5401,-2.5174,-4.0787,3,RIGHT_MI
8802,34.3828125,-4.0972,-8.8952,-3.6879,-3.2435,3,RIGHT_MI
8803,34.38671875,-9.0971,-8.1639,-1.218,2.6355,3,RIGHT_MI
8804,34.390625,-4.6079,-10.9745,5.3791,0.4923,3,RIGHT_MI
8805,34.39453125,0.4109,-4.0187,0.5389,1.5856,3,RIGHT_MI
8806,34.3984375,-0.2722,-0.0891,0.6623,6.517,3,RIGHT_MI
8807,34.40234375,0.108,3.9627,6.7411,7.1832,3,RIGHT_MI
8808,34.40625,0.6453,6.7046,7.6032,6.7103,3,RIGHT_MI
8809,34.41015625,3.2723,5.1152,8.1032,12.2533,3,RIGHT_MI
8810,34.4140625,6.1648,3.9704,4.5807,3.115,3,RIGHT_MI
8811,34.41796875,7.3991,5.9578,10.6837,6.1681,3,RIGHT_MI
8812,34.421875,4.161,0.1225,5.4836,2.5595,3,RIGHT_MI
8813,34.42578125,1.4151,5.6754,3.7862,-2.1067,3,RIGHT_MI
8814,34.4296875,2.0176,4.1062,0.4958,-1.8864,3,RIGHT_MI
8815,34.43359375,0.1451,5.8681,-2.9905,-1.916,3,RIGHT_MI
8816,34.4375,-5.4271,9.5737,-3.6449,-4.2024,3,RIGHT_MI
8817,34.44140625,2.9238,4.6806,-3.6413,-6.0287,3,RIGHT_MI
8818,34.4453125,-4.9225,3.8105,-5.2342,-2.8863,3,RIGHT_MI
8819,34.44921875,0.8406,2.7758,-9.3542,-9.8244,3,RIGHT_MI
8820,34.453125,2.8151,1.2819,-3.5085,-6.2159,3,RIGHT_MI
8821,34.45703125,3.1257,6.9927,-4.3939,-6.46,3,RIGHT_MI
8822,34.4609375,0.2491,7.1241,1.1839,-4.9533,3,RIGHT_MI
8823,34.46484375,2.521,3.7391,-7.433,0.3751,3,RIGHT_MI
8824,34.46875,1.1363,-0.15,-0.7323,0.8007,3,RIGHT_MI
8825,34.47265625,-2.4122,-7.1947,-3.9956,0.2418,3,RIGHT_MI
8826,34.4765625,2.7797,-5.7915,-5.5676,-0.2081,3,RIGHT_MI
8827,34.48046875,-6.4601,-4.487,-6.9562,-1.0202,3,RIGHT_MI
8828,34.484375,-7.6248,-6.1391,-2.2189,-0.2732,3,RIGHT_MI
8829,34.48828125,-5.9058,-4.498,1.2696,7.031,3,RIGHT_MI
8830,34.4921875,1.445,-4.9844,2.823,3.4278,3,RIGHT_MI
8831,34.49609375,2.1725,-5.711,5.0477,8.4804,3,RIGHT_MI
8832,34.5,2.2606,-4.5918,1.1509,7.4017,3,RIGHT_MI
8833,34.50390625,3.0291,1.294,5.3528,12.673,3,RIGHT_MI
8834,34.5078125,9.0104,-2.7226,9.0215,7.6529,3,RIGHT_MI
8835,34.51171875,6.8531,4.0714,1.5818,8.7739,3,RIGHT_MI
8836,34.515625,3.4781,2.8036,11.918,6.0554,3,RIGHT_MI
8837,34.51953125,4.7907,5.3598,6.8922,3.9775,3,RIGHT_MI
8838,34.5234375,1.4726,6.689,6.5292,1.3419,3,RIGHT_MI
8839,34.52734375,-1.0718,5.2892,-2.247,2.7063,3,RIGHT_MI
8840,34.53125,0.3038,5.8481,-3.139,1.4777,3,RIGHT_MI
8841,34.53515625,-0.8917,3.4559,0.1448,-6.006,3,RIGHT_MI
8842,34.5390625,-1.8836,2.2427,-1.0653,-9.1908,3,RIGHT_MI
8843,34.54296875,1.9842,-0.7112,0.8142,-6.7381,3,RIGHT_MI
8844,34.546875,-2.0134,-4.2661,-0.5885,-0.4164,3,RIGHT_MI
8845,34.55078125,-3.9583,4.9906,-3.1163,-7.3698,3,RIGHT_MI
8846,34.5546875,1.4931,2.0162,-5.1165,-4.029,3,RIGHT_MI
8847,34.55859375,0.7243,3.0278,-7.605,-1.8705,3,RIGHT_MI
8848,34.5625,-2.0012,-1.0188,-3.7654,5.7964,3,RIGHT_MI
8849,34.56640625,5.773,-0.0075,0.0685,-0.1389,3,RIGHT_MI
8850,34.5703125,1.7395,-4.0544,-5.5881,1.1061,3,RIGHT_MI
8851,34.57421875,1.7935,-3.0325,-4.3721,0.1822,3,RIGHT_MI
8852,34.578125,-2.7673,-7.5089,-6.7259,2.1694,3,RIGHT_MI
8853,34.58203125,0.0532,-5.2033,-6.0355,3.0383,3,RIGHT_MI
8854,34.5859375,-8.2102,-5.133,-9.4081,-4.7862,3,RIGHT_MI
8855,34.58984375,-9.0929,-6.2695,-1.9047,-1.062,3,RIGHT_MI
8856,34.59375,-4.4156,-4.1992,6.2696,3.022,3,RIGHT_MI
8857,34.59765625,-0.6884,-2.2516,6.0333,5.338,3,RIGHT_MI
8858,34.6015625,1.2645,-3.2371,-1.53,3.7327,3,RIGHT_MI
8859,34.60546875,6.0077,0.8124,2.6565,4.8855,3,RIGHT_MI
8860,34.609375,4.8133,2.9636,6.0389,12.1659,3,RIGHT_MI
8861,34.61328125,2.4596,3.8393,10.4401,6.8705,3,RIGHT_MI
8862,34.6171875,4.7051,5.5708,4.9654,3.349,3,RIGHT_MI
8863,34.62109375,1.7492,0.672,7.3205,-1.1619,3,RIGHT_MI
8864,34.625,6.3137,5.5869,3.0683,-6.5893,3,RIGHT_MI
8865,34.62890625,0.1424,0.7176,2.2876,-3.1308,3,RIGHT_MI
8866,34.6328125,-0.2263,4.7052,5.8135,-6.7396,3,RIGHT_MI
8867,34.63671875,0.28,0.7875,4.4957,-6.5867,3,RIGHT_MI
8868,34.640625,-0.8925,0.7806,1.4795,-8.343,3,RIGHT_MI
8869,34.64453125,-2.0683,2.6278,-1.3535,-8.6154,3,RIGHT_MI
8870,34.6484375,-0.3516,1.6311,-3.9899,-1.6927,3,RIGHT_MI
8871,34.65234375,1.7642,0.1388,8.6165,-6.902,3,RIGHT_MI
8872,34.65625,5.0906,4.3922,-2.4126,-1.3713,3,RIGHT_MI
8873,34.66015625,-1.0687,0.5572,-4.5593,-4.3027,3,RIGHT_MI
8874,34.6640625,6.18,-2.518,2.2345,4.3717,3,RIGHT_MI
8875,34.66796875,4.66,1.7001,-8.1475,4.3931,3,RIGHT_MI
8876,34.671875,-3.0572,3.4534,-1.5965,1.2299,3,RIGHT_MI
8877,34.67578125,-7.4332,-6.8421,-6.2624,-0.8181,3,RIGHT_MI
8878,34.6796875,2.7493,-11.0253,-2.5011,3.6963,3,RIGHT_MI
8879,34.68359375,-5.4899,-5.2565,-8.7112,1.8632,3,RIGHT_MI
8880,34.6875,-1.2161,-12.921,-4.4207,0.4279,3,RIGHT_MI
8881,34.69140625,-4.2078,-8.3767,0.9971,2.9008,3,RIGHT_MI
8882,34.6953125,-2.6767,-2.4032,-7.8937,6.2439,3,RIGHT_MI
8883,34.69921875,0.8777,-0.9695,3.4137,-0.0947,3,RIGHT_MI
8884,34.703125,4.3978,0.3459,8.3452,4.4287,3,RIGHT_MI
8885,34.70703125,-3.5356,4.5282,6.5704,4.8326,3,RIGHT_MI
8886,34.7109375,4.2883,11.0963,8.199,3.1873,3,RIGHT_MI
8887,34.71484375,0.6713,2.7481,6.5182,0.6509,3,RIGHT_MI
8888,34.71875,2.3067,6.4125,10.3383,0.1379,3,RIGHT_MI
8889,34.72265625,7.191,8.5676,7.3894,-6.5859,3,RIGHT_MI
8890,34.7265625,1.7875,5.1923,3.8402,-2.7035,3,RIGHT_MI
8891,34.73046875,1.3763,7.8712,10.9521,-9.7693,3,RIGHT_MI
8892,34.734375,-5.0328,4.8816,-2.252,-10.0465,3,RIGHT_MI
8893,34.73828125,2.5133,0.2359,-0.1968,-10.4557,3,RIGHT_MI
8894,34.7421875,4.3123,4.5111,-7.3797,-6.6451,3,RIGHT_MI
8895,34.74609375,-5.0867,-0.4519,2.9967,-3.2436,3,RIGHT_MI
8896,34.75,-3.2139,5.394,-2.7175,-0.237,3,RIGHT_MI
8897,34.75390625,-5.6261,3.9388,4.3358,1.7511,3,RIGHT_MI
8898,34.7578125,5.0253,-4.8281,-2.331,-1.344,3,RIGHT_MI
8899,34.76171875,-2.9426,1.6533,-1.7164,3.5233,3,RIGHT_MI
8900,34.765625,3.8799,0.5805,-6.6206,1.0012,3,RIGHT_MI
8901,34.76953125,-1.2825,-8.8656,-9.9541,4.6803,3,RIGHT_MI
8902,34.7734375,1.6369,-4.3716,-10.2424,2.1996,3,RIGHT_MI
8903,34.77734375,-3.4416,-8.9494,-8.009,1.1528,3,RIGHT_MI
8904,34.78125,-6.2062,-10.6137,-1.2238,5.6028,3,RIGHT_MI
8905,34.78515625,-3.4291,-1.1153,-3.4708,-0.8049,3,RIGHT_MI
8906,34.7890625,-1.5518,-4.0519,-8.6415,-1.7279,3,RIGHT_MI
8907,34.79296875,-5.4322,-2.395,-3.3193,2.8948,3,RIGHT_MI
8908,34.796875,1.7841,-0.3686,-1.2968,0.6574,3,RIGHT_MI
8909,34.80078125,2.217,4.3666,4.4272,6.4758,3,RIGHT_MI
8910,34.8046875,6.2241,-0.8124,5.3275,2.3385,3,RIGHT_MI
8911,34.80859375,1.9053,-0.1466,11.5614,-0.7784,3,RIGHT_MI
8912,34.8125,5.143,5.9096,8.016,4.6431,3,RIGHT_MI
8913,34.81640625,6.3045,11.6944,9.2898,-0.0503,3,RIGHT_MI
8914,34.8203125,7.3879,5.7633,7.6414,-4.6684,3,RIGHT_MI
8915,34.82421875,0.2536,1.1688,7.6312,-1.0981,3,RIGHT_MI
8916,34.828125,1.4485,7.6436,4.5963,-4.2353,3,RIGHT_MI
8917,34.83203125,-1.2076,8.8621,3.2164,-9.5353,3,RIGHT_MI
8918,34.8359375,2.4778,-4.4329,2.5858,-7.7525,3,RIGHT_MI
8919,34.83984375,-2.9682,0.6642,-1.2572,-8.5072,3,RIGHT_MI
8920,34.84375,-5.8904,8.9676,0.5421,-6.2256,3,RIGHT_MI
8921,34.84765625,2.3962,-1.7876,-0.7049,-12.4724,3,RIGHT_MI
8922,34.8515625,-1.5129,0.0675,-1.9284,-6.0851,3,RIGHT_MI
8923,34.85546875,0.1016,0.1142,-1.7543,-0.1673,3,RIGHT_MI
8924,34.859375,-0.6621,0.8785,-1.2152,2.2697,3,RIGHT_MI
8925,34.86328125,2.5575,-4.8311,-4.6198,1.8132,3,RIGHT_MI
8926,34.8671875,4.6099,4.9574,-1.587,5.728,3,RIGHT_MI
8927,34.87109375,-3.1614,-4.9548,-4.9649,1.7578,3,RIGHT_MI
8928,34.875,2.3498,-5.5867,-9.4006,3.6842,3,RIGHT_MI
8929,34.87890625,-2.3999,-6.5526,-7.7189,6.7789,3,RIGHT_MI
8930,34.8828125,-4.3646,-4.3437,-5.0547,3.7473,3,RIGHT_MI
8931,34.88671875,-0.5938,-7.4517,-11.7597,0.9264,3,RIGHT_MI
8932,34.890625,-2.6199,-6.9927,-8.4975,1.6557,3,RIGHT_MI
8933,34.89453125,-6.2447,-5.0556,-4.6935,3.8839,3,RIGHT_MI
8934,34.8984375,0.3898,-3.1193,0.9046,-5.1109,3,RIGHT_MI
8935,34.90234375,1.734,1.3266,5.9585,2.6603,3,RIGHT_MI
8936,34.90625,1.266,2.9429,4.9348,0.0013,3,RIGHT_MI
8937,34.91015625,8.4619,4.6776,7.4451,-4.0697,3,RIGHT_MI
8938,34.9140625,6.3375,0.6511,12.8355,-2.8496,3,RIGHT_MI
8939,34.91796875,4.708,8.3383,9.7278,-0.4668,3,RIGHT_MI
8940,34.921875,1.6321,5.3305,3.0615,-8.3743,3,RIGHT_MI
8941,34.92578125,1.22,6.0572,8.3459,-4.4566,3,RIGHT_MI
8942,34.9296875,-1.2222,2.3566,7.391,-7.7213,3,RIGHT_MI
8943,34.93359375,-0.4888,-0.4937,-1.9616,-5.6492,3,RIGHT_MI
8944,34.9375,-3.1957,1.0449,-2.719,-9.6263,3,RIGHT_MI
8945,34.94140625,4.7833,1.3103,2.0964,-8.2021,3,RIGHT_MI
8946,34.9453125,-1.7624,1.4817,2.1895,-4.027,3,RIGHT_MI
8947,34.94921875,-3.6756,1.377,0.4087,0.6485,3,RIGHT_MI
8948,34.953125,3.6352,-0.1969,-3.0777,-3.0059,3,RIGHT_MI
8949,34.95703125,4.5597,-0.0543,-1.5573,6.2335,3,RIGHT_MI
8950,34.9609375,2.7753,-1.9371,4.4559,9.6051,3,RIGHT_MI
8951,34.96484375,1.7162,0.208,3.7044,4.8482,3,RIGHT_MI
8952,34.96875,2.5552,1.0674,-0.7292,1.657,3,RIGHT_MI
8953,34.97265625,4.0438,-7.1826,-5.2797,7.5224,3,RIGHT_MI
8954,34.9765625,0.0647,-10.6766,-7.6328,11.553,3,RIGHT_MI
8955,34.98046875,1.7257,-8.0487,-4.4037,3.0467,3,RIGHT_MI
8956,34.984375,-2.033,-6.8553,-1.5013,0.5473,3,RIGHT_MI
8957,34.98828125,-3.8056,-2.0466,-10.0246,2.858,3,RIGHT_MI
8958,34.9921875,-5.122,-7.5671,-4.3761,0.2091,3,RIGHT_MI
8959,34.99609375,-2.2471,-4.9785,-5.0045,-4.0311,3,RIGHT_MI
8960,35.0,-3.0015,2.0018,-3.2381,-3.3875,3,RIGHT_MI
8961,35.00390625,0.301,5.929,4.4366,-0.131,3,RIGHT_MI
8962,35.0078125,2.253,6.5936,4.2335,3.8129,3,RIGHT_MI
8963,35.01171875,9.302,5.7602,4.2664,-1.2197,3,RIGHT_MI
8964,35.015625,4.2033,9.2487,13.0254,-9.8682,3,RIGHT_MI
8965,35.01953125,0.6542,8.7996,3.7665,-2.0056,3,RIGHT_MI
8966,35.0234375,-1.1266,4.8116,9.3728,-2.7327,3,RIGHT_MI
8967,35.02734375,0.9043,7.7772,0.7278,-7.8733,3,RIGHT_MI
8968,35.03125,1.7484,0.0941,3.1041,-7.3944,3,RIGHT_MI
8969,35.03515625,-2.6599,1.6789,7.2821,-6.5718,3,RIGHT_MI
8970,35.0390625,3.7434,-1.6448,-1.7427,-7.5249,3,RIGHT_MI
8971,35.04296875,-2.1919,-9.7557,-3.8018,-0.668,3,RIGHT_MI
8972,35.046875,1.7358,1.68,-2.4603,-1.6422,3,RIGHT_MI
8973,35.05078125,-0.2564,2.5453,-1.2898,-2.1042,3,RIGHT_MI
8974,35.0546875,0.624,-5.8704,-1.3107,2.2175,3,RIGHT_MI
8975,35.05859375,-2.236,-3.7707,2.0638,6.743,3,RIGHT_MI
8976,35.0625,3.3949,-2.498,-3.406,5.9506,3,RIGHT_MI
8977,35.06640625,2.2265,-4.496,4.0163,7.2736,3,RIGHT_MI
8978,35.0703125,-0.3981,-0.3487,-3.5772,10.3453,3,RIGHT_MI
8979,35.07421875,-2.31,-2.3276,-7.9195,4.357,3,RIGHT_MI
8980,35.078125,0.2514,-9.7284,-12.6402,5.8264,3,RIGHT_MI
8981,35.08203125,-5.1463,-8.8002,-5.7644,4.2317,3,RIGHT_MI
8982,35.0859375,-5.7258,-12.0555,-6.3151,-2.4931,3,RIGHT_MI
8983,35.08984375,-5.2644,-7.1082,-5.7533,5.8465,3,RIGHT_MI
8984,35.09375,0.4834,-8.4846,-6.4226,0.6014,3,RIGHT_MI
8985,35.09765625,3.2546,-7.4522,-3.2707,-0.0264,3,RIGHT_MI
8986,35.1015625,1.3482,6.4685,2.2899,-2.2277,3,RIGHT_MI
8987,35.10546875,5.2016,2.2582,2.0506,-1.5115,3,RIGHT_MI
8988,35.109375,-2.9622,6.6767,5.1984,-2.1442,3,RIGHT_MI
8989,35.11328125,4.8592,7.6362,6.4242,-4.5884,3,RIGHT_MI
8990,35.1171875,-0.4199,7.5188,9.0296,-6.1506,3,RIGHT_MI
8991,35.12109375,1.288,7.927,7.2034,-4.7797,3,RIGHT_MI
8992,35.125,1.2124,8.406,6.8514,-7.311,3,RIGHT_MI
8993,35.12890625,4.2297,5.9215,9.9842,-6.3555,3,RIGHT_MI
8994,35.1328125,0.6391,2.4026,3.6446,-4.4381,3,RIGHT_MI
8995,35.13671875,-0.0989,2.4932,2.8506,-3.9382,3,RIGHT_MI
8996,35.140625,3.1964,0.5756,4.6984,1.0751,3,RIGHT_MI
8997,35.14453125,-1.8825,-1.6169,2.816,-1.6463,3,RIGHT_MI
8998,35.1484375,0.6501,1.4915,0.1479,-3.221,3,RIGHT_MI
8999,35.15234375,2.6087,1.1898,-1.1162,4.3117,3,RIGHT_MI
9000,35.15625,-1.7665,4.2998,3.3185,5.8048,3,RIGHT_MI
9001,35.16015625,-0.1775,-0.2315,0.8274,2.1572,3,RIGHT_MI
9002,35.1640625,7.0757,-3.6174,-1.4739,6.9541,3,RIGHT_MI
9003,35.16796875,0.7601,-3.3106,-0.2551,9.9551,3,RIGHT_MI
9004,35.171875,1.749,-2.6288,1.3911,5.4638,3,RIGHT_MI
9005,35.17578125,-1.0831,-10.6224,-11.1609,4.3898,3,RIGHT_MI
9006,35.1796875,-2.0395,-8.0516,-7.9757,8.7254,3,RIGHT_MI
9007,35.18359375,-6.5733,-6.7055,-7.6269,-4.0489,3,RIGHT_MI
9008,35.1875,-7.5685,-6.2661,-11.4794,-8.2678,3,RIGHT_MI
9009,35.19140625,-1.0949,-4.4196,-4.879,-2.0622,3,RIGHT_MI
9010,35.1953125,2.4904,0.5914,-4.6615,-5.4488,3,RIGHT_MI
9011,35.19921875,4.0199,-6.8362,0.9376,-8.2925,3,RIGHT_MI
9012,35.203125,1.1029,6.1127,-3.0674,-5.4169,3,RIGHT_MI
9013,35.20703125,4.5236,5.2687,1.3444,-3.8461,3,RIGHT_MI
9014,35.2109375,3.9268,6.2129,7.3464,1.2604,3,RIGHT_MI
9015,35.21484375,7.6857,4.8614,9.2321,-8.8552,3,RIGHT_MI
9016,35.21875,7.1228,7.6306,11.1786,-1.8956,3,RIGHT_MI
9017,35.22265625,1.0456,7.5581,11.0549,-6.5458,3,RIGHT_MI
9018,35.2265625,2.3242,3.6708,-0.3621,-6.5029,3,RIGHT_MI
9019,35.23046875,-0.9596,1.6531,5.8204,-3.6751,3,RIGHT_MI
9020,35.234375,-5.8752,4.6354,1.978,1.6175,3,RIGHT_MI
9021,35.23828125,-0.4057,-1.3409,-0.0631,-5.943,3,RIGHT_MI
9022,35.2421875,-2.2291,-0.4589,10.0291,-1.7866,3,RIGHT_MI
9023,35.24609375,1.4013,2.9577,5.3856,-2.4083,3,RIGHT_MI
9024,35.25,1.2632,-5.1788,-1.2639,1.8846,3,RIGHT_MI
9025,35.25390625,-2.3501,-1.5502,2.6391,5.0185,3,RIGHT_MI
9026,35.2578125,1.5518,-0.9674,-1.7481,3.5496,3,RIGHT_MI
9027,35.26171875,0.1883,-5.8961,3.8175,10.0813,3,RIGHT_MI
9028,35.265625,0.5883,-3.2643,-2.3337,9.9019,3,RIGHT_MI
9029,35.26953125,1.3293,-1.2705,-2.4384,10.1378,3,RIGHT_MI
9030,35.2734375,-5.3485,-2.4425,-4.1614,4.6465,3,RIGHT_MI
9031,35.27734375,4.0575,-2.6332,-8.261,2.3384,3,RIGHT_MI
9032,35.28125,-6.6428,-9.8127,-9.5982,-1.1971,3,RIGHT_MI
9033,35.28515625,-6.0162,-13.6937,-9.807,-4.1391,3,RIGHT_MI
9034,35.2890625,-2.5678,-0.3111,-15.7131,-7.5649,3,RIGHT_MI
9035,35.29296875,-1.5653,-7.4622,-5.7891,-0.8013,3,RIGHT_MI
9036,35.296875,-2.7876,2.2925,-4.8527,-7.7436,3,RIGHT_MI
9037,35.30078125,-0.4277,4.7205,-1.293,-5.0997,3,RIGHT_MI
9038,35.3046875,-3.1084,5.3575,2.7994,-4.722,3,RIGHT_MI
9039,35.30859375,-0.0844,6.1018,2.8127,-0.9946,3,RIGHT_MI
9040,35.3125,0.4875,10.1866,7.6739,-9.445,3,RIGHT_MI
9041,35.31640625,5.6099,12.2122,4.3264,-7.5289,3,RIGHT_MI
9042,35.3203125,3.3038,8.4758,9.4392,-8.1653,3,RIGHT_MI
9043,35.32421875,0.0671,8.0934,8.237,-5.124,3,RIGHT_MI
9044,35.328125,0.1564,6.214,5.3436,-3.6773,3,RIGHT_MI
9045,35.33203125,-2.1346,4.3694,1.7626,1.1862,3,RIGHT_MI
9046,35.3359375,-5.2942,-2.2637,8.0255,-4.0304,3,RIGHT_MI
9047,35.33984375,1.3005,-2.4813,2.6052,-0.7837,3,RIGHT_MI
9048,35.34375,1.4209,5.5921,2.848,4.8461,3,RIGHT_MI
9049,35.34765625,6.1748,-2.7562,1.9823,5.2767,3,RIGHT_MI
9050,35.3515625,-3.2685,-3.025,5.3847,8.9487,3,RIGHT_MI
9051,35.35546875,3.4199,0.6338,2.0658,7.1293,3,RIGHT_MI
9052,35.359375,5.672,-8.2474,-2.6011,6.9157,3,RIGHT_MI
9053,35.36328125,0.4683,-3.9564,1.7755,8.1782,3,RIGHT_MI
9054,35.3671875,-0.1087,-4.0176,-3.7203,6.9187,3,RIGHT_MI
9055,35.37109375,0.8144,-4.2442,2.8848,8.4312,3,RIGHT_MI
9056,35.375,-3.8219,-7.9458,-4.9792,4.1986,3,RIGHT_MI
9057,35.37890625,-2.2342,-5.6949,-7.3572,-6.3297,3,RIGHT_MI
9058,35.3828125,-8.7363,-6.8005,-11.4083,-1.9719,3,RIGHT_MI
9059,35.38671875,-0.2231,-3.4914,-2.5081,-8.5578,3,RIGHT_MI
9060,35.390625,-5.0488,-6.4702,-7.89,-4.7256,3,RIGHT_MI
9061,35.39453125,-1.0159,-3.4111,-1.6724,-11.8021,3,RIGHT_MI
9062,35.3984375,-3.0549,0.2719,-10.5493,-1.6696,3,RIGHT_MI
9063,35.40234375,4.0482,4.8256,-2.5691,-7.6967,3,RIGHT_MI
9064,35.40625,5.6361,10.0444,1.4346,0.0752,3,RIGHT_MI
9065,35.41015625,7.0863,10.1471,4.7425,0.4331,3,RIGHT_MI
9066,35.4140625,1.316,8.6562,8.7197,1.6421,3,RIGHT_MI
9067,35.41796875,0.7959,13.2614,6.694,-1.7324,3,RIGHT_MI
9068,35.421875,1.2205,9.5696,3.0123,-3.4884,3,RIGHT_MI
9069,35.42578125,-2.0559,3.2522,8.4066,2.712,3,RIGHT_MI
9070,35.4296875,-2.0591,-0.8608,-1.0691,-5.7328,3,RIGHT_MI
9071,35.43359375,-1.7727,-0.9162,0.5131,-2.8996,3,RIGHT_MI
9072,35.4375,-2.914,-2.7616,3.9576,1.8772,3,RIGHT_MI
9073,35.44140625,-6.2867,-2.4105,-0.5905,3.7417,3,RIGHT_MI
9074,35.4453125,0.989,0.4381,3.0836,8.5622,3,RIGHT_MI
9075,35.44921875,-2.2104,1.2325,2.0031,1.3554,3,RIGHT_MI
9076,35.453125,-7.7083,-3.5603,-0.9726,5.8494,3,RIGHT_MI
9077,35.45703125,-1.4462,-3.7521,1.2788,7.1447,3,RIGHT_MI
9078,35.4609375,1.5514,0.7351,0.6153,8.2168,3,RIGHT_MI
9079,35.46484375,-2.4977,-3.1965,3.964,4.9997,3,RIGHT_MI
9080,35.46875,-1.0815,-2.7302,-1.6936,1.1884,3,RIGHT_MI
9081,35.47265625,-4.742,-2.3463,-0.5195,3.1007,3,RIGHT_MI
9082,35.4765625,-5.4629,-4.7053,-4.9424,-8.535,3,RIGHT_MI
9083,35.48046875,-3.2065,-3.9045,-11.054,-2.4367,3,RIGHT_MI
9084,35.484375,-9.6173,-5.3746,-6.5329,-4.2063,3,RIGHT_MI
9085,35.48828125,-4.0325,-3.0222,-8.7741,-12.6239,3,RIGHT_MI
9086,35.4921875,-3.2157,-3.7708,-12.3231,-5.5713,3,RIGHT_MI
9087,35.49609375,-2.3164,5.8636,-6.698,-7.6898,3,RIGHT_MI
9088,35.5,2.4305,2.3046,-2.1517,-10.127,3,RIGHT_MI
9089,35.50390625,5.277,5.8467,-4.5257,-8.7795,3,RIGHT_MI
9090,35.5078125,6.1712,10.438,1.8124,-7.0945,3,RIGHT_MI
9091,35.51171875,11.2088,8.2004,0.0197,-2.606,3,RIGHT_MI
9092,35.515625,5.464,9.1118,2.542,4.3618,3,RIGHT_MI
9093,35.51953125,5.7466,5.9041,0.6708,-1.5291,3,RIGHT_MI
9094,35.5234375,-0.0571,2.1537,3.3194,2.9219,3,RIGHT_MI
9095,35.52734375,1.191,-0.5816,5.7842,-3.4621,3,RIGHT_MI
9096,35.53125,2.6595,-3.5669,3.9482,1.1796,3,RIGHT_MI
9097,35.53515625,-7.6003,3.5676,8.0211,1.3275,3,RIGHT_MI
9098,35.5390625,-4.264,-3.7637,3.0884,5.747,3,RIGHT_MI
9099,35.54296875,0.59,-5.3769,4.7007,1.922,3,RIGHT_MI
9100,35.546875,-0.6597,-7.3938,6.8773,5.3134,3,RIGHT_MI
9101,35.55078125,-0.011,3.0753,-2.1204,10.0554,3,RIGHT_MI
9102,35.5546875,-5.0521,-2.446,5.3022,7.1462,3,RIGHT_MI
9103,35.55859375,1.2831,-3.1555,1.4417,12.1243,3,RIGHT_MI
9104,35.5625,6.2675,-1.8487,6.0888,7.6676,3,RIGHT_MI
9105,35.56640625,4.8778,-6.5421,0.527,-2.8976,3,RIGHT_MI
9106,35.5703125,-2.7503,-3.7288,0.8565,0.851,3,RIGHT_MI
9107,35.57421875,0.5746,-3.5538,-7.5544,-1.1236,3,RIGHT_MI
9108,35.578125,-0.8716,-5.2877,-8.6942,-4.2234,3,RIGHT_MI
9109,35.58203125,-4.6573,-5.3246,-7.9656,-4.8431,3,RIGHT_MI
9110,35.5859375,-3.2276,0.1141,-7.4027,-3.3831,3,RIGHT_MI
9111,35.58984375,-8.2342,-1.4711,-7.8812,-10.35,3,RIGHT_MI
9112,35.59375,2.708,-4.2153,-10.532,-11.5942,3,RIGHT_MI
9113,35.59765625,0.0254,3.2209,-5.1569,-9.4021,3,RIGHT_MI
9114,35.6015625,1.8851,8.1643,-5.2068,-7.4178,3,RIGHT_MI
9115,35.60546875,-0.6437,6.0561,3.8813,-0.0807,3,RIGHT_MI
9116,35.609375,7.2208,8.4232,-6.2101,3.4914,3,RIGHT_MI
9117,35.61328125,3.7153,11.3752,-0.4462,-1.1256,3,RIGHT_MI
9118,35.6171875,-0.5723,4.5506,-1.1244,-2.1784,3,RIGHT_MI
9119,35.62109375,7.1217,11.4191,4.864,1.1998,3,RIGHT_MI
9120,35.625,6.1734,-1.6455,3.2605,6.2809,3,RIGHT_MI
9121,35.62890625,1.9686,3.5144,2.9896,2.1532,3,RIGHT_MI
9122,35.6328125,-6.9551,-2.5497,3.8927,-0.2867,3,RIGHT_MI
9123,35.63671875,-6.8347,-2.6377,3.54,0.3737,3,RIGHT_MI
9124,35.640625,0.9819,0.324,4.12,3.6362,3,RIGHT_MI
9125,35.64453125,-1.4141,-6.8368,2.8271,2.157,3,RIGHT_MI
9126,35.6484375,7.3242,-3.3082,6.3452,4.058,3,RIGHT_MI
9127,35.65234375,-2.0448,-6.1136,1.8899,6.033,3,RIGHT_MI
9128,35.65625,2.395,-0.3604,0.3153,6.8288,3,RIGHT_MI
9129,35.66015625,-5.9996,-0.8414,3.4759,4.1251,3,RIGHT_MI
9130,35.6640625,3.7487,-4.0921,8.4503,5.475,3,RIGHT_MI
9131,35.66796875,2.2691,-0.8516,2.3149,-1.3693,3,RIGHT_MI
9132,35.671875,-3.8173,-5.4272,-6.9469,-6.0429,3,RIGHT_MI
9133,35.67578125,-4.1032,1.0042,-3.3954,-3.0586,3,RIGHT_MI
9134,35.6796875,-7.4651,-4.5834,-11.9577,-13.4496,3,RIGHT_MI
9135,35.68359375,1.4014,-5.2956,-11.8105,-12.8569,3,RIGHT_MI
9136,35.6875,-1.4964,-1.3002,-11.665,-9.7153,3,RIGHT_MI
9137,35.69140625,-5.2787,2.8221,-8.0708,-12.0377,3,RIGHT_MI
9138,35.6953125,1.0177,5.3805,-2.6019,-8.5568,3,RIGHT_MI
9139,35.69921875,-1.3287,6.5111,-10.2118,-1.007,3,RIGHT_MI
9140,35.703125,4.8007,9.6649,-1.0078,-3.6643,3,RIGHT_MI
9141,35.70703125,5.3152,7.5371,-3.6829,1.0018,3,RIGHT_MI
9142,35.7109375,8.5493,7.4045,1.4712,-1.8649,3,RIGHT_MI
9143,35.71484375,4.5123,8.3382,7.1801,7.4342,3,RIGHT_MI
9144,35.71875,5.4253,5.5741,3.6721,0.0863,3,RIGHT_MI
9145,35.72265625,-0.9337,5.7281,7.1369,9.6846,3,RIGHT_MI
9146,35.7265625,0.1973,6.1801,7.7869,7.4124,3,RIGHT_MI
9147,35.73046875,-0.8714,0.0117,7.8091,6.2957,3,RIGHT_MI
9148,35.734375,3.1304,-0.0193,7.9767,5.4296,3,RIGHT_MI
9149,35.73828125,1.0729,-2.5006,2.3259,4.5601,3,RIGHT_MI
9150,35.7421875,-0.1633,-3.5282,0.1142,1.55,3,RIGHT_MI
9151,35.74609375,-2.3354,-3.909,3.6924,4.0698,3,RIGHT_MI
9152,35.75,-1.9106,-3.5453,7.1433,6.6732,3,RIGHT_MI
9153,35.75390625,6.9391,-0.3178,-2.027,4.8473,3,RIGHT_MI
9154,35.7578125,3.8841,-5.72,2.4493,4.6849,3,RIGHT_MI
9155,35.76171875,4.2792,-4.2525,5.8028,3.2659,3,RIGHT_MI
9156,35.765625,2.1746,-3.7827,0.1102,5.9341,3,RIGHT_MI
9157,35.76953125,4.2181,-3.3221,2.2724,-7.3817,3,RIGHT_MI
9158,35.7734375,2.4773,1.2211,2.4936,-4.6167,3,RIGHT_MI
9159,35.77734375,-0.9412,-5.2085,-9.8638,-4.5399,3,RIGHT_MI
9160,35.78125,-5.1597,-2.516,-5.8694,-3.4811,3,RIGHT_MI
9161,35.78515625,-3.6314,-3.1068,-7.5425,-6.7217,3,RIGHT_MI
9162,35.7890625,-4.5791,2.9535,-10.5505,-9.0082,3,RIGHT_MI
9163,35.79296875,-4.708,-4.3923,-11.0574,-12.5555,3,RIGHT_MI
9164,35.796875,-3.1443,7.7198,-6.9377,-8.3001,3,RIGHT_MI
9165,35.80078125,3.2482,2.7731,-3.6584,-2.5294,3,RIGHT_MI
9166,35.8046875,3.6229,5.9018,-1.2767,1.3154,3,RIGHT_MI
9167,35.80859375,1.7469,8.3498,1.975,6.3678,3,RIGHT_MI
9168,35.8125,5.7955,9.5254,-3.7651,1.8384,3,RIGHT_MI
9169,35.81640625,1.6485,7.4895,-0.2686,9.2945,3,RIGHT_MI
9170,35.8203125,14.2746,7.9718,4.1692,5.0287,3,RIGHT_MI
9171,35.82421875,2.9972,2.6739,5.3643,5.7387,3,RIGHT_MI
9172,35.828125,2.5373,1.6794,-1.6691,7.3123,3,RIGHT_MI
9173,35.83203125,-0.8766,-3.1573,4.3372,-0.8993,3,RIGHT_MI
9174,35.8359375,-0.2629,-4.144,7.3127,1.2651,3,RIGHT_MI
9175,35.83984375,-4.7636,-4.0987,-3.6393,1.4485,3,RIGHT_MI
9176,35.84375,2.4066,-6.7585,-0.9305,1.4956,3,RIGHT_MI
9177,35.84765625,-5.3753,-3.7716,4.4036,4.9675,3,RIGHT_MI
9178,35.8515625,0.9429,-6.4744,0.5961,3.3769,3,RIGHT_MI
9179,35.85546875,-1.3615,1.2357,0.3347,-2.8028,3,RIGHT_MI
9180,35.859375,1.949,-5.4088,6.7994,2.0712,3,RIGHT_MI
9181,35.86328125,1.2355,-4.5049,4.5088,-3.3837,3,RIGHT_MI
9182,35.8671875,0.5345,-2.3879,3.3141,-8.9823,3,RIGHT_MI
9183,35.87109375,-3.1046,4.0869,3.5443,-6.6337,3,RIGHT_MI
9184,35.875,-2.0154,-1.8047,0.7277,-4.774,3,RIGHT_MI
9185,35.87890625,-3.6554,-4.7504,-3.4033,-9.5587,3,RIGHT_MI
9186,35.8828125,-5.4168,2.4134,-6.4775,-11.0372,3,RIGHT_MI
9187,35.88671875,-7.2357,2.2445,-13.6348,-9.4554,3,RIGHT_MI
9188,35.890625,0.9206,2.491,-6.0904,-6.2107,3,RIGHT_MI
9189,35.89453125,-3.5517,2.4008,-7.533,-3.0279,3,RIGHT_MI
9190,35.8984375,4.1885,9.7642,-7.7714,-3.5011,3,RIGHT_MI
9191,35.90234375,-4.1962,4.3695,-4.7788,-2.2161,3,RIGHT_MI
9192,35.90625,2.5503,8.9683,-0.3496,0.585,3,RIGHT_MI
9193,35.91015625,3.8426,9.1524,-1.7671,8.3567,3,RIGHT_MI
9194,35.9140625,7.3218,13.4955,-6.1479,6.0288,3,RIGHT_MI
9195,35.91796875,8.413,2.8326,4.9442,6.8947,3,RIGHT_MI
9196,35.921875,3.5463,4.1087,2.2804,12.1025,3,RIGHT_MI
9197,35.92578125,3.9534,4.3671,4.0076,4.3355,3,RIGHT_MI
9198,35.9296875,1.7364,-3.9626,2.5457,0.0269,3,RIGHT_MI
9199,35.93359375,-5.3932,-3.0215,3.1744,1.7023,3,RIGHT_MI
9200,35.9375,-1.8931,-4.886,2.6245,-1.435,3,RIGHT_MI
9201,35.94140625,1.3079,-9.0793,5.9551,-2.1022,3,RIGHT_MI
9202,35.9453125,-1.184,0.9931,0.4872,10.1191,3,RIGHT_MI
9203,35.94921875,-0.2995,-4.3836,7.9462,2.8772,3,RIGHT_MI
9204,35.953125,-2.9021,-7.1533,6.6944,3.6126,3,RIGHT_MI
9205,35.95703125,0.0771,-0.9892,3.6117,0.4841,3,RIGHT_MI
9206,35.9609375,5.6082,-4.6386,2.9846,-1.2978,3,RIGHT_MI
9207,35.96484375,1.1176,-2.1879,-2.3218,-1.0142,3,RIGHT_MI
9208,35.96875,-2.4837,-0.5495,3.3069,0.9707,3,RIGHT_MI
9209,35.97265625,-2.9577,-9.5218,-0.3596,-5.6777,3,RIGHT_MI
9210,35.9765625,1.1937,-2.7575,-6.215,-2.3581,3,RIGHT_MI
9211,35.98046875,-7.7167,-4.473,-8.6944,-4.7001,3,RIGHT_MI
9212,35.984375,-3.3151,-0.6354,-10.7156,-5.5944,3,RIGHT_MI
9213,35.98828125,-3.2556,1.5661,-5.1915,-5.9389,3,RIGHT_MI
9214,35.9921875,-0.018,1.8836,-11.3387,-9.5594,3,RIGHT_MI
9215,35.99609375,0.4062,2.9563,-7.7321,-6.2124,3,RIGHT_MI
9216,36.0,0.1989,5.3395,-6.3697,-1.4864,3,RIGHT_MI
9217,36.00390625,2.5536,6.6753,-3.1485,7.2766,3,RIGHT_MI
9218,36.0078125,2.5606,5.4344,0.4365,3.4343,3,RIGHT_MI
9219,36.01171875,4.1106,10.9353,3.027,4.4097,3,RIGHT_MI
9220,36.015625,7.154,7.3638,-4.8652,6.3423,3,RIGHT_MI
9221,36.01953125,7.0657,3.7647,-3.6524,11.7247,3,RIGHT_MI
9222,36.0234375,-2.7592,3.7932,5.0701,5.9278,3,RIGHT_MI
9223,36.02734375,2.929,2.5918,3.6143,3.911,3,RIGHT_MI
9224,36.03125,2.6395,-0.6166,-1.4048,0.0628,3,RIGHT_MI
9225,36.03515625,-6.2085,-3.7745,3.6013,2.5569,3,RIGHT_MI
9226,36.0390625,-3.2543,-8.6851,0.2963,7.4844,3,RIGHT_MI
9227,36.04296875,-0.8337,-4.6931,1.728,-3.7147,3,RIGHT_MI
9228,36.046875,-1.5683,-3.8319,1.8885,2.2694,3,RIGHT_MI
9229,36.05078125,-2.3649,-6.5915,3.1032,7.1382,3,RIGHT_MI
9230,36.0546875,-0.1751,-0.5578,5.0509,-4.0172,3,RIGHT_MI
9231,36.05859375,7.8504,-6.2782,7.1896,-2.6335,3,RIGHT_MI
9232,36.0625,-1.8637,-1.7852,7.9072,-5.0795,3,RIGHT_MI
9233,36.06640625,0.9917,-2.2586,1.0399,-9.1224,3,RIGHT_MI
9234,36.0703125,2.2903,1.4036,2.2133,-11.2439,3,RIGHT_MI
9235,36.07421875,-2.4201,-5.4665,-2.6813,-3.7572,3,RIGHT_MI
9236,36.078125,-7.5737,-0.7558,-4.5402,-4.8318,3,RIGHT_MI
9237,36.08203125,-3.5034,-3.5925,-4.7435,-11.8996,3,RIGHT_MI
9238,36.0859375,-7.0767,-2.7509,-5.6209,-7.2628,3,RIGHT_MI
9239,36.08984375,1.2799,-0.4525,-9.3456,-3.8736,3,RIGHT_MI
9240,36.09375,0.2099,5.3371,-11.7094,0.8443,3,RIGHT_MI
9241,36.09765625,-0.812,1.1496,-5.8879,-2.5743,3,RIGHT_MI
9242,36.1015625,0.9776,0.3761,-0.4204,-3.3871,3,RIGHT_MI
9243,36.10546875,-1.4814,13.9738,-5.422,4.8335,3,RIGHT_MI
9244,36.109375,6.0154,7.2747,3.3629,3.1399,3,RIGHT_MI
9245,36.11328125,3.6703,10.3289,-3.9806,15.0743,3,RIGHT_MI
9246,36.1171875,6.2752,9.1244,-0.3282,11.5891,3,RIGHT_MI
9247,36.12109375,7.1058,3.6255,-3.7073,8.159,3,RIGHT_MI
9248,36.125,-2.9306,4.634,-1.3218,1.5143,3,RIGHT_MI
9249,36.12890625,-1.0655,-5.5305,7.965,5.2945,3,RIGHT_MI
9250,36.1328125,-3.3138,-5.233,0.0073,1.3997,3,RIGHT_MI
9251,36.13671875,0.5176,-5.817,0.1645,-1.3448,3,RIGHT_MI
9252,36.140625,-2.2436,-6.944,1.8714,-2.1205,3,RIGHT_MI
9253,36.14453125,-0.5757,-6.6613,2.7219,-0.7525,3,RIGHT_MI
9254,36.1484375,-2.0445,-9.3502,3.7852,-0.9058,3,RIGHT_MI
9255,36.15234375,1.3628,-3.1834,4.8558,-7.75,3,RIGHT_MI
9256,36.15625,-3.9372,-1.0745,4.7577,-4.099,3,RIGHT_MI
9257,36.16015625,-1.2074,-0.4194,7.429,-2.7729,3,RIGHT_MI
9258,36.1640625,-2.2505,-6.1373,3.8672,2.1987,3,RIGHT_MI
9259,36.16796875,-2.8775,-1.669,-0.1877,-4.1722,3,RIGHT_MI
9260,36.171875,2.4655,3.7848,0.9869,-7.8984,3,RIGHT_MI
9261,36.17578125,-2.4768,-3.1761,-0.6137,-5.6264,3,RIGHT_MI
9262,36.1796875,-6.3517,0.3046,-4.4241,-5.1199,3,RIGHT_MI
9263,36.18359375,-6.3971,3.4808,-7.7761,-4.0637,3,RIGHT_MI
9264,36.1875,-8.1752,-3.3462,-10.4284,-1.6527,3,RIGHT_MI
9265,36.19140625,-3.4021,7.4081,-11.747,1.3658,3,RIGHT_MI
9266,36.1953125,-4.6458,4.4194,-8.1278,2.0036,3,RIGHT_MI
9267,36.19921875,-0.1442,3.1893,-4.828,5.8107,3,RIGHT_MI
9268,36.203125,-0.2796,6.413,0.8759,6.0908,3,RIGHT_MI
9269,36.20703125,0.8284,8.6049,-4.1456,6.9914,3,RIGHT_MI
9270,36.2109375,-2.7731,4.2784,2.2682,6.3633,3,RIGHT_MI
9271,36.21484375,4.7108,2.1608,-1.3314,7.7912,3,RIGHT_MI
9272,36.21875,3.2659,3.0981,1.4361,7.2043,3,RIGHT_MI
9273,36.22265625,3.8591,-1.8988,-0.3761,6.208,3,RIGHT_MI
9274,36.2265625,-2.0005,-3.1129,3.4559,2.1439,3,RIGHT_MI
9275,36.23046875,-0.9232,-0.055,-5.2195,1.02,3,RIGHT_MI
9276,36.234375,-2.7396,-9.2798,-6.0776,-0.1137,3,RIGHT_MI
9277,36.23828125,-4.8932,-6.0924,3.024,-0.188,3,RIGHT_MI
9278,36.2421875,0.4364,-8.0154,6.5107,-5.8936,3,RIGHT_MI
9279,36.24609375,1.0566,-7.2526,4.8917,-2.1314,3,RIGHT_MI
9280,36.25,3.63,1.1106,5.742,-8.5054,3,RIGHT_MI
9281,36.25390625,3.9823,-3.9411,10.1865,-2.6185,3,RIGHT_MI
9282,36.2578125,-0.8709,-5.9848,7.3608,-4.5944,3,RIGHT_MI
9283,36.26171875,3.4624,-0.9502,6.2794,-3.5458,3,RIGHT_MI
9284,36.265625,1.8033,4.2117,-2.2713,-6.1144,3,RIGHT_MI
9285,36.26953125,-4.2643,-1.7719,3.1266,-2.5302,3,RIGHT_MI
9286,36.2734375,2.775,1.7668,1.1551,-5.0355,3,RIGHT_MI
9287,36.27734375,-7.8237,0.4851,0.4423,-6.0985,3,RIGHT_MI
9288,36.28125,-2.4076,2.1281,-5.2031,-2.9122,3,RIGHT_MI
9289,36.28515625,-8.1639,-2.1448,-7.4432,-9.5274,3,RIGHT_MI
9290,36.2890625,-6.5085,-4.7067,-8.4634,-1.7376,3,RIGHT_MI
9291,36.29296875,-13.1069,2.8708,-7.9001,8.4315,3,RIGHT_MI
9292,36.296875,-3.3333,0.5386,-7.1458,-1.0874,3,RIGHT_MI
9293,36.30078125,2.378,4.6732,-1.6242,5.6655,3,RIGHT_MI
9294,36.3046875,-2.2535,4.6269,-1.9039,5.7404,3,RIGHT_MI
9295,36.30859375,6.0399,11.4983,0.663,9.9781,3,RIGHT_MI
9296,36.3125,5.6126,2.7776,0.5445,12.1829,3,RIGHT_MI
9297,36.31640625,1.3556,4.0267,-4.36,9.3492,3,RIGHT_MI
9298,36.3203125,5.0149,-4.2477,3.0844,6.6659,3,RIGHT_MI
9299,36.32421875,-1.0967,0.9299,-4.005,-0.6254,3,RIGHT_MI
9300,36.328125,7.1089,0.3161,0.2065,3.5319,3,RIGHT_MI
9301,36.33203125,1.4741,-5.1242,-1.8737,-4.3315,3,RIGHT_MI
9302,36.3359375,0.9042,-6.7478,-1.3174,-3.6036,3,RIGHT_MI
9303,36.33984375,0.4252,-6.1175,1.7542,-3.2238,3,RIGHT_MI
9304,36.34375,-2.3171,-8.3421,0.4592,-14.2844,3,RIGHT_MI
9305,36.34765625,3.5186,-7.7323,1.8587,-5.0271,3,RIGHT_MI
9306,36.3515625,3.3099,-2.5147,9.8495,-3.5125,3,RIGHT_MI
9307,36.35546875,0.1078,-6.4372,7.631,-3.4941,3,RIGHT_MI
9308,36.359375,-1.2224,-1.8165,12.8919,-1.7252,3,RIGHT_MI
9309,36.36328125,3.5634,-2.5851,10.5798,4.3478,3,RIGHT_MI
9310,36.3671875,5.5106,-4.4354,0.7539,-3.3473,3,RIGHT_MI
9311,36.37109375,0.2315,3.3236,1.4845,-3.3497,3,RIGHT_MI
9312,36.375,-6.3728,-1.2927,0.8624,-3.1706,3,RIGHT_MI
9313,36.37890625,-1.6081,6.6016,2.4405,-4.5565,3,RIGHT_MI
9314,36.3828125,1.4553,3.9935,-3.3993,-2.8552,3,RIGHT_MI
9315,36.38671875,-8.5171,4.1666,-3.8654,2.0039,3,RIGHT_MI
9316,36.390625,0.6184,1.9856,-3.366,5.1973,3,RIGHT_MI
9317,36.39453125,-5.8107,4.7745,-5.903,2.0391,3,RIGHT_MI
9318,36.3984375,-5.4923,6.7188,-6.9957,4.4546,3,RIGHT_MI
9319,36.40234375,2.4216,-0.1579,-1.0686,6.1059,3,RIGHT_MI
9320,36.40625,2.5506,5.0205,-3.2046,9.8364,3,RIGHT_MI
9321,36.41015625,8.4611,11.1437,-1.3082,11.1294,3,RIGHT_MI
9322,36.4140625,7.6008,6.6164,-1.1024,6.0098,3,RIGHT_MI
9323,36.41796875,4.7034,3.6618,-1.4223,3.9041,3,RIGHT_MI
9324,36.421875,3.3495,3.4028,-3.6649,2.7809,3,RIGHT_MI
9325,36.42578125,1.2751,-4.0241,-5.1344,-2.5274,3,RIGHT_MI
9326,36.4296875,0.1111,-3.8284,-0.2091,-3.3796,3,RIGHT_MI
9327,36.43359375,0.5069,-6.3228,1.0786,-6.5273,3,RIGHT_MI
9328,36.4375,2.5656,-10.6382,-1.507,-3.8361,3,RIGHT_MI
9329,36.44140625,-0.5471,-7.5396,0.8018,-7.0811,3,RIGHT_MI
9330,36.4453125,1.6566,-8.8601,3.6397,-4.4643,3,RIGHT_MI
9331,36.44921875,1.123,-8.6107,6.6101,-9.1627,3,RIGHT_MI
9332,36.453125,3.128,-3.034,13.6845,-3.6245,3,RIGHT_MI
9333,36.45703125,1.0252,-2.432,9.677,-3.8424,3,RIGHT_MI
9334,36.4609375,-1.2975,1.1253,9.5562,-3.1585,3,RIGHT_MI
9335,36.46484375,2.1476,6.8407,3.1063,-5.5326,3,RIGHT_MI
9336,36.46875,1.8583,4.9406,3.2717,-0.5916,3,RIGHT_MI
9337,36.47265625,1.7671,1.5522,-1.5283,0.7488,3,RIGHT_MI
9338,36.4765625,-6.3419,0.1443,-5.1403,0.7158,3,RIGHT_MI
9339,36.48046875,1.6536,2.8782,-2.9258,3.5206,3,RIGHT_MI
9340,36.484375,-1.5401,-1.4027,0.2304,-0.6445,3,RIGHT_MI
9341,36.48828125,0.335,5.0428,-7.5796,0.3397,3,RIGHT_MI
9342,36.4921875,-1.2972,3.2087,-9.7126,4.6146,3,RIGHT_MI
9343,36.49609375,0.3529,-0.9445,-6.9024,1.1688,3,RIGHT_MI
9344,36.5,1.102,5.2272,-5.9293,3.6405,3,RIGHT_MI
9345,36.50390625,8.1613,6.4432,-7.642,1.2659,3,RIGHT_MI
9346,36.5078125,3.5362,6.8566,-2.884,9.0693,3,RIGHT_MI
9347,36.51171875,6.924,6.1746,1.3478,10.1237,3,RIGHT_MI
9348,36.515625,1.6432,3.2816,2.5495,7.3334,3,RIGHT_MI
9349,36.51953125,-0.6601,-0.0601,-1.4927,1.6386,3,RIGHT_MI
9350,36.5234375,5.4051,-6.2037,-1.208,-3.4748,3,RIGHT_MI
9351,36.52734375,-1.9964,-3.7647,-3.971,2.0242,3,RIGHT_MI
9352,36.53125,3.7626,-7.0919,-2.531,-5.1944,3,RIGHT_MI
9353,36.53515625,-1.9394,-8.6957,2.6584,-5.0464,3,RIGHT_MI
9354,36.5390625,-2.8064,-7.3892,6.5447,-5.2936,3,RIGHT_MI
9355,36.54296875,-3.9118,-6.6681,3.2128,-7.7229,3,RIGHT_MI
9356,36.546875,-1.9757,-11.7394,4.1132,-13.4398,3,RIGHT_MI
9357,36.55078125,1.5051,-3.7437,8.5843,-3.9943,3,RIGHT_MI
9358,36.5546875,6.075,0.4741,5.777,-0.4287,3,RIGHT_MI
9359,36.55859375,1.9789,-1.4326,7.2132,-4.3371,3,RIGHT_MI
9360,36.5625,3.8911,-0.2569,5.0002,-8.2035,3,RIGHT_MI
9361,36.56640625,0.9618,0.6111,11.5316,-0.5467,3,RIGHT_MI
9362,36.5703125,1.5854,4.0614,6.0565,0.1795,3,RIGHT_MI
9363,36.57421875,-5.8737,0.3678,3.3376,1.502,3,RIGHT_MI
9364,36.578125,-3.4235,6.6575,-3.2308,5.6819,3,RIGHT_MI
9365,36.58203125,1.2557,3.8128,-3.0692,-1.7684,3,RIGHT_MI
9366,36.5859375,-7.0158,0.6687,-4.6607,1.3857,3,RIGHT_MI
9367,36.58984375,-1.7221,5.8656,-10.9639,1.8108,3,RIGHT_MI
9368,36.59375,-7.1206,0.0652,-4.6717,0.9135,3,RIGHT_MI
9369,36.59765625,1.5877,5.993,-9.276,7.4775,3,RIGHT_MI
9370,36.6015625,0.8538,8.2972,-4.5412,10.7216,3,RIGHT_MI
9371,36.60546875,2.8781,9.8338,-1.534,13.0851,3,RIGHT_MI
9372,36.609375,3.6635,10.4475,-6.8471,4.1096,3,RIGHT_MI
9373,36.61328125,3.5377,6.5054,-1.2263,4.8812,3,RIGHT_MI
9374,36.6171875,4.6467,2.4701,-2.8912,0.9612,3,RIGHT_MI
9375,36.62109375,2.9624,-1.9402,2.5811,-0.7282,3,RIGHT_MI
9376,36.625,3.3444,-1.816,-4.046,-2.0635,3,RIGHT_MI
9377,36.62890625,-0.8504,-2.5939,0.1199,-2.1415,3,RIGHT_MI
9378,36.6328125,3.0539,-5.2955,-5.9042,-6.6493,3,RIGHT_MI
9379,36.63671875,-7.6312,-12.087,-2.2996,-3.6389,3,RIGHT_MI
9380,36.640625,-1.4453,-10.501,6.5276,-2.604,3,RIGHT_MI
9381,36.64453125,-1.089,-6.5682,-2.6222,-8.7301,3,RIGHT_MI
9382,36.6484375,0.0936,-3.5161,0.8328,-5.5504,3,RIGHT_MI
9383,36.65234375,5.6938,-5.2763,13.7846,1.6293,3,RIGHT_MI
9384,36.65625,2.5681,-1.0482,6.2789,-1.063,3,RIGHT_MI
9385,36.66015625,1.5519,4.3249,8.1175,-1.222,3,RIGHT_MI
9386,36.6640625,2.1529,0.8087,7.2045,-4.1128,3,RIGHT_MI
9387,36.66796875,3.8756,1.1892,5.9745,6.5029,3,RIGHT_MI
9388,36.671875,-3.4458,5.9663,5.9991,6.2951,3,RIGHT_MI
9389,36.67578125,-2.1924,2.5229,-0.8138,3.4967,3,RIGHT_MI
9390,36.6796875,1.7955,5.5237,0.9104,4.627,3,RIGHT_MI
9391,36.68359375,-5.5637,4.8592,-1.8552,2.6474,3,RIGHT_MI
9392,36.6875,-6.8482,-0.4874,-5.8613,0.0451,3,RIGHT_MI
9393,36.69140625,-6.6233,8.1977,-1.5533,1.512,3,RIGHT_MI
9394,36.6953125,-6.3553,3.5678,-9.0094,2.4064,3,RIGHT_MI
9395,36.69921875,-0.1323,5.2156,-4.3745,2.3109,3,RIGHT_MI
9396,36.703125,-4.199,8.6701,0.7048,3.2096,3,RIGHT_MI
9397,36.70703125,4.099,7.6873,-0.4347,3.0304,3,RIGHT_MI
9398,36.7109375,1.9217,2.0014,-2.6329,2.9902,3,RIGHT_MI
9399,36.71484375,2.3802,3.2226,-3.2489,5.9365,3,RIGHT_MI
9400,36.71875,3.0087,-1.0237,0.1948,-5.7712,3,RIGHT_MI
9401,36.72265625,1.4973,-0.9339,-5.2153,2.2368,3,RIGHT_MI
9402,36.7265625,-0.9133,-6.1526,0.2134,-3.7444,3,RIGHT_MI
9403,36.73046875,3.5534,-7.6752,-0.463,-10.9125,3,RIGHT_MI
9404,36.734375,-4.4181,-6.6778,-2.487,-5.6906,3,RIGHT_MI
9405,36.73828125,-0.6575,-4.4449,-2.8195,-8.4434,3,RIGHT_MI
9406,36.7421875,-1.1955,-4.4987,3.4952,-7.5388,3,RIGHT_MI
9407,36.74609375,-3.3634,-6.658,-0.1394,-6.2865,3,RIGHT_MI
9408,36.75,0.5748,-3.3739,6.5547,-2.8916,3,RIGHT_MI
9409,36.75390625,0.9921,1.3485,13.8293,-1.2158,3,RIGHT_MI
9410,36.7578125,-0.8755,1.0166,5.3285,1.5379,3,RIGHT_MI
9411,36.76171875,1.3851,-2.7876,2.1533,13.65,3,RIGHT_MI
9412,36.765625,-3.0331,4.0786,8.3041,1.5542,3,RIGHT_MI
9413,36.76953125,6.9855,0.9916,6.8751,-2.461,3,RIGHT_MI
9414,36.7734375,-5.1699,7.7075,4.1596,4.1478,3,RIGHT_MI
9415,36.77734375,-1.0888,5.354,0.2692,3.3829,3,RIGHT_MI
9416,36.78125,-3.1495,4.9433,-0.4754,6.7526,3,RIGHT_MI
9417,36.78515625,-4.0162,4.4421,0.0682,3.1668,3,RIGHT_MI
9418,36.7890625,-1.9252,6.2193,-4.6523,0.4552,3,RIGHT_MI
9419,36.79296875,-7.8487,7.8281,-4.7858,4.3229,3,RIGHT_MI
9420,36.796875,-4.3187,9.7775,-4.8932,4.7434,3,RIGHT_MI
9421,36.80078125,-0.4582,8.8345,-3.5828,2.7414,3,RIGHT_MI
9422,36.8046875,2.668,1.9902,-11.4927,3.2118,3,RIGHT_MI
9423,36.80859375,4.5394,6.8031,-1.9783,5.6008,3,RIGHT_MI
9424,36.8125,6.0619,3.8718,-6.649,3.118,3,RIGHT_MI
9425,36.81640625,7.7417,0.0981,-8.3848,2.4906,3,RIGHT_MI
9426,36.8203125,1.1102,-3.5929,-5.9076,-2.7705,3,RIGHT_MI
9427,36.82421875,-3.4265,-7.3163,1.2134,-2.1751,3,RIGHT_MI
9428,36.828125,3.1151,-3.4531,-2.8826,-9.3429,3,RIGHT_MI
9429,36.83203125,-0.8635,-7.9717,-13.1499,-5.8573,3,RIGHT_MI
9430,36.8359375,2.281,-11.6567,-6.6888,-7.4851,3,RIGHT_MI
9431,36.83984375,-6.4051,-8.8354,1.75,-10.3999,3,RIGHT_MI
9432,36.84375,-3.4746,-2.8152,-3.0864,-8.0714,3,RIGHT_MI
9433,36.84765625,2.7615,-4.6071,-3.1508,-2.8002,3,RIGHT_MI
9434,36.8515625,-0.8024,-4.7945,5.0124,-5.1572,3,RIGHT_MI
9435,36.85546875,4.0227,-0.9186,10.6746,0.1691,3,RIGHT_MI
9436,36.859375,6.9374,6.918,1.774,7.8876,3,RIGHT_MI
9437,36.86328125,6.76,6.1478,10.6915,5.1413,3,RIGHT_MI
9438,36.8671875,2.0947,7.0285,9.0551,2.1573,3,RIGHT_MI
9439,36.87109375,-5.2623,1.6775,8.4604,11.8872,3,RIGHT_MI
9440,36.875,0.562,5.3257,3.1024,3.3705,3,RIGHT_MI
9441,36.87890625,-1.6898,-0.4891,4.48,6.5778,3,RIGHT_MI
9442,36.8828125,-4.0651,6.5513,3.2025,4.1522,3,RIGHT_MI
9443,36.88671875,-5.9333,-0.7161,-2.888,1.9512,3,RIGHT_MI
9444,36.890625,-7.7042,3.7987,-1.7249,1.796,3,RIGHT_MI
9445,36.89453125,-3.5679,5.3855,0.5123,4.0637,3,RIGHT_MI
9446,36.8984375,-0.7846,3.6619,-5.6148,-4.592,3,RIGHT_MI
9447,36.90234375,5.1636,5.9196,-0.529,4.6051,3,RIGHT_MI
9448,36.90625,1.6064,4.0688,-5.6725,2.8787,3,RIGHT_MI
9449,36.91015625,1.642,3.7713,-4.4237,3.577,3,RIGHT_MI
9450,36.9140625,4.0159,-0.1666,-4.0651,-1.3851,3,RIGHT_MI
9451,36.91796875,7.8026,1.1105,-0.4373,-0.95,3,RIGHT_MI
9452,36.921875,-0.7702,-1.7355,0.1386,-0.4097,3,RIGHT_MI
9453,36.92578125,-0.4115,-4.5147,-4.857,-6.4712,3,RIGHT_MI
9454,36.9296875,0.6471,-4.9346,-6.5809,-5.5789,3,RIGHT_MI
9455,36.93359375,0.7706,-7.4278,-4.3885,-5.0976,3,RIGHT_MI
9456,36.9375,-1.8108,-11.4571,-0.7781,-5.2608,3,RIGHT_MI
9457,36.94140625,-4.1934,-3.3176,0.525,-8.0141,3,RIGHT_MI
9458,36.9453125,-2.1311,-10.9365,3.1332,-1.7679,3,RIGHT_MI
9459,36.94921875,0.0888,1.8084,2.7072,-4.9181,3,RIGHT_MI
9460,36.953125,4.788,-0.9006,6.426,1.6857,3,RIGHT_MI
9461,36.95703125,2.0714,-0.009,14.0195,2.4799,3,RIGHT_MI
9462,36.9609375,-0.9049,5.3363,11.7739,2.6608,3,RIGHT_MI
9463,36.96484375,-2.7028,5.2413,7.0846,10.9597,3,RIGHT_MI
9464,36.96875,7.9591,5.5209,3.2702,12.4541,3,RIGHT_MI
9465,36.97265625,-5.8987,3.7613,4.3232,9.4474,3,RIGHT_MI
9466,36.9765625,-5.6219,4.1028,2.5117,2.7564,3,RIGHT_MI
9467,36.98046875,-0.7533,0.544,1.6801,3.7606,3,RIGHT_MI
9468,36.984375,-0.4469,2.3059,0.2765,3.2101,3,RIGHT_MI
9469,36.98828125,-6.7003,0.5021,-5.7126,2.5075,3,RIGHT_MI
9470,36.9921875,-0.9736,2.4882,-1.5085,-1.4991,3,RIGHT_MI
9471,36.99609375,0.2391,1.6777,-1.0689,3.9174,3,RIGHT_MI
9472,37.0,-3.0373,1.882,-3.6592,3.1896,3,RIGHT_MI
9473,37.00390625,-0.9071,3.3599,-2.0296,1.8452,3,RIGHT_MI
9474,37.0078125,3.9408,8.81,-1.0768,-0.8002,3,RIGHT_MI
9475,37.01171875,9.0777,-0.3339,4.1167,0.1841,3,RIGHT_MI
9476,37.015625,7.3439,-2.89,-3.8037,-1.8869,3,RIGHT_MI
9477,37.01953125,6.589,-0.0837,-6.4552,-3.0972,3,RIGHT_MI
9478,37.0234375,1.2792,-5.4983,-5.9474,-9.4284,3,RIGHT_MI
9479,37.02734375,13.8612,-11.3618,-5.9224,-11.5936,0,REST
9480,37.03125,9.3452,-15.4004,-7.0174,-11.7919,0,REST
9481,37.03515625,10.7819,-11.4427,-3.797,-9.5121,0,REST
9482,37.0390625,8.2135,-9.8579,0.9469,-6.8997,0,REST
9483,37.04296875,3.0515,-6.9943,5.1227,-5.5855,0,REST
9484,37.046875,-0.3229,-2.9516,8.0053,-0.5685,0,REST
9485,37.05078125,-4.0718,-1.7544,8.6043,0.8084,0,REST
9486,37.0546875,-8.1971,2.7794,7.8498,5.1497,0,REST
9487,37.05859375,-5.7458,4.9225,10.507,9.5992,0,REST
9488,37.0625,-10.2353,10.1751,13.176,7.342,0,REST
9489,37.06640625,-11.94,8.1552,12.3622,10.6724,0,REST
9490,37.0703125,-12.0048,12.5719,9.3778,15.0987,0,REST
9491,37.07421875,-8.1321,14.8328,6.7784,11.5714,0,REST
9492,37.078125,-11.0086,8.0034,4.6071,12.1922,0,REST
9493,37.08203125,-10.4486,9.9573,5.3165,8.9863,0,REST
9494,37.0859375,-4.6101,7.9431,0.7721,6.934,0,REST
9495,37.08984375,-1.9515,10.6675,-5.3254,0.2812,0,REST
9496,37.09375,3.5001,5.7627,-6.5364,-2.1953,0,REST
9497,37.09765625,2.5468,2.5459,-10.7146,-1.2344,0,REST
9498,37.1015625,5.803,-5.2237,-7.9044,-6.0,0,REST
9499,37.10546875,8.5841,-5.1988,-12.4985,-10.1146,0,REST
9500,37.109375,7.9561,-4.7138,-10.6348,-11.3169,0,REST
9501,37.11328125,11.9672,-5.0782,-11.4539,-14.8453,0,REST
9502,37.1171875,9.3115,-9.1081,-9.6625,-9.3251,0,REST
9503,37.12109375,7.9179,-7.2496,-5.6421,-12.6647,0,REST
9504,37.125,7.7595,-9.6472,-2.4647,-12.6695,0,REST
9505,37.12890625,5.673,-10.4051,-0.7476,-3.3887,0,REST
9506,37.1328125,2.0381,-7.6288,0.4008,-4.2016,0,REST
9507,37.13671875,4.0711,-3.8275,2.966,-1.9165,0,REST
9508,37.140625,2.1969,-1.6877,1.8355,1.2666,0,REST
9509,37.14453125,-1.483,-0.9747,7.2988,5.5247,0,REST
9510,37.1484375,-3.7667,0.9862,6.4142,7.7292,0,REST
9511,37.15234375,-6.3709,1.0907,5.5326,9.6886,0,REST
9512,37.15625,-6.6442,2.5213,8.59,10.5155,0,REST
9513,37.16015625,-7.5846,4.7637,7.6215,9.8652,0,REST
9514,37.1640625,-3.9763,6.0737,7.3588,9.9316,0,REST
9515,37.16796875,-9.7489,5.7944,5.1502,6.9883,0,REST
9516,37.171875,-4.4772,5.4014,2.0045,11.9464,0,REST
9517,37.17578125,-4.8596,7.5726,-0.11,4.7583,0,REST
9518,37.1796875,-4.8427,4.3719,-0.36,0.83,0,REST
9519,37.18359375,-2.9643,6.9758,2.9019,1.467,0,REST
9520,37.1875,-2.1259,-1.1473,-1.7715,-4.4634,0,REST
9521,37.19140625,2.3476,3.8233,-3.1754,-4.5133,0,REST
9522,37.1953125,4.3327,-1.9681,-5.0069,-9.7854,0,REST
9523,37.19921875,3.1289,0.5929,-5.0017,-11.9464,0,REST
9524,37.203125,1.74,-1.3684,-6.4,-7.1221,0,REST
9525,37.20703125,1.7987,-4.1177,-4.9406,-10.7229,0,REST
9526,37.2109375,5.5566,-6.4081,-2.7424,-9.4826,0,REST
9527,37.21484375,4.5945,-5.7634,-4.2076,-8.2328,0,REST
9528,37.21875,1.283,-2.7162,-3.2133,-7.7305,0,REST
9529,37.22265625,2.1345,-6.4286,-1.7275,-3.7022,0,REST
9530,37.2265625,1.5614,-4.7084,-2.9659,-1.5663,0,REST
9531,37.23046875,2.3802,-1.0193,-6.8874,3.4577,0,REST
9532,37.234375,2.9937,0.5969,-1.9671,3.535,0,REST
9533,37.23828125,1.0194,-2.2163,-0.2374,4.4542,0,REST
9534,37.2421875,-2.6385,-5.4162,0.0557,6.0208,0,REST
9535,37.24609375,0.5589,-2.1055,-1.0794,6.4904,0,REST
9536,37.25,1.0133,0.4088,-0.85,4.7911,0,REST
9537,37.25390625,-4.188,0.0812,-0.6945,9.5733,0,REST
9538,37.2578125,0.4298,0.7749,3.6244,7.772,0,REST
9539,37.26171875,-4.7312,4.4648,0.0876,5.7625,0,REST
9540,37.265625,-3.06,3.245,3.4239,0.0364,0,REST
9541,37.26953125,3.9819,0.4239,1.3997,4.6355,0,REST
9542,37.2734375,-2.4434,4.0702,6.3951,-1.2381,0,REST
9543,37.27734375,-3.5462,5.8168,2.3017,-1.9345,0,REST
9544,37.28125,-3.0954,1.5754,2.7276,-0.2318,0,REST
9545,37.28515625,-1.6264,6.2851,0.1171,-3.158,0,REST
9546,37.2890625,-6.1693,-0.8055,6.5715,-1.0413,0,REST
9547,37.29296875,-2.7918,-0.8327,4.9855,-5.9676,0,REST
9548,37.296875,-6.5782,1.5755,0.6423,-2.4905,0,REST
9549,37.30078125,-3.3144,-0.095,4.3531,-6.149,0,REST
9550,37.3046875,-4.2396,0.3981,1.3797,-3.2739,0,REST
9551,37.30859375,4.6068,2.6718,2.3619,-4.1321,0,REST
9552,37.3125,1.4326,-5.1853,0.9535,-4.2507,0,REST
9553,37.31640625,4.4597,0.2571,-4.6393,-3.5577,0,REST
9554,37.3203125,2.6687,2.2253,-3.8112,-1.1888,0,REST
9555,37.32421875,5.43,-3.8839,-3.8089,-1.8708,0,REST
9556,37.328125,5.6433,-1.8781,-4.7172,1.0656,0,REST
9557,37.33203125,8.4884,-2.8567,-5.9955,0.9327,0,REST
9558,37.3359375,6.0684,-1.7292,-6.4175,-0.3498,0,REST
9559,37.33984375,4.6574,-2.8439,-8.2683,2.4887,0,REST
9560,37.34375,6.2026,-3.6685,-3.5799,1.3184,0,REST
9561,37.34765625,5.8958,-2.7884,-3.1958,3.1676,0,REST
9562,37.3515625,0.277,-2.7298,-4.2313,1.907,0,REST
9563,37.35546875,0.0987,-0.3676,-1.8703,4.1287,0,REST
9564,37.359375,2.2307,-6.3738,0.3001,5.0334,0,REST
9565,37.36328125,-0.6602,2.723,4.9698,2.5546,0,REST
9566,37.3671875,-5.7888,-1.5499,4.0484,3.1827,0,REST
9567,37.37109375,-4.0337,-0.7537,7.1309,1.4285,0,REST
9568,37.375,-8.0111,2.9661,7.6621,1.351,0,REST
9569,37.37890625,-11.1942,4.589,9.3682,1.796,0,REST
9570,37.3828125,-9.124,2.0983,8.3775,0.5401,0,REST
9571,37.38671875,-11.5404,6.6583,9.373,-1.1662,0,REST
9572,37.390625,-9.3688,3.8505,8.927,0.1188,0,REST
9573,37.39453125,-8.0428,5.3403,6.1292,-1.3948,0,REST
9574,37.3984375,-9.5664,3.2162,2.7038,-0.9385,0,REST
9575,37.40234375,-4.9081,1.5596,2.6036,-2.3522,0,REST
9576,37.40625,-0.0299,1.4435,0.9197,-6.1227,0,REST
9577,37.41015625,-1.689,3.481,-6.0453,-3.8105,0,REST
9578,37.4140625,4.1719,-2.9949,-7.7891,-7.3158,0,REST
9579,37.41796875,4.6621,-6.4786,-6.0411,-8.8205,0,REST
9580,37.421875,12.0332,-4.1392,-10.8612,-4.4332,0,REST
9581,37.42578125,11.9234,-4.7714,-8.854,-3.8471,0,REST
9582,37.4296875,12.2633,-4.2983,-11.4524,-0.1993,0,REST
9583,37.43359375,14.6227,-5.9476,-12.2218,-2.3518,0,REST
9584,37.4375,8.9635,-7.1139,-7.657,-1.3785,0,REST
9585,37.44140625,8.7084,-9.196,-9.768,2.613,0,REST
9586,37.4453125,5.8156,-7.352,-5.5163,3.1812,0,REST
9587,37.44921875,4.148,-5.5777,-2.6963,2.8614,0,REST
9588,37.453125,-0.7228,-2.0825,1.6984,9.4981,0,REST
9589,37.45703125,-3.5057,-1.9437,-1.1526,5.9969,0,REST
9590,37.4609375,-7.3255,-5.0838,6.0676,8.2276,0,REST
9591,37.46484375,-5.6277,3.1744,10.741,9.0413,0,REST
9592,37.46875,-11.2393,6.0424,9.2244,7.2176,0,REST
9593,37.47265625,-11.845,3.7343,11.8651,8.6493,0,REST
9594,37.4765625,-10.463,7.038,12.28,6.9962,0,REST
9595,37.48046875,-10.1821,7.6978,15.1719,4.379,0,REST
9596,37.484375,-10.4156,7.3857,12.62,3.7583,0,REST
9597,37.48828125,-10.4698,9.8062,6.1012,-1.0198,0,REST
9598,37.4921875,-3.4652,11.1546,11.4189,-4.0053,0,REST
9599,37.49609375,-2.4351,10.748,4.0507,-7.8078,0,REST
9600,37.5,1.9618,5.3579,2.2382,-11.7242,0,REST
9601,37.50390625,4.423,2.8984,-2.3884,-11.252,0,REST
9602,37.5078125,6.498,0.5686,-8.562,-6.1411,0,REST
9603,37.51171875,5.7932,-6.8686,-9.8433,-10.1084,0,REST
9604,37.515625,12.6912,-1.3303,-7.2576,-7.8225,0,REST
9605,37.51953125,10.2601,-9.0178,-6.9485,-6.1568,0,REST
9606,37.5234375,10.9865,-8.2916,-11.5501,-4.5019,0,REST
9607,37.52734375,13.3434,-10.3133,-9.8338,0.9801,0,REST
9608,37.53125,11.1101,-10.9834,-11.2718,-1.6819,0,REST
9609,37.53515625,10.6673,-10.323,-5.0429,2.9042,0,REST
9610,37.5390625,5.5958,-7.8529,-6.6397,5.5627,0,REST
9611,37.54296875,3.6559,-9.7958,-4.9512,7.1425,0,REST
9612,37.546875,4.475,-6.1312,1.5882,10.8538,0,REST
9613,37.55078125,-2.8993,-5.0227,3.8994,9.0224,0,REST
9614,37.5546875,-6.8986,1.14,6.4802,14.4613,0,REST
9615,37.55859375,-8.5921,3.9596,7.4569,16.3876,0,REST
9616,37.5625,-8.9385,3.2476,13.2362,6.7302,0,REST
9617,37.56640625,-8.8067,5.3912,9.6241,6.6529,0,REST
9618,37.5703125,-7.488,9.4103,13.3925,9.9426,0,REST
9619,37.57421875,-8.9548,13.3382,13.803,0.1986,0,REST
9620,37.578125,-10.3356,11.8208,8.7183,-1.5842,0,REST
9621,37.58203125,-8.3836,9.9903,8.917,-3.3102,0,REST
9622,37.5859375,-3.8853,9.7168,5.1115,-12.306,0,REST
9623,37.58984375,-2.8695,12.1609,3.7667,-11.4064,0,REST
9624,37.59375,-0.4156,7.274,-0.3322,-10.879,0,REST
9625,37.59765625,3.8723,2.3702,-4.0825,-14.0424,0,REST
9626,37.6015625,7.516,0.0861,-5.2603,-14.3464,0,REST
9627,37.60546875,4.0384,-8.8531,-6.2736,-10.7916,0,REST
9628,37.609375,9.5432,-4.4719,-10.0733,-9.289,0,REST
9629,37.61328125,10.1699,-5.6218,-10.8016,-6.3399,0,REST
9630,37.6171875,8.4163,-10.5308,-8.6993,-4.9158,0,REST
9631,37.62109375,8.0851,-13.0103,-6.0168,0.5921,0,REST
9632,37.625,4.337,-8.5523,-9.1453,4.4539,0,REST
9633,37.62890625,4.7125,-12.4222,-7.1038,9.1032,0,REST
9634,37.6328125,4.0243,-12.7491,-2.6079,9.0295,0,REST
9635,37.63671875,5.2155,-12.0155,-0.8409,12.011,0,REST
9636,37.640625,-2.0649,-8.5239,0.1861,12.8774,0,REST
9637,37.64453125,-0.3358,-4.6025,-0.4824,13.1816,0,REST
9638,37.6484375,-4.8263,-5.9604,1.9933,9.84,0,REST
9639,37.65234375,-6.8838,4.6063,2.3279,10.2587,0,REST
9640,37.65625,-4.0272,3.1056,6.9887,13.1989,0,REST
9641,37.66015625,-9.7108,7.5089,8.6127,4.9426,0,REST
9642,37.6640625,-7.9847,9.0582,7.4732,4.7598,0,REST
9643,37.66796875,-7.4445,18.0807,5.437,-4.2012,0,REST
9644,37.671875,-1.2414,13.8171,5.7995,-7.1695,0,REST
9645,37.67578125,-3.9058,9.1909,5.2705,-9.652,0,REST
9646,37.6796875,-4.8916,7.9923,2.647,-10.2943,0,REST
9647,37.68359375,-2.3216,8.0574,2.8281,-12.5817,0,REST
9648,37.6875,-2.5772,6.3643,4.6794,-14.597,0,REST
9649,37.69140625,-0.2009,1.9371,1.1523,-12.9376,0,REST
9650,37.6953125,0.5444,3.1528,-2.3887,-10.9362,0,REST
9651,37.69921875,5.6548,-4.505,1.4044,-5.3786,0,REST
9652,37.703125,4.9479,-3.6834,-2.7543,-6.6407,0,REST
9653,37.70703125,2.5826,-8.2211,-3.1547,-4.8001,0,REST
9654,37.7109375,3.0166,-8.1166,-6.9767,-1.1899,0,REST
9655,37.71484375,1.0868,-14.4857,-4.3027,4.3921,0,REST
9656,37.71875,7.1872,-13.7908,-4.7596,7.5249,0,REST
9657,37.72265625,3.3894,-12.4515,-5.8429,5.7722,0,REST
9658,37.7265625,3.8453,-13.8776,-1.1011,12.9942,0,REST
9659,37.73046875,3.9267,-8.7732,-3.0309,14.3227,0,REST
9660,37.734375,0.5798,-6.388,-2.1699,13.2866,0,REST
9661,37.73828125,-1.0863,-1.7375,-2.6106,11.4668,0,REST
9662,37.7421875,3.1409,-0.9328,-1.96,6.5767,0,REST
9663,37.74609375,3.6521,1.6357,-5.5141,7.5966,0,REST
9664,37.75,-0.6473,5.1993,-0.5549,5.4728,0,REST
9665,37.75390625,-3.4676,11.9747,-3.9262,3.9785,0,REST
9666,37.7578125,-1.6005,12.945,-2.6926,-2.5806,0,REST
9667,37.76171875,0.6062,11.9824,-1.177,-5.7235,0,REST
9668,37.765625,-1.5908,12.4516,5.2036,-9.7897,0,REST
9669,37.76953125,-1.8101,10.5754,1.6742,-9.5881,0,REST
9670,37.7734375,1.2842,12.1511,4.5399,-9.45,0,REST
9671,37.77734375,-4.2356,12.6437,2.3982,-7.1539,0,REST
9672,37.78125,-3.3167,5.2091,0.466,-9.8697,0,REST
9673,37.78515625,-6.5956,3.8739,0.7222,-11.9887,0,REST
9674,37.7890625,-5.6633,-0.9646,2.9919,-7.7792,0,REST
9675,37.79296875,-2.0774,-4.5262,5.8612,-5.4981,0,REST
9676,37.796875,-5.0279,-5.0162,1.9438,-3.2646,0,REST
9677,37.80078125,-3.0105,-6.8018,4.5078,-4.1192,0,REST
9678,37.8046875,-0.3008,-11.7589,1.7575,2.2803,0,REST
9679,37.80859375,2.1528,-11.8313,1.5493,5.3562,0,REST
9680,37.8125,1.4845,-12.6149,2.8948,3.3922,0,REST
9681,37.81640625,3.8086,-10.108,-1.9307,5.792,0,REST
9682,37.8203125,4.3142,-14.1604,-0.4772,8.4888,0,REST
9683,37.82421875,5.2146,-8.4304,-3.8772,9.3976,0,REST
9684,37.828125,9.5388,-5.8032,-0.5604,9.8714,0,REST
9685,37.83203125,5.4457,-2.9233,-7.2504,5.6411,0,REST
9686,37.8359375,7.0739,-3.2315,-8.1418,2.6154,0,REST
9687,37.83984375,8.6394,-1.344,-5.2377,1.3246,0,REST
9688,37.84375,11.1306,3.4582,-7.0391,-3.4045,0,REST
9689,37.84765625,1.3052,8.4354,-7.6472,1.3302,0,REST
9690,37.8515625,7.0343,7.4148,-10.1304,-2.6334,0,REST
9691,37.85546875,2.6952,8.6205,-4.0748,-3.9749,0,REST
9692,37.859375,-0.7843,9.4929,-4.5814,-4.9296,0,REST
9693,37.86328125,-1.554,10.4017,-1.894,-8.5268,0,REST
9694,37.8671875,-1.3541,10.5145,4.0426,-5.6815,0,REST
9695,37.87109375,-1.6317,9.9152,3.4399,-6.7056,0,REST
9696,37.875,-6.3298,4.1896,1.3453,-2.412,0,REST
9697,37.87890625,-6.9863,2.3882,5.8818,-5.1388,0,REST
9698,37.8828125,-9.0183,2.3736,12.9554,-0.8457,0,REST
9699,37.88671875,-9.2572,-1.6286,12.232,-0.6585,0,REST
9700,37.890625,-11.5969,-3.71,8.0105,-2.4324,0,REST
9701,37.89453125,-7.5142,-7.2032,16.1835,-2.03,0,REST
9702,37.8984375,-8.0516,-10.1966,7.3752,3.1114,0,REST
9703,37.90234375,-3.0555,-5.5111,3.153,3.0578,0,REST
9704,37.90625,-0.049,-8.1599,9.4433,2.2013,0,REST
9705,37.91015625,2.574,-7.7346,4.2291,2.6293,0,REST
9706,37.9140625,6.5228,-8.4464,-0.2481,4.6557,0,REST
9707,37.91796875,9.75,-6.0599,-2.933,5.2151,0,REST
9708,37.921875,11.1112,-4.0078,-4.3747,2.6897,0,REST
9709,37.92578125,6.3666,-0.623,-3.8483,1.9633,0,REST
9710,37.9296875,9.9525,-2.1923,-10.9327,5.6895,0,REST
9711,37.93359375,12.3441,1.9537,-9.1745,3.2489,0,REST
9712,37.9375,12.8139,0.5153,-13.8828,2.5408,0,REST
9713,37.94140625,7.4916,8.4053,-12.2388,3.4065,0,REST
9714,37.9453125,4.9319,2.1103,-9.3303,3.3434,0,REST
9715,37.94921875,3.8512,8.1671,-6.9813,-0.309,0,REST
9716,37.953125,1.5685,4.4681,-1.7599,-1.7984,0,REST
9717,37.95703125,-4.1893,9.4637,-3.0888,-0.4394,0,REST
9718,37.9609375,-2.9836,4.3476,-1.7801,2.1894,0,REST
9719,37.96484375,-12.0651,1.8612,5.0272,-0.3121,0,REST
9720,37.96875,-10.426,3.4257,3.4375,-2.8294,0,REST
9721,37.97265625,-12.0074,1.5314,7.2517,-3.8454,0,REST
9722,37.9765625,-13.083,1.7699,10.5061,-0.4097,0,REST
9723,37.98046875,-10.3743,-0.5373,12.5939,-2.0913,0,REST
9724,37.984375,-12.4915,-1.682,14.0352,-4.1566,0,REST
9725,37.98828125,-10.8938,0.6922,16.6656,-5.0933,0,REST
9726,37.9921875,-3.5076,-2.2082,9.6157,-2.8331,0,REST
9727,37.99609375,-0.588,-7.9018,14.0869,-0.9797,0,REST
9728,38.0,0.4657,-4.3238,6.5148,-4.5463,0,REST
9729,38.00390625,2.8978,-3.2997,4.1689,-3.4299,0,REST
9730,38.0078125,9.5852,-2.1229,0.0641,0.1914,0,REST
9731,38.01171875,13.5701,-4.5531,-0.3309,1.0306,0,REST
9732,38.015625,10.5471,-0.8283,-5.6833,3.2722,0,REST
9733,38.01953125,10.9366,-1.1759,-6.9455,2.1095,0,REST
9734,38.0234375,11.2953,-2.8628,-10.2364,1.9015,0,REST
9735,38.02734375,15.2503,-1.3384,-13.8321,4.2412,0,REST
9736,38.03125,10.6182,-0.1247,-12.5381,10.6096,0,REST
9737,38.03515625,9.4217,4.0769,-11.2859,6.847,0,REST
9738,38.0390625,6.1128,0.1236,-13.1111,6.9275,0,REST
9739,38.04296875,5.0524,3.4809,-12.685,7.6083,0,REST
9740,38.046875,2.9733,2.1615,-5.2587,1.6273,0,REST
9741,38.05078125,-4.9328,2.5041,-4.0802,3.7269,0,REST
9742,38.0546875,-4.99,4.7056,-4.1413,-1.3185,0,REST
9743,38.05859375,-7.7283,4.3494,2.1299,-2.6265,0,REST
9744,38.0625,-10.1366,-1.1363,5.0613,-3.3162,0,REST
9745,38.06640625,-10.5863,5.7058,7.2994,-3.2237,0,REST
9746,38.0703125,-8.6213,0.7749,9.3701,-6.5052,0,REST
9747,38.07421875,-11.8132,5.6978,10.9876,-7.562,0,REST
9748,38.078125,-10.6928,1.7867,13.0143,-10.9422,0,REST
9749,38.08203125,-4.27,3.6871,11.529,-11.3222,0,REST
9750,38.0859375,-5.7321,2.2018,9.7298,-6.4066,0,REST
9751,38.08984375,-0.0539,3.2426,10.174,-9.1944,0,REST
9752,38.09375,-4.8924,1.4077,3.721,-6.2858,0,REST
9753,38.09765625,4.4811,-0.5704,6.4008,-2.8136,0,REST
9754,38.1015625,1.5765,-1.711,-0.7893,-1.7376,0,REST
9755,38.10546875,7.5468,-5.3702,-0.9248,-0.3624,0,REST
9756,38.109375,10.346,-2.8347,-3.7275,6.5169,0,REST
9757,38.11328125,10.204,-4.6007,-4.29,5.7396,0,REST
9758,38.1171875,9.7526,-2.9308,-9.7109,8.8526,0,REST
9759,38.12109375,5.9942,-3.7361,-9.0384,11.651,0,REST
9760,38.125,5.507,-5.8164,-11.7338,8.2603,0,REST
9761,38.12890625,10.2355,-5.6748,-6.0206,9.162,0,REST
9762,38.1328125,3.4822,-2.1382,-8.206,8.9032,0,REST
9763,38.13671875,0.5088,-3.9687,-6.2517,7.3103,0,REST
9764,38.140625,-0.5073,0.3093,-4.6595,6.1986,0,REST
9765,38.14453125,-0.0676,2.3012,-4.4346,3.3856,0,REST
9766,38.1484375,0.0261,-0.6571,-3.2666,0.806,0,REST
9767,38.15234375,-2.9976,2.0681,-2.8739,-2.9971,0,REST
9768,38.15625,-7.3443,4.9584,-0.588,-6.1429,0,REST
9769,38.16015625,-9.5831,3.6495,5.7058,-7.9891,0,REST
9770,38.1640625,-7.0271,4.3116,4.4642,-11.1574,0,REST
9771,38.16796875,-4.0334,5.8071,4.4078,-13.7069,0,REST
9772,38.171875,-9.1548,6.6089,7.8032,-10.9393,0,REST
9773,38.17578125,-4.1086,9.9552,11.122,-10.9072,0,REST
9774,38.1796875,-1.8311,4.991,8.5771,-13.2943,0,REST
9775,38.18359375,-2.1562,6.8878,8.533,-6.7917,0,REST
9776,38.1875,2.2327,1.4376,3.7786,-2.6356,0,REST
9777,38.19140625,1.8463,1.4531,1.3623,-2.9898,0,REST
9778,38.1953125,5.9604,-0.2865,2.1287,0.5898,0,REST
9779,38.19921875,6.8009,-1.1266,2.8771,3.4591,0,REST
9780,38.203125,2.8885,-4.0342,1.7912,11.3845,0,REST
9781,38.20703125,2.884,-7.6686,-4.8882,10.3229,0,REST
9782,38.2109375,4.279,-6.2849,-1.6037,14.4543,0,REST
9783,38.21484375,3.5458,-7.3233,-4.1089,11.4433,0,REST
9784,38.21875,4.4199,-8.0105,-3.8992,8.457,0,REST
9785,38.22265625,2.4312,-12.5153,-5.8976,12.1188,0,REST
9786,38.2265625,5.9656,-9.3056,-1.5197,8.6954,0,REST
9787,38.23046875,0.3797,-4.9353,-1.9999,9.3484,0,REST
9788,38.234375,0.2239,-9.3956,-3.6058,2.8076,0,REST
9789,38.23828125,-2.259,-1.3487,-5.9497,-2.1689,0,REST
9790,38.2421875,2.1068,-6.6116,-3.1835,-3.3789,0,REST
9791,38.24609375,4.806,4.3138,-3.8569,-5.2483,0,REST
9792,38.25,-1.7921,3.0931,-1.8791,-6.5395,0,REST
9793,38.25390625,-0.7564,2.8535,-2.2086,-11.0389,0,REST
9794,38.2578125,0.5253,1.6621,1.2255,-10.5773,0,REST
9795,38.26171875,-0.2921,5.853,-3.9043,-15.022,0,REST
9796,38.265625,-2.4107,9.1621,-0.1933,-11.7281,0,REST
9797,38.26953125,-1.3821,9.0774,-2.3694,-11.9628,0,REST
9798,38.2734375,-3.0076,10.2078,1.2507,-7.9646,0,REST
9799,38.27734375,-6.0191,7.5956,0.0667,-4.3729,0,REST
9800,38.28125,-5.5544,9.3644,1.6115,-2.2638,0,REST
9801,38.28515625,-2.6164,1.3338,-0.7093,-0.4359,0,REST
9802,38.2890625,-0.4767,5.6104,5.2508,9.2238,0,REST
9803,38.29296875,-7.2911,0.6626,3.2042,8.0892,0,REST
9804,38.296875,-6.7662,-2.1603,5.5587,6.6633,0,REST
9805,38.30078125,-1.9365,-8.0385,8.5371,15.5503,0,REST
9806,38.3046875,-0.4504,-9.6781,4.1257,9.666,0,REST
9807,38.30859375,1.4092,-8.2451,5.4254,9.7591,0,REST
9808,38.3125,1.0256,-12.6771,3.7897,8.3782,0,REST
9809,38.31640625,4.9724,-11.2512,-0.1071,6.1721,0,REST
9810,38.3203125,5.0421,-11.4257,0.0456,4.6663,0,REST
9811,38.32421875,5.4968,-6.6878,3.1263,2.1998,0,REST
9812,38.328125,4.9174,-11.1291,-3.9055,-2.0083,0,REST
9813,38.33203125,5.7412,-5.0854,-0.4561,-1.5691,0,REST
9814,38.3359375,7.7286,-0.2113,-2.0689,-5.1709,0,REST
9815,38.33984375,0.9394,1.7398,-6.6894,-5.6912,0,REST
9816,38.34375,6.8157,6.7654,-5.9606,-9.8973,0,REST
9817,38.34765625,6.0657,2.8594,-9.6605,-10.7043,0,REST
9818,38.3515625,2.4997,9.486,-11.4152,-5.8673,0,REST
9819,38.35546875,1.9588,10.4959,-7.6712,-11.2128,0,REST
9820,38.359375,0.1449,11.735,-6.1167,-9.2342,0,REST
9821,38.36328125,-2.2757,12.5937,-6.1392,-3.7659,0,REST
9822,38.3671875,-4.2567,14.1148,-4.7369,-3.1093,0,REST
9823,38.37109375,-6.9728,8.4871,-3.2447,-2.6708,0,REST
9824,38.375,-7.114,9.4295,-5.0831,0.1185,0,REST
9825,38.37890625,-11.1406,5.8145,1.1153,5.8533,0,REST
9826,38.3828125,-7.6493,0.8601,4.6997,5.6241,0,REST
9827,38.38671875,-13.5466,2.6997,7.9047,7.5345,0,REST
9828,38.390625,-11.8193,-1.2196,8.3362,11.4225,0,REST
9829,38.39453125,-8.5216,-7.7222,9.7394,8.7374,0,REST
9830,38.3984375,-4.0442,-12.9715,15.0591,6.5085,0,REST
9831,38.40234375,-4.4629,-11.0495,9.3145,4.2839,0,REST
9832,38.40625,-0.0423,-12.1027,8.5914,4.6071,0,REST
9833,38.41015625,1.2353,-14.578,9.4184,5.5907,0,REST
9834,38.4140625,4.1119,-11.241,9.9259,1.0195,0,REST
9835,38.41796875,9.5052,-9.7224,3.6686,1.0155,0,REST
9836,38.421875,8.9179,-7.2643,-0.5792,-0.704,0,REST
9837,38.42578125,12.6561,-5.8188,1.3239,-2.7259,0,REST
9838,38.4296875,12.7073,-2.5799,-0.4556,-6.0186,0,REST
9839,38.43359375,13.5928,0.0105,-6.9839,-5.8287,0,REST
9840,38.4375,10.3903,6.0881,-8.3729,-6.1911,0,REST
9841,38.44140625,7.3649,7.0982,-8.3004,-8.0596,0,REST
9842,38.4453125,7.5347,10.7078,-11.094,-6.5076,0,REST
9843,38.44921875,4.0274,9.7422,-10.3372,-3.0449,0,REST
9844,38.453125,0.422,12.7284,-15.3847,-2.4665,0,REST
9845,38.45703125,-2.9355,11.3722,-8.7212,-2.8451,0,REST
9846,38.4609375,-5.6928,10.4022,-7.2541,0.1751,0,REST
9847,38.46484375,-6.3841,8.6758,-3.5061,-0.7561,0,REST
9848,38.46875,-9.4744,11.8868,-4.0512,1.0481,0,REST
9849,38.47265625,-11.5925,6.8056,0.8609,0.3451,0,REST
9850,38.4765625,-13.9305,6.6611,7.5507,2.9912,0,REST
9851,38.48046875,-13.1962,1.2799,7.1408,2.1415,0,REST
9852,38.484375,-13.3323,-7.3875,10.3835,4.3466,0,REST
9853,38.48828125,-7.8855,-3.5592,8.3511,2.0535,0,REST
9854,38.4921875,-5.2418,-7.386,9.465,4.5189,0,REST
9855,38.49609375,-3.7506,-12.3009,12.797,2.7478,0,REST
9856,38.5,-2.2094,-12.0841,8.8668,5.8126,0,REST
9857,38.50390625,1.4178,-13.1359,13.1764,2.8426,0,REST
9858,38.5078125,5.2155,-13.4262,8.1641,3.5917,0,REST
9859,38.51171875,8.2164,-13.1451,7.8958,1.8538,0,REST
9860,38.515625,9.0704,-9.5031,4.4726,-1.3529,0,REST
9861,38.51953125,10.3283,-4.5139,0.8167,0.8257,0,REST
9862,38.5234375,16.3102,-0.1942,-2.7227,-0.3032,0,REST
9863,38.52734375,11.106,-2.5509,-5.9799,1.7716,0,REST
9864,38.53125,8.3829,3.1271,-13.39,-3.4438,0,REST
9865,38.53515625,10.4096,7.5824,-3.9145,-4.0782,0,REST
9866,38.5390625,5.6508,10.465,-12.5072,-1.5213,0,REST
9867,38.54296875,1.8454,8.3236,-15.0937,-3.6746,0,REST
9868,38.546875,1.747,12.1853,-10.3902,-4.9221,0,REST
9869,38.55078125,-2.4515,14.1337,-13.4039,-3.4555,0,REST
9870,38.5546875,-10.4664,14.8515,-8.9624,-4.5905,0,REST
9871,38.55859375,-13.1234,7.4802,-7.676,-2.4073,0,REST
9872,38.5625,-10.5831,6.5567,-2.7157,-4.2835,0,REST
9873,38.56640625,-12.0824,4.6866,1.846,-0.0186,0,REST
9874,38.5703125,-8.8175,2.7553,0.7735,-2.448,0,REST
9875,38.57421875,-8.3857,0.2382,7.1685,-0.314,0,REST
9876,38.578125,-12.9318,-4.2408,9.1771,-0.4513,0,REST
9877,38.58203125,-5.8519,-8.5805,13.0605,0.0533,0,REST
9878,38.5859375,-4.5306,-10.1138,10.4285,-0.5446,0,REST
9879,38.58984375,-0.8677,-12.1327,10.2824,-0.1993,0,REST
9880,38.59375,1.3063,-13.0158,10.088,5.5782,0,REST
9881,38.59765625,1.7545,-11.3415,7.9309,3.4289,0,REST
9882,38.6015625,6.5246,-11.7359,4.7661,7.9444,0,REST
9883,38.60546875,8.8548,-12.4356,6.1091,9.1714,0,REST
9884,38.609375,7.0735,-5.9435,4.1305,4.246,0,REST
9885,38.61328125,13.4401,-4.7697,1.1939,3.7097,0,REST
9886,38.6171875,13.489,-3.805,-4.1706,1.8075,0,REST
9887,38.62109375,11.6253,2.4348,-4.6538,6.4994,0,REST
9888,38.625,5.9588,5.1576,-6.7823,1.397,0,REST
9889,38.62890625,8.9749,8.3887,-9.2856,-0.7175,0,REST
9890,38.6328125,4.3836,10.0608,-7.5646,-0.8207,0,REST
9891,38.63671875,4.2777,6.4175,-7.715,-3.5217,0,REST
9892,38.640625,-0.5988,8.1395,-12.7486,-5.9296,0,REST
9893,38.64453125,-4.2177,11.4977,-5.3056,-5.2044,0,REST
9894,38.6484375,-2.7248,10.0993,-3.5554,-5.6064,0,REST
9895,38.65234375,-3.5277,11.3528,-5.9498,-5.5105,0,REST
9896,38.65625,-5.4439,6.1328,-1.0605,-8.5723,0,REST
9897,38.66015625,-5.3823,3.5575,0.0845,-8.2404,0,REST
9898,38.6640625,-6.9248,2.3108,-1.1524,-7.0272,0,REST
9899,38.66796875,-0.7473,-0.9735,-4.0756,-5.5259,0,REST
9900,38.671875,-4.0374,0.8298,2.3199,-0.0176,0,REST
9901,38.67578125,-8.6272,-2.0876,4.7303,3.3351,0,REST
9902,38.6796875,-4.5791,-9.5216,6.7425,4.193,0,REST
9903,38.68359375,-3.0755,-5.4856,4.0462,2.5695,0,REST
9904,38.6875,-2.8723,-12.6516,4.9284,4.9168,0,REST
9905,38.69140625,-1.7529,-8.236,6.9017,8.0346,0,REST
9906,38.6953125,3.4071,-5.0918,4.8638,11.5505,0,REST
9907,38.69921875,2.729,-2.1924,3.6036,13.5783,0,REST
9908,38.703125,2.5581,-3.3299,2.1225,11.8238,0,REST
9909,38.70703125,5.4085,-7.0044,0.1258,8.6415,0,REST
9910,38.7109375,6.7093,-3.8066,1.9405,7.3327,0,REST
9911,38.71484375,4.8687,-4.1426,-0.1941,4.1849,0,REST
9912,38.71875,2.7705,2.3385,1.8994,2.1666,0,REST
9913,38.72265625,3.6105,1.7305,0.9145,-2.5473,0,REST
9914,38.7265625,4.2429,-0.1167,0.1429,0.6178,0,REST
9915,38.73046875,1.9598,8.523,-2.1809,-8.5343,0,REST
9916,38.734375,-2.6985,5.0519,-1.0548,-9.6739,0,REST
9917,38.73828125,-0.1607,9.1575,-4.4527,-13.2752,0,REST
9918,38.7421875,4.0041,8.6669,-6.4948,-12.353,0,REST
9919,38.74609375,1.9091,4.2322,-5.7606,-13.218,0,REST
9920,38.75,0.1523,5.4436,-7.637,-8.9084,0,REST
9921,38.75390625,2.7857,3.6615,-0.0628,-8.1543,0,REST
9922,38.7578125,-0.863,0.3738,-3.1469,-6.094,0,REST
9923,38.76171875,-1.9332,-0.6681,-1.9269,-5.994,0,REST
9924,38.765625,-5.407,-3.0229,-3.298,0.8123,0,REST
9925,38.76953125,-3.289,-1.7276,-0.095,4.0473,0,REST
9926,38.7734375,-0.9938,-3.5927,0.5144,4.8976,0,REST
9927,38.77734375,-4.7969,-2.8952,1.2866,8.791,0,REST
9928,38.78125,-2.4638,-3.493,2.8583,10.267,0,REST
9929,38.78515625,-3.3939,-6.7403,-0.4699,13.5777,0,REST
9930,38.7890625,-3.5252,-3.8997,-0.7935,14.2067,0,REST
9931,38.79296875,-2.4678,-5.7611,1.9021,9.3733,0,REST
9932,38.796875,-6.9846,-1.6932,2.2594,10.3949,0,REST
9933,38.80078125,-2.0129,1.1493,4.1765,8.4823,0,REST
9934,38.8046875,-1.0508,-0.1989,1.9595,6.251,0,REST
9935,38.80859375,-0.8891,-0.3286,6.1701,-0.4046,0,REST
9936,38.8125,4.6306,2.6719,7.1779,0.6254,0,REST
9937,38.81640625,-0.2066,-0.0769,5.9883,-6.2647,0,REST
9938,38.8203125,5.3418,2.3917,7.9079,-7.3963,0,REST
9939,38.82421875,6.5566,3.5655,4.356,-9.7985,0,REST
9940,38.828125,5.6253,-0.6302,1.0257,-11.8649,0,REST
9941,38.83203125,5.5041,1.0937,1.2667,-10.9163,0,REST
9942,38.8359375,7.5951,2.6414,0.7304,-10.5127,0,REST
9943,38.83984375,6.2901,3.1991,-1.2984,-14.9811,0,REST
9944,38.84375,7.4186,2.4995,-5.8111,-10.1267,0,REST
9945,38.84765625,7.1741,2.1255,-3.2003,-4.7648,0,REST
9946,38.8515625,6.045,2.6437,-6.6142,-2.3668,0,REST
9947,38.85546875,-1.0902,4.9791,-8.757,3.5097,0,REST
9948,38.859375,-0.5531,2.6985,-10.9263,2.964,0,REST
9949,38.86328125,-2.3579,5.9888,-10.868,5.2214,0,REST
9950,38.8671875,-5.5662,-0.2612,-8.8687,10.3976,0,REST
9951,38.87109375,-6.7966,3.9031,-7.4982,11.3331,0,REST
9952,38.875,-8.3085,-1.7076,-6.0154,13.8194,0,REST
9953,38.87890625,-7.6938,-4.3744,-5.4089,17.2357,0,REST
9954,38.8828125,-9.0109,-2.9416,0.4541,13.599,0,REST
9955,38.88671875,-8.625,-2.5411,-1.7973,13.2177,0,REST
9956,38.890625,-11.4664,2.9359,2.884,10.9837,0,REST
9957,38.89453125,-9.5437,-2.1844,2.5654,5.4162,0,REST
9958,38.8984375,-3.8854,-1.5865,10.6681,0.9849,0,REST
9959,38.90234375,-2.6811,-3.1255,7.0393,-1.7585,0,REST
9960,38.90625,-1.9044,-4.886,12.287,-5.0749,0,REST
9961,38.91015625,1.3142,-3.664,13.611,-8.2392,0,REST
9962,38.9140625,5.3358,-1.8866,12.1451,-11.4798,0,REST
9963,38.91796875,7.0859,-2.9248,9.4556,-7.7085,0,REST
9964,38.921875,12.3211,-1.6805,9.2661,-9.3691,0,REST
9965,38.92578125,8.7215,1.1947,7.1637,-10.0355,0,REST
9966,38.9296875,9.3761,-2.6303,2.3242,-7.8618,0,REST
9967,38.93359375,11.314,-2.34,-2.4993,-8.186,0,REST
9968,38.9375,10.0549,2.9573,-2.5315,-5.3311,0,REST
9969,38.94140625,5.5775,2.1562,-5.0743,-5.6338,0,REST
9970,38.9453125,2.9004,6.0848,-7.9915,-0.0529,0,REST
9971,38.94921875,4.9468,8.7831,-9.6946,6.4215,0,REST
9972,38.953125,-1.6372,4.8067,-11.4604,7.0927,0,REST
9973,38.95703125,-3.1265,4.1858,-12.436,6.0713,0,REST
9974,38.9609375,-5.4691,7.744,-13.7401,3.9422,0,REST
9975,38.96484375,-5.2184,7.6555,-11.0057,9.2509,0,REST
9976,38.96875,-10.003,6.9415,-8.1625,9.1235,0,REST
9977,38.97265625,-11.9444,2.4968,-6.854,10.1602,0,REST
9978,38.9765625,-12.3241,4.3635,-2.3582,7.9489,0,REST
9979,38.98046875,-12.0106,-2.4421,-2.7927,1.8841,0,REST
9980,38.984375,-12.3085,-2.0002,-1.7622,2.5235,0,REST
9981,38.98828125,-9.5153,-2.2673,6.2535,0.6199,0,REST
9982,38.9921875,-6.5465,-4.8663,7.4063,-1.882,0,REST
9983,38.99609375,-5.4086,-3.2361,13.1768,-3.3005,0,REST
9984,39.0,0.2928,-7.0401,14.2727,-8.981,0,REST
9985,39.00390625,5.4504,-8.4195,12.6645,-3.5946,0,REST
9986,39.0078125,4.9273,-9.0813,10.3711,-3.963,0,REST
9987,39.01171875,6.8764,-13.0905,8.2642,-6.3365,0,REST
9988,39.015625,14.2553,-3.8889,8.344,-9.7718,0,REST
9989,39.01953125,12.5127,-4.4951,7.4308,-3.9952,0,REST
9990,39.0234375,14.3832,-4.0912,0.7278,-6.3995,0,REST
9991,39.02734375,14.1158,-0.6578,0.9569,-3.1362,0,REST
9992,39.03125,9.893,5.7841,-4.1333,0.35,0,REST
9993,39.03515625,9.0125,3.6478,-2.7936,-3.5954,0,REST
9994,39.0390625,4.2772,3.2617,-8.0241,0.2373,0,REST
9995,39.04296875,-0.8944,6.9803,-9.6099,1.8432,0,REST
9996,39.046875,-2.7349,6.8138,-8.4884,4.1846,0,REST
9997,39.05078125,-3.2841,12.0931,-13.3783,6.4359,0,REST
9998,39.0546875,-6.6886,7.9696,-12.7735,3.7588,0,REST
9999,39.05859375,-5.6169,7.2484,-11.0184,8.2303,0,REST
10000,39.0625,-8.4795,7.1317,-7.5802,3.8576,0,REST
10001,39.06640625,-11.8132,5.4408,-8.0007,5.6297,0,REST
10002,39.0703125,-15.5968,1.4219,-4.6573,3.4247,0,REST
10003,39.07421875,-11.2837,-1.1744,-3.8166,2.9078,0,REST
10004,39.078125,-6.7429,1.4302,2.2322,1.858,0,REST
10005,39.08203125,-5.9296,-4.6113,2.0318,1.6211,0,REST
10006,39.0859375,-3.1589,-7.093,8.2293,1.876,0,REST
10007,39.08984375,-1.1121,-9.2167,6.9205,0.3038,0,REST
10008,39.09375,1.7739,-9.7754,11.9439,-3.5722,0,REST
10009,39.09765625,3.3434,-13.656,12.0216,-1.565,0,REST
10010,39.1015625,1.8348,-11.4319,10.0607,-3.2775,0,REST
10011,39.10546875,8.0348,-11.4875,11.5644,0.0711,0,REST
10012,39.109375,10.548,-8.661,7.4478,-7.6365,0,REST
10013,39.11328125,11.2139,-2.3474,4.3273,0.1208,0,REST
10014,39.1171875,9.413,-3.7014,3.6424,1.7495,0,REST
10015,39.12109375,11.168,-1.4967,3.1713,0.3249,0,REST
10016,39.125,6.0652,3.2205,0.6891,-4.8622,0,REST
10017,39.12890625,5.724,4.9408,0.2797,-2.7219,0,REST
10018,39.1328125,1.6369,9.6009,-4.6125,2.0373,0,REST
10019,39.13671875,2.2799,8.6158,-6.5304,-2.3993,0,REST
10020,39.140625,-3.6238,13.3193,-2.9042,1.988,0,REST
10021,39.14453125,-3.9742,14.2231,-8.4703,-3.6071,0,REST
10022,39.1484375,-1.3223,8.2826,-6.3295,1.5614,0,REST
10023,39.15234375,-3.62,10.0276,-6.9584,-0.7752,0,REST
10024,39.15625,-10.1572,9.9687,-6.7905,-3.4205,0,REST
10025,39.16015625,-6.5587,10.5859,-4.0375,1.424,0,REST
10026,39.1640625,-7.6099,5.5132,0.7461,6.8313,0,REST
10027,39.16796875,-7.3325,-0.0778,-1.5487,5.3045,0,REST
10028,39.171875,-7.3635,-4.2211,-2.4322,2.8595,0,REST
10029,39.17578125,-5.8189,-5.7062,2.9775,5.6918,0,REST
10030,39.1796875,-2.3175,-5.4329,1.4335,3.8196,0,REST
10031,39.18359375,-3.5346,-10.0648,4.4014,2.4753,0,REST
10032,39.1875,1.0761,-10.6956,3.0872,2.0338,0,REST
10033,39.19140625,-3.5321,-12.5683,7.7538,5.573,0,REST
10034,39.1953125,3.2588,-13.0714,2.7545,1.5636,0,REST
10035,39.19921875,3.8542,-8.5831,3.6135,-0.7955,0,REST
10036,39.203125,2.3656,-10.8471,4.3129,-0.4994,0,REST
10037,39.20703125,-0.2469,-8.3927,4.1192,0.3945,0,REST
10038,39.2109375,6.7536,0.3758,2.4652,-7.2491,0,REST
10039,39.21484375,5.6911,0.4502,1.4837,-4.0453,0,REST
10040,39.21875,3.266,0.6236,2.2712,-4.1695,0,REST
10041,39.22265625,2.9298,4.6361,-0.5613,-4.6501,0,REST
10042,39.2265625,4.6726,8.6693,0.1473,-5.8533,0,REST
10043,39.23046875,4.2053,12.7088,-2.3129,-7.813,0,REST
10044,39.234375,3.5298,11.0284,-2.8907,-7.3666,0,REST
10045,39.23828125,1.9968,10.0047,0.9969,-5.2715,0,REST
10046,39.2421875,0.0001,13.466,-1.8284,-3.3011,0,REST
10047,39.24609375,-1.2897,12.3719,-0.6394,-0.7535,0,REST
10048,39.25,-0.26,6.4958,-1.51,-0.2721,0,REST
10049,39.25390625,3.0829,9.7151,-1.0482,5.5058,0,REST
10050,39.2578125,-2.9351,6.6219,-2.4049,3.6441,0,REST
10051,39.26171875,0.2012,-2.7989,-7.0521,7.7857,0,REST
10052,39.265625,-3.7363,-1.0255,-1.2641,10.0027,0,REST
10053,39.26953125,-4.3217,-7.4561,-1.4322,8.6113,0,REST
10054,39.2734375,-2.3478,-8.7152,-3.6802,11.3567,0,REST
10055,39.27734375,-4.1958,-10.605,-3.6975,8.8916,0,REST
10056,39.28125,-2.5917,-11.0296,-0.0919,4.5594,0,REST
10057,39.28515625,-8.6247,-9.9221,-1.1297,5.2439,0,REST
10058,39.2890625,-3.225,-13.8688,-4.8437,3.5687,0,REST
10059,39.29296875,-5.1286,-11.2236,0.0763,1.4623,0,REST
10060,39.296875,-1.3135,-13.7451,1.266,-1.1119,0,REST
10061,39.30078125,-4.1744,-6.4973,0.4609,-2.7072,0,REST
10062,39.3046875,-4.3984,-3.4109,1.541,-6.662,0,REST
10063,39.30859375,-1.5458,-1.983,3.1334,-8.5362,0,REST
10064,39.3125,-2.0742,0.0015,4.5848,-13.7672,0,REST
10065,39.31640625,1.6867,4.2326,8.5481,-12.5495,0,REST
10066,39.3203125,0.3183,10.0043,5.1819,-12.4887,0,REST
10067,39.32421875,4.763,12.2501,6.6877,-10.7068,0,REST
10068,39.328125,8.0379,10.7953,4.9768,-10.3783,0,REST
10069,39.33203125,6.9014,9.3914,4.3295,-8.1008,0,REST
10070,39.3359375,6.6495,12.2439,5.2414,-1.6834,0,REST
10071,39.33984375,10.7463,9.206,2.4406,-0.2142,0,REST
10072,39.34375,4.2665,10.5134,-0.5317,4.1363,0,REST
10073,39.34765625,2.6572,6.0162,0.0446,5.6193,0,REST
10074,39.3515625,4.5251,1.5563,-1.9798,8.956,0,REST
10075,39.35546875,0.2263,-1.4668,-6.5102,13.5444,0,REST
10076,39.359375,-3.5229,-0.0673,-8.2301,12.5794,0,REST
10077,39.36328125,-2.7062,-6.4161,-5.6241,12.345,0,REST
10078,39.3671875,1.9125,-6.5172,-10.1259,10.3863,0,REST
10079,39.37109375,-7.4295,-9.7267,-6.4212,9.875,0,REST
10080,39.375,-9.4166,-8.1018,-7.4736,7.0988,0,REST
10081,39.37890625,-11.4621,-10.5604,-10.875,3.3226,0,REST
10082,39.3828125,-9.2022,-14.5506,-8.7627,-1.8076,0,REST
10083,39.38671875,-9.9438,-11.091,-5.6651,-0.0374,0,REST
10084,39.390625,-9.1419,-7.5838,3.325,-8.6983,0,REST
10085,39.39453125,-8.8912,-2.7243,1.9326,-9.7061,0,REST
10086,39.3984375,-6.5657,-2.5626,0.7774,-16.8872,0,REST
10087,39.40234375,-6.8865,-2.658,1.7275,-8.8177,0,REST
10088,39.40625,0.8149,0.15,9.2303,-16.1979,0,REST
10089,39.41015625,5.6003,5.3936,11.043,-13.0241,0,REST
10090,39.4140625,4.755,7.9735,12.4243,-12.4615,0,REST
10091,39.41796875,7.3152,6.1161,11.3087,-7.9397,0,REST
10092,39.421875,3.1769,8.8449,14.2966,-6.1548,0,REST
10093,39.42578125,9.9542,9.7422,9.1174,-0.7192,0,REST
10094,39.4296875,13.0465,12.4376,4.136,2.7828,0,REST
10095,39.43359375,9.7711,7.9191,7.4096,0.0178,0,REST
10096,39.4375,9.9199,9.5007,6.8586,6.2018,0,REST
10097,39.44140625,9.0397,4.7817,-0.738,12.9581,0,REST
10098,39.4453125,5.769,5.2265,0.304,10.2364,0,REST
10099,39.44921875,5.7717,2.2747,-4.2572,13.9369,0,REST
10100,39.453125,-0.1363,-1.8054,-9.2147,12.9014,0,REST
10101,39.45703125,-4.1423,-4.8642,-11.2706,11.1751,0,REST
10102,39.4609375,-5.116,-8.5609,-13.3221,7.623,0,REST
10103,39.46484375,-8.0342,-5.4174,-12.6445,7.4843,0,REST
10104,39.46875,-11.1131,-4.1742,-12.8331,2.0595,0,REST
10105,39.47265625,-14.609,-6.5423,-11.9514,2.33,0,REST
10106,39.4765625,-7.3225,-7.3061,-9.3178,-6.3351,0,REST
10107,39.48046875,-11.7663,-9.3918,-11.8106,-8.3589,0,REST
10108,39.484375,-11.2678,-6.6588,-1.7487,-6.1276,0,REST
10109,39.48828125,-11.895,-9.6075,-2.4471,-9.6726,0,REST
10110,39.4921875,-5.8817,-3.4762,3.9197,-12.7844,0,REST
10111,39.49609375,-5.9654,-2.2053,4.3681,-14.9855,0,REST
10112,39.5,-0.4092,0.0026,9.5862,-12.0402,0,REST
10113,39.50390625,4.3842,1.11,8.4179,-8.1328,0,REST
10114,39.5078125,4.6522,4.4753,11.2665,-4.8801,0,REST
10115,39.51171875,8.8728,4.9927,13.3787,1.429,0,REST
10116,39.515625,13.0743,2.7781,14.1293,-4.4769,0,REST
10117,39.51953125,12.4099,8.9625,11.9603,1.8248,0,REST
10118,39.5234375,12.2609,5.9265,11.449,4.9394,0,REST
10119,39.52734375,11.813,4.9127,5.1782,5.5499,0,REST
10120,39.53125,10.4057,5.2829,6.0394,9.3813,0,REST
10121,39.53515625,11.5237,1.6255,2.1179,7.8316,0,REST
10122,39.5390625,5.3204,0.105,-4.5967,7.0759,0,REST
10123,39.54296875,5.8728,1.502,-7.1941,10.2942,0,REST
10124,39.546875,1.7859,-1.2633,-7.3701,10.2265,0,REST
10125,39.55078125,-3.2279,-1.4845,-13.2466,7.6722,0,REST
10126,39.5546875,-7.4557,-1.2174,-11.1174,6.7336,0,REST
10127,39.55859375,-9.581,-5.2274,-15.2814,2.5603,0,REST
10128,39.5625,-10.1995,-1.5839,-14.0478,-2.0956,0,REST
10129,39.56640625,-11.3635,-4.5713,-10.2552,-1.3003,0,REST
10130,39.5703125,-15.5292,-2.4831,-10.5988,-6.6805,0,REST
10131,39.57421875,-12.6418,-5.5071,-8.7467,-4.0224,0,REST
10132,39.578125,-9.5236,-2.0463,-5.3797,-8.17,0,REST
10133,39.58203125,-8.2055,-3.8077,-3.7196,-5.4477,0,REST
10134,39.5859375,-7.7704,-1.6943,2.8501,-7.9446,0,REST
10135,39.58984375,-4.6999,-1.8141,1.5931,-9.086,0,REST
10136,39.59375,-1.8294,-0.8445,3.4253,-3.8183,0,REST
10137,39.59765625,-0.2138,-0.7249,9.6414,-7.5765,0,REST
10138,39.6015625,5.8707,2.1282,10.0426,-2.3531,0,REST
10139,39.60546875,7.8538,0.8518,5.1336,-3.3268,0,REST
10140,39.609375,9.6113,3.7647,10.7338,-2.8888,0,REST
10141,39.61328125,8.5602,-0.6979,9.7767,3.0042,0,REST
10142,39.6171875,10.98,-0.9057,8.9959,0.704,0,REST
10143,39.62109375,6.6098,5.9868,3.7004,6.3597,0,REST
10144,39.625,4.3152,3.6631,5.9345,4.2855,0,REST
10145,39.62890625,3.3269,0.9459,0.9682,8.2506,0,REST
10146,39.6328125,1.0174,7.8269,0.7946,4.0805,0,REST
10147,39.63671875,0.0457,1.4059,0.2024,2.7905,0,REST
10148,39.640625,1.2823,0.111,-1.5201,4.523,0,REST
10149,39.64453125,-2.811,6.3026,-6.8034,4.275,0,REST
10150,39.6484375,-7.1261,2.5841,-2.4697,0.4311,0,REST
10151,39.65234375,-5.9312,3.5573,-6.6688,0.9005,0,REST
10152,39.65625,-7.304,5.9822,-7.8618,-3.1142,0,REST
10153,39.66015625,-5.2144,5.4243,-8.6441,-4.451,0,REST
10154,39.6640625,-3.4936,3.1775,-7.8194,-2.0622,0,REST
10155,39.66796875,-5.8737,-1.0083,-5.8615,1.2962,0,REST
10156,39.671875,-3.6878,-1.5228,-4.6186,-4.0511,0,REST
10157,39.67578125,-4.6232,-4.8997,-1.1723,-0.1589,0,REST
10158,39.6796875,-5.0971,-5.1834,-3.7146,-3.2652,0,REST
10159,39.68359375,-1.2729,-3.8678,3.0691,-3.1767,0,REST
10160,39.6875,1.066,-8.6437,-1.6596,-3.3992,0,REST
10161,39.69140625,1.5586,-5.7887,1.4973,-4.0255,0,REST
10162,39.6953125,3.3655,-4.219,3.8168,-3.0589,0,REST
10163,39.69921875,5.979,-6.9953,3.025,-1.9987,0,REST
10164,39.703125,-0.348,-4.4303,5.1716,-4.4054,0,REST
10165,39.70703125,3.7003,-2.4573,2.9158,-3.4149,0,REST
10166,39.7109375,3.1033,-2.5737,6.4744,1.8172,0,REST
10167,39.71484375,0.3949,-1.1701,1.7339,-2.2849,0,REST
10168,39.71875,4.0259,0.2371,3.2529,1.6222,0,REST
10169,39.72265625,3.9978,3.2075,2.109,1.2484,0,REST
10170,39.7265625,6.3069,5.2459,2.0616,1.2865,0,REST
10171,39.73046875,3.4844,2.1563,3.2408,0.6026,0,REST
10172,39.734375,-0.8973,6.0612,1.0099,2.0483,0,REST
10173,39.73828125,0.4321,9.9064,0.8294,4.3257,0,REST
10174,39.7421875,1.0171,3.7917,1.0669,4.316,0,REST
10175,39.74609375,1.9753,6.3948,1.8935,4.1668,0,REST
10176,39.75,-5.2679,8.6553,-0.0781,7.0848,0,REST
10177,39.75390625,-1.1091,4.4217,1.3857,7.8966,0,REST
10178,39.7578125,2.4313,2.2197,-1.0659,1.9548,0,REST
10179,39.76171875,-0.8124,1.6037,0.3698,0.954,0,REST
10180,39.765625,-1.5998,-0.173,-3.2863,2.3174,0,REST
10181,39.76953125,-0.4658,-2.7615,-2.944,-0.5187,0,REST
10182,39.7734375,-5.093,-2.5242,-2.2413,-0.9808,0,REST
10183,39.77734375,-3.1684,-10.9932,-0.9095,0.831,0,REST
10184,39.78125,-3.5365,-7.0772,-2.5258,-3.9967,0,REST
10185,39.78515625,-10.1446,-9.7002,-4.2858,-5.9313,0,REST
10186,39.7890625,-6.1947,-10.5961,-3.4614,-2.4529,0,REST
10187,39.79296875,-3.6343,-2.5571,-5.5672,-8.6093,0,REST
10188,39.796875,-1.944,-4.8519,-3.4224,-6.2108,0,REST
10189,39.80078125,-4.593,-8.4973,-1.6813,-10.4947,0,REST
10190,39.8046875,-3.6749,-5.6707,-2.5337,-1.6434,0,REST
10191,39.80859375,-7.2843,-1.4009,2.1781,-5.8603,0,REST
10192,39.8125,1.1627,-0.3074,-1.8167,0.5991,0,REST
10193,39.81640625,0.4149,2.2288,1.3725,0.7273,0,REST
10194,39.8203125,4.7345,7.111,7.372,-0.8123,0,REST
10195,39.82421875,2.6833,7.9616,2.3867,3.8961,0,REST
10196,39.828125,8.9205,9.6419,5.5659,0.1293,0,REST
10197,39.83203125,9.5787,9.8105,6.6496,9.1738,0,REST
10198,39.8359375,6.8605,9.8645,9.4121,5.7824,0,REST
10199,39.83984375,5.4706,10.3242,3.9716,8.0387,0,REST
10200,39.84375,8.3499,6.8488,9.6466,8.5647,0,REST
10201,39.84765625,8.3491,10.4093,5.7965,11.6442,0,REST
10202,39.8515625,3.3188,8.5666,3.0003,10.0005,0,REST
10203,39.85546875,-1.4905,6.7953,1.2117,5.0678,0,REST
10204,39.859375,1.5599,-1.0927,-0.1404,1.1848,0,REST
10205,39.86328125,-1.0978,-8.3014,-6.4752,0.8553,0,REST
10206,39.8671875,-5.6776,-6.7035,-4.9938,-1.502,0,REST
10207,39.87109375,-8.8449,-5.0846,-10.1126,-2.4877,0,REST
10208,39.875,-6.5095,-11.1079,-10.7463,-8.8029,0,REST
10209,39.87890625,-11.7196,-8.7471,-11.7544,-13.4787,0,REST
10210,39.8828125,-9.0568,-9.784,-5.6544,-12.0525,0,REST
10211,39.88671875,-10.8141,-11.5757,-11.9684,-8.0021,0,REST
10212,39.890625,-12.1141,-10.3798,-7.2053,-9.4701,0,REST
10213,39.89453125,-10.3138,-7.6907,-5.2134,-8.5541,0,REST
10214,39.8984375,-7.9998,-5.356,-3.451,-10.4546,0,REST
10215,39.90234375,-3.9245,-6.9349,-4.349,-9.0881,0,REST
10216,39.90625,-1.973,4.6113,-2.884,-4.1582,0,REST
10217,39.91015625,3.3146,3.9897,-1.7071,-1.5276,0,REST
10218,39.9140625,5.7643,4.8752,4.0932,3.3196,0,REST
10219,39.91796875,10.4779,6.5418,11.912,9.9166,0,REST
10220,39.921875,10.5513,13.8093,9.9287,7.6296,0,REST
10221,39.92578125,7.6806,13.7072,12.5582,6.7356,0,REST
10222,39.9296875,10.6366,12.0352,14.3238,13.2162,0,REST
10223,39.93359375,11.6467,11.1507,14.1856,11.007,0,REST
10224,39.9375,10.5052,12.9421,7.7303,13.6097,0,REST
10225,39.94140625,8.3512,10.1046,9.3197,13.1433,0,REST
10226,39.9453125,5.8422,6.5506,1.4719,9.0764,0,REST
10227,39.94921875,6.2578,2.7849,3.9021,5.911,0,REST
10228,39.953125,1.3874,-1.0225,-0.4034,4.1291,0,REST
10229,39.95703125,-3.4048,-3.1676,-5.7837,-2.7052,0,REST
10230,39.9609375,-5.3364,-8.2474,-10.7273,-8.4437,0,REST
10231,39.96484375,-8.8422,-10.5981,-8.9538,-10.1015,0,REST
10232,39.96875,-12.3696,-10.3372,-8.7231,-11.6376,0,REST
10233,39.97265625,-11.8132,-11.6327,-15.6541,-12.4422,0,REST
10234,39.9765625,-16.3262,-10.8156,-11.1334,-17.6093,0,REST
10235,39.98046875,-11.7281,-10.609,-13.1102,-14.6409,0,REST
10236,39.984375,-13.4805,-12.4635,-9.1966,-13.0194,0,REST
10237,39.98828125,-9.5391,-7.8008,-9.2841,-10.2223,0,REST
10238,39.9921875,-8.8556,-8.1177,-3.1637,-7.0736,0,REST
10239,39.99609375,-10.4323,-0.8965,-2.9476,-1.028,0,REST
10240,40.0,-2.8664,0.2366,4.7592,-1.9819,0,REST
10241,40.00390625,1.646,5.7857,3.3453,2.3404,0,REST
10242,40.0078125,8.0278,6.1906,4.8517,6.9503,0,REST
10243,40.01171875,10.9567,11.5566,7.8469,14.6351,0,REST
10244,40.015625,9.9803,9.5565,11.5724,13.0905,0,REST
10245,40.01953125,12.3793,14.5158,13.8663,12.5009,0,REST
10246,40.0234375,10.6975,14.1646,11.7023,13.1152,0,REST
10247,40.02734375,12.137,13.5575,10.6267,13.7711,0,REST
10248,40.03125,7.2425,11.4364,12.2186,13.6029,0,REST
10249,40.03515625,5.8354,8.8103,7.0051,6.8416,0,REST
10250,40.0390625,6.133,9.4602,9.3471,4.711,0,REST
10251,40.04296875,4.5495,-0.5593,3.4312,-2.2415,0,REST
10252,40.046875,-0.7847,-1.89,1.5605,-3.8233,0,REST
10253,40.05078125,-5.4444,-2.0481,-3.2899,-5.3974,0,REST
10254,40.0546875,-6.8169,-6.2241,-5.9451,-7.9064,0,REST
10255,40.05859375,-9.3896,-9.3123,-8.5973,-9.6208,0,REST
10256,40.0625,-14.8573,-7.9153,-7.1659,-7.9148,0,REST
10257,40.06640625,-13.0204,-12.3266,-12.3467,-10.7201,0,REST
10258,40.0703125,-11.013,-14.45,-10.946,-9.6217,0,REST
10259,40.07421875,-14.2088,-10.7184,-13.3561,-13.6119,0,REST
10260,40.078125,-11.2229,-9.7861,-11.3384,-9.3638,0,REST
10261,40.08203125,-12.6768,-9.7125,-6.8649,-6.0984,0,REST
10262,40.0859375,-3.4703,-6.0049,-4.4464,-2.7553,0,REST
10263,40.08984375,-3.2603,-1.6024,-7.7764,0.5253,0,REST
10264,40.09375,1.5331,-1.9707,-0.6985,2.0537,0,REST
10265,40.09765625,2.4792,5.5657,3.3703,5.1046,0,REST
10266,40.1015625,5.1984,6.2718,4.6988,6.2915,0,REST
10267,40.10546875,5.2891,7.4677,4.2986,10.8968,0,REST
10268,40.109375,11.7893,14.0764,9.5238,10.3193,0,REST
10269,40.11328125,12.1558,10.6871,7.4566,10.9116,0,REST
10270,40.1171875,9.0796,10.0673,9.173,12.6982,0,REST
10271,40.12109375,11.6753,9.218,7.8591,6.173,0,REST
10272,40.125,8.8861,9.0285,10.3582,7.7048,0,REST
10273,40.12890625,7.6402,11.6869,10.5539,2.1468,0,REST
10274,40.1328125,1.1031,5.1701,0.9964,-0.7476,0,REST
10275,40.13671875,2.5766,0.6734,3.1379,-4.6747,0,REST
10276,40.140625,-2.4415,1.071,0.7073,-4.5085,0,REST
10277,40.14453125,-0.3541,-5.8507,-1.7287,-7.0008,0,REST
10278,40.1484375,-3.7851,-9.4618,-6.3795,-9.61,0,REST
10279,40.15234375,-3.5047,-4.1606,-5.3908,-5.1632,0,REST
10280,40.15625,-9.1106,-6.2064,-0.1279,-10.572,0,REST
10281,40.16015625,-7.2113,-12.7032,-5.8126,-8.9224,0,REST
10282,40.1640625,-7.4458,-13.9508,-8.4294,-8.9705,0,REST
10283,40.16796875,-7.4544,-14.7207,-8.8423,-6.981,0,REST
10284,40.171875,-3.5351,-10.9079,-4.8012,-2.6767,0,REST
10285,40.17578125,-2.2489,-9.5504,-6.4377,2.1735,0,REST
10286,40.1796875,-3.7562,-2.2955,-5.8663,0.6753,0,REST
10287,40.18359375,2.214,-1.4917,-1.6332,2.1287,0,REST
10288,40.1875,-0.5124,1.3904,-0.5317,4.5755,0,REST
10289,40.19140625,2.5177,3.0614,-0.6386,8.72,0,REST
10290,40.1953125,0.2322,5.5856,-1.5491,6.4284,0,REST
10291,40.19921875,3.3735,8.3686,3.5951,6.1272,0,REST
10292,40.203125,-4.5001,7.3826,3.5487,8.3375,0,REST
10293,40.20703125,3.1819,9.4864,0.4848,7.1319,0,REST
10294,40.2109375,7.6655,9.7724,3.9363,6.4693,0,REST
10295,40.21484375,4.1237,10.6415,4.5514,4.915,0,REST
10296,40.21875,4.7932,4.6285,4.5893,3.9921,0,REST
10297,40.22265625,4.0736,4.5878,4.015,5.4352,0,REST
10298,40.2265625,4.406,4.8278,2.8354,-1.6658,0,REST
10299,40.23046875,2.2815,3.2766,2.363,0.0685,0,REST
10300,40.234375,6.0275,1.4838,0.9323,-1.6301,0,REST
10301,40.23828125,0.1347,1.7755,-0.3755,-4.5847,0,REST
10302,40.2421875,-0.4638,0.2076,5.8071,-4.2407,0,REST
10303,40.24609375,-0.8768,-6.0758,3.7843,-4.9688,0,REST
10304,40.25,1.5964,-6.1207,-1.8297,-1.105,0,REST
10305,40.25390625,1.5636,-8.4012,0.1944,-5.2396,0,REST
10306,40.2578125,-1.196,-8.8122,4.0116,-2.127,0,REST
10307,40.26171875,-2.922,-6.9924,1.7163,-7.8446,0,REST
10308,40.265625,0.0393,-10.0228,1.3954,-2.8086,0,REST
10309,40.26953125,-4.3737,-3.9381,0.785,-2.961,0,REST
10310,40.2734375,-2.547,-7.2856,-0.1981,-4.7323,0,REST
10311,40.27734375,-3.6569,-7.3091,-3.0461,-1.9445,0,REST
10312,40.28125,-1.1813,-2.9595,-1.2805,1.3749,0,REST
10313,40.28515625,-3.4521,-2.8942,-2.3197,-3.5451,0,REST
10314,40.2890625,-0.9179,1.6819,-1.5097,0.1075,0,REST
10315,40.29296875,1.5383,3.0217,-3.8822,-0.4335,0,REST
10316,40.296875,0.4383,4.8816,-3.516,3.488,0,REST
10317,40.30078125,-4.7384,3.2194,-5.3219,1.7989,0,REST
10318,40.3046875,2.2761,5.2385,0.1533,6.1526,0,REST
10319,40.30859375,-0.7952,7.1552,-3.6632,1.5549,0,REST
10320,40.3125,0.6148,6.4628,1.7448,0.0399,0,REST
10321,40.31640625,-0.5532,1.1178,0.6851,1.9538,0,REST
10322,40.3203125,8.1559,0.1973,2.2238,0.746,0,REST
10323,40.32421875,8.2723,1.7137,2.6202,0.6096,0,REST
10324,40.328125,5.3969,-3.4723,5.5905,4.2191,0,REST
10325,40.33203125,9.2871,0.0334,7.7267,1.9553,0,REST
10326,40.3359375,9.9029,-2.4141,8.8564,-3.4099,0,REST
10327,40.33984375,7.9971,-0.8266,7.4635,0.023,0,REST
10328,40.34375,6.4012,-0.3859,8.7454,1.0826,0,REST
10329,40.34765625,6.8705,-0.0794,3.6163,1.7074,0,REST
10330,40.3515625,2.7746,-3.589,9.0371,-0.8987,0,REST
10331,40.35546875,1.6253,-1.1356,6.1337,-5.2703,0,REST
10332,40.359375,-2.7153,-4.588,3.0823,-5.2415,0,REST
10333,40.36328125,2.4367,-3.2963,6.0327,-3.9357,0,REST
10334,40.3671875,-4.9853,-4.4919,-2.7739,-7.1842,0,REST
10335,40.37109375,-6.9415,-3.6252,-2.6098,-4.6612,0,REST
10336,40.375,-12.7068,-5.3988,-2.9841,-5.8251,0,REST
10337,40.37890625,-9.3647,-1.5403,-5.0536,-5.4687,0,REST
10338,40.3828125,-9.5505,-1.2431,-10.1115,-3.1365,0,REST
10339,40.38671875,-12.3998,-3.007,-7.5752,-2.4405,0,REST
10340,40.390625,-7.5632,0.7213,-10.1014,3.3613,0,REST
10341,40.39453125,-3.3793,-0.2125,-9.0453,5.027,0,REST
10342,40.3984375,-4.2251,-2.0802,-10.896,0.8933,0,REST
10343,40.40234375,-2.4234,1.4903,-5.1876,4.3436,0,REST
10344,40.40625,1.3588,1.4061,-7.1405,4.4567,0,REST
10345,40.41015625,2.722,5.0173,-2.9868,1.9367,0,REST
10346,40.4140625,3.0199,3.4315,-0.506,5.6807,0,REST
10347,40.41796875,6.0679,2.3336,1.3512,4.8576,0,REST
10348,40.421875,8.1576,4.7485,4.4071,5.9364,0,REST
10349,40.42578125,6.8894,4.016,6.3027,7.7101,0,REST
10350,40.4296875,12.8579,3.4566,7.2232,2.887,0,REST
10351,40.43359375,11.5072,3.0096,10.0497,4.2921,0,REST
10352,40.4375,12.3424,4.3215,14.1955,1.0213,0,REST
10353,40.44140625,6.3133,0.56,9.1337,-4.06,0,REST
10354,40.4453125,10.0755,2.1773,12.9886,-5.7239,0,REST
10355,40.44921875,2.0113,-1.835,8.8646,-6.7827,0,REST
10356,40.453125,3.1844,5.9655,7.5665,-7.4753,0,REST
10357,40.45703125,-2.9693,-3.7561,2.5261,-7.6501,0,REST
10358,40.4609375,-5.1351,-1.9327,0.1532,-10.4179,0,REST
10359,40.46484375,-6.9625,-4.3569,-2.4459,-6.857,0,REST
10360,40.46875,-9.4238,-6.0968,-5.631,-7.5344,0,REST
10361,40.47265625,-12.5792,-3.4356,-7.9679,-4.7436,0,REST
10362,40.4765625,-14.3117,-4.5278,-9.7285,-5.5914,0,REST
10363,40.48046875,-13.6901,-7.2467,-13.9632,-1.1041,0,REST
10364,40.484375,-12.2425,-5.7987,-10.8842,2.5147,0,REST
10365,40.48828125,-7.5942,-3.7736,-11.6038,4.2322,0,REST
10366,40.4921875,-8.666,-3.1704,-10.0781,7.8355,0,REST
10367,40.49609375,-3.2352,-1.8232,-12.4446,10.3968,0,REST
10368,40.5,-4.011,2.5082,-9.9986,9.8207,0,REST
10369,40.50390625,0.2821,4.6923,-2.9442,11.9581,0,REST
10370,40.5078125,6.7097,1.2736,-2.8035,11.5572,0,REST
10371,40.51171875,10.8707,4.5452,0.5128,13.7766,0,REST
10372,40.515625,11.2058,5.6114,8.7854,9.0545,0,REST
10373,40.51953125,12.2247,6.462,8.0566,6.4658,0,REST
10374,40.5234375,12.9951,7.1787,12.5974,-0.2901,0,REST
10375,40.52734375,13.3373,8.0058,11.5907,0.7258,0,REST
10376,40.53125,10.2197,8.4453,14.9024,-5.2234,0,REST
10377,40.53515625,7.6394,9.0303,10.8838,-6.8535,0,REST
10378,40.5390625,3.6857,2.2992,15.4287,-8.1638,0,REST
10379,40.54296875,1.3873,0.7105,10.5295,-12.257,0,REST
10380,40.546875,2.5235,-0.066,5.8373,-12.9213,0,REST
10381,40.55078125,-1.3866,0.5891,1.0704,-15.3762,0,REST
10382,40.5546875,-7.0857,-5.8884,4.1675,-12.8767,0,REST
10383,40.55859375,-13.2941,-6.4659,0.569,-9.3772,0,REST
10384,40.5625,-10.571,-6.3772,-2.6908,-6.3709,0,REST
10385,40.56640625,-9.6712,-9.7703,-5.2714,-6.7951,0,REST
10386,40.5703125,-12.1538,-7.4343,-11.5922,-0.7824,0,REST
10387,40.57421875,-10.5949,-10.3212,-10.4337,-1.9103,0,REST
10388,40.578125,-10.9347,-12.9176,-12.9187,5.2814,0,REST
10389,40.58203125,-7.0929,-5.6799,-12.4422,11.5291,0,REST
10390,40.5859375,-4.8664,-5.6252,-10.6798,10.5516,0,REST
10391,40.58984375,4.0073,-7.9316,-9.1458,12.387,0,REST
10392,40.59375,1.3276,-1.6727,-6.1241,12.3879,0,REST
10393,40.59765625,5.7588,1.9568,-3.0687,8.8889,0,REST
10394,40.6015625,5.9079,2.967,-3.866,13.5015,0,REST
10395,40.60546875,7.3493,7.0855,-1.1314,11.304,0,REST
10396,40.609375,10.5101,9.6191,2.7433,3.8312,0,REST
10397,40.61328125,10.8855,11.2798,5.5657,4.4711,0,REST
10398,40.6171875,10.8407,10.2354,4.5581,1.7781,0,REST
10399,40.62109375,9.2339,12.4987,8.3774,-5.6558,0,REST
10400,40.625,5.6624,10.4908,11.6202,-2.687,0,REST
10401,40.62890625,6.2855,10.3074,10.9329,-8.8078,0,REST
10402,40.6328125,5.9642,7.4644,8.0363,-12.5841,0,REST
10403,40.63671875,1.0839,5.101,8.3755,-12.0624,0,REST
10404,40.640625,-3.4298,1.9972,4.8576,-10.885,0,REST
10405,40.64453125,-3.5879,-0.2089,2.9204,-10.1149,0,REST
10406,40.6484375,-2.9846,-1.8441,3.5539,-12.3143,0,REST
10407,40.65234375,-3.4384,-4.8092,3.603,-6.8616,0,REST
10408,40.65625,-8.5853,-9.6888,-0.7279,-6.0245,0,REST
10409,40.66015625,-7.9777,-6.5653,-4.8592,-3.0316,0,REST
10410,40.6640625,-7.4707,-8.2015,-3.9572,1.0764,0,REST
10411,40.66796875,-3.9497,-9.5973,-3.8732,4.8476,0,REST
10412,40.671875,-4.4166,-14.1308,-9.2765,7.1752,0,REST
10413,40.67578125,-4.4574,-10.5444,-5.6958,12.5738,0,REST
10414,40.6796875,-4.0985,-10.336,-8.826,11.4501,0,REST
10415,40.68359375,0.5139,-1.1146,-9.9794,10.7443,0,REST
10416,40.6875,-0.3176,-2.6001,-2.4304,14.4824,0,REST
10417,40.69140625,4.6225,-2.9549,-2.2082,6.9704,0,REST
10418,40.6953125,0.7739,4.2376,-4.4877,6.7538,0,REST
10419,40.69921875,2.1705,11.0258,-2.6733,3.548,0,REST
10420,40.703125,3.9143,6.5777,-0.5179,1.9623,0,REST
10421,40.70703125,5.0414,15.6026,-0.6421,3.5918,0,REST
10422,40.7109375,0.0938,14.1463,0.9092,-2.3499,0,REST
10423,40.71484375,4.4849,14.2106,4.9916,-7.0586,0,REST
10424,40.71875,0.816,12.5419,-1.1094,-11.2291,0,REST
10425,40.72265625,4.2996,11.5826,0.2908,-8.237,0,REST
10426,40.7265625,2.796,8.8627,5.1441,-6.5825,0,REST
10427,40.73046875,4.9529,6.8125,2.8302,-5.7485,0,REST
10428,40.734375,0.0453,2.0563,-0.8668,-9.5344,0,REST
10429,40.73828125,3.0042,-1.6099,1.2613,-6.1416,0,REST
10430,40.7421875,5.4564,-7.1742,3.8666,-4.5725,0,REST
10431,40.74609375,-0.1649,-5.9424,1.5157,-3.3364,0,REST
10432,40.75,1.1285,-7.2402,1.2785,-1.826,0,REST
10433,40.75390625,-2.7795,-11.5622,1.1786,-1.2805,0,REST
10434,40.7578125,-1.9239,-14.5381,5.0205,7.514,0,REST
10435,40.76171875,-1.1199,-12.987,0.9169,5.2927,0,REST
10436,40.765625,0.2273,-12.7294,1.4689,5.9694,0,REST
10437,40.76953125,-2.3848,-9.5791,0.2222,8.7553,0,REST
10438,40.7734375,-6.1304,-6.8314,1.5935,6.2665,0,REST
10439,40.77734375,-3.0563,-4.4277,0.8969,12.4782,0,REST
10440,40.78125,-3.5816,-2.6622,0.4587,8.4794,0,REST
10441,40.78515625,-3.7162,1.0765,0.0463,4.9226,0,REST
10442,40.7890625,-3.3468,4.3412,-4.3373,6.4343,0,REST
10443,40.79296875,-2.7473,7.5154,-4.5694,1.171,0,REST
10444,40.796875,-1.7835,14.3388,-6.4758,-0.0599,0,REST
10445,40.80078125,-5.2194,10.2564,-5.5485,1.627,0,REST
10446,40.8046875,-2.6282,8.8983,-7.9574,0.0621,0,REST
10447,40.80859375,-2.9244,12.832,-4.1237,-1.3002,0,REST
10448,40.8125,0.4878,12.3944,-8.5925,-6.125,0,REST
10449,40.81640625,4.4056,10.103,-1.988,-5.8797,0,REST
10450,40.8203125,-0.3702,9.6247,-1.3653,-3.287,0,REST
10451,40.82421875,7.9253,1.6322,-2.4203,-5.2371,0,REST
10452,40.828125,-0.9348,3.2354,-2.919,-0.6599,0,REST
10453,40.83203125,8.9067,-2.6677,0.7459,-7.0305,0,REST
10454,40.8359375,4.0523,-4.4374,2.9279,-2.6414,0,REST
10455,40.83984375,6.6342,-3.0039,5.9139,0.7458,0,REST
10456,40.84375,6.1006,-14.1017,5.0905,-2.9333,0,REST
10457,40.84765625,4.3355,-9.266,6.0816,-0.3836,0,REST
10458,40.8515625,2.9929,-11.2506,6.3759,1.4976,0,REST
10459,40.85546875,1.7588,-10.8415,5.8274,0.9782,0,REST
10460,40.859375,-3.6249,-12.0636,8.1201,1.2427,0,REST
10461,40.86328125,-0.9655,-8.6032,8.4645,1.2554,0,REST
10462,40.8671875,-3.5754,-8.3714,8.8997,4.2373,0,REST
10463,40.87109375,-5.9152,-2.7423,8.89,1.787,0,REST
10464,40.875,-9.0075,1.3486,0.9914,2.6831,0,REST
10465,40.87890625,-8.6935,2.9535,2.5561,-0.7288,0,REST
10466,40.8828125,-7.2614,6.3963,-6.9631,1.0463,0,REST
10467,40.88671875,-8.8776,6.5283,-8.1053,4.742,0,REST
10468,40.890625,-4.7321,9.0919,-8.7986,2.1938,0,REST
10469,40.89453125,-9.3032,10.0143,-9.8083,3.8062,0,REST
10470,40.8984375,-6.0236,13.2311,-13.6802,1.9198,0,REST
10471,40.90234375,-2.423,7.5122,-8.9192,1.4376,0,REST
10472,40.90625,-0.7639,9.625,-10.4273,4.662,0,REST
10473,40.91015625,0.5453,10.0398,-5.6254,-1.2414,0,REST
10474,40.9140625,6.0343,8.4524,-5.2835,-5.2506,0,REST
10475,40.91796875,11.5449,5.9227,-3.5081,1.7693,0,REST
10476,40.921875,11.1477,4.1784,-1.2264,-1.502,0,REST
10477,40.92578125,11.7079,-1.0183,1.1783,-3.1055,0,REST
10478,40.9296875,14.6144,-4.1413,1.9727,-1.6355,0,REST
10479,40.93359375,12.8266,-3.3086,7.8857,-3.9489,0,REST
10480,40.9375,10.1931,-10.1555,7.7079,-3.1913,0,REST
10481,40.94140625,7.4262,-12.465,11.696,-3.6807,0,REST
10482,40.9453125,6.089,-9.9307,13.0502,-4.9289,0,REST
10483,40.94921875,4.262,-12.287,14.1653,-3.6555,0,REST
10484,40.953125,-3.4609,-7.8121,11.3469,-0.8218,0,REST
10485,40.95703125,-0.6744,-10.1025,8.1426,-4.8479,0,REST
10486,40.9609375,-7.4537,-6.1802,7.5827,-5.2271,0,REST
10487,40.96484375,-8.233,-2.7652,3.7629,2.6955,0,REST
10488,40.96875,-12.6233,-3.7902,2.2427,2.3966,0,REST
10489,40.97265625,-10.2229,0.6339,-0.3324,5.5952,0,REST
10490,40.9765625,-14.883,7.5087,-2.4792,4.2338,0,REST
10491,40.98046875,-8.9346,3.9663,-6.9574,7.1745,0,REST
10492,40.984375,-8.6828,6.6571,-8.0688,7.3803,0,REST
10493,40.98828125,-13.0142,3.7339,-12.8705,5.5475,0,REST
10494,40.9921875,-6.5267,6.5076,-10.3787,2.6892,0,REST
10495,40.99609375,-2.8471,10.0276,-10.3162,7.6113,0,REST
10496,41.0,-2.8673,4.7672,-13.9267,2.169,0,REST
10497,41.00390625,4.4838,9.4806,-11.7961,3.8292,0,REST
10498,41.0078125,8.0263,6.5637,-6.7745,-1.2318,0,REST
10499,41.01171875,8.1754,5.1857,-5.4155,4.4896,0,REST
10500,41.015625,11.0884,0.8961,-2.3439,-5.3534,0,REST
10501,41.01953125,12.9465,-0.6398,3.174,-10.3513,0,REST
10502,41.0234375,13.342,-2.3202,3.5419,-4.2747,0,REST
10503,41.02734375,10.6425,-6.4232,4.0543,-8.7949,0,REST
10504,41.03125,8.1301,-7.9442,8.5577,-9.3755,0,REST
10505,41.03515625,10.0793,-6.6504,8.2775,-10.6653,0,REST
10506,41.0390625,2.1388,-10.0792,10.5139,-9.1915,0,REST
10507,41.04296875,0.602,-9.2661,10.487,-3.6801,0,REST
10508,41.046875,-0.5301,-4.924,14.1709,-7.0927,0,REST
10509,41.05078125,-4.9397,-4.8569,12.3288,-2.445,0,REST
10510,41.0546875,-4.983,-6.4575,10.7323,1.3928,0,REST
10511,41.05859375,-7.2071,-4.4185,7.4763,3.5517,0,REST
10512,41.0625,-8.6901,-1.0918,4.5197,6.3384,0,REST
10513,41.06640625,-12.6167,4.4482,-2.8513,11.4312,0,REST
10514,41.0703125,-11.9915,0.9526,-2.6116,8.4636,0,REST
10515,41.07421875,-11.0464,0.3904,-7.3564,10.3933,0,REST
10516,41.078125,-11.4491,0.8303,-6.9545,13.2449,0,REST
10517,41.08203125,-4.4804,-1.5876,-13.1699,10.1946,0,REST
10518,41.0859375,-7.5667,6.1272,-11.3671,10.4994,0,REST
10519,41.08984375,-5.9551,5.0843,-8.572,8.2426,0,REST
10520,41.09375,0.072,2.1101,-11.8768,3.1448,0,REST
10521,41.09765625,2.9624,5.3221,-9.6123,1.8956,0,REST
10522,41.1015625,3.5018,3.7844,-7.5234,-1.2427,0,REST
10523,41.10546875,1.7795,2.7178,-8.5899,-4.5058,0,REST
10524,41.109375,9.2202,1.8767,-2.9075,-10.4916,0,REST
10525,41.11328125,12.8731,0.9901,0.424,-10.5955,0,REST
10526,41.1171875,10.087,-0.6811,0.2281,-10.0675,0,REST
10527,41.12109375,9.7636,-1.3609,3.8643,-11.1587,0,REST
10528,41.125,9.4023,-0.988,9.694,-9.0559,0,REST
10529,41.12890625,10.1733,-3.1246,6.5031,-11.6124,0,REST
10530,41.1328125,4.1493,-0.5366,9.4079,-8.0789,0,REST
10531,41.13671875,2.8667,-3.8247,11.189,-6.6974,0,REST
10532,41.140625,0.539,-0.9825,12.0775,-1.188,0,REST
10533,41.14453125,-0.0946,-4.6868,8.6405,0.8031,0,REST
10534,41.1484375,-0.7875,-2.8428,7.1115,4.6509,0,REST
10535,41.15234375,-2.8863,-4.3342,4.7054,5.0928,0,REST
10536,41.15625,-7.6205,-5.001,5.4174,10.6263,0,REST
10537,41.16015625,-3.6331,-3.0022,1.2424,10.7277,0,REST
10538,41.1640625,-8.9634,-0.9137,-2.8862,12.9909,0,REST
10539,41.16796875,-8.3635,-0.7558,0.1304,10.7302,0,REST
10540,41.171875,-2.8117,0.5295,-0.1017,14.9955,0,REST
10541,41.17578125,-4.4812,-1.9024,-3.1572,13.3989,0,REST
10542,41.1796875,-2.3427,-0.5605,-6.3308,10.5886,0,REST
10543,41.18359375,-1.9529,-2.4998,-5.1393,3.9256,0,REST
10544,41.1875,0.6973,-0.9873,-10.172,1.0555,0,REST
10545,41.19140625,-0.3077,1.2415,-5.7628,-6.0235,0,REST
10546,41.1953125,1.7862,1.5525,-4.1898,-6.6484,0,REST
10547,41.19921875,3.2602,0.9346,-3.0672,-6.0504,0,REST
10548,41.203125,6.9708,3.3992,-0.9695,-8.6336,0,REST
10549,41.20703125,2.4744,-2.7617,-2.0771,-13.5257,0,REST
10550,41.2109375,2.7599,6.5497,-2.0346,-10.9962,0,REST
10551,41.21484375,7.5043,5.5772,-2.8551,-10.9382,0,REST
10552,41.21875,0.6996,1.4523,-0.0865,-9.6096,0,REST
10553,41.22265625,3.1874,5.703,0.0911,-8.0115,0,REST
10554,41.2265625,1.5897,2.5889,3.0458,-7.0036,0,REST
10555,41.23046875,1.1227,2.7423,3.9621,-5.2342,0,REST
10556,41.234375,5.5667,1.3052,5.9945,2.1153,0,REST
10557,41.23828125,1.1426,2.5621,3.737,1.7707,4,INTER
10558,41.2421875,0.8848,-2.9465,1.0259,-0.0111,4,INTER
10559,41.24609375,-0.315,-3.3708,1.7858,-2.4342,4,INTER
10560,41.25,1.3304,1.3767,2.4273,0.7195,4,INTER
10561,41.25390625,-1.5165,4.8021,-1.6076,0.2628,4,INTER
10562,41.2578125,3.6093,0.9059,-3.6755,1.6451,4,INTER
10563,41.26171875,-0.2417,2.3426,4.3366,1.2729,4,INTER
10564,41.265625,0.079,0.8058,-3.2083,-0.2166,4,INTER
10565,41.26953125,-2.617,-2.0956,1.1007,-0.3508,4,INTER
10566,41.2734375,-3.4945,2.1942,-1.3355,-1.5948,4,INTER
10567,41.27734375,-1.9264,-3.9881,3.1195,0.8414,4,INTER
10568,41.28125,2.5583,1.0547,1.5044,1.1335,4,INTER
10569,41.28515625,1.0505,-1.317,5.1196,-1.4532,4,INTER
10570,41.2890625,0.3562,-0.3436,2.249,-0.7525,4,INTER
10571,41.29296875,-3.1655,-2.0925,-1.5815,3.0202,4,INTER
10572,41.296875,1.2474,0.7016,-0.1968,-3.0705,4,INTER
10573,41.30078125,-1.6692,2.4432,-2.9184,-3.6805,4,INTER
10574,41.3046875,2.0094,-0.5139,-5.6309,2.7821,4,INTER
10575,41.30859375,2.9992,3.1467,2.3922,-1.9713,4,INTER
10576,41.3125,2.0597,0.3547,3.0152,-1.3696,4,INTER
10577,41.31640625,-2.2623,-1.3732,2.9356,0.0234,4,INTER
10578,41.3203125,-0.814,5.3533,0.7841,-0.1876,4,INTER
10579,41.32421875,4.6179,-4.3902,4.0165,0.8348,4,INTER
10580,41.328125,-4.139,2.2381,-2.8104,-3.1409,4,INTER
10581,41.33203125,-1.5626,1.8269,-4.879,3.568,4,INTER
10582,41.3359375,0.7922,2.7203,1.4642,-1.5074,4,INTER
10583,41.33984375,-2.0905,-0.2021,3.0377,1.534,4,INTER
10584,41.34375,5.921,2.8522,4.5485,3.4709,4,INTER
10585,41.34765625,-0.7384,-0.5477,1.9685,-0.4834,4,INTER
10586,41.3515625,-2.1338,2.745,-0.6317,-1.9512,4,INTER
10587,41.35546875,2.1986,1.6961,-0.6185,1.3611,4,INTER
10588,41.359375,-0.7979,0.8375,3.754,-1.2883,4,INTER
10589,41.36328125,-0.001,-1.2305,2.8398,-0.1375,4,INTER
10590,41.3671875,3.919,-0.04,-1.8873,1.7879,4,INTER
10591,41.37109375,-0.5226,0.7382,1.0973,2.1454,4,INTER
10592,41.375,0.4502,1.0178,5.2752,-1.7127,4,INTER
10593,41.37890625,1.9571,-2.5911,0.7763,4.0504,4,INTER
10594,41.3828125,0.434,-1.9458,3.7277,-0.5915,4,INTER
10595,41.38671875,2.288,2.6961,4.6804,-0.4195,4,INTER
10596,41.390625,-0.6839,-2.1749,-0.0127,-1.1133,4,INTER
10597,41.39453125,2.1391,1.911,1.496,0.5034,4,INTER
10598,41.3984375,-0.94,-1.6046,1.9656,-3.9995,4,INTER
10599,41.40234375,2.3846,0.1563,-1.9095,-3.3262,4,INTER
10600,41.40625,-1.808,2.7271,-1.0733,-3.1192,4,INTER
10601,41.41015625,5.1557,-3.0275,-7.93,-1.1086,4,INTER
10602,41.4140625,0.9967,-3.5038,0.5354,-1.5094,4,INTER
10603,41.41796875,-3.22,-5.912,2.3553,0.3608,4,INTER
10604,41.421875,-1.3176,-2.1858,0.6608,-1.5665,4,INTER
10605,41.42578125,1.1041,0.9572,-3.1617,0.1013,4,INTER
10606,41.4296875,3.4995,0.5757,-0.5058,1.6765,4,INTER
10607,41.43359375,-2.1385,-0.5601,-2.3879,-2.7217,4,INTER
10608,41.4375,0.1985,1.5135,-0.784,-2.5065,4,INTER
10609,41.44140625,4.1331,-1.6646,-1.5501,2.1864,4,INTER
10610,41.4453125,3.5398,-3.5129,3.4181,0.7094,4,INTER
10611,41.44921875,-0.719,-1.3221,-3.8597,-1.3548,4,INTER
10612,41.453125,1.8572,1.164,0.6327,-0.8825,4,INTER
10613,41.45703125,-2.0577,-0.3547,-0.4184,-0.3141,4,INTER
10614,41.4609375,-0.6412,-2.1549,-0.0706,-0.8477,4,INTER
10615,41.46484375,-1.2991,-6.3097,-2.3078,2.9192,4,INTER
10616,41.46875,-3.497,4.2765,-4.4027,-0.5065,4,INTER
10617,41.47265625,2.4705,-1.779,-0.3563,2.0164,4,INTER
10618,41.4765625,1.9981,-0.1495,0.3517,-3.6321,4,INTER
10619,41.48046875,-3.9069,2.0113,-1.9479,2.8596,4,INTER
10620,41.484375,1.6915,0.0828,-1.3123,4.2708,4,INTER
10621,41.48828125,-7.4142,-0.0243,0.3646,0.5166,4,INTER
10622,41.4921875,1.7965,-1.3718,-1.7684,-4.9081,4,INTER
10623,41.49609375,0.5014,-2.5877,3.5532,0.7347,4,INTER
10624,41.5,2.0027,5.262,0.8045,-1.7497,4,INTER
10625,41.50390625,-2.6105,-4.1995,-0.7114,-2.8364,4,INTER
10626,41.5078125,-1.149,-1.2108,-0.6872,3.6004,4,INTER
10627,41.51171875,-2.5701,-0.3147,0.0665,-1.8889,4,INTER
10628,41.515625,-0.6603,-0.0715,6.0345,4.4089,4,INTER
10629,41.51953125,2.7808,2.7279,-2.9073,-0.856,4,INTER
10630,41.5234375,0.9694,-3.3967,1.8073,2.4952,4,INTER
10631,41.52734375,-2.2797,-5.2288,3.7931,5.4767,4,INTER
10632,41.53125,1.6174,0.3107,0.0016,-2.6555,4,INTER
10633,41.53515625,0.473,1.7434,-2.7201,-2.0987,4,INTER
10634,41.5390625,0.5579,2.213,1.7894,2.836,4,INTER
10635,41.54296875,-2.229,1.7201,4.0435,1.6272,4,INTER
10636,41.546875,-1.4654,-1.2039,-1.5442,-0.6826,4,INTER
10637,41.55078125,-0.918,2.2755,1.7546,-0.1151,4,INTER
10638,41.5546875,0.7792,-5.0638,-0.2533,0.2735,4,INTER
10639,41.55859375,2.2125,3.4073,2.5633,1.6195,4,INTER
10640,41.5625,1.4003,0.8437,1.2757,-1.2939,4,INTER
10641,41.56640625,-1.5452,-1.8846,-2.8768,3.426,4,INTER
10642,41.5703125,-8.3387,0.8231,-3.5362,-0.0093,4,INTER
10643,41.57421875,3.4515,-0.4114,1.1255,-2.5524,4,INTER
10644,41.578125,-2.1114,0.0122,-2.816,-3.0058,4,INTER
10645,41.58203125,-5.4044,1.1944,2.3077,-4.8956,4,INTER
10646,41.5859375,0.9383,0.5854,-1.5794,-3.4988,4,INTER
10647,41.58984375,1.2383,-0.504,0.0453,-0.0482,4,INTER
10648,41.59375,-1.6645,-1.0703,-2.7694,2.7806,4,INTER
10649,41.59765625,-0.3243,-0.2247,3.0904,0.3521,4,INTER
10650,41.6015625,-4.0692,3.3395,4.493,-0.3631,4,INTER
10651,41.60546875,-3.4451,3.2261,0.1717,-0.825,4,INTER
10652,41.609375,3.415,0.0503,2.8536,-4.9556,4,INTER
10653,41.61328125,-3.1634,2.4814,1.0278,4.0433,4,INTER
10654,41.6171875,-0.7793,0.3986,-3.378,-2.7661,4,INTER
10655,41.62109375,-2.2937,-6.2752,-0.5609,-0.0856,4,INTER
10656,41.625,1.6247,-2.5078,0.831,2.3707,4,INTER
10657,41.62890625,2.6445,3.6206,2.3075,0.7769,4,INTER
10658,41.6328125,2.6477,0.4892,-4.1516,-1.1734,4,INTER
10659,41.63671875,-3.7087,2.8965,-1.6881,-1.9708,4,INTER
10660,41.640625,3.6571,0.7446,-0.7365,-0.3117,4,INTER
10661,41.64453125,4.9217,-1.3217,-0.8775,0.717,4,INTER
10662,41.6484375,-0.7587,1.3354,3.9658,1.7429,4,INTER
10663,41.65234375,-0.0003,-0.5171,-0.8033,-5.3534,4,INTER
10664,41.65625,1.2458,-1.427,0.7044,1.3576,4,INTER
10665,41.66015625,-0.4521,1.8784,-1.7414,-0.717,4,INTER
10666,41.6640625,-3.9398,1.2584,1.8599,0.525,4,INTER
10667,41.66796875,-0.0087,0.4297,-3.1249,-2.171,4,INTER
10668,41.671875,-3.6598,0.5299,-4.2067,2.7394,4,INTER
10669,41.67578125,-3.1516,-3.7203,0.758,2.536,4,INTER
10670,41.6796875,-2.0229,0.674,-0.0405,1.8704,4,INTER
10671,41.68359375,-0.1944,-4.4944,4.4373,-0.8586,4,INTER
10672,41.6875,0.6893,-0.3689,-0.893,0.0279,4,INTER
10673,41.69140625,0.9356,-1.4263,-0.3098,1.8752,4,INTER
10674,41.6953125,-4.1868,2.6022,7.8448,0.0812,4,INTER
10675,41.69921875,-0.3836,-0.6408,-3.1438,-0.7074,4,INTER
10676,41.703125,-0.0558,-2.0318,-2.6376,0.8945,4,INTER
10677,41.70703125,-1.2679,-2.8627,-4.3032,5.0065,4,INTER
10678,41.7109375,-0.0504,1.2416,3.2287,-1.4691,4,INTER
10679,41.71484375,3.9732,0.4009,-1.6591,-0.0033,4,INTER
10680,41.71875,-2.0291,1.6718,0.9276,0.5546,4,INTER
10681,41.72265625,1.8946,-2.074,1.0205,1.5548,4,INTER
10682,41.7265625,1.1517,0.4069,0.9895,-2.6412,4,INTER
10683,41.73046875,0.2978,-0.8715,-1.6539,-1.7974,4,INTER
10684,41.734375,0.271,-3.6693,-3.8983,-2.3113,4,INTER
10685,41.73828125,-4.1023,-0.7388,2.9923,-1.6953,4,INTER
10686,41.7421875,2.3544,0.0126,-2.0535,-0.2717,4,INTER
10687,41.74609375,-1.5154,0.4584,0.4121,-0.2363,4,INTER
10688,41.75,-2.643,0.105,-2.1065,1.1142,4,INTER
10689,41.75390625,-0.0342,1.9669,-1.4097,0.2779,4,INTER
10690,41.7578125,0.9829,1.576,-6.3445,0.7061,4,INTER
10691,41.76171875,2.0713,1.0356,4.8205,4.4076,4,INTER
10692,41.765625,1.1346,-0.3051,3.6192,3.6767,4,INTER
10693,41.76953125,1.0499,0.3827,-2.6597,5.6379,4,INTER
10694,41.7734375,1.1766,-2.5409,-1.3952,0.5042,4,INTER
10695,41.77734375,0.2237,-2.2602,-0.2335,2.5626,4,INTER
10696,41.78125,-1.9549,1.4378,0.5496,-0.4534,4,INTER
10697,41.78515625,-4.5282,-1.4804,2.7029,1.8542,4,INTER
10698,41.7890625,1.6078,4.2151,-1.8647,-0.1083,4,INTER
10699,41.79296875,-1.0972,-0.7256,0.0287,5.438,4,INTER
10700,41.796875,-1.0123,3.2295,-3.9986,0.0899,4,INTER
10701,41.80078125,1.4396,1.1305,-0.396,1.9782,4,INTER
10702,41.8046875,-1.0629,-0.4252,3.7805,3.0585,4,INTER
10703,41.80859375,-3.1429,-3.1967,3.9286,-1.6754,4,INTER
10704,41.8125,-0.7131,1.4844,-2.4658,1.9549,4,INTER
10705,41.81640625,-5.0378,4.9723,0.4449,0.2313,4,INTER
10706,41.8203125,4.9297,3.5846,4.508,-2.6173,4,INTER
10707,41.82421875,4.7638,-0.1156,1.67,-2.2891,4,INTER
10708,41.828125,0.8267,2.1876,-0.1856,-2.9407,4,INTER
10709,41.83203125,-2.6993,0.5561,2.4593,1.0708,4,INTER
10710,41.8359375,0.1402,3.8966,3.9536,-1.3115,4,INTER
10711,41.83984375,-4.1774,1.5125,-1.5116,-3.6485,4,INTER
10712,41.84375,2.2594,-0.1214,1.0504,0.5159,4,INTER
10713,41.84765625,1.0184,-0.7589,-2.2837,-2.8905,4,INTER
10714,41.8515625,-5.8662,2.3239,-2.7667,5.1276,4,INTER
10715,41.85546875,0.4079,0.1089,0.0016,1.9368,4,INTER
10716,41.859375,2.5288,4.0531,-1.4089,-2.214,4,INTER
10717,41.86328125,-3.6371,2.041,-1.8948,0.8067,4,INTER
10718,41.8671875,-0.7739,-0.2169,-2.4451,-2.4294,4,INTER
10719,41.87109375,-0.8082,2.3999,-1.4424,2.5266,4,INTER
10720,41.875,-0.1487,2.3245,-1.4404,3.4176,4,INTER
10721,41.87890625,-2.0354,-1.725,-3.8185,2.5513,4,INTER
10722,41.8828125,2.3079,0.1002,-3.5064,-0.0452,4,INTER
10723,41.88671875,-1.0335,3.4851,-3.0179,-0.3111,4,INTER
10724,41.890625,-3.5471,3.4035,4.8772,2.2936,4,INTER
10725,41.89453125,3.1829,0.2104,0.5728,-1.1333,4,INTER
10726,41.8984375,0.8525,-1.1088,-2.6332,-0.5396,4,INTER
10727,41.90234375,-0.9796,-0.5259,3.9561,5.706,4,INTER
10728,41.90625,-2.9532,0.4471,3.81,-1.0912,4,INTER
10729,41.91015625,0.9453,-2.6978,1.5713,1.9542,4,INTER
10730,41.9140625,0.0209,-1.497,-2.5989,0.1898,4,INTER
10731,41.91796875,-1.2976,-0.1468,-2.2956,0.9946,4,INTER
10732,41.921875,0.2409,1.2563,4.7333,2.3626,4,INTER
10733,41.92578125,-2.7857,2.188,-0.9643,-3.044,4,INTER
10734,41.9296875,5.5386,-0.4875,-1.1062,3.1106,4,INTER
10735,41.93359375,-1.804,-1.6173,-1.4068,-2.4956,4,INTER
10736,41.9375,2.5193,-0.3861,2.4171,0.8153,4,INTER
10737,41.94140625,-0.2147,-6.7248,0.1779,-2.2326,4,INTER
10738,41.9453125,0.7397,-0.5505,-0.0589,-1.0752,4,INTER
10739,41.94921875,0.501,3.2994,2.4938,0.4044,4,INTER
10740,41.953125,-3.4169,1.7352,2.7203,-2.1921,4,INTER
10741,41.95703125,1.3689,0.8915,-0.216,-3.2972,4,INTER
10742,41.9609375,0.9171,0.557,0.9398,3.6446,4,INTER
10743,41.96484375,4.097,-3.8906,0.4921,1.6855,4,INTER
10744,41.96875,-3.793,1.1685,-3.0219,-3.2093,4,INTER
10745,41.97265625,4.6194,-0.6454,1.1192,-2.6538,4,INTER
10746,41.9765625,-1.5768,-0.9103,4.8897,1.2551,4,INTER
10747,41.98046875,2.118,4.8516,-1.5296,1.6139,4,INTER
10748,41.984375,-0.1781,3.831,-4.7652,-0.3495,4,INTER
10749,41.98828125,3.844,-0.7806,3.0956,-1.9749,4,INTER
10750,41.9921875,1.6443,-1.008,-2.3311,1.6188,4,INTER
10751,41.99609375,0.6965,-1.7869,-2.426,-0.5817,4,INTER
10752,42.0,0.9484,0.4521,-2.2228,-2.7985,4,INTER
10753,42.00390625,0.3093,0.7758,-2.1238,0.7462,4,INTER
10754,42.0078125,2.867,-0.5685,0.8285,3.769,4,INTER
10755,42.01171875,0.1627,-0.7708,-5.0655,3.9315,4,INTER
10756,42.015625,2.685,0.686,1.2461,-0.7913,4,INTER
10757,42.01953125,-2.6312,2.3722,1.644,-0.8068,4,INTER
10758,42.0234375,-5.22,1.2998,-2.0251,2.0309,4,INTER
10759,42.02734375,1.7231,-0.575,2.2435,0.7061,4,INTER
10760,42.03125,1.0917,-0.5081,3.4234,0.0321,4,INTER
10761,42.03515625,-0.5957,1.1567,2.203,3.3387,4,INTER
10762,42.0390625,-2.1063,-2.2353,0.2631,0.3643,4,INTER
10763,42.04296875,6.8225,2.3555,-2.3596,-0.4472,4,INTER
10764,42.046875,2.5433,-4.1436,-1.9194,1.6701,4,INTER
10765,42.05078125,1.1427,-1.7177,1.4211,2.4227,4,INTER
10766,42.0546875,2.5781,5.9081,1.9484,2.065,4,INTER
10767,42.05859375,0.8222,2.0825,1.5054,2.3652,4,INTER
10768,42.0625,-0.2763,-0.435,-0.1909,1.6642,4,INTER
10769,42.06640625,3.0852,1.0999,3.9093,0.6705,4,INTER
10770,42.0703125,3.0507,2.3324,1.0207,0.4322,4,INTER
10771,42.07421875,1.846,1.1532,3.9059,0.4843,4,INTER
10772,42.078125,-1.722,3.9679,-1.7259,-1.4202,4,INTER
10773,42.08203125,3.8075,3.1524,0.1818,1.2082,4,INTER
10774,42.0859375,1.7634,4.5041,-0.5036,2.8808,4,INTER
10775,42.08984375,1.1964,-0.0483,2.6442,1.6258,4,INTER
10776,42.09375,1.7258,3.3268,-0.2363,1.1056,4,INTER
10777,42.09765625,-1.4873,-0.225,-1.4457,-2.7168,4,INTER
10778,42.1015625,3.676,-2.5663,0.5685,1.1307,4,INTER
10779,42.10546875,1.4677,-0.5573,0.8496,-2.2295,4,INTER
10780,42.109375,-1.4286,-3.1959,-0.2215,-0.4509,4,INTER
10781,42.11328125,-2.6561,-3.2417,-0.7482,3.0742,4,INTER
10782,42.1171875,-1.5767,-1.028,0.1485,1.5261,4,INTER
10783,42.12109375,4.3642,1.4913,-1.0383,0.5129,4,INTER
10784,42.125,3.7248,1.6663,-2.9379,0.3489,4,INTER
10785,42.12890625,-0.8081,1.8506,-1.2115,-3.4111,4,INTER
10786,42.1328125,1.0149,-1.9721,2.2281,-3.6649,4,INTER
10787,42.13671875,-3.4379,-0.6556,0.8413,2.2417,4,INTER
10788,42.140625,0.168,4.5019,-0.5997,2.7643,4,INTER
10789,42.14453125,0.6998,1.2643,-0.5612,-0.9919,4,INTER
10790,42.1484375,0.9676,0.2443,-1.6361,-0.8981,4,INTER
10791,42.15234375,-3.8805,1.8322,-1.3564,1.401,4,INTER
10792,42.15625,1.3911,-0.3537,-0.5587,0.7698,4,INTER
10793,42.16015625,-0.3312,-0.7609,-0.0043,4.2647,4,INTER
10794,42.1640625,-0.0858,-4.142,-1.0693,0.7974,4,INTER
10795,42.16796875,-0.1002,3.7347,3.6834,-3.1073,4,INTER
10796,42.171875,-4.395,2.1662,-2.9624,1.2705,4,INTER
10797,42.17578125,2.0512,-0.2796,-0.7957,-1.535,4,INTER
10798,42.1796875,0.6499,-1.4344,-5.877,-0.2355,4,INTER
10799,42.18359375,5.0012,-1.1918,-2.6594,-2.8133,4,INTER
10800,42.1875,0.0957,1.4625,0.2956,4.2134,4,INTER
10801,42.19140625,0.768,-0.3077,2.0628,2.6009,4,INTER
10802,42.1953125,2.4823,-3.9286,2.9118,-0.9921,4,INTER
10803,42.19921875,-2.7978,-0.956,2.019,0.2993,4,INTER
10804,42.203125,-0.8866,-1.2509,4.4135,1.7607,4,INTER
10805,42.20703125,1.3433,-0.8233,4.4391,4.7037,4,INTER
10806,42.2109375,0.1875,-0.5363,-0.2916,-2.1913,4,INTER
10807,42.21484375,0.1129,-1.8147,-1.9995,-4.3139,4,INTER
10808,42.21875,0.6777,0.8032,6.008,0.7069,4,INTER
10809,42.22265625,-1.2677,-1.0415,-1.9656,-3.8893,4,INTER
10810,42.2265625,-0.0774,2.6558,-4.0072,-2.7227,4,INTER
10811,42.23046875,0.0149,1.1201,-2.189,6.2053,4,INTER
10812,42.234375,0.1463,1.3719,3.1129,-0.8062,4,INTER
10813,42.23828125,-3.4113,-0.4721,3.3746,0.4306,4,INTER
10814,42.2421875,-3.5932,0.3835,1.826,-1.3926,4,INTER
10815,42.24609375,-3.8413,2.4943,-1.027,4.4042,4,INTER
10816,42.25,0.717,2.6025,0.1935,-1.2817,4,INTER
10817,42.25390625,-2.4178,-3.0606,0.0966,-0.9553,4,INTER
10818,42.2578125,3.8105,2.4515,-0.3293,-3.7621,4,INTER
10819,42.26171875,3.3459,-1.5995,-2.6012,0.2286,4,INTER
10820,42.265625,-1.0288,-0.2346,1.3034,1.0344,4,INTER
10821,42.26953125,-0.0132,0.0875,0.1993,-4.2826,4,INTER
10822,42.2734375,0.1074,4.0087,1.2391,0.8465,4,INTER
10823,42.27734375,2.7549,2.6388,-3.9369,-2.283,4,INTER
10824,42.28125,-4.9909,0.8829,-0.4925,-4.3147,4,INTER
10825,42.28515625,1.4901,3.7955,3.184,-1.0552,4,INTER
10826,42.2890625,0.126,-3.2617,-3.8794,-2.6231,4,INTER
10827,42.29296875,-0.362,1.7694,-1.9164,-0.9985,4,INTER
10828,42.296875,1.0589,-1.4497,-0.3962,3.0916,4,INTER
10829,42.30078125,-4.1734,1.6597,-1.1904,1.9319,4,INTER
10830,42.3046875,-1.563,2.8065,2.6004,2.5334,4,INTER
10831,42.30859375,-2.103,1.3474,-0.9656,0.0034,4,INTER
10832,42.3125,2.8496,-1.0507,-0.3143,1.1788,4,INTER
10833,42.31640625,-1.0395,4.2157,1.756,-0.9766,4,INTER
10834,42.3203125,0.2805,-1.2114,-1.3842,-0.9896,4,INTER
10835,42.32421875,0.7059,-1.0217,0.9415,0.0077,4,INTER
10836,42.328125,-2.0267,0.9681,2.7418,-2.9209,4,INTER
10837,42.33203125,5.5003,-2.711,3.1949,1.2136,4,INTER
10838,42.3359375,1.9435,0.0432,0.328,1.6299,4,INTER
10839,42.33984375,-0.2428,-2.1473,1.697,2.4115,4,INTER
10840,42.34375,-4.4509,-0.0896,-0.7339,1.7636,4,INTER
10841,42.34765625,1.2973,-1.3743,-2.2052,4.0967,4,INTER
10842,42.3515625,-4.6063,-1.7613,2.0315,3.3471,4,INTER
10843,42.35546875,-0.4464,1.233,-3.9329,0.655,4,INTER
10844,42.359375,0.3006,-0.0228,-2.1917,-3.189,4,INTER
10845,42.36328125,5.528,0.2137,-0.7956,1.512,4,INTER
10846,42.3671875,-3.7064,2.5525,-1.6964,-0.8036,4,INTER
10847,42.37109375,-1.0329,3.2073,-1.0977,-1.658,4,INTER
10848,42.375,-0.8245,-4.027,-0.5247,2.7314,4,INTER
10849,42.37890625,-0.4936,2.5445,-2.542,-0.6026,4,INTER
10850,42.3828125,-1.244,0.5153,2.6197,-2.137,4,INTER
10851,42.38671875,0.7351,-5.1446,3.5384,6.327,4,INTER
10852,42.390625,1.741,1.8613,-2.0006,-5.3159,4,INTER
10853,42.39453125,-0.754,-1.9351,-3.2601,2.3226,4,INTER
10854,42.3984375,1.6691,-3.2559,0.819,-4.6176,4,INTER
10855,42.40234375,-3.2593,1.4562,2.6625,3.4853,4,INTER
10856,42.40625,1.3947,-3.1747,3.3221,-2.2452,4,INTER
10857,42.41015625,1.7088,-2.7631,0.0915,3.1259,4,INTER
10858,42.4140625,-0.0614,-0.2586,0.766,1.3476,4,INTER
10859,42.41796875,2.1183,2.13,0.4831,-1.8473,4,INTER
10860,42.421875,1.1479,4.5358,-3.4071,-1.6317,4,INTER
10861,42.42578125,-3.8504,0.5064,0.9168,-0.24,4,INTER
10862,42.4296875,-3.156,0.1436,2.8106,0.1783,4,INTER
10863,42.43359375,-1.9616,-1.0682,2.1001,2.6641,4,INTER
10864,42.4375,-1.9814,1.2223,3.3544,4.1816,4,INTER
10865,42.44140625,1.757,0.784,-5.5666,0.3261,4,INTER
10866,42.4453125,1.8698,1.9051,-1.6132,-1.8595,4,INTER
10867,42.44921875,-1.2817,1.4197,-0.419,0.6351,4,INTER
10868,42.453125,-2.5304,1.0886,-1.7683,-0.4514,4,INTER
10869,42.45703125,1.5026,1.5897,0.4675,0.6354,4,INTER
10870,42.4609375,-2.3408,0.9328,-0.4019,1.2381,4,INTER
10871,42.46484375,-4.4969,-2.8097,-0.2741,3.246,4,INTER
10872,42.46875,-1.7221,2.2611,-2.9997,1.5513,4,INTER
10873,42.47265625,0.662,2.8719,-1.4694,-3.5566,4,INTER
10874,42.4765625,-0.5091,-1.7887,-0.9973,2.7941,4,INTER
10875,42.48046875,-1.5743,-0.7947,-2.3908,2.5624,4,INTER
10876,42.484375,-2.1139,-3.2904,5.1341,-3.9243,4,INTER
10877,42.48828125,-2.5491,-0.6895,0.199,-4.7593,4,INTER
10878,42.4921875,-4.8758,-1.0435,2.7482,-1.0097,4,INTER
10879,42.49609375,2.9362,-2.0179,-2.4604,2.9216,4,INTER
10880,42.5,-1.1864,2.6811,1.6756,-2.4041,4,INTER
10881,42.50390625,1.3209,-2.8825,0.3499,0.1689,4,INTER
10882,42.5078125,-2.5039,1.529,-2.42,2.7397,4,INTER
10883,42.51171875,-0.8834,1.1658,0.5885,1.4515,4,INTER
10884,42.515625,-0.6291,0.7632,-0.3477,1.0409,4,INTER
10885,42.51953125,0.0593,2.0956,-1.3996,2.4084,4,INTER
10886,42.5234375,1.4495,1.9812,-0.5296,0.112,4,INTER
10887,42.52734375,-1.1912,-3.9278,2.679,-6.5721,4,INTER
10888,42.53125,-1.5023,4.2009,-4.1637,-0.3404,4,INTER
10889,42.53515625,1.7478,3.2725,-4.0078,-4.659,4,INTER
10890,42.5390625,5.0359,5.3184,-0.143,-1.1931,4,INTER
10891,42.54296875,0.8211,1.5574,-0.8564,3.9073,4,INTER
10892,42.546875,3.2728,2.6074,1.3753,-4.9696,4,INTER
10893,42.55078125,-2.5462,0.1977,-1.4586,1.0358,4,INTER
10894,42.5546875,3.0764,-1.0507,2.1827,0.3083,4,INTER
10895,42.55859375,-0.8169,-1.3539,4.2913,-0.3382,4,INTER
10896,42.5625,1.4989,2.331,4.537,5.5541,4,INTER
10897,42.56640625,0.3322,4.1165,3.4172,2.8545,4,INTER
10898,42.5703125,-1.3388,-4.5195,0.1702,1.2066,4,INTER
10899,42.57421875,2.9695,0.6786,-0.0225,1.4612,4,INTER
10900,42.578125,-0.1612,1.5402,2.6282,5.0329,4,INTER
10901,42.58203125,-0.1613,0.3674,0.0559,-0.88,4,INTER
10902,42.5859375,1.4538,0.2231,-0.6144,-3.8303,4,INTER
10903,42.58984375,-0.9772,-2.4808,-1.9376,0.0047,4,INTER
10904,42.59375,-0.6843,-1.6444,0.6858,3.2022,4,INTER
10905,42.59765625,0.4076,0.5917,-3.3843,1.6257,4,INTER
10906,42.6015625,2.4804,-4.4658,3.5281,-2.263,4,INTER
10907,42.60546875,-1.9384,-1.4069,1.0759,1.1721,4,INTER
10908,42.609375,-2.9934,-2.4839,0.0504,3.7092,4,INTER
10909,42.61328125,-0.6448,1.0059,4.0956,1.8135,4,INTER
10910,42.6171875,-0.329,-3.3656,0.1969,2.683,4,INTER
10911,42.62109375,2.9239,2.6353,-3.8441,-3.3786,4,INTER
10912,42.625,1.814,-1.2255,-0.0221,-0.1097,4,INTER
10913,42.62890625,-0.4297,1.8153,-0.9525,3.4176,4,INTER
10914,42.6328125,0.13,-0.5994,3.7878,-1.2226,4,INTER
10915,42.63671875,-0.8,1.5158,2.3207,0.4946,4,INTER
10916,42.640625,1.6783,-5.9961,-0.1613,0.7347,4,INTER
10917,42.64453125,0.0618,-0.8197,-1.0298,-1.573,4,INTER
10918,42.6484375,-3.916,-0.6698,5.1282,-4.5303,4,INTER
10919,42.65234375,-3.7738,1.5927,-4.1819,3.3599,4,INTER
10920,42.65625,6.7498,0.0384,1.2355,0.5708,4,INTER
10921,42.66015625,-2.1406,-1.7503,-0.1818,-1.6234,4,INTER
10922,42.6640625,1.2734,-3.8356,-0.2397,0.4839,4,INTER
10923,42.66796875,-1.2262,-3.0768,1.8577,1.8629,4,INTER
10924,42.671875,3.025,-2.7321,2.204,-2.9039,4,INTER
10925,42.67578125,-3.0988,-2.0058,-1.556,-1.1649,4,INTER
10926,42.6796875,0.641,-0.7576,-1.9879,-1.2238,4,INTER
10927,42.68359375,-1.7671,-3.7697,-3.1242,0.5914,4,INTER
10928,42.6875,1.178,1.3536,-1.0489,1.3158,4,INTER
10929,42.69140625,-2.4699,-1.536,1.6862,2.2619,4,INTER
10930,42.6953125,-2.5028,1.3285,3.1071,-0.1952,4,INTER
10931,42.69921875,1.3052,0.8636,-0.0456,4.8095,4,INTER
10932,42.703125,-1.6454,-0.8014,-4.8476,-0.3573,4,INTER
10933,42.70703125,2.0484,-0.0803,-0.8901,-0.4355,4,INTER
10934,42.7109375,0.7864,-1.5514,0.6653,4.0638,4,INTER
10935,42.71484375,0.0866,-0.9912,-2.8652,-1.5966,4,INTER
10936,42.71875,-1.3774,-1.598,1.4361,0.7771,4,INTER
10937,42.72265625,-2.5078,6.5262,0.3343,2.6699,4,INTER
10938,42.7265625,-1.4873,0.7135,-1.4526,-2.5337,4,INTER
10939,42.73046875,2.7076,-0.9488,-1.0836,0.7649,4,INTER
10940,42.734375,-1.8643,0.5378,-2.1405,-3.0882,4,INTER
10941,42.73828125,-1.4215,-4.2863,-1.1467,3.026,4,INTER
10942,42.7421875,0.4923,1.0761,0.5786,0.6812,4,INTER
10943,42.74609375,-0.6083,-3.5239,1.8371,-0.3876,4,INTER
10944,42.75,-0.8254,-1.9548,0.1217,-5.0624,4,INTER
10945,42.75390625,3.3691,0.3036,2.9047,-2.2192,4,INTER
10946,42.7578125,0.7541,-2.0061,-1.9341,-1.5993,4,INTER
10947,42.76171875,-1.5951,0.2674,0.8891,-3.2788,4,INTER
10948,42.765625,0.585,2.6392,-0.1065,0.1615,4,INTER
10949,42.76953125,0.0173,-0.5033,0.8781,-3.2796,4,INTER
10950,42.7734375,-0.5227,-0.6322,0.1422,0.2084,4,INTER
10951,42.77734375,-2.7336,-3.0016,3.6127,1.5246,4,INTER
10952,42.78125,1.2592,-4.2874,-0.2367,-5.2899,4,INTER
10953,42.78515625,-0.1317,2.4714,-1.4092,-0.5541,4,INTER
10954,42.7890625,2.9725,1.6601,2.4087,0.3192,4,INTER
10955,42.79296875,0.8556,-0.0963,-0.2293,3.1968,4,INTER
10956,42.796875,1.3908,-3.2061,-3.8482,0.6193,4,INTER
10957,42.80078125,0.8406,-1.8159,-2.4286,-0.6453,4,INTER
10958,42.8046875,1.604,-4.0011,1.2089,-1.4691,4,INTER
10959,42.80859375,3.3568,-2.6055,0.2082,-1.0264,4,INTER
10960,42.8125,-0.4449,-0.68,-1.8972,1.0857,4,INTER
10961,42.81640625,1.6598,2.2934,0.5499,-0.5222,4,INTER
10962,42.8203125,0.1646,7.6303,-3.5416,1.7985,4,INTER
10963,42.82421875,-1.2175,0.3687,-1.9734,-0.3297,4,INTER
10964,42.828125,2.2671,4.0222,-0.7762,2.9012,4,INTER
10965,42.83203125,-0.9261,-2.0734,2.3854,-3.8672,4,INTER
10966,42.8359375,0.8637,-1.039,1.1188,1.5538,4,INTER
10967,42.83984375,-2.8547,0.4251,-4.5268,1.7225,4,INTER
10968,42.84375,0.2285,6.4897,2.0336,-0.6372,4,INTER
10969,42.84765625,0.7801,-1.63,-2.0079,-0.4252,4,INTER
10970,42.8515625,-0.7278,-0.0182,4.9804,0.9176,4,INTER
10971,42.85546875,2.4645,-0.5922,-3.1652,-1.4895,4,INTER
10972,42.859375,-2.4744,-1.7863,-3.3763,-1.847,4,INTER
10973,42.86328125,-1.001,-2.5567,4.3788,1.3187,4,INTER
10974,42.8671875,-1.5902,0.4632,-0.4481,6.9097,4,INTER
10975,42.87109375,1.6755,-2.9931,-1.7967,2.0424,4,INTER
10976,42.875,3.6282,-4.02,-4.0998,0.389,4,INTER
10977,42.87890625,-1.1128,0.4615,-0.5573,3.5462,4,INTER
10978,42.8828125,-1.3363,-0.5716,0.5601,-0.0189,4,INTER
10979,42.88671875,0.6449,0.8821,-5.9939,-1.1137,4,INTER
10980,42.890625,2.7748,-4.1235,-4.9662,-0.4481,4,INTER
10981,42.89453125,0.4489,0.4797,1.1449,-0.3988,4,INTER
10982,42.8984375,-3.2775,3.0214,4.0963,-0.5651,4,INTER
10983,42.90234375,2.435,0.4925,-2.1313,-6.7967,4,INTER
10984,42.90625,4.1267,1.6738,-0.2878,0.3169,4,INTER
10985,42.91015625,0.2154,-0.5136,2.0238,-6.2927,4,INTER
10986,42.9140625,-0.7786,0.3121,-3.9347,-1.6601,4,INTER
10987,42.91796875,1.0922,-1.5683,-2.1043,-1.6855,4,INTER
10988,42.921875,2.5574,1.8653,-4.3643,0.7422,4,INTER
10989,42.92578125,3.3005,1.0392,-0.6804,-1.8616,4,INTER
10990,42.9296875,-0.1207,0.0139,0.8138,0.5135,4,INTER
10991,42.93359375,0.4721,1.5511,-1.1696,-0.3526,4,INTER
10992,42.9375,-3.732,-5.7873,-6.2338,1.4728,4,INTER
10993,42.94140625,1.3102,-0.8604,0.395,-4.6358,4,INTER
10994,42.9453125,-0.8355,-0.0431,0.1011,-0.1053,4,INTER
10995,42.94921875,2.3741,0.8674,1.2843,-0.6127,4,INTER
10996,42.953125,-0.9786,-0.5943,2.9595,0.1314,4,INTER
10997,42.95703125,0.3135,-0.3771,0.3012,-0.8293,4,INTER
10998,42.9609375,2.2846,-1.0345,-1.9364,0.5626,4,INTER
10999,42.96484375,-3.1057,0.4342,-5.7692,0.333,4,INTER
11000,42.96875,2.1486,1.2961,3.0033,-0.5081,4,INTER
11001,42.97265625,1.6463,2.1432,1.0415,-3.1417,4,INTER
11002,42.9765625,-0.3413,-5.4791,1.3608,2.8232,4,INTER
11003,42.98046875,-1.9781,5.8048,-0.2908,0.6826,4,INTER
11004,42.984375,0.9658,0.3086,3.7662,3.6413,4,INTER
11005,42.98828125,0.4832,2.7431,3.3592,2.1598,4,INTER
11006,42.9921875,-1.0608,-1.0248,-0.3095,-3.8146,4,INTER
11007,42.99609375,-3.1832,0.9636,0.446,0.7886,4,INTER
11008,43.0,-4.5852,-0.953,-2.9369,2.2826,4,INTER
11009,43.00390625,-0.8142,2.0853,-5.0,-2.6798,4,INTER
11010,43.0078125,0.3575,0.2,-1.0008,-3.1257,4,INTER
11011,43.01171875,0.1572,1.6711,1.6001,-0.8127,4,INTER
11012,43.015625,-0.6188,-0.2836,2.8031,-3.5407,4,INTER
11013,43.01953125,1.9482,0.098,-0.8646,2.0711,4,INTER
11014,43.0234375,-0.4486,1.0092,-1.5035,-0.0766,4,INTER
11015,43.02734375,-3.5079,3.7623,-1.8606,3.3355,4,INTER
11016,43.03125,1.5048,-0.3745,-0.1065,-0.2532,4,INTER
11017,43.03515625,0.7012,0.9599,-2.6277,3.016,4,INTER
11018,43.0390625,-0.7327,1.0432,-2.2058,-0.0681,4,INTER
11019,43.04296875,0.5828,0.2887,3.7941,-5.808,4,INTER
11020,43.046875,-1.3413,0.0364,1.3016,0.7938,4,INTER
11021,43.05078125,-0.6998,1.2389,1.0817,-3.0879,4,INTER
11022,43.0546875,2.025,4.0998,1.697,1.7235,4,INTER
11023,43.05859375,0.6331,-2.1016,2.7178,-2.1896,4,INTER
11024,43.0625,1.7616,3.6165,-0.6928,2.2264,4,INTER
11025,43.06640625,0.9559,2.1072,1.7367,-4.0856,4,INTER
11026,43.0703125,1.0511,1.3483,-1.5165,4.965,4,INTER
11027,43.07421875,1.8142,4.066,1.5542,0.6713,4,INTER
11028,43.078125,1.3512,-2.573,-0.379,2.8174,4,INTER
11029,43.08203125,0.6653,0.0694,0.6886,-1.9114,4,INTER
11030,43.0859375,-3.8026,-0.2129,-1.3115,0.0708,4,INTER
11031,43.08984375,-2.5516,-1.386,-0.7093,1.1537,4,INTER
11032,43.09375,1.142,-1.4714,-4.0324,0.9993,4,INTER
11033,43.09765625,-0.8479,-2.5049,-1.5951,1.9062,4,INTER
11034,43.1015625,0.1872,-1.298,1.7378,0.03,4,INTER
11035,43.10546875,-0.8948,-0.6442,0.6244,0.876,4,INTER
11036,43.109375,-4.5464,0.1073,2.4684,-4.1626,4,INTER
11037,43.11328125,-1.9517,2.1148,2.0096,1.841,4,INTER
11038,43.1171875,-0.2079,1.8909,2.3813,-3.2915,4,INTER
11039,43.12109375,-1.8218,-0.7744,1.1778,2.6854,4,INTER
11040,43.125,2.5199,-2.1554,1.0421,-1.7983,4,INTER
11041,43.12890625,-2.0929,-2.8417,-3.2496,-0.583,4,INTER
11042,43.1328125,0.5931,-3.3014,-0.0228,-4.4418,4,INTER
11043,43.13671875,3.0385,0.9619,0.5357,7.0889,4,INTER
11044,43.140625,-1.2692,-0.2019,0.728,3.4902,4,INTER
11045,43.14453125,-1.2924,0.6969,-0.7473,-1.4374,4,INTER
11046,43.1484375,-4.6204,-2.3627,3.3225,2.8318,4,INTER
11047,43.15234375,0.0553,2.7034,0.5183,-1.6005,4,INTER
11048,43.15625,-0.7891,-3.2613,-0.1443,-1.2694,4,INTER
11049,43.16015625,-2.9642,1.3217,0.2298,-0.0563,4,INTER
11050,43.1640625,1.7063,-4.2184,-1.8956,-5.1582,4,INTER
11051,43.16796875,-0.7606,1.6174,2.6087,0.5297,4,INTER
11052,43.171875,-3.4362,-2.7724,4.7684,0.0681,4,INTER
11053,43.17578125,3.0119,-0.2021,2.8959,-3.8014,4,INTER
11054,43.1796875,-3.0815,2.8913,-0.3939,0.3649,4,INTER
11055,43.18359375,-2.4695,-0.0456,-3.7364,0.1683,4,INTER
11056,43.1875,-2.4679,2.9993,1.0059,-3.2509,4,INTER
11057,43.19140625,2.9555,0.9876,-1.5676,-1.3473,4,INTER
11058,43.1953125,3.6631,3.5635,0.6746,-0.683,4,INTER
11059,43.19921875,-4.1023,1.1968,-1.6515,-4.3923,4,INTER
11060,43.203125,-2.8518,-1.4973,-6.1577,-0.5503,4,INTER
11061,43.20703125,2.9261,2.5513,2.2322,1.8424,4,INTER
11062,43.2109375,-0.1472,1.5986,-3.38,-1.442,4,INTER
11063,43.21484375,3.1889,1.7897,2.8191,4.1265,4,INTER
11064,43.21875,-5.7867,0.0777,5.3582,2.7388,4,INTER
11065,43.22265625,5.1396,3.6182,-1.5829,2.9116,4,INTER
11066,43.2265625,-1.2788,2.9031,-3.3752,-1.6556,4,INTER
11067,43.23046875,2.2115,-0.7062,2.7189,0.4399,4,INTER
11068,43.234375,-6.0616,-5.6314,3.2681,-0.9232,4,INTER
11069,43.23828125,-1.9923,5.5513,0.7328,-1.2959,4,INTER
11070,43.2421875,0.1543,1.0811,-0.8922,0.9023,4,INTER
11071,43.24609375,0.5542,-2.7591,2.5239,-2.761,4,INTER
11072,43.25,1.6751,-2.4302,1.0737,5.974,4,INTER
11073,43.25390625,-6.1333,4.2966,3.602,1.3411,4,INTER
11074,43.2578125,1.1157,1.8162,-1.5747,3.5563,4,INTER
11075,43.26171875,0.5862,1.9611,-0.5096,-2.0239,4,INTER
11076,43.265625,2.655,1.2977,0.7288,-0.7908,4,INTER
11077,43.26953125,1.7588,-1.3576,3.7706,3.3918,4,INTER
11078,43.2734375,-0.4156,0.8528,5.3699,4.4235,4,INTER
11079,43.27734375,-0.8555,4.1403,2.7025,-0.6147,4,INTER
11080,43.28125,-0.2553,-2.4989,-3.3035,1.721,4,INTER
11081,43.28515625,1.5885,1.6274,-2.3745,1.5752,4,INTER
11082,43.2890625,0.2528,1.6026,2.3165,-1.5272,4,INTER
11083,43.29296875,0.4086,1.3502,0.9466,2.2498,4,INTER
11084,43.296875,-0.8231,-2.3862,1.8575,1.051,4,INTER
11085,43.30078125,2.2212,-1.8969,3.0066,0.6791,4,INTER
11086,43.3046875,1.5104,-2.5533,1.8098,2.772,4,INTER
11087,43.30859375,-3.1878,2.2293,3.3611,2.7736,4,INTER
11088,43.3125,-4.032,2.4469,-2.0398,5.1376,4,INTER
11089,43.31640625,-0.2392,1.2625,-2.2161,2.6758,4,INTER
11090,43.3203125,1.209,-1.5062,-2.3968,1.0776,4,INTER
11091,43.32421875,-1.556,-5.1612,-2.4247,3.1617,4,INTER
11092,43.328125,-2.346,-3.8571,-5.1689,-3.225,4,INTER
11093,43.33203125,2.5462,0.7026,-1.8185,-2.9985,4,INTER
11094,43.3359375,2.7681,-3.016,1.482,0.8674,4,INTER
11095,43.33984375,0.1491,0.1106,0.9005,2.1396,4,INTER
11096,43.34375,2.8784,-2.2388,-4.2513,-2.749,4,INTER
11097,43.34765625,-0.654,1.5271,3.2392,-1.5301,4,INTER
11098,43.3515625,0.1177,4.5274,0.3079,2.5399,4,INTER
11099,43.35546875,-1.2583,-3.0891,1.5764,-2.0556,4,INTER
11100,43.359375,-1.3357,0.239,-1.7195,-0.5215,4,INTER
11101,43.36328125,-2.4419,0.3585,0.2823,1.9298,4,INTER
11102,43.3671875,-2.2471,-0.3284,2.1915,-0.5481,4,INTER
11103,43.37109375,0.28,-1.1424,-1.6005,-1.4444,4,INTER
11104,43.375,5.449,2.6957,-0.3993,0.147,4,INTER
11105,43.37890625,3.3112,5.8052,-2.6723,0.6369,4,INTER
11106,43.3828125,-4.3332,3.4625,2.8179,-0.1525,4,INTER
11107,43.38671875,3.0584,-3.2931,-0.6014,-1.7415,4,INTER
11108,43.390625,-4.5242,-2.3985,1.2149,1.7378,4,INTER
11109,43.39453125,-1.0662,0.819,1.4642,0.9456,4,INTER
11110,43.3984375,4.3222,2.0431,3.2832,1.5102,4,INTER
11111,43.40234375,-1.6562,-1.6543,0.6628,-0.1017,4,INTER
11112,43.40625,1.8288,-3.4971,2.2028,-0.2594,4,INTER
11113,43.41015625,2.0971,-0.3865,-2.572,0.1399,4,INTER
11114,43.4140625,-0.8979,2.9875,3.3809,3.3584,4,INTER
11115,43.41796875,-0.0366,-2.6616,3.9963,3.3214,4,INTER
11116,43.421875,0.472,-4.318,4.2162,-1.3508,4,INTER
11117,43.42578125,2.7413,-2.2226,5.4979,-1.2603,4,INTER
11118,43.4296875,0.825,3.8076,1.7573,-1.4312,4,INTER
11119,43.43359375,0.2627,-0.2179,3.9702,3.9161,4,INTER
11120,43.4375,-3.9154,-1.5278,0.9642,-1.0876,4,INTER
11121,43.44140625,-0.3917,1.5806,2.5006,-3.8205,4,INTER
11122,43.4453125,-1.6252,1.0936,-0.5809,-4.0708,4,INTER
11123,43.44921875,-0.3198,2.0317,2.6259,-1.4821,4,INTER
11124,43.453125,0.326,-0.4418,-0.7264,-1.4581,4,INTER
11125,43.45703125,1.0984,1.8582,3.3209,0.2579,4,INTER
11126,43.4609375,2.8594,-0.3521,0.7991,-2.5726,4,INTER
11127,43.46484375,1.7564,0.0351,3.9489,0.9086,4,INTER
11128,43.46875,1.5043,-1.9836,-1.7003,-3.5465,4,INTER
11129,43.47265625,1.0641,3.0699,-1.857,0.3623,4,INTER
11130,43.4765625,-1.2329,0.8915,-2.4916,-1.4884,4,INTER
11131,43.48046875,-2.5942,0.1881,0.4782,-4.4189,4,INTER
11132,43.484375,-2.9353,3.1944,-4.3643,1.4613,4,INTER
11133,43.48828125,5.7399,0.8795,-0.0532,-1.7491,4,INTER
11134,43.4921875,4.455,-3.1778,1.3532,-0.8113,4,INTER
11135,43.49609375,5.7467,1.17,0.4312,0.8726,4,INTER
11136,43.5,-3.0232,-1.6709,3.8884,-2.5171,4,INTER
11137,43.50390625,-2.1269,-1.6524,1.4983,2.0268,4,INTER
11138,43.5078125,3.0476,2.0334,-0.8042,-4.0274,4,INTER
11139,43.51171875,1.6274,-4.0431,-5.2087,0.7965,4,INTER
11140,43.515625,3.5888,0.1138,1.6389,3.8368,4,INTER
11141,43.51953125,-0.128,0.4604,0.0405,2.5362,4,INTER
11142,43.5234375,0.4106,0.4681,-3.5921,-0.9689,4,INTER
11143,43.52734375,1.9733,1.2318,0.0432,-3.4037,4,INTER
11144,43.53125,-1.7237,-0.2714,-1.1432,-1.321,4,INTER
11145,43.53515625,-3.5971,2.2444,-2.1581,0.4947,4,INTER
11146,43.5390625,0.3432,-0.4303,-1.9217,-0.7188,4,INTER
11147,43.54296875,-0.0362,-1.358,-0.1164,1.3682,4,INTER
11148,43.546875,-1.8503,-0.7526,2.6336,-2.7239,4,INTER
11149,43.55078125,0.3093,0.5526,0.2446,-1.1226,4,INTER
11150,43.5546875,-0.5835,-5.4973,1.2304,-0.2567,4,INTER
11151,43.55859375,-1.4669,-0.1345,0.6126,0.24,4,INTER
11152,43.5625,3.8609,1.6734,0.1858,-7.4675,4,INTER
11153,43.56640625,-2.7382,-0.7625,-0.0682,-4.4718,4,INTER
11154,43.5703125,0.9526,2.3566,-3.6856,-0.927,4,INTER
11155,43.57421875,-2.7053,0.7337,-2.4938,-0.316,4,INTER
11156,43.578125,-3.9351,-1.8609,5.261,-2.325,4,INTER
11157,43.58203125,-3.2045,-0.7933,-2.9538,-5.8778,4,INTER
11158,43.5859375,0.2231,2.9038,4.2208,-2.5608,4,INTER
11159,43.58984375,-4.1372,-1.1214,1.1786,3.2932,4,INTER
11160,43.59375,0.6286,2.8687,-1.1719,1.5431,4,INTER
11161,43.59765625,-1.43,1.0306,0.0587,2.7135,4,INTER
11162,43.6015625,-1.0417,-0.7221,-0.2332,-4.8802,4,INTER
11163,43.60546875,1.2247,-2.1868,0.4254,-6.2157,4,INTER
11164,43.609375,1.0904,-0.6078,-1.3967,-2.727,4,INTER
11165,43.61328125,0.1045,-0.7798,-1.2181,-0.9496,4,INTER
11166,43.6171875,-1.9455,-1.7255,1.2534,-3.8495,4,INTER
11167,43.62109375,4.7898,2.7284,1.2846,2.1884,4,INTER
11168,43.625,-2.5765,-3.0955,-1.9549,0.8284,4,INTER
11169,43.62890625,1.3529,2.5932,5.1936,0.0748,4,INTER
11170,43.6328125,-2.4969,2.6826,2.3146,1.2454,4,INTER
11171,43.63671875,3.436,1.9135,1.3495,0.5235,4,INTER
11172,43.640625,0.8669,-3.0956,1.0964,-1.6154,4,INTER
11173,43.64453125,-1.2536,-1.7717,2.411,2.3536,4,INTER
11174,43.6484375,2.6476,-0.2947,0.3686,-0.9556,4,INTER
11175,43.65234375,-3.2382,0.7281,0.8276,2.3791,4,INTER
11176,43.65625,1.5285,2.6115,1.9974,-3.3413,4,INTER
11177,43.66015625,3.543,-0.6804,0.7328,2.8661,4,INTER
11178,43.6640625,-4.5845,-0.3056,0.5421,-1.6698,4,INTER
11179,43.66796875,0.2167,0.0777,-0.4438,-1.0039,4,INTER
11180,43.671875,-2.8152,-1.5352,0.596,-2.3666,4,INTER
11181,43.67578125,3.1098,0.5541,-2.4525,0.613,4,INTER
11182,43.6796875,-3.4639,2.3611,-2.2869,-1.2269,4,INTER
11183,43.68359375,2.5107,-1.9823,1.6248,-1.7571,4,INTER
11184,43.6875,-1.7256,-3.8649,-3.1368,2.7514,4,INTER
11185,43.69140625,2.4063,-1.0549,2.6299,0.284,4,INTER
11186,43.6953125,-1.553,-0.6183,0.4491,2.9182,4,INTER
11187,43.69921875,0.4613,-1.9991,-2.0174,-3.7888,4,INTER
11188,43.703125,-2.5319,0.9263,4.6939,2.0516,4,INTER
11189,43.70703125,0.9879,-1.4091,-1.4745,-1.321,4,INTER
11190,43.7109375,-3.2512,-4.1216,-1.262,2.0862,4,INTER
11191,43.71484375,2.3639,-1.0286,-3.0272,-2.0931,4,INTER
11192,43.71875,-2.7553,-1.2068,1.2966,-0.5446,4,INTER
11193,43.72265625,2.7585,-2.5515,1.6053,1.7575,4,INTER
11194,43.7265625,0.4007,1.6405,-1.4447,0.1183,4,INTER
11195,43.73046875,-2.4493,-2.6343,1.9763,2.4314,4,INTER
11196,43.734375,0.3972,0.6894,-0.1688,2.5686,4,INTER
11197,43.73828125,3.477,1.7313,-1.1079,-3.3575,4,INTER
11198,43.7421875,2.9571,0.28,-1.1304,-1.1232,4,INTER
11199,43.74609375,-3.8729,-2.8251,1.3767,-0.4428,4,INTER
11200,43.75,1.2161,0.9679,-1.1773,-1.1258,4,INTER
11201,43.75390625,-1.293,-0.2208,1.0426,-2.3895,4,INTER
11202,43.7578125,-2.2008,-1.8629,-2.8821,-1.4282,4,INTER
11203,43.76171875,1.9919,-0.7046,-2.4194,-0.1736,4,INTER
11204,43.765625,2.4927,-4.0055,0.2915,0.7467,4,INTER
11205,43.76953125,-0.0699,-0.6917,0.5994,1.2063,4,INTER
11206,43.7734375,-1.0015,-0.9314,0.1477,-4.2839,4,INTER
11207,43.77734375,-1.8676,-0.549,0.7845,1.61,4,INTER
11208,43.78125,0.332,-0.027,1.5459,-3.5808,4,INTER
11209,43.78515625,4.7479,1.1276,-1.7567,3.2755,4,INTER
11210,43.7890625,-1.7851,-2.1517,0.4268,-0.6819,4,INTER
11211,43.79296875,2.9104,-2.174,-5.5487,1.2624,4,INTER
11212,43.796875,-4.1086,0.9745,-4.0169,-2.2273,4,INTER
11213,43.80078125,2.3617,-1.6311,-3.5934,1.0156,4,INTER
11214,43.8046875,-3.1784,2.9147,1.754,-3.9745,4,INTER
11215,43.80859375,-3.3825,1.7713,0.3087,-0.1319,4,INTER
11216,43.8125,0.268,-2.13,-5.3773,-5.1988,4,INTER
11217,43.81640625,0.7271,0.5867,1.7279,-0.0454,4,INTER
11218,43.8203125,3.2985,0.8882,-1.8686,0.9511,4,INTER
11219,43.82421875,-0.6624,4.1857,-2.9692,1.6938,4,INTER
11220,43.828125,-2.8821,-2.0721,0.3298,-2.0019,4,INTER
11221,43.83203125,-1.3395,2.8185,2.3638,0.0403,4,INTER
11222,43.8359375,-5.5725,0.9596,-2.9506,-0.5546,4,INTER
11223,43.83984375,2.7112,-0.1868,-2.3056,-2.7163,4,INTER
11224,43.84375,-1.3024,4.2101,-5.0099,-0.9988,4,INTER
11225,43.84765625,2.259,-2.8736,3.9109,-0.8352,4,INTER
11226,43.8515625,2.4094,-0.8293,-0.6081,-0.9629,4,INTER
11227,43.85546875,-1.2431,3.76,-0.656,1.8943,4,INTER
11228,43.859375,-2.8253,6.4784,1.9194,-1.0338,4,INTER
11229,43.86328125,2.1162,1.0011,-4.655,1.9785,4,INTER
11230,43.8671875,-0.5463,0.5321,-0.9546,-5.8231,4,INTER
11231,43.87109375,-2.8604,-1.6512,-0.9202,-8.1112,4,INTER
11232,43.875,0.9383,2.8475,1.0593,3.9014,4,INTER
11233,43.87890625,-1.72,-1.4768,4.9393,1.8633,4,INTER
11234,43.8828125,-1.7286,-0.6615,-1.8072,-2.2002,4,INTER
11235,43.88671875,1.0465,-0.8919,-2.7356,0.5783,4,INTER
11236,43.890625,-2.1301,-2.5757,4.7297,1.3685,4,INTER
11237,43.89453125,-4.5042,-6.8183,2.9176,2.6705,4,INTER
11238,43.8984375,-2.1836,-1.5378,2.0089,2.0432,4,INTER
11239,43.90234375,1.922,-1.9418,0.7603,-0.2179,4,INTER
11240,43.90625,0.1628,0.0263,-2.1731,2.2714,4,INTER
11241,43.91015625,-0.3506,3.0442,0.5748,4.7703,4,INTER
11242,43.9140625,-3.2308,0.9465,0.9291,-2.9762,4,INTER
11243,43.91796875,-3.9589,1.8093,1.4707,3.2573,4,INTER
11244,43.921875,0.846,1.5367,2.5626,-1.6528,4,INTER
11245,43.92578125,-2.1226,1.1309,-2.075,2.6632,4,INTER
11246,43.9296875,-2.2718,2.2052,3.4435,-0.5744,4,INTER
11247,43.93359375,1.0413,5.1076,-0.4279,0.3021,4,INTER
11248,43.9375,-0.0416,-0.7394,-2.1804,1.7888,4,INTER
11249,43.94140625,-6.4082,-3.617,2.3095,2.0648,4,INTER
11250,43.9453125,-1.827,-0.5988,-3.1257,0.6706,4,INTER
11251,43.94921875,-0.5257,5.5604,0.8578,1.6543,4,INTER
11252,43.953125,1.3888,-0.2883,-0.0593,0.0286,4,INTER
11253,43.95703125,-2.6193,1.4924,-0.0936,-0.6102,4,INTER
11254,43.9609375,1.7097,4.8819,-0.9676,0.9806,4,INTER
11255,43.96484375,1.1939,-4.0327,0.2332,-2.1415,4,INTER
11256,43.96875,4.368,1.7042,-1.4934,0.6711,4,INTER
11257,43.97265625,-0.1829,1.1701,-2.1026,0.828,4,INTER
11258,43.9765625,0.6861,1.6092,-0.986,-3.5551,4,INTER
11259,43.98046875,0.0577,0.6086,4.1215,0.7179,4,INTER
11260,43.984375,1.9062,0.5048,0.2361,-1.115,4,INTER
11261,43.98828125,-2.2897,-3.5872,-1.6736,-3.5642,4,INTER
11262,43.9921875,1.4397,-3.3776,-0.292,-1.8735,4,INTER
11263,43.99609375,-3.0472,2.4021,-2.3212,2.5237,4,INTER
11264,44.0,0.0527,-0.4616,1.669,-0.8884,4,INTER
11265,44.00390625,-1.9921,-0.6481,-4.7399,2.4302,4,INTER
11266,44.0078125,4.1635,0.0838,2.4896,-1.6496,4,INTER
11267,44.01171875,2.1769,-0.2524,-2.3418,0.2426,4,INTER
11268,44.015625,-0.2918,-1.5876,0.0213,1.7644,4,INTER
11269,44.01953125,-0.0706,0.8314,-0.5871,4.0382,4,INTER
11270,44.0234375,2.0454,1.6009,2.4879,-5.1133,4,INTER
11271,44.02734375,0.1769,-2.3707,-0.2162,-5.5199,4,INTER
11272,44.03125,3.137,-1.9179,0.2353,4.1968,4,INTER
11273,44.03515625,0.9236,-0.1067,0.0357,-2.3898,4,INTER
11274,44.0390625,-0.6281,3.7331,-2.3866,3.9351,4,INTER
11275,44.04296875,-6.2652,-0.5433,-0.5247,2.0567,4,INTER
11276,44.046875,3.7682,-2.2146,-4.2874,-3.3363,4,INTER
11277,44.05078125,1.65,-0.394,-0.04,4.0632,4,INTER
11278,44.0546875,0.0231,1.9944,0.1435,4.7215,4,INTER
11279,44.05859375,-2.3506,-1.0955,-1.5892,-1.0441,4,INTER
11280,44.0625,0.8462,1.743,1.2053,-0.7587,4,INTER
11281,44.06640625,1.1505,-1.2318,1.9155,1.4294,4,INTER
11282,44.0703125,2.3489,-1.2475,1.8876,1.3506,4,INTER
11283,44.07421875,-1.5192,0.9895,4.1153,-1.4924,4,INTER
11284,44.078125,-1.2621,1.0616,-1.9638,0.5342,4,INTER
11285,44.08203125,-3.0405,-1.7673,0.7437,-0.1218,4,INTER
11286,44.0859375,-0.0534,0.9231,-0.396,-2.0416,4,INTER
11287,44.08984375,0.0423,-2.2988,0.2088,2.957,4,INTER
11288,44.09375,-3.9253,-1.8154,1.9236,-1.2491,4,INTER
11289,44.09765625,-1.0076,-0.1094,-1.5529,1.3681,4,INTER
11290,44.1015625,-0.1376,1.1235,0.9079,-0.0924,4,INTER
11291,44.10546875,-0.5658,0.5948,0.8155,0.6082,4,INTER
11292,44.109375,1.5812,-2.3294,-3.3792,3.2477,4,INTER
11293,44.11328125,-0.3274,2.1736,2.011,2.571,4,INTER
11294,44.1171875,-3.9332,-1.799,2.4744,-0.4979,4,INTER
11295,44.12109375,3.6435,2.52,-1.6202,-1.8341,4,INTER
11296,44.125,-3.4746,-0.4078,-2.4421,2.5197,4,INTER
11297,44.12890625,2.8817,-2.7751,2.258,2.6271,4,INTER
11298,44.1328125,0.8755,2.5694,3.9883,1.2589,4,INTER
11299,44.13671875,-2.0754,-0.117,8.2201,-0.5065,4,INTER
11300,44.140625,0.8686,3.8598,-0.9791,1.4804,4,INTER
11301,44.14453125,-1.1992,-2.7885,-2.3727,0.5285,4,INTER
11302,44.1484375,0.8973,-3.7272,-1.4709,2.885,4,INTER
11303,44.15234375,-0.759,4.1035,2.8149,-0.2603,4,INTER
11304,44.15625,-1.9886,-0.4773,-1.876,0.5403,4,INTER
11305,44.16015625,-0.4526,-1.7161,-1.5305,-0.0917,4,INTER
11306,44.1640625,2.6152,2.4857,-1.3904,2.9499,4,INTER
11307,44.16796875,1.5124,0.0197,5.0493,4.603,4,INTER
11308,44.171875,3.718,-0.6048,0.6287,0.4608,4,INTER
11309,44.17578125,-1.2098,-5.6578,3.8273,3.0475,4,INTER
11310,44.1796875,-0.8679,-3.6371,-0.3265,-0.8691,4,INTER
11311,44.18359375,0.0842,-2.6041,2.2086,-1.5348,4,INTER
11312,44.1875,-3.7861,-7.4649,-1.8406,3.2546,4,INTER
11313,44.19140625,-6.0036,0.7577,1.1231,-4.0751,4,INTER
11314,44.1953125,-4.0528,-0.004,-1.4132,0.8829,4,INTER
11315,44.19921875,1.1204,-3.7514,0.2182,1.3543,4,INTER
11316,44.203125,0.2022,1.25,-1.9175,2.115,4,INTER
11317,44.20703125,-2.3738,-2.953,-1.6061,2.2092,4,INTER
11318,44.2109375,-2.5252,0.2372,4.1582,0.1232,4,INTER
11319,44.21484375,2.437,-2.6442,2.0583,-0.2757,4,INTER
11320,44.21875,2.6947,2.796,-0.3006,2.2409,4,INTER
11321,44.22265625,2.4766,1.187,-0.8058,-1.5694,4,INTER
11322,44.2265625,-0.496,2.387,3.9577,0.4158,4,INTER
11323,44.23046875,-0.7477,-0.396,-0.3354,-0.9427,4,INTER
11324,44.234375,0.5658,-1.2496,-0.4312,0.2326,4,INTER
11325,44.23828125,3.7518,1.8191,4.3618,1.388,4,INTER
11326,44.2421875,0.8982,-0.1585,-1.0388,-0.4917,4,INTER
11327,44.24609375,0.9241,0.7218,0.7538,-1.643,4,INTER
11328,44.25,4.16,3.1672,-2.6452,-3.3384,4,INTER
11329,44.25390625,2.8754,1.3154,-3.4336,4.9248,4,INTER
11330,44.2578125,-3.4367,0.4487,-2.8729,3.6586,4,INTER
11331,44.26171875,1.015,1.7318,0.6927,-2.1553,4,INTER
11332,44.265625,1.7582,-0.3882,0.7829,-1.1544,4,INTER
11333,44.26953125,-3.656,3.4955,1.5279,0.7688,4,INTER
11334,44.2734375,6.3953,-1.923,3.8754,0.1944,4,INTER
11335,44.27734375,6.0659,-3.1853,-3.7216,-1.3027,4,INTER
11336,44.28125,3.8103,6.1626,-2.4508,-0.8002,4,INTER
11337,44.28515625,-1.1124,0.9314,-1.8004,-1.2137,4,INTER
11338,44.2890625,-3.6995,-0.3788,-2.0566,-0.2175,4,INTER
11339,44.29296875,-3.8661,-5.2943,-0.0834,0.0718,4,INTER
11340,44.296875,-0.4583,-4.1187,-0.0633,2.1622,4,INTER
11341,44.30078125,1.9726,-3.1037,0.755,1.1711,4,INTER
11342,44.3046875,1.9744,4.0581,-2.7125,-1.4727,4,INTER
11343,44.30859375,-5.7373,-0.2689,2.854,-3.2391,4,INTER
11344,44.3125,-2.9102,-0.2431,-2.0595,-3.1277,4,INTER
11345,44.31640625,0.4217,-4.1695,-1.4894,-1.3817,4,INTER
11346,44.3203125,1.0174,0.7414,-0.8475,-2.466,4,INTER
11347,44.32421875,0.597,-2.4366,2.1736,3.7386,4,INTER
11348,44.328125,-0.9031,0.6309,0.5314,3.2771,4,INTER
11349,44.33203125,-1.5994,1.1152,-0.4565,3.1106,4,INTER
11350,44.3359375,-1.1677,0.2702,-0.9187,-1.4065,4,INTER
11351,44.33984375,-0.3989,1.6929,-1.9971,0.7618,4,INTER
11352,44.34375,-0.5896,1.8817,-6.1392,-3.0056,4,INTER
11353,44.34765625,4.2929,-0.564,0.3002,0.2388,4,INTER
11354,44.3515625,-0.2287,-4.9364,-0.9815,-1.0107,4,INTER
11355,44.35546875,2.4568,2.5393,1.4746,-0.5257,4,INTER
11356,44.359375,0.2875,1.6157,0.7494,-2.4012,4,INTER
11357,44.36328125,2.8116,3.7407,5.0577,-3.5273,4,INTER
11358,44.3671875,1.6235,-1.4104,2.6984,0.4797,4,INTER
11359,44.37109375,3.5299,0.2254,3.4599,1.2524,4,INTER
11360,44.375,-3.1977,0.8428,-3.1366,-0.6046,4,INTER
11361,44.37890625,-1.7949,0.7131,0.2533,2.6468,4,INTER
11362,44.3828125,-0.8637,1.5701,-0.646,2.362,4,INTER
11363,44.38671875,-2.5061,1.8192,-3.8674,-2.9126,4,INTER
11364,44.390625,1.6321,4.8765,-0.8587,0.9737,4,INTER
11365,44.39453125,4.3637,-3.4586,3.2909,4.142,4,INTER
11366,44.3984375,-0.7279,-0.3971,-5.4717,0.2568,4,INTER
11367,44.40234375,0.0753,-1.7248,2.514,6.4819,4,INTER
11368,44.40625,3.1363,-0.6316,-0.139,0.4141,4,INTER
11369,44.41015625,0.2193,0.6803,1.1395,-2.7379,4,INTER
11370,44.4140625,4.8866,0.758,-0.2923,1.3593,4,INTER
11371,44.41796875,1.4532,1.1476,1.967,0.3481,4,INTER
11372,44.421875,-1.2186,0.5985,-6.0761,2.9092,4,INTER
11373,44.42578125,2.1799,2.1088,3.1197,2.1894,4,INTER
11374,44.4296875,3.2829,-4.128,0.3985,-1.651,4,INTER
11375,44.43359375,-1.3507,-1.7236,0.1949,-2.0482,4,INTER
11376,44.4375,4.2356,-2.7476,-0.2877,-1.0924,4,INTER
11377,44.44140625,-4.4711,1.6144,3.4606,5.4988,4,INTER
11378,44.4453125,0.8389,-1.287,-3.4996,1.1548,4,INTER
11379,44.44921875,-0.4598,-1.2363,-2.1854,-1.8274,4,INTER
11380,44.453125,2.1997,-1.2527,-4.748,2.8946,4,INTER
11381,44.45703125,-2.7907,-0.0929,-0.5182,-2.2722,4,INTER
11382,44.4609375,1.6988,3.768,2.2741,0.9368,4,INTER
11383,44.46484375,-0.059,-2.3481,0.5094,1.3742,4,INTER
11384,44.46875,-2.8166,-2.958,-3.0191,-1.9306,4,INTER
11385,44.47265625,-4.0164,2.1724,4.7081,2.0943,4,INTER
11386,44.4765625,0.9594,6.3934,-4.3702,2.7225,4,INTER
11387,44.48046875,-1.4877,1.2104,0.8188,1.0111,4,INTER
11388,44.484375,-2.0755,2.4714,-0.9307,-0.9683,4,INTER
11389,44.48828125,4.0705,-0.9,2.7292,2.2777,4,INTER
11390,44.4921875,-3.2498,3.3364,-2.5057,0.0569,4,INTER
11391,44.49609375,-3.7956,2.4139,1.9292,-0.6585,4,INTER
11392,44.5,-2.2371,-0.7035,4.0214,-1.7881,4,INTER
11393,44.50390625,3.609,1.6084,1.3341,1.0566,4,INTER
11394,44.5078125,-4.7357,-0.6421,1.3253,-1.0864,4,INTER
11395,44.51171875,2.9515,-1.4561,-5.1003,0.8301,4,INTER
11396,44.515625,-3.6752,0.1491,-0.1346,3.2197,4,INTER
11397,44.51953125,0.9482,2.7407,-0.2149,-2.418,4,INTER
11398,44.5234375,0.7156,-0.3105,0.9362,-1.0534,4,INTER
11399,44.52734375,1.0633,-5.3181,-1.7148,-2.3037,4,INTER
11400,44.53125,1.034,0.0648,0.1507,-1.4934,4,INTER
11401,44.53515625,-1.4295,2.3733,-2.0981,-2.3541,4,INTER
11402,44.5390625,-1.3708,-0.2613,0.9214,0.364,4,INTER
11403,44.54296875,-3.4106,-0.0191,-4.2246,-2.1376,4,INTER
11404,44.546875,0.4164,2.0401,1.7923,-1.9976,4,INTER
11405,44.55078125,-2.144,-1.3548,-2.2302,-2.2058,4,INTER
11406,44.5546875,1.6292,-5.5262,2.2056,1.4015,4,INTER
11407,44.55859375,0.2219,4.2072,-0.7828,-0.3056,4,INTER
11408,44.5625,-1.6148,4.1843,-0.9451,-3.0705,4,INTER
11409,44.56640625,1.6813,0.2586,-5.5256,-2.6542,4,INTER
11410,44.5703125,1.5323,0.9648,-1.859,-3.9157,4,INTER
11411,44.57421875,-0.8998,-2.7476,-1.0868,2.9322,4,INTER
11412,44.578125,1.1011,-0.3594,1.6242,-1.1941,4,INTER
11413,44.58203125,-2.0711,0.6268,2.0119,0.7453,4,INTER
11414,44.5859375,-2.0171,3.9098,-2.6181,1.2002,4,INTER
11415,44.58984375,-0.1518,-2.43,-2.8259,1.351,4,INTER
11416,44.59375,-3.4649,2.2462,2.2171,-1.8528,4,INTER
11417,44.59765625,0.4867,0.0653,0.8445,0.3005,4,INTER
11418,44.6015625,0.8228,0.7712,2.9998,0.8769,4,INTER
11419,44.60546875,-0.2993,-0.4182,3.055,1.4622,4,INTER
11420,44.609375,0.7111,0.1603,-1.7731,1.4532,4,INTER
11421,44.61328125,1.1259,-0.1874,0.4787,-2.2848,4,INTER
11422,44.6171875,-1.5566,-2.4172,0.2576,4.0743,4,INTER
11423,44.62109375,-3.3764,-2.3271,-4.0139,-0.8158,4,INTER
11424,44.625,1.1868,1.674,-2.7975,-0.0433,4,INTER
11425,44.62890625,1.2234,-0.0347,0.6668,-0.0108,4,INTER
11426,44.6328125,4.8059,1.0782,-2.5801,6.2027,4,INTER
11427,44.63671875,1.6972,1.3942,-2.4619,-0.1991,4,INTER
11428,44.640625,-1.6068,3.6393,-2.9232,4.9247,4,INTER
11429,44.64453125,2.8217,-2.1352,0.2562,-2.2562,4,INTER
11430,44.6484375,-0.6046,-3.3083,2.629,0.684,4,INTER
11431,44.65234375,3.1998,-0.2721,-1.2264,-0.0738,4,INTER
11432,44.65625,-0.2895,4.3101,-0.1738,1.3355,4,INTER
11433,44.66015625,-1.0766,0.2031,-0.7072,1.935,4,INTER
11434,44.6640625,4.1545,-4.174,-1.3986,-2.1452,4,INTER
11435,44.66796875,-0.8708,-0.507,-2.0007,0.5646,4,INTER
11436,44.671875,0.0301,1.54,5.0001,2.8311,4,INTER
11437,44.67578125,0.3712,2.0095,-0.3552,0.2038,4,INTER
11438,44.6796875,3.6476,-3.9113,3.927,-0.5565,4,INTER
11439,44.68359375,4.9463,6.5005,2.6916,0.5419,4,INTER
11440,44.6875,0.0586,-3.811,-2.1892,-2.1478,4,INTER
11441,44.69140625,1.0732,2.1635,1.2881,0.9207,4,INTER
11442,44.6953125,1.4597,1.6502,2.317,-0.5924,4,INTER
11443,44.69921875,-2.4972,0.3438,1.044,-3.1976,4,INTER
11444,44.703125,0.045,-2.4851,-0.8452,-1.3736,4,INTER
11445,44.70703125,-1.6003,4.1564,2.7732,0.1477,4,INTER
11446,44.7109375,0.3742,-2.4546,-0.0456,2.2454,4,INTER
11447,44.71484375,-2.1621,-3.0655,4.7957,1.3743,4,INTER
11448,44.71875,-1.9205,1.7574,1.8953,3.3445,4,INTER
11449,44.72265625,-0.2898,-2.4783,5.6085,-1.8919,4,INTER
11450,44.7265625,1.7407,3.9096,1.3778,-0.2813,4,INTER
11451,44.73046875,2.2719,0.3054,1.7479,1.8127,4,INTER
11452,44.734375,0.0127,1.615,2.1411,-0.4107,4,INTER
11453,44.73828125,-1.7121,0.3118,-2.5716,-3.1857,4,INTER
11454,44.7421875,-4.0113,-3.4311,-1.7816,1.9487,4,INTER
11455,44.74609375,1.6748,-2.0096,-0.0392,2.7682,4,INTER
11456,44.75,-0.3443,1.4641,2.2656,0.4825,4,INTER
11457,44.75390625,1.8266,-2.4063,-5.244,3.1207,4,INTER
11458,44.7578125,-0.1941,1.9256,-4.5777,0.7674,4,INTER
11459,44.76171875,-2.2436,2.3657,0.5081,1.5566,4,INTER
11460,44.765625,-1.9871,-0.2794,-0.143,-1.7908,4,INTER
11461,44.76953125,2.3415,-3.9503,0.7305,1.2782,4,INTER
11462,44.7734375,-0.9866,-0.8851,2.2251,0.4227,4,INTER
11463,44.77734375,-1.568,-2.0571,0.9121,-3.5004,4,INTER
11464,44.78125,-1.6086,-5.5124,-4.062,-2.0159,4,INTER
11465,44.78515625,-2.2046,2.9,-0.0038,-2.942,4,INTER
11466,44.7890625,-1.2463,-1.876,0.7324,-1.7218,4,INTER
11467,44.79296875,0.0038,-2.5318,2.7443,-0.015,4,INTER
11468,44.796875,-1.1571,-1.6508,2.7422,-2.7572,4,INTER
11469,44.80078125,-0.4085,-0.7941,-0.7615,-0.9186,4,INTER
11470,44.8046875,1.9571,-4.8171,-7.0775,0.6184,4,INTER
11471,44.80859375,-1.1384,1.2665,0.8934,-4.475,4,INTER
11472,44.8125,1.2807,-3.1025,-1.0229,-1.952,4,INTER
11473,44.81640625,4.844,-1.5425,-0.9841,-0.9579,4,INTER
11474,44.8203125,-1.4478,4.2229,3.8532,1.3522,4,INTER
11475,44.82421875,-0.8863,0.1972,0.2118,2.2845,4,INTER
11476,44.828125,-3.7606,1.4791,3.2903,-1.7318,4,INTER
11477,44.83203125,1.2014,3.8027,1.2444,3.296,4,INTER
11478,44.8359375,-2.3552,-1.1368,-0.8732,-1.6812,4,INTER
11479,44.83984375,6.8856,3.1294,-5.7356,-0.3857,4,INTER
11480,44.84375,1.8911,4.7284,0.6232,1.2485,4,INTER
11481,44.84765625,2.6809,0.4749,-2.4468,-3.1834,4,INTER
11482,44.8515625,-0.7109,-3.4756,0.7585,-0.2378,4,INTER
11483,44.85546875,-0.9139,1.6286,-1.9088,1.9273,4,INTER
11484,44.859375,0.399,0.0535,1.267,-1.6771,4,INTER
11485,44.86328125,0.4057,0.3768,5.0481,-1.1103,4,INTER
11486,44.8671875,4.1269,-1.1007,-2.1798,0.404,4,INTER
11487,44.87109375,-0.7856,5.519,2.3775,0.3474,4,INTER
11488,44.875,4.1744,-0.6486,0.7439,1.0586,4,INTER
11489,44.87890625,0.511,0.3099,0.6482,-2.0095,4,INTER
11490,44.8828125,0.0492,-3.8751,0.9031,-3.8668,4,INTER
11491,44.88671875,-0.7772,1.1318,-4.2883,-0.1123,4,INTER
11492,44.890625,0.0748,-2.9209,0.6383,-1.8848,4,INTER
11493,44.89453125,-0.7978,-1.1587,-3.4491,0.899,4,INTER
11494,44.8984375,1.924,0.6493,2.9105,0.3684,4,INTER
11495,44.90234375,0.8498,0.2656,1.8247,-2.5703,4,INTER
11496,44.90625,2.4012,-4.5518,1.4696,-3.477,4,INTER
11497,44.91015625,-0.208,-7.8205,3.2778,-1.3375,4,INTER
11498,44.9140625,-5.5608,-2.1952,3.5859,0.2959,4,INTER
11499,44.91796875,0.6992,-0.3898,-1.6228,-1.3415,4,INTER
11500,44.921875,0.1504,-0.1247,-0.3961,0.7947,4,INTER
11501,44.92578125,-4.7556,-1.0398,1.5481,1.2294,4,INTER
11502,44.9296875,-3.0362,-6.1489,-3.2988,3.7163,4,INTER
11503,44.93359375,2.8965,0.3576,-3.0511,2.5358,4,INTER
11504,44.9375,3.7056,-1.0117,-1.2055,-4.6697,4,INTER
11505,44.94140625,0.1703,-1.8979,-1.6401,3.1098,4,INTER
11506,44.9453125,0.5121,-0.7733,-2.6269,0.4656,4,INTER
11507,44.94921875,2.5374,0.0951,0.53,0.6909,4,INTER
11508,44.953125,0.2176,-2.2409,-0.1511,-0.9431,4,INTER
11509,44.95703125,-1.3571,3.4128,0.5256,-2.6627,4,INTER
11510,44.9609375,4.3275,2.5559,-1.0896,0.4793,4,INTER
11511,44.96484375,4.4465,-0.0621,-1.7717,-0.5786,4,INTER
11512,44.96875,0.7151,-3.5319,-2.9038,-3.2094,4,INTER
11513,44.97265625,-0.6617,-3.3999,-0.2212,2.3011,4,INTER
11514,44.9765625,-0.0384,-2.6944,-2.1139,-2.3396,4,INTER
11515,44.98046875,-0.011,-1.6155,-0.282,-2.3184,4,INTER
11516,44.984375,-0.8297,-1.5109,-2.4725,2.3123,4,INTER
11517,44.98828125,-5.0584,3.5592,2.9224,-3.0672,4,INTER
11518,44.9921875,0.4431,0.7757,-1.3521,-5.7428,4,INTER
11519,44.99609375,-2.6939,-2.6265,0.573,-0.5781,4,INTER
11520,45.0,-2.136,-3.083,0.5774,0.9241,4,INTER
11521,45.00390625,2.4861,4.8532,0.1276,6.0932,4,INTER
11522,45.0078125,0.1962,-1.0701,-2.6189,-2.8524,4,INTER
11523,45.01171875,1.3513,0.6284,0.5137,-0.6146,4,INTER
11524,45.015625,0.9509,-2.817,-1.7254,-0.1368,4,INTER
11525,45.01953125,0.099,1.85,2.3788,-2.2753,4,INTER
11526,45.0234375,0.4894,3.0339,0.2355,6.1991,4,INTER
11527,45.02734375,1.0737,1.0747,-0.4618,4.374,4,INTER
11528,45.03125,0.925,2.2408,-3.0852,3.3543,4,INTER
11529,45.03515625,6.326,2.2203,0.8938,-2.5657,4,INTER
11530,45.0390625,4.5156,1.0638,0.4643,4.4741,4,INTER
11531,45.04296875,-4.0208,-3.2406,-3.7179,0.7573,4,INTER
11532,45.046875,0.662,2.1769,5.7081,-0.8906,4,INTER
11533,45.05078125,3.8892,0.8294,1.1889,-0.8911,4,INTER
11534,45.0546875,0.4245,1.5588,-1.4761,0.9749,4,INTER
11535,45.05859375,1.6134,-5.3525,1.2652,-0.1126,4,INTER
11536,45.0625,-2.4385,-3.1145,0.9019,0.0954,4,INTER
11537,45.06640625,-2.7595,2.7414,-0.4977,-3.5887,4,INTER
11538,45.0703125,0.5649,-2.1998,1.5684,-0.4762,4,INTER
11539,45.07421875,-1.057,2.2715,2.3869,-2.6273,4,INTER
11540,45.078125,5.1555,-2.5135,-3.8791,1.6573,4,INTER
11541,45.08203125,2.9565,-1.5893,-2.1859,0.5376,4,INTER
11542,45.0859375,-1.1424,-0.8549,-3.7699,-1.8714,4,INTER
11543,45.08984375,-0.7817,1.2347,1.5193,-0.2352,4,INTER
11544,45.09375,-1.8245,0.4959,-2.0986,1.4328,4,INTER
11545,45.09765625,0.4564,0.6526,-2.5567,2.789,4,INTER
11546,45.1015625,3.0698,1.5831,2.8778,-3.9799,4,INTER
11547,45.10546875,-0.2209,2.2143,2.843,-3.2136,4,INTER
11548,45.109375,-0.874,-1.1209,2.0608,0.5065,4,INTER
11549,45.11328125,-1.4581,4.0253,-2.8912,1.3362,4,INTER
11550,45.1171875,4.0654,-0.2437,0.8389,-0.272,4,INTER
11551,45.12109375,2.6016,1.6769,0.2078,3.7008,4,INTER
11552,45.125,0.4065,3.1593,3.0373,-1.0143,4,INTER
11553,45.12890625,2.1002,-1.2768,2.0063,-0.2566,4,INTER
11554,45.1328125,0.8301,-1.1727,7.6703,1.2086,4,INTER
11555,45.13671875,-2.6272,-1.4858,-1.3769,3.0225,4,INTER
11556,45.140625,1.3648,1.0387,0.6291,-1.2178,4,INTER
11557,45.14453125,3.8928,0.2669,-3.1758,-3.5399,4,INTER
11558,45.1484375,-3.9472,-0.8622,2.7226,1.2118,4,INTER
11559,45.15234375,-1.2725,1.662,-2.7479,-1.1885,4,INTER
11560,45.15625,0.8069,2.1116,-0.3005,2.5236,4,INTER
11561,45.16015625,-0.151,-1.02,-3.4775,-1.2008,4,INTER
11562,45.1640625,-1.0137,-0.6603,-0.1892,-2.4652,4,INTER
11563,45.16796875,-3.2446,3.5051,-1.179,-0.1725,4,INTER
11564,45.171875,-2.2673,0.7675,3.4031,1.3775,4,INTER
11565,45.17578125,-0.8278,-1.8534,2.3477,-0.2664,4,INTER
11566,45.1796875,2.276,1.0318,0.0757,-1.4145,4,INTER
11567,45.18359375,-1.8407,-1.7367,-0.627,-2.5295,4,INTER
11568,45.1875,2.3146,0.8188,0.7302,0.3116,4,INTER
11569,45.19140625,0.3576,-0.1659,-4.3392,2.1772,4,INTER
11570,45.1953125,-0.7751,-1.3157,-1.9701,0.4713,4,INTER
11571,45.19921875,1.5386,-0.6714,-2.7468,-0.0318,4,INTER
11572,45.203125,-3.5447,3.46,0.2962,-0.1503,4,INTER
11573,45.20703125,4.1991,0.4481,2.4516,0.8973,4,INTER
11574,45.2109375,-2.353,-3.9341,4.0532,-2.0281,4,INTER
11575,45.21484375,3.1621,-1.4678,1.129,2.4604,4,INTER
11576,45.21875,-0.8314,3.5463,1.206,4.9913,4,INTER
11577,45.22265625,0.1124,-4.5635,2.807,2.9788,4,INTER
11578,45.2265625,-0.1337,0.8911,0.2569,1.4602,4,INTER
11579,45.23046875,1.1612,1.1312,-5.828,1.6423,4,INTER
11580,45.234375,1.2216,2.7445,3.7693,0.5944,4,INTER
11581,45.23828125,-0.4176,1.0146,2.3119,-2.9754,4,INTER
11582,45.2421875,0.0622,3.514,-1.6216,1.506,4,INTER
11583,45.24609375,-0.3167,-2.9269,-1.2188,-3.2658,4,INTER
11584,45.25,0.2737,-3.2285,-3.4843,-0.0501,4,INTER
11585,45.25390625,1.6561,2.3537,0.4371,-1.3368,4,INTER
11586,45.2578125,-0.6892,-3.1294,2.8306,-0.1704,4,INTER
11587,45.26171875,2.9529,0.6995,1.1645,-6.6713,4,INTER
11588,45.265625,-1.1122,1.3435,1.1548,-0.086,4,INTER
11589,45.26953125,-1.0563,-1.4698,-1.485,-0.9299,4,INTER
11590,45.2734375,-3.1724,-4.073,0.1627,0.2019,4,INTER
11591,45.27734375,-2.1619,0.3891,0.9086,-2.7648,4,INTER
11592,45.28125,0.998,-1.6071,3.5537,-3.0025,4,INTER
11593,45.28515625,-2.2554,1.2088,1.2247,2.0364,4,INTER
11594,45.2890625,1.8846,-5.8594,-2.0942,0.2094,4,INTER
11595,45.29296875,-4.5133,4.1695,3.633,1.0557,4,INTER
11596,45.296875,-2.7657,-2.3216,-1.4095,5.7856,4,INTER
11597,45.30078125,1.0321,2.8811,-0.5923,0.2426,4,INTER
11598,45.3046875,0.2236,2.3236,-3.9061,-0.5379,4,INTER
11599,45.30859375,-0.5129,0.0382,3.9429,-2.4159,4,INTER
11600,45.3125,1.8104,-0.612,-2.1377,0.5238,4,INTER
11601,45.31640625,-0.2134,-0.9055,3.1656,1.3647,4,INTER
11602,45.3203125,2.6961,1.9355,-0.7917,-2.3899,4,INTER
11603,45.32421875,-1.4356,0.9574,-0.2481,-1.7442,4,INTER
11604,45.328125,2.504,-3.9093,-6.0772,-1.144,4,INTER
11605,45.33203125,-1.8555,-0.7773,1.9278,-4.4497,4,INTER
11606,45.3359375,2.0114,-0.5669,-0.6166,0.6517,4,INTER
11607,45.33984375,-0.1812,4.5925,0.549,2.0642,4,INTER
11608,45.34375,3.221,-2.7243,-1.6288,-1.1067,4,INTER
11609,45.34765625,-0.331,-0.9757,-1.2717,-2.1305,4,INTER
11610,45.3515625,-5.3018,3.0815,-0.7408,2.1374,4,INTER
11611,45.35546875,-3.3591,2.8364,-2.9614,3.0739,4,INTER
11612,45.359375,-1.7122,-2.8629,-3.5193,-0.738,4,INTER
11613,45.36328125,-0.8229,-1.521,0.0381,-2.3229,4,INTER
11614,45.3671875,2.0397,1.4487,0.3542,0.6886,4,INTER
11615,45.37109375,-2.2698,-1.2459,2.2911,-2.3958,4,INTER
11616,45.375,-2.5937,-0.662,-1.2447,-0.4817,4,INTER
11617,45.37890625,0.3481,1.4395,-0.9531,1.3345,4,INTER
11618,45.3828125,1.9306,-1.7044,-2.4094,-0.8498,4,INTER
11619,45.38671875,-0.6031,-4.4794,-2.6075,-1.0647,4,INTER
11620,45.390625,0.6356,-4.2096,-2.0994,2.7352,4,INTER
11621,45.39453125,-1.1174,-1.8216,-0.5251,0.1353,4,INTER
11622,45.3984375,0.026,1.1833,-0.4975,-1.8759,4,INTER
11623,45.40234375,-0.6975,0.3359,-1.9987,-0.3907,4,INTER
11624,45.40625,-1.3855,1.3026,-1.0251,-1.5738,4,INTER
11625,45.41015625,0.3433,0.8962,-3.5414,0.564,4,INTER
11626,45.4140625,0.3357,1.6514,1.2019,0.5351,4,INTER
11627,45.41796875,-0.6253,2.4169,-1.6293,0.5057,4,INTER
11628,45.421875,-3.2926,0.5198,-3.2345,2.3009,4,INTER
11629,45.42578125,2.5698,-3.3378,1.4877,0.4533,4,INTER
11630,45.4296875,1.5893,0.4309,-1.5482,-0.3884,4,INTER
11631,45.43359375,-0.9606,1.3599,-3.1314,2.0111,4,INTER
11632,45.4375,-2.919,2.9525,3.5098,0.1226,4,INTER
11633,45.44140625,1.9317,-4.3276,-3.5893,-1.8486,4,INTER
11634,45.4453125,-1.4892,0.9559,-1.0564,0.6985,4,INTER
11635,45.44921875,1.4952,-2.008,0.0265,-1.8303,4,INTER
11636,45.453125,-1.5321,-1.1002,2.4162,-0.7886,4,INTER
11637,45.45703125,2.6624,-1.2555,-4.095,2.1021,4,INTER
11638,45.4609375,3.038,-5.5095,-0.7452,-2.6755,4,INTER
11639,45.46484375,4.1508,0.145,4.8746,4.2822,4,INTER
11640,45.46875,-0.972,1.4454,0.4881,-0.9219,4,INTER
11641,45.47265625,4.7361,-1.082,-3.3444,0.999,4,INTER
11642,45.4765625,1.6069,-2.9082,-3.4363,4.6453,4,INTER
11643,45.48046875,0.505,0.4174,1.6576,4.9881,4,INTER
11644,45.484375,-0.9148,1.5736,2.569,-1.5956,4,INTER
11645,45.48828125,-0.4526,-0.063,0.7051,-2.2506,4,INTER
11646,45.4921875,2.3015,-2.4948,1.6128,-1.5592,4,INTER
11647,45.49609375,1.3791,5.024,-0.5709,-5.5777,4,INTER
11648,45.5,-0.019,0.4947,2.7294,0.7723,4,INTER
11649,45.50390625,0.9944,-0.645,0.6879,-2.366,4,INTER
11650,45.5078125,-4.6637,-2.3074,1.1394,-4.9477,4,INTER
11651,45.51171875,-0.4705,-1.7407,-1.5537,2.2878,4,INTER
11652,45.515625,-1.1996,-1.7337,2.6372,0.1705,4,INTER
11653,45.51953125,-2.501,4.2886,3.8634,0.3575,4,INTER
11654,45.5234375,-2.42,-0.8318,-0.4467,-1.6109,4,INTER
11655,45.52734375,-1.8634,-3.0168,0.5026,1.0769,4,INTER
11656,45.53125,2.9985,-3.4483,2.7172,-1.6077,4,INTER
11657,45.53515625,0.2355,3.6839,-0.105,-1.5592,4,INTER
11658,45.5390625,-1.3192,0.371,0.0176,1.5064,4,INTER
11659,45.54296875,-0.2696,3.4029,3.8973,1.4245,4,INTER
11660,45.546875,2.7499,-3.1497,-1.4495,-1.2288,4,INTER
11661,45.55078125,1.6825,-1.4261,-1.6741,-0.4437,4,INTER
11662,45.5546875,0.5325,-3.0289,0.6676,3.6439,4,INTER
11663,45.55859375,-1.9131,2.9849,-0.2422,2.5157,4,INTER
11664,45.5625,0.9814,0.2394,2.8299,2.6871,4,INTER
11665,45.56640625,3.838,-1.0935,0.03,0.7583,4,INTER
11666,45.5703125,-1.5825,2.3414,-2.0774,-0.4349,4,INTER
11667,45.57421875,0.3392,0.8644,-4.7419,-0.3504,4,INTER
11668,45.578125,0.2633,0.6698,-0.025,1.8233,4,INTER
11669,45.58203125,-4.036,-4.418,0.3219,-1.0651,4,INTER
11670,45.5859375,2.36,1.6761,-0.2751,2.7125,4,INTER
11671,45.58984375,1.6566,0.0799,0.9723,0.7245,4,INTER
11672,45.59375,-0.1521,-3.5207,1.8793,4.5516,4,INTER
11673,45.59765625,2.4506,-0.1311,-2.8172,-3.3486,4,INTER
11674,45.6015625,-0.2301,0.6383,1.784,-1.1955,4,INTER
11675,45.60546875,5.2457,-0.1076,-2.408,2.6362,4,INTER
11676,45.609375,-3.4519,-1.7232,-0.2361,-0.2553,4,INTER
11677,45.61328125,1.6116,5.129,4.1225,2.4015,4,INTER
11678,45.6171875,-2.1391,2.7648,-1.2118,-0.6568,4,INTER
11679,45.62109375,-2.0513,3.1563,1.402,1.7284,4,INTER
11680,45.625,-4.0628,1.5892,-1.4059,-3.0582,4,INTER
11681,45.62890625,-0.9387,-0.9493,0.9328,-1.7738,4,INTER
11682,45.6328125,-3.2778,-0.7332,2.4132,1.0227,4,INTER
11683,45.63671875,-2.5223,1.1881,-0.7634,1.3832,4,INTER
11684,45.640625,3.1852,1.0449,-1.2361,-1.928,4,INTER
11685,45.64453125,-1.8919,-0.3297,1.2834,2.4036,4,INTER
11686,45.6484375,-0.6157,-4.7776,0.1908,1.8043,4,INTER
11687,45.65234375,-0.9247,2.6385,4.1671,-3.9212,4,INTER
11688,45.65625,-0.1724,-0.0137,0.3631,1.4095,4,INTER
11689,45.66015625,8.0224,1.685,2.4535,-3.5141,4,INTER
11690,45.6640625,1.9174,0.4434,-0.6603,0.9698,4,INTER
11691,45.66796875,-0.0198,2.431,3.1398,2.1452,4,INTER
11692,45.671875,-0.1764,0.2205,-2.169,0.7244,4,INTER
11693,45.67578125,-3.7795,-4.8354,-4.7054,-1.2205,4,INTER
11694,45.6796875,0.2504,-0.9938,-1.8258,-1.1467,4,INTER
11695,45.68359375,1.8263,3.1892,-4.0354,0.442,4,INTER
11696,45.6875,-1.6377,-0.2407,-0.7879,-4.7368,4,INTER
11697,45.69140625,-2.3204,-1.8372,1.7852,1.8751,4,INTER
11698,45.6953125,-1.262,-1.6159,-0.1851,0.0119,4,INTER
11699,45.69921875,-0.1455,-2.7839,-0.3495,2.7484,4,INTER
11700,45.703125,2.3101,2.8246,2.7193,1.8911,4,INTER
11701,45.70703125,4.815,-1.5496,0.3922,-1.3344,4,INTER
11702,45.7109375,1.6695,4.7536,0.8724,0.1792,4,INTER
11703,45.71484375,-1.5985,3.4794,-0.0509,0.424,4,INTER
11704,45.71875,-0.4684,-0.726,2.2473,-1.6525,4,INTER
11705,45.72265625,3.4291,-0.7408,-1.2488,-2.7529,4,INTER
11706,45.7265625,-3.2617,1.0473,-2.0523,-1.3508,4,INTER
11707,45.73046875,2.134,-3.1562,0.3996,1.0419,4,INTER
11708,45.734375,-2.2995,-3.6167,0.6864,-5.5216,4,INTER
11709,45.73828125,2.9986,-4.8633,1.7118,0.9326,4,INTER
11710,45.7421875,-0.5086,4.4161,-3.3398,1.0693,4,INTER
11711,45.74609375,1.6675,2.4008,1.3018,2.7725,4,INTER
11712,45.75,-4.1575,0.6673,-0.2138,2.0449,4,INTER
11713,45.75390625,0.4652,-2.4775,0.9797,0.0155,4,INTER
11714,45.7578125,0.9122,-1.4933,2.6009,1.2969,4,INTER
11715,45.76171875,2.2776,-4.2912,-4.5753,2.9032,4,INTER
11716,45.765625,0.6605,0.6133,2.0356,1.4753,4,INTER
11717,45.76953125,-0.3292,-1.2104,0.7531,0.6457,4,INTER
11718,45.7734375,-2.0028,-1.024,-0.4345,0.6062,4,INTER
11719,45.77734375,1.6283,-1.1124,1.7524,4.0322,4,INTER
11720,45.78125,-4.8376,5.2868,-0.6061,3.0636,4,INTER
11721,45.78515625,-4.1525,-3.5493,-0.744,3.9333,4,INTER
11722,45.7890625,-0.1665,1.6304,-0.3228,-0.2372,4,INTER
11723,45.79296875,-0.3857,-0.0128,-2.5209,0.8484,4,INTER
11724,45.796875,-1.4809,2.3824,-3.4636,-2.0619,4,INTER
11725,45.80078125,5.836,-1.4989,0.3704,3.8201,4,INTER
11726,45.8046875,0.1634,-1.7754,-3.9537,-1.4772,4,INTER
11727,45.80859375,-2.6446,-4.8412,1.6175,-0.1416,4,INTER
11728,45.8125,-0.8343,-0.9702,-0.0859,-5.7958,4,INTER
11729,45.81640625,-1.8309,0.4129,-3.484,-2.3211,4,INTER
11730,45.8203125,-0.2045,0.25,-0.8667,2.4033,4,INTER
11731,45.82421875,4.2069,-0.7161,-3.7579,1.1256,4,INTER
11732,45.828125,-3.704,-1.53,-4.3355,-4.7072,4,INTER
11733,45.83203125,-4.6715,3.1436,-2.1228,-0.7802,4,INTER
11734,45.8359375,-1.6132,2.7657,1.8822,0.9849,4,INTER
11735,45.83984375,-3.519,3.6532,-3.0749,-0.462,4,INTER
11736,45.84375,-3.5296,-0.0912,2.2865,-0.446,4,INTER
11737,45.84765625,-0.7474,1.1426,-2.6351,-0.7177,4,INTER
11738,45.8515625,-0.0374,0.5993,0.2581,-2.1327,4,INTER
11739,45.85546875,-1.7707,-2.1359,1.248,-0.1675,4,INTER
11740,45.859375,-3.8835,2.2489,0.8704,4.6345,4,INTER
11741,45.86328125,-1.4898,-0.7094,-1.4043,-2.1116,4,INTER
11742,45.8671875,2.3834,7.8305,-0.0262,1.2011,4,INTER
11743,45.87109375,1.8752,-0.1262,-0.5381,-1.0476,4,INTER
11744,45.875,2.3896,0.2626,0.6437,-3.0855,4,INTER
11745,45.87890625,1.893,-4.1798,-0.5986,-0.4874,4,INTER
11746,45.8828125,-2.6514,1.0946,3.7653,4.8165,4,INTER
11747,45.88671875,-1.5576,-3.208,3.6914,0.2265,4,INTER
11748,45.890625,-1.9154,1.0967,-0.0057,3.6288,4,INTER
11749,45.89453125,5.4635,-3.1101,1.7911,3.0423,4,INTER
11750,45.8984375,0.5365,1.4551,3.1002,3.0738,4,INTER
11751,45.90234375,1.5157,-1.904,3.9281,2.9017,4,INTER
11752,45.90625,-1.1588,3.519,-2.4965,0.1917,4,INTER
11753,45.91015625,-1.3793,-1.485,-0.7441,0.0403,4,INTER
11754,45.9140625,-3.5051,2.5516,1.3997,0.9329,4,INTER
11755,45.91796875,-2.9807,-0.8605,0.1213,-1.2624,4,INTER
11756,45.921875,2.0693,-0.4438,1.487,-1.8166,4,INTER
11757,45.92578125,-3.153,-2.3022,1.2363,-0.8805,4,INTER
11758,45.9296875,-0.432,0.2574,-2.4476,-5.6151,4,INTER
11759,45.93359375,-2.496,2.0874,-2.5437,-0.3642,4,INTER
11760,45.9375,5.5879,-4.1337,-1.4169,-4.2897,4,INTER
11761,45.94140625,-0.7723,-3.287,2.2337,-2.7166,4,INTER
11762,45.9453125,-2.695,-0.1634,-0.2472,-0.9409,4,INTER
11763,45.94921875,3.7978,1.0022,-2.0614,0.3579,4,INTER
11764,45.953125,-0.2828,0.6903,0.5098,0.1706,4,INTER
11765,45.95703125,-6.9378,-1.0023,0.1206,1.0764,4,INTER
11766,45.9609375,-0.871,-1.5934,3.2428,0.5517,4,INTER
11767,45.96484375,-1.7306,1.0267,-0.3974,-1.8276,4,INTER
11768,45.96875,-2.625,-2.2396,1.705,-1.0243,4,INTER
11769,45.97265625,1.2608,0.846,-3.8373,2.7937,4,INTER
11770,45.9765625,-2.8601,2.8625,-3.7902,3.1205,4,INTER
11771,45.98046875,3.6572,2.4673,-0.2469,-3.9596,4,INTER
11772,45.984375,2.0557,2.4283,3.4417,0.4587,4,INTER
11773,45.98828125,1.5749,-3.1845,2.1254,-1.1719,4,INTER
11774,45.9921875,-1.3523,1.576,-0.3164,1.2802,4,INTER
11775,45.99609375,3.7922,-1.7083,-0.5478,2.3555,4,INTER
11776,46.0,-0.4932,1.202,-3.5883,0.935,4,INTER
11777,46.00390625,0.5484,0.9349,4.2609,1.5071,4,INTER
11778,46.0078125,-0.4471,-3.282,1.6591,3.4645,4,INTER
11779,46.01171875,-2.0885,3.2062,-2.3092,-0.8346,4,INTER
11780,46.015625,-6.0831,-3.6368,1.6559,2.1988,4,INTER
11781,46.01953125,2.8341,3.6998,1.5226,-3.9506,4,INTER
11782,46.0234375,2.2951,-0.5412,1.2806,2.1308,4,INTER
11783,46.02734375,-3.7588,-3.1519,-1.0872,3.798,4,INTER
11784,46.03125,2.6765,1.5759,3.4899,-0.6179,4,INTER
11785,46.03515625,1.2504,-1.0539,1.8624,2.5004,4,INTER
11786,46.0390625,-3.4439,0.6373,0.0472,0.8174,4,INTER
11787,46.04296875,-3.9522,-2.9163,-3.2966,1.7113,4,INTER
11788,46.046875,-2.7225,0.8018,-5.5044,-1.3978,4,INTER
11789,46.05078125,-1.897,2.5646,-1.2206,0.1118,4,INTER
11790,46.0546875,-1.7207,2.6816,4.4339,-1.7739,4,INTER
11791,46.05859375,-2.9828,-2.3503,-2.0311,-2.0863,4,INTER
11792,46.0625,-6.2812,-2.4651,-0.4218,0.9427,4,INTER
11793,46.06640625,-0.7506,-2.776,-1.1383,-0.8289,4,INTER
11794,46.0703125,-0.8456,2.1409,-0.3923,-1.0838,4,INTER
11795,46.07421875,-1.4265,-3.7032,-3.0676,-1.5308,4,INTER
11796,46.078125,1.8194,-1.122,-1.2975,2.0146,4,INTER
11797,46.08203125,0.3079,-2.924,-1.5547,1.2744,4,INTER
11798,46.0859375,-0.067,1.0791,-1.004,2.6733,4,INTER
11799,46.08984375,2.2645,1.5872,4.6875,-3.0341,4,INTER
11800,46.09375,-4.5209,2.9007,-0.922,1.4899,4,INTER
11801,46.09765625,-1.8337,-1.9716,-3.6235,-0.8575,4,INTER
11802,46.1015625,-1.7496,-1.584,-2.1368,-1.5918,4,INTER
11803,46.10546875,1.4824,-5.4967,-1.6832,1.3105,4,INTER
11804,46.109375,-1.0745,3.1789,-2.0796,-2.9916,4,INTER
11805,46.11328125,2.9348,0.7956,-2.3704,0.8087,4,INTER
11806,46.1171875,1.4526,-0.3403,2.4989,5.1065,4,INTER
11807,46.12109375,1.9886,0.0675,-0.1368,-0.2127,4,INTER
11808,46.125,-3.5786,-0.3045,-2.4717,-2.0686,4,INTER
11809,46.12890625,0.5518,-2.2358,-1.5374,0.5218,4,INTER
11810,46.1328125,-1.1826,0.5156,1.3329,-1.0942,4,INTER
11811,46.13671875,2.2494,0.7429,-4.9901,-0.2157,4,INTER
11812,46.140625,-2.4077,-6.3145,-5.1765,-0.3425,4,INTER
11813,46.14453125,1.3032,1.5399,-1.8133,0.4047,4,INTER
11814,46.1484375,-3.1338,-0.1313,0.6782,4.8355,4,INTER
11815,46.15234375,1.1834,-2.847,2.748,-3.8348,4,INTER
11816,46.15625,0.4146,2.4608,-2.5624,0.6642,4,INTER
11817,46.16015625,-4.0139,2.2788,-1.3856,-5.1437,4,INTER
11818,46.1640625,0.8321,0.4319,2.2131,0.7606,4,INTER
11819,46.16796875,0.3555,2.3962,3.3695,1.6715,4,INTER
11820,46.171875,1.3847,-0.2983,0.9849,-0.6289,4,INTER
11821,46.17578125,2.3126,-1.4353,-0.2157,0.1084,4,INTER
11822,46.1796875,1.5247,-4.6535,-1.5756,-2.4838,4,INTER
11823,46.18359375,2.9208,0.1614,-1.563,-2.8224,4,INTER
11824,46.1875,-0.9629,-4.3813,-1.4762,-5.0184,4,INTER
11825,46.19140625,-5.0651,-0.5331,-1.6831,-4.2767,4,INTER
11826,46.1953125,0.7267,2.093,3.4757,-1.2269,4,INTER
11827,46.19921875,-1.3395,3.2378,0.0209,1.5468,4,INTER
11828,46.203125,-2.646,-0.8469,-2.4315,3.0457,4,INTER
11829,46.20703125,-0.4471,-0.7845,0.7053,1.9307,4,INTER
11830,46.2109375,-1.5027,3.4267,-3.4512,1.5257,4,INTER
11831,46.21484375,4.4803,1.6015,0.4074,0.4408,4,INTER
11832,46.21875,0.7638,-1.1702,2.6797,-0.2127,4,INTER
11833,46.22265625,1.2459,1.8673,0.9966,0.3409,4,INTER
11834,46.2265625,-3.2252,1.4435,0.5943,-5.2381,4,INTER
11835,46.23046875,-2.7006,2.1857,0.9053,1.4948,4,INTER
11836,46.234375,2.5373,-0.7215,2.3764,-0.0036,4,INTER
11837,46.23828125,-4.3887,-4.039,-1.684,-3.2036,4,INTER
11838,46.2421875,-1.0329,-3.3668,1.5008,3.9018,4,INTER
11839,46.24609375,1.2716,3.541,1.7919,-1.5685,4,INTER
11840,46.25,-2.1174,-2.852,-3.1841,-2.5291,4,INTER
11841,46.25390625,2.9933,-5.0086,-3.5829,5.3206,4,INTER
11842,46.2578125,-0.3426,3.1378,-0.0439,0.0833,4,INTER
11843,46.26171875,-4.7824,-1.8365,1.1274,5.3198,4,INTER
11844,46.265625,-2.5344,4.7052,0.8544,0.6226,4,INTER
11845,46.26953125,-3.8374,-1.1711,-1.6181,-1.725,4,INTER
11846,46.2734375,-0.2157,1.4179,-0.4262,0.0684,4,INTER
11847,46.27734375,0.7351,-2.9229,-1.8159,1.8886,4,INTER
11848,46.28125,-4.3955,0.6892,-2.9942,-3.5793,4,INTER
11849,46.28515625,1.5922,0.1256,-1.4908,0.5335,4,INTER
11850,46.2890625,-4.3288,3.9164,2.7446,1.0424,4,INTER
11851,46.29296875,2.6793,-1.1003,-0.8469,1.4772,4,INTER
11852,46.296875,-2.9457,5.35,-0.3634,-2.3482,4,INTER
11853,46.30078125,-4.3652,-3.6976,-1.1719,1.8317,4,INTER
11854,46.3046875,3.95,3.9933,-2.929,0.8434,4,INTER
11855,46.30859375,0.508,-2.8206,0.7406,0.7267,4,INTER
11856,46.3125,1.2578,-1.6239,2.6608,-0.3098,4,INTER
11857,46.31640625,4.2903,-2.4159,0.6968,3.4397,4,INTER
11858,46.3203125,-0.6183,-0.7421,-0.7109,-2.4063,4,INTER
11859,46.32421875,4.3202,4.143,-4.2956,-1.9788,4,INTER
11860,46.328125,1.1241,-0.3891,-1.1002,4.069,4,INTER
11861,46.33203125,-1.4417,-0.7939,-0.2394,1.8021,4,INTER
11862,46.3359375,4.2662,-4.5039,0.6793,-0.4971,4,INTER
11863,46.33984375,3.5373,0.6055,2.4386,1.0295,4,INTER
11864,46.34375,-0.6758,4.7678,-0.4988,1.8438,4,INTER
11865,46.34765625,1.214,-1.6648,1.7304,-0.5698,4,INTER
11866,46.3515625,0.0902,2.6321,0.037,1.3701,4,INTER
11867,46.35546875,2.061,-0.4245,2.136,-4.3806,4,INTER
11868,46.359375,-2.0507,-1.7598,1.1097,-1.5824,4,INTER
11869,46.36328125,-0.1022,0.5079,-0.2126,-1.74,4,INTER
11870,46.3671875,-0.3752,1.3822,-0.5276,0.3274,4,INTER
11871,46.37109375,0.4096,-2.3555,-3.4432,2.7467,4,INTER
11872,46.375,-0.5191,-0.8028,-1.3114,-6.378,4,INTER
11873,46.37890625,0.3116,-1.0447,-0.1098,-3.4492,4,INTER
11874,46.3828125,0.1223,-3.0465,2.4722,1.348,4,INTER
11875,46.38671875,2.397,-4.3923,-1.1686,-2.4758,4,INTER
11876,46.390625,-1.6326,1.0162,-0.9004,3.5459,4,INTER
11877,46.39453125,-1.7058,0.0744,0.9627,0.2381,4,INTER
11878,46.3984375,-1.4079,3.6996,0.2571,1.7978,4,INTER
11879,46.40234375,-0.1969,-4.5735,-0.7869,-2.1396,4,INTER
11880,46.40625,3.4081,-0.6234,-7.5302,2.6819,4,INTER
11881,46.41015625,-1.1437,-2.1513,-1.604,1.0444,4,INTER
11882,46.4140625,2.1383,-0.7461,-5.852,-1.5589,4,INTER
11883,46.41796875,-0.761,-1.4475,-0.8519,-5.1321,4,INTER
11884,46.421875,1.8987,1.8081,-2.5436,-3.1452,4,INTER
11885,46.42578125,-1.1592,-4.2506,-0.2098,-1.547,4,INTER
11886,46.4296875,-3.6791,-0.8143,-3.3227,-2.1749,4,INTER
11887,46.43359375,0.6413,5.5831,-2.76,-0.1237,4,INTER
11888,46.4375,4.714,0.7409,-2.8591,-0.3483,4,INTER
11889,46.44140625,-1.0231,-0.4442,2.4696,0.4096,4,INTER
11890,46.4453125,2.2584,1.877,2.6023,2.0413,4,INTER
11891,46.44921875,0.3059,3.3114,-3.6613,0.5006,4,INTER
11892,46.453125,1.916,1.6776,2.631,1.699,4,INTER
11893,46.45703125,-0.9938,-4.8801,-1.3676,-1.2704,4,INTER
11894,46.4609375,1.4615,0.6885,4.1682,2.27,4,INTER
11895,46.46484375,4.5017,0.8576,0.3284,1.5902,4,INTER
11896,46.46875,2.0529,-3.4707,1.3536,3.448,4,INTER
11897,46.47265625,0.032,-6.4929,0.9085,-1.4088,4,INTER
11898,46.4765625,-0.8416,2.1706,-2.534,1.5146,4,INTER
11899,46.48046875,1.5596,3.1178,0.4356,-2.1433,4,INTER
11900,46.484375,0.1512,-0.848,1.0335,-4.6185,4,INTER
11901,46.48828125,1.4074,-2.2066,2.5964,-0.3156,4,INTER
11902,46.4921875,1.4244,2.2938,0.2809,0.1746,4,INTER
11903,46.49609375,-1.2569,2.6733,0.7368,-0.7357,4,INTER
11904,46.5,4.3953,-4.4047,2.5532,-0.5801,4,INTER
11905,46.50390625,-0.1634,-1.0718,-0.6989,-1.8465,4,INTER
11906,46.5078125,2.9882,2.4539,0.7615,0.3114,4,INTER
11907,46.51171875,-5.3418,-0.3088,1.7508,2.1835,4,INTER
11908,46.515625,1.5111,0.721,2.9108,2.6261,4,INTER
11909,46.51953125,2.7177,-0.9818,-4.1636,4.4061,4,INTER
11910,46.5234375,1.0835,0.7866,1.6855,1.527,4,INTER
11911,46.52734375,0.1916,-0.7017,-4.8103,1.7834,4,INTER
11912,46.53125,-0.7903,-2.6693,1.5136,-1.5462,4,INTER
11913,46.53515625,-3.0407,0.6813,4.0532,0.1826,4,INTER
11914,46.5390625,-0.8806,-2.0774,4.2572,3.5244,4,INTER
11915,46.54296875,-2.446,1.9347,0.5872,-0.7986,4,INTER
11916,46.546875,-2.8347,-1.5361,-2.4253,-0.4092,4,INTER
11917,46.55078125,-5.7405,0.0092,-1.754,-1.7073,4,INTER
11918,46.5546875,0.4603,0.0765,-1.3775,-1.1735,4,INTER
11919,46.55859375,4.3898,-4.7005,6.1587,0.0086,4,INTER
11920,46.5625,-1.8018,-0.9278,-4.1793,5.4943,4,INTER
11921,46.56640625,3.3343,1.9595,0.9525,3.1724,4,INTER
11922,46.5703125,-1.6183,-5.6716,-1.7787,-1.9694,4,INTER
11923,46.57421875,-2.5025,1.3738,2.7413,1.0139,4,INTER
11924,46.578125,-0.1406,3.2882,-0.7679,-0.5929,4,INTER
11925,46.58203125,-2.0814,1.1811,0.0735,2.5593,4,INTER
11926,46.5859375,5.3054,-2.0859,-4.5547,0.8452,4,INTER
11927,46.58984375,-3.3398,-0.8224,-0.0671,-0.7894,4,INTER
11928,46.59375,-0.0196,-1.8007,3.5642,0.4529,4,INTER
11929,46.59765625,0.7572,-1.6503,0.6095,-3.1675,4,INTER
11930,46.6015625,0.8752,1.7411,-0.4939,0.6353,4,INTER
11931,46.60546875,1.4076,1.4155,-3.3526,-4.5179,4,INTER
11932,46.609375,-1.2497,2.4707,-0.4326,-2.6868,4,INTER
11933,46.61328125,0.2963,-4.6977,-1.2486,-0.8622,4,INTER
11934,46.6171875,3.1049,0.4274,1.958,-0.9141,4,INTER
11935,46.62109375,0.4791,0.9002,-0.2763,5.2934,4,INTER
11936,46.625,1.4796,-3.1221,0.4297,-3.1185,4,INTER
11937,46.62890625,3.6418,-1.8007,2.0304,-2.2975,4,INTER
11938,46.6328125,-1.8462,-5.6837,-7.2042,0.9437,4,INTER
11939,46.63671875,-1.1407,-2.0987,0.3754,-0.2818,4,INTER
11940,46.640625,-1.9813,0.0024,0.8268,1.6895,4,INTER
11941,46.64453125,-5.4393,-0.3616,2.3054,-1.1005,4,INTER
11942,46.6484375,1.1508,4.345,-0.3927,-3.5313,4,INTER
11943,46.65234375,-0.1884,3.0089,-1.7524,-0.0381,4,INTER
11944,46.65625,-1.9066,2.6544,-3.3125,2.6174,4,INTER
11945,46.66015625,-0.0583,-0.3859,2.6956,-0.2453,4,INTER
11946,46.6640625,0.045,-0.1364,-1.6274,3.686,4,INTER
11947,46.66796875,0.8026,-0.7956,-3.1326,-1.5315,4,INTER
11948,46.671875,0.4269,2.862,0.1839,-1.3656,4,INTER
11949,46.67578125,-2.5373,-0.7864,-2.0743,-1.3549,4,INTER
11950,46.6796875,0.169,3.2421,2.1981,3.2902,4,INTER
11951,46.68359375,-1.3327,-0.4874,0.3344,2.611,4,INTER
11952,46.6875,-3.8539,-1.3274,1.5806,3.1759,4,INTER
11953,46.69140625,1.7386,0.9634,-1.1278,-0.6313,4,INTER
11954,46.6953125,-3.049,0.3152,-1.1874,0.2317,4,INTER
11955,46.69921875,-1.4317,1.707,-3.5405,1.2841,4,INTER
11956,46.703125,-2.0488,-2.4237,-2.3948,-2.1658,4,INTER
11957,46.70703125,2.3758,2.9495,-3.6457,4.6868,4,INTER
11958,46.7109375,-1.9969,4.807,-0.7265,1.404,4,INTER
11959,46.71484375,-2.1977,0.0195,0.9125,-3.4766,4,INTER
11960,46.71875,-1.6374,1.0089,3.9147,-1.197,4,INTER
11961,46.72265625,-1.2343,4.03,1.255,-0.7725,4,INTER
11962,46.7265625,-2.4921,4.9751,-4.0388,-1.0236,4,INTER
11963,46.73046875,2.3454,-0.3109,0.9602,1.8104,4,INTER
11964,46.734375,-4.7821,0.5783,-0.9372,0.8526,4,INTER
11965,46.73828125,-3.587,0.0241,-0.3361,-0.9619,4,INTER
11966,46.7421875,-1.8778,-1.2212,1.2359,-1.5555,4,INTER
11967,46.74609375,-4.0726,2.4374,2.1679,2.1144,4,INTER
11968,46.75,-0.5481,2.3296,-2.3015,1.4781,4,INTER
11969,46.75390625,-1.6232,0.4021,-0.7462,-2.5662,4,INTER
11970,46.7578125,3.3141,2.7091,2.1813,-1.5863,4,INTER
11971,46.76171875,-0.492,0.057,-0.7409,-0.8981,4,INTER
11972,46.765625,-0.1129,0.8849,-2.7617,4.0558,4,INTER
11973,46.76953125,1.6837,-1.9507,-3.3119,3.296,4,INTER
11974,46.7734375,3.2079,-1.5282,-1.1219,-0.2299,4,INTER
11975,46.77734375,2.3863,3.7865,1.053,2.8593,4,INTER
11976,46.78125,4.9696,1.2559,-2.8326,3.8838,4,INTER
11977,46.78515625,0.0026,-1.7258,-0.23,-3.4317,4,INTER
11978,46.7890625,2.3648,-2.3187,-2.206,2.8168,4,INTER
11979,46.79296875,-2.7738,1.6258,-1.8087,-0.8166,4,INTER
11980,46.796875,-0.3686,-0.0663,-3.4317,0.7899,4,INTER
11981,46.80078125,-1.4717,-1.3428,2.8773,0.3533,4,INTER
11982,46.8046875,-0.7487,2.135,3.176,-1.3597,4,INTER
11983,46.80859375,-6.8165,-3.1878,3.2054,-0.9553,4,INTER
11984,46.8125,1.139,-2.0925,-1.0534,-2.5945,4,INTER
11985,46.81640625,4.5568,-4.1174,1.0468,-0.7036,4,INTER
11986,46.8203125,2.5866,-1.0286,1.1194,3.7735,4,INTER
11987,46.82421875,1.636,-1.1448,-0.5427,0.6906,4,INTER
11988,46.828125,0.2626,0.2128,-1.3269,2.4893,4,INTER
11989,46.83203125,-2.7389,5.2416,-0.1939,-0.8204,4,INTER
11990,46.8359375,1.9074,-2.019,2.1893,-0.9628,4,INTER
11991,46.83984375,-4.2727,1.7209,-0.0933,1.1498,4,INTER
11992,46.84375,0.5191,-0.4281,3.3708,-0.2445,4,INTER
11993,46.84765625,-1.3856,-0.9638,0.9131,-2.2978,4,INTER
11994,46.8515625,0.1783,1.519,-0.5635,-0.0309,4,INTER
11995,46.85546875,2.9275,1.2333,0.1132,6.4415,4,INTER
11996,46.859375,0.9397,-0.9775,-4.5067,3.1416,4,INTER
11997,46.86328125,-3.5214,-1.1023,-0.7578,-0.845,4,INTER
11998,46.8671875,0.0138,-1.5161,-0.2655,1.5499,4,INTER
11999,46.87109375,-4.5567,2.1991,2.101,-1.7383,4,INTER
12000,46.875,0.804,-2.2033,2.0899,1.177,4,INTER
12001,46.87890625,-1.4282,0.7332,2.3668,0.3342,4,INTER
12002,46.8828125,0.2853,4.7179,4.2536,-0.6585,4,INTER
12003,46.88671875,1.8498,5.056,0.1928,-2.1147,4,INTER
12004,46.890625,-1.5558,0.5881,-2.6765,1.0236,4,INTER
12005,46.89453125,-0.3965,-1.1567,2.4134,3.4518,4,INTER
12006,46.8984375,-0.9601,1.8075,3.236,1.1101,4,INTER
12007,46.90234375,2.3445,-1.7201,-3.2882,-4.9479,4,INTER
12008,46.90625,-2.1914,2.7543,0.9713,1.7732,4,INTER
12009,46.91015625,-1.5913,-0.5024,-0.653,0.7196,4,INTER
12010,46.9140625,-0.8454,0.4019,-2.8573,-2.8044,4,INTER
12011,46.91796875,2.2385,2.4863,1.2747,-1.6079,4,INTER
12012,46.921875,-1.1896,-0.792,-1.0407,3.83,4,INTER
12013,46.92578125,-5.4232,-1.5143,-0.7372,-1.1129,4,INTER
12014,46.9296875,-2.1372,0.7406,6.5451,1.3028,4,INTER
12015,46.93359375,3.0186,3.1244,3.4482,-1.7194,4,INTER
12016,46.9375,0.9985,5.358,-2.0061,-0.6171,4,INTER
12017,46.94140625,0.1608,-1.8315,-2.7479,0.6146,4,INTER
12018,46.9453125,1.9189,-2.2244,0.162,2.6496,4,INTER
12019,46.94921875,4.1083,4.8022,-2.4241,0.6688,4,INTER
12020,46.953125,0.3566,0.9109,1.6227,-2.7749,4,INTER
12021,46.95703125,5.6013,-0.6287,3.5125,0.6565,4,INTER
12022,46.9609375,2.6833,-0.648,-1.4433,-0.8191,4,INTER
12023,46.96484375,0.9113,-0.3038,0.2804,-2.7581,4,INTER
12024,46.96875,-0.7102,2.8181,5.4336,1.0493,4,INTER
12025,46.97265625,-4.2711,0.4629,1.3913,0.8242,4,INTER
12026,46.9765625,1.2514,-2.1737,1.1973,1.574,4,INTER
12027,46.98046875,-0.5399,-0.1959,-1.1214,4.626,4,INTER
12028,46.984375,1.7356,-0.7767,1.0919,-0.5355,4,INTER
12029,46.98828125,-2.3607,-0.3499,2.0348,-1.1387,4,INTER
12030,46.9921875,-0.8883,-0.828,3.2069,2.8953,4,INTER
12031,46.99609375,2.9752,0.6049,-0.6362,-2.7493,4,INTER
12032,47.0,0.171,-0.5087,-1.1691,1.4914,4,INTER
12033,47.00390625,-2.2481,2.2262,0.8284,2.0153,4,INTER
12034,47.0078125,2.6921,-1.6286,1.0204,3.2832,4,INTER
12035,47.01171875,1.7136,2.3441,0.5871,-3.3357,4,INTER
12036,47.015625,3.4305,0.671,3.442,0.7034,4,INTER
12037,47.01953125,-0.2899,0.7798,3.078,3.2442,4,INTER
12038,47.0234375,-3.509,-0.9162,-6.2414,-1.8157,4,INTER
12039,47.02734375,0.9548,2.2177,0.8736,3.3891,4,INTER
12040,47.03125,1.9535,-2.8738,4.0077,1.6523,4,INTER
12041,47.03515625,1.6961,0.4436,-4.8761,4.2237,4,INTER
12042,47.0390625,-1.4792,-3.6799,1.3291,4.2285,4,INTER
12043,47.04296875,1.3807,2.0203,-0.5963,-1.6913,4,INTER
12044,47.046875,-0.0066,0.9679,-0.4475,3.8742,4,INTER
12045,47.05078125,0.2266,-0.7999,1.9612,-3.61,4,INTER
12046,47.0546875,1.6139,-0.9942,2.8773,-0.2301,4,INTER
12047,47.05859375,-0.1952,-1.1097,2.6127,1.892,4,INTER
12048,47.0625,2.605,-1.2488,-3.2126,0.0473,4,INTER
12049,47.06640625,0.1901,-0.3972,1.2861,-1.0879,4,INTER
12050,47.0703125,-1.6614,-1.1904,4.1332,-3.8881,4,INTER
12051,47.07421875,-0.8973,0.856,-2.0615,0.6418,4,INTER
12052,47.078125,2.4875,2.7281,-1.2462,-1.259,4,INTER
12053,47.08203125,-5.217,1.2419,-0.8098,-2.5377,4,INTER
12054,47.0859375,-0.0614,-1.5976,0.2847,4.3682,4,INTER
12055,47.08984375,1.8854,-2.6328,-1.6938,1.5976,4,INTER
12056,47.09375,-0.562,2.2911,-2.5585,-1.1431,4,INTER
12057,47.09765625,1.6365,0.8948,-0.3869,2.4266,4,INTER
12058,47.1015625,4.8151,0.0655,2.4024,-0.8723,4,INTER
12059,47.10546875,-1.0767,3.2505,1.7345,1.0406,4,INTER
12060,47.109375,-2.6591,0.8632,5.6824,2.395,4,INTER
12061,47.11328125,-0.4612,0.9183,-4.9817,2.2251,4,INTER
12062,47.1171875,-0.3095,3.5276,-0.8576,-1.0132,4,INTER
12063,47.12109375,-1.7794,-2.0891,-0.1479,-1.8661,4,INTER
12064,47.125,-1.7711,1.1298,2.4349,1.6096,4,INTER
12065,47.12890625,2.0415,0.7296,-1.4928,-1.4076,4,INTER
12066,47.1328125,-4.5063,-0.2995,-0.568,1.1456,4,INTER
12067,47.13671875,5.3015,0.4751,3.0158,6.9592,4,INTER
12068,47.140625,-1.5038,3.0864,-1.3591,-1.6166,4,INTER
12069,47.14453125,-4.1917,-0.1557,-3.3695,-1.6249,4,INTER
12070,47.1484375,-0.7603,-3.4761,-4.5493,-0.5674,4,INTER
12071,47.15234375,-3.1818,-4.0616,-1.1227,-2.2149,4,INTER
12072,47.15625,-3.8769,2.2369,0.967,-1.742,4,INTER
12073,47.16015625,-2.8787,-2.5473,-0.1042,-0.6255,4,INTER
12074,47.1640625,0.6565,3.5919,-1.7115,-0.1516,4,INTER
12075,47.16796875,4.4389,1.0492,-0.3917,-1.0706,4,INTER
12076,47.171875,2.2126,-3.9868,2.8772,-0.6014,4,INTER
12077,47.17578125,3.9624,-3.3166,1.5964,2.696,4,INTER
12078,47.1796875,-2.3635,-0.1338,-0.7355,1.6543,4,INTER
12079,47.18359375,0.4493,-3.7557,0.7261,-0.3587,4,INTER
12080,47.1875,0.6617,-3.8237,-4.7534,1.5666,4,INTER
12081,47.19140625,4.88,1.0177,-0.0269,-3.7955,4,INTER
12082,47.1953125,-1.084,-0.1832,2.4487,3.1315,4,INTER
12083,47.19921875,-4.6427,3.6121,0.6613,-2.4941,4,INTER
12084,47.203125,3.2087,0.9423,2.5849,-1.5909,4,INTER
12085,47.20703125,-2.9495,4.6093,-2.59,0.7786,4,INTER
12086,47.2109375,-0.7355,1.5443,0.7274,2.9287,4,INTER
12087,47.21484375,-0.6403,3.8437,-0.9622,1.4143,4,INTER
12088,47.21875,-0.0267,2.4319,-4.8209,-4.0404,4,INTER
12089,47.22265625,-4.0865,0.3765,-2.1032,-0.837,4,INTER
12090,47.2265625,1.7381,1.8082,-4.4632,-3.0913,4,INTER
12091,47.23046875,0.9345,-2.9522,3.7148,1.3388,4,INTER
12092,47.234375,2.2545,2.0686,2.6415,-0.2208,4,INTER
12093,47.23828125,-2.2117,-3.9524,-0.7464,2.1998,4,INTER
12094,47.2421875,1.8874,-1.2274,0.1665,-0.2616,4,INTER
12095,47.24609375,6.2449,-3.2123,-1.1825,-0.9938,4,INTER
12096,47.25,-3.2822,1.4146,-1.0658,2.3238,4,INTER
12097,47.25390625,-2.5348,0.5198,2.5433,1.9752,4,INTER
12098,47.2578125,-2.4803,0.6277,-0.7842,-2.7045,4,INTER
12099,47.26171875,-0.6434,2.3245,-0.0524,-4.4802,4,INTER
12100,47.265625,0.1704,2.5768,2.7751,0.7372,4,INTER
12101,47.26953125,0.5082,-2.9322,-4.1284,-1.1109,4,INTER
12102,47.2734375,-0.8907,-0.1405,-1.3234,2.5215,4,INTER
12103,47.27734375,2.2772,4.2989,1.2547,1.5281,4,INTER
12104,47.28125,1.423,-0.8521,1.1351,2.1411,4,INTER
12105,47.28515625,-0.9494,0.6889,-1.9795,-1.6504,4,INTER
12106,47.2890625,2.4551,0.5859,-0.3418,2.5695,4,INTER
12107,47.29296875,3.5551,-0.8784,-4.084,2.8403,4,INTER
12108,47.296875,0.1189,1.7957,-2.7328,1.9222,4,INTER
12109,47.30078125,-0.4363,1.6855,3.5717,-0.6848,4,INTER
12110,47.3046875,-3.4412,1.4137,0.0549,-0.9582,4,INTER
12111,47.30859375,1.1873,-0.8205,-2.3101,-4.8072,4,INTER
12112,47.3125,1.9784,-0.8775,1.426,-4.5243,4,INTER
12113,47.31640625,-1.9293,-0.5057,-0.658,0.6743,4,INTER
12114,47.3203125,0.4761,1.8451,0.1498,5.3252,4,INTER
12115,47.32421875,0.2212,-0.9496,6.9649,-5.8176,4,INTER
12116,47.328125,0.9262,-2.6848,4.2316,1.9024,4,INTER
12117,47.33203125,-3.501,-0.9405,-0.039,2.8331,4,INTER
12118,47.3359375,1.8238,5.4393,-5.9535,-1.7332,4,INTER
12119,47.33984375,2.7789,-2.9255,2.4342,-0.5214,4,INTER
12120,47.34375,-3.3081,0.2746,4.2779,0.5297,4,INTER
12121,47.34765625,2.4106,5.3082,-2.1512,4.2329,4,INTER
12122,47.3515625,4.4574,-0.1852,-0.8444,-4.7514,4,INTER
12123,47.35546875,0.0596,0.1834,-0.8229,2.006,4,INTER
12124,47.359375,0.3506,2.4404,-0.5685,-1.1933,4,INTER
12125,47.36328125,1.8807,1.1438,-1.0007,3.0699,4,INTER
12126,47.3671875,-1.1587,-3.9646,1.0127,1.1202,4,INTER
12127,47.37109375,-3.8966,3.6925,-3.0006,-2.6094,4,INTER
12128,47.375,-2.3397,-2.1654,0.8176,-3.5579,4,INTER
12129,47.37890625,-0.0352,-0.8087,-2.6013,2.0049,4,INTER
12130,47.3828125,1.9859,4.724,-0.8163,-3.5684,4,INTER
12131,47.38671875,0.8489,1.3872,-1.5422,2.0619,4,INTER
12132,47.390625,2.2366,-2.36,-2.0548,1.1055,4,INTER
