sample_idx,timestamp,C3,C4,Cz,Fz,label_int,label_str
0,0.0,0.9871,0.8045,1.655,0.295,0,REST
1,0.00390625,0.3274,3.0731,-1.24,2.4915,0,REST
2,0.0078125,5.4427,4.2083,8.2967,3.8661,0,REST
3,0.01171875,7.3799,4.7694,10.0059,7.5781,0,REST
4,0.015625,10.9223,8.941,10.4898,11.0724,0,REST
5,0.01953125,15.1073,15.7319,12.875,14.5444,0,REST
6,0.0234375,12.3064,11.9177,12.7033,17.6184,0,REST
7,0.02734375,10.6746,14.3917,14.1574,10.7135,0,REST
8,0.03125,10.7073,13.3143,11.3472,10.4472,0,REST
9,0.03515625,7.0928,7.2571,10.0883,8.9935,0,REST
10,0.0390625,7.2785,7.5417,7.6948,5.9917,0,REST
11,0.04296875,-0.9368,4.6706,2.8188,3.0866,0,REST
12,0.046875,-2.6849,1.8146,0.1644,1.196,0,REST
13,0.05078125,-6.6008,-6.6801,-4.2799,-7.0,0,REST
14,0.0546875,-4.2081,-9.8342,-3.1263,-5.3764,0,REST
15,0.05859375,-5.7234,-7.6807,-2.6107,-8.4964,0,REST
16,0.0625,-7.166,-13.5227,-10.3459,-8.3732,0,REST
17,0.06640625,-12.6036,-17.9507,-12.9705,-10.6489,0,REST
18,0.0703125,-16.2247,-12.5391,-11.9372,-14.5923,0,REST
19,0.07421875,-10.2591,-15.1593,-15.3199,-10.4806,0,REST
20,0.078125,-7.1275,-6.9736,-6.0207,-8.6731,0,REST
21,0.08203125,-7.226,-7.4873,-8.3526,-7.3895,0,REST
22,0.0859375,-5.9263,-8.3005,-7.9317,-2.1816,0,REST
23,0.08984375,-5.7813,-0.2492,-5.6261,1.0824,0,REST
24,0.09375,0.0818,0.2289,1.8484,10.0992,0,REST
25,0.09765625,2.3447,4.9576,-0.3521,6.1447,0,REST
26,0.1015625,3.6128,6.8714,7.2785,8.0315,0,REST
27,0.10546875,8.9374,8.5406,9.474,14.0795,0,REST
28,0.109375,7.9982,9.6527,10.3051,10.4675,0,REST
29,0.11328125,13.8698,8.4148,7.248,8.9059,0,REST
30,0.1171875,10.254,9.183,8.1412,10.0867,0,REST
31,0.12109375,11.9575,13.6589,11.3505,8.011,0,REST
32,0.125,9.539,10.3887,7.5366,8.807,0,REST
33,0.12890625,6.6867,10.4355,9.0278,2.4768,0,REST
34,0.1328125,3.4416,5.7364,11.9692,4.9368,0,REST
35,0.13671875,0.8401,4.5791,3.2964,-1.2965,0,REST
36,0.140625,0.4512,1.2395,-0.7083,-4.096,0,REST
37,0.14453125,-1.6859,-4.0856,-0.1784,-8.6828,0,REST
38,0.1484375,-3.2909,-6.6573,-5.7902,-5.5211,0,REST
39,0.15234375,-5.075,-8.7337,-4.4856,-8.2235,0,REST
40,0.15625,-4.0861,-7.0297,-4.5433,-12.4039,0,REST
41,0.16015625,-7.0191,-10.7259,-8.1936,-5.4441,0,REST
42,0.1640625,-7.9162,-13.1469,-7.1266,-8.9232,0,REST
43,0.16796875,-5.4319,-11.3631,-5.3302,-8.7699,0,REST
44,0.171875,-5.3369,-11.8691,-6.565,-8.4013,0,REST
45,0.17578125,-7.0526,-8.7842,-8.2499,-3.4032,0,REST
46,0.1796875,-2.8196,-4.5143,-7.0522,-1.0935,0,REST
47,0.18359375,2.2535,-4.551,-2.2866,2.1956,0,REST
48,0.1875,-0.0436,3.4629,-2.4597,5.7286,0,REST
49,0.19140625,2.2578,1.9708,1.496,5.0153,0,REST
50,0.1953125,2.7184,2.2313,0.2712,4.7753,0,REST
51,0.19921875,1.7969,6.7833,1.1743,6.8458,0,REST
52,0.203125,6.5041,7.4805,1.6321,6.4503,0,REST
53,0.20703125,3.1097,6.4493,2.5995,5.809,0,REST
54,0.2109375,4.8707,11.2446,4.3637,1.8306,0,REST
55,0.21484375,1.981,9.8722,2.3222,1.4002,0,REST
56,0.21875,2.808,7.1303,2.2481,1.6637,0,REST
57,0.22265625,3.4503,8.2521,2.9817,-0.0204,0,REST
58,0.2265625,5.6814,1.9137,3.1881,-2.4565,0,REST
59,0.23046875,4.09,4.5428,2.4667,-0.5263,0,REST
60,0.234375,2.5187,-1.2034,4.4643,-1.1958,0,REST
61,0.23828125,0.8849,-0.8694,-1.567,-3.6483,0,REST
62,0.2421875,0.3557,-4.9643,1.5236,-2.7785,0,REST
63,0.24609375,0.3429,-3.2558,1.0575,-9.3055,0,REST
64,0.25,0.0721,-4.8283,1.8918,-3.828,0,REST
65,0.25390625,-2.9294,-9.1586,-0.0119,-4.8236,0,REST
66,0.2578125,-3.2498,-7.6839,0.4894,-4.0518,0,REST
67,0.26171875,-6.13,-10.4935,2.5914,-2.8174,0,REST
68,0.265625,-1.5058,-5.4993,-4.6396,-3.1569,0,REST
69,0.26953125,-2.2363,-3.5298,-0.3076,-1.1305,0,REST
70,0.2734375,-1.9163,-3.5431,-0.7162,2.2519,0,REST
71,0.27734375,-2.1824,-2.8146,-1.9269,-3.3323,0,REST
72,0.28125,-2.3462,1.0324,-1.8047,-0.5663,0,REST
73,0.28515625,-2.6492,1.9704,-7.9392,1.3811,0,REST
74,0.2890625,-6.454,1.823,-4.295,2.2016,0,REST
75,0.29296875,-4.5855,4.1647,-4.0813,0.1947,0,REST
76,0.296875,-2.2824,4.225,-2.5028,4.8949,0,REST
77,0.30078125,-1.1131,3.1378,-4.6272,5.3797,0,REST
78,0.3046875,-0.9959,6.4362,-8.2255,0.0312,0,REST
79,0.30859375,0.1125,5.9002,-3.2124,0.5429,0,REST
80,0.3125,0.1244,5.6801,-4.3736,3.4461,0,REST
81,0.31640625,2.7892,-1.7106,2.6985,3.1279,0,REST
82,0.3203125,5.6881,4.4294,0.1491,1.5057,0,REST
83,0.32421875,8.255,0.3954,3.6106,1.1621,0,REST
84,0.328125,4.8236,2.9387,5.6603,2.1551,0,REST
85,0.33203125,6.4035,2.2727,4.6618,1.1372,0,REST
86,0.3359375,7.2351,1.2457,3.7576,1.4944,0,REST
87,0.33984375,5.4852,-0.5378,10.4034,3.5809,0,REST
88,0.34375,10.0978,-0.1582,6.5197,-2.5158,0,REST
89,0.34765625,4.5535,-2.8002,8.0202,-2.695,0,REST
90,0.3515625,5.1804,-3.2681,6.4821,-2.6089,0,REST
91,0.35546875,-2.3868,-2.2877,6.234,-4.4683,0,REST
92,0.359375,-1.1949,-3.0388,1.0284,-10.8227,0,REST
93,0.36328125,-3.4835,-4.3415,-0.6405,-6.1574,0,REST
94,0.3671875,-1.1527,-0.2138,-0.0416,-3.604,0,REST
95,0.37109375,-3.143,-1.1836,-2.4497,-6.6561,0,REST
96,0.375,-4.7674,-6.7579,-6.5355,-6.4148,0,REST
97,0.37890625,-9.8177,-1.3866,-6.5176,-5.5128,0,REST
98,0.3828125,-4.2575,0.6959,-8.6248,-4.3391,0,REST
99,0.38671875,-8.5695,-1.8063,-11.6955,-0.4356,0,REST
100,0.390625,-7.0293,-4.8736,-11.94,1.4782,0,REST
101,0.39453125,-9.5468,-1.1435,-11.2298,7.3693,0,REST
102,0.3984375,-4.4902,6.1642,-9.4374,-1.7832,0,REST
103,0.40234375,-4.467,3.6257,-7.5759,5.7379,0,REST
104,0.40625,-2.3063,1.9608,-6.7668,6.5367,0,REST
105,0.41015625,2.1472,4.7233,-2.2864,6.436,0,REST
106,0.4140625,7.3198,1.2504,-1.945,9.7972,0,REST
107,0.41796875,7.3408,1.8447,-0.5353,8.0896,0,REST
108,0.421875,9.2201,3.0822,6.6662,5.5938,0,REST
109,0.42578125,10.3796,8.6166,5.2701,7.41,0,REST
110,0.4296875,8.8044,6.2329,13.4197,3.1634,0,REST
111,0.43359375,14.3758,6.1518,11.4486,0.1581,0,REST
112,0.4375,9.8141,2.0757,10.9115,1.4532,0,REST
113,0.44140625,12.4805,5.0539,12.3132,-6.1854,0,REST
114,0.4453125,6.4195,-0.9192,11.6379,-6.9254,0,REST
115,0.44921875,0.7591,2.649,9.1767,-11.137,0,REST
116,0.453125,4.2288,-1.4817,6.957,-5.5453,0,REST
117,0.45703125,-3.1265,-5.0805,2.0489,-11.7171,0,REST
118,0.4609375,-8.6201,-2.647,3.4532,-9.9872,0,REST
119,0.46484375,-9.1895,-1.2209,0.4297,-8.9964,0,REST
120,0.46875,-9.5652,-6.4003,-6.8129,-7.3166,0,REST
121,0.47265625,-11.429,-3.3342,-8.9006,-4.8573,0,REST
122,0.4765625,-12.9872,0.2947,-6.7937,-4.8462,0,REST
123,0.48046875,-10.5732,-8.5587,-10.0754,0.7969,0,REST
124,0.484375,-9.9462,-4.5677,-13.1312,2.394,0,REST
125,0.48828125,-9.2021,-5.6086,-12.4646,3.8682,0,REST
126,0.4921875,-8.8961,-2.113,-13.6303,7.3347,0,REST
127,0.49609375,-2.2735,-2.3026,-7.894,7.2824,0,REST
128,0.5,-2.6982,-0.6428,-4.1299,10.0561,0,REST
129,0.50390625,3.1612,-0.4583,-2.1447,13.2962,0,REST
130,0.5078125,8.1958,2.6842,-3.4743,11.119,0,REST
131,0.51171875,10.8446,3.125,2.9014,13.2111,0,REST
132,0.515625,7.4964,5.7981,1.221,6.6725,0,REST
133,0.51953125,12.5114,7.1622,10.7798,9.2466,0,REST
134,0.5234375,11.0348,7.8505,9.4463,6.4411,0,REST
135,0.52734375,10.1957,8.7535,13.1676,1.6676,0,REST
136,0.53125,12.1601,9.2989,15.6616,-2.1969,0,REST
137,0.53515625,8.7309,6.5742,12.7143,-7.4505,0,REST
138,0.5390625,5.2727,2.2341,14.0021,-10.1839,0,REST
139,0.54296875,7.5388,-0.8469,6.1185,-14.7692,0,REST
140,0.546875,3.5439,1.9838,10.4173,-14.6283,0,REST
141,0.55078125,-6.4702,-1.7508,5.5367,-12.096,0,REST
142,0.5546875,-6.1351,-5.1195,0.7187,-11.9722,0,REST
143,0.55859375,-8.4496,-2.5674,-1.4842,-15.856,0,REST
144,0.5625,-11.2772,-5.3856,-3.9039,-9.9055,0,REST
145,0.56640625,-11.6204,-9.106,-8.9361,-4.9659,0,REST
146,0.5703125,-12.3443,-7.276,-9.995,-0.2457,0,REST
147,0.57421875,-11.1901,-8.4232,-14.4586,3.9228,0,REST
148,0.578125,-8.0579,-7.913,-14.8656,3.4786,0,REST
149,0.58203125,-8.8366,-10.5787,-13.166,9.5884,0,REST
150,0.5859375,-5.4782,-6.7895,-9.1006,13.4776,0,REST
151,0.58984375,-1.8315,-2.5312,-10.4159,13.0388,0,REST
152,0.59375,-0.0482,1.2945,-8.8395,8.3341,0,REST
153,0.59765625,2.0988,1.1333,-4.2703,12.8298,0,REST
154,0.6015625,7.5552,0.8855,-2.6388,11.5052,0,REST
155,0.60546875,7.4677,2.7565,-2.325,8.0076,0,REST
156,0.609375,5.8063,11.8046,3.2062,5.4833,0,REST
157,0.61328125,6.5413,12.573,7.5122,3.8161,0,REST
158,0.6171875,9.8193,10.0756,8.6058,-1.5034,0,REST
159,0.62109375,9.0743,9.9205,8.9361,-4.9107,0,REST
160,0.625,6.2098,8.3876,8.1124,-6.7703,0,REST
161,0.62890625,6.0614,9.3838,8.9772,-7.5663,0,REST
162,0.6328125,5.5826,8.2111,8.146,-8.4685,0,REST
163,0.63671875,6.2593,2.1779,8.4856,-11.0529,0,REST
164,0.640625,-1.0999,3.5216,5.2387,-12.2016,0,REST
165,0.64453125,-4.9644,-0.0674,1.9706,-11.8079,0,REST
166,0.6484375,-4.0492,-0.4708,4.5598,-8.9544,0,REST
167,0.65234375,-1.0782,-5.3553,3.606,-6.4305,0,REST
168,0.65625,-5.7876,-6.5452,-3.3761,-5.2894,0,REST
169,0.66015625,-3.8335,-11.2954,-0.0673,-5.0821,0,REST
170,0.6640625,-7.8823,-10.0397,-6.7083,-1.0458,0,REST
171,0.66796875,-6.471,-13.1589,-5.0826,4.389,0,REST
172,0.671875,-6.0241,-12.2484,-4.7994,8.2613,0,REST
173,0.67578125,-3.7432,-6.9257,-5.7797,5.5113,0,REST
174,0.6796875,-3.6369,-9.0408,-4.8001,7.8323,0,REST
175,0.68359375,-1.2992,-3.4387,-4.9648,8.843,0,REST
176,0.6875,-3.7371,-1.7158,-4.3543,15.4134,0,REST
177,0.69140625,2.6235,5.1548,-3.2473,7.9538,0,REST
178,0.6953125,-1.1449,3.5776,-4.3365,10.3134,0,REST
179,0.69921875,2.5838,7.4346,-1.8057,6.3929,0,REST
180,0.703125,3.3997,11.1396,-5.1725,4.2012,0,REST
181,0.70703125,3.8552,10.7468,0.5779,1.254,0,REST
182,0.7109375,7.3226,9.167,4.8854,-2.2393,0,REST
183,0.71484375,3.8593,9.9915,3.3921,-4.7467,0,REST
184,0.71875,5.1403,10.5216,4.1477,-6.6242,0,REST
185,0.72265625,1.4004,12.4447,-0.4022,-9.2986,0,REST
186,0.7265625,3.0853,10.9795,0.8217,-8.8643,0,REST
187,0.73046875,1.8522,5.0271,2.7104,-13.0677,0,REST
188,0.734375,-1.3107,0.6174,4.0239,-13.2616,0,REST
189,0.73828125,-0.2844,0.6599,3.3764,-8.8459,0,REST
190,0.7421875,2.7671,-4.9434,3.0215,-4.0884,0,REST
191,0.74609375,2.5876,-5.8462,2.2685,-4.5063,0,REST
192,0.75,3.7886,-9.9024,3.3481,-4.0544,0,REST
193,0.75390625,1.6612,-12.6846,0.9481,2.5303,0,REST
194,0.7578125,2.526,-9.7764,2.8488,3.0999,0,REST
195,0.76171875,-0.4838,-13.46,0.6463,5.2896,0,REST
196,0.765625,-0.8234,-8.5814,0.2283,9.4531,0,REST
197,0.76953125,-1.4708,-11.0156,-0.36,6.8847,0,REST
198,0.7734375,-5.1369,-12.8993,-2.0423,8.1801,0,REST
199,0.77734375,-4.1033,-3.7025,-0.7238,6.012,0,REST
200,0.78125,0.0883,-3.8604,-0.7163,2.8388,0,REST
201,0.78515625,-5.0043,4.1032,-3.4512,4.5971,0,REST
202,0.7890625,-4.9146,2.0153,-3.3805,3.2972,0,REST
203,0.79296875,-7.1543,7.3225,-4.3753,1.898,0,REST
204,0.796875,-3.1712,8.9737,-7.9017,0.5224,0,REST
205,0.80078125,-4.119,9.9875,-2.1643,0.6696,0,REST
206,0.8046875,-1.9085,14.3821,-10.4628,-4.0301,0,REST
207,0.80859375,0.8534,14.3327,-3.7913,-2.8828,0,REST
208,0.8125,-1.1202,17.7834,-3.4022,-4.2713,0,REST
209,0.81640625,-1.8169,12.2657,-2.1552,-6.839,0,REST
210,0.8203125,3.8485,5.1406,-4.4131,-9.6707,0,REST
211,0.82421875,7.5685,11.0337,1.9801,-7.7527,0,REST
212,0.828125,6.1374,3.431,-0.8907,-5.2241,0,REST
213,0.83203125,6.4981,1.3059,-0.8205,-5.7755,0,REST
214,0.8359375,5.7126,-5.2134,4.7062,-4.506,0,REST
215,0.83984375,5.6781,-6.7249,5.8027,-0.866,0,REST
216,0.84375,2.2359,-11.1362,6.864,-2.335,0,REST
217,0.84765625,7.121,-12.8593,8.897,-2.0999,0,REST
218,0.8515625,-0.004,-11.5489,9.0462,-1.4244,0,REST
219,0.85546875,-0.2708,-8.0469,4.9382,0.6362,0,REST
220,0.859375,3.0046,-9.84,9.339,3.0346,0,REST
221,0.86328125,-6.6086,-7.9066,6.7566,3.2554,0,REST
222,0.8671875,-3.1442,-4.4991,4.1134,2.2496,0,REST
223,0.87109375,-6.7696,-5.9648,3.8405,1.834,0,REST
224,0.875,-9.7843,-2.4439,-1.3195,1.4756,0,REST
225,0.87890625,-8.5439,2.2269,-2.339,-0.5215,0,REST
226,0.8828125,-7.6118,7.9239,-4.979,0.3443,0,REST
227,0.88671875,-11.5966,8.7354,-10.3126,4.2329,0,REST
228,0.890625,-6.8456,8.0454,-9.1682,2.9546,0,REST
229,0.89453125,-6.0551,11.7274,-10.1317,0.4487,0,REST
230,0.8984375,-6.8801,10.2407,-9.528,0.5938,0,REST
231,0.90234375,-4.7668,9.1522,-11.0282,3.5642,0,REST
232,0.90625,-3.0421,10.1518,-10.3882,1.7264,0,REST
233,0.91015625,1.867,7.6674,-9.4881,-0.5013,0,REST
234,0.9140625,5.4626,5.3863,-5.4884,0.5858,0,REST
235,0.91796875,9.9186,4.758,-2.7532,-5.8649,0,REST
236,0.921875,12.9114,3.3228,-2.2978,-1.6208,0,REST
237,0.92578125,13.8989,-4.6027,3.4368,-8.2424,0,REST
238,0.9296875,12.8099,-3.739,2.8805,-2.151,0,REST
239,0.93359375,10.4106,-7.6398,2.0415,-5.4564,0,REST
240,0.9375,11.8048,-9.3167,6.9432,-6.2498,0,REST
241,0.94140625,10.1473,-7.4961,13.1053,-6.0399,0,REST
242,0.9453125,6.697,-8.7539,12.5297,-2.7952,0,REST
243,0.94921875,5.6766,-13.6783,17.2537,-6.9578,0,REST
244,0.953125,0.4022,-7.831,11.1724,-5.3888,0,REST
245,0.95703125,-3.0349,-5.28,9.4613,-1.3113,0,REST
246,0.9609375,-9.0494,-3.356,10.5173,0.4425,0,REST
247,0.96484375,-8.3628,-4.736,7.4199,-0.192,0,REST
248,0.96875,-13.3435,-6.6206,5.3266,4.8306,0,REST
249,0.97265625,-11.4576,0.8898,-2.4503,4.954,0,REST
250,0.9765625,-13.2019,2.8121,-1.5829,6.4288,0,REST
251,0.98046875,-12.4104,9.9152,-13.2339,7.5881,0,REST
252,0.984375,-11.4124,6.815,-7.3281,12.2317,0,REST
253,0.98828125,-12.669,12.0103,-13.9952,8.5266,0,REST
254,0.9921875,-4.6168,10.2185,-13.0262,4.019,0,REST
255,0.99609375,-3.8221,7.6068,-11.5318,7.4714,0,REST
256,1.0,0.2897,7.3192,-5.9022,5.4982,0,REST
257,1.00390625,4.3747,6.0661,-11.1712,5.0696,0,REST
258,1.0078125,6.4611,6.5101,-10.4784,5.3682,0,REST
259,1.01171875,10.65,4.4087,-7.3504,-1.4084,0,REST
260,1.015625,12.846,1.2789,-4.8948,-7.7977,0,REST
261,1.01953125,11.1597,-1.0449,0.8599,-5.0609,0,REST
262,1.0234375,14.6374,-3.0244,4.9775,-11.9718,0,REST
263,1.02734375,8.5551,-3.0467,5.9085,-8.5723,0,REST
264,1.03125,8.3562,-5.7963,7.887,-9.4098,0,REST
265,1.03515625,7.5782,-3.6767,11.0568,-10.9812,0,REST
266,1.0390625,6.6199,-10.0283,13.4999,-7.3491,0,REST
267,1.04296875,1.7599,-7.8113,17.1116,-8.452,0,REST
268,1.046875,-0.7958,-4.8956,12.4851,-7.341,0,REST
269,1.05078125,-5.6936,-7.5911,13.1897,-3.3329,0,REST
270,1.0546875,-5.7786,-2.6274,6.6055,4.4701,0,REST
271,1.05859375,-10.1461,-0.2203,5.5447,0.9655,0,REST
272,1.0625,-9.8623,1.7819,0.2427,8.4548,0,REST
273,1.06640625,-8.8629,2.1255,2.6588,8.3368,0,REST
274,1.0703125,-12.543,-1.5399,-4.5459,9.9208,0,REST
275,1.07421875,-10.3394,3.6283,-7.8831,14.2569,0,REST
276,1.078125,-11.6415,3.919,-11.1724,9.3318,0,REST
277,1.08203125,-7.3324,2.6856,-9.1181,12.516,0,REST
278,1.0859375,-2.8201,5.861,-8.8938,12.2911,0,REST
279,1.08984375,-3.0957,7.4861,-12.118,9.7114,0,REST
280,1.09375,1.9323,-1.3796,-11.8913,4.2058,0,REST
281,1.09765625,2.9528,6.6551,-10.7971,1.3391,0,REST
282,1.1015625,0.7076,4.1166,-6.6312,-1.1002,0,REST
283,1.10546875,4.0057,3.1863,-5.6984,-4.8718,0,REST
284,1.109375,8.5748,3.158,-1.5782,-7.9031,0,REST
285,1.11328125,8.5254,2.159,-1.3141,-5.1374,0,REST
286,1.1171875,8.2802,0.3676,3.6091,-11.5002,0,REST
287,1.12109375,7.7081,1.9168,3.6892,-16.0994,0,REST
288,1.125,4.4513,1.1063,7.9706,-14.4356,0,REST
289,1.12890625,7.031,1.7413,6.8148,-12.0634,0,REST
290,1.1328125,3.5676,-1.8771,8.3177,-7.8016,0,REST
291,1.13671875,7.4549,-0.6193,9.9416,-5.7691,0,REST
292,1.140625,0.8898,-2.8385,6.7838,-5.88,0,REST
293,1.14453125,-1.7965,-2.1992,7.5679,1.5416,0,REST
294,1.1484375,-2.105,-4.8659,5.6874,4.3447,0,REST
295,1.15234375,-5.231,-1.6785,4.8708,8.0125,0,REST
296,1.15625,-5.3729,-0.8374,-2.6862,7.3346,0,REST
297,1.16015625,-9.4679,-5.7299,-0.4395,11.6403,0,REST
298,1.1640625,-7.6959,-3.2892,-1.9223,10.6086,0,REST
299,1.16796875,-4.4216,-0.0995,-6.2292,11.7693,0,REST
300,1.171875,-7.8002,-0.1715,-3.8296,12.153,0,REST
301,1.17578125,-4.1549,-2.1129,-3.8643,9.7759,0,REST
302,1.1796875,-5.8704,-0.1914,-3.9349,13.0436,0,REST
303,1.18359375,0.7316,1.3284,-7.6492,5.8683,0,REST
304,1.1875,1.0863,4.1021,-3.7293,1.4371,0,REST
305,1.19140625,1.5438,3.2467,-5.477,-3.7248,0,REST
306,1.1953125,7.0734,1.9554,-2.9473,-1.8137,0,REST
307,1.19921875,1.3507,4.757,-3.3985,-5.9078,0,REST
308,1.203125,2.2711,5.1604,-0.5813,-10.3422,0,REST
309,1.20703125,5.1379,6.0573,-2.5962,-9.5463,0,REST
310,1.2109375,3.9205,3.5022,-3.2759,-13.4425,0,REST
311,1.21484375,1.8239,6.0491,-1.755,-12.341,0,REST
312,1.21875,3.2762,2.1706,-0.3328,-13.4023,0,REST
313,1.22265625,0.0418,-2.8534,2.4453,-9.1821,0,REST
314,1.2265625,2.1965,1.2169,2.0748,-10.3299,0,REST
315,1.23046875,3.4564,2.3567,4.6024,-2.8828,0,REST
316,1.234375,2.9718,-1.9185,-0.0384,-2.5563,0,REST
317,1.23828125,-3.7725,-1.0819,-1.4119,-0.2853,0,REST
318,1.2421875,0.7652,-1.9912,6.6066,2.9633,0,REST
319,1.24609375,-0.9456,-3.9676,0.099,7.3431,0,REST
320,1.25,2.4838,-3.2482,3.0531,8.4417,0,REST
321,1.25390625,-1.1959,-4.5859,0.8035,14.4292,0,REST
322,1.2578125,-3.4177,-5.9191,0.5682,9.4375,0,REST
323,1.26171875,-4.4338,-7.471,1.7187,11.0474,0,REST
324,1.265625,-2.5335,-4.9745,2.1395,10.6243,0,REST
325,1.26953125,-7.7356,-5.6542,4.2066,3.8628,0,REST
326,1.2734375,-3.824,-2.3448,-1.2061,9.2296,0,REST
327,1.27734375,-3.5267,1.1414,2.6799,4.4071,0,REST
328,1.28125,-6.4885,-2.3895,4.0789,-3.3267,0,REST
329,1.28515625,0.0538,2.121,-3.4482,-5.1318,0,REST
330,1.2890625,-3.172,2.0758,-0.4833,-7.9891,0,REST
331,1.29296875,-5.8241,5.5228,-0.9553,-7.237,0,REST
332,1.296875,-0.0679,7.8564,-1.0864,-10.4826,0,REST
333,1.30078125,-4.5332,9.1791,-4.651,-11.6017,0,REST
334,1.3046875,-0.9506,9.1585,-2.6769,-10.9343,0,REST
335,1.30859375,1.6821,10.8339,-7.7307,-11.6211,0,REST
336,1.3125,-0.3787,9.6731,-5.5775,-9.0791,0,REST
337,1.31640625,-0.7637,10.6108,-4.7921,-5.6675,0,REST
338,1.3203125,3.2862,4.1205,-7.1447,-4.1666,0,REST
339,1.32421875,4.067,6.1261,-4.3095,0.4062,0,REST
340,1.328125,4.6926,3.8545,-2.5438,2.4505,0,REST
341,1.33203125,10.0412,-0.7616,-3.0625,3.768,0,REST
342,1.3359375,4.2862,-3.3397,-1.7533,6.7987,0,REST
343,1.33984375,9.3354,-5.2203,-0.2395,7.2593,0,REST
344,1.34375,4.976,-8.4551,4.8795,5.0227,0,REST
345,1.34765625,3.6658,-8.7541,4.3682,10.0146,0,REST
346,1.3515625,4.4883,-10.8629,4.1301,8.3947,0,REST
347,1.35546875,4.9715,-8.091,11.0593,6.2828,0,REST
348,1.359375,1.3964,-10.7312,6.8171,7.2695,0,REST
349,1.36328125,-0.9732,-4.8021,9.8445,3.5051,0,REST
350,1.3671875,-5.4232,-6.2055,12.9253,1.2844,0,REST
351,1.37109375,-7.9294,-5.8663,6.3959,2.597,0,REST
352,1.375,-12.9772,-1.4802,7.7642,-1.1925,0,REST
353,1.37890625,-11.9115,1.4467,5.2836,-3.5227,0,REST
354,1.3828125,-7.1117,0.4016,-0.1935,-5.6108,0,REST
355,1.38671875,-8.5761,5.7972,-3.5048,-5.9523,0,REST
356,1.390625,-14.4942,8.1667,-3.6602,-8.6285,0,REST
357,1.39453125,-6.0979,11.2393,-6.3332,-5.884,0,REST
358,1.3984375,-5.9889,7.7744,-7.6409,-3.7736,0,REST
359,1.40234375,-1.8198,11.5399,-10.3323,-3.369,0,REST
360,1.40625,-0.8677,9.9876,-11.6642,-3.3576,0,REST
361,1.41015625,0.6893,12.3184,-11.7832,-2.716,0,REST
362,1.4140625,2.5853,11.2569,-11.066,1.6505,0,REST
363,1.41796875,7.0566,3.9047,-11.3805,1.3889,0,REST
364,1.421875,7.8294,3.5463,-8.7004,1.1357,0,REST
365,1.42578125,10.1578,-0.8575,-5.0589,2.703,0,REST
366,1.4296875,10.5462,-6.3699,-4.418,1.2503,0,REST
367,1.43359375,9.2492,-5.2082,-1.3274,3.6758,0,REST
368,1.4375,12.661,-11.2766,2.3831,4.6836,0,REST
369,1.44140625,9.2794,-12.0678,7.3243,-0.1728,0,REST
370,1.4453125,6.3506,-14.0998,6.8308,2.0445,0,REST
371,1.44921875,2.9203,-11.7666,9.9937,3.0633,0,REST
372,1.453125,1.016,-9.9303,12.1297,5.2806,0,REST
373,1.45703125,-2.4753,-10.9854,12.2283,1.2177,0,REST
374,1.4609375,-9.3407,-4.5188,11.9253,0.1824,0,REST
375,1.46484375,-8.5314,-8.1719,7.3953,1.8987,0,REST
376,1.46875,-8.7514,-3.2789,10.068,5.9642,0,REST
377,1.47265625,-15.144,1.4615,7.3336,1.172,0,REST
378,1.4765625,-14.847,2.623,4.2625,-0.5924,0,REST
379,1.48046875,-10.0781,6.9246,0.1166,1.5254,0,REST
380,1.484375,-14.1212,5.7482,-2.1274,-1.6587,0,REST
381,1.48828125,-9.4228,7.714,-7.3601,-2.1847,0,REST
382,1.4921875,-6.6896,13.4102,-5.8312,0.0379,0,REST
383,1.49609375,-3.7017,14.435,-10.9556,-5.6246,0,REST
384,1.5,-3.9711,15.0534,-9.6471,0.3448,0,REST
385,1.50390625,6.1386,11.281,-13.9934,-2.351,0,REST
386,1.5078125,10.2281,10.6907,-12.8156,-1.9016,0,REST
387,1.51171875,7.4384,12.7738,-11.9798,-3.2003,0,REST
388,1.515625,12.8956,5.3339,-7.8433,-1.5071,0,REST
389,1.51953125,11.8781,-1.8301,-8.6514,-4.055,0,REST
390,1.5234375,16.0609,-4.9034,-5.7197,-0.7042,0,REST
391,1.52734375,12.2924,-3.3962,-0.3568,-3.8371,0,REST
392,1.53125,11.7053,-9.8164,-0.2616,-0.9256,0,REST
393,1.53515625,10.0833,-12.4031,7.7068,1.367,0,REST
394,1.5390625,3.6472,-10.8801,12.3422,1.0041,0,REST
395,1.54296875,2.3252,-18.6045,10.4226,2.6813,0,REST
396,1.546875,1.3972,-16.8845,13.8187,2.2455,0,REST
397,1.55078125,-5.0588,-8.3989,10.1881,2.7584,0,REST
398,1.5546875,-8.6325,-9.3315,11.081,2.4022,0,REST
399,1.55859375,-9.5006,-6.5305,7.9832,4.98,0,REST
400,1.5625,-9.8034,-4.5652,10.6585,3.2597,0,REST
401,1.56640625,-12.3057,-0.1601,3.8509,5.6765,0,REST
402,1.5703125,-13.7931,3.7644,2.6094,8.3762,0,REST
403,1.57421875,-10.2703,6.9744,1.0639,1.6375,0,REST
404,1.578125,-9.1672,7.2653,-3.0779,2.6037,0,REST
405,1.58203125,-4.7728,6.4176,-7.1177,-1.4497,0,REST
406,1.5859375,-6.9498,11.627,-4.3617,-5.1313,0,REST
407,1.58984375,-0.0516,11.2018,-9.3158,-5.1733,0,REST
408,1.59375,-2.9019,11.8984,-9.1953,-8.7512,0,REST
409,1.59765625,3.1385,12.3997,-11.8476,-7.5814,0,REST
410,1.6015625,5.5334,8.914,-10.4273,-4.9051,0,REST
411,1.60546875,4.2196,7.0141,-8.0577,-9.17,0,REST
412,1.609375,9.8516,4.9476,-8.2163,-7.6099,0,REST
413,1.61328125,13.7603,1.4305,-6.1435,-8.4634,0,REST
414,1.6171875,9.5319,-5.169,-2.3201,-3.306,0,REST
415,1.62109375,10.9479,-4.5383,-1.1154,-2.6873,0,REST
416,1.625,8.617,-4.6772,2.4617,-1.6691,0,REST
417,1.62890625,3.2934,-8.6959,0.9974,-1.8642,0,REST
418,1.6328125,3.9275,-11.5858,6.5601,5.7686,0,REST
419,1.63671875,4.1264,-13.0194,11.9073,6.7756,0,REST
420,1.640625,-0.9272,-11.4994,11.0235,10.3553,0,REST
421,1.64453125,-1.9634,-14.962,9.1491,10.0555,0,REST
422,1.6484375,-3.6192,-8.6407,6.794,12.259,0,REST
423,1.65234375,-4.2768,-6.4663,8.4928,12.7117,0,REST
424,1.65625,-7.2551,-5.131,9.2697,8.2652,0,REST
425,1.66015625,-7.6392,-2.0093,3.5395,5.435,0,REST
426,1.6640625,-5.1289,2.8515,1.7083,0.958,0,REST
427,1.66796875,-4.7666,6.7145,7.1819,5.9191,0,REST
428,1.671875,-5.8054,7.4027,1.0282,0.4133,0,REST
429,1.67578125,-1.6251,9.5502,-0.799,-4.1264,0,REST
430,1.6796875,-5.3804,11.2772,-6.965,-4.8174,0,REST
431,1.68359375,-1.5692,14.8174,-6.2718,-9.7224,0,REST
432,1.6875,-2.1687,7.7647,-2.7454,-8.0302,0,REST
433,1.69140625,-2.7717,9.9961,-6.087,-11.8024,0,REST
434,1.6953125,-0.701,11.1306,-0.4928,-11.2796,0,REST
435,1.69921875,2.8299,8.3189,-4.7256,-10.5804,0,REST
436,1.703125,1.1672,4.0956,-3.2665,-10.9428,0,REST
437,1.70703125,2.7208,2.443,-6.0006,-4.2668,0,REST
438,1.7109375,3.3189,-6.3124,-2.0075,-7.4688,0,REST
439,1.71484375,3.1032,-4.7251,-3.7468,-4.3804,0,REST
440,1.71875,1.58,-6.8998,-3.2503,1.132,0,REST
441,1.72265625,3.4694,-6.1842,3.7372,6.4096,0,REST
442,1.7265625,1.2056,-6.8218,-6.5809,4.6441,0,REST
443,1.73046875,2.1748,-5.4784,-2.3439,9.9063,0,REST
444,1.734375,2.3794,-8.1721,-3.5936,14.492,0,REST
445,1.73828125,0.0602,-8.9842,4.6699,11.5721,0,REST
446,1.7421875,4.2284,-7.0346,-0.0983,11.5697,0,REST
447,1.74609375,0.8322,0.1703,2.8216,14.6261,0,REST
448,1.75,-0.659,-9.1921,2.6655,9.8031,0,REST
449,1.75390625,-0.1729,-2.0287,5.2711,5.6176,0,REST
450,1.7578125,-0.6382,0.4449,6.2454,4.1413,0,REST
451,1.76171875,1.224,5.8452,3.5621,-1.3513,0,REST
452,1.765625,-2.5345,7.6125,1.0494,-3.4024,0,REST
453,1.76953125,0.291,3.6494,6.8356,-3.6155,0,REST
454,1.7734375,-3.926,11.324,5.5462,-10.6206,0,REST
455,1.77734375,-4.312,8.6147,2.6467,-10.4022,0,REST
456,1.78125,-0.8639,5.5343,2.8794,-13.9175,0,REST
457,1.78515625,-3.9316,2.6263,-0.3934,-13.4951,0,REST
458,1.7890625,-2.3878,5.5563,3.4615,-12.3292,0,REST
459,1.79296875,-3.3926,3.7073,1.36,-10.1692,0,REST
460,1.796875,-1.8271,2.1295,2.305,-10.2215,0,REST
461,1.80078125,-2.4988,4.0985,-1.8505,-2.702,0,REST
462,1.8046875,1.8348,-3.7699,0.2192,-2.0327,0,REST
463,1.80859375,-3.5957,-1.8999,-4.1997,0.7991,0,REST
464,1.8125,1.169,-4.1714,-5.2697,3.8235,0,REST
465,1.81640625,1.3879,-8.1454,-3.1708,8.7284,0,REST
466,1.8203125,5.5159,-3.8878,-5.0143,10.8567,0,REST
467,1.82421875,7.2296,-5.0965,-7.0276,8.57,0,REST
468,1.828125,3.6658,-5.6212,-10.2758,18.9824,0,REST
469,1.83203125,4.4852,-6.4892,-3.8162,10.0313,0,REST
470,1.8359375,7.2725,-1.1605,-8.0423,11.511,0,REST
471,1.83984375,5.8009,-3.1258,-1.5873,6.7363,0,REST
472,1.84375,7.7993,-4.7115,-0.3269,7.3589,0,REST
473,1.84765625,8.1866,-2.9539,-1.9925,2.543,0,REST
474,1.8515625,7.6631,-3.2029,1.5361,2.5615,0,REST
475,1.85546875,2.5259,-0.6571,4.7882,-5.4239,0,REST
476,1.859375,-1.399,0.3813,5.3787,-5.0239,0,REST
477,1.86328125,-3.2781,1.2305,9.6527,-9.2433,0,REST
478,1.8671875,-5.1154,2.9467,7.6203,-11.4626,0,REST
479,1.87109375,-6.3888,2.6918,14.8608,-7.481,0,REST
480,1.875,-8.9909,3.8926,9.7665,-14.2537,0,REST
481,1.87890625,-9.5134,5.3534,8.1887,-5.4623,0,REST
482,1.8828125,-9.563,2.5897,5.66,-9.1696,0,REST
483,1.88671875,-10.2104,1.4292,6.4033,-5.3899,0,REST
484,1.890625,-11.775,-1.3401,1.8871,-1.7723,0,REST
485,1.89453125,-7.5323,4.4701,-0.7316,-2.1876,0,REST
486,1.8984375,-4.7632,2.0592,-1.0179,0.519,0,REST
487,1.90234375,0.157,-0.5475,-5.3534,2.2035,0,REST
488,1.90625,0.2868,1.5447,-7.0335,4.1974,0,REST
489,1.91015625,3.6134,-0.039,-7.3519,5.0456,0,REST
490,1.9140625,6.7867,1.7309,-8.6142,9.5302,0,REST
491,1.91796875,7.5271,0.8043,-12.273,12.4638,0,REST
492,1.921875,8.0206,-3.0462,-8.8144,6.1472,0,REST
493,1.92578125,12.4764,-2.3958,-7.9389,8.2748,0,REST
494,1.9296875,10.7169,-3.3162,-7.2739,9.253,0,REST
495,1.93359375,14.926,-1.2115,-8.3515,0.7444,0,REST
496,1.9375,12.3538,-3.3379,-8.6489,1.9153,0,REST
497,1.94140625,5.4649,-6.5811,-2.1333,2.1788,0,REST
498,1.9453125,8.7478,-4.3228,2.4438,-2.8374,0,REST
499,1.94921875,1.853,0.5323,2.4671,-3.2383,0,REST
500,1.953125,-0.905,-2.8238,10.712,1.3845,0,REST
501,1.95703125,0.082,-3.5068,10.5831,-8.4575,0,REST
502,1.9609375,-9.9317,-2.6928,13.1704,-6.4046,0,REST
503,1.96484375,-5.8207,0.3694,15.8243,-6.3828,0,REST
504,1.96875,-14.7173,2.1107,14.3681,-6.892,0,REST
505,1.97265625,-13.6822,2.5888,13.4435,-7.8106,0,REST
506,1.9765625,-12.6255,3.8853,8.3939,-2.2576,0,REST
507,1.98046875,-8.7313,4.1249,6.7086,-4.1308,0,REST
508,1.984375,-9.8074,3.1927,3.6071,-0.2787,0,REST
509,1.98828125,-9.351,4.1121,3.2414,-1.8191,0,REST
510,1.9921875,-6.06,4.6498,-2.1077,2.9142,0,REST
511,1.99609375,-3.206,1.9162,-5.3916,3.2066,0,REST
512,2.0,0.2072,1.8322,-4.1751,0.576,0,REST
513,2.00390625,6.7124,5.9689,-11.5016,1.1527,0,REST
514,2.0078125,7.298,3.5289,-13.3947,2.6342,0,REST
515,2.01171875,5.8451,4.2806,-12.6073,4.9036,0,REST
516,2.015625,12.5245,-0.5626,-13.5619,5.6002,0,REST
517,2.01953125,11.9293,-1.548,-13.5853,1.676,0,REST
518,2.0234375,14.4078,0.0714,-11.4885,3.0915,0,REST
519,2.02734375,13.4493,-3.0729,-7.0601,-3.178,0,REST
520,2.03125,12.0146,-0.849,-7.5961,1.2931,0,REST
521,2.03515625,9.1771,-7.1,-0.4328,3.1119,0,REST
522,2.0390625,5.4127,-6.9713,-0.5269,0.9182,0,REST
523,2.04296875,4.4084,-5.6922,4.2019,-1.0507,0,REST
524,2.046875,2.7577,-6.6329,4.9527,0.452,0,REST
525,2.05078125,-2.3573,-8.3698,8.8881,-2.3884,0,REST
526,2.0546875,-5.9963,-5.4272,10.7534,-1.7288,0,REST
527,2.05859375,-4.9702,-6.2842,14.3449,-1.3449,0,REST
528,2.0625,-10.3581,-2.1559,12.0738,-2.3695,0,REST
529,2.06640625,-12.3618,0.0975,12.0138,-1.8133,0,REST
530,2.0703125,-13.2736,0.0466,7.9167,-2.3109,0,REST
531,2.07421875,-13.5178,1.9241,9.9754,-0.0921,0,REST
532,2.078125,-8.0872,0.8561,4.8483,-3.2104,0,REST
533,2.08203125,-4.1965,6.3587,2.2916,-4.8091,0,REST
534,2.0859375,-1.8194,7.1506,-1.2743,-0.3132,0,REST
535,2.08984375,-0.1404,8.425,-2.9513,-3.6961,0,REST
536,2.09375,1.5039,9.767,-3.9838,-2.8348,0,REST
537,2.09765625,4.4895,8.3366,-7.2868,-2.2733,0,REST
538,2.1015625,6.9305,10.0095,-7.6566,-2.7982,0,REST
539,2.10546875,9.0443,3.2968,-13.038,-1.0604,0,REST
540,2.109375,10.4489,0.4061,-9.8761,1.1986,0,REST
541,2.11328125,9.3934,2.5922,-8.5754,3.056,0,REST
542,2.1171875,11.2851,-1.337,-7.3328,4.4683,0,REST
543,2.12109375,8.6143,-2.6592,-5.7515,3.3577,0,REST
544,2.125,6.7775,-3.7962,-2.9912,3.7291,0,REST
545,2.12890625,12.4969,-7.4814,-1.3929,6.4934,0,REST
546,2.1328125,4.6821,-7.9932,0.5692,6.0078,0,REST
547,2.13671875,3.7883,-8.9715,3.84,7.0463,0,REST
548,2.140625,-2.6679,-9.5926,6.6221,-0.0294,0,REST
549,2.14453125,-4.2395,-7.4531,2.6307,3.7031,0,REST
550,2.1484375,-6.2368,-12.3407,5.8132,-0.2156,0,REST
551,2.15234375,-7.4667,-8.8156,5.3967,0.5409,0,REST
552,2.15625,-8.0299,-4.5299,4.026,-2.2756,0,REST
553,2.16015625,-8.0103,-2.8737,8.3058,0.2508,0,REST
554,2.1640625,-11.8902,-2.4124,7.3056,-4.9918,0,REST
555,2.16796875,-8.8494,4.7725,4.7494,-7.0217,0,REST
556,2.171875,-7.9533,5.3895,4.7673,-7.4332,0,REST
557,2.17578125,-4.9867,9.7845,5.9771,-5.2857,0,REST
558,2.1796875,-2.8396,10.4933,1.993,-6.5661,0,REST
559,2.18359375,-0.8385,9.2535,-0.5179,-7.8118,0,REST
560,2.1875,-5.1093,12.8625,-5.2688,-6.3362,0,REST
561,2.19140625,0.5618,11.902,-2.0786,-5.3507,0,REST
562,2.1953125,2.7478,7.7823,0.9035,-2.8693,0,REST
563,2.19921875,2.4779,7.7971,-3.496,1.8516,0,REST
564,2.203125,0.9409,4.7117,-3.7291,1.0601,0,REST
565,2.20703125,4.126,1.8348,-6.4501,5.8323,0,REST
566,2.2109375,2.7486,1.7035,-7.2408,6.224,0,REST
567,2.21484375,4.5005,-4.5299,-2.9124,7.5382,0,REST
568,2.21875,3.7122,-8.5733,-2.3019,7.1131,0,REST
569,2.22265625,2.7562,-11.3993,-1.8855,12.1111,0,REST
570,2.2265625,2.1521,-8.6837,-2.0565,7.8958,0,REST
571,2.23046875,1.165,-12.2721,-2.8838,7.5557,0,REST
572,2.234375,3.6665,-12.5036,0.1265,5.8876,0,REST
573,2.23828125,0.938,-11.7001,-3.4398,5.9688,0,REST
574,2.2421875,3.1177,-12.1065,-3.155,0.1057,0,REST
575,2.24609375,4.6641,-7.7154,1.8488,-2.0575,0,REST
576,2.25,-1.9547,-3.6316,1.4317,-0.6147,0,REST
577,2.25390625,-0.1322,-1.0802,4.5704,-5.4742,0,REST
578,2.2578125,2.2822,-2.3566,1.2484,-13.3951,0,REST
579,2.26171875,2.3704,1.2711,0.3279,-9.186,0,REST
580,2.265625,-3.5186,7.2152,3.13,-11.6968,0,REST
581,2.26953125,-1.4891,7.4284,3.2014,-9.5973,0,REST
582,2.2734375,0.1568,13.2271,1.7915,-10.9966,0,REST
583,2.27734375,-2.1795,14.5461,6.3728,-10.9665,0,REST
584,2.28125,-4.1689,9.6841,0.7112,-2.3314,0,REST
585,2.28515625,-2.4141,13.8044,0.1829,-4.4194,0,REST
586,2.2890625,-5.0144,13.9861,2.2128,-1.5668,0,REST
587,2.29296875,-0.4398,10.4914,3.7605,2.0677,0,REST
588,2.296875,-0.8922,7.1061,2.4644,6.7726,0,REST
589,2.30078125,-3.7247,-0.9499,3.2332,7.4817,0,REST
590,2.3046875,-1.9722,-1.978,3.4017,8.3941,0,REST
591,2.30859375,-1.8114,-4.8972,-3.9849,7.4389,0,REST
592,2.3125,-0.5709,-6.7451,0.975,10.303,0,REST
593,2.31640625,3.7956,-7.0083,-3.8325,19.0712,0,REST
594,2.3203125,3.5909,-10.1657,-4.315,11.9628,0,REST
595,2.32421875,3.219,-12.8695,-6.8386,5.6579,0,REST
596,2.328125,8.2093,-11.8432,-9.0884,3.1918,0,REST
597,2.33203125,7.8584,-11.7651,-8.7538,2.4623,0,REST
598,2.3359375,7.177,-11.5839,-6.9779,-3.1725,0,REST
599,2.33984375,6.6203,-6.5363,-9.4775,-5.2233,0,REST
600,2.34375,6.5329,-1.7341,-7.678,-7.7911,0,REST
601,2.34765625,7.7477,-2.8655,-5.4346,-9.993,0,REST
602,2.3515625,5.104,1.6746,-2.0057,-12.2006,0,REST
603,2.35546875,0.67,3.9076,-4.8193,-14.953,0,REST
604,2.359375,0.4393,8.7508,-2.1526,-12.5592,0,REST
605,2.36328125,-0.5886,9.0613,6.4862,-14.3526,0,REST
606,2.3671875,-3.9725,11.5807,2.5505,-9.0405,0,REST
607,2.37109375,-7.9348,14.777,8.8538,-5.9759,0,REST
608,2.375,-5.5288,13.0765,10.871,-0.1024,0,REST
609,2.37890625,-8.1034,8.9117,8.3256,-2.4758,0,REST
610,2.3828125,-10.2226,9.2181,8.9544,6.046,0,REST
611,2.38671875,-12.5822,8.0652,6.4895,3.6385,0,REST
612,2.390625,-12.1486,5.7792,9.9759,9.4383,0,REST
613,2.39453125,-7.86,0.208,2.3012,9.748,0,REST
614,2.3984375,-8.3853,-2.2467,4.9701,12.8214,0,REST
615,2.40234375,-2.367,-5.5065,3.9393,12.8829,0,REST
616,2.40625,1.995,-5.3112,-2.1167,12.3678,0,REST
617,2.41015625,3.1298,-10.8263,-1.1664,9.2258,0,REST
618,2.4140625,5.3213,-8.3293,-8.0064,7.503,0,REST
619,2.41796875,4.4732,-11.6386,-8.696,4.0638,0,REST
620,2.421875,10.5405,-11.9442,-9.576,1.698,0,REST
621,2.42578125,10.1493,-9.0463,-14.032,-3.9179,0,REST
622,2.4296875,11.1924,-5.7579,-18.0656,-3.805,0,REST
623,2.43359375,6.9779,-7.1594,-14.2471,-6.7407,0,REST
624,2.4375,12.3943,-7.0943,-7.8306,-10.083,0,REST
625,2.44140625,8.5474,-0.654,-10.8229,-8.4981,0,REST
626,2.4453125,4.2552,2.2024,-4.0937,-8.3521,0,REST
627,2.44921875,5.4429,1.8474,-2.0848,-10.1749,0,REST
628,2.453125,-1.8994,6.6049,0.5064,-10.7515,0,REST
629,2.45703125,-4.6513,10.1504,1.3296,-6.0926,0,REST
630,2.4609375,-5.543,8.6717,6.8286,-5.3733,0,REST
631,2.46484375,-6.8324,10.7692,10.9823,-4.237,0,REST
632,2.46875,-12.2287,9.478,14.1232,1.8641,0,REST
633,2.47265625,-15.007,11.1393,13.9032,2.0927,0,REST
634,2.4765625,-12.1335,9.578,10.6433,3.852,0,REST
635,2.48046875,-10.2804,7.3999,15.2313,6.0769,0,REST
636,2.484375,-12.1954,0.5852,7.2974,7.0609,0,REST
637,2.48828125,-6.572,5.1104,9.5762,6.9105,0,REST
638,2.4921875,-5.4207,-0.4435,9.8355,7.2197,0,REST
639,2.49609375,-3.5131,-1.3646,5.8116,10.7948,0,REST
640,2.5,-2.2301,-5.805,-0.0459,9.5315,0,REST
641,2.50390625,1.432,-6.9164,-0.8529,5.3737,0,REST
642,2.5078125,6.4433,-7.199,-0.8789,3.3476,0,REST
643,2.51171875,9.8725,-7.3478,-10.5883,2.4147,0,REST
644,2.515625,9.4035,-9.0344,-11.8219,2.4738,0,REST
645,2.51953125,18.3624,-7.4196,-10.3126,1.594,0,REST
646,2.5234375,14.7084,-7.0145,-15.0534,-3.477,0,REST
647,2.52734375,12.1725,-8.7553,-14.7927,-6.8354,0,REST
648,2.53125,15.7282,-6.6302,-9.6092,-5.7922,0,REST
649,2.53515625,7.7935,-4.1805,-7.9869,-8.084,0,REST
650,2.5390625,1.4225,-0.0368,-4.521,-6.6468,0,REST
651,2.54296875,1.8813,1.1173,-2.9965,-7.8233,0,REST
652,2.546875,-1.0531,7.6535,-0.5615,-5.4867,0,REST
653,2.55078125,-4.6857,5.385,3.7747,-4.7635,0,REST
654,2.5546875,-8.7234,4.3795,5.4147,-3.7237,0,REST
655,2.55859375,-5.5443,3.6363,7.1116,-2.6602,0,REST
656,2.5625,-12.9979,8.3993,11.5463,3.2129,0,REST
657,2.56640625,-9.5038,7.6191,12.5627,3.2035,0,REST
658,2.5703125,-7.8373,4.9283,15.2138,4.0377,0,REST
659,2.57421875,-12.3938,1.9498,12.3602,4.6077,0,REST
660,2.578125,-8.0412,4.4,9.8327,6.2468,0,REST
661,2.58203125,-9.2846,1.05,7.6366,6.7007,0,REST
662,2.5859375,-4.3655,-3.4411,5.9112,9.8791,0,REST
663,2.58984375,-1.8106,1.174,1.2032,4.9812,0,REST
664,2.59375,1.5882,-3.2078,-0.2838,5.9508,0,REST
665,2.59765625,0.8165,-1.2516,-3.0832,1.5423,0,REST
666,2.6015625,5.263,-3.1112,-1.3349,3.8034,0,REST
667,2.60546875,8.0916,-4.8511,-6.4959,-1.3465,0,REST
668,2.609375,7.5362,-5.2042,-5.1268,-2.1852,0,REST
669,2.61328125,10.9533,-7.604,-8.1226,-1.0005,0,REST
670,2.6171875,12.3855,-2.6966,-6.244,0.5855,0,REST
671,2.62109375,8.9983,-6.236,-9.0822,0.1916,0,REST
672,2.625,7.811,-3.235,-9.24,-5.7082,0,REST
673,2.62890625,5.9996,-2.7743,-8.4865,1.1301,0,REST
674,2.6328125,4.4358,-3.5523,-6.1309,-1.8647,0,REST
675,2.63671875,1.3289,-0.1703,-3.5483,-2.7761,0,REST
676,2.640625,0.5296,2.0029,-0.9173,-1.5824,0,REST
677,2.64453125,-0.48,2.0156,-0.9173,-0.6756,0,REST
678,2.6484375,-5.2238,2.5444,2.7118,-8.4759,0,REST
679,2.65234375,-4.8585,3.2397,4.9277,-1.4398,0,REST
680,2.65625,-5.6334,7.5123,3.9654,-2.5243,0,REST
681,2.66015625,-6.8418,1.9879,5.7657,-1.6171,0,REST
682,2.6640625,-7.441,3.3155,5.9602,-2.0087,0,REST
683,2.66796875,-3.1435,2.7638,6.2058,-0.1624,0,REST
684,2.671875,-6.9532,3.4312,7.9908,-0.7254,0,REST
685,2.67578125,-4.9335,0.2804,3.084,3.44,0,REST
686,2.6796875,-6.6081,0.8218,5.81,0.7985,0,REST
687,2.68359375,-3.8965,2.5741,3.9119,1.8523,0,REST
688,2.6875,2.2255,-1.3345,-1.5683,3.5969,0,REST
689,2.69140625,3.3995,3.7142,1.5838,5.3546,0,REST
690,2.6953125,0.0085,2.6807,-2.6371,4.2095,0,REST
691,2.69921875,2.6558,-0.5377,1.2579,5.8368,0,REST
692,2.703125,1.0481,-2.068,-3.6211,3.6181,0,REST
693,2.70703125,2.5736,-6.1764,-6.6084,4.1975,0,REST
694,2.7109375,3.2498,1.1183,-1.966,4.8644,0,REST
695,2.71484375,5.6617,-0.5471,-6.977,3.1478,0,REST
696,2.71875,4.7855,-1.4617,-5.0602,2.2084,0,REST
697,2.72265625,3.8743,-5.4786,-3.3372,1.5787,0,REST
698,2.7265625,0.6181,-3.6021,-0.906,0.8927,0,REST
699,2.73046875,-0.1052,-0.3378,-1.7836,-4.1872,0,REST
700,2.734375,1.0803,-2.3461,-0.2186,-7.4323,0,REST
701,2.73828125,3.9473,-5.103,0.2404,-5.4521,0,REST
702,2.7421875,5.1767,-0.339,0.7929,-8.5094,0,REST
703,2.74609375,0.1667,-3.3898,-1.2424,-6.1853,0,REST
704,2.75,-1.3951,-0.0143,-2.3426,-8.862,0,REST
705,2.75390625,0.051,1.3044,3.1966,-7.7668,0,REST
706,2.7578125,-1.1536,2.7714,1.2485,-4.7926,0,REST
707,2.76171875,-3.6926,2.6272,-0.0957,-1.6091,0,REST
708,2.765625,-2.86,2.632,-0.5221,-2.7342,0,REST
709,2.76953125,-0.3121,2.1991,0.0307,-0.9977,0,REST
710,2.7734375,-1.4645,1.8175,2.7094,-0.0798,0,REST
711,2.77734375,-6.2241,5.6901,3.5655,4.146,0,REST
712,2.78125,-2.2255,5.91,1.8578,6.6872,0,REST
713,2.78515625,-2.5743,5.5717,3.4487,4.9712,0,REST
714,2.7890625,-2.441,4.5276,6.9632,7.1004,0,REST
715,2.79296875,-2.9886,2.6758,3.5831,6.1198,0,REST
716,2.796875,-3.969,6.9795,2.8142,10.8717,0,REST
717,2.80078125,-3.7691,-1.0288,3.9832,13.0598,0,REST
718,2.8046875,0.4439,-4.4438,3.5047,10.0914,0,REST
719,2.80859375,-1.3866,-1.5474,3.6848,3.8846,0,REST
720,2.8125,2.9158,-0.5584,-0.4293,0.5221,0,REST
721,2.81640625,1.288,-2.3182,-1.7906,-0.1731,0,REST
722,2.8203125,1.5703,-6.3843,-1.3228,-3.254,0,REST
723,2.82421875,3.2066,-4.2071,-3.7487,-5.1181,0,REST
724,2.828125,4.3386,-9.6078,-3.134,-9.3339,0,REST
725,2.83203125,11.1502,-8.1451,-4.8377,-6.5924,0,REST
726,2.8359375,7.8318,-6.2927,-4.2797,-12.1585,0,REST
727,2.83984375,8.1719,-7.3102,-10.6596,-8.6535,0,REST
728,2.84375,7.9784,-6.9599,-5.2018,-14.1428,0,REST
729,2.84765625,4.152,-0.1694,-5.9781,-6.1914,0,REST
730,2.8515625,1.5319,-3.0764,-6.4641,-3.5095,0,REST
731,2.85546875,2.6434,3.0664,-8.4872,-5.6887,0,REST
732,2.859375,0.6222,7.3828,-3.5652,1.2461,0,REST
733,2.86328125,-3.1438,6.5538,1.4652,0.4451,0,REST
734,2.8671875,-5.5827,8.2303,1.6442,5.0005,0,REST
735,2.87109375,-5.1409,11.5042,2.6587,5.3044,0,REST
736,2.875,-10.716,10.8624,4.2809,10.4043,0,REST
737,2.87890625,-6.1307,10.8163,7.1545,13.3385,0,REST
738,2.8828125,-11.0935,11.2194,6.6351,12.269,0,REST
739,2.88671875,-12.1186,8.3117,7.0688,16.1341,0,REST
740,2.890625,-10.3912,6.8633,11.7716,14.0619,0,REST
741,2.89453125,-9.5835,4.8267,12.7919,9.1711,0,REST
742,2.8984375,-3.115,1.4904,5.43,8.6353,0,REST
743,2.90234375,-0.6581,-2.8514,5.7301,1.951,0,REST
744,2.90625,0.6738,-7.6543,5.1505,1.0315,0,REST
745,2.91015625,2.476,-6.9876,0.3382,-4.3617,0,REST
746,2.9140625,3.5824,-5.307,1.6668,-8.8757,0,REST
747,2.91796875,10.1174,-9.3103,-4.3418,-4.7235,0,REST
748,2.921875,11.1799,-10.4284,-5.6718,-12.7177,0,REST
749,2.92578125,11.4533,-10.8321,-9.2973,-16.1815,0,REST
750,2.9296875,13.8371,-10.3378,-4.3293,-7.7149,0,REST
751,2.93359375,8.8023,-6.7995,-10.9167,-14.2744,0,REST
752,2.9375,7.0265,-6.8747,-13.2299,-11.1694,0,REST
753,2.94140625,8.8716,-7.2447,-10.6079,-9.256,0,REST
754,2.9453125,7.8799,-0.3804,-11.1184,-4.4332,0,REST
755,2.94921875,3.0069,0.7006,-8.6235,-4.9017,0,REST
756,2.953125,0.6149,4.7359,-7.1701,-2.1784,0,REST
757,2.95703125,-3.6039,7.3939,-3.969,1.8942,0,REST
758,2.9609375,-7.153,8.0904,-1.2258,5.7497,0,REST
759,2.96484375,-8.8636,10.328,4.3858,5.7313,0,REST
760,2.96875,-12.4951,11.3391,5.3907,14.1793,0,REST
761,2.97265625,-10.5246,8.9233,5.8247,10.2611,0,REST
762,2.9765625,-11.5515,14.7095,10.2414,12.5044,0,REST
763,2.98046875,-13.1213,10.4564,13.72,12.0469,0,REST
764,2.984375,-13.7954,3.9471,13.2551,8.5088,0,REST
765,2.98828125,-11.8716,2.762,16.1545,3.9707,0,REST
766,2.9921875,-6.7112,3.0905,13.3153,3.5566,0,REST
767,2.99609375,-0.7582,-0.0547,11.0726,1.1736,0,REST
768,3.0,1.2895,-7.2207,6.8263,0.4681,0,REST
769,3.00390625,3.3356,-8.1549,5.8061,-4.3996,0,REST
770,3.0078125,8.7373,-5.2534,-0.2706,-8.6954,0,REST
771,3.01171875,10.4444,-10.2014,0.8016,-12.8474,0,REST
772,3.015625,11.7311,-12.0016,-1.3255,-11.5016,0,REST
773,3.01953125,15.4062,-15.2649,-9.4653,-12.0346,0,REST
774,3.0234375,10.6096,-16.5952,-10.641,-12.1605,0,REST
775,3.02734375,15.6225,-9.8571,-10.5238,-10.7488,0,REST
776,3.03125,11.1446,-6.1771,-11.5118,-8.6755,0,REST
777,3.03515625,7.444,-6.271,-16.6024,-3.3105,0,REST
778,3.0390625,8.1773,-2.4523,-14.0673,-0.4561,0,REST
779,3.04296875,0.4317,3.2895,-11.9967,3.3898,0,REST
780,3.046875,-0.3715,3.0191,-7.9281,8.815,0,REST
781,3.05078125,-3.0505,8.4269,-5.4559,3.8032,0,REST
782,3.0546875,-5.3547,10.364,-1.029,7.5238,0,REST
783,3.05859375,-8.7108,11.3042,1.5375,12.0942,0,REST
784,3.0625,-12.9092,17.2894,3.0885,9.9367,0,REST
785,3.06640625,-11.6214,8.2927,9.4217,8.3809,0,REST
786,3.0703125,-17.3084,10.7834,9.027,10.5649,0,REST
787,3.07421875,-13.556,6.4285,10.5725,5.5693,0,REST
788,3.078125,-11.0778,6.1571,10.9626,2.8178,0,REST
789,3.08203125,-11.0832,4.6742,12.9884,2.1298,0,REST
790,3.0859375,-4.2228,1.2182,9.5376,2.2925,0,REST
791,3.08984375,2.854,-4.4736,11.189,-3.3664,0,REST
792,3.09375,0.4235,-7.049,9.5385,-3.7378,0,REST
793,3.09765625,4.3262,-6.6394,6.9154,-6.5213,0,REST
794,3.1015625,5.1163,-11.0434,1.6218,-6.8405,0,REST
795,3.10546875,6.3848,-14.1166,5.1704,-8.3871,0,REST
796,3.109375,11.612,-10.7561,-6.6762,-8.0184,0,REST
797,3.11328125,8.7797,-13.1147,-7.9471,-6.8278,0,REST
798,3.1171875,9.2106,-10.2047,-7.9687,-8.4437,0,REST
799,3.12109375,5.3431,-12.961,-7.8778,-5.0619,0,REST
800,3.125,3.5325,-7.0064,-12.6195,-4.7766,0,REST
801,3.12890625,3.7244,-2.4729,-8.8071,-1.9672,0,REST
802,3.1328125,3.7749,-0.3345,-6.2438,-0.1278,0,REST
803,3.13671875,0.6597,3.0572,-11.7594,0.4597,0,REST
804,3.140625,1.0553,6.3604,-7.3083,3.5354,0,REST
805,3.14453125,-8.0374,9.273,-7.1263,4.7581,0,REST
806,3.1484375,-5.1801,9.5046,-5.0358,2.3215,0,REST
807,3.15234375,-9.2605,9.8077,-1.3414,6.187,0,REST
808,3.15625,-6.8303,10.6403,-0.3088,5.7918,0,REST
809,3.16015625,-8.8349,11.2065,1.1005,3.6685,0,REST
810,3.1640625,-4.7811,13.036,5.1964,4.1946,0,REST
811,3.16796875,-7.1826,7.3489,7.037,4.1159,0,REST
812,3.171875,-9.3637,9.1277,7.0553,6.7309,0,REST
813,3.17578125,-3.5109,3.0432,4.8523,0.0033,0,REST
814,3.1796875,-3.8574,1.5111,5.5057,-2.1004,0,REST
815,3.18359375,-1.4456,-1.997,4.8101,-3.2109,0,REST
816,3.1875,2.0404,-0.548,5.3229,-1.7558,0,REST
817,3.19140625,0.5289,-6.3087,4.3285,-5.3514,0,REST
818,3.1953125,2.3435,-8.6774,0.0874,-5.1877,0,REST
819,3.19921875,6.4673,-9.8503,1.386,-0.674,0,REST
820,3.203125,3.5032,-13.7716,2.2521,-2.3922,0,REST
821,3.20703125,4.8509,-10.9026,-1.8793,-0.3732,0,REST
822,3.2109375,4.4763,-9.4866,-1.3815,-0.8598,0,REST
823,3.21484375,3.1201,-9.7634,-1.6783,-6.0562,0,REST
824,3.21875,4.1398,-9.7661,-1.1896,-1.6019,0,REST
825,3.22265625,0.0877,-2.8738,-3.9875,-3.1016,0,REST
826,3.2265625,0.148,-6.7778,-2.6505,-0.8532,0,REST
827,3.23046875,5.3363,5.032,-2.4149,0.481,0,REST
828,3.234375,4.3311,3.3818,-6.8383,-1.0534,0,REST
829,3.23828125,4.4552,6.6983,-2.5917,-2.6418,0,REST
830,3.2421875,0.3113,9.8512,-2.8983,3.8605,0,REST
831,3.24609375,0.0262,11.7463,-3.4671,-1.3571,0,REST
832,3.25,-0.377,12.2192,-2.8497,5.4478,0,REST
833,3.25390625,1.3743,8.6708,1.1993,1.3254,0,REST
834,3.2578125,2.8267,9.9245,-2.4491,0.0305,0,REST
835,3.26171875,-4.1722,8.2584,-2.2079,5.3495,0,REST
836,3.265625,-1.9956,5.0536,-0.2056,3.6322,0,REST
837,3.26953125,-2.2928,3.6124,1.3153,5.9565,0,REST
838,3.2734375,-0.9851,2.8212,-0.7657,3.3724,0,REST
839,3.27734375,-4.4466,0.4052,2.0018,7.5198,0,REST
840,3.28125,-2.0233,-4.1977,-0.9392,2.0931,0,REST
841,3.28515625,-4.8193,-4.3611,-1.4688,1.5585,0,REST
842,3.2890625,-3.5247,-10.7293,5.9101,3.9583,0,REST
843,3.29296875,-4.1677,-7.3435,2.1699,-0.9477,0,REST
844,3.296875,-0.1469,-11.2839,5.9054,-0.1333,0,REST
845,3.30078125,-5.4725,-10.5975,5.7512,-3.8237,0,REST
846,3.3046875,-5.4989,-8.4033,6.4857,1.7764,0,REST
847,3.30859375,-3.8666,-5.2436,5.222,-2.8599,0,REST
848,3.3125,1.8001,-4.3782,2.081,-5.6577,0,REST
849,3.31640625,-1.4569,-2.5341,3.3604,-7.546,0,REST
850,3.3203125,5.462,-0.296,4.432,-5.911,0,REST
851,3.32421875,5.8634,2.1533,3.1509,-3.1194,0,REST
852,3.328125,3.7678,4.2952,-1.3427,-5.5961,0,REST
853,3.33203125,3.1157,6.1765,0.5997,-4.3971,0,REST
854,3.3359375,7.1179,5.6594,-4.6039,-3.7562,0,REST
855,3.33984375,8.7526,6.8187,-9.5913,-3.905,0,REST
856,3.34375,7.4856,8.1066,-2.5225,-0.5323,0,REST
857,3.34765625,5.6205,4.8474,-7.206,5.182,0,REST
858,3.3515625,5.4779,6.3509,-9.7967,6.2818,0,REST
859,3.35546875,6.3762,2.5793,-8.5204,3.1895,0,REST
860,3.359375,3.7524,2.6002,-7.5859,5.5941,0,REST
861,3.36328125,2.7137,6.6784,-3.0394,10.172,0,REST
862,3.3671875,-3.3313,3.9248,-3.1828,8.0528,0,REST
863,3.37109375,-7.4074,-4.1647,-4.2766,7.8936,0,REST
864,3.375,-10.1383,-0.7305,1.9407,7.0722,0,REST
865,3.37890625,-9.4117,-4.1767,-1.0309,1.8107,0,REST
866,3.3828125,-9.8362,-4.5936,2.2893,5.102,0,REST
867,3.38671875,-8.3793,-2.9805,6.873,3.2812,0,REST
868,3.390625,-10.2026,-2.9319,5.2796,-1.1742,0,REST
869,3.39453125,-6.4003,-6.9478,10.3228,-2.3864,0,REST
870,3.3984375,-5.7729,-4.1789,8.5175,-4.442,0,REST
871,3.40234375,-3.3539,-5.4404,11.6393,-8.3302,0,REST
872,3.40625,-1.2653,-5.1271,11.9336,-10.5719,0,REST
873,3.41015625,-2.3074,-2.9598,8.1644,-9.6587,0,REST
874,3.4140625,7.4795,-2.8666,5.3291,-9.2682,0,REST
875,3.41796875,7.8083,-3.5854,5.0638,-9.2492,0,REST
876,3.421875,3.9186,-1.3655,-0.0243,-8.2011,0,REST
877,3.42578125,9.3678,1.9709,-3.2299,-7.7499,0,REST
878,3.4296875,10.569,4.4545,-6.5191,-2.8665,0,REST
879,3.43359375,15.0296,4.2259,-10.9301,-2.6943,0,REST
880,3.4375,8.9389,5.274,-6.225,2.7602,0,REST
881,3.44140625,10.0936,5.9055,-10.7786,8.194,0,REST
882,3.4453125,4.845,0.428,-16.2391,8.3671,0,REST
883,3.44921875,-0.7728,-0.701,-11.5316,8.8819,0,REST
884,3.453125,-0.3479,6.5074,-14.2318,11.7087,0,REST
885,3.45703125,-3.116,6.158,-9.2802,13.3457,0,REST
886,3.4609375,-5.8098,3.3989,-10.8001,13.1755,0,REST
887,3.46484375,-5.2841,3.7497,-7.746,11.4294,0,REST
888,3.46875,-10.8708,3.5895,-3.1971,11.2729,0,REST
889,3.47265625,-9.9795,2.9872,0.419,6.1251,0,REST
890,3.4765625,-13.1645,3.7727,6.6203,4.7222,0,REST
891,3.48046875,-14.8669,0.34,10.3488,-0.3326,0,REST
892,3.484375,-13.3238,0.2768,9.9384,-4.3713,0,REST
893,3.48828125,-9.7466,-0.902,11.9681,-11.6355,0,REST
894,3.4921875,-6.2543,-0.3066,14.3444,-11.0375,0,REST
895,3.49609375,-4.1594,0.2493,11.5357,-10.1793,0,REST
896,3.5,3.7744,-2.1519,14.2047,-13.3681,0,REST
897,3.50390625,9.6967,-3.8523,17.4612,-17.4485,0,REST
898,3.5078125,9.6387,-3.2106,9.3314,-14.2387,0,REST
899,3.51171875,6.8264,-3.5866,5.404,-10.0184,0,REST
900,3.515625,9.308,-2.1073,-1.6838,-6.1711,0,REST
901,3.51953125,14.16,-3.1587,-1.3495,-4.4178,0,REST
902,3.5234375,13.118,-4.2103,-1.8329,-1.8211,0,REST
903,3.52734375,11.2216,-0.5993,-5.2043,-1.8951,0,REST
904,3.53125,8.641,-4.3601,-6.4621,3.5286,0,REST
905,3.53515625,4.112,0.0571,-11.8849,8.2451,0,REST
906,3.5390625,3.0572,2.4848,-14.9496,11.302,0,REST
907,3.54296875,4.9352,1.4228,-12.7881,9.2522,0,REST
908,3.546875,0.7411,3.2071,-11.1539,12.0845,0,REST
909,3.55078125,-2.7133,2.8008,-9.7667,12.2054,0,REST
910,3.5546875,-8.6195,3.9418,-10.0524,11.525,0,REST
911,3.55859375,-8.505,3.6201,-3.9763,10.2724,0,REST
912,3.5625,-9.0169,2.935,-2.3155,6.3427,0,REST
913,3.56640625,-10.8013,4.8849,1.5869,4.7354,0,REST
914,3.5703125,-14.3002,4.5612,3.879,-2.0573,0,REST
915,3.57421875,-12.2592,7.6633,5.387,-6.8748,0,REST
916,3.578125,-2.3855,2.3256,5.426,-7.9489,0,REST
917,3.58203125,-11.8013,2.354,6.7365,-12.0507,0,REST
918,3.5859375,-5.0509,-1.0411,9.032,-10.1584,0,REST
919,3.58984375,1.0423,-1.4955,12.6548,-14.3805,0,REST
920,3.59375,0.5079,-4.7564,11.4539,-12.9506,0,REST
921,3.59765625,3.5579,-4.3259,11.0979,-14.5741,0,REST
922,3.6015625,7.4961,-6.7548,4.8822,-13.8834,0,REST
923,3.60546875,7.6816,-6.0003,3.8138,-4.9902,0,REST
924,3.609375,7.6138,-8.5264,2.3181,-3.0921,0,REST
925,3.61328125,15.6237,-11.1788,-0.6813,-3.9578,0,REST
926,3.6171875,12.6864,-6.3975,-1.1154,0.8536,0,REST
927,3.62109375,5.9555,-4.9159,-5.5733,4.6835,0,REST
928,3.625,12.8161,-4.0917,-8.0812,8.3847,0,REST
929,3.62890625,5.5947,-3.052,-9.3477,9.7614,0,REST
930,3.6328125,7.5922,-1.3965,-6.9066,14.5364,0,REST
931,3.63671875,3.1393,-3.8446,-11.1514,14.0441,0,REST
932,3.640625,-2.2512,2.2184,-6.4883,10.9312,0,REST
933,3.64453125,-1.4341,7.0638,-6.3923,11.7878,0,REST
934,3.6484375,-3.7123,6.7801,-5.3979,4.2059,0,REST
935,3.65234375,-6.6163,8.8934,-6.9506,5.3072,0,REST
936,3.65625,-4.4835,10.7898,-4.83,0.909,0,REST
937,3.66015625,-8.0882,9.946,-0.7059,-3.585,0,REST
938,3.6640625,-5.0126,8.3346,0.3366,-1.8969,0,REST
939,3.66796875,-7.6558,8.0453,3.1334,-4.9958,0,REST
940,3.671875,-0.8064,7.2271,7.8831,-5.8586,0,REST
941,3.67578125,-5.5457,5.5533,4.0651,-12.177,0,REST
942,3.6796875,-0.9524,4.5791,6.1143,-4.1955,0,REST
943,3.68359375,-2.5124,0.7247,4.2287,-9.0423,0,REST
944,3.6875,-0.1257,-3.4816,7.9201,-6.9197,0,REST
945,3.69140625,-0.7992,-7.5621,5.2769,-9.5336,0,REST
946,3.6953125,0.8694,-9.4157,4.2684,-4.8676,0,REST
947,3.69921875,6.3862,-10.7458,4.0257,1.3742,0,REST
948,3.703125,4.4969,-13.8724,2.626,0.1022,0,REST
949,3.70703125,3.6192,-13.6972,3.9744,-2.2636,0,REST
950,3.7109375,7.2143,-10.3343,-0.8976,2.5723,0,REST
951,3.71484375,2.2862,-5.9758,-1.7455,6.8233,0,REST
952,3.71875,4.349,-9.1483,-4.9199,4.7823,0,REST
953,3.72265625,1.473,-5.8894,2.1231,7.9201,0,REST
954,3.7265625,5.2335,-1.4901,1.4085,7.6743,0,REST
955,3.73046875,0.8032,-4.3447,0.5254,11.065,0,REST
956,3.734375,2.8473,4.3786,0.0158,3.4101,0,REST
957,3.73828125,2.9814,4.2692,-3.4054,3.6268,0,REST
958,3.7421875,-1.4496,5.6437,-7.4846,4.698,0,REST
959,3.74609375,1.9279,9.5021,-4.177,4.9289,0,REST
960,3.75,0.9311,11.3813,-4.4445,1.9496,0,REST
961,3.75390625,2.6971,14.449,1.6569,-1.4738,0,REST
962,3.7578125,-3.6847,13.4499,-3.0473,0.738,0,REST
963,3.76171875,-1.5864,13.3729,-3.1914,1.1598,0,REST
964,3.765625,-0.354,9.5301,-4.869,-8.894,0,REST
965,3.76953125,-2.0049,5.6099,-1.6182,-8.6299,0,REST
966,3.7734375,-1.6143,5.8814,-4.2545,-5.1283,0,REST
967,3.77734375,0.8955,1.127,-1.7157,-4.9803,0,REST
968,3.78125,-4.4873,-2.7972,-3.6532,-8.1752,0,REST
969,3.78515625,-2.8773,-4.5098,1.2646,-4.714,0,REST
970,3.7890625,-5.7334,-7.496,1.7187,-1.0389,0,REST
971,3.79296875,-4.6048,-10.5221,-0.0466,-4.1197,0,REST
972,3.796875,0.1071,-12.3302,0.3675,-0.2049,0,REST
973,3.80078125,-1.9716,-12.2052,1.6902,-0.0127,0,REST
974,3.8046875,-3.915,-8.8838,5.8328,-1.7004,0,REST
975,3.80859375,-1.8501,-12.6736,5.7962,1.3284,0,REST
976,3.8125,2.4546,-9.6539,4.1807,1.876,0,REST
977,3.81640625,0.9171,-5.411,6.8994,0.572,0,REST
978,3.8203125,3.1584,-2.4254,0.2741,3.7622,0,REST
979,3.82421875,7.9047,-1.6866,8.6484,2.7683,0,REST
980,3.828125,8.607,3.4091,3.9445,4.9289,0,REST
981,3.83203125,8.3627,5.1347,-0.206,2.8415,0,REST
982,3.8359375,6.9937,6.8821,1.149,2.8894,0,REST
983,3.83984375,7.8509,12.9867,3.2403,2.6553,0,REST
984,3.84375,5.0676,14.1489,-0.9856,1.6618,0,REST
985,3.84765625,5.4327,14.5595,-3.1797,1.5426,0,REST
986,3.8515625,5.624,14.0226,-5.2198,5.8884,0,REST
987,3.85546875,2.7807,8.8951,-8.3935,2.2165,0,REST
988,3.859375,-1.1491,10.4479,-6.1707,2.1795,0,REST
989,3.86328125,-0.626,5.8184,-7.7822,0.6049,0,REST
990,3.8671875,-4.7509,6.6081,-6.8753,-1.6999,0,REST
991,3.87109375,-6.2961,1.9167,-4.9535,2.4407,0,REST
992,3.875,-8.9086,-6.6436,-5.1108,-3.6349,0,REST
993,3.87890625,-8.046,-8.5456,-6.5299,-5.4335,0,REST
994,3.8828125,-10.775,-9.3457,-3.2538,-7.8665,0,REST
995,3.88671875,-12.2642,-11.171,0.9169,-3.891,0,REST
996,3.890625,-6.775,-18.3704,0.7992,-6.3766,0,REST
997,3.89453125,-5.3551,-13.8899,8.0267,-7.3049,0,REST
998,3.8984375,-2.0684,-16.2574,5.138,-7.1903,0,REST
999,3.90234375,-6.4577,-8.6667,13.2262,-7.9403,0,REST
1000,3.90625,-2.6465,-12.1877,11.6431,-4.1637,0,REST
1001,3.91015625,0.2245,-7.001,11.4931,-1.1688,0,REST
1002,3.9140625,5.7241,-0.2767,13.0571,0.0367,0,REST
1003,3.91796875,6.7411,2.2108,12.4895,3.599,0,REST
1004,3.921875,10.2746,2.4453,7.3235,3.0431,0,REST
1005,3.92578125,7.9359,7.1793,5.5202,8.1056,0,REST
1006,3.9296875,10.7561,12.9297,5.1685,5.4842,0,REST
1007,3.93359375,8.6801,14.3027,-2.0861,6.8647,0,REST
1008,3.9375,8.8392,13.4854,-4.2411,7.3081,0,REST
1009,3.94140625,9.1089,13.6645,-4.2062,11.0415,0,REST
1010,3.9453125,7.3518,12.3891,-5.3483,7.6717,0,REST
1011,3.94921875,4.9345,13.0281,-9.3649,7.1516,0,REST
1012,3.953125,3.785,8.0502,-13.4076,3.6467,0,REST
1013,3.95703125,-5.8895,8.9194,-13.629,-0.3012,0,REST
1014,3.9609375,-3.8665,5.5169,-14.1991,-0.6298,0,REST
1015,3.96484375,-6.356,-0.1234,-7.0787,-5.0418,0,REST
1016,3.96875,-12.752,-2.0766,-10.7322,-5.1413,0,REST
1017,3.97265625,-12.5936,-5.2592,-6.618,-5.9783,0,REST
1018,3.9765625,-13.618,-5.784,-4.9632,-7.8308,0,REST
1019,3.98046875,-12.8115,-10.5514,2.0265,-10.3269,0,REST
1020,3.984375,-12.9159,-13.441,5.4558,-11.1297,0,REST
1021,3.98828125,-3.9141,-13.5174,3.5835,-7.4775,0,REST
1022,3.9921875,-7.5763,-8.7184,8.1955,-7.6075,0,REST
1023,3.99609375,-1.2575,-13.4628,8.5464,-8.9669,0,REST
1024,4.0,-2.1859,-9.327,13.1123,-4.4135,0,REST
1025,4.00390625,4.6245,-2.3178,12.5277,1.7691,0,REST
1026,4.0078125,9.0991,-4.1787,12.0707,-0.3232,0,REST
1027,4.01171875,5.795,1.5664,12.9157,4.4721,0,REST
1028,4.015625,8.9246,3.3742,9.6016,2.184,0,REST
1029,4.01953125,10.1957,6.1805,8.5322,7.5069,0,REST
1030,4.0234375,9.7677,8.857,5.9217,8.0218,0,REST
1031,4.02734375,14.657,6.2011,3.0705,13.3426,0,REST
1032,4.03125,12.8228,12.1472,-5.0979,14.1242,0,REST
1033,4.03515625,10.3892,12.1263,-8.4584,10.2992,0,REST
1034,4.0390625,5.2548,9.1536,-11.4664,6.1022,0,REST
1035,4.04296875,3.0525,8.0383,-11.2769,7.3412,0,REST
1036,4.046875,1.4739,4.529,-9.0686,7.7836,0,REST
1037,4.05078125,-2.4386,1.9893,-13.8571,-0.2517,0,REST
1038,4.0546875,-8.4114,1.1789,-10.1933,1.0484,0,REST
1039,4.05859375,-4.1784,0.2968,-9.4345,-9.8937,0,REST
1040,4.0625,-11.8233,-2.1438,-8.6767,-9.9073,0,REST
1041,4.06640625,-12.6668,-3.3286,-10.0459,-10.8457,0,REST
1042,4.0703125,-14.5371,-6.4871,-4.9255,-9.7175,0,REST
1043,4.07421875,-14.9812,-6.4448,1.3364,-12.3391,0,REST
1044,4.078125,-8.3045,-5.5385,2.0729,-10.9627,0,REST
1045,4.08203125,-6.0253,-7.3742,5.1377,-9.977,0,REST
1046,4.0859375,-5.5599,-7.5081,7.1523,-10.3593,0,REST
1047,4.08984375,-3.2702,-5.9562,8.7996,-9.1101,0,REST
1048,4.09375,0.2303,-4.4093,8.6963,-1.5363,0,REST
1049,4.09765625,0.9936,-6.4156,9.4129,1.96,0,REST
1050,4.1015625,7.7714,-2.0417,10.363,7.2957,0,REST
1051,4.10546875,9.5071,0.1757,10.7468,6.4632,0,REST
1052,4.109375,9.7068,-0.2581,8.2033,10.5395,0,REST
1053,4.11328125,7.1708,-0.2402,10.855,12.4485,0,REST
1054,4.1171875,7.7773,4.0557,1.1385,14.381,0,REST
1055,4.12109375,10.4069,6.7873,-1.9718,12.5262,0,REST
1056,4.125,8.6899,4.036,-1.0131,9.2801,0,REST
1057,4.12890625,8.7105,6.4402,-2.256,13.2492,0,REST
1058,4.1328125,2.8473,5.9459,-7.5384,8.0188,0,REST
1059,4.13671875,-0.9816,5.3757,-3.5224,5.1741,0,REST
1060,4.140625,-0.4151,5.66,-9.4406,-0.265,0,REST
1061,4.14453125,-4.1742,2.1164,-4.9173,-3.7172,0,REST
1062,4.1484375,-7.461,1.0735,-6.5158,-5.7513,0,REST
1063,4.15234375,-2.6122,-3.3622,-7.4219,-7.3165,0,REST
1064,4.15625,-9.8747,2.2949,-8.3921,-8.94,0,REST
1065,4.16015625,-8.2537,-1.1018,-2.0459,-10.1216,0,REST
1066,4.1640625,-11.4038,-2.0966,-4.0232,-11.3776,0,REST
1067,4.16796875,-5.3979,-2.6621,0.2851,-9.2368,0,REST
1068,4.171875,-8.092,-4.3235,-3.989,-10.2327,0,REST
1069,4.17578125,-0.6793,-1.0412,4.0857,-8.0981,0,REST
1070,4.1796875,-1.3465,-3.8963,5.356,-1.3486,0,REST
1071,4.18359375,-1.5273,-5.4221,5.3748,-1.8775,0,REST
1072,4.1875,-1.9245,-4.3317,3.6254,-1.2679,0,REST
1073,4.19140625,1.7473,-5.8704,5.5684,6.2303,0,REST
1074,4.1953125,4.7122,-0.4032,6.6047,5.3239,0,REST
1075,4.19921875,5.5358,-2.0389,8.461,10.02,0,REST
1076,4.203125,3.4628,1.4468,6.5383,12.8848,0,REST
1077,4.20703125,2.805,-2.9313,5.0748,14.6019,0,REST
1078,4.2109375,5.4893,-1.5988,1.1713,9.2383,0,REST
1079,4.21484375,2.5306,-1.4091,2.5074,12.3505,0,REST
1080,4.21875,3.7748,1.956,-0.413,12.5964,0,REST
1081,4.22265625,1.8132,3.3352,-1.4197,5.3765,0,REST
1082,4.2265625,5.0529,2.6251,-1.5284,3.7281,0,REST
1083,4.23046875,2.08,6.2094,-3.152,2.3477,0,REST
1084,4.234375,0.9908,2.1834,-1.5352,0.0135,0,REST
1085,4.23828125,0.3181,3.4629,-0.2156,-4.6348,0,REST
1086,4.2421875,-1.3155,1.1221,-2.8663,-8.9975,0,REST
1087,4.24609375,0.5661,0.2292,-0.9869,-10.1512,0,REST
1088,4.25,-0.5457,-1.2582,-3.9474,-10.0142,0,REST
1089,4.25390625,1.6987,3.8191,-0.8646,-10.3486,0,REST
1090,4.2578125,-3.2551,-4.9877,-0.7287,-10.904,0,REST
1091,4.26171875,-6.0203,4.5113,-5.2243,-11.1483,0,REST
1092,4.265625,-2.3134,3.2774,-4.2633,-7.2602,0,REST
1093,4.26953125,-0.4825,2.3393,-3.3189,-2.4851,0,REST
1094,4.2734375,-3.3367,0.1672,-4.3969,-0.1383,0,REST
1095,4.27734375,-5.6666,-3.2357,-2.9645,-1.4928,0,REST
1096,4.28125,-1.4372,-0.8355,-0.638,2.6078,0,REST
1097,4.28515625,-8.0053,-3.6379,-1.3024,5.4144,0,REST
1098,4.2890625,-3.5788,-2.0847,0.7045,3.6665,0,REST
1099,4.29296875,-4.2497,-4.0143,-5.1794,8.2438,0,REST
1100,4.296875,-3.2587,-3.9092,2.2205,4.3942,0,REST
1101,4.30078125,1.0298,-4.9579,-0.4572,10.5361,0,REST
1102,4.3046875,-3.4334,-1.8541,0.5735,9.4148,0,REST
1103,4.30859375,0.425,-4.5519,3.8052,1.7156,0,REST
1104,4.3125,3.7043,-1.0334,5.5819,4.7822,0,REST
1105,4.31640625,4.0778,0.2627,5.9419,4.5763,0,REST
1106,4.3203125,2.0681,-1.7853,8.4664,1.7985,0,REST
1107,4.32421875,6.9543,0.7687,4.2377,-4.4181,0,REST
1108,4.328125,3.9821,0.4449,6.961,-3.5777,0,REST
1109,4.33203125,5.62,1.0974,5.4051,1.0994,0,REST
1110,4.3359375,3.9231,4.5551,7.1375,-6.2603,0,REST
1111,4.33984375,5.514,5.644,1.7644,-4.0669,0,REST
1112,4.34375,9.3366,6.1162,0.3661,-3.9735,0,REST
1113,4.34765625,8.1913,6.4825,-0.0659,-5.4743,0,REST
1114,4.3515625,5.8071,8.2643,-2.2801,-4.0529,0,REST
1115,4.35546875,2.0134,3.1764,-4.8548,-1.4485,0,REST
1116,4.359375,1.0078,4.3657,-7.2805,-2.2973,0,REST
1117,4.36328125,-3.0456,4.1247,-8.7305,-3.5367,0,REST
1118,4.3671875,-5.2197,3.1153,-6.6857,0.6895,0,REST
1119,4.37109375,-8.9822,0.6124,-8.2127,1.8005,0,REST
1120,4.375,-8.7801,-3.3255,-10.2381,-0.2575,0,REST
1121,4.37890625,-11.5194,-3.0782,-8.0346,1.9432,0,REST
1122,4.3828125,-11.3027,-4.5828,-5.2427,5.5306,0,REST
1123,4.38671875,-9.7864,-6.1499,-0.4676,4.2124,0,REST
1124,4.390625,-10.31,-4.4738,-4.3139,4.6155,0,REST
1125,4.39453125,-7.973,-9.5627,2.297,1.5045,0,REST
1126,4.3984375,-3.0947,-8.2359,3.7302,1.683,0,REST
1127,4.40234375,-1.3223,-8.5238,3.3516,3.4814,0,REST
1128,4.40625,2.0687,-8.6597,9.024,5.3844,0,REST
1129,4.41015625,2.1739,-8.5996,11.8451,5.2004,0,REST
1130,4.4140625,5.5244,-6.4741,10.3854,2.6162,0,REST
1131,4.41796875,7.7913,-4.3298,11.382,3.9642,0,REST
1132,4.421875,12.8083,1.5928,10.3016,-1.3632,0,REST
1133,4.42578125,8.93,-0.3149,12.5443,1.0947,0,REST
1134,4.4296875,13.755,7.852,10.1204,-5.3884,0,REST
1135,4.43359375,9.2952,5.3019,4.8239,1.8289,0,REST
1136,4.4375,12.8017,9.9037,1.6627,-0.7427,0,REST
1137,4.44140625,9.3443,8.7128,0.5734,-5.0836,0,REST
1138,4.4453125,7.9817,9.1443,-2.5221,-1.7599,0,REST
1139,4.44921875,3.9052,8.4905,-4.4378,-3.6255,0,REST
1140,4.453125,2.2725,10.3898,-5.4662,-1.7881,0,REST
1141,4.45703125,-2.689,7.6991,-9.9561,-6.9344,0,REST
1142,4.4609375,-8.8555,6.2764,-13.6481,-4.8964,0,REST
1143,4.46484375,-10.9847,-0.5279,-11.3886,-5.182,0,REST
1144,4.46875,-9.1063,-2.398,-12.9792,-1.0252,0,REST
1145,4.47265625,-13.0387,-0.415,-13.2634,-6.0654,0,REST
1146,4.4765625,-13.9307,-6.3941,-8.4079,-2.2799,0,REST
1147,4.48046875,-12.6367,-10.1145,-7.7341,-0.164,0,REST
1148,4.484375,-7.9011,-11.9372,-6.5898,-3.7631,0,REST
1149,4.48828125,-11.2386,-6.284,0.9219,4.2602,0,REST
1150,4.4921875,-3.2284,-10.2023,-1.9054,3.0691,0,REST
1151,4.49609375,-4.0417,-9.9055,7.2817,3.6738,0,REST
1152,4.5,-1.3349,-7.4417,7.8107,6.7603,0,REST
1153,4.50390625,0.5648,-7.5882,9.495,8.1078,0,REST
1154,4.5078125,8.739,-5.9328,12.5338,7.32,0,REST
1155,4.51171875,10.0725,-4.9654,14.0262,6.6411,0,REST
1156,4.515625,13.3917,-3.3566,11.0056,4.7137,0,REST
1157,4.51953125,13.979,-0.0657,10.5331,6.3356,0,REST
1158,4.5234375,10.5391,7.4425,11.0336,5.1146,0,REST
1159,4.52734375,12.3818,10.2794,9.4721,-1.3948,0,REST
1160,4.53125,14.7956,14.2832,9.2307,2.2802,0,REST
1161,4.53515625,5.1073,13.3939,3.1995,-0.9592,0,REST
1162,4.5390625,6.4406,15.0252,0.5912,-6.3399,0,REST
1163,4.54296875,5.6068,15.4968,-4.3937,-6.1101,0,REST
1164,4.546875,1.2471,12.8924,-6.0511,-6.9326,0,REST
1165,4.55078125,-4.9975,4.3847,-7.9895,-10.7561,0,REST
1166,4.5546875,-8.9468,5.2545,-7.5587,-8.0595,0,REST
1167,4.55859375,-8.9322,3.3449,-13.8349,-5.9918,0,REST
1168,4.5625,-13.2478,0.9113,-12.4854,-8.5582,0,REST
1169,4.56640625,-11.7,-6.2078,-10.5959,-5.8357,0,REST
1170,4.5703125,-16.9305,-5.6347,-8.0136,-7.5748,0,REST
1171,4.57421875,-14.2097,-8.6081,-9.8154,-3.2213,0,REST
1172,4.578125,-7.3256,-11.4893,-4.1296,2.9583,0,REST
1173,4.58203125,-5.4803,-9.5863,-0.9717,-0.4711,0,REST
1174,4.5859375,-5.5444,-13.8944,0.6999,5.6706,0,REST
1175,4.58984375,-1.6341,-14.9989,2.7433,7.1076,0,REST
1176,4.59375,0.1138,-14.5686,5.5366,8.6541,0,REST
1177,4.59765625,3.1804,-9.8116,3.6936,12.7949,0,REST
1178,4.6015625,6.172,-1.3862,12.1107,15.9328,0,REST
1179,4.60546875,4.7495,-3.3194,8.9295,9.551,0,REST
1180,4.609375,9.8509,-1.6986,11.5778,8.6708,0,REST
1181,4.61328125,10.2108,3.795,10.9471,7.0083,0,REST
1182,4.6171875,10.0978,6.9022,10.2735,5.2954,0,REST
1183,4.62109375,9.05,8.0609,6.6354,0.9803,0,REST
1184,4.625,7.2428,11.3766,5.6203,1.6485,0,REST
1185,4.62890625,5.8302,13.635,5.8426,-2.2507,0,REST
1186,4.6328125,2.5618,17.5923,2.0454,-8.7975,0,REST
1187,4.63671875,2.8904,11.5755,-0.1033,-10.6287,0,REST
1188,4.640625,-0.4935,11.4561,-4.597,-12.1245,0,REST
1189,4.64453125,-3.4988,6.9054,-7.0468,-12.7471,0,REST
1190,4.6484375,-3.4381,5.3945,-6.9369,-13.4194,0,REST
1191,4.65234375,-4.7298,2.1506,-6.0226,-14.8812,0,REST
1192,4.65625,-10.5877,-2.9355,-3.6475,-11.3752,0,REST
1193,4.66015625,-9.5487,-2.5918,-7.1061,-7.4418,0,REST
1194,4.6640625,-7.9524,-7.2374,-2.5346,-4.016,0,REST
1195,4.66796875,-4.9275,-11.2692,-6.7786,-1.3099,0,REST
1196,4.671875,-7.4896,-11.3291,-6.4386,0.2558,0,REST
1197,4.67578125,-4.6796,-13.4481,-3.5414,6.0284,0,REST
1198,4.6796875,-5.9205,-12.7523,-0.976,9.5205,0,REST
1199,4.68359375,-6.2261,-15.5342,-0.1393,10.7154,0,REST
1200,4.6875,-2.0216,-10.743,-1.32,13.2763,0,REST
1201,4.69140625,3.1529,-7.6702,4.0124,14.3253,0,REST
1202,4.6953125,1.5759,-7.3706,2.0263,14.3247,0,REST
1203,4.69921875,2.4107,-0.5292,5.1184,9.5655,0,REST
1204,4.703125,-1.2715,-3.069,4.8007,12.7817,0,REST
1205,4.70703125,7.8054,5.1121,2.7367,7.9545,0,REST
1206,4.7109375,2.4584,11.2341,4.0916,4.3589,0,REST
1207,4.71484375,5.8663,10.1234,7.5362,0.1425,0,REST
1208,4.71875,5.2357,9.5813,6.5605,-5.3557,0,REST
1209,4.72265625,3.4437,12.3857,2.4919,-5.5516,0,REST
1210,4.7265625,-0.7313,11.2059,6.4328,-6.6444,0,REST
1211,4.73046875,6.1274,7.3155,4.1444,-9.9419,0,REST
1212,4.734375,0.9939,6.5311,0.3512,-16.1266,0,REST
1213,4.73828125,2.166,7.5184,0.406,-14.811,0,REST
1214,4.7421875,-2.8232,6.1798,-0.9725,-11.966,0,REST
1215,4.74609375,-2.2587,1.8749,-1.6646,-7.2912,0,REST
1216,4.75,1.2075,-1.8143,1.1321,-9.8145,0,REST
1217,4.75390625,-0.3361,-7.8922,-2.5702,-3.05,0,REST
1218,4.7578125,-1.9256,-4.5207,-7.3118,-1.7426,0,REST
1219,4.76171875,-2.2471,-7.9327,-0.6464,-1.7026,0,REST
1220,4.765625,0.151,-9.8813,-3.6197,6.1921,0,REST
1221,4.76953125,-1.1595,-16.6417,-2.528,8.0854,0,REST
1222,4.7734375,-3.7627,-11.5388,-0.0776,8.9677,0,REST
1223,4.77734375,-2.1639,-9.9667,-0.3611,11.2641,0,REST
1224,4.78125,-2.4288,-8.1314,-2.0677,10.7511,0,REST
1225,4.78515625,-3.6167,-6.6713,-7.5986,11.2064,0,REST
1226,4.7890625,-1.0331,-6.7251,-2.5083,10.3142,0,REST
1227,4.79296875,-3.3902,-0.3154,-4.1706,10.029,0,REST
1228,4.796875,-1.7129,-3.236,-5.15,6.485,0,REST
1229,4.80078125,-2.7269,4.7216,-2.6834,6.734,0,REST
1230,4.8046875,-0.907,6.4805,4.8002,-4.8989,0,REST
1231,4.80859375,-2.9497,5.0124,1.4557,-6.9574,0,REST
1232,4.8125,2.622,10.0455,1.7234,-6.7131,0,REST
1233,4.81640625,2.9296,8.0606,2.2869,-10.5781,0,REST
1234,4.8203125,6.0517,8.9986,0.2851,-6.7414,0,REST
1235,4.82421875,3.895,5.7663,5.4372,-10.9985,0,REST
1236,4.828125,4.0774,8.7516,7.7536,-7.2372,0,REST
1237,4.83203125,4.649,6.7422,9.4956,-10.359,0,REST
1238,4.8359375,9.2404,5.9693,7.7386,-7.2102,0,REST
1239,4.83984375,7.9371,1.4198,5.4793,-4.5565,0,REST
1240,4.84375,7.6502,-2.7506,6.6953,-0.4384,0,REST
1241,4.84765625,4.022,-2.5449,1.8723,2.3666,0,REST
1242,4.8515625,5.9381,-6.3081,1.4433,0.3336,0,REST
1243,4.85546875,2.9878,-8.683,0.7073,3.0649,0,REST
1244,4.859375,1.5342,-4.7297,-1.8945,9.2528,0,REST
1245,4.86328125,0.4224,-4.9289,-7.0215,10.7119,0,REST
1246,4.8671875,-7.577,-7.4601,-6.6329,11.2294,0,REST
1247,4.87109375,-2.6628,-6.334,-6.0342,7.5585,0,REST
1248,4.875,-4.709,-8.024,-10.7621,8.7383,0,REST
1249,4.87890625,-6.4731,-6.109,-9.9211,9.3692,0,REST
1250,4.8828125,-6.8397,-4.9344,-10.2105,6.5388,0,REST
1251,4.88671875,-7.9489,-2.0967,-10.1208,3.1449,0,REST
1252,4.890625,-10.9763,1.7996,-5.1025,2.6807,0,REST
1253,4.89453125,-6.9688,0.5357,-6.6239,0.0525,0,REST
1254,4.8984375,-6.1257,2.272,-3.6823,-0.276,0,REST
1255,4.90234375,-1.0602,0.2792,-4.0551,-2.1017,0,REST
1256,4.90625,-1.4219,4.4013,1.6115,-3.2953,0,REST
1257,4.91015625,2.2432,6.4811,4.7164,-4.206,0,REST
1258,4.9140625,3.89,5.271,5.2412,-9.8506,0,REST
1259,4.91796875,7.941,6.255,8.3018,-4.3671,0,REST
1260,4.921875,10.3106,2.3356,10.4534,-8.47,0,REST
1261,4.92578125,11.9787,3.5478,10.707,-5.4713,0,REST
1262,4.9296875,14.4131,5.1971,8.7146,-3.895,0,REST
1263,4.93359375,13.8812,2.8861,9.5657,-3.9916,0,REST
1264,4.9375,9.6314,4.1065,8.7913,-0.7983,0,REST
1265,4.94140625,7.3936,-0.0074,8.2855,0.5032,0,REST
1266,4.9453125,4.2234,-2.7722,4.9842,1.864,0,REST
1267,4.94921875,3.3211,-1.1168,5.023,1.0435,0,REST
1268,4.953125,0.6802,-2.9971,-2.0644,4.1393,0,REST
1269,4.95703125,-2.4523,-1.8334,-7.2703,1.9986,0,REST
1270,4.9609375,-5.1711,-2.2972,-8.4866,4.263,0,REST
1271,4.96484375,-13.3704,-3.3135,-5.1805,2.1275,0,REST
1272,4.96875,-11.8322,-2.3649,-11.5257,5.7603,0,REST
1273,4.97265625,-11.9831,-6.2877,-15.1526,6.7255,0,REST
1274,4.9765625,-14.2885,-0.289,-17.0814,2.9992,0,REST
1275,4.98046875,-16.3895,-0.4974,-12.4003,3.6399,0,REST
1276,4.984375,-6.378,-2.251,-11.5463,2.5528,0,REST
1277,4.98828125,-8.1541,-1.7849,-5.9006,3.4281,0,REST
1278,4.9921875,-5.6359,-0.3564,-3.9111,3.103,0,REST
1279,4.99609375,-2.3047,2.6842,-1.994,-0.0167,0,REST
1280,5.0,-2.8828,1.3896,1.5618,-0.2073,0,REST
1281,5.00390625,1.5546,2.1712,3.9871,1.1886,0,REST
1282,5.0078125,6.9908,-1.3577,6.0434,-0.5925,0,REST
1283,5.01171875,9.7727,1.2823,6.8562,2.0693,0,REST
1284,5.015625,9.7588,4.5405,11.0013,-2.7202,0,REST
1285,5.01953125,13.273,1.1167,11.1217,-2.7669,0,REST
1286,5.0234375,14.3245,6.6702,12.8952,-3.7334,0,REST
1287,5.02734375,11.3015,3.0232,8.3356,-2.4794,0,REST
1288,5.03125,9.8469,2.2875,7.6115,-1.3318,0,REST
1289,5.03515625,5.9984,1.5283,12.532,-1.2381,0,REST
1290,5.0390625,6.0433,3.5863,8.7201,-3.6915,0,REST
1291,5.04296875,0.0056,4.2609,2.2408,-4.8297,0,REST
1292,5.046875,-0.9081,-0.5905,0.1099,-0.5111,0,REST
1293,5.05078125,-7.4651,0.0019,-0.0813,-6.7488,0,REST
1294,5.0546875,-5.7972,-1.0032,-3.5996,-3.0327,0,REST
1295,5.05859375,-7.0575,-0.9085,-10.645,-4.4084,0,REST
1296,5.0625,-11.2634,-1.0221,-9.9065,4.0817,0,REST
1297,5.06640625,-13.403,0.0822,-10.065,3.6328,0,REST
1298,5.0703125,-12.6497,-4.9686,-9.7931,5.8693,0,REST
1299,5.07421875,-14.1905,-3.6704,-10.8622,4.5386,0,REST
1300,5.078125,-11.6951,-0.2313,-9.7207,5.4613,0,REST
1301,5.08203125,-8.7254,-7.5639,-10.7378,7.1186,0,REST
1302,5.0859375,-6.0848,-5.4621,-8.906,1.9999,0,REST
1303,5.08984375,-1.2348,-7.2322,-2.9632,1.4483,0,REST
1304,5.09375,-0.47,-4.8914,-1.7443,4.8708,0,REST
1305,5.09765625,6.5028,-6.4761,2.3265,-2.0418,0,REST
1306,5.1015625,6.8642,-3.1878,3.8546,-0.2663,0,REST
1307,5.10546875,9.6453,0.4366,6.0021,-0.1015,0,REST
1308,5.109375,10.5111,-4.8658,5.85,0.019,0,REST
1309,5.11328125,13.7297,4.8879,9.0119,-5.2576,0,REST
1310,5.1171875,9.3904,4.7853,8.2154,-2.6033,0,REST
1311,5.12109375,9.4619,5.9772,8.5054,-9.1376,0,REST
1312,5.125,4.5462,7.2249,5.1103,-8.8773,0,REST
1313,5.12890625,5.8657,4.4015,9.109,-9.9762,0,REST
1314,5.1328125,4.6964,10.2196,0.9787,-11.1301,0,REST
1315,5.13671875,3.5794,10.4851,4.6836,-6.3478,0,REST
1316,5.140625,-0.0347,8.3126,0.1683,-7.3029,0,REST
1317,5.14453125,-3.4095,4.1263,-0.8267,-3.9076,0,REST
1318,5.1484375,-4.7741,4.9629,-2.2102,-0.194,0,REST
1319,5.15234375,-5.1064,2.6237,-2.5776,-2.9898,0,REST
1320,5.15625,-7.0083,-1.5728,-4.7257,2.0711,0,REST
1321,5.16015625,-8.8478,-3.7547,-10.2031,6.0508,0,REST
1322,5.1640625,-5.3565,-3.5828,-7.1368,11.2328,0,REST
1323,5.16796875,-6.736,-4.7161,-5.9149,12.0586,0,REST
1324,5.171875,-6.623,-5.7893,-5.9455,11.044,0,REST
1325,5.17578125,-5.8977,-9.6884,-8.5225,5.2756,0,REST
1326,5.1796875,-5.2501,-5.7213,-7.0052,11.0153,0,REST
1327,5.18359375,-3.9904,-6.1221,1.4638,6.2459,0,REST
1328,5.1875,0.3927,-5.7828,-3.7437,6.6124,0,REST
1329,5.19140625,0.9041,-5.9099,-0.3934,0.9955,0,REST
1330,5.1953125,0.732,-5.3833,-1.5931,2.2413,0,REST
1331,5.19921875,2.2664,0.293,-0.7405,-4.1853,0,REST
1332,5.203125,3.5777,-0.8058,4.377,-6.0083,0,REST
1333,5.20703125,6.5973,-0.9409,2.3165,-7.3547,0,REST
1334,5.2109375,4.5986,7.1198,2.3101,-8.4123,0,REST
1335,5.21484375,4.8137,4.6162,-0.0384,-12.2469,0,REST
1336,5.21875,9.2691,4.5013,1.8245,-11.5277,0,REST
1337,5.22265625,4.7092,9.566,2.0679,-9.7705,0,REST
1338,5.2265625,0.5934,10.6643,0.6184,-7.4905,0,REST
1339,5.23046875,3.2419,9.993,3.6611,-6.3144,0,REST
1340,5.234375,2.5443,11.1206,3.0305,-4.9837,0,REST
1341,5.23828125,3.6796,7.1564,2.0153,-1.4454,0,REST
1342,5.2421875,1.2135,7.3623,-1.8457,0.0491,0,REST
1343,5.24609375,0.4763,5.5514,2.122,5.2265,0,REST
1344,5.25,-0.4151,0.4029,3.5887,6.4862,0,REST
1345,5.25390625,1.4267,-1.8573,0.2107,9.5406,0,REST
1346,5.2578125,-1.5493,-1.2999,2.3628,12.9478,0,REST
1347,5.26171875,-3.1113,-8.5375,-1.3744,13.7778,0,REST
1348,5.265625,-0.2113,-8.4433,-3.6104,14.0636,0,REST
1349,5.26953125,-1.1265,-12.5255,-1.7638,11.3304,0,REST
1350,5.2734375,-6.2147,-12.4573,-4.8725,10.7571,0,REST
1351,5.27734375,-5.5025,-10.5621,-3.4822,8.0029,0,REST
1352,5.28125,-3.1071,-13.2609,-3.2858,4.2825,0,REST
1353,5.28515625,-2.8203,-6.2672,-1.4107,1.1641,0,REST
1354,5.2890625,-5.4203,-5.8436,-8.0787,-2.9971,0,REST
1355,5.29296875,-5.8032,-6.3919,-6.6968,-6.5817,0,REST
1356,5.296875,-1.6708,-1.8074,-3.6981,-9.534,0,REST
1357,5.30078125,-0.1925,2.4393,-3.1953,-11.3636,0,REST
1358,5.3046875,-1.7184,5.068,-1.6187,-11.2503,0,REST
1359,5.30859375,-1.9138,9.0876,-0.19,-10.3179,0,REST
1360,5.3125,2.4867,10.4893,2.7325,-9.1314,0,REST
1361,5.31640625,1.7134,9.9391,0.5887,-10.5699,0,REST
1362,5.3203125,1.6531,9.6165,-0.6956,-6.2945,0,REST
1363,5.32421875,3.4491,13.2206,6.0498,-6.9012,0,REST
1364,5.328125,9.102,10.5623,4.2702,-4.1226,0,REST
1365,5.33203125,4.676,10.2217,4.7197,2.5426,0,REST
1366,5.3359375,8.0624,6.1019,7.4781,0.2056,0,REST
1367,5.33984375,6.6232,2.3156,4.4198,10.6936,0,REST
1368,5.34375,9.447,1.6349,9.972,9.7026,0,REST
1369,5.34765625,3.9897,-3.5409,10.4601,11.5739,0,REST
1370,5.3515625,4.6,-4.0646,5.3634,13.4242,0,REST
1371,5.35546875,0.174,-8.7817,9.5932,10.7947,0,REST
1372,5.359375,-0.2816,-12.6978,2.1331,9.5618,0,REST
1373,5.36328125,-2.9746,-13.5462,2.9167,8.0462,0,REST
1374,5.3671875,-7.2326,-15.4458,-0.3807,7.0067,0,REST
1375,5.37109375,-7.181,-13.3929,-4.4125,3.6178,0,REST
1376,5.375,-10.2957,-13.8668,-4.1503,0.3422,0,REST
1377,5.37890625,-9.7399,-11.3097,-2.7631,-2.6971,0,REST
1378,5.3828125,-9.4761,-8.6462,-7.3822,-4.1268,0,REST
1379,5.38671875,-5.6775,-5.5816,-8.1907,-7.1239,0,REST
1380,5.390625,-7.4323,-2.7805,-10.0865,-10.45,0,REST
1381,5.39453125,-11.2143,3.3517,-9.0229,-12.0789,0,REST
1382,5.3984375,-6.8681,6.5996,-9.0592,-11.2319,0,REST
1383,5.40234375,-5.883,6.2626,-7.1702,-13.4847,0,REST
1384,5.40625,-2.9002,5.6019,-4.8754,-10.8137,0,REST
1385,5.41015625,3.0688,13.7271,-5.3083,-8.6488,0,REST
1386,5.4140625,4.6081,16.8651,-2.263,-2.2098,0,REST
1387,5.41796875,10.1571,11.7092,1.4073,-2.6942,0,REST
1388,5.421875,9.1947,10.2162,4.8277,-0.8747,0,REST
1389,5.42578125,14.9625,8.4024,11.6017,4.1242,0,REST
1390,5.4296875,12.6958,7.8097,7.9469,7.6022,0,REST
1391,5.43359375,8.3362,3.4349,10.8772,4.3846,0,REST
1392,5.4375,13.743,-1.045,13.2679,9.8319,0,REST
1393,5.44140625,8.6739,-0.7571,12.215,10.2329,0,REST
1394,5.4453125,9.2459,-7.3152,9.5456,11.3014,0,REST
1395,5.44921875,2.1489,-6.272,8.9313,9.2621,0,REST
1396,5.453125,1.747,-12.6485,7.3471,8.5349,0,REST
1397,5.45703125,-1.7628,-16.8038,1.9875,7.1826,0,REST
1398,5.4609375,-7.5215,-12.7694,1.8576,5.0399,0,REST
1399,5.46484375,-12.6781,-12.9725,-2.8001,-1.6263,0,REST
1400,5.46875,-9.6427,-13.9565,-6.5347,-0.9607,0,REST
1401,5.47265625,-13.11,-8.8689,-2.7061,-3.0953,0,REST
1402,5.4765625,-12.7138,-9.1204,-12.1203,-3.7868,0,REST
1403,5.48046875,-12.4533,-4.2133,-11.5658,-3.0041,0,REST
1404,5.484375,-10.8841,-3.782,-12.8183,-5.8092,0,REST
1405,5.48828125,-8.2403,1.7468,-13.047,-8.2852,0,REST
1406,5.4921875,-4.156,5.7894,-10.365,-8.9408,0,REST
1407,5.49609375,-1.5925,7.4465,-5.5069,-8.5381,0,REST
1408,5.5,0.137,11.6895,-13.3065,-4.971,0,REST
1409,5.50390625,-1.1045,11.019,-6.1541,-4.733,0,REST
1410,5.5078125,5.7022,11.4009,-5.1936,-5.1211,0,REST
1411,5.51171875,7.1762,10.9815,3.381,-0.1139,0,REST
1412,5.515625,10.1595,11.278,3.7202,-2.0969,0,REST
1413,5.51953125,11.7295,9.4874,7.5113,2.7919,0,REST
1414,5.5234375,10.1011,7.5981,9.0159,1.0812,0,REST
1415,5.52734375,12.1296,3.3688,9.8833,2.92,0,REST
1416,5.53125,9.5871,-2.2156,9.1753,2.86,0,REST
1417,5.53515625,7.2465,-2.1514,15.5894,6.6716,0,REST
1418,5.5390625,8.3122,-5.5198,15.8194,0.6019,0,REST
1419,5.54296875,4.1482,-9.5855,15.4968,7.9337,0,REST
1420,5.546875,-3.4719,-7.4889,9.6712,4.7334,0,REST
1421,5.55078125,-3.0843,-8.1916,3.248,5.4615,0,REST
1422,5.5546875,-8.1064,-10.9446,2.6183,3.5592,0,REST
1423,5.55859375,-5.9948,-10.2261,1.8147,3.0852,0,REST
1424,5.5625,-11.2187,-11.4966,-5.1381,0.0308,0,REST
1425,5.56640625,-10.1978,-3.6003,-3.862,0.2184,0,REST
1426,5.5703125,-11.8773,-4.0761,-13.4697,-2.0446,0,REST
1427,5.57421875,-12.0707,-4.3663,-9.5206,-4.5316,0,REST
1428,5.578125,-12.6352,0.0913,-13.3214,-4.6931,0,REST
1429,5.58203125,-5.3666,4.7942,-12.0026,1.2244,0,REST
1430,5.5859375,-8.8559,9.0175,-10.095,-0.3294,0,REST
1431,5.58984375,-1.6819,4.6031,-8.7308,-5.3158,0,REST
1432,5.59375,-0.7778,7.8186,-10.0337,-0.7254,0,REST
1433,5.59765625,2.5652,11.6226,-7.2181,-5.2927,0,REST
1434,5.6015625,5.4672,5.048,-1.07,-4.5346,0,REST
1435,5.60546875,6.6273,5.7834,0.8601,-3.907,0,REST
1436,5.609375,9.8346,10.6678,2.6558,-2.1818,0,REST
1437,5.61328125,7.8687,5.7159,5.1999,-2.7778,0,REST
1438,5.6171875,11.5121,5.208,7.3914,-3.8394,0,REST
1439,5.62109375,8.4566,1.3609,7.617,-0.024,0,REST
1440,5.625,10.7817,0.9272,7.4344,-3.7895,0,REST
1441,5.62890625,3.3258,2.0933,6.544,-0.1388,0,REST
1442,5.6328125,9.1473,-2.3502,9.547,0.9726,0,REST
1443,5.63671875,3.1564,-2.0176,6.3752,-0.4327,0,REST
1444,5.640625,-1.347,-4.9006,6.8619,3.4991,0,REST
1445,5.64453125,-4.7734,-4.8067,3.9759,3.803,0,REST
1446,5.6484375,-2.1826,-4.7211,-0.226,6.8711,0,REST
1447,5.65234375,-6.6574,-8.6404,-0.9703,5.0802,0,REST
1448,5.65625,-5.2955,-5.4231,-3.4836,7.7828,0,REST
1449,5.66015625,-9.1239,-6.9396,-3.3285,9.7555,0,REST
1450,5.6640625,-8.9902,-3.0,-6.1094,4.5179,0,REST
1451,5.66796875,-7.1462,-4.0745,-9.4979,5.0906,0,REST
1452,5.671875,-6.0776,-2.7926,-4.6552,4.534,0,REST
1453,5.67578125,-4.3249,0.5481,-5.6236,5.8129,0,REST
1454,5.6796875,-4.5471,1.8448,-3.1347,-2.0571,0,REST
1455,5.68359375,-4.0237,-1.6906,-2.7249,-3.1767,0,REST
1456,5.6875,1.7783,2.7238,-4.8173,-6.0896,0,REST
1457,5.69140625,-0.3897,3.5283,-1.0628,-4.1153,0,REST
1458,5.6953125,0.0615,6.852,-1.0455,-9.8881,0,REST
1459,5.69921875,0.3153,7.127,-2.2373,-8.2004,0,REST
1460,5.703125,0.8273,8.4848,2.0701,-8.1616,0,REST
1461,5.70703125,1.6788,3.7658,2.6167,-4.574,0,REST
1462,5.7109375,0.6471,4.8393,3.5349,-2.009,0,REST
1463,5.71484375,2.9017,2.3061,1.6817,-7.6889,0,REST
1464,5.71875,-1.2513,1.5984,3.2695,-6.1373,0,REST
1465,5.72265625,-0.3979,2.5049,1.62,-2.5083,0,REST
1466,5.7265625,3.3578,-2.0552,0.7861,1.0371,0,REST
1467,5.73046875,1.8241,-1.1676,7.9108,2.7315,0,REST
1468,5.734375,-0.9842,1.9737,4.5906,4.0173,0,REST
1469,5.73828125,0.7687,-1.6034,1.8498,9.3254,0,REST
1470,5.7421875,0.7248,-0.4986,5.248,10.6195,0,REST
1471,5.74609375,2.116,-1.8204,0.1121,10.5354,0,REST
1472,5.75,-0.0671,-4.6668,4.7985,11.0937,0,REST
1473,5.75390625,1.0465,-1.3546,1.3447,9.0551,0,REST
1474,5.7578125,2.2915,-4.2603,4.593,11.081,0,REST
1475,5.76171875,-2.1178,-5.5415,2.1652,3.0806,0,REST
1476,5.765625,-3.7664,-1.7148,-1.0553,1.2357,0,REST
1477,5.76953125,-2.7938,-0.4476,0.2842,0.564,0,REST
1478,5.7734375,-1.9202,-3.5515,0.5004,-2.5785,0,REST
1479,5.77734375,-3.3731,-1.725,-2.4955,-8.5997,0,REST
1480,5.78125,-1.9128,-1.3849,-2.8053,-8.2321,0,REST
1481,5.78515625,-1.8399,1.3928,-5.0694,-11.6115,0,REST
1482,5.7890625,-4.8151,1.1675,-1.6136,-15.1061,0,REST
1483,5.79296875,-3.4369,-0.8113,-3.1936,-12.2388,0,REST
1484,5.796875,-3.385,4.5943,-3.8106,-10.4396,0,REST
1485,5.80078125,-4.4638,1.3037,-2.7809,-8.3254,0,REST
1486,5.8046875,-1.4227,3.5071,-4.8594,-8.4449,0,REST
1487,5.80859375,0.4711,3.7739,-5.7765,-2.081,0,REST
1488,5.8125,1.6155,2.1461,-4.1226,-4.5119,0,REST
1489,5.81640625,1.542,3.1166,-4.3012,5.8954,0,REST
1490,5.8203125,4.8396,1.3442,-4.5159,7.9682,0,REST
1491,5.82421875,4.4328,5.4686,-1.8222,10.5967,0,REST
1492,5.828125,7.6217,2.79,0.8206,8.0236,0,REST
1493,5.83203125,7.5757,3.7801,0.6104,7.3528,0,REST
1494,5.8359375,7.1147,0.6106,-0.0893,14.3033,0,REST
1495,5.83984375,5.5495,0.6737,6.8247,11.5916,0,REST
1496,5.84375,8.3396,-2.8148,4.1008,13.7934,0,REST
1497,5.84765625,9.8915,-0.179,6.3048,7.9814,0,REST
1498,5.8515625,3.9641,-0.8667,12.9914,4.0029,0,REST
1499,5.85546875,0.4487,-2.3814,9.8662,1.1443,0,REST
1500,5.859375,1.8753,-3.494,8.6415,-1.7714,0,REST
1501,5.86328125,-4.9549,-5.0831,5.7927,-1.4072,0,REST
1502,5.8671875,-5.3948,-5.275,4.18,-7.1136,0,REST
1503,5.87109375,-7.8911,-5.7208,3.762,-6.9695,0,REST
1504,5.875,-7.3406,-6.1346,-1.0728,-11.7638,0,REST
1505,5.87890625,-11.9861,-6.83,0.227,-11.5603,0,REST
1506,5.8828125,-8.3809,-3.5029,-4.9002,-13.2923,0,REST
1507,5.88671875,-7.8439,1.0176,-7.3221,-13.3642,0,REST
1508,5.890625,-9.9911,0.648,-8.7308,-9.1673,0,REST
1509,5.89453125,-7.7511,1.7236,-14.0697,-6.8452,0,REST
1510,5.8984375,-9.4669,3.6296,-6.4007,-1.102,0,REST
1511,5.90234375,-1.0886,4.5429,-9.0655,-0.7788,0,REST
1512,5.90625,-1.2384,6.0754,-10.3284,2.9288,0,REST
1513,5.91015625,4.4361,6.2483,-4.8024,9.2233,0,REST
1514,5.9140625,2.4591,6.3367,-6.4882,11.2358,0,REST
1515,5.91796875,5.3108,5.8022,-3.7683,10.5726,0,REST
1516,5.921875,9.3332,3.6418,-2.4456,11.8926,0,REST
1517,5.92578125,11.9374,5.827,3.251,11.2114,0,REST
1518,5.9296875,12.097,5.6407,3.5411,14.131,0,REST
1519,5.93359375,9.1596,3.9643,5.0591,8.0262,0,REST
1520,5.9375,10.5089,-1.1806,5.7522,5.9953,0,REST
1521,5.94140625,11.2053,0.8771,12.9898,1.8258,0,REST
1522,5.9453125,6.125,-4.9172,10.1076,2.7752,0,REST
1523,5.94921875,2.8484,-5.4673,10.4753,1.1168,0,REST
1524,5.953125,-4.0484,-10.4986,9.4257,-6.852,0,REST
1525,5.95703125,-5.206,-4.667,10.7594,-5.7178,0,REST
1526,5.9609375,-6.0782,-9.9098,9.3035,-8.6176,0,REST
1527,5.96484375,-11.279,-8.005,3.2783,-13.0644,0,REST
1528,5.96875,-10.6492,-8.766,4.6483,-14.1386,0,REST
1529,5.97265625,-8.0822,-8.6356,0.7387,-13.4532,0,REST
1530,5.9765625,-9.7187,-6.5573,-2.6298,-10.5967,0,REST
1531,5.98046875,-12.0704,-7.5146,-6.1578,-9.0237,0,REST
1532,5.984375,-17.795,-0.8142,-9.9942,-3.3495,0,REST
1533,5.98828125,-8.505,-4.173,-11.1514,-1.7475,0,REST
1534,5.9921875,-6.2961,4.5237,-11.4483,2.3339,0,REST
1535,5.99609375,0.642,3.7076,-9.0956,2.815,0,REST
1536,6.0,-4.0559,8.5396,-13.4733,4.8342,0,REST
1537,6.00390625,2.1858,9.0226,-15.5661,9.3555,0,REST
1538,6.0078125,7.2208,10.3918,-9.2895,5.388,0,REST
1539,6.01171875,7.8319,11.2966,-5.4631,12.2253,0,REST
1540,6.015625,11.5427,7.2165,-1.4297,7.8737,0,REST
1541,6.01953125,13.6124,5.7374,2.5824,11.6301,0,REST
1542,6.0234375,14.6506,7.7667,2.4785,7.3662,0,REST
1543,6.02734375,11.3952,6.0724,3.4749,5.7682,0,REST
1544,6.03125,11.1654,1.8516,9.9651,4.657,0,REST
1545,6.03515625,9.598,-2.2243,10.827,1.3571,0,REST
1546,6.0390625,4.9694,-0.7948,14.7807,1.5275,0,REST
1547,6.04296875,-0.2895,-5.6604,10.5534,-1.3024,0,REST
1548,6.046875,0.8736,-5.7867,13.6037,-3.8549,0,REST
1549,6.05078125,1.8789,-10.6788,5.9708,-6.1938,0,REST
1550,6.0546875,-5.3828,-10.5003,5.9069,-8.0462,0,REST
1551,6.05859375,-10.7161,-12.1184,4.3111,-6.8591,0,REST
1552,6.0625,-10.7919,-12.5587,-0.6526,-8.1952,0,REST
1553,6.06640625,-14.2587,-11.0403,-1.7776,-5.5396,0,REST
1554,6.0703125,-11.5292,-5.5634,-3.2978,-4.6304,0,REST
1555,6.07421875,-12.0402,-5.5422,-1.0316,-2.7981,0,REST
1556,6.078125,-9.5845,-3.8703,-8.1058,-6.0005,0,REST
1557,6.08203125,-8.3936,-2.4299,-7.4775,-0.8877,0,REST
1558,6.0859375,-4.5453,4.4136,-10.2435,1.9667,0,REST
1559,6.08984375,-1.7887,9.9137,-10.5218,0.5665,0,REST
1560,6.09375,1.1245,9.9823,-9.2233,4.317,0,REST
1561,6.09765625,2.5921,13.6192,-9.7904,7.7772,0,REST
1562,6.1015625,6.9157,13.6764,-7.6849,1.5745,0,REST
1563,6.10546875,8.5952,11.4313,-4.1104,6.333,0,REST
1564,6.109375,8.4311,10.8663,-2.5305,5.1565,0,REST
1565,6.11328125,10.5076,13.5438,-0.7033,5.5661,0,REST
1566,6.1171875,6.0208,10.0884,0.4012,2.8277,0,REST
1567,6.12109375,9.0987,8.2332,4.1817,0.5404,0,REST
1568,6.125,6.6974,2.0087,4.5652,-0.0707,0,REST
1569,6.12890625,7.8499,1.7799,10.9767,-0.5892,0,REST
1570,6.1328125,5.9818,-1.2257,5.2661,4.0794,0,REST
1571,6.13671875,0.7089,-8.0839,11.8013,-0.9251,0,REST
1572,6.140625,-1.2582,-12.1505,5.1318,-2.3496,0,REST
1573,6.14453125,0.3084,-11.8338,6.1022,-2.5286,0,REST
1574,6.1484375,-4.4889,-9.9117,5.386,-3.9879,0,REST
1575,6.15234375,-4.681,-12.3698,4.8148,-1.8748,0,REST
1576,6.15625,-8.7096,-11.5428,1.927,-4.2349,0,REST
1577,6.16015625,-7.3014,-12.2061,-1.6304,-4.5342,0,REST
1578,6.1640625,-7.9332,-12.1049,0.4783,-1.6246,0,REST
1579,6.16796875,-8.1004,-8.0931,-6.4549,-1.9833,0,REST
1580,6.171875,-5.3386,-5.1487,-5.7209,-0.693,0,REST
1581,6.17578125,-4.2376,3.5326,-5.8051,-4.6041,0,REST
1582,6.1796875,-4.312,3.9934,-2.9392,-4.001,0,REST
1583,6.18359375,-1.8885,6.6577,-5.4455,-2.1368,0,REST
1584,6.1875,1.0154,8.1004,-7.9828,-5.1238,0,REST
1585,6.19140625,-0.0517,9.5785,-6.3394,-6.7873,0,REST
1586,6.1953125,3.5232,15.6438,0.9396,-1.7321,0,REST
1587,6.19921875,3.3815,13.5864,-5.2617,1.0726,0,REST
1588,6.203125,4.2367,9.0448,0.1905,1.22,0,REST
1589,6.20703125,1.2804,10.6095,-3.2912,2.0935,0,REST
1590,6.2109375,5.2538,11.3148,-0.4504,2.2058,0,REST
1591,6.21484375,1.5145,6.8645,1.075,3.8193,0,REST
1592,6.21875,3.4159,1.0364,-0.0316,4.4862,0,REST
1593,6.22265625,4.0507,-2.4317,4.7084,4.9966,0,REST
1594,6.2265625,4.2499,-6.3097,2.7491,7.4362,0,REST
1595,6.23046875,-0.3244,-6.6186,3.8117,1.7755,0,REST
1596,6.234375,3.5461,-7.2997,-0.9958,0.9354,0,REST
1597,6.23828125,2.1573,-10.8271,1.2079,4.028,0,REST
1598,6.2421875,1.9035,-13.5278,0.6991,-2.1564,0,REST
1599,6.24609375,1.0178,-12.3604,5.1532,2.6969,0,REST
1600,6.25,0.8194,-12.2889,4.4546,-2.0194,0,REST
1601,6.25390625,1.5701,-8.9803,-1.8497,-1.8872,0,REST
1602,6.2578125,2.4154,-9.9296,1.6592,-4.4464,0,REST
1603,6.26171875,0.0861,0.7887,2.8286,-6.6213,0,REST
1604,6.265625,-0.9388,-2.3608,5.0982,-4.4867,0,REST
1605,6.26953125,-6.423,0.9011,0.4968,-5.4651,0,REST
1606,6.2734375,-3.7742,3.3632,0.3918,-7.6499,0,REST
1607,6.27734375,-5.8991,8.1305,1.2662,-5.75,0,REST
1608,6.28125,-2.9116,8.0588,2.6186,-5.7963,0,REST
1609,6.28515625,-4.3018,14.0633,1.5496,-7.151,0,REST
1610,6.2890625,-3.4744,12.7363,-2.496,-2.9088,0,REST
1611,6.29296875,-1.7502,6.9635,-1.8503,-1.954,0,REST
1612,6.296875,-7.087,13.0511,-5.2307,-4.749,0,REST
1613,6.30078125,-2.4789,10.2814,-3.2052,1.8347,0,REST
1614,6.3046875,-3.0073,7.1849,-5.4822,5.5732,0,REST
1615,6.30859375,-1.3116,5.2654,-1.1599,7.6617,0,REST
1616,6.3125,-0.3191,0.0542,-6.0549,6.1966,0,REST
1617,6.31640625,2.051,1.5557,-5.1156,8.9108,0,REST
1618,6.3203125,1.4217,-4.383,-5.2986,6.6469,0,REST
1619,6.32421875,4.2055,-2.7522,-4.869,8.1425,0,REST
1620,6.328125,2.6275,-8.8721,-0.5278,6.4713,0,REST
1621,6.33203125,3.0072,-10.5873,-2.9621,7.9417,0,REST
1622,6.3359375,7.3258,-8.986,1.4818,5.1179,0,REST
1623,6.33984375,3.6166,-7.4378,1.6023,-1.1145,0,REST
1624,6.34375,5.7453,-6.4988,2.7018,-2.0559,0,REST
1625,6.34765625,4.1293,-8.6441,4.1763,-10.5637,0,REST
1626,6.3515625,6.694,-10.7196,8.3115,-4.2552,0,REST
1627,6.35546875,3.0277,-4.889,5.8877,-7.3893,0,REST
1628,6.359375,-0.0129,-1.7598,8.7576,-11.1973,0,REST
1629,6.36328125,-0.8141,0.8193,9.4063,-12.1969,0,REST
1630,6.3671875,-5.1675,2.1623,7.1669,-11.0237,0,REST
1631,6.37109375,-5.3163,4.4402,12.4321,-9.7288,0,REST
1632,6.375,-5.651,7.6394,4.8671,-10.9424,0,REST
1633,6.37890625,-11.7337,8.2896,0.6501,-4.4654,0,REST
1634,6.3828125,-9.9723,9.0916,2.9497,-5.1572,0,REST
1635,6.38671875,-10.6351,7.9387,-3.0198,1.359,0,REST
1636,6.390625,-9.8287,7.0285,-5.7036,3.9574,0,REST
1637,6.39453125,-9.5449,8.2246,-2.3187,7.2062,0,REST
1638,6.3984375,-9.4391,4.7325,-10.4555,12.2977,0,REST
1639,6.40234375,-1.6457,4.9547,-6.5846,9.5599,0,REST
1640,6.40625,0.6177,3.709,-6.4817,10.218,0,REST
1641,6.41015625,2.6597,-0.1268,-10.5107,12.9923,0,REST
1642,6.4140625,6.063,-0.4195,-9.2639,11.0896,0,REST
1643,6.41796875,6.6542,-6.2699,-8.5671,11.0786,0,REST
1644,6.421875,14.3478,-2.8769,-9.5058,8.7208,0,REST
1645,6.42578125,12.011,-7.7904,-6.4975,4.8458,0,REST
1646,6.4296875,10.254,-4.0013,-4.6016,1.0179,0,REST
1647,6.43359375,12.2254,-2.9286,-1.626,-5.7556,0,REST
1648,6.4375,8.5088,-7.4742,4.3038,-3.969,0,REST
1649,6.44140625,10.9787,-7.0664,8.7237,-7.522,0,REST
1650,6.4453125,3.3301,-7.9054,7.4045,-9.5038,0,REST
1651,6.44921875,4.347,-3.5942,10.4864,-13.5736,0,REST
1652,6.453125,0.9379,-2.6583,12.6777,-17.2052,0,REST
1653,6.45703125,-4.2591,2.1758,11.7695,-9.4481,0,REST
1654,6.4609375,-9.1232,3.3565,11.7682,-7.5937,0,REST
1655,6.46484375,-8.2516,0.3571,11.6991,-8.3639,0,REST
1656,6.46875,-12.017,2.56,8.1872,-8.88,0,REST
1657,6.47265625,-13.5618,1.0533,6.9985,-4.5624,0,REST
1658,6.4765625,-12.5105,1.5228,5.9754,-0.0626,0,REST
1659,6.48046875,-13.4352,3.3574,2.1403,8.7991,0,REST
1660,6.484375,-12.2211,5.0013,1.5247,8.2139,0,REST
1661,6.48828125,-10.5402,6.1773,-9.981,9.9831,0,REST
1662,6.4921875,-8.8502,4.8756,-6.7572,9.7218,0,REST
1663,6.49609375,-1.8557,4.5711,-4.7485,13.7275,0,REST
1664,6.5,0.3085,5.3947,-9.9142,17.3196,0,REST
1665,6.50390625,0.8036,2.2458,-13.1542,11.6125,0,REST
1666,6.5078125,7.3315,3.5251,-15.132,7.2085,0,REST
1667,6.51171875,8.5611,6.5236,-10.5809,5.0437,0,REST
1668,6.515625,9.4902,-0.5324,-11.2107,5.2102,0,REST
1669,6.51953125,13.3756,0.6585,-2.5113,-0.4028,0,REST
1670,6.5234375,9.8269,-3.5163,-2.9087,-0.7465,0,REST
1671,6.52734375,11.8846,-3.3613,0.2309,-7.9428,0,REST
1672,6.53125,7.7897,0.4233,3.3051,-7.2752,0,REST
1673,6.53515625,11.7578,-3.1567,6.3839,-10.5628,0,REST
1674,6.5390625,6.3277,-2.5857,5.9914,-10.3996,0,REST
1675,6.54296875,-0.2193,-1.9767,11.2338,-8.872,0,REST
1676,6.546875,-0.2253,-4.41,10.2415,-13.6221,0,REST
1677,6.55078125,-4.4674,-5.1859,12.1154,-10.4583,0,REST
1678,6.5546875,-7.8786,-4.0584,12.2933,-6.234,0,REST
1679,6.55859375,-8.3882,-4.5804,11.7061,-10.0932,0,REST
1680,6.5625,-7.589,-4.1812,11.7083,-5.1129,0,REST
1681,6.56640625,-11.1182,0.4778,6.3739,2.61,0,REST
1682,6.5703125,-11.7002,-2.4463,7.3988,1.4089,0,REST
1683,6.57421875,-11.787,2.1163,1.7852,7.6898,0,REST
1684,6.578125,-12.5951,4.6477,-4.6879,2.7058,0,REST
1685,6.58203125,-11.9224,2.2042,-4.5419,10.5596,0,REST
1686,6.5859375,-5.6287,2.2876,-6.7365,9.5901,0,REST
1687,6.58984375,-1.2664,-0.4732,-9.5456,7.9278,0,REST
1688,6.59375,0.2166,3.3265,-12.6448,13.032,0,REST
1689,6.59765625,-0.2507,3.1928,-8.79,10.4953,0,REST
1690,6.6015625,1.2049,2.599,-9.0486,5.2382,0,REST
1691,6.60546875,11.7354,3.5978,-7.782,4.9856,0,REST
1692,6.609375,8.8088,6.142,-8.3917,3.7817,0,REST
1693,6.61328125,9.8444,2.0458,-6.699,1.1094,0,REST
1694,6.6171875,8.8686,8.0429,-4.1107,-0.6665,0,REST
1695,6.62109375,8.6817,3.009,-4.2919,-5.4269,0,REST
1696,6.625,5.0013,0.2768,3.4351,-9.3999,0,REST
1697,6.62890625,10.6173,2.4806,0.43,-6.32,0,REST
1698,6.6328125,1.1052,-3.799,2.3545,-11.2908,0,REST
1699,6.63671875,-0.2193,-3.8769,8.0874,-6.8215,0,REST
1700,6.640625,-1.0188,-2.7989,8.8898,-6.4871,0,REST
1701,6.64453125,-0.9026,-3.1124,7.5912,-7.8806,0,REST
1702,6.6484375,-5.6165,-8.3726,8.5626,-6.3168,0,REST
1703,6.65234375,-4.4834,-6.1958,10.545,-2.1986,0,REST
1704,6.65625,-5.7479,-7.4208,6.8492,-1.5591,0,REST
1705,6.66015625,-5.2744,-7.1262,5.6333,2.6473,0,REST
1706,6.6640625,-9.055,-5.5156,0.3503,3.7945,0,REST
1707,6.66796875,-8.916,-2.7362,2.1534,3.576,0,REST
1708,6.671875,-5.8678,-1.4696,4.9155,5.0133,0,REST
1709,6.67578125,-1.802,0.8189,0.3698,4.7763,0,REST
1710,6.6796875,-1.0087,4.2096,-4.4419,6.2535,0,REST
1711,6.68359375,0.4252,1.141,-2.2487,5.7124,0,REST
1712,6.6875,-0.2933,4.842,-3.7354,3.396,0,REST
1713,6.69140625,-1.7911,4.5932,-2.0241,3.2265,0,REST
1714,6.6953125,0.4201,8.2266,-4.7793,3.0107,0,REST
1715,6.69921875,3.4221,9.2895,-5.0975,-1.4049,0,REST
1716,6.703125,6.1244,8.2711,-7.1571,2.5248,0,REST
1717,6.70703125,3.2081,5.0924,-2.2994,2.0654,0,REST
1718,6.7109375,7.7817,3.1142,-1.262,-2.0068,0,REST
1719,6.71484375,2.0128,7.06,-3.5658,-2.8261,0,REST
1720,6.71875,4.3732,3.3138,-0.238,-3.3277,0,REST
1721,6.72265625,0.8929,-1.5992,-0.7689,-3.0289,0,REST
1722,6.7265625,4.4101,0.4978,-2.3668,-5.1441,0,REST
1723,6.73046875,3.0914,-3.6139,-0.5673,-4.1785,0,REST
1724,6.734375,2.6232,-3.2722,-2.2537,-6.1838,0,REST
1725,6.73828125,3.3435,-9.455,4.1478,-2.3902,0,REST
1726,6.7421875,1.209,-9.6167,0.6798,-4.1885,0,REST
1727,6.74609375,0.9088,-9.0289,-0.8112,-5.516,0,REST
1728,6.75,2.8434,-8.4234,1.6031,-3.3508,0,REST
1729,6.75390625,-2.6408,-7.1549,6.2224,-1.3214,0,REST
1730,6.7578125,-1.9648,-6.0944,4.5876,-3.105,0,REST
1731,6.76171875,-2.4325,-9.922,3.6954,-2.7219,0,REST
1732,6.765625,-4.5808,-5.91,2.7985,1.7488,0,REST
1733,6.76953125,-0.1519,-3.9909,0.457,0.9368,0,REST
1734,6.7734375,-1.018,1.3198,5.4936,2.8891,0,REST
1735,6.77734375,-2.5694,7.9375,5.327,3.8271,0,REST
1736,6.78125,-2.9335,9.1233,4.35,-1.9291,0,REST
1737,6.78515625,-2.011,5.9639,4.3481,2.286,0,REST
1738,6.7890625,-2.8182,9.635,3.3246,2.2231,0,REST
1739,6.79296875,-3.5194,13.8412,0.043,4.0678,0,REST
1740,6.796875,-5.9995,14.6523,-4.4789,6.4934,0,REST
1741,6.80078125,-3.819,11.3069,0.6765,5.2295,0,REST
1742,6.8046875,0.1859,8.5307,-4.6082,3.5034,0,REST
1743,6.80859375,0.8546,7.4397,-5.684,4.6108,0,REST
1744,6.8125,-0.6682,4.278,-5.8426,0.4259,0,REST
1745,6.81640625,4.1169,0.2985,-5.5033,1.7393,0,REST
1746,6.8203125,4.5338,-0.9352,-4.5164,-0.0475,0,REST
1747,6.82421875,9.3313,-4.6565,-6.196,2.8215,0,REST
1748,6.828125,7.1988,-8.2226,-9.1412,-3.0289,0,REST
1749,6.83203125,6.2818,-8.0573,-5.3404,-5.7735,0,REST
1750,6.8359375,7.5723,-8.7958,-3.2838,-6.449,0,REST
1751,6.83984375,5.8,-9.4049,-1.9201,-6.4698,0,REST
1752,6.84375,8.2804,-15.1581,-3.9704,-10.2312,0,REST
1753,6.84765625,-0.0183,-10.0717,1.2497,-8.4628,0,REST
1754,6.8515625,6.8402,-10.6532,2.7017,-2.3466,0,REST
1755,6.85546875,3.3211,-8.3569,7.2491,-3.9249,0,REST
1756,6.859375,2.3588,-4.7225,6.6193,-2.6506,0,REST
1757,6.86328125,-1.8514,-2.1769,7.1692,-1.3629,0,REST
1758,6.8671875,-4.8789,1.8899,9.357,0.2213,0,REST
1759,6.87109375,0.3414,6.8835,5.609,2.8041,0,REST
1760,6.875,-7.9421,6.7032,12.6275,4.3485,0,REST
1761,6.87890625,-8.8353,6.5195,10.148,4.4875,0,REST
1762,6.8828125,-8.9459,10.7148,7.6162,4.0874,0,REST
1763,6.88671875,-8.5004,13.6224,9.3515,5.2391,0,REST
1764,6.890625,-7.735,12.6421,3.3758,7.3054,0,REST
1765,6.89453125,-6.7749,9.2414,-0.0774,11.9049,0,REST
1766,6.8984375,-2.1957,10.7864,-0.1906,9.8153,0,REST
1767,6.90234375,-3.1246,7.5165,-5.8209,8.8315,0,REST
1768,6.90625,-0.8382,5.1254,-8.0785,4.27,0,REST
1769,6.91015625,1.682,5.5048,-10.5947,-1.4474,0,REST
1770,6.9140625,3.5353,0.6261,-13.8394,-2.0386,0,REST
1771,6.91796875,5.8102,-1.927,-12.0352,-1.0212,0,REST
1772,6.921875,9.9776,-9.9507,-10.2124,-4.0306,0,REST
1773,6.92578125,9.3954,-10.1959,-11.0534,-7.3986,0,REST
1774,6.9296875,12.828,-11.4271,-10.8056,-10.6957,0,REST
1775,6.93359375,12.5814,-14.9701,-6.046,-8.3229,0,REST
1776,6.9375,8.4751,-15.4415,-4.0945,-10.9553,0,REST
1777,6.94140625,7.2235,-12.7297,-3.4348,-10.6634,0,REST
1778,6.9453125,9.1486,-12.2803,3.8249,-9.9504,0,REST
1779,6.94921875,3.0972,-7.1622,5.0914,-5.6364,0,REST
1780,6.953125,0.0956,-8.5409,10.1268,-4.7626,0,REST
1781,6.95703125,-0.7684,3.2943,6.9242,-1.4112,0,REST
1782,6.9609375,-3.624,4.1331,15.0887,3.138,0,REST
1783,6.96484375,-9.7652,5.3022,12.8498,8.3582,0,REST
1784,6.96875,-13.0631,6.205,9.2323,7.7354,0,REST
1785,6.97265625,-11.8231,8.2975,11.4693,10.0995,0,REST
1786,6.9765625,-10.4381,10.555,9.6038,9.4803,0,REST
1787,6.98046875,-14.3945,13.0625,8.5322,10.2643,0,REST
1788,6.984375,-7.9306,13.8062,6.7499,12.385,0,REST
1789,6.98828125,-9.3443,11.6296,1.4713,12.7643,0,REST
1790,6.9921875,-6.0989,11.3114,-4.138,8.646,0,REST
1791,6.99609375,-3.4726,11.1405,-5.4084,4.1068,0,REST
1792,7.0,-3.5399,5.1423,-9.4115,5.0077,0,REST
1793,7.00390625,5.3181,1.0473,-8.2582,-0.9793,0,REST
1794,7.0078125,5.2858,-0.3837,-10.5172,-4.9939,0,REST
1795,7.01171875,12.0379,-2.5652,-12.2928,-7.1915,0,REST
1796,7.015625,9.7608,-6.8088,-12.3649,-8.4323,0,REST
1797,7.01953125,12.9511,-8.6216,-13.0237,-11.0646,0,REST
1798,7.0234375,14.6992,-12.9066,-13.6753,-14.7147,0,REST
1799,7.02734375,11.6749,-11.9859,-6.9027,-10.987,0,REST
1800,7.03125,14.6641,-11.0274,-6.7884,-10.1028,0,REST
1801,7.03515625,9.766,-10.7426,-1.7836,-9.1782,0,REST
1802,7.0390625,6.6307,-6.6376,1.0043,-10.513,0,REST
1803,7.04296875,1.3377,-9.3596,6.6095,-2.2928,0,REST
1804,7.046875,-0.5931,-4.2028,6.5302,-0.4562,0,REST
1805,7.05078125,-9.1158,-1.1225,10.0841,0.5525,0,REST
1806,7.0546875,-4.4452,1.6186,10.7189,6.8198,0,REST
1807,7.05859375,-3.686,6.5087,14.1673,8.9606,0,REST
1808,7.0625,-12.7273,6.7992,13.1185,14.9102,0,REST
1809,7.06640625,-11.2128,9.5488,13.3716,16.1007,0,REST
1810,7.0703125,-11.6473,11.0064,10.3075,11.3508,0,REST
1811,7.07421875,-9.6419,14.2901,6.5629,10.4709,0,REST
1812,7.078125,-11.6816,8.849,4.1123,12.3994,0,REST
1813,7.08203125,-5.5959,9.5105,1.3549,7.1565,0,REST
1814,7.0859375,-7.7553,10.0761,-1.5267,6.9733,0,REST
1815,7.08984375,-0.9386,8.5791,-6.2946,3.2647,0,REST
1816,7.09375,0.4856,1.8602,-5.7101,-2.6155,0,REST
1817,7.09765625,6.7004,2.5189,-8.0613,-3.5138,0,REST
1818,7.1015625,7.7414,-1.947,-4.3898,-4.876,0,REST
1819,7.10546875,7.0471,-4.5439,-9.1533,-10.9319,0,REST
1820,7.109375,10.358,-6.667,-10.4505,-9.0479,0,REST
1821,7.11328125,5.168,-9.2067,-10.1847,-13.5542,0,REST
1822,7.1171875,9.2308,-7.451,-8.6348,-7.7359,0,REST
1823,7.12109375,5.193,-10.9192,-6.6569,-14.6971,0,REST
1824,7.125,6.0368,-10.2767,-6.8619,-10.9928,0,REST
1825,7.12890625,4.9275,-8.2606,-4.6471,-7.6433,0,REST
1826,7.1328125,4.6089,-4.2279,-1.0461,-5.0753,0,REST
1827,7.13671875,-0.0778,-7.0702,2.0844,-2.9128,0,REST
1828,7.140625,0.0046,-2.5334,6.011,-2.0777,0,REST
1829,7.14453125,-3.1544,-4.5343,4.8539,-0.7941,0,REST
1830,7.1484375,-4.6283,-0.0952,6.3614,8.2353,0,REST
1831,7.15234375,-7.6066,1.8064,6.1183,9.4887,0,REST
1832,7.15625,-5.1074,2.834,7.508,9.794,0,REST
1833,7.16015625,-6.6473,2.1852,6.6291,8.7162,0,REST
1834,7.1640625,-7.5061,3.4764,7.8905,11.0468,0,REST
1835,7.16796875,-7.2807,8.7629,8.8536,10.3093,0,REST
1836,7.171875,-7.1505,7.5524,7.6145,8.2249,0,REST
1837,7.17578125,-4.1382,6.4233,2.6303,5.488,0,REST
1838,7.1796875,-3.5704,6.0637,2.638,5.6988,0,REST
1839,7.18359375,-3.2984,7.198,-0.4166,0.8468,0,REST
1840,7.1875,1.1134,-1.3211,-1.2851,-3.8286,0,REST
1841,7.19140625,-2.7289,1.5259,-3.492,-2.9129,0,REST
1842,7.1953125,-0.9644,-0.773,-1.5436,-6.7538,0,REST
1843,7.19921875,3.5014,-1.6638,-5.433,-5.8237,0,REST
1844,7.203125,2.3181,-4.9044,-4.6115,-15.3596,0,REST
1845,7.20703125,2.8915,-6.6629,-3.4356,-6.9096,0,REST
1846,7.2109375,6.9693,-1.0943,-5.0986,-10.5593,0,REST
1847,7.21484375,1.1704,-7.4278,-6.8631,-8.4357,0,REST
1848,7.21875,3.2299,-6.9149,0.0496,-4.4168,0,REST
1849,7.22265625,1.5483,-3.1944,-1.1711,-5.762,0,REST
1850,7.2265625,4.2498,-6.9303,-1.9111,1.7399,0,REST
1851,7.23046875,5.2439,-3.5091,0.9637,-2.9503,0,REST
1852,7.234375,3.1143,-3.6786,0.0431,4.4713,0,REST
1853,7.23828125,1.7232,-4.2757,2.7857,2.8222,0,REST
1854,7.2421875,0.9628,-0.6279,-1.1599,9.1786,0,REST
1855,7.24609375,0.3991,0.7529,-1.6378,8.5423,0,REST
1856,7.25,1.7403,2.9386,1.8709,5.4706,0,REST
1857,7.25390625,-0.5513,-0.9796,-0.3907,3.3902,0,REST
1858,7.2578125,-3.5557,1.2247,0.2479,6.2587,0,REST
1859,7.26171875,-2.4903,4.5405,4.9911,5.2285,0,REST
1860,7.265625,-4.4574,2.6882,4.0415,4.8488,0,REST
1861,7.26953125,2.4056,5.3463,3.6131,-0.8778,0,REST
1862,7.2734375,-5.1838,2.3429,3.6538,-2.9937,0,REST
1863,7.27734375,-6.0644,3.3729,2.6308,-0.7706,0,REST
1864,7.28125,-7.8569,2.706,0.9626,0.0612,0,REST
1865,7.28515625,-6.3099,1.0584,9.6242,-3.8583,0,REST
1866,7.2890625,-4.5541,0.1346,5.3601,-6.0318,0,REST
1867,7.29296875,-2.4454,-0.5189,6.1722,-2.927,0,REST
1868,7.296875,0.0334,-1.5222,3.9114,-4.1009,0,REST
1869,7.30078125,-2.6785,0.496,0.2464,-0.4196,0,REST
1870,7.3046875,0.171,-1.4626,-1.9657,-4.131,0,REST
1871,7.30859375,0.7522,-1.4705,-1.2645,-5.2335,0,REST
1872,7.3125,-0.6681,-2.2944,-1.9235,-5.2414,0,REST
1873,7.31640625,4.1393,2.1075,-4.0596,0.17,0,REST
1874,7.3203125,3.6041,1.3509,-5.8231,-1.1977,0,REST
1875,7.32421875,7.044,0.5226,-6.2672,-0.9341,0,REST
1876,7.328125,6.4765,-5.8775,-7.8789,2.4836,0,REST
1877,7.33203125,4.5995,1.0321,-7.6391,-2.2219,0,REST
1878,7.3359375,7.5031,-3.7595,-7.8379,5.6469,0,REST
1879,7.33984375,10.6484,-3.6899,-6.4006,3.5674,0,REST
1880,7.34375,5.5183,-4.3149,-6.8583,1.635,0,REST
1881,7.34765625,6.1856,-0.2349,-2.1975,2.8747,0,REST
1882,7.3515625,2.5769,-3.4325,1.0912,1.7202,0,REST
1883,7.35546875,0.1831,-2.3648,-3.1847,4.9593,0,REST
1884,7.359375,0.1969,0.4432,3.842,5.3864,0,REST
1885,7.36328125,-2.5455,2.9385,2.1899,2.6092,0,REST
1886,7.3671875,-5.3162,1.7791,7.2404,4.1617,0,REST
1887,7.37109375,-6.9921,-0.9407,5.3652,3.4826,0,REST
1888,7.375,-10.3953,3.065,12.2743,3.6837,0,REST
1889,7.37890625,-11.2906,6.0329,10.8654,3.3362,0,REST
1890,7.3828125,-7.5608,7.5552,15.7322,5.1311,0,REST
1891,7.38671875,-12.8541,1.5514,10.0487,1.2548,0,REST
1892,7.390625,-9.8403,5.0892,8.9047,0.3493,0,REST
1893,7.39453125,-9.6055,0.1964,7.1765,-4.6965,0,REST
1894,7.3984375,-2.4219,2.1311,4.0401,-3.9897,0,REST
1895,7.40234375,-2.0848,3.9525,0.4824,-0.7745,0,REST
1896,7.40625,1.5964,0.7265,-0.3775,-5.5082,0,REST
1897,7.41015625,3.889,2.3045,-1.8889,-5.5667,0,REST
1898,7.4140625,1.3449,-3.1392,-5.6447,-7.4607,0,REST
1899,7.41796875,6.1093,0.6545,-10.8061,-4.615,0,REST
1900,7.421875,9.8552,-4.3014,-7.7522,-2.7528,0,REST
1901,7.42578125,12.5717,-7.006,-13.4987,-3.8692,0,REST
1902,7.4296875,12.4772,-8.6991,-14.839,-7.1676,0,REST
1903,7.43359375,6.6034,-5.0581,-7.5715,1.3263,0,REST
1904,7.4375,12.5526,-6.2977,-10.8068,-1.2011,0,REST
1905,7.44140625,10.0042,-5.7585,-7.1161,1.5976,0,REST
1906,7.4453125,6.3657,-7.1894,-5.4847,2.2179,0,REST
1907,7.44921875,4.5443,-5.6743,-1.0504,6.4888,0,REST
1908,7.453125,-1.7602,-5.8309,2.8506,5.6528,0,REST
1909,7.45703125,-4.1199,-2.5495,6.1818,5.1822,0,REST
1910,7.4609375,-2.0267,-1.9262,4.2073,9.2831,0,REST
1911,7.46484375,-8.1606,4.7305,9.9908,9.8618,0,REST
1912,7.46875,-12.7177,4.0615,10.0405,10.2309,0,REST
1913,7.47265625,-11.9683,7.9857,10.5435,7.1752,0,REST
1914,7.4765625,-15.0908,10.8408,10.6981,6.9582,0,REST
1915,7.48046875,-9.3747,4.9646,12.6789,5.4988,0,REST
1916,7.484375,-11.8518,10.7383,8.0526,2.0441,0,REST
1917,7.48828125,-7.2872,8.7622,8.3836,-4.3892,0,REST
1918,7.4921875,-8.9332,3.8352,7.9228,-2.1555,0,REST
1919,7.49609375,-4.1894,3.6035,4.2022,-7.793,0,REST
1920,7.5,0.1892,-0.079,1.8341,-8.9521,0,REST
1921,7.50390625,0.5972,1.8459,-2.8254,-8.9699,0,REST
1922,7.5078125,7.4022,0.9815,-6.0108,-12.1405,0,REST
1923,7.51171875,11.9321,-1.7252,-6.7543,-10.8283,0,REST
1924,7.515625,15.8403,-8.0249,-11.5278,-10.3747,0,REST
1925,7.51953125,9.8792,-10.3835,-8.6253,-6.296,0,REST
1926,7.5234375,9.8916,-5.2637,-14.6277,-6.8224,0,REST
1927,7.52734375,10.8378,-11.5473,-12.5024,-3.8347,0,REST
1928,7.53125,11.5273,-8.5063,-13.0841,-0.0654,0,REST
1929,7.53515625,6.6895,-9.8289,-8.0204,-0.7229,0,REST
1930,7.5390625,7.6264,-7.1173,-5.6364,4.9006,0,REST
1931,7.54296875,1.8039,-10.1091,-7.2627,8.0623,0,REST
1932,7.546875,-0.0425,-6.9683,0.1083,11.0974,0,REST
1933,7.55078125,-4.4987,-5.9819,3.5225,14.2493,0,REST
1934,7.5546875,-7.6726,3.8226,5.9382,12.8886,0,REST
1935,7.55859375,-7.2549,2.0573,7.4495,9.7182,0,REST
1936,7.5625,-8.2424,3.3376,14.2987,9.896,0,REST
1937,7.56640625,-12.1901,8.0381,10.6147,8.3889,0,REST
1938,7.5703125,-12.0061,7.6728,9.4931,4.0338,0,REST
1939,7.57421875,-11.9345,11.5364,8.2483,2.5291,0,REST
1940,7.578125,-12.6945,13.2657,12.5499,-2.879,0,REST
1941,7.58203125,-9.4106,14.3669,9.5982,-4.2822,0,REST
1942,7.5859375,-9.4648,13.8515,4.4912,-10.3281,0,REST
1943,7.58984375,-3.1943,6.3878,4.4982,-8.0978,0,REST
1944,7.59375,2.1621,7.2329,2.1556,-9.7164,0,REST
1945,7.59765625,8.1991,4.552,0.1645,-8.9697,0,REST
1946,7.6015625,5.8471,2.8621,-5.4177,-10.0673,0,REST
1947,7.60546875,7.5738,-4.2653,-7.8238,-8.57,0,REST
1948,7.609375,7.9979,-4.1316,-10.436,-11.2933,0,REST
1949,7.61328125,10.0589,-5.8595,-6.0354,-6.832,0,REST
1950,7.6171875,10.2273,-11.9799,-10.3426,-1.661,0,REST
1951,7.62109375,9.9891,-12.3921,-9.8788,1.3589,0,REST
1952,7.625,11.6505,-9.8863,-11.7441,4.2934,0,REST
1953,7.62890625,2.077,-11.0622,-8.6076,9.3271,0,REST
1954,7.6328125,2.24,-11.1149,-7.7073,8.0542,0,REST
1955,7.63671875,1.2427,-5.0434,-3.4771,13.6935,0,REST
1956,7.640625,-2.635,-5.6975,1.2399,13.2997,0,REST
1957,7.64453125,-6.314,-1.2853,1.9353,13.2992,0,REST
1958,7.6484375,-4.7357,-2.3717,3.8072,15.3373,0,REST
1959,7.65234375,-6.718,1.7968,3.9828,12.2775,0,REST
1960,7.65625,-2.6806,5.8042,4.6683,7.4961,0,REST
1961,7.66015625,-5.1838,10.2394,6.6867,7.1754,0,REST
1962,7.6640625,-5.871,12.0066,8.3917,1.0489,0,REST
1963,7.66796875,-4.5869,12.0379,5.9903,-1.4558,0,REST
1964,7.671875,-6.6108,11.6683,5.7048,-7.6813,0,REST
1965,7.67578125,-5.2486,15.4856,3.4648,-6.9692,0,REST
1966,7.6796875,-3.9521,8.0939,8.6061,-12.0501,0,REST
1967,7.68359375,-2.2015,10.3682,4.628,-10.7966,0,REST
1968,7.6875,-1.8417,9.347,3.211,-14.3228,0,REST
1969,7.69140625,-0.2764,4.3659,0.3018,-10.675,0,REST
1970,7.6953125,-0.2251,0.0829,-0.6573,-11.9931,0,REST
1971,7.69921875,2.5056,-3.6914,-0.8167,-8.2065,0,REST
1972,7.703125,1.8162,-5.5615,-1.6598,-2.5881,0,REST
1973,7.70703125,5.6204,-8.1296,-5.7014,-0.4183,0,REST
1974,7.7109375,3.3817,-11.5847,-3.3329,0.6407,0,REST
1975,7.71484375,3.6492,-13.678,-6.2476,2.8076,0,REST
1976,7.71875,4.2352,-11.6573,-0.5721,5.7627,0,REST
1977,7.72265625,3.3533,-14.1466,-5.1159,7.1124,0,REST
1978,7.7265625,3.7149,-10.1854,-1.9283,15.332,0,REST
1979,7.73046875,-0.7826,-7.7418,-0.6515,12.4749,0,REST
1980,7.734375,1.9731,-10.1103,-2.7349,10.6964,0,REST
1981,7.73828125,0.1103,-2.8398,-5.57,9.1131,0,REST
1982,7.7421875,2.4499,-3.1522,0.3048,5.8797,0,REST
1983,7.74609375,-0.0034,3.8394,-1.8122,10.0077,0,REST
1984,7.75,-0.5719,8.0755,-3.5346,4.4422,0,REST
1985,7.75390625,-3.4261,6.5342,-0.536,-1.5253,0,REST
1986,7.7578125,1.3569,9.4386,3.649,-3.9873,0,REST
1987,7.76171875,-2.1765,11.3943,-2.547,-2.3564,0,REST
1988,7.765625,-0.2501,11.0077,-2.4159,-10.1672,0,REST
1989,7.76953125,-1.6542,12.8678,-0.5113,-7.7486,0,REST
1990,7.7734375,-6.1466,14.3063,3.7996,-12.7661,0,REST
1991,7.77734375,-1.2933,6.861,4.3477,-8.9755,0,REST
1992,7.78125,-5.0864,8.0403,2.7016,-6.7769,0,REST
1993,7.78515625,-1.704,4.5367,1.9807,-8.9189,0,REST
1994,7.7890625,-2.9859,1.913,-1.7257,-5.2563,0,REST
1995,7.79296875,-5.2999,-2.5325,3.9875,-8.7349,0,REST
1996,7.796875,-2.8196,-7.2183,4.5626,-4.2292,0,REST
1997,7.80078125,-3.7134,-8.9177,4.3158,0.3062,0,REST
1998,7.8046875,-4.0499,-6.8523,4.825,1.862,0,REST
1999,7.80859375,1.78,-9.218,5.2797,2.2832,0,REST
2000,7.8125,0.4819,-11.4229,-0.8039,7.2833,0,REST
2001,7.81640625,3.1975,-12.792,1.9051,5.0955,0,REST
2002,7.8203125,2.9033,-11.2108,-1.2909,7.145,0,REST
2003,7.82421875,6.7234,-8.8646,-1.1602,8.2911,0,REST
2004,7.828125,5.0787,-8.8588,-6.7754,5.4269,0,REST
2005,7.83203125,8.6724,-4.7275,-8.561,7.0853,0,REST
2006,7.8359375,7.7029,-1.2728,-4.544,6.6329,0,REST
2007,7.83984375,6.8529,2.2769,-10.1516,6.1887,0,REST
2008,7.84375,6.8943,2.1151,-9.8649,4.7605,0,REST
2009,7.84765625,9.6033,8.0226,-8.5981,-2.3399,0,REST
2010,7.8515625,-1.0257,9.3018,-5.7849,-4.6538,0,REST
2011,7.85546875,2.0349,8.0524,-8.6661,-3.8614,0,REST
2012,7.859375,-2.1711,13.277,-5.0583,-3.7442,0,REST
2013,7.86328125,-1.0688,9.8344,-0.3157,-4.427,0,REST
2014,7.8671875,-2.3644,9.628,-1.5791,-4.6627,0,REST
2015,7.87109375,-6.3603,5.1592,1.2514,-7.2856,0,REST
2016,7.875,-11.0259,7.6474,5.32,-2.5765,0,REST
2017,7.87890625,-10.3329,-0.1205,3.7374,-3.0924,0,REST
2018,7.8828125,-11.3621,2.895,9.375,0.2747,0,REST
2019,7.88671875,-12.0707,-2.4528,9.8688,-3.3589,0,REST
2020,7.890625,-7.2545,-2.9833,8.0244,1.1483,0,REST
2021,7.89453125,-6.5149,-2.1853,10.2786,-2.5696,0,REST
2022,7.8984375,-7.9806,-7.4291,7.1537,3.4302,0,REST
2023,7.90234375,-0.383,-6.2479,8.8794,4.8063,0,REST
2024,7.90625,1.2629,-7.9526,4.9528,2.7654,0,REST
2025,7.91015625,2.1908,-10.2159,4.6884,2.5327,0,REST
2026,7.9140625,7.9848,-9.1563,-0.6568,3.3365,0,REST
2027,7.91796875,7.6435,-6.5632,-2.6843,4.939,0,REST
2028,7.921875,11.4281,-7.18,-2.7397,3.7833,0,REST
2029,7.92578125,16.9823,-2.4585,-7.9036,2.1181,0,REST
2030,7.9296875,12.1159,1.4461,-11.744,4.3188,0,REST
2031,7.93359375,10.0441,2.2064,-7.0457,4.1144,0,REST
2032,7.9375,13.6287,2.9324,-11.7501,0.7615,0,REST
2033,7.94140625,6.4554,3.099,-9.4938,3.0075,0,REST
2034,7.9453125,5.6387,4.5541,-9.6601,0.8606,0,REST
2035,7.94921875,3.8345,5.4613,-11.8469,-0.6209,0,REST
2036,7.953125,0.5567,9.5228,-6.2102,1.6486,0,REST
2037,7.95703125,-2.107,4.1297,-4.5276,1.8819,0,REST
2038,7.9609375,-6.4067,5.8428,-0.7331,0.6625,0,REST
2039,7.96484375,-4.3458,5.8664,4.3656,-4.1683,0,REST
2040,7.96875,-10.4855,4.1617,4.5383,-4.8496,0,REST
2041,7.97265625,-11.6145,1.3123,5.6711,-4.2535,0,REST
2042,7.9765625,-13.9284,2.3674,13.2786,-4.0125,0,REST
2043,7.98046875,-11.8195,1.052,10.5186,-0.6531,0,REST
2044,7.984375,-14.2673,-2.125,12.7133,-5.3149,0,REST
2045,7.98828125,-7.7531,-1.0887,13.2247,-0.1583,0,REST
2046,7.9921875,-9.9012,-3.3162,10.7778,-3.268,0,REST
2047,7.99609375,-2.2745,-4.9285,11.8899,-2.2457,0,REST
2048,8.0,-0.8335,0.1735,5.479,-6.7364,0,REST
2049,8.00390625,2.0591,-1.4608,7.7275,-2.3248,0,REST
2050,8.0078125,8.3062,-1.2206,-2.5085,1.2453,0,REST
2051,8.01171875,11.9785,-4.363,-1.4293,1.2482,0,REST
2052,8.015625,11.7765,-3.7412,-4.8838,0.0226,0,REST
2053,8.01953125,9.6585,-5.6686,-9.5616,4.0198,0,REST
2054,8.0234375,12.1137,-3.9257,-12.1598,6.5628,0,REST
2055,8.02734375,14.2504,-1.3414,-12.0947,8.808,0,REST
2056,8.03125,15.0176,-2.8655,-12.5353,3.8634,0,REST
2057,8.03515625,7.4968,0.7997,-13.2547,7.7729,0,REST
2058,8.0390625,3.51,-1.4506,-6.9066,6.289,0,REST
2059,8.04296875,3.174,5.346,-11.1544,10.8792,0,REST
2060,8.046875,-0.9668,-1.8817,-7.8533,8.4003,0,REST
2061,8.05078125,-4.3489,1.1025,-6.302,1.1434,0,REST
2062,8.0546875,-3.8029,0.348,0.3907,6.8139,0,REST
2063,8.05859375,-7.096,2.4116,3.228,1.7193,0,REST
2064,8.0625,-6.9306,0.0915,3.065,-1.2473,0,REST
2065,8.06640625,-11.207,1.512,12.0388,-8.217,0,REST
2066,8.0703125,-8.9776,1.5808,6.3314,-6.3229,0,REST
2067,8.07421875,-10.8619,2.8414,8.2597,-10.0447,0,REST
2068,8.078125,-11.68,3.5794,11.5526,-8.877,0,REST
2069,8.08203125,-8.1551,0.0298,11.4474,-9.8982,0,REST
2070,8.0859375,-6.1263,2.345,14.2518,-5.6011,0,REST
2071,8.08984375,-1.3556,1.2752,9.1503,-7.8305,0,REST
2072,8.09375,3.2513,-1.0145,6.8377,-8.3281,0,REST
2073,8.09765625,2.6232,-1.0631,8.8912,-0.0832,0,REST
2074,8.1015625,4.1037,-6.5186,2.4229,-1.4209,0,REST
2075,8.10546875,8.6106,-3.6886,1.3719,3.3522,0,REST
2076,8.109375,11.8303,-0.887,-3.7991,5.4956,0,REST
2077,8.11328125,9.3545,-2.0904,-4.6973,11.0948,0,REST
2078,8.1171875,7.0382,-6.7172,-7.2648,9.3331,0,REST
2079,8.12109375,8.451,-0.2917,-5.9813,12.3908,0,REST
2080,8.125,9.351,-5.529,-12.5053,10.9562,0,REST
2081,8.12890625,3.8767,-7.1421,-13.931,6.3547,0,REST
2082,8.1328125,2.1845,-1.6665,-5.4778,9.8218,0,REST
2083,8.13671875,3.3934,-3.9249,-5.8067,8.8629,0,REST
2084,8.140625,-0.2174,2.6302,-6.0889,5.3021,0,REST
2085,8.14453125,-3.4016,-0.4339,-3.4545,2.2308,0,REST
2086,8.1484375,-2.9672,2.1111,-2.8698,0.2039,0,REST
2087,8.15234375,-7.9252,-0.3944,-0.3565,0.3963,0,REST
2088,8.15625,-4.922,0.8594,0.6572,-6.8378,0,REST
2089,8.16015625,-5.5291,4.8913,1.4282,-8.848,0,REST
2090,8.1640625,-9.8992,6.0217,7.1116,-10.9022,0,REST
2091,8.16796875,-8.2208,3.8202,4.7542,-12.7773,0,REST
2092,8.171875,-5.0386,3.9385,6.2278,-11.1285,0,REST
2093,8.17578125,-2.4931,5.2738,6.5685,-10.9796,0,REST
2094,8.1796875,-2.5817,4.7855,5.7098,-8.7473,0,REST
2095,8.18359375,0.1143,3.6402,6.7848,-6.5812,0,REST
2096,8.1875,-2.0415,5.1189,0.4694,-2.771,0,REST
2097,8.19140625,0.8153,3.2904,2.749,-2.5911,0,REST
2098,8.1953125,4.6698,-4.9308,0.1525,2.8317,0,REST
2099,8.19921875,1.108,-3.358,1.0572,2.2481,0,REST
2100,8.203125,4.6617,-1.6903,-0.7529,7.7154,0,REST
2101,8.20703125,4.2338,-6.0442,-0.6153,9.7002,0,REST
2102,8.2109375,4.2448,-2.8382,-4.8864,15.847,0,REST
2103,8.21484375,4.4359,-4.439,-4.6905,11.1881,0,REST
2104,8.21875,1.8018,-9.2599,-3.6143,14.5532,0,REST
2105,8.22265625,7.1413,-10.8953,-2.2852,9.1024,0,REST
2106,8.2265625,2.5861,-11.2109,-5.6129,7.037,0,REST
2107,8.23046875,1.9662,-5.655,-3.338,5.2919,0,REST
2108,8.234375,-0.9807,-3.7542,-5.8334,2.1946,0,REST
2109,8.23828125,1.3001,-1.191,-3.196,-1.6034,0,REST
2110,8.2421875,3.6807,-1.4331,-1.9513,-3.8956,0,REST
2111,8.24609375,1.3828,-0.613,-3.7783,-4.3996,0,REST
2112,8.25,-0.5328,2.5263,0.316,-9.944,0,REST
2113,8.25390625,-2.0703,6.4776,-3.9522,-9.673,0,REST
2114,8.2578125,0.8527,6.7615,-0.9085,-14.2414,0,REST
2115,8.26171875,-2.479,7.4123,-3.7931,-14.2079,0,REST
2116,8.265625,-0.3453,9.0517,-1.7784,-13.4288,0,REST
2117,8.26953125,-2.4841,10.903,0.6351,-11.1697,0,REST
2118,8.2734375,-4.5056,8.9558,-1.6856,-6.9375,0,REST
2119,8.27734375,-6.3757,9.2861,1.8573,-7.6252,0,REST
2120,8.28125,-4.3436,6.8661,1.3963,-1.8261,0,REST
2121,8.28515625,-2.6089,5.8075,2.8721,2.3831,0,REST
2122,8.2890625,-3.5087,6.0303,3.7027,3.9912,0,REST
2123,8.29296875,-3.3719,0.2082,1.5694,9.4007,0,REST
2124,8.296875,-2.4625,-4.3074,3.0566,10.7081,0,REST
2125,8.30078125,-3.2136,-6.8876,3.9554,10.4777,0,REST
2126,8.3046875,-3.171,-9.3387,3.9863,12.4486,0,REST
2127,8.30859375,3.9968,-7.852,5.7331,11.1585,0,REST
2128,8.3125,3.0576,-13.0358,4.4738,15.0319,0,REST
2129,8.31640625,-0.4045,-8.6507,5.0171,8.4512,0,REST
2130,8.3203125,3.3322,-9.8773,3.4987,6.0597,0,REST
2131,8.32421875,3.7565,-11.8227,3.1808,3.0302,0,REST
2132,8.328125,5.0365,-7.6341,-2.2173,0.4207,0,REST
2133,8.33203125,8.7298,-5.2012,-4.3971,-3.67,0,REST
2134,8.3359375,10.4648,-3.3027,-3.4301,-7.7307,0,REST
2135,8.33984375,8.2944,3.0069,-4.5954,-7.2482,0,REST
2136,8.34375,5.9871,0.7102,-5.8349,-8.521,0,REST
2137,8.34765625,5.4093,7.4051,-8.2915,-9.7954,0,REST
2138,8.3515625,4.4185,6.1233,-9.5656,-6.891,0,REST
2139,8.35546875,5.8316,10.2959,-7.9121,-12.4451,0,REST
2140,8.359375,-1.782,10.5517,-6.8336,-7.9339,0,REST
2141,8.36328125,0.0375,12.2325,-9.109,-6.5998,0,REST
2142,8.3671875,-3.12,11.4105,-7.2035,-2.7143,0,REST
2143,8.37109375,-4.5737,7.327,-5.4683,-1.4919,0,REST
2144,8.375,-7.6704,6.3539,-3.2396,-0.8357,0,REST
2145,8.37890625,-11.2603,4.9604,2.2232,3.9733,0,REST
2146,8.3828125,-10.7094,1.2782,4.6859,8.442,0,REST
2147,8.38671875,-6.8018,-0.3626,6.2637,7.3841,0,REST
2148,8.390625,-10.2875,-4.6201,7.0246,7.8718,0,REST
2149,8.39453125,-9.115,-8.039,10.0763,8.7237,0,REST
2150,8.3984375,-3.0298,-9.0962,9.9042,7.9311,0,REST
2151,8.40234375,-1.8925,-12.3959,12.0747,11.4951,0,REST
2152,8.40625,2.8573,-13.0205,10.1016,9.5854,0,REST
2153,8.41015625,0.292,-12.2244,4.7261,7.1867,0,REST
2154,8.4140625,2.9223,-12.5859,5.4676,0.9878,0,REST
2155,8.41796875,7.199,-9.8427,5.6323,1.3169,0,REST
2156,8.421875,9.1408,-10.2895,1.3011,-1.5056,0,REST
2157,8.42578125,8.0562,-3.4135,-1.4932,-2.5217,0,REST
2158,8.4296875,10.6977,-2.8088,-4.7089,-4.3621,0,REST
2159,8.43359375,11.7588,0.1054,-7.0283,-5.5227,0,REST
2160,8.4375,10.048,3.1682,-12.0691,-6.8338,0,REST
2161,8.44140625,10.9059,6.3858,-11.2343,-6.4074,0,REST
2162,8.4453125,5.7562,13.7019,-10.5522,-7.869,0,REST
2163,8.44921875,3.3511,13.2368,-13.6721,-4.2306,0,REST
2164,8.453125,-0.8258,11.7272,-12.203,-3.1223,0,REST
2165,8.45703125,-4.0979,16.5436,-11.7883,-6.3939,0,REST
2166,8.4609375,-4.8347,10.1173,-7.2007,-0.3425,0,REST
2167,8.46484375,-8.615,15.588,-8.1659,0.1368,0,REST
2168,8.46875,-8.986,8.462,-5.4516,-0.653,0,REST
2169,8.47265625,-10.3521,7.2703,4.8607,-2.472,0,REST
2170,8.4765625,-11.0441,0.5811,7.0702,1.5293,0,REST
2171,8.48046875,-7.8747,-0.7337,9.9762,4.7113,0,REST
2172,8.484375,-11.0768,-3.5485,8.9478,3.6793,0,REST
2173,8.48828125,-9.7176,-9.325,12.7716,3.3464,0,REST
2174,8.4921875,-7.7133,-10.0888,12.9763,6.5815,0,REST
2175,8.49609375,-2.277,-11.3644,14.7995,6.4083,0,REST
2176,8.5,4.6075,-11.5998,12.7634,2.7366,0,REST
2177,8.50390625,2.7181,-10.27,7.4842,2.1734,0,REST
2178,8.5078125,8.6262,-14.0471,10.0842,7.1884,0,REST
2179,8.51171875,10.419,-12.7566,7.9265,0.6969,0,REST
2180,8.515625,12.3303,-12.8461,4.6795,4.2821,0,REST
2181,8.51953125,9.8518,-4.7921,-0.4074,3.904,0,REST
2182,8.5234375,12.9111,-1.0466,-6.9203,-3.0102,0,REST
2183,8.52734375,12.0616,3.0585,-8.2973,-2.1317,0,REST
2184,8.53125,13.3396,4.2784,-9.2908,0.9818,0,REST
2185,8.53515625,12.4969,5.4606,-11.2955,-4.147,0,REST
2186,8.5390625,7.2207,10.0721,-15.0854,-3.2957,0,REST
2187,8.54296875,4.8425,13.0066,-12.2849,0.0271,0,REST
2188,8.546875,-0.5391,12.4366,-13.6896,-4.633,0,REST
2189,8.55078125,-1.4342,10.9793,-15.1994,-5.7576,0,REST
2190,8.5546875,-7.2794,12.874,-7.3837,-4.9142,0,REST
2191,8.55859375,-10.6281,8.4396,-4.8173,-7.1279,0,REST
2192,8.5625,-11.6765,8.2991,-5.4865,-6.7751,0,REST
2193,8.56640625,-9.1722,7.7233,-2.4854,-3.4791,0,REST
2194,8.5703125,-16.8992,1.752,0.2387,-2.3262,0,REST
2195,8.57421875,-10.3633,1.2348,4.1495,-1.8984,0,REST
2196,8.578125,-9.9436,-8.0921,12.3774,0.7193,0,REST
2197,8.58203125,-7.0778,-7.3015,9.5728,0.9151,0,REST
2198,8.5859375,-3.06,-8.9751,11.0519,2.2617,0,REST
2199,8.58984375,0.9924,-8.884,12.8863,1.1719,0,REST
2200,8.59375,2.107,-11.7189,12.7246,7.3491,0,REST
2201,8.59765625,4.0871,-12.6361,12.7537,2.7653,0,REST
2202,8.6015625,7.5184,-14.314,8.0572,4.1555,0,REST
2203,8.60546875,10.2657,-9.5421,6.6305,5.6186,0,REST
2204,8.609375,7.909,-7.4737,3.2209,3.2495,0,REST
2205,8.61328125,10.1706,-1.8398,1.3484,3.4863,0,REST
2206,8.6171875,8.7214,-2.171,-1.184,6.6058,0,REST
2207,8.62109375,7.8441,2.3173,-2.5769,2.5631,0,REST
2208,8.625,12.0953,5.7812,-7.1189,4.1068,0,REST
2209,8.62890625,6.6753,6.3162,-7.5529,0.145,0,REST
2210,8.6328125,2.6813,8.3656,-11.9745,-3.1401,0,REST
2211,8.63671875,0.0851,12.5434,-8.5425,-7.0518,0,REST
2212,8.640625,-0.7329,6.7487,-9.9343,-7.8118,0,REST
2213,8.64453125,0.4008,8.9495,-7.3303,-8.1069,0,REST
2214,8.6484375,-5.962,6.2662,-8.7088,-6.2186,0,REST
2215,8.65234375,-6.051,8.0046,-5.8446,-8.0279,0,REST
2216,8.65625,-4.4304,7.1675,-0.9047,-5.2148,0,REST
2217,8.66015625,-9.9703,8.5313,1.5324,-8.3987,0,REST
2218,8.6640625,-8.3356,6.0173,1.4848,-7.8469,0,REST
2219,8.66796875,-7.856,-0.6752,2.9714,-5.8044,0,REST
2220,8.671875,-6.7652,-3.8771,4.5396,-4.2969,0,REST
2221,8.67578125,-5.7984,-4.8679,3.0262,0.6471,0,REST
2222,8.6796875,-3.7279,-5.0464,7.6708,-0.3937,0,REST
2223,8.68359375,-2.9354,-6.7321,7.8441,4.1756,0,REST
2224,8.6875,-3.2795,-7.2933,5.4652,6.6121,0,REST
2225,8.69140625,0.7385,-6.7416,6.5802,5.7097,0,REST
2226,8.6953125,0.6902,-8.6567,3.5972,6.341,0,REST
2227,8.69921875,2.9695,-5.6353,8.4085,11.738,0,REST
2228,8.703125,2.9268,-5.5498,6.1726,10.8951,0,REST
2229,8.70703125,4.8844,-4.2025,3.092,5.361,0,REST
2230,8.7109375,5.6303,-1.0276,1.8509,5.6124,0,REST
2231,8.71484375,4.659,-2.0128,3.8099,5.5509,0,REST
2232,8.71875,2.2044,0.8921,1.4484,1.7964,0,REST
2233,8.72265625,1.5225,1.8941,-2.1871,0.0059,0,REST
2234,8.7265625,-0.8332,3.3425,-1.1482,-2.7952,0,REST
2235,8.73046875,2.7135,6.8434,-2.2826,-5.6343,0,REST
2236,8.734375,-1.1087,5.5275,-4.1663,-10.6045,0,REST
2237,8.73828125,3.2214,5.2852,1.1168,-13.5139,0,REST
2238,8.7421875,1.84,4.7191,-4.1343,-12.4949,0,REST
2239,8.74609375,-0.2411,6.2331,-5.7726,-13.774,0,REST
2240,8.75,0.7916,3.5523,-2.8523,-13.0568,0,REST
2241,8.75390625,-0.4576,6.6563,-3.8258,-9.205,0,REST
2242,8.7578125,-0.6379,2.7634,-5.3557,-5.6042,0,REST
2243,8.76171875,-2.0474,0.2831,-4.9645,-6.7195,0,REST
2244,8.765625,-0.2978,0.3816,-3.1639,2.8025,0,REST
2245,8.76953125,-3.5603,-4.675,-0.8693,4.6398,0,REST
2246,8.7734375,-5.8776,-0.6088,-1.588,7.4112,0,REST
2247,8.77734375,-3.2508,-0.8817,-0.4408,6.2027,0,REST
2248,8.78125,-4.7394,-4.5566,1.7434,14.0711,0,REST
2249,8.78515625,-2.2463,-0.4634,-0.8697,15.5393,0,REST
2250,8.7890625,-4.5578,-5.3565,-0.7967,11.6434,0,REST
2251,8.79296875,-4.9361,-2.7672,2.4211,12.7514,0,REST
2252,8.796875,-3.2887,-2.9116,3.2726,12.7505,0,REST
2253,8.80078125,-6.7934,-3.4023,3.5855,6.5743,0,REST
2254,8.8046875,-0.3699,0.0238,2.2819,0.672,0,REST
2255,8.80859375,-0.9565,0.0073,10.7559,-0.1101,0,REST
2256,8.8125,1.2901,-2.2522,4.1179,-2.7067,0,REST
2257,8.81640625,3.6899,2.6377,7.935,-7.0261,0,REST
2258,8.8203125,1.8506,-0.3939,6.8426,-8.119,0,REST
2259,8.82421875,4.757,3.7989,7.8689,-13.7787,0,REST
2260,8.828125,6.5486,0.6923,5.4896,-10.4461,0,REST
2261,8.83203125,9.5664,0.993,3.8178,-15.0527,0,REST
2262,8.8359375,4.3042,4.1912,-2.1726,-12.5947,0,REST
2263,8.83984375,6.8122,2.5373,-2.4594,-16.35,0,REST
2264,8.84375,7.3037,7.3118,-4.617,-11.4522,0,REST
2265,8.84765625,5.5415,6.5547,-5.7851,-7.4542,0,REST
2266,8.8515625,6.1901,3.5873,-5.8863,-1.7548,0,REST
2267,8.85546875,-0.6531,2.8277,-8.4546,-0.1093,0,REST
2268,8.859375,0.8196,1.1159,-12.0113,4.4981,0,REST
2269,8.86328125,1.4724,5.9596,-9.8405,8.1474,0,REST
2270,8.8671875,-2.9823,1.0914,-4.2123,5.7883,0,REST
2271,8.87109375,-5.7155,1.7721,-3.8026,10.2061,0,REST
2272,8.875,-6.6273,0.9785,-5.0665,13.3759,0,REST
2273,8.87890625,-8.1361,1.9294,-6.082,11.9554,0,REST
2274,8.8828125,-10.418,-0.7363,0.8121,13.2147,0,REST
2275,8.88671875,-10.5782,-2.2324,-0.0679,8.9303,0,REST
2276,8.890625,-5.7771,-5.6851,4.3053,8.9575,0,REST
2277,8.89453125,-6.5656,-4.5491,4.7354,3.5045,0,REST
2278,8.8984375,-6.9401,-6.8717,11.135,0.7239,0,REST
2279,8.90234375,-4.8258,-6.6263,8.9993,-2.5486,0,REST
2280,8.90625,-0.9268,-1.5346,11.8124,-3.2972,0,REST
2281,8.91015625,2.1104,-1.538,12.595,-5.6086,0,REST
2282,8.9140625,8.5157,-6.0011,12.7737,-7.604,0,REST
2283,8.91796875,9.3662,-4.8503,9.219,-12.0443,0,REST
2284,8.921875,7.6447,-2.3009,6.5147,-13.2549,0,REST
2285,8.92578125,10.7887,-1.5676,5.8102,-11.9448,0,REST
2286,8.9296875,11.7748,-1.8273,4.6676,-8.767,0,REST
2287,8.93359375,10.0069,0.1695,0.887,-7.1892,0,REST
2288,8.9375,12.5939,0.4735,-4.8118,-6.8911,0,REST
2289,8.94140625,7.1628,5.1982,-9.7217,-2.7764,0,REST
2290,8.9453125,5.3716,1.8579,-8.7387,1.002,0,REST
2291,8.94921875,3.8531,5.1604,-9.976,2.8048,0,REST
2292,8.953125,0.161,4.6004,-12.0844,5.6588,0,REST
2293,8.95703125,0.7769,7.5445,-13.6447,7.8831,0,REST
2294,8.9609375,-6.5322,5.681,-13.7144,7.4963,0,REST
2295,8.96484375,-9.5343,8.2816,-14.528,10.4676,0,REST
2296,8.96875,-14.445,8.5835,-9.3996,11.3875,0,REST
2297,8.97265625,-12.5253,6.4351,-9.2236,10.4499,0,REST
2298,8.9765625,-15.1771,5.3167,-1.4043,10.2777,0,REST
2299,8.98046875,-13.4324,-1.8504,-2.9094,5.3297,0,REST
2300,8.984375,-11.5574,-0.4676,-0.7546,3.392,0,REST
2301,8.98828125,-8.2648,-5.1674,8.9886,0.0098,0,REST
2302,8.9921875,-10.6543,-5.6724,10.1301,1.6602,0,REST
2303,8.99609375,-2.4519,-6.6542,12.9894,-5.3453,0,REST
2304,9.0,-0.4082,-9.6558,10.4538,-8.0401,0,REST
2305,9.00390625,-0.2434,-8.0402,9.7147,-4.1741,0,REST
2306,9.0078125,6.7291,-7.4071,14.5643,-7.3272,0,REST
2307,9.01171875,9.8299,-6.3307,12.5728,-7.5363,0,REST
2308,9.015625,7.1738,-6.3003,9.1705,-6.1275,0,REST
2309,9.01953125,14.7472,-6.3191,12.291,-7.1983,0,REST
2310,9.0234375,12.5069,-1.4801,6.7395,-4.4668,0,REST
2311,9.02734375,12.3415,-2.4245,0.1424,-2.9767,0,REST
2312,9.03125,9.197,2.7327,-2.0934,-2.2206,0,REST
2313,9.03515625,5.0034,6.3099,-4.5592,-1.2612,0,REST
2314,9.0390625,5.0339,6.2798,-9.1633,2.1459,0,REST
2315,9.04296875,3.0172,8.2134,-12.9619,2.9237,0,REST
2316,9.046875,2.6485,6.7426,-10.6044,2.0532,0,REST
2317,9.05078125,-4.5844,10.6106,-12.6834,0.7606,0,REST
2318,9.0546875,-10.1646,7.6038,-10.4427,2.7847,0,REST
2319,9.05859375,-6.3916,7.7941,-10.0742,7.1395,0,REST
2320,9.0625,-11.1525,7.1092,-8.6455,4.4223,0,REST
2321,9.06640625,-10.5855,4.3472,-6.2417,4.7621,0,REST
2322,9.0703125,-12.747,3.5245,-2.3297,-1.9723,0,REST
2323,9.07421875,-10.76,1.7142,-3.555,5.4243,0,REST
2324,9.078125,-9.1753,-2.4003,3.7128,0.8294,0,REST
2325,9.08203125,-7.8863,-2.0533,5.5074,4.1755,0,REST
2326,9.0859375,-6.5722,-6.0075,8.4007,2.1828,0,REST
2327,9.08984375,-3.1352,-5.816,9.1688,1.2482,0,REST
2328,9.09375,1.1139,-9.8715,9.9599,-2.1031,0,REST
2329,9.09765625,4.9524,-13.3423,11.7919,1.5211,0,REST
2330,9.1015625,6.6175,-14.2589,9.8095,-4.4615,0,REST
2331,9.10546875,7.3191,-14.1555,13.3256,-4.685,0,REST
2332,9.109375,8.6453,-9.5823,9.4639,-2.9733,0,REST
2333,9.11328125,9.4193,-6.4272,7.658,-3.2321,0,REST
2334,9.1171875,10.5699,-5.9906,3.6098,2.4276,0,REST
2335,9.12109375,7.406,-5.0882,-2.4068,-2.8871,0,REST
2336,9.125,7.2866,-0.8879,0.5504,-6.7059,0,REST
2337,9.12890625,5.9726,5.1172,-2.6917,-5.1447,0,REST
2338,9.1328125,-0.5806,8.9998,-5.4373,-3.8845,0,REST
2339,9.13671875,1.042,6.7224,-5.9264,2.3667,0,REST
2340,9.140625,-2.2175,9.8555,-11.5397,0.2141,0,REST
2341,9.14453125,-0.8469,12.2633,-10.1618,-4.1832,0,REST
2342,9.1484375,-11.0032,11.9165,-5.9497,-1.0013,0,REST
2343,9.15234375,-6.4539,12.7905,-10.5681,1.9755,0,REST
2344,9.15625,-3.7794,8.8113,-9.193,4.5413,0,REST
2345,9.16015625,-7.2391,8.599,-4.1431,2.3602,0,REST
2346,9.1640625,-5.0869,5.1229,-1.4554,6.3809,0,REST
2347,9.16796875,-3.6759,-0.9449,-3.6106,1.9663,0,REST
2348,9.171875,-5.1376,0.4635,0.8501,4.7657,0,REST
2349,9.17578125,-1.5002,-0.3475,2.8415,3.788,0,REST
2350,9.1796875,-2.3012,-6.846,5.2611,4.0316,0,REST
2351,9.18359375,-3.4109,-4.1799,6.2415,2.2819,0,REST
2352,9.1875,-0.2087,-11.9855,3.3482,7.5527,0,REST
2353,9.19140625,3.9986,-9.9864,5.7683,2.5487,0,REST
2354,9.1953125,1.0708,-11.2023,7.9301,3.6683,0,REST
2355,9.19921875,0.6714,-9.9465,3.4063,-1.2841,0,REST
2356,9.203125,2.289,-10.7759,3.1301,-3.1762,0,REST
2357,9.20703125,4.8211,-9.1972,2.8317,-1.382,0,REST
2358,9.2109375,4.1162,-3.6518,4.5893,-4.0752,0,REST
2359,9.21484375,6.2104,3.8939,1.7654,-4.2232,0,REST
2360,9.21875,3.9674,2.3305,0.9674,-4.5114,0,REST
2361,9.22265625,3.2396,5.2932,-0.7553,-6.8211,0,REST
2362,9.2265625,1.592,6.7774,-2.4406,-7.0953,0,REST
2363,9.23046875,2.1371,11.0524,-1.0615,-6.9018,0,REST
2364,9.234375,4.362,13.0827,0.2546,-5.2255,0,REST
2365,9.23828125,2.752,13.0671,-4.2804,-3.9824,0,REST
2366,9.2421875,1.6321,12.3266,1.6609,-1.2113,0,REST
2367,9.24609375,-3.2987,13.7216,-3.0795,1.6239,0,REST
2368,9.25,2.0616,12.6207,-0.6607,1.0836,0,REST
2369,9.25390625,0.1249,9.5309,-3.6604,2.7426,0,REST
2370,9.2578125,-0.2721,0.5966,0.8549,5.9642,0,REST
2371,9.26171875,-3.5432,2.5912,-4.7281,8.3931,0,REST
2372,9.265625,0.0413,0.6638,-5.3887,10.5209,0,REST
2373,9.26953125,-1.6526,-6.0811,-3.8305,11.5844,0,REST
2374,9.2734375,-2.7189,-10.2918,-2.469,7.7332,0,REST
2375,9.27734375,-4.932,-9.0132,-2.1091,8.6873,0,REST
2376,9.28125,-2.6896,-13.2587,-0.951,7.9949,0,REST
2377,9.28515625,-4.5302,-10.6107,-1.2313,3.8351,0,REST
2378,9.2890625,-4.3786,-11.6158,0.4378,2.4687,0,REST
2379,9.29296875,-4.7089,-9.5305,-1.0283,0.7203,0,REST
2380,9.296875,-6.7951,-10.8392,0.8959,-1.447,0,REST
2381,9.30078125,-2.6943,-3.5939,3.7619,-4.9054,0,REST
2382,9.3046875,-0.8683,-2.8741,2.5361,-9.0923,0,REST
2383,9.30859375,-4.6153,-0.1085,1.2111,-11.3988,0,REST
2384,9.3125,2.5166,-0.7789,3.9682,-12.793,0,REST
2385,9.31640625,4.7525,1.562,8.7591,-12.5895,0,REST
2386,9.3203125,1.5777,5.3694,5.8801,-12.7417,0,REST
2387,9.32421875,2.2803,12.7948,5.1322,-8.5191,0,REST
2388,9.328125,5.93,8.6426,7.349,-8.0535,0,REST
2389,9.33203125,6.915,12.9522,5.9658,-5.708,0,REST
2390,9.3359375,6.6401,11.5413,2.8868,2.1284,0,REST
2391,9.33984375,8.3437,10.3772,1.781,4.116,0,REST
2392,9.34375,7.8562,6.8717,3.8612,4.5375,0,REST
2393,9.34765625,6.7191,7.9118,-0.9966,4.0808,0,REST
2394,9.3515625,3.7996,2.8737,-1.5739,9.0276,0,REST
2395,9.35546875,4.5729,1.9889,-8.553,10.4451,0,REST
2396,9.359375,2.3107,-4.2666,-6.272,12.7174,0,REST
2397,9.36328125,-1.198,-6.6428,-5.8282,9.8024,0,REST
2398,9.3671875,-2.5783,-7.7881,-7.8424,12.5964,0,REST
2399,9.37109375,-6.8746,-12.9366,-7.3104,8.7071,0,REST
2400,9.375,-5.1949,-7.2144,-8.9135,4.1138,0,REST
2401,9.37890625,-8.9122,-12.4326,-10.0431,6.1308,0,REST
2402,9.3828125,-13.4965,-11.6863,-8.5298,2.1562,0,REST
2403,9.38671875,-8.2885,-7.6103,-4.787,-5.078,0,REST
2404,9.390625,-9.0612,-6.6221,-1.9274,-2.8641,0,REST
2405,9.39453125,-8.0348,-5.1356,-1.3863,-11.761,0,REST
2406,9.3984375,-2.9551,-6.509,5.4669,-12.9702,0,REST
2407,9.40234375,0.3374,0.4297,7.5486,-11.0329,0,REST
2408,9.40625,0.2112,2.9392,7.5616,-11.1602,0,REST
2409,9.41015625,0.6787,5.5934,10.2851,-7.9286,0,REST
2410,9.4140625,6.4437,5.7957,9.7165,-7.9558,0,REST
2411,9.41796875,8.7043,6.5598,12.1787,-6.6304,0,REST
2412,9.421875,9.9767,4.6269,11.1415,-1.3333,0,REST
2413,9.42578125,11.1427,4.146,12.6721,-1.7403,0,REST
2414,9.4296875,11.277,12.5592,7.3312,4.5045,0,REST
2415,9.43359375,10.4147,5.2354,3.2696,6.0738,0,REST
2416,9.4375,12.0301,12.4093,4.5296,8.0669,0,REST
2417,9.44140625,4.6883,3.524,5.287,10.4682,0,REST
2418,9.4453125,6.4734,3.9937,-1.991,12.5535,0,REST
2419,9.44921875,5.4815,-0.7785,-5.032,14.7722,0,REST
2420,9.453125,0.0696,-2.2566,-6.285,9.5574,0,REST
2421,9.45703125,-3.0096,-6.0974,-8.7386,10.5066,0,REST
2422,9.4609375,-7.6954,-5.5699,-12.2873,10.5084,0,REST
2423,9.46484375,-5.2662,-7.3758,-14.131,4.9973,0,REST
2424,9.46875,-12.6693,-7.9613,-12.7836,4.3991,0,REST
2425,9.47265625,-16.3854,-5.9001,-14.0167,2.4915,0,REST
2426,9.4765625,-14.4073,-7.2352,-10.0717,-1.4653,0,REST
2427,9.48046875,-15.9276,-8.1523,-9.1043,-5.9465,0,REST
2428,9.484375,-13.4722,-4.6266,-3.682,-7.6779,0,REST
2429,9.48828125,-10.0026,-5.4002,-4.8097,-9.4374,0,REST
2430,9.4921875,-7.1073,-0.452,0.2423,-7.6095,0,REST
2431,9.49609375,-5.1151,-1.2356,5.4608,-15.5327,0,REST
2432,9.5,-2.1382,-0.2923,8.4207,-10.8123,0,REST
2433,9.50390625,6.7672,0.2907,10.4269,-11.0014,0,REST
2434,9.5078125,0.7234,6.0021,11.6798,-5.8495,0,REST
2435,9.51171875,8.9152,7.6755,11.8023,-4.1121,0,REST
2436,9.515625,13.7823,5.0855,8.893,-0.9549,0,REST
2437,9.51953125,13.1314,6.5179,10.7088,-1.8495,0,REST
2438,9.5234375,12.8599,4.9086,12.5898,2.0147,0,REST
2439,9.52734375,13.0438,5.2263,7.6422,11.1494,0,REST
2440,9.53125,10.2635,5.2601,4.7432,13.2692,0,REST
2441,9.53515625,7.6616,2.1898,3.9916,8.9737,0,REST
2442,9.5390625,5.5109,1.4451,-1.2235,11.8247,0,REST
2443,9.54296875,1.5228,-1.4026,-3.4022,15.3819,0,REST
2444,9.546875,1.0153,1.2777,-6.3748,7.1508,0,REST
2445,9.55078125,-2.7871,-0.5296,-7.844,8.3569,0,REST
2446,9.5546875,-10.1047,-1.8442,-12.9568,4.476,0,REST
2447,9.55859375,-9.7753,1.7999,-9.2332,4.2583,0,REST
2448,9.5625,-6.6873,-2.4818,-10.8209,0.1391,0,REST
2449,9.56640625,-8.9042,-7.0517,-10.47,-3.708,0,REST
2450,9.5703125,-8.502,-1.266,-10.3815,-3.242,0,REST
2451,9.57421875,-9.015,-0.4242,-3.9668,-8.4238,0,REST
2452,9.578125,-8.6207,-5.789,-3.9697,-11.0665,0,REST
2453,9.58203125,-6.5541,-3.2529,-1.4088,-8.9724,0,REST
2454,9.5859375,-6.126,-5.2183,2.3937,-10.1376,0,REST
2455,9.58984375,-3.7397,-3.0931,3.2454,-8.2552,0,REST
2456,9.59375,0.3101,0.7915,4.6332,-5.685,0,REST
2457,9.59765625,1.3895,0.3468,5.5187,-5.6179,0,REST
2458,9.6015625,4.2924,-2.281,12.1889,-6.1476,0,REST
2459,9.60546875,6.4237,0.5087,10.2359,-4.7244,0,REST
2460,9.609375,6.7824,1.0531,10.2604,4.2419,0,REST
2461,9.61328125,9.4913,2.5502,13.1065,1.3323,0,REST
2462,9.6171875,6.8153,1.2023,6.0658,1.9933,0,REST
2463,9.62109375,10.6944,3.217,5.422,5.9697,0,REST
2464,9.625,8.5331,2.6652,2.4152,4.3772,0,REST
2465,9.62890625,6.322,-1.4563,3.4258,8.9197,0,REST
2466,9.6328125,3.056,2.146,-3.4005,6.384,0,REST
2467,9.63671875,0.8075,7.5389,-1.8697,4.7592,0,REST
2468,9.640625,-4.7467,4.7496,-7.38,7.8294,0,REST
2469,9.64453125,-1.8841,-0.2551,-5.1724,2.1085,0,REST
2470,9.6484375,-4.3553,6.3209,-6.2722,4.6791,0,REST
2471,9.65234375,-3.2649,3.8042,-5.9142,4.0279,0,REST
2472,9.65625,-5.2464,2.436,-8.3558,-2.2559,0,REST
2473,9.66015625,-3.6115,-0.924,-9.8273,-1.4835,0,REST
2474,9.6640625,-3.2927,0.6934,-8.6486,0.1911,0,REST
2475,9.66796875,-8.1277,-4.4506,-7.1707,-2.0953,0,REST
2476,9.671875,-5.4181,-4.6973,-2.9252,0.9334,0,REST
2477,9.67578125,-0.4236,-2.7334,-2.8718,-5.1845,0,REST
2478,9.6796875,-3.7956,-4.6482,1.5036,-5.143,0,REST
2479,9.68359375,-0.7477,-1.7726,0.0236,-0.3125,0,REST
2480,9.6875,-0.6595,-2.2644,-0.3818,0.866,0,REST
2481,9.69140625,1.0488,-2.7878,1.005,-0.4781,0,REST
2482,9.6953125,4.8523,-5.4134,2.4851,-3.5641,0,REST
2483,9.69921875,2.5732,-5.488,2.7338,-2.9073,0,REST
2484,9.703125,3.7167,-6.3072,9.6099,-4.0679,0,REST
2485,9.70703125,3.5531,-3.8569,2.554,0.4838,0,REST
2486,9.7109375,3.6051,-0.975,3.9986,-0.4528,0,REST
2487,9.71484375,5.0917,-1.4353,8.0117,-1.8669,0,REST
2488,9.71875,2.6578,0.3074,3.206,0.6556,0,REST
2489,9.72265625,2.25,2.805,4.6303,0.6922,0,REST
2490,9.7265625,4.5112,0.2217,6.0332,4.7996,0,REST
2491,9.73046875,2.9883,2.1176,0.8966,0.5071,0,REST
2492,9.734375,4.6821,6.7602,0.2987,1.9221,0,REST
2493,9.73828125,5.0779,5.9143,2.5466,3.2795,0,REST
2494,9.7421875,3.4391,8.6519,-2.685,3.0757,0,REST
2495,9.74609375,0.275,5.5328,-1.269,4.2515,0,REST
2496,9.75,0.7637,7.2913,-1.2694,3.8979,0,REST
2497,9.75390625,-4.3406,8.7619,1.0146,1.4493,0,REST
2498,9.7578125,-3.2068,4.2284,0.3655,-0.2238,0,REST
2499,9.76171875,0.4095,0.5012,-3.1202,1.5009,0,REST
2500,9.765625,-0.7746,0.5783,-3.9595,2.6193,0,REST
2501,9.76953125,-0.5191,-2.456,-4.9161,0.4494,0,REST
2502,9.7734375,-3.7337,-2.5471,-5.2113,-2.207,0,REST
2503,9.77734375,-1.1795,-3.791,-5.0378,-2.7596,0,REST
2504,9.78125,-2.3424,-6.9693,-4.8814,-2.5123,0,REST
2505,9.78515625,-1.1334,-9.8854,-4.0881,-3.8967,0,REST
2506,9.7890625,-3.7932,-9.5151,-1.5249,-5.7018,0,REST
2507,9.79296875,-4.4849,-8.8853,-0.3122,-5.5396,0,REST
2508,9.796875,-6.1897,-5.9398,-2.7735,-6.1225,0,REST
2509,9.80078125,-4.8752,-7.1281,0.0846,-2.5687,0,REST
2510,9.8046875,-0.7625,-5.9597,2.8259,-4.7003,0,REST
2511,9.80859375,-3.9602,-1.6655,1.4345,-4.6183,0,REST
2512,9.8125,-1.1884,-0.5322,2.05,-4.0059,0,REST
2513,9.81640625,0.27,6.681,3.3484,2.3906,0,REST
2514,9.8203125,7.3326,9.1602,2.5038,-2.3378,0,REST
2515,9.82421875,3.0861,8.7634,4.7904,0.6745,0,REST
2516,9.828125,5.5185,4.7798,8.3928,4.4613,0,REST
2517,9.83203125,8.0697,12.7147,4.8441,5.6875,0,REST
2518,9.8359375,2.8463,9.7978,6.9655,5.4534,0,REST
2519,9.83984375,4.4761,11.7499,8.4296,8.513,0,REST
2520,9.84375,7.2361,8.3021,3.5662,10.4459,0,REST
2521,9.84765625,5.0038,8.3874,5.8614,4.5098,0,REST
2522,9.8515625,2.6608,5.3051,3.1081,7.578,0,REST
2523,9.85546875,-1.1662,3.1591,1.5252,4.7474,0,REST
2524,9.859375,-3.6182,-1.0231,-4.0753,7.1284,0,REST
2525,9.86328125,0.2914,-4.2486,-2.2517,0.9624,0,REST
2526,9.8671875,-2.2635,-5.4622,-4.9036,-2.2891,0,REST
2527,9.87109375,-6.7801,-9.9618,-7.9169,-0.6443,0,REST
2528,9.875,-8.9249,-12.471,-10.625,-6.112,0,REST
2529,9.87890625,-7.7634,-11.5679,-9.5254,-8.8871,0,REST
2530,9.8828125,-14.1056,-12.6031,-7.9205,-13.4785,0,REST
2531,9.88671875,-9.2801,-13.632,-10.6288,-10.9955,0,REST
2532,9.890625,-9.4653,-10.4852,-6.9126,-12.5606,0,REST
2533,9.89453125,-11.0591,-6.1156,-8.9654,-7.8809,0,REST
2534,9.8984375,-4.6463,-3.6752,-4.7844,-8.064,0,REST
2535,9.90234375,-4.27,-4.8386,-3.9769,-6.8785,0,REST
2536,9.90625,-0.7428,0.1302,-0.2711,-3.3184,0,REST
2537,9.91015625,3.2664,1.6098,2.5745,2.4254,0,REST
2538,9.9140625,2.9808,5.1211,8.1035,2.5138,0,REST
2539,9.91796875,6.8721,7.5969,12.4925,10.7668,0,REST
2540,9.921875,11.3153,11.9732,10.1842,7.5883,0,REST
2541,9.92578125,13.7202,11.4068,13.8611,14.3489,0,REST
2542,9.9296875,10.4945,13.0019,13.4648,12.0775,0,REST
2543,9.93359375,11.0818,13.6456,9.4165,10.6349,0,REST
2544,9.9375,9.6721,14.8967,9.0568,12.6585,0,REST
2545,9.94140625,7.8556,8.3054,9.5036,6.8419,0,REST
2546,9.9453125,7.2319,8.2697,6.2379,4.9359,0,REST
2547,9.94921875,1.9965,6.7865,3.373,7.2183,0,REST
2548,9.953125,0.7526,-0.5926,-1.5819,3.1441,0,REST
2549,9.95703125,-3.2345,-3.9024,-2.9701,-3.3052,0,REST
2550,9.9609375,-7.6554,-5.3518,-3.7755,-7.3252,0,REST
2551,9.96484375,-9.6587,-11.6193,-12.5562,-3.2001,0,REST
2552,9.96875,-13.2179,-14.3809,-11.9491,-10.5518,0,REST
2553,9.97265625,-13.7414,-10.1063,-13.7501,-9.7375,0,REST
2554,9.9765625,-9.9427,-16.4443,-9.454,-12.6315,0,REST
2555,9.98046875,-10.435,-12.4691,-13.0596,-13.9423,0,REST
2556,9.984375,-11.704,-10.1685,-13.3484,-14.8356,0,REST
2557,9.98828125,-10.4054,-7.4047,-13.4542,-4.7613,0,REST
2558,9.9921875,-7.9558,-9.4274,-3.3064,-4.892,0,REST
2559,9.99609375,-3.2467,-2.5711,-5.4141,-1.5678,0,REST
2560,10.0,-2.3031,3.8487,0.1316,-1.1434,0,REST
2561,10.00390625,4.4386,4.7644,6.0657,5.5571,0,REST
2562,10.0078125,10.0242,7.0211,8.9288,5.2776,0,REST
2563,10.01171875,12.4149,9.1995,10.2524,12.4369,0,REST
2564,10.015625,9.489,9.7016,11.4764,17.1546,0,REST
2565,10.01953125,15.771,13.804,15.3432,11.684,0,REST
2566,10.0234375,11.087,13.1529,12.223,11.8943,0,REST
2567,10.02734375,15.6912,11.5548,17.6363,14.4395,0,REST
2568,10.03125,11.2736,12.1395,8.1467,10.4794,0,REST
2569,10.03515625,6.8772,11.7085,8.6404,10.582,0,REST
2570,10.0390625,9.9242,6.2861,2.7672,7.9265,0,REST
2571,10.04296875,4.3829,0.6558,0.1583,6.4882,0,REST
2572,10.046875,0.536,-1.8619,-1.1014,-0.5222,0,REST
2573,10.05078125,-3.0954,-1.1399,-1.7182,-4.5445,0,REST
2574,10.0546875,-5.4723,-7.5592,-5.0053,-6.9062,0,REST
2575,10.05859375,-8.372,-9.8986,-12.1656,-11.6821,0,REST
2576,10.0625,-11.8758,-12.7792,-11.5979,-11.4756,0,REST
2577,10.06640625,-9.0232,-12.6002,-14.7637,-11.8166,0,REST
2578,10.0703125,-13.8076,-11.4359,-11.3385,-15.2623,0,REST
2579,10.07421875,-9.8272,-13.0224,-13.1618,-12.1597,0,REST
2580,10.078125,-9.3042,-9.7965,-10.5899,-9.8606,0,REST
2581,10.08203125,-8.0845,-7.7383,-9.9723,-5.3676,0,REST
2582,10.0859375,-6.8538,-8.3311,-9.0474,-6.7841,0,REST
2583,10.08984375,-2.2345,-1.382,-3.3656,1.5027,0,REST
2584,10.09375,-1.5252,-1.1663,-1.0059,3.8991,0,REST
2585,10.09765625,5.3734,0.2642,5.4818,4.0044,0,REST
2586,10.1015625,10.6078,4.9615,1.1058,5.5858,0,REST
2587,10.10546875,5.5832,10.8337,7.8316,11.4595,0,REST
2588,10.109375,12.642,9.0135,7.0097,6.3427,0,REST
2589,10.11328125,8.1148,10.1856,10.2814,10.6057,0,REST
2590,10.1171875,7.4578,13.8615,6.765,9.1955,0,REST
2591,10.12109375,7.5783,11.1055,11.2009,10.5189,0,REST
2592,10.125,8.8371,8.8454,9.1149,4.6994,0,REST
2593,10.12890625,4.4986,6.2888,9.1837,3.8274,0,REST
2594,10.1328125,8.6631,3.6565,5.3002,4.061,0,REST
2595,10.13671875,5.3322,0.783,5.3703,0.8628,0,REST
2596,10.140625,0.5921,0.2585,5.702,-5.6118,0,REST
2597,10.14453125,-1.2341,-4.014,2.9593,-4.0185,0,REST
2598,10.1484375,-6.1296,-6.332,-3.3836,-8.5404,0,REST
2599,10.15234375,-2.9596,-7.2023,-6.7178,-9.2148,0,REST
2600,10.15625,-6.5634,-9.343,-8.3449,-11.5601,0,REST
2601,10.16015625,-5.6593,-8.6564,-5.7673,-7.269,0,REST
2602,10.1640625,-11.0769,-11.0407,-8.4001,-6.7104,0,REST
2603,10.16796875,-7.1105,-10.8854,-4.3749,-5.4514,0,REST
2604,10.171875,-5.8629,-10.6647,-6.0996,-6.059,0,REST
2605,10.17578125,-3.8382,-3.0701,-3.7033,-5.1087,0,REST
2606,10.1796875,-1.882,-5.8348,-6.1373,0.701,0,REST
2607,10.18359375,-3.7676,0.0104,-4.5959,2.2588,0,REST
2608,10.1875,-5.8361,0.0095,-0.4306,3.172,0,REST
2609,10.19140625,-0.0954,3.6648,-0.4217,4.6016,0,REST
2610,10.1953125,3.0582,3.8942,1.2297,9.2056,0,REST
2611,10.19921875,3.4008,4.8657,0.3699,8.8157,0,REST
2612,10.203125,4.8344,7.5919,0.0391,11.8369,0,REST
2613,10.20703125,1.5698,7.7097,6.9018,5.5375,0,REST
2614,10.2109375,4.8759,7.4789,4.041,7.1688,0,REST
2615,10.21484375,1.5097,7.9554,2.0386,2.8522,0,REST
2616,10.21875,6.8617,7.6112,6.6184,0.5328,0,REST
2617,10.22265625,1.996,5.3851,4.0148,3.7899,0,REST
2618,10.2265625,4.3708,5.1815,7.3443,-1.8789,0,REST
2619,10.23046875,2.8591,3.3838,2.9417,-1.1037,0,REST
2620,10.234375,0.3631,-2.9912,0.5157,-5.7114,0,REST
2621,10.23828125,0.8711,1.0372,1.9262,-0.4702,0,REST
2622,10.2421875,1.5946,-4.9874,2.1938,-4.0906,0,REST
2623,10.24609375,-0.4463,-6.8775,-0.478,-2.4741,0,REST
2624,10.25,-1.2607,-9.1454,-0.7003,-4.0286,0,REST
2625,10.25390625,-3.6266,-9.2543,0.5753,-1.6817,0,REST
2626,10.2578125,-2.3346,-8.1097,-0.0675,-4.2887,0,REST
2627,10.26171875,-0.8423,-8.0971,-2.0626,-3.2512,0,REST
2628,10.265625,-2.4927,-4.8186,-2.1475,-2.4354,0,REST
2629,10.26953125,-2.0764,-3.5904,-0.8586,-0.3321,0,REST
2630,10.2734375,-1.0228,-3.4803,-0.131,-2.3453,0,REST
2631,10.27734375,-3.9157,0.4535,-1.3955,-1.708,0,REST
2632,10.28125,-2.9002,-1.3381,-3.5529,-0.1745,0,REST
2633,10.28515625,-4.6432,4.2945,-7.2294,-2.3369,0,REST
2634,10.2890625,-1.5206,2.4574,-6.4813,-0.1409,0,REST
2635,10.29296875,-3.8561,4.3365,-4.7945,2.188,0,REST
2636,10.296875,-3.7255,4.7501,-3.3198,-0.8911,0,REST
2637,10.30078125,-3.0825,4.9571,-6.1334,1.4845,0,REST
2638,10.3046875,-1.4681,7.3044,-3.967,3.9164,0,REST
2639,10.30859375,-2.8573,4.6398,-2.3967,3.975,0,REST
2640,10.3125,0.4875,4.0121,-0.532,2.5554,0,REST
2641,10.31640625,3.4463,6.6062,-1.9291,1.7824,0,REST
2642,10.3203125,2.4853,3.9447,-0.4211,1.5812,0,REST
2643,10.32421875,4.7114,4.4301,-0.2294,1.8841,0,REST
2644,10.328125,6.2825,-2.5709,5.3028,1.9847,0,REST
2645,10.33203125,10.805,3.9433,5.855,1.4571,0,REST
2646,10.3359375,6.1665,-0.8733,6.7749,2.3959,0,REST
2647,10.33984375,7.6587,1.6509,6.6868,1.6943,0,REST
2648,10.34375,8.4025,-1.3208,4.2427,0.6063,0,REST
2649,10.34765625,10.2006,-3.1277,4.4903,-1.2774,0,REST
2650,10.3515625,0.893,-0.4843,3.8046,-1.3824,0,REST
2651,10.35546875,1.9225,-5.8463,3.9406,-4.4492,0,REST
2652,10.359375,-0.8335,0.1421,1.9831,-5.9008,0,REST
2653,10.36328125,-4.1908,-6.5396,2.9095,-8.8224,0,REST
2654,10.3671875,-5.4424,-6.3683,-1.1787,-2.0078,0,REST
2655,10.37109375,-7.8533,-1.3672,-1.1565,-3.6701,0,REST
2656,10.375,-5.1248,-0.9505,-5.061,-4.6373,0,REST
2657,10.37890625,-11.3234,-3.0252,-6.7301,-4.7392,0,REST
2658,10.3828125,-9.6907,-1.0195,-11.0485,-3.2756,0,REST
2659,10.38671875,-9.8462,-2.6903,-6.2738,-5.9895,0,REST
2660,10.390625,-9.0364,0.2588,-9.1223,-0.6387,0,REST
2661,10.39453125,-8.1197,-4.2593,-12.6171,-1.0297,0,REST
2662,10.3984375,-3.8911,3.2627,-8.7813,1.9689,0,REST
2663,10.40234375,-2.9135,2.0274,-7.5066,5.9026,0,REST
2664,10.40625,-2.9661,1.1581,-5.971,7.2502,0,REST
2665,10.41015625,3.0847,3.8936,-2.0028,6.9576,0,REST
2666,10.4140625,7.1568,1.5239,0.3955,9.7373,0,REST
2667,10.41796875,8.7559,5.3384,0.4571,8.1632,0,REST
2668,10.421875,8.8955,2.18,6.9732,7.6659,0,REST
2669,10.42578125,10.5478,2.7114,5.0228,5.7789,0,REST
2670,10.4296875,9.7817,7.4043,6.8139,7.2234,0,REST
2671,10.43359375,12.6234,2.7331,11.6323,5.8755,0,REST
2672,10.4375,11.6318,1.3853,12.1999,-0.3864,0,REST
2673,10.44140625,10.3498,1.0555,9.2272,-0.9531,0,REST
2674,10.4453125,8.5759,3.2209,11.4502,-6.8681,0,REST
2675,10.44921875,4.1123,2.4277,6.6371,-4.2667,0,REST
2676,10.453125,-1.5563,2.22,6.284,-6.9108,0,REST
2677,10.45703125,-1.0143,-3.5897,3.056,-10.4474,0,REST
2678,10.4609375,-7.2154,0.2196,-1.7437,-10.9768,0,REST
2679,10.46484375,-6.3826,-4.6985,-3.88,-5.3772,0,REST
2680,10.46875,-10.1994,-3.6777,-8.3443,-12.2811,0,REST
2681,10.47265625,-11.1175,-6.7332,-10.579,-7.1541,0,REST
2682,10.4765625,-12.0782,-6.7032,-7.5625,-1.6774,0,REST
2683,10.48046875,-15.3584,-6.6112,-13.145,1.0123,0,REST
2684,10.484375,-10.5389,-7.7171,-12.8638,5.022,0,REST
2685,10.48828125,-9.0202,-6.1883,-10.7012,4.467,0,REST
2686,10.4921875,-7.4232,-3.6245,-10.3223,4.6376,0,REST
2687,10.49609375,-1.3634,-1.5199,-9.9428,9.1091,0,REST
2688,10.5,2.3033,-0.7213,-9.3957,9.0263,0,REST
2689,10.50390625,5.4865,0.9531,-5.0865,10.1605,0,REST
2690,10.5078125,7.3222,2.5741,3.6605,9.0877,0,REST
2691,10.51171875,12.1866,6.0223,0.5301,10.3285,0,REST
2692,10.515625,10.0924,6.6137,4.2519,8.4956,0,REST
2693,10.51953125,11.7929,9.978,5.4105,4.1144,0,REST
2694,10.5234375,10.9051,5.9426,8.7907,5.0568,0,REST
2695,10.52734375,11.0468,6.3622,12.3496,-1.2447,0,REST
2696,10.53125,8.3674,4.6937,10.7732,-6.6442,0,REST
2697,10.53515625,9.7964,7.8253,10.1571,-5.0355,0,REST
2698,10.5390625,8.6066,3.0745,8.2848,-6.4142,0,REST
2699,10.54296875,4.4835,1.1267,6.7438,-8.4962,0,REST
2700,10.546875,-0.0311,0.3574,8.3357,-14.7463,0,REST
2701,10.55078125,-3.4057,0.2585,5.9232,-9.8908,0,REST
2702,10.5546875,-10.8675,-1.8925,0.701,-10.1498,0,REST
2703,10.55859375,-11.7343,-4.3477,1.0412,-9.4491,0,REST
2704,10.5625,-10.7014,-6.846,-2.5216,-9.2011,0,REST
2705,10.56640625,-11.7991,-6.9781,-7.801,-5.0031,0,REST
2706,10.5703125,-10.7956,-9.1619,-5.2033,-1.1643,0,REST
2707,10.57421875,-11.0025,-9.146,-10.1948,1.3039,0,REST
2708,10.578125,-12.565,-9.5833,-9.5248,6.911,0,REST
2709,10.58203125,-7.0875,-10.8605,-12.0595,6.1164,0,REST
2710,10.5859375,-6.4128,-9.2732,-12.3728,8.1048,0,REST
2711,10.58984375,-3.6624,-1.5972,-4.2035,11.8568,0,REST
2712,10.59375,-1.6274,-0.6733,-2.5693,13.6796,0,REST
2713,10.59765625,6.2153,0.4469,-5.8193,11.8701,0,REST
2714,10.6015625,4.9558,4.476,-2.7393,16.0047,0,REST
2715,10.60546875,8.2863,9.302,0.5631,8.5396,0,REST
2716,10.609375,5.3587,7.9904,3.7806,4.5575,0,REST
2717,10.61328125,10.3628,9.3413,4.5327,4.094,0,REST
2718,10.6171875,9.7909,9.8983,5.5622,1.9024,0,REST
2719,10.62109375,5.7068,8.0748,9.5555,-5.2789,0,REST
2720,10.625,7.1006,13.9111,7.4941,-6.0945,0,REST
2721,10.62890625,3.7581,8.1093,6.5637,-9.4787,0,REST
2722,10.6328125,4.4055,7.9312,8.6679,-9.7691,0,REST
2723,10.63671875,4.1285,5.68,5.1813,-10.0231,0,REST
2724,10.640625,2.3324,2.3459,6.4055,-13.9355,0,REST
2725,10.64453125,-2.065,0.3845,7.5096,-13.2746,0,REST
2726,10.6484375,-2.713,-7.3617,2.6115,-8.2477,0,REST
2727,10.65234375,-3.9176,-3.5824,-1.2987,-7.973,0,REST
2728,10.65625,-7.8208,-8.1213,-1.4914,-3.4394,0,REST
2729,10.66015625,-8.8645,-11.6831,-3.4858,-1.1075,0,REST
2730,10.6640625,-8.464,-16.4792,-1.5164,1.9938,0,REST
2731,10.66796875,-6.1902,-10.8529,-2.9632,1.7654,0,REST
2732,10.671875,-6.0555,-9.8457,-5.3256,7.636,0,REST
2733,10.67578125,-3.6762,-7.2782,-4.0775,9.9684,0,REST
2734,10.6796875,-6.5172,-5.7848,-5.4668,8.6135,0,REST
2735,10.68359375,-1.4719,-3.2097,-6.0151,13.6597,0,REST
2736,10.6875,-0.1434,-0.013,-4.2423,11.1214,0,REST
2737,10.69140625,-0.3793,0.3481,-2.7639,8.0226,0,REST
2738,10.6953125,-1.9464,3.0332,-2.9551,7.2507,0,REST
2739,10.69921875,5.2613,8.7563,0.7607,4.6123,0,REST
2740,10.703125,1.4571,9.0203,-0.2554,2.1704,0,REST
2741,10.70703125,5.2689,13.337,-0.8337,-0.9924,0,REST
2742,10.7109375,4.4481,9.7561,4.576,-1.1653,0,REST
2743,10.71484375,5.3635,14.8199,4.4685,-4.4063,0,REST
2744,10.71875,3.0972,10.2445,2.4299,-6.2979,0,REST
2745,10.72265625,1.8543,14.5528,1.5974,-4.366,0,REST
2746,10.7265625,2.1715,9.6092,1.9436,-8.088,0,REST
2747,10.73046875,0.2728,6.2853,4.0489,-7.0804,0,REST
2748,10.734375,2.9352,4.7082,4.4287,-12.3613,0,REST
2749,10.73828125,-1.1888,-1.3229,1.7376,-7.8183,0,REST
2750,10.7421875,0.1219,-6.082,1.2105,-4.6021,0,REST
2751,10.74609375,2.3295,-4.6774,1.9532,-3.5637,0,REST
2752,10.75,-1.4338,-8.6205,5.9523,-3.8658,0,REST
2753,10.75390625,0.2554,-10.7329,2.1214,-1.3852,0,REST
2754,10.7578125,1.1198,-16.073,1.5529,1.9744,0,REST
2755,10.76171875,-2.4483,-10.0771,1.5729,4.5971,0,REST
2756,10.765625,-5.2464,-15.5893,1.7362,7.2649,0,REST
2757,10.76953125,-1.9612,-6.2945,-0.9699,8.0482,0,REST
2758,10.7734375,-3.6341,-10.5467,-2.1415,5.9096,0,REST
2759,10.77734375,0.3817,-1.7179,0.7215,5.1285,0,REST
2760,10.78125,-2.2663,-3.619,-0.9691,7.6497,0,REST
2761,10.78515625,-1.5397,4.7484,-3.2791,6.9173,0,REST
2762,10.7890625,-4.5885,-0.3938,-6.7502,3.4756,0,REST
2763,10.79296875,-3.2326,8.725,-2.796,3.9514,0,REST
2764,10.796875,-7.5437,9.2365,-3.3905,4.387,0,REST
2765,10.80078125,0.529,12.5813,-6.4345,-1.7433,0,REST
2766,10.8046875,-3.3134,12.9718,-3.3055,-0.704,0,REST
2767,10.80859375,-0.4365,11.1312,-3.2171,-5.9535,0,REST
2768,10.8125,1.398,14.9818,-4.648,-6.9961,0,REST
2769,10.81640625,0.1486,10.6592,-7.1786,-5.821,0,REST
2770,10.8203125,3.9789,3.3879,-3.6198,-1.4414,0,REST
2771,10.82421875,4.2434,6.3559,0.2848,-1.1661,0,REST
2772,10.828125,4.0267,0.735,-0.2131,-5.4208,0,REST
2773,10.83203125,10.2336,-1.02,5.2961,-5.3341,0,REST
2774,10.8359375,8.2135,-7.5691,3.4625,-3.2826,0,REST
2775,10.83984375,6.7291,-7.3691,8.0444,-2.6768,0,REST
2776,10.84375,7.6668,-9.9938,5.3663,-3.3642,0,REST
2777,10.84765625,5.579,-11.8001,4.3577,1.4793,0,REST
2778,10.8515625,3.046,-9.0026,8.7538,0.8519,0,REST
2779,10.85546875,2.709,-10.7564,6.2039,0.7079,0,REST
2780,10.859375,-2.4574,-13.2274,10.064,1.2527,0,REST
2781,10.86328125,-2.3057,-7.5466,4.7236,1.5461,0,REST
2782,10.8671875,-6.4475,-4.7106,6.227,2.8099,0,REST
2783,10.87109375,-8.0239,-4.7869,5.5934,3.9599,0,REST
2784,10.875,-10.3082,-4.2909,-0.7705,3.5799,0,REST
2785,10.87890625,-6.251,1.2984,1.8857,5.7341,0,REST
2786,10.8828125,-11.8112,1.8684,-3.6371,5.9565,0,REST
2787,10.88671875,-7.1067,6.2608,-3.7175,3.3169,0,REST
2788,10.890625,-8.2166,11.097,-4.0394,3.2922,0,REST
2789,10.89453125,-9.2014,10.2793,-11.1448,-1.7716,0,REST
2790,10.8984375,-6.6395,11.4835,-10.325,3.9763,0,REST
2791,10.90234375,-5.1245,9.7636,-9.2534,3.1609,0,REST
2792,10.90625,-0.616,12.4692,-6.7565,0.654,0,REST
2793,10.91015625,2.9372,10.435,-5.2193,-2.7183,0,REST
2794,10.9140625,3.0474,7.2076,-9.493,0.9358,0,REST
2795,10.91796875,7.0417,4.6211,-5.1413,-1.0695,0,REST
2796,10.921875,9.8815,-0.6307,-3.6269,-2.4276,0,REST
2797,10.92578125,13.1107,-1.7363,-2.047,-3.2815,0,REST
2798,10.9296875,11.9415,-0.3085,2.6734,-6.0568,0,REST
2799,10.93359375,4.6541,-4.3992,8.6038,-3.9029,0,REST
2800,10.9375,10.2353,-10.9381,11.961,-5.7682,0,REST
2801,10.94140625,4.3187,-10.8203,12.9033,-6.8124,0,REST
2802,10.9453125,6.2525,-8.0327,10.9259,-4.3747,0,REST
2803,10.94921875,3.5527,-10.711,14.2861,-4.1245,0,REST
2804,10.953125,-2.287,-9.2491,16.0106,-3.5974,0,REST
2805,10.95703125,-2.0568,-5.2311,11.0629,-1.0924,0,REST
2806,10.9609375,-6.3075,-6.5764,10.5689,-3.6451,0,REST
2807,10.96484375,-7.2673,-2.4491,5.6341,2.2641,0,REST
2808,10.96875,-15.2901,-1.1713,2.6953,2.2103,0,REST
2809,10.97265625,-12.4407,2.8017,0.1837,6.0357,0,REST
2810,10.9765625,-12.0056,4.6394,0.2054,4.3592,0,REST
2811,10.98046875,-10.6562,2.5982,-7.5517,3.8783,0,REST
2812,10.984375,-13.0644,7.4395,-6.917,5.9407,0,REST
2813,10.98828125,-12.2491,10.0494,-9.8052,5.529,0,REST
2814,10.9921875,-8.7574,8.55,-11.6964,9.7876,0,REST
2815,10.99609375,-6.8765,8.2516,-14.8173,4.4523,0,REST
2816,11.0,0.5352,12.7381,-15.4155,3.328,0,REST
2817,11.00390625,3.5664,7.7816,-11.9638,0.5709,0,REST
2818,11.0078125,6.5468,6.5412,-6.2335,1.5572,0,REST
2819,11.01171875,12.9605,3.8319,-9.2109,-2.9275,0,REST
2820,11.015625,11.1566,-1.0618,-0.6509,-4.301,0,REST
2821,11.01953125,10.0724,2.7268,1.3059,-8.2253,0,REST
2822,11.0234375,11.2399,-3.0545,2.4066,-11.6068,0,REST
2823,11.02734375,15.9996,-3.7208,4.8712,-11.9863,0,REST
2824,11.03125,11.0473,-5.9349,10.7873,-11.1692,0,REST
2825,11.03515625,8.5361,-4.9191,11.084,-9.7322,0,REST
2826,11.0390625,5.4099,-9.3283,10.0269,-8.375,0,REST
2827,11.04296875,4.4771,-6.0222,16.4649,-8.4236,0,REST
2828,11.046875,1.3564,-4.2755,14.0717,-2.4169,0,REST
2829,11.05078125,-3.524,-7.6895,13.2898,-3.8947,0,REST
2830,11.0546875,-8.6887,-1.8539,6.4338,-2.8176,0,REST
2831,11.05859375,-7.1083,-2.0075,4.3203,2.6906,0,REST
2832,11.0625,-8.3863,-1.2676,1.2909,9.041,0,REST
2833,11.06640625,-11.8033,-1.0063,-2.8868,6.4393,0,REST
2834,11.0703125,-14.0358,-0.384,-3.8626,10.7162,0,REST
2835,11.07421875,-10.6656,1.1808,-6.3009,12.7426,0,REST
2836,11.078125,-10.7714,4.4855,-8.2257,10.235,0,REST
2837,11.08203125,-7.3683,4.4342,-8.8784,9.1578,0,REST
2838,11.0859375,-6.7753,4.8805,-9.7359,7.3166,0,REST
2839,11.08984375,-7.1933,4.5844,-6.0074,7.0445,0,REST
2840,11.09375,-1.8924,5.9759,-8.6511,3.0699,0,REST
2841,11.09765625,6.6482,8.2109,-8.2505,3.5905,0,REST
2842,11.1015625,4.9526,5.8025,-8.7756,-4.9318,0,REST
2843,11.10546875,9.59,5.5837,-5.7092,-4.4264,0,REST
2844,11.109375,8.4682,3.0133,-2.2102,-6.9331,0,REST
2845,11.11328125,10.053,0.9885,0.2408,-8.4999,0,REST
2846,11.1171875,12.9347,1.8875,5.8503,-11.2955,0,REST
2847,11.12109375,11.6072,3.9195,2.3652,-10.863,0,REST
2848,11.125,6.2917,-0.8494,7.2065,-11.2935,0,REST
2849,11.12890625,9.1181,-2.6458,6.0791,-9.8034,0,REST
2850,11.1328125,6.783,-4.0434,8.4693,-7.2225,0,REST
2851,11.13671875,4.2046,-2.2754,8.5425,-3.1985,0,REST
2852,11.140625,-1.6506,-2.3021,8.5193,-1.5582,0,REST
2853,11.14453125,-6.6896,-4.0981,7.9533,1.1042,0,REST
2854,11.1484375,-1.403,-3.563,6.7362,2.6092,0,REST
2855,11.15234375,-3.2821,-1.8096,6.0288,6.9817,0,REST
2856,11.15625,-5.0473,-2.6951,0.7075,6.5467,0,REST
2857,11.16015625,-10.1671,-5.3683,0.75,13.0707,0,REST
2858,11.1640625,-5.9681,-0.1472,-1.1174,13.8317,0,REST
2859,11.16796875,-8.3246,0.8904,-3.4172,13.8269,0,REST
2860,11.171875,-5.1411,-3.4513,-3.0771,13.976,0,REST
2861,11.17578125,-5.6573,-1.4795,-4.334,11.3747,0,REST
2862,11.1796875,-1.7767,1.5571,-5.2216,8.6736,0,REST
2863,11.18359375,-1.9958,0.648,-7.6404,4.7405,0,REST
2864,11.1875,-1.3335,1.7787,-4.7424,-1.0265,0,REST
2865,11.19140625,-1.4999,2.9085,-2.7962,-0.5005,0,REST
2866,11.1953125,-2.747,4.072,-4.8158,-3.7087,0,REST
2867,11.19921875,2.2407,2.6166,-3.1234,-6.1858,0,REST
2868,11.203125,4.8173,3.0051,-0.3975,-10.7341,0,REST
2869,11.20703125,4.2076,7.0361,-6.3792,-12.3864,0,REST
2870,11.2109375,3.6861,7.0025,-0.2783,-11.9811,0,REST
2871,11.21484375,6.6874,4.296,-0.4516,-13.9556,0,REST
2872,11.21875,3.5001,5.0367,-0.1779,-10.4755,0,REST
2873,11.22265625,3.5689,-0.3273,2.1169,-7.35,0,REST
2874,11.2265625,3.8062,7.2346,-3.3528,-4.6654,0,REST
2875,11.23046875,-1.7033,0.692,-0.4656,-5.4376,0,REST
2876,11.234375,0.9248,0.9008,2.887,-1.113,0,REST
2877,11.23828125,4.7166,3.4283,2.4866,2.3705,0,REST
2878,11.2421875,1.0408,-2.9552,0.1118,2.3715,0,REST
2879,11.24609375,1.0446,-4.0103,0.4943,9.7204,0,REST
2880,11.25,1.506,-6.7866,-0.2384,11.381,0,REST
2881,11.25390625,-1.1098,-6.8062,3.1764,12.6903,0,REST
2882,11.2578125,-0.2433,-4.0287,0.7231,10.8151,0,REST
2883,11.26171875,-6.6646,-7.0947,2.6174,8.3038,0,REST
2884,11.265625,1.0245,-11.226,1.2116,13.0944,0,REST
2885,11.26953125,-5.0525,-4.1035,-0.7693,4.2338,0,REST
2886,11.2734375,-4.3375,-2.6569,1.513,4.2918,0,REST
2887,11.27734375,-7.0893,-3.3679,1.2064,-0.8868,0,REST
2888,11.28125,-1.0436,-6.1271,-0.2176,-4.5939,0,REST
2889,11.28515625,-3.7935,-4.0007,0.0728,-4.4347,0,REST
2890,11.2890625,-2.8835,2.5928,-0.3845,-3.0674,0,REST
2891,11.29296875,-6.7707,0.492,1.0391,-9.6216,0,REST
2892,11.296875,-1.1343,3.7087,-5.1235,-11.9606,0,REST
2893,11.30078125,-3.099,3.7262,-4.7898,-8.4084,0,REST
2894,11.3046875,-4.9085,7.8158,-4.1622,-7.4728,0,REST
2895,11.30859375,-2.1693,8.4298,-5.9089,-8.8753,0,REST
2896,11.3125,1.2911,7.0262,-4.5564,-5.3491,0,REST
2897,11.31640625,2.3265,7.9618,-7.5217,-7.3684,0,REST
2898,11.3203125,3.5657,6.0267,-6.8598,0.5036,0,REST
2899,11.32421875,4.9249,4.4194,-1.9982,-2.9252,0,REST
2900,11.328125,5.7754,1.2323,-5.4801,0.804,0,REST
2901,11.33203125,6.9011,-1.2413,-0.5833,4.369,0,REST
2902,11.3359375,5.6254,-4.362,1.7186,4.2765,0,REST
2903,11.33984375,8.535,-8.595,1.8363,5.2271,0,REST
2904,11.34375,7.799,-5.6818,2.2648,12.3076,0,REST
2905,11.34765625,2.4892,-7.6604,4.7833,8.4265,0,REST
2906,11.3515625,6.5755,-9.6322,7.306,7.3978,0,REST
2907,11.35546875,4.0421,-10.3518,9.9206,7.8061,0,REST
2908,11.359375,-1.3429,-11.8739,12.1103,5.2423,0,REST
2909,11.36328125,-1.4206,-11.605,10.5529,2.2679,0,REST
2910,11.3671875,-1.7292,-9.9055,9.7109,1.2213,0,REST
2911,11.37109375,-5.6566,-7.4519,9.5242,-2.063,0,REST
2912,11.375,-9.7179,-4.2312,5.2094,-2.6273,0,REST
2913,11.37890625,-6.5715,-3.2297,3.111,-4.7565,0,REST
2914,11.3828125,-13.7812,4.8904,1.4538,-6.5544,0,REST
2915,11.38671875,-11.0794,6.8004,-5.4163,-6.188,0,REST
2916,11.390625,-8.2018,5.7862,-3.6633,-9.1028,0,REST
2917,11.39453125,-11.5707,10.0825,-7.0445,-3.8685,0,REST
2918,11.3984375,-3.5505,6.8486,-8.6693,-2.6611,0,REST
2919,11.40234375,-5.1762,12.9524,-10.9026,-4.5913,0,REST
2920,11.40625,2.4109,14.0924,-12.4467,-3.0092,0,REST
2921,11.41015625,3.3722,7.818,-8.6648,1.1539,0,REST
2922,11.4140625,2.3552,8.819,-11.0527,-3.0137,0,REST
2923,11.41796875,7.3406,5.3293,-7.6029,-3.8761,0,REST
2924,11.421875,14.836,2.8212,-6.2596,2.5086,0,REST
2925,11.42578125,6.8947,2.3113,-2.9883,2.0796,0,REST
2926,11.4296875,12.1623,-2.8187,-1.2345,2.1345,0,REST
2927,11.43359375,13.1316,-5.8494,-1.5144,4.0035,0,REST
2928,11.4375,8.2393,-8.6798,4.2205,-2.3241,0,REST
2929,11.44140625,8.7027,-12.4536,5.4937,2.6233,0,REST
2930,11.4453125,6.4665,-11.7598,10.8383,2.2479,0,REST
2931,11.44921875,3.3555,-13.0471,13.3386,-1.4364,0,REST
2932,11.453125,0.6796,-15.3147,15.0855,2.7736,0,REST
2933,11.45703125,-5.3462,-13.1594,13.3236,2.767,0,REST
2934,11.4609375,-8.6911,-11.8781,10.7838,-0.7158,0,REST
2935,11.46484375,-7.0228,-9.4282,12.4003,-0.7318,0,REST
2936,11.46875,-14.1564,-5.2369,9.8534,4.801,0,REST
2937,11.47265625,-11.8332,0.5411,6.6931,2.463,0,REST
2938,11.4765625,-9.309,6.2335,3.4522,0.1513,0,REST
2939,11.48046875,-11.825,5.7965,-0.6035,2.741,0,REST
2940,11.484375,-13.196,6.585,-5.6357,-2.1987,0,REST
2941,11.48828125,-9.7118,10.7916,-1.0144,-1.0479,0,REST
2942,11.4921875,-5.2793,9.9636,-5.8179,-2.0763,0,REST
2943,11.49609375,-2.5482,15.0129,-8.7198,-5.1965,0,REST
2944,11.5,1.7478,9.7222,-8.6918,-0.0316,0,REST
2945,11.50390625,4.362,10.9948,-11.3734,-2.8964,0,REST
2946,11.5078125,7.0495,13.909,-10.046,-2.5562,0,REST
2947,11.51171875,13.9832,4.3672,-10.631,-2.3489,0,REST
2948,11.515625,7.1755,3.6097,-11.2822,-2.5844,0,REST
2949,11.51953125,12.3779,3.5865,-9.1883,-1.0989,0,REST
2950,11.5234375,10.3036,-0.9487,-5.1265,-5.1431,0,REST
2951,11.52734375,13.574,-3.3286,-1.889,-0.3944,0,REST
2952,11.53125,10.3426,-10.2256,-1.7472,2.0483,0,REST
2953,11.53515625,9.5391,-10.1758,7.4166,1.4625,0,REST
2954,11.5390625,5.2985,-11.1896,4.8199,3.5136,0,REST
2955,11.54296875,2.759,-12.5026,7.4474,0.2724,0,REST
2956,11.546875,1.7678,-10.1579,14.6305,5.3047,0,REST
2957,11.55078125,-4.2118,-12.1172,11.7271,1.2644,0,REST
2958,11.5546875,-10.1545,-8.3827,15.099,7.3201,0,REST
2959,11.55859375,-6.9034,-7.1883,12.9384,7.9267,0,REST
2960,11.5625,-11.5689,-2.8831,13.3916,7.4291,0,REST
2961,11.56640625,-15.4139,-6.3424,7.7378,7.7665,0,REST
2962,11.5703125,-10.8755,1.0796,5.3636,-1.4639,0,REST
2963,11.57421875,-9.6477,5.7415,3.3381,4.629,0,REST
2964,11.578125,-11.1712,4.5895,0.0138,3.7322,0,REST
2965,11.58203125,-3.9123,11.16,-5.0177,-2.395,0,REST
2966,11.5859375,-7.1704,13.7197,-5.2256,-1.371,0,REST
2967,11.58984375,-1.4299,15.0497,-8.1936,-5.6084,0,REST
2968,11.59375,0.6605,14.7312,-7.9541,-2.9346,0,REST
2969,11.59765625,3.5529,12.253,-13.7725,-12.5252,0,REST
2970,11.6015625,2.2901,10.6117,-8.8888,-9.2302,0,REST
2971,11.60546875,8.3112,4.6999,-7.639,-9.1936,0,REST
2972,11.609375,8.7716,3.0743,-8.0553,-10.9352,0,REST
2973,11.61328125,9.9578,1.3025,-5.2091,-4.5308,0,REST
2974,11.6171875,6.7437,-4.3693,-5.9255,-4.5125,0,REST
2975,11.62109375,11.7712,-4.7282,-1.8399,-3.6664,0,REST
2976,11.625,7.606,-7.8251,-0.4337,-1.2613,0,REST
2977,11.62890625,7.0973,-12.4298,4.1262,1.0249,0,REST
2978,11.6328125,5.1052,-11.0594,7.2153,3.9589,0,REST
2979,11.63671875,0.8814,-9.1646,5.9117,10.4437,0,REST
2980,11.640625,-0.3353,-8.0339,9.9227,10.742,0,REST
2981,11.64453125,0.3781,-8.6465,8.2913,7.7228,0,REST
2982,11.6484375,-0.621,-8.5296,8.7264,12.5162,0,REST
2983,11.65234375,-9.6402,-6.2118,8.2611,12.8074,0,REST
2984,11.65625,-6.7899,-3.9155,3.8284,8.0285,0,REST
2985,11.66015625,-7.906,-0.7142,-0.7126,9.0634,0,REST
2986,11.6640625,-7.7727,2.5491,2.7794,6.9587,0,REST
2987,11.66796875,-5.1368,4.1003,6.208,3.5431,0,REST
2988,11.671875,-5.4208,6.4729,0.3167,0.8112,0,REST
2989,11.67578125,-3.9891,13.4147,-1.6545,-2.5237,0,REST
2990,11.6796875,-4.0614,11.1201,-4.1424,-5.4722,0,REST
2991,11.68359375,-3.7919,9.2204,-2.6174,-7.9908,0,REST
2992,11.6875,-4.273,9.2451,-4.4416,-9.3998,0,REST
2993,11.69140625,0.0923,13.2063,-7.0864,-12.5875,0,REST
2994,11.6953125,6.8353,7.9143,-4.7733,-13.2576,0,REST
2995,11.69921875,1.6135,4.3195,-4.4372,-11.9547,0,REST
2996,11.703125,7.1745,4.4516,-3.4484,-11.917,0,REST
2997,11.70703125,4.3845,0.2473,-0.5856,-8.1511,0,REST
2998,11.7109375,3.0541,-0.0185,-3.2468,-5.5986,0,REST
2999,11.71484375,3.2735,-6.7364,-3.2176,-1.3168,0,REST
3000,11.71875,3.2354,-8.2707,-1.4461,6.3257,0,REST
3001,11.72265625,4.598,-5.3066,-3.1374,1.9889,0,REST
3002,11.7265625,4.543,-10.7455,0.0005,10.0932,0,REST
3003,11.73046875,0.4583,-8.06,1.413,11.6708,0,REST
3004,11.734375,-1.6986,-10.131,4.3155,10.6813,0,REST
3005,11.73828125,0.8705,-6.6016,-0.209,8.9541,0,REST
3006,11.7421875,2.1365,-5.0402,-0.9838,16.6651,0,REST
3007,11.74609375,2.9357,-3.7546,3.855,14.9963,0,REST
3008,11.75,-3.2094,-3.164,3.2288,7.2931,0,REST
3009,11.75390625,-0.6793,-1.4917,2.3851,9.257,0,REST
3010,11.7578125,-0.7262,3.159,1.4151,4.1693,0,REST
3011,11.76171875,1.0289,4.0282,4.4184,-2.0547,0,REST
3012,11.765625,1.1602,6.7529,5.7771,-6.8939,0,REST
3013,11.76953125,-1.9619,0.9732,0.9045,-10.4317,0,REST
3014,11.7734375,-1.8879,9.6355,3.0131,-12.2197,0,REST
3015,11.77734375,-2.7744,6.1788,2.1166,-9.5452,0,REST
3016,11.78125,-4.09,5.7135,4.4324,-13.3242,0,REST
3017,11.78515625,-2.9577,4.2125,2.767,-14.0659,0,REST
3018,11.7890625,-3.857,6.6714,1.9318,-14.141,0,REST
3019,11.79296875,-1.8335,5.4649,1.8776,-9.6438,0,REST
3020,11.796875,-4.4304,1.4174,-2.4032,-5.5558,0,REST
3021,11.80078125,1.2272,-0.4764,-2.5474,-4.8847,0,REST
3022,11.8046875,-0.2428,-2.2818,-2.0916,-6.4162,0,REST
3023,11.80859375,-2.2716,-4.8475,-2.3573,3.4818,0,REST
3024,11.8125,-0.3734,-4.4786,-0.4956,2.3212,0,REST
3025,11.81640625,6.1337,-5.7547,-2.0751,11.1007,0,REST
3026,11.8203125,1.4775,-3.8378,-4.4069,7.8666,0,REST
3027,11.82421875,0.9887,-6.6167,-8.4911,11.5749,0,REST
3028,11.828125,4.0779,-8.7099,-11.0712,13.5882,0,REST
3029,11.83203125,9.6026,-6.9183,-1.4727,12.6868,0,REST
3030,11.8359375,7.0696,-4.7364,-4.0037,7.9934,0,REST
3031,11.83984375,5.599,-4.7402,-1.5564,9.577,0,REST
3032,11.84375,4.1871,-1.9182,-0.4527,9.0766,0,REST
3033,11.84765625,5.8742,2.8908,4.0432,4.1045,0,REST
3034,11.8515625,0.8933,1.4608,3.3879,-0.9011,0,REST
3035,11.85546875,5.1128,-1.2099,4.4111,-3.1462,0,REST
3036,11.859375,-2.5271,-0.2615,2.3996,-6.8647,0,REST
3037,11.86328125,-4.4648,3.6125,7.5787,-6.5088,0,REST
3038,11.8671875,-7.6297,4.4239,9.4283,-7.7393,0,REST
3039,11.87109375,-8.8814,3.5291,7.6606,-11.0018,0,REST
3040,11.875,-8.5581,7.4792,10.104,-6.3633,0,REST
3041,11.87890625,-7.3299,6.3986,9.8205,-9.4479,0,REST
3042,11.8828125,-9.363,4.3732,6.2904,-10.258,0,REST
3043,11.88671875,-10.3187,5.7148,2.3859,-5.1129,0,REST
3044,11.890625,-9.874,1.8655,0.8987,-5.2679,0,REST
3045,11.89453125,-7.2343,2.0088,0.3283,-1.8102,0,REST
3046,11.8984375,-0.8264,-1.3894,-3.4575,0.0173,0,REST
3047,11.90234375,-7.7798,1.798,-2.3649,5.0829,0,REST
3048,11.90625,-0.8475,1.5974,-8.4787,5.9001,0,REST
3049,11.91015625,2.9311,-3.8442,-10.3426,10.6873,0,REST
3050,11.9140625,4.9511,0.3644,-10.2474,7.382,0,REST
3051,11.91796875,5.8833,-0.1339,-11.1242,10.781,0,REST
3052,11.921875,12.348,0.7394,-11.0728,5.8979,0,REST
3053,11.92578125,11.0754,-1.8987,-6.9055,11.2239,0,REST
3054,11.9296875,9.8939,-4.246,-9.3028,8.9998,0,REST
3055,11.93359375,11.8453,-5.3582,-6.7253,6.2824,0,REST
3056,11.9375,8.5963,-4.5827,-6.4087,6.5277,0,REST
3057,11.94140625,10.107,-4.2457,1.0061,1.9091,0,REST
3058,11.9453125,6.3733,-0.2611,-0.9073,0.4869,0,REST
3059,11.94921875,2.9329,-3.1114,3.7148,-4.251,0,REST
3060,11.953125,-0.4191,0.2286,7.7229,-3.328,0,REST
3061,11.95703125,-5.3621,-4.3475,7.5862,-11.5727,0,REST
3062,11.9609375,-9.2144,-1.5538,11.1623,-5.4089,0,REST
3063,11.96484375,-6.9012,0.167,11.4995,-6.6782,0,REST
3064,11.96875,-11.7417,1.4902,14.528,-3.3317,0,REST
3065,11.97265625,-8.9973,0.6916,12.0879,-7.1625,0,REST
3066,11.9765625,-15.0689,3.0727,10.295,-2.3196,0,REST
3067,11.98046875,-10.7784,5.032,7.1513,-2.7851,0,REST
3068,11.984375,-11.9659,5.4567,5.436,-0.7998,0,REST
3069,11.98828125,-9.1057,1.6639,2.1889,-1.5619,0,REST
3070,11.9921875,-7.2617,8.1444,0.7118,2.9899,0,REST
3071,11.99609375,-4.2699,7.8691,-7.569,0.8604,0,REST
3072,12.0,2.4849,2.0657,-7.4805,5.8252,0,REST
3073,12.00390625,3.7621,4.8963,-6.57,2.9578,0,REST
3074,12.0078125,6.7597,3.8823,-11.2325,1.3926,0,REST
3075,12.01171875,8.3408,0.5319,-14.5988,2.8931,0,REST
3076,12.015625,14.3,2.5556,-9.3267,4.4048,0,REST
3077,12.01953125,9.702,-1.5457,-10.5278,2.5623,0,REST
3078,12.0234375,13.4952,-5.3116,-9.0379,2.2294,0,REST
3079,12.02734375,13.307,0.0617,-8.4218,5.1371,0,REST
3080,12.03125,9.5525,-7.0453,-9.6496,0.7438,0,REST
3081,12.03515625,10.0833,-7.6473,-0.5465,0.3339,0,REST
3082,12.0390625,8.6946,-8.2288,1.6667,-3.1947,0,REST
3083,12.04296875,2.9971,-8.0559,6.4212,-3.074,0,REST
3084,12.046875,-1.4717,-8.2181,10.1808,-2.6246,0,REST
3085,12.05078125,-2.4244,-5.6372,8.2068,-1.0975,0,REST
3086,12.0546875,-5.8029,-4.0794,11.5729,2.1516,0,REST
3087,12.05859375,-6.3209,-1.3631,14.2873,-3.9687,0,REST
3088,12.0625,-11.2124,-1.5577,13.7521,-0.7811,0,REST
3089,12.06640625,-11.4436,-1.2158,10.7472,0.5054,0,REST
3090,12.0703125,-8.7939,0.4606,9.7919,0.1111,0,REST
3091,12.07421875,-11.0236,1.4654,8.5099,-3.3494,0,REST
3092,12.078125,-9.5134,1.3893,5.6818,-3.1459,0,REST
3093,12.08203125,-12.7962,2.5723,3.1155,-3.4168,0,REST
3094,12.0859375,-5.05,5.55,1.1416,-2.1976,0,REST
3095,12.08984375,-3.7975,8.9233,-0.3226,-1.7763,0,REST
3096,12.09375,0.3713,10.3359,-5.7557,-3.3293,0,REST
3097,12.09765625,2.858,8.9284,-8.9556,-3.7525,0,REST
3098,12.1015625,5.4869,6.7476,-12.6708,1.7174,0,REST
3099,12.10546875,7.5733,1.7825,-10.3507,-1.0896,0,REST
3100,12.109375,6.9685,6.0512,-8.9577,-1.1653,0,REST
3101,12.11328125,10.4245,0.4036,-12.4105,4.9148,0,REST
3102,12.1171875,8.9944,-1.0507,-10.8341,6.4636,0,REST
3103,12.12109375,11.1751,-3.0994,-4.5339,3.3089,0,REST
3104,12.125,6.4323,-3.0186,-5.3067,7.7919,0,REST
3105,12.12890625,6.0476,-7.6205,-2.1976,4.7588,0,REST
3106,12.1328125,2.52,-9.4637,-4.5936,7.2714,0,REST
3107,12.13671875,0.0967,-11.7663,1.5514,7.2312,0,REST
3108,12.140625,-1.0766,-12.9803,2.4394,2.8979,0,REST
3109,12.14453125,-0.4055,-12.0804,5.2652,-0.6979,0,REST
3110,12.1484375,-3.9833,-8.7825,8.6738,5.5707,0,REST
3111,12.15234375,-2.6537,-6.5209,8.1018,-0.4191,0,REST
3112,12.15625,-7.1325,-2.561,8.0904,-1.6273,0,REST
3113,12.16015625,-7.273,-5.1026,8.586,-4.0079,0,REST
3114,12.1640625,-8.3441,2.9727,9.9054,-8.7315,0,REST
3115,12.16796875,-3.697,1.444,3.7878,-6.945,0,REST
3116,12.171875,-4.4417,5.0788,6.3403,-6.8315,0,REST
3117,12.17578125,-6.3953,7.9306,2.3651,-9.8535,0,REST
3118,12.1796875,-7.697,9.857,3.4538,-8.4177,0,REST
3119,12.18359375,-3.3615,7.322,1.5828,-10.8603,0,REST
3120,12.1875,-0.9881,12.7059,-0.8755,-6.7868,0,REST
3121,12.19140625,3.146,7.98,-3.9659,-4.4579,0,REST
3122,12.1953125,2.4193,12.0165,-1.9033,-2.5985,0,REST
3123,12.19921875,-0.1202,7.1393,-6.4363,-2.4585,0,REST
3124,12.203125,5.1788,7.0837,-4.3376,1.7582,0,REST
3125,12.20703125,2.3699,1.8422,-3.3155,8.294,0,REST
3126,12.2109375,3.036,-2.3967,-9.1128,5.1363,0,REST
3127,12.21484375,4.802,-1.3149,-3.7496,7.9437,0,REST
3128,12.21875,5.9393,-7.1831,1.7485,9.7045,0,REST
3129,12.22265625,3.8449,-7.999,-2.9903,7.8938,0,REST
3130,12.2265625,2.8569,-10.8131,1.3728,12.9151,0,REST
3131,12.23046875,2.4954,-12.5813,-5.2658,7.9618,0,REST
3132,12.234375,-1.7158,-10.0417,-3.4184,11.132,0,REST
3133,12.23828125,-0.3882,-10.5335,-0.5046,4.0683,0,REST
3134,12.2421875,-1.6858,-10.2395,-0.8473,2.4216,0,REST
3135,12.24609375,-0.8789,-11.5469,-1.5397,-1.6464,0,REST
3136,12.25,-1.4672,-5.8684,2.6094,-5.3104,0,REST
3137,12.25390625,-1.5392,-5.1306,-0.5134,-7.4648,0,REST
3138,12.2578125,1.0492,0.3273,2.4552,-8.2506,0,REST
3139,12.26171875,1.2527,4.035,3.6335,-13.3921,0,REST
3140,12.265625,2.6552,4.665,4.9395,-12.2916,0,REST
3141,12.26953125,-2.8282,8.3364,4.0317,-12.5292,0,REST
3142,12.2734375,-6.1299,13.1462,0.7912,-9.0358,0,REST
3143,12.27734375,-2.9271,13.0951,6.3697,-5.6897,0,REST
3144,12.28125,-6.3664,13.2352,7.0935,-5.3003,0,REST
3145,12.28515625,-6.1338,14.2781,0.6793,-6.3109,0,REST
3146,12.2890625,-4.7983,10.1668,1.5501,2.6749,0,REST
3147,12.29296875,-4.8314,8.9145,4.6289,4.2735,0,REST
3148,12.296875,-3.1287,0.3239,4.9748,6.33,0,REST
3149,12.30078125,-3.723,6.2395,1.4611,9.7368,0,REST
3150,12.3046875,-1.6179,0.7549,-1.5051,13.0946,0,REST
3151,12.30859375,1.2629,-3.5872,0.8608,13.9219,0,REST
3152,12.3125,-1.0266,-6.0869,-0.7696,16.9051,0,REST
3153,12.31640625,1.6643,-8.6396,-2.4931,11.111,0,REST
3154,12.3203125,2.7488,-14.0885,-6.0737,8.7168,0,REST
3155,12.32421875,6.9795,-11.8462,-3.6144,9.7051,0,REST
3156,12.328125,3.9937,-12.6638,-4.5062,7.7955,0,REST
3157,12.33203125,6.2624,-14.5474,-7.9227,3.5073,0,REST
3158,12.3359375,7.8363,-11.0275,-8.4717,0.0756,0,REST
3159,12.33984375,5.8153,-7.114,-9.1965,-6.6406,0,REST
3160,12.34375,5.5293,-4.8644,-4.2564,-10.3695,0,REST
3161,12.34765625,5.5411,-1.4362,-3.7418,-9.1725,0,REST
3162,12.3515625,6.8709,1.0957,-2.0779,-10.6686,0,REST
3163,12.35546875,3.0064,5.4415,0.5031,-7.5634,0,REST
3164,12.359375,-1.7149,7.7569,2.6743,-10.289,0,REST
3165,12.36328125,0.6084,7.708,0.1645,-12.5498,0,REST
3166,12.3671875,-4.924,8.5123,4.5797,-6.8908,0,REST
3167,12.37109375,-5.6112,14.6594,9.2658,-6.006,0,REST
3168,12.375,-7.4365,10.6847,10.0621,-2.9008,0,REST
3169,12.37890625,-7.5673,12.45,5.8896,-2.1008,0,REST
3170,12.3828125,-6.8755,8.292,11.4483,5.1542,0,REST
3171,12.38671875,-12.0187,7.5883,8.2439,7.1204,0,REST
3172,12.390625,-10.9363,4.5051,10.1612,7.5322,0,REST
3173,12.39453125,-8.5275,3.6459,5.2371,7.7538,0,REST
3174,12.3984375,-4.3118,-2.03,3.4634,14.3855,0,REST
3175,12.40234375,-3.4521,-4.0139,-0.4292,10.6697,0,REST
3176,12.40625,-1.0275,-8.9402,1.8462,10.8721,0,REST
3177,12.41015625,4.9354,-10.4051,-0.3782,8.3086,0,REST
3178,12.4140625,5.4761,-11.9984,-5.6856,10.7094,0,REST
3179,12.41796875,7.7256,-13.135,-7.8612,4.8183,0,REST
3180,12.421875,8.8518,-12.8193,-8.5493,0.3963,0,REST
3181,12.42578125,10.2086,-10.8692,-9.2105,1.4907,0,REST
3182,12.4296875,11.0988,-7.4206,-13.9687,-4.0465,0,REST
3183,12.43359375,10.3969,-11.093,-10.6184,-3.3899,0,REST
3184,12.4375,7.4977,-5.7435,-8.7614,-9.2325,0,REST
3185,12.44140625,12.2067,0.1069,-5.1161,-6.187,0,REST
3186,12.4453125,5.7647,1.8461,-2.4309,-11.9848,0,REST
3187,12.44921875,2.7844,0.3425,-0.8934,-12.5939,0,REST
3188,12.453125,2.0509,2.9216,-1.1938,-11.4332,0,REST
3189,12.45703125,-3.8848,7.8071,3.2301,-6.6678,0,REST
3190,12.4609375,-5.249,6.2075,4.8047,-3.265,0,REST
3191,12.46484375,-11.4573,7.8935,10.4593,-5.3129,0,REST
3192,12.46875,-10.6407,7.3418,8.0217,-1.1921,0,REST
3193,12.47265625,-13.2066,9.5463,14.3745,3.645,0,REST
3194,12.4765625,-9.112,8.9904,8.8554,2.0447,0,REST
3195,12.48046875,-13.4646,4.8697,16.3775,4.8314,0,REST
3196,12.484375,-14.2138,7.0456,12.0885,11.4612,0,REST
3197,12.48828125,-7.3773,5.3071,8.0868,10.0566,0,REST
3198,12.4921875,-2.9438,-4.8259,2.6791,8.2455,0,REST
3199,12.49609375,-4.5019,-1.7287,3.6208,6.2367,0,REST
3200,12.5,3.5997,-4.1492,-0.9943,7.4393,0,REST
3201,12.50390625,7.4408,-5.7388,-4.1302,4.7543,0,REST
3202,12.5078125,7.5137,-10.292,-4.3525,5.0351,0,REST
3203,12.51171875,8.6571,-8.8962,-8.3989,5.3105,0,REST
3204,12.515625,12.7887,-11.5565,-11.0926,1.827,0,REST
3205,12.51953125,16.6241,-12.8952,-12.0952,2.1858,0,REST
3206,12.5234375,15.0672,-7.6464,-13.7456,-6.8156,0,REST
3207,12.52734375,14.4259,-3.9357,-15.0167,-5.1771,0,REST
3208,12.53125,10.0197,-4.0139,-10.2954,-13.1661,0,REST
3209,12.53515625,7.0291,-3.2003,-10.5426,-5.4786,0,REST
3210,12.5390625,7.0953,-1.3811,-4.5292,-11.3824,0,REST
3211,12.54296875,0.081,2.0172,-1.6825,-4.0745,0,REST
3212,12.546875,1.6735,3.7784,-0.8937,-7.1144,0,REST
3213,12.55078125,-4.0994,10.0697,3.4425,-1.2087,0,REST
3214,12.5546875,-8.0642,5.7468,4.5604,-6.1877,0,REST
3215,12.55859375,-9.7969,9.4224,6.8147,-3.3032,0,REST
3216,12.5625,-12.9798,7.2748,12.5216,0.1307,0,REST
3217,12.56640625,-10.6812,3.749,12.5435,2.8027,0,REST
3218,12.5703125,-10.4544,8.8346,8.3302,3.919,0,REST
3219,12.57421875,-10.152,3.6848,10.2883,3.9147,0,REST
3220,12.578125,-9.4494,7.2954,6.8552,3.2652,0,REST
3221,12.58203125,-5.894,3.6161,10.8103,2.3496,0,REST
3222,12.5859375,-4.0081,-1.3866,6.3469,5.2807,0,REST
3223,12.58984375,-2.947,-1.734,0.3717,5.9948,0,REST
3224,12.59375,1.9288,0.0984,-1.1189,5.3601,0,REST
3225,12.59765625,2.6553,-3.07,-3.2056,6.0815,0,REST
3226,12.6015625,4.714,-4.1075,-4.1173,0.826,0,REST
3227,12.60546875,6.7269,-4.508,-7.7922,0.6791,0,REST
3228,12.609375,9.5266,-7.2467,-8.6192,2.168,0,REST
3229,12.61328125,8.9614,-2.2747,-12.0312,-0.5296,0,REST
3230,12.6171875,10.9164,-2.7741,-7.244,-2.1621,0,REST
3231,12.62109375,6.6433,-2.453,-9.7371,-1.011,0,REST
3232,12.625,7.2056,-7.3321,-10.8719,-1.2496,0,REST
3233,12.62890625,7.6137,0.4259,-6.0307,-3.5024,0,REST
3234,12.6328125,2.8207,-1.8156,-5.584,-3.3791,0,REST
3235,12.63671875,1.0626,1.7147,-1.3791,-5.2958,0,REST
3236,12.640625,3.0355,1.516,-4.6501,-4.8511,0,REST
3237,12.64453125,0.1115,3.3244,2.342,-1.4682,0,REST
3238,12.6484375,-3.2838,0.8877,5.7674,1.7543,0,REST
3239,12.65234375,-6.3557,1.3947,5.4379,-1.597,0,REST
3240,12.65625,-5.468,4.7389,7.7474,0.0799,0,REST
3241,12.66015625,-8.8062,3.6405,5.6608,-4.236,0,REST
3242,12.6640625,-6.2609,3.8371,4.3365,5.2096,0,REST
3243,12.66796875,-7.1081,4.4201,7.0085,1.7605,0,REST
3244,12.671875,-6.0353,2.6289,7.182,0.7514,0,REST
3245,12.67578125,-7.4884,3.6817,3.7758,1.3116,0,REST
3246,12.6796875,0.15,0.6352,8.6215,2.5024,0,REST
3247,12.68359375,-5.1054,-2.1366,2.5236,0.8453,0,REST
3248,12.6875,-5.6876,2.9798,3.6269,3.261,0,REST
3249,12.69140625,-2.7149,-0.1669,-2.5994,7.013,0,REST
3250,12.6953125,3.5101,-0.6678,-0.9268,2.3428,0,REST
3251,12.69921875,2.0947,3.1236,-6.0699,6.5864,0,REST
3252,12.703125,0.7857,-1.5942,-2.7637,4.0409,0,REST
3253,12.70703125,1.0594,-1.4692,-3.5566,4.3429,0,REST
3254,12.7109375,5.1501,-0.7431,-6.8263,0.8084,0,REST
3255,12.71484375,2.9949,-3.2534,-3.43,3.5735,0,REST
3256,12.71875,0.5831,-2.7328,-0.7394,0.0737,0,REST
3257,12.72265625,4.8583,-6.7416,-4.0674,-2.3615,0,REST
3258,12.7265625,1.3099,-3.5096,-3.4156,1.879,0,REST
3259,12.73046875,2.4321,-3.9481,-1.3577,-2.2568,0,REST
3260,12.734375,1.3418,-5.6131,-7.4014,-0.2896,0,REST
3261,12.73828125,3.2347,-2.2784,0.7787,-4.2139,0,REST
3262,12.7421875,-0.0329,-3.0559,-4.1055,-7.2424,0,REST
3263,12.74609375,1.1291,2.8605,-0.0191,-10.5421,0,REST
3264,12.75,-1.6967,-1.9614,-0.362,-8.8599,0,REST
3265,12.75390625,-0.0319,-2.8843,-2.5593,-8.5069,0,REST
3266,12.7578125,-3.0654,-0.8603,2.5558,-4.0576,0,REST
3267,12.76171875,-0.8598,3.6088,1.6533,-5.9847,0,REST
3268,12.765625,-0.1259,1.6667,-0.3791,-8.4753,0,REST
3269,12.76953125,0.2495,4.819,-4.1305,-2.1826,0,REST
3270,12.7734375,0.8916,7.5765,2.5584,2.0847,0,REST
3271,12.77734375,-4.7344,1.0442,3.8587,3.5332,0,REST
3272,12.78125,-1.9406,1.5725,0.9403,7.219,0,REST
3273,12.78515625,-7.0379,6.5867,7.8695,8.0739,0,REST
3274,12.7890625,-2.0343,3.3868,2.9223,8.4047,0,REST
3275,12.79296875,-3.5801,1.2113,3.971,5.6263,0,REST
3276,12.796875,-4.2653,0.6791,4.5475,6.2108,0,REST
3277,12.80078125,1.7682,0.831,5.9079,9.9677,0,REST
3278,12.8046875,-1.9809,2.6347,2.0863,3.8627,0,REST
3279,12.80859375,1.1588,-2.9258,2.1098,3.4217,0,REST
3280,12.8125,1.4946,-1.5613,2.5481,2.6953,0,REST
3281,12.81640625,2.4436,-3.6227,-1.8246,1.3419,0,REST
3282,12.8203125,0.5533,-7.4402,0.3732,-1.7817,0,REST
3283,12.82421875,3.2689,-5.3372,-7.2287,-2.4214,0,REST
3284,12.828125,4.1711,-5.707,-8.7713,-9.4323,0,REST
3285,12.83203125,9.7948,-8.6788,-5.2744,-9.4093,0,REST
3286,12.8359375,7.6072,-6.1413,-3.8698,-9.3811,0,REST
3287,12.83984375,5.7696,-2.9876,-9.1479,-12.1433,0,REST
3288,12.84375,4.8824,-7.3569,-7.7873,-8.9857,0,REST
3289,12.84765625,7.9052,-0.1101,-9.4851,-6.7798,0,REST
3290,12.8515625,2.1606,1.312,-4.312,-7.5824,0,REST
3291,12.85546875,0.9016,-0.2108,-11.4025,-5.0713,0,REST
3292,12.859375,-0.0926,5.7874,-5.411,-2.3152,0,REST
3293,12.86328125,-3.4601,4.7808,-4.6274,1.8658,0,REST
3294,12.8671875,-3.7235,6.7691,-0.0417,2.9969,0,REST
3295,12.87109375,-4.7965,9.5933,4.5894,9.8646,0,REST
3296,12.875,-9.8622,10.4029,5.947,10.0345,0,REST
3297,12.87890625,-11.5314,8.762,9.2045,12.3408,0,REST
3298,12.8828125,-11.5166,9.2203,7.3051,11.8244,0,REST
3299,12.88671875,-9.2757,6.615,8.2971,13.0697,0,REST
3300,12.890625,-6.7269,6.15,10.5021,11.137,0,REST
3301,12.89453125,-3.9586,1.9879,8.6738,8.4555,0,REST
3302,12.8984375,-6.7616,3.5483,9.4106,2.5194,0,REST
3303,12.90234375,-1.964,1.0935,9.369,4.001,0,REST
3304,12.90625,-1.6812,-5.3241,6.8531,2.0781,0,REST
3305,12.91015625,6.9431,-4.4863,5.1975,-5.5489,0,REST
3306,12.9140625,3.0478,-4.1582,1.3423,-6.6352,0,REST
3307,12.91796875,5.9084,-10.1922,-4.5606,-8.8665,0,REST
3308,12.921875,11.0066,-10.9875,-5.2371,-10.7641,0,REST
3309,12.92578125,10.2222,-6.8546,-6.0404,-10.3596,0,REST
3310,12.9296875,10.1521,-7.3761,-9.8801,-16.5304,0,REST
3311,12.93359375,10.3487,-10.7955,-11.3181,-12.6593,0,REST
3312,12.9375,11.3744,-7.6743,-11.5731,-12.2412,0,REST
3313,12.94140625,9.8099,-2.7293,-14.3688,-6.8265,0,REST
3314,12.9453125,8.659,0.2919,-7.074,-6.2975,0,REST
3315,12.94921875,2.1774,0.2378,-8.879,3.3004,0,REST
3316,12.953125,-0.2119,2.8449,-5.6285,-0.6838,0,REST
3317,12.95703125,-2.602,5.7026,-1.8673,1.5137,0,REST
3318,12.9609375,-4.2665,12.2866,-2.1567,7.8232,0,REST
3319,12.96484375,-10.8795,13.637,-0.7497,9.7623,0,REST
3320,12.96875,-11.6242,10.0654,8.9034,12.6256,0,REST
3321,12.97265625,-11.9045,11.1418,11.7309,15.8728,0,REST
3322,12.9765625,-12.1059,7.6694,14.0469,10.3552,0,REST
3323,12.98046875,-12.8627,9.1624,14.7874,12.2626,0,REST
3324,12.984375,-13.4574,6.9457,10.8295,9.9608,0,REST
3325,12.98828125,-10.3159,7.5858,16.1632,4.1183,0,REST
3326,12.9921875,-6.8544,0.6872,11.6404,4.3652,0,REST
3327,12.99609375,-7.1662,-3.3934,11.662,-1.3151,0,REST
3328,13.0,-0.7876,-6.6051,7.839,-4.5535,0,REST
3329,13.00390625,2.7459,-4.129,4.594,-6.009,0,REST
3330,13.0078125,4.8264,-9.4391,-0.8218,-5.0322,0,REST
3331,13.01171875,9.3502,-11.7601,-0.0121,-10.319,0,REST
3332,13.015625,11.1827,-11.1309,-3.1827,-8.0923,0,REST
3333,13.01953125,12.7226,-14.239,-6.1047,-11.6929,0,REST
3334,13.0234375,14.5243,-11.3366,-7.9932,-10.8032,0,REST
3335,13.02734375,16.3229,-9.7974,-12.4047,-5.3233,0,REST
3336,13.03125,7.9296,-5.8945,-14.3011,-11.7836,0,REST
3337,13.03515625,10.8889,-4.6707,-11.7938,-5.1642,0,REST
3338,13.0390625,9.6087,-1.972,-8.158,-2.8461,0,REST
3339,13.04296875,-2.4722,-2.1293,-8.402,3.0576,0,REST
3340,13.046875,-1.6395,5.4302,-5.0739,4.2792,0,REST
3341,13.05078125,-5.7788,9.9557,-7.2566,9.4615,0,REST
3342,13.0546875,-4.136,13.1196,0.8971,8.3449,0,REST
3343,13.05859375,-10.803,12.8049,5.1831,9.8875,0,REST
3344,13.0625,-6.8145,13.5194,7.2296,12.2257,0,REST
3345,13.06640625,-11.5295,13.618,7.0782,9.2067,0,REST
3346,13.0703125,-12.9882,14.163,9.5401,9.9677,0,REST
3347,13.07421875,-9.8852,11.7161,9.9645,2.9718,0,REST
3348,13.078125,-6.373,8.1734,11.4518,6.9449,0,REST
3349,13.08203125,-6.6107,4.4139,11.8919,3.4882,0,REST
3350,13.0859375,-7.2792,4.1355,9.1693,-3.7577,0,REST
3351,13.08984375,-2.8155,-4.997,7.8754,0.3444,0,REST
3352,13.09375,2.2411,-5.1638,4.4239,-5.7932,0,REST
3353,13.09765625,2.7046,-8.1064,3.9333,-8.5184,0,REST
3354,13.1015625,4.5512,-9.2471,3.5375,-10.6675,0,REST
3355,13.10546875,9.4077,-12.4492,-1.0858,-6.7309,0,REST
3356,13.109375,11.6408,-16.6956,-2.6601,-3.4815,0,REST
3357,13.11328125,7.5832,-16.9385,-2.9361,-7.3253,0,REST
3358,13.1171875,3.1737,-1.43,1.8035,-5.1243,1,PREPARE
3359,13.12109375,4.9348,-5.106,-0.3418,-3.8984,1,PREPARE
3360,13.125,8.1455,-2.994,-6.7105,-3.4823,1,PREPARE
3361,13.12890625,7.3398,-1.8975,1.0434,-1.9502,1,PREPARE
3362,13.1328125,5.2941,2.3185,-5.4206,-4.2875,1,PREPARE
3363,13.13671875,5.7843,0.7553,-2.9851,-3.4219,1,PREPARE
3364,13.140625,4.3287,3.0059,-9.5177,-4.5011,1,PREPARE
3365,13.14453125,3.0519,-0.482,-5.4684,-0.8529,1,PREPARE
3366,13.1484375,-2.177,3.5891,-5.0417,2.5599,1,PREPARE
3367,13.15234375,-3.3407,4.5431,-1.2027,5.1101,1,PREPARE
3368,13.15625,-1.6586,3.8373,-0.1367,5.8617,1,PREPARE
3369,13.16015625,-3.3081,3.8271,2.1974,5.5436,1,PREPARE
3370,13.1640625,-7.0537,3.6701,-0.0698,1.8021,1,PREPARE
3371,13.16796875,-3.389,5.1419,4.504,1.814,1,PREPARE
3372,13.171875,-4.7882,0.3945,5.1675,6.3262,1,PREPARE
3373,13.17578125,-5.7113,0.3578,-0.9561,3.1731,1,PREPARE
3374,13.1796875,-5.881,2.9844,5.1129,2.5297,1,PREPARE
3375,13.18359375,-2.5825,3.4322,4.409,-0.9932,1,PREPARE
3376,13.1875,-6.1844,-0.8575,6.237,2.6221,1,PREPARE
3377,13.19140625,-3.0532,-2.0738,5.3508,-2.4591,1,PREPARE
3378,13.1953125,0.405,0.5477,-0.6327,-1.9458,1,PREPARE
3379,13.19921875,-2.8592,-5.7062,5.1845,-4.0849,1,PREPARE
3380,13.203125,-0.8632,-6.6638,6.8728,-4.628,1,PREPARE
3381,13.20703125,5.0021,-6.4589,0.41,-4.9203,1,PREPARE
3382,13.2109375,5.5845,-1.919,0.9089,-4.1069,1,PREPARE
3383,13.21484375,1.9681,-4.4917,-0.0626,0.3514,1,PREPARE
3384,13.21875,2.2268,-3.6347,-1.7037,0.0299,1,PREPARE
3385,13.22265625,1.753,-0.2685,-0.7655,-4.9536,1,PREPARE
3386,13.2265625,2.5948,-1.1845,-6.1947,-2.3337,1,PREPARE
3387,13.23046875,1.8491,-0.8368,-6.2517,-2.8481,1,PREPARE
3388,13.234375,4.7254,0.7094,-4.7581,-2.3797,1,PREPARE
3389,13.23828125,5.3112,4.4325,-6.4621,-2.8499,1,PREPARE
3390,13.2421875,1.9674,1.9973,-4.7044,3.9752,1,PREPARE
3391,13.24609375,4.9561,4.7479,-2.7886,0.3356,1,PREPARE
3392,13.25,0.106,2.541,-4.2119,2.0186,1,PREPARE
3393,13.25390625,-0.0764,6.1777,-1.9586,2.4978,1,PREPARE
3394,13.2578125,0.0818,4.6771,-3.4566,6.2412,1,PREPARE
3395,13.26171875,-5.4346,8.3677,-3.7401,0.7187,1,PREPARE
3396,13.265625,-1.4682,4.3515,0.0775,4.2745,1,PREPARE
3397,13.26953125,-2.1379,6.2728,0.485,3.6549,1,PREPARE
3398,13.2734375,-5.4378,3.5312,3.0197,4.358,1,PREPARE
3399,13.27734375,-5.2182,1.7789,2.4833,4.835,1,PREPARE
3400,13.28125,-5.017,3.0148,8.3226,1.0059,1,PREPARE
3401,13.28515625,-1.0987,-6.1974,5.0924,-3.8771,1,PREPARE
3402,13.2890625,-2.4925,-2.2129,4.0621,-1.169,1,PREPARE
3403,13.29296875,-0.6226,-2.2402,5.3766,-2.9282,1,PREPARE
3404,13.296875,-2.7635,-4.482,9.3449,-4.1296,1,PREPARE
3405,13.30078125,-1.4592,-3.3299,5.0606,-5.8644,1,PREPARE
3406,13.3046875,-0.7442,-5.0024,2.6367,-5.8609,1,PREPARE
3407,13.30859375,-3.218,-3.2193,2.445,-3.7193,1,PREPARE
3408,13.3125,3.449,-7.5631,1.1645,-0.3274,1,PREPARE
3409,13.31640625,7.4651,-4.6223,0.2159,-3.7465,1,PREPARE
3410,13.3203125,5.8025,-5.8162,-1.0981,-2.8015,1,PREPARE
3411,13.32421875,6.7393,-2.2356,-1.1249,-0.9319,1,PREPARE
3412,13.328125,5.3562,-1.8628,-2.0168,-3.9243,1,PREPARE
3413,13.33203125,7.7985,-0.1821,-6.7633,0.9247,1,PREPARE
3414,13.3359375,7.6873,2.3468,-4.3189,4.5944,1,PREPARE
3415,13.33984375,3.4279,4.0552,-5.8514,3.5598,1,PREPARE
3416,13.34375,4.1937,5.6364,-8.5225,3.0704,1,PREPARE
3417,13.34765625,2.4339,2.346,-2.9574,4.2749,1,PREPARE
3418,13.3515625,-0.0763,3.3981,-2.9067,4.5126,1,PREPARE
3419,13.35546875,3.7652,6.5546,-4.1173,7.229,1,PREPARE
3420,13.359375,-3.7905,8.5084,-3.3896,5.1571,1,PREPARE
3421,13.36328125,-0.0496,5.6101,-2.0157,5.1377,1,PREPARE
3422,13.3671875,-3.3887,1.3358,-0.874,3.9403,1,PREPARE
3423,13.37109375,-6.7102,7.3964,-1.2769,4.2217,1,PREPARE
3424,13.375,-2.5598,3.6145,0.1011,1.3155,1,PREPARE
3425,13.37890625,-1.3174,3.2575,4.9332,1.2439,1,PREPARE
3426,13.3828125,-4.5254,-0.5429,5.6309,0.7181,1,PREPARE
3427,13.38671875,-0.1883,0.7356,5.8628,-2.2023,1,PREPARE
3428,13.390625,-3.7591,-4.6678,3.066,-4.672,1,PREPARE
3429,13.39453125,-2.3288,-1.8048,2.9301,-3.4458,1,PREPARE
3430,13.3984375,-3.3498,-3.7992,5.0507,-3.7533,1,PREPARE
3431,13.40234375,-1.1224,-5.0343,1.6005,-4.6544,1,PREPARE
3432,13.40625,2.1021,-4.9423,2.7883,-3.5601,1,PREPARE
3433,13.41015625,-2.6346,-3.5626,2.2419,-1.3541,1,PREPARE
3434,13.4140625,4.8195,1.2176,0.6555,-1.7198,1,PREPARE
3435,13.41796875,7.6618,-1.9176,3.3465,1.9051,1,PREPARE
3436,13.421875,4.9551,-3.2754,0.7906,-1.9556,1,PREPARE
3437,13.42578125,4.4135,-1.5552,-0.7262,-1.9076,1,PREPARE
3438,13.4296875,3.7591,-1.5124,-4.9279,0.963,1,PREPARE
3439,13.43359375,3.5847,1.929,-2.036,1.5794,1,PREPARE
3440,13.4375,5.9704,0.8051,-1.9494,2.1074,1,PREPARE
3441,13.44140625,2.2786,4.4244,-4.5209,3.5443,1,PREPARE
3442,13.4453125,0.2577,3.1645,-4.321,3.9718,1,PREPARE
3443,13.44921875,-1.1727,3.7939,-2.9665,2.4918,1,PREPARE
3444,13.453125,-0.6148,5.7758,-3.4338,4.5428,1,PREPARE
3445,13.45703125,-0.6257,5.9352,-3.1653,4.7228,1,PREPARE
3446,13.4609375,-3.8631,5.3481,-3.4499,-1.2312,1,PREPARE
3447,13.46484375,-3.4619,4.403,-4.1101,6.0242,1,PREPARE
3448,13.46875,-5.8861,5.9785,-0.1767,3.1202,1,PREPARE
3449,13.47265625,-2.3208,1.8952,1.3515,0.251,1,PREPARE
3450,13.4765625,-5.1039,-1.2042,4.3779,-1.0851,1,PREPARE
3451,13.48046875,-4.8206,2.7422,2.7479,-1.8422,1,PREPARE
3452,13.484375,-0.939,-0.5313,5.9592,-3.8315,1,PREPARE
3453,13.48828125,-6.3739,-2.5505,4.4248,-4.7168,1,PREPARE
3454,13.4921875,-0.6399,-7.6196,3.4712,-3.5229,1,PREPARE
3455,13.49609375,-3.2835,-4.6862,6.3933,-5.6451,1,PREPARE
3456,13.5,-1.0781,-7.758,5.1277,-3.1915,1,PREPARE
3457,13.50390625,2.2596,-5.1773,6.4225,-9.2194,1,PREPARE
3458,13.5078125,4.2488,-8.6266,2.8416,-2.215,1,PREPARE
3459,13.51171875,4.5461,-4.1159,2.5205,-7.863,1,PREPARE
3460,13.515625,5.1232,-0.9347,1.0406,-3.6629,1,PREPARE
3461,13.51953125,1.9398,-2.6115,2.2132,-0.0197,1,PREPARE
3462,13.5234375,7.2459,-0.9224,1.4778,-0.9512,1,PREPARE
3463,13.52734375,1.1508,-5.1071,-3.0583,-0.1297,1,PREPARE
3464,13.53125,5.9458,-3.1679,-4.6249,5.0804,1,PREPARE
3465,13.53515625,7.2116,-0.9019,-8.5031,3.9447,1,PREPARE
3466,13.5390625,3.0275,0.39,-7.5197,1.4339,1,PREPARE
3467,13.54296875,-0.4294,7.0016,-4.4417,5.4126,1,PREPARE
3468,13.546875,1.0177,3.1717,-2.0656,3.5859,1,PREPARE
3469,13.55078125,1.3849,5.8497,-3.544,2.2335,1,PREPARE
3470,13.5546875,0.7261,7.9026,-4.9467,2.6601,1,PREPARE
3471,13.55859375,-0.651,2.3508,-3.518,6.1304,1,PREPARE
3472,13.5625,-3.7314,3.6189,-1.1861,2.6706,1,PREPARE
3473,13.56640625,-4.3649,2.3763,-2.4368,1.6391,1,PREPARE
3474,13.5703125,-3.4041,3.4731,-2.8296,2.3038,1,PREPARE
3475,13.57421875,-7.3093,0.6106,0.1982,1.3958,1,PREPARE
3476,13.578125,-4.7743,0.9,-1.6228,-1.1106,1,PREPARE
3477,13.58203125,-3.2601,-3.7187,1.9252,-5.5931,1,PREPARE
3478,13.5859375,-5.7118,-0.8772,5.8868,-2.8385,1,PREPARE
3479,13.58984375,-1.0956,-3.718,3.1888,-3.0919,1,PREPARE
3480,13.59375,1.1234,-9.2055,4.318,-4.757,1,PREPARE
3481,13.59765625,0.8038,-5.148,5.2093,-4.9207,1,PREPARE
3482,13.6015625,1.7867,-3.8049,6.3899,-0.2649,1,PREPARE
3483,13.60546875,5.1282,-3.5121,0.2075,-2.0632,1,PREPARE
3484,13.609375,2.8671,-4.4388,4.9053,-4.1576,1,PREPARE
3485,13.61328125,2.1372,-3.4606,2.5771,-4.1292,1,PREPARE
3486,13.6171875,2.4691,-5.7283,-1.8242,-2.7625,1,PREPARE
3487,13.62109375,5.5943,-3.3207,1.6524,-0.5224,1,PREPARE
3488,13.625,5.766,-1.1296,1.2035,1.0756,1,PREPARE
3489,13.62890625,3.9438,0.7518,-2.196,5.7374,1,PREPARE
3490,13.6328125,3.6361,-0.4072,-3.0639,4.126,1,PREPARE
3491,13.63671875,5.4846,0.6086,-2.5006,3.8034,1,PREPARE
3492,13.640625,2.8614,6.4809,-3.4984,2.8924,1,PREPARE
3493,13.64453125,1.3813,6.0898,-6.7463,6.0358,1,PREPARE
3494,13.6484375,-1.1497,1.3264,-6.7508,6.668,1,PREPARE
3495,13.65234375,-1.8334,3.9405,-6.0154,1.9271,1,PREPARE
3496,13.65625,-6.8563,5.7129,-5.3753,1.8674,1,PREPARE
3497,13.66015625,-3.5429,2.3795,-5.0935,4.9013,1,PREPARE
3498,13.6640625,-5.906,5.9243,-4.0013,3.6814,1,PREPARE
3499,13.66796875,-5.8488,2.178,1.1475,-0.3002,1,PREPARE
3500,13.671875,-0.6307,2.6254,-2.4107,-2.898,1,PREPARE
3501,13.67578125,-5.647,2.5618,0.7148,-4.3377,1,PREPARE
3502,13.6796875,-6.5183,-0.5118,-1.5257,-3.7553,1,PREPARE
3503,13.68359375,-2.6947,-7.2551,4.7334,-4.465,1,PREPARE
3504,13.6875,-3.1669,-3.4257,5.2042,-7.6343,1,PREPARE
3505,13.69140625,-4.2698,-5.2203,5.1076,-9.9203,1,PREPARE
3506,13.6953125,-1.2882,-4.6639,2.146,-4.5497,1,PREPARE
3507,13.69921875,0.4498,-7.3642,3.3568,-7.896,1,PREPARE
3508,13.703125,-1.4742,-2.5071,3.8482,-2.674,1,PREPARE
3509,13.70703125,1.3765,-4.0797,4.2953,-2.3099,1,PREPARE
3510,13.7109375,5.8955,-3.1358,1.3013,2.8481,1,PREPARE
3511,13.71484375,4.3336,-3.6083,5.8788,-0.2376,1,PREPARE
3512,13.71875,6.4576,-2.2296,0.5918,-0.9294,1,PREPARE
3513,13.72265625,6.2969,-1.5054,-1.1631,2.6872,1,PREPARE
3514,13.7265625,5.3499,-3.5373,-0.3081,1.9502,1,PREPARE
3515,13.73046875,4.6693,1.5711,-3.797,1.4425,1,PREPARE
3516,13.734375,2.4247,1.9437,-1.6652,3.9561,1,PREPARE
3517,13.73828125,0.1715,4.2153,-5.8758,3.5864,1,PREPARE
3518,13.7421875,0.8086,5.2423,-3.6453,4.8358,1,PREPARE
3519,13.74609375,-0.2944,2.6178,-2.7784,8.1697,1,PREPARE
3520,13.75,1.3452,2.0081,-5.718,4.9505,1,PREPARE
3521,13.75390625,-1.3219,3.1389,-5.09,-0.1768,1,PREPARE
3522,13.7578125,-5.6582,6.2243,-6.6577,1.1433,1,PREPARE
3523,13.76171875,-5.7738,-0.0402,-0.6693,-0.6887,1,PREPARE
3524,13.765625,-4.3031,2.6078,-7.1345,-0.7714,1,PREPARE
3525,13.76953125,-3.7206,3.3799,-4.4661,-1.5879,1,PREPARE
3526,13.7734375,-7.0973,-0.1405,-3.2498,-1.9352,1,PREPARE
3527,13.77734375,0.0701,1.707,0.0453,-6.4881,1,PREPARE
3528,13.78125,-5.0721,-1.0038,2.1283,-3.424,1,PREPARE
3529,13.78515625,-3.7873,-2.1396,0.9163,-5.4367,1,PREPARE
3530,13.7890625,-4.4258,-7.988,1.7619,-3.93,1,PREPARE
3531,13.79296875,1.1291,-7.585,2.4164,-2.6388,1,PREPARE
3532,13.796875,-3.0265,-5.0809,1.4724,-6.162,1,PREPARE
3533,13.80078125,-2.2281,-6.305,4.2573,-1.5012,1,PREPARE
3534,13.8046875,-0.1771,0.6959,3.2378,-4.6299,1,PREPARE
3535,13.80859375,3.1577,-3.1314,3.3264,-0.6313,1,PREPARE
3536,13.8125,3.7482,-4.6259,0.3519,1.7202,1,PREPARE
3537,13.81640625,5.7535,-2.4521,3.6625,-0.2466,1,PREPARE
3538,13.8203125,6.2004,-2.8859,2.7628,3.1307,1,PREPARE
3539,13.82421875,7.3772,0.0669,1.5838,6.0682,1,PREPARE
3540,13.828125,7.1113,1.5873,1.2343,4.5873,1,PREPARE
3541,13.83203125,3.0563,2.8546,-0.3213,5.5696,1,PREPARE
3542,13.8359375,4.7958,0.4519,-1.2764,5.8931,1,PREPARE
3543,13.83984375,5.0953,5.1318,-5.4055,7.1558,1,PREPARE
3544,13.84375,-0.9998,6.3801,-1.3751,4.6461,1,PREPARE
3545,13.84765625,1.079,7.1548,-4.6382,-1.6048,1,PREPARE
3546,13.8515625,1.9839,0.8861,-6.599,5.0516,1,PREPARE
3547,13.85546875,-0.9452,9.3047,0.3102,2.4723,1,PREPARE
3548,13.859375,-3.2788,4.6257,-4.8817,5.3032,1,PREPARE
3549,13.86328125,-2.3476,7.5823,1.0378,0.3515,1,PREPARE
3550,13.8671875,-5.7418,2.3734,-2.9085,-2.8269,1,PREPARE
3551,13.87109375,-6.1982,3.7057,-0.6332,-0.4862,1,PREPARE
3552,13.875,-2.2909,-0.5702,-1.918,-3.277,1,PREPARE
3553,13.87890625,-4.8392,0.5547,-0.1809,-3.7461,1,PREPARE
3554,13.8828125,-6.4371,-2.2552,1.5883,-7.2592,1,PREPARE
3555,13.88671875,-2.7855,-5.1925,2.584,-4.8779,1,PREPARE
3556,13.890625,-3.3139,-3.3919,0.6406,-2.9271,1,PREPARE
3557,13.89453125,-1.5495,-3.9275,0.0498,0.3794,1,PREPARE
3558,13.8984375,-1.5217,-3.7913,5.0867,-5.3909,1,PREPARE
3559,13.90234375,3.1405,-4.2026,3.068,-3.0958,1,PREPARE
3560,13.90625,1.3463,-8.9664,6.3509,-0.0773,1,PREPARE
3561,13.91015625,7.1274,-5.0764,3.3805,1.2147,1,PREPARE
3562,13.9140625,5.5169,-0.4165,2.8872,-0.4724,1,PREPARE
3563,13.91796875,7.5947,-2.1509,1.2491,3.3937,1,PREPARE
3564,13.921875,4.5137,4.2904,1.1036,2.0861,1,PREPARE
3565,13.92578125,6.4442,1.3159,1.1125,7.301,1,PREPARE
3566,13.9296875,8.4107,6.0098,1.1871,4.6049,1,PREPARE
3567,13.93359375,4.2205,6.0497,-2.7609,8.5069,1,PREPARE
3568,13.9375,5.146,4.6576,-4.6281,3.6346,1,PREPARE
3569,13.94140625,0.4644,5.0474,-5.2717,5.168,1,PREPARE
3570,13.9453125,0.5778,9.0016,-2.6184,1.4973,1,PREPARE
3571,13.94921875,1.3499,6.0493,-3.3397,-1.7269,1,PREPARE
3572,13.953125,0.3304,5.8792,-2.5152,-0.7597,1,PREPARE
3573,13.95703125,-3.4164,1.3039,-5.646,-2.9686,1,PREPARE
3574,13.9609375,-0.3228,2.7694,-5.7257,-1.0688,1,PREPARE
3575,13.96484375,-2.4991,3.3274,-4.7534,-1.6953,1,PREPARE
3576,13.96875,-7.0196,1.0436,-1.5701,-4.4169,1,PREPARE
3577,13.97265625,-3.0233,0.3613,-1.5261,-5.2158,1,PREPARE
3578,13.9765625,-5.5488,-3.3537,-1.3234,-5.4241,1,PREPARE
3579,13.98046875,-7.3824,-0.3879,2.854,-5.9728,1,PREPARE
3580,13.984375,-0.7941,-3.6056,3.6619,-4.6569,1,PREPARE
3581,13.98828125,-3.7998,-8.2181,1.8395,-0.2842,1,PREPARE
3582,13.9921875,-0.9339,-1.9715,1.7966,-2.1855,1,PREPARE
3583,13.99609375,-1.1493,-4.0356,5.3835,0.3873,1,PREPARE
3584,14.0,-3.2091,-5.3567,2.4691,0.5493,1,PREPARE
3585,14.00390625,3.1987,-3.5313,7.9802,1.1058,1,PREPARE
3586,14.0078125,2.3345,-2.6956,5.4258,1.925,1,PREPARE
3587,14.01171875,4.9313,-2.3402,4.3522,5.4868,1,PREPARE
3588,14.015625,3.4013,0.6387,5.939,4.8637,1,PREPARE
3589,14.01953125,7.5576,0.5416,2.3482,1.6144,1,PREPARE
3590,14.0234375,2.8052,-0.8094,4.9668,6.7795,1,PREPARE
3591,14.02734375,11.1416,2.5201,-0.8153,6.6759,1,PREPARE
3592,14.03125,5.2822,3.6761,-0.1712,4.852,1,PREPARE
3593,14.03515625,5.2182,4.6515,2.6535,4.7528,1,PREPARE
3594,14.0390625,4.8195,4.2961,-3.3192,1.5121,1,PREPARE
3595,14.04296875,3.2181,5.9863,-1.0774,6.6184,1,PREPARE
3596,14.046875,4.163,3.9226,-1.3136,2.2541,1,PREPARE
3597,14.05078125,-1.9552,5.6991,-1.8786,0.0001,1,PREPARE
3598,14.0546875,0.1055,6.4415,-7.7153,-0.4668,1,PREPARE
3599,14.05859375,-1.7683,2.8759,-6.1908,-4.8046,1,PREPARE
3600,14.0625,-6.2692,0.2535,-5.3462,-0.863,1,PREPARE
3601,14.06640625,-6.3212,-4.1266,-5.7805,-5.089,1,PREPARE
3602,14.0703125,-3.936,0.2224,-3.5454,-6.9657,1,PREPARE
3603,14.07421875,-3.9556,1.3441,-1.2704,-3.7941,1,PREPARE
3604,14.078125,-2.5631,-1.9318,1.1449,-3.3748,1,PREPARE
3605,14.08203125,-6.0799,-7.22,3.5556,-1.9141,1,PREPARE
3606,14.0859375,-5.7957,-1.6884,0.642,0.6599,1,PREPARE
3607,14.08984375,-2.0829,-3.1711,4.2629,-1.5609,1,PREPARE
3608,14.09375,-3.1476,-5.5125,3.9074,-3.9676,1,PREPARE
3609,14.09765625,-1.5778,-0.5087,4.2456,3.5235,1,PREPARE
3610,14.1015625,-2.7093,-5.8684,2.8926,3.9973,1,PREPARE
3611,14.10546875,-1.0107,-3.8722,4.1246,3.4437,1,PREPARE
3612,14.109375,3.0393,-5.0365,6.2774,5.0272,1,PREPARE
3613,14.11328125,1.3765,-2.6312,6.1515,3.3996,1,PREPARE
3614,14.1171875,2.9814,1.2559,3.3377,5.941,1,PREPARE
3615,14.12109375,3.7723,1.5934,2.8266,5.9802,1,PREPARE
3616,14.125,5.1284,1.678,1.4782,5.7879,1,PREPARE
3617,14.12890625,2.2984,4.8297,1.2745,4.2118,1,PREPARE
3618,14.1328125,3.2638,5.8013,-2.7666,0.9846,1,PREPARE
3619,14.13671875,3.2563,1.6581,-3.6539,2.8881,1,PREPARE
3620,14.140625,5.4212,4.5316,-3.0986,-0.6627,1,PREPARE
3621,14.14453125,1.5263,3.7124,-1.1466,2.2879,1,PREPARE
3622,14.1484375,2.5591,2.8846,-2.6502,0.8303,1,PREPARE
3623,14.15234375,1.9125,3.7675,-4.6317,-5.2501,1,PREPARE
3624,14.15625,-0.5506,4.5046,-4.97,-2.5404,1,PREPARE
3625,14.16015625,-5.6455,-1.5677,-3.8682,-5.2484,1,PREPARE
3626,14.1640625,-2.9531,0.2156,-4.1769,-6.9583,1,PREPARE
3627,14.16796875,-4.1747,2.0403,0.2088,-2.6112,1,PREPARE
3628,14.171875,-2.6018,1.1993,-2.1391,-6.7436,1,PREPARE
3629,14.17578125,-4.7568,-4.3643,-3.3068,-3.1649,1,PREPARE
3630,14.1796875,-2.9259,-3.6567,-0.4905,-1.3186,1,PREPARE
3631,14.18359375,-4.4239,-3.8462,0.2335,-2.1632,1,PREPARE
3632,14.1875,0.7697,-6.5144,3.245,-3.1878,1,PREPARE
3633,14.19140625,-0.4055,-4.3226,0.0507,3.577,1,PREPARE
3634,14.1953125,2.6718,-8.46,0.3944,0.1522,1,PREPARE
3635,14.19921875,-1.4499,-0.7852,8.7871,3.1939,1,PREPARE
3636,14.203125,1.0197,-2.8647,4.1664,3.7356,1,PREPARE
3637,14.20703125,1.2151,-3.3475,5.0843,4.3649,1,PREPARE
3638,14.2109375,7.0912,1.7306,6.9805,4.7212,1,PREPARE
3639,14.21484375,-0.1377,2.6584,3.3449,6.2379,1,PREPARE
3640,14.21875,4.671,-0.6981,6.4019,4.7983,1,PREPARE
3641,14.22265625,4.4572,3.9854,4.1158,8.1552,1,PREPARE
3642,14.2265625,5.4648,2.1938,0.7533,2.3822,1,PREPARE
3643,14.23046875,5.1888,2.3718,-0.2882,4.1024,1,PREPARE
3644,14.234375,5.186,5.7404,2.6362,2.4846,1,PREPARE
3645,14.23828125,2.0145,2.2759,0.0482,-1.58,1,PREPARE
3646,14.2421875,3.5544,3.8964,0.4833,-3.4934,1,PREPARE
3647,14.24609375,2.7968,4.8317,-0.4952,0.1562,1,PREPARE
3648,14.25,0.0059,4.9604,-3.6737,-1.9428,1,PREPARE
3649,14.25390625,-4.4019,6.016,-1.6733,-3.8278,1,PREPARE
3650,14.2578125,-1.681,3.2444,-5.0234,-7.3128,1,PREPARE
3651,14.26171875,-5.2989,0.1932,-6.8446,-6.3875,1,PREPARE
3652,14.265625,-1.9493,-0.7474,-2.6829,-9.2545,1,PREPARE
3653,14.26953125,-5.6704,-3.2566,-3.2132,-4.7951,1,PREPARE
3654,14.2734375,-5.0649,-4.7086,-3.444,-4.007,1,PREPARE
3655,14.27734375,-2.5002,-1.1814,-4.4969,-4.9602,1,PREPARE
3656,14.28125,-8.2588,-6.1871,-0.3343,-2.3509,1,PREPARE
3657,14.28515625,-3.8034,-8.3588,-4.2812,-1.0389,1,PREPARE
3658,14.2890625,-5.2864,-5.8478,3.0525,4.0826,1,PREPARE
3659,14.29296875,-3.9386,-4.8833,2.6382,4.0906,1,PREPARE
3660,14.296875,1.2303,-8.2277,2.6733,1.0086,1,PREPARE
3661,14.30078125,1.2889,-3.7148,3.3757,4.1569,1,PREPARE
3662,14.3046875,2.391,-2.263,4.8023,5.9504,1,PREPARE
3663,14.30859375,-0.6193,-0.5715,4.1819,6.288,1,PREPARE
3664,14.3125,5.1353,-0.1502,6.2399,5.6437,1,PREPARE
3665,14.31640625,3.0794,-1.0023,5.3043,6.6919,1,PREPARE
3666,14.3203125,6.3686,1.9769,6.0354,3.0634,1,PREPARE
3667,14.32421875,5.6469,1.7741,4.0083,1.7087,1,PREPARE
3668,14.328125,3.7796,6.2544,1.8981,0.7227,1,PREPARE
3669,14.33203125,1.9665,4.1822,-2.475,-2.5362,1,PREPARE
3670,14.3359375,5.937,5.8084,-0.1005,-2.7937,1,PREPARE
3671,14.33984375,2.06,5.9245,-0.892,-0.284,1,PREPARE
3672,14.34375,1.4897,1.6414,-5.7552,-0.7309,1,PREPARE
3673,14.34765625,1.2461,0.4583,-4.6664,-5.5594,1,PREPARE
3674,14.3515625,1.2639,3.1819,-5.1082,-2.6103,1,PREPARE
3675,14.35546875,-0.9613,4.3984,-4.5837,-5.6277,1,PREPARE
3676,14.359375,-3.4755,4.2995,-2.4137,-5.7759,1,PREPARE
3677,14.36328125,-4.0362,1.1521,-1.0001,0.6758,1,PREPARE
3678,14.3671875,-3.8001,-0.899,-1.3924,-5.0797,1,PREPARE
3679,14.37109375,-5.5827,-4.8687,-5.5207,-1.0768,1,PREPARE
3680,14.375,0.8322,-3.1022,-4.9428,-1.021,1,PREPARE
3681,14.37890625,-1.3591,-5.2429,-1.8173,-2.0066,1,PREPARE
3682,14.3828125,-4.2415,-3.9311,-3.3011,-0.689,1,PREPARE
3683,14.38671875,-5.4004,-5.0355,2.9463,-0.2525,1,PREPARE
3684,14.390625,-2.7573,-4.3392,1.3167,2.088,1,PREPARE
3685,14.39453125,-4.9828,-2.7733,7.2058,2.0721,1,PREPARE
3686,14.3984375,1.3174,-2.1493,6.4901,2.4948,1,PREPARE
3687,14.40234375,1.3357,-3.5126,2.3243,7.9971,1,PREPARE
3688,14.40625,5.597,-0.446,6.2338,3.8576,1,PREPARE
3689,14.41015625,3.0877,1.0412,2.3501,3.3655,1,PREPARE
3690,14.4140625,3.4982,0.6776,8.8605,8.263,1,PREPARE
3691,14.41796875,5.6626,3.5106,4.8731,6.0888,1,PREPARE
3692,14.421875,0.1304,1.4059,5.2123,2.1342,1,PREPARE
3693,14.42578125,4.4768,4.7822,-0.8604,2.8815,1,PREPARE
3694,14.4296875,6.3349,3.1272,2.038,-0.2406,1,PREPARE
3695,14.43359375,6.6668,2.7849,1.5887,1.3656,1,PREPARE
3696,14.4375,8.6414,6.0464,3.9042,0.282,1,PREPARE
3697,14.44140625,2.4112,3.813,-3.067,-6.3062,1,PREPARE
3698,14.4453125,1.5609,7.8855,-6.1451,-4.975,1,PREPARE
3699,14.44921875,0.7046,6.9034,-8.1064,-5.9475,1,PREPARE
3700,14.453125,-2.5491,0.5808,-4.9116,-8.8843,1,PREPARE
3701,14.45703125,-1.6219,1.6402,-7.8932,-3.6067,1,PREPARE
3702,14.4609375,-7.2623,1.4712,-6.308,-2.9081,1,PREPARE
3703,14.46484375,-5.2863,1.0353,-5.6255,-2.9494,1,PREPARE
3704,14.46875,-1.4352,-5.1593,-6.0939,-0.4454,1,PREPARE
3705,14.47265625,-5.5636,-2.7506,-4.9607,2.9564,1,PREPARE
3706,14.4765625,-0.0815,-6.1126,-3.112,-1.8912,1,PREPARE
3707,14.48046875,-1.6657,-4.6287,0.9728,1.5836,1,PREPARE
3708,14.484375,-3.9248,-3.8512,-0.9006,4.5871,1,PREPARE
3709,14.48828125,-0.2645,-7.0917,-2.8964,4.9253,1,PREPARE
3710,14.4921875,-1.3164,-4.9514,-0.892,4.2818,1,PREPARE
3711,14.49609375,-2.4302,-2.839,5.5709,6.3227,1,PREPARE
3712,14.5,1.1721,-2.3662,3.3788,6.9827,1,PREPARE
3713,14.50390625,-1.3656,-3.3743,5.3903,4.7468,1,PREPARE
3714,14.5078125,2.0742,-1.9341,6.1499,4.1359,1,PREPARE
3715,14.51171875,3.2095,1.264,3.6198,2.4181,1,PREPARE
3716,14.515625,2.6164,1.6297,5.8056,7.5957,1,PREPARE
3717,14.51953125,4.8038,2.7149,5.4394,2.0419,1,PREPARE
3718,14.5234375,3.8299,2.4256,3.5819,0.495,1,PREPARE
3719,14.52734375,6.051,3.0359,2.2993,-3.2426,1,PREPARE
3720,14.53125,4.8565,0.5908,4.5456,-1.1995,1,PREPARE
3721,14.53515625,2.207,5.8093,1.238,1.5086,1,PREPARE
3722,14.5390625,2.096,6.898,0.8943,-5.1377,1,PREPARE
3723,14.54296875,3.8273,-0.1087,-4.0863,-6.4442,1,PREPARE
3724,14.546875,0.0855,3.5152,-0.422,-4.1178,1,PREPARE
3725,14.55078125,-1.5385,3.3487,-1.3394,-2.9821,1,PREPARE
3726,14.5546875,-3.6864,0.2658,-5.1425,-5.0375,1,PREPARE
3727,14.55859375,-1.5569,0.9009,-2.402,-4.3407,1,PREPARE
3728,14.5625,-3.2066,0.697,-3.9067,-4.8725,1,PREPARE
3729,14.56640625,-3.778,-3.4551,-7.3876,-5.9705,1,PREPARE
3730,14.5703125,-7.7783,-5.0674,-3.4502,-1.576,1,PREPARE
3731,14.57421875,-5.9126,-2.9065,-3.2586,2.2949,1,PREPARE
3732,14.578125,-8.3337,-5.9912,-5.9677,0.4817,1,PREPARE
3733,14.58203125,-6.8485,-4.7815,-7.8872,2.0939,1,PREPARE
3734,14.5859375,-3.4047,-4.9436,0.0043,7.6093,1,PREPARE
3735,14.58984375,-1.3857,-6.0864,1.419,6.8752,1,PREPARE
3736,14.59375,-1.4776,-3.5203,1.7447,4.2119,1,PREPARE
3737,14.59765625,-0.384,-4.3149,2.0835,6.0225,1,PREPARE
3738,14.6015625,2.6115,-3.3727,1.609,7.6265,1,PREPARE
3739,14.60546875,0.832,1.0417,-0.111,3.0079,1,PREPARE
3740,14.609375,3.7619,0.0467,3.8587,2.447,1,PREPARE
3741,14.61328125,5.104,3.5043,2.9866,4.5375,1,PREPARE
3742,14.6171875,8.8054,4.0683,4.0731,0.0297,1,PREPARE
3743,14.62109375,1.8087,0.9174,7.1543,-1.1346,1,PREPARE
3744,14.625,6.8339,1.82,8.7976,-1.6714,1,PREPARE
3745,14.62890625,8.1217,3.0871,3.0035,-5.0293,1,PREPARE
3746,14.6328125,4.265,7.6579,-0.5778,-1.132,1,PREPARE
3747,14.63671875,4.7668,6.6202,2.0849,-4.6701,1,PREPARE
3748,14.640625,4.2785,4.9901,-0.1601,-6.6359,1,PREPARE
3749,14.64453125,-0.7644,6.9064,-1.8144,-2.9425,1,PREPARE
3750,14.6484375,5.7688,0.7884,-5.2864,-3.4707,1,PREPARE
3751,14.65234375,-0.2892,-3.2266,-3.1575,-0.6236,1,PREPARE
3752,14.65625,-6.2832,4.3931,-4.9982,-2.8069,1,PREPARE
3753,14.66015625,-0.3949,-3.0227,-2.6763,-1.2885,1,PREPARE
3754,14.6640625,-5.7336,-0.3425,-5.7545,0.5102,1,PREPARE
3755,14.66796875,-4.9293,-2.5969,-5.3211,-1.7169,1,PREPARE
3756,14.671875,-6.9683,-4.6959,-3.4135,5.645,1,PREPARE
3757,14.67578125,-3.8401,-5.5312,-4.7702,2.4804,1,PREPARE
3758,14.6796875,-5.0522,-7.6785,-4.6282,4.2236,1,PREPARE
3759,14.68359375,-5.5396,-9.527,-4.3342,5.0037,1,PREPARE
3760,14.6875,-1.6137,-3.2651,-6.7463,10.6503,1,PREPARE
3761,14.69140625,-4.3915,-3.8655,-1.2778,8.5923,1,PREPARE
3762,14.6953125,0.5117,-4.2509,3.6172,4.383,1,PREPARE
3763,14.69921875,1.384,-3.1461,1.591,3.5829,1,PREPARE
3764,14.703125,-3.02,-1.4162,-0.919,2.9074,1,PREPARE
3765,14.70703125,0.4746,0.8021,5.8847,1.8011,1,PREPARE
3766,14.7109375,3.9555,3.5073,5.5361,-2.2042,1,PREPARE
3767,14.71484375,1.113,-0.0792,6.5457,-1.4143,1,PREPARE
3768,14.71875,5.6593,5.6281,5.1862,-5.6012,1,PREPARE
3769,14.72265625,8.6187,4.4734,6.4192,-3.8096,1,PREPARE
3770,14.7265625,6.5304,2.9975,3.1457,-4.1448,1,PREPARE
3771,14.73046875,1.5175,9.3516,4.1272,-7.0334,1,PREPARE
3772,14.734375,5.3307,2.7837,2.5363,-2.6974,1,PREPARE
3773,14.73828125,0.5811,5.1908,-0.8872,-5.4513,1,PREPARE
3774,14.7421875,1.9764,4.6213,2.719,-4.7326,1,PREPARE
3775,14.74609375,-0.3042,3.2009,-0.6646,-8.0418,1,PREPARE
3776,14.75,-0.9125,4.6702,-7.3244,-4.2455,1,PREPARE
3777,14.75390625,-0.4778,0.6895,-4.1544,1.4299,1,PREPARE
3778,14.7578125,-0.5627,-4.4316,-1.0959,-3.3184,1,PREPARE
3779,14.76171875,-5.114,-3.6634,-2.9566,-0.1258,1,PREPARE
3780,14.765625,-3.8165,-5.2166,-7.0658,0.852,1,PREPARE
3781,14.76953125,-2.089,-4.441,-7.857,2.5461,1,PREPARE
3782,14.7734375,-4.9096,-2.5384,-2.6889,4.6738,1,PREPARE
3783,14.77734375,-1.4848,-3.2836,-4.6349,6.1309,1,PREPARE
3784,14.78125,-1.6828,-1.5782,-5.3113,4.7592,1,PREPARE
3785,14.78515625,-1.6996,1.5168,-3.5068,0.1301,2,LEFT_MI
3786,14.7890625,-6.2437,-3.1101,-8.3595,4.9218,2,LEFT_MI
3787,14.79296875,-5.0045,-4.5356,-4.7636,6.5511,2,LEFT_MI
3788,14.796875,1.8535,-1.6716,-1.552,4.9514,2,LEFT_MI
3789,14.80078125,3.7382,-1.4588,2.3661,-3.3065,2,LEFT_MI
3790,14.8046875,-2.6168,2.4831,4.3547,0.0378,2,LEFT_MI
3791,14.80859375,1.8417,5.0809,7.7014,3.4421,2,LEFT_MI
3792,14.8125,8.662,2.4326,6.5459,3.7762,2,LEFT_MI
3793,14.81640625,7.6521,5.4317,12.2585,-2.214,2,LEFT_MI
3794,14.8203125,2.3309,2.0301,7.1072,-3.12,2,LEFT_MI
3795,14.82421875,3.2233,-0.1157,3.5457,-5.5845,2,LEFT_MI
3796,14.828125,7.5718,6.094,4.0949,-3.5626,2,LEFT_MI
3797,14.83203125,6.6899,1.9596,10.4094,-4.2646,2,LEFT_MI
3798,14.8359375,0.2279,0.7799,-0.9239,-12.4669,2,LEFT_MI
3799,14.83984375,1.8123,-2.7278,-1.4975,-5.999,2,LEFT_MI
3800,14.84375,5.0513,-2.0776,-1.0027,-7.0146,2,LEFT_MI
3801,14.84765625,-6.8657,2.5231,-4.6026,-0.2227,2,LEFT_MI
3802,14.8515625,0.0021,-3.6317,-4.6855,-3.0146,2,LEFT_MI
3803,14.85546875,2.0428,3.1707,-6.0352,1.8616,2,LEFT_MI
3804,14.859375,-2.3802,-2.8694,-1.6711,1.6031,2,LEFT_MI
3805,14.86328125,-5.0475,1.2748,1.7967,7.5939,2,LEFT_MI
3806,14.8671875,-4.7683,3.4804,-2.3694,6.5374,2,LEFT_MI
3807,14.87109375,-3.8715,2.6802,-3.6846,4.4524,2,LEFT_MI
3808,14.875,-9.0582,-1.7265,-7.7393,6.482,2,LEFT_MI
3809,14.87890625,-6.9717,-5.7547,-13.175,8.4654,2,LEFT_MI
3810,14.8828125,-7.0543,-8.5663,-9.0563,3.0725,2,LEFT_MI
3811,14.88671875,-5.1285,-4.1891,-5.943,1.4993,2,LEFT_MI
3812,14.890625,-4.455,-5.2581,-7.0194,1.3699,2,LEFT_MI
3813,14.89453125,-6.809,0.3904,-6.6652,6.02,2,LEFT_MI
3814,14.8984375,1.1105,0.5673,1.5838,-4.8591,2,LEFT_MI
3815,14.90234375,-1.3841,3.3538,5.2917,-2.3437,2,LEFT_MI
3816,14.90625,3.2242,7.9569,3.2709,2.7406,2,LEFT_MI
3817,14.91015625,7.3316,0.2689,8.6104,5.9824,2,LEFT_MI
3818,14.9140625,6.0304,4.1897,5.0313,-4.1367,2,LEFT_MI
3819,14.91796875,7.097,5.947,9.8451,1.3675,2,LEFT_MI
3820,14.921875,6.2563,6.96,7.6059,-8.8332,2,LEFT_MI
3821,14.92578125,7.3632,-2.7827,9.8207,-2.0371,2,LEFT_MI
3822,14.9296875,-0.6087,2.0365,6.1061,-5.8897,2,LEFT_MI
3823,14.93359375,0.4494,-1.5756,2.0703,-3.2541,2,LEFT_MI
3824,14.9375,1.4564,-1.4154,2.5438,-8.104,2,LEFT_MI
3825,14.94140625,0.1908,-2.2094,-0.9141,-9.2662,2,LEFT_MI
3826,14.9453125,-1.9419,0.2336,-1.0663,-6.858,2,LEFT_MI
3827,14.94921875,3.0147,-2.1695,3.5073,1.2092,2,LEFT_MI
3828,14.953125,1.6417,-2.2205,8.1947,2.6233,2,LEFT_MI
3829,14.95703125,6.0269,4.4915,0.0855,11.59,2,LEFT_MI
3830,14.9609375,-0.4997,2.6541,0.0759,5.3874,2,LEFT_MI
3831,14.96484375,-5.7458,1.5662,1.7966,8.9482,2,LEFT_MI
3832,14.96875,-7.3192,1.3779,-3.0154,7.9423,2,LEFT_MI
3833,14.97265625,-5.5757,0.002,-1.9954,9.1219,2,LEFT_MI
3834,14.9765625,-8.7195,-8.867,-2.222,1.3572,2,LEFT_MI
3835,14.98046875,-4.3752,-1.8957,-5.2077,-1.8157,2,LEFT_MI
3836,14.984375,-7.5973,-2.5102,-13.5464,2.6695,2,LEFT_MI
3837,14.98828125,-2.8289,-0.9002,-5.0589,-1.042,2,LEFT_MI
3838,14.9921875,-1.863,-3.1404,-4.8203,0.2718,2,LEFT_MI
3839,14.99609375,-5.4141,0.0939,-3.433,8.4515,2,LEFT_MI
3840,15.0,-2.263,-0.1496,-4.8081,-3.1194,2,LEFT_MI
3841,15.00390625,4.3987,4.2172,0.4344,-3.882,2,LEFT_MI
3842,15.0078125,10.6673,0.3999,8.0167,-3.7042,2,LEFT_MI
3843,15.01171875,5.3278,6.1508,7.0441,-4.5969,2,LEFT_MI
3844,15.015625,10.201,6.3226,5.1931,-2.9583,2,LEFT_MI
3845,15.01953125,3.003,11.2523,5.3119,-5.187,2,LEFT_MI
3846,15.0234375,7.4694,5.6647,10.0482,-4.0413,2,LEFT_MI
3847,15.02734375,1.9734,2.4845,5.3169,-8.0018,2,LEFT_MI
3848,15.03125,-0.289,0.8186,2.78,-11.145,2,LEFT_MI
3849,15.03515625,-0.7347,-3.6333,4.6231,-3.4145,2,LEFT_MI
3850,15.0390625,-0.4097,-3.6125,1.455,-6.1567,2,LEFT_MI
3851,15.04296875,3.5217,-0.9842,8.4772,-6.9987,2,LEFT_MI
3852,15.046875,-1.2348,0.4434,4.8988,1.4793,2,LEFT_MI
3853,15.05078125,1.1625,-1.1571,-0.3833,-1.1074,2,LEFT_MI
3854,15.0546875,-1.8551,0.5728,-0.1629,5.4051,2,LEFT_MI
3855,15.05859375,-3.2979,1.4301,5.6938,5.6255,2,LEFT_MI
3856,15.0625,-3.0773,2.575,-2.2109,9.3563,2,LEFT_MI
3857,15.06640625,-4.0355,-5.7728,-2.0547,6.733,2,LEFT_MI
3858,15.0703125,-6.8185,1.8166,-7.243,5.7456,2,LEFT_MI
3859,15.07421875,-7.3495,-0.8603,-10.3306,7.0309,2,LEFT_MI
3860,15.078125,-3.5829,-3.3289,-5.9219,2.5995,2,LEFT_MI
3861,15.08203125,-7.1565,-4.7265,-6.8002,-0.6987,2,LEFT_MI
3862,15.0859375,-12.58,-4.2357,-5.2496,-2.9315,2,LEFT_MI
3863,15.08984375,-6.2411,-2.6383,-8.3499,-1.1352,2,LEFT_MI
3864,15.09375,-0.2956,-1.7574,-8.7832,-2.6188,2,LEFT_MI
3865,15.09765625,-2.1296,-2.3473,-2.5027,-2.919,2,LEFT_MI
3866,15.1015625,6.2614,-0.9827,-2.0967,-3.0203,2,LEFT_MI
3867,15.10546875,6.0957,-2.3332,0.618,-2.85,2,LEFT_MI
3868,15.109375,8.3502,0.1364,9.3617,1.7264,2,LEFT_MI
3869,15.11328125,7.3497,6.5477,11.484,-2.4487,2,LEFT_MI
3870,15.1171875,9.4424,0.0128,3.7713,0.9835,2,LEFT_MI
3871,15.12109375,7.7966,-1.9776,1.6715,-3.6996,2,LEFT_MI
3872,15.125,3.8037,0.1977,2.735,-9.3411,2,LEFT_MI
3873,15.12890625,6.6452,5.4834,5.0298,-3.5902,2,LEFT_MI
3874,15.1328125,2.9785,1.6174,4.3238,-4.5275,2,LEFT_MI
3875,15.13671875,6.4819,-2.9654,1.7966,-3.3546,2,LEFT_MI
3876,15.140625,6.8011,-2.5453,-2.1394,-0.2537,2,LEFT_MI
3877,15.14453125,3.957,-3.063,-3.3845,-6.8636,2,LEFT_MI
3878,15.1484375,1.9288,-2.1619,0.3914,-0.8362,2,LEFT_MI
3879,15.15234375,-0.2438,1.593,-0.6766,5.4798,2,LEFT_MI
3880,15.15625,2.928,2.3048,-1.9297,5.3482,2,LEFT_MI
3881,15.16015625,-2.4658,2.9363,0.0894,8.4336,2,LEFT_MI
3882,15.1640625,-1.4242,7.1839,-2.1727,8.526,2,LEFT_MI
3883,15.16796875,-3.2888,0.0105,-4.4823,7.1113,2,LEFT_MI
3884,15.171875,-3.6864,-4.8369,-2.4662,10.558,2,LEFT_MI
3885,15.17578125,-9.0972,-1.0003,-6.1403,6.9711,2,LEFT_MI
3886,15.1796875,-13.4161,-2.9182,-6.6259,-2.3428,2,LEFT_MI
3887,15.18359375,-4.8354,-1.6906,-9.5908,-1.1422,2,LEFT_MI
3888,15.1875,-8.8237,-7.0961,-10.8151,-4.0831,2,LEFT_MI
3889,15.19140625,-4.6149,-2.039,-8.504,-4.5274,2,LEFT_MI
3890,15.1953125,2.2387,-1.4288,-2.7967,-1.7897,2,LEFT_MI
3891,15.19921875,-4.8522,-5.8968,0.2626,-8.7716,2,LEFT_MI
3892,15.203125,1.7618,4.9618,2.1313,-2.2481,2,LEFT_MI
3893,15.20703125,9.4966,5.0732,-0.9545,2.7532,2,LEFT_MI
3894,15.2109375,11.2391,4.071,8.5362,-4.2932,2,LEFT_MI
3895,15.21484375,10.5121,9.3902,6.5302,-1.6023,2,LEFT_MI
3896,15.21875,5.8472,5.8878,6.1907,1.1672,2,LEFT_MI
3897,15.22265625,3.2555,4.7595,6.8602,-0.1821,2,LEFT_MI
3898,15.2265625,6.4588,-0.5161,2.8825,-5.236,2,LEFT_MI
3899,15.23046875,1.7865,-1.3136,0.2004,-1.6255,2,LEFT_MI
3900,15.234375,-0.0669,-1.9824,1.6416,-5.9168,2,LEFT_MI
3901,15.23828125,-2.5369,3.1351,6.051,0.257,2,LEFT_MI
3902,15.2421875,-1.3881,-3.341,2.7599,1.9926,2,LEFT_MI
3903,15.24609375,0.8819,1.8626,5.0939,-2.311,2,LEFT_MI
3904,15.25,-0.3839,-1.9872,2.6263,6.2402,2,LEFT_MI
3905,15.25390625,1.3676,2.3808,4.2274,5.1257,2,LEFT_MI
3906,15.2578125,3.119,-1.7452,4.4791,6.3974,2,LEFT_MI
3907,15.26171875,2.8176,-2.0437,-0.3295,13.5549,2,LEFT_MI
3908,15.265625,-2.3229,3.9498,-5.6687,11.312,2,LEFT_MI
3909,15.26953125,-6.0456,2.7735,0.0517,10.9926,2,LEFT_MI
3910,15.2734375,-4.1487,-5.0594,-6.6793,4.0989,2,LEFT_MI
3911,15.27734375,-9.3284,-5.3649,-5.9994,0.7155,2,LEFT_MI
3912,15.28125,-10.2093,-0.9864,-10.0672,2.8839,2,LEFT_MI
3913,15.28515625,-3.2336,-2.7973,-10.9367,1.1176,2,LEFT_MI
3914,15.2890625,-2.8995,0.1947,-8.4854,-5.6452,2,LEFT_MI
3915,15.29296875,-4.1274,0.395,-8.0407,2.2636,2,LEFT_MI
3916,15.296875,-1.8358,1.2361,-11.1347,-2.7223,2,LEFT_MI
3917,15.30078125,4.2699,4.5737,-3.8629,-5.9376,2,LEFT_MI
3918,15.3046875,4.1189,6.9114,0.7691,-4.3243,2,LEFT_MI
3919,15.30859375,4.7825,9.5542,7.5356,-3.8098,2,LEFT_MI
3920,15.3125,-0.5519,3.4512,10.7215,1.7583,2,LEFT_MI
3921,15.31640625,3.9596,4.8169,4.3253,-4.8288,2,LEFT_MI
3922,15.3203125,7.3649,2.4385,8.6943,-4.787,2,LEFT_MI
3923,15.32421875,6.1525,2.6335,2.0033,-2.8016,2,LEFT_MI
3924,15.328125,4.267,1.3254,10.7003,-6.3386,2,LEFT_MI
3925,15.33203125,1.9567,-2.1468,3.7407,-2.4051,2,LEFT_MI
3926,15.3359375,4.8411,-2.727,-4.1047,-0.5213,2,LEFT_MI
3927,15.33984375,-3.0254,-5.2635,1.4356,3.6132,2,LEFT_MI
3928,15.34375,2.6529,-1.448,4.9987,3.6643,2,LEFT_MI
3929,15.34765625,0.4931,-2.9914,3.7133,6.2322,2,LEFT_MI
3930,15.3515625,1.0251,1.4854,0.2674,6.6057,2,LEFT_MI
3931,15.35546875,-1.2127,-2.1859,2.4375,5.5975,2,LEFT_MI
3932,15.359375,-0.0345,-3.8667,2.3473,13.9023,2,LEFT_MI
3933,15.36328125,-3.7264,-2.2776,0.9146,8.1849,2,LEFT_MI
3934,15.3671875,-3.819,1.6327,-1.6449,5.2676,2,LEFT_MI
3935,15.37109375,-4.3245,-3.251,-5.1549,5.9154,2,LEFT_MI
3936,15.375,-9.9034,-3.8472,-4.8523,3.0739,2,LEFT_MI
3937,15.37890625,-9.1838,0.293,-0.9291,8.6165,2,LEFT_MI
3938,15.3828125,-9.2827,-0.8149,-9.9979,-0.3041,2,LEFT_MI
3939,15.38671875,-10.5241,-4.7818,-10.1502,-5.0881,2,LEFT_MI
3940,15.390625,-3.6093,-5.4406,-7.6658,-7.0976,2,LEFT_MI
3941,15.39453125,-4.1053,-0.1718,-2.6044,-8.5588,2,LEFT_MI
3942,15.3984375,-3.7747,-1.5116,-6.4948,-4.4535,2,LEFT_MI
3943,15.40234375,1.752,3.6298,1.2131,-6.814,2,LEFT_MI
3944,15.40625,5.558,1.1917,-3.2141,-9.6848,2,LEFT_MI
3945,15.41015625,9.0162,3.9716,-0.9678,-5.7867,2,LEFT_MI
3946,15.4140625,12.1472,-0.5537,3.312,-4.0632,2,LEFT_MI
3947,15.41796875,9.1156,1.8362,10.7513,-6.0081,2,LEFT_MI
3948,15.421875,3.382,2.8363,3.229,1.1407,2,LEFT_MI
3949,15.42578125,6.7904,-4.1127,3.9073,5.3325,2,LEFT_MI
3950,15.4296875,5.5628,-3.5786,3.778,0.9045,2,LEFT_MI
3951,15.43359375,5.4695,-6.6626,3.9473,-0.3195,2,LEFT_MI
3952,15.4375,-4.5735,-3.3687,4.8586,3.9865,2,LEFT_MI
3953,15.44140625,-3.113,-6.5133,-1.5724,2.7101,2,LEFT_MI
3954,15.4453125,-2.1282,-0.5571,-0.2941,4.6718,2,LEFT_MI
3955,15.44921875,2.041,-0.8552,10.1997,4.6416,2,LEFT_MI
3956,15.453125,-0.0603,0.3755,3.4141,13.4238,2,LEFT_MI
3957,15.45703125,-2.2117,0.4467,-1.3491,10.7238,2,LEFT_MI
3958,15.4609375,-2.6646,7.9758,7.2778,4.1701,2,LEFT_MI
3959,15.46484375,-1.983,-2.0976,-0.4977,3.0224,2,LEFT_MI
3960,15.46875,-6.2903,-2.5467,-5.5262,4.1362,2,LEFT_MI
3961,15.47265625,-1.8451,-3.3425,-4.3445,3.7388,2,LEFT_MI
3962,15.4765625,-8.6567,0.4222,-3.5676,0.353,2,LEFT_MI
3963,15.48046875,-5.3077,-5.7917,-11.0404,-2.0087,2,LEFT_MI
3964,15.484375,-9.6258,0.8575,-1.621,-9.7471,2,LEFT_MI
3965,15.48828125,-6.4465,-2.079,-0.9968,-6.8311,2,LEFT_MI
3966,15.4921875,-6.2098,3.4497,-6.8801,-7.0465,2,LEFT_MI
3967,15.49609375,-6.0305,2.8591,-8.1457,-7.4959,2,LEFT_MI
3968,15.5,3.9687,0.563,-4.5993,-8.2602,2,LEFT_MI
3969,15.50390625,1.1558,5.3185,1.9983,-8.0163,2,LEFT_MI
3970,15.5078125,4.2599,4.9799,-4.8352,-4.2502,2,LEFT_MI
3971,15.51171875,5.9366,1.3909,-0.556,1.1095,2,LEFT_MI
3972,15.515625,10.1318,9.6606,0.6538,-3.0094,2,LEFT_MI
3973,15.51953125,12.5121,8.6177,6.5803,2.136,2,LEFT_MI
3974,15.5234375,4.8862,-0.2412,7.3705,2.8309,2,LEFT_MI
3975,15.52734375,4.7318,1.98,6.6937,1.3849,2,LEFT_MI
3976,15.53125,-0.2095,-1.7947,4.6933,0.2408,2,LEFT_MI
3977,15.53515625,5.9616,-1.8982,3.1472,3.6071,2,LEFT_MI
3978,15.5390625,6.2987,-5.0626,5.2145,2.6102,2,LEFT_MI
3979,15.54296875,-3.2899,-3.0542,5.2674,3.9555,2,LEFT_MI
3980,15.546875,4.6689,-0.7595,4.33,9.3115,2,LEFT_MI
3981,15.55078125,-2.6915,-3.6487,4.2589,4.4807,2,LEFT_MI
3982,15.5546875,2.0952,-3.3545,-0.3507,4.5351,2,LEFT_MI
3983,15.55859375,-2.13,5.6035,8.366,6.1168,2,LEFT_MI
3984,15.5625,0.3807,7.6318,1.547,5.054,2,LEFT_MI
3985,15.56640625,3.1283,1.8069,3.1383,4.8474,2,LEFT_MI
3986,15.5703125,-3.9066,1.3054,-1.8919,6.1431,2,LEFT_MI
3987,15.57421875,-8.1953,-0.9906,-3.2774,-3.191,2,LEFT_MI
3988,15.578125,-8.5988,-1.907,-2.148,-2.0124,2,LEFT_MI
3989,15.58203125,-3.9059,-7.8703,-13.829,-8.9311,2,LEFT_MI
3990,15.5859375,-6.375,-3.5941,-8.2754,-8.9805,2,LEFT_MI
3991,15.58984375,-7.0,-1.0138,0.4374,-5.1916,2,LEFT_MI
3992,15.59375,-3.0084,4.3895,-4.6068,-9.662,2,LEFT_MI
3993,15.59765625,-4.5618,2.8181,-2.7789,-13.7046,2,LEFT_MI
3994,15.6015625,0.4149,4.465,-0.2813,-7.2733,2,LEFT_MI
3995,15.60546875,1.5404,6.8913,-2.1799,-3.4081,2,LEFT_MI
3996,15.609375,3.6191,3.7147,8.1861,2.5695,2,LEFT_MI
3997,15.61328125,9.4755,9.6988,-0.5342,-3.5437,2,LEFT_MI
3998,15.6171875,7.4004,3.3846,9.3824,1.7654,2,LEFT_MI
3999,15.62109375,4.8123,3.2261,8.7573,-0.5936,2,LEFT_MI
4000,15.625,10.8644,3.028,5.7761,3.4367,2,LEFT_MI
4001,15.62890625,1.6127,-3.4665,2.6403,2.0482,2,LEFT_MI
4002,15.6328125,2.196,-1.1654,-1.1358,-2.0425,2,LEFT_MI
4003,15.63671875,0.8312,-3.9069,7.2739,-2.103,2,LEFT_MI
4004,15.640625,-4.3687,-6.1473,0.2964,-2.2076,2,LEFT_MI
4005,15.64453125,-1.5526,1.2823,5.7811,4.108,2,LEFT_MI
4006,15.6484375,1.2925,-6.6682,0.9925,8.4639,2,LEFT_MI
4007,15.65234375,-2.0196,-1.6856,3.647,4.8862,2,LEFT_MI
4008,15.65625,-4.49,-0.7312,5.9151,6.7161,2,LEFT_MI
4009,15.66015625,0.5389,-0.2664,2.0188,6.4254,2,LEFT_MI
4010,15.6640625,2.7846,1.8738,5.1315,2.6677,2,LEFT_MI
4011,15.66796875,0.9773,0.0152,-4.3601,1.4645,2,LEFT_MI
4012,15.671875,-4.7443,3.8215,-7.7037,1.9941,2,LEFT_MI
4013,15.67578125,-7.5774,-4.7926,-0.6536,4.5106,2,LEFT_MI
4014,15.6796875,-10.3194,-0.2852,-1.1869,-7.8612,2,LEFT_MI
4015,15.68359375,-3.5176,-8.016,-17.4023,-10.6918,2,LEFT_MI
4016,15.6875,-7.7187,-2.2456,-5.2706,-4.173,2,LEFT_MI
4017,15.69140625,-7.8515,-5.807,-14.3986,-9.3098,2,LEFT_MI
4018,15.6953125,-0.318,3.2721,-5.4233,-1.7218,2,LEFT_MI
4019,15.69921875,5.533,-2.353,-5.4259,-0.9391,2,LEFT_MI
4020,15.703125,0.1323,3.4701,0.0874,-3.579,2,LEFT_MI
4021,15.70703125,1.4035,0.7355,-1.1258,-2.5054,2,LEFT_MI
4022,15.7109375,4.569,7.105,1.6789,-2.0381,2,LEFT_MI
4023,15.71484375,2.3227,2.0721,5.9655,-1.5374,2,LEFT_MI
4024,15.71875,6.6961,4.2347,10.2728,4.3694,2,LEFT_MI
4025,15.72265625,3.6174,2.3328,3.7321,3.0746,2,LEFT_MI
4026,15.7265625,5.3599,0.0278,1.9306,5.3819,2,LEFT_MI
4027,15.73046875,4.3733,2.4007,0.4545,-1.3073,2,LEFT_MI
4028,15.734375,2.5358,-4.0946,2.9716,9.1721,2,LEFT_MI
4029,15.73828125,4.1301,-0.8053,-4.0863,9.2392,2,LEFT_MI
4030,15.7421875,0.3365,-4.8908,4.2039,6.2511,2,LEFT_MI
4031,15.74609375,-1.069,2.8858,1.9364,6.0309,2,LEFT_MI
4032,15.75,3.3431,1.5558,9.142,6.2975,2,LEFT_MI
4033,15.75390625,3.6316,-0.9087,6.7671,2.4903,2,LEFT_MI
4034,15.7578125,-2.1154,-1.6727,4.167,6.288,2,LEFT_MI
4035,15.76171875,-0.685,-0.3799,2.7261,1.176,2,LEFT_MI
4036,15.765625,-5.9763,0.7723,6.352,0.4188,2,LEFT_MI
4037,15.76953125,-2.8341,0.7795,0.9938,-1.1718,2,LEFT_MI
4038,15.7734375,-5.8625,-0.4154,-11.4475,0.6309,2,LEFT_MI
4039,15.77734375,-6.369,-2.7906,-6.1882,-12.4494,2,LEFT_MI
4040,15.78125,-13.0775,-6.8789,-8.2618,-8.9883,2,LEFT_MI
4041,15.78515625,-3.5868,-4.7393,-9.332,-10.6073,2,LEFT_MI
4042,15.7890625,-6.6791,1.6995,-10.7495,-6.3738,2,LEFT_MI
4043,15.79296875,-2.8386,0.7815,-9.1554,-8.0247,2,LEFT_MI
4044,15.796875,-0.1972,-0.9788,-0.628,-2.8284,2,LEFT_MI
4045,15.80078125,-4.4887,2.4185,-8.6689,-0.2639,2,LEFT_MI
4046,15.8046875,3.0123,1.1689,-7.4739,1.9585,2,LEFT_MI
4047,15.80859375,5.2136,0.57,-2.5607,4.9998,2,LEFT_MI
4048,15.8125,7.4399,0.0352,1.6841,-1.2566,2,LEFT_MI
4049,15.81640625,8.8247,7.9024,3.6123,5.2029,2,LEFT_MI
4050,15.8203125,7.9687,2.2205,3.0871,5.7475,2,LEFT_MI
4051,15.82421875,4.0393,2.1999,2.3997,9.6602,2,LEFT_MI
4052,15.828125,2.9951,4.4565,9.2112,4.9237,2,LEFT_MI
4053,15.83203125,4.2092,-2.2731,3.823,9.4223,2,LEFT_MI
4054,15.8359375,-2.2614,-1.8938,-1.3406,1.8725,2,LEFT_MI
4055,15.83984375,-2.2677,0.6707,7.7781,4.2046,2,LEFT_MI
4056,15.84375,-4.3865,-4.7647,-0.8366,4.9581,2,LEFT_MI
4057,15.84765625,3.0861,-2.9213,3.1544,0.2752,2,LEFT_MI
4058,15.8515625,6.9606,-0.0377,4.7755,2.5813,2,LEFT_MI
4059,15.85546875,0.0716,1.0118,6.9055,-0.3179,2,LEFT_MI
4060,15.859375,-1.6341,0.9194,1.576,-0.8727,2,LEFT_MI
4061,15.86328125,-2.2353,3.5103,5.3375,8.2107,2,LEFT_MI
4062,15.8671875,-6.4206,2.5002,1.663,-3.0467,2,LEFT_MI
4063,15.87109375,-0.8525,-0.3745,-4.9428,-7.2843,2,LEFT_MI
4064,15.875,-4.9664,-2.5782,-5.8297,-7.4427,2,LEFT_MI
4065,15.87890625,-7.1038,-2.7793,-4.4864,-10.2566,2,LEFT_MI
4066,15.8828125,-6.3044,2.7775,-10.1789,-11.9266,2,LEFT_MI
4067,15.88671875,-10.07,-2.5061,-1.727,-14.6035,2,LEFT_MI
4068,15.890625,-5.9823,-3.0105,-14.9436,-4.46,2,LEFT_MI
4069,15.89453125,-11.2372,-3.5769,0.9288,-8.1518,2,LEFT_MI
4070,15.8984375,-7.0238,-1.7875,-5.5417,-1.0001,2,LEFT_MI
4071,15.90234375,-0.1608,3.4565,-8.5213,0.2379,2,LEFT_MI
4072,15.90625,5.0984,2.6783,-3.5224,3.4444,2,LEFT_MI
4073,15.91015625,11.5509,2.3584,-0.5551,6.5104,2,LEFT_MI
4074,15.9140625,7.3176,2.7616,1.9746,5.3859,2,LEFT_MI
4075,15.91796875,13.4417,6.514,0.4089,9.7063,2,LEFT_MI
4076,15.921875,7.5584,-0.0326,4.1863,5.4145,2,LEFT_MI
4077,15.92578125,5.8921,-2.6908,1.6369,2.5595,2,LEFT_MI
4078,15.9296875,0.3373,-1.238,5.6037,7.3784,2,LEFT_MI
4079,15.93359375,-3.1651,-6.9629,2.2722,1.2376,2,LEFT_MI
4080,15.9375,-1.7275,-6.1874,1.3736,0.9226,2,LEFT_MI
4081,15.94140625,0.7513,-1.5612,0.2366,3.0867,2,LEFT_MI
4082,15.9453125,-2.585,-1.7056,5.7794,6.3009,2,LEFT_MI
4083,15.94921875,2.3409,3.6588,8.4773,-0.429,2,LEFT_MI
4084,15.953125,3.5261,3.1859,2.7322,0.4048,2,LEFT_MI
4085,15.95703125,4.967,-0.2954,2.1006,3.6371,2,LEFT_MI
4086,15.9609375,-1.8213,0.3912,7.2751,3.1007,2,LEFT_MI
4087,15.96484375,-3.0746,6.9273,8.3226,1.4596,2,LEFT_MI
4088,15.96875,-1.3962,0.5682,2.7931,-4.4477,2,LEFT_MI
4089,15.97265625,-9.5216,-2.2009,1.6726,-5.3788,2,LEFT_MI
4090,15.9765625,-8.553,-0.8884,-4.2695,-10.2902,2,LEFT_MI
4091,15.98046875,-6.8846,-1.534,-2.6409,-7.6757,2,LEFT_MI
4092,15.984375,-13.3928,-2.6087,-8.6805,-2.3729,2,LEFT_MI
4093,15.98828125,-4.7965,-0.3627,-9.5668,-7.029,2,LEFT_MI
4094,15.9921875,-6.2047,-4.2628,-9.9151,-3.9784,2,LEFT_MI
4095,15.99609375,1.547,-2.2955,-4.0897,4.08,2,LEFT_MI
4096,16.0,4.6529,0.6634,-5.8226,0.2046,2,LEFT_MI
4097,16.00390625,3.4796,4.0728,-4.6664,-0.449,2,LEFT_MI
4098,16.0078125,2.0483,3.9454,-3.3941,8.251,2,LEFT_MI
4099,16.01171875,2.3692,3.4287,5.1503,12.1747,2,LEFT_MI
4100,16.015625,9.4611,1.1744,2.321,9.4465,2,LEFT_MI
4101,16.01953125,5.5789,6.7377,5.1113,4.4,2,LEFT_MI
4102,16.0234375,9.3177,-0.1372,2.9458,3.8613,2,LEFT_MI
4103,16.02734375,8.048,-0.5604,2.7315,-0.5787,2,LEFT_MI
4104,16.03125,3.8281,1.2916,1.0819,5.377,2,LEFT_MI
4105,16.03515625,-0.8434,-0.3404,5.0662,-0.5813,2,LEFT_MI
4106,16.0390625,5.5471,-3.5062,7.3746,-3.4691,2,LEFT_MI
4107,16.04296875,2.1421,-4.6758,3.1763,0.3746,2,LEFT_MI
4108,16.046875,-2.2157,-0.4392,0.2178,-0.3993,2,LEFT_MI
4109,16.05078125,2.9869,-2.0442,4.1154,2.396,2,LEFT_MI
4110,16.0546875,2.8488,1.5781,8.8627,-0.2657,2,LEFT_MI
4111,16.05859375,-2.5065,1.0152,7.9674,-3.2782,2,LEFT_MI
4112,16.0625,-0.4942,-1.9352,7.4332,-0.2644,2,LEFT_MI
4113,16.06640625,0.5211,5.4783,3.8248,-8.2917,2,LEFT_MI
4114,16.0703125,-6.2669,3.271,1.8798,-5.0345,2,LEFT_MI
4115,16.07421875,-3.1152,-0.0881,1.789,-2.157,2,LEFT_MI
4116,16.078125,-10.8711,0.7097,-1.3293,-4.0262,2,LEFT_MI
4117,16.08203125,-8.9331,-6.875,-7.6524,-6.379,2,LEFT_MI
4118,16.0859375,-9.7597,-5.3665,-11.5413,-5.6703,2,LEFT_MI
4119,16.08984375,-6.2201,-4.5784,-8.5364,-5.2433,2,LEFT_MI
4120,16.09375,-7.1057,0.7562,-7.3149,-4.0794,2,LEFT_MI
4121,16.09765625,-1.1892,2.6304,-8.4789,-1.042,2,LEFT_MI
4122,16.1015625,1.5227,2.8319,-3.434,5.2712,2,LEFT_MI
4123,16.10546875,5.7295,2.625,-0.4913,8.1687,2,LEFT_MI
4124,16.109375,13.8989,3.9003,-4.4535,6.7529,2,LEFT_MI
4125,16.11328125,6.1822,9.3467,-0.8571,6.7219,2,LEFT_MI
4126,16.1171875,11.6792,5.0145,-0.2318,5.3345,2,LEFT_MI
4127,16.12109375,11.7989,7.1897,-2.8243,8.0528,2,LEFT_MI
4128,16.125,3.6631,2.0171,0.1906,-2.3007,2,LEFT_MI
4129,16.12890625,8.5486,-3.818,3.7526,7.9321,2,LEFT_MI
4130,16.1328125,1.0705,-4.4361,-2.9932,3.5678,2,LEFT_MI
4131,16.13671875,-2.6962,-4.8642,4.005,-3.7516,2,LEFT_MI
4132,16.140625,-1.7967,-7.3585,5.7337,-5.4956,2,LEFT_MI
4133,16.14453125,7.6857,-6.1758,2.0542,-9.9416,2,LEFT_MI
4134,16.1484375,2.5548,-0.3916,6.987,2.7491,2,LEFT_MI
4135,16.15234375,2.0818,-2.0923,9.9575,-4.9972,2,LEFT_MI
4136,16.15625,-2.6969,2.3019,4.5869,-2.4282,2,LEFT_MI
4137,16.16015625,-4.5704,7.1925,5.1507,0.4091,2,LEFT_MI
4138,16.1640625,-1.5365,4.5869,2.0241,-0.8171,2,LEFT_MI
4139,16.16796875,-3.5869,1.53,4.1907,-2.0993,2,LEFT_MI
4140,16.171875,-5.0764,5.8646,5.9695,-4.2721,2,LEFT_MI
4141,16.17578125,-5.2518,-0.6667,-1.736,-3.3082,2,LEFT_MI
4142,16.1796875,-5.2699,1.6627,-10.1901,-5.4556,2,LEFT_MI
4143,16.18359375,-7.4883,-3.5437,-7.0489,-5.5561,2,LEFT_MI
4144,16.1875,-7.2326,0.4167,-6.4851,-5.0917,2,LEFT_MI
4145,16.19140625,-4.6578,-6.1454,-6.4302,3.6717,2,LEFT_MI
4146,16.1953125,0.323,-5.3998,-11.1837,-0.6286,2,LEFT_MI
4147,16.19921875,0.3814,3.099,2.724,0.2597,2,LEFT_MI
4148,16.203125,-2.2078,1.0576,-0.2344,1.6212,2,LEFT_MI
4149,16.20703125,5.3848,5.7763,-4.1947,7.2325,2,LEFT_MI
4150,16.2109375,9.6632,4.2736,-3.7641,7.5332,2,LEFT_MI
4151,16.21484375,9.607,0.9517,5.8311,8.5777,2,LEFT_MI
4152,16.21875,13.6343,5.6205,-2.2897,7.2949,2,LEFT_MI
4153,16.22265625,4.0205,4.9985,4.0668,9.9301,2,LEFT_MI
4154,16.2265625,4.1597,-2.1606,3.4955,1.8045,2,LEFT_MI
4155,16.23046875,4.3428,-9.0703,1.8879,2.6205,2,LEFT_MI
4156,16.234375,6.6517,-6.1286,-5.3697,-0.9595,2,LEFT_MI
4157,16.23828125,2.2684,-3.6386,-0.1965,-5.2064,2,LEFT_MI
4158,16.2421875,2.2636,-3.9844,2.4657,-0.67,2,LEFT_MI
4159,16.24609375,-0.0809,-2.02,9.3353,-6.3035,2,LEFT_MI
4160,16.25,-0.074,-4.7261,2.6593,-1.9673,2,LEFT_MI
4161,16.25390625,-1.0278,-2.0509,1.3074,-3.5734,2,LEFT_MI
4162,16.2578125,-2.4969,-3.3574,9.927,-2.5525,2,LEFT_MI
4163,16.26171875,-2.2525,-0.8274,3.4967,-6.7729,2,LEFT_MI
4164,16.265625,-4.1086,1.7887,6.9192,-1.0725,2,LEFT_MI
4165,16.26953125,-8.6465,1.0028,1.7573,-3.4287,2,LEFT_MI
4166,16.2734375,-4.0879,-0.0064,3.2895,-4.6045,2,LEFT_MI
4167,16.27734375,-6.1658,-1.2854,-7.0595,-5.4405,2,LEFT_MI
4168,16.28125,-9.2238,0.5112,-3.7063,-5.8894,2,LEFT_MI
4169,16.28515625,-10.143,1.9338,-9.3514,-3.1507,2,LEFT_MI
4170,16.2890625,-14.5372,-2.3911,-15.1623,3.1816,2,LEFT_MI
4171,16.29296875,-4.671,2.5321,-12.416,-4.3251,2,LEFT_MI
4172,16.296875,-0.7148,4.3213,-4.2225,1.3731,2,LEFT_MI
4173,16.30078125,-0.7251,0.6577,-6.9406,7.0127,2,LEFT_MI
4174,16.3046875,3.8301,7.6598,-3.1856,8.7015,2,LEFT_MI
4175,16.30859375,3.9445,4.2849,-3.6675,8.1896,2,LEFT_MI
4176,16.3125,10.8416,2.7917,-2.6345,3.9866,2,LEFT_MI
4177,16.31640625,9.2419,4.5854,0.3776,7.0062,2,LEFT_MI
4178,16.3203125,4.1711,-1.9384,1.5034,4.8607,2,LEFT_MI
4179,16.32421875,6.9792,-0.5695,-5.9309,3.6932,2,LEFT_MI
4180,16.328125,0.1752,0.8452,5.7156,-3.7086,2,LEFT_MI
4181,16.33203125,0.7146,-5.9777,-3.607,-4.9732,2,LEFT_MI
4182,16.3359375,1.5827,-6.2677,4.7352,-0.914,2,LEFT_MI
4183,16.33984375,3.2911,-8.2718,-2.4859,-10.9834,2,LEFT_MI
4184,16.34375,-2.2345,-11.3053,3.4764,-10.6255,2,LEFT_MI
4185,16.34765625,4.3836,1.5441,6.3789,0.1592,2,LEFT_MI
4186,16.3515625,3.922,-8.7735,9.0719,-0.2599,2,LEFT_MI
4187,16.35546875,-3.6873,0.2369,5.4525,-4.0648,2,LEFT_MI
4188,16.359375,8.342,-3.3641,7.0406,-1.5848,2,LEFT_MI
4189,16.36328125,-0.8703,0.7264,4.8134,0.1088,2,LEFT_MI
4190,16.3671875,-6.3285,2.7599,7.4035,0.0258,2,LEFT_MI
4191,16.37109375,-8.4984,1.6748,-0.1641,-0.7053,2,LEFT_MI
4192,16.375,-9.5747,-2.5965,1.9371,-0.2759,2,LEFT_MI
4193,16.37890625,-3.3379,3.9025,1.7491,-4.6441,2,LEFT_MI
4194,16.3828125,-5.4632,1.0118,2.7614,-1.4369,2,LEFT_MI
4195,16.38671875,-6.7707,-2.352,-6.5411,0.2944,2,LEFT_MI
4196,16.390625,-12.564,-2.1583,-4.2296,2.7034,2,LEFT_MI
4197,16.39453125,-7.8395,-2.6914,-10.5125,3.2556,2,LEFT_MI
4198,16.3984375,-2.5316,2.0963,-7.1772,5.8308,2,LEFT_MI
4199,16.40234375,7.4644,2.6536,-7.835,8.4537,2,LEFT_MI
4200,16.40625,-0.3227,5.9835,-6.5438,10.0563,2,LEFT_MI
4201,16.41015625,2.5481,1.7019,-4.6686,7.1735,2,LEFT_MI
4202,16.4140625,8.2609,-1.3929,5.312,9.4015,2,LEFT_MI
4203,16.41796875,8.1529,4.2645,-4.5784,11.2457,2,LEFT_MI
4204,16.421875,9.5504,-1.8841,-3.9415,-1.0858,2,LEFT_MI
4205,16.42578125,5.8733,-1.1549,-1.7515,-1.7251,2,LEFT_MI
4206,16.4296875,9.4873,-7.6225,-0.5206,-2.2294,2,LEFT_MI
4207,16.43359375,0.5623,-5.1605,1.9231,-1.8434,2,LEFT_MI
4208,16.4375,-0.9018,-7.0417,-0.3199,-9.5877,2,LEFT_MI
4209,16.44140625,-0.3436,-8.8714,5.4749,-4.4559,2,LEFT_MI
4210,16.4453125,-2.2128,-9.7977,4.2703,-11.7701,2,LEFT_MI
4211,16.44921875,-0.6587,-3.118,-2.7413,-7.811,2,LEFT_MI
4212,16.453125,-1.21,-0.505,7.5894,-6.6439,2,LEFT_MI
4213,16.45703125,4.7649,-1.8869,10.0113,0.2046,2,LEFT_MI
4214,16.4609375,-1.4144,-0.3292,6.9867,-2.319,2,LEFT_MI
4215,16.46484375,-0.2577,1.4145,11.2708,2.7313,2,LEFT_MI
4216,16.46875,-0.0316,6.8738,0.6168,1.299,2,LEFT_MI
4217,16.47265625,-6.1925,6.8062,3.9706,3.234,2,LEFT_MI
4218,16.4765625,-6.8485,0.2194,3.8288,1.7059,2,LEFT_MI
4219,16.48046875,-4.4669,-3.3268,-4.4252,-6.0807,2,LEFT_MI
4220,16.484375,-4.4007,-5.9373,-4.9589,-2.5521,2,LEFT_MI
4221,16.48828125,-7.4163,-0.656,-8.1839,-4.3984,2,LEFT_MI
4222,16.4921875,-3.782,1.2375,-5.3269,3.6915,2,LEFT_MI
4223,16.49609375,0.8464,-3.2738,-4.7244,-0.2989,2,LEFT_MI
4224,16.5,-2.8104,0.3845,-5.5764,3.9964,2,LEFT_MI
4225,16.50390625,2.8895,1.2019,-2.8754,6.016,2,LEFT_MI
4226,16.5078125,4.2848,3.5353,-5.9592,7.2616,2,LEFT_MI
4227,16.51171875,5.9688,2.1515,-1.0384,5.6205,2,LEFT_MI
4228,16.515625,4.9982,6.1994,-6.4795,2.7991,2,LEFT_MI
4229,16.51953125,2.3948,1.9384,0.395,3.4472,2,LEFT_MI
4230,16.5234375,11.7544,-1.2043,-4.2268,3.7691,2,LEFT_MI
4231,16.52734375,4.875,0.3705,-2.2606,-1.1278,2,LEFT_MI
4232,16.53125,2.9161,-7.591,-2.9702,-3.2798,2,LEFT_MI
4233,16.53515625,0.5745,0.1198,-1.7749,-4.6274,2,LEFT_MI
4234,16.5390625,-1.3212,-7.5637,-1.2419,-8.8924,2,LEFT_MI
4235,16.54296875,4.3393,-1.7277,5.3924,-8.245,2,LEFT_MI
4236,16.546875,-0.267,-4.6366,4.2203,-4.2415,2,LEFT_MI
4237,16.55078125,-0.5314,1.9831,5.2945,-7.901,2,LEFT_MI
4238,16.5546875,0.1708,2.8396,8.5459,-9.1942,2,LEFT_MI
4239,16.55859375,-3.9578,-2.0946,6.503,-1.4976,2,LEFT_MI
4240,16.5625,-2.0245,2.4929,7.0228,0.2787,2,LEFT_MI
4241,16.56640625,-1.056,4.6075,7.8735,-1.9359,2,LEFT_MI
4242,16.5703125,-4.9875,3.3513,7.0406,5.7011,2,LEFT_MI
4243,16.57421875,-3.0867,1.8254,-2.4147,-1.5357,2,LEFT_MI
4244,16.578125,-5.7692,-4.3689,1.8953,0.0026,2,LEFT_MI
4245,16.58203125,-11.5457,5.636,-0.3326,2.1521,2,LEFT_MI
4246,16.5859375,-10.98,-3.8871,-1.9138,1.6053,2,LEFT_MI
4247,16.58984375,-7.5869,5.179,-9.08,2.5749,2,LEFT_MI
4248,16.59375,-4.4785,-0.6445,-6.676,4.8619,2,LEFT_MI
4249,16.59765625,-0.4488,5.8139,-7.725,3.0312,2,LEFT_MI
4250,16.6015625,-0.4317,3.2171,-8.7454,4.3554,2,LEFT_MI
4251,16.60546875,7.8253,1.5491,-2.9368,5.2354,2,LEFT_MI
4252,16.609375,8.7624,7.3599,1.5284,-1.2159,2,LEFT_MI
4253,16.61328125,11.0649,4.2125,-2.1077,2.7914,2,LEFT_MI
4254,16.6171875,3.7709,0.4903,-0.0532,1.9344,2,LEFT_MI
4255,16.62109375,10.3371,2.5115,1.2092,1.3768,2,LEFT_MI
4256,16.625,5.7104,-4.6536,-2.9068,-5.0793,2,LEFT_MI
4257,16.62890625,3.8624,0.7275,-8.96,-3.4462,2,LEFT_MI
4258,16.6328125,4.0135,-4.8966,-2.996,-5.853,2,LEFT_MI
4259,16.63671875,1.6884,-0.4533,-4.8741,-11.2142,2,LEFT_MI
4260,16.640625,1.0627,-7.3477,-1.3389,-1.9958,2,LEFT_MI
4261,16.64453125,-0.5645,-2.1944,3.6131,-4.3396,2,LEFT_MI
4262,16.6484375,5.7666,0.7998,3.3453,-9.3651,2,LEFT_MI
4263,16.65234375,4.6023,-0.9083,11.4328,-3.8132,2,LEFT_MI
4264,16.65625,-7.7164,2.7261,9.3136,-3.9761,2,LEFT_MI
4265,16.66015625,-1.3373,-1.2189,9.4691,-0.9568,2,LEFT_MI
4266,16.6640625,2.6762,5.0915,7.2114,-3.7202,2,LEFT_MI
4267,16.66796875,-3.1557,-1.1491,9.8158,1.0876,2,LEFT_MI
4268,16.671875,-6.9943,4.6481,4.0281,8.3885,2,LEFT_MI
4269,16.67578125,-3.6793,-1.9477,-0.0355,-1.2536,2,LEFT_MI
4270,16.6796875,-7.1158,5.3253,0.7258,8.1587,2,LEFT_MI
4271,16.68359375,-14.2334,-0.8544,-2.5217,5.7833,2,LEFT_MI
4272,16.6875,-7.7913,-2.0969,-2.5926,-0.3426,2,LEFT_MI
4273,16.69140625,-10.378,0.2696,-7.9968,1.6654,2,LEFT_MI
4274,16.6953125,-3.3883,2.0081,-5.8834,5.1465,2,LEFT_MI
4275,16.69921875,-1.4698,1.0861,-1.5175,5.3689,2,LEFT_MI
4276,16.703125,5.4802,6.8167,0.3406,5.5347,2,LEFT_MI
4277,16.70703125,8.5184,3.4512,-4.6681,10.3717,2,LEFT_MI
4278,16.7109375,7.3949,4.0169,4.1173,4.6348,2,LEFT_MI
4279,16.71484375,6.4493,-0.2981,2.3369,0.054,2,LEFT_MI
4280,16.71875,7.7637,6.3518,-2.7943,1.9335,2,LEFT_MI
4281,16.72265625,2.2875,-2.1325,-6.3165,-2.7647,2,LEFT_MI
4282,16.7265625,3.511,-3.2994,-0.6996,-7.6393,2,LEFT_MI
4283,16.73046875,1.6069,1.3402,-3.9727,-10.6758,2,LEFT_MI
4284,16.734375,3.6376,-2.0371,4.1665,-8.5916,2,LEFT_MI
4285,16.73828125,-0.1344,-0.4643,0.4379,-8.1698,2,LEFT_MI
4286,16.7421875,-1.3035,1.6456,-1.8966,-10.4376,2,LEFT_MI
4287,16.74609375,0.0386,1.9347,-0.8203,-8.9933,2,LEFT_MI
4288,16.75,-1.4806,0.9542,7.3018,0.9099,2,LEFT_MI
4289,16.75390625,-2.8904,-3.4169,8.1325,-6.945,2,LEFT_MI
4290,16.7578125,-0.1775,10.173,10.3757,1.8882,2,LEFT_MI
4291,16.76171875,-1.0504,8.6368,7.1617,-2.5438,2,LEFT_MI
4292,16.765625,6.6567,5.7711,1.295,1.6216,2,LEFT_MI
4293,16.76953125,-1.9426,5.7707,4.5672,6.3047,2,LEFT_MI
4294,16.7734375,-5.2637,4.0879,2.6035,2.5541,2,LEFT_MI
4295,16.77734375,-6.5999,2.4221,-0.8177,4.0417,2,LEFT_MI
4296,16.78125,-7.7142,-2.7846,3.3268,3.3266,2,LEFT_MI
4297,16.78515625,-8.0805,1.7029,-1.7818,5.3996,2,LEFT_MI
4298,16.7890625,-5.2991,-6.736,-6.6113,-1.2813,2,LEFT_MI
4299,16.79296875,-5.2494,1.5695,-9.8061,2.5883,2,LEFT_MI
4300,16.796875,0.4945,-1.3918,-5.871,0.8047,2,LEFT_MI
4301,16.80078125,-3.2437,4.7177,-8.1966,1.4395,2,LEFT_MI
4302,16.8046875,3.5539,1.3284,-6.2456,6.6357,2,LEFT_MI
4303,16.80859375,7.6832,0.7605,3.0246,0.1102,2,LEFT_MI
4304,16.8125,7.395,1.7417,-2.117,0.9254,2,LEFT_MI
4305,16.81640625,5.7793,6.6696,-2.0037,-4.203,2,LEFT_MI
4306,16.8203125,5.3273,0.7302,-2.6364,0.3461,2,LEFT_MI
4307,16.82421875,5.0978,-5.9137,-4.9998,-0.3588,2,LEFT_MI
4308,16.828125,9.5071,-6.6858,-4.2293,-10.4525,2,LEFT_MI
4309,16.83203125,3.1551,-0.9038,-7.093,-13.0825,2,LEFT_MI
4310,16.8359375,3.3686,-0.3914,-0.6813,-3.4424,2,LEFT_MI
4311,16.83984375,-0.0685,-10.3511,1.1619,-7.4591,2,LEFT_MI
4312,16.84375,-2.5189,-9.4661,1.0815,-6.5756,2,LEFT_MI
4313,16.84765625,-0.4378,-6.0443,3.9843,-6.5487,2,LEFT_MI
4314,16.8515625,-6.6422,-4.4564,2.5205,-4.0054,2,LEFT_MI
4315,16.85546875,1.3506,0.7744,11.228,-2.4676,2,LEFT_MI
4316,16.859375,0.7409,5.6536,10.2115,8.6731,2,LEFT_MI
4317,16.86328125,1.6166,-1.6991,5.8654,9.9858,2,LEFT_MI
4318,16.8671875,-4.335,2.5696,6.7198,5.1711,2,LEFT_MI
4319,16.87109375,-6.2392,7.4004,9.4027,11.7595,2,LEFT_MI
4320,16.875,-6.3678,-4.9493,12.919,9.2188,2,LEFT_MI
4321,16.87890625,-5.3916,3.2822,3.3936,4.5137,2,LEFT_MI
4322,16.8828125,-0.6389,0.2197,-4.4807,-0.6174,2,LEFT_MI
4323,16.88671875,-12.5388,-0.388,-4.1714,1.3098,2,LEFT_MI
4324,16.890625,0.0094,-0.629,-2.537,2.0639,2,LEFT_MI
4325,16.89453125,-2.3099,-1.1432,-2.6696,6.0367,2,LEFT_MI
4326,16.8984375,-0.49,2.0276,1.1689,3.0864,2,LEFT_MI
4327,16.90234375,-0.4965,0.7664,-8.7663,3.6792,2,LEFT_MI
4328,16.90625,7.791,-0.5023,-2.1234,5.2256,2,LEFT_MI
4329,16.91015625,4.0492,0.2879,-4.5825,1.6438,2,LEFT_MI
4330,16.9140625,6.1541,7.8695,-7.8249,1.2183,2,LEFT_MI
4331,16.91796875,10.0615,-2.4737,-1.9427,-0.8271,2,LEFT_MI
4332,16.921875,6.474,-3.1371,-5.7106,-4.7654,2,LEFT_MI
4333,16.92578125,4.9014,-4.7746,-2.4068,-3.6956,2,LEFT_MI
4334,16.9296875,0.8555,1.9158,-3.3578,-11.5396,2,LEFT_MI
4335,16.93359375,6.5854,-8.294,-1.9312,-5.1909,2,LEFT_MI
4336,16.9375,3.6522,-8.1932,-0.2692,-7.557,2,LEFT_MI
4337,16.94140625,-1.2395,-3.5402,-1.1531,-5.4067,2,LEFT_MI
4338,16.9453125,-4.448,1.1466,-1.5276,-0.0043,2,LEFT_MI
4339,16.94921875,-0.1541,-5.645,1.9095,0.2622,2,LEFT_MI
4340,16.953125,-7.9198,-3.6432,4.3262,4.8258,2,LEFT_MI
4341,16.95703125,-4.4571,8.8078,6.8187,5.479,2,LEFT_MI
4342,16.9609375,-0.0884,0.9764,7.2604,14.2113,2,LEFT_MI
4343,16.96484375,1.7419,1.7198,4.8981,9.9633,2,LEFT_MI
4344,16.96875,-4.6681,0.5605,6.4257,6.2856,2,LEFT_MI
4345,16.97265625,-5.3602,-0.8,-3.0712,3.2213,2,LEFT_MI
4346,16.9765625,-7.7268,2.5484,1.9787,4.0698,2,LEFT_MI
4347,16.98046875,-7.7145,-4.1422,5.6374,5.6784,2,LEFT_MI
4348,16.984375,-10.5617,-0.906,-4.7379,-0.0956,2,LEFT_MI
4349,16.98828125,-2.4436,2.9325,-0.674,1.9255,2,LEFT_MI
4350,16.9921875,-2.7204,2.2529,-6.0258,2.8379,2,LEFT_MI
4351,16.99609375,-0.5828,4.0761,0.7624,-1.7505,2,LEFT_MI
4352,17.0,-1.0804,-1.1039,-0.8791,1.8211,2,LEFT_MI
4353,17.00390625,3.5308,2.5955,-5.1762,0.266,2,LEFT_MI
4354,17.0078125,8.466,6.0641,-0.9708,-2.4327,2,LEFT_MI
4355,17.01171875,8.2215,3.1762,-1.0548,-3.4887,2,LEFT_MI
4356,17.015625,5.313,-2.9855,-2.0416,-1.8435,2,LEFT_MI
4357,17.01953125,9.9968,-0.3262,0.9605,1.8382,2,LEFT_MI
4358,17.0234375,4.1838,-5.2437,-0.8054,-6.7957,2,LEFT_MI
4359,17.02734375,5.473,-4.7782,2.6123,-5.8405,2,LEFT_MI
4360,17.03125,0.723,-7.3851,-3.1911,-4.3546,2,LEFT_MI
4361,17.03515625,2.5319,-4.2343,-6.8069,-6.0328,2,LEFT_MI
4362,17.0390625,3.0983,-3.5969,-4.9899,-6.4268,2,LEFT_MI
4363,17.04296875,2.642,-4.4141,3.5503,-9.9165,2,LEFT_MI
4364,17.046875,1.9582,-3.2751,-3.1913,-8.8987,2,LEFT_MI
4365,17.05078125,-1.704,-0.0187,9.4267,-2.2828,2,LEFT_MI
4366,17.0546875,-0.8993,-1.7436,2.8149,1.5334,2,LEFT_MI
4367,17.05859375,2.223,0.9258,9.7851,1.3125,2,LEFT_MI
4368,17.0625,0.4611,2.3424,10.6415,8.0291,2,LEFT_MI
4369,17.06640625,-0.5343,0.3331,9.6608,11.3654,2,LEFT_MI
4370,17.0703125,-1.8057,4.459,5.5528,8.0117,2,LEFT_MI
4371,17.07421875,-5.5975,1.4808,4.0778,4.0648,2,LEFT_MI
4372,17.078125,-6.2904,-0.9058,5.7923,3.7751,2,LEFT_MI
4373,17.08203125,-9.0316,3.5801,0.8799,4.4673,2,LEFT_MI
4374,17.0859375,-8.4843,-1.5947,-4.5639,4.088,2,LEFT_MI
4375,17.08984375,-1.7097,-4.0449,-1.4662,4.8876,2,LEFT_MI
4376,17.09375,-4.7071,0.9757,0.3966,-1.7364,2,LEFT_MI
4377,17.09765625,-1.3566,-0.1623,3.357,-5.3209,2,LEFT_MI
4378,17.1015625,0.1053,-2.9108,1.1969,-0.5873,2,LEFT_MI
4379,17.10546875,6.8035,5.0099,-3.8811,4.4623,2,LEFT_MI
4380,17.109375,6.162,4.2842,-4.229,-1.6181,2,LEFT_MI
4381,17.11328125,5.05,4.4502,-6.0711,-5.0521,2,LEFT_MI
4382,17.1171875,10.9078,-0.0557,-6.1109,-4.6451,2,LEFT_MI
4383,17.12109375,5.1989,-3.3395,-6.3033,-2.6983,2,LEFT_MI
4384,17.125,4.0714,-2.3391,-3.3719,-10.523,2,LEFT_MI
4385,17.12890625,7.6822,-4.0347,-1.1085,-8.1954,2,LEFT_MI
4386,17.1328125,4.3862,1.356,-8.3742,0.4807,2,LEFT_MI
4387,17.13671875,0.0448,-2.7358,-11.2496,-5.6187,2,LEFT_MI
4388,17.140625,-3.775,-5.2889,-12.0819,-6.0858,2,LEFT_MI
4389,17.14453125,-2.1323,-2.5175,1.2841,3.4537,2,LEFT_MI
4390,17.1484375,-0.4243,0.3592,2.4531,1.151,2,LEFT_MI
4391,17.15234375,-0.4221,-0.2525,2.8232,7.9266,2,LEFT_MI
4392,17.15625,0.3829,0.6237,2.2015,2.9057,2,LEFT_MI
4393,17.16015625,-9.1379,5.9984,8.9895,4.8995,2,LEFT_MI
4394,17.1640625,-8.0719,1.1793,11.7298,7.9921,2,LEFT_MI
4395,17.16796875,-0.8,5.0016,5.5661,6.463,2,LEFT_MI
4396,17.171875,-5.8368,4.7059,0.5868,7.28,2,LEFT_MI
4397,17.17578125,-5.7857,2.8913,9.6739,4.9768,2,LEFT_MI
4398,17.1796875,-4.2881,5.7285,0.4504,5.203,2,LEFT_MI
4399,17.18359375,-14.9146,-4.7582,2.2087,-7.1541,2,LEFT_MI
4400,17.1875,-3.5956,1.7869,-2.304,1.0808,2,LEFT_MI
4401,17.19140625,-6.8467,-1.6542,0.2491,-2.7149,2,LEFT_MI
4402,17.1953125,-8.229,-0.7233,1.3348,-7.0226,2,LEFT_MI
4403,17.19921875,0.5368,0.7338,-0.6792,-1.0278,2,LEFT_MI
4404,17.203125,-0.3065,9.186,-6.2605,-6.4569,2,LEFT_MI
4405,17.20703125,6.533,-1.2313,-5.1234,-2.3832,2,LEFT_MI
4406,17.2109375,10.4021,3.0987,-2.1933,-5.2225,2,LEFT_MI
4407,17.21484375,1.7209,0.4382,1.6956,-4.2321,2,LEFT_MI
4408,17.21875,4.8593,2.3288,-9.1718,-0.442,2,LEFT_MI
4409,17.22265625,5.5832,-0.1497,-0.8888,-7.6416,2,LEFT_MI
4410,17.2265625,11.7803,-2.1975,-3.9698,-3.9098,2,LEFT_MI
4411,17.23046875,-1.2905,-5.8961,-2.2807,-7.5581,2,LEFT_MI
4412,17.234375,3.6848,-2.6528,-4.6543,-6.9227,2,LEFT_MI
4413,17.23828125,3.4886,-2.3277,-8.2226,-0.4315,2,LEFT_MI
4414,17.2421875,1.7685,2.341,-0.9352,-1.3058,2,LEFT_MI
4415,17.24609375,5.2522,-0.1533,3.405,5.65,2,LEFT_MI
4416,17.25,-3.0311,0.8672,-0.3762,6.2268,2,LEFT_MI
4417,17.25390625,-0.1589,1.6174,-0.057,6.0666,2,LEFT_MI
4418,17.2578125,1.9286,-3.2893,4.1822,6.1622,2,LEFT_MI
4419,17.26171875,-1.1274,5.2942,5.0492,8.8553,2,LEFT_MI
4420,17.265625,3.835,4.218,13.3133,11.1278,2,LEFT_MI
4421,17.26953125,0.545,8.9214,4.2716,10.2622,2,LEFT_MI
4422,17.2734375,-11.0798,2.394,7.301,7.1969,2,LEFT_MI
4423,17.27734375,-6.3748,0.7524,4.1008,1.0047,2,LEFT_MI
4424,17.28125,-9.0435,-0.64,1.6588,5.1587,2,LEFT_MI
4425,17.28515625,-5.68,3.563,0.5941,-7.7616,2,LEFT_MI
4426,17.2890625,-5.1027,0.5365,0.3257,-7.3421,2,LEFT_MI
4427,17.29296875,-2.7246,-1.8061,-3.3526,-2.2,2,LEFT_MI
4428,17.296875,-2.514,-1.8453,-1.519,-6.9296,2,LEFT_MI
4429,17.30078125,-2.1564,-0.3191,-1.7891,-6.5399,2,LEFT_MI
4430,17.3046875,2.7229,0.6148,-2.4995,-4.5756,2,LEFT_MI
4431,17.30859375,3.619,5.604,-1.2902,-0.6441,2,LEFT_MI
4432,17.3125,4.1052,2.0887,-3.0197,-3.5781,2,LEFT_MI
4433,17.31640625,10.2605,4.168,-3.3034,-0.989,2,LEFT_MI
4434,17.3203125,11.3233,0.8145,-13.0821,-5.1977,2,LEFT_MI
4435,17.32421875,11.9986,-0.9825,-2.5164,-3.4045,2,LEFT_MI
4436,17.328125,3.7822,-7.5031,-8.8219,-3.1873,2,LEFT_MI
4437,17.33203125,2.6088,-0.0209,-7.3937,-6.743,2,LEFT_MI
4438,17.3359375,-1.6987,-6.3239,-8.5534,-0.3908,2,LEFT_MI
4439,17.33984375,7.8497,0.3727,-4.5485,0.6023,2,LEFT_MI
4440,17.34375,0.8035,-2.1614,0.2522,0.7102,2,LEFT_MI
4441,17.34765625,-1.4189,1.1663,-2.9102,3.2438,2,LEFT_MI
4442,17.3515625,2.4248,-2.453,3.0251,5.786,2,LEFT_MI
4443,17.35546875,-0.2462,4.0203,3.8451,10.4472,2,LEFT_MI
4444,17.359375,0.2338,3.7471,3.2502,9.3769,2,LEFT_MI
4445,17.36328125,-2.8186,-0.1778,4.7567,6.5499,2,LEFT_MI
4446,17.3671875,-2.8161,4.3747,6.2831,8.0144,2,LEFT_MI
4447,17.37109375,-8.7818,6.6678,6.8291,-1.9529,2,LEFT_MI
4448,17.375,-8.3807,3.7968,2.7366,-0.679,2,LEFT_MI
4449,17.37890625,-6.8456,2.9439,1.9455,1.4433,2,LEFT_MI
4450,17.3828125,-13.0417,3.0949,5.9874,-1.4334,2,LEFT_MI
4451,17.38671875,-5.6028,-2.9874,-5.5064,-3.7579,2,LEFT_MI
4452,17.390625,-4.5836,-1.8636,0.4565,-8.0755,2,LEFT_MI
4453,17.39453125,-5.4493,-3.8516,1.8867,-6.0974,2,LEFT_MI
4454,17.3984375,1.9694,-0.537,-1.8098,-4.7647,2,LEFT_MI
4455,17.40234375,2.5781,-3.2558,-0.7073,-11.1208,2,LEFT_MI
4456,17.40625,5.4265,3.7533,2.0483,-6.9773,2,LEFT_MI
4457,17.41015625,2.7223,-3.4963,-0.1519,-3.0875,2,LEFT_MI
4458,17.4140625,3.5625,-0.1914,-0.7533,-5.9622,2,LEFT_MI
4459,17.41796875,6.9086,-0.4478,0.366,-6.1678,2,LEFT_MI
4460,17.421875,7.6477,1.5773,-1.7615,1.8338,2,LEFT_MI
4461,17.42578125,9.6024,-6.312,-4.9091,0.8441,2,LEFT_MI
4462,17.4296875,3.5616,-2.2462,-8.7866,-8.3078,2,LEFT_MI
4463,17.43359375,5.1448,-5.556,-6.4311,-6.5595,2,LEFT_MI
4464,17.4375,6.361,-2.5338,-4.987,-4.731,2,LEFT_MI
4465,17.44140625,1.9721,-7.1372,-4.9836,1.728,2,LEFT_MI
4466,17.4453125,3.2779,-4.5198,1.7592,-1.4821,2,LEFT_MI
4467,17.44921875,-1.1362,-7.7519,-1.3091,3.3528,2,LEFT_MI
4468,17.453125,5.2201,-2.9641,5.1396,12.7061,2,LEFT_MI
4469,17.45703125,1.544,6.4394,6.3984,10.9565,2,LEFT_MI
4470,17.4609375,0.6324,2.2547,7.9003,6.9867,2,LEFT_MI
4471,17.46484375,-7.2962,0.2508,11.5365,4.2725,2,LEFT_MI
4472,17.46875,-9.5003,1.1971,7.5773,8.0866,2,LEFT_MI
4473,17.47265625,-2.4258,5.7054,9.7771,7.8116,2,LEFT_MI
4474,17.4765625,-2.6352,2.7157,4.5318,1.5685,2,LEFT_MI
4475,17.48046875,-7.872,1.2207,2.8364,-4.6204,2,LEFT_MI
4476,17.484375,-6.0493,1.3179,2.5322,-3.8449,2,LEFT_MI
4477,17.48828125,-7.1838,-2.4953,-3.276,-4.9233,2,LEFT_MI
4478,17.4921875,-2.8418,-1.2627,1.2263,-9.5813,2,LEFT_MI
4479,17.49609375,-8.5492,0.6352,-3.7308,-8.8601,2,LEFT_MI
4480,17.5,4.8506,3.6113,2.7356,-5.5368,2,LEFT_MI
4481,17.50390625,11.1481,3.7217,-1.5542,-9.4275,2,LEFT_MI
4482,17.5078125,5.6375,2.6649,-3.3871,-9.1452,2,LEFT_MI
4483,17.51171875,9.0455,1.0918,2.7341,1.7309,2,LEFT_MI
4484,17.515625,6.2435,-3.2053,-2.8805,2.5725,2,LEFT_MI
4485,17.51953125,7.9413,3.161,-3.5654,-1.9874,2,LEFT_MI
4486,17.5234375,5.7917,-3.2214,-5.1974,-3.5067,2,LEFT_MI
4487,17.52734375,1.6646,-1.4018,-6.321,1.3586,2,LEFT_MI
4488,17.53125,4.2112,-3.3316,-5.9706,-2.8334,2,LEFT_MI
4489,17.53515625,-1.0496,-0.9286,-3.7555,1.0695,2,LEFT_MI
4490,17.5390625,5.7504,-9.596,-10.6596,1.5103,2,LEFT_MI
4491,17.54296875,-3.4234,0.1319,-2.3561,1.9424,2,LEFT_MI
4492,17.546875,-5.248,-0.9374,-0.5571,5.0076,2,LEFT_MI
4493,17.55078125,1.589,1.0624,-1.5918,3.3087,2,LEFT_MI
4494,17.5546875,2.7498,2.7791,3.4642,9.6891,2,LEFT_MI
4495,17.55859375,0.3712,4.8284,4.7362,5.2847,2,LEFT_MI
4496,17.5625,2.1929,6.1465,4.1616,4.0772,2,LEFT_MI
4497,17.56640625,1.3481,2.8996,10.2149,6.574,2,LEFT_MI
4498,17.5703125,-4.2832,1.5156,4.829,-2.9235,2,LEFT_MI
4499,17.57421875,-6.612,6.2969,6.4969,-0.8622,2,LEFT_MI
4500,17.578125,-8.9615,2.9544,3.7965,-5.3041,2,LEFT_MI
4501,17.58203125,-6.65,2.3141,2.9514,-5.2428,2,LEFT_MI
4502,17.5859375,-6.379,-5.6802,2.7867,-5.1711,2,LEFT_MI
4503,17.58984375,-6.2516,-2.1233,-3.5216,-9.4713,2,LEFT_MI
4504,17.59375,-4.1227,-2.3149,1.0684,-14.6139,2,LEFT_MI
4505,17.59765625,-4.5547,0.936,-1.1262,-1.4483,2,LEFT_MI
4506,17.6015625,2.2746,1.0351,-1.1168,-2.2289,2,LEFT_MI
4507,17.60546875,2.7514,2.022,3.1506,-8.443,2,LEFT_MI
4508,17.609375,9.9047,0.743,4.5286,3.1442,2,LEFT_MI
4509,17.61328125,5.8768,5.38,1.0504,-0.4854,2,LEFT_MI
4510,17.6171875,7.8311,-3.2351,-1.818,2.8985,2,LEFT_MI
4511,17.62109375,4.1563,-6.1426,1.3486,1.1235,2,LEFT_MI
4512,17.625,5.2355,-8.145,-6.7176,2.9231,2,LEFT_MI
4513,17.62890625,8.3911,-1.2395,-8.9376,5.0327,2,LEFT_MI
4514,17.6328125,7.3601,-3.3737,-8.0127,4.8494,2,LEFT_MI
4515,17.63671875,1.0209,-7.188,-9.4572,4.4709,2,LEFT_MI
4516,17.640625,-0.0501,0.7043,-8.4685,-1.7328,2,LEFT_MI
4517,17.64453125,-4.749,-7.3626,-13.4487,2.615,2,LEFT_MI
4518,17.6484375,-0.963,-0.2186,-7.2573,11.407,2,LEFT_MI
4519,17.65234375,4.479,-0.4523,3.6868,5.1589,2,LEFT_MI
4520,17.65625,3.3887,2.3274,7.7421,5.0499,2,LEFT_MI
4521,17.66015625,-2.6555,-1.6444,-0.3115,-2.259,2,LEFT_MI
4522,17.6640625,-6.5986,6.3946,2.5551,7.5182,2,LEFT_MI
4523,17.66796875,-2.3881,12.0041,8.3912,5.8129,2,LEFT_MI
4524,17.671875,-4.9564,3.8865,9.5212,-2.1385,2,LEFT_MI
4525,17.67578125,-7.7748,3.3066,6.8405,-0.9908,2,LEFT_MI
4526,17.6796875,-6.4458,4.0699,6.4788,-6.9605,2,LEFT_MI
4527,17.68359375,-9.8982,0.6936,0.3865,-9.7554,2,LEFT_MI
4528,17.6875,-3.537,1.4163,3.4079,-7.8129,2,LEFT_MI
4529,17.69140625,-7.9254,1.7245,6.6083,-8.0378,2,LEFT_MI
4530,17.6953125,-4.5938,0.9252,0.5518,-8.8457,2,LEFT_MI
4531,17.69921875,-2.2257,0.4479,2.5989,-6.1187,2,LEFT_MI
4532,17.703125,1.6532,-0.5554,1.3936,-5.4638,2,LEFT_MI
4533,17.70703125,3.1405,2.5507,0.5004,0.2268,2,LEFT_MI
4534,17.7109375,6.0916,-1.4688,-0.0786,0.6174,2,LEFT_MI
4535,17.71484375,8.7272,0.0915,3.2478,-1.8853,2,LEFT_MI
4536,17.71875,9.3998,-2.8876,-3.1808,3.627,2,LEFT_MI
4537,17.72265625,11.4899,-2.2893,-4.6156,3.339,2,LEFT_MI
4538,17.7265625,9.1289,-1.0366,-5.8035,5.2291,2,LEFT_MI
4539,17.73046875,-0.9988,-5.7692,-8.7227,4.664,2,LEFT_MI
4540,17.734375,1.3456,-3.7423,-12.6889,3.1322,2,LEFT_MI
4541,17.73828125,0.6551,-3.6814,-11.3722,1.6602,2,LEFT_MI
4542,17.7421875,1.1982,-5.8575,-3.6515,6.7073,2,LEFT_MI
4543,17.74609375,2.1766,-2.3313,-4.1038,-2.9882,2,LEFT_MI
4544,17.75,-3.6593,5.6668,-3.0598,-0.4465,2,LEFT_MI
4545,17.75390625,3.67,2.7696,3.8938,5.429,2,LEFT_MI
4546,17.7578125,-0.3376,7.9403,5.4537,-0.3354,2,LEFT_MI
4547,17.76171875,3.2257,3.8737,6.3478,6.5921,2,LEFT_MI
4548,17.765625,-1.476,6.4508,5.7036,-2.9956,2,LEFT_MI
4549,17.76953125,-1.1212,2.4591,4.8195,0.5743,2,LEFT_MI
4550,17.7734375,-1.0135,3.4388,7.1201,-4.3876,2,LEFT_MI
4551,17.77734375,-2.2479,1.4262,5.8703,-6.8491,2,LEFT_MI
4552,17.78125,-8.6019,2.1966,6.9759,-5.124,2,LEFT_MI
4553,17.78515625,-11.4886,4.257,2.1391,-12.6361,2,LEFT_MI
4554,17.7890625,-7.248,-2.1478,3.9876,-8.8528,2,LEFT_MI
4555,17.79296875,-5.1618,3.7104,4.1298,-8.8817,2,LEFT_MI
4556,17.796875,-2.7633,-1.2015,6.4235,0.7246,2,LEFT_MI
4557,17.80078125,0.5576,-5.0003,-0.4855,-2.8052,2,LEFT_MI
4558,17.8046875,2.4227,6.4388,5.3697,-4.6542,2,LEFT_MI
4559,17.80859375,5.7068,-0.541,4.4077,-0.0143,2,LEFT_MI
4560,17.8125,1.9043,5.3285,0.7176,-0.1734,2,LEFT_MI
4561,17.81640625,6.8648,-0.357,-2.1118,7.0967,2,LEFT_MI
4562,17.8203125,7.5934,2.456,-0.6652,3.253,2,LEFT_MI
4563,17.82421875,6.8591,0.021,-10.7431,8.8263,2,LEFT_MI
4564,17.828125,6.845,-2.9907,-3.9518,6.9986,2,LEFT_MI
4565,17.83203125,6.246,-2.3255,-3.5264,2.0993,2,LEFT_MI
4566,17.8359375,0.1257,-2.2571,-9.335,5.6941,2,LEFT_MI
4567,17.83984375,3.3063,-7.1681,-8.3472,-1.096,2,LEFT_MI
4568,17.84375,-2.6789,-0.0254,-8.6387,2.6931,2,LEFT_MI
4569,17.84765625,1.3709,1.7625,-2.7391,2.8799,2,LEFT_MI
4570,17.8515625,-4.507,-1.0275,3.2459,7.7176,2,LEFT_MI
4571,17.85546875,-0.4834,3.6222,6.2933,1.7246,2,LEFT_MI
4572,17.859375,-3.4258,3.3794,1.3236,5.1071,2,LEFT_MI
4573,17.86328125,-1.2703,4.7687,5.9432,2.1183,2,LEFT_MI
4574,17.8671875,-2.4618,8.0061,6.5789,-0.9382,2,LEFT_MI
4575,17.87109375,-4.8738,-0.414,4.6644,-4.104,2,LEFT_MI
4576,17.875,-7.7093,3.8153,-1.9656,-0.9763,2,LEFT_MI
4577,17.87890625,-4.7358,-4.6112,3.0129,-6.6686,2,LEFT_MI
4578,17.8828125,-8.9357,0.9448,3.276,-6.0328,2,LEFT_MI
4579,17.88671875,-4.2805,-5.2865,6.0191,-11.7945,2,LEFT_MI
4580,17.890625,-3.6319,-3.2477,1.3859,-12.6341,2,LEFT_MI
4581,17.89453125,2.0461,-1.0531,3.4783,-1.7314,2,LEFT_MI
4582,17.8984375,-5.2112,-5.0839,3.869,-4.2606,2,LEFT_MI
4583,17.90234375,7.5505,1.7935,-1.7338,1.3066,2,LEFT_MI
4584,17.90625,0.6109,2.6003,2.0988,0.8895,2,LEFT_MI
4585,17.91015625,6.0784,0.561,7.6705,8.4988,2,LEFT_MI
4586,17.9140625,8.7497,3.2145,0.9222,5.5711,2,LEFT_MI
4587,17.91796875,8.1596,-6.4467,1.017,2.8979,2,LEFT_MI
4588,17.921875,10.53,1.3384,-2.9624,6.6082,2,LEFT_MI
4589,17.92578125,10.8895,-2.0317,-8.2956,5.0539,2,LEFT_MI
4590,17.9296875,5.503,-0.6924,-9.4165,6.8506,2,LEFT_MI
4591,17.93359375,5.1242,-4.9129,-6.1343,3.3848,2,LEFT_MI
4592,17.9375,5.4723,-1.4925,-7.9017,0.882,2,LEFT_MI
4593,17.94140625,3.8909,-8.6607,-6.6163,-0.2639,2,LEFT_MI
4594,17.9453125,2.3052,1.6965,-0.1544,-0.6634,2,LEFT_MI
4595,17.94921875,-1.537,2.9042,-0.7321,-0.1832,2,LEFT_MI
4596,17.953125,6.673,4.6748,-5.8475,2.1464,2,LEFT_MI
4597,17.95703125,-2.2781,3.0984,2.7709,3.7324,2,LEFT_MI
4598,17.9609375,-2.8738,5.3597,5.338,-6.5886,2,LEFT_MI
4599,17.96484375,-0.4192,3.7404,3.4659,-1.6449,2,LEFT_MI
4600,17.96875,-4.5526,1.9028,5.9625,-1.498,2,LEFT_MI
4601,17.97265625,-7.3149,0.8569,9.5172,-1.4994,2,LEFT_MI
4602,17.9765625,-4.1718,0.1957,2.5693,-7.9937,2,LEFT_MI
4603,17.98046875,-11.1655,-3.6559,2.1704,-1.1552,2,LEFT_MI
4604,17.984375,-4.3292,-1.2283,0.6349,-3.6477,2,LEFT_MI
4605,17.98828125,-5.8905,-4.1955,7.0057,-7.5406,2,LEFT_MI
4606,17.9921875,-5.2994,-1.5728,1.3882,-0.4365,2,LEFT_MI
4607,17.99609375,-2.5554,-2.373,4.4981,-3.6928,2,LEFT_MI
4608,18.0,-0.2396,-4.8619,5.6167,-0.8196,2,LEFT_MI
4609,18.00390625,0.7827,-1.704,4.7255,-1.8304,2,LEFT_MI
4610,18.0078125,3.3345,2.5444,4.6745,8.5182,2,LEFT_MI
4611,18.01171875,4.8964,-0.0563,3.349,8.8946,2,LEFT_MI
4612,18.015625,8.5025,1.0282,1.6681,10.8402,2,LEFT_MI
4613,18.01953125,8.1969,0.0064,2.6139,4.4416,2,LEFT_MI
4614,18.0234375,14.0523,-1.5059,-3.5055,11.3857,2,LEFT_MI
4615,18.02734375,3.3976,-3.8792,-5.752,3.3484,2,LEFT_MI
4616,18.03125,0.4234,2.6251,-7.8997,-0.4434,2,LEFT_MI
4617,18.03515625,1.5793,0.3753,-8.5902,3.9369,2,LEFT_MI
4618,18.0390625,4.3937,2.0826,-11.3067,-4.1005,2,LEFT_MI
4619,18.04296875,-2.0323,-3.0496,-7.029,-1.495,2,LEFT_MI
4620,18.046875,-1.1986,4.5759,-7.686,-1.3627,2,LEFT_MI
4621,18.05078125,-4.8919,4.2265,-4.8572,-7.1974,2,LEFT_MI
4622,18.0546875,-0.2105,5.5299,2.2704,3.2661,2,LEFT_MI
4623,18.05859375,0.535,0.9357,1.849,-4.1174,2,LEFT_MI
4624,18.0625,3.4307,2.2184,2.7115,-2.0474,2,LEFT_MI
4625,18.06640625,-0.4921,1.307,3.362,-0.8473,2,LEFT_MI
4626,18.0703125,-2.832,3.0203,3.9763,-2.1137,2,LEFT_MI
4627,18.07421875,-3.8225,2.5453,5.8446,-4.9584,2,LEFT_MI
4628,18.078125,-4.3804,2.9066,3.7667,-1.1316,2,LEFT_MI
4629,18.08203125,0.7263,2.7192,7.8851,-5.8149,2,LEFT_MI
4630,18.0859375,-7.3671,-3.5968,6.6118,-8.9109,2,LEFT_MI
4631,18.08984375,-3.2232,-0.7293,3.5907,-3.1538,2,LEFT_MI
4632,18.09375,-1.9696,-0.2522,0.1658,-2.6453,2,LEFT_MI
4633,18.09765625,-0.9266,-2.3744,7.2583,0.3145,2,LEFT_MI
4634,18.1015625,3.063,-1.1579,-1.1605,3.2727,2,LEFT_MI
4635,18.10546875,6.3317,3.8955,4.9005,5.7541,2,LEFT_MI
4636,18.109375,7.0386,-1.1673,3.5551,8.2049,2,LEFT_MI
4637,18.11328125,0.8248,0.7199,-0.159,7.1765,2,LEFT_MI
4638,18.1171875,12.5958,-1.5238,3.1404,8.8492,2,LEFT_MI
4639,18.12109375,2.1526,1.4291,-2.2047,5.2834,2,LEFT_MI
4640,18.125,1.8664,1.0225,-3.4739,9.6103,2,LEFT_MI
4641,18.12890625,5.117,-5.2487,-6.688,5.3276,2,LEFT_MI
4642,18.1328125,4.6274,-0.1654,-4.6489,1.9293,2,LEFT_MI
4643,18.13671875,6.4492,0.4771,-11.3919,-2.2428,2,LEFT_MI
4644,18.140625,1.2499,-2.8313,-12.1867,-2.8939,2,LEFT_MI
4645,18.14453125,-1.218,1.0095,-3.8779,-2.3903,2,LEFT_MI
4646,18.1484375,-2.2133,2.9483,-6.5449,-4.9102,2,LEFT_MI
4647,18.15234375,1.6519,1.9826,-3.8957,1.0141,2,LEFT_MI
4648,18.15625,0.4069,6.0773,-2.5117,-1.8089,2,LEFT_MI
4649,18.16015625,0.6755,4.1766,3.7284,-5.0818,2,LEFT_MI
4650,18.1640625,1.155,5.6291,-3.7471,-0.0799,2,LEFT_MI
4651,18.16796875,-5.5301,5.7936,3.1633,-7.215,2,LEFT_MI
4652,18.171875,-9.3295,0.6577,2.0905,-0.0267,2,LEFT_MI
4653,18.17578125,-6.5494,3.3072,5.7749,-9.9707,2,LEFT_MI
4654,18.1796875,-8.9639,-5.7554,8.0977,-6.8597,2,LEFT_MI
4655,18.18359375,-2.4352,1.731,4.4413,-0.5635,2,LEFT_MI
4656,18.1875,-8.2419,-2.7072,1.1273,-2.0343,2,LEFT_MI
4657,18.19140625,-0.1875,-4.7009,3.7544,-5.2228,2,LEFT_MI
4658,18.1953125,-5.4791,-7.9889,3.215,-2.5011,2,LEFT_MI
4659,18.19921875,-0.7269,5.2274,5.8897,1.9928,2,LEFT_MI
4660,18.203125,2.1313,1.8336,3.1572,-0.2875,2,LEFT_MI
4661,18.20703125,5.4659,2.9215,3.8217,6.1974,2,LEFT_MI
4662,18.2109375,5.9219,-2.1053,1.1148,15.9963,2,LEFT_MI
4663,18.21484375,4.6606,7.1709,5.6274,8.9887,2,LEFT_MI
4664,18.21875,6.1841,0.4614,-1.9699,10.0955,2,LEFT_MI
4665,18.22265625,6.6362,-3.1973,1.8214,14.1641,2,LEFT_MI
4666,18.2265625,5.2195,-3.091,-2.3932,0.7775,2,LEFT_MI
4667,18.23046875,0.8228,1.533,-7.6933,-3.3343,2,LEFT_MI
4668,18.234375,1.8603,-6.1419,-9.7913,2.093,2,LEFT_MI
4669,18.23828125,-1.7692,-0.7727,-5.8665,-0.1553,2,LEFT_MI
4670,18.2421875,4.6483,-6.8829,-5.8228,-2.1963,2,LEFT_MI
4671,18.24609375,0.7381,-4.63,-9.0401,-1.8123,2,LEFT_MI
4672,18.25,-3.6104,0.8181,-3.8892,-4.6113,2,LEFT_MI
4673,18.25390625,1.6655,-0.6853,2.2959,0.717,2,LEFT_MI
4674,18.2578125,-4.7468,6.7454,4.2855,-7.7765,2,LEFT_MI
4675,18.26171875,1.2797,4.2441,-2.3288,-2.8996,2,LEFT_MI
4676,18.265625,0.3249,5.6163,-2.4578,-0.9361,2,LEFT_MI
4677,18.26953125,-0.1264,0.8354,-1.5439,4.7974,2,LEFT_MI
4678,18.2734375,-3.5187,-2.3029,3.8171,0.4189,2,LEFT_MI
4679,18.27734375,-8.513,7.1857,5.0076,-5.3087,2,LEFT_MI
4680,18.28125,-5.7274,-2.6656,2.4136,-3.1484,2,LEFT_MI
4681,18.28515625,-13.4043,-2.0476,1.4276,-0.2608,2,LEFT_MI
4682,18.2890625,-10.3197,-2.73,2.409,-3.3592,2,LEFT_MI
4683,18.29296875,-2.8052,-3.1888,5.1129,-2.5811,2,LEFT_MI
4684,18.296875,-2.7555,-2.8652,4.7356,-2.7145,2,LEFT_MI
4685,18.30078125,3.3508,-0.9591,7.2438,4.4038,2,LEFT_MI
4686,18.3046875,-1.235,1.0072,3.8101,7.166,2,LEFT_MI
4687,18.30859375,10.9509,2.1481,7.067,7.0486,2,LEFT_MI
4688,18.3125,9.4426,6.7026,11.1304,5.6566,2,LEFT_MI
4689,18.31640625,4.8076,3.7617,4.1847,7.3627,2,LEFT_MI
4690,18.3203125,7.8225,-3.6773,5.7974,3.1456,2,LEFT_MI
4691,18.32421875,10.2415,-4.207,-0.4371,-1.5093,2,LEFT_MI
4692,18.328125,1.2022,-2.9906,-2.1027,1.2416,2,LEFT_MI
4693,18.33203125,3.0495,-0.7921,-5.7671,5.6596,2,LEFT_MI
4694,18.3359375,1.3072,-2.1575,-10.6816,-5.3874,2,LEFT_MI
4695,18.33984375,-0.1722,3.5173,-10.1191,-6.138,2,LEFT_MI
4696,18.34375,-1.5153,1.2299,-7.8174,-0.8424,2,LEFT_MI
4697,18.34765625,-0.608,3.735,-2.5874,-3.0473,2,LEFT_MI
4698,18.3515625,-1.1909,1.0311,-4.0676,-5.7673,2,LEFT_MI
4699,18.35546875,-5.9155,4.9369,2.7963,-0.158,2,LEFT_MI
4700,18.359375,0.2097,5.5203,-0.1223,-4.3452,2,LEFT_MI
4701,18.36328125,-1.049,1.311,4.3923,-9.656,2,LEFT_MI
4702,18.3671875,-6.8518,10.694,-0.4076,0.7313,2,LEFT_MI
4703,18.37109375,-2.3634,5.4655,2.9055,-8.2133,2,LEFT_MI
4704,18.375,-6.9956,-1.582,1.0894,-6.2381,2,LEFT_MI
4705,18.37890625,-0.5857,-1.2868,7.0557,-6.7983,2,LEFT_MI
4706,18.3828125,-11.4932,-3.7399,0.2828,-1.6108,2,LEFT_MI
4707,18.38671875,-11.8557,-4.0385,-4.9506,-5.6805,2,LEFT_MI
4708,18.390625,-10.8296,-3.4541,3.3774,1.4593,2,LEFT_MI
4709,18.39453125,-5.2713,-0.3618,0.9208,-1.023,2,LEFT_MI
4710,18.3984375,-4.4268,2.8644,8.456,1.6442,2,LEFT_MI
4711,18.40234375,9.3153,-1.9527,0.8774,5.3293,2,LEFT_MI
4712,18.40625,8.1673,3.8488,4.9556,12.3844,2,LEFT_MI
4713,18.41015625,7.9303,2.358,7.2292,6.1783,2,LEFT_MI
4714,18.4140625,4.2732,0.9334,-0.4711,1.9584,2,LEFT_MI
4715,18.41796875,8.9252,0.8981,4.1216,-4.2086,2,LEFT_MI
4716,18.421875,5.6631,3.0446,6.3576,0.4852,2,LEFT_MI
4717,18.42578125,6.4027,2.5745,-5.2562,-0.8522,2,LEFT_MI
4718,18.4296875,4.6244,-3.1734,-6.635,-1.5001,2,LEFT_MI
4719,18.43359375,1.578,1.4399,-11.2535,-6.4535,2,LEFT_MI
4720,18.4375,0.7036,-0.8907,-7.2505,-6.1583,2,LEFT_MI
4721,18.44140625,-5.1147,1.2781,-10.6979,-9.0902,2,LEFT_MI
4722,18.4453125,-5.6167,2.0799,-7.8061,-8.0393,2,LEFT_MI
4723,18.44921875,-6.121,1.2061,-1.2033,-6.7365,2,LEFT_MI
4724,18.453125,-2.0681,2.6003,-6.9366,-6.2269,2,LEFT_MI
4725,18.45703125,-2.7572,6.4759,-0.5772,-5.3751,2,LEFT_MI
4726,18.4609375,-3.7898,4.798,-3.5104,0.9338,2,LEFT_MI
4727,18.46484375,2.5516,11.3883,-6.0576,-1.4899,2,LEFT_MI
4728,18.46875,-0.7974,0.4405,3.6918,0.9313,2,LEFT_MI
4729,18.47265625,-6.358,0.1436,4.5359,-0.9485,2,LEFT_MI
4730,18.4765625,-11.6229,-1.0684,4.1651,4.9611,2,LEFT_MI
4731,18.48046875,-6.1234,-1.2073,4.1633,5.2184,2,LEFT_MI
4732,18.484375,-4.4184,-2.4841,1.4216,0.0325,2,LEFT_MI
4733,18.48828125,-4.9194,-2.0988,0.626,-2.8147,2,LEFT_MI
4734,18.4921875,-4.333,-3.2694,9.3758,4.0597,2,LEFT_MI
4735,18.49609375,-5.5372,-1.0064,4.2569,8.4007,2,LEFT_MI
4736,18.5,0.7983,-2.6901,9.5055,4.6905,2,LEFT_MI
4737,18.50390625,-2.1684,-2.482,7.226,6.0792,2,LEFT_MI
4738,18.5078125,7.092,-1.0047,4.8846,3.259,2,LEFT_MI
4739,18.51171875,4.9535,0.3092,7.1034,1.4099,2,LEFT_MI
4740,18.515625,12.2099,-0.9965,2.0591,4.558,2,LEFT_MI
4741,18.51953125,4.6036,1.5784,-0.0167,4.0619,2,LEFT_MI
4742,18.5234375,7.4341,2.8445,2.0466,2.6393,2,LEFT_MI
4743,18.52734375,2.2282,-1.9692,0.9557,-6.3811,2,LEFT_MI
4744,18.53125,-2.1348,3.7043,-2.691,-1.391,2,LEFT_MI
4745,18.53515625,0.5343,-4.6486,-5.4063,-5.7142,2,LEFT_MI
4746,18.5390625,2.3069,-1.6774,-5.5253,-12.347,2,LEFT_MI
4747,18.54296875,0.1826,-1.78,-6.6328,-4.3416,2,LEFT_MI
4748,18.546875,-2.0971,-1.5505,-5.7135,-14.0857,2,LEFT_MI
4749,18.55078125,-3.6115,0.81,-7.0207,-2.2351,2,LEFT_MI
4750,18.5546875,0.8893,10.8461,-7.1454,0.3806,2,LEFT_MI
4751,18.55859375,-1.3654,3.6113,-0.1708,-9.4703,2,LEFT_MI
4752,18.5625,2.88,1.9034,-0.7675,-1.4959,2,LEFT_MI
4753,18.56640625,0.7218,-1.9993,5.4088,-1.8646,2,LEFT_MI
4754,18.5703125,-5.3882,3.0112,6.7375,-0.7276,2,LEFT_MI
4755,18.57421875,-6.528,2.7105,-2.0903,-1.3154,2,LEFT_MI
4756,18.578125,-6.582,1.2124,-0.2668,2.3014,2,LEFT_MI
4757,18.58203125,-11.9724,-1.6418,-2.2485,10.7309,2,LEFT_MI
4758,18.5859375,-9.5394,-8.4411,-1.6245,-0.0485,2,LEFT_MI
4759,18.58984375,-8.9972,-7.0137,-0.2932,7.6943,2,LEFT_MI
4760,18.59375,-1.0336,-0.7969,4.9881,4.7216,2,LEFT_MI
4761,18.59765625,-3.8589,-3.8854,5.6982,6.3852,2,LEFT_MI
4762,18.6015625,-0.9785,0.8244,9.2057,3.0131,2,LEFT_MI
4763,18.60546875,7.4035,1.0115,2.8131,7.0917,2,LEFT_MI
4764,18.609375,2.7597,1.3771,8.4436,8.9819,2,LEFT_MI
4765,18.61328125,9.1997,-4.7972,6.8443,6.4872,2,LEFT_MI
4766,18.6171875,10.5562,1.6263,3.4304,2.6158,2,LEFT_MI
4767,18.62109375,9.9205,-3.3102,0.4925,0.8965,2,LEFT_MI
4768,18.625,8.151,0.8212,1.8368,-7.1083,2,LEFT_MI
4769,18.62890625,8.0963,0.7825,-4.3418,-7.1297,2,LEFT_MI
4770,18.6328125,-0.3591,-3.4132,-11.6549,-11.1853,2,LEFT_MI
4771,18.63671875,1.4213,-4.299,-2.9302,-9.5187,2,LEFT_MI
4772,18.640625,2.7795,-2.59,-9.0398,-12.6864,2,LEFT_MI
4773,18.64453125,0.4909,-0.8033,-5.6199,-9.5422,2,LEFT_MI
4774,18.6484375,3.614,-0.6679,-10.2137,-8.0278,2,LEFT_MI
4775,18.65234375,1.3535,-1.4322,-7.7808,0.3971,2,LEFT_MI
4776,18.65625,-8.1217,-1.548,0.2582,-8.0582,2,LEFT_MI
4777,18.66015625,-1.3756,4.5749,1.236,0.4235,2,LEFT_MI
4778,18.6640625,0.2307,4.4767,4.0569,1.7991,2,LEFT_MI
4779,18.66796875,-4.0498,-0.8683,1.9487,1.2986,2,LEFT_MI
4780,18.671875,-2.6224,-1.355,3.5399,5.4098,2,LEFT_MI
4781,18.67578125,-7.5899,4.0718,4.9553,5.1854,2,LEFT_MI
4782,18.6796875,-11.4712,-7.6102,1.4797,10.8154,2,LEFT_MI
4783,18.68359375,-7.0347,-5.2246,-1.0855,3.5812,2,LEFT_MI
4784,18.6875,-9.662,-4.7964,3.6344,3.0769,2,LEFT_MI
4785,18.69140625,-4.5457,-3.1552,6.4717,1.5528,2,LEFT_MI
4786,18.6953125,-0.6083,-3.3605,0.9427,2.4542,2,LEFT_MI
4787,18.69921875,-3.7348,-0.9203,6.3931,4.6872,2,LEFT_MI
4788,18.703125,4.5334,2.6674,7.843,2.5834,2,LEFT_MI
4789,18.70703125,5.8708,2.5976,9.3563,9.4821,2,LEFT_MI
4790,18.7109375,8.2406,-2.7959,4.9903,1.1373,2,LEFT_MI
4791,18.71484375,7.1889,4.4802,1.0858,2.0018,2,LEFT_MI
4792,18.71875,7.9821,-0.8676,9.565,-1.8352,2,LEFT_MI
4793,18.72265625,1.7078,-1.1706,0.2202,-2.167,2,LEFT_MI
4794,18.7265625,8.2976,3.4299,-3.3694,-1.9539,2,LEFT_MI
4795,18.73046875,3.4819,-3.0866,-5.613,-9.447,2,LEFT_MI
4796,18.734375,1.2522,-5.6151,-4.7257,-8.4683,2,LEFT_MI
4797,18.73828125,2.3364,-1.2099,-6.5394,-11.8263,2,LEFT_MI
4798,18.7421875,-6.1958,-1.4668,-5.0186,-5.3444,2,LEFT_MI
4799,18.74609375,-2.5632,-0.2273,-2.6988,-2.616,2,LEFT_MI
4800,18.75,-2.1646,2.0051,-3.6414,-3.9901,2,LEFT_MI
4801,18.75390625,3.5198,0.498,-1.4847,0.888,2,LEFT_MI
4802,18.7578125,7.6583,3.4751,-2.1144,-1.741,2,LEFT_MI
4803,18.76171875,-3.0041,9.6696,-5.0848,0.8962,2,LEFT_MI
4804,18.765625,-4.1339,2.5962,-0.332,1.5738,2,LEFT_MI
4805,18.76953125,-4.9728,4.9829,-0.995,5.2317,2,LEFT_MI
4806,18.7734375,1.5915,-0.491,-1.1324,9.4369,2,LEFT_MI
4807,18.77734375,-4.1311,0.5533,-1.5975,5.5359,2,LEFT_MI
4808,18.78125,-3.0695,-1.2359,-6.1441,1.9579,2,LEFT_MI
4809,18.78515625,-4.8268,-5.53,4.2925,5.0798,2,LEFT_MI
4810,18.7890625,-4.6307,-1.177,-5.9977,5.0315,2,LEFT_MI
4811,18.79296875,-8.1962,-2.3109,2.4717,3.1389,2,LEFT_MI
4812,18.796875,-5.5665,-4.4686,3.301,0.2082,2,LEFT_MI
4813,18.80078125,-3.7395,-0.8221,9.2328,7.2315,2,LEFT_MI
4814,18.8046875,2.7431,2.8,5.3087,7.5631,2,LEFT_MI
4815,18.80859375,10.5456,0.5231,3.4894,-1.8921,2,LEFT_MI
4816,18.8125,7.3544,5.2432,7.9819,2.1585,2,LEFT_MI
4817,18.81640625,7.6588,5.4238,2.9282,3.9589,2,LEFT_MI
4818,18.8203125,10.4393,3.4051,0.5899,-2.7011,2,LEFT_MI
4819,18.82421875,5.1641,1.2156,4.5981,-1.5149,2,LEFT_MI
4820,18.828125,3.678,-2.6463,1.0864,-7.898,2,LEFT_MI
4821,18.83203125,6.9033,-1.4586,-11.2427,-8.3917,2,LEFT_MI
4822,18.8359375,4.5369,1.97,-1.1242,-9.0525,2,LEFT_MI
4823,18.83984375,4.4258,-2.4246,-7.7506,-7.5572,2,LEFT_MI
4824,18.84375,-4.7497,0.7701,-9.3647,-7.3215,2,LEFT_MI
4825,18.84765625,-6.2354,-1.4143,-14.0351,-5.3986,2,LEFT_MI
4826,18.8515625,-2.6776,8.6172,-2.4872,1.3519,2,LEFT_MI
4827,18.85546875,2.0965,1.4158,-5.9132,1.2951,2,LEFT_MI
4828,18.859375,-2.1662,1.1191,0.4,-1.5724,2,LEFT_MI
4829,18.86328125,-5.1394,0.9219,0.9495,2.1504,2,LEFT_MI
4830,18.8671875,0.7995,0.5864,-2.6948,6.6945,2,LEFT_MI
4831,18.87109375,-3.7725,2.9773,1.56,3.2032,2,LEFT_MI
4832,18.875,-9.23,-3.7064,-3.3777,0.4449,2,LEFT_MI
4833,18.87890625,-12.2764,-1.8914,-5.0301,4.3758,2,LEFT_MI
4834,18.8828125,-8.1409,-6.9364,2.6363,1.5597,2,LEFT_MI
4835,18.88671875,-7.3044,-0.3996,-0.7322,2.9239,2,LEFT_MI
4836,18.890625,-8.3928,-6.3323,-1.4426,3.8423,2,LEFT_MI
4837,18.89453125,-9.951,1.0416,7.2732,-0.9952,2,LEFT_MI
4838,18.8984375,-4.179,-2.7675,1.0499,2.856,2,LEFT_MI
4839,18.90234375,4.1739,0.9406,5.9498,8.3267,2,LEFT_MI
4840,18.90625,0.327,-0.4981,8.2773,6.4637,2,LEFT_MI
4841,18.91015625,7.6629,0.997,9.3026,-1.9274,2,LEFT_MI
4842,18.9140625,7.9483,-2.1961,5.7418,-3.2663,2,LEFT_MI
4843,18.91796875,4.2194,3.3823,3.3948,-4.7235,2,LEFT_MI
4844,18.921875,4.4878,0.5725,5.9484,-1.5243,2,LEFT_MI
4845,18.92578125,1.0895,2.4196,0.0973,-1.9803,2,LEFT_MI
4846,18.9296875,1.9069,-1.3603,-0.2473,-2.9924,2,LEFT_MI
4847,18.93359375,2.2657,-4.1598,-6.2931,-11.3571,2,LEFT_MI
4848,18.9375,3.2889,-3.3247,-3.9657,-11.0007,2,LEFT_MI
4849,18.94140625,0.8112,-2.6457,-5.4701,-9.3789,2,LEFT_MI
4850,18.9453125,0.9193,3.6728,-5.9519,-6.3938,2,LEFT_MI
4851,18.94921875,0.2297,0.8488,-12.0045,-6.1598,2,LEFT_MI
4852,18.953125,-2.542,6.8231,-4.5759,0.936,2,LEFT_MI
4853,18.95703125,-0.6436,6.4396,-0.2507,2.7873,2,LEFT_MI
4854,18.9609375,-3.3327,4.715,-3.839,3.5427,2,LEFT_MI
4855,18.96484375,-4.1858,6.8282,2.0824,8.1165,2,LEFT_MI
4856,18.96875,-3.5429,-0.1286,-6.095,9.6504,2,LEFT_MI
4857,18.97265625,-5.7252,-3.4001,0.1049,11.4351,2,LEFT_MI
4858,18.9765625,-6.6487,-4.5122,3.0366,7.336,2,LEFT_MI
4859,18.98046875,-9.716,-4.269,0.9499,4.3997,2,LEFT_MI
4860,18.984375,-7.4356,-2.7432,-1.5966,1.4093,2,LEFT_MI
4861,18.98828125,-6.6592,-3.5616,3.0791,-2.9368,2,LEFT_MI
4862,18.9921875,-10.3448,-0.4652,-0.3014,0.3061,2,LEFT_MI
4863,18.99609375,-1.9517,-4.3296,1.6449,2.7138,2,LEFT_MI
4864,19.0,-4.6844,-0.2224,9.6188,-0.6144,2,LEFT_MI
4865,19.00390625,0.8219,1.7439,4.0975,3.9606,2,LEFT_MI
4866,19.0078125,4.9019,3.63,10.5738,-3.0183,2,LEFT_MI
4867,19.01171875,6.3744,4.4518,6.3832,1.6624,2,LEFT_MI
4868,19.015625,8.2602,9.6737,9.4671,-1.6455,2,LEFT_MI
4869,19.01953125,5.259,1.1258,3.3948,-9.4221,2,LEFT_MI
4870,19.0234375,10.5184,5.008,2.9918,-5.4876,2,LEFT_MI
4871,19.02734375,6.3366,0.1764,-2.9605,-6.5832,2,LEFT_MI
4872,19.03125,5.996,-0.6286,-4.5812,-4.7909,2,LEFT_MI
4873,19.03515625,-0.269,-4.7968,-2.1055,-10.1888,2,LEFT_MI
4874,19.0390625,-2.2306,-2.8467,-11.5531,-0.5982,2,LEFT_MI
4875,19.04296875,2.7737,1.979,-4.5505,-4.548,2,LEFT_MI
4876,19.046875,2.683,-0.2077,-4.8642,-3.0716,2,LEFT_MI
4877,19.05078125,-2.6822,0.3701,-6.5547,0.9282,2,LEFT_MI
4878,19.0546875,1.1689,2.0757,-6.158,7.0353,2,LEFT_MI
4879,19.05859375,1.196,5.5906,-1.3025,14.6557,2,LEFT_MI
4880,19.0625,-4.7738,6.0512,-0.8981,5.7086,2,LEFT_MI
4881,19.06640625,-4.2683,9.3803,-2.0482,3.0714,2,LEFT_MI
4882,19.0703125,-2.8327,-3.1257,4.8671,4.9677,2,LEFT_MI
4883,19.07421875,-5.2319,-0.7117,1.3385,3.3158,2,LEFT_MI
4884,19.078125,-1.4663,-3.388,3.14,1.999,2,LEFT_MI
4885,19.08203125,-9.9803,-5.4234,1.3479,3.2597,2,LEFT_MI
4886,19.0859375,-9.213,0.2655,-5.9558,0.6248,2,LEFT_MI
4887,19.08984375,-7.2578,-7.9218,2.0031,-3.551,2,LEFT_MI
4888,19.09375,-0.9904,0.6801,3.2859,-0.0013,2,LEFT_MI
4889,19.09765625,-3.5928,-3.2293,-0.2326,-1.6014,2,LEFT_MI
4890,19.1015625,-3.3663,-1.8786,9.8896,-1.2383,2,LEFT_MI
4891,19.10546875,5.9433,1.9302,5.4149,-8.6419,2,LEFT_MI
4892,19.109375,8.0457,-0.3997,8.0893,-1.0337,2,LEFT_MI
4893,19.11328125,8.1293,4.6234,11.382,-0.6239,2,LEFT_MI
4894,19.1171875,5.5274,2.7264,4.622,-1.4738,2,LEFT_MI
4895,19.12109375,5.5018,-1.9035,6.9187,-2.329,2,LEFT_MI
4896,19.125,11.3505,2.0662,3.3994,-4.1259,2,LEFT_MI
4897,19.12890625,-1.1928,-0.024,0.2682,-4.0485,2,LEFT_MI
4898,19.1328125,2.8161,-2.801,-4.6442,-6.4559,2,LEFT_MI
4899,19.13671875,2.0215,0.0511,-2.9459,-5.8191,2,LEFT_MI
4900,19.140625,0.3225,4.9286,-6.0711,-4.5742,2,LEFT_MI
4901,19.14453125,-1.3277,-2.9082,-6.7714,-1.4195,2,LEFT_MI
4902,19.1484375,0.5597,-0.8017,-10.2343,0.1474,2,LEFT_MI
4903,19.15234375,-2.1113,2.3344,-5.1685,1.9513,2,LEFT_MI
4904,19.15625,3.0993,0.7917,-7.3118,4.8445,2,LEFT_MI
4905,19.16015625,-2.6267,5.0532,-5.351,8.9744,2,LEFT_MI
4906,19.1640625,-1.7906,7.4684,-7.2294,5.3714,2,LEFT_MI
4907,19.16796875,4.1505,2.2403,1.774,0.372,2,LEFT_MI
4908,19.171875,-7.6464,1.3544,-3.9773,5.2323,2,LEFT_MI
4909,19.17578125,-5.1095,1.0619,-5.1164,0.48,2,LEFT_MI
4910,19.1796875,-9.061,1.5855,1.8397,1.4564,2,LEFT_MI
4911,19.18359375,-13.1329,-0.1565,-11.4821,2.6076,2,LEFT_MI
4912,19.1875,-6.3367,-1.83,-1.5876,-1.8856,2,LEFT_MI
4913,19.19140625,-1.9958,-6.9431,1.6871,-12.8666,2,LEFT_MI
4914,19.1953125,-2.2731,-6.0774,5.2581,-4.6639,2,LEFT_MI
4915,19.19921875,3.2133,-7.0619,-1.0211,-3.3923,2,LEFT_MI
4916,19.203125,1.5831,2.0354,10.3891,-4.4998,2,LEFT_MI
4917,19.20703125,8.3543,4.7269,9.9316,-4.0156,2,LEFT_MI
4918,19.2109375,4.5494,3.8201,13.3005,-0.9212,2,LEFT_MI
4919,19.21484375,5.7269,-0.6708,9.6001,-10.63,2,LEFT_MI
4920,19.21875,8.0388,-3.6648,10.2019,-0.9693,2,LEFT_MI
4921,19.22265625,5.9604,0.6791,1.54,-6.193,2,LEFT_MI
4922,19.2265625,1.4222,0.5519,0.7061,-7.5185,2,LEFT_MI
4923,19.23046875,4.0576,-2.0427,0.5549,-1.1328,2,LEFT_MI
4924,19.234375,4.2644,-5.7512,-2.6293,-5.5567,2,LEFT_MI
4925,19.23828125,2.5185,4.1766,-1.5201,-0.2717,2,LEFT_MI
4926,19.2421875,-0.0247,-1.9117,-1.1498,0.398,2,LEFT_MI
4927,19.24609375,1.989,-1.1742,-1.0081,-2.5434,2,LEFT_MI
4928,19.25,0.3049,-1.8191,-5.9418,2.8788,2,LEFT_MI
4929,19.25390625,0.6618,3.702,-1.6379,8.8772,2,LEFT_MI
4930,19.2578125,-9.3381,3.8922,0.8802,7.9662,2,LEFT_MI
4931,19.26171875,-4.4865,2.3063,-3.6929,8.9918,2,LEFT_MI
4932,19.265625,-4.7789,4.1672,-0.6091,11.0106,2,LEFT_MI
4933,19.26953125,-2.8764,0.9045,-1.3699,5.5627,2,LEFT_MI
4934,19.2734375,-7.7204,1.8254,-2.7455,5.1882,2,LEFT_MI
4935,19.27734375,-10.3276,-0.6054,-3.0016,0.9978,2,LEFT_MI
4936,19.28125,-10.124,-6.8908,1.4164,-1.6404,2,LEFT_MI
4937,19.28515625,-11.2134,-4.4741,-1.8387,0.1013,2,LEFT_MI
4938,19.2890625,-7.8314,-4.8879,-3.0784,-6.4588,2,LEFT_MI
4939,19.29296875,-4.025,-5.1667,-2.9788,-3.4582,2,LEFT_MI
4940,19.296875,-7.7474,-3.4499,2.5032,-1.4365,2,LEFT_MI
4941,19.30078125,-5.6312,-4.2296,5.6646,-2.0983,2,LEFT_MI
4942,19.3046875,6.9085,-1.3544,7.8917,-2.6334,2,LEFT_MI
4943,19.30859375,10.7703,-2.0893,8.0194,-2.6505,2,LEFT_MI
4944,19.3125,8.0827,3.6088,10.3655,-1.2282,2,LEFT_MI
4945,19.31640625,10.7968,8.7919,6.8575,2.2668,2,LEFT_MI
4946,19.3203125,2.3386,-0.6543,3.7022,-5.7636,2,LEFT_MI
4947,19.32421875,8.7505,-1.0913,1.883,-3.1523,2,LEFT_MI
4948,19.328125,2.6063,2.23,1.9875,0.4743,2,LEFT_MI
4949,19.33203125,3.3267,3.152,-2.1667,1.6186,2,LEFT_MI
4950,19.3359375,0.1914,0.8708,-3.38,-1.7859,2,LEFT_MI
4951,19.33984375,-0.6817,-0.955,0.6434,-2.1457,2,LEFT_MI
4952,19.34375,0.0289,3.9708,-5.7873,1.3036,2,LEFT_MI
4953,19.34765625,0.7863,-2.5681,-0.3421,0.7436,2,LEFT_MI
4954,19.3515625,2.1354,-1.446,-4.6795,7.0284,2,LEFT_MI
4955,19.35546875,-0.8419,4.9948,-4.8842,9.2885,2,LEFT_MI
4956,19.359375,-0.4268,4.3272,-3.551,12.0855,2,LEFT_MI
4957,19.36328125,-4.2626,5.1907,-2.8173,9.557,2,LEFT_MI
4958,19.3671875,-0.8071,4.5097,-2.3658,9.2282,2,LEFT_MI
4959,19.37109375,-0.2078,5.8147,-5.4581,5.9566,2,LEFT_MI
4960,19.375,-6.9184,-4.5459,-5.6201,0.3083,2,LEFT_MI
4961,19.37890625,-7.6577,-3.662,-6.9746,1.4496,2,LEFT_MI
4962,19.3828125,-11.51,-3.8953,0.906,-5.856,2,LEFT_MI
4963,19.38671875,-6.7049,-7.7819,-3.9735,-8.269,2,LEFT_MI
4964,19.390625,-10.6673,-3.5819,-1.9681,-1.336,2,LEFT_MI
4965,19.39453125,-8.6532,-3.8888,0.1664,-7.151,2,LEFT_MI
4966,19.3984375,-7.7551,-3.6295,4.5646,-9.5519,2,LEFT_MI
4967,19.40234375,-2.6328,3.3174,9.9582,-10.2953,2,LEFT_MI
4968,19.40625,1.6958,-2.9733,8.1834,-7.7143,2,LEFT_MI
4969,19.41015625,3.7829,4.7342,5.8146,-4.7009,2,LEFT_MI
4970,19.4140625,8.7721,0.4767,6.1399,-2.1973,2,LEFT_MI
4971,19.41796875,8.1154,6.7237,8.3586,-0.5406,2,LEFT_MI
4972,19.421875,11.0315,1.4214,2.4671,2.8112,2,LEFT_MI
4973,19.42578125,9.6637,6.3907,3.2516,-1.6058,2,LEFT_MI
4974,19.4296875,4.8013,2.986,3.3858,0.073,2,LEFT_MI
4975,19.43359375,-3.9591,-2.5398,0.9664,0.4299,2,LEFT_MI
4976,19.4375,2.0346,-1.4773,5.1065,6.3369,2,LEFT_MI
4977,19.44140625,-1.8136,-4.9857,3.4144,5.0382,2,LEFT_MI
4978,19.4453125,0.5623,-2.6941,-9.0802,2.4592,2,LEFT_MI
4979,19.44921875,4.34,-1.4608,-5.9367,0.2999,2,LEFT_MI
4980,19.453125,-1.0911,5.2336,-0.1128,7.5839,2,LEFT_MI
4981,19.45703125,-2.8962,3.2719,-5.2013,15.2142,2,LEFT_MI
4982,19.4609375,-0.0371,3.3572,-5.2037,7.4303,2,LEFT_MI
4983,19.46484375,-1.6928,4.3425,-4.6824,4.1842,2,LEFT_MI
4984,19.46875,2.1507,-0.7084,-1.8487,9.0238,2,LEFT_MI
4985,19.47265625,-6.7642,3.3475,-1.6204,0.7903,2,LEFT_MI
4986,19.4765625,-7.2417,-5.8893,-7.2681,-0.6054,2,LEFT_MI
4987,19.48046875,-3.2479,-8.9561,-2.667,-5.5252,2,LEFT_MI
4988,19.484375,-10.1507,-2.8296,-6.4504,-7.4569,2,LEFT_MI
4989,19.48828125,-5.9702,-5.3945,-5.0027,-4.9612,2,LEFT_MI
4990,19.4921875,-1.5037,-7.5852,0.6935,-11.7918,2,LEFT_MI
4991,19.49609375,1.8434,1.1488,-0.5618,-9.9627,2,LEFT_MI
4992,19.5,2.9004,-5.8406,8.0707,-3.551,2,LEFT_MI
4993,19.50390625,4.2091,-6.8093,8.2829,-4.5336,2,LEFT_MI
4994,19.5078125,1.7326,4.33,4.0276,-4.7783,2,LEFT_MI
4995,19.51171875,5.842,5.2265,10.0015,-0.1856,2,LEFT_MI
4996,19.515625,8.5034,0.9467,4.3961,1.3537,2,LEFT_MI
4997,19.51953125,7.8296,6.1737,8.5305,-0.0871,2,LEFT_MI
4998,19.5234375,9.4265,2.8596,5.8744,1.9245,2,LEFT_MI
4999,19.52734375,9.5996,3.7595,-0.3068,-0.6044,2,LEFT_MI
5000,19.53125,3.2452,5.9019,1.6608,0.7607,2,LEFT_MI
5001,19.53515625,1.1093,-2.0786,0.9403,-2.1245,2,LEFT_MI
5002,19.5390625,3.1163,1.521,2.1904,-3.2179,2,LEFT_MI
5003,19.54296875,4.5453,0.2359,-5.9632,2.5628,2,LEFT_MI
5004,19.546875,1.9896,0.1669,-4.8938,6.055,2,LEFT_MI
5005,19.55078125,0.7049,-0.2465,0.2626,5.1373,2,LEFT_MI
5006,19.5546875,-3.2838,5.6474,-6.8128,6.9939,2,LEFT_MI
5007,19.55859375,1.8372,3.9666,0.9977,12.4375,2,LEFT_MI
5008,19.5625,-4.9674,0.4443,-3.9168,4.4261,2,LEFT_MI
5009,19.56640625,-0.6016,2.2763,-7.75,10.1841,2,LEFT_MI
5010,19.5703125,-2.5527,-1.7153,-5.3486,6.7054,2,LEFT_MI
5011,19.57421875,-4.8774,0.211,-1.2338,-6.5671,2,LEFT_MI
5012,19.578125,-6.1308,-3.147,-5.2762,-5.3952,2,LEFT_MI
5013,19.58203125,-11.619,-2.5417,-5.8495,-4.5967,2,LEFT_MI
5014,19.5859375,-11.9883,-7.0473,-8.2594,-3.979,2,LEFT_MI
5015,19.58984375,-11.7337,-8.5518,-3.7467,-7.4853,2,LEFT_MI
5016,19.59375,-3.9977,1.4072,0.0782,-7.8889,2,LEFT_MI
5017,19.59765625,-3.1435,1.7409,-0.931,-3.5014,2,LEFT_MI
5018,19.6015625,7.5693,4.7383,3.2026,-3.65,2,LEFT_MI
5019,19.60546875,7.0233,3.0478,6.5182,-3.7644,2,LEFT_MI
5020,19.609375,14.219,7.7482,10.7341,-1.1358,2,LEFT_MI
5021,19.61328125,9.8464,0.6947,9.5342,3.2462,2,LEFT_MI
5022,19.6171875,9.628,4.7205,9.1372,1.5471,2,LEFT_MI
5023,19.62109375,10.7425,3.6484,10.0353,2.4571,2,LEFT_MI
5024,19.625,8.785,3.6237,7.2948,-0.5095,2,LEFT_MI
5025,19.62890625,6.0746,-0.1598,5.9125,3.2895,2,LEFT_MI
5026,19.6328125,-1.6069,-0.7368,2.104,1.7301,2,LEFT_MI
5027,19.63671875,2.6311,-0.1828,4.8599,-0.4758,2,LEFT_MI
5028,19.640625,1.9645,-0.3689,-1.4826,1.6367,2,LEFT_MI
5029,19.64453125,1.9563,-0.985,-2.62,4.7819,2,LEFT_MI
5030,19.6484375,1.8354,0.5699,-2.3559,2.922,2,LEFT_MI
5031,19.65234375,0.2458,3.0733,3.2349,9.0027,2,LEFT_MI
5032,19.65625,5.2211,-1.0523,-2.0172,6.1921,2,LEFT_MI
5033,19.66015625,-2.7708,4.0148,-5.2413,2.4253,2,LEFT_MI
5034,19.6640625,-5.1954,2.2435,-0.9923,2.3544,2,LEFT_MI
5035,19.66796875,-0.5848,-0.8202,-7.1995,-1.3867,2,LEFT_MI
5036,19.671875,-3.8743,2.6994,-7.6287,-2.1956,2,LEFT_MI
5037,19.67578125,-8.0026,-6.6366,-8.8294,-6.1953,2,LEFT_MI
5038,19.6796875,-7.6483,0.5453,-5.989,-6.5476,2,LEFT_MI
5039,19.68359375,-4.6408,-4.8908,-6.6747,-9.2765,2,LEFT_MI
5040,19.6875,-3.2688,-5.0789,-1.7429,-9.1438,2,LEFT_MI
5041,19.69140625,-2.2503,-2.2133,2.8661,-9.3809,2,LEFT_MI
5042,19.6953125,-1.0069,-1.8094,-1.7724,-7.7815,2,LEFT_MI
5043,19.69921875,-5.0271,-0.2975,-10.0311,-9.8002,2,LEFT_MI
5044,19.703125,5.7854,-3.0499,7.2047,-5.3714,2,LEFT_MI
5045,19.70703125,0.9509,6.8804,6.9227,2.5603,2,LEFT_MI
5046,19.7109375,8.3378,4.7918,10.7385,-2.3242,2,LEFT_MI
5047,19.71484375,7.0971,1.5199,3.9588,3.0886,2,LEFT_MI
5048,19.71875,5.4503,-2.0796,11.2161,4.3305,2,LEFT_MI
5049,19.72265625,4.994,2.1841,5.3613,3.6218,2,LEFT_MI
5050,19.7265625,2.191,-2.8879,6.7203,3.4444,2,LEFT_MI
5051,19.73046875,6.1275,-9.0668,2.5032,6.6528,2,LEFT_MI
5052,19.734375,-3.2555,-6.1559,2.4695,3.6743,2,LEFT_MI
5053,19.73828125,-0.4856,2.2527,-2.8141,5.4085,2,LEFT_MI
5054,19.7421875,0.6139,-5.1612,-3.0224,2.7489,2,LEFT_MI
5055,19.74609375,-1.2765,-1.1854,-3.8889,2.6634,2,LEFT_MI
5056,19.75,-3.1132,-1.9603,-4.0265,4.7186,2,LEFT_MI
5057,19.75390625,-0.9086,1.2483,-3.5255,4.4315,2,LEFT_MI
5058,19.7578125,-1.8531,0.9125,3.8502,1.9698,2,LEFT_MI
5059,19.76171875,-7.3855,2.6908,-4.6894,9.3357,2,LEFT_MI
5060,19.765625,0.5783,8.5947,-1.9229,2.8131,2,LEFT_MI
5061,19.76953125,0.3285,0.679,-5.6518,-1.6285,2,LEFT_MI
5062,19.7734375,-4.843,0.1118,-3.6587,-4.6304,2,LEFT_MI
5063,19.77734375,-3.4066,-1.8889,-1.9742,-7.4186,2,LEFT_MI
5064,19.78125,-7.0274,-5.6396,-8.1245,-4.5197,2,LEFT_MI
5065,19.78515625,-7.8164,-0.788,-6.5441,-9.8572,2,LEFT_MI
5066,19.7890625,-9.9001,-2.6591,-0.0019,-6.3906,2,LEFT_MI
5067,19.79296875,-1.5398,0.452,0.5075,-7.9424,2,LEFT_MI
5068,19.796875,-2.4116,0.6745,1.407,-6.4382,2,LEFT_MI
5069,19.80078125,0.3535,3.7641,1.9785,-2.2921,2,LEFT_MI
5070,19.8046875,1.818,0.28,7.8401,1.1407,2,LEFT_MI
5071,19.80859375,2.3459,7.103,-1.58,0.3236,2,LEFT_MI
5072,19.8125,5.7495,3.3333,7.7958,5.6673,2,LEFT_MI
5073,19.81640625,8.232,0.1255,9.1982,9.4726,2,LEFT_MI
5074,19.8203125,5.2153,2.7179,6.7753,2.0905,2,LEFT_MI
5075,19.82421875,6.828,-0.709,4.8999,2.6741,2,LEFT_MI
5076,19.828125,1.3597,-1.4318,-0.4343,7.8103,2,LEFT_MI
5077,19.83203125,5.568,0.854,1.9432,5.4687,2,LEFT_MI
5078,19.8359375,1.0265,0.8918,-1.7601,-0.6085,2,LEFT_MI
5079,19.83984375,-4.2755,-4.8089,-0.5604,4.6078,2,LEFT_MI
5080,19.84375,2.5206,4.0171,-2.6129,3.7899,2,LEFT_MI
5081,19.84765625,0.9992,-2.0768,-1.2061,4.3932,2,LEFT_MI
5082,19.8515625,0.3559,-1.1472,-1.9652,3.8156,2,LEFT_MI
5083,19.85546875,-0.8984,4.1527,-0.6771,4.613,2,LEFT_MI
5084,19.859375,1.0065,0.7338,0.2637,2.3063,2,LEFT_MI
5085,19.86328125,0.1326,3.8929,0.6124,-1.1371,2,LEFT_MI
5086,19.8671875,0.669,0.8341,-5.2434,1.8438,2,LEFT_MI
5087,19.87109375,-2.8842,-5.3591,-8.7126,2.3267,2,LEFT_MI
5088,19.875,-5.1396,0.4968,-2.1052,-1.7573,2,LEFT_MI
5089,19.87890625,-11.4976,-5.3084,-7.8012,-10.9518,2,LEFT_MI
5090,19.8828125,-9.1633,-5.6669,-7.5274,-14.1221,2,LEFT_MI
5091,19.88671875,-5.0447,-5.226,-5.3543,-5.9869,2,LEFT_MI
5092,19.890625,-2.1598,-2.3979,-9.5098,-7.426,2,LEFT_MI
5093,19.89453125,-7.1248,-4.4307,-4.0125,-8.5026,2,LEFT_MI
5094,19.8984375,-2.3246,-3.3576,-1.8518,-5.7685,2,LEFT_MI
5095,19.90234375,6.1206,3.1177,4.3623,-2.7029,2,LEFT_MI
5096,19.90625,6.7435,1.1614,2.5005,1.8606,2,LEFT_MI
5097,19.91015625,7.8728,4.7884,2.7904,5.3659,2,LEFT_MI
5098,19.9140625,14.5467,3.7825,9.9987,8.7142,2,LEFT_MI
5099,19.91796875,9.871,-3.6425,-2.1803,6.6142,2,LEFT_MI
5100,19.921875,7.1648,7.9119,8.4923,8.9049,2,LEFT_MI
5101,19.92578125,7.5316,8.1288,0.5293,6.4208,2,LEFT_MI
5102,19.9296875,4.7225,2.9359,6.9643,9.2135,2,LEFT_MI
5103,19.93359375,9.3694,-0.0125,-1.046,0.0886,2,LEFT_MI
5104,19.9375,2.4101,-1.004,2.8263,-2.0548,2,LEFT_MI
5105,19.94140625,2.0499,1.5247,-0.5552,1.793,2,LEFT_MI
5106,19.9453125,2.3054,-1.385,-0.2273,-3.4995,2,LEFT_MI
5107,19.94921875,1.2654,3.1429,-0.0028,0.5534,2,LEFT_MI
5108,19.953125,3.4628,1.5134,-0.97,1.9997,2,LEFT_MI
5109,19.95703125,-0.0782,4.3734,-0.9777,-1.7713,2,LEFT_MI
5110,19.9609375,-0.153,4.2895,2.9866,2.8997,2,LEFT_MI
5111,19.96484375,-1.4677,-0.3773,-3.5841,0.908,2,LEFT_MI
5112,19.96875,-2.1576,1.3729,2.9264,-6.1678,2,LEFT_MI
5113,19.97265625,-9.7412,2.8787,-3.5279,-6.7214,2,LEFT_MI
5114,19.9765625,-5.4078,5.6465,-7.7172,-0.2004,2,LEFT_MI
5115,19.98046875,-7.6261,-5.0388,-12.4702,-13.7535,2,LEFT_MI
5116,19.984375,-7.2507,-7.5269,-8.4626,-5.7066,2,LEFT_MI
5117,19.98828125,-13.4335,-1.1657,-8.7921,-6.796,2,LEFT_MI
5118,19.9921875,-7.7796,-4.6636,-4.3095,-0.476,2,LEFT_MI
5119,19.99609375,-1.3025,-1.7673,0.6274,-0.7344,2,LEFT_MI
5120,20.0,1.7107,0.0667,1.7974,-0.5859,2,LEFT_MI
5121,20.00390625,1.7941,4.0597,-1.5849,-1.8972,2,LEFT_MI
5122,20.0078125,10.403,2.533,7.757,1.5337,2,LEFT_MI
5123,20.01171875,8.9157,0.7287,2.9819,11.034,2,LEFT_MI
5124,20.015625,3.6425,7.6482,11.6675,10.3343,2,LEFT_MI
5125,20.01953125,1.7808,10.0618,11.6568,9.0634,2,LEFT_MI
5126,20.0234375,4.8284,2.3145,10.1807,5.3472,2,LEFT_MI
5127,20.02734375,5.7041,3.5495,6.2898,1.0333,2,LEFT_MI
5128,20.03125,-1.1224,1.1511,4.8382,8.6172,2,LEFT_MI
5129,20.03515625,6.288,0.438,1.9167,2.4197,2,LEFT_MI
5130,20.0390625,2.3342,2.9153,3.2898,-4.2849,2,LEFT_MI
5131,20.04296875,-4.5256,-4.4429,1.6394,-0.7938,2,LEFT_MI
5132,20.046875,2.1,2.4718,-5.6401,0.9143,2,LEFT_MI
5133,20.05078125,0.3936,-2.0803,-0.4867,2.0492,2,LEFT_MI
5134,20.0546875,0.0385,1.49,5.0313,-1.066,2,LEFT_MI
5135,20.05859375,2.5812,4.7078,-5.0306,-1.4748,2,LEFT_MI
5136,20.0625,-3.7296,4.5425,-2.1772,-1.0481,2,LEFT_MI
5137,20.06640625,-2.6417,-1.0612,-0.8347,-4.6883,2,LEFT_MI
5138,20.0703125,0.9763,-6.1628,-8.8846,-7.2992,2,LEFT_MI
5139,20.07421875,-3.9398,1.3001,-9.4484,-3.6223,2,LEFT_MI
5140,20.078125,-7.2796,1.9007,-9.1517,-3.5381,2,LEFT_MI
5141,20.08203125,-7.669,-4.2487,-8.0323,-8.1666,2,LEFT_MI
5142,20.0859375,-6.1429,-6.4146,-7.3963,-6.5683,2,LEFT_MI
5143,20.08984375,-8.2492,-5.1268,-6.3152,-5.5135,2,LEFT_MI
5144,20.09375,-8.2616,-5.1595,-4.9966,-0.751,2,LEFT_MI
5145,20.09765625,-0.2523,-0.7814,-0.5159,-0.9444,2,LEFT_MI
5146,20.1015625,6.7621,3.7295,0.6745,-0.5046,2,LEFT_MI
5147,20.10546875,3.5686,0.0918,4.3742,5.1437,2,LEFT_MI
5148,20.109375,6.1959,-0.3309,1.0663,3.3963,2,LEFT_MI
5149,20.11328125,5.006,2.368,6.6289,12.8573,2,LEFT_MI
5150,20.1171875,10.7083,8.3437,7.5294,1.8563,2,LEFT_MI
5151,20.12109375,7.8482,8.7237,2.2292,5.57,2,LEFT_MI
5152,20.125,4.776,3.8402,6.3849,3.4495,2,LEFT_MI
5153,20.12890625,9.9657,2.7445,1.576,8.9949,2,LEFT_MI
5154,20.1328125,2.5222,-0.5436,1.3083,3.6148,2,LEFT_MI
5155,20.13671875,-1.6258,-5.6688,5.2124,1.1541,2,LEFT_MI
5156,20.140625,3.506,0.6061,1.1355,-0.6165,2,LEFT_MI
5157,20.14453125,0.1792,-1.3228,0.5005,0.893,2,LEFT_MI
5158,20.1484375,-2.0663,-3.6792,0.8027,-5.6256,2,LEFT_MI
5159,20.15234375,-0.3348,3.811,-0.6821,-4.4094,2,LEFT_MI
5160,20.15625,0.5298,-6.5888,8.5438,-3.1955,2,LEFT_MI
5161,20.16015625,4.9484,3.6319,0.579,-1.6099,2,LEFT_MI
5162,20.1640625,0.6007,3.2897,-2.3573,-1.4552,2,LEFT_MI
5163,20.16796875,-7.1867,7.3506,-2.1713,-6.6757,2,LEFT_MI
5164,20.171875,1.9296,-1.6517,-3.0893,-9.6341,2,LEFT_MI
5165,20.17578125,-8.8873,1.4345,-11.7851,-10.3213,2,LEFT_MI
5166,20.1796875,-5.8131,-3.3177,-8.7669,-5.6248,2,LEFT_MI
5167,20.18359375,-6.748,-1.0802,-6.1364,-5.4385,2,LEFT_MI
5168,20.1875,-7.9796,-5.0613,-6.9635,-3.312,2,LEFT_MI
5169,20.19140625,-11.09,-3.4656,-4.9161,-9.5338,2,LEFT_MI
5170,20.1953125,-0.4941,-0.2358,-0.4381,7.0759,2,LEFT_MI
5171,20.19921875,-0.6058,1.4569,-0.2661,-0.9762,2,LEFT_MI
5172,20.203125,2.4338,6.2649,-0.7459,3.7321,2,LEFT_MI
5173,20.20703125,5.0081,7.0112,0.1026,5.3204,2,LEFT_MI
5174,20.2109375,3.3937,4.4198,4.8933,6.6206,2,LEFT_MI
5175,20.21484375,7.0255,3.0589,8.6518,7.3008,2,LEFT_MI
5176,20.21875,9.7899,7.3024,2.1454,8.7154,2,LEFT_MI
5177,20.22265625,0.4131,4.8508,3.2606,7.7324,2,LEFT_MI
5178,20.2265625,4.2869,1.9347,4.852,3.9493,2,LEFT_MI
5179,20.23046875,0.862,5.0019,0.5896,-0.2534,2,LEFT_MI
5180,20.234375,-2.7598,2.0652,1.2438,-3.1536,2,LEFT_MI
5181,20.23828125,2.3755,-0.3604,3.0819,-2.8601,2,LEFT_MI
5182,20.2421875,0.905,-2.7665,2.6282,-2.9055,2,LEFT_MI
5183,20.24609375,0.8018,0.5256,3.9441,-10.0865,2,LEFT_MI
5184,20.25,1.2601,-3.8933,-0.305,-4.6745,2,LEFT_MI
5185,20.25390625,0.2441,-0.7892,1.1827,-2.2312,2,LEFT_MI
5186,20.2578125,0.4027,-3.9386,1.5891,-3.1822,2,LEFT_MI
5187,20.26171875,-3.3451,8.0345,3.5233,-4.147,2,LEFT_MI
5188,20.265625,-3.6897,3.524,-2.7539,-3.0184,2,LEFT_MI
5189,20.26953125,-4.0162,1.9482,-6.7281,-3.6046,2,LEFT_MI
5190,20.2734375,-6.5205,-3.2241,-4.4326,2.4804,2,LEFT_MI
5191,20.27734375,-12.5046,-2.6797,-2.4719,4.3847,2,LEFT_MI
5192,20.28125,-8.5883,-9.274,-14.0327,-1.82,2,LEFT_MI
5193,20.28515625,-0.9009,-2.8346,-12.0233,1.1869,2,LEFT_MI
5194,20.2890625,-9.0626,0.8408,-5.9872,2.7338,2,LEFT_MI
5195,20.29296875,-8.2078,0.571,-10.5294,-5.1611,2,LEFT_MI
5196,20.296875,-2.0894,0.4237,-1.6972,7.319,2,LEFT_MI
5197,20.30078125,-2.3829,-1.7935,5.5812,0.5856,2,LEFT_MI
5198,20.3046875,1.4637,1.3744,2.261,13.8691,2,LEFT_MI
5199,20.30859375,4.384,8.2027,2.0576,10.3757,2,LEFT_MI
5200,20.3125,11.2996,-0.1629,4.5051,9.9933,2,LEFT_MI
5201,20.31640625,6.7291,10.3444,3.7976,5.7148,2,LEFT_MI
5202,20.3203125,8.8064,4.5316,3.0438,5.2326,2,LEFT_MI
5203,20.32421875,9.8096,3.5855,4.8964,-0.8142,2,LEFT_MI
5204,20.328125,2.5545,-4.5529,3.9997,-2.2893,2,LEFT_MI
5205,20.33203125,8.2115,0.498,2.391,-1.4697,2,LEFT_MI
5206,20.3359375,1.816,-5.6528,1.5572,-3.636,2,LEFT_MI
5207,20.33984375,-3.8055,-2.2942,3.7619,0.4863,2,LEFT_MI
5208,20.34375,0.4631,-8.0759,-1.5833,-3.4306,2,LEFT_MI
5209,20.34765625,0.3938,3.2052,2.7583,-9.468,2,LEFT_MI
5210,20.3515625,0.9115,-0.2587,10.7304,-1.658,2,LEFT_MI
5211,20.35546875,-0.969,1.1452,2.3943,-1.8781,2,LEFT_MI
5212,20.359375,-0.1092,1.8642,0.4065,-9.2445,2,LEFT_MI
5213,20.36328125,-0.5623,1.662,1.9409,2.5946,2,LEFT_MI
5214,20.3671875,-2.1754,2.2417,-2.6452,-2.1018,2,LEFT_MI
5215,20.37109375,-4.6725,3.2366,-0.5037,-13.677,2,LEFT_MI
5216,20.375,-6.1044,-0.7754,-4.8358,2.8088,2,LEFT_MI
5217,20.37890625,-5.7404,-6.1945,-2.2655,-0.5266,2,LEFT_MI
5218,20.3828125,-3.9988,-2.8529,-7.5108,-0.1156,2,LEFT_MI
5219,20.38671875,-10.2232,-6.9283,-11.5848,-4.2956,2,LEFT_MI
5220,20.390625,-3.9072,-2.6418,-10.9801,4.5771,2,LEFT_MI
5221,20.39453125,-6.5471,1.6883,-0.8754,0.2998,2,LEFT_MI
5222,20.3984375,-5.7581,-2.7009,-4.1325,3.7285,2,LEFT_MI
5223,20.40234375,-1.4386,-3.6464,0.8529,12.2536,2,LEFT_MI
5224,20.40625,6.0756,7.0773,3.8755,4.9874,2,LEFT_MI
5225,20.41015625,9.2206,-0.9853,0.4944,10.1107,2,LEFT_MI
5226,20.4140625,4.7018,9.2245,4.1538,9.9845,2,LEFT_MI
5227,20.41796875,4.2642,5.5438,6.2178,9.1076,2,LEFT_MI
5228,20.421875,6.8107,8.0361,14.2703,0.8702,2,LEFT_MI
5229,20.42578125,9.2064,5.3879,4.2869,3.9232,2,LEFT_MI
5230,20.4296875,6.29,2.6739,4.7993,3.3052,2,LEFT_MI
5231,20.43359375,-1.0954,-3.375,5.0258,-3.9007,2,LEFT_MI
5232,20.4375,6.7575,-7.8766,-2.2333,-6.5069,2,LEFT_MI
5233,20.44140625,0.1157,-1.9544,0.8823,-2.711,2,LEFT_MI
5234,20.4453125,-5.9684,-3.6757,-1.6678,-2.576,2,LEFT_MI
5235,20.44921875,1.8769,-0.6775,6.3278,-6.6755,2,LEFT_MI
5236,20.453125,1.8741,-3.3066,-0.5296,-0.0093,2,LEFT_MI
5237,20.45703125,6.4098,0.3785,4.7964,0.585,2,LEFT_MI
5238,20.4609375,3.3079,0.2176,0.8559,0.2521,2,LEFT_MI
5239,20.46484375,1.5512,-0.1899,-0.3256,-0.9099,2,LEFT_MI
5240,20.46875,-1.6157,1.9343,3.9042,0.4307,2,LEFT_MI
5241,20.47265625,-3.8156,2.9848,-3.7728,-1.1394,2,LEFT_MI
5242,20.4765625,-7.3482,-7.3324,-8.118,-2.6487,2,LEFT_MI
5243,20.48046875,-11.0513,-2.0751,-5.0041,-1.0965,2,LEFT_MI
5244,20.484375,-10.0917,1.2556,-10.5953,-3.9597,2,LEFT_MI
5245,20.48828125,-7.784,-6.4255,-15.682,6.5001,2,LEFT_MI
5246,20.4921875,-2.9655,1.4214,-4.3591,3.4048,2,LEFT_MI
5247,20.49609375,-7.544,-2.1915,-7.4584,-1.9608,2,LEFT_MI
5248,20.5,-0.4052,2.0739,1.1757,4.6724,2,LEFT_MI
5249,20.50390625,6.299,2.4857,0.3772,5.9503,2,LEFT_MI
5250,20.5078125,7.7951,3.6192,0.398,8.4242,2,LEFT_MI
5251,20.51171875,5.9877,4.4444,3.371,4.5677,2,LEFT_MI
5252,20.515625,8.9738,7.8838,2.2662,6.7053,2,LEFT_MI
5253,20.51953125,-0.4388,2.2315,5.9317,6.6662,2,LEFT_MI
5254,20.5234375,3.3714,4.5683,6.744,5.6422,2,LEFT_MI
5255,20.52734375,-0.9379,-0.2185,8.6676,-7.7188,2,LEFT_MI
5256,20.53125,1.3252,-3.8764,0.229,-9.3036,2,LEFT_MI
5257,20.53515625,4.3115,-1.6534,3.7392,-13.1069,2,LEFT_MI
5258,20.5390625,2.8561,-8.7365,6.6596,-5.738,2,LEFT_MI
5259,20.54296875,-3.774,-3.5296,-0.3313,-12.4316,2,LEFT_MI
5260,20.546875,-1.634,4.5459,6.1288,-7.7039,2,LEFT_MI
5261,20.55078125,3.9822,-4.0625,5.7894,2.7915,2,LEFT_MI
5262,20.5546875,-3.3861,7.47,4.5883,-5.8445,2,LEFT_MI
5263,20.55859375,2.395,1.5566,6.5642,-3.3497,2,LEFT_MI
5264,20.5625,-1.3175,-0.7605,0.2122,2.5488,2,LEFT_MI
5265,20.56640625,-5.5192,3.775,4.934,-0.4504,2,LEFT_MI
5266,20.5703125,-3.0575,4.2675,-7.7479,1.2291,2,LEFT_MI
5267,20.57421875,-5.9106,-3.0967,-5.3548,1.4956,2,LEFT_MI
5268,20.578125,-8.5101,-1.1836,-10.5747,2.8427,2,LEFT_MI
5269,20.58203125,-4.101,-2.2866,-8.4992,2.6504,2,LEFT_MI
5270,20.5859375,-10.1261,-0.3821,-7.9599,2.5617,2,LEFT_MI
5271,20.58984375,-7.4082,-0.2526,-2.4227,2.8374,2,LEFT_MI
5272,20.59375,-5.6717,-2.2072,-6.3585,4.984,2,LEFT_MI
5273,20.59765625,1.1313,0.1471,-2.6609,6.7399,2,LEFT_MI
5274,20.6015625,4.6885,3.9193,-0.2259,10.6285,2,LEFT_MI
5275,20.60546875,3.8511,1.2406,0.1975,8.0057,2,LEFT_MI
5276,20.609375,0.7063,6.2584,4.5343,7.7028,2,LEFT_MI
5277,20.61328125,9.3423,4.9124,4.5531,7.4208,2,LEFT_MI
5278,20.6171875,9.3084,1.6542,6.3394,4.4412,2,LEFT_MI
5279,20.62109375,6.2349,3.1642,2.7871,1.3756,2,LEFT_MI
5280,20.625,6.4436,-1.1119,5.2931,-4.3478,2,LEFT_MI
5281,20.62890625,4.8595,4.4447,6.6072,-7.4388,2,LEFT_MI
5282,20.6328125,4.7772,-0.2656,-1.0944,-4.868,2,LEFT_MI
5283,20.63671875,3.9887,-5.8342,2.6018,-16.8061,2,LEFT_MI
5284,20.640625,6.8477,-3.1872,-0.8314,-9.2662,2,LEFT_MI
5285,20.64453125,-1.8497,-4.3078,2.6529,-9.7552,2,LEFT_MI
5286,20.6484375,0.1112,3.1072,4.439,-1.6028,2,LEFT_MI
5287,20.65234375,-0.0846,1.9708,11.8581,-8.3598,2,LEFT_MI
5288,20.65625,0.5605,-3.8954,6.1309,-4.0811,2,LEFT_MI
5289,20.66015625,5.01,3.0551,6.9714,-2.6976,2,LEFT_MI
5290,20.6640625,-7.1782,1.556,0.2777,2.4121,2,LEFT_MI
5291,20.66796875,-0.1185,3.7816,-1.79,2.7181,2,LEFT_MI
5292,20.671875,-5.278,1.2683,-7.4907,8.8077,2,LEFT_MI
5293,20.67578125,-7.959,-3.0052,-2.0724,-0.4014,2,LEFT_MI
5294,20.6796875,-4.4417,0.9674,-7.019,4.888,2,LEFT_MI
5295,20.68359375,-6.1537,-2.7651,-8.4878,4.8046,2,LEFT_MI
5296,20.6875,-8.2458,-3.9374,-9.6304,0.6438,2,LEFT_MI
5297,20.69140625,-9.5923,-8.3984,-6.1979,4.5559,2,LEFT_MI
5298,20.6953125,-2.3262,-0.338,-3.06,1.6814,2,LEFT_MI
5299,20.69921875,1.6749,-1.5503,-4.6091,6.5229,2,LEFT_MI
5300,20.703125,0.3747,1.4892,-7.7273,3.475,2,LEFT_MI
5301,20.70703125,3.5567,1.8951,-3.167,7.3381,2,LEFT_MI
5302,20.7109375,9.9783,4.8174,2.2305,6.8609,2,LEFT_MI
5303,20.71484375,4.9772,1.8283,6.1013,1.3481,2,LEFT_MI
5304,20.71875,12.2877,2.9762,0.9405,-5.1504,2,LEFT_MI
5305,20.72265625,7.5141,2.2397,6.216,-7.0976,2,LEFT_MI
5306,20.7265625,0.8646,6.5459,4.3343,-6.5161,2,LEFT_MI
5307,20.73046875,3.8718,0.848,1.9,-7.6401,2,LEFT_MI
5308,20.734375,3.3949,-3.8234,-4.1582,-10.5573,2,LEFT_MI
5309,20.73828125,0.593,-2.2367,2.1391,-4.2211,2,LEFT_MI
5310,20.7421875,3.9796,-9.4287,-0.6108,-8.9926,2,LEFT_MI
5311,20.74609375,-2.8726,-6.243,0.7314,-2.6811,2,LEFT_MI
5312,20.75,-0.0373,0.3218,8.8947,-3.6832,2,LEFT_MI
5313,20.75390625,-1.2443,0.1807,3.0142,-7.4604,2,LEFT_MI
5314,20.7578125,-8.8939,-1.8853,3.3952,3.9877,2,LEFT_MI
5315,20.76171875,1.0292,-0.3699,11.7852,3.6765,2,LEFT_MI
5316,20.765625,-7.8686,2.4393,4.1005,4.0607,2,LEFT_MI
5317,20.76953125,-2.3939,1.5513,1.5615,6.7157,2,LEFT_MI
5318,20.7734375,-1.2149,3.8413,0.5709,3.43,2,LEFT_MI
5319,20.77734375,-10.0421,-3.8968,-9.6556,8.437,2,LEFT_MI
5320,20.78125,-10.2483,-1.7002,-10.7161,-1.7739,2,LEFT_MI
5321,20.78515625,-10.0808,-0.6404,-3.7179,7.5258,2,LEFT_MI
5322,20.7890625,-10.6694,-0.6008,-11.8888,5.5501,2,LEFT_MI
5323,20.79296875,-4.6119,-2.7028,-6.4679,4.0197,2,LEFT_MI
5324,20.796875,-1.7635,-0.8875,-7.5472,-1.6211,2,LEFT_MI
5325,20.80078125,-4.0477,3.3554,-6.5364,2.6361,2,LEFT_MI
5326,20.8046875,-0.1204,-1.1191,-5.8819,5.0635,2,LEFT_MI
5327,20.80859375,7.0602,2.9936,-0.4019,1.568,2,LEFT_MI
5328,20.8125,8.1848,3.2464,-0.7385,5.0015,2,LEFT_MI
5329,20.81640625,7.6027,6.0689,-0.2454,1.3233,2,LEFT_MI
5330,20.8203125,18.7255,3.4294,5.9719,-6.4551,2,LEFT_MI
5331,20.82421875,6.8645,1.071,7.2329,-3.7723,2,LEFT_MI
5332,20.828125,7.8826,0.1645,4.5415,-7.2709,2,LEFT_MI
5333,20.83203125,5.1071,-0.1459,-3.3208,-4.9769,2,LEFT_MI
5334,20.8359375,5.3479,-4.2405,2.0697,-11.1737,2,LEFT_MI
5335,20.83984375,0.6029,2.5868,4.5512,-6.6537,2,LEFT_MI
5336,20.84375,2.4513,-5.2298,3.0516,-7.4541,2,LEFT_MI
5337,20.84765625,-0.3164,1.0321,10.4973,-1.1528,2,LEFT_MI
5338,20.8515625,6.266,-1.3591,7.3373,0.0044,2,LEFT_MI
5339,20.85546875,1.1541,5.2239,7.1426,-1.0146,2,LEFT_MI
5340,20.859375,6.1908,1.8432,9.3798,7.8324,2,LEFT_MI
5341,20.86328125,-3.8457,0.6894,2.5628,6.4786,2,LEFT_MI
5342,20.8671875,5.0567,2.7067,2.7618,4.0935,2,LEFT_MI
5343,20.87109375,-3.8768,2.2654,0.449,3.332,2,LEFT_MI
5344,20.875,-4.1223,-1.1218,-1.3915,7.4894,2,LEFT_MI
5345,20.87890625,-6.8966,-0.434,-11.3536,1.4357,2,LEFT_MI
5346,20.8828125,-9.849,-1.4678,-7.714,1.1484,2,LEFT_MI
5347,20.88671875,-10.299,-3.5316,-9.0022,0.3667,2,LEFT_MI
5348,20.890625,-0.4552,-1.4166,-10.5789,-0.0162,2,LEFT_MI
5349,20.89453125,-4.2597,-6.8897,-4.2777,1.887,2,LEFT_MI
5350,20.8984375,2.6369,-3.2926,-5.8425,2.2293,2,LEFT_MI
5351,20.90234375,-1.0274,-1.8844,-2.3846,3.0956,2,LEFT_MI
5352,20.90625,5.9417,2.3744,-3.2665,2.9595,2,LEFT_MI
5353,20.91015625,5.2223,2.0167,2.088,0.5668,2,LEFT_MI
5354,20.9140625,10.9972,6.0415,-0.0442,2.9367,2,LEFT_MI
5355,20.91796875,2.8706,10.6487,2.8527,-5.0931,2,LEFT_MI
5356,20.921875,2.4364,4.339,1.4631,-5.0201,2,LEFT_MI
5357,20.92578125,1.342,4.1504,1.0299,-4.4218,2,LEFT_MI
5358,20.9296875,1.8863,1.0834,5.1025,-13.8765,2,LEFT_MI
5359,20.93359375,-2.0319,-4.4025,-3.3838,-2.5517,2,LEFT_MI
5360,20.9375,1.6019,-3.233,4.018,-8.008,2,LEFT_MI
5361,20.94140625,3.1045,-6.8796,1.1234,-11.7037,2,LEFT_MI
5362,20.9453125,1.1412,-0.3651,0.8128,-0.0988,2,LEFT_MI
5363,20.94921875,6.9074,-5.7884,5.4733,-0.5092,2,LEFT_MI
5364,20.953125,3.6777,-0.8695,5.9429,5.7482,2,LEFT_MI
5365,20.95703125,-0.5231,0.3375,8.1684,16.2719,2,LEFT_MI
5366,20.9609375,-0.4934,5.1182,2.6234,5.0025,2,LEFT_MI
5367,20.96484375,5.4638,2.3252,1.4719,1.9976,2,LEFT_MI
5368,20.96875,-8.0411,3.2121,-1.4181,5.2575,2,LEFT_MI
5369,20.97265625,-2.06,-4.6733,-2.6375,13.3978,2,LEFT_MI
5370,20.9765625,-7.3082,-2.2648,-3.1782,4.6717,2,LEFT_MI
5371,20.98046875,-11.4627,-3.039,-4.0908,5.1548,2,LEFT_MI
5372,20.984375,-5.162,-5.6851,-10.5592,1.1251,2,LEFT_MI
5373,20.98828125,-11.1476,-5.3612,-5.9641,3.5743,2,LEFT_MI
5374,20.9921875,-7.5202,-0.8589,-12.268,-3.8777,2,LEFT_MI
5375,20.99609375,-5.7273,-4.2456,-11.9443,0.595,2,LEFT_MI
5376,21.0,3.8721,3.0061,-5.8689,1.4145,2,LEFT_MI
5377,21.00390625,5.3475,5.3144,-7.1382,0.4591,2,LEFT_MI
5378,21.0078125,5.6922,3.6724,2.1352,-6.6832,2,LEFT_MI
5379,21.01171875,6.8239,4.1007,5.9981,-0.7664,2,LEFT_MI
5380,21.015625,7.2365,4.9198,1.8973,-1.1057,2,LEFT_MI
5381,21.01953125,8.838,1.5545,7.6588,-5.8077,2,LEFT_MI
5382,21.0234375,7.2772,2.4247,2.3874,-2.963,2,LEFT_MI
5383,21.02734375,10.0568,-1.6959,2.3997,-3.0153,2,LEFT_MI
5384,21.03125,5.5568,-0.0254,-1.6188,-9.8687,2,LEFT_MI
5385,21.03515625,-2.6145,-2.9965,5.8958,-11.1023,2,LEFT_MI
5386,21.0390625,2.0028,-2.3511,-1.0986,-10.3458,2,LEFT_MI
5387,21.04296875,-0.8229,2.0272,4.8112,-3.3897,2,LEFT_MI
5388,21.046875,1.0448,-7.0291,5.7165,-1.6871,2,LEFT_MI
5389,21.05078125,-0.8623,-6.5657,11.6526,4.5359,2,LEFT_MI
5390,21.0546875,-0.4987,-1.5465,6.4057,6.1799,2,LEFT_MI
5391,21.05859375,-3.3829,6.2827,6.482,6.1323,2,LEFT_MI
5392,21.0625,1.807,4.1255,4.8982,8.158,2,LEFT_MI
5393,21.06640625,-5.424,3.079,7.4501,5.19,2,LEFT_MI
5394,21.0703125,0.5274,-2.9994,0.5503,5.2584,2,LEFT_MI
5395,21.07421875,-10.1744,5.2794,3.4842,6.8459,2,LEFT_MI
5396,21.078125,-7.4262,-0.3482,-4.8607,-0.023,2,LEFT_MI
5397,21.08203125,-6.5968,-5.1077,-9.3661,1.9801,2,LEFT_MI
5398,21.0859375,-11.8182,1.8578,-11.8605,-0.9629,2,LEFT_MI
5399,21.08984375,-3.2585,3.9735,-9.5044,-1.4982,2,LEFT_MI
5400,21.09375,-9.3205,6.5134,-8.9018,-5.1461,2,LEFT_MI
5401,21.09765625,-1.6853,-4.0186,2.9509,-0.586,2,LEFT_MI
5402,21.1015625,0.2006,0.8501,-4.8809,-1.5966,2,LEFT_MI
5403,21.10546875,-2.4483,5.2326,-4.1484,-3.0944,2,LEFT_MI
5404,21.109375,4.5758,1.3674,-1.2272,1.0278,2,LEFT_MI
5405,21.11328125,6.1171,3.6455,-4.4145,-2.0274,2,LEFT_MI
5406,21.1171875,7.5998,0.7915,0.2606,-5.7598,2,LEFT_MI
5407,21.12109375,2.6385,0.7636,-5.3954,-5.5706,2,LEFT_MI
5408,21.125,3.7796,2.7915,-0.6744,-5.2543,2,LEFT_MI
5409,21.12890625,4.7276,-2.4579,-0.5975,-1.2475,2,LEFT_MI
5410,21.1328125,4.4873,-2.0858,4.6555,-1.4024,2,LEFT_MI
5411,21.13671875,-0.8655,-6.1374,3.0753,-6.0719,2,LEFT_MI
5412,21.140625,0.8892,-3.7848,5.2628,-0.396,2,LEFT_MI
5413,21.14453125,3.0442,-4.7386,2.0576,-1.8515,2,LEFT_MI
5414,21.1484375,-0.0127,-2.2467,9.7531,-4.8801,2,LEFT_MI
5415,21.15234375,-5.4225,-0.7375,7.8356,4.4699,2,LEFT_MI
5416,21.15625,0.454,1.3405,6.8278,4.8497,2,LEFT_MI
5417,21.16015625,0.8952,1.3359,6.8009,3.504,2,LEFT_MI
5418,21.1640625,0.5339,0.4021,4.0877,11.8045,2,LEFT_MI
5419,21.16796875,-2.0043,3.356,1.2382,8.9588,2,LEFT_MI
5420,21.171875,-10.4813,-0.1387,5.5731,5.2548,2,LEFT_MI
5421,21.17578125,-2.3556,-3.4543,2.5065,0.0087,2,LEFT_MI
5422,21.1796875,-4.7559,-2.5759,-6.1087,-3.4064,2,LEFT_MI
5423,21.18359375,-11.5204,-1.3257,-7.7346,0.0219,2,LEFT_MI
5424,21.1875,-11.5292,0.9891,-5.1143,-3.6688,2,LEFT_MI
5425,21.19140625,-3.3443,-0.5937,-8.6568,-1.555,2,LEFT_MI
5426,21.1953125,-2.3692,1.5602,-9.6021,-5.5738,2,LEFT_MI
5427,21.19921875,0.826,2.7623,-3.9812,-2.03,2,LEFT_MI
5428,21.203125,0.6591,0.1553,-7.1084,-3.5097,2,LEFT_MI
5429,21.20703125,3.2959,9.7942,-4.1135,-1.8779,2,LEFT_MI
5430,21.2109375,6.9537,6.2546,-4.5446,-1.9112,2,LEFT_MI
5431,21.21484375,7.6747,-1.7179,-3.4765,-5.81,2,LEFT_MI
5432,21.21875,11.7211,3.6477,-2.5658,-3.0773,2,LEFT_MI
5433,21.22265625,4.5516,-2.4448,3.927,-1.5224,2,LEFT_MI
5434,21.2265625,0.9239,1.3513,-6.9283,-4.6957,2,LEFT_MI
5435,21.23046875,0.4217,5.9251,-1.8595,-5.3647,2,LEFT_MI
5436,21.234375,-1.6623,-4.1541,0.1249,-2.6815,2,LEFT_MI
5437,21.23828125,2.0516,-1.5114,-0.0412,-4.3225,2,LEFT_MI
5438,21.2421875,1.3852,-2.8535,2.6609,-0.8351,2,LEFT_MI
5439,21.24609375,0.4117,-6.3264,8.9078,-3.3662,2,LEFT_MI
5440,21.25,-1.7311,-1.8768,1.1285,8.9564,2,LEFT_MI
5441,21.25390625,-2.4083,-2.8683,9.1855,7.8229,2,LEFT_MI
5442,21.2578125,0.2055,0.3407,11.3766,7.1607,2,LEFT_MI
5443,21.26171875,0.2058,-2.281,5.8175,9.0026,2,LEFT_MI
5444,21.265625,0.7365,3.8553,0.9094,10.7416,2,LEFT_MI
5445,21.26953125,-0.5422,-1.3613,2.3379,8.596,2,LEFT_MI
5446,21.2734375,-4.7994,-4.7143,5.1947,2.5572,2,LEFT_MI
5447,21.27734375,-3.5526,-2.2603,4.0376,1.4981,2,LEFT_MI
5448,21.28125,-3.3999,-1.054,-5.3638,1.6567,2,LEFT_MI
5449,21.28515625,-7.9344,-2.2121,-1.0233,-5.8795,2,LEFT_MI
5450,21.2890625,-9.6567,3.4871,-11.6501,-6.678,2,LEFT_MI
5451,21.29296875,-4.5701,1.3902,-5.3325,-8.0078,2,LEFT_MI
5452,21.296875,-1.024,4.1323,-7.5392,-6.5851,2,LEFT_MI
5453,21.30078125,1.2218,2.368,-5.0091,-7.3039,2,LEFT_MI
5454,21.3046875,-3.1012,6.807,-4.6136,1.3913,2,LEFT_MI
5455,21.30859375,4.973,1.3576,1.8601,-10.7762,2,LEFT_MI
5456,21.3125,7.6173,2.4991,2.7195,-2.305,2,LEFT_MI
5457,21.31640625,-0.952,3.7179,0.8356,-6.0389,2,LEFT_MI
5458,21.3203125,7.2235,2.277,-4.7604,0.3691,2,LEFT_MI
5459,21.32421875,4.2343,0.3864,-2.8196,-5.1633,2,LEFT_MI
5460,21.328125,5.1891,-1.5592,-1.3766,-1.0984,2,LEFT_MI
5461,21.33203125,1.265,-3.0851,-4.2695,-3.9368,2,LEFT_MI
5462,21.3359375,2.5046,-6.7532,1.1376,-7.5449,2,LEFT_MI
5463,21.33984375,5.1469,-4.0326,4.734,-2.5756,2,LEFT_MI
5464,21.34375,0.932,-7.0071,6.9005,2.5813,2,LEFT_MI
5465,21.34765625,-2.1505,2.9392,2.4418,4.4049,2,LEFT_MI
5466,21.3515625,0.0566,0.5634,4.102,0.4658,2,LEFT_MI
5467,21.35546875,4.0438,-1.418,9.9844,9.0582,2,LEFT_MI
5468,21.359375,0.5125,2.5693,5.6396,7.2512,2,LEFT_MI
5469,21.36328125,0.6054,1.7054,9.0806,7.6188,2,LEFT_MI
5470,21.3671875,1.246,2.0828,8.5618,6.5297,2,LEFT_MI
5471,21.37109375,0.4467,-0.0214,2.724,5.3288,2,LEFT_MI
5472,21.375,-7.1334,-1.4134,1.8012,5.3607,2,LEFT_MI
5473,21.37890625,-6.5657,2.5016,0.5344,0.8699,2,LEFT_MI
5474,21.3828125,-5.4228,-6.6161,-5.8391,-2.6707,2,LEFT_MI
5475,21.38671875,-5.1556,0.0223,-4.385,-3.5289,2,LEFT_MI
5476,21.390625,-7.0673,-1.5728,-8.8517,-10.4382,2,LEFT_MI
5477,21.39453125,-7.7405,-4.3568,-8.5788,-5.6557,2,LEFT_MI
5478,21.3984375,0.3685,2.0619,-7.1175,-4.4031,2,LEFT_MI
5479,21.40234375,-1.4391,-1.7025,-3.1952,-5.3647,2,LEFT_MI
5480,21.40625,-1.862,4.3304,-5.1361,-6.2412,2,LEFT_MI
5481,21.41015625,4.3178,5.7686,-3.0647,-5.8166,2,LEFT_MI
5482,21.4140625,7.4384,8.9639,-0.8159,-1.6538,2,LEFT_MI
5483,21.41796875,9.337,2.6592,-6.8677,-0.9654,2,LEFT_MI
5484,21.421875,3.8357,-4.5861,-4.9975,-1.794,2,LEFT_MI
5485,21.42578125,5.9845,0.8579,2.9293,2.7232,2,LEFT_MI
5486,21.4296875,0.4127,-4.9261,-0.7485,-0.1673,2,LEFT_MI
5487,21.43359375,-0.9009,-0.1118,-1.5633,-0.7794,2,LEFT_MI
5488,21.4375,8.1377,-0.3995,-3.8613,2.3585,2,LEFT_MI
5489,21.44140625,-2.7509,-4.2575,4.1885,-7.1763,2,LEFT_MI
5490,21.4453125,1.8425,-0.3442,4.0921,1.5796,2,LEFT_MI
5491,21.44921875,-2.9209,-6.0234,5.9,4.6432,2,LEFT_MI
5492,21.453125,3.0443,2.5399,9.1377,4.5976,2,LEFT_MI
5493,21.45703125,0.7021,-1.3999,5.6308,7.9034,2,LEFT_MI
5494,21.4609375,-0.919,6.5258,8.7442,4.1536,2,LEFT_MI
5495,21.46484375,-4.3468,-0.705,11.5303,9.5532,2,LEFT_MI
5496,21.46875,-5.9594,0.9229,1.8031,3.5287,2,LEFT_MI
5497,21.47265625,-6.4356,5.0015,9.3218,7.0093,2,LEFT_MI
5498,21.4765625,-0.9483,1.8579,2.1558,-3.4218,2,LEFT_MI
5499,21.48046875,-6.5456,-0.6804,-1.9047,-2.4371,2,LEFT_MI
5500,21.484375,-8.5862,0.9036,-5.406,-7.1367,2,LEFT_MI
5501,21.48828125,-12.0866,-0.6821,-0.7891,-9.4057,2,LEFT_MI
5502,21.4921875,-3.619,-0.6446,-7.9763,-8.5485,2,LEFT_MI
5503,21.49609375,-2.5484,1.4274,-5.1153,-8.7998,2,LEFT_MI
5504,21.5,2.9725,4.0197,-3.5218,-8.0136,2,LEFT_MI
5505,21.50390625,8.1548,3.8798,-2.0917,-7.7288,2,LEFT_MI
5506,21.5078125,3.3486,8.5276,-5.964,1.4283,2,LEFT_MI
5507,21.51171875,12.7239,-0.2045,-3.6126,-0.9086,2,LEFT_MI
5508,21.515625,9.7704,0.5075,-0.0943,-1.9259,2,LEFT_MI
5509,21.51953125,5.4949,3.3602,-5.9571,-0.5818,2,LEFT_MI
5510,21.5234375,0.5485,2.1535,-5.5738,2.7125,2,LEFT_MI
5511,21.52734375,3.8872,-1.1213,0.2866,-2.8465,2,LEFT_MI
5512,21.53125,8.7521,0.0756,-4.9057,12.46,2,LEFT_MI
5513,21.53515625,1.0858,-3.1773,-2.0121,3.7952,2,LEFT_MI
5514,21.5390625,-0.094,-4.5338,-0.2889,8.4057,2,LEFT_MI
5515,21.54296875,-0.5906,-5.053,5.3628,3.0062,2,LEFT_MI
5516,21.546875,-2.7001,-0.4707,5.2611,4.1108,2,LEFT_MI
5517,21.55078125,-5.8464,-3.1435,9.0531,3.5275,2,LEFT_MI
5518,21.5546875,6.2763,5.43,8.5412,10.7591,2,LEFT_MI
5519,21.55859375,-1.8827,1.4887,4.2199,2.5216,2,LEFT_MI
5520,21.5625,-0.8655,4.8745,11.0025,4.2419,2,LEFT_MI
5521,21.56640625,-1.3275,1.3979,3.4135,4.8561,2,LEFT_MI
5522,21.5703125,-6.3108,-3.3485,4.4493,0.7667,2,LEFT_MI
5523,21.57421875,-3.9794,3.1926,1.5042,1.445,2,LEFT_MI
5524,21.578125,-7.6471,-2.0547,3.434,-7.4429,2,LEFT_MI
5525,21.58203125,-7.0408,-1.2502,-0.8241,-3.1791,2,LEFT_MI
5526,21.5859375,-9.3094,-5.4981,-8.1737,-8.8271,2,LEFT_MI
5527,21.58984375,-3.2268,1.5533,-6.3839,-10.2238,2,LEFT_MI
5528,21.59375,-4.5219,1.3984,-2.1568,-10.7087,2,LEFT_MI
5529,21.59765625,-0.8893,6.3168,-4.5045,-8.0392,2,LEFT_MI
5530,21.6015625,3.885,4.2649,-2.8017,-2.2811,2,LEFT_MI
5531,21.60546875,3.8507,2.5091,-2.4548,-6.5732,2,LEFT_MI
5532,21.609375,8.7378,6.1719,-4.31,-1.8502,2,LEFT_MI
5533,21.61328125,9.4768,2.5388,-1.1038,0.6329,2,LEFT_MI
5534,21.6171875,11.5254,-1.762,-5.4651,-0.6989,2,LEFT_MI
5535,21.62109375,13.5748,0.9419,-6.7569,1.1447,2,LEFT_MI
5536,21.625,9.9563,-2.3112,-4.5148,5.0628,2,LEFT_MI
5537,21.62890625,6.0421,-1.2442,1.2032,-3.6567,2,LEFT_MI
5538,21.6328125,6.7554,-0.4227,-8.7734,6.2045,2,LEFT_MI
5539,21.63671875,4.8443,-1.0445,3.5196,5.0707,2,LEFT_MI
5540,21.640625,-1.4251,-6.6788,-0.5757,2.0416,2,LEFT_MI
5541,21.64453125,-1.2296,-4.5852,1.094,0.6039,2,LEFT_MI
5542,21.6484375,-4.0809,-2.2664,6.2595,1.0257,2,LEFT_MI
5543,21.65234375,-0.1064,-0.0419,3.2156,5.4392,2,LEFT_MI
5544,21.65625,1.9839,-0.8029,7.707,6.5755,2,LEFT_MI
5545,21.66015625,1.696,2.1416,7.718,10.9319,2,LEFT_MI
5546,21.6640625,-1.2791,3.958,8.8327,3.0301,2,LEFT_MI
5547,21.66796875,-6.3325,-1.9556,5.7566,2.9968,2,LEFT_MI
5548,21.671875,-4.4463,6.1951,6.3657,4.9216,2,LEFT_MI
5549,21.67578125,-9.5541,2.0289,-2.2755,-6.4754,2,LEFT_MI
5550,21.6796875,-2.7258,-0.2695,-0.1867,-6.6393,2,LEFT_MI
5551,21.68359375,-6.9918,0.7843,-6.7439,-10.4745,2,LEFT_MI
5552,21.6875,-1.3204,-2.4364,-2.8903,-4.4759,2,LEFT_MI
5553,21.69140625,-2.6468,1.3576,-3.1345,-10.7393,2,LEFT_MI
5554,21.6953125,-9.2636,0.4312,-7.9404,-9.2596,2,LEFT_MI
5555,21.69921875,-4.4224,3.0748,-4.6034,-6.8736,2,LEFT_MI
5556,21.703125,0.7498,6.7335,-5.8978,0.2094,2,LEFT_MI
5557,21.70703125,4.9976,3.9677,-1.8294,0.6943,2,LEFT_MI
5558,21.7109375,3.1765,1.8925,-1.2181,-1.3909,2,LEFT_MI
5559,21.71484375,8.3794,-0.2683,-0.8438,2.2149,2,LEFT_MI
5560,21.71875,9.2589,4.2252,1.3714,-2.9792,2,LEFT_MI
5561,21.72265625,8.5419,0.4159,-5.9008,3.2032,2,LEFT_MI
5562,21.7265625,3.6629,0.1931,0.4473,6.6526,2,LEFT_MI
5563,21.73046875,1.3556,-5.0816,-6.2398,2.9149,2,LEFT_MI
5564,21.734375,2.4654,-6.9677,-4.3704,3.4642,2,LEFT_MI
5565,21.73828125,1.1664,-10.6266,1.4186,4.2344,2,LEFT_MI
5566,21.7421875,2.2391,-4.999,0.4359,2.9958,2,LEFT_MI
5567,21.74609375,1.5252,-2.7472,0.7159,5.091,2,LEFT_MI
5568,21.75,-1.2805,0.342,5.1866,2.9982,2,LEFT_MI
5569,21.75390625,2.6394,-3.6004,9.4303,2.4822,2,LEFT_MI
5570,21.7578125,-0.2214,2.3345,6.5293,3.7044,2,LEFT_MI
5571,21.76171875,-0.3631,-1.7793,8.5509,6.4172,2,LEFT_MI
5572,21.765625,-5.1572,4.7866,12.3134,-5.0628,2,LEFT_MI
5573,21.76953125,-3.3825,-1.678,8.2885,-5.0512,2,LEFT_MI
5574,21.7734375,-3.0594,2.9974,3.4129,-6.7019,2,LEFT_MI
5575,21.77734375,-4.7547,-2.3238,1.1109,-8.9816,2,LEFT_MI
5576,21.78125,-4.4306,3.6014,-2.1458,-9.7779,2,LEFT_MI
5577,21.78515625,-3.8409,-1.8505,3.1351,-7.4929,2,LEFT_MI
5578,21.7890625,-7.1473,-0.8145,-10.8882,-9.8155,2,LEFT_MI
5579,21.79296875,-5.3737,-4.4415,-6.2795,-6.0094,2,LEFT_MI
5580,21.796875,-4.6542,-4.4065,-7.2195,-8.6965,2,LEFT_MI
5581,21.80078125,2.2575,3.0528,-3.9075,-4.8872,2,LEFT_MI
5582,21.8046875,4.2897,0.9633,-2.2903,-8.1225,2,LEFT_MI
5583,21.80859375,3.3756,7.5626,-8.6368,3.038,2,LEFT_MI
5584,21.8125,3.2236,1.9697,1.7505,8.9006,2,LEFT_MI
5585,21.81640625,11.1918,0.8984,-2.8653,5.8539,2,LEFT_MI
5586,21.8203125,6.5917,-0.9405,-1.2315,10.2691,2,LEFT_MI
5587,21.82421875,5.3554,-8.0788,-9.7757,7.3143,2,LEFT_MI
5588,21.828125,3.6338,-2.0557,-3.8178,5.5447,2,LEFT_MI
5589,21.83203125,0.0415,-2.3429,-7.9449,0.7986,2,LEFT_MI
5590,21.8359375,-2.1986,-3.0713,-3.2817,5.0987,2,LEFT_MI
5591,21.83984375,4.8758,-4.9251,-2.7851,-2.1484,2,LEFT_MI
5592,21.84375,-5.5378,-4.9766,4.3337,1.1796,2,LEFT_MI
5593,21.84765625,0.8464,0.955,0.0642,3.6382,2,LEFT_MI
5594,21.8515625,-1.969,3.398,6.1372,-1.9505,2,LEFT_MI
5595,21.85546875,0.4664,2.3952,6.6009,3.9454,2,LEFT_MI
5596,21.859375,3.3708,2.6392,3.2067,4.603,2,LEFT_MI
5597,21.86328125,-3.8971,1.8597,4.8567,3.8847,2,LEFT_MI
5598,21.8671875,1.3234,4.2354,3.7013,-1.2893,2,LEFT_MI
5599,21.87109375,-2.067,5.7392,7.24,2.6275,2,LEFT_MI
5600,21.875,-6.3756,1.9136,2.5807,-7.647,2,LEFT_MI
5601,21.87890625,-1.7207,-4.8468,4.2231,-10.83,2,LEFT_MI
5602,21.8828125,-12.4762,-3.1663,3.8971,-12.7223,2,LEFT_MI
5603,21.88671875,-11.3868,-5.3363,-1.3006,-15.9279,2,LEFT_MI
5604,21.890625,-6.967,-2.7941,-2.9433,-12.0648,2,LEFT_MI
5605,21.89453125,-1.3968,1.8765,-7.3532,-0.0153,2,LEFT_MI
5606,21.8984375,1.3118,1.6102,-8.7236,-5.6848,2,LEFT_MI
5607,21.90234375,-0.383,0.3967,-1.1997,-2.5478,2,LEFT_MI
5608,21.90625,5.7062,3.9681,-4.0379,-0.6636,2,LEFT_MI
5609,21.91015625,5.0413,6.0783,-5.0605,7.3983,2,LEFT_MI
5610,21.9140625,6.8586,4.9275,-9.7775,2.0043,2,LEFT_MI
5611,21.91796875,10.2957,0.8656,-2.8058,9.0752,2,LEFT_MI
5612,21.921875,10.7956,0.3608,-6.3501,4.8123,2,LEFT_MI
5613,21.92578125,3.2798,-6.5873,-9.2057,3.5924,2,LEFT_MI
5614,21.9296875,4.2644,-0.4628,-3.0813,1.7645,2,LEFT_MI
5615,21.93359375,9.771,0.3275,-5.0644,5.7969,2,LEFT_MI
5616,21.9375,1.0116,-10.4989,-3.6019,5.8702,2,LEFT_MI
5617,21.94140625,-0.4955,-4.4551,3.3952,-2.5089,2,LEFT_MI
5618,21.9453125,0.7642,-1.83,5.0545,-0.9056,2,LEFT_MI
5619,21.94921875,-2.0754,1.6886,8.5684,1.9936,2,LEFT_MI
5620,21.953125,-2.9687,0.7873,8.9887,-4.1417,2,LEFT_MI
5621,21.95703125,2.5295,3.2361,5.5021,3.6518,2,LEFT_MI
5622,21.9609375,-0.8983,3.7872,8.9404,-4.2283,2,LEFT_MI
5623,21.96484375,-2.1176,2.4912,5.8917,0.4781,2,LEFT_MI
5624,21.96875,-1.7963,-1.8612,8.7936,-5.564,2,LEFT_MI
5625,21.97265625,-2.2823,3.1851,4.6405,-7.1294,2,LEFT_MI
5626,21.9765625,-4.5026,2.5524,1.9992,-0.6313,2,LEFT_MI
5627,21.98046875,-8.7603,-1.8346,1.7318,-3.8465,2,LEFT_MI
5628,21.984375,-11.601,-1.9022,-5.1792,-10.9727,2,LEFT_MI
5629,21.98828125,-6.6586,2.8332,0.3379,-10.3788,2,LEFT_MI
5630,21.9921875,-0.5557,2.56,-6.0959,-8.1145,2,LEFT_MI
5631,21.99609375,-3.751,1.5112,-2.2695,-6.5577,2,LEFT_MI
5632,22.0,2.7357,-2.0682,-6.5871,2.9508,2,LEFT_MI
5633,22.00390625,1.8737,2.0245,-3.9007,6.9454,2,LEFT_MI
5634,22.0078125,1.9875,-2.4888,-4.2583,4.786,2,LEFT_MI
5635,22.01171875,8.4324,3.2368,-4.2076,5.64,2,LEFT_MI
5636,22.015625,8.1799,-3.6748,-3.5702,4.7997,2,LEFT_MI
5637,22.01953125,10.8247,1.8131,4.4136,7.0384,2,LEFT_MI
5638,22.0234375,6.5335,-0.2349,-4.3446,8.2826,2,LEFT_MI
5639,22.02734375,9.9309,-4.0019,-7.7241,7.7003,2,LEFT_MI
5640,22.03125,6.7102,-6.9552,-5.3176,6.5288,2,LEFT_MI
5641,22.03515625,-1.0338,-1.1094,-1.9423,2.2835,2,LEFT_MI
5642,22.0390625,0.2404,-6.2938,-0.2706,2.3056,2,LEFT_MI
5643,22.04296875,-3.9635,-2.9416,0.2495,2.1365,2,LEFT_MI
5644,22.046875,0.261,-2.2535,3.1616,-1.2691,2,LEFT_MI
5645,22.05078125,0.6924,2.2313,0.9636,-1.6591,2,LEFT_MI
5646,22.0546875,-2.0106,-0.6325,4.8804,-4.6956,2,LEFT_MI
5647,22.05859375,-3.4346,-0.0831,9.7731,-0.7845,2,LEFT_MI
5648,22.0625,-2.7539,2.2563,6.9833,-1.3907,2,LEFT_MI
5649,22.06640625,-4.98,0.4836,12.9685,-0.3667,2,LEFT_MI
5650,22.0703125,-7.5719,-1.5439,10.5543,2.7088,2,LEFT_MI
5651,22.07421875,-8.458,-2.2026,2.8333,-6.7157,2,LEFT_MI
5652,22.078125,-10.1768,0.823,3.3206,-7.9168,2,LEFT_MI
5653,22.08203125,-4.7679,1.4295,0.1167,-6.187,2,LEFT_MI
5654,22.0859375,-11.1367,2.9906,-6.4173,-8.3151,2,LEFT_MI
5655,22.08984375,-7.564,1.7266,0.7497,-8.2281,2,LEFT_MI
5656,22.09375,-5.3425,3.3341,-1.3425,-4.2652,2,LEFT_MI
5657,22.09765625,-2.9084,-2.463,-9.0109,2.7804,2,LEFT_MI
5658,22.1015625,-0.9531,5.4739,-0.1638,7.5392,2,LEFT_MI
5659,22.10546875,5.533,3.9619,-3.3664,4.0976,2,LEFT_MI
5660,22.109375,3.6936,5.0425,-3.2358,8.5561,2,LEFT_MI
5661,22.11328125,8.6072,6.7626,-3.2226,6.3634,2,LEFT_MI
5662,22.1171875,6.9724,2.5418,-6.9374,10.6947,2,LEFT_MI
5663,22.12109375,9.8771,1.1704,-3.1761,9.2275,2,LEFT_MI
5664,22.125,5.4089,-4.47,-5.5728,-0.3435,2,LEFT_MI
5665,22.12890625,7.1483,-4.0539,-6.7462,4.7584,2,LEFT_MI
5666,22.1328125,2.3494,-9.1241,-1.294,4.7556,2,LEFT_MI
5667,22.13671875,-2.6462,-8.243,-8.6488,-0.0687,2,LEFT_MI
5668,22.140625,7.8443,-7.9957,-6.1441,0.0376,2,LEFT_MI
5669,22.14453125,-4.298,-6.5899,-7.2062,-4.1412,2,LEFT_MI
5670,22.1484375,3.4852,-4.3321,-2.0978,-4.2099,2,LEFT_MI
5671,22.15234375,-1.3964,5.6734,6.0417,0.0634,2,LEFT_MI
5672,22.15625,6.0244,9.5961,6.027,-4.1156,2,LEFT_MI
5673,22.16015625,3.2115,4.5737,5.7423,-0.3804,2,LEFT_MI
5674,22.1640625,-2.2403,3.279,11.1136,-7.0504,2,LEFT_MI
5675,22.16796875,-1.8057,-1.488,11.1616,-8.4626,2,LEFT_MI
5676,22.171875,0.4998,5.2412,10.9699,-4.8324,2,LEFT_MI
5677,22.17578125,-4.0033,4.8433,5.0833,-5.184,2,LEFT_MI
5678,22.1796875,-11.4612,-0.3973,2.4216,-2.5498,2,LEFT_MI
5679,22.18359375,-9.0053,1.929,-3.4771,-4.8148,2,LEFT_MI
5680,22.1875,-6.7745,2.3652,4.2185,-0.0619,2,LEFT_MI
5681,22.19140625,-5.4632,-5.946,2.4151,-0.3355,2,LEFT_MI
5682,22.1953125,-5.5681,2.5536,4.4897,-5.3996,2,LEFT_MI
5683,22.19921875,-4.9774,-0.1276,-5.3604,4.4021,2,LEFT_MI
5684,22.203125,1.1204,5.9016,-1.727,5.5646,2,LEFT_MI
5685,22.20703125,8.2625,2.9952,-3.6513,9.2713,2,LEFT_MI
5686,22.2109375,13.4539,4.0907,-4.7717,9.9945,2,LEFT_MI
5687,22.21484375,5.6817,2.2508,-3.0192,8.0236,2,LEFT_MI
5688,22.21875,3.8978,4.8376,-5.512,9.2619,2,LEFT_MI
5689,22.22265625,6.8309,-1.0889,-1.4232,5.0464,2,LEFT_MI
5690,22.2265625,10.9859,-8.0208,-1.7087,2.4049,2,LEFT_MI
5691,22.23046875,2.6031,-6.0194,-6.3022,0.4644,2,LEFT_MI
5692,22.234375,2.666,-7.6132,-6.8568,-1.2871,2,LEFT_MI
5693,22.23828125,1.8084,-8.661,-4.4058,0.381,2,LEFT_MI
5694,22.2421875,0.1957,1.8199,4.0357,-2.4364,2,LEFT_MI
5695,22.24609375,5.0094,-2.4169,-3.2642,-6.1459,2,LEFT_MI
5696,22.25,0.0702,7.9828,3.252,-2.6236,2,LEFT_MI
5697,22.25390625,1.9864,-0.3919,3.4712,-1.2358,2,LEFT_MI
5698,22.2578125,0.2643,2.3024,10.9534,-6.8968,2,LEFT_MI
5699,22.26171875,1.0261,4.0208,4.2984,-2.353,2,LEFT_MI
5700,22.265625,-6.7677,3.4059,7.2652,-1.2273,2,LEFT_MI
5701,22.26953125,-3.7942,7.722,5.5071,-2.2286,2,LEFT_MI
5702,22.2734375,-2.585,2.5281,0.564,-3.7512,2,LEFT_MI
5703,22.27734375,-3.9777,5.1802,8.4421,-2.1431,2,LEFT_MI
5704,22.28125,-10.772,-3.0201,0.1425,-6.5017,2,LEFT_MI
5705,22.28515625,-9.7475,-4.9631,-5.4418,-3.4058,2,LEFT_MI
5706,22.2890625,-3.4652,-4.1034,0.3416,-0.5468,2,LEFT_MI
5707,22.29296875,-6.7917,-6.1887,0.4758,0.2719,2,LEFT_MI
5708,22.296875,-1.0881,6.558,-4.1566,0.0123,2,LEFT_MI
5709,22.30078125,1.5319,-4.3291,-6.9273,11.1625,2,LEFT_MI
5710,22.3046875,2.4067,-0.1075,-0.032,7.3246,2,LEFT_MI
5711,22.30859375,5.6135,4.6516,1.648,7.1873,2,LEFT_MI
5712,22.3125,5.7039,-2.0245,0.23,12.7139,2,LEFT_MI
5713,22.31640625,3.5413,2.155,-1.527,4.3562,2,LEFT_MI
5714,22.3203125,9.4883,-1.9888,-3.232,5.0303,2,LEFT_MI
5715,22.32421875,4.0287,-3.2831,-4.5601,6.8292,2,LEFT_MI
5716,22.328125,7.4093,-4.0692,-5.5007,10.1629,2,LEFT_MI
5717,22.33203125,3.9764,3.4259,-1.3415,0.1468,2,LEFT_MI
5718,22.3359375,3.2465,-6.965,-8.9325,-6.5293,2,LEFT_MI
5719,22.33984375,1.6456,-6.7274,-6.1568,-4.7843,2,LEFT_MI
5720,22.34375,-0.8289,-7.814,-10.7065,-10.0571,2,LEFT_MI
5721,22.34765625,3.5428,-3.1077,-2.051,-9.1148,2,LEFT_MI
5722,22.3515625,0.0624,1.618,0.3349,-7.7419,2,LEFT_MI
5723,22.35546875,4.1978,1.2829,2.6013,-3.1308,2,LEFT_MI
5724,22.359375,4.5842,-3.3147,9.7427,-5.2672,2,LEFT_MI
5725,22.36328125,0.3644,7.0952,2.1299,-2.5588,2,LEFT_MI
5726,22.3671875,-3.0234,5.6044,5.7829,-1.949,2,LEFT_MI
5727,22.37109375,-7.9264,1.1552,2.758,-2.7994,2,LEFT_MI
5728,22.375,-3.6575,0.312,4.0325,-0.3463,2,LEFT_MI
5729,22.37890625,-12.369,0.0455,9.6678,-0.0593,2,LEFT_MI
5730,22.3828125,-13.2493,3.9161,3.6003,2.3234,2,LEFT_MI
5731,22.38671875,-11.0044,-0.9086,-1.0721,-1.3937,2,LEFT_MI
5732,22.390625,-4.8879,-1.5403,-2.9953,-2.1144,2,LEFT_MI
5733,22.39453125,-7.2074,2.8061,1.0982,3.5724,2,LEFT_MI
5734,22.3984375,5.2681,1.5669,1.1731,4.5902,2,LEFT_MI
5735,22.40234375,1.8039,-0.4374,-0.6895,9.8937,2,LEFT_MI
5736,22.40625,1.8189,4.2697,2.3657,3.6823,2,LEFT_MI
5737,22.41015625,8.3214,0.0912,1.0643,10.822,2,LEFT_MI
5738,22.4140625,1.8229,-2.2074,-5.9843,-2.4486,2,LEFT_MI
5739,22.41796875,5.3708,-2.5508,-8.127,8.2257,2,LEFT_MI
5740,22.421875,5.1129,-0.2612,-5.304,1.5015,2,LEFT_MI
5741,22.42578125,4.2389,-5.4313,-3.9789,-0.4791,2,LEFT_MI
5742,22.4296875,5.1802,-4.3772,-8.3371,-4.03,2,LEFT_MI
5743,22.43359375,0.405,-4.6188,-5.0038,-7.6735,2,LEFT_MI
5744,22.4375,0.8741,-7.1104,-10.1639,-6.7062,2,LEFT_MI
5745,22.44140625,-4.012,-1.9689,-5.0872,-6.0273,2,LEFT_MI
5746,22.4453125,1.9573,-2.8567,-3.8356,-8.2222,2,LEFT_MI
5747,22.44921875,0.0703,1.6382,0.9617,-4.1805,2,LEFT_MI
5748,22.453125,-0.7965,0.7616,8.6122,-3.0758,2,LEFT_MI
5749,22.45703125,-0.0086,2.2696,0.1147,4.6183,2,LEFT_MI
5750,22.4609375,2.5169,2.8628,8.456,-3.9035,2,LEFT_MI
5751,22.46484375,-1.1125,1.8953,9.3414,-5.246,2,LEFT_MI
5752,22.46875,-5.5926,6.4821,8.3481,2.6227,2,LEFT_MI
5753,22.47265625,-9.3315,-1.717,5.153,0.5352,2,LEFT_MI
5754,22.4765625,-10.5491,-1.1147,7.2806,0.4855,2,LEFT_MI
5755,22.48046875,-6.3348,-0.8569,4.4127,0.1006,2,LEFT_MI
5756,22.484375,-8.8655,-6.3402,5.8268,-1.6661,2,LEFT_MI
5757,22.48828125,-4.2105,-6.5851,2.3352,0.9232,2,LEFT_MI
5758,22.4921875,-4.5861,-6.1816,-1.0947,5.8551,2,LEFT_MI
5759,22.49609375,-4.3759,-3.3934,-2.7679,5.0719,2,LEFT_MI
5760,22.5,1.5495,0.9585,5.226,6.5129,2,LEFT_MI
5761,22.50390625,3.0669,3.8553,1.5814,9.8653,2,LEFT_MI
5762,22.5078125,5.0614,1.873,-3.5497,9.5201,2,LEFT_MI
5763,22.51171875,11.5528,-0.6598,-0.2684,0.3448,2,LEFT_MI
5764,22.515625,5.4044,1.7066,-5.9456,5.4103,2,LEFT_MI
5765,22.51953125,6.914,1.8576,-1.3354,5.4184,2,LEFT_MI
5766,22.5234375,5.7967,1.1643,-11.0226,-2.7184,2,LEFT_MI
5767,22.52734375,5.5473,-2.1051,-10.1569,-2.5979,2,LEFT_MI
5768,22.53125,5.9854,-1.9436,-7.6663,-9.4001,2,LEFT_MI
5769,22.53515625,-4.117,-7.0868,-5.5179,-3.7025,2,LEFT_MI
5770,22.5390625,0.8385,-6.7868,-6.2464,-13.0561,2,LEFT_MI
5771,22.54296875,-4.8071,-3.5368,-3.12,-11.5267,2,LEFT_MI
5772,22.546875,-1.3828,1.7426,-2.5985,-8.2591,2,LEFT_MI
5773,22.55078125,2.6381,0.1277,2.4825,1.2998,2,LEFT_MI
5774,22.5546875,-7.0657,3.9727,7.048,-1.8484,2,LEFT_MI
5775,22.55859375,2.6759,4.097,4.524,-0.5462,2,LEFT_MI
5776,22.5625,3.1498,2.9514,3.507,0.483,2,LEFT_MI
5777,22.56640625,0.4765,0.4333,6.8701,-2.2271,2,LEFT_MI
5778,22.5703125,0.6443,3.1297,12.5058,5.3858,2,LEFT_MI
5779,22.57421875,-7.5445,5.6972,-1.0507,2.5945,2,LEFT_MI
5780,22.578125,-8.7475,-6.7651,5.7882,-0.7641,2,LEFT_MI
5781,22.58203125,-7.3936,2.2107,5.2069,2.6543,2,LEFT_MI
5782,22.5859375,-1.8103,-5.9141,4.03,0.5537,2,LEFT_MI
5783,22.58984375,-2.6504,-0.6324,4.0302,1.4743,2,LEFT_MI
5784,22.59375,-2.9541,-2.8298,4.0699,4.3317,2,LEFT_MI
5785,22.59765625,3.5601,-0.7703,1.0415,5.4013,2,LEFT_MI
5786,22.6015625,2.7278,0.9556,-2.8848,4.0063,2,LEFT_MI
5787,22.60546875,-2.1218,2.1689,-0.7784,9.365,2,LEFT_MI
5788,22.609375,2.2008,-1.553,-2.1391,11.2071,2,LEFT_MI
5789,22.61328125,8.9151,0.1152,4.8741,11.4132,2,LEFT_MI
5790,22.6171875,5.6654,-1.4612,-9.579,8.3282,2,LEFT_MI
5791,22.62109375,5.2795,0.8509,-3.5477,-0.0775,2,LEFT_MI
5792,22.625,8.1565,-3.6361,-11.6144,-0.9409,2,LEFT_MI
5793,22.62890625,3.8176,-5.2847,-8.4921,-2.3141,2,LEFT_MI
5794,22.6328125,-3.4259,-1.0274,-7.4635,-8.3157,2,LEFT_MI
5795,22.63671875,2.5368,-2.8935,-12.9508,-7.1862,2,LEFT_MI
5796,22.640625,2.2374,-2.7808,-4.3932,-2.962,2,LEFT_MI
5797,22.64453125,1.9228,-2.9348,-8.9312,-9.2283,2,LEFT_MI
5798,22.6484375,0.7254,-2.9808,-6.9446,-6.0276,2,LEFT_MI
5799,22.65234375,-0.5268,1.618,-2.2715,-4.0317,2,LEFT_MI
5800,22.65625,-0.8078,0.4227,3.2748,-3.3519,2,LEFT_MI
5801,22.66015625,0.0197,2.9233,10.6392,1.7671,2,LEFT_MI
5802,22.6640625,-4.527,3.8228,10.0451,4.6541,2,LEFT_MI
5803,22.66796875,-8.3403,1.2985,1.3088,-0.578,2,LEFT_MI
5804,22.671875,-2.8092,-1.6676,4.2355,5.3274,2,LEFT_MI
5805,22.67578125,-5.405,-3.5725,7.4022,0.8738,2,LEFT_MI
5806,22.6796875,-10.3834,0.1031,0.9536,8.7657,2,LEFT_MI
5807,22.68359375,-10.8383,-1.7237,1.8169,4.2486,2,LEFT_MI
5808,22.6875,-1.7229,2.9387,2.7095,4.7231,2,LEFT_MI
5809,22.69140625,-6.6318,-2.0515,-1.4304,2.0577,2,LEFT_MI
5810,22.6953125,-0.963,-1.3831,4.7665,4.4284,2,LEFT_MI
5811,22.69921875,-1.2698,-3.3319,-3.5089,8.0822,2,LEFT_MI
5812,22.703125,-1.3103,-1.3554,0.0329,4.5983,2,LEFT_MI
5813,22.70703125,8.6777,2.7284,1.0285,10.4946,2,LEFT_MI
5814,22.7109375,6.4373,3.3269,-3.5018,4.6794,2,LEFT_MI
5815,22.71484375,8.8296,1.6854,-1.3824,3.3344,2,LEFT_MI
5816,22.71875,7.3404,-0.9274,2.4431,0.0949,2,LEFT_MI
5817,22.72265625,6.3006,-3.1394,-1.3779,-0.8051,2,LEFT_MI
5818,22.7265625,7.7912,-3.0204,-5.9239,-0.2533,2,LEFT_MI
5819,22.73046875,-0.3327,-3.1991,-11.328,-8.5019,2,LEFT_MI
5820,22.734375,5.5298,-2.699,-11.0622,-9.2526,2,LEFT_MI
5821,22.73828125,-1.4715,-3.1923,-7.6437,-12.7708,2,LEFT_MI
5822,22.7421875,-0.7631,-2.6734,-2.2791,-2.587,2,LEFT_MI
5823,22.74609375,0.9613,-3.3046,0.5043,-9.8087,2,LEFT_MI
5824,22.75,0.2163,-5.9093,-3.8558,-3.911,2,LEFT_MI
5825,22.75390625,2.9778,1.558,1.0156,0.5385,2,LEFT_MI
5826,22.7578125,3.8617,4.0589,0.6781,0.8467,2,LEFT_MI
5827,22.76171875,4.6297,6.47,3.6587,7.6553,2,LEFT_MI
5828,22.765625,-1.906,7.7447,2.7146,7.8751,2,LEFT_MI
5829,22.76953125,-7.6377,0.7147,10.5494,0.3446,2,LEFT_MI
5830,22.7734375,-8.161,4.6951,7.3427,9.1252,2,LEFT_MI
5831,22.77734375,-5.5612,-4.4439,5.3765,9.8862,2,LEFT_MI
5832,22.78125,-5.4034,-7.4388,1.5847,-1.9213,2,LEFT_MI
5833,22.78515625,-7.1402,-0.5087,4.3455,-1.5017,2,LEFT_MI
5834,22.7890625,-11.6231,-1.5093,1.2787,-1.4122,2,LEFT_MI
5835,22.79296875,-0.0013,3.2148,6.8933,2.0329,2,LEFT_MI
5836,22.796875,-2.7747,-1.6791,8.0359,6.8931,2,LEFT_MI
5837,22.80078125,-0.4858,1.667,5.0672,-0.7433,2,LEFT_MI
5838,22.8046875,3.0168,4.2616,4.8921,6.3631,2,LEFT_MI
5839,22.80859375,10.742,-0.0412,-3.004,5.3175,2,LEFT_MI
5840,22.8125,7.7694,0.2862,-2.4068,5.4005,2,LEFT_MI
5841,22.81640625,4.5418,-0.5547,4.4616,0.399,2,LEFT_MI
5842,22.8203125,7.929,-0.0921,-5.099,-3.6894,2,LEFT_MI
5843,22.82421875,5.2332,0.5623,-5.0288,-4.7713,2,LEFT_MI
5844,22.828125,4.099,0.8435,-7.9983,-5.9484,2,LEFT_MI
5845,22.83203125,1.0568,-6.3597,-6.6701,-5.6148,2,LEFT_MI
5846,22.8359375,1.3355,-1.2969,-12.7338,-9.1566,2,LEFT_MI
5847,22.83984375,1.3222,-3.3258,-9.2746,-8.0479,2,LEFT_MI
5848,22.84375,-2.7887,-3.2455,-7.7216,-6.2503,2,LEFT_MI
5849,22.84765625,-0.3289,-5.1613,-4.2276,-4.991,2,LEFT_MI
5850,22.8515625,5.9982,-1.9099,0.3665,-5.5219,2,LEFT_MI
5851,22.85546875,-7.9656,6.6475,2.9607,2.2039,2,LEFT_MI
5852,22.859375,-1.9121,8.1128,2.1415,6.2246,2,LEFT_MI
5853,22.86328125,-3.0235,10.5279,3.3899,5.638,2,LEFT_MI
5854,22.8671875,-3.4582,5.7637,2.6508,5.8496,2,LEFT_MI
5855,22.87109375,-1.6672,2.6895,4.4712,1.6496,2,LEFT_MI
5856,22.875,-5.0866,1.9026,7.0509,0.7867,2,LEFT_MI
5857,22.87890625,-10.1891,1.784,7.5964,7.3067,2,LEFT_MI
5858,22.8828125,-13.1517,5.6794,0.1561,0.1771,2,LEFT_MI
5859,22.88671875,-7.2811,2.5316,4.9196,2.3775,2,LEFT_MI
5860,22.890625,-4.0713,-4.0197,1.2294,-3.2417,2,LEFT_MI
5861,22.89453125,-3.1283,4.6163,0.7783,-0.2764,2,LEFT_MI
5862,22.8984375,-0.9044,1.2658,-2.0829,3.1126,2,LEFT_MI
5863,22.90234375,0.0163,4.6216,2.2443,3.6098,2,LEFT_MI
5864,22.90625,3.5555,5.2285,-2.6583,3.0862,2,LEFT_MI
5865,22.91015625,5.1693,-3.4075,0.6478,-0.9444,2,LEFT_MI
5866,22.9140625,8.0067,4.8028,-1.6053,-2.6339,2,LEFT_MI
5867,22.91796875,11.1054,6.372,2.1933,-7.072,2,LEFT_MI
5868,22.921875,5.2916,-0.521,-2.6804,-7.3488,2,LEFT_MI
5869,22.92578125,4.3411,-2.5028,-1.2075,-3.1409,2,LEFT_MI
5870,22.9296875,0.751,-4.7856,-3.7485,-6.238,2,LEFT_MI
5871,22.93359375,3.5287,-5.3889,-6.3912,-11.1155,2,LEFT_MI
5872,22.9375,2.6208,-8.3409,-9.8033,-6.7954,2,LEFT_MI
5873,22.94140625,-0.4118,-6.8075,-12.091,-6.5893,2,LEFT_MI
5874,22.9453125,1.1293,0.3279,-8.6926,-5.6521,2,LEFT_MI
5875,22.94921875,-0.2859,4.8157,1.2474,-2.9153,2,LEFT_MI
5876,22.953125,1.0242,-3.6837,-0.981,2.0033,2,LEFT_MI
5877,22.95703125,0.3254,1.2215,3.3971,6.9138,2,LEFT_MI
5878,22.9609375,0.159,3.5159,3.9265,7.5224,2,LEFT_MI
5879,22.96484375,-5.1682,6.8649,3.7159,6.473,2,LEFT_MI
5880,22.96875,-2.3706,2.3262,5.9226,11.9579,2,LEFT_MI
5881,22.97265625,-1.7096,3.518,3.5921,7.3539,2,LEFT_MI
5882,22.9765625,-4.3767,-0.3721,4.1672,10.8445,2,LEFT_MI
5883,22.98046875,-9.8297,1.2915,1.4677,6.8561,2,LEFT_MI
5884,22.984375,-10.543,-0.4485,2.8798,5.1926,2,LEFT_MI
5885,22.98828125,-8.5212,-1.854,7.4968,-0.2539,2,LEFT_MI
5886,22.9921875,-1.3271,-7.3645,0.6839,-1.0947,2,LEFT_MI
5887,22.99609375,-0.7994,-1.0394,6.0908,3.4202,2,LEFT_MI
5888,23.0,2.6471,0.8649,4.4109,-0.8626,2,LEFT_MI
5889,23.00390625,5.4611,2.9493,5.1853,3.0384,2,LEFT_MI
5890,23.0078125,6.5482,0.8955,6.2681,0.7783,2,LEFT_MI
5891,23.01171875,4.7756,3.5979,4.199,-0.5167,2,LEFT_MI
5892,23.015625,7.4369,4.4171,-1.9356,-0.4239,2,LEFT_MI
5893,23.01953125,5.8584,-2.263,-0.4569,-4.4958,2,LEFT_MI
5894,23.0234375,6.7167,0.7192,-4.0361,-4.692,2,LEFT_MI
5895,23.02734375,3.6549,-2.9757,-3.1827,-8.6988,2,LEFT_MI
5896,23.03125,-0.6041,-2.8213,-12.6454,-4.967,2,LEFT_MI
5897,23.03515625,4.5243,-2.7629,-10.0776,-6.4371,2,LEFT_MI
5898,23.0390625,0.311,-3.1728,-11.2893,-5.8132,2,LEFT_MI
5899,23.04296875,-5.092,-9.7776,-11.857,-1.3056,2,LEFT_MI
5900,23.046875,-3.6829,1.5601,-4.241,-2.553,2,LEFT_MI
5901,23.05078125,-1.2232,-4.4969,-8.2044,3.4747,2,LEFT_MI
5902,23.0546875,1.4524,2.6351,1.8608,1.5299,2,LEFT_MI
5903,23.05859375,2.6855,3.7136,0.9981,9.1066,2,LEFT_MI
5904,23.0625,-1.8335,6.2459,3.5902,12.4,2,LEFT_MI
5905,23.06640625,-2.9081,2.9986,4.5378,6.0762,2,LEFT_MI
5906,23.0703125,-7.0392,7.5209,3.9384,6.3471,2,LEFT_MI
5907,23.07421875,-7.3335,-0.048,6.8988,6.39,2,LEFT_MI
5908,23.078125,-5.712,0.6903,7.2502,2.8494,2,LEFT_MI
5909,23.08203125,-5.9054,-1.3057,7.4861,10.022,2,LEFT_MI
5910,23.0859375,-12.6481,-4.3255,0.8023,2.182,2,LEFT_MI
5911,23.08984375,-11.1019,-4.9388,-0.4423,-4.0171,2,LEFT_MI
5912,23.09375,-0.5584,5.6295,7.8364,-0.5048,2,LEFT_MI
5913,23.09765625,-2.1506,-2.4315,3.8572,-7.3679,2,LEFT_MI
5914,23.1015625,3.9947,-1.8372,0.6974,-1.7411,2,LEFT_MI
5915,23.10546875,7.4104,-0.9505,1.4741,4.0395,2,LEFT_MI
5916,23.109375,3.4734,2.1082,2.3489,-5.9803,2,LEFT_MI
5917,23.11328125,6.5914,2.4354,2.0114,1.1814,2,LEFT_MI
5918,23.1171875,9.0218,4.4344,3.6905,-3.3136,2,LEFT_MI
5919,23.12109375,3.4896,6.3628,0.9404,-3.5526,2,LEFT_MI
5920,23.125,4.699,-5.628,-1.7415,-4.056,2,LEFT_MI
5921,23.12890625,6.8945,-1.0411,-7.6989,-13.6277,2,LEFT_MI
5922,23.1328125,-1.4181,-0.439,-13.4602,-4.5797,2,LEFT_MI
5923,23.13671875,1.4531,-7.567,-15.5483,-7.1562,2,LEFT_MI
5924,23.140625,2.0289,-0.9223,-3.6332,-0.5078,2,LEFT_MI
5925,23.14453125,0.2782,-4.881,-10.4272,-7.8361,2,LEFT_MI
5926,23.1484375,1.7777,7.1684,-5.9204,1.8244,2,LEFT_MI
5927,23.15234375,-0.2249,7.6571,-4.671,2.6987,2,LEFT_MI
5928,23.15625,1.6433,10.3182,-5.2297,10.2841,2,LEFT_MI
5929,23.16015625,7.7008,3.6637,-1.2383,7.1737,2,LEFT_MI
5930,23.1640625,-4.8188,6.0988,2.09,12.7762,2,LEFT_MI
5931,23.16796875,-2.2766,11.1091,5.7138,7.6301,2,LEFT_MI
5932,23.171875,-1.357,2.7279,6.6278,13.802,2,LEFT_MI
5933,23.17578125,-5.7302,7.1876,2.0056,-3.9926,2,LEFT_MI
5934,23.1796875,-9.2617,1.977,5.586,2.9755,2,LEFT_MI
5935,23.18359375,-10.254,-5.6758,2.4263,2.8127,2,LEFT_MI
5936,23.1875,-9.3296,-6.6056,2.1761,1.0396,2,LEFT_MI
5937,23.19140625,-2.3312,-9.8583,-2.7233,-3.2431,2,LEFT_MI
5938,23.1953125,0.0449,0.1594,1.4593,-0.9181,2,LEFT_MI
5939,23.19921875,-0.1872,0.7379,4.1281,-5.06,2,LEFT_MI
5940,23.203125,-4.8695,3.3874,9.3132,-1.3932,2,LEFT_MI
5941,23.20703125,6.9148,5.2163,-1.6195,-6.872,2,LEFT_MI
5942,23.2109375,4.8271,3.8691,2.5519,-4.3542,2,LEFT_MI
5943,23.21484375,8.8404,2.8123,1.2173,-1.9901,2,LEFT_MI
5944,23.21875,3.538,0.2581,-5.1952,-9.4456,2,LEFT_MI
5945,23.22265625,8.3759,-1.9873,1.3548,0.3044,2,LEFT_MI
5946,23.2265625,4.0915,1.3242,-5.4635,-5.1949,2,LEFT_MI
5947,23.23046875,0.554,-3.4629,-8.8674,-3.0116,2,LEFT_MI
5948,23.234375,0.1747,-6.8338,-7.9189,-3.1004,2,LEFT_MI
5949,23.23828125,1.5824,-1.4372,-7.6536,-1.1679,2,LEFT_MI
5950,23.2421875,3.0322,-3.1097,-11.3891,-1.4172,2,LEFT_MI
5951,23.24609375,-4.4785,1.7177,-4.9388,1.3945,2,LEFT_MI
5952,23.25,-2.9478,4.7756,-0.2448,3.7931,2,LEFT_MI
5953,23.25390625,-0.5895,-0.3805,-2.9389,6.7878,2,LEFT_MI
5954,23.2578125,2.2001,-2.849,0.4273,7.0647,2,LEFT_MI
5955,23.26171875,2.6427,4.5273,3.5555,8.8931,2,LEFT_MI
5956,23.265625,-2.2782,4.177,5.003,8.7605,2,LEFT_MI
5957,23.26953125,-3.5035,0.3295,3.9971,4.7508,2,LEFT_MI
5958,23.2734375,-10.7204,3.9676,1.885,4.6552,2,LEFT_MI
5959,23.27734375,-4.3459,-0.884,5.1493,0.4385,2,LEFT_MI
5960,23.28125,-3.0813,0.3717,6.7225,3.7484,2,LEFT_MI
5961,23.28515625,-1.6444,-5.4539,4.8263,-4.0638,2,LEFT_MI
5962,23.2890625,-10.0874,-13.3798,1.344,-3.9109,2,LEFT_MI
5963,23.29296875,-2.2972,-0.6408,9.5684,-0.8816,2,LEFT_MI
5964,23.296875,0.6652,-0.9527,5.3172,-1.0807,2,LEFT_MI
5965,23.30078125,1.8327,2.0969,3.7422,-6.3921,2,LEFT_MI
5966,23.3046875,3.2565,-2.7507,1.7563,-5.0868,2,LEFT_MI
5967,23.30859375,8.9095,4.592,3.6445,-11.3693,2,LEFT_MI
5968,23.3125,5.2852,3.5195,-1.4439,-1.1641,2,LEFT_MI
5969,23.31640625,6.7751,6.006,6.4464,-3.7205,2,LEFT_MI
5970,23.3203125,6.8762,0.086,3.3758,-2.6189,2,LEFT_MI
5971,23.32421875,6.9474,-0.9016,-2.5721,-3.6127,2,LEFT_MI
5972,23.328125,7.3767,-3.4096,-5.2335,-2.6699,2,LEFT_MI
5973,23.33203125,8.3473,1.1433,-3.9916,-5.1625,2,LEFT_MI
5974,23.3359375,2.9936,-2.4963,-13.1117,-0.9996,2,LEFT_MI
5975,23.33984375,-2.5828,-4.7157,-5.3373,-5.2173,2,LEFT_MI
5976,23.34375,-0.488,-2.3245,-6.7851,4.6818,2,LEFT_MI
5977,23.34765625,1.5839,0.863,-8.0121,4.5459,2,LEFT_MI
5978,23.3515625,-2.6918,3.7033,0.8006,6.1927,2,LEFT_MI
5979,23.35546875,3.3833,4.3354,0.4426,11.8125,2,LEFT_MI
5980,23.359375,-1.4035,12.6043,5.6773,9.0329,2,LEFT_MI
5981,23.36328125,-0.8802,-0.0014,-0.252,6.5802,2,LEFT_MI
5982,23.3671875,-7.7018,11.2043,2.9082,6.4842,2,LEFT_MI
5983,23.37109375,-8.2959,3.5753,-2.4598,9.5416,2,LEFT_MI
5984,23.375,-0.8227,1.9543,10.5026,0.055,2,LEFT_MI
5985,23.37890625,-10.8792,-6.2737,8.7478,-4.228,2,LEFT_MI
5986,23.3828125,-12.1781,0.1918,6.1223,-4.2118,2,LEFT_MI
5987,23.38671875,-9.7563,-0.4009,3.2493,-3.984,2,LEFT_MI
5988,23.390625,-8.5884,-5.8109,0.7239,-9.905,2,LEFT_MI
5989,23.39453125,-6.1259,-3.4648,1.5447,-15.6618,2,LEFT_MI
5990,23.3984375,-6.027,-5.2315,3.3375,-6.6056,2,LEFT_MI
5991,23.40234375,1.3534,-4.5285,7.3722,-5.5523,2,LEFT_MI
5992,23.40625,6.1294,-4.2726,-1.6746,-4.6639,2,LEFT_MI
5993,23.41015625,7.3336,2.2839,6.1636,2.0052,2,LEFT_MI
5994,23.4140625,13.5389,6.3998,6.7437,-9.8267,2,LEFT_MI
5995,23.41796875,11.3634,0.78,5.2729,-3.0465,2,LEFT_MI
5996,23.421875,4.8862,3.6937,-3.3495,-0.0215,2,LEFT_MI
5997,23.42578125,4.5013,-5.9794,0.5472,0.1949,2,LEFT_MI
5998,23.4296875,-3.0566,-1.9028,-9.069,-1.8546,2,LEFT_MI
5999,23.43359375,2.7826,1.4737,-5.312,-1.4982,2,LEFT_MI
6000,23.4375,-3.3379,-0.444,-8.6324,-1.0141,2,LEFT_MI
6001,23.44140625,0.6266,-3.2985,-10.6872,4.9558,2,LEFT_MI
6002,23.4453125,1.0014,-4.7948,-9.8054,3.3335,2,LEFT_MI
6003,23.44921875,-0.9755,2.3169,-2.9941,8.9756,2,LEFT_MI
6004,23.453125,1.8224,6.9487,-7.7818,7.2206,2,LEFT_MI
6005,23.45703125,2.9986,4.1657,-2.859,5.7319,2,LEFT_MI
6006,23.4609375,1.0285,5.3892,-0.2981,7.5095,2,LEFT_MI
6007,23.46484375,1.562,10.1953,0.5249,-0.0387,2,LEFT_MI
6008,23.46875,-0.6154,5.3111,2.8874,4.8584,2,LEFT_MI
6009,23.47265625,-5.1555,-0.5328,-2.3474,2.42,2,LEFT_MI
6010,23.4765625,-4.4556,0.035,5.1516,-3.444,2,LEFT_MI
6011,23.48046875,-6.0384,-10.113,4.1268,-3.1442,2,LEFT_MI
6012,23.484375,-3.9811,0.9124,6.6182,0.7653,2,LEFT_MI
6013,23.48828125,-7.5024,-0.3181,-2.9339,-10.7698,2,LEFT_MI
6014,23.4921875,-7.2812,-1.0671,3.0748,-2.5807,2,LEFT_MI
6015,23.49609375,-3.7812,-5.9977,2.2334,-3.6874,2,LEFT_MI
6016,23.5,-0.7148,-6.0003,1.6566,-4.1278,2,LEFT_MI
6017,23.50390625,3.4569,-1.8575,7.2498,0.5348,2,LEFT_MI
6018,23.5078125,1.9608,-1.6276,8.9848,-2.0612,2,LEFT_MI
6019,23.51171875,3.2421,2.4078,7.3877,1.18,2,LEFT_MI
6020,23.515625,10.5126,2.338,3.9584,1.4813,2,LEFT_MI
6021,23.51953125,8.4638,-0.7669,6.9638,2.3667,2,LEFT_MI
6022,23.5234375,9.7935,-2.3607,-3.8189,-5.9485,2,LEFT_MI
6023,23.52734375,8.1325,-2.2556,-2.3707,2.5741,2,LEFT_MI
6024,23.53125,7.7059,-2.3347,-9.9965,4.9963,2,LEFT_MI
6025,23.53515625,-1.2493,-0.2972,-3.8198,-1.574,2,LEFT_MI
6026,23.5390625,1.948,-0.4484,-14.549,-1.2829,2,LEFT_MI
6027,23.54296875,-2.7985,-0.1743,-11.086,-2.516,2,LEFT_MI
6028,23.546875,1.4525,4.1836,-11.343,1.7255,2,LEFT_MI
6029,23.55078125,-4.8035,1.8942,-5.8894,5.8099,2,LEFT_MI
6030,23.5546875,-1.3914,-0.2543,-1.9996,8.1907,2,LEFT_MI
6031,23.55859375,2.1165,0.7634,-2.7431,4.9524,2,LEFT_MI
6032,23.5625,-0.3931,5.262,-1.3431,5.7263,2,LEFT_MI
6033,23.56640625,-7.2811,4.3255,-1.9856,2.2921,2,LEFT_MI
6034,23.5703125,0.1558,5.5014,-0.4109,0.5888,2,LEFT_MI
6035,23.57421875,-7.8371,-3.4152,2.5539,5.3341,2,LEFT_MI
6036,23.578125,-2.8913,-1.8244,1.4117,-2.772,2,LEFT_MI
6037,23.58203125,-13.3677,-6.9709,4.031,-5.1953,2,LEFT_MI
6038,23.5859375,-12.0905,-7.7008,4.3535,-10.2246,2,LEFT_MI
6039,23.58984375,-8.4467,1.164,3.5085,-5.3584,2,LEFT_MI
6040,23.59375,-9.7576,-1.917,8.9471,-8.2896,2,LEFT_MI
6041,23.59765625,-0.6801,-2.0697,8.4921,-6.2458,2,LEFT_MI
6042,23.6015625,-1.1866,0.3754,5.2617,-2.8793,2,LEFT_MI
6043,23.60546875,2.8646,-3.1548,4.8313,-6.4923,2,LEFT_MI
6044,23.609375,12.3922,1.9126,11.9062,3.4528,2,LEFT_MI
6045,23.61328125,3.3459,5.0139,9.1851,5.2741,2,LEFT_MI
6046,23.6171875,5.1331,-7.4286,8.4814,-0.6017,2,LEFT_MI
6047,23.62109375,7.439,-0.8487,0.6851,4.9742,2,LEFT_MI
6048,23.625,10.2412,-1.7502,-0.9109,0.0476,2,LEFT_MI
6049,23.62890625,5.0143,0.1568,-4.4201,4.7059,2,LEFT_MI
6050,23.6328125,2.3748,-0.4743,-8.6111,2.7915,2,LEFT_MI
6051,23.63671875,3.7517,-6.419,-9.6942,4.6177,2,LEFT_MI
6052,23.640625,6.4579,-0.5179,-12.186,-1.562,2,LEFT_MI
6053,23.64453125,1.2001,-3.6582,-6.0298,2.5543,2,LEFT_MI
6054,23.6484375,-4.0795,5.1063,-4.4425,2.5864,2,LEFT_MI
6055,23.65234375,2.2483,2.3104,-2.4352,9.9492,2,LEFT_MI
6056,23.65625,0.5787,5.7775,-2.0846,7.2273,2,LEFT_MI
6057,23.66015625,-4.6965,7.3835,0.4645,4.9797,2,LEFT_MI
6058,23.6640625,-2.4473,1.1085,-0.7209,-1.0238,2,LEFT_MI
6059,23.66796875,-6.0125,0.2397,-0.7244,6.9196,2,LEFT_MI
6060,23.671875,-2.8897,1.8188,0.762,-0.5291,2,LEFT_MI
6061,23.67578125,-6.1155,-1.4567,1.7662,-1.847,2,LEFT_MI
6062,23.6796875,-9.6666,-8.0159,1.418,-11.4659,2,LEFT_MI
6063,23.68359375,-6.6961,1.0879,-0.4016,-6.3969,2,LEFT_MI
6064,23.6875,-13.1772,-1.6086,6.5611,-10.0539,2,LEFT_MI
6065,23.69140625,-0.2274,-4.7082,7.8796,-2.6438,2,LEFT_MI
6066,23.6953125,-1.7732,1.9848,2.4539,-4.1251,2,LEFT_MI
6067,23.69921875,3.4393,-2.3286,5.5718,-3.0709,2,LEFT_MI
6068,23.703125,-2.1568,0.8842,6.1021,-0.3711,2,LEFT_MI
6069,23.70703125,0.0744,-1.0672,8.2947,-3.5195,2,LEFT_MI
6070,23.7109375,7.2879,8.1495,6.9676,-0.1734,2,LEFT_MI
6071,23.71484375,6.5572,-0.4955,2.4092,1.365,2,LEFT_MI
6072,23.71875,7.0117,-2.0349,7.9497,4.2383,2,LEFT_MI
6073,23.72265625,6.1727,-2.7348,2.8735,4.8045,2,LEFT_MI
6074,23.7265625,1.4432,2.2005,-7.7978,1.4393,2,LEFT_MI
6075,23.73046875,9.9879,-2.9404,-6.3842,6.5607,2,LEFT_MI
6076,23.734375,3.1214,-1.302,-6.2667,5.543,2,LEFT_MI
6077,23.73828125,1.0701,-2.6084,-11.8114,5.1419,2,LEFT_MI
6078,23.7421875,2.2227,1.5496,-6.5181,2.9102,2,LEFT_MI
6079,23.74609375,0.8032,-1.8356,-11.4616,2.4198,2,LEFT_MI
6080,23.75,1.5261,2.8196,-4.4029,5.6862,2,LEFT_MI
6081,23.75390625,3.4821,4.3138,-3.0359,6.1412,2,LEFT_MI
6082,23.7578125,-3.2683,7.0694,-2.2247,3.3263,2,LEFT_MI
6083,23.76171875,4.427,1.7107,-0.4936,4.0219,2,LEFT_MI
6084,23.765625,-7.0907,-0.6191,-3.384,-2.9003,2,LEFT_MI
6085,23.76953125,-2.9627,5.1355,-1.8298,0.0176,0,REST
6086,23.7734375,-8.6683,3.2542,-3.7509,-4.1127,0,REST
6087,23.77734375,-3.5906,-2.6151,-1.5335,-6.6701,0,REST
6088,23.78125,-3.457,-0.3776,0.8129,-5.3296,0,REST
6089,23.78515625,-3.3568,-6.7493,1.0291,-3.7001,0,REST
6090,23.7890625,-5.7897,-8.3064,0.1035,-2.9421,0,REST
6091,23.79296875,-2.5031,-12.0087,3.3218,-4.1262,0,REST
6092,23.796875,-2.7631,-12.7436,5.6468,-0.5978,0,REST
6093,23.80078125,-2.8645,-15.6289,2.9825,1.0288,0,REST
6094,23.8046875,-2.7437,-10.2547,3.4989,-1.5424,0,REST
6095,23.80859375,-3.017,-13.6082,7.0262,0.3997,0,REST
6096,23.8125,3.1304,-8.0299,5.7989,2.0984,0,REST
6097,23.81640625,3.3225,-4.3621,3.0892,2.6457,0,REST
6098,23.8203125,5.2093,-5.9431,3.784,-0.6484,0,REST
6099,23.82421875,9.42,-2.7715,5.4026,-2.8971,0,REST
6100,23.828125,8.6083,7.2093,2.1234,0.2082,0,REST
6101,23.83203125,5.4324,5.9903,5.2383,4.5731,0,REST
6102,23.8359375,7.6425,10.6659,0.6332,3.9208,0,REST
6103,23.83984375,8.3313,12.857,-1.1059,3.3365,0,REST
6104,23.84375,3.548,13.316,-3.3497,0.9715,0,REST
6105,23.84765625,4.6574,11.5756,-7.89,2.8062,0,REST
6106,23.8515625,3.6052,11.5656,-6.7911,2.2118,0,REST
6107,23.85546875,4.8975,11.3095,-10.3451,5.5261,0,REST
6108,23.859375,-0.5191,9.8712,-7.523,-0.1928,0,REST
6109,23.86328125,-0.6358,6.771,-6.7187,0.2137,0,REST
6110,23.8671875,-3.6792,7.0373,-9.9402,0.5746,0,REST
6111,23.87109375,-8.4299,3.1519,-7.1732,-1.2024,0,REST
6112,23.875,-7.5285,-3.6732,-2.5677,-0.056,0,REST
6113,23.87890625,-10.8387,-8.5202,-6.4131,-3.0685,0,REST
6114,23.8828125,-5.5847,-8.9851,0.0851,-2.7982,0,REST
6115,23.88671875,-7.8233,-13.956,-0.8942,-3.7571,0,REST
6116,23.890625,-7.1036,-9.2904,5.3635,-3.5416,0,REST
6117,23.89453125,-5.5122,-9.5017,5.1838,-6.7883,0,REST
6118,23.8984375,-4.7313,-17.3899,6.1979,-4.7944,0,REST
6119,23.90234375,-0.8882,-11.4037,13.1678,-6.569,0,REST
6120,23.90625,-0.489,-10.8344,10.7266,0.1799,0,REST
6121,23.91015625,0.5191,-7.5055,8.392,-0.2383,0,REST
6122,23.9140625,5.7591,-3.5995,4.5336,1.434,0,REST
6123,23.91796875,8.1639,-1.0124,11.5786,1.2019,0,REST
6124,23.921875,7.8366,4.5202,10.1184,6.2564,0,REST
6125,23.92578125,12.8815,9.6559,3.9007,3.7272,0,REST
6126,23.9296875,10.2617,9.4169,5.0286,7.3599,0,REST
6127,23.93359375,7.8475,12.775,4.5779,8.0186,0,REST
6128,23.9375,10.0044,14.0414,-6.4469,13.2116,0,REST
6129,23.94140625,3.6994,11.6382,-4.9712,9.0941,0,REST
6130,23.9453125,7.2913,11.226,-6.6169,8.6648,0,REST
6131,23.94921875,3.441,8.8385,-11.5852,6.389,0,REST
6132,23.953125,0.7101,4.9092,-9.1715,3.6541,0,REST
6133,23.95703125,-6.9105,4.4798,-11.5965,6.8047,0,REST
6134,23.9609375,-5.4633,4.133,-13.5764,-0.9348,0,REST
6135,23.96484375,-10.2925,-2.0634,-11.9524,-2.5465,0,REST
6136,23.96875,-10.9337,-4.1859,-8.0914,-6.9523,0,REST
6137,23.97265625,-14.1328,-9.4653,-5.6071,-6.5201,0,REST
6138,23.9765625,-13.9699,-9.0549,-3.9691,-6.2529,0,REST
6139,23.98046875,-7.011,-8.9793,-0.8358,-7.9729,0,REST
6140,23.984375,-11.5754,-11.8458,1.7393,-10.7252,0,REST
6141,23.98828125,-4.5804,-12.1176,2.6567,-11.618,0,REST
6142,23.9921875,-4.4291,-13.535,8.9064,-5.5148,0,REST
6143,23.99609375,-0.7303,-12.0281,13.8471,-9.9732,0,REST
6144,24.0,1.125,-8.0431,12.4526,-5.7057,0,REST
6145,24.00390625,0.3449,-3.7713,13.4238,-3.2346,0,REST
6146,24.0078125,4.2952,-3.1989,15.1826,1.9819,0,REST
6147,24.01171875,7.6014,5.0111,8.7546,1.9898,0,REST
6148,24.015625,12.6552,2.4105,11.737,6.8291,0,REST
6149,24.01953125,12.0578,4.4911,6.6829,10.6223,0,REST
6150,24.0234375,12.6883,6.015,4.4078,8.4492,0,REST
6151,24.02734375,10.6958,9.3064,0.9605,13.2321,0,REST
6152,24.03125,11.3391,7.4815,-3.6189,9.4122,0,REST
6153,24.03515625,11.0231,9.1417,-3.9296,9.8248,0,REST
6154,24.0390625,5.6357,10.3671,-9.3427,8.504,0,REST
6155,24.04296875,1.8412,9.6523,-11.0411,6.1425,0,REST
6156,24.046875,-0.4628,4.8695,-11.8264,4.4319,0,REST
6157,24.05078125,-3.6337,1.0905,-11.4246,-1.6894,0,REST
6158,24.0546875,-8.3928,3.9465,-12.3029,-2.68,0,REST
6159,24.05859375,-6.8102,-1.7631,-12.312,-6.1738,0,REST
6160,24.0625,-9.869,-0.6231,-8.6975,-9.6328,0,REST
6161,24.06640625,-13.4135,-6.1036,-8.4395,-12.1509,0,REST
6162,24.0703125,-11.8568,-5.439,-1.3814,-12.4549,0,REST
6163,24.07421875,-13.8829,-7.1639,-2.4886,-10.45,0,REST
6164,24.078125,-13.6135,-8.6964,5.838,-11.5906,0,REST
6165,24.08203125,-4.4325,-6.9985,4.4226,-12.1277,0,REST
6166,24.0859375,-5.3791,-7.4736,5.6947,-7.4489,0,REST
6167,24.08984375,-3.8749,-4.939,8.4463,-4.6549,0,REST
6168,24.09375,-2.664,-5.9089,8.6448,-0.5161,0,REST
6169,24.09765625,1.1657,-7.0405,11.0659,1.8132,0,REST
6170,24.1015625,1.4101,-2.3362,10.873,5.8942,0,REST
6171,24.10546875,6.1537,-1.4015,11.8827,14.7175,0,REST
6172,24.109375,12.1598,1.2146,5.4185,10.6795,0,REST
6173,24.11328125,9.7599,0.3079,6.9618,15.3827,0,REST
6174,24.1171875,8.7018,3.1077,4.4494,14.3971,0,REST
6175,24.12109375,9.4126,3.6486,-0.6833,7.6887,0,REST
6176,24.125,6.1255,6.9614,-0.0103,10.8148,0,REST
6177,24.12890625,4.0204,4.7385,-2.6159,12.8022,0,REST
6178,24.1328125,3.7926,4.1867,-4.646,3.7364,0,REST
6179,24.13671875,1.3965,5.0819,-4.7438,3.3616,0,REST
6180,24.140625,1.8301,3.9797,-8.303,-2.7726,0,REST
6181,24.14453125,-3.4799,5.1161,-9.151,-2.8536,0,REST
6182,24.1484375,-4.9423,2.1036,-15.8469,-11.3609,0,REST
6183,24.15234375,-7.7487,-0.3794,-5.3833,-4.8879,0,REST
6184,24.15625,-3.9133,-0.6867,-7.034,-11.2361,0,REST
6185,24.16015625,-5.7224,-2.6936,-2.5595,-12.4952,0,REST
6186,24.1640625,-6.3821,-1.2518,-5.3047,-10.5925,0,REST
6187,24.16796875,-5.7268,-5.1639,-3.3069,-10.2552,0,REST
6188,24.171875,-6.6838,-1.0237,-2.8231,-13.1323,0,REST
6189,24.17578125,-3.3993,-3.3638,0.9398,-11.2625,0,REST
6190,24.1796875,-0.2056,-2.4237,3.3381,-1.6215,0,REST
6191,24.18359375,-1.8478,-3.983,0.8408,-5.7831,0,REST
6192,24.1875,-0.7542,-3.4969,5.7296,-0.4594,0,REST
6193,24.19140625,4.1874,-6.4714,7.1377,5.8039,0,REST
6194,24.1953125,6.8043,-1.6961,3.9697,7.6982,0,REST
6195,24.19921875,3.6728,-3.9907,3.8573,10.2193,0,REST
6196,24.203125,0.0151,4.1054,-0.2035,12.1146,0,REST
6197,24.20703125,2.6237,-0.4396,5.4181,8.7494,0,REST
6198,24.2109375,6.917,3.5004,1.2324,12.8724,0,REST
6199,24.21484375,6.3713,1.0397,-2.2984,10.3929,0,REST
6200,24.21875,2.1876,3.1759,3.2254,9.0628,0,REST
6201,24.22265625,0.6797,1.2878,2.422,10.3183,0,REST
6202,24.2265625,-0.9673,4.3463,-2.4534,1.2699,0,REST
6203,24.23046875,6.4095,2.3791,-0.3924,-1.0351,0,REST
6204,24.234375,1.7756,3.9885,-4.553,-1.178,0,REST
6205,24.23828125,2.8148,3.3327,-1.369,-3.9031,0,REST
6206,24.2421875,0.4129,5.1331,-1.2702,-7.8743,0,REST
6207,24.24609375,-0.6707,6.0438,-7.5739,-8.3932,0,REST
6208,24.25,-1.6688,1.7967,-1.6865,-7.8148,0,REST
6209,24.25390625,-1.856,1.5057,-3.4132,-11.2914,0,REST
6210,24.2578125,-1.6052,2.3063,-2.9087,-8.4598,0,REST
6211,24.26171875,-0.6446,4.7738,-3.5859,-6.9526,0,REST
6212,24.265625,-1.8831,2.5039,-4.3427,-6.3006,0,REST
6213,24.26953125,-1.3182,0.0914,-5.1968,-5.3389,0,REST
6214,24.2734375,-3.9299,-0.4858,-2.4859,2.8892,0,REST
6215,24.27734375,-3.4154,-3.9994,-3.7074,4.0555,0,REST
6216,24.28125,-2.1121,-0.6129,-5.7528,4.4416,0,REST
6217,24.28515625,-3.8574,-0.9006,-3.0298,5.2578,0,REST
6218,24.2890625,-2.8976,-1.8301,-0.614,4.1249,0,REST
6219,24.29296875,-3.8582,-5.0603,2.5114,4.8255,0,REST
6220,24.296875,-0.5277,-3.6747,-2.055,11.5328,0,REST
6221,24.30078125,-0.3464,0.6737,-0.157,8.646,0,REST
6222,24.3046875,-4.4528,-3.4481,0.1273,6.9178,0,REST
6223,24.30859375,-2.9276,0.0308,6.0448,4.9711,0,REST
6224,24.3125,-2.5657,-6.069,3.3308,0.82,0,REST
6225,24.31640625,0.2173,-2.1476,6.3865,1.8711,0,REST
6226,24.3203125,5.2478,-0.8693,6.1139,1.4511,0,REST
6227,24.32421875,6.4573,-3.6534,9.2537,0.336,0,REST
6228,24.328125,5.6057,-0.9202,4.0578,-1.1543,0,REST
6229,24.33203125,10.4269,4.1916,4.5561,-2.7427,0,REST
6230,24.3359375,9.0289,4.3256,1.8697,-3.2751,0,REST
6231,24.33984375,6.0242,3.9031,4.8278,-3.3519,0,REST
6232,24.34375,7.2857,4.4607,1.2329,-3.8799,0,REST
6233,24.34765625,1.3576,8.9119,-0.2076,-8.1307,0,REST
6234,24.3515625,9.1635,6.3106,0.3078,-4.3964,0,REST
6235,24.35546875,3.889,4.0313,-4.865,-5.1265,0,REST
6236,24.359375,-0.3474,3.9216,-4.2774,-4.6769,0,REST
6237,24.36328125,-0.3836,2.6143,-10.4562,-4.7314,0,REST
6238,24.3671875,-4.9162,1.1608,-11.6179,0.725,0,REST
6239,24.37109375,-6.8753,4.4833,-7.9186,0.5412,0,REST
6240,24.375,-6.6921,0.0931,-8.0659,0.5322,0,REST
6241,24.37890625,-9.4658,-1.7582,-6.8986,-1.9423,0,REST
6242,24.3828125,-9.5924,-4.0379,-7.6599,-0.2535,0,REST
6243,24.38671875,-11.4587,-7.7689,-4.8617,0.9462,0,REST
6244,24.390625,-6.7201,-6.5564,-8.1387,1.1997,0,REST
6245,24.39453125,-5.4405,-9.8436,-2.7244,1.067,0,REST
6246,24.3984375,-3.305,-8.5667,1.8407,4.5804,0,REST
6247,24.40234375,-4.7425,-9.3536,3.5125,-0.1617,0,REST
6248,24.40625,1.8099,-5.8662,8.1602,0.9667,0,REST
6249,24.41015625,2.9384,-2.3752,9.9265,5.3559,0,REST
6250,24.4140625,8.41,-7.3509,10.5006,2.9138,0,REST
6251,24.41796875,7.7091,1.5264,7.8868,-0.3729,0,REST
6252,24.421875,12.4874,-2.364,9.2674,1.0648,0,REST
6253,24.42578125,10.8951,3.0174,12.7679,-1.5317,0,REST
6254,24.4296875,10.8055,6.3539,7.7878,1.5778,0,REST
6255,24.43359375,10.7915,6.9991,8.3297,-3.2238,0,REST
6256,24.4375,11.3834,9.1497,3.6965,0.3349,0,REST
6257,24.44140625,7.5894,13.245,2.7071,-3.585,0,REST
6258,24.4453125,6.3981,9.2324,-3.2736,-2.3102,0,REST
6259,24.44921875,4.3274,10.3246,-2.326,-3.2105,0,REST
6260,24.453125,4.7897,9.6465,-9.4908,-2.6158,0,REST
6261,24.45703125,-4.3494,6.2298,-4.2972,-0.7228,0,REST
6262,24.4609375,-6.4059,3.2441,-11.0115,-3.6752,0,REST
6263,24.46484375,-5.2707,1.9966,-11.9921,-2.1717,0,REST
6264,24.46875,-6.4167,-0.0167,-11.9834,-4.1834,0,REST
6265,24.47265625,-7.8187,-4.02,-12.6261,-3.6798,0,REST
6266,24.4765625,-9.8842,-6.9818,-11.6468,-2.4563,0,REST
6267,24.48046875,-13.5479,-8.1461,-10.0021,-0.5185,0,REST
6268,24.484375,-13.9555,-8.8471,-4.8938,-1.1607,0,REST
6269,24.48828125,-7.9718,-14.1983,-1.033,-0.3073,0,REST
6270,24.4921875,-4.0597,-13.7314,0.8605,0.0884,0,REST
6271,24.49609375,-3.3673,-10.1249,3.6167,3.848,0,REST
6272,24.5,1.5582,-6.5035,6.1322,6.2031,0,REST
6273,24.50390625,2.3993,-7.4994,8.112,5.9396,0,REST
6274,24.5078125,8.0937,-3.874,16.0468,5.5708,0,REST
6275,24.51171875,9.0434,-5.2919,13.2154,5.5702,0,REST
6276,24.515625,10.3762,-0.5835,14.3899,6.5059,0,REST
6277,24.51953125,12.7797,1.4025,10.536,4.0239,0,REST
6278,24.5234375,13.8391,11.4672,13.1307,7.5232,0,REST
6279,24.52734375,14.7711,6.9251,7.9253,2.0538,0,REST
6280,24.53125,10.7806,11.7566,6.9932,-0.0361,0,REST
6281,24.53515625,8.6524,9.1225,-2.3869,-1.9187,0,REST
6282,24.5390625,6.1052,13.3121,-3.0956,0.8406,0,REST
6283,24.54296875,3.0053,10.3096,-0.9159,-0.7401,0,REST
6284,24.546875,-1.5325,13.982,-9.7235,-8.3839,0,REST
6285,24.55078125,-2.2437,8.8559,-7.5499,-12.0334,0,REST
6286,24.5546875,-7.1954,7.8708,-6.4697,-9.912,0,REST
6287,24.55859375,-11.8467,3.5313,-11.6395,-7.1678,0,REST
6288,24.5625,-13.1614,-5.2845,-10.0149,-9.2739,0,REST
6289,24.56640625,-13.139,-0.7102,-8.8452,-8.5772,0,REST
6290,24.5703125,-13.3183,-9.7373,-10.7528,-6.258,0,REST
6291,24.57421875,-11.2162,-8.9381,-9.1044,-3.293,0,REST
6292,24.578125,-9.7202,-12.128,-6.5936,-1.7166,0,REST
6293,24.58203125,-7.914,-11.3965,-4.3857,3.5124,0,REST
6294,24.5859375,-4.2726,-13.737,-1.7445,6.7595,0,REST
6295,24.58984375,-8.3463,-11.4719,3.8294,8.0213,0,REST
6296,24.59375,-1.1571,-14.5632,5.7664,10.0412,0,REST
6297,24.59765625,4.7176,-9.989,12.4198,6.0003,0,REST
6298,24.6015625,0.699,-4.3602,8.6457,10.9232,0,REST
6299,24.60546875,6.9826,-7.7673,12.7936,5.4306,0,REST
6300,24.609375,9.3818,-0.6104,10.1211,7.8958,0,REST
6301,24.61328125,7.2361,1.8484,8.8122,12.5628,0,REST
6302,24.6171875,8.3841,9.1386,11.4677,6.6686,0,REST
6303,24.62109375,8.9671,11.0843,8.059,3.067,0,REST
6304,24.625,5.6538,15.1612,5.3789,2.1514,0,REST
6305,24.62890625,4.7592,14.8609,4.5281,-5.1546,0,REST
6306,24.6328125,1.3991,14.5866,0.4398,-8.0436,0,REST
6307,24.63671875,2.2295,11.1243,-3.7155,-7.368,0,REST
6308,24.640625,-4.3904,7.7356,-5.8225,-10.6046,0,REST
6309,24.64453125,-0.5539,7.1112,-6.3168,-6.1499,0,REST
6310,24.6484375,-3.9635,8.3643,-5.9675,-11.1267,0,REST
6311,24.65234375,-1.1039,3.1258,-7.5087,-9.9,0,REST
6312,24.65625,-6.1558,-1.6093,-5.0236,-9.0928,0,REST
6313,24.66015625,-6.0739,-1.7874,-10.9817,-9.8129,0,REST
6314,24.6640625,-5.0043,-9.5687,-11.645,-4.029,0,REST
6315,24.66796875,-4.7598,-6.3856,-7.4048,0.3775,0,REST
6316,24.671875,-6.6583,-11.387,-3.772,-3.4214,0,REST
6317,24.67578125,-9.0461,-13.6729,-2.7569,7.6945,0,REST
6318,24.6796875,-2.4226,-11.3365,-1.9703,8.4334,0,REST
6319,24.68359375,-3.0776,-14.3816,-0.9819,8.3061,0,REST
6320,24.6875,1.5652,-9.0541,0.2355,11.0081,0,REST
6321,24.69140625,-1.2445,-10.3325,2.4927,13.4585,0,REST
6322,24.6953125,2.0247,-4.6667,5.1295,11.0609,0,REST
6323,24.69921875,7.8301,-1.189,5.389,10.4788,0,REST
6324,24.703125,4.7048,1.0429,4.1036,6.6969,0,REST
6325,24.70703125,1.3588,7.4465,5.2552,8.5344,0,REST
6326,24.7109375,5.3497,5.3503,3.7052,3.3169,0,REST
6327,24.71484375,4.0514,10.0553,1.6382,3.5544,0,REST
6328,24.71875,5.218,9.1104,4.2596,-7.1853,0,REST
6329,24.72265625,5.2926,16.76,2.9732,-6.2862,0,REST
6330,24.7265625,5.3337,9.5575,2.1892,-10.3435,0,REST
6331,24.73046875,2.9817,10.5749,0.5607,-14.4464,0,REST
6332,24.734375,2.5137,11.6102,6.1811,-13.5556,0,REST
6333,24.73828125,1.906,7.5515,3.4858,-13.306,0,REST
6334,24.7421875,1.9801,3.2372,-1.5532,-11.1785,0,REST
6335,24.74609375,1.5172,0.6215,0.8301,-11.486,0,REST
6336,24.75,-1.2154,0.6069,2.9636,-6.9776,0,REST
6337,24.75390625,2.5132,-3.8056,-2.3609,-2.5097,0,REST
6338,24.7578125,-0.7671,-6.9121,2.2255,0.5522,0,REST
6339,24.76171875,-4.6701,-9.0552,-2.3598,5.806,0,REST
6340,24.765625,-3.6994,-10.6618,-1.1015,6.332,0,REST
6341,24.76953125,-1.1472,-10.4681,-3.6701,7.0744,0,REST
6342,24.7734375,-1.3683,-13.7659,-2.4455,10.0115,0,REST
6343,24.77734375,-3.6866,-8.7418,-4.9091,11.8192,0,REST
6344,24.78125,-1.9623,-8.2444,-5.1174,12.7906,0,REST
6345,24.78515625,-5.6029,-4.0833,-5.0192,13.0532,0,REST
6346,24.7890625,-1.1082,-6.858,-6.1212,13.7822,0,REST
6347,24.79296875,-3.9958,-1.4059,-0.438,4.9703,0,REST
6348,24.796875,-5.7654,1.7797,-2.6005,5.7947,0,REST
6349,24.80078125,2.2389,1.1643,-1.8958,0.0349,0,REST
6350,24.8046875,-1.2315,8.3338,-3.2625,-2.2497,0,REST
6351,24.80859375,0.7144,8.7278,2.9887,0.4801,0,REST
6352,24.8125,0.6542,8.8671,2.6367,-4.4943,0,REST
6353,24.81640625,3.2653,9.953,4.5662,-10.9973,0,REST
6354,24.8203125,7.7957,9.261,6.6367,-12.1759,0,REST
6355,24.82421875,2.5351,9.201,8.5976,-10.5888,0,REST
6356,24.828125,4.6968,9.2976,9.3558,-12.9819,0,REST
6357,24.83203125,5.5025,4.4283,7.2824,-7.339,0,REST
6358,24.8359375,9.5561,7.4392,4.7134,-9.7285,0,REST
6359,24.83984375,4.8031,3.9088,7.3925,-4.7255,0,REST
6360,24.84375,10.2299,-0.8574,5.9087,-3.0197,0,REST
6361,24.84765625,7.2731,-0.8125,3.592,-0.4209,0,REST
6362,24.8515625,4.6992,-4.2132,3.0136,0.3968,0,REST
6363,24.85546875,3.6181,-4.1959,-3.4558,5.5097,0,REST
6364,24.859375,-0.5382,-6.5656,-4.4077,6.7714,0,REST
6365,24.86328125,1.5035,-8.4791,-4.5589,6.0495,0,REST
6366,24.8671875,-1.2786,-8.4369,-7.9021,10.4617,0,REST
6367,24.87109375,-5.0007,-10.9268,-6.2403,11.2407,0,REST
6368,24.875,-6.3259,-7.5739,-11.8079,4.0601,0,REST
6369,24.87890625,-8.8012,-3.1604,-14.2144,7.8086,0,REST
6370,24.8828125,-7.4811,-4.0316,-8.5449,2.727,0,REST
6371,24.88671875,-9.335,0.1174,-12.4488,4.3924,0,REST
6372,24.890625,-7.3431,-0.143,-8.1809,-0.131,0,REST
6373,24.89453125,-7.9622,-0.7127,-7.5863,1.958,0,REST
6374,24.8984375,-3.8914,4.417,-0.9356,-3.9094,0,REST
6375,24.90234375,-1.3265,4.3311,1.0406,-2.6266,0,REST
6376,24.90625,-0.4488,5.3046,3.6191,-7.6795,0,REST
6377,24.91015625,-0.4599,8.6786,2.6678,-6.1378,0,REST
6378,24.9140625,7.3949,9.5185,8.4728,-9.124,0,REST
6379,24.91796875,6.6971,4.92,9.6572,-4.6935,0,REST
6380,24.921875,11.3443,4.3116,10.0474,-7.439,0,REST
6381,24.92578125,9.7678,4.5174,12.4627,-3.7328,0,REST
6382,24.9296875,14.9354,5.7761,13.5864,2.1819,0,REST
6383,24.93359375,8.8237,-0.1095,13.961,-4.7735,0,REST
6384,24.9375,11.6498,2.4631,10.5177,-2.0199,0,REST
6385,24.94140625,10.1043,-2.407,6.0499,-2.0351,0,REST
6386,24.9453125,8.0151,-3.6286,6.1912,0.3665,0,REST
6387,24.94921875,3.7161,6.4023,6.9636,0.7823,0,REST
6388,24.953125,-2.1591,1.88,3.6535,0.173,0,REST
6389,24.95703125,-4.9478,-0.5224,-4.4808,5.8422,0,REST
6390,24.9609375,-7.5722,-3.9309,-6.9103,0.9505,0,REST
6391,24.96484375,-10.2418,-3.8252,-8.2375,6.9088,0,REST
6392,24.96875,-10.4429,-0.5602,-13.628,-1.5199,0,REST
6393,24.97265625,-11.5601,-5.4856,-10.1186,5.0137,0,REST
6394,24.9765625,-12.6639,-5.9319,-12.8211,2.278,0,REST
6395,24.98046875,-14.4472,-3.6333,-11.0303,1.8713,0,REST
6396,24.984375,-11.572,-2.8731,-7.1185,0.0047,0,REST
6397,24.98828125,-9.1155,-1.553,-6.8306,2.8517,0,REST
6398,24.9921875,-9.9672,-0.7507,-7.6581,2.1325,0,REST
6399,24.99609375,-6.2476,-0.8099,-5.032,1.1775,0,REST
6400,25.0,0.7571,-0.2672,2.5124,-1.8648,0,REST
6401,25.00390625,4.5681,-0.4326,5.0413,-0.4788,0,REST
6402,25.0078125,4.8983,4.1755,5.9896,1.5348,0,REST
6403,25.01171875,8.1859,2.8645,9.6591,-6.4192,0,REST
6404,25.015625,12.9596,2.8488,12.4712,-4.1034,0,REST
6405,25.01953125,17.7768,1.8745,13.4093,-0.2836,0,REST
6406,25.0234375,12.3015,5.6624,13.1123,-2.7709,0,REST
6407,25.02734375,9.4293,1.8457,9.1297,-6.3505,0,REST
6408,25.03125,9.104,1.6941,13.7764,-3.324,0,REST
6409,25.03515625,7.1117,0.7962,14.1597,-2.3813,0,REST
6410,25.0390625,8.9867,2.9838,11.4413,-5.3925,0,REST
6411,25.04296875,3.6048,4.8047,7.3317,0.5682,0,REST
6412,25.046875,-0.5123,5.6238,-0.1772,-6.6708,0,REST
6413,25.05078125,-3.6592,0.1691,-3.3246,-3.8022,0,REST
6414,25.0546875,-5.3258,0.1487,-5.0297,-0.5927,0,REST
6415,25.05859375,-8.3631,2.914,-9.3258,0.9536,0,REST
6416,25.0625,-10.2731,-0.3623,-10.4474,2.694,0,REST
6417,25.06640625,-13.7905,-3.0632,-14.4117,2.6654,0,REST
6418,25.0703125,-12.8784,-2.9731,-11.5207,5.5237,0,REST
6419,25.07421875,-9.4565,-6.1373,-9.3648,8.5129,0,REST
6420,25.078125,-10.023,-5.3666,-13.73,6.2761,0,REST
6421,25.08203125,-9.8253,-6.8813,-10.2299,4.2263,0,REST
6422,25.0859375,-5.0217,-5.074,-8.4477,9.2329,0,REST
6423,25.08984375,-3.1772,-4.0741,-0.2624,6.6619,0,REST
6424,25.09375,0.8403,-4.5523,0.0878,7.6759,0,REST
6425,25.09765625,2.7504,-2.7402,3.293,6.4787,0,REST
6426,25.1015625,8.2034,-4.0552,1.5207,3.5517,0,REST
6427,25.10546875,7.2078,-2.8216,6.4191,-2.3304,0,REST
6428,25.109375,9.0392,-0.515,8.0302,-4.1203,0,REST
6429,25.11328125,9.8735,3.7331,7.8577,-5.2192,0,REST
6430,25.1171875,8.9079,3.5786,8.3612,-5.5387,0,REST
6431,25.12109375,9.847,5.042,8.9059,-6.5604,0,REST
6432,25.125,9.7444,5.9342,8.563,-7.043,0,REST
6433,25.12890625,5.1843,9.3888,2.8262,-6.9949,0,REST
6434,25.1328125,1.8137,10.3891,5.4191,-11.4586,0,REST
6435,25.13671875,0.8735,5.559,2.6106,-7.6045,0,REST
6436,25.140625,-1.0132,2.3104,-1.0903,-5.8545,0,REST
6437,25.14453125,0.4731,2.2304,-0.7501,-4.5078,0,REST
6438,25.1484375,-3.2757,4.0679,-4.0898,-0.3391,0,REST
6439,25.15234375,-6.3625,5.8233,-2.2791,-1.6422,0,REST
6440,25.15625,-4.0272,-0.2847,-8.0298,2.4335,0,REST
6441,25.16015625,-8.486,0.5535,-1.7615,6.6611,0,REST
6442,25.1640625,-10.3494,-5.1274,-7.0398,7.6461,0,REST
6443,25.16796875,-3.8464,-4.6821,-7.0471,7.6512,0,REST
6444,25.171875,-5.8042,-9.2282,-6.9954,9.0783,0,REST
6445,25.17578125,-3.0523,-9.3081,-4.8642,7.78,0,REST
6446,25.1796875,-3.8383,-7.366,-1.5911,9.6447,0,REST
6447,25.18359375,-0.6155,-9.7237,-2.5341,8.9865,0,REST
6448,25.1875,-2.5604,-12.6958,-4.0092,9.1873,0,REST
6449,25.19140625,0.3425,-4.6989,-0.2619,3.7127,0,REST
6450,25.1953125,1.153,-5.5109,2.8032,-0.3096,0,REST
6451,25.19921875,2.0323,-0.3149,-1.1429,-3.6068,0,REST
6452,25.203125,7.3444,-0.0823,2.8684,-2.0951,0,REST
6453,25.20703125,5.1504,4.2227,4.6777,-6.1234,0,REST
6454,25.2109375,4.8565,4.9848,5.2527,-10.1122,0,REST
6455,25.21484375,5.8349,12.1926,4.6397,-13.5042,0,REST
6456,25.21875,2.5512,5.1788,5.6068,-17.7022,0,REST
6457,25.22265625,4.186,8.1903,3.9921,-9.9677,0,REST
6458,25.2265625,1.9359,10.9094,2.2495,-11.9262,0,REST
6459,25.23046875,7.2857,11.5092,5.292,-10.3723,0,REST
6460,25.234375,2.7738,12.2495,1.4615,-3.9454,0,REST
6461,25.23828125,2.1317,8.8978,0.7335,-2.8516,0,REST
6462,25.2421875,0.9407,4.1273,1.5875,2.2158,0,REST
6463,25.24609375,-0.7389,0.7328,-0.981,1.6675,0,REST
6464,25.25,-1.2988,4.1566,1.7616,8.5347,0,REST
6465,25.25390625,-4.2914,-3.011,-3.1664,9.0383,0,REST
6466,25.2578125,-2.3697,-5.7424,0.0,10.5725,0,REST
6467,25.26171875,-0.534,-5.963,0.3772,14.1046,0,REST
6468,25.265625,-2.238,-12.3319,-2.2853,10.1333,0,REST
6469,25.26953125,-5.7495,-10.0062,-2.9854,10.0591,0,REST
6470,25.2734375,-4.7589,-10.4466,-2.0052,10.26,0,REST
6471,25.27734375,-3.0715,-13.631,-4.1423,8.2898,0,REST
6472,25.28125,-6.5204,-10.401,-3.2297,5.8357,0,REST
6473,25.28515625,-5.3758,-7.7056,-1.763,0.7239,0,REST
6474,25.2890625,-1.5765,-6.3603,-2.6169,-0.5242,0,REST
6475,25.29296875,-3.4561,-3.0846,-1.0895,-4.8938,0,REST
6476,25.296875,-6.0845,-4.024,-3.3182,-7.6129,0,REST
6477,25.30078125,0.8079,0.5961,-6.3619,-11.5676,0,REST
6478,25.3046875,1.2124,5.3609,-1.9161,-10.1309,0,REST
6479,25.30859375,0.5314,11.6009,-6.545,-15.2526,0,REST
6480,25.3125,-3.1531,10.131,-1.7897,-11.7989,0,REST
6481,25.31640625,3.2009,12.1798,-3.1971,-9.7198,0,REST
6482,25.3203125,4.2573,11.2659,-0.6164,-8.4429,0,REST
6483,25.32421875,4.3465,11.9981,2.1839,-7.4285,0,REST
6484,25.328125,6.1928,12.0877,8.2981,-5.0079,0,REST
6485,25.33203125,10.2226,11.2304,3.7999,1.2284,0,REST
6486,25.3359375,5.3595,7.8601,7.8899,4.6092,0,REST
6487,25.33984375,9.0942,6.7217,10.8462,11.3778,0,REST
6488,25.34375,7.9683,0.7839,9.2731,11.4356,0,REST
6489,25.34765625,7.0852,-2.8173,9.8747,12.9955,0,REST
6490,25.3515625,2.3497,-7.7457,6.3168,13.5407,0,REST
6491,25.35546875,3.2944,-11.892,6.9813,13.4332,0,REST
6492,25.359375,4.1313,-9.3041,5.0533,9.3457,0,REST
6493,25.36328125,0.4874,-15.2867,-0.3473,9.217,0,REST
6494,25.3671875,-3.6943,-13.5746,0.6535,5.8444,0,REST
6495,25.37109375,-5.5632,-13.605,-2.3258,3.7021,0,REST
6496,25.375,-6.4809,-11.1228,-0.9543,3.6052,0,REST
6497,25.37890625,-8.362,-13.6164,-9.4717,-5.6785,0,REST
6498,25.3828125,-7.2569,-7.0684,-7.0981,-3.6201,0,REST
6499,25.38671875,-6.8776,-7.4523,-9.5219,-7.0654,0,REST
6500,25.390625,-9.5078,-4.2846,-12.9825,-12.3764,0,REST
6501,25.39453125,-8.0349,-2.3989,-8.4437,-11.362,0,REST
6502,25.3984375,-6.1248,4.6533,-8.2806,-11.1889,0,REST
6503,25.40234375,-3.2656,5.5431,-7.066,-11.1129,0,REST
6504,25.40625,0.0234,13.4395,-10.079,-7.0854,0,REST
6505,25.41015625,2.4163,13.4263,-2.8056,-10.4312,0,REST
6506,25.4140625,4.8995,9.3713,-1.5916,-6.2966,0,REST
6507,25.41796875,9.5142,17.2248,3.9913,-6.2153,0,REST
6508,25.421875,13.1889,10.1181,5.5156,0.7469,0,REST
6509,25.42578125,9.8891,6.655,7.7913,2.6571,0,REST
6510,25.4296875,13.6488,5.6368,7.0902,5.1869,0,REST
6511,25.43359375,10.3698,1.7813,14.3393,6.8437,0,REST
6512,25.4375,8.5884,0.9552,14.5756,11.9987,0,REST
6513,25.44140625,7.3297,-0.631,13.3565,9.768,0,REST
6514,25.4453125,2.3377,-5.8901,10.4311,9.5883,0,REST
6515,25.44921875,2.5054,-7.5077,11.234,11.9885,0,REST
6516,25.453125,-3.2552,-11.2136,6.4638,6.2233,0,REST
6517,25.45703125,-4.9199,-10.719,3.5771,7.5281,0,REST
6518,25.4609375,-7.1938,-12.8795,1.3244,4.6232,0,REST
6519,25.46484375,-10.7301,-12.6961,-0.8436,2.4832,0,REST
6520,25.46875,-10.307,-13.006,-5.513,-1.0665,0,REST
6521,25.47265625,-9.2353,-6.1995,-9.8189,-6.6284,0,REST
6522,25.4765625,-14.9419,-8.3996,-9.9241,-6.7806,0,REST
6523,25.48046875,-12.2774,-1.3022,-14.4904,-0.7766,0,REST
6524,25.484375,-13.197,-1.0333,-13.1762,-4.4807,0,REST
6525,25.48828125,-14.656,3.0625,-14.8666,-2.8496,0,REST
6526,25.4921875,-3.5218,2.9107,-9.6748,-5.2994,0,REST
6527,25.49609375,-8.1087,9.0154,-9.2893,-8.4213,0,REST
6528,25.5,1.0416,12.3904,-13.2473,-5.3488,0,REST
6529,25.50390625,5.2456,12.8442,-4.8547,-4.934,0,REST
6530,25.5078125,5.4252,13.0812,-1.8436,-1.5271,0,REST
6531,25.51171875,10.8349,10.5622,3.1065,1.8669,0,REST
6532,25.515625,12.1581,11.216,2.746,-1.2607,0,REST
6533,25.51953125,11.3438,10.8102,6.5161,0.0553,0,REST
6534,25.5234375,9.9931,5.4735,10.2054,3.5628,0,REST
6535,25.52734375,11.5663,1.8053,13.9646,3.3754,0,REST
6536,25.53125,11.459,-1.4802,14.2489,4.2724,0,REST
6537,25.53515625,5.1826,-2.6375,10.3895,3.8774,0,REST
6538,25.5390625,3.6017,-4.5968,13.2899,10.2067,0,REST
6539,25.54296875,3.1217,-11.8064,13.1553,3.8081,0,REST
6540,25.546875,-0.1155,-8.1276,8.8935,3.7453,0,REST
6541,25.55078125,-3.5416,-10.3466,6.6275,3.2761,0,REST
6542,25.5546875,-7.2916,-10.5824,2.2036,0.1272,0,REST
6543,25.55859375,-12.3689,-11.5988,-2.8428,3.8005,0,REST
6544,25.5625,-14.56,-10.664,-5.9483,-5.3228,0,REST
6545,25.56640625,-10.1645,-10.6479,-7.1087,3.0173,0,REST
6546,25.5703125,-12.059,-5.4698,-8.7796,0.7899,0,REST
6547,25.57421875,-12.6681,-4.0462,-9.8363,-2.2873,0,REST
6548,25.578125,-9.236,-2.6155,-14.4875,-1.7866,0,REST
6549,25.58203125,-8.3409,1.0464,-14.4503,-2.7774,0,REST
6550,25.5859375,-5.1985,5.5936,-8.4349,-2.807,0,REST
6551,25.58984375,-2.2559,6.0978,-10.1336,-2.3831,0,REST
6552,25.59375,-1.8555,12.7076,-6.1857,-2.0888,0,REST
6553,25.59765625,-0.7405,9.1607,-5.8617,-7.9392,0,REST
6554,25.6015625,8.3672,6.8976,2.4404,-4.4244,0,REST
6555,25.60546875,7.7377,9.9425,1.8279,-0.9005,0,REST
6556,25.609375,12.4894,5.4626,2.7152,-0.8264,0,REST
6557,25.61328125,10.2769,7.6022,4.2187,-2.0932,0,REST
6558,25.6171875,7.2533,6.5986,6.3387,-3.6862,0,REST
6559,25.62109375,8.8692,-0.913,5.3407,2.8742,0,REST
6560,25.625,4.0896,3.1021,10.0172,-2.5703,0,REST
6561,25.62890625,8.5371,-1.576,9.5697,0.4648,0,REST
6562,25.6328125,-1.075,-3.0393,8.7996,2.3973,0,REST
6563,25.63671875,3.0251,-2.7782,6.1417,0.2261,0,REST
6564,25.640625,-3.7902,-3.5388,6.2831,3.2623,0,REST
6565,25.64453125,-1.8313,-7.766,1.043,4.7565,0,REST
6566,25.6484375,-4.3585,-5.3029,2.5604,7.4839,0,REST
6567,25.65234375,-6.1021,-5.8683,5.2652,0.3733,0,REST
6568,25.65625,-7.874,-2.9686,-5.5271,6.0076,0,REST
6569,25.66015625,-7.1091,-5.8695,-3.1573,2.9925,0,REST
6570,25.6640625,-6.1888,-4.561,-2.44,1.7607,0,REST
6571,25.66796875,-7.8134,-0.5933,-3.8852,2.9685,0,REST
6572,25.671875,-6.5674,0.7277,-5.9507,3.0818,0,REST
6573,25.67578125,-4.5317,-2.4082,-6.6619,-3.205,0,REST
6574,25.6796875,-1.5277,-2.0814,-6.3511,0.9253,0,REST
6575,25.68359375,-2.4817,1.1334,-3.1165,-3.1815,0,REST
6576,25.6875,1.2027,2.3158,-6.0402,-2.2891,0,REST
6577,25.69140625,2.4708,2.4716,-1.282,-8.1668,0,REST
6578,25.6953125,3.8349,3.5492,-1.6585,-5.6579,0,REST
6579,25.69921875,4.0749,2.812,2.4812,-11.594,0,REST
6580,25.703125,3.4774,4.1924,-2.7841,-7.1093,0,REST
6581,25.70703125,0.8484,5.028,0.3229,-8.8399,0,REST
6582,25.7109375,2.9146,3.7748,1.9328,-5.799,0,REST
6583,25.71484375,6.5,0.8435,1.3676,-6.6362,0,REST
6584,25.71875,2.6853,1.9888,2.0562,-4.7995,0,REST
6585,25.72265625,1.0419,3.41,4.7141,-0.9811,0,REST
6586,25.7265625,3.7348,-2.3215,1.9607,0.8835,0,REST
6587,25.73046875,-0.2691,-1.8646,2.3164,3.6728,0,REST
6588,25.734375,1.0329,-3.7866,2.4769,7.7586,0,REST
6589,25.73828125,0.7612,3.556,0.707,7.1264,0,REST
6590,25.7421875,1.8516,-3.7334,4.5431,11.2209,0,REST
6591,25.74609375,2.546,-4.8318,1.8935,11.3221,0,REST
6592,25.75,1.2827,-3.7426,0.6729,10.977,0,REST
6593,25.75390625,0.6909,-2.8975,4.1605,7.9045,0,REST
6594,25.7578125,0.0797,-4.1257,1.724,5.8391,0,REST
6595,25.76171875,-0.0157,-2.2311,0.7866,3.9454,0,REST
6596,25.765625,-1.5074,0.4569,0.1042,3.7652,0,REST
6597,25.76953125,-7.5639,-0.4619,-0.9895,0.0949,0,REST
6598,25.7734375,-3.1133,-5.5514,0.3194,-2.2045,0,REST
6599,25.77734375,-0.5254,-0.7878,-1.9433,-7.0972,0,REST
6600,25.78125,-2.8313,-1.599,-0.6465,-11.7344,0,REST
6601,25.78515625,-5.9769,-1.4321,-1.7569,-11.7934,0,REST
6602,25.7890625,-7.6118,0.0473,-4.568,-8.8058,0,REST
6603,25.79296875,-1.4497,-0.908,-7.528,-8.7529,0,REST
6604,25.796875,-1.0686,-1.1703,-4.8015,-11.3678,0,REST
6605,25.80078125,-3.3241,2.5069,-3.5688,-8.3486,0,REST
6606,25.8046875,-1.4681,2.0912,-4.0268,-7.4515,0,REST
6607,25.80859375,0.7324,3.1326,-7.2641,-4.9712,0,REST
6608,25.8125,3.0066,2.1665,-7.6615,-1.9933,0,REST
6609,25.81640625,2.2561,4.958,-5.8961,-0.7453,0,REST
6610,25.8203125,3.705,2.2783,-3.7771,4.0832,0,REST
6611,25.82421875,8.4689,0.7638,1.1467,5.7634,0,REST
6612,25.828125,1.527,3.9145,-3.4223,8.303,0,REST
6613,25.83203125,9.4485,0.5357,7.7396,12.9267,0,REST
6614,25.8359375,5.258,0.4313,3.9707,16.8232,0,REST
6615,25.83984375,7.385,-1.2143,4.0966,12.5267,0,REST
6616,25.84375,6.7178,-0.8136,5.106,9.5575,0,REST
6617,25.84765625,4.1675,-3.4168,4.9087,11.3432,0,REST
6618,25.8515625,4.4368,-1.7296,10.824,6.4856,0,REST
6619,25.85546875,-0.3186,-4.9423,9.703,3.9214,0,REST
6620,25.859375,0.9949,-2.0386,2.3171,-2.5983,0,REST
6621,25.86328125,-2.6554,-5.499,5.5002,-0.5605,0,REST
6622,25.8671875,-3.6506,-6.9047,2.3533,-6.9654,0,REST
6623,25.87109375,-9.0844,-5.2466,3.9828,-9.4353,0,REST
6624,25.875,-6.5958,-3.8064,-0.3158,-10.5469,0,REST
6625,25.87890625,-13.856,-3.5161,-1.7483,-10.4554,0,REST
6626,25.8828125,-12.9894,-1.1556,-4.9431,-12.7015,0,REST
6627,25.88671875,-11.8003,-3.2623,-8.8179,-13.1144,0,REST
6628,25.890625,-8.1574,-1.9277,-15.2885,-7.1701,0,REST
6629,25.89453125,-6.9126,-2.6943,-8.9265,-9.0442,0,REST
6630,25.8984375,-5.2381,4.6449,-12.4112,-4.1921,0,REST
6631,25.90234375,-2.0563,6.2959,-9.2586,0.8039,0,REST
6632,25.90625,-0.9597,7.9634,-9.0342,2.3846,0,REST
6633,25.91015625,4.1645,8.0755,-7.603,6.1574,0,REST
6634,25.9140625,4.4908,10.0248,-5.5366,6.6377,0,REST
6635,25.91796875,9.7777,8.3528,-4.1895,13.6155,0,REST
6636,25.921875,8.8952,6.138,-1.6271,11.1737,0,REST
6637,25.92578125,10.6407,6.7144,4.1663,13.4672,0,REST
6638,25.9296875,11.4048,6.2018,3.0447,9.3486,0,REST
6639,25.93359375,8.9191,7.1991,6.6875,8.7949,0,REST
6640,25.9375,8.1793,4.3654,7.2966,10.601,0,REST
6641,25.94140625,10.9078,0.4062,13.0496,4.1784,0,REST
6642,25.9453125,4.5647,-5.2154,14.2363,2.6922,0,REST
6643,25.94921875,3.7053,-5.3082,13.1709,-0.7734,0,REST
6644,25.953125,2.7826,-9.7721,11.182,-4.0075,0,REST
6645,25.95703125,-3.0792,-5.8621,8.5892,-9.1844,0,REST
6646,25.9609375,-1.4463,-10.5835,11.3623,-12.4342,0,REST
6647,25.96484375,-9.2815,-12.9031,4.5519,-9.9194,0,REST
6648,25.96875,-8.1899,-10.7946,-1.2448,-9.4846,0,REST
6649,25.97265625,-12.1646,-7.3578,-1.2549,-10.0671,0,REST
6650,25.9765625,-14.1532,-8.288,-5.1374,-11.0921,0,REST
6651,25.98046875,-12.8685,-5.5487,-9.7874,-8.7315,0,REST
6652,25.984375,-10.8775,-3.5532,-8.757,-4.0851,0,REST
6653,25.98828125,-9.8554,-1.143,-15.9561,-1.2343,0,REST
6654,25.9921875,-9.7454,5.8594,-13.2869,-0.5492,0,REST
6655,25.99609375,-0.8147,6.6914,-13.0461,1.1894,0,REST
6656,26.0,1.6884,4.9638,-10.7247,4.2304,0,REST
6657,26.00390625,-0.6572,7.8711,-10.9267,7.5154,0,REST
6658,26.0078125,9.1455,11.538,-8.8011,5.2329,0,REST
6659,26.01171875,11.4557,13.1034,-4.2876,10.7256,0,REST
6660,26.015625,14.3888,13.3679,-2.4813,11.3158,0,REST
6661,26.01953125,9.9561,5.1864,0.0377,11.2608,0,REST
6662,26.0234375,12.7743,12.6879,2.4755,9.7083,0,REST
6663,26.02734375,10.9216,5.8405,9.0697,7.6859,0,REST
6664,26.03125,9.8692,5.2338,11.455,5.7215,0,REST
6665,26.03515625,7.0669,-2.2762,12.1589,1.4376,0,REST
6666,26.0390625,3.9822,-2.897,12.982,-0.6678,0,REST
6667,26.04296875,5.3633,-4.5975,12.6085,-2.4129,0,REST
6668,26.046875,-1.195,-9.6927,9.6638,-2.2275,0,REST
6669,26.05078125,-2.904,-13.7476,9.7437,-3.1977,0,REST
6670,26.0546875,-7.8054,-9.8068,8.7714,-6.5516,0,REST
6671,26.05859375,-6.2948,-10.149,3.4391,-6.3863,0,REST
6672,26.0625,-11.0241,-11.3418,4.9445,-9.8019,0,REST
6673,26.06640625,-15.1189,-10.5867,-0.864,-4.6164,0,REST
6674,26.0703125,-11.3986,-7.2608,-3.3911,-8.3637,0,REST
6675,26.07421875,-12.768,-7.2776,-4.6341,-4.8607,0,REST
6676,26.078125,-9.6598,-3.4235,-4.7278,-3.9479,0,REST
6677,26.08203125,-5.7776,0.5536,-10.3705,-0.0806,0,REST
6678,26.0859375,-2.0224,0.9545,-11.4876,-0.7035,0,REST
6679,26.08984375,-2.5946,4.926,-13.0026,1.3539,0,REST
6680,26.09375,0.8576,7.0052,-11.157,3.3605,0,REST
6681,26.09765625,4.9505,10.4601,-9.4433,5.4781,0,REST
6682,26.1015625,2.5421,12.0651,-8.9754,6.3669,0,REST
6683,26.10546875,9.6653,13.2114,-8.6749,6.9236,0,REST
6684,26.109375,9.2191,13.9968,-4.8848,7.126,0,REST
6685,26.11328125,11.3764,11.961,-1.7384,3.7431,0,REST
6686,26.1171875,9.7467,9.9739,2.3732,3.1998,0,REST
6687,26.12109375,8.7157,7.423,4.6666,2.1634,0,REST
6688,26.125,6.5714,-0.0966,5.5325,2.4628,0,REST
6689,26.12890625,4.0322,1.2277,7.2454,-2.2199,0,REST
6690,26.1328125,1.6423,-3.3231,9.462,-1.3064,0,REST
6691,26.13671875,1.9984,-6.5859,8.3016,0.3385,0,REST
6692,26.140625,-2.9145,-10.1642,9.6513,-0.6969,0,REST
6693,26.14453125,-3.2401,-8.236,6.7854,-0.2248,0,REST
6694,26.1484375,-3.4147,-14.7153,5.3947,-0.7143,0,REST
6695,26.15234375,-5.5915,-13.5606,3.7909,-4.7322,0,REST
6696,26.15625,-7.0725,-11.555,4.7064,-0.4696,0,REST
6697,26.16015625,-8.0825,-9.1637,1.7429,1.028,0,REST
6698,26.1640625,-9.7832,-6.5367,-1.1495,-4.7868,0,REST
6699,26.16796875,-5.1497,-7.8449,-2.8954,-0.5533,0,REST
6700,26.171875,-1.5939,-1.0917,-0.7475,-3.019,0,REST
6701,26.17578125,-6.7617,-2.4753,-3.4003,-4.2142,0,REST
6702,26.1796875,-1.2014,3.7843,-4.3715,-0.5125,0,REST
6703,26.18359375,-3.8863,7.5124,-6.8556,-2.2663,0,REST
6704,26.1875,0.9242,9.458,-2.6575,-2.5728,0,REST
6705,26.19140625,-0.1439,9.2111,-3.7347,3.4416,0,REST
6706,26.1953125,-2.5207,10.4669,-7.3691,-0.4149,0,REST
6707,26.19921875,3.5561,15.9419,-1.1836,0.4989,0,REST
6708,26.203125,2.5176,13.8214,-0.9061,1.6298,0,REST
6709,26.20703125,3.4757,11.6672,-5.2211,1.7753,0,REST
6710,26.2109375,3.176,7.5539,-2.8142,4.4983,0,REST
6711,26.21484375,2.7764,5.8672,-0.8209,3.7137,0,REST
6712,26.21875,0.9731,1.9382,-0.1348,6.0346,0,REST
6713,26.22265625,2.1405,0.9653,-2.0175,4.143,0,REST
6714,26.2265625,5.3138,-5.995,1.0787,5.9534,0,REST
6715,26.23046875,4.8555,-6.3838,3.6352,1.3075,0,REST
6716,26.234375,1.5383,-8.1976,6.5209,5.2473,0,REST
6717,26.23828125,1.1713,-10.2268,3.6943,4.646,0,REST
6718,26.2421875,1.0708,-8.7745,3.8936,-0.4849,0,REST
6719,26.24609375,-3.2652,-9.8719,4.5617,-0.5477,0,REST
6720,26.25,4.1931,-9.5192,4.8233,-3.8235,0,REST
6721,26.25390625,2.5391,-9.3701,3.8511,-4.7424,0,REST
6722,26.2578125,-1.0715,-9.3928,3.1402,-5.1005,0,REST
6723,26.26171875,-1.338,-6.7297,0.9279,-3.6972,0,REST
6724,26.265625,-0.7661,-4.1737,3.9407,-6.2814,0,REST
6725,26.26953125,-2.2312,1.1468,1.6443,-3.8524,0,REST
6726,26.2734375,-2.9904,1.5271,-2.751,-3.626,0,REST
6727,26.27734375,-2.3602,2.384,1.8695,-8.5582,0,REST
6728,26.28125,-5.2597,8.9951,1.0545,-4.7809,0,REST
6729,26.28515625,-3.7988,8.6776,-0.3854,-4.0783,0,REST
6730,26.2890625,-4.4077,9.8634,-2.2561,-1.887,0,REST
6731,26.29296875,-2.0783,10.7235,-0.951,0.84,0,REST
6732,26.296875,-2.2409,12.22,-2.6152,2.5481,0,REST
6733,26.30078125,-5.9206,8.8724,-3.2451,0.6206,0,REST
6734,26.3046875,1.7186,6.4673,-4.5907,7.5773,0,REST
6735,26.30859375,1.2037,3.9331,-4.7823,3.7664,0,REST
6736,26.3125,-0.2405,2.3723,-8.08,7.5848,0,REST
6737,26.31640625,4.389,2.0595,-9.943,8.0645,0,REST
6738,26.3203125,0.8321,2.876,-4.9078,10.2569,0,REST
6739,26.32421875,0.7645,-3.9824,-5.657,4.9444,0,REST
6740,26.328125,7.657,-8.5815,-1.3733,7.7998,0,REST
6741,26.33203125,8.0098,-14.303,-2.8737,6.833,0,REST
6742,26.3359375,8.6174,-5.5822,-3.2621,4.4745,0,REST
6743,26.33984375,10.1594,-6.2597,-0.8474,1.1269,0,REST
6744,26.34375,7.3131,-4.1784,0.2111,-1.7242,0,REST
6745,26.34765625,3.0251,-10.0061,4.8761,-9.3547,0,REST
6746,26.3515625,2.432,-8.1501,6.327,-6.682,0,REST
6747,26.35546875,2.1264,0.1437,9.3013,-5.4176,0,REST
6748,26.359375,0.4052,-0.9424,6.6397,-9.5194,0,REST
6749,26.36328125,-0.4599,2.1317,11.8782,-7.7556,0,REST
6750,26.3671875,-4.8254,-1.1348,11.127,-13.0464,0,REST
6751,26.37109375,-5.0959,4.5179,10.0281,-9.0855,0,REST
6752,26.375,-6.6932,8.342,6.8038,-9.8272,0,REST
6753,26.37890625,-10.128,9.0759,3.3913,-6.8511,0,REST
6754,26.3828125,-5.0249,4.8934,6.366,-1.7496,0,REST
6755,26.38671875,-7.2741,9.7245,-1.5828,3.4708,0,REST
6756,26.390625,-8.049,10.2907,-2.0946,2.2063,0,REST
6757,26.39453125,-7.0125,6.7298,-2.925,3.0424,0,REST
6758,26.3984375,-5.9087,5.2055,-8.0255,10.8413,0,REST
6759,26.40234375,-2.2353,10.4038,-8.2723,12.2785,0,REST
6760,26.40625,-2.0358,3.3591,-14.9278,12.6015,0,REST
6761,26.41015625,2.6582,1.1405,-8.6552,12.2811,0,REST
6762,26.4140625,6.0353,-5.0541,-10.2576,12.9432,0,REST
6763,26.41796875,8.7316,-3.4956,-10.0088,10.288,0,REST
6764,26.421875,8.4566,-3.8745,-10.4706,8.564,0,REST
6765,26.42578125,11.6011,-4.1774,-5.0153,4.8986,0,REST
6766,26.4296875,10.5444,-7.2697,-1.0897,-0.3173,0,REST
6767,26.43359375,9.2623,-3.1879,1.9859,-0.733,0,REST
6768,26.4375,8.6143,-9.2818,0.1394,-8.0782,0,REST
6769,26.44140625,8.8012,-5.6946,4.7933,-6.8602,0,REST
6770,26.4453125,5.6164,-7.0595,7.0155,-7.2429,0,REST
6771,26.44921875,6.2124,0.3078,11.0564,-13.5872,0,REST
6772,26.453125,1.0773,-2.0254,15.8203,-15.9597,0,REST
6773,26.45703125,-2.9966,-4.9079,9.9035,-13.2517,0,REST
6774,26.4609375,-4.629,-1.3416,14.4664,-13.2871,0,REST
6775,26.46484375,-7.3603,3.4846,9.4132,-9.6467,0,REST
6776,26.46875,-10.6839,2.8362,6.0822,-3.6928,0,REST
6777,26.47265625,-9.388,0.1856,6.8002,-3.8413,0,REST
6778,26.4765625,-15.1873,-0.9453,6.5474,4.51,0,REST
6779,26.48046875,-10.1053,7.6261,-0.2497,6.4447,0,REST
6780,26.484375,-9.803,3.1718,-2.5168,10.1962,0,REST
6781,26.48828125,-10.4061,4.6065,-5.2196,8.0034,0,REST
6782,26.4921875,-7.1983,5.5506,-7.0334,13.6223,0,REST
6783,26.49609375,-2.4638,1.7583,-5.3435,14.4854,0,REST
6784,26.5,1.4258,3.297,-15.8489,15.1893,0,REST
6785,26.50390625,2.8589,0.7788,-16.2657,13.4847,0,REST
6786,26.5078125,3.2725,0.3562,-15.2229,8.7771,0,REST
6787,26.51171875,8.256,-0.7309,-12.0601,10.364,0,REST
6788,26.515625,12.8608,1.6293,-11.5613,4.6667,0,REST
6789,26.51953125,13.9258,-0.3968,-5.6206,-2.1492,0,REST
6790,26.5234375,15.3889,2.457,-5.274,-2.2241,0,REST
6791,26.52734375,15.221,-1.6161,-0.0643,-4.1931,0,REST
6792,26.53125,7.2782,-2.5488,2.6731,-11.2232,0,REST
6793,26.53515625,10.358,-2.6418,4.7687,-9.6318,0,REST
6794,26.5390625,5.3369,0.2614,7.5871,-12.4316,0,REST
6795,26.54296875,2.365,-2.3556,9.6825,-15.3048,0,REST
6796,26.546875,2.5907,-2.7269,13.2711,-15.9594,0,REST
6797,26.55078125,-2.2942,-1.2644,10.5231,-9.7328,0,REST
6798,26.5546875,-3.3441,-3.5009,11.5495,-8.4185,0,REST
6799,26.55859375,-7.1183,-0.9494,11.9566,-8.1479,0,REST
6800,26.5625,-11.3278,-2.3803,6.8599,-2.2155,0,REST
6801,26.56640625,-11.1177,-2.2938,7.8695,1.1786,0,REST
6802,26.5703125,-12.9213,2.8182,4.7593,2.1579,0,REST
6803,26.57421875,-8.9713,-0.2482,2.3791,6.1728,0,REST
6804,26.578125,-9.4128,0.3717,-0.751,9.0013,0,REST
6805,26.58203125,-5.4501,1.8654,-5.6668,9.7705,0,REST
6806,26.5859375,-8.0817,1.683,-9.4495,9.2675,0,REST
6807,26.58984375,-3.7911,2.2596,-5.8037,11.1366,0,REST
6808,26.59375,-0.0588,2.2557,-8.4072,8.3796,0,REST
6809,26.59765625,6.0612,4.6867,-8.3232,9.7274,0,REST
6810,26.6015625,6.2304,4.8586,-12.6469,10.1306,0,REST
6811,26.60546875,11.9281,1.0556,-10.9533,7.2614,0,REST
6812,26.609375,11.4929,5.6427,-6.7319,2.7845,0,REST
6813,26.61328125,7.618,4.3477,-8.7609,1.2726,0,REST
6814,26.6171875,11.1758,4.7981,-2.5597,-6.697,0,REST
6815,26.62109375,10.1533,-0.4996,-0.8793,-6.1749,0,REST
6816,26.625,7.795,2.645,-1.0314,-6.4116,0,REST
6817,26.62890625,7.2647,3.8842,7.3984,-4.5196,0,REST
6818,26.6328125,5.7449,-0.6354,2.1125,-9.7084,0,REST
6819,26.63671875,0.6912,-6.349,5.144,-10.5303,0,REST
6820,26.640625,0.5249,-8.4361,9.5364,-9.7038,0,REST
6821,26.64453125,-3.4672,-6.9478,9.4334,-8.9351,0,REST
6822,26.6484375,-1.439,-5.9284,3.9262,-6.3647,0,REST
6823,26.65234375,-4.3744,-7.6914,9.2012,-2.9821,0,REST
6824,26.65625,-5.428,-4.4078,5.316,-1.4515,0,REST
6825,26.66015625,-4.513,-6.6213,7.3138,-1.6022,0,REST
6826,26.6640625,-6.6518,-8.2711,3.6804,4.5659,0,REST
6827,26.66796875,-5.4781,-3.6343,3.3577,6.0136,0,REST
6828,26.671875,-7.8914,-1.2937,-3.8395,6.1651,0,REST
6829,26.67578125,-5.2197,-0.6132,-0.5827,6.2555,0,REST
6830,26.6796875,-0.5046,3.2908,-4.7807,8.2874,0,REST
6831,26.68359375,-2.1898,6.22,-4.0669,7.3716,0,REST
6832,26.6875,0.8693,5.4417,-5.2212,3.2103,0,REST
6833,26.69140625,-1.2189,6.164,-5.213,2.8481,0,REST
6834,26.6953125,0.3828,7.5427,-3.7229,3.0444,0,REST
6835,26.69921875,4.8529,6.3625,-7.7066,2.7623,0,REST
6836,26.703125,3.7617,8.3677,-5.324,0.0357,0,REST
6837,26.70703125,3.1067,6.2553,-2.8851,-3.4882,0,REST
6838,26.7109375,6.5201,8.6486,-5.8275,-3.507,0,REST
6839,26.71484375,4.0587,3.063,-0.58,-0.0326,0,REST
6840,26.71875,3.6788,1.4669,-4.4615,-2.8085,0,REST
6841,26.72265625,4.1747,1.784,-1.0407,-5.5413,0,REST
6842,26.7265625,2.7551,1.9108,-2.1152,-3.5782,0,REST
6843,26.73046875,2.701,-4.0853,2.492,-2.9081,0,REST
6844,26.734375,0.4579,-4.7036,1.6406,-5.4249,0,REST
6845,26.73828125,0.3544,-5.0082,-3.4142,-3.4154,0,REST
6846,26.7421875,4.7519,-7.507,3.9171,-3.3131,0,REST
6847,26.74609375,2.635,-5.0752,1.9531,-2.6238,0,REST
6848,26.75,-0.8598,-11.1035,1.9667,-1.3787,0,REST
6849,26.75390625,0.1638,-9.3494,4.1665,-1.3002,0,REST
6850,26.7578125,-1.6104,-5.5672,3.1092,-1.8056,0,REST
6851,26.76171875,-1.1738,-7.5138,2.2405,0.2428,0,REST
6852,26.765625,1.1019,-2.1988,5.6487,1.6157,0,REST
6853,26.76953125,-5.4378,0.3259,5.0305,2.5374,0,REST
6854,26.7734375,-3.6584,3.0886,1.1805,2.4904,0,REST
6855,26.77734375,-5.3093,2.0092,3.202,0.1035,0,REST
6856,26.78125,-4.8816,6.8972,-0.5054,1.1351,0,REST
6857,26.78515625,-2.2125,10.7695,5.0312,1.9351,0,REST
6858,26.7890625,-5.2009,8.8045,-1.8908,3.0976,0,REST
6859,26.79296875,-3.0564,11.919,-0.8671,4.4645,0,REST
6860,26.796875,0.598,9.3389,0.699,6.5567,0,REST
6861,26.80078125,-5.5253,12.4924,-2.3213,2.3998,0,REST
6862,26.8046875,-3.2179,6.9375,-1.8395,-0.2127,0,REST
6863,26.80859375,-1.7812,2.7974,-1.1162,3.8654,0,REST
6864,26.8125,-2.8555,3.4579,-3.9312,1.3642,0,REST
6865,26.81640625,4.3695,1.4745,-3.8498,1.517,0,REST
6866,26.8203125,5.9797,1.9085,-4.9971,-0.7443,0,REST
6867,26.82421875,3.7631,-2.1917,-2.4385,-1.6153,0,REST
6868,26.828125,6.7327,-3.7179,-6.507,-1.9077,0,REST
6869,26.83203125,2.9575,-10.3438,-7.8954,0.3993,0,REST
6870,26.8359375,7.1525,-9.1651,-3.1855,-5.9987,0,REST
6871,26.83984375,12.2991,-11.8153,-3.4071,-4.4116,0,REST
6872,26.84375,7.8994,-13.1947,-2.665,-8.908,0,REST
6873,26.84765625,5.5995,-14.4415,-0.4483,-6.3759,0,REST
6874,26.8515625,4.193,-12.7444,1.5295,-3.3902,0,REST
6875,26.85546875,-1.5734,-7.9802,5.2227,-4.9197,0,REST
6876,26.859375,2.7659,-3.0771,3.0409,-8.9988,0,REST
6877,26.86328125,-2.5338,-4.2357,8.8862,-1.0218,0,REST
6878,26.8671875,-7.8562,6.7645,11.3765,1.5494,0,REST
6879,26.87109375,-3.5173,9.735,11.572,1.6101,0,REST
6880,26.875,-8.3661,8.1796,13.2678,-0.0629,0,REST
6881,26.87890625,-8.836,11.1814,8.3242,3.3987,0,REST
6882,26.8828125,-9.6255,17.5374,7.6879,6.753,0,REST
6883,26.88671875,-11.4269,12.64,6.3452,9.7796,0,REST
6884,26.890625,-10.7045,13.1052,7.1317,6.4555,0,REST
6885,26.89453125,-9.5026,14.3589,-2.4795,7.6666,0,REST
6886,26.8984375,-3.786,8.3774,-3.2879,9.3722,0,REST
6887,26.90234375,-2.3882,7.3723,-6.8972,0.9994,0,REST
6888,26.90625,-1.346,4.8229,-11.3643,5.3713,0,REST
6889,26.91015625,3.9813,-0.0712,-9.5209,-1.7429,0,REST
6890,26.9140625,7.5571,-0.4066,-8.5984,-1.4839,0,REST
6891,26.91796875,8.006,-3.2378,-13.3614,0.0576,0,REST
6892,26.921875,9.1326,-10.6446,-11.5338,-6.0138,0,REST
6893,26.92578125,13.2755,-12.2209,-11.0938,-6.1089,0,REST
6894,26.9296875,14.1216,-11.4151,-10.7635,-9.1383,0,REST
6895,26.93359375,13.6651,-14.1755,-3.8656,-8.6876,0,REST
6896,26.9375,11.2638,-15.4857,-3.9935,-11.7382,0,REST
6897,26.94140625,7.8567,-15.6682,0.2446,-8.2881,0,REST
6898,26.9453125,4.8826,-11.1556,0.8074,-6.7703,0,REST
6899,26.94921875,7.0796,-4.6001,0.6535,-7.337,0,REST
6900,26.953125,2.2097,-2.1561,8.6647,-5.1907,0,REST
6901,26.95703125,-5.1557,-0.0035,10.3822,-2.5364,0,REST
6902,26.9609375,-7.377,3.1172,13.6643,-3.5863,0,REST
6903,26.96484375,-6.18,7.411,11.3668,5.2936,0,REST
6904,26.96875,-13.2137,7.01,15.3244,6.881,0,REST
6905,26.97265625,-15.6398,10.1474,13.3228,13.5324,0,REST
6906,26.9765625,-14.0567,11.5956,9.5427,10.1876,0,REST
6907,26.98046875,-13.4088,13.0579,7.5549,10.7033,0,REST
6908,26.984375,-10.6144,12.2049,7.2002,9.2203,0,REST
6909,26.98828125,-7.5908,13.9453,2.3986,9.7966,0,REST
6910,26.9921875,-4.8143,9.1724,1.0983,6.8808,0,REST
6911,26.99609375,-2.9981,5.0056,-5.9834,9.215,0,REST
6912,27.0,-0.7195,4.3055,-8.8925,3.8569,0,REST
6913,27.00390625,5.125,0.3165,-11.4392,-0.3386,0,REST
6914,27.0078125,3.3089,2.6606,-14.3551,-3.1504,0,REST
6915,27.01171875,10.5359,-7.295,-12.9735,-7.9256,0,REST
6916,27.015625,9.6123,-5.9283,-16.1181,-12.4073,0,REST
6917,27.01953125,13.054,-7.6716,-11.5868,-9.4479,0,REST
6918,27.0234375,13.0759,-12.3553,-8.2263,-11.1531,0,REST
6919,27.02734375,11.531,-11.6785,-7.2173,-13.228,0,REST
6920,27.03125,11.6924,-12.8661,-5.8999,-11.1394,0,REST
6921,27.03515625,10.4581,-11.9345,-5.549,-12.7048,0,REST
6922,27.0390625,6.3689,-7.8814,1.4002,-12.1698,0,REST
6923,27.04296875,5.9558,-8.1884,6.1701,-4.09,0,REST
6924,27.046875,-4.6248,-5.5606,9.2142,-2.1494,0,REST
6925,27.05078125,-2.6877,-0.2778,9.0123,1.67,0,REST
6926,27.0546875,-7.5083,3.8091,12.8484,4.7354,0,REST
6927,27.05859375,-7.9655,3.4697,12.9988,8.4525,0,REST
6928,27.0625,-10.5692,5.1925,9.1153,11.5779,0,REST
6929,27.06640625,-9.8319,9.5574,10.6986,19.9919,0,REST
6930,27.0703125,-9.0042,10.1665,12.1927,14.8686,0,REST
6931,27.07421875,-13.5702,15.7719,5.9617,11.8087,0,REST
6932,27.078125,-7.5364,10.7256,5.6084,10.1863,0,REST
6933,27.08203125,-9.1269,9.8205,3.2089,10.6091,0,REST
6934,27.0859375,-5.5873,5.4731,-0.0523,6.9034,0,REST
6935,27.08984375,-1.7168,4.7023,-2.1231,5.8983,0,REST
6936,27.09375,-2.027,4.5196,-7.0133,-0.4662,0,REST
6937,27.09765625,2.195,1.6504,-5.9935,-2.833,0,REST
6938,27.1015625,7.6913,-1.3451,-11.7013,-5.3463,0,REST
6939,27.10546875,10.1092,-6.0444,-9.326,-12.5665,0,REST
6940,27.109375,10.3134,-6.8348,-11.918,-14.4819,0,REST
6941,27.11328125,11.5675,-7.576,-8.8144,-9.7996,0,REST
6942,27.1171875,8.51,-12.78,-8.4049,-11.5334,0,REST
6943,27.12109375,9.2471,-7.3254,-5.2858,-11.2795,0,REST
6944,27.125,8.9933,-9.0635,-3.1144,-5.3406,0,REST
6945,27.12890625,5.7397,-9.8402,-4.1196,-7.7387,0,REST
6946,27.1328125,5.7788,-6.221,1.6534,-0.6716,0,REST
6947,27.13671875,3.1431,-1.5019,-2.2466,-0.0954,0,REST
6948,27.140625,0.4601,-0.3968,-0.4518,-0.0622,0,REST
6949,27.14453125,-3.3588,-3.8735,1.9958,7.4806,0,REST
6950,27.1484375,-3.2532,1.1774,8.177,5.349,0,REST
6951,27.15234375,-6.3867,2.5254,6.9605,10.88,0,REST
6952,27.15625,-6.9509,5.345,10.2091,11.9644,0,REST
6953,27.16015625,-5.2047,2.2268,7.2701,12.3144,0,REST
6954,27.1640625,-9.4788,7.008,7.4079,8.0315,0,REST
6955,27.16796875,-4.1745,3.9443,3.2092,9.6549,0,REST
6956,27.171875,-5.2762,7.8825,3.6669,7.3935,0,REST
6957,27.17578125,-2.327,8.4556,0.582,5.8687,0,REST
6958,27.1796875,-4.3622,8.5107,1.5814,1.8233,0,REST
6959,27.18359375,-0.533,2.0927,1.7618,0.3801,0,REST
6960,27.1875,-1.2094,6.3762,-1.2662,-0.6029,0,REST
6961,27.19140625,-1.268,1.3246,-4.2506,-2.4095,0,REST
6962,27.1953125,0.5625,-2.5543,-3.9996,-6.4756,0,REST
6963,27.19921875,-0.0223,-2.1341,-6.4099,-5.5023,0,REST
6964,27.203125,3.2859,-0.8568,-2.3851,-10.3328,0,REST
6965,27.20703125,7.0924,-1.7241,-5.9355,-6.4421,0,REST
6966,27.2109375,4.8934,-6.9265,-4.2945,-1.4818,0,REST
6967,27.21484375,2.5942,-3.2992,-8.1568,-9.544,0,REST
6968,27.21875,4.5669,-8.3544,-3.8688,-5.5363,0,REST
6969,27.22265625,3.9738,-5.4296,-1.7979,-6.108,0,REST
6970,27.2265625,-0.0473,-6.1708,-0.7455,-3.5732,0,REST
6971,27.23046875,6.0104,-2.6814,2.2493,-2.8382,0,REST
6972,27.234375,1.8742,-3.1832,-1.0336,2.4542,0,REST
6973,27.23828125,1.6616,-2.1163,0.398,6.1542,0,REST
6974,27.2421875,-1.166,2.2642,-2.5021,9.6025,0,REST
6975,27.24609375,0.4675,-0.4526,1.7107,9.7668,0,REST
6976,27.25,-0.377,1.7671,3.5519,9.4033,0,REST
6977,27.25390625,0.4882,2.2512,0.8499,6.6399,0,REST
6978,27.2578125,-1.2661,3.9873,5.9291,3.7676,0,REST
6979,27.26171875,-0.3477,1.7465,1.3732,4.2622,0,REST
6980,27.265625,-4.6153,3.2081,-0.2834,3.7734,0,REST
6981,27.26953125,0.9816,2.674,-0.4127,3.8867,0,REST
6982,27.2734375,-5.773,1.5445,4.5243,-0.2057,0,REST
6983,27.27734375,-4.3302,5.9423,2.5514,-1.9626,0,REST
6984,27.28125,-2.0248,2.9739,4.2295,-4.2215,0,REST
6985,27.28515625,-0.9188,1.1827,2.3101,-4.7225,0,REST
6986,27.2890625,-4.8387,5.0477,3.7769,-2.7135,0,REST
6987,27.29296875,-5.0117,0.9717,4.424,-0.7457,0,REST
6988,27.296875,-3.474,0.2943,3.9542,-3.9854,0,REST
6989,27.30078125,-0.4752,1.035,1.3551,-5.9612,0,REST
6990,27.3046875,-2.2156,0.4436,2.9582,-2.8641,0,REST
6991,27.30859375,1.9267,-2.203,2.043,-4.2842,0,REST
6992,27.3125,4.7564,-2.2856,-2.099,-3.6946,0,REST
6993,27.31640625,3.7565,-4.0587,-2.1019,-2.1899,0,REST
6994,27.3203125,3.3982,-3.1898,-9.9022,-0.2344,0,REST
6995,27.32421875,3.2535,-3.4848,-7.6398,2.147,0,REST
6996,27.328125,7.9502,-4.3953,-3.8854,-1.7843,0,REST
6997,27.33203125,7.5189,0.0296,-8.8451,1.7063,0,REST
6998,27.3359375,6.6179,-4.5167,-11.726,0.1646,0,REST
6999,27.33984375,4.5161,-4.8319,-6.7854,0.1117,0,REST
7000,27.34375,4.9607,-2.5384,-6.5091,0.8179,0,REST
7001,27.34765625,4.5032,1.085,-7.131,3.2776,0,REST
7002,27.3515625,5.213,-3.4044,-3.7337,4.99,0,REST
7003,27.35546875,0.5031,-1.3522,1.7459,1.3901,0,REST
7004,27.359375,-0.4034,-3.0433,0.2597,3.3742,0,REST
7005,27.36328125,-1.9874,0.9125,4.2122,2.5266,0,REST
7006,27.3671875,-0.8936,6.0833,8.4555,2.7473,0,REST
7007,27.37109375,-8.4316,7.4969,5.6112,2.944,0,REST
7008,27.375,-8.0834,3.5192,9.5661,-0.1512,0,REST
7009,27.37890625,-10.2988,2.7683,10.1627,2.0071,0,REST
7010,27.3828125,-8.8147,4.67,9.6176,0.0378,0,REST
7011,27.38671875,-10.0658,5.3364,10.3665,0.778,0,REST
7012,27.390625,-8.0398,7.085,12.6622,-0.5092,0,REST
7013,27.39453125,-7.6303,2.9317,8.6925,-3.0479,0,REST
7014,27.3984375,-7.2488,4.997,1.5517,-3.8406,0,REST
7015,27.40234375,-4.659,3.5119,1.3646,-2.586,0,REST
7016,27.40625,-0.4571,-0.6345,-1.509,-6.1145,0,REST
7017,27.41015625,2.0035,1.3214,-3.0299,-1.0353,0,REST
7018,27.4140625,4.5852,1.2285,-8.0017,-4.9152,0,REST
7019,27.41796875,7.1997,-0.3017,-9.0725,-6.1502,0,REST
7020,27.421875,10.2664,0.0101,-10.0573,-4.9805,0,REST
7021,27.42578125,13.299,-0.7331,-8.7056,-6.0231,0,REST
7022,27.4296875,12.2034,-7.3118,-10.8857,-2.3276,0,REST
7023,27.43359375,7.6496,-5.8639,-12.6447,-1.9707,0,REST
7024,27.4375,9.4657,-8.3411,-13.6633,0.9906,0,REST
7025,27.44140625,10.9128,-6.3645,-13.3724,-0.4329,0,REST
7026,27.4453125,4.7363,-7.4384,-6.9051,4.689,0,REST
7027,27.44921875,0.4127,-3.8581,-0.5653,6.04,0,REST
7028,27.453125,0.2601,-8.3208,1.1051,7.9151,0,REST
7029,27.45703125,-1.4695,-0.6714,2.531,7.0576,0,REST
7030,27.4609375,-3.3925,0.7575,9.2484,5.864,0,REST
7031,27.46484375,-8.4203,2.3468,8.7907,9.2201,0,REST
7032,27.46875,-14.5679,4.458,7.8697,9.741,0,REST
7033,27.47265625,-8.5228,4.0318,13.5026,1.2895,0,REST
7034,27.4765625,-13.5561,8.1288,12.0008,5.3212,0,REST
7035,27.48046875,-11.124,11.645,12.6762,4.1569,0,REST
7036,27.484375,-10.0821,6.6502,12.2088,-0.7131,0,REST
7037,27.48828125,-8.6319,8.2539,11.6467,-3.6693,0,REST
7038,27.4921875,-7.7503,10.3668,9.603,-4.547,0,REST
7039,27.49609375,-4.5352,6.0609,6.2399,-5.1352,0,REST
7040,27.5,2.1138,3.8659,1.466,-10.3154,0,REST
7041,27.50390625,5.0553,2.9733,-4.2991,-8.7052,0,REST
7042,27.5078125,4.2296,1.3196,-7.4902,-8.3723,0,REST
7043,27.51171875,8.4433,-0.347,-6.4916,-8.5941,0,REST
7044,27.515625,15.2578,-3.0875,-10.1176,-8.5572,0,REST
7045,27.51953125,10.6547,-6.5997,-11.6604,-5.8202,0,REST
7046,27.5234375,9.6763,-8.2415,-12.458,-6.6476,0,REST
7047,27.52734375,11.2848,-10.0825,-15.1544,-3.2692,0,REST
7048,27.53125,11.8369,-8.7644,-11.5634,0.6517,0,REST
7049,27.53515625,5.5708,-8.9053,-8.4667,5.1056,0,REST
7050,27.5390625,6.9956,-7.6972,-6.6231,3.9494,0,REST
7051,27.54296875,1.8222,-13.4894,-4.6659,7.9987,0,REST
7052,27.546875,-3.0289,-1.9067,-0.1885,9.2179,0,REST
7053,27.55078125,-0.7541,-4.2769,-0.9902,13.2981,0,REST
7054,27.5546875,-4.9861,-1.9862,6.7499,11.5172,0,REST
7055,27.55859375,-7.0578,3.3146,11.912,12.1541,0,REST
7056,27.5625,-9.9433,3.1893,11.5386,10.8577,0,REST
7057,27.56640625,-13.9316,4.5729,11.6517,6.9604,0,REST
7058,27.5703125,-9.6601,12.0301,13.3462,5.8492,0,REST
7059,27.57421875,-10.2015,11.4737,9.7758,-1.2447,0,REST
7060,27.578125,-11.5558,11.4826,14.1801,-1.1923,0,REST
7061,27.58203125,-4.8433,10.8103,7.6652,-5.2455,0,REST
7062,27.5859375,-4.4431,15.1039,6.1715,-9.1389,0,REST
7063,27.58984375,-1.6665,9.6177,3.164,-14.2477,0,REST
7064,27.59375,2.471,7.6622,2.2504,-12.1484,0,REST
7065,27.59765625,3.0919,6.3325,-1.5462,-10.0249,0,REST
7066,27.6015625,8.4403,-0.3887,-2.7252,-9.2201,0,REST
7067,27.60546875,7.0909,-0.5918,-7.0115,-5.6548,0,REST
7068,27.609375,9.8776,-5.9096,-5.3302,-10.6651,0,REST
7069,27.61328125,15.0522,-6.697,-8.6195,-4.9613,0,REST
7070,27.6171875,8.5068,-11.704,-9.1079,-4.6547,0,REST
7071,27.62109375,10.2501,-15.5658,-12.8112,0.6702,0,REST
7072,27.625,7.748,-13.2049,-10.3959,2.7368,0,REST
7073,27.62890625,4.9435,-14.3374,-6.0953,6.3889,0,REST
7074,27.6328125,2.0671,-11.4452,-3.6075,9.5533,0,REST
7075,27.63671875,4.7783,-13.164,-2.0435,12.093,0,REST
7076,27.640625,3.3452,-6.4925,-1.209,16.0259,0,REST
7077,27.64453125,-4.0818,-5.2095,2.661,13.0012,0,REST
7078,27.6484375,-5.0499,2.4283,1.3486,11.8433,0,REST
7079,27.65234375,-6.0674,2.2329,3.498,11.3233,0,REST
7080,27.65625,-6.8379,9.32,6.0024,6.3062,0,REST
7081,27.66015625,-8.4718,7.0696,3.0747,4.4631,0,REST
7082,27.6640625,-8.8363,10.4449,6.0318,2.4881,0,REST
7083,27.66796875,-9.2422,13.9738,5.4803,-3.8834,0,REST
7084,27.671875,-7.6658,13.912,8.142,-5.0867,0,REST
7085,27.67578125,-4.6548,9.9198,4.7062,-6.6892,0,REST
7086,27.6796875,-3.6004,8.5144,4.8901,-14.5726,0,REST
7087,27.68359375,-8.7196,10.0236,1.1018,-11.8494,0,REST
7088,27.6875,-1.0866,8.916,-0.2269,-15.1413,0,REST
7089,27.69140625,2.2578,-0.2199,0.8635,-14.153,0,REST
7090,27.6953125,-0.479,-2.5679,1.5232,-11.2555,0,REST
7091,27.69921875,4.6601,-5.7924,-3.983,-5.4418,0,REST
7092,27.703125,3.7679,-4.7403,-4.8307,-7.7031,0,REST
7093,27.70703125,4.3583,-9.0856,-0.5552,1.2242,0,REST
7094,27.7109375,3.7475,-12.1277,-3.4952,-0.3589,0,REST
7095,27.71484375,4.0922,-9.4951,-5.0528,2.1598,0,REST
7096,27.71875,5.8612,-15.8534,-5.8424,8.6406,0,REST
7097,27.72265625,1.2483,-12.5519,-6.4953,12.2932,0,REST
7098,27.7265625,3.0796,-13.0918,-6.9577,11.1947,0,REST
7099,27.73046875,8.5847,-8.5412,0.0393,10.9606,0,REST
7100,27.734375,1.912,-7.673,-4.4187,10.2469,0,REST
7101,27.73828125,3.6207,-2.9789,0.1198,8.8752,0,REST
7102,27.7421875,0.2146,-2.4157,-1.3312,10.7411,0,REST
7103,27.74609375,1.6225,3.368,1.7567,5.9118,0,REST
7104,27.75,-3.542,7.5996,-2.4303,3.7849,0,REST
7105,27.75390625,2.4674,8.9669,0.7999,1.2861,0,REST
7106,27.7578125,0.6614,12.0033,-2.2716,-2.3872,0,REST
7107,27.76171875,0.0454,13.2781,0.3044,-2.7976,0,REST
7108,27.765625,-6.0776,12.8926,0.484,-9.8754,0,REST
7109,27.76953125,-3.3952,10.5495,3.4053,-11.3014,0,REST
7110,27.7734375,-1.326,9.9897,0.4982,-5.7795,0,REST
7111,27.77734375,-1.9655,7.7784,8.1795,-12.1885,0,REST
7112,27.78125,-1.5,4.8164,3.8565,-11.2006,0,REST
7113,27.78515625,-2.4912,3.0649,6.8861,-9.8844,0,REST
7114,27.7890625,-6.5872,-0.2183,2.3187,-5.6883,0,REST
7115,27.79296875,-1.6148,-0.0758,4.9059,-3.7924,0,REST
7116,27.796875,-4.6712,-6.6223,3.0523,-5.7367,0,REST
7117,27.80078125,-2.082,-9.1399,4.8072,-1.694,0,REST
7118,27.8046875,-1.8024,-11.6575,4.8817,1.1058,0,REST
7119,27.80859375,-0.8218,-12.0245,4.0422,-0.6235,0,REST
7120,27.8125,0.6312,-4.5465,-4.5956,3.8459,1,PREPARE
7121,27.81640625,4.3408,-6.7678,-3.9932,3.1287,1,PREPARE
7122,27.8203125,5.7163,-1.0485,1.8107,5.5653,1,PREPARE
7123,27.82421875,6.3053,-4.5741,-4.6025,4.679,1,PREPARE
7124,27.828125,5.3527,-2.1672,-5.0465,3.6156,1,PREPARE
7125,27.83203125,6.5946,-0.9363,-5.9563,6.7952,1,PREPARE
7126,27.8359375,5.6878,0.0462,-6.6218,3.556,1,PREPARE
7127,27.83984375,2.211,-1.9495,-3.7399,5.456,1,PREPARE
7128,27.84375,2.3911,-0.0485,-2.6703,4.6256,1,PREPARE
7129,27.84765625,3.3442,-0.5795,-4.3163,1.595,1,PREPARE
7130,27.8515625,2.1947,1.9064,-3.3241,2.601,1,PREPARE
7131,27.85546875,-3.3956,2.356,-3.2925,2.4466,1,PREPARE
7132,27.859375,-1.6525,4.0914,1.7295,-2.7503,1,PREPARE
7133,27.86328125,-2.8634,3.3838,-1.2122,-1.03,1,PREPARE
7134,27.8671875,-4.4187,3.7292,2.5942,-3.144,1,PREPARE
7135,27.87109375,-3.5518,3.2092,3.6531,-1.4518,1,PREPARE
7136,27.875,-4.0992,3.4576,4.4375,-3.4217,1,PREPARE
7137,27.87890625,-6.5297,2.0064,0.7258,-3.2219,1,PREPARE
7138,27.8828125,-4.0549,2.0158,6.5378,-5.6448,1,PREPARE
7139,27.88671875,-3.119,4.1478,3.0425,-2.5827,1,PREPARE
7140,27.890625,-1.4697,-0.9975,1.98,-4.9595,1,PREPARE
7141,27.89453125,-2.1059,3.1696,4.8737,-5.4166,1,PREPARE
7142,27.8984375,2.0033,-0.2986,1.7179,-1.8318,1,PREPARE
7143,27.90234375,-1.1308,-3.1875,3.185,-2.6209,1,PREPARE
7144,27.90625,3.623,-2.13,4.8069,0.2821,1,PREPARE
7145,27.91015625,2.7575,-6.856,3.3696,1.8717,1,PREPARE
7146,27.9140625,1.2708,-5.0363,-3.9158,2.6138,1,PREPARE
7147,27.91796875,2.8704,-5.9825,-4.9265,3.28,1,PREPARE
7148,27.921875,1.8373,-6.8258,-4.7321,2.647,1,PREPARE
7149,27.92578125,2.9145,-3.6884,-1.5899,4.7526,1,PREPARE
7150,27.9296875,3.8753,-2.4006,-7.3084,5.3747,1,PREPARE
7151,27.93359375,-0.3297,-4.9088,-2.2372,6.658,1,PREPARE
7152,27.9375,3.0808,-2.2623,-7.0401,5.1246,1,PREPARE
7153,27.94140625,4.0322,-1.4559,-3.8425,2.931,1,PREPARE
7154,27.9453125,3.5999,1.1199,-4.4489,2.0243,1,PREPARE
7155,27.94921875,-0.8121,1.5756,-2.8823,2.2626,1,PREPARE
7156,27.953125,0.4132,3.058,-0.4523,2.0572,1,PREPARE
7157,27.95703125,-2.8819,0.7684,1.4832,-0.5436,1,PREPARE
7158,27.9609375,-4.9525,5.4716,-0.3885,1.7176,1,PREPARE
7159,27.96484375,-4.4524,-0.4055,2.4867,-3.0231,1,PREPARE
7160,27.96875,-6.0213,9.91,2.4962,-2.9313,1,PREPARE
7161,27.97265625,-4.2283,9.1013,4.2362,-4.623,1,PREPARE
7162,27.9765625,-2.1468,8.868,3.6807,-0.0764,1,PREPARE
7163,27.98046875,-3.1244,2.9095,2.7782,-5.5042,1,PREPARE
7164,27.984375,-0.5627,1.8645,6.2363,-2.4467,1,PREPARE
7165,27.98828125,-1.0183,1.2148,5.9067,-3.2639,1,PREPARE
7166,27.9921875,-2.022,0.0751,5.7595,-2.4813,1,PREPARE
7167,27.99609375,-1.1033,-0.8882,3.3665,0.4558,1,PREPARE
7168,28.0,1.6823,-0.805,2.9061,-5.5869,1,PREPARE
7169,28.00390625,2.0878,-2.0904,-0.1622,2.1678,1,PREPARE
7170,28.0078125,2.2435,-3.1434,4.1511,1.2479,1,PREPARE
7171,28.01171875,3.3416,-1.8367,-4.1976,0.9073,1,PREPARE
7172,28.015625,-0.2233,-3.3343,0.272,2.1128,1,PREPARE
7173,28.01953125,6.7138,-2.6671,-2.3639,4.1657,1,PREPARE
7174,28.0234375,4.7416,-3.195,-1.7415,2.3964,1,PREPARE
7175,28.02734375,8.2613,-3.9995,-4.6226,4.8913,1,PREPARE
7176,28.03125,3.4966,-4.5478,-5.119,3.1706,1,PREPARE
7177,28.03515625,6.0555,-2.945,-4.0644,3.7601,1,PREPARE
7178,28.0390625,6.6129,-4.0812,-4.2681,5.2118,1,PREPARE
7179,28.04296875,2.8282,2.429,-4.4438,0.4983,1,PREPARE
7180,28.046875,-0.8937,2.8908,-2.5758,2.3961,1,PREPARE
7181,28.05078125,-5.497,2.3263,-2.499,-0.4025,1,PREPARE
7182,28.0546875,-1.3988,5.3315,-1.6948,-1.8589,1,PREPARE
7183,28.05859375,-1.1258,7.123,-0.868,-5.7499,1,PREPARE
7184,28.0625,-4.578,3.0922,-3.2569,-4.9483,1,PREPARE
7185,28.06640625,-4.6261,5.3205,-1.5207,-3.7179,1,PREPARE
7186,28.0703125,-2.6542,5.079,3.2855,-5.7834,1,PREPARE
7187,28.07421875,-2.6466,2.5442,3.1888,-5.3859,1,PREPARE
7188,28.078125,-6.4082,1.605,6.1514,-4.5913,1,PREPARE
7189,28.08203125,-3.3668,2.3825,1.7339,-4.7129,1,PREPARE
7190,28.0859375,-3.1402,-0.3794,2.682,-1.5042,1,PREPARE
7191,28.08984375,-1.6122,0.8769,5.0474,-2.7044,1,PREPARE
7192,28.09375,-5.5559,-2.9701,1.9575,1.9925,1,PREPARE
7193,28.09765625,-1.0487,-1.8176,2.7688,-1.1116,1,PREPARE
7194,28.1015625,-2.5505,-2.8729,3.1711,0.2055,1,PREPARE
7195,28.10546875,-1.2421,-2.9102,3.12,1.9366,1,PREPARE
7196,28.109375,2.4126,-4.4265,4.5387,6.704,1,PREPARE
7197,28.11328125,1.5571,-7.4942,1.0499,1.086,1,PREPARE
7198,28.1171875,2.1064,-8.2629,-2.8186,1.2196,1,PREPARE
7199,28.12109375,3.9722,-2.3059,-1.2722,7.2812,1,PREPARE
7200,28.125,5.9006,-0.9148,-1.5773,2.6565,1,PREPARE
7201,28.12890625,4.6932,-4.3241,-4.9532,2.9022,1,PREPARE
7202,28.1328125,6.0782,-2.7839,-3.1621,0.7471,1,PREPARE
7203,28.13671875,4.5403,-3.8089,-3.7678,4.5402,1,PREPARE
7204,28.140625,2.5308,0.3827,-0.9157,1.7914,1,PREPARE
7205,28.14453125,1.7802,0.859,-4.0799,-1.4072,1,PREPARE
7206,28.1484375,0.8777,4.4158,-2.026,-3.2396,1,PREPARE
7207,28.15234375,0.1855,4.1221,-6.1662,-1.0577,1,PREPARE
7208,28.15625,-0.9153,9.7605,-0.4135,-8.5226,1,PREPARE
7209,28.16015625,-5.4034,5.7124,-3.1933,-5.903,1,PREPARE
7210,28.1640625,-4.5495,5.7894,-0.7321,-4.4115,1,PREPARE
7211,28.16796875,-5.0097,7.9393,0.2534,-5.4689,1,PREPARE
7212,28.171875,-4.1149,2.5672,5.412,-6.2155,1,PREPARE
7213,28.17578125,-4.4295,0.2803,1.9994,-2.2295,1,PREPARE
7214,28.1796875,-5.0773,1.24,5.7353,-2.4846,1,PREPARE
7215,28.18359375,-6.0386,1.0191,6.7792,-3.6173,1,PREPARE
7216,28.1875,-2.7289,4.0026,0.3483,-1.1478,1,PREPARE
7217,28.19140625,-5.989,-2.46,5.22,0.052,1,PREPARE
7218,28.1953125,-4.2004,-3.0866,5.0275,1.7224,1,PREPARE
7219,28.19921875,-0.7038,-2.5309,7.4289,5.033,1,PREPARE
7220,28.203125,1.8344,-3.8892,0.8443,2.9553,1,PREPARE
7221,28.20703125,1.4433,-6.0543,0.5197,3.3111,1,PREPARE
7222,28.2109375,0.2379,-5.3062,2.4457,4.9802,1,PREPARE
7223,28.21484375,-2.1761,-5.3192,0.5693,4.7466,1,PREPARE
7224,28.21875,4.9595,-5.0305,-4.6773,5.3358,1,PREPARE
7225,28.22265625,6.0039,-5.674,-2.7389,3.2657,1,PREPARE
7226,28.2265625,2.4238,-5.2264,-4.0705,3.526,1,PREPARE
7227,28.23046875,4.5206,-1.2374,-4.1293,3.1281,1,PREPARE
7228,28.234375,5.8238,0.0098,-2.431,0.7891,1,PREPARE
7229,28.23828125,3.0785,2.7549,-5.9243,1.4439,1,PREPARE
7230,28.2421875,1.1228,1.0439,-6.0225,-1.6652,1,PREPARE
7231,28.24609375,-0.5827,1.4832,-4.6951,-2.2936,1,PREPARE
7232,28.25,1.4985,6.1289,-9.144,-0.3105,1,PREPARE
7233,28.25390625,1.2317,2.5953,-1.7163,-3.2738,1,PREPARE
7234,28.2578125,-0.4003,3.0156,-3.877,-2.8023,1,PREPARE
7235,28.26171875,-2.4551,5.0208,-0.8778,-5.4962,1,PREPARE
7236,28.265625,-2.2854,5.0784,-3.9653,-7.9423,1,PREPARE
7237,28.26953125,-4.1842,5.7933,-3.3007,-2.7578,1,PREPARE
7238,28.2734375,-4.0395,4.1029,4.5098,-3.1155,1,PREPARE
7239,28.27734375,-6.5545,0.3825,1.005,-1.7234,1,PREPARE
7240,28.28125,-1.5733,0.0507,1.5077,-2.5803,1,PREPARE
7241,28.28515625,-5.047,-0.4595,2.3775,-1.363,1,PREPARE
7242,28.2890625,-3.7869,-1.1325,8.7207,2.4349,1,PREPARE
7243,28.29296875,-1.0306,-0.7197,5.804,2.7508,1,PREPARE
7244,28.296875,-0.8294,-2.9807,4.3674,3.1967,1,PREPARE
7245,28.30078125,-1.683,-2.8298,3.4193,5.7692,1,PREPARE
7246,28.3046875,0.7539,-3.7678,5.7595,2.2895,1,PREPARE
7247,28.30859375,4.7134,-6.2799,5.8651,3.2318,1,PREPARE
7248,28.3125,6.0323,-4.9819,1.0784,4.8906,1,PREPARE
7249,28.31640625,1.9221,-4.5886,1.2427,6.6254,1,PREPARE
7250,28.3203125,2.07,-3.2721,1.486,4.5847,1,PREPARE
7251,28.32421875,7.5659,-3.7789,-7.8702,4.3301,1,PREPARE
7252,28.328125,4.8296,-2.6314,-5.1867,0.4682,1,PREPARE
7253,28.33203125,1.7865,-4.3691,-2.726,2.8149,1,PREPARE
7254,28.3359375,3.5357,-1.4342,-4.7648,-2.4716,1,PREPARE
7255,28.33984375,2.4157,2.8239,-5.9661,-1.7913,1,PREPARE
7256,28.34375,3.1418,4.3761,-6.6891,-2.843,1,PREPARE
7257,28.34765625,-0.5409,1.8353,-5.7226,-5.5108,1,PREPARE
7258,28.3515625,-0.748,3.7924,-3.0369,-5.1264,1,PREPARE
7259,28.35546875,-1.613,2.9197,-6.9318,-5.759,1,PREPARE
7260,28.359375,-2.9114,6.5437,0.3676,-5.8188,1,PREPARE
7261,28.36328125,-2.1551,4.75,-4.3544,-6.4815,1,PREPARE
7262,28.3671875,-4.7909,3.9215,0.3445,-3.6569,1,PREPARE
7263,28.37109375,-2.8614,8.2817,3.8161,-2.3708,1,PREPARE
7264,28.375,-5.446,1.5528,1.3841,-2.4476,1,PREPARE
7265,28.37890625,-8.9351,3.047,5.6838,-0.965,1,PREPARE
7266,28.3828125,-6.0255,2.8977,3.1294,-0.2129,1,PREPARE
7267,28.38671875,-8.7009,-2.2411,1.6736,2.0049,1,PREPARE
7268,28.390625,-5.342,-6.3437,7.5627,3.5103,1,PREPARE
7269,28.39453125,-1.3996,-1.8006,3.7611,2.8928,1,PREPARE
7270,28.3984375,-1.6844,-5.1385,3.5185,5.631,1,PREPARE
7271,28.40234375,-0.1904,-3.7302,1.7333,2.3234,1,PREPARE
7272,28.40625,-1.1473,-4.9602,2.5948,6.5276,1,PREPARE
7273,28.41015625,2.5128,-4.4117,4.8923,7.2744,1,PREPARE
7274,28.4140625,-0.0017,-0.7283,2.7012,3.9599,1,PREPARE
7275,28.41796875,5.1662,-6.3135,2.4836,3.3944,1,PREPARE
7276,28.421875,1.7563,-2.6981,0.9419,1.1927,1,PREPARE
7277,28.42578125,3.8474,-4.0137,-5.1006,2.3041,1,PREPARE
7278,28.4296875,6.7366,0.7844,-7.2461,-2.4095,1,PREPARE
7279,28.43359375,6.3522,-1.2909,-4.9166,-3.954,1,PREPARE
7280,28.4375,3.0536,2.6243,-6.8724,-1.0983,1,PREPARE
7281,28.44140625,4.2784,3.274,-3.4521,-5.1852,1,PREPARE
7282,28.4453125,2.0313,1.4482,-3.8974,-6.8387,1,PREPARE
7283,28.44921875,1.763,4.1066,-2.5476,-3.5898,1,PREPARE
7284,28.453125,1.8751,3.8915,-6.2146,-5.3615,1,PREPARE
7285,28.45703125,-3.5304,2.3318,-4.156,-1.0168,1,PREPARE
7286,28.4609375,-4.7296,5.1535,-2.0357,-1.5767,1,PREPARE
7287,28.46484375,-3.824,1.8569,1.2862,-4.709,1,PREPARE
7288,28.46875,-8.2142,-1.5323,4.288,-0.1706,1,PREPARE
7289,28.47265625,-4.6732,-2.27,1.826,-2.0024,1,PREPARE
7290,28.4765625,-3.0152,0.6083,3.3019,-0.1552,1,PREPARE
7291,28.48046875,-2.0185,-0.177,1.8079,-0.0428,1,PREPARE
7292,28.484375,-3.0341,-0.7294,3.1037,4.9894,1,PREPARE
7293,28.48828125,-1.5028,-5.8254,10.0347,5.2086,1,PREPARE
7294,28.4921875,0.4735,-0.5702,6.5995,4.1021,1,PREPARE
7295,28.49609375,-3.202,-3.8973,7.7495,4.9617,1,PREPARE
7296,28.5,-0.8702,-7.321,5.6192,4.5819,1,PREPARE
7297,28.50390625,2.0687,-1.8053,4.8848,6.8672,1,PREPARE
7298,28.5078125,2.8601,-5.068,7.2404,4.0654,1,PREPARE
7299,28.51171875,2.829,-1.3851,0.9378,2.0083,1,PREPARE
7300,28.515625,2.1058,-1.1435,3.2131,0.9478,1,PREPARE
7301,28.51953125,5.5223,-5.339,-0.6781,1.2197,1,PREPARE
7302,28.5234375,4.4539,-1.9974,-0.1897,-0.0934,1,PREPARE
7303,28.52734375,0.8622,-2.4372,-3.9246,-1.5052,1,PREPARE
7304,28.53125,3.9311,-0.8298,-0.2145,-0.4211,1,PREPARE
7305,28.53515625,4.4374,2.9663,-6.3418,-3.4548,1,PREPARE
7306,28.5390625,-1.3924,0.5953,-5.0001,-5.8176,1,PREPARE
7307,28.54296875,2.5354,3.4866,-3.4676,-8.4977,1,PREPARE
7308,28.546875,-0.4215,4.8396,-8.1065,-5.7069,1,PREPARE
7309,28.55078125,-1.7848,5.1209,-3.6394,-3.6293,1,PREPARE
7310,28.5546875,3.9622,7.48,-4.0716,-4.2232,1,PREPARE
7311,28.55859375,-3.5141,3.7074,-3.1759,-0.4075,1,PREPARE
7312,28.5625,-4.269,4.4151,-0.5256,-5.1288,1,PREPARE
7313,28.56640625,-2.305,5.4133,1.6395,-0.1259,1,PREPARE
7314,28.5703125,-2.4252,0.7879,1.3686,-3.9627,1,PREPARE
7315,28.57421875,-3.4932,5.6399,-1.3755,-0.6181,1,PREPARE
7316,28.578125,-4.1382,1.7438,-3.4612,1.8667,1,PREPARE
7317,28.58203125,-2.1524,-3.31,1.8608,4.7602,1,PREPARE
7318,28.5859375,-0.8651,-3.491,1.4107,2.5962,1,PREPARE
7319,28.58984375,-0.2111,-4.4739,3.3075,6.6224,1,PREPARE
7320,28.59375,-0.8455,-6.6555,6.933,7.2749,1,PREPARE
7321,28.59765625,-1.4281,-3.6743,6.4379,7.0693,1,PREPARE
7322,28.6015625,1.9633,-9.8188,4.878,4.2051,1,PREPARE
7323,28.60546875,0.0153,-5.322,4.6919,3.2164,1,PREPARE
7324,28.609375,3.0169,-3.5333,6.5543,2.5564,1,PREPARE
7325,28.61328125,2.2928,-4.6414,-1.7575,2.8155,1,PREPARE
7326,28.6171875,6.7583,-2.144,2.5661,-3.7169,1,PREPARE
7327,28.62109375,3.1623,-4.03,1.4857,1.0813,1,PREPARE
7328,28.625,4.5937,-1.9593,2.0661,-1.7561,1,PREPARE
7329,28.62890625,7.3156,2.1719,-2.2283,-3.4525,1,PREPARE
7330,28.6328125,2.0682,5.7354,-2.5242,-5.1166,1,PREPARE
7331,28.63671875,6.2193,3.4051,-3.5074,-4.5863,1,PREPARE
7332,28.640625,-0.308,2.0324,-2.3516,-7.4209,1,PREPARE
7333,28.64453125,-1.7301,1.8641,-6.8989,-3.3331,1,PREPARE
7334,28.6484375,-0.0992,2.5581,-6.3939,-4.3414,1,PREPARE
7335,28.65234375,-1.2194,6.0337,-4.4916,-8.4718,1,PREPARE
7336,28.65625,-0.6851,2.3481,-4.2716,-1.8736,1,PREPARE
7337,28.66015625,-2.1021,4.299,-3.1266,-4.1045,1,PREPARE
7338,28.6640625,-3.6671,4.2713,-4.067,-0.1286,1,PREPARE
7339,28.66796875,-6.1348,2.3487,2.3345,-2.9787,1,PREPARE
7340,28.671875,-2.191,2.7919,2.5685,3.7195,1,PREPARE
7341,28.67578125,-7.0725,0.7993,-4.2989,1.0278,1,PREPARE
7342,28.6796875,-3.8854,-2.5489,3.2432,4.8054,1,PREPARE
7343,28.68359375,-6.1279,-0.7757,3.9352,6.3044,1,PREPARE
7344,28.6875,-6.8664,-4.0758,5.3722,3.9891,1,PREPARE
7345,28.69140625,-4.4785,-9.1617,4.0783,2.3459,1,PREPARE
7346,28.6953125,-1.3123,-3.3444,0.3159,4.0609,1,PREPARE
7347,28.69921875,-1.2733,-5.0467,5.9869,4.3456,1,PREPARE
7348,28.703125,2.6372,-0.0882,7.4781,1.7739,1,PREPARE
7349,28.70703125,3.6515,-6.7358,4.3711,6.6416,1,PREPARE
7350,28.7109375,4.55,-5.5942,4.0874,2.6752,1,PREPARE
7351,28.71484375,1.1061,-1.4066,3.7063,4.7539,1,PREPARE
7352,28.71875,2.3684,-3.4333,2.7282,-1.3639,1,PREPARE
7353,28.72265625,6.6492,0.9118,-1.718,-5.6247,1,PREPARE
7354,28.7265625,4.0054,-2.1861,-2.1732,-5.7071,1,PREPARE
7355,28.73046875,3.2339,2.2454,-0.8712,-2.719,1,PREPARE
7356,28.734375,5.2038,2.0018,-2.9985,-4.139,1,PREPARE
7357,28.73828125,1.9092,3.5227,0.2267,-3.3224,1,PREPARE
7358,28.7421875,1.1373,3.1604,-2.0461,-4.7377,1,PREPARE
7359,28.74609375,3.1992,1.7756,-6.0647,-4.8248,1,PREPARE
7360,28.75,2.5135,4.4317,-5.191,-4.2021,1,PREPARE
7361,28.75390625,-2.2576,4.1122,-2.3849,-0.9198,1,PREPARE
7362,28.7578125,-4.963,3.4442,-2.1465,-0.4804,1,PREPARE
7363,28.76171875,-2.8547,4.2053,-3.5664,1.7301,1,PREPARE
7364,28.765625,-8.2261,2.9352,-1.8594,0.4198,1,PREPARE
7365,28.76953125,-4.5515,1.5674,-2.0712,-1.782,1,PREPARE
7366,28.7734375,-4.2844,-0.5074,-1.1499,4.3796,1,PREPARE
7367,28.77734375,-3.9672,-1.0656,3.7206,5.5792,1,PREPARE
7368,28.78125,-7.1631,-0.4782,-1.4272,6.1427,1,PREPARE
7369,28.78515625,0.3177,-2.6062,2.5697,2.7762,1,PREPARE
7370,28.7890625,-3.4837,-3.3963,-0.9538,5.8987,1,PREPARE
7371,28.79296875,-3.6302,-4.8069,4.6582,5.4193,1,PREPARE
7372,28.796875,-1.0954,-4.3466,7.9227,3.4187,1,PREPARE
7373,28.80078125,2.7426,-4.2312,4.9631,3.59,1,PREPARE
7374,28.8046875,5.2414,-7.8757,6.0215,2.9764,1,PREPARE
7375,28.80859375,5.9667,-5.0972,1.6883,-0.9288,1,PREPARE
7376,28.8125,5.3049,-2.1592,0.9785,-1.8592,1,PREPARE
7377,28.81640625,2.7464,-4.2376,6.5494,-1.6415,1,PREPARE
7378,28.8203125,5.0655,-3.8566,4.8186,-6.0861,1,PREPARE
7379,28.82421875,3.2407,2.0773,2.0068,0.0567,1,PREPARE
7380,28.828125,5.5972,2.5368,-1.4312,-1.5517,1,PREPARE
7381,28.83203125,2.8239,0.0663,-2.4643,-5.3799,1,PREPARE
7382,28.8359375,3.9286,2.0329,-3.8172,-3.9944,1,PREPARE
7383,28.83984375,4.8283,8.2541,-5.0997,-3.1351,1,PREPARE
7384,28.84375,4.814,-2.1546,-5.9773,-4.961,1,PREPARE
7385,28.84765625,-0.8213,2.7714,-5.4558,-1.6563,1,PREPARE
7386,28.8515625,-3.1461,5.2645,-7.7182,-2.2117,1,PREPARE
7387,28.85546875,-3.1825,2.8415,-6.2986,0.6025,1,PREPARE
7388,28.859375,-0.7326,5.266,-6.7822,4.1178,1,PREPARE
7389,28.86328125,-2.6085,2.7203,-2.4631,1.5394,1,PREPARE
7390,28.8671875,-6.4359,3.4273,-2.5237,0.1331,1,PREPARE
7391,28.87109375,-3.7979,1.9313,-3.7537,7.9806,1,PREPARE
7392,28.875,-1.8474,-1.8168,-2.9187,8.1767,1,PREPARE
7393,28.87890625,-8.0403,1.1241,5.5107,4.9881,1,PREPARE
7394,28.8828125,-2.4282,-1.5754,4.4945,4.708,1,PREPARE
7395,28.88671875,-3.2146,-7.63,3.2874,6.7402,1,PREPARE
7396,28.890625,-0.3896,-3.2136,2.6339,6.5378,1,PREPARE
7397,28.89453125,-3.7124,-9.3003,4.3474,2.7446,1,PREPARE
7398,28.8984375,-2.8925,-4.4444,4.9803,0.1634,1,PREPARE
7399,28.90234375,-1.7378,-4.6024,8.3467,-0.1497,1,PREPARE
7400,28.90625,-0.895,-8.906,1.5696,-1.6322,1,PREPARE
7401,28.91015625,3.6311,-3.5341,3.7283,-3.7376,1,PREPARE
7402,28.9140625,4.5625,-1.1273,5.1899,-4.2787,1,PREPARE
7403,28.91796875,7.0361,-1.85,2.8444,-1.6708,1,PREPARE
7404,28.921875,4.4663,0.816,2.7765,-3.5876,1,PREPARE
7405,28.92578125,4.2068,2.9031,-6.3187,-5.7596,1,PREPARE
7406,28.9296875,6.5913,3.0474,-0.4612,-4.9634,1,PREPARE
7407,28.93359375,3.5736,4.3137,-2.5848,-9.0512,1,PREPARE
7408,28.9375,5.8128,5.0632,-5.9036,-0.6863,1,PREPARE
7409,28.94140625,4.6544,5.663,-6.9696,-1.1818,1,PREPARE
7410,28.9453125,1.0713,3.3724,-1.1943,-1.6682,1,PREPARE
7411,28.94921875,-0.6776,3.9605,-2.4357,-5.4972,1,PREPARE
7412,28.953125,-1.91,5.1338,-7.7983,-0.0314,1,PREPARE
7413,28.95703125,0.5238,2.8415,-4.3965,1.4201,1,PREPARE
7414,28.9609375,-5.4832,4.8899,-2.9816,-1.1924,1,PREPARE
7415,28.96484375,-4.7426,2.6729,-3.7722,5.8427,1,PREPARE
7416,28.96875,-7.9502,1.0208,-5.2887,2.8332,1,PREPARE
7417,28.97265625,-5.0658,0.283,-2.6517,4.5852,1,PREPARE
7418,28.9765625,-6.7263,-0.0554,-1.776,6.0819,1,PREPARE
7419,28.98046875,-1.3949,-3.9445,-1.4681,1.9155,1,PREPARE
7420,28.984375,-4.7174,-2.1407,2.6265,2.186,1,PREPARE
7421,28.98828125,-6.8854,-8.4055,1.9037,4.0535,1,PREPARE
7422,28.9921875,-7.4893,-6.8925,-1.7357,-1.5175,1,PREPARE
7423,28.99609375,-3.6271,-2.5843,6.0036,7.9533,1,PREPARE
7424,29.0,3.08,-6.6844,4.5862,-3.5221,1,PREPARE
7425,29.00390625,1.0823,-5.2575,6.1982,-2.3253,1,PREPARE
7426,29.0078125,2.5015,-2.7954,6.6514,-5.1402,1,PREPARE
7427,29.01171875,4.6171,-2.739,4.8934,-7.4299,1,PREPARE
7428,29.015625,6.1814,-1.2887,4.4525,0.1404,1,PREPARE
7429,29.01953125,5.2098,2.6423,0.9927,-5.0912,1,PREPARE
7430,29.0234375,5.1559,0.2546,1.2447,-7.6605,1,PREPARE
7431,29.02734375,3.9428,-0.1776,-1.9773,-7.7214,1,PREPARE
7432,29.03125,7.535,4.0383,0.0398,-3.9231,1,PREPARE
7433,29.03515625,4.451,3.4035,-1.8522,-3.7231,1,PREPARE
7434,29.0390625,5.7368,4.5642,-4.298,-6.7152,1,PREPARE
7435,29.04296875,3.3236,6.2468,-0.7807,-2.6591,1,PREPARE
7436,29.046875,2.9357,2.0458,-3.5191,-1.1299,1,PREPARE
7437,29.05078125,-2.2163,4.847,-4.9785,-2.5714,1,PREPARE
7438,29.0546875,-1.8893,3.7685,-3.5464,3.6425,1,PREPARE
7439,29.05859375,-4.1288,0.9804,-3.0047,5.5967,1,PREPARE
7440,29.0625,-3.6603,2.3586,-3.1559,4.2445,1,PREPARE
7441,29.06640625,-6.425,-0.8147,-3.7118,4.9189,1,PREPARE
7442,29.0703125,-9.902,1.2705,-1.8155,7.1512,1,PREPARE
7443,29.07421875,-6.0167,1.4058,-5.7398,5.8948,1,PREPARE
7444,29.078125,-5.9306,-2.4154,0.7522,4.7095,1,PREPARE
7445,29.08203125,-3.5251,-6.8494,-1.0817,1.5251,1,PREPARE
7446,29.0859375,-4.5292,-4.547,-3.6456,4.0671,1,PREPARE
7447,29.08984375,-5.301,-2.3724,5.6937,1.8895,1,PREPARE
7448,29.09375,-4.456,-2.4891,0.7958,-0.8876,1,PREPARE
7449,29.09765625,-0.3647,-4.0749,0.9482,1.4956,1,PREPARE
7450,29.1015625,0.0519,0.2421,4.8201,-2.2357,1,PREPARE
7451,29.10546875,0.9033,-0.8677,6.0167,-2.012,1,PREPARE
7452,29.109375,2.3347,-2.9172,4.0557,-2.0554,1,PREPARE
7453,29.11328125,2.1911,-2.7569,4.7022,-4.1576,1,PREPARE
7454,29.1171875,7.9008,-1.7352,1.7792,-3.4469,1,PREPARE
7455,29.12109375,7.5994,0.3536,2.3616,-6.8146,1,PREPARE
7456,29.125,4.1203,-0.9646,1.5158,0.3955,1,PREPARE
7457,29.12890625,6.1509,2.0994,-0.8068,-5.3008,1,PREPARE
7458,29.1328125,4.7255,8.4876,-2.1532,-1.4737,1,PREPARE
7459,29.13671875,5.6532,6.2761,-2.5935,1.692,1,PREPARE
7460,29.140625,3.1976,5.5174,-3.9535,-0.3006,1,PREPARE
7461,29.14453125,1.1854,6.3245,-2.2757,-1.861,1,PREPARE
7462,29.1484375,-0.8025,1.9062,-3.5005,2.7977,1,PREPARE
7463,29.15234375,-0.4516,2.5922,-5.6536,0.3776,1,PREPARE
7464,29.15625,-2.8377,3.3153,-4.5682,5.5536,1,PREPARE
7465,29.16015625,-2.5137,1.3875,-3.6448,3.4137,1,PREPARE
7466,29.1640625,-2.8941,-2.9105,-8.0387,4.9879,1,PREPARE
7467,29.16796875,-1.9827,2.4595,-4.1783,7.4819,1,PREPARE
7468,29.171875,-5.2137,0.9403,-1.1195,2.674,1,PREPARE
7469,29.17578125,-3.6412,-2.3001,-5.3577,-1.3494,1,PREPARE
7470,29.1796875,-6.3557,-4.1405,-2.7238,1.3967,1,PREPARE
7471,29.18359375,-3.2942,-5.302,1.0667,2.1067,1,PREPARE
7472,29.1875,-0.3618,-5.1277,2.2449,0.2883,1,PREPARE
7473,29.19140625,-2.2059,-4.8011,0.5071,0.925,1,PREPARE
7474,29.1953125,-1.5302,-5.1511,5.9975,-2.8507,1,PREPARE
7475,29.19921875,-2.1563,-6.9658,7.2317,-3.0916,1,PREPARE
7476,29.203125,-0.5426,-0.9718,6.8476,-1.8547,1,PREPARE
7477,29.20703125,0.46,-0.3473,8.8274,-4.2582,1,PREPARE
7478,29.2109375,3.28,-3.0939,1.1755,-4.2264,1,PREPARE
7479,29.21484375,3.0832,-2.4933,4.7531,-4.3972,1,PREPARE
7480,29.21875,3.6222,0.8281,3.2752,-5.6681,1,PREPARE
7481,29.22265625,5.0367,3.5039,3.7924,-5.9208,1,PREPARE
7482,29.2265625,7.0191,1.9678,0.5322,-6.4053,1,PREPARE
7483,29.23046875,4.7567,2.3408,4.7767,-4.3294,1,PREPARE
7484,29.234375,3.3986,7.3753,-0.3971,1.0079,1,PREPARE
7485,29.23828125,-0.0958,3.0462,-2.2243,1.8927,1,PREPARE
7486,29.2421875,1.4033,5.6577,-2.1011,1.7266,1,PREPARE
7487,29.24609375,0.4514,5.9544,-1.9951,3.4319,1,PREPARE
7488,29.25,-0.2986,2.1654,-4.315,0.2073,1,PREPARE
7489,29.25390625,-0.6553,2.4568,-2.4454,3.8488,1,PREPARE
7490,29.2578125,-5.5898,2.5175,-4.805,4.6201,1,PREPARE
7491,29.26171875,-3.4313,5.6118,-7.2425,4.9428,1,PREPARE
7492,29.265625,-3.7894,-1.3382,-9.4919,3.7085,1,PREPARE
7493,29.26953125,-8.7834,-5.0885,-6.9749,3.0309,1,PREPARE
7494,29.2734375,-5.6134,-4.7511,-2.8291,4.0849,1,PREPARE
7495,29.27734375,-6.3246,-2.5406,-3.017,1.6507,1,PREPARE
7496,29.28125,-4.8109,-6.2534,0.2532,-0.2858,1,PREPARE
7497,29.28515625,-4.1553,-3.6104,-0.4758,-0.5301,1,PREPARE
7498,29.2890625,-1.5345,-7.4986,0.4283,1.5173,1,PREPARE
7499,29.29296875,-0.4175,-6.0878,1.6974,-2.934,1,PREPARE
7500,29.296875,-0.9894,-9.4689,3.6532,-5.7538,1,PREPARE
7501,29.30078125,-0.8619,-1.1756,3.6791,0.756,1,PREPARE
7502,29.3046875,2.8256,-2.1356,5.4664,-4.9528,1,PREPARE
7503,29.30859375,0.4996,-0.307,7.6175,-6.3205,1,PREPARE
7504,29.3125,3.4822,0.2261,4.968,-8.4587,1,PREPARE
7505,29.31640625,2.734,-0.6786,2.7948,-2.7331,1,PREPARE
7506,29.3203125,2.9254,-2.1265,3.5245,-3.8183,1,PREPARE
7507,29.32421875,4.4532,2.226,3.4654,-2.1491,1,PREPARE
7508,29.328125,2.1059,8.9763,4.3085,-3.9105,1,PREPARE
7509,29.33203125,5.5752,6.5421,4.0942,0.2153,1,PREPARE
7510,29.3359375,3.5629,4.8049,0.7709,1.5844,1,PREPARE
7511,29.33984375,2.7237,6.5977,0.4465,0.9841,1,PREPARE
7512,29.34375,1.0915,3.2919,-2.8153,5.218,1,PREPARE
7513,29.34765625,1.1908,3.2359,-2.2009,5.2439,1,PREPARE
7514,29.3515625,-4.2145,2.8483,-3.8519,3.1844,1,PREPARE
7515,29.35546875,-0.8052,-0.2309,-4.0116,1.8,1,PREPARE
7516,29.359375,-1.7536,-0.5284,-8.6569,2.1262,1,PREPARE
7517,29.36328125,-3.3674,-0.4642,-5.4587,4.6834,1,PREPARE
7518,29.3671875,-5.5221,1.7633,-4.0715,1.8187,1,PREPARE
7519,29.37109375,-7.5808,-2.008,-4.9226,1.8494,1,PREPARE
7520,29.375,-6.0141,-4.8064,-0.0175,1.7092,1,PREPARE
7521,29.37890625,-8.85,-5.5339,-2.309,3.8338,1,PREPARE
7522,29.3828125,-6.6047,-4.4424,-4.7351,-2.7214,1,PREPARE
7523,29.38671875,-3.5919,-2.8343,-1.1707,-5.5235,1,PREPARE
7524,29.390625,-3.9907,-6.6968,1.7788,-5.3777,1,PREPARE
7525,29.39453125,-0.9387,-7.0391,0.4135,-5.2471,1,PREPARE
7526,29.3984375,-1.378,-5.3643,4.6044,0.7118,1,PREPARE
7527,29.40234375,-2.8793,-4.3404,5.816,-3.0357,1,PREPARE
7528,29.40625,2.2761,0.3353,3.2733,-2.4172,1,PREPARE
7529,29.41015625,5.4676,0.4592,3.3631,-4.3222,1,PREPARE
7530,29.4140625,4.0941,1.9413,2.8295,-5.5103,1,PREPARE
7531,29.41796875,1.2402,2.2114,3.1048,-3.7046,1,PREPARE
7532,29.421875,5.9269,4.1687,3.0545,-2.2609,1,PREPARE
7533,29.42578125,4.7034,4.2615,5.6699,-2.132,1,PREPARE
7534,29.4296875,4.0086,4.2907,3.1515,2.9256,1,PREPARE
7535,29.43359375,6.9778,3.6292,-0.703,2.241,1,PREPARE
7536,29.4375,4.6349,1.315,2.1536,-0.2101,1,PREPARE
7537,29.44140625,4.256,5.4512,-3.7289,6.3526,1,PREPARE
7538,29.4453125,1.3715,0.7979,0.6788,8.7247,1,PREPARE
7539,29.44921875,3.2544,4.2758,-0.8042,1.9581,1,PREPARE
7540,29.453125,1.27,3.9031,-2.3516,7.2561,1,PREPARE
7541,29.45703125,-0.8669,-1.071,-0.797,5.3515,1,PREPARE
7542,29.4609375,-4.2023,0.8408,-6.8522,3.7983,1,PREPARE
7543,29.46484375,-4.4117,-0.4242,-3.9566,3.9258,1,PREPARE
7544,29.46875,-4.1597,-2.4995,-7.0945,-0.7401,1,PREPARE
7545,29.47265625,-5.4011,-7.0692,-7.323,1.6731,1,PREPARE
7546,29.4765625,-6.6743,-5.597,-4.3842,-5.4016,1,PREPARE
7547,29.48046875,-2.0848,-6.1245,-3.1534,-3.1747,1,PREPARE
7548,29.484375,-6.9893,-3.4346,-1.3526,-3.0917,1,PREPARE
7549,29.48828125,-3.7958,-7.1097,-1.3703,-3.5316,1,PREPARE
7550,29.4921875,-3.4944,-3.6592,0.5011,-3.0265,1,PREPARE
7551,29.49609375,0.7302,-3.6641,2.0863,-2.8857,1,PREPARE
7552,29.5,3.2215,-0.0162,4.3839,-3.7578,1,PREPARE
7553,29.50390625,1.4364,-4.4188,4.8292,-1.9499,1,PREPARE
7554,29.5078125,0.0976,-2.6746,7.6862,-2.0356,1,PREPARE
7555,29.51171875,1.414,-0.8129,6.4931,-2.1046,1,PREPARE
7556,29.515625,1.7928,0.8358,7.0287,-1.9648,1,PREPARE
7557,29.51953125,4.934,1.2197,7.7517,-3.6089,1,PREPARE
7558,29.5234375,5.9306,-0.868,6.4261,-1.1832,1,PREPARE
7559,29.52734375,2.2201,2.108,3.9826,0.2608,1,PREPARE
7560,29.53125,2.9346,2.0668,0.2313,2.6689,1,PREPARE
7561,29.53515625,2.5102,0.7626,1.1705,2.4429,1,PREPARE
7562,29.5390625,2.1627,5.1175,-1.0041,4.1996,1,PREPARE
7563,29.54296875,1.2004,3.0195,-1.9631,6.4908,1,PREPARE
7564,29.546875,1.7034,5.9901,-4.3025,6.3885,1,PREPARE
7565,29.55078125,-0.4214,3.1069,-1.2243,2.4512,1,PREPARE
7566,29.5546875,-2.6056,1.0462,-2.5384,6.5556,1,PREPARE
7567,29.55859375,0.4154,-2.8101,-5.2287,5.4305,1,PREPARE
7568,29.5625,-3.3634,-0.813,-7.2887,6.1135,1,PREPARE
7569,29.56640625,-8.2844,1.1955,-6.101,3.0618,1,PREPARE
7570,29.5703125,-7.9572,-1.8792,-5.3284,-3.5487,1,PREPARE
7571,29.57421875,-6.1571,0.2965,-4.4973,2.3902,1,PREPARE
7572,29.578125,-6.3875,-5.5234,-0.1881,-1.5052,1,PREPARE
7573,29.58203125,-4.4592,-5.2614,-4.6296,-5.3416,1,PREPARE
7574,29.5859375,1.231,0.3941,-3.3222,-4.4674,1,PREPARE
7575,29.58984375,-3.5478,-3.2941,-0.7729,-4.1417,1,PREPARE
7576,29.59375,0.3195,-4.0419,2.2911,-1.2391,1,PREPARE
7577,29.59765625,-1.1977,-3.1401,4.2707,-4.3268,1,PREPARE
7578,29.6015625,-1.1042,-2.9262,0.9966,-9.5028,1,PREPARE
7579,29.60546875,-0.6708,-0.4441,4.4157,-4.2595,1,PREPARE
7580,29.609375,2.72,2.7498,8.5411,-3.6456,1,PREPARE
7581,29.61328125,4.1021,4.2182,6.5776,-3.1595,1,PREPARE
7582,29.6171875,6.9454,7.2779,2.8045,-0.171,1,PREPARE
7583,29.62109375,2.1331,4.9133,2.494,0.3984,1,PREPARE
7584,29.625,2.2786,4.1541,4.1954,1.233,1,PREPARE
7585,29.62890625,5.076,0.1971,7.5693,5.026,1,PREPARE
7586,29.6328125,4.9483,3.2808,0.3392,0.8838,1,PREPARE
7587,29.63671875,4.1227,2.6858,0.6416,-2.7028,1,PREPARE
7588,29.640625,0.0873,2.9941,2.8031,2.8238,1,PREPARE
7589,29.64453125,3.9093,2.3648,-1.1799,4.5113,1,PREPARE
7590,29.6484375,1.4954,3.0023,-0.7429,1.0489,1,PREPARE
7591,29.65234375,-1.578,-2.6015,-4.8866,4.4804,1,PREPARE
7592,29.65625,-1.6142,0.0238,-1.4833,2.1309,1,PREPARE
7593,29.66015625,0.4342,-1.6896,-2.4157,1.1399,1,PREPARE
7594,29.6640625,-2.5025,-0.1122,-6.6493,-4.2711,1,PREPARE
7595,29.66796875,-5.738,-5.3043,-6.2897,-0.0293,1,PREPARE
7596,29.671875,-6.2216,-4.8955,-0.9882,-1.2342,1,PREPARE
7597,29.67578125,-4.7268,-6.4585,-4.8287,-4.7364,1,PREPARE
7598,29.6796875,-7.0575,-4.7407,-2.6061,-6.6305,1,PREPARE
7599,29.68359375,-3.6757,-6.2234,-1.4809,-3.8004,1,PREPARE
7600,29.6875,-7.2388,-6.9892,-0.8713,-4.867,1,PREPARE
7601,29.69140625,-6.5123,-9.1001,-6.8714,-10.8591,3,RIGHT_MI
7602,29.6953125,-0.2576,-0.2847,2.2244,-3.7912,3,RIGHT_MI
7603,29.69921875,2.1947,1.1626,-2.867,-9.0276,3,RIGHT_MI
7604,29.703125,-0.6268,-1.1337,1.2285,-1.4788,3,RIGHT_MI
7605,29.70703125,0.5697,1.4348,9.8363,-3.7263,3,RIGHT_MI
7606,29.7109375,-1.5844,8.1732,2.3397,2.4783,3,RIGHT_MI
7607,29.71484375,7.6075,4.0684,9.0543,0.7907,3,RIGHT_MI
7608,29.71875,3.2802,3.8007,7.6621,5.7715,3,RIGHT_MI
7609,29.72265625,0.9622,4.9132,10.9047,5.6122,3,RIGHT_MI
7610,29.7265625,3.0064,9.585,5.4554,0.3249,3,RIGHT_MI
7611,29.73046875,-0.4065,1.1131,7.7388,3.7083,3,RIGHT_MI
7612,29.734375,-0.4022,3.1851,1.1578,10.3146,3,RIGHT_MI
7613,29.73828125,0.5181,3.5597,-3.1038,5.1076,3,RIGHT_MI
7614,29.7421875,0.5911,3.1457,-9.3328,2.9492,3,RIGHT_MI
7615,29.74609375,0.6014,1.0944,-0.7291,-2.6211,3,RIGHT_MI
7616,29.75,-4.3665,-0.2007,1.087,8.7098,3,RIGHT_MI
7617,29.75390625,3.8273,6.0846,-2.1805,4.9967,3,RIGHT_MI
7618,29.7578125,-2.983,5.5834,3.894,2.5707,3,RIGHT_MI
7619,29.76171875,3.8425,1.5853,-0.5327,1.0582,3,RIGHT_MI
7620,29.765625,1.2222,0.2091,-3.5858,0.4889,3,RIGHT_MI
7621,29.76953125,-3.7963,-0.5195,-2.2041,-3.5836,3,RIGHT_MI
7622,29.7734375,-1.679,-1.2083,-7.8777,1.4503,3,RIGHT_MI
7623,29.77734375,-5.1277,-7.1507,-13.2621,-2.1504,3,RIGHT_MI
7624,29.78125,-3.1475,-6.7573,-8.5987,-15.2162,3,RIGHT_MI
7625,29.78515625,-3.088,-13.3232,-7.9898,-15.2445,3,RIGHT_MI
7626,29.7890625,-0.5286,-8.6618,-7.3559,-8.4807,3,RIGHT_MI
7627,29.79296875,-3.4679,-2.1605,-2.5783,-6.4708,3,RIGHT_MI
7628,29.796875,1.3943,-1.4131,-3.1598,-8.3926,3,RIGHT_MI
7629,29.80078125,4.3502,-5.3589,1.108,-4.6676,3,RIGHT_MI
7630,29.8046875,1.2008,3.2641,3.9207,3.0935,3,RIGHT_MI
7631,29.80859375,6.7667,10.5535,9.598,2.0362,3,RIGHT_MI
7632,29.8125,4.0693,7.8485,6.3929,8.2504,3,RIGHT_MI
7633,29.81640625,2.1757,11.3953,1.0855,7.1023,3,RIGHT_MI
7634,29.8203125,1.9374,6.9199,4.0649,6.856,3,RIGHT_MI
7635,29.82421875,-1.5474,5.4133,6.2739,3.6209,3,RIGHT_MI
7636,29.828125,4.1681,2.9066,2.2007,3.8253,3,RIGHT_MI
7637,29.83203125,-0.3051,5.1883,-1.1981,0.7753,3,RIGHT_MI
7638,29.8359375,2.9432,2.9426,-0.37,7.0566,3,RIGHT_MI
7639,29.83984375,-3.3564,6.9457,-6.627,2.5135,3,RIGHT_MI
7640,29.84375,-2.9509,0.1376,2.7287,1.6617,3,RIGHT_MI
7641,29.84765625,6.0286,1.6875,-3.2699,4.6779,3,RIGHT_MI
7642,29.8515625,6.1747,0.4404,-2.2792,-0.1532,3,RIGHT_MI
7643,29.85546875,0.106,3.5124,-1.9895,3.5266,3,RIGHT_MI
7644,29.859375,3.6062,-0.9433,-0.4445,3.0067,3,RIGHT_MI
7645,29.86328125,3.2586,-2.0631,-4.5646,-1.7173,3,RIGHT_MI
7646,29.8671875,-1.0002,1.4968,-2.8511,0.1276,3,RIGHT_MI
7647,29.87109375,2.1071,-11.7256,-9.094,-4.1107,3,RIGHT_MI
7648,29.875,-0.6994,-1.3295,-5.8297,-9.99,3,RIGHT_MI
7649,29.87890625,-5.8797,-14.8174,-6.2024,-6.8924,3,RIGHT_MI
7650,29.8828125,-1.8135,-6.9561,-7.9568,-11.5493,3,RIGHT_MI
7651,29.88671875,-1.3511,-4.9228,-6.6917,-12.5091,3,RIGHT_MI
7652,29.890625,-6.3046,-5.1808,-8.0874,-6.1018,3,RIGHT_MI
7653,29.89453125,-10.1852,-2.4108,-3.4957,-8.6233,3,RIGHT_MI
7654,29.8984375,-0.4405,0.8198,-0.1678,-5.5203,3,RIGHT_MI
7655,29.90234375,2.1802,-3.7903,2.0182,-0.7945,3,RIGHT_MI
7656,29.90625,-0.1032,1.6737,11.6043,0.9398,3,RIGHT_MI
7657,29.91015625,3.2077,0.5217,11.4811,12.3146,3,RIGHT_MI
7658,29.9140625,6.0255,6.7748,5.6767,5.7721,3,RIGHT_MI
7659,29.91796875,8.1517,7.4172,9.2104,4.023,3,RIGHT_MI
7660,29.921875,2.486,0.8338,1.1208,7.3377,3,RIGHT_MI
7661,29.92578125,2.5444,5.7843,3.6213,4.9751,3,RIGHT_MI
7662,29.9296875,-4.3575,4.8992,0.5744,4.5343,3,RIGHT_MI
7663,29.93359375,-3.6432,4.8554,0.6081,5.7977,3,RIGHT_MI
7664,29.9375,-0.5925,3.6832,0.7875,-2.1102,3,RIGHT_MI
7665,29.94140625,-0.919,0.448,-3.3872,2.0414,3,RIGHT_MI
7666,29.9453125,0.4855,0.3999,-1.1595,1.0124,3,RIGHT_MI
7667,29.94921875,1.384,1.8002,-3.8972,2.0957,3,RIGHT_MI
7668,29.953125,-2.2915,3.7443,-4.8231,3.117,3,RIGHT_MI
7669,29.95703125,1.7962,-0.1893,-2.2511,5.7744,3,RIGHT_MI
7670,29.9609375,2.4749,-0.182,1.3437,-1.7043,3,RIGHT_MI
7671,29.96484375,-3.9763,-3.3971,-2.644,-0.9591,3,RIGHT_MI
7672,29.96875,1.5404,-0.1605,-3.3253,0.0186,3,RIGHT_MI
7673,29.97265625,3.8906,-5.7541,-5.9194,-4.0314,3,RIGHT_MI
7674,29.9765625,-0.7907,-6.7416,-6.2941,-9.8362,3,RIGHT_MI
7675,29.98046875,-5.4492,-13.2067,-6.26,-11.6105,3,RIGHT_MI
7676,29.984375,-4.6356,-5.6282,-10.1927,-6.2646,3,RIGHT_MI
7677,29.98828125,-4.3749,-10.0916,-4.8513,-9.5688,3,RIGHT_MI
7678,29.9921875,-5.7041,-1.7357,-5.441,-1.3426,3,RIGHT_MI
7679,29.99609375,-3.4743,-1.8713,-6.4118,-2.118,3,RIGHT_MI
7680,30.0,3.3515,-1.3434,4.5365,-2.1936,3,RIGHT_MI
7681,30.00390625,-1.9464,4.6829,4.3673,2.1563,3,RIGHT_MI
7682,30.0078125,2.9293,-0.2891,2.1529,3.232,3,RIGHT_MI
7683,30.01171875,5.5666,11.0869,12.5846,5.3638,3,RIGHT_MI
7684,30.015625,5.8015,5.6837,5.8607,6.2932,3,RIGHT_MI
7685,30.01953125,9.3976,6.222,10.3177,9.9385,3,RIGHT_MI
7686,30.0234375,12.648,10.4872,13.5564,10.4471,3,RIGHT_MI
7687,30.02734375,1.8674,2.2143,5.3863,5.2972,3,RIGHT_MI
7688,30.03125,3.1375,-0.9261,3.1161,6.0297,3,RIGHT_MI
7689,30.03515625,-2.1859,0.8222,7.5198,-0.2435,3,RIGHT_MI
7690,30.0390625,0.7419,0.2501,-3.6213,-0.0704,3,RIGHT_MI
7691,30.04296875,-4.5086,-0.3625,0.0146,-3.5954,3,RIGHT_MI
7692,30.046875,-4.5783,2.4684,0.3017,-0.4009,3,RIGHT_MI
7693,30.05078125,-2.1547,0.9601,-4.8328,4.0793,3,RIGHT_MI
7694,30.0546875,3.8503,-1.5394,-0.8227,-3.118,3,RIGHT_MI
7695,30.05859375,3.8183,-0.6233,-1.7467,-6.589,3,RIGHT_MI
7696,30.0625,-0.3152,-2.4334,-4.3343,2.0339,3,RIGHT_MI
7697,30.06640625,-0.0904,-4.6166,-0.8876,-7.7997,3,RIGHT_MI
7698,30.0703125,0.6628,-4.6919,-4.8027,-5.4968,3,RIGHT_MI
7699,30.07421875,-2.0689,-10.8482,-1.3869,-1.9149,3,RIGHT_MI
7700,30.078125,-3.7631,-5.1602,-9.9536,-7.7173,3,RIGHT_MI
7701,30.08203125,-0.9865,-5.685,-8.9119,-6.0638,3,RIGHT_MI
7702,30.0859375,-6.672,-4.9363,-9.624,-9.287,3,RIGHT_MI
7703,30.08984375,-1.0873,-4.634,-6.0573,-12.1989,3,RIGHT_MI
7704,30.09375,-1.4271,-2.2185,-3.4961,-3.0248,3,RIGHT_MI
7705,30.09765625,0.248,-0.3255,4.7453,-1.0724,3,RIGHT_MI
7706,30.1015625,2.3125,3.1189,-1.5887,1.1544,3,RIGHT_MI
7707,30.10546875,1.6975,8.8283,5.2103,6.5758,3,RIGHT_MI
7708,30.109375,4.1807,8.9271,8.1082,11.5235,3,RIGHT_MI
7709,30.11328125,2.7493,7.6909,2.9249,6.9264,3,RIGHT_MI
7710,30.1171875,1.9175,7.1427,8.3687,12.5327,3,RIGHT_MI
7711,30.12109375,5.2154,8.4374,11.2209,5.3467,3,RIGHT_MI
7712,30.125,3.1354,8.5581,6.3845,2.7339,3,RIGHT_MI
7713,30.12890625,0.5125,5.8975,7.5755,2.8078,3,RIGHT_MI
7714,30.1328125,0.9148,0.7157,2.5647,2.3738,3,RIGHT_MI
7715,30.13671875,-6.3046,-4.212,8.0478,-0.2941,3,RIGHT_MI
7716,30.140625,-2.5169,3.6247,2.0405,-4.5705,3,RIGHT_MI
7717,30.14453125,0.7321,-1.8115,-1.3027,0.259,3,RIGHT_MI
7718,30.1484375,1.8885,-2.96,1.5558,0.3139,3,RIGHT_MI
7719,30.15234375,0.0959,-1.5202,3.4292,-4.3779,3,RIGHT_MI
7720,30.15625,0.2465,-2.7998,1.922,-0.3829,3,RIGHT_MI
7721,30.16015625,5.5473,-4.0883,-0.2186,-4.9766,3,RIGHT_MI
7722,30.1640625,-0.3244,-7.1487,-8.2907,-4.0569,3,RIGHT_MI
7723,30.16796875,0.116,-4.9266,1.7767,0.0081,3,RIGHT_MI
7724,30.171875,4.3989,1.8335,-4.4597,1.5195,3,RIGHT_MI
7725,30.17578125,-2.5525,-7.4105,-6.0228,-8.6394,3,RIGHT_MI
7726,30.1796875,-6.6102,-6.9178,-12.598,-11.4454,3,RIGHT_MI
7727,30.18359375,-3.8744,-10.6863,-4.6597,-3.2993,3,RIGHT_MI
7728,30.1875,-6.8799,-1.7585,-6.2789,-2.4899,3,RIGHT_MI
7729,30.19140625,-3.2787,-7.7841,-9.6668,-3.161,3,RIGHT_MI
7730,30.1953125,-2.7308,1.8495,-3.6386,-3.8042,3,RIGHT_MI
7731,30.19921875,2.6824,-4.498,-4.8599,5.5583,3,RIGHT_MI
7732,30.203125,1.3197,4.0621,3.2784,3.8219,3,RIGHT_MI
7733,30.20703125,-1.6202,11.4853,4.147,7.4008,3,RIGHT_MI
7734,30.2109375,3.7782,8.9624,3.9759,11.0164,3,RIGHT_MI
7735,30.21484375,-1.9068,5.7176,4.8576,9.955,3,RIGHT_MI
7736,30.21875,-2.5612,13.2033,9.8207,7.0918,3,RIGHT_MI
7737,30.22265625,1.7101,8.3019,6.0736,6.7313,3,RIGHT_MI
7738,30.2265625,3.7853,4.8184,10.0093,1.6377,3,RIGHT_MI
7739,30.23046875,-4.668,3.5053,4.1841,-3.5869,3,RIGHT_MI
7740,30.234375,-2.0348,1.1513,3.2778,-2.7559,3,RIGHT_MI
7741,30.23828125,-1.1325,5.6751,1.3195,-3.3977,3,RIGHT_MI
7742,30.2421875,-0.6784,-1.9281,2.605,-3.1651,3,RIGHT_MI
7743,30.24609375,-0.1098,-9.2706,4.7485,-3.2758,3,RIGHT_MI
7744,30.25,0.9825,-1.3994,4.8566,-5.532,3,RIGHT_MI
7745,30.25390625,4.6276,-4.81,1.7673,-1.4652,3,RIGHT_MI
7746,30.2578125,2.1702,-7.4286,1.624,-0.316,3,RIGHT_MI
7747,30.26171875,2.8827,0.3927,1.9157,-1.0792,3,RIGHT_MI
7748,30.265625,-1.0687,3.0882,-0.5707,-9.803,3,RIGHT_MI
7749,30.26953125,-1.6316,2.5598,3.3538,-0.9479,3,RIGHT_MI
7750,30.2734375,1.2384,-4.4813,-5.394,-6.3042,3,RIGHT_MI
7751,30.27734375,-4.7351,-5.7651,-4.4067,-5.344,3,RIGHT_MI
7752,30.28125,-2.705,-7.2773,-8.566,-2.6118,3,RIGHT_MI
7753,30.28515625,-1.0691,-0.9508,-9.1138,-3.7665,3,RIGHT_MI
7754,30.2890625,-4.9474,-3.43,-7.5378,-3.8704,3,RIGHT_MI
7755,30.29296875,-2.578,-1.6676,-9.4597,5.3222,3,RIGHT_MI
7756,30.296875,-5.4457,6.1923,-3.4966,0.4714,3,RIGHT_MI
7757,30.30078125,1.4859,5.2823,0.5668,5.9089,3,RIGHT_MI
7758,30.3046875,2.5443,1.8187,-0.451,3.6863,3,RIGHT_MI
7759,30.30859375,-0.2034,8.3446,2.7456,11.2226,3,RIGHT_MI
7760,30.3125,8.2472,7.0318,3.6564,9.429,3,RIGHT_MI
7761,30.31640625,8.3856,13.6727,9.4774,8.2175,3,RIGHT_MI
7762,30.3203125,3.4305,6.1879,7.8315,6.263,3,RIGHT_MI
7763,30.32421875,2.0795,6.2734,5.9453,0.7914,3,RIGHT_MI
7764,30.328125,2.5769,5.5737,8.1187,4.6165,3,RIGHT_MI
7765,30.33203125,-3.5603,0.3647,2.7064,-0.8404,3,RIGHT_MI
7766,30.3359375,2.7565,-4.0536,1.0618,-3.0864,3,RIGHT_MI
7767,30.33984375,1.4032,-1.2552,4.7358,-11.1731,3,RIGHT_MI
7768,30.34375,-7.5328,-3.9348,0.8943,-5.9884,3,RIGHT_MI
7769,30.34765625,-0.4401,1.6491,4.3537,-0.0377,3,RIGHT_MI
7770,30.3515625,3.6312,-7.8218,5.8173,-0.432,3,RIGHT_MI
7771,30.35546875,3.1212,1.1902,-2.368,-6.9432,3,RIGHT_MI
7772,30.359375,7.6683,0.2025,1.125,-4.7714,3,RIGHT_MI
7773,30.36328125,3.5397,-1.8831,4.5516,0.7153,3,RIGHT_MI
7774,30.3671875,-0.0295,-3.1177,4.5124,0.7697,3,RIGHT_MI
7775,30.37109375,-7.3872,-2.4178,0.3117,-4.5451,3,RIGHT_MI
7776,30.375,-5.2563,-10.7634,-4.3533,-0.4018,3,RIGHT_MI
7777,30.37890625,-0.6188,-5.1306,-3.605,-2.7192,3,RIGHT_MI
7778,30.3828125,-3.7247,-3.5196,-12.1747,-0.8914,3,RIGHT_MI
7779,30.38671875,-1.61,-6.9749,-9.9486,-1.6655,3,RIGHT_MI
7780,30.390625,-0.8057,-5.8646,-10.6728,2.5099,3,RIGHT_MI
7781,30.39453125,-5.4774,1.2199,-8.1599,7.8025,3,RIGHT_MI
7782,30.3984375,3.6512,5.0055,-5.8579,9.779,3,RIGHT_MI
7783,30.40234375,0.8246,8.3696,-0.2386,9.9517,3,RIGHT_MI
7784,30.40625,6.6153,4.2325,-1.0527,12.9422,3,RIGHT_MI
7785,30.41015625,-0.1537,10.7024,7.7303,7.001,3,RIGHT_MI
7786,30.4140625,6.4106,4.1724,6.8212,1.5387,3,RIGHT_MI
7787,30.41796875,3.8819,13.2296,5.6305,7.6283,3,RIGHT_MI
7788,30.421875,0.0715,6.4481,2.6033,3.8791,3,RIGHT_MI
7789,30.42578125,1.3544,1.9564,4.3003,-5.1558,3,RIGHT_MI
7790,30.4296875,-0.0707,-0.132,2.5006,-4.0524,3,RIGHT_MI
7791,30.43359375,-2.0292,1.634,5.2207,-7.7944,3,RIGHT_MI
7792,30.4375,0.3483,-5.7952,0.119,-0.8943,3,RIGHT_MI
7793,30.44140625,-0.7242,-1.5592,4.7194,-5.1289,3,RIGHT_MI
7794,30.4453125,-1.2225,0.3828,1.1756,-5.987,3,RIGHT_MI
7795,30.44921875,1.2602,-1.7674,-0.5692,-1.0348,3,RIGHT_MI
7796,30.453125,5.5225,-6.577,7.8501,-9.9687,3,RIGHT_MI
7797,30.45703125,7.7558,-1.6562,4.9266,-1.9262,3,RIGHT_MI
7798,30.4609375,4.3939,-9.2553,5.3538,0.7519,3,RIGHT_MI
7799,30.46484375,2.1048,-4.0152,7.3588,-1.0777,3,RIGHT_MI
7800,30.46875,-3.7189,-5.2218,-3.9774,-4.5513,3,RIGHT_MI
7801,30.47265625,-1.1838,-5.2522,-0.286,-3.0212,3,RIGHT_MI
7802,30.4765625,0.2699,-0.6352,-2.7323,-1.6273,3,RIGHT_MI
7803,30.48046875,-0.3962,-6.7042,-9.9306,2.5332,3,RIGHT_MI
7804,30.484375,-1.7666,-3.3121,-6.2822,1.4462,3,RIGHT_MI
7805,30.48828125,-5.2977,1.6828,-6.5072,3.2653,3,RIGHT_MI
7806,30.4921875,-6.1824,-2.38,-7.4065,3.1242,3,RIGHT_MI
7807,30.49609375,5.7517,-1.6796,-7.9201,7.6469,3,RIGHT_MI
7808,30.5,-3.5747,5.8325,-7.3953,11.0541,3,RIGHT_MI
7809,30.50390625,-4.3131,5.6435,-0.0978,4.6621,3,RIGHT_MI
7810,30.5078125,4.2402,5.489,0.6195,9.6558,3,RIGHT_MI
7811,30.51171875,6.321,5.1921,5.3421,6.7505,3,RIGHT_MI
7812,30.515625,7.9495,9.5546,4.9662,2.1563,3,RIGHT_MI
7813,30.51953125,5.5955,7.2827,3.6065,5.2309,3,RIGHT_MI
7814,30.5234375,-0.6426,7.8128,9.0241,1.9767,3,RIGHT_MI
7815,30.52734375,-0.9916,0.9573,2.1866,0.8318,3,RIGHT_MI
7816,30.53125,-1.6681,-1.3803,9.1326,-4.7614,3,RIGHT_MI
7817,30.53515625,-1.1819,1.221,-0.7762,-8.1989,3,RIGHT_MI
7818,30.5390625,-6.5007,-5.288,4.4023,-12.0938,3,RIGHT_MI
7819,30.54296875,-2.2381,-3.3951,5.6197,-7.9813,3,RIGHT_MI
7820,30.546875,0.8826,-7.3928,1.5017,-6.5845,3,RIGHT_MI
7821,30.55078125,5.77,-3.4076,3.7287,-7.4975,3,RIGHT_MI
7822,30.5546875,0.3915,-1.3228,-0.1759,-5.9512,3,RIGHT_MI
7823,30.55859375,2.5119,-5.877,2.6967,0.8056,3,RIGHT_MI
7824,30.5625,3.8725,-7.6942,1.6238,2.765,3,RIGHT_MI
7825,30.56640625,-2.4051,-7.4124,2.4615,-3.3421,3,RIGHT_MI
7826,30.5703125,0.723,0.4898,-1.5706,-1.3687,3,RIGHT_MI
7827,30.57421875,-2.7555,-3.1423,-6.8353,2.3218,3,RIGHT_MI
7828,30.578125,-3.419,0.4199,-9.8632,2.6878,3,RIGHT_MI
7829,30.58203125,-4.074,-8.3265,-3.2109,0.0886,3,RIGHT_MI
7830,30.5859375,-6.3508,-4.3103,-3.9988,1.9016,3,RIGHT_MI
7831,30.58984375,-0.7475,-5.958,-7.6214,-2.9502,3,RIGHT_MI
7832,30.59375,-8.042,0.334,-2.9316,-1.3806,3,RIGHT_MI
7833,30.59765625,-0.9342,4.201,-7.6987,1.6232,3,RIGHT_MI
7834,30.6015625,6.6139,0.6242,-3.2264,7.5679,3,RIGHT_MI
7835,30.60546875,4.9669,9.5437,-1.5255,9.4666,3,RIGHT_MI
7836,30.609375,3.9159,3.7144,-1.5088,6.8343,3,RIGHT_MI
7837,30.61328125,5.2908,5.2557,3.586,2.9525,3,RIGHT_MI
7838,30.6171875,5.8327,6.8261,11.8972,9.049,3,RIGHT_MI
7839,30.62109375,7.4753,6.5903,-0.7033,-0.0691,3,RIGHT_MI
7840,30.625,1.2838,6.4455,4.9183,2.3258,3,RIGHT_MI
7841,30.62890625,-0.8735,2.8295,0.4559,-7.4743,3,RIGHT_MI
7842,30.6328125,-4.6258,-1.0529,5.4729,-6.4807,3,RIGHT_MI
7843,30.63671875,-2.6778,-0.5524,5.3809,-5.2202,3,RIGHT_MI
7844,30.640625,-1.5106,-2.7937,2.0126,-9.163,3,RIGHT_MI
7845,30.64453125,1.1431,-4.256,4.9627,-11.5323,3,RIGHT_MI
7846,30.6484375,5.4922,-3.0211,8.7903,-2.9757,3,RIGHT_MI
7847,30.65234375,0.3916,1.0394,1.848,-6.2703,3,RIGHT_MI
7848,30.65625,3.3728,-4.8975,7.0981,-1.7397,3,RIGHT_MI
7849,30.66015625,0.6904,-2.5889,3.5294,-3.5701,3,RIGHT_MI
7850,30.6640625,-1.0653,-0.8969,0.501,3.9192,3,RIGHT_MI
7851,30.66796875,4.5239,-1.98,4.1934,2.1058,3,RIGHT_MI
7852,30.671875,-3.6391,-1.6996,-1.8531,3.6201,3,RIGHT_MI
7853,30.67578125,-8.0488,-6.9118,-2.5775,6.5236,3,RIGHT_MI
7854,30.6796875,-6.3946,0.1597,-9.7046,4.474,3,RIGHT_MI
7855,30.68359375,-7.2131,-1.3572,-8.3308,5.7073,3,RIGHT_MI
7856,30.6875,-2.8858,-4.9638,-6.6824,4.2403,3,RIGHT_MI
7857,30.69140625,-7.6628,3.2808,-11.0332,6.3712,3,RIGHT_MI
7858,30.6953125,0.6659,2.8322,-7.9285,1.2564,3,RIGHT_MI
7859,30.69921875,3.535,-1.7369,-7.7786,4.3403,3,RIGHT_MI
7860,30.703125,3.8473,5.99,-3.4175,4.8453,3,RIGHT_MI
7861,30.70703125,1.6458,10.3247,1.9177,7.5259,3,RIGHT_MI
7862,30.7109375,5.754,12.5859,3.2601,0.6048,3,RIGHT_MI
7863,30.71484375,9.5447,7.8482,3.9255,0.7333,3,RIGHT_MI
7864,30.71875,7.1862,4.6926,3.1395,1.6879,3,RIGHT_MI
7865,30.72265625,1.4919,9.5493,5.2269,-4.1886,3,RIGHT_MI
7866,30.7265625,-3.1747,-1.2384,2.5627,-3.0306,3,RIGHT_MI
7867,30.73046875,-4.284,0.0534,5.0936,-8.1833,3,RIGHT_MI
7868,30.734375,-1.5667,-2.4437,2.5425,-15.0627,3,RIGHT_MI
7869,30.73828125,-0.3279,-3.9993,2.7025,-5.9763,3,RIGHT_MI
7870,30.7421875,-4.4358,-7.1557,0.0366,-6.7185,3,RIGHT_MI
7871,30.74609375,1.7731,-12.2714,7.4327,-2.2734,3,RIGHT_MI
7872,30.75,5.5712,-5.1196,6.2779,-6.8095,3,RIGHT_MI
7873,30.75390625,-0.826,-4.8384,10.125,-3.6493,3,RIGHT_MI
7874,30.7578125,-3.1698,-3.9609,9.9934,5.3272,3,RIGHT_MI
7875,30.76171875,-0.6017,-0.807,1.0613,9.5229,3,RIGHT_MI
7876,30.765625,-0.2364,-1.6432,6.4116,3.0339,3,RIGHT_MI
7877,30.76953125,-4.1278,-6.0647,0.1749,8.4798,3,RIGHT_MI
7878,30.7734375,-5.6252,0.4471,-0.1226,3.8171,3,RIGHT_MI
7879,30.77734375,-6.7484,-7.0108,-2.8396,6.422,3,RIGHT_MI
7880,30.78125,-2.65,-3.693,-10.6406,1.3307,3,RIGHT_MI
7881,30.78515625,-4.1502,-1.1669,-8.531,-0.9502,3,RIGHT_MI
7882,30.7890625,-3.8688,-0.6337,-12.6984,1.3634,3,RIGHT_MI
7883,30.79296875,-2.2366,1.8153,-6.8192,5.7815,3,RIGHT_MI
7884,30.796875,-4.3009,3.9997,-4.8201,4.3528,3,RIGHT_MI
7885,30.80078125,1.5819,7.0667,-10.5679,8.5433,3,RIGHT_MI
7886,30.8046875,5.9064,10.9939,-0.7347,-0.3306,3,RIGHT_MI
7887,30.80859375,2.6588,6.3033,-2.1681,-0.9356,3,RIGHT_MI
7888,30.8125,4.7417,7.465,2.9559,0.0203,3,RIGHT_MI
7889,30.81640625,6.3938,8.923,3.6053,-3.09,3,RIGHT_MI
7890,30.8203125,1.1389,6.7108,-4.9583,-3.6277,3,RIGHT_MI
7891,30.82421875,-0.6934,8.0867,3.6442,-2.3533,3,RIGHT_MI
7892,30.828125,0.8799,-1.2189,4.7066,-2.9352,3,RIGHT_MI
7893,30.83203125,4.0497,-2.2905,-2.1697,-11.4752,3,RIGHT_MI
7894,30.8359375,1.4671,-4.2433,2.9739,-8.3194,3,RIGHT_MI
7895,30.83984375,-3.2531,-3.6875,0.7318,-3.0457,3,RIGHT_MI
7896,30.84375,-3.449,-8.5906,1.2511,-10.8052,3,RIGHT_MI
7897,30.84765625,2.6743,-2.99,4.0513,-5.4439,3,RIGHT_MI
7898,30.8515625,3.9862,-2.6728,2.8963,-2.7541,3,RIGHT_MI
7899,30.85546875,-0.4823,-1.4965,-0.8278,7.2586,3,RIGHT_MI
7900,30.859375,5.0646,-2.485,3.105,3.2485,3,RIGHT_MI
7901,30.86328125,1.6267,0.5046,2.4052,5.9405,3,RIGHT_MI
7902,30.8671875,1.4635,-2.5911,-0.4327,12.7272,3,RIGHT_MI
7903,30.87109375,-0.1333,1.7601,-7.7273,8.0199,3,RIGHT_MI
7904,30.875,2.5788,-2.2218,-2.1967,1.8054,3,RIGHT_MI
7905,30.87890625,-2.511,0.5923,-6.2613,1.7923,3,RIGHT_MI
7906,30.8828125,-2.0483,-5.9772,-5.7443,-0.672,3,RIGHT_MI
7907,30.88671875,-7.1374,-2.2298,-8.8184,6.8202,3,RIGHT_MI
7908,30.890625,-1.5181,1.0162,-2.8678,4.3813,3,RIGHT_MI
7909,30.89453125,0.6884,-8.2596,-7.832,4.7072,3,RIGHT_MI
7910,30.8984375,2.0497,1.4806,-6.8351,-2.0863,3,RIGHT_MI
7911,30.90234375,2.1942,5.9206,-5.2901,-4.1143,3,RIGHT_MI
7912,30.90625,2.6588,4.8486,1.0487,-1.0469,3,RIGHT_MI
7913,30.91015625,5.9744,14.7013,-2.0318,0.3256,3,RIGHT_MI
7914,30.9140625,3.8534,8.4192,0.3567,-1.4101,3,RIGHT_MI
7915,30.91796875,-1.2124,8.3105,4.07,-1.4177,3,RIGHT_MI
7916,30.921875,2.7092,6.6137,1.2498,1.3738,3,RIGHT_MI
7917,30.92578125,0.8997,1.6239,2.727,-7.707,3,RIGHT_MI
7918,30.9296875,4.4923,-3.7825,0.3901,-6.1657,3,RIGHT_MI
7919,30.93359375,0.5486,-4.8171,1.7085,-11.0261,3,RIGHT_MI
7920,30.9375,0.7635,-1.765,-1.6128,-9.1627,3,RIGHT_MI
7921,30.94140625,3.9652,-6.3143,5.0414,-8.9724,3,RIGHT_MI
7922,30.9453125,-6.1822,-5.1363,7.0425,-8.491,3,RIGHT_MI
7923,30.94921875,3.3878,-10.2692,5.7575,-6.8897,3,RIGHT_MI
7924,30.953125,0.4655,-4.4879,1.7556,0.9633,3,RIGHT_MI
7925,30.95703125,4.1805,-9.284,1.8566,6.735,3,RIGHT_MI
7926,30.9609375,-2.2247,-1.9839,4.3518,9.9943,3,RIGHT_MI
7927,30.96484375,2.9217,2.4717,4.4232,6.3298,3,RIGHT_MI
7928,30.96875,2.0736,0.702,3.1728,9.4578,3,RIGHT_MI
7929,30.97265625,2.9201,-1.152,-2.3546,4.4885,3,RIGHT_MI
7930,30.9765625,-4.9744,-3.3712,-5.3055,5.7614,3,RIGHT_MI
7931,30.98046875,-9.772,-0.4984,-5.017,10.5393,3,RIGHT_MI
7932,30.984375,-8.4661,-1.1951,-10.6398,6.1019,3,RIGHT_MI
7933,30.98828125,-8.463,1.5398,-5.9715,3.892,3,RIGHT_MI
7934,30.9921875,-2.3406,0.3252,-11.3031,-3.6818,3,RIGHT_MI
7935,30.99609375,-4.8209,0.3523,-6.8291,3.5233,3,RIGHT_MI
7936,31.0,-4.5331,4.145,-4.4869,-0.388,3,RIGHT_MI
7937,31.00390625,5.9472,5.2298,-1.177,0.512,3,RIGHT_MI
7938,31.0078125,0.1017,8.3609,-2.2149,-2.8946,3,RIGHT_MI
7939,31.01171875,5.5697,13.7258,5.4228,-9.5309,3,RIGHT_MI
7940,31.015625,4.6993,6.258,3.2486,-3.5257,3,RIGHT_MI
7941,31.01953125,2.605,7.3561,5.0107,-1.7535,3,RIGHT_MI
7942,31.0234375,2.7386,5.8789,1.5755,-14.3234,3,RIGHT_MI
7943,31.02734375,3.2922,-3.4871,5.0549,-4.1789,3,RIGHT_MI
7944,31.03125,3.8451,-7.4294,1.9099,-1.8948,3,RIGHT_MI
7945,31.03515625,-3.9991,-1.958,7.7266,-9.3739,3,RIGHT_MI
7946,31.0390625,-1.6878,-10.0499,2.3391,-7.2733,3,RIGHT_MI
7947,31.04296875,-5.166,-5.1382,-0.2156,-4.8396,3,RIGHT_MI
7948,31.046875,1.5116,-7.1024,10.0299,-0.671,3,RIGHT_MI
7949,31.05078125,-0.0792,-6.1828,8.3887,-2.6966,3,RIGHT_MI
7950,31.0546875,-3.5601,-1.5296,-1.3665,9.864,3,RIGHT_MI
7951,31.05859375,1.4153,-4.6351,9.974,0.0964,3,RIGHT_MI
7952,31.0625,1.6464,-1.6831,8.9691,4.6955,3,RIGHT_MI
7953,31.06640625,-0.8727,-3.0476,3.0314,7.9634,3,RIGHT_MI
7954,31.0703125,-5.7146,3.1641,3.532,8.9397,3,RIGHT_MI
7955,31.07421875,-0.1691,-2.3248,0.2851,9.2098,3,RIGHT_MI
7956,31.078125,-1.4848,-2.787,-1.7479,-0.4533,3,RIGHT_MI
7957,31.08203125,-3.082,2.195,-4.7667,2.8381,3,RIGHT_MI
7958,31.0859375,-2.953,0.1285,-6.1045,0.896,3,RIGHT_MI
7959,31.08984375,-1.9939,-4.01,-2.6764,3.1832,3,RIGHT_MI
7960,31.09375,-0.3063,9.9223,-4.8359,-1.6413,3,RIGHT_MI
7961,31.09765625,-2.7216,5.5824,-2.5266,-2.8768,3,RIGHT_MI
7962,31.1015625,6.1419,6.8407,-5.1365,-1.7791,3,RIGHT_MI
7963,31.10546875,2.2745,2.9047,-5.8242,-4.9715,3,RIGHT_MI
7964,31.109375,1.1135,7.133,-2.3504,-2.5829,3,RIGHT_MI
7965,31.11328125,1.9673,5.1048,1.9835,-4.8704,3,RIGHT_MI
7966,31.1171875,7.1969,6.9598,-1.8288,-6.3242,3,RIGHT_MI
7967,31.12109375,5.296,2.6665,3.7537,-4.6871,3,RIGHT_MI
7968,31.125,-0.5606,-1.6443,-1.5377,-3.9441,3,RIGHT_MI
7969,31.12890625,3.4488,2.1955,2.3981,-4.8404,3,RIGHT_MI
7970,31.1328125,-1.4802,-3.5822,-5.853,-8.674,3,RIGHT_MI
7971,31.13671875,-8.0901,-8.7663,2.4285,-2.4489,3,RIGHT_MI
7972,31.140625,-1.45,-8.5452,0.4837,-8.4806,3,RIGHT_MI
7973,31.14453125,-2.9657,-8.172,-2.1036,3.0223,3,RIGHT_MI
7974,31.1484375,-0.9897,-1.0698,6.7442,0.1532,3,RIGHT_MI
7975,31.15234375,0.2331,1.2977,3.1034,6.9005,3,RIGHT_MI
7976,31.15625,1.8325,0.0759,7.0907,5.2128,3,RIGHT_MI
7977,31.16015625,6.4634,-1.5975,7.301,4.2479,3,RIGHT_MI
7978,31.1640625,-0.9274,-0.3049,5.7209,10.2353,3,RIGHT_MI
7979,31.16796875,-2.2364,-6.3094,8.2736,8.0369,3,RIGHT_MI
7980,31.171875,1.001,-3.684,1.0972,7.803,3,RIGHT_MI
7981,31.17578125,1.2504,1.2853,-4.5699,5.8188,3,RIGHT_MI
7982,31.1796875,-2.9842,-1.5029,-3.4489,1.7642,3,RIGHT_MI
7983,31.18359375,-2.6821,-3.2307,-9.018,1.634,3,RIGHT_MI
7984,31.1875,-5.9594,1.825,-10.1726,-3.8314,3,RIGHT_MI
7985,31.19140625,-8.5211,-0.5474,-11.1969,-7.6229,3,RIGHT_MI
7986,31.1953125,-0.7393,4.7477,-8.7259,-5.7972,3,RIGHT_MI
7987,31.19921875,-0.919,1.9683,-5.2211,-0.6074,3,RIGHT_MI
7988,31.203125,3.7198,7.1222,-10.2341,-7.7226,3,RIGHT_MI
7989,31.20703125,3.7462,13.3618,-3.6768,-2.3147,3,RIGHT_MI
7990,31.2109375,6.1196,11.4211,-4.803,1.4042,3,RIGHT_MI
7991,31.21484375,7.3825,3.4724,3.3376,-2.3904,3,RIGHT_MI
7992,31.21875,-2.6303,6.5031,-0.5259,-0.3486,3,RIGHT_MI
7993,31.22265625,2.8768,-0.3798,-6.5311,-5.2326,3,RIGHT_MI
7994,31.2265625,1.5895,-1.4413,-3.2221,-10.427,3,RIGHT_MI
7995,31.23046875,2.8862,-1.7871,-1.4279,-7.1635,3,RIGHT_MI
7996,31.234375,-3.9467,-7.0076,4.2668,-2.0279,3,RIGHT_MI
7997,31.23828125,-0.2016,-5.7009,-2.0397,0.4965,3,RIGHT_MI
7998,31.2421875,-0.0105,-9.3633,4.9229,-1.1735,3,RIGHT_MI
7999,31.24609375,0.7555,-5.6115,6.1736,-1.7422,3,RIGHT_MI
8000,31.25,-0.5953,-3.3388,5.9316,6.0507,3,RIGHT_MI
8001,31.25390625,4.0493,-5.6708,3.1319,4.1711,3,RIGHT_MI
8002,31.2578125,1.6415,3.1946,11.3076,4.688,3,RIGHT_MI
8003,31.26171875,4.2937,0.8181,9.4058,8.3731,3,RIGHT_MI
8004,31.265625,3.4539,3.8238,5.4341,8.4207,3,RIGHT_MI
8005,31.26953125,-5.1755,-0.6854,8.205,8.8566,3,RIGHT_MI
8006,31.2734375,-4.0128,0.7843,5.5972,3.4274,3,RIGHT_MI
8007,31.27734375,-0.3821,1.1497,-4.9071,2.6548,3,RIGHT_MI
8008,31.28125,-3.1463,-0.6163,-4.6303,-3.317,3,RIGHT_MI
8009,31.28515625,-5.098,3.2037,-4.7306,-0.8702,3,RIGHT_MI
8010,31.2890625,-3.9863,3.1773,-5.6724,-7.7745,3,RIGHT_MI
8011,31.29296875,-0.3602,1.0304,-9.0417,-5.8873,3,RIGHT_MI
8012,31.296875,-1.4156,7.6499,-11.0709,-11.7538,3,RIGHT_MI
8013,31.30078125,-3.2968,5.0142,-7.2961,0.1386,3,RIGHT_MI
8014,31.3046875,4.1168,14.391,-0.936,-10.8011,3,RIGHT_MI
8015,31.30859375,3.2027,7.5553,-2.7112,-7.0084,3,RIGHT_MI
8016,31.3125,-1.6025,3.0583,2.9124,-1.2952,3,RIGHT_MI
8017,31.31640625,3.8664,3.774,2.4422,0.0465,3,RIGHT_MI
8018,31.3203125,-0.0064,3.9478,7.0708,2.4624,3,RIGHT_MI
8019,31.32421875,4.0362,1.4534,-2.9625,-1.3482,3,RIGHT_MI
8020,31.328125,3.3076,-2.5604,1.8586,-4.0047,3,RIGHT_MI
8021,31.33203125,1.0373,-7.2189,-0.6903,-0.6633,3,RIGHT_MI
8022,31.3359375,-1.9145,-6.0296,-2.7746,-2.525,3,RIGHT_MI
8023,31.33984375,-7.3662,-9.7559,-4.1789,-0.2144,3,RIGHT_MI
8024,31.34375,4.9759,-11.2662,10.3931,4.45,3,RIGHT_MI
8025,31.34765625,-0.5188,-9.4826,8.4,5.0444,3,RIGHT_MI
8026,31.3515625,3.594,-5.2399,5.6368,11.4491,3,RIGHT_MI
8027,31.35546875,2.2362,-6.2662,4.1667,5.8742,3,RIGHT_MI
8028,31.359375,0.9429,-3.1485,7.3683,7.4271,3,RIGHT_MI
8029,31.36328125,4.1596,1.3279,10.0994,6.3053,3,RIGHT_MI
8030,31.3671875,2.916,2.8533,4.6764,8.3613,3,RIGHT_MI
8031,31.37109375,-5.6491,-1.2164,5.809,0.5481,3,RIGHT_MI
8032,31.375,-0.8733,-4.4301,0.7788,2.2763,3,RIGHT_MI
8033,31.37890625,-4.2945,-0.598,-7.8505,-1.6748,3,RIGHT_MI
8034,31.3828125,1.2824,2.48,-3.4201,-1.4305,3,RIGHT_MI
8035,31.38671875,-5.9116,1.9039,-4.4539,-4.3997,3,RIGHT_MI
8036,31.390625,-2.1665,4.72,-9.4216,-10.9008,3,RIGHT_MI
8037,31.39453125,-4.3388,2.3382,-6.9546,-3.9282,3,RIGHT_MI
8038,31.3984375,-2.5854,11.5907,-11.0214,-3.9968,3,RIGHT_MI
8039,31.40234375,0.4323,6.8548,-9.5025,-3.3866,3,RIGHT_MI
8040,31.40625,3.3044,11.508,-1.1523,-3.9102,3,RIGHT_MI
8041,31.41015625,7.4517,8.2974,0.5977,-1.1944,3,RIGHT_MI
8042,31.4140625,8.0536,11.5154,-2.8791,-2.1321,3,RIGHT_MI
8043,31.41796875,6.5774,3.8481,-0.9638,-1.181,3,RIGHT_MI
8044,31.421875,0.6516,1.0718,-6.6584,-4.773,3,RIGHT_MI
8045,31.42578125,-2.1091,-2.8197,-1.3468,-2.378,3,RIGHT_MI
8046,31.4296875,2.4781,-2.1934,-2.1653,-2.9037,3,RIGHT_MI
8047,31.43359375,-2.7982,-6.9671,-1.7547,-1.0196,3,RIGHT_MI
8048,31.4375,0.8719,-4.9373,-0.0264,-4.1526,3,RIGHT_MI
8049,31.44140625,3.2686,-7.5975,-2.3295,0.5626,3,RIGHT_MI
8050,31.4453125,-3.6124,-8.781,10.4162,5.7834,3,RIGHT_MI
8051,31.44921875,0.4928,-0.2863,4.059,7.5517,3,RIGHT_MI
8052,31.453125,-2.369,4.2197,5.8777,6.2757,3,RIGHT_MI
8053,31.45703125,7.3996,3.1696,5.6544,9.0667,3,RIGHT_MI
8054,31.4609375,-1.3807,0.2478,3.8615,7.6489,3,RIGHT_MI
8055,31.46484375,7.6511,-0.8683,8.6922,6.1029,3,RIGHT_MI
8056,31.46875,-4.2183,-1.5424,1.4186,3.4254,3,RIGHT_MI
8057,31.47265625,1.9068,0.9291,0.484,2.6068,3,RIGHT_MI
8058,31.4765625,2.1951,4.9396,-2.7099,-1.0472,3,RIGHT_MI
8059,31.48046875,-4.2598,-1.6049,-7.016,-3.1906,3,RIGHT_MI
8060,31.484375,-5.866,-0.5641,-3.0629,-7.3503,3,RIGHT_MI
8061,31.48828125,-4.9605,0.0755,-2.2353,-8.9695,3,RIGHT_MI
8062,31.4921875,-5.8402,-1.6267,-8.8416,-6.2507,3,RIGHT_MI
8063,31.49609375,-5.1754,0.8099,-6.6143,-4.174,3,RIGHT_MI
8064,31.5,1.2871,4.6562,-3.822,-6.8966,3,RIGHT_MI
8065,31.50390625,8.3786,5.8362,-0.7265,-7.5509,3,RIGHT_MI
8066,31.5078125,-2.1012,5.3827,-5.1038,-4.2125,3,RIGHT_MI
8067,31.51171875,2.2424,5.7518,-6.4419,-1.0684,3,RIGHT_MI
8068,31.515625,0.7217,1.229,-5.3002,2.282,3,RIGHT_MI
8069,31.51953125,5.2721,1.6327,-1.4086,-5.5715,3,RIGHT_MI
8070,31.5234375,2.0195,-2.4917,-0.7694,-2.3079,3,RIGHT_MI
8071,31.52734375,0.7661,-11.1418,1.6445,1.3956,3,RIGHT_MI
8072,31.53125,-4.6451,-5.2573,3.1047,4.4577,3,RIGHT_MI
8073,31.53515625,1.0447,-10.7499,-6.4045,1.3545,3,RIGHT_MI
8074,31.5390625,-1.2977,-11.6567,4.7049,4.1546,3,RIGHT_MI
8075,31.54296875,-2.9214,-6.0041,3.2716,0.6174,3,RIGHT_MI
8076,31.546875,-7.8947,-9.049,4.9893,9.8,3,RIGHT_MI
8077,31.55078125,-3.3258,-1.8727,7.9982,4.5151,3,RIGHT_MI
8078,31.5546875,0.8347,-4.6447,5.4319,0.1704,3,RIGHT_MI
8079,31.55859375,-0.005,-2.0355,0.1458,8.0568,3,RIGHT_MI
8080,31.5625,-0.9885,-3.1788,10.9275,6.3048,3,RIGHT_MI
8081,31.56640625,-0.6115,1.6053,5.0793,6.1679,3,RIGHT_MI
8082,31.5703125,-1.1372,3.3878,3.6315,-4.231,3,RIGHT_MI
8083,31.57421875,-1.7349,0.9145,2.2346,0.0671,3,RIGHT_MI
8084,31.578125,-2.5176,3.905,2.6536,-2.3446,3,RIGHT_MI
8085,31.58203125,-3.744,-0.5462,1.1244,-8.0216,3,RIGHT_MI
8086,31.5859375,-8.2612,-2.3825,-1.4812,-7.8256,3,RIGHT_MI
8087,31.58984375,-1.2657,11.2253,-2.5425,-10.4461,3,RIGHT_MI
8088,31.59375,-2.3788,1.2787,-3.6489,-6.3475,3,RIGHT_MI
8089,31.59765625,2.6674,7.5791,-4.9092,-8.3529,3,RIGHT_MI
8090,31.6015625,3.9675,6.3241,-3.2967,-7.8917,3,RIGHT_MI
8091,31.60546875,3.0409,9.737,-5.7369,-6.8885,3,RIGHT_MI
8092,31.609375,7.8902,6.4699,-3.7999,0.5192,3,RIGHT_MI
8093,31.61328125,0.6018,7.8938,-1.8699,4.0144,3,RIGHT_MI
8094,31.6171875,3.7853,7.9133,-3.6266,4.9034,3,RIGHT_MI
8095,31.62109375,4.1507,4.2071,-7.7415,0.3234,3,RIGHT_MI
8096,31.625,4.2512,-7.1834,-2.9517,-1.6461,3,RIGHT_MI
8097,31.62890625,4.2342,-0.6449,-4.3151,3.3507,3,RIGHT_MI
8098,31.6328125,2.0143,-9.3753,-9.0565,2.0465,3,RIGHT_MI
8099,31.63671875,-6.1786,-8.8453,-3.9055,-4.6577,3,RIGHT_MI
8100,31.640625,-2.5751,-7.1404,1.9469,8.333,3,RIGHT_MI
8101,31.64453125,-0.151,-6.416,3.9328,3.8431,3,RIGHT_MI
8102,31.6484375,0.5091,-5.6274,-0.9423,5.1181,3,RIGHT_MI
8103,31.65234375,3.4282,-4.0649,5.4305,6.9807,3,RIGHT_MI
8104,31.65625,-0.3023,0.6017,6.7849,5.6151,3,RIGHT_MI
8105,31.66015625,5.3091,-2.01,14.7243,6.5177,3,RIGHT_MI
8106,31.6640625,-0.3205,1.5171,5.0217,7.7655,3,RIGHT_MI
8107,31.66796875,1.6434,4.1366,4.0428,5.549,3,RIGHT_MI
8108,31.671875,-0.7703,6.92,0.1456,2.2147,3,RIGHT_MI
8109,31.67578125,-2.9521,3.6383,0.1269,-2.9668,3,RIGHT_MI
8110,31.6796875,-6.0543,-6.3942,-0.2414,-0.7905,3,RIGHT_MI
8111,31.68359375,-1.4137,-2.7157,1.0756,-8.0095,3,RIGHT_MI
8112,31.6875,-2.0389,0.1773,0.8721,-11.2003,3,RIGHT_MI
8113,31.69140625,-2.3594,-2.6902,-1.772,-10.8242,3,RIGHT_MI
8114,31.6953125,-1.198,1.7865,-8.4991,-9.9704,3,RIGHT_MI
8115,31.69921875,5.0394,5.7136,-3.2763,-1.0075,3,RIGHT_MI
8116,31.703125,-2.0817,5.53,-2.31,-5.5444,3,RIGHT_MI
8117,31.70703125,2.2983,7.5028,-6.778,4.5325,3,RIGHT_MI
8118,31.7109375,1.4905,5.5887,-7.862,-0.2499,3,RIGHT_MI
8119,31.71484375,3.5944,-0.1414,0.3863,1.6999,3,RIGHT_MI
8120,31.71875,6.2819,0.9636,-3.0458,6.4401,3,RIGHT_MI
8121,31.72265625,2.1371,-0.0846,-4.9693,4.9575,3,RIGHT_MI
8122,31.7265625,-2.8385,-6.0429,-5.5861,6.6023,3,RIGHT_MI
8123,31.73046875,5.4967,-2.1081,-2.3917,1.1647,3,RIGHT_MI
8124,31.734375,1.7997,-12.4329,0.817,4.5997,3,RIGHT_MI
8125,31.73828125,-0.4756,-10.3227,-1.0781,3.4637,3,RIGHT_MI
8126,31.7421875,-2.11,-5.7612,-1.2983,1.1723,3,RIGHT_MI
8127,31.74609375,3.596,-5.7821,1.7431,5.8042,3,RIGHT_MI
8128,31.75,-1.7685,-1.6266,3.7863,5.8208,3,RIGHT_MI
8129,31.75390625,3.0479,5.0091,7.3991,4.2654,3,RIGHT_MI
8130,31.7578125,4.3102,-0.6664,10.9063,3.6021,3,RIGHT_MI
8131,31.76171875,-3.5874,4.2438,6.5346,3.2171,3,RIGHT_MI
8132,31.765625,5.429,0.7022,12.3993,8.6562,3,RIGHT_MI
8133,31.76953125,2.1668,1.9542,8.9954,-0.4887,3,RIGHT_MI
8134,31.7734375,1.6448,-1.2442,6.8079,-0.8966,3,RIGHT_MI
8135,31.77734375,0.9165,8.3232,-0.367,-0.585,3,RIGHT_MI
8136,31.78125,-6.4435,6.4641,-2.4197,-4.5239,3,RIGHT_MI
8137,31.78515625,-0.7783,2.6946,-2.7324,-10.7802,3,RIGHT_MI
8138,31.7890625,-2.4981,-0.186,0.8714,-7.7107,3,RIGHT_MI
8139,31.79296875,-3.5314,5.0074,-3.4326,-4.3897,3,RIGHT_MI
8140,31.796875,-3.1774,5.8695,-2.011,-5.5914,3,RIGHT_MI
8141,31.80078125,3.5505,7.6325,-13.9074,-1.0316,3,RIGHT_MI
8142,31.8046875,1.1485,10.3096,-4.1147,-1.0881,3,RIGHT_MI
8143,31.80859375,5.8681,5.4635,-2.4018,-2.4011,3,RIGHT_MI
8144,31.8125,5.0235,4.4502,2.1964,5.1422,3,RIGHT_MI
8145,31.81640625,11.0123,6.6865,-8.2774,3.2952,3,RIGHT_MI
8146,31.8203125,0.5998,-4.9195,-8.5418,4.7148,3,RIGHT_MI
8147,31.82421875,5.5065,0.0444,-3.1798,2.107,3,RIGHT_MI
8148,31.828125,-0.753,-5.1997,-6.8962,1.1446,3,RIGHT_MI
8149,31.83203125,2.6026,-11.0796,-5.9599,0.623,3,RIGHT_MI
8150,31.8359375,3.2973,-7.7328,-5.5731,2.542,3,RIGHT_MI
8151,31.83984375,-4.3519,-9.057,-1.7981,3.7671,3,RIGHT_MI
8152,31.84375,0.8552,-5.8353,-3.6114,4.8603,3,RIGHT_MI
8153,31.84765625,0.5863,-8.3651,2.2827,0.8553,3,RIGHT_MI
8154,31.8515625,1.9178,0.1251,7.4588,5.473,3,RIGHT_MI
8155,31.85546875,2.1007,-0.3593,11.2977,-0.5279,3,RIGHT_MI
8156,31.859375,3.0636,4.0378,9.9761,4.6955,3,RIGHT_MI
8157,31.86328125,-2.6621,7.4126,6.3214,1.8743,3,RIGHT_MI
8158,31.8671875,-0.6175,3.9298,10.3432,-1.266,3,RIGHT_MI
8159,31.87109375,1.785,8.5616,8.5687,-2.9265,3,RIGHT_MI
8160,31.875,-7.0182,2.9269,3.7287,-9.4196,3,RIGHT_MI
8161,31.87890625,-1.1644,0.2504,1.0018,-1.1882,3,RIGHT_MI
8162,31.8828125,-0.806,4.8626,3.5217,-5.0973,3,RIGHT_MI
8163,31.88671875,-4.5679,0.6799,0.531,-7.5092,3,RIGHT_MI
8164,31.890625,0.9356,3.7212,-8.3589,-6.7883,3,RIGHT_MI
8165,31.89453125,-4.8335,7.6166,-5.1646,-2.3666,3,RIGHT_MI
8166,31.8984375,-6.1145,5.4443,-3.2752,-4.7658,3,RIGHT_MI
8167,31.90234375,1.1315,0.8004,-1.6861,-0.6901,3,RIGHT_MI
8168,31.90625,0.9664,5.3977,-5.9841,5.0775,3,RIGHT_MI
8169,31.91015625,-5.0625,2.2918,-8.969,4.641,3,RIGHT_MI
8170,31.9140625,3.8548,0.3756,0.8013,-0.2711,3,RIGHT_MI
8171,31.91796875,5.4452,1.5205,-7.6375,16.8719,3,RIGHT_MI
8172,31.921875,4.8022,-2.6623,-4.3618,3.9842,3,RIGHT_MI
8173,31.92578125,0.2924,-3.3682,-6.1922,0.1495,3,RIGHT_MI
8174,31.9296875,3.7366,-9.1234,-4.8794,3.7325,3,RIGHT_MI
8175,31.93359375,-5.9657,-11.4802,-5.5965,-0.6624,3,RIGHT_MI
8176,31.9375,-0.1829,-7.0682,-4.7126,1.5885,3,RIGHT_MI
8177,31.94140625,-1.4457,-5.7012,-8.4356,1.082,3,RIGHT_MI
8178,31.9453125,-1.8593,-3.3819,-0.8202,-2.3274,3,RIGHT_MI
8179,31.94921875,1.1349,-4.8647,9.1989,-1.4999,3,RIGHT_MI
8180,31.953125,-1.2819,-0.5133,10.1908,-0.5444,3,RIGHT_MI
8181,31.95703125,5.1186,-2.9234,1.9208,0.9185,3,RIGHT_MI
8182,31.9609375,-1.6659,-0.5297,8.579,4.5678,3,RIGHT_MI
8183,31.96484375,5.9567,1.5669,11.4214,-1.6573,3,RIGHT_MI
8184,31.96875,-1.5891,7.4728,12.9708,-5.5575,3,RIGHT_MI
8185,31.97265625,-5.6474,5.1231,1.7672,-1.8741,3,RIGHT_MI
8186,31.9765625,-4.6696,3.8891,6.7503,-9.7523,3,RIGHT_MI
8187,31.98046875,-3.8831,4.5741,-6.1876,-6.996,3,RIGHT_MI
8188,31.984375,-10.0376,-3.5814,4.6018,-4.0225,3,RIGHT_MI
8189,31.98828125,-5.1891,5.774,0.3178,-4.606,3,RIGHT_MI
8190,31.9921875,-10.1094,5.4085,-3.131,-1.7402,3,RIGHT_MI
8191,31.99609375,-2.7318,1.9361,-4.246,-5.1,3,RIGHT_MI
8192,32.0,-1.2708,-0.5503,-3.9857,-5.0365,3,RIGHT_MI
8193,32.00390625,3.8648,1.8225,-6.9186,-0.4241,3,RIGHT_MI
8194,32.0078125,-0.3752,6.165,-0.9694,8.9016,3,RIGHT_MI
8195,32.01171875,5.4513,-1.6175,-7.0849,5.2472,3,RIGHT_MI
8196,32.015625,1.0742,4.1861,-8.4798,9.2047,3,RIGHT_MI
8197,32.01953125,3.824,-0.017,-5.1941,10.7913,3,RIGHT_MI
8198,32.0234375,-2.3666,-9.1071,-3.4573,5.4813,3,RIGHT_MI
8199,32.02734375,2.1415,-4.0166,-9.0116,9.5162,3,RIGHT_MI
8200,32.03125,-3.9477,-10.0468,-0.0606,2.4154,3,RIGHT_MI
8201,32.03515625,-4.0129,-12.4388,0.7522,4.1902,3,RIGHT_MI
8202,32.0390625,-4.4159,-2.7885,-6.9776,-1.766,3,RIGHT_MI
8203,32.04296875,-7.528,-13.9401,-0.1498,-6.4011,3,RIGHT_MI
8204,32.046875,-2.4271,-1.104,0.2605,-1.3026,3,RIGHT_MI
8205,32.05078125,-1.5593,1.3751,3.6335,-1.5948,3,RIGHT_MI
8206,32.0546875,5.1338,-0.6637,7.6211,-6.2921,3,RIGHT_MI
8207,32.05859375,-1.2864,0.0855,7.4678,-2.0828,3,RIGHT_MI
8208,32.0625,5.5154,8.881,11.1675,-3.3837,3,RIGHT_MI
8209,32.06640625,1.7611,4.4588,9.0522,-4.0294,3,RIGHT_MI
8210,32.0703125,4.0239,6.5464,7.6569,-2.4785,3,RIGHT_MI
8211,32.07421875,-0.5159,10.1322,5.0681,-4.4399,3,RIGHT_MI
8212,32.078125,0.4409,2.2392,7.692,-5.1959,3,RIGHT_MI
8213,32.08203125,-5.8194,6.8499,-3.1867,-10.03,3,RIGHT_MI
8214,32.0859375,-5.916,3.7612,-0.6305,-10.66,3,RIGHT_MI
8215,32.08984375,0.2247,3.1904,-5.3654,-5.7657,3,RIGHT_MI
8216,32.09375,-2.0378,2.4221,-7.8407,-3.7642,3,RIGHT_MI
8217,32.09765625,-0.9869,4.3257,-2.3871,-3.0516,3,RIGHT_MI
8218,32.1015625,6.3313,4.6358,1.866,4.1359,3,RIGHT_MI
8219,32.10546875,1.223,1.7191,-2.8633,6.3403,3,RIGHT_MI
8220,32.109375,1.8539,2.635,-3.2514,9.4437,3,RIGHT_MI
8221,32.11328125,1.2644,2.7337,-0.5344,12.4942,3,RIGHT_MI
8222,32.1171875,3.3438,-0.6052,-4.3563,8.2405,3,RIGHT_MI
8223,32.12109375,5.891,-5.074,-0.7206,5.8813,3,RIGHT_MI
8224,32.125,5.518,-2.6994,-6.9466,2.8989,3,RIGHT_MI
8225,32.12890625,0.8985,-11.2191,-5.3494,0.5731,3,RIGHT_MI
8226,32.1328125,2.9895,-13.3416,-7.8765,4.8144,3,RIGHT_MI
8227,32.13671875,1.2734,-13.2702,-4.9265,-2.2612,3,RIGHT_MI
8228,32.140625,-0.1736,-10.5129,-2.5923,-1.1261,3,RIGHT_MI
8229,32.14453125,1.7026,-6.6454,-7.2719,-4.6917,3,RIGHT_MI
8230,32.1484375,5.9542,-6.1508,1.761,-6.5427,3,RIGHT_MI
8231,32.15234375,1.8414,-0.8886,-0.1023,-2.5284,3,RIGHT_MI
8232,32.15625,1.7638,-0.271,8.9284,-0.9407,3,RIGHT_MI
8233,32.16015625,-3.2907,6.0539,11.933,-0.4787,3,RIGHT_MI
8234,32.1640625,-0.7231,11.4644,14.6408,-2.9803,3,RIGHT_MI
8235,32.16796875,2.4636,2.6872,4.9586,-9.324,3,RIGHT_MI
8236,32.171875,-2.1077,0.8651,6.3277,-3.8173,3,RIGHT_MI
8237,32.17578125,-3.2527,5.3368,10.4597,-3.6103,3,RIGHT_MI
8238,32.1796875,1.2326,-1.9703,1.9357,-6.6015,3,RIGHT_MI
8239,32.18359375,-1.458,1.6904,-2.919,-2.0854,3,RIGHT_MI
8240,32.1875,-4.1842,0.6262,-4.219,-6.7336,3,RIGHT_MI
8241,32.19140625,0.5326,6.5771,-1.7055,-0.3745,3,RIGHT_MI
8242,32.1953125,-0.3107,-1.5489,2.0037,-1.5282,3,RIGHT_MI
8243,32.19921875,-5.5996,2.2289,0.4183,2.9289,3,RIGHT_MI
8244,32.203125,2.3866,0.5098,1.2793,7.1675,3,RIGHT_MI
8245,32.20703125,-1.5694,1.654,1.3864,9.1643,3,RIGHT_MI
8246,32.2109375,3.1588,2.6955,-2.8186,7.1088,3,RIGHT_MI
8247,32.21484375,-0.7672,3.8273,-3.5073,5.4573,3,RIGHT_MI
8248,32.21875,1.6577,-1.0181,-5.0369,11.3958,3,RIGHT_MI
8249,32.22265625,5.3251,-8.6768,-2.6958,4.484,3,RIGHT_MI
8250,32.2265625,-0.8762,-5.1719,0.1535,5.2249,3,RIGHT_MI
8251,32.23046875,0.9645,-10.3731,-8.4941,-0.8869,3,RIGHT_MI
8252,32.234375,3.1662,-7.5419,-6.2523,1.4466,3,RIGHT_MI
8253,32.23828125,-7.7333,-4.4781,-8.6194,-6.921,3,RIGHT_MI
8254,32.2421875,-2.1067,-3.501,-4.7669,-9.8242,3,RIGHT_MI
8255,32.24609375,3.7777,-5.0847,-5.7338,-2.5917,3,RIGHT_MI
8256,32.25,-2.8483,-5.6762,2.7929,-2.6633,3,RIGHT_MI
8257,32.25390625,2.102,3.2,5.9457,-1.4982,3,RIGHT_MI
8258,32.2578125,-4.3924,3.7411,7.2808,-7.8902,3,RIGHT_MI
8259,32.26171875,4.8662,6.0445,12.3481,-2.2838,3,RIGHT_MI
8260,32.265625,0.5331,7.6078,12.3016,-2.0451,3,RIGHT_MI
8261,32.26953125,1.607,-4.6522,7.5576,-8.673,3,RIGHT_MI
8262,32.2734375,-5.8754,8.4191,8.9803,1.4822,3,RIGHT_MI
8263,32.27734375,-3.0349,6.2689,5.8409,-6.8043,3,RIGHT_MI
8264,32.28125,-4.5647,0.4545,3.6592,-3.611,3,RIGHT_MI
8265,32.28515625,-8.362,1.8833,2.1514,-4.9745,3,RIGHT_MI
8266,32.2890625,-6.3931,1.8906,2.2712,-1.0493,3,RIGHT_MI
8267,32.29296875,-3.1735,0.4814,-2.9765,-2.7505,3,RIGHT_MI
8268,32.296875,-0.9377,-4.342,0.1729,10.3816,3,RIGHT_MI
8269,32.30078125,-0.3099,3.3786,-0.327,4.2581,3,RIGHT_MI
8270,32.3046875,-3.7949,2.041,-3.3933,7.3783,3,RIGHT_MI
8271,32.30859375,-0.4493,7.5994,0.9216,7.6589,3,RIGHT_MI
8272,32.3125,5.2512,1.5053,-4.8878,12.393,3,RIGHT_MI
8273,32.31640625,3.8436,0.253,-8.1545,7.0307,3,RIGHT_MI
8274,32.3203125,6.4649,-2.7226,-4.2545,6.8179,3,RIGHT_MI
8275,32.32421875,1.4423,-3.1975,-5.204,1.488,3,RIGHT_MI
8276,32.328125,0.9623,-9.0197,-4.3829,-2.1895,3,RIGHT_MI
8277,32.33203125,-1.839,-5.4381,-8.954,1.6527,3,RIGHT_MI
8278,32.3359375,1.2212,-11.9902,-5.4725,-4.4221,3,RIGHT_MI
8279,32.33984375,-1.5747,-7.8408,-10.6177,-7.3952,3,RIGHT_MI
8280,32.34375,-3.4026,-1.3512,-1.3386,-12.5874,3,RIGHT_MI
8281,32.34765625,5.3395,-3.4688,-0.1265,-1.2921,3,RIGHT_MI
8282,32.3515625,-2.2124,0.4418,2.4818,-8.1892,3,RIGHT_MI
8283,32.35546875,4.3608,2.0509,9.0648,-2.522,3,RIGHT_MI
8284,32.359375,0.3782,9.3024,5.2822,-3.6873,3,RIGHT_MI
8285,32.36328125,4.8456,5.312,4.7901,0.0892,3,RIGHT_MI
8286,32.3671875,-1.1959,9.1359,7.7704,0.9106,3,RIGHT_MI
8287,32.37109375,0.7634,7.7893,9.363,-4.6893,3,RIGHT_MI
8288,32.375,-5.2785,7.9812,9.4942,-1.6335,3,RIGHT_MI
8289,32.37890625,-2.5046,-0.2736,1.3942,-1.572,3,RIGHT_MI
8290,32.3828125,0.0505,0.7472,2.7666,-0.3056,3,RIGHT_MI
8291,32.38671875,-2.5628,3.0473,-2.5452,4.5048,3,RIGHT_MI
8292,32.390625,-8.0432,-0.44,-0.0358,3.3762,3,RIGHT_MI
8293,32.39453125,-2.1057,0.3572,-1.5629,9.6421,3,RIGHT_MI
8294,32.3984375,1.8291,3.1605,-3.1027,3.0717,3,RIGHT_MI
8295,32.40234375,2.8799,1.0741,-0.183,9.6441,3,RIGHT_MI
8296,32.40625,5.7539,1.9817,-1.0455,11.4963,3,RIGHT_MI
8297,32.41015625,5.8334,-1.2588,-2.5699,6.3636,3,RIGHT_MI
8298,32.4140625,4.4094,-1.2033,-3.8344,6.7444,3,RIGHT_MI
8299,32.41796875,1.496,2.5753,0.7236,5.1457,3,RIGHT_MI
8300,32.421875,1.8866,-4.3986,-2.0997,3.5577,3,RIGHT_MI
8301,32.42578125,3.406,-7.8865,-7.6287,3.4311,3,RIGHT_MI
8302,32.4296875,0.5653,-12.3505,-6.9705,0.8372,3,RIGHT_MI
8303,32.43359375,-5.239,-7.7906,-8.4435,-5.0521,3,RIGHT_MI
8304,32.4375,2.3461,-8.568,-9.8514,-8.6103,3,RIGHT_MI
8305,32.44140625,-1.611,-4.8349,-9.7441,-4.2213,3,RIGHT_MI
8306,32.4453125,5.0771,0.6461,-1.3621,-8.9047,3,RIGHT_MI
8307,32.44921875,0.9531,-5.0002,-2.3847,-4.0263,3,RIGHT_MI
8308,32.453125,5.3964,3.5058,3.7999,-3.1673,3,RIGHT_MI
8309,32.45703125,2.3973,3.961,-2.3174,-6.9599,3,RIGHT_MI
8310,32.4609375,4.337,6.7562,3.4398,-0.0373,3,RIGHT_MI
8311,32.46484375,-2.8263,7.2165,9.8347,-3.6557,3,RIGHT_MI
8312,32.46875,1.2119,3.7005,4.451,2.546,3,RIGHT_MI
8313,32.47265625,-2.5001,9.9428,6.5294,-4.5596,3,RIGHT_MI
8314,32.4765625,-4.706,12.4168,4.526,4.2951,3,RIGHT_MI
8315,32.48046875,-6.3567,0.6272,6.7418,-0.0344,3,RIGHT_MI
8316,32.484375,-4.5486,3.9474,9.7031,4.8241,3,RIGHT_MI
8317,32.48828125,0.5718,3.5352,-0.874,-1.2672,3,RIGHT_MI
8318,32.4921875,-4.3863,-4.3233,4.3867,3.4483,3,RIGHT_MI
8319,32.49609375,2.8103,3.3627,8.4831,5.5333,3,RIGHT_MI
8320,32.5,-4.6861,4.4215,0.6079,8.3945,3,RIGHT_MI
8321,32.50390625,2.3897,-0.1996,-0.3013,7.6618,3,RIGHT_MI
8322,32.5078125,2.1827,0.0451,2.1749,8.8577,3,RIGHT_MI
8323,32.51171875,6.6991,-0.5762,-2.804,7.2581,3,RIGHT_MI
8324,32.515625,3.0866,-3.5537,-5.4648,9.5149,3,RIGHT_MI
8325,32.51953125,6.2394,-3.5901,3.043,4.953,3,RIGHT_MI
8326,32.5234375,4.0062,-3.3397,-4.9549,-1.2198,3,RIGHT_MI
8327,32.52734375,3.2711,-3.6542,-10.1437,-4.9014,3,RIGHT_MI
8328,32.53125,-3.1236,-9.3141,-5.7904,0.9094,3,RIGHT_MI
8329,32.53515625,1.166,-7.2565,-3.6354,-10.0477,3,RIGHT_MI
8330,32.5390625,0.931,-9.3678,-10.4487,-5.894,3,RIGHT_MI
8331,32.54296875,2.559,-4.8281,-3.191,-10.5601,3,RIGHT_MI
8332,32.546875,2.1399,-2.6062,-2.5481,-7.8037,3,RIGHT_MI
8333,32.55078125,0.9714,2.5189,1.2922,-11.7627,3,RIGHT_MI
8334,32.5546875,-0.2701,6.5878,2.0251,-5.803,3,RIGHT_MI
8335,32.55859375,6.4991,3.2878,4.0394,-0.0008,3,RIGHT_MI
8336,32.5625,2.2159,4.6685,4.0459,3.0902,3,RIGHT_MI
8337,32.56640625,-1.0734,3.4355,4.3458,-1.4899,3,RIGHT_MI
8338,32.5703125,-0.8196,10.9348,4.2259,-0.4333,3,RIGHT_MI
8339,32.57421875,-3.6847,7.8226,7.1125,0.6743,3,RIGHT_MI
8340,32.578125,-1.3124,3.0074,3.06,0.0823,3,RIGHT_MI
8341,32.58203125,-3.921,2.0892,3.7587,4.9145,3,RIGHT_MI
8342,32.5859375,-4.8108,-1.49,4.5181,1.3189,3,RIGHT_MI
8343,32.58984375,-8.8018,1.6459,-1.3515,4.1744,3,RIGHT_MI
8344,32.59375,-3.5886,-0.2153,-1.4839,4.4601,3,RIGHT_MI
8345,32.59765625,0.5992,-1.3419,0.424,-0.1071,3,RIGHT_MI
8346,32.6015625,7.1065,1.9038,-6.0386,5.136,3,RIGHT_MI
8347,32.60546875,3.2337,0.2184,-0.6994,6.7932,3,RIGHT_MI
8348,32.609375,0.3011,-3.8369,1.5264,11.3498,3,RIGHT_MI
8349,32.61328125,4.6687,1.4463,1.1734,3.555,3,RIGHT_MI
8350,32.6171875,1.7052,1.7281,1.8943,1.6142,3,RIGHT_MI
8351,32.62109375,3.2326,-9.5683,-4.4843,-0.4372,3,RIGHT_MI
8352,32.625,8.2236,-5.8706,-3.7651,-1.4724,3,RIGHT_MI
8353,32.62890625,1.4376,-7.6616,-7.0237,-1.4236,3,RIGHT_MI
8354,32.6328125,1.0803,-14.3791,-8.4424,-9.2168,3,RIGHT_MI
8355,32.63671875,-1.4688,-9.6469,-5.6775,-11.1353,3,RIGHT_MI
8356,32.640625,-2.1353,2.5059,-6.5601,-7.6487,3,RIGHT_MI
8357,32.64453125,-0.4686,-3.7788,-8.8398,-6.9447,3,RIGHT_MI
8358,32.6484375,0.5019,-1.9032,-2.9134,-6.8849,3,RIGHT_MI
8359,32.65234375,0.6455,2.385,3.8668,-4.2775,3,RIGHT_MI
8360,32.65625,-1.2354,7.0705,-1.1398,-8.7053,3,RIGHT_MI
8361,32.66015625,1.4427,5.0679,1.4737,0.2456,3,RIGHT_MI
8362,32.6640625,-3.7588,8.6852,9.9794,2.565,3,RIGHT_MI
8363,32.66796875,2.5761,9.9173,7.8144,4.9999,3,RIGHT_MI
8364,32.671875,-3.86,10.3257,7.4569,2.6284,3,RIGHT_MI
8365,32.67578125,-1.2301,10.2352,7.2948,3.6352,3,RIGHT_MI
8366,32.6796875,-8.1526,5.8213,-2.9418,4.2291,3,RIGHT_MI
8367,32.68359375,-2.8267,6.2817,6.9376,1.3735,3,RIGHT_MI
8368,32.6875,-5.7616,2.6721,8.321,1.4396,3,RIGHT_MI
8369,32.69140625,-6.3611,-0.773,0.1295,4.5216,3,RIGHT_MI
8370,32.6953125,-6.3075,2.503,2.9636,-3.6452,3,RIGHT_MI
8371,32.69921875,-2.7859,0.8419,4.0126,0.9461,3,RIGHT_MI
8372,32.703125,-2.032,2.1771,-2.048,1.6388,3,RIGHT_MI
8373,32.70703125,4.3198,0.178,1.7075,2.9558,3,RIGHT_MI
8374,32.7109375,-0.1255,-4.9707,-0.1484,6.1736,3,RIGHT_MI
8375,32.71484375,-0.8754,0.0139,3.2658,-1.2665,3,RIGHT_MI
8376,32.71875,2.0998,-1.4526,-4.9853,0.0211,3,RIGHT_MI
8377,32.72265625,2.7541,-10.6317,-3.5361,-1.9923,3,RIGHT_MI
8378,32.7265625,-1.2082,-4.5507,-5.099,-3.7735,3,RIGHT_MI
8379,32.73046875,-4.8729,-7.6843,-12.1793,-6.757,3,RIGHT_MI
8380,32.734375,0.2686,-5.8253,-13.7421,-12.535,3,RIGHT_MI
8381,32.73828125,-4.2314,-4.3843,-11.1913,-12.2977,3,RIGHT_MI
8382,32.7421875,3.1422,-6.998,-10.6191,-5.1778,3,RIGHT_MI
8383,32.74609375,-0.6117,-4.4623,-4.4671,-7.3514,3,RIGHT_MI
8384,32.75,5.5225,1.2131,3.3643,-6.2309,3,RIGHT_MI
8385,32.75390625,1.7528,3.2338,-0.114,0.0434,3,RIGHT_MI
8386,32.7578125,4.0139,0.8928,0.9932,3.055,3,RIGHT_MI
8387,32.76171875,5.6069,11.1835,5.0634,2.1249,3,RIGHT_MI
8388,32.765625,3.304,10.9384,6.3909,1.1005,3,RIGHT_MI
8389,32.76953125,3.1604,3.1073,3.9754,5.4607,3,RIGHT_MI
8390,32.7734375,-3.3144,9.7259,4.9322,8.5974,3,RIGHT_MI
8391,32.77734375,-6.1368,7.3959,1.9495,7.6234,3,RIGHT_MI
8392,32.78125,-7.4532,0.7626,1.9361,1.5031,3,RIGHT_MI
8393,32.78515625,-2.9537,0.2629,2.5258,3.5094,3,RIGHT_MI
8394,32.7890625,-6.4069,3.9309,-2.3635,1.7584,3,RIGHT_MI
8395,32.79296875,-3.9172,-1.5228,2.1756,5.6829,3,RIGHT_MI
8396,32.796875,-1.6434,-8.6222,1.3789,3.3885,3,RIGHT_MI
8397,32.80078125,-2.5447,-1.4918,0.9104,4.2005,3,RIGHT_MI
8398,32.8046875,-4.0282,-2.2787,1.5527,7.1941,3,RIGHT_MI
8399,32.80859375,3.1671,-1.0549,2.0727,3.0121,3,RIGHT_MI
8400,32.8125,3.8097,-4.8827,2.6139,-1.1306,3,RIGHT_MI
8401,32.81640625,5.5899,-3.7293,-3.5294,4.009,3,RIGHT_MI
8402,32.8203125,-2.4405,-3.3761,-3.4499,-5.3014,3,RIGHT_MI
8403,32.82421875,1.9886,-6.3852,-7.2904,-4.9203,3,RIGHT_MI
8404,32.828125,-0.8947,-1.9329,-11.4047,-6.4503,3,RIGHT_MI
8405,32.83203125,2.4635,-1.7293,-10.0506,-12.6701,3,RIGHT_MI
8406,32.8359375,-0.3282,-2.1524,-6.3694,-6.298,3,RIGHT_MI
8407,32.83984375,-3.5002,-3.0442,-7.4409,-4.6376,3,RIGHT_MI
8408,32.84375,-1.793,5.5858,-8.3184,-8.0393,3,RIGHT_MI
8409,32.84765625,-0.2304,0.5701,-5.8382,-5.0582,3,RIGHT_MI
8410,32.8515625,4.5293,4.0805,-1.9333,-2.4645,3,RIGHT_MI
8411,32.85546875,5.8313,3.1638,-2.9593,-3.7982,3,RIGHT_MI
8412,32.859375,-0.3128,13.4896,0.1374,3.3902,3,RIGHT_MI
8413,32.86328125,-1.6671,8.2913,7.6759,3.812,3,RIGHT_MI
8414,32.8671875,5.97,6.734,5.4125,7.2335,3,RIGHT_MI
8415,32.87109375,-1.171,8.9882,7.1514,6.9444,3,RIGHT_MI
8416,32.875,-1.4246,7.4391,7.6793,4.9914,3,RIGHT_MI
8417,32.87890625,-4.9008,0.2653,-0.1104,5.8084,3,RIGHT_MI
8418,32.8828125,-4.2386,3.2739,6.6155,-2.7121,3,RIGHT_MI
8419,32.88671875,0.551,-0.0943,-1.8923,3.8904,3,RIGHT_MI
8420,32.890625,-5.3967,2.0141,-4.2193,1.9754,3,RIGHT_MI
8421,32.89453125,-7.2332,-1.1716,-2.3396,4.3395,3,RIGHT_MI
8422,32.8984375,2.5326,2.3819,4.923,6.2596,3,RIGHT_MI
8423,32.90234375,5.1509,-4.5263,2.3379,12.4531,3,RIGHT_MI
8424,32.90625,9.3443,0.8633,4.5942,-3.2337,3,RIGHT_MI
8425,32.91015625,-0.4254,-5.96,4.4148,1.3916,3,RIGHT_MI
8426,32.9140625,0.1738,-4.3507,5.4232,1.9803,3,RIGHT_MI
8427,32.91796875,9.2003,-3.5629,0.8138,-6.4121,3,RIGHT_MI
8428,32.921875,4.1081,1.2438,-8.909,-0.7208,3,RIGHT_MI
8429,32.92578125,0.6641,-5.3642,-7.9573,-8.7518,3,RIGHT_MI
8430,32.9296875,6.5648,-3.5856,-12.8805,-7.6919,3,RIGHT_MI
8431,32.93359375,-5.2256,-3.4639,-13.3825,-17.0379,3,RIGHT_MI
8432,32.9375,1.6317,-4.6146,-9.1866,-6.6777,3,RIGHT_MI
8433,32.94140625,-5.6868,-6.8445,-6.5339,-8.1496,3,RIGHT_MI
8434,32.9453125,-2.8241,-3.2164,-4.4331,-8.9536,3,RIGHT_MI
8435,32.94921875,-3.0136,3.9885,-7.2019,0.264,3,RIGHT_MI
8436,32.953125,1.9495,4.3276,-0.3872,3.9078,3,RIGHT_MI
8437,32.95703125,3.0014,9.1946,-0.7997,1.314,3,RIGHT_MI
8438,32.9609375,1.5592,13.2193,3.9551,8.6658,3,RIGHT_MI
8439,32.96484375,0.5296,5.45,5.8239,8.3711,3,RIGHT_MI
8440,32.96875,-2.2606,8.9101,1.3177,8.5771,3,RIGHT_MI
8441,32.97265625,-1.629,3.4294,3.5137,14.4465,3,RIGHT_MI
8442,32.9765625,-3.7615,6.7802,7.3136,4.0162,3,RIGHT_MI
8443,32.98046875,1.6861,7.0108,8.407,7.9966,3,RIGHT_MI
8444,32.984375,-3.7478,5.5584,2.8357,4.9813,3,RIGHT_MI
8445,32.98828125,-3.7043,-6.0251,3.1034,0.6696,3,RIGHT_MI
8446,32.9921875,-4.8043,-2.687,0.0489,-0.0411,3,RIGHT_MI
8447,32.99609375,-3.4781,-1.6665,-0.2752,3.357,3,RIGHT_MI
8448,33.0,4.6676,-7.5267,4.478,-2.2432,3,RIGHT_MI
8449,33.00390625,2.4047,-3.5752,2.0555,0.2683,3,RIGHT_MI
8450,33.0078125,8.7536,-1.2702,8.7141,3.7882,3,RIGHT_MI
8451,33.01171875,1.3856,-2.0092,-1.7641,-2.5536,3,RIGHT_MI
8452,33.015625,7.5977,-6.3326,-3.3309,1.737,3,RIGHT_MI
8453,33.01953125,1.7543,-3.3124,0.542,-8.932,3,RIGHT_MI
8454,33.0234375,7.0626,-9.4295,-4.5507,-6.7656,3,RIGHT_MI
8455,33.02734375,3.6789,-3.0047,-4.5869,-3.8495,3,RIGHT_MI
8456,33.03125,2.5837,-2.0414,-9.5404,-5.8096,3,RIGHT_MI
8457,33.03515625,-2.5338,-5.0653,-8.3864,-7.4381,3,RIGHT_MI
8458,33.0390625,-3.188,-3.7653,-8.323,-4.6975,3,RIGHT_MI
8459,33.04296875,-2.4204,1.8498,-9.9388,0.9982,3,RIGHT_MI
8460,33.046875,1.0936,-0.8531,-2.5076,0.9225,3,RIGHT_MI
8461,33.05078125,-1.9255,-2.3655,-6.1301,4.3166,3,RIGHT_MI
8462,33.0546875,3.6499,8.2397,-3.0647,2.2123,3,RIGHT_MI
8463,33.05859375,-2.3031,7.635,-1.054,5.7723,3,RIGHT_MI
8464,33.0625,-0.969,3.9333,7.7082,10.7399,3,RIGHT_MI
8465,33.06640625,-0.6753,11.7386,1.6741,7.0388,3,RIGHT_MI
8466,33.0703125,1.8126,3.8121,3.3623,7.7811,3,RIGHT_MI
8467,33.07421875,-2.0248,7.4151,6.984,6.2905,3,RIGHT_MI
8468,33.078125,-3.4769,2.3625,6.5933,-1.9802,3,RIGHT_MI
8469,33.08203125,-5.5807,1.9434,-0.2919,0.9306,3,RIGHT_MI
8470,33.0859375,-9.0527,-5.579,-2.0343,-3.8106,3,RIGHT_MI
8471,33.08984375,-3.5857,0.1564,0.7214,1.5347,3,RIGHT_MI
8472,33.09375,-4.566,-6.8724,1.5248,-4.9738,3,RIGHT_MI
8473,33.09765625,-3.5938,-4.2789,4.125,-3.9465,3,RIGHT_MI
8474,33.1015625,-6.5968,-6.1881,0.4629,-2.9856,3,RIGHT_MI
8475,33.10546875,0.3641,-6.7853,3.4135,-4.4337,3,RIGHT_MI
8476,33.109375,5.4715,-2.0641,1.823,-5.4412,3,RIGHT_MI
8477,33.11328125,10.5866,-7.3477,-3.0041,-2.3004,3,RIGHT_MI
8478,33.1171875,4.9097,-0.7698,2.4889,-3.6922,3,RIGHT_MI
8479,33.12109375,1.8212,-6.1284,-6.023,-2.8531,3,RIGHT_MI
8480,33.125,-1.7102,-7.7482,-3.3302,-8.3059,3,RIGHT_MI
8481,33.12890625,3.4937,-4.2828,-10.4541,-10.4829,3,RIGHT_MI
8482,33.1328125,1.8039,0.6267,-12.4425,-5.7371,3,RIGHT_MI
8483,33.13671875,-2.0902,0.7463,-10.6185,-3.488,3,RIGHT_MI
8484,33.140625,-1.8566,4.0488,-11.0366,0.1244,3,RIGHT_MI
8485,33.14453125,-5.4515,-1.1516,-11.9608,-0.8257,3,RIGHT_MI
8486,33.1484375,-1.2306,0.9635,-2.6962,-6.7628,3,RIGHT_MI
8487,33.15234375,0.1656,6.0147,-2.817,6.8987,3,RIGHT_MI
8488,33.15625,0.411,10.5668,-1.1401,0.3681,3,RIGHT_MI
8489,33.16015625,3.4678,2.7401,3.4829,11.6037,3,RIGHT_MI
8490,33.1640625,3.6779,7.3131,-1.092,10.8911,3,RIGHT_MI
8491,33.16796875,0.7778,7.772,3.6071,7.8803,3,RIGHT_MI
8492,33.171875,-4.5457,8.4572,5.8228,9.9377,3,RIGHT_MI
8493,33.17578125,-0.8033,2.3763,3.4252,2.8089,3,RIGHT_MI
8494,33.1796875,-0.0511,3.1746,-3.324,0.0614,3,RIGHT_MI
8495,33.18359375,-7.6229,-2.3025,6.3985,0.672,3,RIGHT_MI
8496,33.1875,-2.1183,1.2832,0.5222,-2.307,3,RIGHT_MI
8497,33.19140625,2.4737,-5.8564,8.0646,-3.5001,3,RIGHT_MI
8498,33.1953125,1.4722,-9.3591,-1.4911,-8.1629,3,RIGHT_MI
8499,33.19921875,1.8752,-8.3138,2.461,-5.5548,3,RIGHT_MI
8500,33.203125,1.9329,-3.8837,3.2408,-6.2224,3,RIGHT_MI
8501,33.20703125,4.3564,-8.6024,7.315,-3.5012,3,RIGHT_MI
8502,33.2109375,7.1924,-4.0536,6.187,-3.4588,3,RIGHT_MI
8503,33.21484375,6.3342,-6.9862,3.7895,-2.7221,3,RIGHT_MI
8504,33.21875,7.4754,-5.2025,-0.939,-1.3315,3,RIGHT_MI
8505,33.22265625,2.848,-0.2881,-5.6363,-1.246,3,RIGHT_MI
8506,33.2265625,-1.161,-5.7161,-10.534,-1.0246,3,RIGHT_MI
8507,33.23046875,-1.8267,-5.5258,-5.5575,-2.1443,3,RIGHT_MI
8508,33.234375,2.4271,-2.3828,-9.8414,-2.9621,3,RIGHT_MI
8509,33.23828125,-6.0104,-1.0594,-8.2825,2.923,3,RIGHT_MI
8510,33.2421875,1.2635,-0.4464,-4.8711,1.6833,3,RIGHT_MI
8511,33.24609375,-2.4433,2.8345,-4.3723,3.2302,3,RIGHT_MI
8512,33.25,2.8104,-1.6896,-2.5285,4.9462,3,RIGHT_MI
8513,33.25390625,5.5224,8.1329,-5.7352,9.1674,3,RIGHT_MI
8514,33.2578125,-0.0575,8.6434,3.2573,8.6149,3,RIGHT_MI
8515,33.26171875,-2.1953,7.3884,2.8759,7.997,3,RIGHT_MI
8516,33.265625,1.8033,12.4295,-0.2412,9.5804,3,RIGHT_MI
8517,33.26953125,0.0829,8.3559,-0.1223,8.7195,3,RIGHT_MI
8518,33.2734375,-4.2959,2.4625,5.5132,9.371,3,RIGHT_MI
8519,33.27734375,-3.2989,1.7894,1.9871,-1.9691,3,RIGHT_MI
8520,33.28125,-4.5849,-1.741,-1.8492,-3.6771,3,RIGHT_MI
8521,33.28515625,-2.3061,-3.0764,-0.0011,-0.1993,3,RIGHT_MI
8522,33.2890625,-4.4115,-1.4435,-0.6907,-9.635,3,RIGHT_MI
8523,33.29296875,0.4387,-5.6473,10.5694,-5.3466,3,RIGHT_MI
8524,33.296875,-6.5538,-3.2897,3.0038,-10.8232,3,RIGHT_MI
8525,33.30078125,-3.232,-4.6561,3.725,-3.3532,3,RIGHT_MI
8526,33.3046875,0.2705,-4.5025,8.6476,-8.7815,3,RIGHT_MI
8527,33.30859375,7.6284,-0.8121,4.1046,-0.3012,3,RIGHT_MI
8528,33.3125,2.264,-0.2509,3.9453,-4.5874,3,RIGHT_MI
8529,33.31640625,0.5677,-1.2179,0.8679,-1.3364,3,RIGHT_MI
8530,33.3203125,1.3681,0.163,1.747,-0.9783,3,RIGHT_MI
8531,33.32421875,-5.446,-4.4659,-1.8971,-1.2428,3,RIGHT_MI
8532,33.328125,1.0328,-7.2445,-5.161,-6.4799,3,RIGHT_MI
8533,33.33203125,4.9332,-0.1934,-3.6593,0.84,3,RIGHT_MI
8534,33.3359375,-3.2256,-8.203,-4.8043,-1.0736,3,RIGHT_MI
8535,33.33984375,-0.5746,-2.3024,-10.5896,0.917,3,RIGHT_MI
8536,33.34375,-4.0533,4.5463,-4.8953,-2.1061,3,RIGHT_MI
8537,33.34765625,-4.1549,6.2452,-4.8039,8.5493,3,RIGHT_MI
8538,33.3515625,0.6154,4.4489,-8.1326,3.8823,3,RIGHT_MI
8539,33.35546875,2.1563,6.9753,-7.3761,5.3793,3,RIGHT_MI
8540,33.359375,6.1775,7.2659,1.1554,8.2144,3,RIGHT_MI
8541,33.36328125,-0.1134,10.0151,3.0739,7.9712,3,RIGHT_MI
8542,33.3671875,3.3588,11.6801,4.8473,8.5193,3,RIGHT_MI
8543,33.37109375,1.7116,6.993,0.9737,2.7447,3,RIGHT_MI
8544,33.375,-4.1782,3.2109,1.9251,9.2523,3,RIGHT_MI
8545,33.37890625,-2.4323,-2.7122,2.4827,-1.9893,3,RIGHT_MI
8546,33.3828125,-7.9611,0.5677,6.8893,-3.9488,3,RIGHT_MI
8547,33.38671875,-8.599,-4.7277,-0.8241,-4.8002,3,RIGHT_MI
8548,33.390625,-4.4599,-4.7018,4.069,-8.9293,3,RIGHT_MI
8549,33.39453125,-0.5983,-6.9728,3.7103,-10.1961,3,RIGHT_MI
8550,33.3984375,-3.3884,-7.4599,7.03,2.095,3,RIGHT_MI
8551,33.40234375,-2.4743,-11.2032,4.5077,-9.9299,3,RIGHT_MI
8552,33.40625,1.4429,-8.893,4.3146,-5.7768,3,RIGHT_MI
8553,33.41015625,6.2548,-1.7713,5.2335,-5.6626,3,RIGHT_MI
8554,33.4140625,5.225,-4.044,7.0836,-2.1922,3,RIGHT_MI
8555,33.41796875,2.063,0.5651,-1.604,-1.393,3,RIGHT_MI
8556,33.421875,5.7605,0.1771,2.9126,1.2555,3,RIGHT_MI
8557,33.42578125,-3.2417,-4.8789,-3.1449,6.0145,3,RIGHT_MI
8558,33.4296875,-2.4157,0.2699,-10.062,-2.2617,3,RIGHT_MI
8559,33.43359375,-4.0073,-4.6848,-6.0738,-0.1059,3,RIGHT_MI
8560,33.4375,-1.4486,-0.0622,-2.7667,0.1152,3,RIGHT_MI
8561,33.44140625,1.7577,3.2827,-5.9561,-0.0064,3,RIGHT_MI
8562,33.4453125,2.2265,3.7242,-3.7728,5.5805,3,RIGHT_MI
8563,33.44921875,-8.6152,4.9984,-8.9687,7.4298,3,RIGHT_MI
8564,33.453125,2.9246,11.5874,-6.7013,4.6878,3,RIGHT_MI
8565,33.45703125,3.5537,9.1676,-4.8582,10.0176,3,RIGHT_MI
8566,33.4609375,4.8899,9.1367,0.2683,8.8955,3,RIGHT_MI
8567,33.46484375,4.1403,5.2485,2.7801,6.044,3,RIGHT_MI
8568,33.46875,-2.1861,7.4389,8.3604,7.085,3,RIGHT_MI
8569,33.47265625,-2.2384,-3.862,3.9471,1.6137,3,RIGHT_MI
8570,33.4765625,-8.2525,3.6725,4.6237,-4.2643,3,RIGHT_MI
8571,33.48046875,0.8814,-4.1519,5.1099,-4.8068,3,RIGHT_MI
8572,33.484375,-4.3163,-4.402,10.6574,-1.9773,3,RIGHT_MI
8573,33.48828125,-9.238,-5.1782,1.5387,-6.1157,3,RIGHT_MI
8574,33.4921875,-2.7734,-2.8068,0.3344,-5.0268,3,RIGHT_MI
8575,33.49609375,-4.7701,-8.8024,0.7905,-5.3683,3,RIGHT_MI
8576,33.5,-3.382,-5.5679,3.6593,-5.0908,3,RIGHT_MI
8577,33.50390625,4.1625,-7.5038,7.6481,-10.2853,3,RIGHT_MI
8578,33.5078125,2.2809,-1.5557,7.6588,-1.3554,3,RIGHT_MI
8579,33.51171875,5.0037,-7.7575,8.7192,-1.5785,3,RIGHT_MI
8580,33.515625,6.7813,-5.3439,9.5209,-0.6655,3,RIGHT_MI
8581,33.51953125,6.7602,-5.8868,4.7556,-0.2141,3,RIGHT_MI
8582,33.5234375,4.4411,-2.4947,4.5795,-4.0078,3,RIGHT_MI
8583,33.52734375,-0.8106,-1.3125,-9.6995,0.9765,3,RIGHT_MI
8584,33.53125,-3.7812,2.9921,-4.4615,6.3349,3,RIGHT_MI
8585,33.53515625,-4.2428,2.2251,-7.8088,6.56,3,RIGHT_MI
8586,33.5390625,-5.4798,2.2007,-6.7861,5.9694,3,RIGHT_MI
8587,33.54296875,-0.0338,2.421,-7.6595,2.4672,3,RIGHT_MI
8588,33.546875,-0.4741,4.8549,-7.7714,4.696,3,RIGHT_MI
8589,33.55078125,0.6913,4.6175,-6.274,6.2661,3,RIGHT_MI
8590,33.5546875,-1.3995,8.5946,-4.6157,7.2685,3,RIGHT_MI
8591,33.55859375,-0.443,3.7176,-1.8295,10.4138,3,RIGHT_MI
8592,33.5625,-3.404,5.6339,6.0987,4.7094,3,RIGHT_MI
8593,33.56640625,0.0469,8.5127,-1.0239,1.739,3,RIGHT_MI
8594,33.5703125,2.4896,1.9254,2.8292,5.3784,3,RIGHT_MI
8595,33.57421875,1.607,5.3523,-1.7075,0.1603,3,RIGHT_MI
8596,33.578125,0.8718,-1.642,-4.5472,-5.4231,3,RIGHT_MI
8597,33.58203125,3.9732,-7.8503,5.2296,-12.0004,3,RIGHT_MI
8598,33.5859375,-8.3463,-6.561,0.6611,-10.3406,3,RIGHT_MI
8599,33.58984375,-5.7569,-7.7587,4.0321,-10.3029,3,RIGHT_MI
8600,33.59375,-2.7569,-5.9688,2.9859,-8.2333,3,RIGHT_MI
8601,33.59765625,-1.4223,-0.6379,6.4466,-6.068,3,RIGHT_MI
8602,33.6015625,0.6581,-3.3671,7.0238,-4.562,3,RIGHT_MI
8603,33.60546875,3.0826,-4.5252,12.0905,-4.0653,3,RIGHT_MI
8604,33.609375,4.2306,-5.833,3.6998,-0.3355,3,RIGHT_MI
8605,33.61328125,3.1922,0.2768,2.0127,1.3899,3,RIGHT_MI
8606,33.6171875,0.9806,2.4888,6.4302,-2.6902,3,RIGHT_MI
8607,33.62109375,3.2918,-1.8544,-0.111,2.3623,3,RIGHT_MI
8608,33.625,2.0581,0.6366,0.996,1.1946,3,RIGHT_MI
8609,33.62890625,-4.1638,0.8502,-7.0793,1.088,3,RIGHT_MI
8610,33.6328125,-4.0961,-0.8615,-3.0561,5.9632,3,RIGHT_MI
8611,33.63671875,-4.633,-2.7283,-8.6647,6.2734,3,RIGHT_MI
8612,33.640625,-3.7555,1.688,-9.1907,4.9581,3,RIGHT_MI
8613,33.64453125,-0.0179,3.8035,-11.5191,3.2736,3,RIGHT_MI
8614,33.6484375,-3.8587,6.3869,-5.6041,6.1297,3,RIGHT_MI
8615,33.65234375,-0.1118,1.8763,-4.7227,5.5576,3,RIGHT_MI
8616,33.65625,1.5861,5.7455,-5.3979,5.1009,3,RIGHT_MI
8617,33.66015625,1.5697,10.3698,-4.9339,0.0551,3,RIGHT_MI
8618,33.6640625,2.2488,1.7044,-0.2647,2.7272,3,RIGHT_MI
8619,33.66796875,0.9458,1.5674,0.5487,7.1557,3,RIGHT_MI
8620,33.671875,2.0265,6.8014,3.5092,1.591,3,RIGHT_MI
8621,33.67578125,-5.1717,0.3276,1.338,0.0284,3,RIGHT_MI
8622,33.6796875,-1.4852,-3.4878,-0.369,-5.004,3,RIGHT_MI
8623,33.68359375,-7.9333,-7.2586,6.8974,-11.0762,3,RIGHT_MI
8624,33.6875,-7.4779,-8.5578,0.612,-7.3099,3,RIGHT_MI
8625,33.69140625,-4.1651,-6.5622,6.0521,-7.1862,3,RIGHT_MI
8626,33.6953125,-0.0854,-5.761,3.0151,-8.2086,3,RIGHT_MI
8627,33.69921875,-5.4925,-1.7774,9.2141,-9.4478,3,RIGHT_MI
8628,33.703125,3.297,-5.6162,7.8199,-0.9239,3,RIGHT_MI
8629,33.70703125,-0.7424,-8.3526,11.8277,-2.8546,3,RIGHT_MI
8630,33.7109375,4.0522,-5.6494,13.2605,3.858,3,RIGHT_MI
8631,33.71484375,6.8667,-2.7196,6.3452,1.9951,3,RIGHT_MI
8632,33.71875,4.3401,4.0444,3.2867,6.7866,3,RIGHT_MI
8633,33.72265625,-0.8253,-1.4029,-0.6429,4.0699,3,RIGHT_MI
8634,33.7265625,-0.2451,1.7904,-4.138,4.1445,3,RIGHT_MI
8635,33.73046875,3.0789,3.7297,-1.4807,3.0889,3,RIGHT_MI
8636,33.734375,-2.9952,-4.4854,-5.8208,6.5932,3,RIGHT_MI
8637,33.73828125,-0.2788,7.7481,-6.0935,1.3698,3,RIGHT_MI
8638,33.7421875,-3.6244,4.7501,-12.2968,2.3106,3,RIGHT_MI
8639,33.74609375,-1.8551,0.4793,-9.67,3.5251,3,RIGHT_MI
8640,33.75,0.2771,6.6584,-6.6105,6.4088,3,RIGHT_MI
8641,33.75390625,2.3602,7.3492,-4.0613,8.1984,3,RIGHT_MI
8642,33.7578125,0.6654,3.9308,-1.5605,-0.8951,3,RIGHT_MI
8643,33.76171875,3.8208,6.559,-1.758,8.5587,3,RIGHT_MI
8644,33.765625,-0.0839,9.418,-3.5834,-1.2881,3,RIGHT_MI
8645,33.76953125,3.8787,4.4377,1.5001,4.7907,3,RIGHT_MI
8646,33.7734375,0.9093,-2.9197,-1.152,-1.9041,3,RIGHT_MI
8647,33.77734375,-4.1525,-6.8745,2.871,-7.028,3,RIGHT_MI
8648,33.78125,-4.6397,-3.1669,5.8368,-6.0907,3,RIGHT_MI
8649,33.78515625,-6.0319,-2.6831,-0.9378,-10.8584,3,RIGHT_MI
8650,33.7890625,-4.214,-7.2819,1.0452,-7.3273,3,RIGHT_MI
8651,33.79296875,0.3805,-7.6453,1.3895,-5.7316,3,RIGHT_MI
8652,33.796875,2.029,-7.8214,7.572,-3.3104,3,RIGHT_MI
8653,33.80078125,2.7324,-4.1239,8.9546,-6.7988,3,RIGHT_MI
8654,33.8046875,1.9694,-2.9368,7.3018,-2.2415,3,RIGHT_MI
8655,33.80859375,2.2264,-1.0233,6.4907,5.4906,3,RIGHT_MI
8656,33.8125,12.4513,-7.4604,17.6333,3.1522,3,RIGHT_MI
8657,33.81640625,9.9891,0.5773,7.0833,5.478,3,RIGHT_MI
8658,33.8203125,2.7168,2.4177,3.4795,4.1144,3,RIGHT_MI
8659,33.82421875,2.8556,5.3589,-6.3074,8.1649,3,RIGHT_MI
8660,33.828125,-0.1199,0.6549,-3.4906,7.2616,3,RIGHT_MI
8661,33.83203125,-0.7124,-0.8143,-4.4696,4.6062,3,RIGHT_MI
8662,33.8359375,-3.9034,-1.1842,-2.4694,0.8679,3,RIGHT_MI
8663,33.83984375,-0.774,0.9743,-7.1228,-0.7079,3,RIGHT_MI
8664,33.84375,-3.2237,3.9404,-9.5754,2.3002,3,RIGHT_MI
8665,33.84765625,-3.3394,13.7088,-3.6939,-3.7035,3,RIGHT_MI
8666,33.8515625,4.0739,1.2893,-9.6379,4.701,3,RIGHT_MI
8667,33.85546875,0.5201,7.2329,1.5931,0.0249,3,RIGHT_MI
8668,33.859375,4.5887,5.7982,-2.8335,5.2401,3,RIGHT_MI
8669,33.86328125,4.7893,5.8421,-7.2271,1.3591,3,RIGHT_MI
8670,33.8671875,1.4864,-0.0818,-2.0098,-3.0631,3,RIGHT_MI
8671,33.87109375,-3.7108,5.298,-3.9892,-3.6299,3,RIGHT_MI
8672,33.875,-2.5075,-2.1771,1.8917,-9.7273,3,RIGHT_MI
8673,33.87890625,-4.8665,-3.4101,-1.687,-6.8449,3,RIGHT_MI
8674,33.8828125,-1.4451,-6.7015,-1.5684,-8.3661,3,RIGHT_MI
8675,33.88671875,1.0578,-7.5134,-2.3441,-11.3023,3,RIGHT_MI
8676,33.890625,3.2761,-7.6082,4.7897,-5.8776,3,RIGHT_MI
8677,33.89453125,-2.7248,-5.4544,6.2277,-4.4113,3,RIGHT_MI
8678,33.8984375,-0.7335,-1.1396,3.1051,1.3757,3,RIGHT_MI
8679,33.90234375,-1.9528,-10.4455,5.3252,-1.7718,3,RIGHT_MI
8680,33.90625,2.2755,-6.1791,8.3434,0.6115,3,RIGHT_MI
8681,33.91015625,7.8272,0.6052,6.9966,5.1993,3,RIGHT_MI
8682,33.9140625,2.4682,-1.5721,4.7663,0.9396,3,RIGHT_MI
8683,33.91796875,1.6224,-1.8558,-0.7773,7.8677,3,RIGHT_MI
8684,33.921875,0.0211,-3.5968,7.1858,9.6789,3,RIGHT_MI
8685,33.92578125,-2.5518,4.5328,-1.8075,3.4237,3,RIGHT_MI
8686,33.9296875,-1.6146,5.5639,-2.8616,2.9255,3,RIGHT_MI
8687,33.93359375,-3.0028,7.5078,-8.7381,3.9538,3,RIGHT_MI
8688,33.9375,0.4735,4.0569,-4.7224,6.2448,3,RIGHT_MI
8689,33.94140625,-4.588,3.0143,-2.4589,-1.2649,3,RIGHT_MI
8690,33.9453125,-0.1824,12.7169,-5.1486,-0.6896,3,RIGHT_MI
8691,33.94921875,-1.4141,4.968,-5.9453,0.7765,3,RIGHT_MI
8692,33.953125,6.9552,7.0706,-3.4916,1.8596,3,RIGHT_MI
8693,33.95703125,5.5302,8.2286,-3.2535,0.2841,3,RIGHT_MI
8694,33.9609375,1.1742,11.0928,3.6365,-0.7067,3,RIGHT_MI
8695,33.96484375,5.2433,5.5183,-3.0809,-2.5991,3,RIGHT_MI
8696,33.96875,-4.6537,6.2174,2.3146,-1.5179,3,RIGHT_MI
8697,33.97265625,-1.6253,-0.3303,-1.7358,-10.4688,3,RIGHT_MI
8698,33.9765625,4.8154,-3.4089,0.7706,-4.9799,3,RIGHT_MI
8699,33.98046875,-0.0473,-3.5053,-2.0999,-16.0639,3,RIGHT_MI
8700,33.984375,-4.8057,-6.3874,-2.6238,-6.8973,3,RIGHT_MI
8701,33.98828125,-0.5101,-6.3888,-1.1703,-9.4471,3,RIGHT_MI
8702,33.9921875,-1.0968,-9.5503,-1.771,-1.7593,3,RIGHT_MI
8703,33.99609375,1.4416,-9.3508,7.0119,-4.8073,3,RIGHT_MI
8704,34.0,-1.0801,-12.3826,5.7169,-3.3754,3,RIGHT_MI
8705,34.00390625,2.033,-10.3466,4.8993,0.6338,3,RIGHT_MI
8706,34.0078125,7.9411,1.5117,7.1086,3.3868,3,RIGHT_MI
8707,34.01171875,1.0728,2.9475,6.5326,11.3487,3,RIGHT_MI
8708,34.015625,11.4671,5.2437,4.8022,7.7293,3,RIGHT_MI
8709,34.01953125,4.3784,2.2828,10.5447,11.2241,3,RIGHT_MI
8710,34.0234375,0.3986,8.3778,7.6337,6.6061,3,RIGHT_MI
8711,34.02734375,1.7742,0.279,-4.0101,3.8784,3,RIGHT_MI
8712,34.03125,0.4996,2.0706,-7.1225,2.4665,3,RIGHT_MI
8713,34.03515625,-0.759,-4.1872,-6.8855,4.1342,3,RIGHT_MI
8714,34.0390625,-0.1978,3.0951,-3.0256,-0.4436,3,RIGHT_MI
8715,34.04296875,-1.8101,6.0972,-6.9015,1.6428,3,RIGHT_MI
8716,34.046875,1.0557,10.0536,-4.5172,-3.593,3,RIGHT_MI
8717,34.05078125,6.5841,6.9527,-7.2928,2.2794,3,RIGHT_MI
8718,34.0546875,0.221,5.3316,-1.9983,-1.4491,3,RIGHT_MI
8719,34.05859375,0.8898,7.2804,-2.1477,-6.203,3,RIGHT_MI
8720,34.0625,-0.2773,2.2134,2.6156,1.241,3,RIGHT_MI
8721,34.06640625,-0.3045,3.2375,-2.8095,-1.5004,3,RIGHT_MI
8722,34.0703125,-0.9404,-0.3036,-6.7512,-3.5334,3,RIGHT_MI
8723,34.07421875,0.4937,1.4732,-7.2766,-4.183,3,RIGHT_MI
8724,34.078125,-7.7111,-1.3766,-4.2112,-11.3404,3,RIGHT_MI
8725,34.08203125,-4.9561,-9.2882,-2.8253,-5.0273,3,RIGHT_MI
8726,34.0859375,-3.4446,-3.9475,-3.4332,-8.7368,3,RIGHT_MI
8727,34.08984375,-3.264,-1.0822,5.8229,2.6809,3,RIGHT_MI
8728,34.09375,-3.6957,-8.975,3.6393,-1.1391,3,RIGHT_MI
8729,34.09765625,-3.5489,-8.6808,7.845,-2.244,3,RIGHT_MI
8730,34.1015625,4.5519,-8.9835,3.4577,-0.2025,3,RIGHT_MI
8731,34.10546875,5.7811,1.0902,6.922,2.7245,3,RIGHT_MI
8732,34.109375,2.2562,0.983,8.7079,12.0746,3,RIGHT_MI
8733,34.11328125,6.7449,0.7268,9.6862,6.3566,3,RIGHT_MI
8734,34.1171875,2.6906,-3.0094,10.2171,10.6014,3,RIGHT_MI
8735,34.12109375,9.2899,-3.1602,3.821,10.3998,3,RIGHT_MI
8736,34.125,5.0504,1.5894,7.0611,-1.2708,3,RIGHT_MI
8737,34.12890625,3.4094,3.9749,-1.8832,2.2625,3,RIGHT_MI
8738,34.1328125,-0.7867,2.0449,-1.6123,0.4257,3,RIGHT_MI
8739,34.13671875,1.1087,2.6777,-4.2794,1.4535,3,RIGHT_MI
8740,34.140625,1.1827,6.4624,-2.9001,0.4508,3,RIGHT_MI
8741,34.14453125,-3.4038,8.6731,-10.3684,-2.2965,3,RIGHT_MI
8742,34.1484375,-3.518,5.3098,-10.1721,-4.273,3,RIGHT_MI
8743,34.15234375,-1.0113,5.8578,-5.8025,-3.2788,3,RIGHT_MI
8744,34.15625,-1.0165,5.8586,0.7677,-1.2402,3,RIGHT_MI
8745,34.16015625,-0.7702,8.3261,-4.2016,-5.6324,3,RIGHT_MI
8746,34.1640625,-0.6643,1.8963,-6.0063,0.8537,3,RIGHT_MI
8747,34.16796875,1.4447,4.0425,3.9504,-5.1464,3,RIGHT_MI
8748,34.171875,-0.1326,-1.8956,-6.4565,-4.9171,3,RIGHT_MI
8749,34.17578125,-0.2149,-2.5442,3.2466,-2.3826,3,RIGHT_MI
8750,34.1796875,-2.7168,-5.9288,-8.1078,-8.1655,3,RIGHT_MI
8751,34.18359375,-7.3043,-11.9558,-0.4574,-6.5397,3,RIGHT_MI
8752,34.1875,-5.1242,-8.1545,2.7823,-12.5624,3,RIGHT_MI
8753,34.19140625,0.3963,-9.4671,-0.6107,-0.8052,3,RIGHT_MI
8754,34.1953125,-0.8918,-1.6226,8.7488,-0.8962,3,RIGHT_MI
8755,34.19921875,-3.5402,-1.2961,7.0296,5.3231,3,RIGHT_MI
8756,34.203125,2.5677,-3.4034,10.6465,3.9396,3,RIGHT_MI
8757,34.20703125,4.2041,-3.101,5.1426,6.9395,3,RIGHT_MI
8758,34.2109375,1.3655,0.9303,10.1438,7.2257,3,RIGHT_MI
8759,34.21484375,4.2192,4.1794,12.1936,5.5213,3,RIGHT_MI
8760,34.21875,6.3717,-0.3461,4.7558,7.2152,3,RIGHT_MI
8761,34.22265625,-2.7552,3.1125,4.4188,1.13,3,RIGHT_MI
8762,34.2265625,0.2232,3.1858,0.3589,-0.9125,3,RIGHT_MI
8763,34.23046875,-1.8851,7.3018,3.0731,1.2367,3,RIGHT_MI
8764,34.234375,1.2192,5.2176,-1.2968,-5.4872,3,RIGHT_MI
8765,34.23828125,-5.2446,9.6562,-6.5759,-3.935,3,RIGHT_MI
8766,34.2421875,-7.8172,6.6776,-4.328,0.623,3,RIGHT_MI
8767,34.24609375,0.6206,2.9966,-8.8743,-0.2686,3,RIGHT_MI
8768,34.25,0.7821,2.4711,-5.3896,-4.843,3,RIGHT_MI
8769,34.25390625,-4.4532,9.4237,-4.9414,-6.2143,3,RIGHT_MI
8770,34.2578125,-0.4164,7.4582,-2.8492,-3.9953,3,RIGHT_MI
8771,34.26171875,-2.7252,3.7193,-4.7888,3.8546,3,RIGHT_MI
8772,34.265625,0.1246,5.0367,-1.7375,-3.6348,3,RIGHT_MI
8773,34.26953125,1.6594,0.2023,-4.4873,-1.5431,3,RIGHT_MI
8774,34.2734375,-1.0869,-4.1747,0.6578,-0.3364,3,RIGHT_MI
8775,34.27734375,-1.9098,-5.9294,-6.55,-8.0847,3,RIGHT_MI
8776,34.28125,-0.2085,-10.5308,-3.1845,-3.4796,3,RIGHT_MI
8777,34.28515625,-1.6998,-4.9388,-3.7381,2.0639,3,RIGHT_MI
8778,34.2890625,-5.624,-3.4979,-6.071,-3.7475,3,RIGHT_MI
8779,34.29296875,-9.1717,-5.728,0.6629,1.8331,3,RIGHT_MI
8780,34.296875,-4.5142,-10.4471,1.24,-0.0609,3,RIGHT_MI
8781,34.30078125,-3.1418,-5.1855,4.8664,4.4077,3,RIGHT_MI
8782,34.3046875,9.4472,-4.4985,7.2689,6.0388,3,RIGHT_MI
8783,34.30859375,2.951,2.0975,8.8838,6.8668,3,RIGHT_MI
8784,34.3125,6.2452,3.3743,5.6745,10.4972,3,RIGHT_MI
8785,34.31640625,4.6565,2.5465,9.1025,6.7301,3,RIGHT_MI
8786,34.3203125,5.2472,8.4435,7.5671,9.1813,3,RIGHT_MI
8787,34.32421875,2.3983,2.8386,10.959,5.9785,3,RIGHT_MI
8788,34.328125,-0.593,0.3444,2.9037,1.8019,3,RIGHT_MI
8789,34.33203125,-4.5882,3.8267,-7.8745,0.424,3,RIGHT_MI
8790,34.3359375,-1.6021,0.8835,1.4594,0.3695,3,RIGHT_MI
8791,34.33984375,-1.2749,3.2755,-3.3639,-6.921,3,RIGHT_MI
8792,34.34375,1.7397,3.478,-6.1298,-8.3577,3,RIGHT_MI
8793,34.34765625,-1.6757,6.5077,-3.8411,-0.1246,3,RIGHT_MI
8794,34.3515625,-1.0562,4.1239,-7.529,-7.577,3,RIGHT_MI
8795,34.35546875,1.0276,0.0965,-1.454,-6.7112,3,RIGHT_MI
8796,34.359375,4.0641,4.0484,6.0554,-2.3292,3,RIGHT_MI
8797,34.36328125,-1.9283,5.297,-3.0962,-1.6022,3,RIGHT_MI
8798,34.3671875,4.9973,-0.9987,-2.4497,-5.4447,3,RIGHT_MI
8799,34.37109375,-7.9052,-4.2635,-3.3192,-7.0662,3,RIGHT_MI
8800,34.375,-0.279,-4.8732,-6.6978,-6.0939,3,RIGHT_MI
8801,34.37890625,-7.3908,0.5771,-6.5499,-7.6073,3,RIGHT_MI
8802,34.3828125,-0.6792,-11.5603,-2.8628,-0.9101,3,RIGHT_MI
8803,34.38671875,-1.8602,-7.436,-3.5774,9.4201,3,RIGHT_MI
8804,34.390625,-4.413,-8.1104,-1.7934,3.0905,3,RIGHT_MI
8805,34.39453125,-0.0306,-12.6345,-0.9446,2.3083,3,RIGHT_MI
8806,34.3984375,-0.9424,-2.8929,2.7263,2.5703,3,RIGHT_MI
8807,34.40234375,3.0932,-1.5792,5.8694,5.981,3,RIGHT_MI
8808,34.40625,2.3163,-0.234,1.8359,7.2361,3,RIGHT_MI
8809,34.41015625,9.4371,0.4576,7.5359,11.3885,3,RIGHT_MI
8810,34.4140625,3.5642,8.3728,8.1696,6.4349,3,RIGHT_MI
8811,34.41796875,4.8093,4.2085,8.5013,4.1136,3,RIGHT_MI
8812,34.421875,3.4231,4.4553,8.7696,1.0262,3,RIGHT_MI
8813,34.42578125,1.1306,2.6199,5.4516,-4.0199,3,RIGHT_MI
8814,34.4296875,4.802,-1.3052,1.2836,-2.5798,3,RIGHT_MI
8815,34.43359375,-1.2794,-1.3052,1.079,-0.6463,3,RIGHT_MI
8816,34.4375,-4.6916,1.4031,-4.0794,-6.284,3,RIGHT_MI
8817,34.44140625,-1.1757,3.6942,1.5543,-8.9009,3,RIGHT_MI
8818,34.4453125,-3.8173,2.5579,1.7197,-6.6142,3,RIGHT_MI
8819,34.44921875,-4.2468,7.334,-5.0478,-3.0112,3,RIGHT_MI
8820,34.453125,-3.8788,2.8923,-3.8482,-0.1124,3,RIGHT_MI
8821,34.45703125,-2.8659,-0.8787,2.2497,-0.4984,3,RIGHT_MI
8822,34.4609375,-4.7426,0.8038,-1.6579,-3.9048,3,RIGHT_MI
8823,34.46484375,1.7276,3.4649,-3.0852,-2.3016,3,RIGHT_MI
8824,34.46875,-1.1744,-3.2473,-3.3251,0.9768,3,RIGHT_MI
8825,34.47265625,-1.4898,-8.0175,2.0863,2.1692,3,RIGHT_MI
8826,34.4765625,-7.592,-3.3103,-1.415,1.8318,3,RIGHT_MI
8827,34.48046875,-5.3293,-6.1386,1.02,-4.0163,3,RIGHT_MI
8828,34.484375,-2.0911,-7.8118,-3.1031,4.4497,3,RIGHT_MI
8829,34.48828125,-6.4066,-9.0468,-6.8612,4.8813,3,RIGHT_MI
8830,34.4921875,-6.7048,-10.153,-3.1199,0.68,3,RIGHT_MI
8831,34.49609375,-1.1335,-5.6148,4.9703,3.2535,3,RIGHT_MI
8832,34.5,3.0376,0.8202,3.0942,3.5523,3,RIGHT_MI
8833,34.50390625,7.4027,2.2248,7.4781,7.3257,3,RIGHT_MI
8834,34.5078125,3.914,2.0206,11.9085,7.5015,3,RIGHT_MI
8835,34.51171875,-0.1706,7.0233,17.8584,5.5805,3,RIGHT_MI
8836,34.515625,7.1942,8.6485,10.5362,2.001,3,RIGHT_MI
8837,34.51953125,12.4694,5.184,5.7972,3.1137,3,RIGHT_MI
8838,34.5234375,2.1585,4.1969,7.2209,0.0901,3,RIGHT_MI
8839,34.52734375,-5.3452,0.591,7.4313,-2.0849,3,RIGHT_MI
8840,34.53125,-2.5008,4.258,0.764,-7.4265,3,RIGHT_MI
8841,34.53515625,-0.2698,1.8249,-2.0625,-6.2937,3,RIGHT_MI
8842,34.5390625,-1.538,-1.1155,-1.4516,-7.0134,3,RIGHT_MI
8843,34.54296875,-0.34,1.8431,4.902,-11.2272,3,RIGHT_MI
8844,34.546875,-2.8317,7.6126,-5.7127,-7.8625,3,RIGHT_MI
8845,34.55078125,-2.121,7.4466,-2.7452,-4.6521,3,RIGHT_MI
8846,34.5546875,-0.3951,4.3974,-2.4287,-1.8527,3,RIGHT_MI
8847,34.55859375,4.3042,2.8022,-3.38,3.4175,3,RIGHT_MI
8848,34.5625,4.0339,1.1336,-3.1153,2.2747,3,RIGHT_MI
8849,34.56640625,0.665,-1.5829,-3.9513,-1.0078,3,RIGHT_MI
8850,34.5703125,-0.0813,-3.95,-5.2096,3.9139,3,RIGHT_MI
8851,34.57421875,-0.4969,-8.7194,-2.6581,4.6119,3,RIGHT_MI
8852,34.578125,-2.5743,-6.8551,-3.6711,2.6594,3,RIGHT_MI
8853,34.58203125,-5.8789,-8.3433,-4.1353,6.3423,3,RIGHT_MI
8854,34.5859375,-4.1059,-9.6219,-6.9566,1.0454,3,RIGHT_MI
8855,34.58984375,-0.6317,-8.2097,-4.8801,-2.5614,3,RIGHT_MI
8856,34.59375,-1.7161,-9.2301,0.451,8.2073,3,RIGHT_MI
8857,34.59765625,-2.0727,-4.9101,8.9172,7.5545,3,RIGHT_MI
8858,34.6015625,-0.5311,-6.4816,1.9634,5.9988,3,RIGHT_MI
8859,34.60546875,2.6754,-0.3511,8.1303,6.4038,3,RIGHT_MI
8860,34.609375,2.7364,5.9937,8.1022,9.953,3,RIGHT_MI
8861,34.61328125,-1.3886,10.2099,9.6095,1.6948,3,RIGHT_MI
8862,34.6171875,6.8622,4.5891,5.0345,-1.3444,3,RIGHT_MI
8863,34.62109375,8.3435,8.8047,10.9837,-2.1492,3,RIGHT_MI
8864,34.625,1.2584,4.6782,2.4225,-4.3509,3,RIGHT_MI
8865,34.62890625,1.782,4.4193,8.358,-8.677,3,RIGHT_MI
8866,34.6328125,-4.6671,5.8882,-1.0915,-8.1027,3,RIGHT_MI
8867,34.63671875,-0.1838,2.5275,1.1654,-2.6573,3,RIGHT_MI
8868,34.640625,-1.6273,4.6308,-5.0781,-7.9462,3,RIGHT_MI
8869,34.64453125,-2.5012,1.579,-3.6958,-9.2538,3,RIGHT_MI
8870,34.6484375,-1.3419,-1.6203,2.9222,-9.6472,3,RIGHT_MI
8871,34.65234375,6.1897,6.8587,0.8658,-6.8228,3,RIGHT_MI
8872,34.65625,-1.8427,4.9879,-3.7317,-3.6492,3,RIGHT_MI
8873,34.66015625,4.6251,-1.4758,-3.9655,-7.2178,3,RIGHT_MI
8874,34.6640625,0.6604,0.9513,-3.9079,3.4117,3,RIGHT_MI
8875,34.66796875,10.316,-4.2917,-5.7226,8.7063,3,RIGHT_MI
8876,34.671875,-4.1186,-9.9272,0.4723,2.2645,3,RIGHT_MI
8877,34.67578125,-4.0555,-3.57,-1.3883,5.0596,3,RIGHT_MI
8878,34.6796875,-1.6731,-8.4283,-4.1953,2.1575,3,RIGHT_MI
8879,34.68359375,-3.4992,-5.9729,-10.2134,-0.0156,3,RIGHT_MI
8880,34.6875,-10.591,-6.2728,-2.6875,5.2551,3,RIGHT_MI
8881,34.69140625,-2.7843,-6.3494,-3.9866,4.2815,3,RIGHT_MI
8882,34.6953125,-5.0233,-7.1089,0.8302,-0.7268,3,RIGHT_MI
8883,34.69921875,0.9607,3.5032,-2.2695,2.7965,3,RIGHT_MI
8884,34.703125,-0.2765,-5.338,2.4555,2.2106,3,RIGHT_MI
8885,34.70703125,5.3833,-2.8774,6.5761,6.1864,3,RIGHT_MI
8886,34.7109375,2.9822,3.9038,9.4475,10.7698,3,RIGHT_MI
8887,34.71484375,7.8535,4.7106,8.1055,2.3897,3,RIGHT_MI
8888,34.71875,-2.7118,5.1975,10.6887,1.5166,3,RIGHT_MI
8889,34.72265625,9.0648,1.7327,6.8032,-5.3563,3,RIGHT_MI
8890,34.7265625,3.9961,10.4152,2.4009,-9.3959,3,RIGHT_MI
8891,34.73046875,2.3605,-2.031,-2.8946,-7.8751,3,RIGHT_MI
8892,34.734375,-1.6497,0.0377,5.9207,-11.8795,3,RIGHT_MI
8893,34.73828125,5.2136,3.5843,-0.0823,-7.2727,3,RIGHT_MI
8894,34.7421875,-3.4613,0.4688,0.0914,-7.0357,3,RIGHT_MI
8895,34.74609375,0.3869,-0.3091,-1.3131,-10.3329,3,RIGHT_MI
8896,34.75,-4.0726,-3.8922,-4.4252,-4.6231,3,RIGHT_MI
8897,34.75390625,1.2241,-2.5108,-6.4937,-0.6689,3,RIGHT_MI
8898,34.7578125,6.6749,-3.0327,-7.01,1.2085,3,RIGHT_MI
8899,34.76171875,-4.282,-3.8957,0.4548,-0.4918,3,RIGHT_MI
8900,34.765625,4.952,-0.0901,-2.2903,2.9157,3,RIGHT_MI
8901,34.76953125,0.1223,-4.3312,-3.2815,6.1321,3,RIGHT_MI
8902,34.7734375,-1.3537,-4.852,0.1555,9.6111,3,RIGHT_MI
8903,34.77734375,-6.61,-8.8225,-6.6137,6.5659,3,RIGHT_MI
8904,34.78125,-2.8781,-2.1836,-9.3047,2.2264,3,RIGHT_MI
8905,34.78515625,-2.2162,-9.5504,-7.4251,-0.9627,3,RIGHT_MI
8906,34.7890625,-2.017,-4.8078,-3.7368,-3.6931,3,RIGHT_MI
8907,34.79296875,-5.3443,-6.946,-3.0333,3.2024,3,RIGHT_MI
8908,34.796875,4.4185,-4.6261,-4.1047,3.7563,3,RIGHT_MI
8909,34.80078125,1.2803,-2.0505,2.1828,4.9491,3,RIGHT_MI
8910,34.8046875,1.7366,1.6828,4.2684,2.5056,3,RIGHT_MI
8911,34.80859375,3.4209,-1.5758,6.357,8.3572,3,RIGHT_MI
8912,34.8125,13.2286,8.3577,18.1217,4.8325,3,RIGHT_MI
8913,34.81640625,4.8204,3.7215,6.4042,-6.8383,3,RIGHT_MI
8914,34.8203125,5.9723,3.4052,8.1665,-5.0144,3,RIGHT_MI
8915,34.82421875,1.0448,5.1754,6.1593,-2.8426,3,RIGHT_MI
8916,34.828125,3.2596,2.1677,-0.0084,-2.5112,3,RIGHT_MI
8917,34.83203125,-4.7443,5.9221,0.8543,-8.5692,3,RIGHT_MI
8918,34.8359375,-6.9267,7.3328,-2.8647,-10.0247,3,RIGHT_MI
8919,34.83984375,-5.7328,-1.3619,-1.44,-5.5497,3,RIGHT_MI
8920,34.84375,-5.1819,1.643,-5.4789,-11.7875,3,RIGHT_MI
8921,34.84765625,3.312,0.2586,-4.792,-8.8857,3,RIGHT_MI
8922,34.8515625,2.7348,3.3003,-4.0437,0.6731,3,RIGHT_MI
8923,34.85546875,-2.7375,2.8382,-3.0079,-1.2309,3,RIGHT_MI
8924,34.859375,0.8593,2.8609,0.8708,1.6851,3,RIGHT_MI
8925,34.86328125,-2.5755,5.8789,-0.7329,8.11,3,RIGHT_MI
8926,34.8671875,1.3182,-4.8451,2.8465,6.0673,3,RIGHT_MI
8927,34.87109375,-3.1319,-2.5157,-3.7064,6.2154,3,RIGHT_MI
8928,34.875,0.9226,-2.3672,-7.1511,5.1893,3,RIGHT_MI
8929,34.87890625,-3.1111,-6.2853,-7.9139,8.3116,3,RIGHT_MI
8930,34.8828125,-7.4773,-6.753,-9.7034,3.296,3,RIGHT_MI
8931,34.88671875,-3.7831,-7.0613,-5.6406,2.5066,3,RIGHT_MI
8932,34.890625,-0.5139,-7.8658,-7.1423,3.0744,3,RIGHT_MI
8933,34.89453125,-7.0615,1.5346,-4.2619,0.52,3,RIGHT_MI
8934,34.8984375,2.7287,-3.2803,2.1906,-0.7671,3,RIGHT_MI
8935,34.90234375,2.9292,1.6115,1.6999,-0.7663,3,RIGHT_MI
8936,34.90625,0.6584,1.4931,6.0589,2.7766,3,RIGHT_MI
8937,34.91015625,8.2393,3.4652,10.6434,5.7877,3,RIGHT_MI
8938,34.9140625,-0.6703,6.0186,7.8142,-3.7272,3,RIGHT_MI
8939,34.91796875,5.6131,9.9429,2.1617,1.1757,3,RIGHT_MI
8940,34.921875,5.0937,3.1812,11.5876,-2.5166,3,RIGHT_MI
8941,34.92578125,-0.0451,5.8041,3.3106,-11.1732,3,RIGHT_MI
8942,34.9296875,-5.5196,4.9268,3.3822,-7.4148,3,RIGHT_MI
8943,34.93359375,-2.5912,3.1553,5.6255,-9.8634,3,RIGHT_MI
8944,34.9375,-1.9952,3.5685,2.2331,-10.2986,3,RIGHT_MI
8945,34.94140625,1.6353,-6.4853,-0.6195,-5.6832,3,RIGHT_MI
8946,34.9453125,0.3198,1.6208,-8.001,-7.9214,3,RIGHT_MI
8947,34.94921875,-2.0228,0.2037,0.9271,-3.8382,3,RIGHT_MI
8948,34.953125,-1.9121,3.8161,1.4448,0.0465,3,RIGHT_MI
8949,34.95703125,5.9733,-3.7124,4.1059,1.2891,3,RIGHT_MI
8950,34.9609375,0.1121,0.617,-4.5545,6.8996,3,RIGHT_MI
8951,34.96484375,-1.5614,0.2312,-4.5814,8.2487,3,RIGHT_MI
8952,34.96875,0.862,0.9888,-2.0153,11.8734,3,RIGHT_MI
8953,34.97265625,-3.4447,-9.3391,-3.1883,8.1192,3,RIGHT_MI
8954,34.9765625,-9.245,-11.9854,-4.5994,3.6743,3,RIGHT_MI
8955,34.98046875,-5.438,-9.8772,-3.1507,7.1335,3,RIGHT_MI
8956,34.984375,-2.484,-15.5901,-7.0706,3.6349,3,RIGHT_MI
8957,34.98828125,-2.1921,-11.7803,-11.262,-0.3692,3,RIGHT_MI
8958,34.9921875,-6.5751,-5.7929,-5.6664,-0.5432,3,RIGHT_MI
8959,34.99609375,-0.7619,1.0079,-2.3353,-0.7329,3,RIGHT_MI
8960,35.0,1.7539,2.0089,0.1293,-2.6856,3,RIGHT_MI
8961,35.00390625,1.2995,4.5189,6.5447,1.6808,3,RIGHT_MI
8962,35.0078125,3.7054,7.4365,6.9177,-3.5053,3,RIGHT_MI
8963,35.01171875,4.2512,6.5115,13.6332,-1.9197,3,RIGHT_MI
8964,35.015625,5.3031,6.2921,4.8087,-3.2207,3,RIGHT_MI
8965,35.01953125,9.4377,7.9591,7.3346,0.2739,3,RIGHT_MI
8966,35.0234375,6.4005,3.8332,11.1674,-4.4502,3,RIGHT_MI
8967,35.02734375,6.2528,4.3238,6.77,-8.1024,3,RIGHT_MI
8968,35.03125,-0.1469,5.6397,7.0794,-7.684,3,RIGHT_MI
8969,35.03515625,-3.1594,0.5574,5.5129,-6.1631,3,RIGHT_MI
8970,35.0390625,0.1976,-0.9375,1.3739,-6.5728,3,RIGHT_MI
8971,35.04296875,6.4712,5.0482,0.5019,-2.9458,3,RIGHT_MI
8972,35.046875,-4.6759,2.0162,-2.7146,-2.7598,3,RIGHT_MI
8973,35.05078125,4.9438,-1.2833,4.0031,3.6051,3,RIGHT_MI
8974,35.0546875,0.7671,-1.1662,2.7022,4.2878,3,RIGHT_MI
8975,35.05859375,-0.3811,-4.4916,-3.5839,5.016,3,RIGHT_MI
8976,35.0625,-2.3956,4.1727,-0.2635,11.6848,3,RIGHT_MI
8977,35.06640625,-3.98,-5.2018,-2.3786,9.9095,3,RIGHT_MI
8978,35.0703125,-2.547,-8.635,-8.7451,17.034,3,RIGHT_MI
8979,35.07421875,0.9644,-2.2294,-6.0965,7.3472,3,RIGHT_MI
8980,35.078125,-3.5114,-7.9571,-9.1694,4.0706,3,RIGHT_MI
8981,35.08203125,-5.3777,-7.3768,-4.4151,5.2736,3,RIGHT_MI
8982,35.0859375,-4.0692,-3.8668,-7.3281,-1.0197,3,RIGHT_MI
8983,35.08984375,0.593,-1.9076,-4.0432,-1.2814,3,RIGHT_MI
8984,35.09375,0.1335,-0.1514,-5.264,-4.4701,3,RIGHT_MI
8985,35.09765625,-0.1033,-3.3985,-0.4055,4.4882,3,RIGHT_MI
8986,35.1015625,-1.6995,-1.1818,2.9391,-3.8682,3,RIGHT_MI
8987,35.10546875,6.1453,2.6136,4.7435,-4.759,3,RIGHT_MI
8988,35.109375,3.3034,5.1302,-2.4756,-5.7356,3,RIGHT_MI
8989,35.11328125,3.5703,8.3353,5.3295,-0.695,3,RIGHT_MI
8990,35.1171875,-2.9569,2.2905,11.2197,0.8056,3,RIGHT_MI
8991,35.12109375,1.6787,5.8811,11.3461,-11.2716,3,RIGHT_MI
8992,35.125,0.0314,13.4031,0.9859,-4.9192,3,RIGHT_MI
8993,35.12890625,4.1153,-0.0161,3.0305,-8.3965,3,RIGHT_MI
8994,35.1328125,2.9793,2.7115,1.6659,-1.458,3,RIGHT_MI
8995,35.13671875,-3.5349,2.9043,4.4218,-8.3517,3,RIGHT_MI
8996,35.140625,1.4024,-1.0807,-0.022,-3.2429,3,RIGHT_MI
8997,35.14453125,-3.6536,0.9463,-4.7895,-4.0333,3,RIGHT_MI
8998,35.1484375,-3.4823,-2.5518,0.2677,0.1013,3,RIGHT_MI
8999,35.15234375,5.6752,-0.5067,8.1042,2.0071,3,RIGHT_MI
9000,35.15625,2.1519,-8.3696,5.6356,1.7313,3,RIGHT_MI
9001,35.16015625,4.4583,-0.3693,2.6107,5.6341,3,RIGHT_MI
9002,35.1640625,-0.5823,-4.2589,3.9157,3.1508,3,RIGHT_MI
9003,35.16796875,1.1059,-6.8608,2.3416,8.1339,3,RIGHT_MI
9004,35.171875,-1.3676,-8.3214,1.5657,7.5239,3,RIGHT_MI
9005,35.17578125,-5.3167,-6.1917,-5.1614,3.8695,3,RIGHT_MI
9006,35.1796875,-3.2567,-10.9869,-10.1972,0.0249,3,RIGHT_MI
9007,35.18359375,-5.0422,-10.213,-9.8575,-2.4997,3,RIGHT_MI
9008,35.1875,-5.6058,-8.8395,-11.0245,-5.7764,3,RIGHT_MI
9009,35.19140625,-8.0657,-2.2529,-4.6095,-0.8698,3,RIGHT_MI
9010,35.1953125,-2.6926,1.0152,-9.4203,1.3236,3,RIGHT_MI
9011,35.19921875,-2.7148,-2.2461,-0.7304,-3.7282,3,RIGHT_MI
9012,35.203125,0.7495,6.3233,3.4727,1.4001,3,RIGHT_MI
9013,35.20703125,4.0182,5.2045,-1.7428,-5.7932,3,RIGHT_MI
9014,35.2109375,0.1124,4.9305,6.353,-0.1824,3,RIGHT_MI
9015,35.21484375,3.3328,7.2433,9.4673,-1.7378,3,RIGHT_MI
9016,35.21875,7.3034,4.6366,3.3813,-7.11,3,RIGHT_MI
9017,35.22265625,7.9388,8.0344,4.7437,-6.0356,3,RIGHT_MI
9018,35.2265625,-1.1553,6.4238,4.0166,-5.7204,3,RIGHT_MI
9019,35.23046875,-0.6181,2.4318,4.2695,-8.4385,3,RIGHT_MI
9020,35.234375,-0.5203,-0.7361,0.4744,-3.8241,3,RIGHT_MI
9021,35.23828125,1.5687,-2.2098,8.925,-0.5454,3,RIGHT_MI
9022,35.2421875,-4.4986,-2.1324,1.1913,2.7385,3,RIGHT_MI
9023,35.24609375,-1.4132,-0.7279,0.8003,2.1521,3,RIGHT_MI
9024,35.25,-2.0746,-3.9317,-0.5619,8.7862,3,RIGHT_MI
9025,35.25390625,-5.5365,-3.7087,4.2366,9.2877,3,RIGHT_MI
9026,35.2578125,4.6373,-2.2707,-2.1647,2.1816,3,RIGHT_MI
9027,35.26171875,3.5462,5.179,-1.1954,15.3959,3,RIGHT_MI
9028,35.265625,-0.8239,0.0303,4.2762,8.4137,3,RIGHT_MI
9029,35.26953125,-0.7582,-5.8867,-3.3478,2.0882,3,RIGHT_MI
9030,35.2734375,0.6999,-4.5895,-4.4304,-0.1601,3,RIGHT_MI
9031,35.27734375,-3.2058,-0.9686,-5.5579,9.7303,3,RIGHT_MI
9032,35.28125,-5.7287,-11.484,-4.014,0.6279,3,RIGHT_MI
9033,35.28515625,-3.3602,-4.7814,-10.0971,-0.9899,3,RIGHT_MI
9034,35.2890625,-2.6232,-3.3024,-5.4656,-4.384,3,RIGHT_MI
9035,35.29296875,-3.3804,-7.307,-8.1364,-7.7018,3,RIGHT_MI
9036,35.296875,-2.6956,-3.4095,-6.4943,-5.1321,3,RIGHT_MI
9037,35.30078125,3.6673,-0.503,-3.2781,-4.6389,3,RIGHT_MI
9038,35.3046875,5.0307,3.8214,4.4211,-7.9783,3,RIGHT_MI
9039,35.30859375,1.2999,6.065,5.4593,-7.483,3,RIGHT_MI
9040,35.3125,2.0376,10.0976,-1.0869,-6.279,3,RIGHT_MI
9041,35.31640625,7.0693,8.209,3.1147,-7.2886,3,RIGHT_MI
9042,35.3203125,0.5613,12.8596,6.2318,-5.6531,3,RIGHT_MI
9043,35.32421875,-1.8603,6.5328,4.0764,-0.133,3,RIGHT_MI
9044,35.328125,4.9526,3.3748,2.5585,-11.2524,3,RIGHT_MI
9045,35.33203125,-6.5529,3.1407,9.8995,3.0844,3,RIGHT_MI
9046,35.3359375,-2.8662,-1.305,2.8955,-4.7406,3,RIGHT_MI
9047,35.33984375,0.5862,-0.5184,0.9073,-0.0763,3,RIGHT_MI
9048,35.34375,-5.6813,-3.0638,3.5297,2.2672,3,RIGHT_MI
9049,35.34765625,-3.2819,-1.527,0.8189,6.4824,3,RIGHT_MI
9050,35.3515625,2.45,0.7627,4.8271,9.6384,3,RIGHT_MI
9051,35.35546875,1.1148,-1.2407,4.8196,5.2617,3,RIGHT_MI
9052,35.359375,0.017,3.3857,2.9635,13.4769,3,RIGHT_MI
9053,35.36328125,3.8059,-2.3035,-2.2068,14.0171,3,RIGHT_MI
9054,35.3671875,0.4001,1.0673,-1.1907,9.2972,3,RIGHT_MI
9055,35.37109375,1.5477,-1.4245,-5.6996,6.6579,3,RIGHT_MI
9056,35.375,-4.34,-9.4706,-3.1507,5.5125,3,RIGHT_MI
9057,35.37890625,-3.5325,-4.6263,-8.55,0.4108,3,RIGHT_MI
9058,35.3828125,-2.4035,-5.6009,-12.4809,-1.2651,3,RIGHT_MI
9059,35.38671875,-5.5035,-6.1863,-8.7222,-8.6417,3,RIGHT_MI
9060,35.390625,-5.7748,1.2001,-3.6019,-3.2657,3,RIGHT_MI
9061,35.39453125,0.66,-0.6466,-1.6654,-7.708,3,RIGHT_MI
9062,35.3984375,2.6984,2.7866,-3.1977,-2.2789,3,RIGHT_MI
9063,35.40234375,2.9846,4.9525,-1.0221,-9.4067,3,RIGHT_MI
9064,35.40625,3.2161,8.6428,-1.1439,-7.0096,3,RIGHT_MI
9065,35.41015625,8.0763,7.9149,1.6636,-1.0275,3,RIGHT_MI
9066,35.4140625,4.9918,9.2026,3.3557,-0.4112,3,RIGHT_MI
9067,35.41796875,2.9813,8.6066,11.9601,-1.5629,3,RIGHT_MI
9068,35.421875,3.5629,6.3438,6.1455,1.5749,3,RIGHT_MI
9069,35.42578125,0.7124,8.35,3.3021,0.4715,3,RIGHT_MI
9070,35.4296875,2.0365,0.8953,5.117,-2.3124,3,RIGHT_MI
9071,35.43359375,1.3154,-1.6342,4.9665,6.9628,3,RIGHT_MI
9072,35.4375,1.2516,-3.7139,7.5412,-4.0865,3,RIGHT_MI
9073,35.44140625,-5.3189,-1.1983,-0.8353,3.1314,3,RIGHT_MI
9074,35.4453125,-1.2195,-1.6992,6.4787,2.6737,3,RIGHT_MI
9075,35.44921875,-3.6374,-6.5685,2.4192,4.4709,3,RIGHT_MI
9076,35.453125,0.966,-3.2589,-0.2724,10.7385,3,RIGHT_MI
9077,35.45703125,7.0434,2.3792,0.0178,11.67,3,RIGHT_MI
9078,35.4609375,0.9633,-5.067,6.6178,4.8645,3,RIGHT_MI
9079,35.46484375,-1.492,-3.7876,6.4157,4.6085,3,RIGHT_MI
9080,35.46875,3.8969,-1.3358,-1.9312,4.141,3,RIGHT_MI
9081,35.47265625,1.3078,-2.3446,-5.4523,3.8711,3,RIGHT_MI
9082,35.4765625,-8.3499,-8.9726,-5.414,-0.9192,3,RIGHT_MI
9083,35.48046875,-0.7139,-3.2744,-12.5806,-5.366,3,RIGHT_MI
9084,35.484375,-6.5034,-0.7182,-13.4387,-11.1238,3,RIGHT_MI
9085,35.48828125,-1.6039,-3.4109,-6.1532,-5.1488,3,RIGHT_MI
9086,35.4921875,-0.2609,1.727,-7.1858,-10.1581,3,RIGHT_MI
9087,35.49609375,-0.8831,0.6917,-11.867,-9.3387,3,RIGHT_MI
9088,35.5,0.3073,2.274,-12.3426,-10.1324,3,RIGHT_MI
9089,35.50390625,1.3892,6.8527,1.2278,-6.0943,3,RIGHT_MI
9090,35.5078125,-0.2637,4.5394,3.3112,-1.2629,3,RIGHT_MI
9091,35.51171875,4.574,9.393,0.3425,-3.8286,3,RIGHT_MI
9092,35.515625,5.4076,4.7855,2.9456,1.2347,3,RIGHT_MI
9093,35.51953125,1.8593,2.4514,6.0586,-6.6918,3,RIGHT_MI
9094,35.5234375,8.3081,1.6148,2.6157,5.4212,3,RIGHT_MI
9095,35.52734375,-3.1207,4.7756,5.585,1.1231,3,RIGHT_MI
9096,35.53125,-1.407,-2.2451,6.1423,2.5581,3,RIGHT_MI
9097,35.53515625,-5.106,-3.4035,-2.5612,-1.2422,3,RIGHT_MI
9098,35.5390625,-10.0273,-1.9641,-1.9963,7.2771,3,RIGHT_MI
9099,35.54296875,-0.6757,-10.116,4.6188,5.4114,3,RIGHT_MI
9100,35.546875,-3.1406,-5.0306,5.2966,8.5826,3,RIGHT_MI
9101,35.55078125,-1.0666,-1.8004,5.9664,5.6021,3,RIGHT_MI
9102,35.5546875,-1.6333,-3.9241,5.251,4.285,3,RIGHT_MI
9103,35.55859375,-3.4117,-3.2319,5.6132,5.8825,3,RIGHT_MI
9104,35.5625,1.3177,-2.0942,2.062,4.9438,3,RIGHT_MI
9105,35.56640625,3.7545,-9.2935,0.124,10.5101,3,RIGHT_MI
9106,35.5703125,-2.3916,-5.3199,0.0397,-0.7557,3,RIGHT_MI
9107,35.57421875,0.5032,-2.9725,-2.4168,0.2438,3,RIGHT_MI
9108,35.578125,-2.2644,-2.9273,-6.4035,-4.6077,3,RIGHT_MI
9109,35.58203125,-6.8924,-8.4367,-2.7501,-13.0183,3,RIGHT_MI
9110,35.5859375,-7.6388,0.7706,-5.78,-8.9486,3,RIGHT_MI
9111,35.58984375,0.0844,-4.1267,-10.3423,-9.6994,3,RIGHT_MI
9112,35.59375,-3.3242,5.5666,-6.407,-6.8717,3,RIGHT_MI
9113,35.59765625,-6.8138,-0.3256,-7.7831,1.9819,3,RIGHT_MI
9114,35.6015625,6.9127,8.7209,-5.8955,-5.9513,3,RIGHT_MI
9115,35.60546875,5.8805,5.2187,-7.6013,-0.6017,3,RIGHT_MI
9116,35.609375,8.1415,13.2557,4.6272,0.5693,3,RIGHT_MI
9117,35.61328125,-4.0379,13.9112,0.1919,0.1676,3,RIGHT_MI
9118,35.6171875,8.324,5.6901,-1.6524,-0.191,3,RIGHT_MI
9119,35.62109375,1.1861,4.4815,0.7645,0.4179,3,RIGHT_MI
9120,35.625,2.5509,3.4262,5.8756,2.0772,3,RIGHT_MI
9121,35.62890625,5.4315,4.8538,0.4623,4.8834,3,RIGHT_MI
9122,35.6328125,-0.2077,2.1733,8.5238,3.5731,3,RIGHT_MI
9123,35.63671875,-5.7393,0.4822,0.7263,5.0713,3,RIGHT_MI
9124,35.640625,-4.0327,1.6647,-1.9227,0.8149,3,RIGHT_MI
9125,35.64453125,2.5341,0.4453,1.6338,2.2286,3,RIGHT_MI
9126,35.6484375,-0.3786,-7.664,0.6026,1.9804,3,RIGHT_MI
9127,35.65234375,3.6143,-1.5456,4.8627,4.5696,3,RIGHT_MI
9128,35.65625,1.5793,-3.3282,6.5461,4.8884,3,RIGHT_MI
9129,35.66015625,1.7301,2.8402,6.5245,10.7524,3,RIGHT_MI
9130,35.6640625,-1.5936,-7.7037,6.8973,0.2364,3,RIGHT_MI
9131,35.66796875,0.6548,-3.0858,1.2239,3.0521,3,RIGHT_MI
9132,35.671875,-0.9577,-0.7567,-4.6466,3.3073,3,RIGHT_MI
9133,35.67578125,-0.0865,-4.2641,-6.6269,-7.3523,3,RIGHT_MI
9134,35.6796875,-4.8022,-1.8395,-5.203,-8.0774,3,RIGHT_MI
9135,35.68359375,-2.1938,-6.4383,-9.2576,-10.0969,3,RIGHT_MI
9136,35.6875,-4.5436,-3.5581,-4.2983,-13.9996,3,RIGHT_MI
9137,35.69140625,-6.3238,-2.7312,-3.0553,-4.1459,3,RIGHT_MI
9138,35.6953125,0.5688,0.7388,-4.372,-9.7534,3,RIGHT_MI
9139,35.69921875,1.9706,-0.4105,-3.5566,-5.0419,3,RIGHT_MI
9140,35.703125,-0.9234,5.8102,-1.3515,-4.1102,3,RIGHT_MI
9141,35.70703125,0.2331,6.6649,1.7912,4.8937,3,RIGHT_MI
9142,35.7109375,1.6556,8.7515,-0.8864,4.9458,3,RIGHT_MI
9143,35.71484375,3.4916,10.292,1.052,0.0882,3,RIGHT_MI
9144,35.71875,5.2807,8.4007,2.1305,6.4466,3,RIGHT_MI
9145,35.72265625,5.3312,10.397,8.0772,5.5403,3,RIGHT_MI
9146,35.7265625,1.3226,-1.251,3.7033,8.4846,3,RIGHT_MI
9147,35.73046875,-2.4041,-1.2707,2.0885,5.5583,3,RIGHT_MI
9148,35.734375,-1.2384,-2.8819,3.1066,3.9385,3,RIGHT_MI
9149,35.73828125,-3.1546,-7.4248,7.3994,-4.6584,3,RIGHT_MI
9150,35.7421875,0.2448,-7.1296,4.4308,7.4025,3,RIGHT_MI
9151,35.74609375,-1.4996,-7.1454,2.8156,1.9156,3,RIGHT_MI
9152,35.75,0.015,-5.9933,5.0294,5.7337,3,RIGHT_MI
9153,35.75390625,2.9209,-2.9129,7.8452,5.477,3,RIGHT_MI
9154,35.7578125,1.2826,-3.331,4.3701,2.166,3,RIGHT_MI
9155,35.76171875,0.1104,-8.2546,5.7235,-0.5584,3,RIGHT_MI
9156,35.765625,-3.6535,-5.3559,8.603,0.0915,3,RIGHT_MI
9157,35.76953125,0.7167,-0.5338,2.1449,0.9325,3,RIGHT_MI
9158,35.7734375,-3.7873,3.4949,-6.1048,-2.3609,3,RIGHT_MI
9159,35.77734375,0.4227,-3.5373,-5.8896,-3.1215,3,RIGHT_MI
9160,35.78125,-4.0161,-7.3073,-7.9302,-7.1379,3,RIGHT_MI
9161,35.78515625,-6.0693,-7.1469,-11.4589,-11.1535,3,RIGHT_MI
9162,35.7890625,-2.7754,-2.6795,-7.5113,-8.1651,3,RIGHT_MI
9163,35.79296875,-0.2618,0.6498,-10.2268,-13.8931,3,RIGHT_MI
9164,35.796875,-3.434,0.1469,-3.3878,-6.1021,3,RIGHT_MI
9165,35.80078125,6.3513,4.0596,-2.0171,-3.294,3,RIGHT_MI
9166,35.8046875,7.4116,7.2715,5.553,0.9196,3,RIGHT_MI
9167,35.80859375,4.4296,1.5416,-0.0334,1.9834,3,RIGHT_MI
9168,35.8125,2.9782,4.4662,-1.271,0.029,3,RIGHT_MI
9169,35.81640625,1.1117,10.0022,4.487,11.2015,3,RIGHT_MI
9170,35.8203125,3.9997,11.8101,6.1145,4.0252,3,RIGHT_MI
9171,35.82421875,5.8495,0.9698,3.561,0.3374,3,RIGHT_MI
9172,35.828125,-3.0902,-1.9691,1.7591,3.8514,3,RIGHT_MI
9173,35.83203125,-6.6112,-2.2065,8.8576,1.7825,3,RIGHT_MI
9174,35.8359375,-2.6725,-2.644,3.812,5.0922,3,RIGHT_MI
9175,35.83984375,0.6142,-2.2046,3.6814,1.8071,3,RIGHT_MI
9176,35.84375,-0.5284,-2.6031,-0.871,7.1066,3,RIGHT_MI
9177,35.84765625,1.0172,-3.8745,2.5249,4.6237,3,RIGHT_MI
9178,35.8515625,4.6943,-6.4153,1.548,10.0073,3,RIGHT_MI
9179,35.85546875,-1.8398,-5.0552,7.0572,4.3559,3,RIGHT_MI
9180,35.859375,2.3547,-4.4941,4.3902,6.1473,3,RIGHT_MI
9181,35.86328125,-1.5918,0.709,2.282,3.6228,3,RIGHT_MI
9182,35.8671875,2.3976,0.1746,6.2612,-1.0684,3,RIGHT_MI
9183,35.87109375,3.7895,-0.734,0.2204,-3.5666,3,RIGHT_MI
9184,35.875,-0.5575,-2.2339,-7.3549,-5.3019,3,RIGHT_MI
9185,35.87890625,-2.9804,6.97,-6.1121,-2.3287,3,RIGHT_MI
9186,35.8828125,-8.3769,-3.1851,-8.4588,-8.5152,3,RIGHT_MI
9187,35.88671875,0.1821,0.6791,-8.7964,-9.5065,3,RIGHT_MI
9188,35.890625,-5.6188,3.6528,-10.0875,-10.6077,3,RIGHT_MI
9189,35.89453125,0.7792,4.9874,-10.5869,-2.196,3,RIGHT_MI
9190,35.8984375,-3.2524,2.3508,-7.6452,-1.9173,3,RIGHT_MI
9191,35.90234375,-1.3076,10.8863,-9.7657,3.7303,3,RIGHT_MI
9192,35.90625,1.7082,11.8575,-2.6615,0.6389,3,RIGHT_MI
9193,35.91015625,2.5144,5.3858,2.0024,5.3589,3,RIGHT_MI
9194,35.9140625,4.4731,16.4667,6.8157,3.175,3,RIGHT_MI
9195,35.91796875,8.0988,7.4293,-2.3634,5.2929,3,RIGHT_MI
9196,35.921875,3.9313,3.8861,2.346,5.8753,3,RIGHT_MI
9197,35.92578125,3.548,1.1095,4.6366,3.3182,3,RIGHT_MI
9198,35.9296875,3.9131,-1.4369,6.4644,0.482,3,RIGHT_MI
9199,35.93359375,-4.2414,-5.3825,2.3879,0.2901,3,RIGHT_MI
9200,35.9375,2.1818,-2.037,3.8038,-0.1296,3,RIGHT_MI
9201,35.94140625,2.7706,-7.2282,1.8369,2.6638,3,RIGHT_MI
9202,35.9453125,2.6501,-6.9623,1.9939,2.0601,3,RIGHT_MI
9203,35.94921875,0.4499,0.4054,3.0332,-0.9185,3,RIGHT_MI
9204,35.953125,1.6325,-8.9884,3.3639,-0.9117,3,RIGHT_MI
9205,35.95703125,3.9228,-8.8346,5.4316,5.429,3,RIGHT_MI
9206,35.9609375,-2.597,-2.5377,3.962,-4.2223,3,RIGHT_MI
9207,35.96484375,7.3324,1.2174,8.7039,-0.9811,3,RIGHT_MI
9208,35.96875,1.58,1.2042,2.0219,-3.8441,3,RIGHT_MI
9209,35.97265625,2.6455,-3.5305,-2.4004,-1.3108,3,RIGHT_MI
9210,35.9765625,-0.43,2.132,-4.6149,-6.0344,3,RIGHT_MI
9211,35.98046875,-6.9132,-0.3177,-3.9287,-6.092,3,RIGHT_MI
9212,35.984375,1.9208,1.4997,-10.3724,-6.5757,3,RIGHT_MI
9213,35.98828125,-4.5493,-0.2436,-8.6095,-6.9125,3,RIGHT_MI
9214,35.9921875,0.0103,5.2156,-8.2416,-7.2389,3,RIGHT_MI
9215,35.99609375,-0.4067,6.7066,-1.5259,-3.8306,3,RIGHT_MI
9216,36.0,0.2415,9.012,-3.7578,-1.6014,3,RIGHT_MI
9217,36.00390625,1.9749,4.9662,-8.1377,3.2614,3,RIGHT_MI
9218,36.0078125,6.2736,8.9203,-2.5315,4.7854,3,RIGHT_MI
9219,36.01171875,3.0007,8.4109,-1.6082,12.0101,3,RIGHT_MI
9220,36.015625,-1.6202,10.7264,-8.3641,4.8558,3,RIGHT_MI
9221,36.01953125,-3.9413,2.7394,-2.1044,8.4817,3,RIGHT_MI
9222,36.0234375,2.2644,7.1201,4.4649,10.1663,3,RIGHT_MI
9223,36.02734375,1.6293,0.275,-0.1807,4.0522,3,RIGHT_MI
9224,36.03125,1.7018,-2.1667,1.1436,3.3118,3,RIGHT_MI
9225,36.03515625,1.9824,-6.1557,0.6992,1.103,3,RIGHT_MI
9226,36.0390625,-2.4225,-7.8436,4.675,0.3196,3,RIGHT_MI
9227,36.04296875,3.616,-6.5126,2.4358,-2.2631,3,RIGHT_MI
9228,36.046875,0.8988,-5.7605,7.9627,-2.989,3,RIGHT_MI
9229,36.05078125,-0.6602,-11.7287,13.5432,-0.0018,3,RIGHT_MI
9230,36.0546875,3.0298,-9.4539,6.1493,6.9529,3,RIGHT_MI
9231,36.05859375,3.9557,-2.9532,8.9481,3.7244,3,RIGHT_MI
9232,36.0625,-0.064,-5.573,9.8027,-1.9529,3,RIGHT_MI
9233,36.06640625,-0.8293,-8.8998,0.9643,-1.6269,3,RIGHT_MI
9234,36.0703125,-2.5225,-1.0771,2.8855,-3.0185,3,RIGHT_MI
9235,36.07421875,-4.5585,2.6283,-2.0697,-3.2933,3,RIGHT_MI
9236,36.078125,0.2135,-2.9613,-3.8635,-9.0628,3,RIGHT_MI
9237,36.08203125,-10.9405,-2.1827,-8.5774,-6.4986,3,RIGHT_MI
9238,36.0859375,-4.1942,2.8298,-3.7303,-5.1839,3,RIGHT_MI
9239,36.08984375,-4.7793,-0.0835,-6.4259,-7.6772,3,RIGHT_MI
9240,36.09375,-0.1799,5.735,-6.6655,-1.9581,3,RIGHT_MI
9241,36.09765625,-0.3874,5.9967,-9.4047,2.7846,3,RIGHT_MI
9242,36.1015625,-1.3979,6.2758,-6.366,7.3162,3,RIGHT_MI
9243,36.10546875,3.1811,8.898,-1.7254,5.3517,3,RIGHT_MI
9244,36.109375,0.6602,5.7741,1.428,10.1427,3,RIGHT_MI
9245,36.11328125,3.4332,7.2443,-0.2535,7.0134,3,RIGHT_MI
9246,36.1171875,2.7433,6.7357,-5.3633,3.1113,3,RIGHT_MI
9247,36.12109375,4.7224,7.1834,0.2355,8.7741,3,RIGHT_MI
9248,36.125,-1.4089,-2.9203,3.3916,7.1228,3,RIGHT_MI
9249,36.12890625,3.3676,-1.0232,-2.1032,-7.2694,3,RIGHT_MI
9250,36.1328125,2.8377,-0.2112,3.6298,3.8463,3,RIGHT_MI
9251,36.13671875,-3.5854,-3.3308,0.8126,-5.6551,3,RIGHT_MI
9252,36.140625,-4.3189,-8.5295,7.2335,0.6248,3,RIGHT_MI
9253,36.14453125,-0.1877,-14.4655,1.8087,-0.2125,3,RIGHT_MI
9254,36.1484375,0.1876,-6.7458,1.1559,-5.4039,3,RIGHT_MI
9255,36.15234375,-3.5468,-5.8547,8.9892,-8.1466,3,RIGHT_MI
9256,36.15625,3.1712,-5.169,3.7401,1.7931,3,RIGHT_MI
9257,36.16015625,3.2646,-7.1844,14.3558,-5.7008,3,RIGHT_MI
9258,36.1640625,1.1788,0.3134,5.2457,-7.0009,3,RIGHT_MI
9259,36.16796875,0.6837,-1.6935,4.5503,-3.3519,3,RIGHT_MI
9260,36.171875,-0.6825,-4.0385,6.2426,1.1474,3,RIGHT_MI
9261,36.17578125,-2.27,-3.5073,2.3367,-0.7547,3,RIGHT_MI
9262,36.1796875,-5.0103,-1.7703,-2.9474,-3.5061,3,RIGHT_MI
9263,36.18359375,-5.4362,1.8423,-6.7339,-8.3562,3,RIGHT_MI
9264,36.1875,-0.4525,-0.3441,-8.6104,-6.3697,3,RIGHT_MI
9265,36.19140625,-1.773,8.184,-12.3489,0.7535,3,RIGHT_MI
9266,36.1953125,-4.747,2.9964,-8.3249,0.508,3,RIGHT_MI
9267,36.19921875,2.8825,6.1898,-5.2118,6.1938,3,RIGHT_MI
9268,36.203125,0.6412,8.211,-4.3145,2.8464,3,RIGHT_MI
9269,36.20703125,4.8332,7.8488,-1.6605,9.7795,3,RIGHT_MI
9270,36.2109375,-0.2285,10.5942,1.0141,9.6797,3,RIGHT_MI
9271,36.21484375,5.2669,4.9924,-1.1637,7.8812,3,RIGHT_MI
9272,36.21875,3.6033,10.7365,0.21,7.8976,3,RIGHT_MI
9273,36.22265625,0.2566,-1.4636,-4.0074,2.9327,3,RIGHT_MI
9274,36.2265625,7.3293,-1.6929,-4.8598,2.9659,3,RIGHT_MI
9275,36.23046875,-2.1835,-6.1152,1.5583,-0.9987,3,RIGHT_MI
9276,36.234375,-2.3787,-2.8322,-1.2228,2.7254,3,RIGHT_MI
9277,36.23828125,-5.0074,-9.7856,-0.6882,-2.5784,3,RIGHT_MI
9278,36.2421875,-5.9897,-6.7811,5.1986,-3.8193,3,RIGHT_MI
9279,36.24609375,-5.902,-5.6098,2.0228,-3.6601,3,RIGHT_MI
9280,36.25,2.1264,-10.9244,5.5603,-1.7642,3,RIGHT_MI
9281,36.25390625,1.0445,-3.0623,0.4353,-5.1947,3,RIGHT_MI
9282,36.2578125,0.0069,-0.5358,3.0394,-3.661,3,RIGHT_MI
9283,36.26171875,-0.6509,-0.9517,11.9227,-5.425,3,RIGHT_MI
9284,36.265625,3.6265,1.6355,7.6503,-0.6643,3,RIGHT_MI
9285,36.26953125,-0.6217,-4.7407,4.2361,0.219,3,RIGHT_MI
9286,36.2734375,-0.3163,3.314,0.2564,-7.8764,3,RIGHT_MI
9287,36.27734375,0.3929,0.3471,-1.9598,-5.2602,3,RIGHT_MI
9288,36.28125,-1.7126,3.2881,-6.1431,-2.0224,3,RIGHT_MI
9289,36.28515625,-6.8157,2.064,-4.911,-1.969,3,RIGHT_MI
9290,36.2890625,-1.6915,-4.8557,-12.2593,-1.0676,3,RIGHT_MI
9291,36.29296875,-5.8891,4.1679,-5.4065,-1.042,3,RIGHT_MI
9292,36.296875,-0.7016,1.3493,-6.6897,3.6261,3,RIGHT_MI
9293,36.30078125,-1.3928,6.8762,-6.537,5.885,3,RIGHT_MI
9294,36.3046875,2.3835,8.5069,3.5882,10.4061,3,RIGHT_MI
9295,36.30859375,3.5499,7.5575,-11.3693,14.187,3,RIGHT_MI
9296,36.3125,1.4082,11.1395,-0.8441,8.4955,3,RIGHT_MI
9297,36.31640625,7.7926,1.9628,-4.5386,11.3565,3,RIGHT_MI
9298,36.3203125,1.7798,4.8234,-3.6241,6.3518,3,RIGHT_MI
9299,36.32421875,1.2433,2.9931,6.1665,7.1228,3,RIGHT_MI
9300,36.328125,-5.8232,-1.1782,2.5628,-2.7319,3,RIGHT_MI
9301,36.33203125,-1.2026,-8.8043,-1.5729,-4.5995,3,RIGHT_MI
9302,36.3359375,-1.5117,-6.3135,0.4032,-4.2572,3,RIGHT_MI
9303,36.33984375,-3.2171,-9.2046,6.3148,-6.1557,3,RIGHT_MI
9304,36.34375,1.0635,-11.5052,4.4623,-7.1305,3,RIGHT_MI
9305,36.34765625,1.8531,-11.2164,0.2028,-3.6687,3,RIGHT_MI
9306,36.3515625,1.6679,-3.2576,9.6961,-1.0936,3,RIGHT_MI
9307,36.35546875,3.8509,-4.127,8.2172,0.8066,3,RIGHT_MI
9308,36.359375,2.9891,0.7035,5.3569,-0.6811,3,RIGHT_MI
9309,36.36328125,2.1021,1.1945,12.2361,0.5193,3,RIGHT_MI
9310,36.3671875,-0.91,-2.4931,5.7007,0.2324,3,RIGHT_MI
9311,36.37109375,-1.0303,1.6708,4.5889,-1.0487,3,RIGHT_MI
9312,36.375,0.8471,3.5927,2.4266,-3.2972,3,RIGHT_MI
9313,36.37890625,-7.3254,2.126,-4.356,-2.7225,3,RIGHT_MI
9314,36.3828125,-1.6172,-2.1674,-9.642,-1.1393,3,RIGHT_MI
9315,36.38671875,-2.9729,0.9485,-10.1919,3.9997,3,RIGHT_MI
9316,36.390625,-0.812,1.8353,-3.0211,2.7685,3,RIGHT_MI
9317,36.39453125,-3.0767,5.1485,-8.1345,1.0707,3,RIGHT_MI
9318,36.3984375,-2.6078,10.8913,-5.1942,-0.1939,3,RIGHT_MI
9319,36.40234375,2.3775,8.4824,-4.3295,2.639,3,RIGHT_MI
9320,36.40625,1.8275,2.5332,-6.4082,9.6453,3,RIGHT_MI
9321,36.41015625,5.2533,9.167,-0.4347,9.4709,3,RIGHT_MI
9322,36.4140625,5.2918,4.8056,-0.1045,8.6504,3,RIGHT_MI
9323,36.41796875,7.434,4.4991,-2.03,4.4869,3,RIGHT_MI
9324,36.421875,5.4408,2.1788,3.8397,-0.0169,3,RIGHT_MI
9325,36.42578125,1.8265,-3.0781,-5.2585,1.6045,3,RIGHT_MI
9326,36.4296875,1.3591,-2.5819,-4.0496,-0.2029,3,RIGHT_MI
9327,36.43359375,-1.2979,-0.5921,4.693,-9.9169,3,RIGHT_MI
9328,36.4375,3.5435,-8.7048,2.805,-6.293,3,RIGHT_MI
9329,36.44140625,-1.5393,-14.4453,8.0847,-0.1331,3,RIGHT_MI
9330,36.4453125,1.271,-9.4741,3.7994,-8.2419,3,RIGHT_MI
9331,36.44921875,-0.6687,-9.0824,11.7865,-9.9111,3,RIGHT_MI
9332,36.453125,0.821,-4.5411,10.1211,-1.252,3,RIGHT_MI
9333,36.45703125,-3.5114,-3.3961,9.0946,-2.6412,3,RIGHT_MI
9334,36.4609375,0.8065,5.2556,8.7832,0.8466,3,RIGHT_MI
9335,36.46484375,6.2094,-1.8714,5.1239,-3.411,3,RIGHT_MI
9336,36.46875,-2.6921,-3.1059,6.5003,-0.4346,3,RIGHT_MI
9337,36.47265625,1.3273,2.1878,6.4556,-0.4018,3,RIGHT_MI
9338,36.4765625,-4.1597,-3.3506,-2.1689,-0.4371,3,RIGHT_MI
9339,36.48046875,-4.061,4.5018,-3.7704,-1.5891,3,RIGHT_MI
9340,36.484375,-6.4997,5.3887,-10.1333,3.1643,3,RIGHT_MI
9341,36.48828125,-1.1225,2.8327,-9.0107,-6.0339,3,RIGHT_MI
9342,36.4921875,-1.2333,1.8714,-9.236,2.3752,3,RIGHT_MI
9343,36.49609375,-1.2668,5.5973,-8.7294,2.3021,3,RIGHT_MI
9344,36.5,0.0773,8.2825,-10.4715,5.8666,3,RIGHT_MI
9345,36.50390625,3.0176,3.9986,-2.0767,8.413,3,RIGHT_MI
9346,36.5078125,5.3242,1.9628,-0.2009,10.5053,3,RIGHT_MI
9347,36.51171875,5.4223,5.156,-2.3927,7.4772,3,RIGHT_MI
9348,36.515625,6.902,2.8992,-4.9559,9.2419,3,RIGHT_MI
9349,36.51953125,1.9037,6.3718,-5.3359,3.7221,3,RIGHT_MI
9350,36.5234375,0.8907,0.4257,-6.7934,1.4889,3,RIGHT_MI
9351,36.52734375,2.3549,0.7818,4.5946,1.3362,3,RIGHT_MI
9352,36.53125,4.0028,-0.8656,-1.4222,-4.9643,3,RIGHT_MI
9353,36.53515625,2.1734,-5.311,0.0145,-5.6672,3,RIGHT_MI
9354,36.5390625,0.4388,-10.4553,-4.3268,-5.7183,3,RIGHT_MI
9355,36.54296875,1.2004,-12.3062,-4.4126,-10.2651,3,RIGHT_MI
9356,36.546875,2.8517,-2.1925,6.5482,-3.9825,3,RIGHT_MI
9357,36.55078125,0.9299,-4.3515,7.2306,-2.5741,3,RIGHT_MI
9358,36.5546875,-4.2204,-2.5821,7.1425,-4.8382,3,RIGHT_MI
9359,36.55859375,2.9365,2.532,5.744,-4.6308,3,RIGHT_MI
9360,36.5625,0.9144,2.5033,9.297,2.4335,3,RIGHT_MI
9361,36.56640625,2.5116,2.153,11.3189,1.5758,3,RIGHT_MI
9362,36.5703125,1.7778,3.5322,4.3999,1.9111,3,RIGHT_MI
9363,36.57421875,-3.6518,1.4135,7.2988,0.3335,3,RIGHT_MI
9364,36.578125,-4.6112,1.2662,1.8386,-2.1665,3,RIGHT_MI
9365,36.58203125,-10.9594,3.3956,-11.2988,1.8274,3,RIGHT_MI
9366,36.5859375,0.4203,-4.7279,-1.7415,1.8062,3,RIGHT_MI
9367,36.58984375,-2.954,1.1343,-7.225,-1.0417,3,RIGHT_MI
9368,36.59375,-1.828,-2.1127,-2.1629,3.2487,3,RIGHT_MI
9369,36.59765625,-0.0836,1.7366,-7.1996,5.0409,3,RIGHT_MI
9370,36.6015625,1.9728,2.8138,-3.9858,5.3454,3,RIGHT_MI
9371,36.60546875,0.4918,11.4104,-5.7279,9.7962,3,RIGHT_MI
9372,36.609375,3.9598,6.1557,0.5802,9.0031,3,RIGHT_MI
9373,36.61328125,2.4168,7.6788,-3.9729,9.9523,3,RIGHT_MI
9374,36.6171875,7.3512,8.5261,-2.8077,0.6705,3,RIGHT_MI
9375,36.62109375,-4.2266,1.221,-5.7499,0.1371,3,RIGHT_MI
9376,36.625,3.4471,-6.4971,-2.8784,-0.9298,3,RIGHT_MI
9377,36.62890625,1.1023,-0.5083,1.4393,-6.1215,3,RIGHT_MI
9378,36.6328125,-0.9824,-12.9251,-1.129,-7.4232,3,RIGHT_MI
9379,36.63671875,-2.6645,-7.7496,-5.9496,-9.4093,3,RIGHT_MI
9380,36.640625,-3.5944,-10.4716,-1.7108,-7.3822,3,RIGHT_MI
9381,36.64453125,1.8716,-9.072,2.7858,-7.442,3,RIGHT_MI
9382,36.6484375,2.375,-4.3799,7.5142,-2.0807,3,RIGHT_MI
9383,36.65234375,0.6157,-6.275,1.9646,-5.4321,3,RIGHT_MI
9384,36.65625,-5.1499,-4.4247,7.2166,3.6448,3,RIGHT_MI
9385,36.66015625,3.8004,-1.9044,5.4662,1.2015,3,RIGHT_MI
9386,36.6640625,0.1033,5.6003,15.9752,1.2117,3,RIGHT_MI
9387,36.66796875,-1.3989,-0.7944,8.382,2.5456,3,RIGHT_MI
9388,36.671875,0.2401,6.6905,8.933,4.5038,3,RIGHT_MI
9389,36.67578125,-2.6968,2.9346,3.2556,8.8549,3,RIGHT_MI
9390,36.6796875,-8.5455,4.4319,-1.1392,2.2875,3,RIGHT_MI
9391,36.68359375,-3.3953,3.7733,-2.1659,3.3239,3,RIGHT_MI
9392,36.6875,-4.3252,-4.3225,-3.8816,5.2133,3,RIGHT_MI
9393,36.69140625,-5.8766,5.7059,-4.7711,7.7117,3,RIGHT_MI
9394,36.6953125,-8.3796,4.2343,-8.6495,8.1292,3,RIGHT_MI
9395,36.69921875,-1.3238,5.0604,-7.1465,1.715,3,RIGHT_MI
9396,36.703125,4.5415,6.9742,-2.6487,4.4251,3,RIGHT_MI
9397,36.70703125,8.2601,8.0992,-8.3957,5.2024,3,RIGHT_MI
9398,36.7109375,2.2309,8.2483,-5.051,0.2585,3,RIGHT_MI
9399,36.71484375,6.9817,3.4854,-4.8782,4.071,3,RIGHT_MI
9400,36.71875,3.3878,-2.1883,-0.9639,0.9657,3,RIGHT_MI
9401,36.72265625,3.4577,-2.3816,-1.7941,2.9459,3,RIGHT_MI
9402,36.7265625,3.0913,-4.4628,-6.8887,-6.1394,3,RIGHT_MI
9403,36.73046875,6.1974,-4.8881,-2.7477,-4.3372,3,RIGHT_MI
9404,36.734375,-1.451,-16.1952,-6.113,-11.0964,3,RIGHT_MI
9405,36.73828125,2.037,-9.1223,-2.1837,-7.3997,3,RIGHT_MI
9406,36.7421875,-1.5026,-4.7926,1.2192,-8.213,3,RIGHT_MI
9407,36.74609375,1.0631,-7.4408,8.9897,-5.6257,3,RIGHT_MI
9408,36.75,-6.4261,-4.3074,1.9564,2.6966,3,RIGHT_MI
9409,36.75390625,2.1311,-11.0645,3.7284,-3.1195,3,RIGHT_MI
9410,36.7578125,-1.7212,1.544,3.6515,4.4819,3,RIGHT_MI
9411,36.76171875,0.2869,3.8312,3.6253,2.3156,3,RIGHT_MI
9412,36.765625,-1.062,-0.628,6.0901,3.2891,3,RIGHT_MI
9413,36.76953125,0.8958,0.6003,9.5975,2.7717,3,RIGHT_MI
9414,36.7734375,-0.9867,6.1481,1.382,5.3279,3,RIGHT_MI
9415,36.77734375,1.9375,3.7554,4.4066,5.8816,3,RIGHT_MI
9416,36.78125,-3.7658,6.0112,1.5009,4.7264,3,RIGHT_MI
9417,36.78515625,-3.6044,4.2047,-2.7725,1.1727,3,RIGHT_MI
9418,36.7890625,-4.5717,0.1438,1.6209,4.856,3,RIGHT_MI
9419,36.79296875,-5.5819,2.7688,-2.1793,2.2056,3,RIGHT_MI
9420,36.796875,0.8978,-1.0501,-1.4301,2.1264,3,RIGHT_MI
9421,36.80078125,2.9952,5.8124,-6.6784,6.3613,3,RIGHT_MI
9422,36.8046875,3.2687,3.6311,1.0269,0.3313,3,RIGHT_MI
9423,36.80859375,5.0563,-4.6649,-5.5803,0.9391,3,RIGHT_MI
9424,36.8125,0.0516,5.4844,-3.8805,0.3957,3,RIGHT_MI
9425,36.81640625,4.4072,1.1377,0.4284,2.3846,3,RIGHT_MI
9426,36.8203125,4.2754,-0.8207,-4.248,-3.9342,3,RIGHT_MI
9427,36.82421875,1.5165,-2.2691,-3.6022,0.063,3,RIGHT_MI
9428,36.828125,2.9438,-4.9279,-1.0384,-9.8971,3,RIGHT_MI
9429,36.83203125,-4.9375,-6.7669,-1.1302,-12.8793,3,RIGHT_MI
9430,36.8359375,1.4875,-4.125,-5.1804,-7.5682,3,RIGHT_MI
9431,36.83984375,3.015,-9.545,-1.3751,-4.9172,3,RIGHT_MI
9432,36.84375,0.4337,-11.9286,2.2535,-2.1825,3,RIGHT_MI
9433,36.84765625,-7.3097,-4.7379,-0.8396,-3.1898,3,RIGHT_MI
9434,36.8515625,0.5671,-7.3261,8.6737,2.2351,3,RIGHT_MI
9435,36.85546875,1.284,1.1026,8.555,8.2083,3,RIGHT_MI
9436,36.859375,-2.7431,7.582,10.0362,5.292,3,RIGHT_MI
9437,36.86328125,1.9964,4.3338,8.9503,-0.0152,3,RIGHT_MI
9438,36.8671875,2.1097,5.498,7.1287,5.1203,3,RIGHT_MI
9439,36.87109375,-0.4181,6.0381,5.6789,6.8671,3,RIGHT_MI
9440,36.875,-2.4533,0.438,9.8278,4.7472,3,RIGHT_MI
9441,36.87890625,-3.5948,7.1669,2.6822,-0.7226,3,RIGHT_MI
9442,36.8828125,-4.4188,2.6221,-2.6782,3.9633,3,RIGHT_MI
9443,36.88671875,-5.1788,2.06,0.5012,0.8848,3,RIGHT_MI
9444,36.890625,-8.0729,-0.0256,-4.2537,0.467,3,RIGHT_MI
9445,36.89453125,-6.941,3.1906,-5.4556,6.1992,3,RIGHT_MI
9446,36.8984375,0.6032,10.6867,-1.5155,1.0905,3,RIGHT_MI
9447,36.90234375,1.5338,4.6262,-5.706,0.5045,3,RIGHT_MI
9448,36.90625,3.3226,5.4413,-2.1308,1.2862,3,RIGHT_MI
9449,36.91015625,7.5156,2.4325,1.9914,-1.4305,3,RIGHT_MI
9450,36.9140625,7.5147,-1.0202,0.4766,0.9704,3,RIGHT_MI
9451,36.91796875,4.1743,-6.3311,-2.8892,-1.2776,3,RIGHT_MI
9452,36.921875,7.6145,-4.4657,-7.431,-8.3483,3,RIGHT_MI
9453,36.92578125,-3.4858,-1.9374,-6.8747,-5.3342,3,RIGHT_MI
9454,36.9296875,-2.9666,-5.4525,-4.2657,-5.6746,3,RIGHT_MI
9455,36.93359375,1.4434,-10.4898,-3.0054,-10.2036,3,RIGHT_MI
9456,36.9375,1.7527,-11.4827,-10.8043,-13.4067,3,RIGHT_MI
9457,36.94140625,-1.4215,-5.8615,-0.5231,-9.7152,3,RIGHT_MI
9458,36.9453125,-1.1087,-7.7076,2.0556,-5.5505,3,RIGHT_MI
9459,36.94921875,1.4911,-3.457,6.5347,-1.2537,3,RIGHT_MI
9460,36.953125,-0.8982,6.2176,5.6747,-1.4195,3,RIGHT_MI
9461,36.95703125,7.491,2.5007,10.0227,1.6555,3,RIGHT_MI
9462,36.9609375,3.4461,5.2741,7.2646,4.5689,3,RIGHT_MI
9463,36.96484375,2.2406,8.5258,5.0875,1.8764,3,RIGHT_MI
9464,36.96875,-0.3225,4.1506,6.375,3.5971,3,RIGHT_MI
9465,36.97265625,-2.0789,2.2785,6.1385,5.4968,3,RIGHT_MI
9466,36.9765625,-5.6423,1.1265,5.2169,2.4552,3,RIGHT_MI
9467,36.98046875,-4.5731,10.9883,-7.7613,0.4569,3,RIGHT_MI
9468,36.984375,-2.8344,1.6384,0.6115,6.573,3,RIGHT_MI
9469,36.98828125,-2.563,1.5804,0.4477,0.4321,3,RIGHT_MI
9470,36.9921875,-4.6872,6.1019,-3.3013,-2.1884,3,RIGHT_MI
9471,36.99609375,0.0949,2.8757,-2.8728,-0.4414,3,RIGHT_MI
9472,37.0,3.5078,5.9151,-7.9806,-2.1715,3,RIGHT_MI
9473,37.00390625,0.9598,6.9312,-2.2678,2.3024,3,RIGHT_MI
9474,37.0078125,3.1827,1.8208,0.0396,6.4335,3,RIGHT_MI
9475,37.01171875,-1.8553,3.986,-0.7123,-5.0322,3,RIGHT_MI
9476,37.015625,2.0159,1.9231,3.6569,-4.7709,3,RIGHT_MI
9477,37.01953125,3.7619,-6.6471,0.7793,-4.36,3,RIGHT_MI
9478,37.0234375,-1.265,-0.9739,-4.0456,-7.2502,3,RIGHT_MI
9479,37.02734375,1.9013,-11.9163,-0.9779,-7.2261,3,RIGHT_MI
9480,37.03125,-1.1956,-9.9659,-2.2516,-7.6643,3,RIGHT_MI
9481,37.03515625,-4.1636,-4.8787,-8.7547,-3.2582,3,RIGHT_MI
9482,37.0390625,-0.4908,-13.2984,-2.484,-2.8885,3,RIGHT_MI
9483,37.04296875,-5.7642,-1.6605,1.7278,-4.766,3,RIGHT_MI
9484,37.046875,2.1085,-9.3275,7.5212,-0.6144,3,RIGHT_MI
9485,37.05078125,-2.0141,-2.5897,6.3366,3.015,3,RIGHT_MI
9486,37.0546875,-0.8459,0.5959,5.2083,4.8611,3,RIGHT_MI
9487,37.05859375,4.3339,2.4247,6.0712,7.3151,3,RIGHT_MI
9488,37.0625,-1.827,2.3864,6.8819,9.212,3,RIGHT_MI
9489,37.06640625,5.3672,2.4007,7.2516,11.7663,3,RIGHT_MI
9490,37.0703125,-8.9232,1.8496,13.5415,11.4169,3,RIGHT_MI
9491,37.07421875,-5.7542,1.8487,4.5447,8.3549,3,RIGHT_MI
9492,37.078125,-0.3002,7.759,-1.4868,6.6638,3,RIGHT_MI
9493,37.08203125,-8.5863,1.6458,2.7518,4.8736,3,RIGHT_MI
9494,37.0859375,3.4081,1.8466,4.035,-1.5153,3,RIGHT_MI
9495,37.08984375,-6.033,4.1273,-0.4139,-2.2105,3,RIGHT_MI
9496,37.09375,-0.5647,-6.664,2.7448,1.4654,3,RIGHT_MI
9497,37.09765625,-6.7605,1.5473,-4.0486,-2.7483,3,RIGHT_MI
9498,37.1015625,-0.9184,6.5245,-5.6117,-5.3043,3,RIGHT_MI
9499,37.10546875,2.0885,3.1617,-2.9811,1.097,3,RIGHT_MI
9500,37.109375,4.0933,0.9935,-4.362,-4.1479,3,RIGHT_MI
9501,37.11328125,10.5719,4.3973,-5.1232,-1.6324,3,RIGHT_MI
9502,37.1171875,5.0965,-1.5544,-1.5498,-3.9859,3,RIGHT_MI
9503,37.12109375,1.6297,-2.7353,-3.131,-11.5638,3,RIGHT_MI
9504,37.125,-1.1705,-9.2016,-9.9546,-3.107,3,RIGHT_MI
9505,37.12890625,4.8621,-4.9925,-11.5181,0.2271,3,RIGHT_MI
9506,37.1328125,-0.9444,-8.0889,-4.6666,-5.9928,3,RIGHT_MI
9507,37.13671875,3.1791,-11.0221,-6.5857,-4.4439,3,RIGHT_MI
9508,37.140625,-2.6997,-6.6613,-6.177,-2.7655,3,RIGHT_MI
9509,37.14453125,0.3198,-8.0715,1.8787,2.6934,3,RIGHT_MI
9510,37.1484375,0.8858,-7.6762,3.1229,5.6276,3,RIGHT_MI
9511,37.15234375,3.7377,-0.1181,2.9509,3.2385,3,RIGHT_MI
9512,37.15625,-4.994,1.6592,7.3056,2.7114,3,RIGHT_MI
9513,37.16015625,0.1031,2.8792,8.8627,10.5715,3,RIGHT_MI
9514,37.1640625,4.4822,4.0654,4.6103,8.4308,3,RIGHT_MI
9515,37.16796875,2.0222,6.2406,5.1716,2.9645,3,RIGHT_MI
9516,37.171875,-2.5369,11.185,7.6336,8.2892,3,RIGHT_MI
9517,37.17578125,-5.4662,5.8994,3.742,6.0307,3,RIGHT_MI
9518,37.1796875,-7.6532,2.9172,0.3263,-1.9708,3,RIGHT_MI
9519,37.18359375,-5.3201,5.2908,2.6833,-1.3099,3,RIGHT_MI
9520,37.1875,-3.9561,2.9394,1.4372,-0.8324,3,RIGHT_MI
9521,37.19140625,-11.7685,2.5198,-2.1716,3.8443,3,RIGHT_MI
9522,37.1953125,-2.5347,6.1249,2.7764,-8.8628,3,RIGHT_MI
9523,37.19921875,-3.0208,3.1639,-1.0594,2.5724,3,RIGHT_MI
9524,37.203125,5.7792,1.3045,-6.9995,-8.6429,3,RIGHT_MI
9525,37.20703125,1.6299,4.3146,-7.8545,-0.463,3,RIGHT_MI
9526,37.2109375,2.4211,-4.0772,1.4629,-1.2087,3,RIGHT_MI
9527,37.21484375,12.408,-4.6043,-4.4964,-7.8303,3,RIGHT_MI
9528,37.21875,3.645,-2.9644,-0.6339,-0.2738,3,RIGHT_MI
9529,37.22265625,5.2471,1.3423,-2.0126,-4.1508,3,RIGHT_MI
9530,37.2265625,-1.0408,-2.3005,-2.1898,-7.5123,3,RIGHT_MI
9531,37.23046875,0.8425,-9.0295,-9.8281,-5.9254,3,RIGHT_MI
9532,37.234375,3.0689,-10.2304,-10.8895,-1.499,3,RIGHT_MI
9533,37.23828125,-7.0404,-9.8527,-10.7336,1.7328,3,RIGHT_MI
9534,37.2421875,-8.8201,-11.4264,0.0554,-1.0766,3,RIGHT_MI
9535,37.24609375,-2.101,-5.6352,3.6304,3.5954,3,RIGHT_MI
9536,37.25,4.2912,-4.5809,2.8625,4.1468,3,RIGHT_MI
9537,37.25390625,2.8524,2.0426,5.4945,5.4789,3,RIGHT_MI
9538,37.2578125,-2.8742,4.9898,8.3622,11.8909,3,RIGHT_MI
9539,37.26171875,4.1901,4.1938,10.2435,11.8929,3,RIGHT_MI
9540,37.265625,-2.4015,2.8511,9.1851,15.0948,3,RIGHT_MI
9541,37.26953125,1.569,7.5476,8.3606,6.1503,3,RIGHT_MI
9542,37.2734375,-5.9243,4.9465,6.3085,10.0785,3,RIGHT_MI
9543,37.27734375,-0.5993,8.5196,5.5215,5.101,3,RIGHT_MI
9544,37.28125,0.131,5.6899,5.3745,-3.9411,3,RIGHT_MI
9545,37.28515625,-6.4172,5.7696,-0.1655,-1.5434,3,RIGHT_MI
9546,37.2890625,-4.7159,3.5166,-4.4372,-6.5487,3,RIGHT_MI
9547,37.29296875,-0.2872,1.8559,1.2335,-7.242,3,RIGHT_MI
9548,37.296875,-4.5391,4.1696,0.5125,-6.6061,3,RIGHT_MI
9549,37.30078125,-2.2385,-2.2885,-1.0051,-3.86,3,RIGHT_MI
9550,37.3046875,-0.9632,-0.4326,-6.0789,1.6913,3,RIGHT_MI
9551,37.30859375,1.3323,-1.2797,-5.2554,-10.8587,3,RIGHT_MI
9552,37.3125,2.4889,-3.6522,-2.8669,-2.3422,3,RIGHT_MI
9553,37.31640625,9.8746,-4.0502,-0.7669,1.6658,3,RIGHT_MI
9554,37.3203125,4.2912,-0.5279,-9.3526,-1.9472,3,RIGHT_MI
9555,37.32421875,-3.2642,-4.3858,-0.4948,1.7644,3,RIGHT_MI
9556,37.328125,-0.1295,-7.5836,-4.2872,-4.6439,3,RIGHT_MI
9557,37.33203125,-0.1813,-5.1616,-14.4072,-2.7314,3,RIGHT_MI
9558,37.3359375,-4.9331,-4.4199,-7.0372,-0.8525,3,RIGHT_MI
9559,37.33984375,-0.4459,-10.0175,-11.6032,-6.234,3,RIGHT_MI
9560,37.34375,-1.2621,-1.7107,-4.2816,3.0393,3,RIGHT_MI
9561,37.34765625,4.1742,-8.3969,2.013,4.4518,3,RIGHT_MI
9562,37.3515625,1.1955,1.4494,2.1696,7.015,3,RIGHT_MI
9563,37.35546875,1.8452,1.4503,0.2308,6.689,3,RIGHT_MI
9564,37.359375,4.8361,7.0819,7.3469,8.7407,3,RIGHT_MI
9565,37.36328125,-0.9786,6.5671,8.7443,8.7552,3,RIGHT_MI
9566,37.3671875,4.835,6.7933,7.8686,7.534,3,RIGHT_MI
9567,37.37109375,1.1943,6.7594,4.9067,10.1174,3,RIGHT_MI
9568,37.375,-5.8138,7.4466,7.9404,3.9111,3,RIGHT_MI
9569,37.37890625,-1.4621,6.5508,3.0671,-3.4135,3,RIGHT_MI
9570,37.3828125,-0.4268,1.3299,2.971,-2.6824,3,RIGHT_MI
9571,37.38671875,-2.8664,1.3216,-0.8839,-3.7208,3,RIGHT_MI
9572,37.390625,-4.2289,2.391,4.163,-1.1726,3,RIGHT_MI
9573,37.39453125,-4.3591,0.4165,0.4604,-9.0918,3,RIGHT_MI
9574,37.3984375,1.5672,-1.9693,2.3064,-12.2221,3,RIGHT_MI
9575,37.40234375,4.0473,-1.9741,0.6275,-5.7589,3,RIGHT_MI
9576,37.40625,2.4276,-0.0875,-1.524,-1.5554,3,RIGHT_MI
9577,37.41015625,3.3494,-0.5923,-4.2967,-2.834,3,RIGHT_MI
9578,37.4140625,2.1271,-0.301,-4.9701,-3.5804,3,RIGHT_MI
9579,37.41796875,0.8904,-7.611,-0.9285,-1.5557,3,RIGHT_MI
9580,37.421875,0.6449,-4.2568,-8.1552,-1.9954,3,RIGHT_MI
9581,37.42578125,2.9738,-5.8184,-0.8804,-2.7824,3,RIGHT_MI
9582,37.4296875,-2.3179,-9.4736,-2.8609,-1.461,3,RIGHT_MI
9583,37.43359375,-1.7126,-8.3122,-10.4997,-6.4971,3,RIGHT_MI
9584,37.4375,2.1204,-2.6221,-9.3609,3.853,3,RIGHT_MI
9585,37.44140625,-7.6233,-0.62,-4.3656,2.0782,3,RIGHT_MI
9586,37.4453125,-4.0737,-2.7745,-2.2237,0.2587,3,RIGHT_MI
9587,37.44921875,6.0861,-0.2285,-2.8943,6.2413,3,RIGHT_MI
9588,37.453125,1.6637,2.9328,0.5666,9.4198,3,RIGHT_MI
9589,37.45703125,-3.3204,4.2314,6.5764,7.4031,3,RIGHT_MI
9590,37.4609375,-1.1903,10.0403,6.3338,0.7849,3,RIGHT_MI
9591,37.46484375,2.5463,10.4912,10.5812,7.8538,3,RIGHT_MI
9592,37.46875,0.2846,6.5538,9.108,7.8378,3,RIGHT_MI
9593,37.47265625,-0.509,1.5026,2.7777,5.0465,3,RIGHT_MI
9594,37.4765625,3.833,4.662,10.8954,-2.6884,3,RIGHT_MI
9595,37.48046875,-1.908,2.1691,1.1536,-5.5723,3,RIGHT_MI
9596,37.484375,-2.944,0.8288,6.3545,-2.4109,3,RIGHT_MI
9597,37.48828125,-2.8233,-3.1747,1.325,-7.0429,3,RIGHT_MI
9598,37.4921875,-3.1201,2.23,1.7145,-11.3222,3,RIGHT_MI
9599,37.49609375,-3.7915,1.2519,1.5125,-10.2975,3,RIGHT_MI
9600,37.5,1.868,-5.482,3.6221,-2.4015,3,RIGHT_MI
9601,37.50390625,1.7589,1.2386,-2.3875,-1.1881,3,RIGHT_MI
9602,37.5078125,3.3855,-1.2137,-1.3526,-1.0501,3,RIGHT_MI
9603,37.51171875,1.062,-0.7953,2.4488,-8.6854,3,RIGHT_MI
9604,37.515625,3.6155,0.5199,6.6977,-3.2753,3,RIGHT_MI
9605,37.51953125,5.2753,-6.0131,-5.3062,-2.5907,3,RIGHT_MI
9606,37.5234375,2.9009,-3.9528,-7.6563,-4.2691,3,RIGHT_MI
9607,37.52734375,-0.6043,-8.9336,-2.8088,1.5792,3,RIGHT_MI
9608,37.53125,0.4888,-6.9529,-3.7795,1.5363,3,RIGHT_MI
9609,37.53515625,-3.7323,-9.659,-8.5344,2.1805,3,RIGHT_MI
9610,37.5390625,-3.7723,-2.1279,-6.826,6.1722,3,RIGHT_MI
9611,37.54296875,-2.4919,-2.9421,-5.0071,-1.207,3,RIGHT_MI
9612,37.546875,0.7609,-1.3296,-1.9257,4.1568,3,RIGHT_MI
9613,37.55078125,2.7948,4.6213,-1.2435,8.8514,3,RIGHT_MI
9614,37.5546875,2.1901,6.0977,-0.2743,13.4631,3,RIGHT_MI
9615,37.55859375,-5.6784,3.3268,-0.2022,6.9044,3,RIGHT_MI
9616,37.5625,-2.4569,9.8783,6.097,7.2787,3,RIGHT_MI
9617,37.56640625,-0.751,6.3971,8.9148,-1.5011,3,RIGHT_MI
9618,37.5703125,5.2169,5.3293,0.8199,-0.5612,3,RIGHT_MI
9619,37.57421875,-2.3134,8.4115,8.3075,-1.2767,3,RIGHT_MI
9620,37.578125,-2.4538,4.9864,2.8251,-6.0249,3,RIGHT_MI
9621,37.58203125,-1.0198,1.6228,3.8991,-5.4018,3,RIGHT_MI
9622,37.5859375,-5.1356,0.0482,3.129,-6.3248,3,RIGHT_MI
9623,37.58984375,-5.1633,-0.5283,4.166,-10.6784,3,RIGHT_MI
9624,37.59375,-6.5419,4.7446,-5.2497,-4.5379,3,RIGHT_MI
9625,37.59765625,2.1147,0.1981,3.3804,-5.1604,3,RIGHT_MI
9626,37.6015625,1.2451,-4.4152,2.0951,-5.5792,3,RIGHT_MI
9627,37.60546875,0.1857,-7.5299,-0.6332,2.0118,3,RIGHT_MI
9628,37.609375,1.7402,0.2986,-2.5345,1.3303,3,RIGHT_MI
9629,37.61328125,6.2504,-4.7388,-0.1676,-0.6872,3,RIGHT_MI
9630,37.6171875,12.6665,-11.8284,2.163,1.4777,3,RIGHT_MI
9631,37.62109375,1.034,-6.996,-6.3943,-1.7598,3,RIGHT_MI
9632,37.625,4.1377,-5.7251,-4.7518,1.104,3,RIGHT_MI
9633,37.62890625,-0.1677,-7.4072,-9.0036,1.3491,3,RIGHT_MI
9634,37.6328125,-5.9436,-2.3621,-5.9922,6.284,3,RIGHT_MI
9635,37.63671875,2.1457,-7.3839,-11.7009,4.9881,3,RIGHT_MI
9636,37.640625,1.5729,-7.4789,-6.0486,9.4514,3,RIGHT_MI
9637,37.64453125,1.2703,-3.1355,-5.0402,1.8365,3,RIGHT_MI
9638,37.6484375,-1.4231,0.655,-1.2462,3.244,3,RIGHT_MI
9639,37.65234375,0.0471,2.7195,1.1844,5.5885,3,RIGHT_MI
9640,37.65625,2.1649,6.6199,4.8643,10.3005,3,RIGHT_MI
9641,37.66015625,1.0634,10.5552,9.0874,3.2661,3,RIGHT_MI
9642,37.6640625,1.9822,9.3738,4.6656,4.36,3,RIGHT_MI
9643,37.66796875,-0.7081,7.9993,6.2922,6.7721,3,RIGHT_MI
9644,37.671875,-2.7867,2.9235,10.9906,0.2232,3,RIGHT_MI
9645,37.67578125,-6.1645,7.0426,10.4546,-1.4864,3,RIGHT_MI
9646,37.6796875,-2.4893,2.6116,2.3436,-4.8719,3,RIGHT_MI
9647,37.68359375,-2.7386,2.5344,4.4998,-12.4259,3,RIGHT_MI
9648,37.6875,-4.9002,3.7302,0.1718,-9.586,3,RIGHT_MI
9649,37.69140625,-2.6463,-5.2191,-2.7799,-9.1385,3,RIGHT_MI
9650,37.6953125,2.3465,-7.0845,-0.216,-10.7045,3,RIGHT_MI
9651,37.69921875,-4.7616,-0.129,3.4359,-4.194,3,RIGHT_MI
9652,37.703125,-1.1213,-3.2118,3.7005,-8.3299,3,RIGHT_MI
9653,37.70703125,2.0793,-4.8073,-2.1762,1.9702,3,RIGHT_MI
9654,37.7109375,8.0507,-1.3167,-4.4616,5.9939,3,RIGHT_MI
9655,37.71484375,5.6873,2.2691,2.8614,4.1828,3,RIGHT_MI
9656,37.71875,1.9669,-2.0355,0.3841,1.3258,3,RIGHT_MI
9657,37.72265625,6.7035,-2.6604,-6.4979,1.8284,3,RIGHT_MI
9658,37.7265625,-2.7357,-3.6589,-8.25,3.3346,3,RIGHT_MI
9659,37.73046875,-3.9555,0.1384,-1.0477,4.7025,3,RIGHT_MI
9660,37.734375,2.7768,-4.3287,-5.4184,-0.3171,3,RIGHT_MI
9661,37.73828125,-2.3063,-10.0895,-7.4318,0.014,3,RIGHT_MI
9662,37.7421875,1.3637,-0.5764,-5.6591,4.7206,3,RIGHT_MI
9663,37.74609375,-4.2185,-2.3672,-3.6634,6.0848,3,RIGHT_MI
9664,37.75,-2.0224,0.161,-7.3922,3.4167,3,RIGHT_MI
9665,37.75390625,3.0485,11.945,4.3834,6.8693,3,RIGHT_MI
9666,37.7578125,-2.0431,7.1902,5.3561,1.6742,3,RIGHT_MI
9667,37.76171875,-0.7527,11.312,8.7198,5.0356,3,RIGHT_MI
9668,37.765625,1.4262,16.4253,6.6519,3.0647,3,RIGHT_MI
9669,37.76953125,-1.6318,15.339,4.8783,-0.0633,3,RIGHT_MI
9670,37.7734375,1.3714,11.3758,7.1096,0.6151,3,RIGHT_MI
9671,37.77734375,-6.1131,2.359,8.8241,-4.407,3,RIGHT_MI
9672,37.78125,-5.0213,8.9874,12.2911,-5.818,3,RIGHT_MI
9673,37.78515625,-10.7536,1.0434,2.745,-7.7286,3,RIGHT_MI
9674,37.7890625,-7.0959,-1.3002,5.0904,-6.7109,3,RIGHT_MI
9675,37.79296875,0.4702,-1.2245,1.8384,-10.7221,3,RIGHT_MI
9676,37.796875,1.7806,-4.3856,2.7332,-4.8911,3,RIGHT_MI
9677,37.80078125,0.7992,-5.4292,2.1238,-0.7078,3,RIGHT_MI
9678,37.8046875,6.427,-4.0057,-0.0768,-0.6416,3,RIGHT_MI
9679,37.80859375,0.2293,0.799,6.2107,-1.6012,3,RIGHT_MI
9680,37.8125,4.6845,-6.4803,0.113,2.3135,3,RIGHT_MI
9681,37.81640625,2.6622,-6.5342,-3.7662,8.0419,3,RIGHT_MI
9682,37.8203125,6.4626,-4.5915,-2.0471,6.6528,3,RIGHT_MI
9683,37.82421875,2.1662,-6.12,-4.5406,2.2154,3,RIGHT_MI
9684,37.828125,4.4291,-4.7871,-14.0218,5.6687,3,RIGHT_MI
9685,37.83203125,-2.0189,-9.9416,-7.7898,1.0968,3,RIGHT_MI
9686,37.8359375,0.8735,-8.56,-5.8386,3.4418,3,RIGHT_MI
9687,37.83984375,0.8098,-1.6387,-9.2246,0.6378,3,RIGHT_MI
9688,37.84375,-2.7945,-0.8299,-2.2008,4.8165,3,RIGHT_MI
9689,37.84765625,-2.1996,0.494,-3.3041,-0.7146,3,RIGHT_MI
9690,37.8515625,6.0271,1.3324,-1.8323,6.7794,3,RIGHT_MI
9691,37.85546875,-0.3013,4.2886,1.1437,1.323,3,RIGHT_MI
9692,37.859375,-1.0644,11.1678,-0.0535,1.3527,3,RIGHT_MI
9693,37.86328125,0.7064,7.646,5.7835,1.1388,3,RIGHT_MI
9694,37.8671875,0.3609,11.9395,6.391,-4.5709,3,RIGHT_MI
9695,37.87109375,0.9263,7.4345,9.5049,0.343,3,RIGHT_MI
9696,37.875,1.1508,3.5828,2.2239,-4.4525,3,RIGHT_MI
9697,37.87890625,0.3083,1.0315,-1.5769,-9.5193,3,RIGHT_MI
9698,37.8828125,-7.126,-1.3844,4.4165,-1.5144,3,RIGHT_MI
9699,37.88671875,-5.9305,-0.308,6.0249,-10.7786,3,RIGHT_MI
9700,37.890625,-3.1559,-3.2641,0.4812,-3.1443,3,RIGHT_MI
9701,37.89453125,-5.3639,-4.1545,6.0725,0.4165,3,RIGHT_MI
9702,37.8984375,3.6981,-1.8625,1.6029,-2.9576,3,RIGHT_MI
9703,37.90234375,1.5665,-4.8727,2.0237,0.4661,3,RIGHT_MI
9704,37.90625,5.2521,-1.1533,-4.114,1.0884,3,RIGHT_MI
9705,37.91015625,1.8103,-10.0461,2.7648,-0.7433,3,RIGHT_MI
9706,37.9140625,5.5381,-2.7838,-0.8886,7.693,3,RIGHT_MI
9707,37.91796875,7.0953,-0.9142,-4.4569,5.8526,3,RIGHT_MI
9708,37.921875,7.223,-5.6246,-6.3435,6.2929,3,RIGHT_MI
9709,37.92578125,2.1829,-2.8255,-8.3336,6.692,3,RIGHT_MI
9710,37.9296875,0.0517,-9.0666,-8.1814,4.1671,3,RIGHT_MI
9711,37.93359375,1.1624,-5.2015,-3.6494,1.8703,3,RIGHT_MI
9712,37.9375,-6.984,-4.1862,-13.1438,-0.2214,3,RIGHT_MI
9713,37.94140625,2.5139,-1.6665,-1.0032,3.2174,3,RIGHT_MI
9714,37.9453125,-9.4256,-1.8113,0.25,1.0126,3,RIGHT_MI
9715,37.94921875,-1.1833,0.2271,-3.2954,4.1202,3,RIGHT_MI
9716,37.953125,-0.1684,7.3247,-3.2207,0.6507,3,RIGHT_MI
9717,37.95703125,-3.5494,6.0389,4.2355,-5.1399,3,RIGHT_MI
9718,37.9609375,4.2502,3.8741,2.8516,2.6082,3,RIGHT_MI
9719,37.96484375,-2.0453,10.0381,10.7121,-2.1278,3,RIGHT_MI
9720,37.96875,1.1887,8.0044,7.7574,0.1498,3,RIGHT_MI
9721,37.97265625,-4.5659,11.6107,3.213,-6.2883,3,RIGHT_MI
9722,37.9765625,-4.9032,13.9558,0.8738,-7.8694,3,RIGHT_MI
9723,37.98046875,-3.4278,0.8418,6.9551,-9.1886,3,RIGHT_MI
9724,37.984375,-9.0852,-1.2741,1.3875,-13.2526,3,RIGHT_MI
9725,37.98828125,-6.7977,-1.2108,5.2667,-4.8684,3,RIGHT_MI
9726,37.9921875,-7.9967,-0.6195,2.4821,-7.4581,3,RIGHT_MI
9727,37.99609375,5.7555,-5.609,3.6563,-3.9711,3,RIGHT_MI
9728,38.0,-4.6644,-7.8633,2.8733,-3.1069,3,RIGHT_MI
9729,38.00390625,3.0355,-3.1833,5.0522,1.4525,3,RIGHT_MI
9730,38.0078125,3.8429,-1.7298,-2.5348,2.218,3,RIGHT_MI
9731,38.01171875,5.909,-3.5193,0.3008,7.0377,3,RIGHT_MI
9732,38.015625,-0.1028,1.4571,1.0334,8.2838,3,RIGHT_MI
9733,38.01953125,0.9466,-0.9843,-4.5528,13.5602,3,RIGHT_MI
9734,38.0234375,0.4295,-5.4859,-6.8702,1.6703,3,RIGHT_MI
9735,38.02734375,2.0315,-2.5051,-7.1065,2.4288,3,RIGHT_MI
9736,38.03125,2.008,-9.1493,-9.8812,2.7352,3,RIGHT_MI
9737,38.03515625,-0.3622,-4.5467,-10.8062,2.8482,3,RIGHT_MI
9738,38.0390625,-6.359,-4.8629,-7.5606,-3.9832,3,RIGHT_MI
9739,38.04296875,-1.3467,1.5882,-4.2921,-6.1269,3,RIGHT_MI
9740,38.046875,1.0112,4.7207,-2.5536,1.5282,3,RIGHT_MI
9741,38.05078125,-0.4525,3.4777,-7.2493,-3.2642,3,RIGHT_MI
9742,38.0546875,7.0477,5.7368,2.2935,-2.896,3,RIGHT_MI
9743,38.05859375,-4.7962,9.0684,3.1932,-0.8877,3,RIGHT_MI
9744,38.0625,4.4607,4.8233,0.7147,2.4252,3,RIGHT_MI
9745,38.06640625,-1.5854,4.4917,2.6956,-9.6167,3,RIGHT_MI
9746,38.0703125,4.3263,8.6468,2.1945,-0.8241,3,RIGHT_MI
9747,38.07421875,0.4664,8.5757,5.8091,-6.4926,3,RIGHT_MI
9748,38.078125,-1.9637,4.34,0.298,-8.4666,3,RIGHT_MI
9749,38.08203125,-1.7406,0.3956,7.3072,-5.7611,3,RIGHT_MI
9750,38.0859375,-8.6957,-6.7103,4.2295,-3.1442,3,RIGHT_MI
9751,38.08984375,-2.0979,-3.1136,-1.5555,-3.8646,3,RIGHT_MI
9752,38.09375,-4.7628,-6.8258,8.5748,-0.3992,3,RIGHT_MI
9753,38.09765625,-0.4628,-3.4606,3.2734,1.3791,3,RIGHT_MI
9754,38.1015625,-3.9515,-4.6877,7.8423,7.702,3,RIGHT_MI
9755,38.10546875,4.6618,-3.4096,7.5036,4.48,3,RIGHT_MI
9756,38.109375,5.7107,-10.4076,3.7583,8.2693,3,RIGHT_MI
9757,38.11328125,0.8188,-5.515,8.0207,7.3731,3,RIGHT_MI
9758,38.1171875,4.7902,0.7202,4.216,14.6598,3,RIGHT_MI
9759,38.12109375,-0.0149,-5.2441,-3.2956,8.0769,3,RIGHT_MI
9760,38.125,1.4078,-4.6488,-5.5075,4.8837,3,RIGHT_MI
9761,38.12890625,-5.132,-5.1644,-10.1382,-3.5656,3,RIGHT_MI
9762,38.1328125,-0.8812,-5.7532,-8.6046,-0.9517,3,RIGHT_MI
9763,38.13671875,0.7567,-3.9811,-8.4715,-1.106,3,RIGHT_MI
9764,38.140625,-1.4982,-2.0904,-8.57,1.7735,3,RIGHT_MI
9765,38.14453125,-0.5195,-1.214,-10.107,-3.9807,3,RIGHT_MI
9766,38.1484375,-2.0277,0.9443,-3.2013,-4.1301,3,RIGHT_MI
9767,38.15234375,1.2946,1.2807,-3.2452,0.0393,3,RIGHT_MI
9768,38.15625,-0.0129,6.486,-1.6516,-4.9775,3,RIGHT_MI
9769,38.16015625,1.511,10.633,-3.9263,-6.3224,3,RIGHT_MI
9770,38.1640625,0.7183,3.9801,5.6967,-9.595,3,RIGHT_MI
9771,38.16796875,-1.4664,8.264,5.3105,-3.3526,3,RIGHT_MI
9772,38.171875,-3.7083,5.4848,2.6835,-8.7155,3,RIGHT_MI
9773,38.17578125,1.9655,4.763,2.3404,-7.3615,3,RIGHT_MI
9774,38.1796875,0.0974,2.1846,8.2996,-6.5651,3,RIGHT_MI
9775,38.18359375,-5.2409,-2.9058,3.4939,-2.9594,3,RIGHT_MI
9776,38.1875,-8.6091,-2.4069,4.1502,0.0681,3,RIGHT_MI
9777,38.19140625,-4.0498,-5.2493,5.1624,1.1436,3,RIGHT_MI
9778,38.1953125,3.8276,-6.747,11.4467,1.8058,3,RIGHT_MI
9779,38.19921875,4.5516,-5.6602,3.7417,-1.4,3,RIGHT_MI
9780,38.203125,0.4023,-4.4373,4.5524,10.0721,3,RIGHT_MI
9781,38.20703125,4.2006,-4.3925,8.9818,9.4237,3,RIGHT_MI
9782,38.2109375,6.6557,-2.5801,4.8885,9.4294,3,RIGHT_MI
9783,38.21484375,7.8187,-6.349,3.1439,4.5195,3,RIGHT_MI
9784,38.21875,5.6847,-3.381,7.434,5.4579,3,RIGHT_MI
9785,38.22265625,7.9048,0.4159,-4.7892,4.687,3,RIGHT_MI
9786,38.2265625,-1.321,-5.075,-5.7048,2.5331,3,RIGHT_MI
9787,38.23046875,2.328,-10.7088,-9.8766,-0.2053,3,RIGHT_MI
9788,38.234375,1.6502,-0.7756,-10.5016,-0.6623,3,RIGHT_MI
9789,38.23828125,1.8734,-0.3453,-12.3484,-0.1452,3,RIGHT_MI
9790,38.2421875,-7.2156,2.4241,-6.0503,-5.105,3,RIGHT_MI
9791,38.24609375,1.6571,0.2241,-4.4226,-3.248,3,RIGHT_MI
9792,38.25,-6.4581,9.5634,-10.8958,-3.0831,3,RIGHT_MI
9793,38.25390625,-0.6462,2.5876,-8.9391,-5.7215,3,RIGHT_MI
9794,38.2578125,1.6542,7.1223,-7.0291,3.492,3,RIGHT_MI
9795,38.26171875,0.7541,6.1721,3.7049,-5.7882,3,RIGHT_MI
9796,38.265625,3.2297,8.3823,7.0836,-4.8701,3,RIGHT_MI
9797,38.26953125,-4.1311,4.0413,7.3301,-3.5346,3,RIGHT_MI
9798,38.2734375,0.0359,-0.5879,5.013,-0.4892,3,RIGHT_MI
9799,38.27734375,1.2446,1.3001,1.791,-3.0846,3,RIGHT_MI
9800,38.28125,-7.0525,2.7349,1.9435,-8.7126,3,RIGHT_MI
9801,38.28515625,-0.795,-6.4103,4.1812,-4.7782,3,RIGHT_MI
9802,38.2890625,-6.5773,-4.3127,3.3229,3.2789,3,RIGHT_MI
9803,38.29296875,-1.2125,-9.556,0.4026,-2.9508,3,RIGHT_MI
9804,38.296875,3.2638,-9.0851,5.4223,0.1933,3,RIGHT_MI
9805,38.30078125,0.2423,-4.122,6.8088,6.6602,3,RIGHT_MI
9806,38.3046875,3.1738,-3.7202,7.9467,2.6345,3,RIGHT_MI
9807,38.30859375,6.4723,-1.1941,1.5775,10.7702,3,RIGHT_MI
9808,38.3125,6.906,-3.1538,5.8684,8.8023,3,RIGHT_MI
9809,38.31640625,-0.0166,-4.8058,-1.1131,6.7372,3,RIGHT_MI
9810,38.3203125,3.9775,-3.1766,0.5348,4.1223,3,RIGHT_MI
9811,38.32421875,2.8707,-6.8617,-0.9129,5.7177,3,RIGHT_MI
9812,38.328125,7.0181,-4.0592,-3.517,3.9027,3,RIGHT_MI
9813,38.33203125,-2.8714,1.4588,-6.6827,-0.4871,3,RIGHT_MI
9814,38.3359375,1.9919,-4.8766,-7.5164,-2.8148,3,RIGHT_MI
9815,38.33984375,-0.3705,3.8864,-4.555,-6.6552,3,RIGHT_MI
9816,38.34375,3.2447,4.5782,-10.887,-6.3956,3,RIGHT_MI
9817,38.34765625,-6.1567,4.7833,-10.0371,-5.8202,3,RIGHT_MI
9818,38.3515625,0.8878,6.9441,-1.1783,-4.358,3,RIGHT_MI
9819,38.35546875,3.9749,10.1855,-5.6409,-1.195,3,RIGHT_MI
9820,38.359375,5.1582,9.4512,-0.2279,1.595,3,RIGHT_MI
9821,38.36328125,4.1294,12.1541,1.9336,-5.9214,3,RIGHT_MI
9822,38.3671875,4.3447,7.4857,-1.7927,-1.6061,3,RIGHT_MI
9823,38.37109375,2.6215,6.8185,4.0449,0.0406,3,RIGHT_MI
9824,38.375,-1.4113,-2.1849,5.0672,-3.088,3,RIGHT_MI
9825,38.37890625,-1.5552,-4.8184,1.243,0.1746,3,RIGHT_MI
9826,38.3828125,-8.0333,-0.9001,1.0482,-0.3659,3,RIGHT_MI
9827,38.38671875,-5.2461,-6.5861,3.1296,-0.6406,3,RIGHT_MI
9828,38.390625,-1.6003,-4.3033,4.665,1.8139,3,RIGHT_MI
9829,38.39453125,6.4278,-6.4523,3.9551,2.1744,3,RIGHT_MI
9830,38.3984375,-7.6012,-9.5497,6.3255,4.4223,3,RIGHT_MI
9831,38.40234375,1.7973,-6.8074,4.7458,2.704,3,RIGHT_MI
9832,38.40625,4.0552,-1.2102,10.5939,10.2717,3,RIGHT_MI
9833,38.41015625,4.9414,-2.668,2.1521,4.9566,3,RIGHT_MI
9834,38.4140625,2.365,2.2069,4.919,13.8216,3,RIGHT_MI
9835,38.41796875,1.98,0.5801,1.8258,6.4012,3,RIGHT_MI
9836,38.421875,4.602,-4.3495,0.3347,0.4882,3,RIGHT_MI
9837,38.42578125,1.2409,-3.6115,-4.1265,-2.8637,3,RIGHT_MI
9838,38.4296875,-1.3533,-7.274,-8.2854,2.9259,3,RIGHT_MI
9839,38.43359375,-0.2386,-5.9004,-6.1009,-3.8839,3,RIGHT_MI
9840,38.4375,-2.0683,-5.1486,-14.2029,-1.4852,3,RIGHT_MI
9841,38.44140625,-1.8932,-3.5082,-7.1687,-6.8085,3,RIGHT_MI
9842,38.4453125,0.7242,2.3099,-9.6256,-5.8261,3,RIGHT_MI
9843,38.44921875,0.69,4.8323,-3.1237,-3.809,3,RIGHT_MI
9844,38.453125,6.4932,9.2227,-0.9835,-7.282,3,RIGHT_MI
9845,38.45703125,1.69,12.7079,0.2679,-3.8319,3,RIGHT_MI
9846,38.4609375,0.0186,6.1906,0.7122,-1.7522,3,RIGHT_MI
9847,38.46484375,5.9781,11.703,-2.4783,-2.4715,3,RIGHT_MI
9848,38.46875,1.2266,1.4565,0.3987,1.3415,3,RIGHT_MI
9849,38.47265625,-1.4941,10.825,2.3147,1.3102,3,RIGHT_MI
9850,38.4765625,-2.5383,0.7985,3.1951,-0.747,3,RIGHT_MI
9851,38.48046875,-6.6389,-3.1781,3.7666,3.0806,3,RIGHT_MI
9852,38.484375,-4.18,-2.7138,9.0764,3.8671,3,RIGHT_MI
9853,38.48828125,-0.1934,-4.553,-0.0263,7.6419,3,RIGHT_MI
9854,38.4921875,0.3268,-3.3775,3.3872,3.5353,3,RIGHT_MI
9855,38.49609375,-2.1842,-2.6495,6.9716,4.0618,3,RIGHT_MI
9856,38.5,3.2989,-6.2552,7.067,9.0291,3,RIGHT_MI
9857,38.50390625,-0.8359,-5.788,5.8442,7.3266,3,RIGHT_MI
9858,38.5078125,4.9607,-5.1187,3.1632,4.9913,3,RIGHT_MI
9859,38.51171875,1.8257,1.0929,7.4451,13.6241,3,RIGHT_MI
9860,38.515625,2.7001,4.3924,4.9972,5.7067,3,RIGHT_MI
9861,38.51953125,1.948,-4.5964,-0.5041,0.4405,3,RIGHT_MI
9862,38.5234375,5.6469,-0.6654,2.6611,-4.4282,3,RIGHT_MI
9863,38.52734375,4.7513,0.0416,-0.5187,-3.3458,3,RIGHT_MI
9864,38.53125,6.3591,-4.5425,-5.7838,-4.8458,3,RIGHT_MI
9865,38.53515625,-2.7045,3.111,-7.1519,-1.098,3,RIGHT_MI
9866,38.5390625,-4.6854,0.5618,-3.7237,-7.8628,3,RIGHT_MI
9867,38.54296875,-7.256,7.2193,-3.6999,-5.1968,3,RIGHT_MI
9868,38.546875,-4.5969,3.5715,-6.8429,-5.8566,3,RIGHT_MI
9869,38.55078125,0.6761,8.4959,-5.5398,-8.6482,3,RIGHT_MI
9870,38.5546875,-5.3243,8.0274,-5.5086,-7.6509,3,RIGHT_MI
9871,38.55859375,2.4863,10.7461,2.3255,-7.4973,3,RIGHT_MI
9872,38.5625,3.1746,4.1728,-4.3107,-0.458,3,RIGHT_MI
9873,38.56640625,-2.0556,7.3151,-0.3984,-1.8206,3,RIGHT_MI
9874,38.5703125,-0.845,4.3069,0.8784,1.0645,3,RIGHT_MI
9875,38.57421875,-0.9179,-4.941,7.092,3.2147,3,RIGHT_MI
9876,38.578125,-6.2671,-5.8789,5.8746,0.0153,3,RIGHT_MI
9877,38.58203125,-7.2497,-5.9075,-2.5261,1.424,3,RIGHT_MI
9878,38.5859375,-0.4188,-3.0649,-2.6237,3.2645,3,RIGHT_MI
9879,38.58984375,-5.7131,-11.3409,1.843,6.9759,3,RIGHT_MI
9880,38.59375,1.9054,-7.5268,4.1622,0.0947,3,RIGHT_MI
9881,38.59765625,0.2582,-6.9472,3.1508,4.8234,3,RIGHT_MI
9882,38.6015625,3.8501,-9.381,2.4402,7.8746,3,RIGHT_MI
9883,38.60546875,2.1563,-3.7887,11.9668,4.9306,3,RIGHT_MI
9884,38.609375,4.2335,-0.517,4.2416,11.4367,3,RIGHT_MI
9885,38.61328125,-0.0276,1.3833,6.3047,7.5745,3,RIGHT_MI
9886,38.6171875,5.1886,-2.9493,4.3452,5.6585,3,RIGHT_MI
9887,38.62109375,0.995,-7.2654,6.3376,0.5509,3,RIGHT_MI
9888,38.625,2.5781,-1.4823,-2.8321,1.8023,3,RIGHT_MI
9889,38.62890625,1.7665,3.7587,-0.4374,-5.346,3,RIGHT_MI
9890,38.6328125,-2.3842,-6.1913,-5.4275,-9.7814,3,RIGHT_MI
9891,38.63671875,3.4778,-3.097,-7.1723,-13.3817,3,RIGHT_MI
9892,38.640625,1.5959,-1.2309,-6.1587,-10.8346,3,RIGHT_MI
9893,38.64453125,-1.3528,5.1056,-2.4563,-11.0461,3,RIGHT_MI
9894,38.6484375,4.015,7.9206,-0.6441,-7.834,3,RIGHT_MI
9895,38.65234375,0.9015,13.0919,-4.7941,-5.8778,3,RIGHT_MI
9896,38.65625,2.9874,3.0451,-0.3371,-0.1272,3,RIGHT_MI
9897,38.66015625,3.4603,9.0346,-4.039,-0.6603,3,RIGHT_MI
9898,38.6640625,-2.2056,2.9251,-1.1107,2.0507,3,RIGHT_MI
9899,38.66796875,0.1394,5.4768,5.7474,2.3312,3,RIGHT_MI
9900,38.671875,-6.8255,2.8595,-1.9905,-0.4517,3,RIGHT_MI
9901,38.67578125,-5.5613,1.2959,-1.1709,5.5868,3,RIGHT_MI
9902,38.6796875,-3.0161,-7.2974,-0.6647,4.2417,3,RIGHT_MI
9903,38.68359375,-2.7666,-5.6941,1.1672,2.756,3,RIGHT_MI
9904,38.6875,-4.7532,-6.7905,3.6815,7.5913,3,RIGHT_MI
9905,38.69140625,-2.1403,-10.1692,0.0256,6.7972,3,RIGHT_MI
9906,38.6953125,1.107,-9.7456,0.8476,3.3962,3,RIGHT_MI
9907,38.69921875,-5.8101,-3.0203,3.294,7.7076,3,RIGHT_MI
9908,38.703125,1.8311,-5.1391,5.6381,3.6468,3,RIGHT_MI
9909,38.70703125,3.5514,-7.1057,6.4055,11.537,3,RIGHT_MI
9910,38.7109375,2.2697,-4.6576,3.8259,-0.4948,3,RIGHT_MI
9911,38.71484375,5.3911,-5.1106,2.4614,4.015,3,RIGHT_MI
9912,38.71875,4.0379,-3.6782,3.5778,6.208,3,RIGHT_MI
9913,38.72265625,-5.3626,-2.1064,3.7547,-2.9548,3,RIGHT_MI
9914,38.7265625,2.615,-0.8355,-1.4722,-4.1282,3,RIGHT_MI
9915,38.73046875,-0.1729,0.8357,-5.3944,-4.7921,3,RIGHT_MI
9916,38.734375,0.4167,-0.4137,-8.2201,-6.9329,3,RIGHT_MI
9917,38.73828125,-2.6258,0.6919,-9.2172,-13.1372,3,RIGHT_MI
9918,38.7421875,-2.3982,2.6896,-8.3088,-4.0102,3,RIGHT_MI
9919,38.74609375,2.6304,6.2046,-9.3493,-8.6621,3,RIGHT_MI
9920,38.75,1.8298,15.818,-5.017,-2.9343,3,RIGHT_MI
9921,38.75390625,-1.9357,6.9208,-7.7597,-5.9482,3,RIGHT_MI
9922,38.7578125,2.6491,6.2272,-1.7201,4.1777,3,RIGHT_MI
9923,38.76171875,-3.9435,10.8744,-7.5027,7.8114,3,RIGHT_MI
9924,38.765625,3.7186,8.0888,-1.8677,4.8897,3,RIGHT_MI
9925,38.76953125,-0.0376,6.3159,-3.0208,2.4335,3,RIGHT_MI
9926,38.7734375,-4.6991,-0.2612,-1.9404,8.2797,3,RIGHT_MI
9927,38.77734375,-0.1778,-7.4758,1.4523,3.1653,3,RIGHT_MI
9928,38.78125,2.1098,-8.5382,-1.8464,8.0684,3,RIGHT_MI
9929,38.78515625,1.8597,-9.3089,-3.0386,2.1237,3,RIGHT_MI
9930,38.7890625,-5.3341,-3.2552,0.044,0.163,3,RIGHT_MI
9931,38.79296875,1.3995,-13.7649,5.5281,-0.451,3,RIGHT_MI
9932,38.796875,-0.0954,-10.0198,6.6462,4.2815,3,RIGHT_MI
9933,38.80078125,2.8102,-5.4367,1.1329,1.1277,3,RIGHT_MI
9934,38.8046875,-1.1315,-1.7028,9.7442,-0.894,3,RIGHT_MI
9935,38.80859375,5.4911,2.6087,5.2817,2.6047,3,RIGHT_MI
9936,38.8125,4.2391,0.6416,8.167,0.2484,3,RIGHT_MI
9937,38.81640625,6.9195,-2.3187,7.1787,2.2714,3,RIGHT_MI
9938,38.8203125,1.73,-2.8634,4.1613,-0.3138,3,RIGHT_MI
9939,38.82421875,1.4539,-2.3326,1.3939,-4.7594,3,RIGHT_MI
9940,38.828125,-0.57,0.4786,1.912,-3.3073,3,RIGHT_MI
9941,38.83203125,0.5476,-7.7433,0.5394,-4.8011,3,RIGHT_MI
9942,38.8359375,-4.3967,4.2095,-10.4756,-13.8373,3,RIGHT_MI
9943,38.83984375,1.2841,-2.1398,-1.6777,-13.2976,3,RIGHT_MI
9944,38.84375,-0.912,10.6015,-8.6002,-6.8209,3,RIGHT_MI
9945,38.84765625,5.2476,12.5572,-9.0183,-2.4578,3,RIGHT_MI
9946,38.8515625,-1.3067,9.1171,-6.2105,0.0626,3,RIGHT_MI
9947,38.85546875,-2.2709,6.9746,-5.9088,3.0318,3,RIGHT_MI
9948,38.859375,5.4413,11.3652,-2.6521,4.743,3,RIGHT_MI
9949,38.86328125,-1.3255,5.5282,-3.1396,6.4321,3,RIGHT_MI
9950,38.8671875,1.1774,5.8304,1.0608,6.682,3,RIGHT_MI
9951,38.87109375,-0.1534,2.1912,-2.5076,2.5266,3,RIGHT_MI
9952,38.875,-5.3409,-0.2451,2.0308,3.4122,3,RIGHT_MI
9953,38.87890625,0.3456,-2.7246,-2.0329,4.287,3,RIGHT_MI
9954,38.8828125,-9.0454,-6.7998,-5.2369,4.8398,3,RIGHT_MI
9955,38.88671875,-10.7642,-13.7394,1.7456,-3.3865,3,RIGHT_MI
9956,38.890625,-6.7151,-7.5292,-1.3234,0.016,3,RIGHT_MI
9957,38.89453125,3.473,-8.9945,2.1055,-2.9152,3,RIGHT_MI
9958,38.8984375,-6.4483,-4.8541,7.9875,4.6649,3,RIGHT_MI
9959,38.90234375,1.9275,-5.6846,3.9047,-1.5735,3,RIGHT_MI
9960,38.90625,-0.8852,0.6428,3.0458,0.9761,3,RIGHT_MI
9961,38.91015625,5.746,-10.7804,5.8467,1.6033,3,RIGHT_MI
9962,38.9140625,5.67,0.0975,11.6132,-2.1719,3,RIGHT_MI
9963,38.91796875,5.775,0.3826,5.7128,0.9863,3,RIGHT_MI
9964,38.921875,5.1484,-2.81,1.6093,-2.106,3,RIGHT_MI
9965,38.92578125,3.9354,-1.6609,1.7583,-6.8614,3,RIGHT_MI
9966,38.9296875,-0.9972,4.843,0.2887,-3.4432,3,RIGHT_MI
9967,38.93359375,2.0495,1.3351,-2.4968,-9.6616,3,RIGHT_MI
9968,38.9375,-1.9881,5.9093,-6.2474,-6.2379,3,RIGHT_MI
9969,38.94140625,-4.2106,7.0419,-3.9155,-5.942,3,RIGHT_MI
9970,38.9453125,-2.223,6.8836,-3.1519,-7.3754,3,RIGHT_MI
9971,38.94921875,-5.2571,6.9483,-2.7967,-7.0737,3,RIGHT_MI
9972,38.953125,-1.2316,11.4613,-4.5737,2.0588,3,RIGHT_MI
9973,38.95703125,6.3141,7.3851,-2.1079,-0.5249,3,RIGHT_MI
9974,38.9609375,2.0409,5.8715,-5.1056,8.409,3,RIGHT_MI
9975,38.96484375,2.1902,4.2881,3.9821,-0.2523,3,RIGHT_MI
9976,38.96875,1.2132,3.2646,4.3668,7.5853,3,RIGHT_MI
9977,38.97265625,-2.1461,1.1443,-5.5945,5.4354,3,RIGHT_MI
9978,38.9765625,-2.246,-3.163,0.7088,7.2416,3,RIGHT_MI
9979,38.98046875,-4.8199,-3.9011,-3.1224,5.0485,3,RIGHT_MI
9980,38.984375,-5.9605,-8.72,-3.9149,3.7972,3,RIGHT_MI
9981,38.98828125,-6.1003,-7.3493,-0.0755,1.4557,3,RIGHT_MI
9982,38.9921875,-0.0992,-4.1198,2.1141,3.2523,3,RIGHT_MI
9983,38.99609375,-1.4958,-7.6111,5.7233,-3.5907,3,RIGHT_MI
9984,39.0,-4.1531,-3.1042,4.2722,1.9016,3,RIGHT_MI
9985,39.00390625,5.1007,-5.8502,3.5856,-5.8249,3,RIGHT_MI
9986,39.0078125,5.5931,-3.3857,8.2964,5.1321,3,RIGHT_MI
9987,39.01171875,7.109,6.58,7.1267,0.3462,3,RIGHT_MI
9988,39.015625,5.1198,-4.8719,-0.1927,3.0391,3,RIGHT_MI
9989,39.01953125,2.0099,-1.6824,1.3049,-8.7355,3,RIGHT_MI
9990,39.0234375,0.3628,0.7225,3.3578,-7.617,3,RIGHT_MI
9991,39.02734375,0.0807,2.3602,-1.8212,-9.2665,3,RIGHT_MI
9992,39.03125,2.3673,2.4423,-2.2828,-4.4742,3,RIGHT_MI
9993,39.03515625,-6.6021,-3.1954,-10.311,-10.7146,3,RIGHT_MI
9994,39.0390625,2.9916,2.3351,-8.9856,-7.3546,3,RIGHT_MI
9995,39.04296875,-4.0725,5.3654,-2.4331,-1.9525,3,RIGHT_MI
9996,39.046875,1.5868,6.4563,-5.3984,0.6849,3,RIGHT_MI
9997,39.05078125,-9.3887,6.9546,-6.7774,-1.7503,3,RIGHT_MI
9998,39.0546875,7.3754,8.535,-4.585,1.2913,3,RIGHT_MI
9999,39.05859375,-3.4337,7.236,-1.4734,11.4617,3,RIGHT_MI
10000,39.0625,-14.6794,5.8155,-8.1895,1.5459,0,REST
10001,39.06640625,-12.8678,7.5961,-6.6186,2.9644,0,REST
10002,39.0703125,-14.137,6.7527,-1.5683,3.1571,0,REST
10003,39.07421875,-15.8694,2.5881,-1.2795,4.108,0,REST
10004,39.078125,-8.9216,-2.3421,5.6904,3.6325,0,REST
10005,39.08203125,-5.9596,-4.2764,6.9581,1.7711,0,REST
10006,39.0859375,-6.7688,-7.3464,5.5595,1.168,0,REST
10007,39.08984375,-1.206,-10.3719,10.6398,2.338,0,REST
10008,39.09375,2.7769,-12.0994,9.5515,-3.6231,0,REST
10009,39.09765625,1.8053,-12.3007,10.639,1.6149,0,REST
10010,39.1015625,8.6499,-12.811,11.8104,-4.9751,0,REST
10011,39.10546875,12.0113,-7.8929,8.8878,-2.2307,0,REST
10012,39.109375,10.0385,-11.456,8.2082,2.215,0,REST
10013,39.11328125,8.3487,-6.0519,8.5757,-4.8218,0,REST
10014,39.1171875,10.0436,-2.3027,5.9027,-4.4843,0,REST
10015,39.12109375,11.3459,-1.8628,-0.1626,-3.7642,0,REST
10016,39.125,7.1435,1.3637,-3.767,-2.2777,0,REST
10017,39.12890625,5.3848,5.5842,-3.1292,-3.2047,0,REST
10018,39.1328125,4.8005,5.7688,-4.5859,-7.1501,0,REST
10019,39.13671875,2.8127,11.2562,-6.0186,-5.295,0,REST
10020,39.140625,0.4118,8.578,-5.1977,-2.2895,0,REST
10021,39.14453125,-1.764,10.0754,-10.8491,1.4174,0,REST
10022,39.1484375,-4.378,8.617,-3.9208,-0.9987,0,REST
10023,39.15234375,-8.4344,11.4682,-8.7923,-0.2388,0,REST
10024,39.15625,-6.8605,13.6008,-5.8926,3.8818,0,REST
10025,39.16015625,-7.5149,5.3662,-2.5114,3.213,0,REST
10026,39.1640625,-7.115,2.0972,-2.7235,1.48,0,REST
10027,39.16796875,-5.112,2.3564,-2.7277,5.3474,0,REST
10028,39.171875,-6.0958,-1.2715,-0.0458,6.1706,0,REST
10029,39.17578125,-5.0213,-5.5649,2.3229,8.0474,0,REST
10030,39.1796875,-5.0011,-8.6526,4.0002,2.6207,0,REST
10031,39.18359375,0.6786,-9.6851,2.3704,5.5661,0,REST
10032,39.1875,-0.5977,-12.6614,3.505,1.6929,0,REST
10033,39.19140625,3.9977,-13.8538,4.0481,6.3615,0,REST
10034,39.1953125,-2.5088,-14.6215,4.1265,2.8868,0,REST
10035,39.19921875,3.7383,-10.8256,6.3828,-1.8665,0,REST
10036,39.203125,4.1652,-10.1973,5.3792,-0.7785,0,REST
10037,39.20703125,3.1263,-9.7577,3.502,-6.6807,0,REST
10038,39.2109375,3.982,-6.0257,5.7236,-5.374,0,REST
10039,39.21484375,3.6995,-1.2169,1.4515,-4.6306,0,REST
10040,39.21875,5.7881,1.1418,-0.245,-9.0588,0,REST
10041,39.22265625,1.7862,4.9346,3.6785,-7.7645,0,REST
10042,39.2265625,2.3093,10.1547,-0.0626,-8.9471,0,REST
10043,39.23046875,0.4736,10.686,0.2038,-11.0707,0,REST
10044,39.234375,2.8532,10.7389,-2.6371,-4.1897,0,REST
10045,39.23828125,0.1994,10.2711,0.2478,-5.4065,0,REST
10046,39.2421875,-2.2405,12.6375,-1.5995,-5.3252,0,REST
10047,39.24609375,-0.1903,12.2103,-2.402,-0.12,0,REST
10048,39.25,0.887,11.5823,-3.0286,2.2654,0,REST
10049,39.25390625,1.0439,7.8587,-1.3127,3.3657,0,REST
10050,39.2578125,-2.0445,10.4505,-3.2974,6.0143,0,REST
10051,39.26171875,-2.5212,-1.4286,-1.3751,7.208,0,REST
10052,39.265625,-3.1281,-7.3657,-3.6987,11.9793,0,REST
10053,39.26953125,-1.4252,-3.5247,-7.2814,10.2157,0,REST
10054,39.2734375,-0.6889,-9.9945,-3.3521,8.5111,0,REST
10055,39.27734375,-2.8896,-7.6894,-1.5452,7.4151,0,REST
10056,39.28125,-5.3567,-8.8699,-1.8167,4.5019,0,REST
10057,39.28515625,-3.5099,-11.0323,-5.2106,6.0681,0,REST
10058,39.2890625,-3.5061,-12.6105,-0.0072,2.0999,0,REST
10059,39.29296875,-1.5702,-11.3077,-0.8658,1.1394,0,REST
10060,39.296875,-0.3992,-7.8888,2.0873,-3.0866,0,REST
10061,39.30078125,-5.3668,-8.9486,1.6384,-7.2146,0,REST
10062,39.3046875,-4.5596,-5.4198,2.3819,-7.7641,0,REST
10063,39.30859375,-1.1495,-0.123,5.7435,-10.4582,0,REST
10064,39.3125,1.0917,-2.4938,2.2616,-10.8468,0,REST
10065,39.31640625,2.7735,5.7283,6.1421,-13.7898,0,REST
10066,39.3203125,2.4504,4.1924,6.0105,-9.7589,0,REST
10067,39.32421875,6.2459,10.0237,6.4587,-10.0642,0,REST
10068,39.328125,3.7858,11.4906,2.0789,-8.4778,0,REST
10069,39.33203125,6.8421,9.9762,4.9746,-2.7921,0,REST
10070,39.3359375,7.3335,12.5715,6.1149,-1.0253,0,REST
10071,39.33984375,4.6948,10.7495,2.5487,3.3694,0,REST
10072,39.34375,6.0225,8.8931,0.7076,2.2141,0,REST
10073,39.34765625,8.593,8.4622,-0.0346,9.5423,0,REST
10074,39.3515625,5.7591,3.1678,-1.6649,10.5313,0,REST
10075,39.35546875,2.7185,3.3021,-6.1949,12.4556,0,REST
10076,39.359375,-2.916,-1.3452,-10.7092,13.8348,0,REST
10077,39.36328125,-1.8288,-2.6875,-9.9869,12.7297,0,REST
10078,39.3671875,-5.5666,-6.2624,-7.0392,13.1666,0,REST
10079,39.37109375,-7.6225,-7.8498,-6.7485,5.9349,0,REST
10080,39.375,-6.7096,-9.5918,-10.4153,2.5384,0,REST
10081,39.37890625,-10.3877,-11.0714,-9.1322,6.0863,0,REST
10082,39.3828125,-10.8492,-13.4062,-6.6617,-2.4557,0,REST
10083,39.38671875,-9.6992,-8.3007,-3.1699,-2.5061,0,REST
10084,39.390625,-8.6608,-8.6125,-1.7951,-5.5861,0,REST
10085,39.39453125,-10.5879,-2.5504,-0.8419,-11.9983,0,REST
10086,39.3984375,-5.4491,-2.0203,-0.8721,-11.6384,0,REST
10087,39.40234375,-3.345,0.7829,6.7258,-13.7877,0,REST
10088,39.40625,1.7152,2.485,8.3848,-7.9895,0,REST
10089,39.41015625,-0.664,5.2307,7.0867,-14.3077,0,REST
10090,39.4140625,3.7159,5.2812,11.7365,-8.3454,0,REST
10091,39.41796875,6.8975,7.1157,10.9389,-6.3307,0,REST
10092,39.421875,7.1822,14.153,8.5996,-5.5324,0,REST
10093,39.42578125,13.199,9.9012,8.523,-0.3321,0,REST
10094,39.4296875,11.4883,8.2164,10.4925,1.3067,0,REST
10095,39.43359375,13.8536,10.9779,5.5222,8.9471,0,REST
10096,39.4375,11.9096,7.8826,1.3065,8.0029,0,REST
10097,39.44140625,9.6439,10.9223,1.8936,15.0138,0,REST
10098,39.4453125,9.6391,2.7766,-4.7,13.7668,0,REST
10099,39.44921875,3.7595,3.2335,-5.1873,17.3042,0,REST
10100,39.453125,-0.4539,0.5792,-8.4267,11.3889,0,REST
10101,39.45703125,-6.2606,-2.9356,-7.0492,7.9044,0,REST
10102,39.4609375,-0.969,-4.9328,-10.4545,11.3221,0,REST
10103,39.46484375,-6.6869,-9.0032,-10.6651,4.3238,0,REST
10104,39.46875,-9.2426,-4.4768,-11.7956,5.2605,0,REST
10105,39.47265625,-9.2815,-6.1283,-11.7142,2.0149,0,REST
10106,39.4765625,-15.9809,-4.4145,-13.6577,-3.8001,0,REST
10107,39.48046875,-11.344,-6.7153,-12.5796,-5.6854,0,REST
10108,39.484375,-8.6274,-6.1562,-5.3252,-8.0186,0,REST
10109,39.48828125,-11.2629,-5.421,-3.0238,-10.5302,0,REST
10110,39.4921875,-7.6976,-5.3536,-1.5642,-12.842,0,REST
10111,39.49609375,-4.5647,-0.2169,3.4143,-13.5771,0,REST
10112,39.5,1.0213,-1.9283,6.3118,-8.0579,0,REST
10113,39.50390625,4.9308,1.7347,15.5525,-8.6645,0,REST
10114,39.5078125,7.3724,8.503,7.6626,-4.1512,0,REST
10115,39.51171875,11.3289,3.429,11.747,-4.853,0,REST
10116,39.515625,13.9453,4.1419,14.4731,-2.6678,0,REST
10117,39.51953125,10.9467,4.1525,12.3799,-0.3448,0,REST
10118,39.5234375,13.588,6.5056,9.8523,2.2516,0,REST
10119,39.52734375,10.2234,1.6208,4.749,5.3147,0,REST
10120,39.53125,10.0819,8.2772,8.3182,7.3168,0,REST
10121,39.53515625,9.5846,5.7763,4.0399,10.6215,0,REST
10122,39.5390625,6.9121,1.1178,-4.8741,8.8551,0,REST
10123,39.54296875,-0.2925,0.6162,-4.7771,9.7254,0,REST
10124,39.546875,1.2385,2.324,-6.4509,7.3667,0,REST
10125,39.55078125,-2.0554,1.2559,-8.7251,6.1203,0,REST
10126,39.5546875,-8.7647,-0.112,-11.5359,2.0815,0,REST
10127,39.55859375,-11.2869,-3.9374,-12.9658,4.7729,0,REST
10128,39.5625,-9.9328,-6.4845,-9.2833,1.77,0,REST
10129,39.56640625,-14.5762,-2.8217,-12.0712,-2.2978,0,REST
10130,39.5703125,-9.9347,-4.1534,-6.3194,-6.3422,0,REST
10131,39.57421875,-10.4867,-2.602,-8.1667,-5.5314,0,REST
10132,39.578125,-8.8821,-1.1203,-3.7856,-7.5955,0,REST
10133,39.58203125,-10.1553,-1.4082,-1.1177,-5.9393,0,REST
10134,39.5859375,-3.3265,-3.026,1.9081,-6.5821,0,REST
10135,39.58984375,0.1595,-1.7062,5.0033,-4.0731,0,REST
10136,39.59375,-0.2363,-0.9434,5.5332,-4.5472,0,REST
10137,39.59765625,4.8849,-3.6261,11.2637,-4.9232,0,REST
10138,39.6015625,7.1634,-3.0582,7.3518,-4.3864,0,REST
10139,39.60546875,7.0912,-0.1444,12.6619,-2.063,0,REST
10140,39.609375,11.8766,-1.6778,11.1755,1.3901,0,REST
10141,39.61328125,9.6441,3.7768,11.4073,2.8005,0,REST
10142,39.6171875,8.8863,1.5612,9.4341,7.5116,0,REST
10143,39.62109375,7.065,-0.2594,3.3121,5.1763,0,REST
10144,39.625,8.3905,2.3199,4.4684,5.6792,0,REST
10145,39.62890625,6.1967,5.4144,3.1701,9.4309,0,REST
10146,39.6328125,0.7215,3.5485,0.641,7.867,0,REST
10147,39.63671875,2.2002,4.7583,-4.0407,4.1481,0,REST
10148,39.640625,1.5822,5.023,-6.3709,4.3091,0,REST
10149,39.64453125,-7.2172,3.2917,-2.8825,7.9512,0,REST
10150,39.6484375,-3.3537,2.2333,-2.4948,2.2593,0,REST
10151,39.65234375,-7.0068,4.8124,-9.5556,0.677,0,REST
10152,39.65625,-7.3782,1.6685,-7.7833,-0.8718,0,REST
10153,39.66015625,-7.5626,1.2066,-7.4075,0.8825,0,REST
10154,39.6640625,-6.6684,1.7298,-8.6905,-0.245,0,REST
10155,39.66796875,-7.7629,1.9074,-6.2419,2.402,0,REST
10156,39.671875,-4.6415,-3.0847,-3.0125,-3.1017,0,REST
10157,39.67578125,-3.9762,-6.9986,-2.6143,-3.0975,0,REST
10158,39.6796875,-0.7562,-2.5468,2.323,-1.3327,0,REST
10159,39.68359375,-2.0737,-2.4853,4.4134,-3.7143,0,REST
10160,39.6875,2.4204,-3.3636,2.7045,-0.422,0,REST
10161,39.69140625,0.2599,-4.6938,4.2851,-1.616,0,REST
10162,39.6953125,0.3078,-4.3345,4.125,-5.622,0,REST
10163,39.69921875,3.326,-4.7991,2.1202,-3.2907,0,REST
10164,39.703125,5.7097,-6.6691,5.1445,-4.1215,0,REST
10165,39.70703125,4.3086,-1.7969,4.5011,0.9989,0,REST
10166,39.7109375,3.7808,1.2214,7.3255,-3.2496,0,REST
10167,39.71484375,3.8976,-1.7168,3.9555,-0.7218,0,REST
10168,39.71875,6.8442,3.9409,2.9459,1.1236,0,REST
10169,39.72265625,4.0154,1.689,2.6212,4.6356,0,REST
10170,39.7265625,4.0781,6.0829,1.4157,0.72,0,REST
10171,39.73046875,1.7139,4.2796,3.5112,2.0949,0,REST
10172,39.734375,2.8317,4.4574,-2.2562,3.0767,0,REST
10173,39.73828125,-0.2574,6.3511,2.6359,5.3345,0,REST
10174,39.7421875,3.5989,5.0076,1.5646,10.578,0,REST
10175,39.74609375,1.214,6.6992,0.4299,1.5171,0,REST
10176,39.75,-1.3298,10.1261,0.1367,4.6847,0,REST
10177,39.75390625,-3.5485,4.4993,0.9401,1.309,0,REST
10178,39.7578125,1.3239,3.6241,-2.482,2.4873,0,REST
10179,39.76171875,-1.8727,2.2152,-3.3797,-1.6676,0,REST
10180,39.765625,-0.8913,-3.6172,-5.8662,2.3885,0,REST
10181,39.76953125,-3.7082,-0.7414,-5.2227,1.7219,0,REST
10182,39.7734375,-1.5003,-2.9033,-4.2198,2.6963,0,REST
10183,39.77734375,-1.9237,-3.1572,-0.3202,-6.4283,0,REST
10184,39.78125,-7.2726,-4.5249,-0.3639,-0.7614,0,REST
10185,39.78515625,-2.246,-7.176,-5.2508,-6.8706,0,REST
10186,39.7890625,-6.0503,-10.6691,-4.636,-8.3247,0,REST
10187,39.79296875,-4.2591,-7.7316,-3.3805,-6.1725,0,REST
10188,39.796875,-1.046,-12.4617,-1.1982,-9.1878,0,REST
10189,39.80078125,-2.3052,-6.6519,-5.0707,-6.7937,0,REST
10190,39.8046875,-0.5644,-3.6149,4.762,-9.0253,0,REST
10191,39.80859375,2.2539,-2.5142,1.6907,-5.578,0,REST
10192,39.8125,1.2483,-0.6161,3.279,-4.0974,0,REST
10193,39.81640625,3.4276,0.2648,3.2146,-4.0452,0,REST
10194,39.8203125,2.8412,6.4154,6.5588,-0.2321,0,REST
10195,39.82421875,3.8184,9.5323,3.8119,1.9764,0,REST
10196,39.828125,6.7132,7.9523,6.977,3.3381,0,REST
10197,39.83203125,6.9714,9.5253,7.2631,10.1179,0,REST
10198,39.8359375,10.8264,10.1921,7.6251,7.0766,0,REST
10199,39.83984375,6.1032,10.9366,7.022,12.7781,0,REST
10200,39.84375,6.1947,7.8194,7.0308,8.4227,0,REST
10201,39.84765625,5.3021,11.7489,4.2498,6.3205,0,REST
10202,39.8515625,3.4326,7.7662,4.726,10.0848,0,REST
10203,39.85546875,0.916,0.7673,3.4345,1.7976,0,REST
10204,39.859375,0.3038,4.7539,-3.4392,1.8648,0,REST
10205,39.86328125,-0.8891,-2.5647,-2.8983,2.3976,0,REST
10206,39.8671875,-6.5201,-5.1435,-6.9441,1.0494,0,REST
10207,39.87109375,-8.2022,-10.0266,-8.7703,-3.4096,0,REST
10208,39.875,-8.8995,-7.9388,-8.1942,-8.2666,0,REST
10209,39.87890625,-9.4726,-12.1085,-9.5181,-8.2278,0,REST
10210,39.8828125,-13.3306,-10.0191,-9.2008,-9.8646,0,REST
10211,39.88671875,-10.1755,-11.1217,-10.3322,-12.1593,0,REST
10212,39.890625,-8.8421,-7.8085,-9.5397,-9.6538,0,REST
10213,39.89453125,-9.0908,-10.175,-3.1057,-7.9995,0,REST
10214,39.8984375,-5.062,-8.8202,-4.8634,-6.6702,0,REST
10215,39.90234375,-3.2205,-3.3808,-2.4004,-7.0866,0,REST
10216,39.90625,2.367,-0.0636,3.7652,-1.9697,0,REST
10217,39.91015625,-2.5521,-0.8225,5.7067,-0.7379,0,REST
10218,39.9140625,10.7896,7.2444,8.4109,10.136,0,REST
10219,39.91796875,5.8185,9.1072,10.7502,4.658,0,REST
10220,39.921875,8.4494,10.3398,9.6632,14.0562,0,REST
10221,39.92578125,10.9975,9.5433,12.6974,11.2175,0,REST
10222,39.9296875,15.2017,15.3305,10.59,11.7849,0,REST
10223,39.93359375,10.0072,12.7044,12.3698,10.6252,0,REST
10224,39.9375,9.8716,13.3325,13.5159,11.0722,0,REST
10225,39.94140625,8.0253,9.9993,7.8097,11.1452,0,REST
10226,39.9453125,3.6381,4.8159,7.3861,7.4324,0,REST
10227,39.94921875,4.5617,1.9106,0.1454,9.782,0,REST
10228,39.953125,-0.5304,1.6377,0.9993,0.5356,0,REST
10229,39.95703125,-3.1302,-2.1755,-5.7836,-2.5029,0,REST
10230,39.9609375,-3.2075,-3.9258,-7.4614,-2.7119,0,REST
10231,39.96484375,-6.3225,-8.9038,-8.6121,-8.5266,0,REST
10232,39.96875,-12.7195,-12.6496,-12.3242,-11.9883,0,REST
10233,39.97265625,-16.3578,-16.0189,-10.5537,-12.2582,0,REST
10234,39.9765625,-11.8382,-11.8865,-11.8286,-13.5302,0,REST
10235,39.98046875,-10.6952,-14.5976,-10.9771,-14.4016,0,REST
10236,39.984375,-10.1699,-11.0588,-10.7415,-8.285,0,REST
10237,39.98828125,-6.698,-9.1786,-9.3117,-12.1555,0,REST
10238,39.9921875,-6.0071,-6.8915,-8.3123,-8.7944,0,REST
10239,39.99609375,-5.442,-1.6042,-1.4351,-0.8303,0,REST
10240,40.0,1.6825,-0.3063,2.3396,-0.1267,0,REST
10241,40.00390625,3.0259,1.5233,3.3862,6.0029,0,REST
10242,40.0078125,6.7322,3.4578,6.9333,3.4285,0,REST
10243,40.01171875,8.2758,10.6063,8.1862,8.4981,0,REST
10244,40.015625,8.3813,9.703,12.0536,11.6146,0,REST
10245,40.01953125,10.9849,13.2267,11.3408,12.8135,0,REST
10246,40.0234375,13.0024,13.7784,14.7442,13.3792,0,REST
10247,40.02734375,11.1998,10.0917,13.8219,12.1586,0,REST
10248,40.03125,12.7817,12.8844,11.2659,14.3498,0,REST
10249,40.03515625,8.8571,9.1135,8.2567,7.2358,0,REST
10250,40.0390625,5.9104,7.1752,3.9227,6.1472,0,REST
10251,40.04296875,1.2583,1.8419,0.6591,3.1239,0,REST
10252,40.046875,-2.8149,0.6737,-1.6935,-3.3435,0,REST
10253,40.05078125,-4.0647,-3.1116,-1.6323,-6.9733,0,REST
10254,40.0546875,-6.7973,-7.8142,-5.3616,-8.1237,0,REST
10255,40.05859375,-8.7977,-8.796,-6.714,-11.5515,0,REST
10256,40.0625,-12.1232,-9.5885,-8.8249,-10.0945,0,REST
10257,40.06640625,-12.0056,-9.8369,-9.8977,-14.5541,0,REST
10258,40.0703125,-11.9219,-13.4985,-14.5733,-9.1459,0,REST
10259,40.07421875,-11.6796,-9.7031,-7.2333,-10.9299,0,REST
10260,40.078125,-12.4951,-13.9304,-6.773,-8.0548,0,REST
10261,40.08203125,-6.9826,-8.8573,-9.2215,-6.0379,0,REST
10262,40.0859375,-3.7612,-7.683,-2.9535,-2.843,0,REST
10263,40.08984375,-2.0213,-3.518,-4.2471,2.0364,0,REST
10264,40.09375,1.5074,3.9616,-2.1712,5.2209,0,REST
10265,40.09765625,3.9317,0.7517,1.0106,7.3368,0,REST
10266,40.1015625,9.4621,5.0382,5.4641,9.0092,0,REST
10267,40.10546875,3.7348,13.2758,6.3455,7.9887,0,REST
10268,40.109375,11.0685,8.8402,8.649,8.7589,0,REST
10269,40.11328125,9.9404,8.7921,10.0815,11.7814,0,REST
10270,40.1171875,11.2427,12.8055,10.7136,10.2301,0,REST
10271,40.12109375,12.6,8.1513,9.0047,7.373,0,REST
10272,40.125,10.5162,8.9191,9.2502,5.9204,0,REST
10273,40.12890625,6.4166,9.2479,8.5875,6.192,0,REST
10274,40.1328125,4.9862,7.7779,4.4804,4.2092,0,REST
10275,40.13671875,0.148,0.187,4.272,-4.0042,0,REST
10276,40.140625,0.9018,0.8365,0.3805,-1.9768,0,REST
10277,40.14453125,-4.208,-2.6261,1.7252,-6.9924,0,REST
10278,40.1484375,-5.9193,-5.3476,-4.6203,-5.5178,0,REST
10279,40.15234375,-6.3423,-8.4449,-0.9703,-10.2905,0,REST
10280,40.15625,-5.3673,-7.4484,-3.9504,-8.2769,0,REST
10281,40.16015625,-7.2509,-11.8052,-7.6268,-8.1914,0,REST
10282,40.1640625,-7.0691,-8.8923,-9.5365,-7.5176,0,REST
10283,40.16796875,-4.5761,-7.1613,-9.0439,-8.5583,0,REST
10284,40.171875,-8.2385,-7.0405,-7.1754,-5.2421,0,REST
10285,40.17578125,-6.7807,-6.1099,-5.425,-5.169,0,REST
10286,40.1796875,-3.3749,-2.8955,-4.543,4.7351,0,REST
10287,40.18359375,-1.9589,-1.4918,-2.5907,2.8168,0,REST
10288,40.1875,-0.3182,-0.2964,-2.8007,4.3044,0,REST
10289,40.19140625,0.5534,3.5684,1.4586,2.8903,0,REST
10290,40.1953125,2.4511,2.1277,-0.6152,8.8947,0,REST
10291,40.19921875,2.7756,5.248,0.558,4.0243,0,REST
10292,40.203125,4.0089,10.8037,-1.3397,7.1131,0,REST
10293,40.20703125,5.6138,6.7288,9.0726,4.5466,0,REST
10294,40.2109375,0.7794,10.7446,6.8593,5.9917,0,REST
10295,40.21484375,5.0969,9.2905,4.1782,5.9675,0,REST
10296,40.21875,4.0199,7.0479,0.4767,1.6545,0,REST
10297,40.22265625,3.26,5.3426,3.3443,-1.8811,0,REST
10298,40.2265625,5.4464,3.382,2.8045,0.9907,0,REST
10299,40.23046875,2.8887,2.6963,6.4097,0.0333,0,REST
10300,40.234375,1.6708,-0.1973,3.3391,-0.9989,0,REST
10301,40.23828125,3.7659,-2.452,4.1887,-3.0126,0,REST
10302,40.2421875,3.3888,-1.6908,-0.7449,-4.0171,0,REST
10303,40.24609375,2.5596,-3.1962,2.8406,-3.6684,0,REST
10304,40.25,-3.2295,-7.5338,1.5329,-4.7033,0,REST
10305,40.25390625,-1.8205,-7.4667,1.2736,-3.1243,0,REST
10306,40.2578125,0.0168,-8.8883,-4.4155,-3.8262,0,REST
10307,40.26171875,-0.6995,-5.4206,-0.6684,-3.5925,0,REST
10308,40.265625,-4.563,-8.3364,-4.7843,-6.5604,0,REST
10309,40.26953125,-0.1194,-1.1866,0.1535,1.7934,0,REST
10310,40.2734375,-4.6175,-0.5656,-1.5145,-1.2233,0,REST
10311,40.27734375,-3.744,-1.2072,-3.6129,-3.7231,0,REST
10312,40.28125,-3.0105,-0.8113,-4.3735,-1.9774,0,REST
10313,40.28515625,-3.9139,0.089,-3.2898,2.4373,0,REST
10314,40.2890625,-2.7344,1.7954,-1.2094,0.2312,0,REST
10315,40.29296875,-1.1516,6.1079,-2.6726,3.8914,0,REST
10316,40.296875,-4.7375,5.202,1.1904,4.33,0,REST
10317,40.30078125,-2.1342,8.6026,-1.7792,1.1815,0,REST
10318,40.3046875,-1.0163,3.1501,1.998,4.8803,0,REST
10319,40.30859375,-3.3522,2.7736,-3.1702,5.9872,0,REST
10320,40.3125,1.1109,4.856,-1.329,3.7645,0,REST
10321,40.31640625,3.125,3.3043,-1.4853,5.3462,0,REST
10322,40.3203125,6.21,0.1832,-0.4664,5.0912,0,REST
10323,40.32421875,3.9998,2.3828,1.0195,3.3777,0,REST
10324,40.328125,4.3183,0.5321,4.5632,3.9423,0,REST
10325,40.33203125,5.2692,-0.7615,9.6201,1.1598,0,REST
10326,40.3359375,4.2206,0.3669,3.9406,2.7932,0,REST
10327,40.33984375,5.7105,-0.319,4.0601,-1.4924,0,REST
10328,40.34375,2.4188,-2.0768,7.1851,-2.855,0,REST
10329,40.34765625,5.0685,0.2802,8.8796,-6.3704,0,REST
10330,40.3515625,0.0539,0.1157,6.2791,-5.9378,0,REST
10331,40.35546875,4.1092,-3.1285,4.8861,-2.9967,0,REST
10332,40.359375,-2.0975,-1.6364,1.3786,-5.0155,0,REST
10333,40.36328125,-1.9712,-4.4836,-1.2062,-4.9207,0,REST
10334,40.3671875,-3.9077,-4.531,1.3571,-3.8718,0,REST
10335,40.37109375,-7.8145,-3.7684,-2.4313,-4.9284,0,REST
10336,40.375,-8.0274,-2.4985,-4.3918,-5.6791,0,REST
10337,40.37890625,-7.4919,-2.7429,-7.1448,-5.4959,0,REST
10338,40.3828125,-11.5239,-3.1551,-12.5391,-3.0264,0,REST
10339,40.38671875,-9.5408,-5.7849,-12.1311,-2.4203,0,REST
10340,40.390625,-11.2915,1.8983,-9.6041,0.4267,0,REST
10341,40.39453125,-8.0044,-2.1196,-13.4655,1.9518,0,REST
10342,40.3984375,-3.6982,0.3755,-7.1415,3.2717,0,REST
10343,40.40234375,0.1636,1.3308,-7.6829,4.0377,0,REST
10344,40.40625,-1.7397,2.9858,-3.941,6.0982,0,REST
10345,40.41015625,4.8552,3.9534,-3.44,4.2065,0,REST
10346,40.4140625,5.2168,0.1195,1.7094,6.7053,0,REST
10347,40.41796875,6.3686,2.0489,-0.7509,6.2406,0,REST
10348,40.421875,9.8419,5.2392,4.8306,6.7477,0,REST
10349,40.42578125,10.0485,2.2463,6.3604,5.1317,0,REST
10350,40.4296875,11.2031,-2.2251,10.0539,5.6502,0,REST
10351,40.43359375,13.989,3.5171,11.8276,0.9953,0,REST
10352,40.4375,8.668,1.6526,14.5279,-0.512,0,REST
10353,40.44140625,9.5543,-0.4263,12.4418,0.0387,0,REST
10354,40.4453125,8.4793,3.3642,13.0641,-4.3845,0,REST
10355,40.44921875,2.0741,1.75,5.3648,-7.3922,0,REST
10356,40.453125,1.071,0.0816,7.5147,-1.683,0,REST
10357,40.45703125,-0.6223,-1.1636,7.4322,-9.5868,0,REST
10358,40.4609375,-4.0058,-3.3253,0.456,-7.8494,0,REST
10359,40.46484375,-7.2837,-0.5271,2.7053,-8.2286,0,REST
10360,40.46875,-14.0376,-5.4588,-2.7802,-7.362,0,REST
10361,40.47265625,-15.1058,-4.1723,-8.0806,-6.4082,0,REST
10362,40.4765625,-11.6625,-6.1981,-8.2706,-8.0866,0,REST
10363,40.48046875,-15.7521,-4.1635,-12.0353,-1.6958,0,REST
10364,40.484375,-10.3136,-5.4434,-12.3563,0.5772,0,REST
10365,40.48828125,-6.3984,-2.5725,-16.0668,7.3752,0,REST
10366,40.4921875,-4.7192,0.7585,-11.9194,6.996,0,REST
10367,40.49609375,0.5017,-1.669,-8.6775,8.9351,0,REST
10368,40.5,1.6444,-0.6884,-9.215,11.6982,0,REST
10369,40.50390625,4.9905,1.4387,-3.2787,8.3796,0,REST
10370,40.5078125,2.8301,4.7741,-5.6717,13.5073,0,REST
10371,40.51171875,11.3655,1.106,1.9541,10.1239,0,REST
10372,40.515625,8.5402,4.2141,7.2535,10.8627,0,REST
10373,40.51953125,14.2671,4.386,6.9182,6.271,0,REST
10374,40.5234375,9.6586,9.0039,12.9069,2.7087,0,REST
10375,40.52734375,10.3418,7.3678,13.4937,-1.8553,0,REST
10376,40.53125,12.5573,8.7543,11.3325,-5.5062,0,REST
10377,40.53515625,9.4491,6.1653,13.9834,-5.972,0,REST
10378,40.5390625,8.2408,7.2043,10.8513,-7.4378,0,REST
10379,40.54296875,6.7284,2.3272,8.9508,-12.3765,0,REST
10380,40.546875,-0.7249,-1.5647,1.1741,-13.5701,0,REST
10381,40.55078125,-2.4723,-1.9065,0.7678,-15.1035,0,REST
10382,40.5546875,-9.7601,-3.8588,4.6303,-12.0596,0,REST
10383,40.55859375,-2.8448,-6.8187,-1.657,-4.958,0,REST
10384,40.5625,-9.7237,-7.6962,-7.2063,-9.198,0,REST
10385,40.56640625,-6.9732,-9.4878,-5.0459,-4.5079,0,REST
10386,40.5703125,-11.5211,-11.2723,-8.4237,-0.6941,0,REST
10387,40.57421875,-15.1023,-12.1628,-9.4856,-0.6744,0,REST
10388,40.578125,-12.6687,-9.5248,-14.0545,1.525,0,REST
10389,40.58203125,-8.9183,-12.2591,-13.3709,8.7188,0,REST
10390,40.5859375,-3.6801,-5.2248,-9.4861,7.7173,0,REST
10391,40.58984375,-4.8317,-5.6068,-10.3499,13.6502,0,REST
10392,40.59375,0.1551,-2.0861,-8.472,12.7264,0,REST
10393,40.59765625,3.3261,-0.1502,-4.4718,14.4445,0,REST
10394,40.6015625,7.9491,5.1819,-3.3302,11.9998,0,REST
10395,40.60546875,10.1433,4.6051,1.3496,9.8849,0,REST
10396,40.609375,11.127,10.6804,4.2698,9.7232,0,REST
10397,40.61328125,9.1657,9.8444,6.3971,1.9416,0,REST
10398,40.6171875,10.7662,9.4212,5.3162,-2.618,0,REST
10399,40.62109375,9.7403,15.6973,8.5227,-2.6294,0,REST
10400,40.625,7.4363,10.6156,11.7178,-5.9709,0,REST
10401,40.62890625,4.2606,8.0662,8.1439,-7.8073,0,REST
10402,40.6328125,2.4457,7.8192,10.6039,-11.3295,0,REST
10403,40.63671875,1.1579,7.2611,5.6275,-13.8464,0,REST
10404,40.640625,-2.6068,1.7265,6.1812,-15.063,0,REST
10405,40.64453125,-0.367,-1.4123,3.5457,-10.2899,0,REST
10406,40.6484375,-1.5784,-2.2287,5.7443,-9.2335,0,REST
10407,40.65234375,-6.226,-5.1021,1.8369,-5.9824,0,REST
10408,40.65625,-8.9071,-8.255,-6.5229,-3.983,0,REST
10409,40.66015625,-5.9166,-10.6857,-5.0986,-1.427,0,REST
10410,40.6640625,-4.0012,-9.3262,-1.8691,1.7888,0,REST
10411,40.66796875,-4.133,-9.1962,-3.8744,4.332,0,REST
10412,40.671875,-4.8265,-12.0571,-7.531,9.9308,0,REST
10413,40.67578125,-3.1345,-9.1943,-9.9643,7.3249,0,REST
10414,40.6796875,-4.5847,-3.5752,-6.7855,12.0215,0,REST
10415,40.68359375,0.1693,-6.293,-3.6113,14.4698,0,REST
10416,40.6875,-0.1281,-2.5933,-5.8901,15.8751,0,REST
10417,40.69140625,0.9,1.3315,-5.3778,8.2557,0,REST
10418,40.6953125,2.6358,5.3395,-2.9014,9.5604,0,REST
10419,40.69921875,1.534,5.8927,-1.3393,2.7884,0,REST
10420,40.703125,1.2549,7.998,1.2578,3.7637,0,REST
10421,40.70703125,2.9999,14.1099,-1.5374,0.2236,0,REST
10422,40.7109375,3.345,10.9382,-1.0192,-6.5806,0,REST
10423,40.71484375,1.067,13.5185,2.6076,-6.8107,0,REST
10424,40.71875,4.2845,11.4748,4.7587,-4.168,0,REST
10425,40.72265625,3.8825,11.2476,2.6423,-7.5154,0,REST
10426,40.7265625,3.199,8.2086,3.5772,-5.6075,0,REST
10427,40.73046875,-0.0534,6.0497,1.2591,-8.0402,0,REST
10428,40.734375,1.7872,-1.7427,3.0804,-7.7077,0,REST
10429,40.73828125,3.7076,-3.995,4.5021,-7.8168,0,REST
10430,40.7421875,1.7846,-3.7596,1.9544,-7.4709,0,REST
10431,40.74609375,0.7762,-7.2148,2.276,-4.8623,0,REST
10432,40.75,1.8888,-10.1512,4.2982,-0.7253,0,REST
10433,40.75390625,-2.2913,-12.3782,3.6641,-1.3007,0,REST
10434,40.7578125,-0.9184,-9.4917,-0.4915,3.2406,0,REST
10435,40.76171875,-0.0329,-8.668,-0.1981,7.7457,0,REST
10436,40.765625,-3.5713,-14.3858,-1.6259,3.9096,0,REST
10437,40.76953125,-1.1628,-13.7376,-2.0475,9.3268,0,REST
10438,40.7734375,-3.7211,-6.9597,-0.4569,6.9148,0,REST
10439,40.77734375,-4.7314,-6.3061,1.1188,5.1185,0,REST
10440,40.78125,-7.0178,0.146,-0.2617,6.5264,0,REST
10441,40.78515625,-5.9153,-0.3575,-0.4355,7.876,0,REST
10442,40.7890625,-3.4021,1.8662,-1.1799,2.1908,0,REST
10443,40.79296875,-3.3793,5.3487,-4.4455,6.5728,0,REST
10444,40.796875,-3.4631,8.4259,-4.6064,0.5588,0,REST
10445,40.80078125,-3.6212,8.8873,-5.7862,1.3325,0,REST
10446,40.8046875,1.4717,13.5688,-5.7503,-3.7718,0,REST
10447,40.80859375,-1.9009,16.9926,-4.9368,-1.8916,0,REST
10448,40.8125,-1.6687,11.7028,-6.2807,-2.7903,0,REST
10449,40.81640625,2.9163,11.5284,-3.0421,-4.5569,0,REST
10450,40.8203125,5.189,7.616,-5.4736,-5.0959,0,REST
10451,40.82421875,6.4665,2.4936,0.3122,-4.8316,0,REST
10452,40.828125,8.3452,2.1186,0.371,-4.5588,0,REST
10453,40.83203125,5.6033,1.1284,3.869,-2.3731,0,REST
10454,40.8359375,4.1361,-9.7943,5.3336,-0.9352,0,REST
10455,40.83984375,10.2407,-11.5499,2.8185,-3.7358,0,REST
10456,40.84375,7.3947,-10.4297,5.802,-3.8532,0,REST
10457,40.84765625,4.7121,-10.1387,9.4855,1.4692,0,REST
10458,40.8515625,7.2809,-14.25,10.8827,2.5346,0,REST
10459,40.85546875,4.1298,-13.1789,10.4497,2.7933,0,REST
10460,40.859375,-0.0122,-7.2944,8.6089,-0.8469,0,REST
10461,40.86328125,-1.0992,-8.5663,6.5791,2.5307,0,REST
10462,40.8671875,-3.3469,-7.6409,6.1775,4.2199,0,REST
10463,40.87109375,-6.9802,-5.1379,-1.1793,3.1582,0,REST
10464,40.875,-7.6314,-2.536,1.8132,4.3177,0,REST
10465,40.87890625,-6.7684,1.924,-2.3386,4.0316,0,REST
10466,40.8828125,-7.8399,4.5821,-3.1421,6.5788,0,REST
10467,40.88671875,-7.7279,5.5594,-5.6476,4.7701,0,REST
10468,40.890625,-5.8057,9.8702,-9.797,3.37,0,REST
10469,40.89453125,-6.3197,11.2401,-12.2425,3.5405,0,REST
10470,40.8984375,-5.3761,12.071,-8.5075,4.5116,0,REST
10471,40.90234375,-0.1237,9.3841,-9.6546,1.1786,0,REST
10472,40.90625,-0.5824,14.3579,-11.2519,0.1811,0,REST
10473,40.91015625,2.294,9.314,-9.2638,1.7786,0,REST
10474,40.9140625,5.1467,11.7866,-5.1132,-2.2142,0,REST
10475,40.91796875,6.9485,4.4328,-6.3689,-1.849,0,REST
10476,40.921875,8.324,3.5135,0.9649,-3.4439,0,REST
10477,40.92578125,9.3452,-1.623,1.4705,-0.6208,0,REST
10478,40.9296875,12.9638,-3.7259,0.7595,-5.4032,0,REST
10479,40.93359375,13.189,-7.9472,5.6678,-7.0684,0,REST
10480,40.9375,12.0541,-9.8224,11.3991,-4.3865,0,REST
10481,40.94140625,8.9264,-9.7612,15.2301,-4.2569,0,REST
10482,40.9453125,7.5221,-8.1681,9.5419,-8.1047,0,REST
10483,40.94921875,5.0804,-10.5395,10.8236,-0.8513,0,REST
10484,40.953125,3.6891,-10.3866,12.0612,-5.921,0,REST
10485,40.95703125,-3.6006,-10.1735,8.3975,-1.2234,0,REST
10486,40.9609375,-7.1672,-4.8295,10.0113,-0.185,0,REST
10487,40.96484375,-9.4847,-5.9116,6.1482,1.5589,0,REST
10488,40.96875,-11.7024,1.9548,3.3442,-1.5606,0,REST
10489,40.97265625,-6.9922,0.1618,-0.3065,9.3964,0,REST
10490,40.9765625,-10.8163,0.7,-3.8309,5.424,0,REST
10491,40.98046875,-11.6024,4.6152,-8.2932,9.1566,0,REST
10492,40.984375,-13.5436,6.3569,-6.4234,4.829,0,REST
10493,40.98828125,-10.1406,4.3524,-6.9765,8.381,0,REST
10494,40.9921875,-7.9506,5.9803,-11.7138,7.4627,0,REST
10495,40.99609375,-4.4085,5.3758,-13.3255,4.143,0,REST
10496,41.0,-1.3036,10.3767,-11.4882,6.373,0,REST
10497,41.00390625,2.4207,4.9642,-8.3905,5.231,0,REST
10498,41.0078125,6.8715,2.9069,-9.602,0.3755,0,REST
10499,41.01171875,7.7848,3.5681,-4.5321,-4.4128,0,REST
10500,41.015625,9.824,-0.0202,-6.1535,-5.2423,0,REST
10501,41.01953125,11.812,-2.9177,1.1769,-7.8437,0,REST
10502,41.0234375,16.8593,-1.081,2.2401,-8.8106,0,REST
10503,41.02734375,14.5429,-4.2417,3.4003,-13.2226,0,REST
10504,41.03125,10.1929,-7.3468,9.8079,-7.5492,0,REST
10505,41.03515625,6.3495,-4.7237,11.2067,-7.6055,0,REST
10506,41.0390625,5.2984,-9.8218,13.5877,-10.9934,0,REST
10507,41.04296875,1.215,-2.6649,11.9109,-9.4476,0,REST
10508,41.046875,2.8654,-5.2771,10.9136,-4.618,0,REST
10509,41.05078125,-5.0609,-7.2689,12.8743,-6.3276,0,REST
10510,41.0546875,-10.2719,-4.0752,8.4859,2.3144,0,REST
10511,41.05859375,-10.9591,0.6547,3.5251,1.1072,0,REST
10512,41.0625,-6.041,-2.1127,4.3809,5.1912,0,REST
10513,41.06640625,-10.3625,0.4771,0.4701,9.9671,0,REST
10514,41.0703125,-13.3389,-1.5429,-9.1802,8.1767,0,REST
10515,41.07421875,-13.174,1.6365,-4.4465,9.4073,0,REST
10516,41.078125,-6.2725,2.956,-8.8701,9.0142,0,REST
10517,41.08203125,-8.5766,4.7314,-10.4096,12.16,0,REST
10518,41.0859375,-4.5641,5.4582,-11.479,9.7997,0,REST
10519,41.08984375,-6.021,7.6195,-11.2209,5.1942,0,REST
10520,41.09375,1.2919,4.4005,-13.4546,3.4091,0,REST
10521,41.09765625,4.5647,6.3411,-8.6133,-0.6863,0,REST
10522,41.1015625,3.2378,4.0325,-5.344,-0.5308,0,REST
10523,41.10546875,8.4258,3.6437,-4.2183,-5.384,0,REST
10524,41.109375,10.9497,3.1848,-3.2084,-7.7094,0,REST
10525,41.11328125,8.9276,-3.0054,1.8235,-7.6747,0,REST
10526,41.1171875,7.5212,-1.1324,3.1044,-11.4181,0,REST
10527,41.12109375,9.0931,-2.7027,2.8764,-13.7804,0,REST
10528,41.125,8.343,-2.2378,9.1878,-12.931,0,REST
10529,41.12890625,10.8191,-4.3678,9.3954,-5.4299,0,REST
10530,41.1328125,2.7792,-4.7081,11.4321,-8.3988,0,REST
10531,41.13671875,1.5652,-0.6637,9.8884,-4.8009,0,REST
10532,41.140625,-1.6177,1.9431,9.0026,-5.4432,0,REST
10533,41.14453125,-6.4482,-3.5846,8.8072,0.3419,0,REST
10534,41.1484375,-5.0095,-3.5356,6.0735,3.3958,0,REST
10535,41.15234375,-6.5323,-2.3812,2.8196,6.9375,0,REST
10536,41.15625,-8.3734,-5.6802,-0.7965,9.119,0,REST
10537,41.16015625,-6.8415,-2.4382,3.55,13.4088,0,REST
10538,41.1640625,-3.3043,-3.2949,-0.879,13.6691,0,REST
10539,41.16796875,-8.875,-3.7484,-2.226,12.7904,0,REST
10540,41.171875,-5.2765,-3.9251,-1.6498,7.3998,0,REST
10541,41.17578125,-2.0578,0.3916,-6.9258,6.3601,0,REST
10542,41.1796875,-3.6902,-2.4804,-8.1604,10.52,0,REST
10543,41.18359375,-1.6089,2.9272,-8.5567,5.6813,0,REST
10544,41.1875,-0.9288,2.8837,-7.9483,-0.2919,0,REST
10545,41.19140625,1.7049,1.318,-6.4508,-0.6349,0,REST
10546,41.1953125,0.1998,2.5761,-3.6572,-6.6406,0,REST
10547,41.19921875,2.4037,7.3684,-2.3559,-9.2232,0,REST
10548,41.203125,4.6515,4.5853,1.3473,-13.0837,0,REST
10549,41.20703125,0.067,4.1201,-6.9438,-11.6955,0,REST
10550,41.2109375,3.0707,1.4253,-1.5164,-8.0804,0,REST
10551,41.21484375,7.0178,4.9479,-0.7175,-12.7928,0,REST
10552,41.21875,2.7497,4.7542,1.2004,-8.4905,0,REST
10553,41.22265625,5.5076,5.3802,1.4029,-5.4131,0,REST
10554,41.2265625,3.7534,3.3446,2.5973,-5.716,0,REST
10555,41.23046875,5.1956,2.7675,0.0827,-3.3531,0,REST
10556,41.234375,3.7549,0.0801,3.8442,2.5466,0,REST
10557,41.23828125,1.9426,0.9356,1.9811,4.5724,0,REST
10558,41.2421875,-0.0443,-3.2673,2.2794,9.0202,0,REST
10559,41.24609375,2.6104,-0.4342,2.632,8.3317,0,REST
10560,41.25,0.0979,-4.0603,1.8496,8.223,0,REST
10561,41.25390625,-2.0653,-5.2126,4.515,14.0572,0,REST
10562,41.2578125,-2.4925,-4.6432,1.0475,11.3381,0,REST
10563,41.26171875,-1.3986,-2.8475,4.8968,13.3962,0,REST
10564,41.265625,-5.0574,-6.4685,1.1346,9.0942,0,REST
10565,41.26953125,-2.9162,-2.5189,5.7403,7.402,0,REST
10566,41.2734375,-5.5312,-6.9657,-0.4626,-1.0637,0,REST
10567,41.27734375,-3.5164,-1.4794,1.9874,5.3188,0,REST
10568,41.28125,-0.7721,-0.1306,0.2823,-0.4339,0,REST
10569,41.28515625,-5.7164,1.2785,-2.9473,-6.4526,0,REST
10570,41.2890625,-4.3192,1.4446,-4.0452,-2.2451,0,REST
10571,41.29296875,-2.8837,6.6599,0.6663,-7.5012,0,REST
10572,41.296875,-4.0183,3.6626,0.0828,-8.4081,0,REST
10573,41.30078125,-2.2983,9.9569,-2.5678,-8.6756,0,REST
10574,41.3046875,0.2811,8.7942,-1.3975,-11.5256,0,REST
10575,41.30859375,2.8109,6.3671,-6.2396,-8.8993,0,REST
10576,41.3125,-0.1895,8.9146,-5.58,-8.3437,0,REST
10577,41.31640625,2.8243,5.1325,-6.904,-6.1726,0,REST
10578,41.3203125,5.4326,6.9794,-0.5028,-2.5111,0,REST
10579,41.32421875,4.2297,7.6252,-6.0894,3.8189,0,REST
10580,41.328125,5.7426,4.7158,-1.481,1.5621,0,REST
10581,41.33203125,8.0325,-1.0496,-1.7412,3.5768,0,REST
10582,41.3359375,8.7306,-1.2249,0.6935,7.5993,0,REST
10583,41.33984375,6.4731,-5.5588,0.1848,13.8163,0,REST
10584,41.34375,7.33,-3.8233,4.0218,9.6436,0,REST
10585,41.34765625,6.3206,-8.7677,5.0595,8.7805,0,REST
10586,41.3515625,3.8136,-8.4539,7.592,5.983,0,REST
10587,41.35546875,5.3559,-13.3522,6.2441,9.373,0,REST
10588,41.359375,-1.8128,-6.9389,9.1142,4.8572,0,REST
10589,41.36328125,-1.1524,-11.0886,5.8119,2.4271,0,REST
10590,41.3671875,-3.6841,-10.7226,7.8204,2.1408,0,REST
10591,41.37109375,-3.8244,-3.5728,9.3496,4.0312,0,REST
10592,41.375,-8.9151,0.7047,3.9659,2.7551,0,REST
10593,41.37890625,-9.9494,1.0127,6.4322,-6.3422,0,REST
10594,41.3828125,-11.4526,2.7451,3.1147,-2.4101,0,REST
10595,41.38671875,-8.6628,4.0588,1.0259,-4.7933,0,REST
10596,41.390625,-9.5745,8.221,-0.7937,-7.0719,0,REST
10597,41.39453125,-7.7944,11.3495,-3.6049,-7.2421,0,REST
10598,41.3984375,-4.4462,13.511,-6.6288,-6.926,0,REST
10599,41.40234375,-1.2118,12.6134,-11.8795,-7.5536,0,REST
10600,41.40625,-0.2236,12.6662,-8.6856,-1.7352,0,REST
10601,41.41015625,4.5081,8.1822,-8.2616,-1.0127,0,REST
10602,41.4140625,4.1661,10.5636,-11.2349,-1.2976,0,REST
10603,41.41796875,12.4012,6.8735,-11.8378,1.9081,0,REST
10604,41.421875,9.7321,2.7314,-8.044,-2.1352,0,REST
10605,41.42578125,10.3709,2.0684,-6.1434,-0.2487,0,REST
10606,41.4296875,14.3928,0.133,-6.3927,1.9542,0,REST
10607,41.43359375,9.1996,-4.5763,3.3457,3.2973,0,REST
10608,41.4375,7.9128,-10.2532,5.5429,2.7838,0,REST
10609,41.44140625,7.4791,-13.6839,4.2936,4.8621,0,REST
10610,41.4453125,6.5604,-12.6121,9.2999,4.2477,0,REST
10611,41.44921875,4.9474,-13.8616,8.818,2.8743,0,REST
10612,41.453125,-0.7472,-13.3243,9.6466,2.4215,0,REST
10613,41.45703125,-4.3319,-9.2519,15.0759,4.8921,0,REST
10614,41.4609375,-6.1897,-12.5475,14.0254,2.6442,0,REST
10615,41.46484375,-8.8572,-4.8732,11.4243,-0.616,0,REST
10616,41.46875,-11.1992,-3.161,7.133,3.3807,0,REST
10617,41.47265625,-13.1891,-0.4094,6.7876,2.2889,0,REST
10618,41.4765625,-11.7565,4.0276,1.9729,3.4666,0,REST
10619,41.48046875,-10.2453,3.1022,-2.0451,-1.4406,0,REST
10620,41.484375,-13.0362,7.0358,-2.7804,-1.5733,0,REST
10621,41.48828125,-12.2916,10.371,-7.8718,-1.6446,0,REST
10622,41.4921875,-6.9042,10.3439,-9.1125,-2.3236,0,REST
10623,41.49609375,-4.7429,11.2687,-10.0665,-3.318,0,REST
10624,41.5,0.0805,11.8972,-13.2537,-4.2804,0,REST
10625,41.50390625,3.8701,11.2294,-11.2979,-3.6185,0,REST
10626,41.5078125,5.1118,11.138,-11.8269,-6.23,0,REST
10627,41.51171875,9.3207,9.1631,-12.9487,-4.6765,0,REST
10628,41.515625,14.3364,4.6336,-8.3542,-2.3778,0,REST
10629,41.51953125,11.1177,-2.2999,-7.5654,-1.714,0,REST
10630,41.5234375,12.0951,-1.2453,-3.5443,-0.2693,0,REST
10631,41.52734375,13.5259,-5.4674,-0.8771,-1.0479,0,REST
10632,41.53125,9.3327,-6.8419,3.2849,-1.6424,0,REST
10633,41.53515625,9.0393,-7.0145,5.2202,0.7036,0,REST
10634,41.5390625,6.3617,-9.7591,13.3332,0.2527,0,REST
10635,41.54296875,0.726,-11.7552,10.0674,2.4247,0,REST
10636,41.546875,1.4016,-10.0739,11.1548,2.9695,0,REST
10637,41.55078125,-7.8663,-11.7458,9.3794,3.8641,0,REST
10638,41.5546875,-9.9328,-9.6947,15.3063,5.7699,0,REST
10639,41.55859375,-5.1553,-9.6273,10.3285,3.7265,0,REST
10640,41.5625,-9.4904,-4.7205,9.0418,7.0677,0,REST
10641,41.56640625,-13.6395,0.3024,7.4723,8.819,0,REST
10642,41.5703125,-13.5748,2.5172,1.436,5.2932,0,REST
10643,41.57421875,-12.2483,7.6791,-0.3703,2.1274,0,REST
10644,41.578125,-10.9855,10.6288,-1.9643,1.6537,0,REST
10645,41.58203125,-7.1736,10.7435,-1.8511,-0.19,0,REST
10646,41.5859375,-6.0411,12.3367,-10.1403,-1.5576,0,REST
10647,41.58984375,-4.0995,10.2931,-6.228,-3.5615,0,REST
10648,41.59375,0.8997,9.6337,-8.7455,-6.9675,0,REST
10649,41.59765625,1.215,13.2855,-10.8158,-6.9293,0,REST
10650,41.6015625,6.5446,9.2379,-9.6416,-9.2874,0,REST
10651,41.60546875,7.3123,6.623,-6.462,-7.3454,0,REST
10652,41.609375,8.4578,2.3938,-6.2335,-9.6403,0,REST
10653,41.61328125,11.7943,-0.3406,-5.1299,-10.1801,0,REST
10654,41.6171875,8.1875,-4.1117,-5.9122,-3.4659,0,REST
10655,41.62109375,9.7665,-7.2775,2.4749,-6.4388,0,REST
10656,41.625,9.526,-10.7865,-0.4005,0.2661,0,REST
10657,41.62890625,5.3418,-9.8036,2.0848,-0.8585,0,REST
10658,41.6328125,2.0551,-12.6339,6.0753,4.9314,0,REST
10659,41.63671875,0.2773,-9.9438,6.3826,5.8581,0,REST
10660,41.640625,0.0651,-13.6045,6.4925,9.004,0,REST
10661,41.64453125,0.1514,-12.4905,7.8522,4.6358,0,REST
10662,41.6484375,-1.255,-11.7184,9.604,11.3403,0,REST
10663,41.65234375,-4.4337,-6.9686,8.2854,12.1474,0,REST
10664,41.65625,-7.1834,-3.2793,5.192,9.1474,0,REST
10665,41.66015625,-6.3461,-1.5503,5.6191,7.4195,0,REST
10666,41.6640625,-5.7189,1.7952,3.9231,5.3649,0,REST
10667,41.66796875,-7.3112,2.9527,0.7423,1.4123,0,REST
10668,41.671875,-8.4698,8.1075,-2.9065,-2.9062,0,REST
10669,41.67578125,-2.3958,7.9374,0.2968,1.8419,0,REST
10670,41.6796875,-1.4214,10.7418,-4.1032,-3.62,0,REST
10671,41.68359375,-0.1537,12.6234,-1.3185,-7.4196,0,REST
10672,41.6875,-3.8928,10.6784,-4.4364,-13.1874,0,REST
10673,41.69140625,2.1628,8.0208,-2.9046,-12.2406,0,REST
10674,41.6953125,3.5843,8.2367,-5.8026,-8.8567,0,REST
10675,41.69921875,4.6471,6.8569,-1.493,-9.7347,0,REST
10676,41.703125,4.1616,1.1358,-4.3334,-8.5207,0,REST
10677,41.70703125,2.1196,2.345,-1.9563,-5.7506,0,REST
10678,41.7109375,5.1043,-5.812,-2.7178,-4.7226,0,REST
10679,41.71484375,2.9532,-3.9872,-0.7101,-4.2231,0,REST
10680,41.71875,4.898,-5.9628,-1.0083,1.7574,0,REST
10681,41.72265625,5.3684,-6.3649,-2.1962,4.3532,0,REST
10682,41.7265625,5.0845,-8.5899,-3.2907,7.4988,0,REST
10683,41.73046875,3.3963,-10.2781,0.0176,13.02,0,REST
10684,41.734375,2.2855,-10.1392,-4.2194,11.825,0,REST
10685,41.73828125,3.2158,-13.1966,0.6111,13.0311,0,REST
10686,41.7421875,1.0253,-7.6985,3.7621,16.3682,0,REST
10687,41.74609375,-0.2294,-5.6824,1.15,10.5406,0,REST
10688,41.75,0.6229,-3.5251,1.571,7.4246,0,REST
10689,41.75390625,2.7172,0.7897,5.038,6.666,0,REST
10690,41.7578125,0.7919,5.0429,3.4816,4.6331,0,REST
10691,41.76171875,-2.3165,4.6143,3.6029,2.4719,0,REST
10692,41.765625,-2.877,5.2618,2.6055,-4.5578,0,REST
10693,41.76953125,-2.5344,6.6894,1.8737,-7.479,0,REST
10694,41.7734375,-3.2414,6.5594,5.6648,-9.7205,0,REST
10695,41.77734375,-3.6797,3.0196,2.9217,-12.5445,0,REST
10696,41.78125,-6.0072,6.0964,2.5405,-11.1194,0,REST
10697,41.78515625,-7.0169,6.273,1.8591,-14.9427,0,REST
10698,41.7890625,-3.4978,1.3512,1.203,-7.5418,0,REST
10699,41.79296875,-3.0725,2.0974,3.2888,-12.0321,0,REST
10700,41.796875,-1.1845,3.8811,-0.1311,-8.5753,0,REST
10701,41.80078125,-4.5576,-3.2048,-1.9701,-5.2667,0,REST
10702,41.8046875,-2.376,-1.7482,-0.1155,-2.8453,0,REST
10703,41.80859375,-0.5812,-5.1088,-5.9121,1.2376,0,REST
10704,41.8125,-0.095,-3.8269,-3.765,3.5849,0,REST
10705,41.81640625,2.5215,-2.5364,-5.5302,5.4585,0,REST
10706,41.8203125,4.4913,-3.148,-5.6999,11.129,0,REST
10707,41.82421875,3.7771,-9.1238,-1.8246,11.8043,0,REST
10708,41.828125,7.4161,-6.3788,-7.2654,10.6817,0,REST
10709,41.83203125,4.9133,-6.2912,-3.7878,14.3931,0,REST
10710,41.8359375,6.0192,-1.4368,-6.5015,10.9443,0,REST
10711,41.83984375,5.9301,-2.3482,-2.1232,9.601,0,REST
10712,41.84375,5.7718,-2.2052,0.8281,9.738,0,REST
10713,41.84765625,5.7425,-2.687,-2.0728,4.7036,0,REST
10714,41.8515625,4.1311,1.1486,-0.4953,1.57,0,REST
10715,41.85546875,3.5569,3.4955,4.3459,-1.8944,0,REST
10716,41.859375,-2.3572,2.5052,8.0903,-8.391,0,REST
10717,41.86328125,0.5164,1.9394,5.0638,-7.2305,0,REST
10718,41.8671875,-2.4323,0.449,9.6722,-10.9361,0,REST
10719,41.87109375,-5.6922,5.8578,11.4323,-11.2809,0,REST
10720,41.875,-6.8469,5.3784,11.9932,-15.5732,0,REST
10721,41.87890625,-6.2576,2.9181,10.951,-8.2011,0,REST
10722,41.8828125,-9.4913,7.6668,11.0011,-10.4584,0,REST
10723,41.88671875,-8.0689,2.3359,5.5126,-7.001,0,REST
10724,41.890625,-7.8036,5.5436,4.4711,-2.8955,0,REST
10725,41.89453125,-6.956,3.8127,2.02,-0.2331,0,REST
10726,41.8984375,-4.0952,0.3695,-0.6809,2.4848,0,REST
10727,41.90234375,-2.2153,-1.1453,-5.1742,1.8639,0,REST
10728,41.90625,-1.8326,-0.5077,-6.5124,4.2365,0,REST
10729,41.91015625,3.7042,-2.9261,-10.4217,9.3183,0,REST
10730,41.9140625,6.4171,-3.8816,-7.1761,10.169,0,REST
10731,41.91796875,7.6305,-2.1521,-13.5235,10.0291,0,REST
10732,41.921875,11.1031,-2.018,-14.341,7.8952,0,REST
10733,41.92578125,12.4713,-2.0659,-10.036,6.3813,0,REST
10734,41.9296875,11.4998,-0.8787,-9.4109,4.8744,0,REST
10735,41.93359375,7.2659,-5.5507,-7.5807,3.9645,0,REST
10736,41.9375,12.6758,-2.2802,-8.5029,6.658,0,REST
10737,41.94140625,6.7969,-5.1046,2.2222,-1.1284,0,REST
10738,41.9453125,5.5823,-4.4599,3.353,-2.5155,0,REST
10739,41.94921875,3.6745,-2.5409,6.4892,-3.0519,0,REST
10740,41.953125,0.3424,-4.0062,8.6884,-5.04,0,REST
10741,41.95703125,-2.9178,-2.9118,10.2414,-3.075,0,REST
10742,41.9609375,-1.7677,2.8528,16.7332,-6.737,0,REST
10743,41.96484375,-10.3083,-1.0521,14.2553,-7.3304,0,REST
10744,41.96875,-9.8227,-0.6075,11.1739,-8.4672,0,REST
10745,41.97265625,-11.814,2.858,12.8054,-8.2788,0,REST
10746,41.9765625,-13.4505,1.589,15.2553,-6.63,0,REST
10747,41.98046875,-11.2967,3.607,9.1867,-2.5625,0,REST
10748,41.984375,-10.3502,8.2821,5.3678,-3.0107,0,REST
10749,41.98828125,-8.2553,5.8596,4.0878,-4.0114,0,REST
10750,41.9921875,-4.056,6.6488,-1.3732,1.3079,0,REST
10751,41.99609375,-2.0464,4.6357,-5.8199,0.2545,0,REST
10752,42.0,-0.4305,4.633,-7.8352,0.6304,0,REST
10753,42.00390625,4.7689,7.5822,-9.2888,5.8693,0,REST
10754,42.0078125,5.1525,3.1183,-10.6811,4.2133,0,REST
10755,42.01171875,8.2963,2.7014,-13.5396,1.8996,0,REST
10756,42.015625,13.7046,0.1274,-13.8852,5.9832,0,REST
10757,42.01953125,6.9203,1.7818,-12.4711,5.3858,0,REST
10758,42.0234375,9.7934,-0.0056,-11.7734,3.2915,0,REST
10759,42.02734375,10.6654,-2.3126,-9.2478,3.8192,0,REST
10760,42.03125,7.1189,-4.7403,-7.2405,2.1968,0,REST
10761,42.03515625,9.0637,-9.3246,-3.1567,1.0061,0,REST
10762,42.0390625,6.9653,-8.1726,4.2874,-2.6057,0,REST
10763,42.04296875,3.2273,-6.7563,2.3744,1.5862,0,REST
10764,42.046875,-1.9465,-5.6103,5.6044,3.7822,0,REST
10765,42.05078125,-6.4842,-4.2719,7.9766,-0.135,0,REST
10766,42.0546875,-5.9501,-10.8965,10.0191,-1.9027,0,REST
10767,42.05859375,-10.5599,-4.6533,15.0473,-1.2574,0,REST
10768,42.0625,-10.7542,-2.8258,8.5256,-4.0795,0,REST
10769,42.06640625,-11.05,-0.7723,10.2777,-1.1336,0,REST
10770,42.0703125,-13.889,-0.261,8.6401,-6.1933,0,REST
10771,42.07421875,-11.2703,0.4788,8.3232,-3.9492,0,REST
10772,42.078125,-8.2356,6.4554,4.2857,-3.6374,0,REST
10773,42.08203125,-10.5436,4.2853,-1.5807,-2.4348,0,REST
10774,42.0859375,-6.6379,7.9324,-0.791,1.199,0,REST
10775,42.08984375,-0.7375,7.2686,-4.8617,-6.7478,0,REST
10776,42.09375,0.9007,7.9257,-7.9214,-4.5502,0,REST
10777,42.09765625,6.8404,9.6405,-10.1782,-1.3788,0,REST
10778,42.1015625,5.1915,6.2625,-11.6923,-0.4724,0,REST
10779,42.10546875,7.1629,4.8938,-9.761,-1.0067,0,REST
10780,42.109375,11.7696,7.3852,-7.6768,0.4958,0,REST
10781,42.11328125,10.3054,4.0447,-11.1741,4.4318,0,REST
10782,42.1171875,10.2009,-0.9193,-9.0359,3.6141,0,REST
10783,42.12109375,4.9089,-2.5823,-10.1241,2.5049,0,REST
10784,42.125,11.1029,-6.78,-2.5842,6.087,0,REST
10785,42.12890625,8.108,-7.0343,-1.274,6.8671,0,REST
10786,42.1328125,5.6494,-10.9274,-2.0433,6.2785,0,REST
10787,42.13671875,3.7673,-7.3413,4.126,6.4796,0,REST
10788,42.140625,-3.6911,-9.5879,5.997,7.3307,0,REST
10789,42.14453125,-2.2963,-6.5892,2.8113,5.4043,0,REST
10790,42.1484375,-1.8564,-8.3544,3.6148,4.2228,0,REST
10791,42.15234375,-7.439,-4.0648,11.1004,1.5764,0,REST
10792,42.15625,-7.301,-5.1842,9.8179,-1.6644,0,REST
10793,42.16015625,-9.4701,0.3349,7.3738,-3.8253,0,REST
10794,42.1640625,-8.7428,2.4279,7.4106,-5.7389,0,REST
10795,42.16796875,-6.7053,5.7191,10.0435,-6.2885,0,REST
10796,42.171875,-6.3893,4.4961,6.3362,-6.3282,0,REST
10797,42.17578125,-4.5321,7.9297,5.0781,-5.145,0,REST
10798,42.1796875,-3.4364,8.4666,-0.0641,-9.7099,0,REST
10799,42.18359375,0.3782,14.4164,2.1112,-7.24,0,REST
10800,42.1875,-2.2083,12.5452,-3.5411,-8.5577,0,REST
10801,42.19140625,4.4786,11.0319,-5.138,-2.6287,0,REST
10802,42.1953125,1.873,11.7214,-2.2796,-1.0235,0,REST
10803,42.19921875,3.7782,7.049,-5.2792,1.8597,0,REST
10804,42.203125,4.7595,5.7036,-2.2967,2.3892,0,REST
10805,42.20703125,5.1072,4.0485,-4.0798,6.4837,0,REST
10806,42.2109375,3.6872,-1.3364,-4.0656,6.7472,0,REST
10807,42.21484375,1.2136,-4.2202,-4.9102,7.7696,0,REST
10808,42.21875,2.5838,-2.1,-2.6547,9.6507,0,REST
10809,42.22265625,4.8399,-8.6598,-1.7883,8.3615,0,REST
10810,42.2265625,0.4406,-14.4005,-3.4897,10.4767,0,REST
10811,42.23046875,0.5094,-14.1642,-3.2584,11.1496,0,REST
10812,42.234375,1.0839,-17.2734,-1.3675,4.9506,0,REST
10813,42.23828125,-1.5735,-10.9296,0.964,4.187,0,REST
10814,42.2421875,0.8672,-10.4429,1.226,2.9111,0,REST
10815,42.24609375,3.0349,-7.3415,-2.5241,0.7642,0,REST
10816,42.25,0.1778,-7.1668,-0.0732,-4.8963,0,REST
10817,42.25390625,-0.8827,-2.429,-2.1938,-6.1267,0,REST
10818,42.2578125,0.191,2.9233,-0.3449,-8.5714,0,REST
10819,42.26171875,-3.7629,-0.3717,2.4644,-12.4,0,REST
10820,42.265625,-1.8058,5.5283,2.7982,-10.847,0,REST
10821,42.26953125,-2.1013,8.3593,-0.3598,-12.3682,0,REST
10822,42.2734375,-5.6991,10.2857,3.935,-9.2312,0,REST
10823,42.27734375,-4.1023,11.3582,3.4863,-9.3677,0,REST
10824,42.28125,-5.1303,13.9725,8.1582,-2.9175,0,REST
10825,42.28515625,-3.9272,12.5296,1.5752,-5.813,0,REST
10826,42.2890625,-3.1094,11.0193,1.1682,-1.6778,0,REST
10827,42.29296875,-2.7795,7.4657,0.8849,1.9977,0,REST
10828,42.296875,-1.2538,6.2169,2.7547,4.774,0,REST
10829,42.30078125,-1.9241,1.9162,2.387,11.6943,0,REST
10830,42.3046875,-2.2062,2.7207,4.0409,12.6464,0,REST
10831,42.30859375,-2.8977,-7.5777,-0.3141,13.2027,0,REST
10832,42.3125,1.7055,-7.9172,-1.1508,13.7185,0,REST
10833,42.31640625,2.1318,-11.5317,-1.7982,13.1276,0,REST
10834,42.3203125,0.2535,-10.5074,-6.6572,12.3016,0,REST
10835,42.32421875,5.7022,-11.3511,-6.4222,6.3359,0,REST
10836,42.328125,5.7931,-14.8212,-5.7074,6.9388,0,REST
10837,42.33203125,9.4628,-10.2699,-8.3853,4.4478,0,REST
10838,42.3359375,8.0078,-7.9011,-6.8986,-0.4694,0,REST
10839,42.33984375,9.0456,-4.0602,-6.0136,-1.4891,0,REST
10840,42.34375,2.4329,-4.8748,-2.7903,-6.5815,0,REST
10841,42.34765625,5.2156,-0.2073,-4.5111,-9.7668,0,REST
10842,42.3515625,5.8341,-1.1713,-6.31,-8.0732,0,REST
10843,42.35546875,5.7397,2.5044,-0.6787,-15.216,0,REST
10844,42.359375,-4.5406,5.7301,2.3767,-12.63,0,REST
10845,42.36328125,-0.2604,12.8718,6.5891,-11.9245,0,REST
10846,42.3671875,-4.2583,9.1566,8.5872,-5.4986,0,REST
10847,42.37109375,-8.9907,12.9371,8.5886,-8.9104,0,REST
10848,42.375,-9.122,14.15,8.9485,-2.7661,0,REST
10849,42.37890625,-7.7491,14.169,8.0158,-0.0942,0,REST
10850,42.3828125,-9.8244,8.6777,10.2517,3.9523,0,REST
10851,42.38671875,-9.3046,12.4546,10.4666,7.147,0,REST
10852,42.390625,-12.499,7.7345,9.7941,11.7299,0,REST
10853,42.39453125,-5.4593,4.243,3.6266,9.8201,0,REST
10854,42.3984375,-6.2214,3.2735,7.7657,10.0098,0,REST
10855,42.40234375,-1.4427,-5.9634,1.2643,11.7425,0,REST
10856,42.40625,-0.9609,-6.386,0.6812,14.9035,0,REST
10857,42.41015625,-2.6954,-9.8061,-1.8135,8.3714,0,REST
10858,42.4140625,3.3915,-9.7163,-4.2847,8.5564,0,REST
10859,42.41796875,8.9131,-12.2765,-10.3881,3.7968,0,REST
10860,42.421875,11.8778,-9.2847,-7.4986,0.6534,0,REST
10861,42.42578125,13.5633,-11.3863,-10.7454,-0.6236,0,REST
10862,42.4296875,9.4252,-12.5898,-5.11,-4.6983,0,REST
10863,42.43359375,12.5823,-6.1547,-13.1744,-5.2573,0,REST
10864,42.4375,5.6241,-7.1827,-6.8973,-8.7644,0,REST
10865,42.44140625,5.1942,-1.7946,-8.6533,-9.9768,0,REST
10866,42.4453125,5.9979,0.2475,-5.6222,-8.8965,0,REST
10867,42.44921875,5.9898,2.9475,-5.0249,-9.7135,0,REST
10868,42.453125,0.1081,5.5131,-0.1703,-9.9752,0,REST
10869,42.45703125,-2.2569,9.975,3.5956,-7.9756,0,REST
10870,42.4609375,-4.8019,9.6104,4.2176,-8.2907,0,REST
10871,42.46484375,-9.0421,9.057,8.2498,-2.3775,0,REST
10872,42.46875,-6.4238,8.0908,14.6877,0.7039,0,REST
10873,42.47265625,-13.0446,9.6377,12.4579,0.8308,0,REST
10874,42.4765625,-9.1768,8.456,13.6776,-0.2954,0,REST
10875,42.48046875,-12.2504,7.4646,16.7124,6.4334,0,REST
10876,42.484375,-11.9143,3.5775,10.9171,5.2439,0,REST
10877,42.48828125,-9.2077,2.6176,6.1622,12.1082,0,REST
10878,42.4921875,-5.3452,-1.8737,4.7996,8.7468,0,REST
10879,42.49609375,-2.9534,-3.1391,3.801,7.5756,0,REST
10880,42.5,-1.5639,-4.2773,-2.4557,8.1098,0,REST
10881,42.50390625,5.5309,-8.8052,-2.3703,7.6033,0,REST
10882,42.5078125,7.9781,-8.9793,-9.7025,3.919,0,REST
10883,42.51171875,8.2619,-8.3076,-6.6399,-1.1305,0,REST
10884,42.515625,10.8027,-7.7348,-10.8303,0.1491,0,REST
10885,42.51953125,12.9221,-6.5089,-12.8795,-2.2214,0,REST
10886,42.5234375,8.5766,-5.4304,-11.7614,-7.2741,0,REST
10887,42.52734375,12.1121,-4.7213,-10.9539,-4.8265,0,REST
10888,42.53125,10.9545,-1.8317,-12.2844,-9.8568,0,REST
10889,42.53515625,5.8058,-2.4064,-12.1198,-10.3582,0,REST
10890,42.5390625,6.3247,0.338,-7.9621,-5.8453,0,REST
10891,42.54296875,2.5711,-0.3655,-4.8594,-3.2902,0,REST
10892,42.546875,0.3503,3.9048,-0.7122,-2.5731,0,REST
10893,42.55078125,-1.7278,5.3306,3.035,-5.0622,0,REST
10894,42.5546875,-5.934,8.8977,8.4034,-3.1635,0,REST
10895,42.55859375,-9.5764,2.2431,7.9934,-1.2487,0,REST
10896,42.5625,-10.0412,3.7684,11.707,1.3777,0,REST
10897,42.56640625,-14.6309,5.6396,11.6549,2.1281,0,REST
10898,42.5703125,-12.4933,3.8195,9.4294,4.406,0,REST
10899,42.57421875,-11.9504,3.1813,10.4546,3.6094,0,REST
10900,42.578125,-6.3768,5.0139,12.5831,5.8176,0,REST
10901,42.58203125,-5.5044,4.9154,7.4853,7.4703,0,REST
10902,42.5859375,-3.4692,1.0387,5.7077,1.2405,0,REST
10903,42.58984375,-0.4525,-0.8146,3.7992,4.8327,0,REST
10904,42.59375,-1.5184,-0.8257,-0.2939,3.3201,0,REST
10905,42.59765625,5.0466,-2.1766,-2.3797,2.5018,0,REST
10906,42.6015625,7.4002,-5.7174,-7.6027,0.9761,0,REST
10907,42.60546875,4.6438,-4.0826,-5.9228,2.4596,0,REST
10908,42.609375,8.0325,-3.6674,-8.625,0.6434,0,REST
10909,42.61328125,9.7679,-6.7249,-11.4785,0.4354,0,REST
10910,42.6171875,10.1382,-4.2863,-8.5965,-1.3582,0,REST
10911,42.62109375,8.2568,-1.276,-10.5824,-3.4899,0,REST
10912,42.625,8.3915,-5.1854,-12.4489,-4.6185,0,REST
10913,42.62890625,8.3692,-1.8184,-2.9779,-2.1543,0,REST
10914,42.6328125,6.1343,-0.9451,-1.0495,-4.5173,0,REST
10915,42.63671875,1.3233,0.7479,-3.9189,-2.7265,0,REST
10916,42.640625,1.7025,-3.1832,-2.3283,-2.1436,0,REST
10917,42.64453125,-0.3359,-4.3078,1.8242,-4.5455,0,REST
10918,42.6484375,-5.5255,4.7834,5.3518,-2.9573,0,REST
10919,42.65234375,-4.5951,3.9449,5.4756,-1.2266,0,REST
10920,42.65625,-7.1973,4.3494,7.1299,-0.9133,0,REST
10921,42.66015625,-9.3998,-0.5377,4.5678,-3.3763,0,REST
10922,42.6640625,-9.0979,1.3213,7.3731,-1.8606,0,REST
10923,42.66796875,-6.2365,6.9772,8.2579,1.7233,0,REST
10924,42.671875,-8.5849,2.5918,7.8359,2.8782,0,REST
10925,42.67578125,-5.5475,3.9744,4.6293,-2.7143,0,REST
10926,42.6796875,-3.9244,2.1793,3.2773,2.3749,0,REST
10927,42.68359375,-3.653,1.8155,3.6369,5.9936,0,REST
10928,42.6875,-1.887,3.8691,0.1539,4.7208,0,REST
10929,42.69140625,-1.5739,-0.3029,-1.0026,5.511,0,REST
10930,42.6953125,2.9741,0.9241,1.8429,3.0093,0,REST
10931,42.69921875,0.8315,2.2129,-2.9512,2.5796,0,REST
10932,42.703125,2.5857,-1.8358,-3.4219,4.7786,0,REST
10933,42.70703125,2.4952,-0.5195,-1.7499,2.3734,0,REST
10934,42.7109375,5.7975,-0.6449,-1.3943,3.5026,0,REST
10935,42.71484375,5.5389,-0.0786,-4.3475,3.9582,0,REST
10936,42.71875,7.9194,-3.7647,-3.9951,0.9068,0,REST
10937,42.72265625,5.8702,-3.4515,-1.2315,1.3907,0,REST
10938,42.7265625,4.1114,-7.4845,-2.5553,-2.8698,0,REST
10939,42.73046875,3.1116,-3.4918,-3.673,-3.7032,0,REST
10940,42.734375,1.5488,-4.1334,-4.093,-2.3778,0,REST
10941,42.73828125,1.9807,-1.5306,-1.8581,-6.394,0,REST
10942,42.7421875,0.3464,-0.7633,-3.7695,-6.2739,0,REST
10943,42.74609375,-1.4833,-0.6365,0.9814,-10.0903,0,REST
10944,42.75,0.0845,-4.5374,-4.6726,-8.1567,0,REST
10945,42.75390625,-1.4055,-1.9158,0.5295,-8.1146,0,REST
10946,42.7578125,-1.355,1.6618,-0.8031,-7.2324,0,REST
10947,42.76171875,-0.7678,1.2952,-1.3957,-3.6434,0,REST
10948,42.765625,-2.5641,8.2751,0.8775,-4.4268,0,REST
10949,42.76953125,-2.2178,6.2209,2.5893,0.45,0,REST
10950,42.7734375,-8.3204,3.5759,2.9709,3.1824,0,REST
10951,42.77734375,-2.2419,7.5895,1.81,5.8235,0,REST
10952,42.78125,-4.6449,10.1947,4.1101,6.5955,0,REST
10953,42.78515625,-5.6707,5.7183,5.1438,4.0377,0,REST
10954,42.7890625,-2.9994,5.0831,3.1623,8.3198,0,REST
10955,42.79296875,-5.7018,3.5611,7.0728,13.0433,0,REST
10956,42.796875,-0.0888,6.2381,5.7984,9.6679,0,REST
10957,42.80078125,-0.941,2.6291,5.4191,6.5698,0,REST
10958,42.8046875,-4.6399,-0.4831,0.186,6.7086,0,REST
10959,42.80859375,0.7372,1.1043,1.6739,5.2789,0,REST
10960,42.8125,-0.908,-5.8648,7.3061,3.006,0,REST
10961,42.81640625,8.1679,-6.0868,4.4374,1.5887,0,REST
10962,42.8203125,0.8294,-5.0015,-0.1621,-4.0112,0,REST
10963,42.82421875,3.1403,-10.1582,-3.7099,-5.0109,0,REST
10964,42.828125,5.0574,-7.4599,-4.4207,-3.7071,0,REST
10965,42.83203125,8.7776,-8.3832,-6.0416,-7.2344,0,REST
10966,42.8359375,8.6493,-6.369,-3.5489,-11.4441,0,REST
10967,42.83984375,7.9774,-9.0483,-7.2479,-9.3862,0,REST
10968,42.84375,6.6175,-6.4007,-10.8735,-9.7925,0,REST
10969,42.84765625,4.3302,-2.8338,-7.0181,-9.7794,0,REST
10970,42.8515625,6.6603,-0.1434,-1.5325,-7.3354,0,REST
10971,42.85546875,0.3177,6.1177,-2.7966,-5.5065,0,REST
10972,42.859375,3.2332,2.7132,-3.4385,-4.3475,0,REST
10973,42.86328125,-3.7078,6.0114,-5.4174,3.6801,0,REST
10974,42.8671875,-7.6002,4.2389,-2.1134,1.0544,0,REST
10975,42.87109375,-9.4485,7.8954,7.2422,7.135,0,REST
10976,42.875,-9.8125,11.0726,1.9932,9.8749,0,REST
10977,42.87890625,-6.7095,8.0033,4.1577,12.1955,0,REST
10978,42.8828125,-10.7857,8.2114,10.7029,9.6102,0,REST
10979,42.88671875,-8.7381,8.2429,12.1166,16.6924,0,REST
10980,42.890625,-9.8494,6.1664,10.1063,9.1827,0,REST
10981,42.89453125,-6.3785,3.5244,12.8775,7.0326,0,REST
10982,42.8984375,-4.2008,1.8351,10.1338,6.193,0,REST
10983,42.90234375,-0.3001,-2.3203,5.0384,0.6473,0,REST
10984,42.90625,0.8461,-0.4175,9.8646,0.3811,0,REST
10985,42.91015625,2.5255,-9.1125,2.311,-4.8808,0,REST
10986,42.9140625,5.4393,-6.8416,0.3522,-8.1607,0,REST
10987,42.91796875,9.2444,-11.3491,1.4529,-11.228,0,REST
10988,42.921875,10.3276,-12.0104,-6.8491,-9.7568,0,REST
10989,42.92578125,10.3034,-12.3987,-6.0949,-13.7695,0,REST
10990,42.9296875,12.4598,-10.1499,-10.1008,-12.1268,0,REST
10991,42.93359375,14.2242,-9.2952,-10.7359,-10.6065,0,REST
10992,42.9375,14.3143,-4.8459,-9.9775,-13.962,0,REST
10993,42.94140625,4.9752,-4.0228,-14.7579,-10.1736,0,REST
10994,42.9453125,3.2671,-4.608,-13.1196,-8.9483,0,REST
10995,42.94921875,2.374,3.1837,-9.9679,-2.052,0,REST
10996,42.953125,-0.2676,5.5048,-8.3172,1.1915,0,REST
10997,42.95703125,-5.4981,6.4268,-5.1703,1.5205,0,REST
10998,42.9609375,-5.6103,9.9014,2.0507,11.0381,0,REST
10999,42.96484375,-8.6437,12.3892,4.7122,10.4136,0,REST
11000,42.96875,-9.871,9.7864,2.8887,8.654,0,REST
11001,42.97265625,-14.1293,14.5674,8.0316,13.6277,0,REST
11002,42.9765625,-14.0461,11.8861,12.7747,13.7465,0,REST
11003,42.98046875,-13.7183,8.9633,13.2291,11.0644,0,REST
11004,42.984375,-12.1047,9.1176,10.4957,10.2018,0,REST
11005,42.98828125,-7.8979,6.5674,13.0044,13.0247,0,REST
11006,42.9921875,-7.6846,2.8578,14.9651,5.2422,0,REST
11007,42.99609375,-1.2795,-1.9205,9.587,-2.1314,0,REST
11008,43.0,1.1955,-6.8889,9.4049,-0.7173,0,REST
11009,43.00390625,5.0218,-6.8077,6.8238,-5.1131,0,REST
11010,43.0078125,9.4468,-8.605,1.3022,-7.4343,0,REST
11011,43.01171875,13.7829,-11.0198,-3.6659,-12.2388,0,REST
11012,43.015625,9.6686,-12.4731,-1.6161,-9.3478,0,REST
11013,43.01953125,6.7131,-13.9273,-8.4895,-11.3738,0,REST
11014,43.0234375,14.9753,-8.9308,-11.3743,-6.7019,0,REST
11015,43.02734375,6.8375,-13.1464,-9.457,-10.7934,0,REST
11016,43.03125,7.4765,-5.3952,-12.7616,-7.4969,0,REST
11017,43.03515625,8.2275,-8.0292,-11.006,-4.3395,0,REST
11018,43.0390625,5.2744,-2.7906,-7.4723,-1.0966,0,REST
11019,43.04296875,3.2862,6.5857,-11.7563,1.7195,0,REST
11020,43.046875,-2.1926,1.0253,-10.9384,7.4164,0,REST
11021,43.05078125,-3.2015,6.7006,-3.5068,6.3207,0,REST
11022,43.0546875,-1.6992,10.7916,-4.1692,7.9458,0,REST
11023,43.05859375,-10.4769,12.7001,2.0644,12.8038,0,REST
11024,43.0625,-10.7515,17.2125,5.3423,11.162,0,REST
11025,43.06640625,-12.7299,15.0323,10.1136,10.0963,0,REST
11026,43.0703125,-9.319,11.4043,10.2798,13.9422,0,REST
11027,43.07421875,-11.3919,10.4408,9.629,4.4271,0,REST
11028,43.078125,-10.526,6.7801,14.6618,3.4942,0,REST
11029,43.08203125,-7.5629,7.4686,11.2529,1.8451,0,REST
11030,43.0859375,-4.0162,4.0787,11.9579,4.3254,0,REST
11031,43.08984375,-2.9295,-5.948,9.4163,-1.9333,0,REST
11032,43.09375,1.3443,-3.8014,8.1898,-5.4859,0,REST
11033,43.09765625,5.4658,-4.2878,1.9985,-8.2756,0,REST
11034,43.1015625,2.8252,-12.3032,7.3954,-9.5427,0,REST
11035,43.10546875,10.9748,-10.3843,-0.7962,-6.9762,0,REST
11036,43.109375,8.3067,-10.4575,-2.9808,-8.136,0,REST
11037,43.11328125,5.2394,-10.2025,-5.0984,-8.4422,0,REST
11038,43.1171875,10.0235,-14.4803,-7.1598,-7.4955,0,REST
11039,43.12109375,9.4407,-11.6125,-5.8558,-6.0107,0,REST
11040,43.125,4.9881,-6.7516,-6.3093,-4.6101,0,REST
11041,43.12890625,5.4357,-5.3909,-9.1495,0.8888,0,REST
11042,43.1328125,3.7448,-1.329,-9.8678,-0.7233,0,REST
11043,43.13671875,0.3983,3.1605,-4.8252,-0.5327,0,REST
11044,43.140625,-0.4562,4.4693,-8.7394,1.5517,0,REST
11045,43.14453125,-3.2413,7.3201,-7.4358,5.8662,0,REST
11046,43.1484375,-4.5734,7.7377,0.4629,3.3009,0,REST
11047,43.15234375,-10.519,10.9508,-2.113,3.0359,0,REST
11048,43.15625,-8.5497,11.9147,2.675,6.3222,0,REST
11049,43.16015625,-7.6516,10.1186,4.6222,3.3909,0,REST
11050,43.1640625,-6.6698,10.378,5.4334,5.63,0,REST
11051,43.16796875,-3.449,5.9185,6.1329,1.8938,0,REST
11052,43.171875,-6.7745,7.3034,6.0713,5.6842,0,REST
11053,43.17578125,-3.4183,3.5412,7.4368,1.7007,0,REST
11054,43.1796875,-1.9238,0.8179,3.8281,0.7442,0,REST
11055,43.18359375,-4.7908,-1.8136,5.7405,-2.1385,0,REST
11056,43.1875,-0.0921,-6.0138,6.8585,-3.9751,0,REST
11057,43.19140625,0.4827,-4.6302,4.884,-3.2666,0,REST
11058,43.1953125,5.5898,-6.9282,4.1409,-4.7454,0,REST
11059,43.19921875,4.063,-11.845,-1.044,-2.9371,0,REST
11060,43.203125,4.3005,-10.8213,1.5303,-3.9495,0,REST
11061,43.20703125,5.604,-12.4103,-1.9453,-2.9728,0,REST
11062,43.2109375,6.665,-11.9254,-3.9711,-3.6938,0,REST
11063,43.21484375,2.7966,-6.8233,-1.6915,-1.2103,0,REST
11064,43.21875,1.5855,-7.6056,-1.7034,-2.1604,0,REST
11065,43.22265625,2.9708,-6.6614,-3.5943,-3.8834,0,REST
11066,43.2265625,3.7258,-0.2174,-6.1916,0.4026,0,REST
11067,43.23046875,4.4602,5.1788,-3.4493,-0.8177,0,REST
11068,43.234375,1.495,7.3058,-4.2149,0.9438,0,REST
11069,43.23828125,5.5209,8.9625,-2.1005,0.3133,0,REST
11070,43.2421875,-0.5312,6.7528,-6.8515,3.4832,0,REST
11071,43.24609375,-1.5712,10.5011,-5.2514,-3.675,0,REST
11072,43.25,-1.7203,8.2778,-5.9985,-0.2423,0,REST
11073,43.25390625,4.0542,12.3677,-2.8181,5.8269,0,REST
11074,43.2578125,-1.3724,6.5986,-1.7308,6.0375,0,REST
11075,43.26171875,-1.0995,6.9342,0.2366,-0.9304,0,REST
11076,43.265625,-0.4519,7.4189,-2.6769,0.8623,0,REST
11077,43.26953125,-6.7114,-0.1074,1.9048,3.9669,0,REST
11078,43.2734375,-7.2324,2.0057,1.5856,0.9211,0,REST
11079,43.27734375,-1.9042,-0.5353,0.3756,4.7954,0,REST
11080,43.28125,-3.2127,-2.2222,1.0733,3.3878,0,REST
11081,43.28515625,-2.0898,-3.9126,4.2026,1.2361,0,REST
11082,43.2890625,-0.73,-5.9616,1.8965,5.4285,0,REST
11083,43.29296875,-4.0073,-8.4688,4.2848,1.042,0,REST
11084,43.296875,-4.5412,-5.4642,4.9145,2.4048,0,REST
11085,43.30078125,-1.3984,-11.1168,7.2296,1.6489,0,REST
11086,43.3046875,0.5307,-8.4562,7.4708,-0.184,0,REST
11087,43.30859375,0.9512,-7.2559,3.792,-0.3656,0,REST
11088,43.3125,-0.9605,-0.8072,2.95,-7.0247,0,REST
11089,43.31640625,2.0272,-6.0211,4.6197,-8.9782,0,REST
11090,43.3203125,2.7625,-0.0102,-0.0706,-7.3495,0,REST
11091,43.32421875,6.5355,0.1547,-0.25,-1.8888,0,REST
11092,43.328125,8.5852,2.1018,1.3957,-5.153,0,REST
11093,43.33203125,9.7644,2.7804,-0.8897,-8.5935,0,REST
11094,43.3359375,6.3762,8.4298,-2.8312,-1.3784,0,REST
11095,43.33984375,6.0513,3.7931,-4.0569,1.3844,0,REST
11096,43.34375,6.1393,1.9848,-6.0229,-1.312,0,REST
11097,43.34765625,3.5357,4.9533,-9.7537,3.1496,0,REST
11098,43.3515625,7.1435,6.6567,-7.8577,3.7046,0,REST
11099,43.35546875,3.0736,5.1044,-8.8793,5.4978,0,REST
11100,43.359375,-2.9989,3.81,-7.9739,6.503,0,REST
11101,43.36328125,-1.7265,3.7589,-2.8693,10.3074,0,REST
11102,43.3671875,-4.5357,-1.8173,-0.5981,-2.213,4,INTER
11103,43.37109375,-2.3382,-3.1215,-0.9011,-3.5138,4,INTER
11104,43.375,-5.227,0.8399,6.3218,-0.2975,4,INTER
11105,43.37890625,-1.8492,0.3519,-4.8119,0.0771,4,INTER
11106,43.3828125,-4.2839,-2.0708,1.116,-1.1556,4,INTER
11107,43.38671875,1.9292,-3.0275,0.4649,0.3856,4,INTER
11108,43.390625,1.4121,3.4739,1.348,0.1461,4,INTER
11109,43.39453125,-4.1173,-1.01,1.8472,-2.064,4,INTER
11110,43.3984375,-1.3527,-3.4672,-1.0694,1.3225,4,INTER
11111,43.40234375,0.4313,-2.6327,-1.0366,0.5523,4,INTER
11112,43.40625,-0.6897,-0.8117,2.6938,0.8028,4,INTER
11113,43.41015625,0.1882,-3.6961,-3.0062,4.6163,4,INTER
11114,43.4140625,-3.2249,-1.2942,2.7308,0.4271,4,INTER
11115,43.41796875,1.6697,3.5488,1.3084,1.3117,4,INTER
11116,43.421875,-0.0694,1.9567,-2.4531,-0.1547,4,INTER
11117,43.42578125,2.7978,0.8553,-0.5283,-0.5213,4,INTER
11118,43.4296875,-0.7461,1.9948,-1.8393,2.037,4,INTER
11119,43.43359375,2.4912,0.7855,2.5159,0.0284,4,INTER
11120,43.4375,-1.0177,1.0323,-3.0596,-3.236,4,INTER
11121,43.44140625,2.1736,-4.0147,-0.2484,-1.9037,4,INTER
11122,43.4453125,0.3492,3.8325,-0.4676,-0.9285,4,INTER
11123,43.44921875,1.4611,3.0967,-1.1156,4.0158,4,INTER
11124,43.453125,1.2848,2.1033,0.2112,-2.5133,4,INTER
11125,43.45703125,0.0368,-2.4879,0.4774,1.575,4,INTER
11126,43.4609375,-0.7401,-4.2185,-5.4823,1.6605,4,INTER
11127,43.46484375,0.3623,-3.4732,0.0695,-0.8044,4,INTER
11128,43.46875,-2.5739,-1.4446,1.739,-0.4426,4,INTER
11129,43.47265625,1.8937,-0.3898,2.4232,1.467,4,INTER
11130,43.4765625,1.3749,0.7523,-4.2166,-1.8676,4,INTER
11131,43.48046875,-1.6047,-0.4698,-1.9185,0.0604,4,INTER
11132,43.484375,3.4646,1.9267,3.7594,-1.1856,4,INTER
11133,43.48828125,1.1129,1.2255,1.3098,-0.9179,4,INTER
11134,43.4921875,-0.8744,0.8711,-1.903,-0.849,4,INTER
11135,43.49609375,-2.5247,-3.428,-2.6523,1.9532,4,INTER
11136,43.5,0.1369,6.4999,0.4736,1.4694,4,INTER
11137,43.50390625,0.4504,0.2586,2.5437,1.6474,4,INTER
11138,43.5078125,2.3004,1.833,-1.4721,3.7853,4,INTER
11139,43.51171875,-1.8711,-0.1424,2.4397,0.0868,4,INTER
11140,43.515625,-1.2454,-2.1879,0.1613,1.6142,4,INTER
11141,43.51953125,-2.7056,-0.0723,-3.1263,-2.3737,4,INTER
11142,43.5234375,1.3243,-1.2023,-3.9619,-0.2331,4,INTER
11143,43.52734375,0.1022,4.4081,3.3412,-0.5627,4,INTER
11144,43.53125,-4.0248,3.0232,5.1445,0.9152,4,INTER
11145,43.53515625,4.0532,-0.5295,2.0726,1.0733,4,INTER
11146,43.5390625,4.0375,1.0358,2.1824,-1.9996,4,INTER
11147,43.54296875,-1.3507,0.0932,-6.1302,-2.535,4,INTER
11148,43.546875,1.7763,1.5259,2.8646,-0.5126,4,INTER
11149,43.55078125,-4.6142,-0.2002,0.5567,2.6144,4,INTER
11150,43.5546875,2.3799,4.1507,2.1088,3.9695,4,INTER
11151,43.55859375,2.3239,-0.1572,2.3351,1.455,4,INTER
11152,43.5625,-1.1826,3.0148,1.5736,0.5964,4,INTER
11153,43.56640625,0.0678,3.7992,-6.1997,2.8714,4,INTER
11154,43.5703125,0.9666,2.7019,-0.0162,-0.4941,4,INTER
11155,43.57421875,-0.9818,-1.4737,-0.0101,-1.2774,4,INTER
11156,43.578125,-0.7709,1.1761,0.2928,-1.1594,4,INTER
11157,43.58203125,2.3914,-5.2519,0.1719,-0.9168,4,INTER
11158,43.5859375,0.0114,1.8046,4.5787,5.635,4,INTER
11159,43.58984375,6.1417,0.189,-0.3157,0.1422,4,INTER
11160,43.59375,-1.7678,2.9008,-0.4307,1.6424,4,INTER
11161,43.59765625,-3.2277,0.5079,-4.4379,-0.4823,4,INTER
11162,43.6015625,1.835,2.0879,-0.9285,0.6004,4,INTER
11163,43.60546875,2.6491,-1.6391,-0.877,2.3526,4,INTER
11164,43.609375,-6.9463,-0.6172,-2.4885,3.0841,4,INTER
11165,43.61328125,4.0472,0.1165,1.7904,-1.2475,4,INTER
11166,43.6171875,-0.2943,-3.8501,1.6377,-0.1013,4,INTER
11167,43.62109375,-1.5921,2.4056,1.8731,-4.1391,4,INTER
11168,43.625,-0.7284,-0.3916,-3.8432,-2.1111,4,INTER
11169,43.62890625,-3.2273,-1.7572,2.0506,6.5748,4,INTER
11170,43.6328125,-0.2073,1.1348,1.0123,3.1783,4,INTER
11171,43.63671875,-0.0441,3.0834,-1.9309,-5.0294,4,INTER
11172,43.640625,-0.0694,0.2833,-2.828,-0.9445,4,INTER
11173,43.64453125,-1.708,-1.8244,0.5584,-2.6166,4,INTER
11174,43.6484375,-0.6028,-3.4253,-0.5714,-3.1628,4,INTER
11175,43.65234375,0.6576,0.4212,0.3315,-2.6359,4,INTER
11176,43.65625,0.9834,1.5348,1.3645,2.7381,4,INTER
11177,43.66015625,-0.4318,0.8782,0.9439,2.2677,4,INTER
11178,43.6640625,-0.4974,1.4505,-1.5337,0.1279,4,INTER
11179,43.66796875,-2.472,0.6774,-1.1217,3.1438,4,INTER
11180,43.671875,-0.3689,0.4974,1.8903,2.8606,4,INTER
11181,43.67578125,-3.6956,-0.6242,-3.1841,-3.6969,4,INTER
11182,43.6796875,-2.8953,2.9717,2.1079,-4.6703,4,INTER
11183,43.68359375,-2.9626,0.5585,0.8615,1.8247,4,INTER
11184,43.6875,3.0659,2.6149,-1.2283,-1.4594,4,INTER
11185,43.69140625,-2.0495,4.15,0.037,-7.4238,4,INTER
11186,43.6953125,-0.0729,3.3126,-3.3335,3.1853,4,INTER
11187,43.69921875,-3.0819,0.1306,-1.3121,2.1787,4,INTER
11188,43.703125,-1.8116,1.4167,2.097,-1.1497,4,INTER
11189,43.70703125,-3.0872,-2.0651,-1.4013,2.467,4,INTER
11190,43.7109375,2.7913,1.6551,-1.4197,4.204,4,INTER
11191,43.71484375,1.0063,2.3771,-7.0956,-2.4882,4,INTER
11192,43.71875,-0.2424,0.2025,-0.2836,2.471,4,INTER
11193,43.72265625,-1.1056,1.3361,0.6067,-2.6815,4,INTER
11194,43.7265625,-2.5816,3.3217,0.0951,5.0916,4,INTER
11195,43.73046875,-6.3723,3.7283,3.2907,-1.7702,4,INTER
11196,43.734375,-0.6624,0.9829,2.9632,1.8702,4,INTER
11197,43.73828125,1.0344,-5.142,1.6053,-2.1357,4,INTER
11198,43.7421875,3.9554,1.3682,-2.4032,0.6309,4,INTER
11199,43.74609375,0.4548,2.739,-0.1783,2.5845,4,INTER
11200,43.75,2.6226,-1.7773,0.5483,0.9189,4,INTER
11201,43.75390625,-2.192,-0.6215,3.4319,0.1852,4,INTER
11202,43.7578125,2.2763,-0.2455,4.6412,3.866,4,INTER
11203,43.76171875,-1.3245,4.1388,-0.8236,1.4955,4,INTER
11204,43.765625,-3.5714,-4.5646,1.5372,1.963,4,INTER
11205,43.76953125,-1.5177,1.6931,-0.8065,1.9176,4,INTER
11206,43.7734375,0.8172,-0.175,2.1697,2.2716,4,INTER
11207,43.77734375,-4.7737,-2.2578,1.8407,0.9508,4,INTER
11208,43.78125,0.4817,2.2325,0.9909,-0.9526,4,INTER
11209,43.78515625,5.3648,-3.0248,1.2346,-0.6112,4,INTER
11210,43.7890625,-0.9201,4.8961,-3.2783,-0.413,4,INTER
11211,43.79296875,0.0121,-1.0927,1.8487,-3.3827,4,INTER
11212,43.796875,-2.3596,3.0988,0.8718,-1.5324,4,INTER
11213,43.80078125,1.2044,-1.9843,1.9252,0.634,4,INTER
11214,43.8046875,-0.3957,1.7337,1.9811,-4.4591,4,INTER
11215,43.80859375,2.0889,-3.29,-0.1565,-1.2912,4,INTER
11216,43.8125,-1.1477,0.7538,0.9957,-0.657,4,INTER
11217,43.81640625,-2.6508,0.4995,-0.2081,0.3772,4,INTER
11218,43.8203125,-1.0579,0.4579,3.4606,-4.6339,4,INTER
11219,43.82421875,-0.5708,-3.2365,1.6226,0.4189,4,INTER
11220,43.828125,6.7784,1.5491,-0.3216,1.3823,4,INTER
11221,43.83203125,0.4936,-3.9909,-0.4007,-2.2922,4,INTER
11222,43.8359375,0.172,-0.0344,-0.8161,-3.4642,4,INTER
11223,43.83984375,-1.4747,1.3661,-0.4555,-0.2477,4,INTER
11224,43.84375,0.1877,0.8849,0.8625,0.0099,4,INTER
11225,43.84765625,8.1671,-4.8115,4.1441,-2.9294,4,INTER
11226,43.8515625,0.9177,-1.1221,3.9269,4.3341,4,INTER
11227,43.85546875,0.1434,-0.7181,-2.0917,-1.1262,4,INTER
11228,43.859375,-0.9976,2.0204,4.7642,-0.0727,4,INTER
11229,43.86328125,2.2517,2.9911,-1.4405,1.6308,4,INTER
11230,43.8671875,-1.5542,0.393,-0.9873,0.979,4,INTER
11231,43.87109375,-0.4686,2.2176,-2.1772,6.2728,4,INTER
11232,43.875,-2.4785,0.0841,-1.9884,0.5997,4,INTER
11233,43.87890625,-1.4226,-0.7322,1.5327,-0.618,4,INTER
11234,43.8828125,1.4501,1.4809,2.0089,0.944,4,INTER
11235,43.88671875,2.5943,0.0341,0.096,-0.0728,4,INTER
11236,43.890625,-1.5759,0.2082,-0.9316,1.7671,4,INTER
11237,43.89453125,3.6144,-0.9649,0.7834,-0.3027,4,INTER
11238,43.8984375,-2.8604,0.047,2.4272,0.9924,4,INTER
11239,43.90234375,3.3453,2.2849,-1.0046,0.121,4,INTER
11240,43.90625,-1.7726,-0.3451,0.2987,0.8623,4,INTER
11241,43.91015625,0.0034,1.5929,-2.5441,2.8492,4,INTER
11242,43.9140625,0.581,1.3891,-2.2313,-2.4494,4,INTER
11243,43.91796875,0.7417,0.4372,-1.178,-5.6259,4,INTER
11244,43.921875,-1.7122,-0.9011,-0.8751,0.3968,4,INTER
11245,43.92578125,3.2954,-2.4968,-2.6476,-2.5877,4,INTER
11246,43.9296875,-3.4409,-0.0535,0.938,1.5243,4,INTER
11247,43.93359375,1.5349,-2.8364,2.8143,0.1015,4,INTER
11248,43.9375,-0.7251,-1.1325,-4.0588,-4.2355,4,INTER
11249,43.94140625,-3.4392,-0.7057,1.281,0.6924,4,INTER
11250,43.9453125,-3.2837,0.8317,-5.758,-2.2725,4,INTER
11251,43.94921875,-0.3083,-2.5101,0.5658,-2.3812,4,INTER
11252,43.953125,-1.6298,-0.8115,-0.4063,-0.8389,4,INTER
11253,43.95703125,-2.4603,1.0351,-2.8042,1.1946,4,INTER
11254,43.9609375,6.198,-2.69,-1.1624,2.3173,4,INTER
11255,43.96484375,1.4736,-0.1658,-0.0211,0.6421,4,INTER
11256,43.96875,3.4576,-0.7821,-1.1283,2.865,4,INTER
11257,43.97265625,2.0079,-1.64,2.5997,0.0272,4,INTER
11258,43.9765625,0.1574,-4.4617,4.4851,-1.7251,4,INTER
11259,43.98046875,6.644,2.4649,0.2976,0.2121,4,INTER
11260,43.984375,-0.1849,2.954,4.5537,2.9479,4,INTER
11261,43.98828125,0.8669,1.7892,1.2602,3.0842,4,INTER
11262,43.9921875,2.1355,3.3773,2.0334,5.2029,4,INTER
11263,43.99609375,1.9406,0.0747,-2.9864,0.9258,4,INTER
11264,44.0,-4.1192,0.4831,1.5956,-1.3108,4,INTER
11265,44.00390625,-3.7147,-2.0563,-1.5623,-2.1704,4,INTER
11266,44.0078125,2.9175,-0.2679,0.3582,-1.9724,4,INTER
11267,44.01171875,2.9166,-0.7158,-1.5289,-0.5344,4,INTER
11268,44.015625,0.5904,-2.9978,-2.3734,-0.3641,4,INTER
11269,44.01953125,-3.365,2.4863,-1.7944,-1.5808,4,INTER
11270,44.0234375,0.4666,-4.9157,-0.5813,1.7822,4,INTER
11271,44.02734375,0.6804,-0.6866,0.7301,-3.849,4,INTER
11272,44.03125,1.0247,1.6611,4.1814,-0.0441,4,INTER
11273,44.03515625,-2.3496,3.6743,-2.8072,-1.3031,4,INTER
11274,44.0390625,-1.0471,-2.1979,1.4165,1.499,4,INTER
11275,44.04296875,0.9599,0.6296,1.7035,-0.7722,4,INTER
11276,44.046875,2.7701,-2.0888,0.8735,-0.569,4,INTER
11277,44.05078125,0.3357,1.7214,2.4083,-2.353,4,INTER
11278,44.0546875,-3.8129,-1.9986,-7.456,5.1013,4,INTER
11279,44.05859375,-3.8606,5.9849,-2.3834,-2.9681,4,INTER
11280,44.0625,2.8929,1.0569,-2.3875,-1.3385,4,INTER
11281,44.06640625,-2.8497,-4.6382,-1.5954,-3.2275,4,INTER
11282,44.0703125,0.2269,4.6495,0.8907,-1.8376,4,INTER
11283,44.07421875,-2.6219,-1.9846,-1.1438,0.2823,4,INTER
11284,44.078125,-3.4494,4.9341,0.2923,-2.9954,4,INTER
11285,44.08203125,-2.6515,-0.3875,-1.2304,-1.664,4,INTER
11286,44.0859375,1.3903,-2.94,-3.9292,2.5705,4,INTER
11287,44.08984375,-0.0278,4.0835,-4.1407,-2.6542,4,INTER
11288,44.09375,1.4432,2.3538,2.7521,-0.8231,4,INTER
11289,44.09765625,4.4427,-3.4101,3.3663,-4.1451,4,INTER
11290,44.1015625,1.5355,3.1214,-1.7934,2.6241,4,INTER
11291,44.10546875,2.5488,-2.1166,-4.4537,4.2969,4,INTER
11292,44.109375,0.9222,-0.6931,0.6312,3.6961,4,INTER
11293,44.11328125,-0.4381,-1.5188,-1.8377,1.6912,4,INTER
11294,44.1171875,-1.3442,-3.0494,-0.9534,-2.9702,4,INTER
11295,44.12109375,1.9967,2.2129,1.5673,-5.2124,4,INTER
11296,44.125,0.5702,2.7072,-0.5581,-0.4385,4,INTER
11297,44.12890625,4.0539,-3.3538,-2.585,-1.1982,4,INTER
11298,44.1328125,-4.1866,-2.0705,2.1799,-2.3926,4,INTER
11299,44.13671875,-0.7715,-1.8099,0.6749,4.1544,4,INTER
11300,44.140625,4.296,0.0398,2.5582,-0.455,4,INTER
11301,44.14453125,-1.7597,1.7731,1.6441,-0.8839,4,INTER
11302,44.1484375,2.0934,-1.0048,3.2786,-1.7781,4,INTER
11303,44.15234375,0.128,2.3026,-1.134,3.5529,4,INTER
11304,44.15625,1.5535,0.1761,-0.9084,2.2395,4,INTER
11305,44.16015625,-0.9989,-1.129,1.8704,-2.3711,4,INTER
11306,44.1640625,1.8635,1.0078,1.4707,2.3206,4,INTER
11307,44.16796875,-1.6661,-5.3114,1.8634,3.3185,4,INTER
11308,44.171875,0.2671,-4.4764,5.7759,-1.0474,4,INTER
11309,44.17578125,-0.1211,0.617,-2.8497,1.7845,4,INTER
11310,44.1796875,0.3168,-2.2687,1.3433,0.9659,4,INTER
11311,44.18359375,-2.085,-1.1092,1.0364,-0.4644,4,INTER
11312,44.1875,-1.5126,-1.7129,-2.2543,0.8547,4,INTER
11313,44.19140625,2.0864,0.1671,1.4932,1.8118,4,INTER
11314,44.1953125,2.9295,2.0691,-0.2232,3.5983,4,INTER
11315,44.19921875,-2.8932,0.853,2.2215,-0.5203,4,INTER
11316,44.203125,3.3116,-1.4157,-0.0034,-1.1938,4,INTER
11317,44.20703125,-0.3424,1.734,0.2101,-2.4054,4,INTER
11318,44.2109375,1.7189,-0.6089,-2.4303,-0.5027,4,INTER
11319,44.21484375,-1.0532,3.4598,-0.3101,-0.2962,4,INTER
11320,44.21875,-2.4277,0.3272,-4.2731,-3.1515,4,INTER
11321,44.22265625,-5.6206,-0.1306,2.6345,-1.2771,4,INTER
11322,44.2265625,-1.6645,0.6984,-1.7837,4.1057,4,INTER
11323,44.23046875,-2.2386,4.4333,-0.3895,2.7689,4,INTER
11324,44.234375,2.564,4.8519,-2.4679,-3.2048,4,INTER
11325,44.23828125,-1.4028,-1.7736,1.3971,1.3638,4,INTER
11326,44.2421875,1.4614,1.8408,1.3214,1.9943,4,INTER
11327,44.24609375,-3.9164,0.1334,0.1318,2.0804,4,INTER
11328,44.25,1.0014,-3.1675,2.0753,0.2186,4,INTER
11329,44.25390625,0.292,0.9424,-2.0384,0.913,4,INTER
11330,44.2578125,3.5434,0.8044,0.7685,1.0543,4,INTER
11331,44.26171875,-0.041,-0.1099,5.9516,-1.4279,4,INTER
11332,44.265625,0.9138,-1.8197,-2.9341,2.1811,4,INTER
11333,44.26953125,1.2736,-0.7346,-0.3309,-2.2115,4,INTER
11334,44.2734375,0.4022,1.5894,-3.5884,0.8618,4,INTER
11335,44.27734375,-0.7082,1.7987,1.3957,-1.3822,4,INTER
11336,44.28125,-8.1204,3.3651,-0.3494,1.4361,4,INTER
11337,44.28515625,2.1865,1.0569,-0.3953,0.3009,4,INTER
11338,44.2890625,-2.1839,1.0168,0.8655,1.0154,4,INTER
11339,44.29296875,0.2166,-0.2439,-2.1503,-3.1483,4,INTER
11340,44.296875,1.2803,1.8576,1.207,1.7534,4,INTER
11341,44.30078125,2.0237,-0.5702,-2.3288,-1.6689,4,INTER
11342,44.3046875,-2.1882,-1.641,-1.9626,1.996,4,INTER
11343,44.30859375,-1.3957,-2.4519,1.6458,-4.3152,4,INTER
11344,44.3125,0.723,-2.89,-1.5013,-1.8781,4,INTER
11345,44.31640625,-0.5143,-1.6633,0.1234,1.3495,4,INTER
11346,44.3203125,-0.1252,3.2386,1.6538,-0.5896,4,INTER
11347,44.32421875,-1.6329,3.0975,-2.3164,-5.1942,4,INTER
11348,44.328125,-1.9341,-0.5199,-2.6415,-3.1811,4,INTER
11349,44.33203125,-0.2389,0.5969,2.2424,-0.9875,4,INTER
11350,44.3359375,-1.7864,-0.3769,-0.6362,-1.8511,4,INTER
11351,44.33984375,2.2362,-1.4272,-0.0617,-0.2754,4,INTER
11352,44.34375,1.6505,-0.0758,2.3089,2.0316,4,INTER
11353,44.34765625,-5.3054,1.002,0.5374,1.1579,4,INTER
11354,44.3515625,-1.0707,-3.1642,3.4137,-1.6757,4,INTER
11355,44.35546875,0.8045,-0.3014,-0.017,-0.5162,4,INTER
11356,44.359375,-2.2234,-1.4664,-4.0118,-1.4731,4,INTER
11357,44.36328125,-2.0851,-3.717,-2.8601,1.0673,4,INTER
11358,44.3671875,2.0524,1.5721,2.9032,-0.5576,4,INTER
11359,44.37109375,-2.6235,-0.7792,-2.042,1.8974,4,INTER
11360,44.375,2.5684,-2.2806,3.6534,2.1342,4,INTER
11361,44.37890625,2.9762,2.9641,-6.2066,0.9756,4,INTER
11362,44.3828125,-3.4034,2.6184,-0.6952,3.0635,4,INTER
11363,44.38671875,0.054,0.1823,0.9459,-0.4203,4,INTER
11364,44.390625,-1.9284,-3.5677,0.3704,0.1315,4,INTER
11365,44.39453125,6.0709,2.1966,1.9361,0.9921,4,INTER
11366,44.3984375,-0.774,0.4426,-2.8019,3.6008,4,INTER
11367,44.40234375,-3.6509,1.393,0.0373,-2.964,4,INTER
11368,44.40625,-1.5619,0.9529,-0.4529,0.2303,4,INTER
11369,44.41015625,2.0694,1.8957,-0.9693,1.2122,4,INTER
11370,44.4140625,3.7953,1.2893,-3.7311,0.7272,4,INTER
11371,44.41796875,-2.6422,-1.591,2.3586,1.2968,4,INTER
11372,44.421875,3.4522,-2.8586,1.4477,1.6266,4,INTER
11373,44.42578125,-3.9645,-2.0154,-2.578,1.2336,4,INTER
11374,44.4296875,0.3217,2.2514,-1.3577,0.141,4,INTER
11375,44.43359375,1.2742,6.4111,-2.3287,0.9299,4,INTER
11376,44.4375,1.9609,-1.2658,-2.4102,-0.7488,4,INTER
11377,44.44140625,3.0946,-4.8554,-3.0691,1.6124,4,INTER
11378,44.4453125,1.4059,3.1309,2.2852,0.9606,4,INTER
11379,44.44921875,2.462,0.9515,-1.2892,1.1854,4,INTER
11380,44.453125,0.4999,2.6077,2.0299,-2.1045,4,INTER
11381,44.45703125,2.2796,3.7866,1.0935,-1.9379,4,INTER
11382,44.4609375,1.1568,2.1182,0.3052,2.7242,4,INTER
11383,44.46484375,0.273,1.2334,0.8883,-1.221,4,INTER
11384,44.46875,0.4528,4.4901,0.895,2.2599,4,INTER
11385,44.47265625,-1.1402,-0.7805,0.5121,3.778,4,INTER
11386,44.4765625,-0.8718,-1.748,-1.8268,2.4647,4,INTER
11387,44.48046875,-0.1572,1.8218,1.3381,4.6497,4,INTER
11388,44.484375,3.5646,1.7718,-1.0051,-3.5995,4,INTER
11389,44.48828125,0.2758,-3.1882,-0.3546,1.2357,4,INTER
11390,44.4921875,-0.1575,0.3439,-6.0059,-0.0797,4,INTER
11391,44.49609375,0.1587,-0.2552,1.483,-3.2788,4,INTER
11392,44.5,1.1893,2.6784,-0.244,-0.3398,4,INTER
11393,44.50390625,2.2652,-1.0614,0.8293,-1.0949,4,INTER
11394,44.5078125,0.3202,-2.4548,3.7801,-0.9777,4,INTER
11395,44.51171875,0.714,4.6576,-1.9908,-0.8706,4,INTER
11396,44.515625,-6.9867,2.5624,3.2933,-4.7324,4,INTER
11397,44.51953125,-0.0896,-0.0406,-1.5342,-2.1122,4,INTER
11398,44.5234375,-5.2935,-0.3068,1.0704,-1.7685,4,INTER
11399,44.52734375,1.9785,6.0533,0.0461,-0.1593,4,INTER
11400,44.53125,1.3514,1.4569,-2.5793,-4.495,4,INTER
11401,44.53515625,-1.6271,0.7223,-2.2951,0.5195,4,INTER
11402,44.5390625,-0.6207,-0.0957,1.3772,-0.7925,4,INTER
11403,44.54296875,5.4242,3.5804,3.3526,-1.6678,4,INTER
11404,44.546875,0.168,-0.4903,-1.003,1.0405,4,INTER
11405,44.55078125,4.103,1.3274,1.9982,2.3788,4,INTER
11406,44.5546875,-0.1441,5.5045,-1.5383,0.1988,4,INTER
11407,44.55859375,0.5479,-3.7602,0.4573,-0.6761,4,INTER
11408,44.5625,-2.0847,2.1486,-4.7181,-2.7394,4,INTER
11409,44.56640625,1.5623,1.6892,-0.9583,-2.36,4,INTER
11410,44.5703125,1.1338,0.834,3.5761,2.257,4,INTER
11411,44.57421875,1.0208,-4.9317,-0.9007,0.6379,4,INTER
11412,44.578125,-1.8518,0.7976,1.3599,-0.7519,4,INTER
11413,44.58203125,1.8479,-2.5774,0.4309,2.4422,4,INTER
11414,44.5859375,-3.1893,-1.7165,-2.5815,-1.0066,4,INTER
11415,44.58984375,-3.4085,-0.6366,-5.276,-2.6379,4,INTER
11416,44.59375,-1.8064,0.3263,-1.8271,-0.0819,4,INTER
11417,44.59765625,0.3833,1.7399,-0.084,-0.0039,4,INTER
11418,44.6015625,-2.9078,-4.3536,-1.3952,-2.2326,4,INTER
11419,44.60546875,-0.426,5.1567,1.5137,-0.7521,4,INTER
11420,44.609375,-0.0558,0.1979,-2.8467,-1.5245,4,INTER
11421,44.61328125,-1.1584,0.7596,-0.1132,2.427,4,INTER
11422,44.6171875,1.7778,-0.6486,-2.2958,3.4717,4,INTER
11423,44.62109375,-4.8563,0.0118,-1.798,-3.7952,4,INTER
11424,44.625,1.0504,4.3175,-1.1781,-1.0155,4,INTER
11425,44.62890625,-0.0717,2.9589,-3.6549,-4.2236,4,INTER
11426,44.6328125,-1.8903,2.304,1.7252,3.1571,4,INTER
11427,44.63671875,2.6314,-3.4586,-1.2502,-0.119,4,INTER
11428,44.640625,1.7577,0.7322,-3.5071,1.4621,4,INTER
11429,44.64453125,2.2058,-1.8435,1.3745,-4.7792,4,INTER
11430,44.6484375,0.2222,-1.5592,1.3293,2.21,4,INTER
11431,44.65234375,0.5231,-3.5217,3.1016,-3.4028,4,INTER
11432,44.65625,-0.6343,2.4921,1.141,0.8742,4,INTER
11433,44.66015625,-3.948,-2.8194,-1.2629,-0.7666,4,INTER
11434,44.6640625,0.7649,1.3697,-3.7323,-2.3157,4,INTER
11435,44.66796875,-0.1544,0.1207,2.9628,0.9386,4,INTER
11436,44.671875,0.8904,3.1482,-1.9209,-4.2267,4,INTER
11437,44.67578125,-3.044,2.1518,-1.9362,3.3066,4,INTER
11438,44.6796875,0.5071,-2.5776,0.3888,1.037,4,INTER
11439,44.68359375,3.451,-2.4081,1.3423,-0.7281,4,INTER
11440,44.6875,-0.4021,-1.841,1.2023,-0.189,4,INTER
11441,44.69140625,-2.9841,-0.772,-1.4652,0.8759,4,INTER
11442,44.6953125,-0.2289,-0.0786,-3.0277,-0.9833,4,INTER
11443,44.69921875,1.214,-1.3201,0.843,4.0972,4,INTER
11444,44.703125,2.1621,2.1903,-1.4987,5.3308,4,INTER
11445,44.70703125,0.5758,-3.7466,1.7613,1.2496,4,INTER
11446,44.7109375,-3.3494,-2.2703,0.9274,-4.1145,4,INTER
11447,44.71484375,-2.8145,1.6419,2.4994,-0.0651,4,INTER
11448,44.71875,-0.1214,0.8831,5.837,2.8347,4,INTER
11449,44.72265625,0.7154,-0.7617,-1.0814,-0.8133,4,INTER
11450,44.7265625,0.9505,-2.0013,2.1379,1.8666,4,INTER
11451,44.73046875,3.8969,0.3144,-3.0326,0.1326,4,INTER
11452,44.734375,-1.0948,2.9968,-1.4565,2.5147,4,INTER
11453,44.73828125,1.0211,-2.2981,-1.4516,6.3619,4,INTER
11454,44.7421875,1.455,-2.2304,0.8023,1.958,4,INTER
11455,44.74609375,0.5464,-1.7334,-0.6145,-1.8776,4,INTER
11456,44.75,2.025,0.1983,2.6723,-2.4271,4,INTER
11457,44.75390625,2.6784,-3.3211,-0.3169,2.2778,4,INTER
11458,44.7578125,1.2184,-1.579,-0.4666,-1.4185,4,INTER
11459,44.76171875,-0.4518,-4.3437,4.5451,-2.3496,4,INTER
11460,44.765625,-1.5231,4.0657,-0.2449,1.0863,4,INTER
11461,44.76953125,-0.4488,3.1125,-2.4199,-3.4932,4,INTER
11462,44.7734375,-3.6045,2.4218,-2.7383,2.8701,4,INTER
11463,44.77734375,-2.1338,-0.3816,0.734,-0.0962,4,INTER
11464,44.78125,-2.4003,1.3523,1.8939,-0.2917,4,INTER
11465,44.78515625,-1.2455,3.3882,1.2804,3.6804,4,INTER
11466,44.7890625,-4.2748,-0.1867,-0.0438,5.9239,4,INTER
11467,44.79296875,3.3483,-0.3251,0.1523,-1.2116,4,INTER
11468,44.796875,4.1953,4.2468,2.414,1.5153,4,INTER
11469,44.80078125,2.0906,0.6607,1.0456,1.0187,4,INTER
11470,44.8046875,1.7462,1.0956,1.5511,-2.5376,4,INTER
11471,44.80859375,0.6072,2.2933,1.3901,-4.1958,4,INTER
11472,44.8125,-1.0372,-2.3906,1.4287,0.245,4,INTER
11473,44.81640625,-2.452,-0.6174,1.7481,-1.974,4,INTER
11474,44.8203125,-0.3768,-3.6732,-3.9828,-1.5629,4,INTER
11475,44.82421875,-1.3318,-3.2981,-5.4058,0.4911,4,INTER
11476,44.828125,0.5408,-2.3515,1.5733,0.9133,4,INTER
11477,44.83203125,-1.3678,2.7645,-2.2236,1.839,4,INTER
11478,44.8359375,1.4514,3.8594,-4.4761,0.1315,4,INTER
11479,44.83984375,-1.1795,-1.7552,0.4995,-1.5288,4,INTER
11480,44.84375,-3.7147,0.8503,5.0592,-2.2274,4,INTER
11481,44.84765625,-0.2549,2.7499,-0.4907,-0.5765,4,INTER
11482,44.8515625,1.4256,-0.8842,1.6968,-0.3247,4,INTER
11483,44.85546875,1.4768,0.0861,0.3939,-4.9608,4,INTER
11484,44.859375,1.0157,1.7544,2.5212,-0.0995,4,INTER
11485,44.86328125,0.258,3.0758,1.78,-4.7742,4,INTER
11486,44.8671875,-0.7417,-2.5885,0.0565,0.0987,4,INTER
11487,44.87109375,-1.9342,3.3692,-3.0983,2.3184,4,INTER
11488,44.875,-5.715,-2.3248,-2.1102,-1.2907,4,INTER
11489,44.87890625,4.548,-2.6943,-0.9164,0.0376,4,INTER
11490,44.8828125,0.881,-1.5878,0.3461,-3.1031,4,INTER
11491,44.88671875,3.1824,1.761,-1.5933,-0.5105,4,INTER
11492,44.890625,-1.767,-4.3778,1.6092,1.6208,4,INTER
11493,44.89453125,1.4638,-1.399,-1.2279,1.4466,4,INTER
11494,44.8984375,-2.4563,-3.5137,2.5131,0.0403,4,INTER
11495,44.90234375,0.9238,-0.5747,2.0939,0.3754,4,INTER
11496,44.90625,1.6808,-1.9044,1.8393,0.8619,4,INTER
11497,44.91015625,-1.0361,-0.8452,0.7411,-1.1211,4,INTER
11498,44.9140625,0.746,2.3699,-0.2666,-4.1056,4,INTER
11499,44.91796875,-0.2871,-0.4546,-2.2595,0.8058,4,INTER
11500,44.921875,2.0657,-1.4944,-0.3371,-0.5971,4,INTER
11501,44.92578125,-1.0082,-2.337,1.9329,-0.7544,4,INTER
11502,44.9296875,1.3282,1.3091,-0.1502,-0.2982,4,INTER
11503,44.93359375,2.4028,1.6707,-0.8433,2.6325,4,INTER
11504,44.9375,2.0838,-1.7237,3.0784,2.5054,4,INTER
11505,44.94140625,-2.9456,2.2579,-0.8241,2.0409,4,INTER
11506,44.9453125,-1.7091,2.9305,3.3854,0.0,4,INTER
11507,44.94921875,-1.5374,0.7727,0.2393,0.7355,4,INTER
11508,44.953125,2.4654,3.1839,-1.9388,1.4598,4,INTER
11509,44.95703125,-1.8275,3.0901,-3.4887,-3.4146,4,INTER
11510,44.9609375,3.933,-3.8412,2.1937,1.6503,4,INTER
11511,44.96484375,4.7084,-1.1114,0.3664,-2.7379,4,INTER
11512,44.96875,-2.3648,3.5397,-0.2394,-4.6548,4,INTER
11513,44.97265625,2.6458,1.3963,-2.5894,0.2117,4,INTER
11514,44.9765625,-2.0338,-2.1725,1.4958,-3.0527,4,INTER
11515,44.98046875,2.5901,-0.4159,-4.4417,-0.1879,4,INTER
11516,44.984375,2.6636,1.3744,0.9508,0.996,4,INTER
11517,44.98828125,-0.1991,-1.1606,2.7587,-1.4668,4,INTER
11518,44.9921875,0.6022,-1.9615,-1.0874,1.8933,4,INTER
11519,44.99609375,3.9319,-3.9156,-2.2185,-4.318,4,INTER
11520,45.0,-1.4284,-0.7672,1.8667,3.2976,4,INTER
11521,45.00390625,2.0649,0.9247,-0.1029,1.1717,4,INTER
11522,45.0078125,-3.3993,-4.0838,-0.4061,-1.9574,4,INTER
11523,45.01171875,-1.3706,-1.7892,0.5981,0.1322,4,INTER
11524,45.015625,0.7205,3.069,1.3799,2.7153,4,INTER
11525,45.01953125,-3.5214,0.1392,-3.5394,1.0854,4,INTER
11526,45.0234375,-5.1881,2.119,0.8682,-0.6671,4,INTER
11527,45.02734375,-2.0767,-0.7076,-3.9735,-3.7939,4,INTER
11528,45.03125,0.9291,-1.9128,-1.4712,3.2212,4,INTER
11529,45.03515625,-5.5181,-2.3238,1.4443,-2.9519,4,INTER
11530,45.0390625,1.8613,-2.0111,-1.5196,0.8608,4,INTER
11531,45.04296875,-2.2091,-0.7776,-4.6385,-2.6393,4,INTER
11532,45.046875,-0.2563,-2.4798,1.5268,4.9253,4,INTER
11533,45.05078125,1.7642,7.5315,3.3445,2.0783,4,INTER
11534,45.0546875,2.5193,2.2192,2.9318,-0.8033,4,INTER
11535,45.05859375,0.4117,1.1058,1.9614,-2.0426,4,INTER
11536,45.0625,-8.2944,-1.7146,-1.731,0.3993,4,INTER
11537,45.06640625,-3.1077,2.7939,1.3703,-2.2488,4,INTER
11538,45.0703125,-1.7214,-0.9357,-1.2516,-0.9191,4,INTER
11539,45.07421875,0.4066,-1.2977,-1.6516,-1.7183,4,INTER
11540,45.078125,-1.0069,2.0377,0.2024,0.539,4,INTER
11541,45.08203125,-7.3052,2.9442,0.1541,2.1245,4,INTER
11542,45.0859375,-1.4226,0.9122,0.4411,-2.0929,4,INTER
11543,45.08984375,-3.7601,-2.064,2.9552,1.192,4,INTER
11544,45.09375,4.1446,-1.8655,-0.3826,-0.4346,4,INTER
11545,45.09765625,2.4444,1.9884,-2.1105,2.7713,4,INTER
11546,45.1015625,-0.1336,-1.8394,1.6697,0.4744,4,INTER
11547,45.10546875,4.6012,-0.1742,0.8406,3.1632,4,INTER
11548,45.109375,0.2958,-1.4727,0.4625,-0.3498,4,INTER
11549,45.11328125,0.3467,-0.3603,0.4761,-0.3308,4,INTER
11550,45.1171875,-2.2438,0.3891,-0.4873,-2.376,4,INTER
11551,45.12109375,-2.731,-1.8302,0.1493,-1.2004,4,INTER
11552,45.125,-1.1799,-3.736,0.5391,2.5098,4,INTER
11553,45.12890625,-1.5683,1.5503,-2.6898,-2.5206,4,INTER
11554,45.1328125,1.4137,-0.7827,1.3182,0.9522,4,INTER
11555,45.13671875,3.3145,2.4711,-1.5668,1.6878,4,INTER
11556,45.140625,2.641,-2.4407,-0.9772,3.2028,4,INTER
11557,45.14453125,-2.5693,0.347,0.8121,5.9564,4,INTER
11558,45.1484375,4.0904,0.1259,-6.0705,-3.8502,4,INTER
11559,45.15234375,0.1738,0.8576,-4.9586,-4.3702,4,INTER
11560,45.15625,1.3405,0.3967,0.0822,-0.1906,4,INTER
11561,45.16015625,0.3471,-2.6176,3.6097,1.5253,4,INTER
11562,45.1640625,0.3513,-2.2421,-0.5037,2.5574,4,INTER
11563,45.16796875,-1.7789,-3.3485,2.1909,-0.9637,4,INTER
11564,45.171875,0.059,-2.9635,-3.1025,-3.2446,4,INTER
11565,45.17578125,3.6696,-0.524,0.2513,-0.9626,4,INTER
11566,45.1796875,0.3404,-3.092,-0.2388,-0.5164,4,INTER
11567,45.18359375,0.5043,1.5811,-1.3905,3.4593,4,INTER
11568,45.1875,3.0044,3.5945,4.4611,0.3918,4,INTER
11569,45.19140625,-2.831,-3.8898,-0.0667,-2.7619,4,INTER
11570,45.1953125,1.2879,3.7341,2.8594,-3.1019,4,INTER
11571,45.19921875,-2.1861,1.1563,-2.5402,2.4461,4,INTER
11572,45.203125,0.6413,0.7014,2.2821,3.1602,4,INTER
11573,45.20703125,2.2818,-1.9172,-1.5447,0.24,4,INTER
11574,45.2109375,-0.2519,1.2428,-2.6558,1.1649,4,INTER
11575,45.21484375,2.9025,-2.4952,-1.4588,-3.2082,4,INTER
11576,45.21875,1.73,0.1421,2.7173,-1.6815,4,INTER
11577,45.22265625,0.1668,-1.1895,-2.4256,-1.409,4,INTER
11578,45.2265625,-1.1611,2.9272,2.2095,0.6983,4,INTER
11579,45.23046875,1.8637,-2.4236,2.2146,-6.0704,4,INTER
11580,45.234375,1.5021,2.4978,-1.5763,0.7847,4,INTER
11581,45.23828125,1.4163,-2.8207,2.2742,-3.8446,4,INTER
11582,45.2421875,2.0465,5.7127,-2.9654,-2.3499,4,INTER
11583,45.24609375,0.0979,-2.6009,-5.4569,3.0108,4,INTER
11584,45.25,-1.2247,-0.4194,1.6462,-2.0777,4,INTER
11585,45.25390625,-2.0206,3.1426,0.0656,1.8062,4,INTER
11586,45.2578125,-1.729,-1.2692,-0.6275,3.5976,4,INTER
11587,45.26171875,0.9576,1.1659,2.3089,-0.9141,4,INTER
11588,45.265625,-4.0927,-0.1491,-2.0558,-3.6316,4,INTER
11589,45.26953125,1.5247,0.0869,2.2285,4.6067,4,INTER
11590,45.2734375,1.0563,0.204,1.6798,-1.4892,4,INTER
11591,45.27734375,-1.3031,3.4246,-4.147,-5.9688,4,INTER
11592,45.28125,2.9116,2.5344,1.5329,-0.142,4,INTER
11593,45.28515625,0.3045,-0.9245,-0.8587,1.8799,4,INTER
11594,45.2890625,1.9726,1.4914,-1.4792,1.29,4,INTER
11595,45.29296875,-0.1412,-0.3237,-2.3951,1.1334,4,INTER
11596,45.296875,-4.1822,1.5801,-3.5751,-2.7993,4,INTER
11597,45.30078125,-0.3956,-1.3026,-1.7807,-1.0532,4,INTER
11598,45.3046875,-4.2234,-2.6044,-3.1746,3.7233,4,INTER
11599,45.30859375,-0.7555,1.2393,-1.486,0.1034,4,INTER
11600,45.3125,-1.2391,0.7815,1.2585,0.5377,4,INTER
11601,45.31640625,0.5715,1.3838,1.6865,1.1559,4,INTER
11602,45.3203125,-2.4431,0.1366,-3.1847,0.5669,4,INTER
11603,45.32421875,-0.5541,-3.537,0.3962,-3.5615,4,INTER
11604,45.328125,1.9844,-1.4936,3.6825,2.5651,4,INTER
11605,45.33203125,2.2941,-2.456,-2.1268,-0.6715,4,INTER
11606,45.3359375,0.5946,0.406,-1.9972,-2.1832,4,INTER
11607,45.33984375,-1.5768,-0.9417,1.305,1.3828,4,INTER
11608,45.34375,0.2289,0.2242,3.8087,0.5659,4,INTER
11609,45.34765625,-1.5113,2.6537,1.365,1.1739,4,INTER
11610,45.3515625,3.5171,1.2986,3.6129,-0.0691,4,INTER
11611,45.35546875,-0.4943,-1.8919,2.3637,-2.2337,4,INTER
11612,45.359375,-3.8384,3.5134,-2.1546,0.4361,4,INTER
11613,45.36328125,-2.3681,-6.5606,-0.0033,0.4329,4,INTER
11614,45.3671875,-0.8824,1.7656,0.4715,4.2938,4,INTER
11615,45.37109375,2.4181,2.7144,0.4362,0.0719,4,INTER
11616,45.375,1.8803,-0.1623,-0.8137,1.0733,4,INTER
11617,45.37890625,0.3418,2.4817,-1.0926,0.2153,4,INTER
11618,45.3828125,-0.077,-3.1385,-2.3362,-2.5539,4,INTER
11619,45.38671875,1.6919,-0.6969,-6.0665,3.3775,4,INTER
11620,45.390625,-3.1046,0.6112,-0.8606,3.6313,4,INTER
11621,45.39453125,3.8345,-0.2402,2.5626,-1.1851,4,INTER
11622,45.3984375,-1.1074,-1.1395,-1.1441,-2.2667,4,INTER
11623,45.40234375,2.693,0.5323,-3.4261,1.077,4,INTER
11624,45.40625,0.6541,-0.0471,-5.0583,1.5854,4,INTER
11625,45.41015625,1.4334,2.9725,3.6105,-2.3549,4,INTER
11626,45.4140625,2.4585,-4.5175,-2.385,1.9908,4,INTER
11627,45.41796875,-0.9026,1.3749,3.2476,2.9103,4,INTER
11628,45.421875,-3.6039,1.543,2.59,0.54,4,INTER
11629,45.42578125,-1.8054,0.3091,-4.6504,-4.0358,4,INTER
11630,45.4296875,-0.5139,0.6148,-0.9121,3.6077,4,INTER
11631,45.43359375,-3.6892,0.5239,0.48,3.1025,4,INTER
11632,45.4375,1.7868,-0.6195,4.6904,1.7772,4,INTER
11633,45.44140625,-1.6655,1.7311,3.9581,-1.2255,4,INTER
11634,45.4453125,1.2704,-2.1547,2.8049,-0.8351,4,INTER
11635,45.44921875,0.0181,-5.4204,1.6509,-3.0417,4,INTER
11636,45.453125,-3.3927,0.0541,-1.1952,2.9801,4,INTER
11637,45.45703125,2.6015,0.7043,5.9221,-5.2014,4,INTER
11638,45.4609375,-4.0556,-0.3097,0.4463,-1.3669,4,INTER
11639,45.46484375,-3.3734,2.0757,-4.2777,-1.581,4,INTER
11640,45.46875,-1.5411,3.3607,0.2322,-2.1147,4,INTER
11641,45.47265625,-0.1992,0.264,1.3639,-0.4142,4,INTER
11642,45.4765625,-3.4545,0.6074,-2.6284,-0.5545,4,INTER
11643,45.48046875,3.8872,-4.782,0.1013,0.4459,4,INTER
11644,45.484375,2.457,-3.5128,0.8199,6.3322,4,INTER
11645,45.48828125,-0.7041,2.2286,-0.7785,3.7502,4,INTER
11646,45.4921875,-0.3998,-1.8558,1.4094,3.6949,4,INTER
11647,45.49609375,0.8168,-1.9379,-0.6359,0.8503,4,INTER
11648,45.5,2.1303,3.7459,-0.8844,-2.3345,4,INTER
11649,45.50390625,0.6986,-4.4632,0.7748,-1.8852,4,INTER
11650,45.5078125,-0.0864,0.6816,-0.5866,-4.2275,4,INTER
11651,45.51171875,-1.688,3.4343,1.6552,-0.9581,4,INTER
11652,45.515625,3.8,-0.9437,0.3414,1.3428,4,INTER
11653,45.51953125,3.0428,-3.5438,0.3265,2.3561,4,INTER
11654,45.5234375,-2.458,1.9484,-0.5075,-0.5384,4,INTER
11655,45.52734375,-0.1438,2.6188,-0.8789,-1.1651,4,INTER
11656,45.53125,-0.031,-0.0587,-2.3427,3.0226,4,INTER
11657,45.53515625,-2.1167,-1.0777,-5.4948,-0.7471,4,INTER
11658,45.5390625,-0.7243,-0.8933,0.3932,-4.4516,4,INTER
11659,45.54296875,1.1605,4.5054,0.7482,1.3811,4,INTER
11660,45.546875,0.6049,-0.8911,-0.3232,1.0687,4,INTER
11661,45.55078125,4.812,-2.9808,-0.0416,6.0967,4,INTER
11662,45.5546875,-0.856,-1.7401,-0.2881,2.2442,4,INTER
11663,45.55859375,-0.059,1.7324,-0.9714,-1.5949,4,INTER
11664,45.5625,-1.6392,3.1669,1.5181,-1.4549,4,INTER
11665,45.56640625,1.3421,-2.5958,0.9471,-0.9609,4,INTER
11666,45.5703125,-5.4477,0.3754,1.4294,0.3288,4,INTER
11667,45.57421875,1.964,0.1943,-0.77,2.7531,4,INTER
11668,45.578125,-1.0112,-1.0396,0.6388,2.4359,4,INTER
11669,45.58203125,2.0692,1.9188,3.1661,-1.1667,4,INTER
11670,45.5859375,-6.4898,1.4975,0.1089,4.61,4,INTER
11671,45.58984375,-2.6914,0.7536,-0.3851,2.6845,4,INTER
11672,45.59375,-0.358,0.8995,6.3986,-1.3517,4,INTER
11673,45.59765625,-5.6181,-1.6511,3.5935,-2.6069,4,INTER
11674,45.6015625,1.5026,0.5786,-0.8949,2.8612,4,INTER
11675,45.60546875,1.7975,-0.1719,1.2602,-3.6695,4,INTER
11676,45.609375,-0.2924,-0.605,-1.5508,-2.6903,4,INTER
11677,45.61328125,1.6331,4.2754,-0.7693,1.666,4,INTER
11678,45.6171875,2.0262,-1.721,-2.9306,0.6983,4,INTER
11679,45.62109375,-2.8883,4.5534,0.2524,-0.8529,4,INTER
11680,45.625,-0.9849,1.8879,0.5779,-3.7317,4,INTER
11681,45.62890625,2.155,-1.2361,-2.2688,0.5022,4,INTER
11682,45.6328125,-6.4307,2.9005,0.5425,-2.9595,4,INTER
11683,45.63671875,3.117,0.5808,-4.3016,1.788,4,INTER
11684,45.640625,2.3899,-2.1359,-2.1489,-1.0798,4,INTER
11685,45.64453125,3.127,1.1212,1.9164,0.7124,4,INTER
11686,45.6484375,-0.0182,1.8116,-2.489,-0.4973,4,INTER
11687,45.65234375,8.2316,0.491,-4.6488,-0.7747,4,INTER
11688,45.65625,4.8641,0.3698,-0.7965,-0.206,4,INTER
11689,45.66015625,-2.0881,-3.5637,2.6303,1.7502,4,INTER
11690,45.6640625,0.72,-3.559,2.0332,0.3724,4,INTER
11691,45.66796875,-1.9291,-0.3863,-0.9631,1.6584,4,INTER
11692,45.671875,0.443,-1.8392,0.7164,0.2019,4,INTER
11693,45.67578125,-1.3704,-1.8525,-0.7128,-1.7481,4,INTER
11694,45.6796875,1.3826,3.3347,-1.61,5.3235,4,INTER
11695,45.68359375,-0.538,0.2861,-4.2058,-0.407,4,INTER
11696,45.6875,-2.4884,-3.0819,1.1141,1.8754,4,INTER
11697,45.69140625,1.6832,0.5397,1.4704,-2.4935,4,INTER
11698,45.6953125,-2.5012,-2.561,0.0515,-0.276,4,INTER
11699,45.69921875,4.0933,-0.6155,3.0448,-0.6228,4,INTER
11700,45.703125,0.095,-0.4078,1.8438,-3.2297,4,INTER
11701,45.70703125,-0.4113,-0.014,0.8839,0.2088,4,INTER
11702,45.7109375,-0.4635,4.572,4.2673,2.2028,4,INTER
11703,45.71484375,-1.2281,-4.1303,2.235,3.1213,4,INTER
11704,45.71875,-0.7792,-4.4566,1.9974,-1.3357,4,INTER
11705,45.72265625,-1.6103,-3.0965,-0.5818,-1.4851,4,INTER
11706,45.7265625,-1.646,-1.1697,-3.7558,-2.8773,4,INTER
11707,45.73046875,-1.8981,4.6388,2.9531,0.3508,4,INTER
11708,45.734375,-2.5529,5.2326,2.2096,4.8925,4,INTER
11709,45.73828125,1.2916,-1.88,-0.9308,1.1661,4,INTER
11710,45.7421875,-3.2395,0.3995,2.0505,-0.6813,4,INTER
11711,45.74609375,2.8211,0.1729,0.2338,-3.7689,4,INTER
11712,45.75,0.8712,-0.019,4.0956,-1.8288,4,INTER
11713,45.75390625,-3.5669,2.1989,1.855,-0.0527,4,INTER
11714,45.7578125,-0.7528,0.0731,-3.2248,3.9258,4,INTER
11715,45.76171875,-0.6178,3.3657,-1.3255,1.7275,4,INTER
11716,45.765625,3.429,-3.6018,-1.0986,0.6985,4,INTER
11717,45.76953125,-0.0345,2.0636,-0.2355,0.2686,4,INTER
11718,45.7734375,0.3891,-3.7561,-1.9076,1.4375,4,INTER
11719,45.77734375,1.8704,3.2151,-5.3429,4.3087,4,INTER
11720,45.78125,4.3208,-0.0796,-1.9069,-1.1687,4,INTER
11721,45.78515625,-0.0442,-1.5716,1.6249,3.16,4,INTER
11722,45.7890625,0.6164,-1.2367,0.6659,3.7886,4,INTER
11723,45.79296875,6.259,4.5804,-0.8512,1.5459,4,INTER
11724,45.796875,4.2228,-3.6,-2.501,-0.032,4,INTER
11725,45.80078125,3.6538,1.3159,0.8302,-0.0084,4,INTER
11726,45.8046875,1.9662,0.6508,1.6644,-2.5719,4,INTER
11727,45.80859375,-3.2056,-4.7693,0.3225,-1.8748,4,INTER
11728,45.8125,0.2923,0.214,-0.4528,3.5808,4,INTER
11729,45.81640625,-1.2693,2.5064,-0.7813,-2.3833,4,INTER
11730,45.8203125,2.8817,-1.1722,5.8123,6.3876,4,INTER
11731,45.82421875,2.9436,-0.4023,0.528,-3.4497,4,INTER
11732,45.828125,-2.1791,-1.5914,-4.599,-2.2348,4,INTER
11733,45.83203125,3.0431,-0.5509,2.9527,-1.7076,4,INTER
11734,45.8359375,-2.0312,-2.1095,1.9465,-1.4889,4,INTER
11735,45.83984375,-3.3727,-0.0707,6.4262,-0.4523,4,INTER
11736,45.84375,1.5516,0.7049,-1.169,1.3363,4,INTER
11737,45.84765625,0.9475,-1.0204,2.6305,0.3093,4,INTER
11738,45.8515625,-1.3617,-1.8793,-4.7376,-0.1541,4,INTER
11739,45.85546875,-0.2689,2.8901,1.0283,2.3775,4,INTER
11740,45.859375,4.4196,-1.1037,-1.7615,4.6157,4,INTER
11741,45.86328125,0.1926,-0.8595,-2.6153,-2.9659,4,INTER
11742,45.8671875,-1.2391,2.5103,-1.8371,2.2196,4,INTER
11743,45.87109375,1.6592,4.0774,0.1048,-0.0783,4,INTER
11744,45.875,1.907,-1.8271,0.2421,1.0537,4,INTER
11745,45.87890625,1.1957,-3.5292,-3.0993,0.9357,4,INTER
11746,45.8828125,-0.1033,-0.1568,3.0584,2.1329,4,INTER
11747,45.88671875,4.4766,0.5869,1.344,-0.7698,4,INTER
11748,45.890625,-3.1047,-1.5928,0.0456,1.3661,4,INTER
11749,45.89453125,2.6335,-0.4378,1.6328,-0.3371,4,INTER
11750,45.8984375,-1.1409,1.3281,2.1353,-0.2377,4,INTER
11751,45.90234375,4.3819,1.5252,3.069,-0.7939,4,INTER
11752,45.90625,-0.8559,-1.781,0.6413,-4.4646,4,INTER
11753,45.91015625,0.5757,-0.1189,1.7566,4.2228,4,INTER
11754,45.9140625,-2.7269,1.529,0.9503,3.8904,4,INTER
11755,45.91796875,-0.9747,0.9163,-0.0832,0.129,4,INTER
11756,45.921875,2.0172,0.7727,-1.5757,5.1315,4,INTER
11757,45.92578125,2.9298,0.0433,1.6792,-1.983,4,INTER
11758,45.9296875,-0.6033,0.9054,-2.5005,5.3446,4,INTER
11759,45.93359375,-1.7642,2.173,3.6285,0.3005,4,INTER
11760,45.9375,1.7459,2.217,7.5744,-1.2527,4,INTER
11761,45.94140625,2.2384,1.7306,-1.8903,4.5312,4,INTER
11762,45.9453125,-0.5363,1.9124,1.2804,2.2258,4,INTER
11763,45.94921875,-1.6368,2.4662,-1.5446,-5.015,4,INTER
11764,45.953125,0.9213,-4.7651,3.1494,-0.4411,4,INTER
11765,45.95703125,1.9401,2.5782,2.3493,-1.1104,4,INTER
11766,45.9609375,-2.4662,-0.7724,3.4447,2.5056,4,INTER
11767,45.96484375,1.8221,0.5619,1.2591,0.5599,4,INTER
11768,45.96875,-0.0137,0.6094,1.7992,-2.3909,4,INTER
11769,45.97265625,-4.4939,1.3892,-0.1951,-0.2567,4,INTER
11770,45.9765625,1.9663,-0.4514,3.7311,2.4572,4,INTER
11771,45.98046875,1.45,-0.044,0.7766,-3.8523,4,INTER
11772,45.984375,2.2041,0.5115,0.5686,2.3393,4,INTER
11773,45.98828125,2.5914,1.7856,-0.2359,-4.2684,4,INTER
11774,45.9921875,-1.8646,-1.542,8.3939,0.4051,4,INTER
11775,45.99609375,-0.544,2.5004,-4.6775,4.1277,4,INTER
11776,46.0,-0.4776,-0.1138,4.5982,0.3735,4,INTER
11777,46.00390625,-1.0806,1.4622,-1.3519,-3.4105,4,INTER
11778,46.0078125,-1.9452,-0.2581,0.8058,4.7336,4,INTER
11779,46.01171875,0.7427,-0.6446,-2.867,1.7947,4,INTER
11780,46.015625,2.2475,1.0374,-2.133,4.4111,4,INTER
11781,46.01953125,-4.1363,-4.102,2.6754,2.7808,4,INTER
11782,46.0234375,-2.719,-1.5433,2.9229,-2.4646,4,INTER
11783,46.02734375,-4.0686,1.1796,-0.9213,1.8456,4,INTER
11784,46.03125,1.2769,1.3335,1.2405,1.9999,4,INTER
11785,46.03515625,1.0573,0.4887,-3.9127,-2.7552,4,INTER
11786,46.0390625,1.0798,-0.4151,-0.891,1.4365,4,INTER
11787,46.04296875,1.7369,-0.7374,1.4678,3.9003,4,INTER
11788,46.046875,-2.4028,0.733,-2.6607,-3.8932,4,INTER
11789,46.05078125,-2.8906,-1.0554,-1.2884,-3.6706,4,INTER
11790,46.0546875,1.5088,5.0204,-6.271,-5.571,4,INTER
11791,46.05859375,0.7341,-5.4397,4.0446,-0.2655,4,INTER
11792,46.0625,1.1924,-2.0195,5.2362,4.1776,4,INTER
11793,46.06640625,-6.5638,1.0864,0.5864,-4.1879,4,INTER
11794,46.0703125,-3.0776,2.4517,-2.6141,-1.5774,4,INTER
11795,46.07421875,-0.7393,-5.309,-0.8472,-4.7146,4,INTER
11796,46.078125,-1.9992,-0.8105,2.1159,-1.7554,4,INTER
11797,46.08203125,2.9303,-0.7297,-4.7365,-0.1819,4,INTER
11798,46.0859375,-4.1622,-0.8492,-0.1329,0.8947,4,INTER
11799,46.08984375,2.4154,2.1562,1.7314,2.9756,4,INTER
11800,46.09375,-3.3828,1.7095,0.4608,3.0689,4,INTER
11801,46.09765625,-2.6739,1.5342,-0.3144,0.4614,4,INTER
11802,46.1015625,0.3427,0.8147,-4.9347,-0.5914,4,INTER
11803,46.10546875,0.692,-0.4658,-2.4411,-0.7566,4,INTER
11804,46.109375,-2.682,-1.4505,-0.0007,1.0979,4,INTER
11805,46.11328125,-0.4604,-4.3729,-1.9039,2.8169,4,INTER
11806,46.1171875,1.3747,-2.221,4.5657,-4.749,4,INTER
11807,46.12109375,-0.5681,-1.6015,-0.3676,2.2744,4,INTER
11808,46.125,-0.1666,6.764,-0.1448,-1.9716,4,INTER
11809,46.12890625,0.3063,6.9888,-1.5617,-3.2833,4,INTER
11810,46.1328125,-0.779,0.6294,0.3603,0.7645,4,INTER
11811,46.13671875,-0.7196,0.3226,-0.1171,-3.2422,4,INTER
11812,46.140625,3.1972,-4.249,2.6174,0.3819,4,INTER
11813,46.14453125,0.2476,-0.4094,-2.9713,-2.4048,4,INTER
11814,46.1484375,-2.2081,1.7115,0.1378,0.1376,4,INTER
11815,46.15234375,2.0607,-1.6102,1.0411,-1.2647,4,INTER
11816,46.15625,-1.7057,0.2301,-2.285,0.1697,4,INTER
11817,46.16015625,-0.304,1.1083,-1.3706,-1.2652,4,INTER
11818,46.1640625,-0.802,1.9217,1.1613,-1.5504,4,INTER
11819,46.16796875,-5.6693,-1.1332,0.1629,1.5545,4,INTER
11820,46.171875,-3.9743,-2.4453,1.7479,3.0926,4,INTER
11821,46.17578125,-3.8022,-1.964,-0.0806,0.1255,4,INTER
11822,46.1796875,-1.2724,-3.1812,0.0564,0.4297,4,INTER
11823,46.18359375,-2.2936,0.6275,3.2107,0.0305,4,INTER
11824,46.1875,-0.702,1.7309,1.9724,1.9584,4,INTER
11825,46.19140625,5.4504,1.2951,1.0786,3.5159,4,INTER
11826,46.1953125,-0.7082,3.2933,-0.8682,-1.7173,4,INTER
11827,46.19921875,-1.1223,-3.0787,0.1513,-2.4375,4,INTER
11828,46.203125,-1.5637,2.3837,2.4692,2.873,4,INTER
11829,46.20703125,-2.1853,-0.2719,-0.6242,-3.4211,4,INTER
11830,46.2109375,-0.9917,-0.5106,2.7443,-3.5774,4,INTER
11831,46.21484375,4.5017,-1.6818,-0.6532,-2.4338,4,INTER
11832,46.21875,0.9841,0.8723,4.6785,0.3385,4,INTER
11833,46.22265625,-4.0853,-5.4101,2.3805,3.8198,4,INTER
11834,46.2265625,0.3522,0.63,4.6816,-0.5527,4,INTER
11835,46.23046875,3.0384,-1.4327,-1.657,3.9342,4,INTER
11836,46.234375,-1.9664,0.547,-0.3602,-2.9322,4,INTER
11837,46.23828125,-1.0901,-3.9756,1.2234,1.3522,4,INTER
11838,46.2421875,0.8253,-3.0997,1.7124,-2.7297,4,INTER
11839,46.24609375,-2.5031,0.5924,-1.9544,1.3163,4,INTER
11840,46.25,-0.859,1.076,5.0278,1.7522,4,INTER
11841,46.25390625,0.2085,-1.0938,-2.0846,-2.092,4,INTER
11842,46.2578125,3.1333,-2.8918,-4.3781,0.2183,4,INTER
11843,46.26171875,-0.6797,-0.5785,1.5989,-0.2103,4,INTER
11844,46.265625,0.5406,0.8447,-0.1306,3.9753,4,INTER
11845,46.26953125,1.8875,3.277,-4.1933,-3.7121,4,INTER
11846,46.2734375,0.5518,-1.9597,3.2884,-4.7656,4,INTER
11847,46.27734375,-1.3596,-2.6001,-4.2774,1.0377,4,INTER
11848,46.28125,0.0023,3.9456,0.0262,1.4159,4,INTER
11849,46.28515625,0.9528,0.3618,3.6396,-2.2171,4,INTER
11850,46.2890625,3.5782,-1.1118,2.0685,-1.5599,4,INTER
11851,46.29296875,-1.4726,-1.7784,6.8335,2.3638,4,INTER
11852,46.296875,-1.107,-1.9055,-0.7778,-0.2402,4,INTER
11853,46.30078125,-1.9966,1.6081,-0.284,-1.3173,4,INTER
11854,46.3046875,0.4326,-0.752,1.6533,2.6301,4,INTER
11855,46.30859375,2.6967,0.3186,1.1375,-4.0403,4,INTER
11856,46.3125,-4.3167,1.7527,1.939,-1.1288,4,INTER
11857,46.31640625,-0.1784,-0.2231,1.7776,-2.3058,4,INTER
11858,46.3203125,1.7342,-2.3519,-1.8737,-0.6821,4,INTER
11859,46.32421875,4.2525,-0.7317,-3.6022,0.5856,4,INTER
11860,46.328125,0.7043,-1.2309,-0.0737,-0.0763,4,INTER
11861,46.33203125,-1.3251,5.2989,-5.5211,-0.4972,4,INTER
11862,46.3359375,-0.4168,2.2051,0.893,-1.6167,4,INTER
11863,46.33984375,0.2884,1.3773,0.0221,1.0909,4,INTER
11864,46.34375,6.7281,2.6294,0.6342,0.6466,4,INTER
11865,46.34765625,0.677,-2.3776,-0.4058,-1.0598,4,INTER
11866,46.3515625,-4.2069,-1.0811,-2.5478,3.3137,4,INTER
11867,46.35546875,2.4167,1.9112,-1.1973,-2.048,4,INTER
11868,46.359375,-3.2906,3.7911,-1.8323,2.0823,4,INTER
11869,46.36328125,-2.7688,-1.9868,-2.4094,1.8151,4,INTER
11870,46.3671875,-0.7302,0.4234,-5.6282,4.0363,4,INTER
11871,46.37109375,2.7813,-3.2555,-4.1398,0.364,4,INTER
11872,46.375,-0.1533,0.5333,-1.7322,3.2463,4,INTER
11873,46.37890625,-5.0462,4.3108,5.1562,1.7118,4,INTER
11874,46.3828125,-0.4274,1.1619,3.4543,3.6201,4,INTER
11875,46.38671875,2.2987,-0.5043,-1.8736,-0.2069,4,INTER
11876,46.390625,-4.873,-0.6212,-0.0965,-1.2367,4,INTER
11877,46.39453125,0.225,-0.5718,1.1866,1.6348,4,INTER
11878,46.3984375,-1.5367,-1.2298,0.489,-2.6532,4,INTER
11879,46.40234375,0.5419,-2.8839,0.9148,2.0444,4,INTER
11880,46.40625,3.3853,-3.0356,-0.8027,2.3528,4,INTER
11881,46.41015625,-0.9382,-0.3912,-0.7295,2.5477,4,INTER
11882,46.4140625,0.2266,3.8694,-1.9929,3.4321,4,INTER
11883,46.41796875,0.9765,3.5111,4.2578,3.1156,4,INTER
11884,46.421875,-0.8697,-0.2487,-0.8229,1.6781,4,INTER
11885,46.42578125,-0.642,-1.875,-1.4674,2.6137,4,INTER
11886,46.4296875,1.3204,0.6623,3.636,0.4251,4,INTER
11887,46.43359375,-1.8957,-1.491,2.0932,0.9643,4,INTER
11888,46.4375,2.03,0.8347,-1.355,0.3714,4,INTER
11889,46.44140625,3.0037,0.226,-6.7515,-3.3327,4,INTER
11890,46.4453125,1.25,5.0257,-0.7338,-0.5222,4,INTER
11891,46.44921875,0.8288,-1.3581,7.455,3.589,4,INTER
11892,46.453125,4.8776,-2.1047,3.4183,-0.9425,4,INTER
11893,46.45703125,-1.2691,-4.0338,3.2016,-0.2933,4,INTER
11894,46.4609375,3.7142,2.6532,-2.362,0.5347,4,INTER
11895,46.46484375,2.4682,-2.7476,-1.9537,2.4443,4,INTER
11896,46.46875,0.3629,-0.6703,-3.5587,0.0157,4,INTER
11897,46.47265625,1.225,-0.7461,1.7209,4.6831,4,INTER
11898,46.4765625,-1.4521,-1.4972,1.1446,-0.8256,4,INTER
11899,46.48046875,-0.7999,-4.1473,-1.1267,2.2481,4,INTER
11900,46.484375,1.7023,1.1379,-3.7159,1.519,4,INTER
11901,46.48828125,-1.9055,5.3246,-0.5908,1.1634,4,INTER
11902,46.4921875,4.1854,1.4766,-3.5835,-3.0012,4,INTER
11903,46.49609375,1.1343,-2.0357,3.0106,2.4254,4,INTER
11904,46.5,4.1576,0.89,-2.9178,-4.8043,4,INTER
11905,46.50390625,-3.7796,0.9692,-2.9385,1.9383,4,INTER
11906,46.5078125,5.5906,-2.6167,-0.4654,-0.5278,4,INTER
11907,46.51171875,-2.1572,-4.1469,3.0641,-1.7658,4,INTER
11908,46.515625,0.6316,1.2075,-1.2841,1.883,4,INTER
11909,46.51953125,2.0822,-0.7555,-2.5866,-0.021,4,INTER
11910,46.5234375,-2.5755,-0.8907,2.4871,2.2908,4,INTER
11911,46.52734375,-0.0611,-0.5879,1.3306,-4.3284,4,INTER
11912,46.53125,1.5151,1.3209,3.2551,4.5043,4,INTER
11913,46.53515625,-2.0731,4.3415,-3.1262,0.9849,4,INTER
11914,46.5390625,2.6782,1.8207,3.0608,1.1681,4,INTER
11915,46.54296875,0.0411,1.7996,-0.41,-5.718,4,INTER
11916,46.546875,-2.0004,0.1502,0.2936,0.7056,4,INTER
11917,46.55078125,-1.3447,-1.7761,-3.1903,-2.3829,4,INTER
11918,46.5546875,-1.5915,-3.0241,1.1458,0.9755,4,INTER
11919,46.55859375,2.0284,1.9133,-3.1504,1.5717,4,INTER
11920,46.5625,0.6165,2.4302,-1.7805,-4.4849,4,INTER
11921,46.56640625,0.7189,0.6597,-1.1686,-1.4007,4,INTER
11922,46.5703125,2.8663,1.8672,-2.8714,-3.101,4,INTER
11923,46.57421875,-1.2861,-0.9747,-0.4177,-2.2589,4,INTER
11924,46.578125,-2.7038,-0.4109,-0.1582,0.6444,4,INTER
11925,46.58203125,3.5877,-0.4931,3.2094,-0.2873,4,INTER
11926,46.5859375,-0.8917,-2.1336,-0.9003,1.389,4,INTER
11927,46.58984375,0.3732,-6.286,1.6406,-2.152,4,INTER
11928,46.59375,-1.1702,1.3594,-0.5423,0.3776,4,INTER
11929,46.59765625,2.1926,-2.6924,3.6369,1.4517,4,INTER
11930,46.6015625,0.2576,0.9449,-0.1048,6.2288,4,INTER
11931,46.60546875,-0.0088,-0.3291,-1.9491,6.3179,4,INTER
11932,46.609375,-1.8915,-1.8826,1.1664,-3.7899,4,INTER
11933,46.61328125,-5.731,-0.4836,-1.9022,-3.32,4,INTER
11934,46.6171875,-0.1357,0.3964,0.823,0.9672,4,INTER
11935,46.62109375,0.0555,1.8074,2.2456,2.3213,4,INTER
11936,46.625,-1.4258,-5.4057,3.811,-3.2601,4,INTER
11937,46.62890625,2.4287,0.0438,6.053,-0.6224,4,INTER
11938,46.6328125,-0.0911,-1.9507,-1.6604,0.66,4,INTER
11939,46.63671875,-4.3187,-0.1709,3.116,-1.1958,4,INTER
11940,46.640625,0.3325,-3.517,1.1788,2.7597,4,INTER
11941,46.64453125,4.7401,-0.4737,1.0574,2.6779,4,INTER
11942,46.6484375,-1.2619,-1.2571,1.081,-2.2238,4,INTER
11943,46.65234375,-4.0806,4.449,0.5658,-2.0478,4,INTER
11944,46.65625,-2.757,-5.1338,3.4557,-0.8308,4,INTER
11945,46.66015625,2.4553,-2.632,1.0156,-0.4746,4,INTER
11946,46.6640625,1.392,0.4169,0.4164,-4.7122,4,INTER
11947,46.66796875,-1.3376,-1.601,-2.0974,-3.482,4,INTER
11948,46.671875,-0.9071,0.8092,3.1955,2.653,4,INTER
11949,46.67578125,3.9073,2.0351,1.586,-1.3545,4,INTER
11950,46.6796875,-1.5373,2.0262,-1.2943,0.6495,4,INTER
11951,46.68359375,-0.9579,0.8449,-2.8103,3.5946,4,INTER
11952,46.6875,-1.7126,0.1055,2.3154,-0.6688,4,INTER
11953,46.69140625,-0.2356,-2.5146,-0.7521,-1.1649,4,INTER
11954,46.6953125,-0.6952,1.9641,0.7599,1.9696,4,INTER
11955,46.69921875,-0.5104,1.801,-2.5428,-0.5737,4,INTER
11956,46.703125,5.4686,0.1944,-1.2152,-0.197,4,INTER
11957,46.70703125,2.9691,0.6108,4.8264,1.7454,4,INTER
11958,46.7109375,0.3848,2.733,1.8344,2.0876,4,INTER
11959,46.71484375,3.0745,0.4597,-2.807,3.0067,4,INTER
11960,46.71875,3.8882,2.1254,0.9651,-2.8567,4,INTER
11961,46.72265625,-0.9334,-2.7143,-2.4611,1.4382,4,INTER
11962,46.7265625,-4.9958,0.5834,-0.3,1.2578,4,INTER
11963,46.73046875,3.1771,3.1109,4.5897,4.4685,4,INTER
11964,46.734375,2.0248,2.6968,0.6111,1.6168,4,INTER
11965,46.73828125,4.253,0.8262,-1.2696,3.5463,4,INTER
11966,46.7421875,2.003,1.3634,-2.3902,1.6446,4,INTER
11967,46.74609375,-2.1992,-4.9559,-0.9661,-1.5886,4,INTER
11968,46.75,1.6587,0.6743,1.1779,2.9678,4,INTER
11969,46.75390625,0.1182,3.384,-0.1407,2.0209,4,INTER
11970,46.7578125,0.6139,-3.0845,1.4801,-0.9957,4,INTER
11971,46.76171875,2.7124,-2.0195,-2.373,-2.304,4,INTER
11972,46.765625,2.7861,0.1309,-3.1657,-2.957,4,INTER
11973,46.76953125,3.2132,-2.1194,0.6032,-0.1912,4,INTER
11974,46.7734375,-2.2815,0.9536,-0.6312,-4.4429,4,INTER
11975,46.77734375,-0.6447,-1.6369,-0.7324,0.3063,4,INTER
11976,46.78125,-3.8929,-1.9732,-0.73,-3.4851,4,INTER
11977,46.78515625,0.6843,1.7617,-1.1698,3.2721,4,INTER
11978,46.7890625,2.9852,2.8803,-3.9107,1.9572,4,INTER
11979,46.79296875,-4.1443,0.0952,-0.8842,-0.4552,4,INTER
11980,46.796875,-0.6861,-4.3839,4.43,0.2354,4,INTER
11981,46.80078125,2.2802,-0.957,1.2173,-1.2883,4,INTER
11982,46.8046875,1.249,1.6512,-3.1195,-3.7532,4,INTER
11983,46.80859375,2.8124,1.3058,1.365,-2.1775,4,INTER
11984,46.8125,5.2339,-0.8683,-1.4518,-1.5366,4,INTER
11985,46.81640625,1.5555,-1.9361,0.7498,3.8422,4,INTER
11986,46.8203125,2.5462,-3.6574,2.8325,-1.3444,4,INTER
11987,46.82421875,1.9472,1.1169,3.9583,1.9589,4,INTER
11988,46.828125,8.3699,-2.2295,-2.2392,-3.9418,4,INTER
11989,46.83203125,1.5791,0.6356,1.7574,-2.9729,4,INTER
11990,46.8359375,-2.3893,0.3166,2.3863,-1.1344,4,INTER
11991,46.83984375,-2.959,-0.7981,-2.0103,3.5248,4,INTER
11992,46.84375,1.4026,-1.5514,-2.1611,4.4246,4,INTER
11993,46.84765625,2.4235,3.2135,0.7223,0.4107,4,INTER
11994,46.8515625,0.4371,-0.2767,0.222,-2.281,4,INTER
11995,46.85546875,1.3699,1.196,-4.9217,-1.5953,4,INTER
11996,46.859375,-4.1832,0.4343,-3.3106,-0.8778,4,INTER
11997,46.86328125,4.7454,-7.4535,-2.6183,2.8691,4,INTER
11998,46.8671875,-2.0009,-2.1564,-1.4682,-0.0548,4,INTER
11999,46.87109375,1.8296,1.6278,-5.1935,0.4839,4,INTER
12000,46.875,0.2996,1.6947,-4.7625,-1.248,4,INTER
12001,46.87890625,-0.1169,0.0969,0.6565,-1.5062,4,INTER
12002,46.8828125,-4.9282,2.5571,4.0446,-3.5659,4,INTER
12003,46.88671875,-2.1578,1.4254,-3.7498,-2.6202,4,INTER
12004,46.890625,4.707,-3.4782,-5.5465,4.7005,4,INTER
12005,46.89453125,-2.2184,-2.7713,-2.526,-0.7834,4,INTER
12006,46.8984375,-2.9219,-0.4795,4.8115,0.0875,4,INTER
12007,46.90234375,-1.0289,0.406,-0.7243,-2.7992,4,INTER
12008,46.90625,1.2674,0.7639,-0.6425,-4.0937,4,INTER
12009,46.91015625,0.9429,1.0239,2.2991,2.2656,4,INTER
12010,46.9140625,1.9623,1.0113,0.3394,1.0393,4,INTER
12011,46.91796875,3.4897,4.7459,1.1121,-1.7542,4,INTER
12012,46.921875,-1.7462,-1.6487,3.0502,0.9846,4,INTER
12013,46.92578125,-0.4574,0.464,1.2644,3.4572,4,INTER
12014,46.9296875,-2.727,0.0427,-0.9633,-0.2812,4,INTER
12015,46.93359375,1.4049,3.4482,-1.5989,-1.4651,4,INTER
12016,46.9375,-2.4018,-1.6546,1.2578,0.4041,4,INTER
12017,46.94140625,-0.2988,3.681,1.5113,-0.5777,4,INTER
12018,46.9453125,-1.5609,-2.3943,1.2634,0.2827,4,INTER
12019,46.94921875,-0.0289,4.4083,-0.6473,-6.6689,4,INTER
12020,46.953125,4.6341,3.5591,-0.1495,0.0953,4,INTER
12021,46.95703125,2.0712,1.0421,4.7099,-4.6037,4,INTER
12022,46.9609375,-2.7089,2.9579,-0.7776,1.9363,4,INTER
12023,46.96484375,1.3069,0.6934,2.2245,0.1374,4,INTER
12024,46.96875,0.4892,-3.1989,0.0333,1.0526,4,INTER
12025,46.97265625,-5.2585,-4.5388,2.5988,-1.2925,4,INTER
12026,46.9765625,-2.5487,0.01,1.3238,-3.52,4,INTER
12027,46.98046875,2.4843,-6.2122,2.2686,3.0089,4,INTER
12028,46.984375,0.9756,3.6422,-1.6695,-4.3628,4,INTER
12029,46.98828125,-3.3799,1.0839,3.7521,-3.5605,4,INTER
12030,46.9921875,5.4859,1.6889,-2.3921,1.2986,4,INTER
12031,46.99609375,-0.4799,-0.2156,1.9673,-0.5567,4,INTER
12032,47.0,0.0592,3.4576,-1.5094,-1.8727,4,INTER
12033,47.00390625,-0.5109,-1.5281,-0.9174,-0.3398,4,INTER
12034,47.0078125,-0.441,-0.1022,-0.4024,1.5918,4,INTER
12035,47.01171875,5.4059,1.8793,-1.7276,-0.2655,4,INTER
12036,47.015625,-0.7494,-1.848,3.3031,-0.2811,4,INTER
12037,47.01953125,0.9538,1.7814,-1.6673,1.5695,4,INTER
12038,47.0234375,3.5771,1.7297,2.6744,3.0276,4,INTER
12039,47.02734375,-0.576,-0.859,-1.1571,1.2141,4,INTER
12040,47.03125,-0.1954,1.5822,-0.1157,0.9808,4,INTER
12041,47.03515625,-2.3787,5.1623,-1.7184,2.4745,4,INTER
12042,47.0390625,0.667,5.6237,0.8663,-5.4722,4,INTER
12043,47.04296875,-1.0654,0.0683,2.8607,-1.2819,4,INTER
12044,47.046875,2.773,-1.2032,1.7427,0.952,4,INTER
12045,47.05078125,-3.3833,-2.2782,-1.838,1.7631,4,INTER
12046,47.0546875,1.6082,0.9545,-1.1669,2.0131,4,INTER
12047,47.05859375,3.1495,-3.1755,-1.5626,-0.4468,4,INTER
12048,47.0625,3.4636,3.7854,0.7721,-2.8347,4,INTER
12049,47.06640625,1.3899,0.0861,0.1377,-0.7601,4,INTER
12050,47.0703125,2.9998,2.8098,0.4757,-0.7673,4,INTER
12051,47.07421875,1.9918,-2.0468,1.6032,-4.3463,4,INTER
12052,47.078125,1.718,-0.6263,2.527,0.4846,4,INTER
12053,47.08203125,-0.769,-1.9522,-0.8432,-4.0905,4,INTER
12054,47.0859375,3.1241,0.3607,0.8177,-1.8261,4,INTER
12055,47.08984375,-0.194,-1.0291,4.923,1.0879,4,INTER
12056,47.09375,-2.5883,-2.1083,-0.3581,-0.218,4,INTER
12057,47.09765625,3.4586,-1.146,-5.334,1.9205,4,INTER
12058,47.1015625,-0.5758,4.0191,0.4526,1.6959,4,INTER
12059,47.10546875,-1.9224,-1.278,3.0264,0.9457,4,INTER
12060,47.109375,2.0502,-4.1436,-1.1167,0.0667,4,INTER
12061,47.11328125,0.284,-1.9504,2.7346,1.2488,4,INTER
12062,47.1171875,0.1966,0.5762,-3.9329,-2.4116,4,INTER
12063,47.12109375,1.8914,2.1966,3.1117,-4.4213,4,INTER
12064,47.125,2.0205,-3.8795,-4.0303,1.6617,4,INTER
12065,47.12890625,-1.0165,1.1088,-0.4667,3.4257,4,INTER
12066,47.1328125,1.124,-1.8614,-1.2098,1.8675,4,INTER
12067,47.13671875,0.7697,-5.4385,-3.0698,0.5143,4,INTER
12068,47.140625,1.8418,-3.9739,-1.4146,-1.1862,4,INTER
12069,47.14453125,-2.0517,1.6008,-1.4249,2.7789,4,INTER
12070,47.1484375,-0.4463,-1.0224,2.0012,3.4046,4,INTER
12071,47.15234375,3.7415,0.3481,-2.3925,-5.2155,4,INTER
12072,47.15625,2.8002,0.2795,-1.8996,0.3778,4,INTER
12073,47.16015625,-0.1682,1.5761,1.1128,0.8271,4,INTER
12074,47.1640625,-0.7241,-0.9902,0.6839,3.0185,4,INTER
12075,47.16796875,-0.2729,-2.054,-3.0037,-1.6441,4,INTER
12076,47.171875,-4.6191,1.8659,-2.4982,-2.3843,4,INTER
12077,47.17578125,1.4035,5.414,0.0937,0.5635,4,INTER
12078,47.1796875,2.444,2.1969,0.8906,0.9919,4,INTER
12079,47.18359375,0.6192,-2.3439,0.0851,1.4857,4,INTER
12080,47.1875,-1.5268,2.3751,3.6013,1.7919,4,INTER
12081,47.19140625,-2.6325,0.6529,-0.0421,-1.0904,4,INTER
12082,47.1953125,2.5968,4.1309,1.4326,0.3704,4,INTER
12083,47.19921875,2.1341,5.4427,0.6366,2.8537,4,INTER
12084,47.203125,-3.3446,-1.0592,-0.9167,3.3766,4,INTER
12085,47.20703125,-0.1333,-1.7027,1.1939,-0.9518,4,INTER
12086,47.2109375,2.0124,-2.7327,-0.6411,-0.0497,4,INTER
12087,47.21484375,-0.0616,-0.8464,-2.2324,5.4922,4,INTER
12088,47.21875,-1.1447,-2.1099,-3.7987,-3.9041,4,INTER
12089,47.22265625,-2.2283,1.4087,-2.7376,1.9261,4,INTER
12090,47.2265625,3.6148,3.1117,3.9442,-1.1576,4,INTER
12091,47.23046875,-0.6243,2.9178,-4.4798,-3.7764,4,INTER
12092,47.234375,0.061,2.2472,3.5567,3.8476,4,INTER
12093,47.23828125,-2.2464,-1.6893,-0.2384,-0.505,4,INTER
12094,47.2421875,-0.4091,1.0185,-3.6074,-1.5232,4,INTER
12095,47.24609375,-3.274,-0.0769,-0.6298,-2.4087,4,INTER
12096,47.25,-1.5337,-5.3218,0.1868,0.6618,4,INTER
12097,47.25390625,4.06,1.6601,0.8033,-1.5613,4,INTER
12098,47.2578125,-3.6548,-2.9965,2.3245,0.5048,4,INTER
12099,47.26171875,-0.4492,4.24,3.2682,0.1065,4,INTER
12100,47.265625,-0.5494,-0.332,0.425,1.4155,4,INTER
12101,47.26953125,1.0617,-1.5221,1.4229,2.6207,4,INTER
12102,47.2734375,0.1722,0.3315,0.7597,-0.6786,4,INTER
12103,47.27734375,-2.2923,0.5165,-4.6525,-2.3865,4,INTER
12104,47.28125,-1.5524,-4.9503,1.7041,-0.7835,4,INTER
12105,47.28515625,0.8042,3.5269,1.5268,4.9994,4,INTER
12106,47.2890625,-2.8955,-0.4981,0.6787,2.7152,4,INTER
12107,47.29296875,1.3625,-3.715,-0.4579,-1.1749,4,INTER
12108,47.296875,0.8091,3.8512,2.3789,-0.3985,4,INTER
12109,47.30078125,0.0547,2.8375,-3.2571,1.9009,4,INTER
12110,47.3046875,-1.0761,2.0906,1.2026,-2.9917,4,INTER
12111,47.30859375,-4.8946,2.3422,3.2247,-0.5139,4,INTER
12112,47.3125,3.376,-0.5762,4.1895,1.1787,4,INTER
12113,47.31640625,-1.0908,3.859,-1.9726,-1.184,4,INTER
12114,47.3203125,0.673,-0.4206,3.1427,5.2999,4,INTER
12115,47.32421875,2.9234,1.4837,-2.1586,-2.2619,4,INTER
12116,47.328125,0.7377,-4.415,0.783,-3.4409,4,INTER
12117,47.33203125,-1.8101,-1.5725,-5.7456,-4.1502,4,INTER
12118,47.3359375,5.2727,1.4801,-2.0996,1.725,4,INTER
12119,47.33984375,-0.3504,1.461,2.3767,0.7644,4,INTER
12120,47.34375,2.6146,-3.5068,0.7062,2.992,4,INTER
12121,47.34765625,2.949,1.8506,-1.0418,-1.0269,4,INTER
12122,47.3515625,0.5968,0.7842,-5.5083,-0.209,4,INTER
12123,47.35546875,-0.5271,2.1675,1.5943,2.5951,4,INTER
12124,47.359375,-1.034,-3.7861,-0.1181,3.0938,4,INTER
12125,47.36328125,0.5603,-2.9963,-0.8741,-0.4188,4,INTER
12126,47.3671875,-2.8146,1.7805,2.7384,2.0392,4,INTER
12127,47.37109375,-2.6803,2.8478,2.7544,1.6692,4,INTER
12128,47.375,0.0525,-2.8193,0.9004,2.3039,4,INTER
12129,47.37890625,0.2625,3.9241,0.2006,-0.3373,4,INTER
12130,47.3828125,1.3731,2.164,-0.0142,1.7632,4,INTER
12131,47.38671875,-1.7594,-2.515,1.8357,-2.0382,4,INTER
12132,47.390625,1.1832,0.8201,4.2555,1.8822,4,INTER
12133,47.39453125,-0.5284,2.8098,2.2656,-1.7274,4,INTER
12134,47.3984375,-1.5798,-2.7383,-0.2978,-1.7511,4,INTER
12135,47.40234375,-4.2622,-0.5805,-0.5419,-1.593,4,INTER
12136,47.40625,-1.2988,-1.8713,3.6767,0.4828,4,INTER
12137,47.41015625,6.4598,-1.6803,-2.2589,0.7031,4,INTER
12138,47.4140625,-4.0929,1.2484,0.1286,-3.6108,4,INTER
12139,47.41796875,-0.6147,-0.7346,-3.6553,-2.0889,4,INTER
12140,47.421875,-3.4414,-1.8208,-3.2113,1.2383,4,INTER
12141,47.42578125,-0.443,1.1081,6.1936,-1.7876,4,INTER
12142,47.4296875,-1.59,-0.6017,1.1637,-0.0507,4,INTER
12143,47.43359375,-3.7661,-0.4751,-4.4804,0.8475,4,INTER
12144,47.4375,2.3599,-0.3549,3.7612,-4.0712,4,INTER
12145,47.44140625,-1.2586,3.7304,-1.5604,2.2339,4,INTER
12146,47.4453125,2.5184,-2.1415,-0.2223,-0.9026,4,INTER
12147,47.44921875,0.5706,0.8626,1.9619,-2.2674,4,INTER
12148,47.453125,0.5011,-0.3926,4.1171,-0.8067,4,INTER
12149,47.45703125,2.6842,0.0319,-1.5044,-0.1916,4,INTER
12150,47.4609375,-2.7242,1.8666,1.2715,-1.3062,4,INTER
12151,47.46484375,2.3986,1.6926,-0.1064,-1.785,4,INTER
12152,47.46875,-0.188,2.4703,-2.074,-1.2316,4,INTER
12153,47.47265625,3.8397,-1.5262,-1.236,-0.297,4,INTER
12154,47.4765625,0.4454,1.3992,1.8886,-6.1052,4,INTER
12155,47.48046875,-2.1778,0.2127,2.098,-0.6215,4,INTER
12156,47.484375,-0.268,5.5074,-0.9376,2.9414,4,INTER
12157,47.48828125,-0.7227,0.054,4.154,-0.421,4,INTER
12158,47.4921875,-1.4957,-1.4264,-0.67,4.4576,4,INTER
12159,47.49609375,-3.0384,-0.4605,-1.6877,1.642,4,INTER
12160,47.5,-0.7699,0.4723,0.1807,-3.1118,4,INTER
12161,47.50390625,2.7946,3.6587,-2.8302,1.4337,4,INTER
12162,47.5078125,1.6496,0.7531,2.6054,-2.8577,4,INTER
12163,47.51171875,-2.6258,0.9655,-0.0358,2.639,4,INTER
12164,47.515625,1.6394,-3.2334,-0.7435,-2.2497,4,INTER
12165,47.51953125,1.4376,-1.6554,-1.3636,-1.7277,4,INTER
12166,47.5234375,-0.8074,1.223,-1.4739,-0.51,4,INTER
12167,47.52734375,0.7819,-2.0722,-1.697,5.4732,4,INTER
12168,47.53125,-1.1996,0.4939,0.936,1.48,4,INTER
12169,47.53515625,-3.803,-0.2891,-0.0003,0.8071,4,INTER
12170,47.5390625,-1.3553,0.7548,0.2337,1.3854,4,INTER
12171,47.54296875,-5.9722,3.8763,-0.1193,3.1445,4,INTER
12172,47.546875,-2.6091,1.2308,-3.7988,-4.5637,4,INTER
12173,47.55078125,0.3064,0.1022,-4.1974,-2.3934,4,INTER
12174,47.5546875,3.5626,3.0246,4.4467,-4.7892,4,INTER
12175,47.55859375,-2.939,2.4758,-1.8719,-0.0883,4,INTER
12176,47.5625,-1.1594,0.219,-0.9852,2.8183,4,INTER
12177,47.56640625,0.2993,1.8508,2.5104,-1.4994,4,INTER
12178,47.5703125,-1.4701,-0.5083,1.8349,1.4032,4,INTER
12179,47.57421875,-0.8781,-1.6683,0.3543,-3.6299,4,INTER
12180,47.578125,3.4617,-4.4173,0.7125,1.4438,4,INTER
12181,47.58203125,-0.6583,-0.2904,0.3742,3.1631,4,INTER
12182,47.5859375,-1.2869,-1.1815,-1.0397,1.4581,4,INTER
12183,47.58984375,-0.46,4.8898,0.8057,-2.8297,4,INTER
12184,47.59375,0.0174,4.4888,-0.368,2.9708,4,INTER
12185,47.59765625,0.6918,0.9812,2.1247,-2.4155,4,INTER
12186,47.6015625,-0.6106,-1.9692,-1.935,-2.1618,4,INTER
12187,47.60546875,-0.4083,4.7659,-1.3167,-4.8325,4,INTER
12188,47.609375,2.0773,-2.628,-0.0723,-2.1041,4,INTER
12189,47.61328125,-1.505,1.0969,3.9685,1.7135,4,INTER
12190,47.6171875,-0.021,-5.3458,-0.6729,-0.6271,4,INTER
12191,47.62109375,-1.2142,0.8664,2.3192,-0.4918,4,INTER
12192,47.625,-0.381,1.428,-0.6629,0.9405,4,INTER
12193,47.62890625,-3.4464,-0.2207,0.7177,2.0228,4,INTER
12194,47.6328125,1.8453,-0.8981,-0.8193,2.7659,4,INTER
12195,47.63671875,1.3017,1.0359,2.0176,1.9273,4,INTER
12196,47.640625,-0.0186,1.4658,-0.686,1.257,4,INTER
12197,47.64453125,1.7159,-0.6048,2.0428,-3.0879,4,INTER
12198,47.6484375,2.8597,-0.2985,-3.0506,-1.3482,4,INTER
12199,47.65234375,1.2695,0.0689,-0.0811,0.3427,4,INTER
12200,47.65625,1.7005,1.6362,2.0791,1.0037,4,INTER
12201,47.66015625,-1.0934,-2.987,3.5015,0.8196,4,INTER
12202,47.6640625,3.0753,1.6389,-0.8158,-1.8316,4,INTER
12203,47.66796875,-0.4493,2.1875,-0.1953,-3.7583,4,INTER
12204,47.671875,1.2351,-4.1422,2.6541,1.0797,4,INTER
12205,47.67578125,3.0136,-2.3704,1.0295,-2.1838,4,INTER
12206,47.6796875,-0.2165,-1.2651,-3.0192,3.9131,4,INTER
12207,47.68359375,-1.8232,-3.015,7.911,-3.6337,4,INTER
12208,47.6875,1.8902,1.9908,2.1053,0.2098,4,INTER
12209,47.69140625,1.2877,-0.2937,0.6528,-3.6769,4,INTER
12210,47.6953125,1.7257,-2.3369,-0.3091,2.0823,4,INTER
12211,47.69921875,-0.8266,2.7487,-0.8275,-0.218,4,INTER
12212,47.703125,4.3327,0.3027,-1.2325,0.4772,4,INTER
12213,47.70703125,0.1326,3.6232,-0.9092,-1.5017,4,INTER
12214,47.7109375,-3.1501,0.1185,-3.7434,-2.1786,4,INTER
12215,47.71484375,1.4505,-0.0608,-2.0786,-1.8472,4,INTER
12216,47.71875,1.1722,-1.2505,2.7156,-0.0705,4,INTER
12217,47.72265625,2.2524,-0.2764,0.7995,0.2193,4,INTER
12218,47.7265625,-1.7399,-0.0669,1.2145,2.9505,4,INTER
12219,47.73046875,0.0015,1.6393,-0.9526,-0.3982,4,INTER
12220,47.734375,-0.4374,-1.6022,0.782,-1.3631,4,INTER
12221,47.73828125,-2.6234,-1.5341,1.6412,3.4257,4,INTER
12222,47.7421875,0.6023,-1.5963,1.4905,0.2413,4,INTER
12223,47.74609375,0.638,-2.2816,-0.1043,-0.1625,4,INTER
12224,47.75,-5.0746,-1.0816,-2.1736,-3.7759,4,INTER
12225,47.75390625,1.8551,-1.5623,-5.9569,4.6247,4,INTER
12226,47.7578125,1.0289,-1.9797,5.6942,1.3907,4,INTER
12227,47.76171875,1.284,-1.1388,-0.5386,1.9648,4,INTER
12228,47.765625,1.9997,-1.891,0.8766,3.1585,4,INTER
12229,47.76953125,-2.9131,-2.0198,-0.1917,1.478,4,INTER
12230,47.7734375,0.9025,-0.1023,3.4898,-3.4685,4,INTER
12231,47.77734375,4.2637,-1.2953,0.7682,-4.1605,4,INTER
12232,47.78125,-3.6782,-0.6685,5.1447,8.3122,4,INTER
12233,47.78515625,1.078,-3.3439,-7.2852,-1.0702,4,INTER
12234,47.7890625,2.5213,0.1003,-1.1616,4.6737,4,INTER
12235,47.79296875,-3.7602,1.924,-1.0913,1.2994,4,INTER
12236,47.796875,0.5472,1.3936,-3.1935,-2.9242,4,INTER
12237,47.80078125,2.4125,-3.876,-2.7559,4.3139,4,INTER
12238,47.8046875,-4.9328,-2.411,-2.8708,-0.3673,4,INTER
12239,47.80859375,0.876,-0.8378,1.8433,-2.5988,4,INTER
12240,47.8125,0.631,-2.0231,-0.5488,-1.5307,4,INTER
12241,47.81640625,-0.6935,0.0122,1.0319,-2.7775,4,INTER
12242,47.8203125,1.1505,1.4337,-1.8362,-1.6502,4,INTER
12243,47.82421875,1.8504,-1.3913,3.6189,-1.2638,4,INTER
12244,47.828125,-0.0013,1.2978,0.607,0.084,4,INTER
12245,47.83203125,1.7399,-3.1985,1.9007,0.6886,4,INTER
12246,47.8359375,-1.1777,-0.9649,-1.6417,-0.2864,4,INTER
12247,47.83984375,2.6933,0.836,-0.0932,-5.7644,4,INTER
12248,47.84375,-2.9876,2.0895,0.5966,3.8145,4,INTER
12249,47.84765625,-0.8541,1.0937,-0.1092,-1.4457,4,INTER
12250,47.8515625,2.1085,-4.1758,3.6469,1.196,4,INTER
12251,47.85546875,4.8982,-3.2597,-1.6579,-0.999,4,INTER
12252,47.859375,3.198,0.2479,2.7022,-0.6332,4,INTER
12253,47.86328125,-3.4932,-0.5369,2.4494,0.911,4,INTER
12254,47.8671875,2.7517,5.6381,-2.1124,3.8689,4,INTER
12255,47.87109375,-1.0052,-2.6232,0.0419,-3.9211,4,INTER
12256,47.875,1.3462,0.7452,3.0854,-2.5201,4,INTER
12257,47.87890625,-3.4447,0.276,-0.0513,-2.9469,4,INTER
12258,47.8828125,-1.9778,-0.8262,-1.046,-2.0252,4,INTER
12259,47.88671875,3.0644,1.8428,-3.722,1.5761,4,INTER
12260,47.890625,3.7352,2.0773,1.8151,-1.6079,4,INTER
12261,47.89453125,-0.817,3.8299,-1.0734,1.174,4,INTER
12262,47.8984375,0.6079,-3.0137,-0.9523,-2.0349,4,INTER
12263,47.90234375,4.2159,-0.2652,-1.8346,-1.8756,4,INTER
12264,47.90625,-0.0842,-0.4601,-4.1041,-1.1547,4,INTER
12265,47.91015625,0.2957,-2.7929,-1.7358,1.3006,4,INTER
12266,47.9140625,-1.3937,-3.8218,-2.8322,-3.4447,4,INTER
12267,47.91796875,4.8226,-0.842,4.7959,-1.4092,4,INTER
12268,47.921875,0.2533,2.762,2.8755,-2.1112,4,INTER
12269,47.92578125,-1.9642,-5.2317,-1.5949,0.5094,4,INTER
12270,47.9296875,-0.4164,-0.2759,-2.1284,-1.63,4,INTER
12271,47.93359375,1.7551,-0.4338,-1.3079,-1.0277,4,INTER
12272,47.9375,5.6587,0.8039,-1.8841,0.6575,4,INTER
12273,47.94140625,-1.8347,-1.1741,-2.8341,-0.7352,4,INTER
12274,47.9453125,-3.8522,2.5963,-0.0881,-4.2503,4,INTER
12275,47.94921875,-1.2636,-1.3529,-1.163,1.506,4,INTER
12276,47.953125,-1.25,-0.269,-0.7784,-1.6465,4,INTER
12277,47.95703125,3.6215,3.6825,0.2898,0.6892,4,INTER
12278,47.9609375,-1.1847,-0.6161,5.1746,-4.3293,4,INTER
12279,47.96484375,3.238,-0.1588,6.7045,-1.423,4,INTER
12280,47.96875,3.9861,1.2737,0.4619,2.2167,4,INTER
12281,47.97265625,2.2998,1.5245,-1.5645,3.3393,4,INTER
12282,47.9765625,-2.0351,-5.1071,0.197,-4.2442,4,INTER
12283,47.98046875,1.9095,2.1633,-0.0516,-1.8741,4,INTER
12284,47.984375,-5.4848,1.8002,-1.8659,0.7056,4,INTER
12285,47.98828125,1.1833,-0.149,1.2323,1.281,4,INTER
12286,47.9921875,-1.6571,-1.6219,0.0588,4.5481,4,INTER
12287,47.99609375,-2.1706,-3.4745,2.3927,-5.0461,4,INTER
12288,48.0,1.8912,2.7018,-1.2649,-3.0067,4,INTER
12289,48.00390625,2.7229,-1.792,2.7706,2.9809,4,INTER
12290,48.0078125,2.5856,1.7927,0.5271,-0.3231,4,INTER
12291,48.01171875,0.9219,4.8558,-0.7355,3.2943,4,INTER
12292,48.015625,1.5669,-3.784,0.8787,-1.9884,4,INTER
12293,48.01953125,4.4209,-1.9121,-5.1846,-2.4813,4,INTER
12294,48.0234375,-0.6197,-0.7046,-0.5537,-3.5789,4,INTER
12295,48.02734375,3.0686,-3.5425,0.6609,-2.116,4,INTER
12296,48.03125,-0.404,1.3041,1.2861,-0.7392,4,INTER
12297,48.03515625,-0.7756,0.6616,0.4094,-3.4495,4,INTER
12298,48.0390625,-4.9454,3.813,-0.383,2.4713,4,INTER
12299,48.04296875,-1.1658,2.4295,0.8563,1.2055,4,INTER
12300,48.046875,0.7169,-0.6592,0.5515,1.2377,4,INTER
12301,48.05078125,-2.8686,1.8325,-1.5354,0.8959,4,INTER
12302,48.0546875,-2.5892,-1.9012,-3.742,-2.9993,4,INTER
12303,48.05859375,-2.9038,1.7297,-2.4042,2.4954,4,INTER
12304,48.0625,0.1122,1.1694,0.4331,0.4647,4,INTER
12305,48.06640625,1.274,-3.5253,-0.4444,-2.5978,4,INTER
12306,48.0703125,2.0911,-0.1349,-1.3403,-1.7094,4,INTER
12307,48.07421875,1.5833,-0.4635,-0.7102,2.4135,4,INTER
12308,48.078125,1.265,5.563,0.3155,5.3792,4,INTER
12309,48.08203125,2.1582,3.1983,-1.2625,-2.0452,4,INTER
12310,48.0859375,0.7314,-1.0849,-2.9704,-0.5857,4,INTER
12311,48.08984375,3.2957,1.7966,-1.4104,3.5736,4,INTER
12312,48.09375,3.8552,-3.1547,0.7695,-0.174,4,INTER
12313,48.09765625,3.7405,0.376,2.4233,-1.7138,4,INTER
12314,48.1015625,-0.285,1.7469,2.3979,-0.1776,4,INTER
12315,48.10546875,0.0074,-4.4295,1.3785,3.0643,4,INTER
12316,48.109375,-1.1357,-2.0864,-3.8029,-1.4854,4,INTER
12317,48.11328125,-3.1009,-3.4291,-0.8469,-0.6416,4,INTER
12318,48.1171875,-4.6173,0.8197,0.9936,-0.7782,4,INTER
12319,48.12109375,-1.6775,-1.4738,0.0877,-0.056,4,INTER
12320,48.125,-2.4674,-4.4186,-0.2756,5.1468,4,INTER
12321,48.12890625,3.9067,-3.9522,-1.3791,1.1437,4,INTER
12322,48.1328125,-0.899,-1.9784,0.1274,-0.8932,4,INTER
12323,48.13671875,-0.0148,4.2653,1.4387,-0.0869,4,INTER
12324,48.140625,-2.4026,-2.1319,0.8278,-0.7009,4,INTER
12325,48.14453125,0.4868,-1.4539,0.3551,4.3213,4,INTER
12326,48.1484375,-4.1273,2.5317,0.1316,0.3588,4,INTER
12327,48.15234375,-1.624,3.4816,2.0339,-2.1058,4,INTER
12328,48.15625,5.7294,-0.2859,2.9544,-3.9628,4,INTER
12329,48.16015625,0.8729,3.9753,1.4061,-1.7578,4,INTER
12330,48.1640625,-0.0819,3.6656,0.3471,1.7538,4,INTER
12331,48.16796875,-3.415,-3.6899,-2.5606,-0.649,4,INTER
12332,48.171875,6.0079,0.5202,-0.9158,-2.2475,4,INTER
12333,48.17578125,-1.5885,0.5585,0.841,1.1169,4,INTER
12334,48.1796875,0.9518,0.8261,0.1119,-1.0117,4,INTER
12335,48.18359375,2.3802,-0.9849,-1.1184,2.2019,4,INTER
12336,48.1875,-1.2559,0.3764,3.7536,1.7783,4,INTER
12337,48.19140625,-0.0103,-2.2393,0.2185,1.8111,4,INTER
12338,48.1953125,-0.6253,2.1591,0.616,0.2668,4,INTER
12339,48.19921875,1.3851,0.5619,0.3905,-0.1252,4,INTER
12340,48.203125,-2.8586,-1.0695,-1.0706,0.0674,4,INTER
12341,48.20703125,-2.3232,1.1635,-0.3422,0.4271,4,INTER
12342,48.2109375,-0.6944,2.6488,-0.5392,-2.0353,4,INTER
12343,48.21484375,0.2071,-3.7363,0.5604,2.0728,4,INTER
12344,48.21875,-1.0732,2.7575,1.8592,-4.0525,4,INTER
12345,48.22265625,-0.35,3.6232,3.963,-0.4853,4,INTER
12346,48.2265625,-0.5724,-0.0656,5.2885,-1.7431,4,INTER
12347,48.23046875,-0.8623,3.0865,0.3782,1.9879,4,INTER
12348,48.234375,-0.5723,-2.516,1.5759,2.9779,4,INTER
12349,48.23828125,-2.8454,0.8175,0.0306,-1.6556,4,INTER
12350,48.2421875,3.4115,3.6981,3.6502,2.8541,4,INTER
12351,48.24609375,1.4272,-1.0162,0.9206,2.4356,4,INTER
12352,48.25,-0.5258,-2.3779,-3.5112,1.7111,4,INTER
12353,48.25390625,-0.7935,2.7712,-1.5868,0.1339,4,INTER
12354,48.2578125,-0.7212,1.7957,-0.8454,4.9946,4,INTER
12355,48.26171875,0.3565,-2.9514,-0.742,2.0341,4,INTER
12356,48.265625,-1.5971,-3.2538,2.9765,2.0206,4,INTER
12357,48.26953125,0.2487,0.8018,-0.7709,-2.2969,4,INTER
12358,48.2734375,-0.7611,2.3126,-1.7677,4.6948,4,INTER
12359,48.27734375,-2.8394,3.4244,4.0971,0.1275,4,INTER
12360,48.28125,2.5738,0.668,0.5457,3.4466,4,INTER
12361,48.28515625,1.0944,2.2587,0.6495,2.009,4,INTER
12362,48.2890625,0.1073,2.8577,-0.0491,1.4487,4,INTER
12363,48.29296875,1.3328,-3.4527,1.9659,-0.4962,4,INTER
12364,48.296875,2.8455,2.9773,-0.4538,-0.96,4,INTER
12365,48.30078125,-0.7651,-0.7776,-1.0894,-2.5162,4,INTER
12366,48.3046875,1.2404,-1.9112,-5.4635,3.8809,4,INTER
12367,48.30859375,1.49,-0.2261,-2.8306,-1.8838,4,INTER
12368,48.3125,2.0108,-3.653,-0.9671,-0.5048,4,INTER
12369,48.31640625,0.7743,-0.6212,0.2261,0.3565,4,INTER
12370,48.3203125,0.1493,0.2777,-3.0043,1.296,4,INTER
12371,48.32421875,2.8916,-1.5552,6.0388,7.1958,4,INTER
12372,48.328125,-0.1834,-1.6645,0.2162,-0.7437,4,INTER
12373,48.33203125,2.9262,-5.4991,-4.6587,-0.0156,4,INTER
12374,48.3359375,1.2925,0.229,2.0246,-1.248,4,INTER
12375,48.33984375,-0.0668,-1.9685,2.3689,0.3375,4,INTER
12376,48.34375,-1.7032,1.2399,-3.1716,-0.7149,4,INTER
12377,48.34765625,1.7965,-1.4137,2.976,-0.3741,4,INTER
12378,48.3515625,-0.6497,-3.6539,-0.4851,-0.2238,4,INTER
12379,48.35546875,-5.2578,2.0705,1.9412,-2.1512,4,INTER
12380,48.359375,-1.2189,2.4749,-1.6092,1.802,4,INTER
12381,48.36328125,-1.2663,1.8985,-1.3999,-2.1945,4,INTER
12382,48.3671875,0.9536,1.1672,4.9819,0.2213,4,INTER
12383,48.37109375,-2.3541,1.721,2.365,1.8888,4,INTER
12384,48.375,2.6034,-4.7265,3.0854,4.3148,4,INTER
12385,48.37890625,0.4203,-0.6369,-1.6772,1.5525,4,INTER
12386,48.3828125,2.6767,-1.0948,5.1233,-0.4853,4,INTER
12387,48.38671875,-1.5101,2.9203,1.4612,-2.0849,4,INTER
12388,48.390625,0.3027,2.4869,-1.5653,-1.1508,4,INTER
12389,48.39453125,-1.6397,-0.9059,5.1158,0.8085,4,INTER
12390,48.3984375,0.4413,-2.1467,-4.7747,-0.2115,4,INTER
12391,48.40234375,-3.5251,2.7001,-0.6566,-2.6848,4,INTER
12392,48.40625,1.6898,0.6174,0.6382,2.0316,4,INTER
12393,48.41015625,1.001,1.8749,-3.577,0.3598,4,INTER
12394,48.4140625,-4.6117,-0.0729,-3.599,-0.0042,4,INTER
12395,48.41796875,0.9563,0.8466,2.4243,1.9161,4,INTER
12396,48.421875,3.2627,1.3471,-1.1528,-3.6248,4,INTER
12397,48.42578125,1.6161,2.5463,-0.3604,2.866,4,INTER
12398,48.4296875,-2.6142,-3.2007,0.7021,-0.5751,4,INTER
12399,48.43359375,-2.0381,3.144,-0.6441,-0.4368,4,INTER
12400,48.4375,-1.5258,2.8747,-0.8038,2.9067,4,INTER
12401,48.44140625,-0.0866,2.8997,-4.7609,-2.6214,4,INTER
12402,48.4453125,1.2844,2.2328,-0.5729,-1.0719,4,INTER
12403,48.44921875,2.0493,3.0815,-0.3923,1.0539,4,INTER
12404,48.453125,1.4711,-3.2947,-3.1832,-0.2387,4,INTER
12405,48.45703125,2.6909,-4.7147,3.2251,3.3848,4,INTER
12406,48.4609375,-1.3983,-1.9779,-1.2723,1.9441,4,INTER
12407,48.46484375,-1.4587,0.5311,-2.8715,2.3231,4,INTER
12408,48.46875,1.4558,2.7347,-0.712,0.7654,4,INTER
12409,48.47265625,-0.6232,-2.7959,-3.6742,-1.3885,4,INTER
12410,48.4765625,0.6952,-2.2504,1.5334,1.0586,4,INTER
12411,48.48046875,-0.1162,1.7874,-3.3269,2.0288,4,INTER
12412,48.484375,-1.0928,-2.0546,-0.7964,-1.4705,4,INTER
12413,48.48828125,2.8878,3.5499,-0.3001,2.6938,4,INTER
12414,48.4921875,1.4212,-1.0793,1.0916,4.4388,4,INTER
12415,48.49609375,2.814,3.818,1.297,0.0849,4,INTER
12416,48.5,5.1008,2.7249,-1.8961,-2.0184,4,INTER
12417,48.50390625,-0.6199,0.1465,-0.8827,-1.2327,4,INTER
12418,48.5078125,1.068,-2.4064,-2.2869,3.866,4,INTER
12419,48.51171875,0.8329,0.9048,-0.1316,0.7819,4,INTER
12420,48.515625,3.3171,-1.4693,-1.6074,-3.6793,4,INTER
12421,48.51953125,4.3064,-1.3112,1.7437,-4.0852,4,INTER
12422,48.5234375,4.1581,-3.599,0.4884,2.3234,4,INTER
12423,48.52734375,-0.6911,2.2388,0.6568,3.4806,4,INTER
12424,48.53125,-2.5683,-1.1398,3.3854,1.4986,4,INTER
12425,48.53515625,0.6667,3.0116,3.9597,-1.2723,4,INTER
12426,48.5390625,3.7807,-2.6085,3.2783,1.1308,4,INTER
12427,48.54296875,5.0019,-1.0388,0.9642,0.8774,4,INTER
12428,48.546875,0.1032,-1.6416,1.7304,-3.0823,4,INTER
12429,48.55078125,-0.0868,-1.5734,4.7917,0.2319,4,INTER
12430,48.5546875,-0.3465,-1.1497,-1.0776,6.6041,4,INTER
12431,48.55859375,-0.2478,0.5015,0.4688,-0.8253,4,INTER
12432,48.5625,0.2,-1.1348,-1.4024,3.3847,4,INTER
12433,48.56640625,1.9085,-2.3796,0.1147,-5.1829,4,INTER
12434,48.5703125,-0.795,-1.8055,0.9058,-4.5432,4,INTER
12435,48.57421875,0.3691,-2.1909,-1.9864,-4.4828,4,INTER
12436,48.578125,1.2721,-2.7264,-0.294,1.4445,4,INTER
12437,48.58203125,1.8742,-0.9353,1.4068,-1.8547,4,INTER
12438,48.5859375,0.8247,2.7119,-2.2066,1.7153,4,INTER
12439,48.58984375,-1.1587,-2.2805,-0.8153,-0.5693,4,INTER
12440,48.59375,0.1177,1.2309,-0.9442,-3.0284,4,INTER
12441,48.59765625,-1.526,2.5928,-3.6909,-0.7853,4,INTER
12442,48.6015625,3.6496,2.5356,-0.4788,3.0678,4,INTER
12443,48.60546875,-0.047,-4.5551,4.2244,5.5792,4,INTER
12444,48.609375,-0.732,-2.4005,1.8109,2.15,4,INTER
12445,48.61328125,-0.9461,3.0724,1.1871,2.288,4,INTER
12446,48.6171875,3.5478,-3.3803,-3.7107,-0.1968,4,INTER
12447,48.62109375,0.117,0.7476,6.4405,1.6814,4,INTER
12448,48.625,-0.0002,0.6532,2.1267,-2.8917,4,INTER
12449,48.62890625,-0.7307,1.7922,-0.8268,-2.1111,4,INTER
12450,48.6328125,-1.6451,0.6958,1.3819,-1.0086,4,INTER
12451,48.63671875,0.7945,-5.5874,5.4856,-2.3566,4,INTER
12452,48.640625,-0.6518,2.703,2.593,0.4097,4,INTER
12453,48.64453125,1.9692,-1.9119,-1.6712,-0.3884,4,INTER
12454,48.6484375,-0.3354,2.3094,-4.3246,3.3725,4,INTER
12455,48.65234375,1.2062,2.5534,1.1735,-3.3175,4,INTER
12456,48.65625,-4.2418,1.1574,0.2329,-1.0296,4,INTER
12457,48.66015625,-0.9476,5.4586,3.0444,3.2368,4,INTER
12458,48.6640625,1.2409,0.3028,-1.5546,0.1857,4,INTER
12459,48.66796875,-0.4809,0.6898,-1.8416,-1.6404,4,INTER
12460,48.671875,-0.7465,-1.4872,1.1722,0.3564,4,INTER
12461,48.67578125,-5.256,-0.3218,-1.1781,-0.985,4,INTER
12462,48.6796875,3.6988,0.1924,0.8684,-0.8353,4,INTER
12463,48.68359375,1.6422,-3.5234,-0.0337,-0.2078,4,INTER
12464,48.6875,-3.1627,2.735,-3.0025,2.9552,4,INTER
12465,48.69140625,2.1118,-0.0265,1.5841,-2.3289,4,INTER
12466,48.6953125,-0.4632,-3.4864,-0.102,0.1651,4,INTER
12467,48.69921875,0.4681,-2.1309,-5.6171,-0.9026,4,INTER
12468,48.703125,-0.8371,1.3488,1.0553,-0.6912,4,INTER
12469,48.70703125,-1.3149,0.0764,-0.126,2.5552,4,INTER
12470,48.7109375,-4.4811,0.7684,-1.8206,-1.0241,4,INTER
12471,48.71484375,1.1551,0.7642,-3.9244,-0.8824,4,INTER
12472,48.71875,-1.937,0.7902,-2.404,0.5829,4,INTER
12473,48.72265625,-0.4818,-0.5848,-0.3452,-3.4671,4,INTER
12474,48.7265625,-4.0599,-4.6279,-1.0453,-0.6472,4,INTER
12475,48.73046875,-3.0345,-1.8891,0.0625,0.4798,4,INTER
12476,48.734375,2.754,0.5641,-0.2761,5.4815,4,INTER
12477,48.73828125,-4.0558,3.9492,3.5818,-2.8496,4,INTER
12478,48.7421875,4.4338,-2.0443,-3.3002,-0.2433,4,INTER
12479,48.74609375,1.6833,-0.5012,-2.8631,-3.7527,4,INTER
12480,48.75,0.5321,-5.3177,0.2594,-1.5001,4,INTER
12481,48.75390625,-2.7416,-0.0619,4.0159,-2.9772,4,INTER
12482,48.7578125,-1.3506,-2.4187,3.0154,5.9948,4,INTER
12483,48.76171875,-3.2162,0.1645,2.4123,0.1247,4,INTER
12484,48.765625,3.3737,-3.541,0.8416,2.8592,4,INTER
12485,48.76953125,2.9216,0.4097,3.696,1.7728,4,INTER
12486,48.7734375,2.7719,-1.5184,3.7181,-0.7479,4,INTER
12487,48.77734375,-0.345,-2.6247,-1.299,0.3409,4,INTER
12488,48.78125,2.7973,-2.8091,-2.1021,-1.3235,4,INTER
12489,48.78515625,2.1036,-2.8076,2.9479,-2.4014,4,INTER
12490,48.7890625,-2.5791,-2.0458,-1.7358,-3.9121,4,INTER
12491,48.79296875,-2.3471,-1.5448,1.7772,2.6261,4,INTER
12492,48.796875,2.9263,-2.2921,1.6098,0.6357,4,INTER
12493,48.80078125,3.3916,0.82,0.7093,0.3479,4,INTER
12494,48.8046875,-3.3246,2.716,-2.0985,-1.8083,4,INTER
12495,48.80859375,1.1302,0.5453,-0.0777,0.7576,4,INTER
12496,48.8125,-1.5372,2.9539,-3.857,0.807,4,INTER
12497,48.81640625,0.5209,-0.3033,-0.3557,-1.0171,4,INTER
12498,48.8203125,1.2342,-1.0415,0.5673,2.5043,4,INTER
12499,48.82421875,-1.6756,0.0504,-0.8921,2.9573,4,INTER
12500,48.828125,-1.4391,-2.2302,-1.3491,-1.7411,4,INTER
12501,48.83203125,2.5859,0.7885,-4.4783,-2.3974,4,INTER
12502,48.8359375,1.6499,-0.6368,0.6131,3.9672,4,INTER
12503,48.83984375,1.2401,1.9848,-0.3954,-2.7021,4,INTER
12504,48.84375,2.1235,0.2827,-2.7823,-4.6947,4,INTER
12505,48.84765625,-3.9769,-0.4482,-3.8821,-1.9751,4,INTER
12506,48.8515625,-3.208,-2.6532,-3.2678,-3.2652,4,INTER
12507,48.85546875,2.28,-0.2924,-0.3547,1.0218,4,INTER
12508,48.859375,1.3229,-0.7585,3.7573,1.5506,4,INTER
12509,48.86328125,-1.4603,-0.682,3.1549,3.8531,4,INTER
12510,48.8671875,0.3289,-0.0947,-2.6311,1.7052,4,INTER
12511,48.87109375,-1.669,1.5086,4.8243,0.3728,4,INTER
12512,48.875,2.3696,1.5352,-0.213,-1.6971,4,INTER
12513,48.87890625,0.4553,1.7227,2.5846,-0.0048,4,INTER
12514,48.8828125,-1.6307,-3.3144,-1.23,0.3633,4,INTER
12515,48.88671875,0.1128,-0.4023,-1.751,-0.6044,4,INTER
12516,48.890625,-0.95,4.4457,3.0759,4.9461,4,INTER
12517,48.89453125,0.3098,-1.0013,0.9535,0.3882,4,INTER
12518,48.8984375,0.0368,-0.6817,-5.64,3.5418,4,INTER
12519,48.90234375,2.0653,5.5105,0.9432,0.8694,4,INTER
12520,48.90625,2.1579,0.9424,2.6662,1.5577,4,INTER
12521,48.91015625,0.5904,-1.1057,0.067,5.2321,4,INTER
12522,48.9140625,1.6871,-1.8295,3.7599,-2.9708,4,INTER
12523,48.91796875,1.8558,0.5673,-1.1551,-3.503,4,INTER
12524,48.921875,4.6369,5.7276,-1.9786,-1.8981,4,INTER
12525,48.92578125,4.8955,-0.5757,1.7111,1.5028,4,INTER
12526,48.9296875,-2.584,-0.3804,0.581,0.981,4,INTER
12527,48.93359375,-1.3778,0.6576,-1.6754,-1.0299,4,INTER
12528,48.9375,1.2595,1.8906,2.0521,-5.1806,4,INTER
12529,48.94140625,-3.1928,-0.9692,3.9777,-0.272,4,INTER
12530,48.9453125,-0.9666,-0.583,4.2302,3.9299,4,INTER
12531,48.94921875,-0.3476,0.7191,1.8435,-3.7624,4,INTER
12532,48.953125,-2.7549,0.6244,-2.2886,0.9743,4,INTER
12533,48.95703125,0.5106,2.1828,3.416,3.5776,4,INTER
12534,48.9609375,-1.6127,-4.0926,1.2324,-3.4586,4,INTER
12535,48.96484375,0.1021,-1.5286,-5.1371,-0.98,4,INTER
12536,48.96875,2.5658,-3.0247,1.1215,0.3206,4,INTER
12537,48.97265625,-2.6082,1.9504,-1.1155,0.5982,4,INTER
12538,48.9765625,1.2798,0.8076,3.3497,2.42,4,INTER
12539,48.98046875,-3.0347,0.3609,0.5153,-3.4208,4,INTER
12540,48.984375,-3.64,-5.1039,-0.8543,-0.2488,4,INTER
12541,48.98828125,1.0457,0.9011,-5.6427,-0.0384,4,INTER
12542,48.9921875,-3.6134,-1.3789,-4.2842,-3.4167,4,INTER
12543,48.99609375,-2.7501,-2.1895,5.2671,0.1192,4,INTER
12544,49.0,6.5214,1.5171,-0.3723,0.6971,4,INTER
12545,49.00390625,-1.2138,5.8092,-6.4394,0.3902,4,INTER
12546,49.0078125,0.0601,-2.7279,-1.3717,0.9762,4,INTER
12547,49.01171875,2.2903,-0.5736,3.6892,-3.1475,4,INTER
12548,49.015625,-2.5324,0.2659,0.3109,1.5788,4,INTER
12549,49.01953125,0.7368,4.682,0.0286,-0.4791,4,INTER
12550,49.0234375,-2.5912,2.3625,2.4273,-1.3688,4,INTER
12551,49.02734375,-2.5364,1.7665,1.3703,-0.878,4,INTER
12552,49.03125,-4.443,2.5713,-0.0625,0.7558,4,INTER
12553,49.03515625,-2.7273,-4.01,-2.6648,0.8078,4,INTER
12554,49.0390625,-0.0734,-3.1795,-2.8802,2.0267,4,INTER
12555,49.04296875,1.801,-2.0434,1.0263,1.1752,4,INTER
12556,49.046875,-1.7721,2.4844,0.331,3.6234,4,INTER
12557,49.05078125,-2.7843,2.5212,0.4554,0.0664,4,INTER
12558,49.0546875,0.3684,2.5003,-1.7502,-0.3255,4,INTER
12559,49.05859375,-3.4095,-2.4983,2.218,-2.7987,4,INTER
12560,49.0625,1.6187,1.3697,-2.1246,-1.8171,4,INTER
12561,49.06640625,-0.0712,1.8947,-2.8273,-1.3766,4,INTER
12562,49.0703125,0.5462,2.3383,4.1572,-3.3367,4,INTER
12563,49.07421875,2.0373,-1.1977,1.8638,-0.0851,4,INTER
12564,49.078125,1.8893,-0.5717,0.8253,-1.0295,4,INTER
12565,49.08203125,-3.9393,0.3503,-0.7366,-4.1574,4,INTER
12566,49.0859375,-1.4309,1.7964,-1.4661,0.4088,4,INTER
12567,49.08984375,3.2982,2.2669,-0.9566,-1.6914,4,INTER
12568,49.09375,2.9669,-1.3885,0.3291,3.4071,4,INTER
12569,49.09765625,-0.9042,1.9589,3.2916,-0.773,4,INTER
12570,49.1015625,0.0796,1.1177,1.5303,2.3931,4,INTER
12571,49.10546875,-0.0101,5.0241,0.3032,1.6722,4,INTER
12572,49.109375,0.786,1.5008,-3.4791,1.7871,4,INTER
12573,49.11328125,1.5757,-2.9677,5.5003,-0.6027,4,INTER
12574,49.1171875,1.5229,4.8496,1.2421,-1.1645,4,INTER
12575,49.12109375,-3.8819,-1.6569,-3.6096,-0.8153,4,INTER
12576,49.125,0.3015,-2.51,-1.1628,2.1171,4,INTER
12577,49.12890625,4.1209,-3.2776,-3.004,-1.0952,4,INTER
12578,49.1328125,0.756,1.2171,-0.9387,-0.2883,4,INTER
12579,49.13671875,-0.3746,-0.6004,0.879,-3.9929,4,INTER
12580,49.140625,-4.4142,-2.1293,-0.2376,0.6432,4,INTER
12581,49.14453125,1.8385,2.5144,-2.4368,-2.8021,4,INTER
12582,49.1484375,-0.0982,-2.2235,1.2739,1.3389,4,INTER
12583,49.15234375,-0.7134,2.9058,1.2181,0.1428,4,INTER
12584,49.15625,-0.3184,1.2372,-1.202,-1.6989,4,INTER
12585,49.16015625,-1.7701,1.719,-1.1793,-1.9693,4,INTER
12586,49.1640625,2.2225,-1.4965,3.4638,-0.5519,4,INTER
12587,49.16796875,-0.1549,-0.4362,-1.016,1.7431,4,INTER
12588,49.171875,0.0337,0.2387,-1.4518,2.3833,4,INTER
12589,49.17578125,2.7838,-2.545,-3.6595,-2.1474,4,INTER
12590,49.1796875,-1.2576,2.4497,-1.155,-1.4105,4,INTER
12591,49.18359375,-3.324,-4.4058,0.4461,0.5063,4,INTER
12592,49.1875,4.0094,5.9754,1.3001,2.5157,4,INTER
12593,49.19140625,0.8393,0.3768,1.2911,-0.1043,4,INTER
12594,49.1953125,1.71,-0.0052,2.6032,-3.4232,4,INTER
12595,49.19921875,-6.4119,2.6432,1.1822,-2.9953,4,INTER
12596,49.203125,3.8915,4.4596,5.358,1.5682,4,INTER
12597,49.20703125,-2.1016,0.1427,-1.3946,-1.8423,4,INTER
12598,49.2109375,-2.5967,0.1556,3.1499,-1.2237,4,INTER
12599,49.21484375,-0.7354,-0.8993,1.4961,1.5029,4,INTER
12600,49.21875,0.4284,0.2972,-2.955,-3.1164,4,INTER
12601,49.22265625,3.3794,1.8171,-1.1822,2.1679,4,INTER
12602,49.2265625,3.7478,2.8136,-5.5979,0.975,4,INTER
12603,49.23046875,-3.5504,0.7299,-2.2444,-4.2152,4,INTER
12604,49.234375,-2.3763,-5.209,1.0727,-1.7876,4,INTER
12605,49.23828125,-0.9477,-0.2622,-0.032,-1.928,4,INTER
12606,49.2421875,1.792,-2.6801,-0.4138,1.1189,4,INTER
12607,49.24609375,0.3917,2.0902,3.3258,1.1204,4,INTER
12608,49.25,1.2596,2.1128,3.315,-1.9305,4,INTER
12609,49.25390625,-3.1726,-0.7321,4.4482,3.7259,4,INTER
12610,49.2578125,2.1636,3.1594,2.3438,1.3017,4,INTER
12611,49.26171875,-2.4031,-3.5054,2.1738,0.9396,4,INTER
12612,49.265625,4.8443,-1.728,3.447,-2.9886,4,INTER
12613,49.26953125,0.1133,4.2435,1.8736,-1.2595,4,INTER
12614,49.2734375,3.681,1.0592,0.5732,-0.3422,4,INTER
12615,49.27734375,-2.9629,1.4878,1.9574,-2.7059,4,INTER
12616,49.28125,-0.4981,-1.4139,0.693,-3.7021,4,INTER
12617,49.28515625,1.2409,-6.7786,-0.3719,0.9029,4,INTER
12618,49.2890625,-1.0307,2.7909,2.2082,-5.8082,4,INTER
12619,49.29296875,2.6782,3.0197,-3.1164,1.1132,4,INTER
12620,49.296875,-0.9768,1.7348,1.6035,-1.0398,4,INTER
12621,49.30078125,2.424,-0.8661,1.8676,6.064,4,INTER
12622,49.3046875,-2.9809,-1.5568,0.6117,2.4334,4,INTER
12623,49.30859375,1.4944,-2.3542,-0.008,-0.632,4,INTER
12624,49.3125,-4.8668,-1.9082,-0.3717,-3.1312,4,INTER
12625,49.31640625,-0.8294,-1.637,1.1193,2.5382,4,INTER
12626,49.3203125,-1.517,1.1626,2.1961,-0.9652,4,INTER
12627,49.32421875,-4.2598,1.6999,-2.1374,0.4575,4,INTER
12628,49.328125,-1.3379,-1.3757,-1.1216,3.8266,4,INTER
12629,49.33203125,-0.0893,0.5894,-2.0635,-0.475,4,INTER
12630,49.3359375,3.4078,-1.144,0.6776,-4.9737,4,INTER
12631,49.33984375,2.0612,6.3197,-3.1308,1.6833,4,INTER
12632,49.34375,-1.0955,2.4167,0.9117,-2.4784,4,INTER
12633,49.34765625,0.6823,-1.1888,5.161,-2.0263,4,INTER
12634,49.3515625,-2.264,-1.3369,3.5565,-4.1043,4,INTER
12635,49.35546875,2.1287,-1.6769,1.5416,-1.2549,4,INTER
12636,49.359375,-0.2454,6.6653,-0.1321,-3.279,4,INTER
12637,49.36328125,3.5363,0.4064,-0.9686,3.5318,4,INTER
12638,49.3671875,5.259,3.3626,2.3187,1.8192,4,INTER
12639,49.37109375,1.7964,4.1881,-1.174,3.0162,4,INTER
12640,49.375,-2.5045,1.0814,-4.7536,3.327,4,INTER
12641,49.37890625,-1.0,-0.1187,-1.5387,-0.1663,4,INTER
12642,49.3828125,0.4131,1.6009,6.0911,4.1812,4,INTER
12643,49.38671875,-3.3867,-1.2747,1.5472,1.4429,4,INTER
12644,49.390625,-1.7051,-0.4822,0.753,2.7281,4,INTER
12645,49.39453125,2.0668,1.1099,-2.8279,3.4965,4,INTER
12646,49.3984375,-6.33,4.8453,3.1576,0.5251,4,INTER
12647,49.40234375,0.2056,-0.1176,3.5462,-0.6949,4,INTER
12648,49.40625,1.7052,1.0866,1.5428,0.5162,4,INTER
12649,49.41015625,3.3497,-2.1481,2.0447,0.3571,4,INTER
12650,49.4140625,-0.0673,-6.0242,1.8898,2.6099,4,INTER
12651,49.41796875,-0.4099,0.4385,2.1358,-0.9156,4,INTER
12652,49.421875,-1.9308,1.3176,0.9602,7.647,4,INTER
12653,49.42578125,-3.1969,0.7247,1.6653,5.6417,4,INTER
12654,49.4296875,6.0869,0.8302,0.83,-0.5201,4,INTER
12655,49.43359375,1.1609,3.4435,4.0953,-2.9189,4,INTER
12656,49.4375,2.117,-2.5664,-0.8079,1.0142,4,INTER
12657,49.44140625,0.6175,-5.0529,-3.1766,-3.4813,4,INTER
12658,49.4453125,-2.3836,0.6208,-3.8732,3.7437,4,INTER
12659,49.44921875,-0.1147,0.9827,-2.0852,-2.9527,4,INTER
12660,49.453125,-2.999,-0.3338,-0.7486,-0.4657,4,INTER
12661,49.45703125,3.7186,-2.8887,3.4675,-0.2101,4,INTER
12662,49.4609375,3.8541,-6.1792,5.479,-4.3192,4,INTER
12663,49.46484375,2.7202,0.0332,-0.4852,3.0086,4,INTER
12664,49.46875,-1.0277,-1.7919,-2.9746,-0.8929,4,INTER
12665,49.47265625,2.3082,-4.8277,2.9525,-3.8759,4,INTER
12666,49.4765625,-0.0299,3.4969,-0.7377,-3.4116,4,INTER
12667,49.48046875,3.3646,-1.1487,-2.0074,2.2246,4,INTER
12668,49.484375,0.107,-0.049,1.0723,-0.7997,4,INTER
12669,49.48828125,-1.0306,-1.8077,0.9122,-2.6418,4,INTER
12670,49.4921875,-1.7863,-1.0493,-0.3659,2.4959,4,INTER
12671,49.49609375,1.5611,4.2625,0.3655,1.1597,4,INTER
12672,49.5,-1.6829,-0.8253,-1.6019,0.7524,4,INTER
12673,49.50390625,-0.084,5.3808,1.5762,1.7571,4,INTER
12674,49.5078125,-1.9371,2.2487,-0.3134,-1.7566,4,INTER
12675,49.51171875,-0.5517,1.629,-4.201,-0.2451,4,INTER
12676,49.515625,2.69,0.618,0.8791,1.5473,4,INTER
12677,49.51953125,1.7495,2.5708,-1.9671,1.5386,4,INTER
12678,49.5234375,1.6063,-0.669,-3.0084,-0.3555,4,INTER
12679,49.52734375,-0.1015,2.3091,0.0647,-0.8402,4,INTER
12680,49.53125,-3.3264,1.341,-2.9264,-3.1162,4,INTER
12681,49.53515625,0.6865,0.4719,-0.3445,-2.0611,4,INTER
12682,49.5390625,-1.2673,2.2967,2.6223,1.7883,4,INTER
12683,49.54296875,0.1003,3.4055,-0.4462,2.6333,4,INTER
12684,49.546875,-1.0931,0.4528,2.0923,-5.2871,4,INTER
