sample_idx,timestamp,C3,C4,Cz,Fz,label_int,label_str
0,0.0,-2.3346,-2.6276,1.9308,0.4402,0,REST
1,0.00390625,-0.505,4.2301,2.1453,5.833,0,REST
2,0.0078125,8.6208,8.5217,6.522,6.035,0,REST
3,0.01171875,8.5485,9.9354,6.3709,9.6983,0,REST
4,0.015625,9.1792,11.2765,10.4248,9.3761,0,REST
5,0.01953125,10.1431,14.1135,9.4693,12.0472,0,REST
6,0.0234375,10.3724,16.0967,10.4161,11.4523,0,REST
7,0.02734375,12.8504,13.5554,11.4382,10.4383,0,REST
8,0.03125,15.864,8.4149,9.249,9.5328,0,REST
9,0.03515625,6.5104,10.0013,7.8832,5.2431,0,REST
10,0.0390625,9.0461,6.3735,8.6758,3.7143,0,REST
11,0.04296875,5.0513,4.6913,5.5452,-0.294,0,REST
12,0.046875,0.1209,2.199,1.593,-2.7291,0,REST
13,0.05078125,-3.7353,-6.4333,-1.6408,-3.3474,0,REST
14,0.0546875,-4.5314,-3.5506,-8.8645,-6.4154,0,REST
15,0.05859375,-6.268,-7.878,-8.5632,-11.6966,0,REST
16,0.0625,-12.5553,-11.0962,-11.2989,-10.9359,0,REST
17,0.06640625,-13.1019,-12.4967,-11.583,-12.9789,0,REST
18,0.0703125,-14.2878,-12.7902,-10.5268,-10.7426,0,REST
19,0.07421875,-9.9823,-8.8398,-12.9615,-12.1697,0,REST
20,0.078125,-12.1316,-12.6853,-8.2464,-5.1337,0,REST
21,0.08203125,-8.1175,-6.6845,-7.8056,-7.3969,0,REST
22,0.0859375,-7.6186,-4.6965,-7.7602,-2.2961,0,REST
23,0.08984375,-1.7468,-2.868,-1.9063,1.247,0,REST
24,0.09375,2.845,1.0792,-1.97,4.4111,0,REST
25,0.09765625,0.775,5.5195,2.861,8.9014,0,REST
26,0.1015625,5.2629,6.0282,5.6724,10.2723,0,REST
27,0.10546875,6.5449,8.5474,7.1373,11.6657,0,REST
28,0.109375,7.4644,10.1338,7.5905,11.3732,0,REST
29,0.11328125,13.7895,11.9747,7.1371,9.1339,0,REST
30,0.1171875,8.9786,7.4588,8.7562,9.6137,0,REST
31,0.12109375,11.2837,15.5686,6.9879,7.1395,0,REST
32,0.125,3.5328,6.5979,13.0972,5.2622,0,REST
33,0.12890625,7.5115,7.0362,7.7785,5.9058,0,REST
34,0.1328125,7.3767,2.8838,6.9376,-0.5499,0,REST
35,0.13671875,3.593,2.3475,3.82,1.5766,0,REST
36,0.140625,-2.1132,0.3872,0.8883,-5.5884,0,REST
37,0.14453125,-2.8994,-2.0834,-5.8343,-6.6376,0,REST
38,0.1484375,-1.389,-10.3484,-1.7695,-7.8873,0,REST
39,0.15234375,-6.2622,-11.9241,-2.6563,-8.2573,0,REST
40,0.15625,-8.2251,-10.6624,-3.9448,-6.362,0,REST
41,0.16015625,-4.5082,-13.2947,-7.2891,-11.0938,0,REST
42,0.1640625,-8.4558,-9.7882,-5.255,-6.7384,0,REST
43,0.16796875,-11.8707,-11.1386,-4.6169,-7.1541,0,REST
44,0.171875,-5.8547,-6.3033,-5.551,-3.9575,0,REST
45,0.17578125,-5.5543,-5.9419,-2.823,-5.5587,0,REST
46,0.1796875,-3.5661,-5.0278,-8.6296,-0.3979,0,REST
47,0.18359375,-2.2446,-2.4457,-3.5121,-2.2355,0,REST
48,0.1875,1.4088,-0.8534,-3.9383,7.0526,0,REST
49,0.19140625,1.1513,5.1118,1.6624,3.5891,0,REST
50,0.1953125,0.7544,3.5359,4.7786,7.0488,0,REST
51,0.19921875,1.3545,6.8559,2.0516,8.5454,0,REST
52,0.203125,2.1673,5.5606,3.5347,8.0596,0,REST
53,0.20703125,0.6188,9.0646,5.2493,2.6086,0,REST
54,0.2109375,5.4142,7.5519,4.012,0.9475,0,REST
55,0.21484375,3.6777,11.5707,0.4781,1.5138,0,REST
56,0.21875,3.9046,5.6855,5.3604,3.1952,0,REST
57,0.22265625,3.2633,6.9075,2.4927,2.8377,0,REST
58,0.2265625,3.1585,4.3615,3.7306,0.9078,0,REST
59,0.23046875,4.5753,0.7249,0.6432,0.5513,0,REST
60,0.234375,0.8099,1.9191,4.8728,-0.9257,0,REST
61,0.23828125,4.5741,-1.7629,1.6073,-2.9596,0,REST
62,0.2421875,2.3177,-5.5946,3.5791,-2.9872,0,REST
63,0.24609375,3.764,-6.4119,-0.0445,0.9603,0,REST
64,0.25,-0.8559,-3.3506,1.0826,-1.2087,0,REST
65,0.25390625,1.0834,-11.9099,2.1516,-4.4246,0,REST
66,0.2578125,1.7115,-9.7433,0.9869,-3.5246,0,REST
67,0.26171875,-2.4762,-7.02,1.1129,-0.2298,0,REST
68,0.265625,-0.9072,-6.7671,0.8535,-0.7248,0,REST
69,0.26953125,-1.091,-7.421,2.4457,-1.3828,0,REST
70,0.2734375,-3.7732,1.6417,-0.1106,-2.1948,0,REST
71,0.27734375,-3.4098,0.5142,-3.5059,0.2363,0,REST
72,0.28125,-2.5297,-3.1764,-2.7853,3.0582,0,REST
73,0.28515625,-4.9738,1.3189,-5.198,4.0784,0,REST
74,0.2890625,-3.1557,3.9837,-3.7512,3.1295,0,REST
75,0.29296875,-3.0122,2.9448,-1.515,5.1027,0,REST
76,0.296875,-1.0573,7.244,-6.7287,1.0865,0,REST
77,0.30078125,-3.4826,3.8874,-2.6981,2.092,0,REST
78,0.3046875,-1.8561,4.5269,-2.1227,1.3194,0,REST
79,0.30859375,-1.0411,0.1379,-1.1144,7.8643,0,REST
80,0.3125,-0.2064,6.7171,-3.0287,4.6357,0,REST
81,0.31640625,2.1195,1.5147,-0.8407,4.2927,0,REST
82,0.3203125,1.8772,1.3038,0.6301,4.7619,0,REST
83,0.32421875,4.4141,3.2026,2.0101,5.1314,0,REST
84,0.328125,2.6386,1.8261,0.9081,3.5725,0,REST
85,0.33203125,3.7255,-0.1326,4.4446,3.4081,0,REST
86,0.3359375,4.632,-2.9609,4.8251,-2.3339,0,REST
87,0.33984375,2.9561,1.4601,7.4788,1.4585,0,REST
88,0.34375,6.2002,-0.3007,5.3229,1.6022,0,REST
89,0.34765625,2.1192,-4.7325,6.905,-1.3038,0,REST
90,0.3515625,4.0852,-0.4719,3.334,-4.8448,0,REST
91,0.35546875,-0.1643,-1.3764,6.9117,-5.3696,0,REST
92,0.359375,0.1664,-6.6887,5.5077,-1.9393,0,REST
93,0.36328125,-5.0723,-6.0327,-0.7505,-5.7906,0,REST
94,0.3671875,-3.3906,-4.8691,-1.3472,-5.0735,0,REST
95,0.37109375,-6.3566,0.545,0.45,-7.6513,0,REST
96,0.375,-10.0493,-1.4616,-4.3833,-6.835,0,REST
97,0.37890625,-8.7067,-1.3498,-7.5877,-5.2817,0,REST
98,0.3828125,-9.7195,-1.344,-8.8129,-4.0398,0,REST
99,0.38671875,-13.4954,-6.4994,-9.454,-3.3992,0,REST
100,0.390625,-9.9466,-2.7016,-12.7781,-0.5152,0,REST
101,0.39453125,-8.1257,0.0827,-12.9028,5.0366,0,REST
102,0.3984375,-6.2954,-1.8466,-8.8826,-1.2576,0,REST
103,0.40234375,-0.9271,-2.2576,-2.7476,5.9905,0,REST
104,0.40625,-3.0343,4.2721,-5.7349,5.7048,0,REST
105,0.41015625,3.2512,-0.5016,-4.7561,8.9039,0,REST
106,0.4140625,5.93,3.5996,-3.0616,7.8237,0,REST
107,0.41796875,7.8998,6.4069,0.5028,8.1906,0,REST
108,0.421875,11.8819,3.8896,5.0533,3.6872,0,REST
109,0.42578125,12.58,6.5488,7.2008,2.7208,0,REST
110,0.4296875,8.9407,4.5736,6.3077,5.648,0,REST
111,0.43359375,11.4254,5.0744,13.8095,4.4011,0,REST
112,0.4375,7.3818,2.3875,8.2115,0.4744,0,REST
113,0.44140625,8.0131,-1.0624,10.7128,-3.4023,0,REST
114,0.4453125,7.1047,1.7334,8.2269,-0.9228,0,REST
115,0.44921875,6.0725,0.329,8.4582,-8.5512,0,REST
116,0.453125,-1.8997,-2.2295,6.4034,-8.5387,0,REST
117,0.45703125,-5.9973,-1.8674,3.3764,-12.6315,0,REST
118,0.4609375,-6.3386,-3.6406,-0.5333,-14.7248,0,REST
119,0.46484375,-8.8807,-4.413,-3.8077,-9.8064,0,REST
120,0.46875,-6.7403,-3.9312,-1.3776,-7.8406,0,REST
121,0.47265625,-10.7781,-5.4789,-7.983,-10.0704,0,REST
122,0.4765625,-14.1626,-8.0559,-11.8825,0.828,0,REST
123,0.48046875,-16.0027,-6.3375,-11.4968,-2.7443,0,REST
124,0.484375,-6.7169,-3.9228,-15.1896,2.6227,0,REST
125,0.48828125,-7.2078,-1.7897,-10.26,4.9342,0,REST
126,0.4921875,-3.3916,-1.4585,-11.7776,7.1738,0,REST
127,0.49609375,-2.0172,-0.5857,-10.6919,9.4042,0,REST
128,0.5,-1.7964,-1.411,-8.5229,11.3185,0,REST
129,0.50390625,6.4348,1.2538,-4.7594,8.9939,0,REST
130,0.5078125,3.2187,3.8323,-2.7973,9.7266,0,REST
131,0.51171875,7.8314,6.7304,1.2967,11.4127,0,REST
132,0.515625,11.3659,5.5672,5.4333,8.3441,0,REST
133,0.51953125,10.0478,7.92,11.5686,4.8276,0,REST
134,0.5234375,14.3122,7.1489,10.2694,3.6906,0,REST
135,0.52734375,12.4863,6.9983,12.974,6.3298,0,REST
136,0.53125,12.3057,5.5576,18.0263,-0.8504,0,REST
137,0.53515625,7.2683,5.82,12.2351,-6.5187,0,REST
138,0.5390625,3.7038,6.0603,7.5482,-8.992,0,REST
139,0.54296875,5.3022,3.5492,11.9008,-12.6252,0,REST
140,0.546875,-0.3623,-1.6406,7.0794,-12.7138,0,REST
141,0.55078125,-4.1202,0.475,4.4334,-9.4689,0,REST
142,0.5546875,-3.4723,-3.5923,0.5507,-10.432,0,REST
143,0.55859375,-7.8569,-4.8292,0.6089,-10.8221,0,REST
144,0.5625,-9.78,-8.3524,-2.39,-7.7634,0,REST
145,0.56640625,-10.5586,-9.6345,-11.0666,-6.0943,0,REST
146,0.5703125,-10.5266,-9.6747,-11.1497,-3.2617,0,REST
147,0.57421875,-9.8209,-11.4719,-13.2709,-2.3103,0,REST
148,0.578125,-11.083,-9.6365,-12.047,8.1894,0,REST
149,0.58203125,-6.1476,-5.4576,-15.2588,8.6176,0,REST
150,0.5859375,-5.6982,-5.8117,-8.6094,8.2835,0,REST
151,0.58984375,0.3959,-1.7798,-9.0704,10.2114,0,REST
152,0.59375,1.1335,-1.0118,-8.511,14.4728,0,REST
153,0.59765625,0.7348,1.5705,-6.9742,13.1518,0,REST
154,0.6015625,2.827,3.0802,-2.9673,7.872,0,REST
155,0.60546875,8.4751,6.9498,3.0694,7.8719,0,REST
156,0.609375,8.1456,10.9313,5.2683,6.7327,0,REST
157,0.61328125,12.0717,7.536,5.3627,5.9219,0,REST
158,0.6171875,12.7758,9.7604,3.1923,-3.3348,0,REST
159,0.62109375,13.2088,10.6648,8.4744,-2.6662,0,REST
160,0.625,9.894,11.5816,9.6987,-5.4234,0,REST
161,0.62890625,7.4078,9.8694,8.7714,-8.2012,0,REST
162,0.6328125,6.5204,3.9132,6.7215,-8.3408,0,REST
163,0.63671875,3.168,7.8228,6.8055,-12.0652,0,REST
164,0.640625,2.2831,4.9377,5.0639,-10.104,0,REST
165,0.64453125,-7.1237,-1.3599,2.0238,-11.5973,0,REST
166,0.6484375,-7.2817,-2.6119,0.8232,-13.047,0,REST
167,0.65234375,-6.7523,-5.8885,3.475,-8.5644,0,REST
168,0.65625,-8.1245,-5.5657,-1.725,-3.5726,0,REST
169,0.66015625,-4.7423,-11.3957,-3.9418,-2.4543,0,REST
170,0.6640625,-9.3018,-8.1819,-6.1033,2.8524,0,REST
171,0.66796875,-4.8947,-10.2177,-6.6259,4.6246,0,REST
172,0.671875,-6.45,-11.782,-5.4431,9.1512,0,REST
173,0.67578125,-5.3095,-9.9302,-6.7053,9.7932,0,REST
174,0.6796875,-4.1055,-11.9522,-4.7595,6.8367,0,REST
175,0.68359375,-1.4352,-6.7987,-5.6791,9.9315,0,REST
176,0.6875,0.061,-1.2839,-2.0186,12.5008,0,REST
177,0.69140625,6.334,0.8689,-2.706,10.6458,0,REST
178,0.6953125,0.0259,4.8015,-4.899,9.3487,0,REST
179,0.69921875,2.4502,4.1603,-3.3295,2.7866,0,REST
180,0.703125,4.2628,9.3923,-0.817,4.2759,0,REST
181,0.70703125,8.2705,12.1738,-0.3506,4.8395,0,REST
182,0.7109375,1.7735,9.615,6.5923,-1.2579,0,REST
183,0.71484375,3.9331,11.9727,2.2267,-9.0439,0,REST
184,0.71875,4.9351,9.717,0.6286,-6.893,0,REST
185,0.72265625,4.0151,7.9666,2.0623,-8.7547,0,REST
186,0.7265625,5.0081,6.8318,1.742,-9.4338,0,REST
187,0.73046875,1.1603,5.4253,2.2709,-11.6135,0,REST
188,0.734375,5.737,2.1072,1.1869,-11.2875,0,REST
189,0.73828125,-1.9005,-0.777,0.4109,-3.887,0,REST
190,0.7421875,0.5787,-5.5169,3.872,-3.7632,0,REST
191,0.74609375,-0.7575,-7.7107,5.2576,-3.2257,0,REST
192,0.75,-2.8908,-12.5771,0.8437,-2.6586,0,REST
193,0.75390625,0.3277,-11.6551,1.4729,3.1479,0,REST
194,0.7578125,-1.7757,-16.164,1.3986,1.9164,0,REST
195,0.76171875,-0.277,-12.021,0.1753,4.5741,0,REST
196,0.765625,-3.9565,-13.1643,0.6406,6.3886,0,REST
197,0.76953125,-1.753,-12.293,-2.9132,5.2549,0,REST
198,0.7734375,-7.655,-4.2061,-0.1641,11.2222,0,REST
199,0.77734375,-0.3461,-8.897,-0.0885,5.2063,0,REST
200,0.78125,-5.1764,0.3434,-2.5115,7.2833,0,REST
201,0.78515625,-1.1249,-0.4949,-7.5272,5.0888,0,REST
202,0.7890625,-8.0715,6.4424,-6.719,3.7182,0,REST
203,0.79296875,-2.1761,5.3668,-3.297,1.7114,0,REST
204,0.796875,-4.8477,9.868,-3.0266,1.261,0,REST
205,0.80078125,-0.9855,7.3958,-2.036,1.6365,0,REST
206,0.8046875,-2.9379,11.3723,-5.0368,-4.1712,0,REST
207,0.80859375,2.9321,12.6237,-3.6706,1.51,0,REST
208,0.8125,-0.4101,8.0245,-4.8266,-0.2662,0,REST
209,0.81640625,2.4625,6.1619,-2.0414,-6.5972,0,REST
210,0.8203125,3.5797,6.9475,-5.8097,-4.2298,0,REST
211,0.82421875,4.8262,5.9174,-2.3116,-7.0068,0,REST
212,0.828125,6.4619,2.6672,-4.1222,-4.5963,0,REST
213,0.83203125,9.1341,-3.166,1.5169,-2.0778,0,REST
214,0.8359375,9.1408,-6.4058,2.8937,-0.1773,0,REST
215,0.83984375,6.4154,-4.6069,5.6752,0.856,0,REST
216,0.84375,10.8351,-7.4773,7.8332,-1.7161,0,REST
217,0.84765625,6.2811,-10.9714,6.2084,-0.2276,0,REST
218,0.8515625,1.7184,-10.7932,6.8271,-3.1412,0,REST
219,0.85546875,1.9519,-12.7846,4.5389,2.9123,0,REST
220,0.859375,1.2674,-8.8478,7.43,3.2767,0,REST
221,0.86328125,-5.1966,-6.6867,4.6983,0.0853,0,REST
222,0.8671875,-4.6561,-6.666,4.8218,1.4916,0,REST
223,0.87109375,-6.4056,-4.5967,3.2606,2.2554,0,REST
224,0.875,-8.5743,-6.1104,-0.3779,5.0317,0,REST
225,0.87890625,-14.4407,3.7231,-1.0629,2.354,0,REST
226,0.8828125,-12.603,6.8226,-3.7789,-0.6911,0,REST
227,0.88671875,-6.0591,10.1168,-8.3457,4.1069,0,REST
228,0.890625,-9.6466,8.797,-9.5442,2.0467,0,REST
229,0.89453125,-9.7067,10.0314,-8.49,-0.1117,0,REST
230,0.8984375,-5.0625,9.7354,-9.5443,2.137,0,REST
231,0.90234375,-3.0619,11.6913,-11.9956,1.862,0,REST
232,0.90625,1.8931,8.0025,-7.3267,5.1847,0,REST
233,0.91015625,4.1332,10.7725,-5.7626,0.2039,0,REST
234,0.9140625,7.3884,6.3905,-5.7227,-1.5758,0,REST
235,0.91796875,9.4851,1.7818,-2.7241,-3.8434,0,REST
236,0.921875,9.2489,0.3411,-1.3594,-0.7695,0,REST
237,0.92578125,9.4871,-2.6655,4.3889,-4.981,0,REST
238,0.9296875,10.288,-4.4353,7.8605,-2.234,0,REST
239,0.93359375,10.4863,-8.6054,7.3512,-2.9898,0,REST
240,0.9375,11.5288,-8.2225,9.4952,-4.8535,0,REST
241,0.94140625,5.8302,-7.9138,11.0041,-1.4415,0,REST
242,0.9453125,10.5536,-10.749,16.2193,-4.4223,0,REST
243,0.94921875,0.4231,-10.3483,11.4924,-5.1803,0,REST
244,0.953125,-1.6588,-9.8627,12.2428,-3.8099,0,REST
245,0.95703125,0.2484,-7.7068,9.3823,-0.5341,0,REST
246,0.9609375,-6.4989,-6.4337,6.5865,-3.0539,0,REST
247,0.96484375,-10.1835,-8.6718,6.9406,2.562,0,REST
248,0.96875,-14.1933,-0.7991,4.5154,2.9649,0,REST
249,0.97265625,-10.2111,1.1684,1.1343,0.9852,0,REST
250,0.9765625,-11.8626,1.291,-3.3719,7.8713,0,REST
251,0.98046875,-14.1484,2.5073,-5.8944,6.0155,0,REST
252,0.984375,-13.1937,7.5464,-12.1352,7.2395,0,REST
253,0.98828125,-12.5221,5.2645,-9.2422,7.8588,0,REST
254,0.9921875,-6.5635,8.0239,-9.5931,8.5741,0,REST
255,0.99609375,-4.2692,9.1898,-12.8275,8.1322,0,REST
256,1.0,-0.6696,7.9416,-13.4556,6.437,0,REST
257,1.00390625,5.564,4.6335,-8.1802,0.1125,0,REST
258,1.0078125,7.2751,6.3,-9.8886,1.5191,0,REST
259,1.01171875,11.3934,7.4048,-6.0361,0.5996,0,REST
260,1.015625,9.4241,2.7626,-1.8078,-6.5034,0,REST
261,1.01953125,10.7993,-0.5495,1.7624,-7.1965,0,REST
262,1.0234375,12.8571,1.0707,6.7233,-8.9561,0,REST
263,1.02734375,14.985,-2.5282,5.8504,-7.8882,0,REST
264,1.03125,6.7456,-3.3268,7.2851,-8.5493,0,REST
265,1.03515625,7.9545,-3.2558,7.5983,-9.4507,0,REST
266,1.0390625,9.0142,-4.2194,10.6864,-7.3797,0,REST
267,1.04296875,4.2216,-8.0384,12.9436,-6.0255,0,REST
268,1.046875,-2.9206,-6.022,12.9253,-5.7712,0,REST
269,1.05078125,-6.4199,-2.7607,10.3071,-0.6122,0,REST
270,1.0546875,-3.6289,-4.2462,6.7471,-2.3056,0,REST
271,1.05859375,-7.2169,-4.1142,6.8742,1.4781,0,REST
272,1.0625,-10.0639,-4.7707,3.409,7.8344,0,REST
273,1.06640625,-9.0403,0.0387,0.4092,7.0437,0,REST
274,1.0703125,-14.4804,0.0571,-0.7362,13.2267,0,REST
275,1.07421875,-13.3347,-0.6968,-5.6136,10.2323,0,REST
276,1.078125,-12.0618,2.3371,-8.6496,12.6123,0,REST
277,1.08203125,-7.1526,4.6197,-9.8855,9.0135,0,REST
278,1.0859375,-7.1741,9.8031,-13.6853,12.4972,0,REST
279,1.08984375,-4.3549,3.0903,-11.0811,7.8201,0,REST
280,1.09375,0.5252,3.9435,-8.3306,5.9232,0,REST
281,1.09765625,1.8654,3.711,-12.039,0.8739,0,REST
282,1.1015625,7.8839,3.2471,-7.6033,-1.6159,0,REST
283,1.10546875,6.0727,2.2191,-7.8408,-3.3396,0,REST
284,1.109375,10.2,1.6008,-0.2439,-8.0168,0,REST
285,1.11328125,9.4532,5.8649,2.8852,-11.5098,0,REST
286,1.1171875,8.909,1.1255,3.2029,-13.3624,0,REST
287,1.12109375,6.8095,2.309,3.2725,-14.7286,0,REST
288,1.125,5.5127,0.5092,7.296,-11.7199,0,REST
289,1.12890625,4.9173,-2.6893,10.1681,-14.4173,0,REST
290,1.1328125,5.9178,0.8856,6.0481,-9.5314,0,REST
291,1.13671875,4.7702,-4.8564,8.1502,-7.806,0,REST
292,1.140625,2.3515,-3.6093,10.2414,-1.8346,0,REST
293,1.14453125,-2.358,-1.1102,8.8137,-3.1074,0,REST
294,1.1484375,-5.3314,-3.2156,6.2279,4.0012,0,REST
295,1.15234375,-7.7456,-4.7122,1.4581,9.2081,0,REST
296,1.15625,-6.6436,-5.9244,5.0784,8.838,0,REST
297,1.16015625,-6.1394,0.5687,2.1323,11.9719,0,REST
298,1.1640625,-7.6635,-0.2539,0.6786,13.1525,0,REST
299,1.16796875,-6.661,-1.9481,2.6995,13.4275,0,REST
300,1.171875,-5.0967,-0.8277,-3.4263,12.9295,0,REST
301,1.17578125,-2.5619,-0.643,-3.9615,11.4132,0,REST
302,1.1796875,-5.1342,3.1355,-7.6121,10.4439,0,REST
303,1.18359375,0.5314,-1.425,-4.7248,3.6781,0,REST
304,1.1875,-0.6235,0.1945,-4.1947,1.5051,0,REST
305,1.19140625,-1.2109,0.2494,-4.5293,0.8864,0,REST
306,1.1953125,6.9975,1.6851,-6.5535,-4.2026,0,REST
307,1.19921875,-0.755,3.0884,-3.9327,-5.483,0,REST
308,1.203125,3.4337,2.4152,-0.8006,-12.4329,0,REST
309,1.20703125,2.9979,6.8522,-0.8956,-16.3122,0,REST
310,1.2109375,2.1946,3.1651,1.2081,-11.1073,0,REST
311,1.21484375,4.131,3.9448,-1.7723,-12.2415,0,REST
312,1.21875,5.577,2.7652,-2.8987,-11.8561,0,REST
313,1.22265625,4.2965,3.95,-1.4438,-7.0275,0,REST
314,1.2265625,1.2362,3.856,1.4668,-7.0065,0,REST
315,1.23046875,-0.6447,2.5153,7.7796,-5.4877,0,REST
316,1.234375,1.2403,0.9175,5.4064,2.1849,0,REST
317,1.23828125,1.1941,1.0661,2.3946,-1.836,0,REST
318,1.2421875,1.1834,-0.9756,3.8234,5.5201,0,REST
319,1.24609375,1.9959,-2.9209,-0.2531,10.2254,0,REST
320,1.25,0.1166,-3.5783,5.9221,11.3446,0,REST
321,1.25390625,-2.8405,-5.7732,5.6554,15.3678,0,REST
322,1.2578125,0.017,-6.5339,4.6836,15.3769,0,REST
323,1.26171875,-0.5843,-6.286,1.2812,13.475,0,REST
324,1.265625,-1.9925,-7.2689,4.7899,10.8702,0,REST
325,1.26953125,-0.5144,-5.5066,-0.2177,9.1176,0,REST
326,1.2734375,1.1792,-5.5734,-0.2382,4.9853,0,REST
327,1.27734375,-2.0138,-3.6347,0.8809,3.2288,0,REST
328,1.28125,-6.3538,-3.9448,5.0665,-0.1001,0,REST
329,1.28515625,-0.4151,0.7014,0.1528,-5.8989,0,REST
330,1.2890625,-4.1136,0.7511,-1.061,-8.3303,0,REST
331,1.29296875,-4.1995,3.0423,-3.2029,-5.6062,0,REST
332,1.296875,-3.3035,5.2947,-5.4559,-12.2004,0,REST
333,1.30078125,-1.4574,4.6253,-5.9211,-8.5353,0,REST
334,1.3046875,-0.6737,7.6821,-7.6697,-12.0414,0,REST
335,1.30859375,-0.6332,10.6361,-6.7361,-9.0069,0,REST
336,1.3125,1.146,7.0179,-5.3698,-5.598,0,REST
337,1.31640625,-0.0998,9.1997,-5.2669,-6.1996,0,REST
338,1.3203125,4.4571,7.5141,-6.7673,-0.2707,0,REST
339,1.32421875,5.0665,7.5629,-2.4084,1.4812,0,REST
340,1.328125,4.5062,0.219,-3.2936,7.1583,0,REST
341,1.33203125,5.8461,1.4874,2.8254,6.6512,0,REST
342,1.3359375,10.2556,0.5692,1.1778,8.0775,0,REST
343,1.33984375,6.7217,-6.1119,-0.4808,6.2219,0,REST
344,1.34375,5.1853,-3.6597,-1.4756,9.5125,0,REST
345,1.34765625,3.7485,-5.8535,1.865,12.1991,0,REST
346,1.3515625,5.0533,-9.0166,3.6718,11.2215,0,REST
347,1.35546875,3.148,-7.4712,5.2005,8.265,0,REST
348,1.359375,-1.8741,-9.5396,10.3825,2.9561,0,REST
349,1.36328125,-2.7076,-6.4525,8.8498,5.3159,0,REST
350,1.3671875,-3.5437,-2.8544,11.1749,-0.762,0,REST
351,1.37109375,-7.851,-5.6932,9.1818,-1.3929,0,REST
352,1.375,-4.7901,-5.4909,6.1244,-3.8104,0,REST
353,1.37890625,-9.1497,-1.671,4.8533,-4.1694,0,REST
354,1.3828125,-9.4966,-0.3919,3.8637,-8.9197,0,REST
355,1.38671875,-8.0961,7.7465,-0.967,-4.2507,0,REST
356,1.390625,-12.0608,6.5899,-2.0455,-5.3356,0,REST
357,1.39453125,-8.1969,8.4431,-3.8805,-6.6377,0,REST
358,1.3984375,-4.9693,10.6836,-8.145,-5.3135,0,REST
359,1.40234375,-4.7322,9.6137,-8.3085,-8.3607,0,REST
360,1.40625,1.7833,11.7047,-8.0687,-1.8262,0,REST
361,1.41015625,-0.4988,13.3292,-11.1579,-5.3151,0,REST
362,1.4140625,8.1753,10.3284,-10.8548,-4.4528,0,REST
363,1.41796875,8.8998,6.4603,-14.0257,0.3949,0,REST
364,1.421875,10.2719,0.5502,-10.8706,0.6988,0,REST
365,1.42578125,11.3501,4.2184,-7.0162,2.644,0,REST
366,1.4296875,12.5359,-3.1955,-1.1154,2.7653,0,REST
367,1.43359375,12.6738,-4.9464,-2.75,1.2146,0,REST
368,1.4375,12.4085,-8.9701,4.509,2.6123,0,REST
369,1.44140625,9.2283,-8.8181,8.5622,4.2127,0,REST
370,1.4453125,7.9258,-14.7127,4.3868,0.057,0,REST
371,1.44921875,1.961,-16.3955,10.1838,4.2669,0,REST
372,1.453125,0.9975,-16.9718,11.0298,4.5914,0,REST
373,1.45703125,-3.251,-13.6058,15.9401,2.0291,0,REST
374,1.4609375,-6.2034,-10.1235,9.1768,2.4505,0,REST
375,1.46484375,-4.9161,-10.4688,7.3006,-2.3543,0,REST
376,1.46875,-9.0467,-3.8912,11.0648,-0.5444,0,REST
377,1.47265625,-11.4795,2.2783,7.8056,-4.1568,0,REST
378,1.4765625,-16.6434,-0.0114,1.5311,0.2198,0,REST
379,1.48046875,-13.0304,4.1713,0.326,2.7111,0,REST
380,1.484375,-11.6575,7.5735,-2.9233,-3.8812,0,REST
381,1.48828125,-8.5034,9.4828,-4.6326,-0.2534,0,REST
382,1.4921875,-6.6896,11.802,-7.1705,-3.6771,0,REST
383,1.49609375,-1.4274,11.8268,-9.564,-4.1626,0,REST
384,1.5,0.0534,14.6825,-12.06,-2.6634,0,REST
385,1.50390625,0.6575,13.0338,-10.8738,-6.2735,0,REST
386,1.5078125,0.8354,9.6585,-11.5145,-2.4427,0,REST
387,1.51171875,12.6373,9.6203,-10.789,-2.3636,0,REST
388,1.515625,11.9858,5.7369,-12.0509,-5.4005,0,REST
389,1.51953125,11.1226,-0.7318,-8.6866,-0.5327,0,REST
390,1.5234375,12.4032,-3.6524,-5.1157,-4.6294,0,REST
391,1.52734375,15.666,-3.0647,-1.6666,0.4114,0,REST
392,1.53125,10.0816,-9.9464,4.3331,-2.1801,0,REST
393,1.53515625,6.7048,-12.7226,8.1725,1.979,0,REST
394,1.5390625,4.8185,-13.4665,6.1942,2.0826,0,REST
395,1.54296875,6.8128,-13.3086,9.1069,5.4825,0,REST
396,1.546875,0.5725,-16.5566,10.0651,2.2826,0,REST
397,1.55078125,2.1334,-11.2953,17.0918,1.5204,0,REST
398,1.5546875,-6.4344,-13.4537,12.7421,7.87,0,REST
399,1.55859375,-8.6413,-7.9238,12.2268,5.5246,0,REST
400,1.5625,-10.4665,-2.2571,8.7825,8.1386,0,REST
401,1.56640625,-12.9611,-0.6937,3.5887,8.0023,0,REST
402,1.5703125,-14.9219,2.0564,4.1715,6.3014,0,REST
403,1.57421875,-9.8822,6.0546,1.8282,1.3542,0,REST
404,1.578125,-9.0116,9.6605,-0.1828,4.0445,0,REST
405,1.58203125,-9.1852,11.9188,-2.4064,-2.2816,0,REST
406,1.5859375,-5.8391,11.4179,-5.8654,-2.3593,0,REST
407,1.58984375,1.0215,12.725,-11.1254,-4.3569,0,REST
408,1.59375,-2.2396,11.5652,-9.4379,-5.1366,0,REST
409,1.59765625,3.4437,10.106,-10.6783,-4.8646,0,REST
410,1.6015625,4.9934,10.1913,-11.279,-9.7362,0,REST
411,1.60546875,8.2579,5.7664,-10.1385,-8.8494,0,REST
412,1.609375,6.7628,2.9757,-7.7817,-5.0139,0,REST
413,1.61328125,5.4251,-3.8245,-7.3436,-8.4431,0,REST
414,1.6171875,12.9504,-0.0303,-3.1682,-7.9423,0,REST
415,1.62109375,12.7211,-3.6894,1.1823,-5.5711,0,REST
416,1.625,7.2989,-8.1631,1.6241,0.2007,0,REST
417,1.62890625,5.4942,-4.2287,3.0031,1.6299,0,REST
418,1.6328125,5.8799,-9.009,5.6279,1.3046,0,REST
419,1.63671875,0.2378,-13.2495,5.055,5.6372,0,REST
420,1.640625,-2.5883,-13.3186,8.8832,5.3336,0,REST
421,1.64453125,-4.5716,-10.7917,8.4579,10.3929,0,REST
422,1.6484375,-4.4537,-8.8814,9.7826,10.6745,0,REST
423,1.65234375,-8.0203,-7.1834,5.3064,12.7515,0,REST
424,1.65625,-5.2607,-4.6087,6.3964,10.7703,0,REST
425,1.66015625,-8.3662,0.2948,4.4617,8.1579,0,REST
426,1.6640625,-6.5366,4.1428,1.2861,7.0037,0,REST
427,1.66796875,-3.9868,6.3781,1.319,4.3648,0,REST
428,1.671875,-6.8592,6.5212,-1.1487,1.0583,0,REST
429,1.67578125,-4.4063,8.488,-2.229,-4.57,0,REST
430,1.6796875,-4.9742,6.2914,-3.4109,-6.8093,0,REST
431,1.68359375,-0.0473,8.6945,-4.269,-8.1621,0,REST
432,1.6875,1.303,8.3737,-4.742,-9.4553,0,REST
433,1.69140625,-3.24,12.5647,-4.5271,-8.7647,0,REST
434,1.6953125,-0.4245,6.5998,-5.5795,-12.9825,0,REST
435,1.69921875,3.2984,4.2479,-5.5895,-12.8015,0,REST
436,1.703125,3.1975,2.6566,-2.9084,-7.644,0,REST
437,1.70703125,3.3887,3.5204,-4.3122,-7.8532,0,REST
438,1.7109375,1.773,-2.7636,-1.9368,-4.6108,0,REST
439,1.71484375,8.2451,-4.7961,-1.2341,-0.8261,0,REST
440,1.71875,2.4173,-6.0008,-5.9144,4.0351,0,REST
441,1.72265625,4.0185,-10.9201,-2.4724,5.1292,0,REST
442,1.7265625,5.7395,-7.3651,0.8836,11.2845,0,REST
443,1.73046875,4.7955,-14.1793,0.5296,10.2932,0,REST
444,1.734375,0.9015,-10.9939,-0.025,13.2075,0,REST
445,1.73828125,2.6561,-5.6566,1.6453,10.2786,0,REST
446,1.7421875,-0.2724,-5.5317,5.3903,14.5666,0,REST
447,1.74609375,-3.3517,-7.8712,1.4915,13.557,0,REST
448,1.75,-3.0506,-4.8167,1.067,7.9802,0,REST
449,1.75390625,2.681,-0.1989,-4.2522,5.1294,0,REST
450,1.7578125,1.3653,1.1398,4.3091,3.9408,0,REST
451,1.76171875,-3.5434,2.5687,2.3064,-0.4192,0,REST
452,1.765625,-2.8712,7.4881,3.9785,-2.0783,0,REST
453,1.76953125,-5.4357,10.2618,4.1756,-7.7181,0,REST
454,1.7734375,-1.1812,6.6132,3.8393,-9.0969,0,REST
455,1.77734375,-0.5901,7.7382,1.7444,-6.463,0,REST
456,1.78125,-3.7036,4.9497,3.6172,-12.8476,0,REST
457,1.78515625,-2.3786,6.2377,1.5692,-15.0079,0,REST
458,1.7890625,-2.6057,5.5186,2.6329,-9.3856,0,REST
459,1.79296875,-1.3584,4.478,-1.5141,-9.9252,0,REST
460,1.796875,-3.0431,2.7937,2.9422,-8.5226,0,REST
461,1.80078125,0.5794,0.6946,0.333,-6.3275,0,REST
462,1.8046875,1.631,4.3355,-1.8786,-2.3535,0,REST
463,1.80859375,1.5389,1.6835,-4.6606,0.7506,0,REST
464,1.8125,-1.8162,-7.2235,-3.4709,4.7199,0,REST
465,1.81640625,5.1183,-2.114,-4.0538,8.1512,0,REST
466,1.8203125,4.0821,-6.2853,-7.5005,7.3933,0,REST
467,1.82421875,4.2853,-5.2287,-4.402,9.8905,0,REST
468,1.828125,4.8547,-4.5427,-4.5741,14.9062,0,REST
469,1.83203125,4.5456,-2.5595,-4.852,11.4616,0,REST
470,1.8359375,3.8973,-1.0943,-8.3617,10.1654,0,REST
471,1.83984375,8.0011,-3.6271,-4.9305,8.1571,0,REST
472,1.84375,5.7201,-2.6843,1.2074,4.4078,0,REST
473,1.84765625,5.5316,-0.0417,3.3595,4.6306,0,REST
474,1.8515625,7.2002,-1.5386,2.0355,-3.6635,0,REST
475,1.85546875,6.7527,3.709,3.5357,-5.3053,0,REST
476,1.859375,2.3802,2.2039,6.9798,-5.8643,0,REST
477,1.86328125,-6.4517,4.1659,7.0642,-7.6054,0,REST
478,1.8671875,-5.79,2.5678,10.491,-10.1833,0,REST
479,1.87109375,-5.0921,-0.3105,8.9129,-9.0972,0,REST
480,1.875,-9.6022,5.4458,11.7427,-10.6337,0,REST
481,1.87890625,-8.5765,3.7453,6.9186,-12.3673,0,REST
482,1.8828125,-4.759,-0.1437,5.9376,-8.6672,0,REST
483,1.88671875,-10.9719,2.5199,2.1745,-7.4552,0,REST
484,1.890625,-9.0887,1.2164,3.9429,-0.0661,0,REST
485,1.89453125,-7.6173,3.0516,3.8815,-0.1663,0,REST
486,1.8984375,-4.2691,4.2858,-4.6771,-1.6692,0,REST
487,1.90234375,-5.0758,0.4194,-4.1158,4.5475,0,REST
488,1.90625,0.3332,2.2311,-9.4954,6.0438,0,REST
489,1.91015625,1.328,-1.3879,-8.5799,7.945,0,REST
490,1.9140625,7.3645,-4.3375,-7.3385,9.8351,0,REST
491,1.91796875,4.1707,-2.8521,-11.9816,10.5872,0,REST
492,1.921875,9.6243,-0.0517,-10.4508,6.6565,0,REST
493,1.92578125,9.1179,-1.6335,-10.5633,5.6518,0,REST
494,1.9296875,15.1009,-2.5364,-4.9492,5.0307,0,REST
495,1.93359375,14.2333,-3.7423,-8.3305,5.0858,0,REST
496,1.9375,8.8921,-2.2984,-8.7139,3.3886,0,REST
497,1.94140625,7.0681,-1.6901,-1.6923,0.9448,0,REST
498,1.9453125,5.6899,-5.0732,-4.2451,0.0034,0,REST
499,1.94921875,5.8729,-4.9642,5.7186,-3.179,0,REST
500,1.953125,1.2416,-4.3921,8.4032,-7.1299,0,REST
501,1.95703125,-4.2558,-0.5305,13.4487,-4.5017,0,REST
502,1.9609375,-2.5725,-3.099,12.7699,-7.9968,0,REST
503,1.96484375,-8.7436,-0.8361,9.8122,-8.6967,0,REST
504,1.96875,-9.8994,1.3844,10.312,-3.6133,0,REST
505,1.97265625,-13.0684,-1.3227,13.6718,-8.787,0,REST
506,1.9765625,-12.2466,0.3549,9.5451,-3.0336,0,REST
507,1.98046875,-11.3293,3.399,6.1585,-5.3108,0,REST
508,1.984375,-15.0695,6.77,7.1513,-0.8347,0,REST
509,1.98828125,-9.7512,2.5624,2.9051,-0.7846,0,REST
510,1.9921875,-7.8876,5.5332,-2.2175,5.4971,0,REST
511,1.99609375,-5.0209,3.875,-8.4623,-0.9882,0,REST
512,2.0,-2.8199,4.3394,-4.9322,6.3347,0,REST
513,2.00390625,3.9119,2.6346,-8.6036,3.4962,0,REST
514,2.0078125,7.5463,4.7018,-12.6622,2.7409,0,REST
515,2.01171875,7.5518,2.1695,-12.9196,0.9087,0,REST
516,2.015625,11.6496,2.5188,-13.2565,3.6974,0,REST
517,2.01953125,13.3328,-2.9114,-10.9325,3.1103,0,REST
518,2.0234375,11.4423,-0.852,-9.7992,3.848,0,REST
519,2.02734375,10.6464,-4.5,-9.2872,1.4132,0,REST
520,2.03125,11.9166,-2.2228,-6.0799,5.1671,0,REST
521,2.03515625,10.8024,-4.7319,-4.5768,-0.9216,0,REST
522,2.0390625,5.6238,-5.1239,2.1904,3.2506,0,REST
523,2.04296875,1.8482,-7.9606,5.291,0.7825,0,REST
524,2.046875,1.8111,-4.937,5.4936,-0.8995,0,REST
525,2.05078125,-1.4535,-4.5355,9.3971,-5.0721,0,REST
526,2.0546875,-2.7929,-4.8862,11.6498,-3.8177,0,REST
527,2.05859375,-7.4027,-6.7061,11.9302,-4.7908,0,REST
528,2.0625,-11.3621,-1.1068,12.9294,0.7243,0,REST
529,2.06640625,-12.257,1.1467,11.9912,-4.3368,0,REST
530,2.0703125,-12.4489,-0.5809,7.5559,-2.6163,0,REST
531,2.07421875,-12.0697,3.5949,8.0997,-1.9234,0,REST
532,2.078125,-13.5391,4.2392,5.6504,-2.8229,0,REST
533,2.08203125,-7.7689,5.2543,4.1151,-3.3309,0,REST
534,2.0859375,-3.5491,5.8453,-2.0295,-0.1828,0,REST
535,2.08984375,-1.2004,10.955,-4.9603,-3.8793,0,REST
536,2.09375,0.875,11.9353,-5.731,0.0512,0,REST
537,2.09765625,2.8465,4.5536,-7.9469,-2.588,0,REST
538,2.1015625,6.3061,7.3714,-6.1873,-2.7606,0,REST
539,2.10546875,10.7643,6.1443,-9.3421,-2.8538,0,REST
540,2.109375,10.9967,3.6675,-11.0459,1.8129,0,REST
541,2.11328125,10.9889,0.315,-9.4487,0.3651,0,REST
542,2.1171875,10.52,-0.0792,-8.6308,3.4476,0,REST
543,2.12109375,8.8074,-3.748,-6.6917,5.2586,0,REST
544,2.125,3.7103,-4.8819,-2.4702,3.9741,0,REST
545,2.12890625,6.7395,-7.2228,-0.5881,4.5201,0,REST
546,2.1328125,6.0308,-8.1424,-0.2264,7.534,0,REST
547,2.13671875,0.0004,-11.6813,1.7455,6.6855,0,REST
548,2.140625,-2.6166,-8.9844,6.2298,2.6417,0,REST
549,2.14453125,-2.7128,-8.9868,6.5486,0.7991,0,REST
550,2.1484375,-3.0921,-9.9379,8.0898,1.1087,0,REST
551,2.15234375,-4.1226,-8.9052,7.558,-1.2803,0,REST
552,2.15625,-5.7851,-7.2428,4.772,-4.0722,0,REST
553,2.16015625,-4.586,-3.5541,7.4225,-2.6338,0,REST
554,2.1640625,-7.5302,1.6744,6.7823,-3.6968,0,REST
555,2.16796875,-7.4027,1.9192,4.4253,-6.8059,0,REST
556,2.171875,-4.4146,5.3996,-0.3586,-9.9011,0,REST
557,2.17578125,-5.0869,5.4246,4.1604,-9.0714,0,REST
558,2.1796875,-3.5689,8.9216,3.0827,-5.1544,0,REST
559,2.18359375,-3.8427,10.8973,-2.9998,-7.9333,0,REST
560,2.1875,-1.8914,14.7919,-0.7127,-4.5501,0,REST
561,2.19140625,1.4431,10.1482,-3.0734,-0.804,0,REST
562,2.1953125,0.6054,12.1729,-1.3336,-1.3508,0,REST
563,2.19921875,4.8876,5.6044,-5.4933,0.6559,0,REST
564,2.203125,6.0864,4.331,-4.6139,1.1004,0,REST
565,2.20703125,3.4824,3.9257,-5.3238,4.4701,0,REST
566,2.2109375,1.7841,-0.8036,-4.6069,8.0269,0,REST
567,2.21484375,-0.4072,-1.6828,-6.1891,12.7329,0,REST
568,2.21875,6.3104,-7.2578,-2.3774,13.4826,0,REST
569,2.22265625,9.7559,-9.4324,-3.9795,12.0672,0,REST
570,2.2265625,2.8522,-12.0362,-1.351,6.8885,0,REST
571,2.23046875,2.4697,-12.0004,-6.4854,8.593,0,REST
572,2.234375,3.0996,-13.2874,-2.2332,6.1152,0,REST
573,2.23828125,3.3108,-10.2868,0.0483,5.7507,0,REST
574,2.2421875,-0.2101,-10.0105,0.8617,2.428,0,REST
575,2.24609375,-3.2079,-6.8797,1.4367,1.1254,0,REST
576,2.25,-2.2781,-7.1017,1.1179,-5.199,0,REST
577,2.25390625,-1.3338,-3.4795,-0.1182,-5.9812,0,REST
578,2.2578125,-1.3094,-0.497,2.2073,-6.903,0,REST
579,2.26171875,-1.4228,2.5254,0.9002,-9.6869,0,REST
580,2.265625,-1.741,3.653,2.8433,-12.77,0,REST
581,2.26953125,-0.6216,5.1673,4.2892,-9.7745,0,REST
582,2.2734375,-4.5004,9.3715,7.3408,-9.6264,0,REST
583,2.27734375,-4.108,11.7136,2.103,-8.9379,0,REST
584,2.28125,-1.2267,12.3489,3.4721,-5.107,0,REST
585,2.28515625,-6.1294,10.6098,3.6648,-6.2722,0,REST
586,2.2890625,-0.9599,9.2833,3.5352,-3.9365,0,REST
587,2.29296875,-7.3341,9.227,4.1783,4.7591,0,REST
588,2.296875,-3.9166,6.5031,4.1058,1.316,0,REST
589,2.30078125,-1.5972,4.9337,1.3475,8.9392,0,REST
590,2.3046875,-5.2696,-2.0559,1.568,12.0318,0,REST
591,2.30859375,0.071,-7.7694,-0.0683,12.6133,0,REST
592,2.3125,2.9886,-5.6006,-0.7947,14.3666,0,REST
593,2.31640625,5.5554,-10.5118,-6.6636,12.1426,0,REST
594,2.3203125,1.6005,-14.1156,-5.2627,13.7008,0,REST
595,2.32421875,5.3606,-12.3195,-3.6102,9.0153,0,REST
596,2.328125,8.2925,-10.8488,-6.0021,2.4009,0,REST
597,2.33203125,5.9999,-10.9223,-6.3692,-0.1541,0,REST
598,2.3359375,10.1115,-12.953,-7.7515,0.7491,0,REST
599,2.33984375,9.8641,-9.0693,-3.9123,-3.506,0,REST
600,2.34375,3.3581,-5.4428,-0.7185,-6.7412,0,REST
601,2.34765625,7.6134,-2.7737,-2.3502,-8.2435,0,REST
602,2.3515625,2.8053,1.2756,-3.9408,-16.7059,0,REST
603,2.35546875,3.305,4.5813,-2.0263,-12.3054,0,REST
604,2.359375,-1.5483,7.5184,-1.8862,-15.1503,0,REST
605,2.36328125,-4.9745,6.7855,5.2499,-7.3983,0,REST
606,2.3671875,-4.1369,10.4962,1.5024,-10.7168,0,REST
607,2.37109375,-6.8667,10.9366,8.3596,-7.9568,0,REST
608,2.375,-10.4356,12.255,8.4348,-1.7015,0,REST
609,2.37890625,-10.6437,14.6175,10.4771,-1.4621,0,REST
610,2.3828125,-8.4858,11.3079,11.7124,3.8998,0,REST
611,2.38671875,-9.1209,7.0282,9.6106,11.4782,0,REST
612,2.390625,-9.2458,5.1889,7.8126,3.5429,0,REST
613,2.39453125,-7.7459,1.3257,3.6795,12.146,0,REST
614,2.3984375,-1.621,-0.9931,4.9683,12.6641,0,REST
615,2.40234375,-4.9509,-0.4862,4.5302,12.8559,0,REST
616,2.40625,-2.7981,-6.0723,-1.0712,13.9654,0,REST
617,2.41015625,3.4082,-8.3738,-3.6247,10.4871,0,REST
618,2.4140625,4.314,-11.8563,-6.3446,7.8697,0,REST
619,2.41796875,10.814,-12.469,-8.3069,6.9005,0,REST
620,2.421875,10.8684,-8.9506,-13.0177,1.1813,0,REST
621,2.42578125,14.1157,-10.3599,-9.2725,-2.198,0,REST
622,2.4296875,9.0412,-11.9899,-13.3751,-3.9045,0,REST
623,2.43359375,15.0535,-8.9544,-13.638,-9.7892,0,REST
624,2.4375,10.8713,-3.9374,-8.8316,-9.2594,0,REST
625,2.44140625,9.7014,-0.2097,-7.9463,-13.0861,0,REST
626,2.4453125,5.5107,-0.5095,-3.8833,-10.4007,0,REST
627,2.44921875,8.7721,1.0467,-2.3976,-10.5623,0,REST
628,2.453125,-0.1487,3.2901,1.1874,-10.1678,0,REST
629,2.45703125,-3.0955,9.7625,4.3334,-5.2394,0,REST
630,2.4609375,-4.6105,8.7758,9.9748,-6.0563,0,REST
631,2.46484375,-7.1801,9.5498,11.471,-6.3917,0,REST
632,2.46875,-13.4881,15.0697,10.1751,1.4096,0,REST
633,2.47265625,-10.636,10.6903,14.2403,3.6288,0,REST
634,2.4765625,-12.987,5.7675,10.7147,7.1843,0,REST
635,2.48046875,-16.3233,6.693,10.8321,3.7101,0,REST
636,2.484375,-10.4689,4.6967,11.6026,11.1558,0,REST
637,2.48828125,-9.9773,-1.729,6.6562,6.2349,0,REST
638,2.4921875,-7.2596,-2.0179,4.626,6.9609,0,REST
639,2.49609375,-5.0558,-4.547,-1.8773,8.8939,0,REST
640,2.5,0.2539,-0.0324,-2.8129,7.5182,0,REST
641,2.50390625,6.6731,-6.389,-5.3895,3.4564,0,REST
642,2.5078125,8.6998,-6.375,-7.1322,3.7874,0,REST
643,2.51171875,12.6615,-7.1762,-9.6725,-3.061,0,REST
644,2.515625,9.6494,-9.8378,-9.267,3.6357,0,REST
645,2.51953125,13.0414,-9.1821,-14.9063,-3.7652,0,REST
646,2.5234375,14.6032,-9.1444,-10.0167,-8.1406,0,REST
647,2.52734375,9.7932,-4.8903,-12.1465,-7.1742,0,REST
648,2.53125,12.5556,-1.3015,-10.7591,-5.872,0,REST
649,2.53515625,8.9385,-3.6473,-9.3531,-8.8594,0,REST
650,2.5390625,4.4524,3.0238,-3.6001,-7.293,0,REST
651,2.54296875,6.1509,2.1949,-3.1115,-8.1749,0,REST
652,2.546875,2.852,2.2149,1.1291,-5.2852,0,REST
653,2.55078125,-5.5112,2.4521,2.4106,-4.4788,0,REST
654,2.5546875,-4.6695,8.1866,3.9492,-1.2589,0,REST
655,2.55859375,-8.2973,9.5237,8.1989,0.8959,0,REST
656,2.5625,-8.0081,9.2913,9.8051,1.9402,0,REST
657,2.56640625,-10.5992,8.5393,12.5629,3.6378,0,REST
658,2.5703125,-10.8461,2.5122,10.0115,4.245,0,REST
659,2.57421875,-11.4318,3.7068,15.5966,2.3621,0,REST
660,2.578125,-8.2978,5.056,10.1421,5.998,0,REST
661,2.58203125,-7.8037,2.428,9.0013,8.2636,0,REST
662,2.5859375,-3.5446,0.7903,8.47,3.5877,0,REST
663,2.58984375,-3.7525,1.983,3.155,2.0689,0,REST
664,2.59375,2.0175,-2.085,-1.7028,7.3866,0,REST
665,2.59765625,7.4777,0.4886,-1.0193,6.6876,0,REST
666,2.6015625,6.3355,-5.001,-2.5902,5.8542,0,REST
667,2.60546875,6.9461,-5.1484,-7.4656,0.4967,0,REST
668,2.609375,10.8248,-6.7232,-6.3635,0.8698,0,REST
669,2.61328125,10.6221,-1.4564,-11.7554,0.1586,0,REST
670,2.6171875,4.7482,-2.2635,-6.9601,-4.1324,0,REST
671,2.62109375,7.4615,-6.7367,-11.2472,-0.174,0,REST
672,2.625,10.0735,-1.0807,-8.3506,-1.556,0,REST
673,2.62890625,5.654,-1.1892,-9.3095,-2.3434,0,REST
674,2.6328125,5.117,-1.7273,-6.2997,-3.536,0,REST
675,2.63671875,0.3388,-0.092,-3.2612,-4.8907,0,REST
676,2.640625,-1.8447,2.7165,1.6327,-3.9285,0,REST
677,2.64453125,-0.6041,1.9999,1.3609,-3.2412,0,REST
678,2.6484375,-4.1883,-0.7969,3.8283,-6.8165,0,REST
679,2.65234375,-5.3205,1.1019,5.5252,-0.9686,0,REST
680,2.65625,-7.377,5.1707,4.3299,-2.3746,0,REST
681,2.66015625,-4.6587,2.1349,6.5598,-0.5433,0,REST
682,2.6640625,-5.0193,5.2884,7.2338,-3.056,0,REST
683,2.66796875,-7.6197,3.6195,6.6353,-2.2806,0,REST
684,2.671875,-4.9728,1.6852,7.2153,0.4673,0,REST
685,2.67578125,-4.586,7.2915,4.8945,2.1613,0,REST
686,2.6796875,-7.8216,2.2256,8.375,1.0705,0,REST
687,2.68359375,-1.0153,1.6645,4.2553,2.8142,0,REST
688,2.6875,1.4685,-1.2031,1.8664,7.1191,0,REST
689,2.69140625,1.8441,1.4228,0.3728,4.3499,0,REST
690,2.6953125,4.1581,-0.5205,1.6078,3.9708,0,REST
691,2.69921875,2.2469,3.449,-3.9299,6.5745,0,REST
692,2.703125,1.6353,0.8718,-5.5355,3.7955,0,REST
693,2.70703125,4.592,-0.3716,-4.5182,4.7541,0,REST
694,2.7109375,2.068,-2.7817,-3.4458,3.2053,0,REST
695,2.71484375,4.5238,-3.0056,-5.1099,3.1206,0,REST
696,2.71875,4.9263,-0.4884,-5.4347,3.8502,0,REST
697,2.72265625,2.7606,-2.537,-3.3483,2.1413,0,REST
698,2.7265625,0.8959,-4.249,-7.9895,5.0279,0,REST
699,2.73046875,2.2132,-1.5017,-5.7758,-1.6967,0,REST
700,2.734375,-0.2719,-2.779,-1.9963,-3.5512,0,REST
701,2.73828125,1.9726,-4.904,-2.9284,-9.403,0,REST
702,2.7421875,-1.2106,-2.9808,-2.6965,-6.1641,0,REST
703,2.74609375,-1.0616,-0.5734,-2.531,-9.0718,0,REST
704,2.75,2.4143,-0.8156,-4.181,-6.6422,0,REST
705,2.75390625,0.0614,1.2825,1.0077,-9.7038,0,REST
706,2.7578125,-2.0323,1.0712,0.1144,-7.5991,0,REST
707,2.76171875,-0.1567,1.1962,1.3189,-3.8967,0,REST
708,2.765625,-1.9693,3.9468,4.4953,-2.3627,0,REST
709,2.76953125,-3.4231,9.8756,4.7918,3.1529,0,REST
710,2.7734375,2.6445,6.2768,4.1929,1.3751,0,REST
711,2.77734375,-4.3474,5.1405,3.9162,7.7104,0,REST
712,2.78125,-3.4857,7.7689,4.9272,2.3563,0,REST
713,2.78515625,-5.5623,9.0932,2.0885,6.5927,0,REST
714,2.7890625,-4.4119,3.2557,3.8271,8.1232,0,REST
715,2.79296875,-4.2804,2.7017,7.5685,9.4912,0,REST
716,2.796875,-0.1989,1.4644,5.1941,11.2329,0,REST
717,2.80078125,-7.1691,-2.4571,7.5709,11.123,0,REST
718,2.8046875,0.5837,-1.6107,2.7257,3.2834,0,REST
719,2.80859375,-4.4229,-1.3683,2.7257,6.4897,0,REST
720,2.8125,-0.0206,-5.2225,-0.0986,2.6047,0,REST
721,2.81640625,4.0515,-5.3612,0.7114,-0.863,0,REST
722,2.8203125,3.6481,-4.3906,-3.0645,0.1021,0,REST
723,2.82421875,6.4816,-7.8837,-3.0336,-1.9083,0,REST
724,2.828125,6.9082,-10.1807,-4.6551,-7.6,0,REST
725,2.83203125,7.7813,-10.2723,-3.8445,-12.3759,0,REST
726,2.8359375,6.5716,-8.5958,-4.5349,-11.5659,0,REST
727,2.83984375,8.2019,-6.1016,-5.6527,-9.1255,0,REST
728,2.84375,5.5837,-7.7633,-10.2561,-6.4524,0,REST
729,2.84765625,7.3499,-2.8984,-6.7803,-7.6715,0,REST
730,2.8515625,3.22,2.4871,-9.403,-6.7713,0,REST
731,2.85546875,2.0907,4.7405,-5.9323,-1.8716,0,REST
732,2.859375,-3.0718,5.9459,-3.3948,-1.4519,0,REST
733,2.86328125,1.1716,2.2114,-2.7124,3.1341,0,REST
734,2.8671875,-6.5372,5.9072,1.8593,3.6217,0,REST
735,2.87109375,-8.4246,9.7201,4.4839,11.2658,0,REST
736,2.875,-6.7731,7.5223,5.7866,9.0243,0,REST
737,2.87890625,-9.6519,4.428,6.3542,12.191,0,REST
738,2.8828125,-8.2252,10.4102,7.4051,13.4031,0,REST
739,2.88671875,-11.1595,8.8942,11.3223,12.9956,0,REST
740,2.890625,-11.3998,5.4927,10.4761,10.5136,0,REST
741,2.89453125,-8.4621,1.6099,11.4546,8.6962,0,REST
742,2.8984375,-5.0237,0.4841,9.2469,5.8065,0,REST
743,2.90234375,-1.4514,-6.0004,7.0488,6.0785,0,REST
744,2.90625,-0.9108,-5.9327,7.3247,1.1582,0,REST
745,2.91015625,-0.5774,-5.1651,4.2245,-2.0713,0,REST
746,2.9140625,6.1208,-6.4818,2.479,-7.4562,0,REST
747,2.91796875,9.2031,-10.6852,-4.2778,-10.3548,0,REST
748,2.921875,8.4365,-11.2821,-4.076,-9.6483,0,REST
749,2.92578125,12.1771,-10.8864,-8.8589,-12.319,0,REST
750,2.9296875,10.3356,-10.9893,-9.9476,-14.5085,0,REST
751,2.93359375,11.1711,-7.8897,-13.6555,-14.787,0,REST
752,2.9375,7.9043,-8.3686,-11.9259,-13.1467,0,REST
753,2.94140625,10.1313,-2.6626,-13.7398,-9.5714,0,REST
754,2.9453125,7.4227,1.8844,-6.8512,-6.0784,0,REST
755,2.94921875,4.1451,-2.1385,-9.4057,-3.0097,0,REST
756,2.953125,-0.3312,6.7122,-6.0013,0.9242,0,REST
757,2.95703125,-2.9334,4.7411,-5.6502,4.8191,0,REST
758,2.9609375,-5.4055,8.5521,2.8281,6.3887,0,REST
759,2.96484375,-12.0685,12.9422,0.0758,9.4955,0,REST
760,2.96875,-10.7674,10.4084,6.172,13.2562,0,REST
761,2.97265625,-12.0989,11.8545,10.7695,16.7226,0,REST
762,2.9765625,-11.163,9.1058,12.3209,12.7224,0,REST
763,2.98046875,-9.9087,10.9867,9.7739,10.7642,0,REST
764,2.984375,-11.6865,6.4986,10.551,10.251,0,REST
765,2.98828125,-10.2308,2.5407,9.1991,7.5003,0,REST
766,2.9921875,-7.9551,2.3497,13.5307,6.1484,0,REST
767,2.99609375,-3.4035,-2.2346,8.6536,-1.8343,0,REST
768,3.0,2.0779,-3.4761,5.8287,-2.077,0,REST
769,3.00390625,6.8083,-9.0849,5.8749,-4.1283,0,REST
770,3.0078125,6.4816,-8.5536,1.2446,-9.2089,0,REST
771,3.01171875,10.8292,-12.4923,-4.1195,-9.5028,0,REST
772,3.015625,15.506,-13.0483,-4.13,-10.5001,0,REST
773,3.01953125,13.8092,-10.3185,-5.6687,-11.8344,0,REST
774,3.0234375,12.9374,-11.294,-7.7328,-10.1213,0,REST
775,3.02734375,13.9329,-10.0576,-11.5333,-11.2207,0,REST
776,3.03125,11.249,-7.1022,-9.8486,-6.958,0,REST
777,3.03515625,7.6964,-6.1143,-12.1288,-7.4631,0,REST
778,3.0390625,4.5276,-5.1281,-12.9398,-0.9248,0,REST
779,3.04296875,2.3157,1.935,-10.3902,1.0993,0,REST
780,3.046875,-1.5967,4.6137,-6.2609,2.0577,0,REST
781,3.05078125,-5.2281,10.9212,-3.2095,6.6946,0,REST
782,3.0546875,-12.0383,12.2983,-0.188,10.215,0,REST
783,3.05859375,-11.4399,10.6462,2.7973,11.2573,0,REST
784,3.0625,-15.469,16.4728,3.0508,8.3356,0,REST
785,3.06640625,-11.9092,14.6016,4.8199,11.6373,0,REST
786,3.0703125,-13.2942,11.6224,6.6303,6.4409,0,REST
787,3.07421875,-9.856,10.703,8.1009,7.8231,0,REST
788,3.078125,-6.3482,7.4348,12.0098,5.4551,0,REST
789,3.08203125,-6.4053,2.3115,12.2987,5.3156,0,REST
790,3.0859375,-6.5565,-0.2265,13.1001,0.923,0,REST
791,3.08984375,0.7656,-3.0971,8.9477,-1.0243,0,REST
792,3.09375,0.6202,-6.9707,7.6119,-2.9528,0,REST
793,3.09765625,1.9833,-4.8814,3.8538,-6.4767,0,REST
794,3.1015625,4.9548,-10.1065,2.5024,-8.9298,0,REST
795,3.10546875,2.345,-13.597,0.1754,-7.7737,0,REST
796,3.109375,10.1236,-10.5719,-4.2857,-8.6853,0,REST
797,3.11328125,10.6096,-13.1806,-4.4233,-8.4679,0,REST
798,3.1171875,7.6324,-11.2647,-6.8277,-4.9417,0,REST
799,3.12109375,7.866,-8.4759,-9.7655,-1.8057,0,REST
800,3.125,7.1965,-8.0792,-7.0637,-5.1783,0,REST
801,3.12890625,5.6731,-2.1667,-7.4036,-1.3413,0,REST
802,3.1328125,3.21,-3.2104,-9.5964,-3.2692,0,REST
803,3.13671875,-1.9209,2.8773,-7.1714,-0.633,0,REST
804,3.140625,-0.598,7.8491,-8.5751,3.5598,0,REST
805,3.14453125,-1.3241,5.1387,-2.8923,6.1302,0,REST
806,3.1484375,-4.6477,7.5352,-2.2377,4.0663,0,REST
807,3.15234375,-7.9446,10.6977,1.6476,6.5198,0,REST
808,3.15625,-6.9956,14.9472,0.1995,2.4376,0,REST
809,3.16015625,-9.9228,13.5732,1.0204,6.2,0,REST
810,3.1640625,-6.6374,10.8283,5.0118,3.5386,0,REST
811,3.16796875,-5.2702,11.0058,8.8276,6.5974,0,REST
812,3.171875,-5.0406,7.7713,6.399,4.8037,0,REST
813,3.17578125,-4.2738,5.3422,2.8744,-2.4594,0,REST
814,3.1796875,-4.1845,3.5068,4.8018,2.5303,0,REST
815,3.18359375,-1.1132,-2.6572,6.586,-1.8489,0,REST
816,3.1875,0.0919,-5.1861,3.0036,-1.7286,0,REST
817,3.19140625,0.3571,-6.4219,3.8794,0.5985,0,REST
818,3.1953125,2.8327,-11.7636,5.4237,-4.9465,0,REST
819,3.19921875,1.2372,-11.9977,-0.08,-6.7093,0,REST
820,3.203125,2.9234,-9.0404,2.5118,0.325,0,REST
821,3.20703125,4.1373,-7.4841,1.2127,-3.3488,0,REST
822,3.2109375,2.6492,-6.7823,1.7708,-4.7294,0,REST
823,3.21484375,6.1159,-8.1027,-1.4184,-1.9946,0,REST
824,3.21875,1.8938,-7.9803,-2.8595,-1.0427,0,REST
825,3.22265625,4.1494,-2.6388,-2.3364,-3.0684,0,REST
826,3.2265625,-1.0805,1.7845,-4.7251,0.1769,0,REST
827,3.23046875,1.4833,3.5537,-4.4241,-0.111,0,REST
828,3.234375,1.2163,5.5401,-0.7501,-2.4873,0,REST
829,3.23828125,-1.2885,6.1383,-2.2705,-0.8998,0,REST
830,3.2421875,0.3688,6.8316,-4.6522,1.6258,0,REST
831,3.24609375,-0.9994,9.6479,-1.9252,1.4473,0,REST
832,3.25,4.1245,7.2609,-1.915,-0.9108,0,REST
833,3.25390625,1.4018,9.3762,-2.163,4.3915,0,REST
834,3.2578125,-0.7377,10.0161,-4.3328,4.3828,0,REST
835,3.26171875,0.2969,5.3008,-0.4299,3.4807,0,REST
836,3.265625,2.0859,6.5908,-1.7188,-0.4577,0,REST
837,3.26953125,-2.5414,5.0355,0.2768,1.3959,0,REST
838,3.2734375,-0.6071,0.7167,0.904,-1.3356,0,REST
839,3.27734375,-2.5098,0.8687,0.9454,1.6688,0,REST
840,3.28125,-1.6553,-2.9764,3.4513,4.7211,0,REST
841,3.28515625,-8.1926,-2.7158,5.2996,1.8211,0,REST
842,3.2890625,-4.2024,-9.842,0.0378,4.5492,0,REST
843,3.29296875,-5.6792,-9.7591,0.7567,-1.6979,0,REST
844,3.296875,-3.9371,-6.0674,4.5833,0.3108,0,REST
845,3.30078125,-0.6438,-8.1997,3.4332,-2.2068,0,REST
846,3.3046875,-0.6376,-9.5043,8.2108,-3.8743,0,REST
847,3.30859375,-2.3335,-3.9199,6.0769,-8.5774,0,REST
848,3.3125,1.1318,-5.1721,3.5489,-2.2223,0,REST
849,3.31640625,-1.9199,-5.3512,2.2235,-8.1024,0,REST
850,3.3203125,7.4505,-0.8963,4.7411,-8.0344,0,REST
851,3.32421875,3.9676,-0.6259,-3.5426,-3.2189,0,REST
852,3.328125,5.2998,1.4867,-1.3824,-7.1703,0,REST
853,3.33203125,4.6787,2.3632,-1.8125,-6.2979,0,REST
854,3.3359375,4.6453,4.062,-4.22,-4.8331,0,REST
855,3.33984375,6.6783,4.5478,-3.4012,1.698,0,REST
856,3.34375,5.5745,3.7936,-8.9103,0.1709,0,REST
857,3.34765625,2.2314,8.3319,-9.0662,1.3539,0,REST
858,3.3515625,5.4822,8.9596,-7.7402,2.8147,0,REST
859,3.35546875,1.3048,5.4404,-7.0781,8.0718,0,REST
860,3.359375,-0.5316,8.3418,-3.385,10.1492,0,REST
861,3.36328125,-7.311,4.9609,-6.6803,9.5277,0,REST
862,3.3671875,-6.4805,2.8577,-5.5022,12.0128,0,REST
863,3.37109375,-4.2369,-0.6999,-2.7362,9.9444,0,REST
864,3.375,-6.0695,0.4489,-1.3153,10.8164,0,REST
865,3.37890625,-7.3571,3.4409,-0.0399,6.275,0,REST
866,3.3828125,-8.7718,-3.1651,0.9422,6.3864,0,REST
867,3.38671875,-9.4617,-1.3071,6.2722,3.6936,0,REST
868,3.390625,-11.3476,-5.2171,8.4923,0.0215,0,REST
869,3.39453125,-6.6004,-4.9871,8.2058,-4.1107,0,REST
870,3.3984375,-5.1228,-5.6414,9.9851,-7.3424,0,REST
871,3.40234375,-1.7459,-5.5606,9.927,-1.4414,0,REST
872,3.40625,-2.6025,-1.5677,11.1655,-7.021,0,REST
873,3.41015625,1.8524,-2.9526,9.172,-10.0924,0,REST
874,3.4140625,4.9673,-2.2952,9.6222,-11.3026,0,REST
875,3.41796875,8.4849,0.0119,3.5009,-10.6125,0,REST
876,3.421875,10.313,-2.0598,1.679,-6.2216,0,REST
877,3.42578125,14.2622,1.6192,-1.59,-6.4504,0,REST
878,3.4296875,11.8823,1.7751,-5.2931,-3.389,0,REST
879,3.43359375,15.4854,-1.0579,-5.6538,-2.8664,0,REST
880,3.4375,13.0441,3.5448,-8.5418,4.9829,0,REST
881,3.44140625,10.9461,2.7799,-10.7244,0.619,0,REST
882,3.4453125,4.174,1.3186,-14.8323,11.5555,0,REST
883,3.44921875,2.091,2.3284,-16.0263,10.0144,0,REST
884,3.453125,-2.025,2.9584,-12.4816,10.217,0,REST
885,3.45703125,-1.33,3.4628,-7.5257,11.7342,0,REST
886,3.4609375,-6.3744,-1.139,-9.5982,10.7771,0,REST
887,3.46484375,-7.2434,1.0402,-5.2776,9.3199,0,REST
888,3.46875,-11.5631,5.153,-1.1505,9.7651,0,REST
889,3.47265625,-14.743,4.2157,2.2714,6.8021,0,REST
890,3.4765625,-12.6472,-2.3502,4.3537,1.3527,0,REST
891,3.48046875,-9.7645,0.9087,4.1319,-4.5331,0,REST
892,3.484375,-9.4972,-3.6544,11.97,-3.13,0,REST
893,3.48828125,-10.3492,-2.0719,14.8693,-8.9063,0,REST
894,3.4921875,-8.7531,-6.616,12.2209,-10.9587,0,REST
895,3.49609375,-2.5787,-2.5252,15.4077,-10.0869,0,REST
896,3.5,2.2771,-1.5788,11.2442,-16.3081,0,REST
897,3.50390625,4.818,-4.2963,8.305,-13.6739,0,REST
898,3.5078125,7.083,-3.6483,10.0187,-11.9406,0,REST
899,3.51171875,7.223,-2.7004,7.2957,-8.4166,0,REST
900,3.515625,10.5499,-3.729,5.3066,-4.2751,0,REST
901,3.51953125,9.8072,-3.2423,-0.659,-3.9885,0,REST
902,3.5234375,13.2324,-3.5595,-2.1975,-0.3448,0,REST
903,3.52734375,10.5368,-2.5505,-6.7154,2.3403,0,REST
904,3.53125,10.5868,2.358,-7.9867,5.8303,0,REST
905,3.53515625,9.0469,-1.3698,-8.3587,8.1013,0,REST
906,3.5390625,4.2117,0.6069,-12.2855,5.9828,0,REST
907,3.54296875,2.651,1.4186,-11.3512,14.0098,0,REST
908,3.546875,-2.1728,2.947,-13.7884,13.8901,0,REST
909,3.55078125,-4.5507,3.5954,-13.0774,13.4771,0,REST
910,3.5546875,-7.8157,3.6675,-8.4208,10.9434,0,REST
911,3.55859375,-11.2132,5.3175,-5.2601,8.328,0,REST
912,3.5625,-9.5896,9.5336,-3.8314,7.7375,0,REST
913,3.56640625,-8.247,6.735,0.6894,0.2682,0,REST
914,3.5703125,-12.1075,7.6964,3.8661,-3.542,0,REST
915,3.57421875,-10.1822,5.4175,5.5846,-4.321,0,REST
916,3.578125,-10.6496,4.491,8.9445,-10.2099,0,REST
917,3.58203125,-7.8157,3.4658,7.8893,-10.4522,0,REST
918,3.5859375,-8.9178,0.9035,12.2233,-16.3998,0,REST
919,3.58984375,0.3279,3.8438,12.8666,-14.0495,0,REST
920,3.59375,0.8611,-0.2587,10.0604,-13.7673,0,REST
921,3.59765625,4.3676,-6.97,6.5619,-12.5427,0,REST
922,3.6015625,7.7174,-4.1437,7.4568,-7.989,0,REST
923,3.60546875,8.9003,-5.5391,6.5384,-5.2861,0,REST
924,3.609375,5.4549,-7.264,5.8554,-2.698,0,REST
925,3.61328125,8.1593,-5.6826,3.8419,0.063,0,REST
926,3.6171875,7.6882,-8.015,1.611,2.1749,0,REST
927,3.62109375,13.4208,-3.6776,-4.8016,1.1968,0,REST
928,3.625,6.6518,-9.2916,-4.57,7.6653,0,REST
929,3.62890625,4.9251,-4.3607,-9.8669,12.9846,0,REST
930,3.6328125,3.7481,-5.1619,-8.6898,11.5356,0,REST
931,3.63671875,0.4092,2.2668,-6.2375,11.6023,0,REST
932,3.640625,0.7585,0.1037,-9.1151,11.4785,0,REST
933,3.64453125,-1.4543,2.982,-3.5938,8.6278,0,REST
934,3.6484375,-7.7968,5.7475,-3.9932,8.2408,0,REST
935,3.65234375,-6.0753,9.1557,-3.9884,-2.8518,0,REST
936,3.65625,-5.1593,9.1748,-4.0553,0.5001,0,REST
937,3.66015625,-9.6614,10.4539,-2.9455,-2.3098,0,REST
938,3.6640625,-7.4349,11.5441,0.0128,-6.0106,0,REST
939,3.66796875,-1.5941,6.0054,-0.0161,-5.3431,0,REST
940,3.671875,-4.3968,8.255,5.6228,-7.0053,0,REST
941,3.67578125,-6.6163,4.5062,7.5277,-7.7997,0,REST
942,3.6796875,-5.1368,1.7836,7.0614,-10.5609,0,REST
943,3.68359375,-1.6357,-0.9453,5.7456,-9.7536,0,REST
944,3.6875,-1.5474,-1.3139,4.5498,-6.8024,0,REST
945,3.69140625,-0.1549,-2.3484,9.7633,-9.6144,0,REST
946,3.6953125,0.3486,-6.7174,1.9141,-6.0673,0,REST
947,3.69921875,2.0769,-6.3118,4.6294,-1.236,0,REST
948,3.703125,0.3705,-9.5635,3.2861,-0.4394,0,REST
949,3.70703125,4.4757,-13.0308,0.9477,0.3441,0,REST
950,3.7109375,6.6809,-11.8664,3.0276,3.4698,0,REST
951,3.71484375,3.0647,-10.1977,0.9556,2.7143,0,REST
952,3.71875,6.5163,-11.8039,-1.1599,4.4682,0,REST
953,3.72265625,3.9198,-7.1805,-2.1237,5.4385,0,REST
954,3.7265625,3.6293,-4.0374,-2.0851,6.5766,0,REST
955,3.73046875,3.1632,0.9566,-4.1656,5.9285,0,REST
956,3.734375,3.2723,3.6684,-0.4757,6.3182,0,REST
957,3.73828125,2.3178,8.0311,-4.6979,6.8379,0,REST
958,3.7421875,0.9367,6.1655,-1.9148,2.1029,0,REST
959,3.74609375,3.1585,9.4339,-5.233,2.4922,0,REST
960,3.75,-0.3183,12.7615,-8.236,1.1951,0,REST
961,3.75390625,-1.5005,13.2255,-1.3519,-0.0749,0,REST
962,3.7578125,0.937,11.9839,-2.0199,-3.4159,0,REST
963,3.76171875,-0.074,10.8275,-1.7088,-2.5958,0,REST
964,3.765625,-4.6145,8.8956,-4.2902,-4.6794,0,REST
965,3.76953125,-2.4739,4.8433,-1.8373,-5.6698,0,REST
966,3.7734375,-3.9704,6.3341,-2.9395,-5.2609,0,REST
967,3.77734375,-2.9602,2.822,1.9295,-4.2855,0,REST
968,3.78125,0.489,-5.1999,1.2791,-4.7779,0,REST
969,3.78515625,-4.5563,-7.1847,-0.791,-2.176,0,REST
970,3.7890625,-6.1771,-7.9941,0.7151,-4.0542,0,REST
971,3.79296875,-2.2751,-9.5556,1.4888,-1.6869,0,REST
972,3.796875,-6.8401,-12.2598,1.3203,-4.0591,0,REST
973,3.80078125,-3.2487,-12.7189,4.2741,-2.7158,0,REST
974,3.8046875,-0.2058,-15.2939,7.2403,-2.36,0,REST
975,3.80859375,0.7798,-10.6906,4.2265,0.1575,0,REST
976,3.8125,-2.3637,-10.6355,4.2458,4.6368,0,REST
977,3.81640625,2.9238,-3.8724,6.5744,1.5896,0,REST
978,3.8203125,4.7365,-0.7687,4.2014,3.4709,0,REST
979,3.82421875,3.9894,-1.1422,2.0984,1.3919,0,REST
980,3.828125,8.2627,4.3875,7.1357,1.4193,0,REST
981,3.83203125,6.5729,6.2506,3.0509,3.9207,0,REST
982,3.8359375,7.7555,11.329,1.0181,3.2443,0,REST
983,3.83984375,7.7471,9.8839,-0.1958,2.1094,0,REST
984,3.84375,5.6853,13.6109,-6.0735,3.7318,0,REST
985,3.84765625,5.5446,15.2006,-7.2173,2.7777,0,REST
986,3.8515625,3.07,12.4244,-4.1955,-1.3915,0,REST
987,3.85546875,-1.4193,9.5873,-7.4601,1.7843,0,REST
988,3.859375,-0.7097,11.4,-10.6557,0.1685,0,REST
989,3.86328125,-1.601,9.4865,-8.1502,2.2859,0,REST
990,3.8671875,-3.5949,2.8023,-6.9283,0.282,0,REST
991,3.87109375,-5.3462,-2.7003,-7.6523,-0.0164,0,REST
992,3.875,-5.317,-6.136,-6.1908,-4.1926,0,REST
993,3.87890625,-11.9751,-6.2865,-2.0217,-4.3425,0,REST
994,3.8828125,-9.8155,-10.2759,-3.1483,-4.4024,0,REST
995,3.88671875,-8.9686,-10.965,-0.1958,-4.4782,0,REST
996,3.890625,-9.1294,-9.6048,1.1982,-2.1794,0,REST
997,3.89453125,-6.4061,-8.6371,3.8114,-6.5081,0,REST
998,3.8984375,-6.7644,-13.0242,10.3601,-4.3675,0,REST
999,3.90234375,-1.9286,-10.9691,7.0757,-5.1698,0,REST
1000,3.90625,-0.1317,-10.1633,9.567,-2.655,0,REST
1001,3.91015625,2.6692,-9.9435,11.0783,-1.6243,0,REST
1002,3.9140625,6.9523,-3.0491,8.8779,1.1472,0,REST
1003,3.91796875,7.4092,-0.4292,13.3531,-2.4128,0,REST
1004,3.921875,10.1458,1.482,6.1201,1.3427,0,REST
1005,3.92578125,14.5357,8.9296,6.2575,8.3828,0,REST
1006,3.9296875,11.998,10.6455,2.0388,4.6238,0,REST
1007,3.93359375,13.7508,13.3439,0.6532,5.1969,0,REST
1008,3.9375,12.0706,9.3566,-1.398,10.1569,0,REST
1009,3.94140625,11.1142,13.536,-8.7197,5.9998,0,REST
1010,3.9453125,4.4427,11.0452,-10.2729,6.2016,0,REST
1011,3.94921875,6.779,6.8688,-7.4594,6.0567,0,REST
1012,3.953125,-1.775,7.6041,-12.9013,0.9632,0,REST
1013,3.95703125,-2.8492,4.0638,-13.3919,2.8248,0,REST
1014,3.9609375,-1.0485,0.4354,-13.7491,1.2417,0,REST
1015,3.96484375,-9.8585,-3.1783,-11.6192,-1.6806,0,REST
1016,3.96875,-8.3688,-5.1653,-5.5372,-7.6599,0,REST
1017,3.97265625,-10.2763,-6.8108,-6.6269,-6.5204,0,REST
1018,3.9765625,-15.1314,-7.5738,-3.378,-11.4319,0,REST
1019,3.98046875,-8.6452,-10.5358,-2.7119,-7.1569,0,REST
1020,3.984375,-11.5964,-9.5115,6.2624,-8.2703,0,REST
1021,3.98828125,-7.4856,-9.8329,2.0064,-6.7517,0,REST
1022,3.9921875,-5.8958,-6.699,6.6075,-8.5205,0,REST
1023,3.99609375,-2.1561,-9.4598,11.8724,-11.3102,0,REST
1024,4.0,0.9652,-8.2845,13.2791,-4.0078,0,REST
1025,4.00390625,4.7321,-6.232,10.6652,-3.8141,0,REST
1026,4.0078125,6.7523,-2.2567,12.1249,3.7399,0,REST
1027,4.01171875,9.5366,-1.1321,12.7078,3.5298,0,REST
1028,4.015625,12.1778,3.0975,12.7856,5.4307,0,REST
1029,4.01953125,14.7601,4.0431,5.01,10.6338,0,REST
1030,4.0234375,13.3853,9.1765,5.0854,9.6305,0,REST
1031,4.02734375,15.6227,7.1884,0.6994,12.7008,0,REST
1032,4.03125,14.8062,9.6417,-4.05,10.2399,0,REST
1033,4.03515625,10.6164,7.9592,-8.6593,10.561,0,REST
1034,4.0390625,6.5665,8.7032,-6.9342,12.437,0,REST
1035,4.04296875,3.0035,6.6202,-10.9979,6.3947,0,REST
1036,4.046875,-0.9452,4.0696,-9.2592,1.869,0,REST
1037,4.05078125,-5.2434,3.5167,-12.1868,-1.5062,0,REST
1038,4.0546875,-6.7165,4.6681,-12.5511,-2.1063,0,REST
1039,4.05859375,-8.4418,4.0768,-8.0544,-4.7406,0,REST
1040,4.0625,-9.5841,-4.2576,-5.8659,-5.7513,0,REST
1041,4.06640625,-13.7276,-4.0184,-7.8334,-11.5469,0,REST
1042,4.0703125,-15.2745,-5.5463,-3.6852,-10.9347,0,REST
1043,4.07421875,-13.5995,-8.8514,1.0222,-14.6079,0,REST
1044,4.078125,-7.3915,-11.4873,1.7682,-12.2494,0,REST
1045,4.08203125,-5.6475,-4.5456,3.0095,-10.7384,0,REST
1046,4.0859375,-7.9104,-5.9883,6.437,-8.7155,0,REST
1047,4.08984375,-2.8593,-6.3031,12.9044,-8.816,0,REST
1048,4.09375,1.7501,-1.8429,8.0936,-0.9785,0,REST
1049,4.09765625,3.7464,-2.6749,9.0028,4.7993,0,REST
1050,4.1015625,5.8712,-1.4925,11.4405,4.7563,0,REST
1051,4.10546875,9.7344,2.0333,9.8017,8.8367,0,REST
1052,4.109375,10.0203,2.0082,7.4878,14.6261,0,REST
1053,4.11328125,10.6535,2.8918,6.4023,10.0033,0,REST
1054,4.1171875,8.1026,3.4029,4.3575,10.9826,0,REST
1055,4.12109375,8.6446,5.9837,2.7465,11.705,0,REST
1056,4.125,9.1323,7.633,0.3706,7.5761,0,REST
1057,4.12890625,5.4376,5.5723,-7.4295,9.3198,0,REST
1058,4.1328125,3.5522,2.9385,-5.1654,5.6891,0,REST
1059,4.13671875,1.5402,5.3733,-9.389,5.202,0,REST
1060,4.140625,-1.6903,4.8771,-8.681,-2.5469,0,REST
1061,4.14453125,-0.6288,1.7263,-6.2308,-1.6639,0,REST
1062,4.1484375,-3.6085,3.1863,-9.6514,-5.7434,0,REST
1063,4.15234375,-4.2214,1.8628,-5.9676,-8.1787,0,REST
1064,4.15625,-3.4448,0.29,-2.8517,-5.9591,0,REST
1065,4.16015625,-6.5928,3.8654,-3.3306,-10.475,0,REST
1066,4.1640625,-3.0871,-1.924,-8.857,-13.0417,0,REST
1067,4.16796875,-10.1846,-0.5372,-2.7748,-9.9846,0,REST
1068,4.171875,-3.2866,-5.9108,-0.2289,-13.2324,0,REST
1069,4.17578125,-5.2508,-4.7555,0.0323,-4.938,0,REST
1070,4.1796875,-2.212,-7.1715,3.8637,-4.7369,0,REST
1071,4.18359375,-2.2647,-3.9055,6.6867,-3.3167,0,REST
1072,4.1875,0.7422,-2.6424,3.4215,0.9357,0,REST
1073,4.19140625,1.5324,-2.2274,3.8132,1.3001,0,REST
1074,4.1953125,4.7148,-3.4098,5.5338,7.5088,0,REST
1075,4.19921875,3.7056,-2.2029,8.4734,9.0074,0,REST
1076,4.203125,1.218,-1.3031,4.9166,11.0754,0,REST
1077,4.20703125,1.4942,-2.6542,1.9002,12.7145,0,REST
1078,4.2109375,0.9433,0.8708,3.5593,13.0428,0,REST
1079,4.21484375,4.5119,3.2025,2.2187,10.7559,0,REST
1080,4.21875,3.7863,1.7337,1.8727,9.0018,0,REST
1081,4.22265625,2.4976,3.9947,1.2192,6.3389,0,REST
1082,4.2265625,4.5951,0.8248,1.0996,4.0069,0,REST
1083,4.23046875,2.4347,-0.4123,-2.2958,4.5015,0,REST
1084,4.234375,3.1392,3.184,-4.25,-2.2094,0,REST
1085,4.23828125,0.5544,3.4895,-2.8716,-4.5956,0,REST
1086,4.2421875,0.3933,4.3267,1.7243,-6.794,0,REST
1087,4.24609375,1.0947,2.1969,-1.2847,-11.2552,0,REST
1088,4.25,1.2208,2.893,-3.1501,-12.3364,0,REST
1089,4.25390625,-2.6761,5.203,-0.2895,-11.7599,0,REST
1090,4.2578125,-2.9733,0.0747,-4.509,-8.3798,0,REST
1091,4.26171875,-1.2035,2.9747,-5.1124,-7.1692,0,REST
1092,4.265625,-4.8539,-0.5995,-0.997,-7.6422,0,REST
1093,4.26953125,-5.5481,0.9402,-4.2751,-3.7018,0,REST
1094,4.2734375,-2.0389,0.5612,-2.7708,-2.1075,0,REST
1095,4.27734375,-2.9632,-0.631,-2.1317,1.9055,0,REST
1096,4.28125,-3.0003,-5.3916,-6.0614,4.2287,0,REST
1097,4.28515625,-4.0541,0.2023,-2.2667,5.1235,0,REST
1098,4.2890625,-8.9309,-2.0182,-1.1688,1.3609,0,REST
1099,4.29296875,-0.1509,-5.5085,3.2389,7.2678,0,REST
1100,4.296875,-0.5524,-3.4059,1.5201,6.2864,0,REST
1101,4.30078125,-1.9251,-11.423,1.5308,1.2028,0,REST
1102,4.3046875,-0.8986,-5.4068,1.5219,10.7852,0,REST
1103,4.30859375,0.6963,-5.3005,4.5244,2.7292,0,REST
1104,4.3125,2.5035,-0.1071,4.5458,6.751,0,REST
1105,4.31640625,0.2017,0.4685,6.5246,1.0707,0,REST
1106,4.3203125,5.824,-3.9696,4.2417,1.5104,0,REST
1107,4.32421875,6.9826,0.4998,6.5956,-0.6499,0,REST
1108,4.328125,5.119,-0.6896,7.1076,-1.6561,0,REST
1109,4.33203125,5.2248,7.5898,8.1761,-3.2686,0,REST
1110,4.3359375,7.9134,4.2379,7.9826,-6.7805,0,REST
1111,4.33984375,9.1928,4.4339,6.6062,-6.6722,0,REST
1112,4.34375,6.6745,4.6604,4.134,-6.9039,0,REST
1113,4.34765625,6.2669,3.1844,-1.86,-3.6341,0,REST
1114,4.3515625,3.8919,8.1119,1.5674,-4.8972,0,REST
1115,4.35546875,1.1685,6.64,-6.4376,-2.9524,0,REST
1116,4.359375,0.5651,3.089,-3.5683,-3.3442,0,REST
1117,4.36328125,-0.7162,8.8332,-8.0566,0.832,0,REST
1118,4.3671875,-3.3237,1.6221,-7.8479,-2.4412,0,REST
1119,4.37109375,-8.7352,3.5099,-8.9031,-1.6194,0,REST
1120,4.375,-5.9061,-2.522,-8.0372,1.715,0,REST
1121,4.37890625,-8.342,-3.8688,-10.0665,4.0354,0,REST
1122,4.3828125,-11.5308,-3.9595,-5.8942,3.3492,0,REST
1123,4.38671875,-7.4649,-9.3743,-10.7567,1.0799,0,REST
1124,4.390625,-9.3738,-7.8782,-4.4197,1.3292,0,REST
1125,4.39453125,-9.4059,-10.2043,-0.8633,4.4757,0,REST
1126,4.3984375,-6.5157,-6.277,0.1995,3.3816,0,REST
1127,4.40234375,-3.1074,-7.1486,3.0405,3.1824,0,REST
1128,4.40625,-3.4663,-8.7186,2.0119,2.0497,0,REST
1129,4.41015625,-0.3557,-2.5099,8.867,2.9689,0,REST
1130,4.4140625,7.1547,-3.8607,8.8604,2.5675,0,REST
1131,4.41796875,5.9755,-2.3592,10.2934,5.4025,0,REST
1132,4.421875,10.4179,-1.7427,9.2533,1.0637,0,REST
1133,4.42578125,11.0589,6.4755,9.5249,2.0167,0,REST
1134,4.4296875,10.1529,4.7659,8.7658,-0.9078,0,REST
1135,4.43359375,13.0011,6.9135,7.8131,-0.0803,0,REST
1136,4.4375,11.9482,8.57,6.4262,0.9077,0,REST
1137,4.44140625,8.0752,6.8776,-1.9383,-2.5361,0,REST
1138,4.4453125,6.0059,8.0941,0.1357,-0.5863,0,REST
1139,4.44921875,5.3364,11.6504,-4.7894,-3.444,0,REST
1140,4.453125,-1.0366,10.6663,-6.9724,-4.9676,0,REST
1141,4.45703125,-1.8003,5.5911,-7.6329,-2.8065,0,REST
1142,4.4609375,-4.0692,3.6578,-8.8647,-5.6186,0,REST
1143,4.46484375,-7.3559,2.4044,-16.1829,-3.3764,0,REST
1144,4.46875,-17.0972,0.3661,-11.6548,-3.671,0,REST
1145,4.47265625,-13.3099,-4.364,-9.8178,-1.4939,0,REST
1146,4.4765625,-13.384,-3.7764,-12.4145,3.0739,0,REST
1147,4.48046875,-13.4653,-6.406,-8.4941,-2.412,0,REST
1148,4.484375,-9.2746,-6.6893,-6.9269,-3.2649,0,REST
1149,4.48828125,-10.6942,-14.239,-0.8801,2.8897,0,REST
1150,4.4921875,-5.2593,-12.1852,-1.6148,3.2557,0,REST
1151,4.49609375,0.4325,-11.1553,0.9463,4.2347,0,REST
1152,4.5,-0.9165,-7.2447,8.0213,5.5555,0,REST
1153,4.50390625,3.5347,-10.3504,7.6437,5.5613,0,REST
1154,4.5078125,6.3146,-7.2504,12.8473,5.1553,0,REST
1155,4.51171875,8.4985,0.8224,14.7245,7.1644,0,REST
1156,4.515625,11.3387,0.8551,14.7954,4.8227,0,REST
1157,4.51953125,11.5089,1.7245,10.1381,6.2031,0,REST
1158,4.5234375,9.0352,6.8118,12.499,3.2786,0,REST
1159,4.52734375,11.6031,9.4331,8.0401,1.1913,0,REST
1160,4.53125,7.9894,14.4262,5.858,2.5066,0,REST
1161,4.53515625,11.5285,9.6487,2.2525,-2.9775,0,REST
1162,4.5390625,5.4183,13.8667,3.3142,-2.5954,0,REST
1163,4.54296875,4.4974,11.923,-1.4775,-6.3502,0,REST
1164,4.546875,-0.1875,7.7794,-7.9032,-9.3571,0,REST
1165,4.55078125,-3.8914,6.9273,-11.1792,-6.2943,0,REST
1166,4.5546875,-7.1703,3.8583,-10.1236,-9.6219,0,REST
1167,4.55859375,-11.4536,6.3213,-16.1489,-15.1639,0,REST
1168,4.5625,-6.7438,-2.9057,-9.9004,-8.4567,0,REST
1169,4.56640625,-12.2388,-4.5185,-10.2954,-5.2028,0,REST
1170,4.5703125,-12.1956,-10.335,-10.9072,-3.766,0,REST
1171,4.57421875,-12.8872,-9.7486,-6.7922,-1.7661,0,REST
1172,4.578125,-8.8893,-8.4707,-10.1958,1.8269,0,REST
1173,4.58203125,-12.2066,-16.2844,-4.9106,-0.0345,0,REST
1174,4.5859375,-5.849,-11.8747,1.7157,0.4538,0,REST
1175,4.58984375,-1.7875,-10.8963,4.5216,7.0775,0,REST
1176,4.59375,0.9431,-14.0336,1.9554,12.0531,0,REST
1177,4.59765625,5.3482,-10.1429,8.785,9.5232,0,REST
1178,4.6015625,5.4906,-4.3721,10.1114,9.0,0,REST
1179,4.60546875,5.9418,-2.2171,10.1581,14.1296,0,REST
1180,4.609375,7.719,2.4189,10.2423,10.2143,0,REST
1181,4.61328125,4.9677,4.3973,6.4836,6.8127,0,REST
1182,4.6171875,11.483,11.3811,8.4302,9.2957,0,REST
1183,4.62109375,6.0555,8.0514,9.3548,0.3603,0,REST
1184,4.625,4.8607,10.9418,3.7725,3.9517,0,REST
1185,4.62890625,6.0377,14.0737,4.8386,-5.7271,0,REST
1186,4.6328125,4.7673,14.9027,-0.9665,-5.1576,0,REST
1187,4.63671875,7.3216,9.5182,-1.0063,-7.8006,0,REST
1188,4.640625,2.968,13.8442,-3.0082,-9.5021,0,REST
1189,4.64453125,0.3761,8.8833,-8.1753,-13.5948,0,REST
1190,4.6484375,-0.4739,4.0975,-7.5489,-10.4877,0,REST
1191,4.65234375,-4.841,-0.5058,-3.4632,-12.1509,0,REST
1192,4.65625,-9.2534,-4.5952,-6.1214,-10.9966,0,REST
1193,4.66015625,-7.4012,-7.038,-8.5759,-8.131,0,REST
1194,4.6640625,-11.2912,-6.5467,-5.7229,-4.2694,0,REST
1195,4.66796875,-6.007,-11.6398,-4.8139,2.0365,0,REST
1196,4.671875,-10.5418,-8.3833,-3.6583,0.8993,0,REST
1197,4.67578125,-4.103,-10.6688,-2.9916,8.5753,0,REST
1198,4.6796875,-0.3924,-15.0514,-0.2962,7.314,0,REST
1199,4.68359375,-5.3766,-12.9396,-2.4167,11.4267,0,REST
1200,4.6875,-2.7694,-11.0976,-5.5645,14.8231,0,REST
1201,4.69140625,6.5153,-6.5692,3.3326,13.0374,0,REST
1202,4.6953125,1.6104,-2.5035,3.8068,12.2874,0,REST
1203,4.69921875,4.1961,-3.3834,4.5157,12.5719,0,REST
1204,4.703125,0.8304,1.4898,0.6289,9.095,0,REST
1205,4.70703125,0.5717,5.9331,1.1163,4.717,0,REST
1206,4.7109375,1.0411,5.7879,9.2783,3.6573,0,REST
1207,4.71484375,3.6028,7.4895,2.8386,-2.6169,0,REST
1208,4.71875,0.583,12.2875,5.7759,-7.5428,0,REST
1209,4.72265625,3.0317,11.641,3.6046,-6.5709,0,REST
1210,4.7265625,4.4347,9.6395,3.6018,-10.6543,0,REST
1211,4.73046875,0.1671,10.1919,-1.1371,-10.7649,0,REST
1212,4.734375,1.5993,10.0946,-3.5161,-16.7597,0,REST
1213,4.73828125,-1.9125,8.8647,0.8929,-13.3918,0,REST
1214,4.7421875,3.4183,4.8302,2.0115,-13.0214,0,REST
1215,4.74609375,2.5788,0.4363,-2.5199,-9.2754,0,REST
1216,4.75,-2.7438,-2.7424,0.8153,-6.2383,0,REST
1217,4.75390625,1.6418,-2.5158,-3.8937,-5.3216,0,REST
1218,4.7578125,-0.8235,-4.8718,-0.7691,1.2227,0,REST
1219,4.76171875,-2.5847,-6.3781,-0.3414,3.1738,0,REST
1220,4.765625,-2.0981,-8.794,-2.7221,7.1481,0,REST
1221,4.76953125,-3.1844,-8.5514,-1.6413,12.9694,0,REST
1222,4.7734375,-5.8427,-9.7325,-10.3806,6.3945,0,REST
1223,4.77734375,-6.312,-9.2646,-3.4228,12.5866,0,REST
1224,4.78125,-2.8711,-8.0775,-5.145,14.4938,0,REST
1225,4.78515625,-3.5772,-6.5523,-5.1853,12.2711,0,REST
1226,4.7890625,-3.9914,-3.0587,-6.1216,11.3522,0,REST
1227,4.79296875,-2.1192,-4.0489,-7.0865,10.2044,0,REST
1228,4.796875,-2.4723,0.4687,-0.2771,5.0064,0,REST
1229,4.80078125,-3.4846,1.8877,-2.4098,1.6866,0,REST
1230,4.8046875,0.5257,5.5487,-1.8538,-0.3482,0,REST
1231,4.80859375,0.1756,8.1422,0.8983,-1.5881,0,REST
1232,4.8125,0.8575,7.2287,2.6034,-4.9438,0,REST
1233,4.81640625,2.0552,5.9279,6.6919,-8.2751,0,REST
1234,4.8203125,3.3641,6.2795,1.3905,-10.0386,0,REST
1235,4.82421875,3.4155,9.6603,3.1721,-12.8497,0,REST
1236,4.828125,5.7936,8.7512,6.7586,-9.1758,0,REST
1237,4.83203125,7.7362,1.8068,7.8507,-11.6759,0,REST
1238,4.8359375,7.5203,6.9248,8.8784,-9.3104,0,REST
1239,4.83984375,9.138,4.7374,9.9704,-7.4054,0,REST
1240,4.84375,8.2751,-0.9453,6.4226,-2.4738,0,REST
1241,4.84765625,8.5642,-4.7125,7.5931,-2.0397,0,REST
1242,4.8515625,1.3817,-2.3316,4.37,0.8899,0,REST
1243,4.85546875,-0.9193,-4.1828,0.7932,2.695,0,REST
1244,4.859375,3.0702,-7.2511,0.6431,7.6512,0,REST
1245,4.86328125,-4.6153,-11.0879,-0.412,7.0941,0,REST
1246,4.8671875,-4.445,-5.5514,-5.6932,10.9053,0,REST
1247,4.87109375,-9.2906,-6.4318,-4.8536,8.7335,0,REST
1248,4.875,-10.8807,-7.7671,-12.0151,10.4032,0,REST
1249,4.87890625,-8.3744,-5.543,-7.904,4.1948,0,REST
1250,4.8828125,-10.5395,-2.7369,-8.7692,8.1607,0,REST
1251,4.88671875,-12.7981,-3.3782,-8.0657,4.3302,0,REST
1252,4.890625,-13.3732,-0.5722,-7.3629,2.8142,0,REST
1253,4.89453125,-3.5002,5.1655,-6.1042,0.6653,0,REST
1254,4.8984375,-5.7743,0.5039,-7.3375,-4.0367,0,REST
1255,4.90234375,-4.348,0.7513,-4.2017,-1.0692,0,REST
1256,4.90625,1.8635,6.2999,4.2055,-3.9148,0,REST
1257,4.91015625,3.6519,8.8632,6.448,-2.9333,0,REST
1258,4.9140625,3.0444,5.0302,6.1718,-4.7458,0,REST
1259,4.91796875,6.8785,4.6393,11.2275,-3.5031,0,REST
1260,4.921875,6.8414,1.7236,10.851,-5.0217,0,REST
1261,4.92578125,11.5241,5.0869,9.5257,-4.8359,0,REST
1262,4.9296875,12.6572,5.9907,11.1658,-5.0269,0,REST
1263,4.93359375,10.957,1.8135,10.4112,0.4103,0,REST
1264,4.9375,7.8864,1.5475,8.8143,-2.3654,0,REST
1265,4.94140625,10.8826,1.4079,8.8098,-3.8901,0,REST
1266,4.9453125,7.5096,-0.9189,10.7227,-1.4973,0,REST
1267,4.94921875,2.2783,-0.5394,1.4045,2.8568,0,REST
1268,4.953125,1.3805,-5.5982,4.8113,0.5024,0,REST
1269,4.95703125,0.4346,-1.2523,-5.2945,2.7363,0,REST
1270,4.9609375,-4.2461,-3.2537,-8.4824,6.1505,0,REST
1271,4.96484375,-7.392,-6.1357,-9.7714,8.7047,0,REST
1272,4.96875,-9.5618,-6.3512,-9.1814,5.563,0,REST
1273,4.97265625,-13.1783,-2.3997,-12.2914,5.3721,0,REST
1274,4.9765625,-11.5157,-5.6893,-13.0399,3.6305,0,REST
1275,4.98046875,-14.9655,-2.1572,-11.4566,5.0409,0,REST
1276,4.984375,-11.3059,-3.1085,-11.4066,-0.1979,0,REST
1277,4.98828125,-9.1639,-2.6015,-9.4469,4.6559,0,REST
1278,4.9921875,-6.1074,1.275,-7.3659,0.9936,0,REST
1279,4.99609375,-1.5832,-3.3215,-2.2052,1.3823,0,REST
1280,5.0,2.3302,-4.3518,-1.2365,-1.3616,0,REST
1281,5.00390625,2.5738,3.1918,3.5705,-1.14,0,REST
1282,5.0078125,6.387,0.038,4.9689,-2.1472,0,REST
1283,5.01171875,7.3116,0.9997,10.8531,-2.3004,0,REST
1284,5.015625,13.3676,-0.7949,11.4139,-1.1001,0,REST
1285,5.01953125,9.8635,-0.5775,15.1541,-2.5498,0,REST
1286,5.0234375,16.6473,-1.3814,6.7349,-5.5684,0,REST
1287,5.02734375,16.6982,-1.6901,10.8441,1.3519,0,REST
1288,5.03125,11.2796,1.937,13.059,-3.1525,0,REST
1289,5.03515625,8.7348,6.0632,5.8813,-5.5939,0,REST
1290,5.0390625,8.1777,3.8719,4.3697,-4.2248,0,REST
1291,5.04296875,3.5935,5.5945,1.2307,-4.5288,0,REST
1292,5.046875,-2.6424,3.0501,1.0396,-4.1087,0,REST
1293,5.05078125,-2.6978,0.3783,-5.3645,0.6352,0,REST
1294,5.0546875,-4.1121,0.5295,-4.7088,-0.8559,0,REST
1295,5.05859375,-7.3585,2.0625,-9.9022,-2.6849,0,REST
1296,5.0625,-10.6663,-1.1896,-9.6829,2.9683,0,REST
1297,5.06640625,-10.6821,-5.7176,-12.2579,2.8677,0,REST
1298,5.0703125,-11.1628,-1.4411,-7.9271,1.258,0,REST
1299,5.07421875,-10.0519,-0.2112,-13.2862,5.7194,0,REST
1300,5.078125,-12.2943,-7.1724,-10.043,8.492,0,REST
1301,5.08203125,-8.3889,-5.4542,-7.9577,5.4004,0,REST
1302,5.0859375,-9.0001,-5.5078,-6.2216,3.3348,0,REST
1303,5.08984375,-4.3246,-4.8838,-1.2281,6.9986,0,REST
1304,5.09375,0.5524,-3.0189,2.9206,7.6598,0,REST
1305,5.09765625,5.9738,-4.2286,0.3392,3.5125,0,REST
1306,5.1015625,4.1146,-2.8757,8.766,4.3577,0,REST
1307,5.10546875,9.3132,-1.5777,6.7599,1.0809,0,REST
1308,5.109375,9.5714,-0.0227,8.5634,-2.479,0,REST
1309,5.11328125,10.317,0.6294,9.2525,-6.2766,0,REST
1310,5.1171875,9.555,2.7127,11.5158,-2.264,0,REST
1311,5.12109375,9.3019,4.106,9.0516,-6.0003,0,REST
1312,5.125,4.7652,5.2852,6.6878,-6.6286,0,REST
1313,5.12890625,7.9844,7.0972,7.2847,-7.8984,0,REST
1314,5.1328125,3.5009,8.2634,2.9559,-11.3137,0,REST
1315,5.13671875,4.6754,7.6124,4.4069,-5.9057,0,REST
1316,5.140625,-1.7685,9.3686,3.2708,-3.5107,0,REST
1317,5.14453125,-1.1891,5.5149,-0.1604,-3.7723,0,REST
1318,5.1484375,-5.7046,3.7844,-1.1419,-2.3259,0,REST
1319,5.15234375,-2.9984,3.7316,-2.933,-0.9943,0,REST
1320,5.15625,-6.1869,3.1429,-5.921,2.7182,0,REST
1321,5.16015625,-7.429,-1.6842,-7.5383,5.6829,0,REST
1322,5.1640625,-8.0194,-1.7175,-8.5919,4.4748,0,REST
1323,5.16796875,-4.4097,-5.3058,-10.5856,14.1906,0,REST
1324,5.171875,-4.588,-7.0583,-4.7953,6.4446,0,REST
1325,5.17578125,-3.6322,-10.2749,-4.2458,8.8636,0,REST
1326,5.1796875,-5.1915,-9.8338,-1.0072,8.1807,0,REST
1327,5.18359375,-4.471,-9.4734,-5.036,6.6685,0,REST
1328,5.1875,-0.0659,-10.2486,-4.1641,6.1115,0,REST
1329,5.19140625,3.4986,-8.9551,-2.5189,5.6897,0,REST
1330,5.1953125,1.2732,-3.4822,-0.8431,0.5836,0,REST
1331,5.19921875,0.6407,-6.8778,3.1378,-2.1402,0,REST
1332,5.203125,4.5495,-3.8688,4.1297,-4.8727,0,REST
1333,5.20703125,5.6644,1.9262,2.9216,-8.9387,0,REST
1334,5.2109375,4.5773,3.6119,-0.2131,-10.9223,0,REST
1335,5.21484375,5.69,5.5456,1.5754,-10.2848,0,REST
1336,5.21875,3.3947,7.4357,4.8576,-11.0314,0,REST
1337,5.22265625,7.8324,9.5413,3.1541,-15.0551,0,REST
1338,5.2265625,9.2156,13.4928,2.3269,-13.6433,0,REST
1339,5.23046875,2.5912,8.7664,1.5611,-12.1781,0,REST
1340,5.234375,2.7514,8.9673,1.9621,-6.9454,0,REST
1341,5.23828125,2.3125,5.3628,-0.2387,-3.4364,0,REST
1342,5.2421875,0.4763,3.4297,6.6946,1.2856,0,REST
1343,5.24609375,0.6412,3.9657,1.8344,4.4918,0,REST
1344,5.25,-0.3736,3.2133,-0.2746,4.8636,0,REST
1345,5.25390625,-0.4019,-0.3806,0.5481,7.9842,0,REST
1346,5.2578125,-5.3227,-6.6752,2.8956,11.7969,0,REST
1347,5.26171875,-2.0589,-7.6187,-3.6161,14.8062,0,REST
1348,5.265625,-0.724,-8.8542,-1.5229,14.534,0,REST
1349,5.26953125,-4.819,-11.2926,-2.7785,14.5953,0,REST
1350,5.2734375,-3.8096,-12.4928,0.0015,12.8404,0,REST
1351,5.27734375,-1.1144,-14.069,-2.608,8.736,0,REST
1352,5.28125,-3.3855,-15.3689,-4.656,3.5046,0,REST
1353,5.28515625,-2.1836,-10.0215,-7.1444,2.3135,0,REST
1354,5.2890625,-6.1545,-8.045,-3.9324,0.4144,0,REST
1355,5.29296875,-2.9915,-2.1368,-9.1018,-5.7528,0,REST
1356,5.296875,-0.1304,-4.3963,-3.8856,-8.2648,0,REST
1357,5.30078125,-2.3751,2.6863,-1.6195,-7.6096,0,REST
1358,5.3046875,-0.3055,4.5157,-4.9684,-11.677,0,REST
1359,5.30859375,-1.0927,12.2579,-4.933,-12.3394,0,REST
1360,5.3125,1.5899,11.5264,0.353,-10.3146,0,REST
1361,5.31640625,1.7476,12.9411,-2.7042,-9.1383,0,REST
1362,5.3203125,0.4423,11.5293,-1.5616,-8.3905,0,REST
1363,5.32421875,5.4251,11.9126,-1.1928,-7.304,0,REST
1364,5.328125,7.3649,10.5346,3.3376,-3.5913,0,REST
1365,5.33203125,4.2091,8.3368,4.7748,4.1878,0,REST
1366,5.3359375,10.0788,5.9339,5.7856,0.9388,0,REST
1367,5.33984375,7.2184,4.6085,8.0557,6.7017,0,REST
1368,5.34375,7.4538,4.6424,4.7057,10.6787,0,REST
1369,5.34765625,6.2332,-7.6551,7.1718,9.9889,0,REST
1370,5.3515625,4.5563,-2.8023,4.0217,10.967,0,REST
1371,5.35546875,0.9594,-8.48,4.9519,10.2012,0,REST
1372,5.359375,-1.1405,-8.8901,-1.3013,8.5245,0,REST
1373,5.36328125,0.4453,-11.3923,2.1816,11.802,0,REST
1374,5.3671875,-3.8765,-11.7101,-3.6719,7.9918,0,REST
1375,5.37109375,-7.1434,-13.3198,-0.4974,4.856,0,REST
1376,5.375,-8.9414,-11.2692,-6.0794,0.2652,0,REST
1377,5.37890625,-10.7858,-9.2265,-8.3936,-2.0874,0,REST
1378,5.3828125,-6.923,-5.8512,-8.3487,-5.1672,0,REST
1379,5.38671875,-7.1014,-3.782,-8.7511,-6.9227,0,REST
1380,5.390625,-8.5107,-1.7632,-11.0456,-7.9584,0,REST
1381,5.39453125,-9.6558,3.6795,-9.5069,-11.3818,0,REST
1382,5.3984375,-7.8986,2.7905,-9.7768,-8.5492,0,REST
1383,5.40234375,-4.4765,9.3618,-5.2555,-11.6227,0,REST
1384,5.40625,-0.9395,10.2846,-3.4817,-11.0358,0,REST
1385,5.41015625,1.4905,10.6217,-3.1701,-8.7686,0,REST
1386,5.4140625,4.625,10.382,-0.4191,-7.1558,0,REST
1387,5.41796875,4.116,12.1181,-0.2195,-1.1554,0,REST
1388,5.421875,10.0794,10.6016,3.5229,-2.6835,0,REST
1389,5.42578125,12.6199,6.6071,5.3073,0.2739,0,REST
1390,5.4296875,10.2985,7.3639,8.9184,5.5994,0,REST
1391,5.43359375,12.2599,7.119,10.0011,6.477,0,REST
1392,5.4375,6.8211,-2.0819,12.9182,7.7272,0,REST
1393,5.44140625,9.5025,-1.7685,12.2514,12.6301,0,REST
1394,5.4453125,6.2531,-4.548,12.1526,10.2318,0,REST
1395,5.44921875,3.3907,-9.0852,8.2355,9.0004,0,REST
1396,5.453125,2.1783,-10.4315,8.0586,8.3288,0,REST
1397,5.45703125,-3.238,-9.7176,4.5353,3.5439,0,REST
1398,5.4609375,-5.6259,-9.2995,2.7394,4.9006,0,REST
1399,5.46484375,-7.1778,-13.0656,1.6615,2.6796,0,REST
1400,5.46875,-14.5186,-10.8725,-6.5962,-1.6989,0,REST
1401,5.47265625,-12.6148,-9.1924,-5.3846,-3.0692,0,REST
1402,5.4765625,-12.8352,-3.4103,-11.8478,-8.6869,0,REST
1403,5.48046875,-13.3803,-6.2042,-16.4355,-6.721,0,REST
1404,5.484375,-10.5861,-3.688,-10.9506,-7.6003,0,REST
1405,5.48828125,-7.1381,3.9592,-12.5863,-7.7526,0,REST
1406,5.4921875,-8.6736,5.9741,-12.2584,-3.7561,0,REST
1407,5.49609375,-4.6322,8.5453,-8.5577,-8.0491,0,REST
1408,5.5,0.352,12.5044,-5.6571,-5.1347,0,REST
1409,5.50390625,0.9405,6.6268,-8.7063,-3.9224,0,REST
1410,5.5078125,9.013,10.36,-3.69,-0.7869,0,REST
1411,5.51171875,10.2711,13.9046,1.6429,-1.6902,0,REST
1412,5.515625,11.1052,12.5221,6.1907,1.4782,0,REST
1413,5.51953125,12.4354,10.5264,8.4965,-2.5698,0,REST
1414,5.5234375,12.3122,6.9315,10.7713,1.6575,0,REST
1415,5.52734375,13.51,5.0271,10.4345,5.2998,0,REST
1416,5.53125,9.6074,0.5219,12.2383,4.6864,0,REST
1417,5.53515625,5.9835,-2.0071,14.6072,6.4726,0,REST
1418,5.5390625,5.9919,-4.7979,9.049,4.3646,0,REST
1419,5.54296875,7.0051,-10.8575,9.41,2.8178,0,REST
1420,5.546875,0.3128,-10.8301,7.7393,5.1615,0,REST
1421,5.55078125,-3.8274,-8.0543,6.3331,2.1206,0,REST
1422,5.5546875,-1.3525,-13.3214,2.1635,-0.9153,0,REST
1423,5.55859375,-9.604,-9.6218,-0.5893,3.6931,0,REST
1424,5.5625,-7.3992,-9.5852,-9.7316,1.7032,0,REST
1425,5.56640625,-12.4421,-7.1909,-6.8642,-1.1058,0,REST
1426,5.5703125,-11.8115,-7.1198,-6.9553,0.0811,0,REST
1427,5.57421875,-12.7363,-1.8156,-5.2298,-0.2845,0,REST
1428,5.578125,-8.0021,-1.2146,-12.2589,-0.9736,0,REST
1429,5.58203125,-5.2019,-0.9641,-11.5094,-2.6969,0,REST
1430,5.5859375,-5.5829,0.9582,-10.7633,-0.7136,0,REST
1431,5.58984375,-1.3936,6.4379,-12.8883,-6.1457,0,REST
1432,5.59375,-0.0286,4.7457,-7.652,-6.0542,0,REST
1433,5.59765625,4.828,7.7116,-3.0808,-3.2323,0,REST
1434,5.6015625,10.8552,6.4411,-2.6119,-4.5513,0,REST
1435,5.60546875,6.1151,7.4674,-0.2568,-2.3201,0,REST
1436,5.609375,11.1401,9.3119,7.7691,-4.2091,0,REST
1437,5.61328125,12.2659,4.3903,4.6768,-10.0984,0,REST
1438,5.6171875,10.2248,5.0946,8.166,-3.5922,0,REST
1439,5.62109375,10.3913,2.1419,9.925,0.7872,0,REST
1440,5.625,10.0911,-0.2492,10.9147,-3.0646,0,REST
1441,5.62890625,8.4582,-3.6825,12.0375,-0.1203,0,REST
1442,5.6328125,5.6346,-4.8792,8.1302,-0.8683,0,REST
1443,5.63671875,2.5109,-4.183,12.434,2.8029,0,REST
1444,5.640625,3.1966,-2.7821,7.9999,3.1144,0,REST
1445,5.64453125,-0.8005,-5.5142,6.0919,3.4993,0,REST
1446,5.6484375,-2.505,-4.3041,4.356,4.6996,0,REST
1447,5.65234375,-8.3272,-4.9201,-1.3815,4.1123,0,REST
1448,5.65625,-8.4667,-4.5037,0.0817,6.6222,0,REST
1449,5.66015625,-4.2989,-5.9634,-4.9182,2.8566,0,REST
1450,5.6640625,-4.491,-6.6919,-5.2946,6.6175,0,REST
1451,5.66796875,-6.1572,-2.0154,-7.2356,6.073,0,REST
1452,5.671875,-7.5469,4.0829,-6.0559,-1.0074,0,REST
1453,5.67578125,-4.2695,0.6696,-6.9595,5.2258,0,REST
1454,5.6796875,-6.6854,1.5689,-7.2649,-3.0068,0,REST
1455,5.68359375,-4.4544,2.1732,-8.0541,-2.1423,0,REST
1456,5.6875,-1.8727,2.9166,-4.5773,-3.0561,0,REST
1457,5.69140625,4.6827,2.9298,-4.3202,-4.8963,0,REST
1458,5.6953125,2.3262,2.7019,-2.5584,-4.8473,0,REST
1459,5.69921875,3.7608,3.5719,-2.3475,-2.2876,0,REST
1460,5.703125,5.7832,0.6835,-0.228,-1.4375,0,REST
1461,5.70703125,1.6549,3.9619,1.6987,-7.332,0,REST
1462,5.7109375,4.8245,4.7383,0.1568,-6.2818,0,REST
1463,5.71484375,3.0913,3.4115,1.1297,-3.8216,0,REST
1464,5.71875,6.4399,0.119,3.9189,-4.6064,0,REST
1465,5.72265625,4.5318,2.3986,5.7056,-1.2002,0,REST
1466,5.7265625,1.1498,0.5016,2.3389,1.3779,0,REST
1467,5.73046875,2.3999,-0.4243,3.0672,5.7901,0,REST
1468,5.734375,3.1744,-0.3754,2.4654,7.7502,0,REST
1469,5.73828125,-0.2336,-1.4774,5.4114,6.7926,0,REST
1470,5.7421875,-1.1463,-3.3312,-1.8543,8.258,0,REST
1471,5.74609375,3.053,-5.5885,5.7222,9.3491,0,REST
1472,5.75,1.5949,-5.6973,2.9605,8.511,0,REST
1473,5.75390625,-3.1277,-2.1567,2.0793,8.9891,0,REST
1474,5.7578125,-2.067,-6.0204,3.8396,5.4886,0,REST
1475,5.76171875,-3.44,-2.4215,2.0595,1.9962,0,REST
1476,5.765625,-3.1099,-3.671,-3.559,4.3684,0,REST
1477,5.76953125,-1.1239,-1.1565,-2.6537,-1.758,0,REST
1478,5.7734375,-2.0624,0.1256,1.8651,-2.4026,0,REST
1479,5.77734375,1.0401,-1.5061,0.8101,-8.242,0,REST
1480,5.78125,-2.9975,-2.275,-5.1545,-7.0397,0,REST
1481,5.78515625,-4.396,0.5411,-0.931,-6.6102,0,REST
1482,5.7890625,-8.9624,-1.2579,-4.3188,-6.6809,0,REST
1483,5.79296875,-4.6226,0.5865,-2.4275,-12.8371,0,REST
1484,5.796875,-0.3173,-0.0793,-0.6429,-8.5263,0,REST
1485,5.80078125,-1.281,-5.1286,-7.2526,-11.4657,0,REST
1486,5.8046875,-2.9176,3.4774,-7.1318,-9.1874,0,REST
1487,5.80859375,-0.3721,3.1159,-3.6433,-3.6784,0,REST
1488,5.8125,0.1833,3.5985,-5.0076,-3.9097,0,REST
1489,5.81640625,1.27,6.0375,-4.6857,0.5583,0,REST
1490,5.8203125,4.1367,4.0488,-5.9354,5.9772,0,REST
1491,5.82421875,7.9272,4.5926,-0.0169,5.0184,0,REST
1492,5.828125,6.1576,3.7968,-4.2357,9.4946,0,REST
1493,5.83203125,7.9292,2.3484,1.2085,9.7384,0,REST
1494,5.8359375,8.0734,2.1031,8.4589,12.9636,0,REST
1495,5.83984375,4.2017,1.0338,5.2922,11.3525,0,REST
1496,5.84375,9.7806,-3.5617,6.9398,15.9084,0,REST
1497,5.84765625,6.2427,-3.5192,6.9361,12.2757,0,REST
1498,5.8515625,4.9132,-2.768,7.9022,6.5032,0,REST
1499,5.85546875,1.2127,-5.1607,8.0947,2.3092,0,REST
1500,5.859375,-2.9101,-5.8327,10.1834,-0.3892,0,REST
1501,5.86328125,-0.5616,-7.1413,7.5937,-1.2762,0,REST
1502,5.8671875,-5.8387,-6.0666,3.2278,-5.2347,0,REST
1503,5.87109375,-6.5112,-5.9262,5.198,-10.609,0,REST
1504,5.875,-7.7878,-6.168,3.7857,-12.3958,0,REST
1505,5.87890625,-8.4919,-6.5768,1.7686,-15.765,0,REST
1506,5.8828125,-11.3193,-6.0487,-4.6122,-9.8627,0,REST
1507,5.88671875,-6.2102,-2.6203,-8.6226,-11.7949,0,REST
1508,5.890625,-5.2933,-4.9487,-6.8149,-10.1914,0,REST
1509,5.89453125,-3.8195,1.5553,-11.1028,-5.7409,0,REST
1510,5.8984375,-4.2768,0.501,-10.2372,-4.0015,0,REST
1511,5.90234375,-0.3628,2.7887,-10.2335,3.5093,0,REST
1512,5.90625,-1.0394,4.0461,-9.6694,3.8242,0,REST
1513,5.91015625,0.9392,7.362,-7.5923,11.3216,0,REST
1514,5.9140625,8.7866,11.1897,-4.3688,4.5404,0,REST
1515,5.91796875,5.4643,10.4545,-3.5963,10.3504,0,REST
1516,5.921875,9.9698,6.9864,-1.6754,11.8258,0,REST
1517,5.92578125,15.4366,4.8121,1.314,12.7815,0,REST
1518,5.9296875,10.531,5.4933,4.9403,12.2028,0,REST
1519,5.93359375,9.8056,2.2921,6.3419,13.097,0,REST
1520,5.9375,12.8421,-0.2986,7.8286,7.9826,0,REST
1521,5.94140625,11.4502,3.2842,12.5928,4.9545,0,REST
1522,5.9453125,8.7323,-2.43,16.7527,1.6551,0,REST
1523,5.94921875,3.1316,-2.9692,11.3245,0.6256,0,REST
1524,5.953125,1.8382,-3.6568,14.5597,-5.7819,0,REST
1525,5.95703125,-2.0926,-11.0309,10.7134,-7.4108,0,REST
1526,5.9609375,-4.3036,-8.1564,10.9669,-11.7862,0,REST
1527,5.96484375,-9.3046,-11.0595,6.4003,-13.2065,0,REST
1528,5.96875,-11.5237,-8.9133,1.5599,-9.1622,0,REST
1529,5.97265625,-12.7371,-10.6713,-2.3501,-13.5634,0,REST
1530,5.9765625,-16.7575,-4.8824,-3.3548,-12.4299,0,REST
1531,5.98046875,-12.5529,-1.406,-8.1954,-8.7272,0,REST
1532,5.984375,-12.5732,-0.1071,-9.3089,-6.6848,0,REST
1533,5.98828125,-10.8534,-1.2584,-10.2578,-3.9028,0,REST
1534,5.9921875,-5.9122,4.1584,-14.3045,-1.1073,0,REST
1535,5.99609375,-6.3702,1.5438,-16.7677,3.3775,0,REST
1536,6.0,1.1837,8.3076,-11.9597,2.6022,0,REST
1537,6.00390625,5.0276,11.9337,-13.7693,10.4912,0,REST
1538,6.0078125,5.2767,7.1843,-7.8329,8.758,0,REST
1539,6.01171875,8.9324,9.6791,-4.7219,8.3067,0,REST
1540,6.015625,11.5519,10.9938,-4.2515,10.6467,0,REST
1541,6.01953125,12.2133,8.4374,-2.8193,12.2332,0,REST
1542,6.0234375,14.6895,8.7109,3.5415,9.6891,0,REST
1543,6.02734375,11.8759,5.0101,1.6369,8.5089,0,REST
1544,6.03125,8.7923,5.9661,9.3615,6.1646,0,REST
1545,6.03515625,13.0368,-1.9349,11.2747,-0.059,0,REST
1546,6.0390625,4.5682,-3.7756,14.6811,-0.5908,0,REST
1547,6.04296875,5.2176,-5.4074,11.5365,-1.7606,0,REST
1548,6.046875,1.5662,-8.4131,9.0697,-2.3511,0,REST
1549,6.05078125,-2.1622,-13.6342,10.3468,-7.5256,0,REST
1550,6.0546875,-5.09,-11.1583,6.8335,-8.4877,0,REST
1551,6.05859375,-8.4052,-9.2347,5.2662,-8.5904,0,REST
1552,6.0625,-12.0462,-12.6295,6.0076,-11.6587,0,REST
1553,6.06640625,-12.9121,-13.29,-0.5084,-8.3797,0,REST
1554,6.0703125,-13.1995,-8.0258,-3.2321,-7.8133,0,REST
1555,6.07421875,-14.2295,-5.2797,-9.2211,-2.4592,0,REST
1556,6.078125,-6.2903,-5.89,-7.886,-2.8031,0,REST
1557,6.08203125,-7.6531,4.5949,-8.9545,-1.1581,0,REST
1558,6.0859375,-6.5258,3.8449,-13.7698,-1.3567,0,REST
1559,6.08984375,-2.5101,6.5257,-13.1091,3.0496,0,REST
1560,6.09375,-0.7012,9.0604,-14.0462,2.8698,0,REST
1561,6.09765625,-0.1238,14.0371,-12.6859,5.6414,0,REST
1562,6.1015625,6.1018,13.2569,-7.9671,3.8698,0,REST
1563,6.10546875,8.4078,12.1647,-4.6241,6.4258,0,REST
1564,6.109375,10.8939,11.1501,-0.1653,6.5413,0,REST
1565,6.11328125,10.8219,10.5351,-2.4971,6.4288,0,REST
1566,6.1171875,8.014,12.5831,0.2336,1.6388,0,REST
1567,6.12109375,9.3006,5.1038,5.0255,1.3137,0,REST
1568,6.125,9.1049,2.8629,5.9354,5.8679,0,REST
1569,6.12890625,5.8043,-1.3173,7.6414,1.2314,0,REST
1570,6.1328125,6.1287,-3.1837,8.5997,0.4104,0,REST
1571,6.13671875,3.2504,-10.6929,6.3334,-2.9556,0,REST
1572,6.140625,-1.1067,-8.908,5.2077,0.3661,0,REST
1573,6.14453125,-0.5016,-9.1065,7.4506,-5.7683,0,REST
1574,6.1484375,-2.0679,-6.9754,4.3259,-3.9548,0,REST
1575,6.15234375,-5.7692,-11.6391,3.4806,-1.2726,0,REST
1576,6.15625,-7.474,-13.2159,3.375,-4.8505,0,REST
1577,6.16015625,-9.1738,-8.7529,1.3074,-4.0972,0,REST
1578,6.1640625,-9.0437,-9.5646,0.4251,-4.3933,0,REST
1579,6.16796875,-5.999,-3.9939,-3.4166,-3.6826,0,REST
1580,6.171875,-6.1051,-1.8638,-2.7317,-1.8262,0,REST
1581,6.17578125,-1.3045,-0.3313,-2.2112,-1.2986,0,REST
1582,6.1796875,-3.2574,4.7281,-7.3159,-1.5944,0,REST
1583,6.18359375,-2.0125,5.4414,-5.2144,-4.1053,0,REST
1584,6.1875,0.0785,6.4578,-3.5705,-0.7185,0,REST
1585,6.19140625,1.3061,12.458,-4.7958,-1.3054,0,REST
1586,6.1953125,2.2248,9.3878,-5.2938,-2.0958,0,REST
1587,6.19921875,6.0739,13.1466,-0.7355,0.8034,0,REST
1588,6.203125,6.1304,9.0809,-4.2969,1.6577,0,REST
1589,6.20703125,0.5719,12.8457,-5.0448,1.1053,0,REST
1590,6.2109375,4.905,10.7407,-0.9762,2.5564,0,REST
1591,6.21484375,4.0622,7.8323,0.2086,2.7978,0,REST
1592,6.21875,1.806,1.5084,-1.1973,0.944,0,REST
1593,6.22265625,3.6866,0.3813,0.1343,2.5375,0,REST
1594,6.2265625,-0.6587,-3.1584,-0.8368,3.0224,0,REST
1595,6.23046875,2.0999,-3.6462,4.7528,5.3303,0,REST
1596,6.234375,1.7415,-8.875,2.0097,4.5132,0,REST
1597,6.23828125,-0.4173,-10.2216,1.3872,4.4772,0,REST
1598,6.2421875,0.2006,-11.2706,4.6562,0.714,0,REST
1599,6.24609375,0.8686,-10.4602,1.6662,-0.0089,0,REST
1600,6.25,0.617,-12.0603,-2.8372,-1.9502,0,REST
1601,6.25390625,1.1422,-10.2069,1.1294,-4.0775,0,REST
1602,6.2578125,0.0312,-8.1579,3.1378,-1.1488,0,REST
1603,6.26171875,0.0246,-4.7691,0.9388,-3.8063,0,REST
1604,6.265625,-0.565,0.687,4.3846,-4.862,0,REST
1605,6.26953125,-3.4625,1.7274,4.1805,-7.3508,0,REST
1606,6.2734375,-4.3505,2.0177,1.6465,-7.6156,0,REST
1607,6.27734375,-4.4696,7.831,4.9699,-4.5796,0,REST
1608,6.28125,-4.4575,4.8905,-0.3917,-5.1724,0,REST
1609,6.28515625,-4.2346,8.5753,-2.0763,-6.4006,0,REST
1610,6.2890625,-3.661,13.8784,2.5155,-2.8126,0,REST
1611,6.29296875,-5.4549,10.6645,-2.3305,-4.9061,0,REST
1612,6.296875,-2.856,9.9553,-4.04,-0.1314,0,REST
1613,6.30078125,-2.141,6.258,-3.8117,6.409,0,REST
1614,6.3046875,0.8088,5.49,-5.2412,6.6117,0,REST
1615,6.30859375,-2.5744,6.6723,-4.6971,8.129,0,REST
1616,6.3125,3.2433,2.1466,-3.6672,5.5442,0,REST
1617,6.31640625,3.8222,0.2841,-5.5454,6.4629,0,REST
1618,6.3203125,3.2095,-2.0572,-3.0261,8.448,0,REST
1619,6.32421875,3.3586,-9.074,-5.3738,8.2606,0,REST
1620,6.328125,4.2968,-6.4561,-3.778,3.4991,0,REST
1621,6.33203125,6.1665,-10.7837,-3.4575,8.3411,0,REST
1622,6.3359375,8.8531,-12.7675,-3.0852,3.5904,0,REST
1623,6.33984375,6.1023,-12.6571,0.2498,4.9253,0,REST
1624,6.34375,4.1167,-10.775,7.3204,-4.6811,0,REST
1625,6.34765625,7.2922,-6.0208,4.2296,-5.9798,0,REST
1626,6.3515625,7.3668,-5.6517,5.3292,-8.6137,0,REST
1627,6.35546875,5.1989,-8.8137,6.3116,-7.183,0,REST
1628,6.359375,3.5277,-4.9306,8.9293,-12.0675,0,REST
1629,6.36328125,-0.7291,1.0967,7.6742,-14.422,0,REST
1630,6.3671875,-1.4895,3.9892,8.9745,-4.647,0,REST
1631,6.37109375,-6.0013,3.6784,8.6838,-9.0806,0,REST
1632,6.375,-7.6705,7.4325,3.8396,-5.9005,0,REST
1633,6.37890625,-13.1577,5.1175,3.0639,-5.6755,0,REST
1634,6.3828125,-11.6126,8.7568,1.1062,-3.5698,0,REST
1635,6.38671875,-5.8146,8.1961,2.9185,1.1613,0,REST
1636,6.390625,-6.9317,5.7876,-1.3268,2.3706,0,REST
1637,6.39453125,-7.0246,2.5475,-6.8601,9.0929,0,REST
1638,6.3984375,-5.8429,4.6866,-8.4358,6.5801,0,REST
1639,6.40234375,-3.9525,7.0306,-9.562,8.5324,0,REST
1640,6.40625,-0.7367,3.0534,-14.6328,10.6117,0,REST
1641,6.41015625,3.4873,-2.7301,-13.5837,15.3965,0,REST
1642,6.4140625,6.2085,0.4369,-14.1338,10.3302,0,REST
1643,6.41796875,8.2232,-6.6742,-7.4759,8.6188,0,REST
1644,6.421875,8.3039,-6.074,-7.7251,4.8499,0,REST
1645,6.42578125,10.9138,-2.3658,-1.206,6.9834,0,REST
1646,6.4296875,14.1118,-4.2921,-1.0953,-0.9072,0,REST
1647,6.43359375,12.0032,-9.8795,-0.315,-4.3601,0,REST
1648,6.4375,11.3618,-4.0365,4.0295,-4.8836,0,REST
1649,6.44140625,8.6204,-4.7902,5.8673,-2.4241,0,REST
1650,6.4453125,8.2988,-7.0167,8.2116,-13.7122,0,REST
1651,6.44921875,1.9215,-2.3751,13.1534,-12.2221,0,REST
1652,6.453125,-1.4513,-5.1971,8.282,-13.3437,0,REST
1653,6.45703125,-1.1255,-1.6207,14.5388,-9.4459,0,REST
1654,6.4609375,-8.6027,1.4364,10.7957,-13.392,0,REST
1655,6.46484375,-13.6038,2.9985,12.5014,-11.077,0,REST
1656,6.46875,-7.4946,0.661,10.3126,-5.7413,0,REST
1657,6.47265625,-14.0646,0.3626,5.6329,-2.8653,0,REST
1658,6.4765625,-15.9835,0.4101,1.9991,2.7725,0,REST
1659,6.48046875,-7.4695,5.1101,2.0817,2.6252,0,REST
1660,6.484375,-12.9667,4.2924,1.0492,6.5655,0,REST
1661,6.48828125,-9.4396,2.815,-5.2364,10.5756,0,REST
1662,6.4921875,-4.3062,4.6038,-8.744,12.5727,0,REST
1663,6.49609375,-2.578,3.3575,-12.9065,14.2907,0,REST
1664,6.5,1.3582,2.8669,-12.26,9.8215,0,REST
1665,6.50390625,4.7961,3.661,-13.4882,14.6432,0,REST
1666,6.5078125,9.9789,2.7859,-9.2675,10.2838,0,REST
1667,6.51171875,7.112,2.4155,-11.319,7.7039,0,REST
1668,6.515625,11.1236,-1.5731,-7.665,1.4376,0,REST
1669,6.51953125,15.211,0.9709,-5.3443,1.404,0,REST
1670,6.5234375,13.7262,0.0745,-6.7733,-3.0494,0,REST
1671,6.52734375,10.828,-1.9767,-2.1622,-5.6631,0,REST
1672,6.53125,9.6962,-2.9352,5.6496,-9.545,0,REST
1673,6.53515625,5.9733,-3.7594,9.9792,-12.9038,0,REST
1674,6.5390625,2.9038,-2.3085,8.0893,-13.3299,0,REST
1675,6.54296875,2.381,-4.0956,8.2966,-12.3866,0,REST
1676,6.546875,-2.0666,-1.3269,12.4952,-7.8284,0,REST
1677,6.55078125,-5.6369,-3.1243,9.763,-11.1097,0,REST
1678,6.5546875,-8.6774,-5.0589,11.292,-8.9908,0,REST
1679,6.55859375,-3.9256,-2.4862,10.5417,-4.3737,0,REST
1680,6.5625,-11.3339,1.0369,9.3707,1.3418,0,REST
1681,6.56640625,-11.3907,-1.2174,7.4933,-2.9365,0,REST
1682,6.5703125,-10.3317,0.8106,3.0002,1.0526,0,REST
1683,6.57421875,-10.7888,0.9276,3.7344,1.768,0,REST
1684,6.578125,-12.3901,-2.6352,-0.5515,5.6312,0,REST
1685,6.58203125,-6.3744,4.5411,-3.1537,8.5547,0,REST
1686,6.5859375,-4.0707,1.5742,-5.8969,15.858,0,REST
1687,6.58984375,-2.0223,3.3189,-10.743,7.1773,0,REST
1688,6.59375,2.298,3.4139,-10.8281,11.6343,0,REST
1689,6.59765625,1.2797,4.032,-9.7303,4.6603,0,REST
1690,6.6015625,8.2009,1.1917,-13.1784,4.8218,0,REST
1691,6.60546875,7.6206,8.7143,-11.4134,5.456,0,REST
1692,6.609375,11.9393,4.6829,-10.4821,-1.0014,0,REST
1693,6.61328125,7.1872,0.8677,-7.0527,2.2112,0,REST
1694,6.6171875,10.2315,3.607,-3.3332,-4.9356,0,REST
1695,6.62109375,8.4909,-1.7205,1.4457,-7.5853,0,REST
1696,6.625,7.1249,0.198,1.1476,-7.6011,0,REST
1697,6.62890625,6.2332,0.6409,6.0756,-10.6827,0,REST
1698,6.6328125,-0.7691,-3.1143,2.5907,-10.6721,0,REST
1699,6.63671875,2.8201,-0.6814,7.3398,-8.0433,0,REST
1700,6.640625,-2.0573,-1.5407,5.9468,-6.6006,0,REST
1701,6.64453125,-0.7229,-6.6958,7.1564,-0.5491,0,REST
1702,6.6484375,-5.4159,-4.3713,8.3575,-1.7855,0,REST
1703,6.65234375,-5.8075,-7.1094,9.091,-4.0598,0,REST
1704,6.65625,-8.3183,-5.3952,5.293,0.7846,0,REST
1705,6.66015625,-6.8677,-6.6632,7.4829,2.2808,0,REST
1706,6.6640625,-8.613,-7.4466,5.0214,3.0195,0,REST
1707,6.66796875,-2.8854,-0.0059,2.2578,7.2001,0,REST
1708,6.671875,-3.5613,-3.8648,0.3003,5.6089,0,REST
1709,6.67578125,-3.6771,1.3597,-1.6445,11.5641,0,REST
1710,6.6796875,-4.2364,-0.7962,-1.854,11.198,0,REST
1711,6.68359375,-3.8224,3.1859,-3.3591,4.692,0,REST
1712,6.6875,0.1237,8.7459,-6.9333,5.6984,0,REST
1713,6.69140625,0.1452,5.8381,-6.7908,0.1982,0,REST
1714,6.6953125,4.5078,7.9995,0.7951,-0.3682,0,REST
1715,6.69921875,8.5542,6.6442,-2.6256,4.0281,0,REST
1716,6.703125,1.3777,11.5941,-5.4247,-0.625,0,REST
1717,6.70703125,5.6745,8.0911,-2.5393,0.243,0,REST
1718,6.7109375,6.1168,4.643,-2.1598,-3.4151,0,REST
1719,6.71484375,3.1242,5.7863,-0.1506,-5.4693,0,REST
1720,6.71875,4.531,1.3361,-4.626,-4.2588,0,REST
1721,6.72265625,6.3685,-1.451,-4.4027,-2.1859,0,REST
1722,6.7265625,4.3674,0.5015,-0.8275,-4.4259,0,REST
1723,6.73046875,2.2022,-4.0442,-2.2433,-2.9878,0,REST
1724,6.734375,1.268,-6.5044,1.5842,-4.8395,0,REST
1725,6.73828125,0.8675,-7.7936,1.287,1.9808,0,REST
1726,6.7421875,1.9197,-5.8892,-0.5115,-0.1397,0,REST
1727,6.74609375,0.4364,-8.8075,1.7468,-2.1571,0,REST
1728,6.75,-1.6928,-8.4427,0.4623,0.415,0,REST
1729,6.75390625,-1.3285,-13.666,1.5068,-1.1961,0,REST
1730,6.7578125,-2.2366,-9.1117,2.779,-2.1596,0,REST
1731,6.76171875,-5.157,-6.651,5.7566,0.0185,0,REST
1732,6.765625,-1.8688,-9.9725,2.9681,1.1787,0,REST
1733,6.76953125,-1.6723,-1.7692,2.8726,4.8018,0,REST
1734,6.7734375,-3.9187,2.403,3.1246,0.548,0,REST
1735,6.77734375,-3.0801,4.5384,3.8569,0.8077,0,REST
1736,6.78125,-2.7906,4.1179,4.9471,1.4112,0,REST
1737,6.78515625,-7.4552,6.924,3.4594,0.4798,0,REST
1738,6.7890625,-6.816,8.123,2.7216,3.5233,0,REST
1739,6.79296875,-2.5091,12.4566,0.0544,0.0041,0,REST
1740,6.796875,-4.1099,14.877,-0.2508,3.8395,0,REST
1741,6.80078125,-4.2245,14.5051,1.9158,6.5937,0,REST
1742,6.8046875,-1.0172,13.104,1.3651,4.6869,0,REST
1743,6.80859375,-1.4128,7.8792,-3.446,1.508,0,REST
1744,6.8125,2.1234,1.3093,-2.9396,3.2971,0,REST
1745,6.81640625,2.9604,1.2129,-8.7008,1.7401,0,REST
1746,6.8203125,1.7728,-1.006,-4.3149,2.4034,0,REST
1747,6.82421875,8.5709,-4.4061,-4.2174,-2.1856,0,REST
1748,6.828125,2.826,-10.7597,-5.3411,-4.6033,0,REST
1749,6.83203125,6.4866,-7.7595,-6.6348,-4.1652,0,REST
1750,6.8359375,8.3998,-8.0209,-6.0109,-7.2172,0,REST
1751,6.83984375,8.0955,-13.7011,-2.1007,-7.1539,0,REST
1752,6.84375,8.0402,-9.7954,-3.2849,-4.9412,0,REST
1753,6.84765625,4.0922,-14.5247,0.5149,-4.2084,0,REST
1754,6.8515625,3.8562,-6.3091,-0.1231,-3.375,0,REST
1755,6.85546875,3.9841,-9.1005,2.4556,-6.4852,0,REST
1756,6.859375,-1.6253,-5.0744,6.7288,0.4366,0,REST
1757,6.86328125,-2.2894,-3.3396,10.9084,-2.9378,0,REST
1758,6.8671875,-3.7417,1.6494,11.3422,-0.9116,0,REST
1759,6.87109375,-7.5938,5.3459,7.0666,1.6184,0,REST
1760,6.875,-10.6855,4.1339,10.2453,4.5011,0,REST
1761,6.87890625,-10.9141,10.5456,7.8695,1.4611,0,REST
1762,6.8828125,-8.8137,10.5087,7.6716,4.2719,0,REST
1763,6.88671875,-8.9273,13.4163,5.9566,6.1625,0,REST
1764,6.890625,-9.1126,10.29,4.8704,9.7491,0,REST
1765,6.89453125,-10.3432,15.9873,-4.5669,6.3524,0,REST
1766,6.8984375,-4.4385,6.9876,0.7245,7.1954,0,REST
1767,6.90234375,-1.5439,7.2501,-0.9363,8.6455,0,REST
1768,6.90625,-2.6629,4.1905,-6.891,3.434,0,REST
1769,6.91015625,3.459,6.5278,-12.2154,2.9661,0,REST
1770,6.9140625,4.0343,-0.5126,-11.2557,-1.9587,0,REST
1771,6.91796875,7.848,-7.0551,-9.8756,-5.6853,0,REST
1772,6.921875,9.5416,-6.3417,-10.2545,-8.5914,0,REST
1773,6.92578125,14.5155,-12.3096,-9.0817,-10.6829,0,REST
1774,6.9296875,16.1057,-11.2683,-11.1534,-13.2695,0,REST
1775,6.93359375,12.7476,-11.0733,-2.897,-9.2888,0,REST
1776,6.9375,10.6964,-13.2292,-3.1552,-6.16,0,REST
1777,6.94140625,8.2521,-12.76,-3.5509,-9.9897,0,REST
1778,6.9453125,9.3383,-10.6903,0.0616,-9.3215,0,REST
1779,6.94921875,4.6972,-7.162,1.8614,-7.7923,0,REST
1780,6.953125,1.0911,-1.2051,7.5941,-2.022,0,REST
1781,6.95703125,-1.1619,-1.2905,6.7047,-0.2934,0,REST
1782,6.9609375,-5.8288,1.5945,12.9329,3.1248,0,REST
1783,6.96484375,-8.9276,5.6669,11.3292,4.238,0,REST
1784,6.96875,-15.8428,7.0737,17.5767,10.0525,0,REST
1785,6.97265625,-9.517,9.9464,12.6531,8.3392,0,REST
1786,6.9765625,-12.1494,13.2976,8.6527,6.7338,0,REST
1787,6.98046875,-13.2219,12.4218,8.5595,9.2939,0,REST
1788,6.984375,-14.6928,11.1239,7.0212,9.4368,0,REST
1789,6.98828125,-5.7214,10.3204,0.2436,9.6556,0,REST
1790,6.9921875,-5.711,9.6432,-1.5653,8.5147,0,REST
1791,6.99609375,-0.3641,7.3072,-6.4978,6.6037,0,REST
1792,7.0,0.9354,3.3572,-10.9119,3.3985,0,REST
1793,7.00390625,4.8619,3.3652,-8.7952,0.4122,0,REST
1794,7.0078125,4.2457,-5.0861,-12.964,-4.5955,0,REST
1795,7.01171875,8.2477,-6.7597,-14.3697,-6.9967,0,REST
1796,7.015625,14.2834,-7.0328,-13.753,-6.3252,0,REST
1797,7.01953125,15.6093,-7.7386,-13.4883,-12.4542,0,REST
1798,7.0234375,13.4101,-8.0849,-12.7954,-16.0438,0,REST
1799,7.02734375,10.1338,-12.877,-8.0547,-6.7989,0,REST
1800,7.03125,9.1701,-11.9948,-1.3534,-11.8371,0,REST
1801,7.03515625,7.5036,-11.1192,-1.4507,-8.8948,0,REST
1802,7.0390625,6.121,-12.4259,0.495,-6.5668,0,REST
1803,7.04296875,0.6177,-8.2916,7.548,-2.5919,0,REST
1804,7.046875,0.1176,-4.2021,2.1682,3.7832,0,REST
1805,7.05078125,-1.5926,-2.969,13.9575,1.091,0,REST
1806,7.0546875,-5.0773,-1.6776,12.1311,2.2842,0,REST
1807,7.05859375,-9.9246,4.7506,11.3003,5.8761,0,REST
1808,7.0625,-9.5088,8.0332,16.3278,14.2174,0,REST
1809,7.06640625,-8.3417,12.7915,13.578,13.4948,0,REST
1810,7.0703125,-10.9352,12.2496,11.9904,11.0804,0,REST
1811,7.07421875,-15.3879,13.169,8.9397,14.2887,0,REST
1812,7.078125,-9.1541,8.1211,9.3519,13.0008,0,REST
1813,7.08203125,-5.5883,11.3184,-2.0682,6.7274,0,REST
1814,7.0859375,-4.7007,10.0821,0.3233,4.0641,0,REST
1815,7.08984375,-0.9355,3.8518,-3.1516,0.0163,0,REST
1816,7.09375,-0.9517,4.7527,-6.145,-0.0558,0,REST
1817,7.09765625,1.6125,1.0028,-6.8796,-7.3308,0,REST
1818,7.1015625,7.4896,-0.1918,-11.5888,-8.3583,0,REST
1819,7.10546875,7.6559,0.0722,-11.1113,-6.5266,0,REST
1820,7.109375,7.4714,-5.0522,-12.2974,-8.4933,0,REST
1821,7.11328125,11.7612,-7.3301,-10.8223,-7.9445,0,REST
1822,7.1171875,10.0831,-10.4243,-9.1141,-12.0969,0,REST
1823,7.12109375,8.1496,-7.9888,-7.7689,-11.1436,0,REST
1824,7.125,8.6972,-8.3027,-5.0839,-12.2609,0,REST
1825,7.12890625,4.0584,-9.813,-2.5633,-5.4377,0,REST
1826,7.1328125,-1.8877,-8.1226,1.4086,-6.7761,0,REST
1827,7.13671875,0.1009,-2.0302,1.8801,-0.8433,0,REST
1828,7.140625,-5.2474,-0.4631,1.6691,1.4119,0,REST
1829,7.14453125,-4.1141,-1.695,2.2664,2.4245,0,REST
1830,7.1484375,-2.7459,0.3199,6.8949,6.6331,0,REST
1831,7.15234375,-1.1364,2.5012,8.3953,10.2364,0,REST
1832,7.15625,-4.1697,4.1271,10.6501,9.9168,0,REST
1833,7.16015625,-4.4251,6.8734,8.3821,12.2098,0,REST
1834,7.1640625,-3.6469,6.2355,6.4419,11.3179,0,REST
1835,7.16796875,-8.4477,10.7833,4.9808,9.4886,0,REST
1836,7.171875,-7.6951,8.4142,3.7204,9.7169,0,REST
1837,7.17578125,-3.4856,9.5171,5.185,1.3176,0,REST
1838,7.1796875,-5.2358,2.0448,3.8708,-1.9112,0,REST
1839,7.18359375,-1.1014,6.3896,2.1234,-0.1008,0,REST
1840,7.1875,1.3973,3.8013,3.5597,-0.7612,0,REST
1841,7.19140625,0.2947,1.701,-1.3363,-6.2313,0,REST
1842,7.1953125,1.1935,0.6475,-1.3401,-11.2321,0,REST
1843,7.19921875,3.1218,-0.7522,-7.4287,-8.9607,0,REST
1844,7.203125,3.3545,-4.1366,-3.8076,-6.06,0,REST
1845,7.20703125,6.272,-4.3666,-4.0361,-10.9211,0,REST
1846,7.2109375,5.2634,-4.7055,-1.5427,-11.0029,0,REST
1847,7.21484375,2.0244,-3.3678,-5.2727,-7.0883,0,REST
1848,7.21875,6.2773,-8.4445,-4.0797,-4.9567,0,REST
1849,7.22265625,1.8173,-4.2945,-2.6622,-4.0685,0,REST
1850,7.2265625,2.9544,-2.9522,-1.727,-2.993,0,REST
1851,7.23046875,3.7084,-6.7987,-2.1858,2.1362,0,REST
1852,7.234375,-3.1406,-1.8536,0.1662,3.5838,0,REST
1853,7.23828125,4.7434,-3.8819,-1.4995,8.6309,0,REST
1854,7.2421875,0.121,1.451,-0.8345,4.2251,0,REST
1855,7.24609375,-0.2597,2.8422,1.9712,6.2965,0,REST
1856,7.25,0.7618,0.033,-2.1651,7.3206,0,REST
1857,7.25390625,-2.6806,1.894,-0.246,5.1424,0,REST
1858,7.2578125,-0.2144,1.6133,5.7692,3.5903,0,REST
1859,7.26171875,-2.0149,4.8464,5.4742,7.9283,0,REST
1860,7.265625,4.4145,4.204,0.8116,0.9276,0,REST
1861,7.26953125,-0.7846,3.927,1.203,0.4345,0,REST
1862,7.2734375,-2.2112,1.9584,2.9793,-2.9759,0,REST
1863,7.27734375,-2.7032,2.294,0.8992,0.9364,0,REST
1864,7.28125,-3.5392,3.7813,2.9213,-2.7379,0,REST
1865,7.28515625,-2.1101,3.0384,3.6445,-8.0383,0,REST
1866,7.2890625,-4.6763,3.1589,1.6599,-5.4854,0,REST
1867,7.29296875,-3.2728,1.8726,2.7392,-4.0136,0,REST
1868,7.296875,-5.0123,0.4469,1.486,-6.2745,0,REST
1869,7.30078125,-0.1195,-2.8396,2.6343,-4.0802,0,REST
1870,7.3046875,1.4192,-4.6255,-0.7797,-4.8354,0,REST
1871,7.30859375,-1.6965,-3.6292,-3.4464,2.8115,0,REST
1872,7.3125,2.6233,-2.7525,-1.8389,0.5962,0,REST
1873,7.31640625,6.0852,1.9261,-3.3009,-4.7321,0,REST
1874,7.3203125,4.5594,-4.966,-3.2961,-2.8351,0,REST
1875,7.32421875,2.7975,-5.1476,-2.9337,0.8432,0,REST
1876,7.328125,3.7055,-3.8886,-7.9861,3.4974,0,REST
1877,7.33203125,5.8068,-2.4261,-8.9196,-0.3202,0,REST
1878,7.3359375,7.7295,-1.8698,-9.7837,-0.1035,0,REST
1879,7.33984375,7.7888,-2.8606,-5.9681,4.8709,0,REST
1880,7.34375,3.9888,0.5281,-6.2851,2.9979,0,REST
1881,7.34765625,4.7968,-1.4172,-5.0932,2.9664,0,REST
1882,7.3515625,8.0682,-3.4478,-3.2946,2.6813,0,REST
1883,7.35546875,0.1528,-1.7065,-5.8233,0.0,0,REST
1884,7.359375,-2.8692,-2.6176,3.3293,1.5748,0,REST
1885,7.36328125,-2.3152,0.8129,1.0542,2.9452,0,REST
1886,7.3671875,-5.9429,0.5201,3.0138,2.3044,0,REST
1887,7.37109375,-4.3072,1.2438,7.2249,2.9715,0,REST
1888,7.375,-8.1749,5.148,6.9179,1.3012,0,REST
1889,7.37890625,-12.4437,7.2807,9.252,0.7382,0,REST
1890,7.3828125,-7.3001,6.9064,9.7369,2.0326,0,REST
1891,7.38671875,-11.7441,2.1342,6.553,2.4869,0,REST
1892,7.390625,-10.2214,3.7074,8.0078,0.442,0,REST
1893,7.39453125,-11.7698,4.9304,8.4018,1.432,0,REST
1894,7.3984375,-7.2737,3.1117,7.8927,-1.6943,0,REST
1895,7.40234375,-3.4101,0.6549,1.3361,-3.0895,0,REST
1896,7.40625,5.3884,4.9501,-1.1412,-3.9808,0,REST
1897,7.41015625,3.9747,0.3649,-4.4319,-3.6586,0,REST
1898,7.4140625,3.2199,-1.3167,-6.0845,-4.8306,0,REST
1899,7.41796875,8.8558,2.1712,-8.9989,-5.8992,0,REST
1900,7.421875,7.154,-2.5097,-6.2887,-4.6885,0,REST
1901,7.42578125,11.5314,-11.2755,-8.6313,-4.4591,0,REST
1902,7.4296875,11.1972,-6.2971,-15.1375,-0.7991,0,REST
1903,7.43359375,10.3116,-8.6119,-13.1378,-2.7726,0,REST
1904,7.4375,9.1616,-7.3736,-10.8,-0.9362,0,REST
1905,7.44140625,5.228,-7.7738,-11.3546,1.0777,0,REST
1906,7.4453125,6.9109,-6.1813,-7.6471,3.2917,0,REST
1907,7.44921875,4.3249,-5.4332,-4.4353,8.3276,0,REST
1908,7.453125,0.9377,-5.5643,1.1012,8.333,0,REST
1909,7.45703125,-6.4074,-2.6863,6.4892,9.4755,0,REST
1910,7.4609375,-3.4342,1.903,6.1914,8.085,0,REST
1911,7.46484375,-8.7914,3.4769,10.2339,3.9701,0,REST
1912,7.46875,-12.0533,1.7314,11.0753,6.473,0,REST
1913,7.47265625,-13.2863,4.4906,8.3278,6.9655,0,REST
1914,7.4765625,-14.4304,10.8265,12.2855,3.253,0,REST
1915,7.48046875,-10.5973,8.1489,13.0659,2.9299,0,REST
1916,7.484375,-7.1991,7.3804,11.2121,2.8586,0,REST
1917,7.48828125,-11.9264,7.3672,8.3427,0.7641,0,REST
1918,7.4921875,-7.8232,9.0291,1.6824,-2.6415,0,REST
1919,7.49609375,-1.1812,7.1195,5.0125,-3.2257,0,REST
1920,7.5,1.4965,5.0948,-0.8167,-9.0507,0,REST
1921,7.50390625,5.9962,3.4931,-1.4048,-10.5972,0,REST
1922,7.5078125,5.64,-0.9883,-6.5962,-8.6489,0,REST
1923,7.51171875,10.0167,-4.19,-10.5241,-6.2336,0,REST
1924,7.515625,10.7834,-3.4375,-12.2778,-10.5305,0,REST
1925,7.51953125,12.0078,-6.4348,-9.7166,-7.8917,0,REST
1926,7.5234375,16.3108,-8.3382,-15.1464,-3.9162,0,REST
1927,7.52734375,10.9145,-9.0001,-11.7185,-1.7973,0,REST
1928,7.53125,11.0479,-6.1763,-11.69,-0.6587,0,REST
1929,7.53515625,6.8887,-8.3101,-8.2744,3.0341,0,REST
1930,7.5390625,5.4287,-8.3978,-7.3837,8.6616,0,REST
1931,7.54296875,2.8422,-7.6516,-6.5755,5.3756,0,REST
1932,7.546875,-4.0175,-9.036,0.3196,10.0338,0,REST
1933,7.55078125,-0.8126,-4.2571,4.3847,12.1885,0,REST
1934,7.5546875,-9.5265,-1.3687,2.6164,10.8263,0,REST
1935,7.55859375,-11.8887,1.1396,9.4678,11.1187,0,REST
1936,7.5625,-13.0012,4.702,8.6837,8.0018,0,REST
1937,7.56640625,-11.131,8.85,9.7357,5.3711,0,REST
1938,7.5703125,-12.4081,6.251,11.1317,2.3089,0,REST
1939,7.57421875,-11.0055,9.3363,15.0167,1.7386,0,REST
1940,7.578125,-7.7806,11.7099,9.2741,-1.3492,0,REST
1941,7.58203125,-4.8921,12.152,9.1665,-3.6651,0,REST
1942,7.5859375,-3.4625,9.6537,8.7276,-8.4003,0,REST
1943,7.58984375,-3.0218,5.8463,3.7567,-11.8646,0,REST
1944,7.59375,3.0721,4.6425,-0.3409,-13.2853,0,REST
1945,7.59765625,2.1828,2.9666,-1.0395,-12.278,0,REST
1946,7.6015625,6.1691,0.0036,-1.4927,-10.9889,0,REST
1947,7.60546875,10.8434,-2.2452,-5.9231,-13.9869,0,REST
1948,7.609375,8.5639,-5.115,-8.2034,-8.535,0,REST
1949,7.61328125,10.3363,-7.2008,-10.061,-3.8661,0,REST
1950,7.6171875,6.7592,-10.3176,-11.653,-1.853,0,REST
1951,7.62109375,5.4472,-10.7455,-7.5266,0.6099,0,REST
1952,7.625,8.4531,-14.2175,-6.329,6.2966,0,REST
1953,7.62890625,7.4003,-13.831,-6.2863,6.8431,0,REST
1954,7.6328125,3.0945,-6.8333,-3.6828,11.3924,0,REST
1955,7.63671875,3.3263,-7.7912,-2.9685,10.8613,0,REST
1956,7.640625,0.4762,-6.9189,-2.9534,11.4143,0,REST
1957,7.64453125,-1.2901,-3.6037,1.0423,13.6669,0,REST
1958,7.6484375,-5.5074,0.4632,1.504,12.9663,0,REST
1959,7.65234375,-10.2395,3.1611,4.9515,12.6208,0,REST
1960,7.65625,-6.6585,3.9453,5.3462,5.0577,0,REST
1961,7.66015625,-9.9186,8.4401,5.3992,9.745,0,REST
1962,7.6640625,-7.4176,10.8558,8.6074,0.8651,0,REST
1963,7.66796875,-7.5181,12.9908,3.1912,-0.2923,0,REST
1964,7.671875,-6.919,13.8443,7.4003,-4.969,0,REST
1965,7.67578125,-2.5454,16.4336,6.4424,-9.1917,0,REST
1966,7.6796875,-4.7724,9.1289,0.8029,-7.6051,0,REST
1967,7.68359375,0.3352,6.7744,2.4876,-9.053,0,REST
1968,7.6875,0.5982,7.5805,4.7991,-13.5009,0,REST
1969,7.69140625,0.061,5.7627,1.3593,-12.5752,0,REST
1970,7.6953125,4.6998,1.7662,0.8703,-11.7917,0,REST
1971,7.69921875,3.4636,-3.3669,-0.0269,-9.3531,0,REST
1972,7.703125,6.1765,-6.7809,-3.2527,-5.9016,0,REST
1973,7.70703125,4.6138,-7.0782,-0.7145,-2.4904,0,REST
1974,7.7109375,5.0167,-11.1193,-6.4709,-1.3273,0,REST
1975,7.71484375,4.9383,-11.3123,-2.2322,3.9709,0,REST
1976,7.71875,2.9889,-12.0542,-2.3927,5.964,0,REST
1977,7.72265625,5.918,-12.3156,-2.4323,11.4517,0,REST
1978,7.7265625,2.2583,-14.2383,-3.2698,12.454,0,REST
1979,7.73046875,0.6552,-5.7048,-5.6201,11.785,0,REST
1980,7.734375,2.5672,-7.7909,-2.1166,11.7888,0,REST
1981,7.73828125,1.2461,-1.7956,-5.9091,12.4068,0,REST
1982,7.7421875,-0.6946,-0.9854,-1.3664,9.6377,0,REST
1983,7.74609375,0.801,4.1476,-2.0734,6.2559,0,REST
1984,7.75,-1.7856,5.6917,1.1617,4.7159,0,REST
1985,7.75390625,-1.2837,9.2431,-2.3968,0.1662,0,REST
1986,7.7578125,-4.1072,12.7676,-2.2232,-1.3029,0,REST
1987,7.76171875,0.0522,9.4379,3.3195,-5.4012,0,REST
1988,7.765625,-0.6355,11.496,4.2646,-6.4302,0,REST
1989,7.76953125,0.6684,13.9206,-1.5733,-8.1992,0,REST
1990,7.7734375,-0.8244,11.3522,1.4286,-13.2095,0,REST
1991,7.77734375,-0.5343,5.2456,2.8956,-7.907,0,REST
1992,7.78125,-6.7628,5.0029,2.0351,-10.1876,0,REST
1993,7.78515625,-3.5107,3.5444,5.2336,-8.0654,0,REST
1994,7.7890625,-6.4653,-0.3484,5.0804,-0.8491,0,REST
1995,7.79296875,0.0756,-3.9332,6.3643,-5.6045,0,REST
1996,7.796875,-5.4566,-9.7525,3.9231,-6.0529,0,REST
1997,7.80078125,0.9899,-9.6096,2.2085,2.2909,0,REST
1998,7.8046875,1.0081,-10.5104,4.3293,2.7093,0,REST
1999,7.80859375,-2.0603,-11.2455,3.6304,2.6426,0,REST
2000,7.8125,1.1525,-10.9373,1.181,5.7728,0,REST
2001,7.81640625,-0.3657,-8.3699,2.0548,9.3098,0,REST
2002,7.8203125,3.2597,-11.8621,-3.6826,7.5969,0,REST
2003,7.82421875,5.6147,-10.8746,-5.2043,8.0989,0,REST
2004,7.828125,6.7351,-3.4212,-6.6447,4.9396,0,REST
2005,7.83203125,7.2244,-1.8763,-7.6242,7.1608,0,REST
2006,7.8359375,8.9215,-1.3915,-7.3439,3.6421,0,REST
2007,7.83984375,4.5383,2.6953,-6.0428,2.5185,0,REST
2008,7.84375,8.1833,5.1828,-9.5818,3.6806,0,REST
2009,7.84765625,5.7112,9.029,-8.7659,2.3992,0,REST
2010,7.8515625,4.2281,8.2708,-7.3946,-4.3839,0,REST
2011,7.85546875,3.4446,7.4929,-4.7372,-3.9158,0,REST
2012,7.859375,-2.0867,8.5647,-3.2989,-6.1072,0,REST
2013,7.86328125,1.3658,8.9612,-4.6438,-4.5233,0,REST
2014,7.8671875,-3.5144,8.1759,1.3323,-8.066,0,REST
2015,7.87109375,-4.3429,4.2471,1.924,-5.6493,0,REST
2016,7.875,-11.129,6.8564,5.3533,-5.6191,0,REST
2017,7.87890625,-10.1939,4.4346,6.9766,-8.4637,0,REST
2018,7.8828125,-8.5776,-4.283,9.0842,-2.7119,0,REST
2019,7.88671875,-9.9535,-2.0213,3.5794,-1.5524,0,REST
2020,7.890625,-10.9509,-7.5661,10.8209,2.3798,0,REST
2021,7.89453125,-7.8632,-4.7558,12.747,3.0687,0,REST
2022,7.8984375,-2.6122,-6.194,8.6476,-0.7723,0,REST
2023,7.90234375,-2.6293,-6.1931,7.7764,1.0129,0,REST
2024,7.90625,2.3055,-9.8413,2.6554,0.785,0,REST
2025,7.91015625,2.1981,-7.1449,3.904,4.808,0,REST
2026,7.9140625,2.6672,-6.2575,0.4336,2.7754,0,REST
2027,7.91796875,5.8629,-3.6172,-3.3426,3.6364,0,REST
2028,7.921875,7.0979,0.2209,-3.5919,4.6235,0,REST
2029,7.92578125,12.8252,-1.6958,-6.7765,4.2016,0,REST
2030,7.9296875,14.3022,-0.7038,-9.8895,3.9961,0,REST
2031,7.93359375,11.766,5.1233,-8.9224,5.1275,0,REST
2032,7.9375,8.5467,0.7248,-14.7501,0.4667,0,REST
2033,7.94140625,12.248,-0.0481,-13.4753,4.3394,0,REST
2034,7.9453125,5.1583,3.5033,-11.2885,1.7647,0,REST
2035,7.94921875,4.0156,7.2439,-9.9731,2.4852,0,REST
2036,7.953125,2.5157,7.8176,-10.6233,0.4599,0,REST
2037,7.95703125,-2.2087,6.6265,-7.6798,-0.0656,0,REST
2038,7.9609375,-6.9833,6.7603,0.2664,0.852,0,REST
2039,7.96484375,-8.9095,4.0043,6.2095,-1.3469,0,REST
2040,7.96875,-8.6163,5.9473,8.2586,-4.5498,0,REST
2041,7.97265625,-12.1231,1.2768,7.3688,-9.0227,0,REST
2042,7.9765625,-12.1287,2.762,9.7635,-1.1919,0,REST
2043,7.98046875,-12.6088,-8.0225,16.9094,-3.4277,0,REST
2044,7.984375,-12.1241,-3.2856,8.5449,-3.7845,0,REST
2045,7.98828125,-10.4537,-6.1242,9.3052,-4.1223,0,REST
2046,7.9921875,-3.6689,-3.4525,14.6069,-6.7021,0,REST
2047,7.99609375,-4.2084,-4.4766,5.6883,-1.4937,0,REST
2048,8.0,0.2769,-6.1857,5.2387,-1.3795,0,REST
2049,8.00390625,2.6024,-1.5644,-0.2973,2.1243,0,REST
2050,8.0078125,8.0121,-2.8411,1.7471,0.1346,0,REST
2051,8.01171875,7.7987,-4.0751,-1.6294,0.1696,0,REST
2052,8.015625,12.4057,-4.4773,-5.7778,0.8041,0,REST
2053,8.01953125,11.9077,-1.9339,-2.0892,4.5003,0,REST
2054,8.0234375,11.9204,-0.0842,-11.9897,5.9652,0,REST
2055,8.02734375,11.148,-1.4765,-13.62,6.2712,0,REST
2056,8.03125,10.4226,2.4011,-11.5472,7.9179,0,REST
2057,8.03515625,10.6563,1.8179,-12.0491,6.0639,0,REST
2058,8.0390625,4.651,5.9335,-12.9455,5.8598,0,REST
2059,8.04296875,-0.4751,-0.5142,-9.3413,4.1156,0,REST
2060,8.046875,0.8618,2.2663,-10.5627,4.6699,0,REST
2061,8.05078125,-2.0712,4.9044,-1.0127,2.5595,0,REST
2062,8.0546875,-6.0734,4.8496,-2.1156,1.793,0,REST
2063,8.05859375,-6.4854,5.8256,1.594,-2.1957,0,REST
2064,8.0625,-9.8983,1.7525,4.0865,-4.9239,0,REST
2065,8.06640625,-10.0419,3.8831,7.4481,-5.8112,0,REST
2066,8.0703125,-12.3553,1.4776,5.3314,-7.2981,0,REST
2067,8.07421875,-12.4075,2.3396,10.7041,-6.1977,0,REST
2068,8.078125,-7.7881,2.8466,8.7224,-8.2655,0,REST
2069,8.08203125,-10.792,3.3076,16.3295,-7.1029,0,REST
2070,8.0859375,-3.4214,2.9779,7.9213,-9.5386,0,REST
2071,8.08984375,-3.7821,-3.8859,12.7058,-7.3794,0,REST
2072,8.09375,-0.4715,-0.7428,7.0105,-5.2878,0,REST
2073,8.09765625,-0.0063,-1.0739,4.6862,-4.8162,0,REST
2074,8.1015625,3.8939,-1.4723,4.6091,-1.0647,0,REST
2075,8.10546875,8.8916,0.7166,-1.7045,3.09,0,REST
2076,8.109375,9.5444,-4.2654,-1.532,9.7713,0,REST
2077,8.11328125,10.3182,-3.1483,-8.3322,7.8954,0,REST
2078,8.1171875,4.3312,-2.7582,-9.6903,7.9765,0,REST
2079,8.12109375,10.1683,-4.6544,-9.3474,13.3663,0,REST
2080,8.125,7.5082,-5.5598,-11.4422,12.3236,0,REST
2081,8.12890625,5.6743,-2.8045,-4.9195,13.2845,0,REST
2082,8.1328125,8.5955,0.3834,-3.5851,8.0468,0,REST
2083,8.13671875,7.7017,-1.693,-4.6854,7.227,0,REST
2084,8.140625,-0.0505,-2.6877,-8.2081,6.3933,0,REST
2085,8.14453125,0.6452,-1.4554,-6.0378,2.3357,0,REST
2086,8.1484375,-4.4658,-2.7288,-2.4347,4.535,0,REST
2087,8.15234375,-7.3592,2.4593,-2.8547,-3.5975,0,REST
2088,8.15625,-6.3901,5.5729,-0.8035,-7.4846,0,REST
2089,8.16015625,-5.3192,4.7603,6.8508,-10.6543,0,REST
2090,8.1640625,-4.6723,9.2336,5.7796,-10.1875,0,REST
2091,8.16796875,-7.8989,1.4027,8.2053,-13.7289,0,REST
2092,8.171875,-6.6022,3.743,6.5289,-10.2823,0,REST
2093,8.17578125,-7.0611,4.6137,5.8345,-10.8837,0,REST
2094,8.1796875,-5.0907,8.8936,9.6994,-9.9229,0,REST
2095,8.18359375,-1.4339,8.7716,6.343,-8.7314,0,REST
2096,8.1875,2.0206,2.3841,9.1491,-3.2833,0,REST
2097,8.19140625,-1.3207,6.2244,4.8015,-3.177,0,REST
2098,8.1953125,-3.1238,-0.1717,5.2564,4.0885,0,REST
2099,8.19921875,5.9985,-0.856,-1.8408,6.0811,0,REST
2100,8.203125,5.7679,-2.2402,1.381,8.937,0,REST
2101,8.20703125,6.3498,-9.4025,-0.738,9.3888,0,REST
2102,8.2109375,5.7352,-5.8151,0.4881,12.9593,0,REST
2103,8.21484375,2.7316,-6.4431,-1.5676,13.9318,0,REST
2104,8.21875,7.3555,-10.366,0.481,11.4834,0,REST
2105,8.22265625,2.4796,-9.8273,-5.8926,12.3105,0,REST
2106,8.2265625,3.9765,-7.1425,-4.1731,9.3888,0,REST
2107,8.23046875,1.1421,-6.3905,-5.7634,6.0021,0,REST
2108,8.234375,3.7252,-1.9935,-3.9439,3.2663,0,REST
2109,8.23828125,-1.5706,-5.8995,-5.9505,2.2623,0,REST
2110,8.2421875,-1.9943,-3.3956,-3.604,-7.2543,0,REST
2111,8.24609375,0.5807,1.3533,-1.6477,-5.3167,0,REST
2112,8.25,1.6436,2.4235,-4.8065,-9.4082,0,REST
2113,8.25390625,1.2072,6.3743,-3.8133,-13.4774,0,REST
2114,8.2578125,0.0809,6.8716,-5.1314,-16.0984,0,REST
2115,8.26171875,-5.8652,9.7692,0.4072,-9.8421,0,REST
2116,8.265625,0.206,7.5344,1.6357,-13.515,0,REST
2117,8.26953125,-2.7224,9.7378,0.1398,-8.317,0,REST
2118,8.2734375,-1.9133,6.8752,-0.5658,-11.2655,0,REST
2119,8.27734375,-2.8243,8.5259,2.8714,-1.2419,0,REST
2120,8.28125,-1.6031,6.7538,0.0236,3.7549,0,REST
2121,8.28515625,-4.6421,1.5173,0.2992,0.3873,0,REST
2122,8.2890625,-1.7033,0.3101,4.4442,-0.6199,0,REST
2123,8.29296875,-0.4289,-3.2532,8.3057,10.9819,0,REST
2124,8.296875,-2.0093,-4.965,3.9994,12.3603,0,REST
2125,8.30078125,-4.358,-4.0878,8.6084,11.9724,0,REST
2126,8.3046875,-1.2388,-4.2468,4.715,12.1999,0,REST
2127,8.30859375,0.3579,-8.2485,4.6837,11.5159,0,REST
2128,8.3125,-2.1327,-11.981,6.8387,8.5883,0,REST
2129,8.31640625,2.6547,-11.843,2.795,10.3551,0,REST
2130,8.3203125,0.4573,-12.8737,2.9642,6.1875,0,REST
2131,8.32421875,5.0293,-7.767,3.3299,0.9129,0,REST
2132,8.328125,7.1139,-6.4846,-4.8699,3.6968,0,REST
2133,8.33203125,7.9161,-7.0231,-2.6699,-5.6546,0,REST
2134,8.3359375,7.2696,-3.2928,-4.3219,-7.2546,0,REST
2135,8.33984375,10.219,0.6439,-4.2153,-2.5913,0,REST
2136,8.34375,5.8214,0.7976,-5.1311,-7.6669,0,REST
2137,8.34765625,5.1097,2.5027,-7.2744,-9.7556,0,REST
2138,8.3515625,8.2324,10.2992,-8.0457,-7.5078,0,REST
2139,8.35546875,1.8895,10.3011,-11.5357,-7.41,0,REST
2140,8.359375,1.1598,12.9633,-7.9383,-7.8377,0,REST
2141,8.36328125,-1.4717,12.0142,-5.6417,-5.4822,0,REST
2142,8.3671875,-5.027,11.0952,-4.1925,-4.0015,0,REST
2143,8.37109375,-6.3209,8.9754,-1.4348,-2.731,0,REST
2144,8.375,-4.8605,9.1408,-1.3333,2.9264,0,REST
2145,8.37890625,-11.1607,5.1267,4.5177,3.9154,0,REST
2146,8.3828125,-7.1441,0.0954,2.9186,3.733,0,REST
2147,8.38671875,-5.2576,0.8108,7.5073,6.9598,0,REST
2148,8.390625,-11.5073,-3.3045,11.8139,7.6638,0,REST
2149,8.39453125,-8.9192,-7.3046,10.5659,11.9022,0,REST
2150,8.3984375,-6.5199,-11.655,12.8524,8.3729,0,REST
2151,8.40234375,1.1185,-9.8986,11.3236,8.9917,0,REST
2152,8.40625,0.5427,-12.8582,10.7279,3.8054,0,REST
2153,8.41015625,2.8119,-10.7425,8.3632,4.4033,0,REST
2154,8.4140625,4.6046,-14.0853,5.947,-1.8653,0,REST
2155,8.41796875,5.907,-10.2676,2.0341,0.9066,0,REST
2156,8.421875,6.3707,-11.0161,-0.9371,-2.3676,0,REST
2157,8.42578125,9.9674,-4.7686,3.069,-5.53,0,REST
2158,8.4296875,12.5162,-2.1804,-2.3009,-4.9052,0,REST
2159,8.43359375,12.1417,0.8897,-8.9904,-5.4669,0,REST
2160,8.4375,10.6681,6.705,-11.8771,-4.0967,0,REST
2161,8.44140625,9.7558,8.6146,-11.6456,-7.0784,0,REST
2162,8.4453125,6.4555,12.5304,-11.4423,-3.813,0,REST
2163,8.44921875,6.459,12.1297,-7.9184,-5.0116,0,REST
2164,8.453125,0.1423,14.0139,-12.8909,-3.9496,0,REST
2165,8.45703125,-3.2235,14.7398,-12.3165,-3.7934,0,REST
2166,8.4609375,-4.6165,10.0336,-7.449,0.4318,0,REST
2167,8.46484375,-7.617,9.9312,-7.2512,-3.7059,0,REST
2168,8.46875,-13.1939,10.419,-3.1969,2.9679,0,REST
2169,8.47265625,-10.5923,5.8494,4.1935,4.0738,0,REST
2170,8.4765625,-11.4989,3.4612,2.7836,2.2778,0,REST
2171,8.48046875,-12.7172,-2.6678,11.7905,1.4131,0,REST
2172,8.484375,-9.1077,-3.1227,7.3588,2.7647,0,REST
2173,8.48828125,-11.5907,-6.9517,11.4428,4.6452,0,REST
2174,8.4921875,-7.1611,-10.6445,11.595,-0.4454,0,REST
2175,8.49609375,-4.6794,-10.1009,11.4499,6.8956,0,REST
2176,8.5,-1.9729,-13.7377,11.277,5.4845,0,REST
2177,8.50390625,5.5335,-16.315,9.9143,-0.7845,0,REST
2178,8.5078125,6.8541,-7.7292,7.7304,2.9258,0,REST
2179,8.51171875,7.2617,-10.5764,10.0768,3.5581,0,REST
2180,8.515625,8.0703,-8.4209,4.8806,0.758,0,REST
2181,8.51953125,13.4753,-5.7619,-2.0223,0.1683,0,REST
2182,8.5234375,12.3346,-1.5468,-5.359,1.1927,0,REST
2183,8.52734375,12.0156,3.1765,-7.8801,0.4512,0,REST
2184,8.53125,14.3029,3.7674,-7.4391,-1.775,0,REST
2185,8.53515625,4.2534,7.2041,-10.836,-2.1896,0,REST
2186,8.5390625,5.6728,11.8899,-10.198,3.57,0,REST
2187,8.54296875,5.1569,7.7629,-13.6856,-3.7813,0,REST
2188,8.546875,-0.8156,14.6443,-11.5708,-4.7414,0,REST
2189,8.55078125,-4.3705,10.3553,-11.5129,-0.4461,0,REST
2190,8.5546875,-11.0237,8.8377,-9.0866,-2.6264,0,REST
2191,8.55859375,-13.3681,7.9065,-3.3923,-3.0143,0,REST
2192,8.5625,-9.1038,5.3262,-3.0813,-3.5622,0,REST
2193,8.56640625,-9.1335,5.7605,1.8187,-1.7121,0,REST
2194,8.5703125,-10.3442,-0.2975,4.5128,-0.9842,0,REST
2195,8.57421875,-7.5423,-0.151,9.5995,-0.9599,0,REST
2196,8.578125,-8.2638,-2.9716,6.3879,0.5541,0,REST
2197,8.58203125,-7.6588,-5.0525,11.4805,0.673,0,REST
2198,8.5859375,-1.4514,-8.8359,11.7757,4.6997,0,REST
2199,8.58984375,-6.0753,-12.5658,10.4024,2.9775,0,REST
2200,8.59375,4.2006,-9.5094,10.6707,0.2017,0,REST
2201,8.59765625,-3.1206,-11.9895,10.4986,3.8315,0,REST
2202,8.6015625,5.5111,-8.695,8.9175,6.8053,0,REST
2203,8.60546875,4.4652,-7.7041,10.5168,6.6135,0,REST
2204,8.609375,11.9329,-8.2709,1.5266,9.368,0,REST
2205,8.61328125,9.2888,-5.3554,-1.2701,6.5934,0,REST
2206,8.6171875,11.5793,-3.1211,-2.7226,3.7186,0,REST
2207,8.62109375,11.8105,3.5484,-7.5035,6.7439,0,REST
2208,8.625,9.7339,4.0945,-8.9148,5.1828,0,REST
2209,8.62890625,4.4062,2.6627,-9.6381,4.9679,0,REST
2210,8.6328125,0.4102,4.7668,-9.0451,-4.1113,0,REST
2211,8.63671875,-0.3528,8.4999,-10.4862,-3.108,0,REST
2212,8.640625,-0.5788,7.0167,-12.2426,-8.2151,0,REST
2213,8.64453125,-1.361,9.5049,-6.1915,-4.3407,0,REST
2214,8.6484375,-5.371,9.6104,-5.7229,-9.3324,0,REST
2215,8.65234375,-3.8508,7.8828,-7.7366,-10.5102,0,REST
2216,8.65625,-8.9465,4.573,-5.5192,-6.9554,0,REST
2217,8.66015625,-7.1058,6.095,-3.3833,-5.2237,0,REST
2218,8.6640625,-9.7234,1.1478,2.0031,-0.8429,0,REST
2219,8.66796875,-5.2475,-3.56,1.45,-5.1571,0,REST
2220,8.671875,-8.191,-3.1015,5.4461,-3.5163,0,REST
2221,8.67578125,-3.0044,-2.664,5.4776,0.1541,0,REST
2222,8.6796875,-0.2715,-5.7166,3.3418,2.5033,0,REST
2223,8.68359375,-3.3456,-7.8391,6.3999,2.9193,0,REST
2224,8.6875,-0.8281,-8.9538,4.1192,5.6472,0,REST
2225,8.69140625,-2.8635,-4.1799,4.4572,10.2707,0,REST
2226,8.6953125,1.8682,-7.0422,9.0268,10.6412,0,REST
2227,8.69921875,4.797,-3.9122,3.4597,7.9069,0,REST
2228,8.703125,-1.2221,-2.4239,2.7833,9.5069,0,REST
2229,8.70703125,3.2633,-5.7255,2.5989,5.1339,0,REST
2230,8.7109375,6.2659,0.5057,0.3431,11.8686,0,REST
2231,8.71484375,2.7135,-0.0389,-0.3182,5.4191,0,REST
2232,8.71875,0.5884,3.1943,-1.1094,1.2353,0,REST
2233,8.72265625,-1.3259,2.4711,-0.4124,0.8843,0,REST
2234,8.7265625,6.867,5.6527,-0.4529,-1.7842,0,REST
2235,8.73046875,1.8757,6.4873,-3.1635,-10.6709,0,REST
2236,8.734375,1.4758,7.214,-3.3217,-7.005,0,REST
2237,8.73828125,5.5282,6.0634,-0.9078,-10.4342,0,REST
2238,8.7421875,0.4044,8.2364,-1.613,-11.3457,0,REST
2239,8.74609375,3.128,3.313,-5.7212,-9.2829,0,REST
2240,8.75,-0.4064,4.0407,-0.3115,-9.1164,0,REST
2241,8.75390625,-0.1387,0.0379,0.3299,-13.4385,0,REST
2242,8.7578125,-1.7725,0.4968,-1.537,-6.3391,0,REST
2243,8.76171875,-1.3696,0.156,1.6202,-2.5541,0,REST
2244,8.765625,-1.9999,-0.0149,-2.912,1.4921,0,REST
2245,8.76953125,-1.5262,-5.2659,-3.3969,4.8082,0,REST
2246,8.7734375,-2.1131,-4.0968,-0.3908,3.5838,0,REST
2247,8.77734375,-4.7397,-3.1943,-2.7388,9.621,0,REST
2248,8.78125,-4.6801,-4.3283,-1.3627,8.5084,0,REST
2249,8.78515625,-3.416,-3.5944,-0.815,11.7233,0,REST
2250,8.7890625,-4.1417,-4.2454,-0.0492,10.5608,0,REST
2251,8.79296875,-3.3924,-1.1576,-0.0891,10.5882,0,REST
2252,8.796875,-4.6821,-4.453,5.969,12.4228,0,REST
2253,8.80078125,-3.7698,-3.7104,2.4875,5.9566,0,REST
2254,8.8046875,2.2185,-4.1211,4.9555,6.7373,0,REST
2255,8.80859375,2.1387,-4.4518,3.551,1.9705,0,REST
2256,8.8125,1.2063,0.0803,10.4796,0.0518,0,REST
2257,8.81640625,-0.7337,0.2654,4.3109,-2.1838,0,REST
2258,8.8203125,6.442,-0.7084,3.9025,-8.319,0,REST
2259,8.82421875,4.1363,1.431,4.3033,-11.9909,0,REST
2260,8.828125,6.5178,-1.6671,2.6502,-11.3264,0,REST
2261,8.83203125,5.5683,0.1454,4.7282,-15.0948,0,REST
2262,8.8359375,6.0896,-0.4521,3.9263,-15.1979,0,REST
2263,8.83984375,4.4902,0.8213,-4.4252,-13.2606,0,REST
2264,8.84375,5.0616,4.7634,-5.4708,-8.7063,0,REST
2265,8.84765625,2.2499,7.4507,-8.7925,-5.8583,0,REST
2266,8.8515625,5.1926,0.4699,-6.7398,-3.8046,0,REST
2267,8.85546875,1.2184,1.8992,-5.2206,-2.7125,0,REST
2268,8.859375,2.6339,2.2847,-9.9541,0.7756,0,REST
2269,8.86328125,-2.1354,3.1775,-8.2598,5.3315,0,REST
2270,8.8671875,-8.6762,0.5779,-6.7562,10.3883,0,REST
2271,8.87109375,-7.9746,0.6709,-9.8918,10.3075,0,REST
2272,8.875,-8.0323,-0.5463,-6.5014,10.7768,0,REST
2273,8.87890625,-12.5222,-1.2701,-5.389,11.0426,0,REST
2274,8.8828125,-8.2836,-2.0288,-2.147,14.7334,0,REST
2275,8.88671875,-6.5005,-0.5258,0.4223,4.4599,0,REST
2276,8.890625,-9.3124,-2.4658,2.7865,3.2324,0,REST
2277,8.89453125,-12.6927,-3.7718,3.7975,8.3422,0,REST
2278,8.8984375,-3.7186,-6.3229,6.8558,-0.1041,0,REST
2279,8.90234375,-5.2159,-4.0507,3.3471,-4.7062,0,REST
2280,8.90625,-0.9028,-3.5572,10.6709,-4.8086,0,REST
2281,8.91015625,0.2242,-3.6583,11.4942,-4.6095,0,REST
2282,8.9140625,7.1181,-3.5968,11.5402,-8.1087,0,REST
2283,8.91796875,6.8571,-3.5529,6.9231,-11.4604,0,REST
2284,8.921875,12.1973,-0.8243,9.6132,-10.3262,0,REST
2285,8.92578125,11.1859,-2.0696,3.8512,-12.0098,0,REST
2286,8.9296875,12.4842,-1.0679,2.4759,-12.9462,0,REST
2287,8.93359375,12.4964,0.6215,-3.7166,-8.8485,0,REST
2288,8.9375,8.5077,1.0252,-1.9982,-4.2365,0,REST
2289,8.94140625,3.1688,-0.3154,-1.6941,-6.4395,0,REST
2290,8.9453125,4.5357,4.6929,-5.8584,1.4203,0,REST
2291,8.94921875,3.658,6.3015,-14.2228,4.0177,0,REST
2292,8.953125,-1.1873,7.5837,-10.5667,3.8152,0,REST
2293,8.95703125,-4.4997,5.6797,-12.0994,6.1035,0,REST
2294,8.9609375,-8.5886,8.8141,-11.9782,10.3297,0,REST
2295,8.96484375,-5.6783,4.433,-11.9099,7.3743,0,REST
2296,8.96875,-11.597,4.3916,-9.0907,11.0013,0,REST
2297,8.97265625,-9.9669,3.5824,-4.7526,11.8027,0,REST
2298,8.9765625,-14.9598,2.6769,-2.4863,5.9502,0,REST
2299,8.98046875,-13.8503,1.2702,2.0166,4.6334,0,REST
2300,8.984375,-11.1463,-0.0774,2.7843,0.9677,0,REST
2301,8.98828125,-6.1779,-3.576,7.5393,1.0401,0,REST
2302,8.9921875,-8.4659,-7.9136,6.7587,-0.2527,0,REST
2303,8.99609375,-2.268,-6.1637,11.1246,-0.8629,0,REST
2304,9.0,1.8661,-9.2405,15.7111,-4.2407,0,REST
2305,9.00390625,1.9932,-8.61,13.2322,-8.5497,0,REST
2306,9.0078125,5.099,-7.8069,13.0873,-7.777,0,REST
2307,9.01171875,12.1676,-11.0643,10.7641,-5.3682,0,REST
2308,9.015625,8.2497,-6.6127,12.8583,-8.4981,0,REST
2309,9.01953125,16.6006,-6.2955,3.1051,-6.4902,0,REST
2310,9.0234375,12.1315,-6.1308,5.0425,-7.627,0,REST
2311,9.02734375,12.6581,3.1747,-1.4659,-4.0516,0,REST
2312,9.03125,8.2401,1.3227,-0.5613,-3.7501,0,REST
2313,9.03515625,11.8,1.6262,-5.1591,-3.1555,0,REST
2314,9.0390625,8.083,7.6133,-7.5522,2.2654,0,REST
2315,9.04296875,5.8598,7.734,-9.1402,-0.5415,0,REST
2316,9.046875,2.8307,11.322,-12.1524,4.4553,0,REST
2317,9.05078125,-4.0857,9.4235,-12.4657,6.1756,0,REST
2318,9.0546875,-6.5925,10.1939,-12.5213,2.5431,0,REST
2319,9.05859375,-9.5929,9.7155,-9.2969,3.8005,0,REST
2320,9.0625,-11.5415,9.089,-8.2345,5.8323,0,REST
2321,9.06640625,-7.94,4.3597,-8.6715,2.7449,0,REST
2322,9.0703125,-9.0476,4.9768,-3.4028,5.1257,0,REST
2323,9.07421875,-10.8159,-0.0578,-7.8059,4.2846,0,REST
2324,9.078125,-14.9107,-0.1165,-1.1481,1.2215,0,REST
2325,9.08203125,-9.1346,-3.083,3.8063,0.9715,0,REST
2326,9.0859375,-3.4221,-10.8668,7.4856,2.1935,0,REST
2327,9.08984375,-6.8741,-10.9341,6.958,2.3851,0,REST
2328,9.09375,-0.9027,-8.7284,11.3389,-3.1317,0,REST
2329,9.09765625,-0.0705,-11.0319,12.9369,-2.536,0,REST
2330,9.1015625,3.4371,-11.1685,8.371,-0.6417,0,REST
2331,9.10546875,10.8311,-13.0399,11.3031,-6.1071,0,REST
2332,9.109375,8.8984,-5.6922,9.6627,-1.4037,0,REST
2333,9.11328125,8.9961,-5.3389,6.9239,-3.5622,0,REST
2334,9.1171875,9.0761,-5.7583,7.3115,-0.4169,0,REST
2335,9.12109375,6.9372,4.0702,-2.4095,-4.5237,0,REST
2336,9.125,10.256,3.7627,-2.3423,-2.5531,0,REST
2337,9.12890625,2.6881,-1.4254,-1.5378,-6.0739,0,REST
2338,9.1328125,3.2704,7.0829,-5.8375,-0.2985,0,REST
2339,9.13671875,3.052,8.4145,-5.2093,-1.4949,0,REST
2340,9.140625,-1.0575,12.8925,-6.4775,0.7311,0,REST
2341,9.14453125,-1.1707,13.8456,-7.9723,-2.8119,0,REST
2342,9.1484375,-3.3269,15.176,-7.9241,3.9642,0,REST
2343,9.15234375,-6.3949,11.7729,-7.0223,-3.0187,0,REST
2344,9.15625,-8.2237,7.7696,-6.5828,0.4165,0,REST
2345,9.16015625,-10.02,6.8481,-9.0392,3.5406,0,REST
2346,9.1640625,-9.7777,5.4446,-4.5056,4.0483,0,REST
2347,9.16796875,-8.3409,0.5855,-2.1473,2.7094,0,REST
2348,9.171875,-6.3851,-6.6965,-0.3888,6.4523,0,REST
2349,9.17578125,-5.2133,-4.9662,-1.8811,7.4274,0,REST
2350,9.1796875,1.9732,-9.0238,3.6558,4.9488,0,REST
2351,9.18359375,-0.6663,-11.0315,6.6808,3.6866,0,REST
2352,9.1875,-1.8979,-11.6948,7.6322,3.9675,0,REST
2353,9.19140625,0.8987,-12.6064,6.3279,2.5888,0,REST
2354,9.1953125,4.272,-15.3278,6.5939,5.8978,0,REST
2355,9.19921875,5.2535,-11.1299,3.8871,1.2399,0,REST
2356,9.203125,3.0694,-11.7738,4.0055,-2.1815,0,REST
2357,9.20703125,6.0979,-8.5779,5.9011,-6.0025,0,REST
2358,9.2109375,5.8398,-2.2913,4.312,-3.6099,0,REST
2359,9.21484375,3.4705,3.2096,5.5365,-4.4924,0,REST
2360,9.21875,6.0616,2.7515,4.3082,-11.3933,0,REST
2361,9.22265625,1.3455,7.0868,-0.585,-8.9122,0,REST
2362,9.2265625,1.8174,9.1668,-0.3684,-6.6414,0,REST
2363,9.23046875,4.4787,9.9114,-2.3246,-9.0295,0,REST
2364,9.234375,2.2596,8.2365,-2.6029,-5.535,0,REST
2365,9.23828125,2.4952,14.8717,-2.6244,-6.2131,0,REST
2366,9.2421875,5.9373,12.272,1.8161,-0.9761,0,REST
2367,9.24609375,-1.0566,13.1783,2.4928,-0.7315,0,REST
2368,9.25,2.1645,11.6497,-1.0102,1.1879,0,REST
2369,9.25390625,-0.9997,9.681,-1.4245,5.665,0,REST
2370,9.2578125,-0.5419,3.0061,-3.747,7.3785,0,REST
2371,9.26171875,-2.7342,-2.4611,-3.4316,10.2811,0,REST
2372,9.265625,-3.8614,1.5366,0.7977,6.6153,0,REST
2373,9.26953125,-3.9906,-9.9801,-3.9114,10.7592,0,REST
2374,9.2734375,-2.6838,-7.7466,-3.3777,9.2306,0,REST
2375,9.27734375,-0.4258,-6.7639,-0.3712,10.6809,0,REST
2376,9.28125,-5.3014,-11.1376,-4.1239,9.3188,0,REST
2377,9.28515625,-3.1091,-13.3448,-2.1948,5.0502,0,REST
2378,9.2890625,-2.8255,-10.9915,-4.323,2.4463,0,REST
2379,9.29296875,-1.4034,-14.1682,-2.2846,-0.1063,0,REST
2380,9.296875,-5.9848,-9.396,2.885,-4.0386,0,REST
2381,9.30078125,-0.5033,-5.2222,0.5874,-4.221,0,REST
2382,9.3046875,-2.8804,-3.6979,0.5858,-4.9714,0,REST
2383,9.30859375,-6.0435,-1.3899,2.029,-10.4425,0,REST
2384,9.3125,-0.3727,3.3458,3.6339,-10.8537,0,REST
2385,9.31640625,2.4358,4.1293,9.0091,-13.2534,0,REST
2386,9.3203125,5.5708,6.7013,6.573,-10.7339,0,REST
2387,9.32421875,6.551,11.119,6.5298,-12.6241,0,REST
2388,9.328125,3.8216,8.7776,6.6492,-5.129,0,REST
2389,9.33203125,4.494,13.9633,5.7192,-6.9736,0,REST
2390,9.3359375,5.2906,12.714,7.5269,-1.9483,0,REST
2391,9.33984375,8.6165,8.2936,5.0398,0.2568,0,REST
2392,9.34375,6.5196,9.6314,-0.1497,5.6425,0,REST
2393,9.34765625,6.3481,4.9756,0.7857,7.5274,0,REST
2394,9.3515625,5.8682,2.4836,0.4181,10.9704,0,REST
2395,9.35546875,4.8481,3.0608,-2.9159,13.787,0,REST
2396,9.359375,-2.0248,3.2691,-3.0826,16.5269,0,REST
2397,9.36328125,-3.3107,-3.6065,-7.7341,10.8446,0,REST
2398,9.3671875,-6.7863,-7.432,-8.3286,11.8556,0,REST
2399,9.37109375,-5.0021,-10.9681,-9.5175,7.4109,0,REST
2400,9.375,-7.2257,-10.267,-10.0184,2.9696,0,REST
2401,9.37890625,-9.4473,-12.4979,-9.6867,2.5112,0,REST
2402,9.3828125,-7.0144,-5.9559,-9.8264,-2.299,0,REST
2403,9.38671875,-5.4534,-12.8969,-10.0338,-3.7312,0,REST
2404,9.390625,-10.3234,-4.7968,-0.3161,-3.1892,0,REST
2405,9.39453125,-3.1851,-5.6308,-1.4237,-13.4152,0,REST
2406,9.3984375,-5.592,-7.0701,5.0697,-14.8162,0,REST
2407,9.40234375,-5.0902,-0.5794,3.6113,-14.0835,0,REST
2408,9.40625,-3.238,2.7415,4.1932,-15.4494,0,REST
2409,9.41015625,4.6065,3.2287,11.8549,-12.0394,0,REST
2410,9.4140625,2.8257,8.6466,9.6499,-9.1223,0,REST
2411,9.41796875,7.2958,6.0347,11.3359,-8.6379,0,REST
2412,9.421875,6.0378,10.4456,12.1134,-2.4652,0,REST
2413,9.42578125,9.3865,10.9397,13.254,-0.0647,0,REST
2414,9.4296875,11.9371,7.4738,12.0521,3.1497,0,REST
2415,9.43359375,16.8062,9.9954,5.497,6.0972,0,REST
2416,9.4375,10.9961,6.6102,2.9412,4.7865,0,REST
2417,9.44140625,9.2292,5.8366,-1.2341,10.9992,0,REST
2418,9.4453125,3.7414,1.0101,0.0926,13.2273,0,REST
2419,9.44921875,4.783,2.1403,-3.3315,10.2636,0,REST
2420,9.453125,1.0953,3.2153,-6.6174,10.47,0,REST
2421,9.45703125,-6.2338,-3.47,-10.0236,11.824,0,REST
2422,9.4609375,-7.4788,-4.8599,-16.0544,13.3752,0,REST
2423,9.46484375,-9.1089,-6.2918,-9.8032,10.967,0,REST
2424,9.46875,-11.2031,-8.2566,-9.9902,3.8784,0,REST
2425,9.47265625,-10.9873,-8.8442,-13.7502,4.0959,0,REST
2426,9.4765625,-14.5369,-4.6888,-9.5398,-1.4307,0,REST
2427,9.48046875,-13.435,-4.8937,-4.9231,-8.7654,0,REST
2428,9.484375,-14.5495,-6.6196,-1.188,-12.1988,0,REST
2429,9.48828125,-10.0671,-4.034,-2.5156,-6.3053,0,REST
2430,9.4921875,-6.6826,-2.7522,-0.7901,-11.4822,0,REST
2431,9.49609375,-1.6155,-3.0236,7.4924,-10.0737,0,REST
2432,9.5,-1.5722,0.5496,7.7473,-7.6221,0,REST
2433,9.50390625,2.6736,-0.4622,10.7696,-11.4405,0,REST
2434,9.5078125,7.365,2.7837,10.0312,-7.2374,0,REST
2435,9.51171875,9.0107,2.5132,15.8257,-3.2443,0,REST
2436,9.515625,13.3159,5.542,10.5789,0.9099,0,REST
2437,9.51953125,12.5654,8.5916,11.9876,-1.3701,0,REST
2438,9.5234375,9.8981,1.9151,9.8017,4.0671,0,REST
2439,9.52734375,13.6399,8.3804,7.1982,8.7753,0,REST
2440,9.53125,10.4761,2.3742,3.4974,8.9413,0,REST
2441,9.53515625,8.261,3.2788,2.4901,12.526,0,REST
2442,9.5390625,2.148,5.5041,-1.3268,9.7524,0,REST
2443,9.54296875,3.2667,1.6181,-6.1288,8.9376,0,REST
2444,9.546875,-3.0147,1.3667,-8.3827,7.1975,0,REST
2445,9.55078125,-5.9323,0.8441,-5.6524,8.0474,0,REST
2446,9.5546875,-8.2933,-0.6177,-12.3199,6.4227,0,REST
2447,9.55859375,-8.8954,-3.3178,-11.0956,1.9549,0,REST
2448,9.5625,-11.0311,-6.0443,-10.4933,4.8972,0,REST
2449,9.56640625,-13.5416,-3.6201,-7.415,-1.1849,0,REST
2450,9.5703125,-10.4275,-4.2758,-8.3994,-4.8486,0,REST
2451,9.57421875,-8.4408,0.9253,-6.1099,-4.0098,0,REST
2452,9.578125,-10.3904,-3.406,-1.434,-10.3809,0,REST
2453,9.58203125,-7.6513,-3.0406,-0.95,-3.885,0,REST
2454,9.5859375,-3.9584,-3.0469,1.2198,-6.9397,0,REST
2455,9.58984375,-1.0003,-1.8788,4.4503,-8.9956,0,REST
2456,9.59375,0.5091,-2.5375,5.8871,-11.4333,0,REST
2457,9.59765625,0.1111,-2.7944,5.3309,-3.0382,0,REST
2458,9.6015625,5.1117,-1.9583,6.328,-4.6641,0,REST
2459,9.60546875,6.939,-5.0377,12.3408,-0.9334,0,REST
2460,9.609375,7.8147,-2.8115,10.8412,-1.7784,0,REST
2461,9.61328125,8.2322,2.8062,11.8046,1.4548,0,REST
2462,9.6171875,11.365,2.1484,9.8443,0.4804,0,REST
2463,9.62109375,8.4403,-0.6105,2.2539,1.3237,0,REST
2464,9.625,11.1963,3.9213,4.6119,2.9188,0,REST
2465,9.62890625,7.6103,2.2482,0.8848,2.7163,0,REST
2466,9.6328125,3.9223,-1.6459,-1.0791,8.6169,0,REST
2467,9.63671875,4.4536,3.4954,-3.5727,8.0622,0,REST
2468,9.640625,-0.839,1.2895,-3.7636,6.5295,0,REST
2469,9.64453125,5.2496,2.6128,-6.141,3.5056,0,REST
2470,9.6484375,-2.3861,5.7754,-4.9553,4.0584,0,REST
2471,9.65234375,-7.9083,0.6937,-8.2933,-0.4698,0,REST
2472,9.65625,-5.3811,3.0324,-5.1197,0.0812,0,REST
2473,9.66015625,-6.8673,-0.2198,-7.2543,3.2346,0,REST
2474,9.6640625,-5.5875,-2.6014,-9.0596,0.2655,0,REST
2475,9.66796875,-4.783,-0.3285,-6.165,-2.8825,0,REST
2476,9.671875,-7.1623,1.6405,-3.5259,-1.8793,0,REST
2477,9.67578125,-7.2991,1.4859,-1.2151,-8.7641,0,REST
2478,9.6796875,-5.2363,-4.795,-1.236,-3.6998,0,REST
2479,9.68359375,0.2575,-3.4735,-2.8352,-5.594,0,REST
2480,9.6875,-2.3259,-6.5079,5.569,-3.8938,0,REST
2481,9.69140625,-1.0906,-5.9126,2.2366,-2.2826,0,REST
2482,9.6953125,1.1566,-2.8678,3.3566,-1.6674,0,REST
2483,9.69921875,0.6717,-6.1551,4.8662,-1.9427,0,REST
2484,9.703125,5.9784,-3.891,6.0001,-2.4265,0,REST
2485,9.70703125,3.3954,-3.7473,4.3653,-5.1385,0,REST
2486,9.7109375,2.1364,-3.9477,6.0337,-6.475,0,REST
2487,9.71484375,3.1508,2.0368,1.6524,1.4517,0,REST
2488,9.71875,4.7424,-0.956,2.4936,-0.2535,0,REST
2489,9.72265625,5.2735,4.0798,3.1961,1.3213,0,REST
2490,9.7265625,7.8276,3.453,-1.7636,-1.2256,0,REST
2491,9.73046875,0.1593,4.0894,-1.1386,3.2109,0,REST
2492,9.734375,-0.8179,4.9954,0.7698,2.7696,0,REST
2493,9.73828125,3.0376,6.5216,1.7446,3.2103,0,REST
2494,9.7421875,-0.6557,4.6886,1.8663,5.9701,0,REST
2495,9.74609375,3.0407,9.9846,-0.6102,0.7419,0,REST
2496,9.75,-1.2573,4.6053,-2.1326,5.8147,0,REST
2497,9.75390625,-0.8683,3.818,-0.8054,6.0155,0,REST
2498,9.7578125,0.5657,3.1949,0.4894,1.1791,0,REST
2499,9.76171875,-0.9295,-0.0113,-1.6591,4.8274,0,REST
2500,9.765625,-1.6967,0.3978,-5.9357,-0.54,0,REST
2501,9.76953125,-1.5634,-2.8956,-4.8768,0.8569,0,REST
2502,9.7734375,-2.0211,-6.2158,-3.161,-3.3653,0,REST
2503,9.77734375,-3.484,-6.3305,-2.6501,-0.8876,0,REST
2504,9.78125,-7.2617,-11.1504,-0.4441,-4.665,0,REST
2505,9.78515625,-5.6014,-7.9492,-7.7939,-3.1456,0,REST
2506,9.7890625,-4.3395,-6.9198,-4.4039,-3.5855,0,REST
2507,9.79296875,-6.7865,-8.946,0.0479,-4.814,0,REST
2508,9.796875,-4.3994,-12.1343,-3.2956,-8.6139,0,REST
2509,9.80078125,-2.1375,-7.531,2.8989,-6.6305,0,REST
2510,9.8046875,-1.0255,-3.6281,-2.7323,-3.2605,0,REST
2511,9.80859375,0.4811,0.2888,0.1488,-3.3446,0,REST
2512,9.8125,0.5809,-0.5825,2.1129,-1.6713,0,REST
2513,9.81640625,0.8635,1.5046,3.0622,-0.8803,0,REST
2514,9.8203125,7.7613,3.861,5.7799,1.7002,0,REST
2515,9.82421875,5.0318,7.2691,3.8111,5.4217,0,REST
2516,9.828125,8.5825,9.4022,6.965,6.4661,0,REST
2517,9.83203125,5.4042,11.4697,10.7655,4.1065,0,REST
2518,9.8359375,8.8617,8.9539,7.1495,7.4723,0,REST
2519,9.83984375,4.1936,8.6409,5.5262,6.1948,0,REST
2520,9.84375,6.4967,9.9382,6.1139,7.6234,0,REST
2521,9.84765625,9.3722,7.9876,5.4171,7.3537,0,REST
2522,9.8515625,5.0147,1.3454,3.836,8.7008,0,REST
2523,9.85546875,3.2713,3.9026,-0.7983,7.0395,0,REST
2524,9.859375,-0.4236,-1.1524,0.2671,2.4589,0,REST
2525,9.86328125,-6.1002,-4.1276,-7.716,-0.7057,0,REST
2526,9.8671875,0.4243,-2.8898,-6.5553,-2.2353,0,REST
2527,9.87109375,-5.0232,-5.1922,-6.2239,-2.656,0,REST
2528,9.875,-9.2438,-8.1182,-7.7788,-5.7009,0,REST
2529,9.87890625,-5.9086,-12.9663,-6.7717,-6.9834,0,REST
2530,9.8828125,-10.651,-9.0541,-11.8,-8.6057,0,REST
2531,9.88671875,-11.8636,-11.4321,-12.6818,-10.1264,0,REST
2532,9.890625,-10.4319,-11.6927,-4.6572,-10.8009,0,REST
2533,9.89453125,-6.6857,-11.4284,-9.3096,-10.7827,0,REST
2534,9.8984375,-4.4838,-8.4045,-0.8238,-7.001,0,REST
2535,9.90234375,-4.4907,-7.0707,-4.1661,-5.8214,0,REST
2536,9.90625,3.0089,1.5375,-2.0618,-5.0325,0,REST
2537,9.91015625,6.8463,7.8559,1.85,-0.79,0,REST
2538,9.9140625,6.9842,6.2283,8.0661,3.1088,0,REST
2539,9.91796875,7.6827,6.9671,10.8517,3.3188,0,REST
2540,9.921875,11.1801,13.1956,10.3393,6.9067,0,REST
2541,9.92578125,9.4787,5.2892,11.1994,12.5466,0,REST
2542,9.9296875,8.8507,13.241,10.5853,8.9439,0,REST
2543,9.93359375,11.3838,12.2435,11.9132,12.2444,0,REST
2544,9.9375,13.7881,9.503,8.7486,9.0158,0,REST
2545,9.94140625,8.2694,4.3666,4.69,12.8888,0,REST
2546,9.9453125,4.9038,8.7531,2.6801,8.9168,0,REST
2547,9.94921875,5.7917,4.4518,0.712,7.3651,0,REST
2548,9.953125,-4.3163,-2.4418,-1.8195,0.9585,0,REST
2549,9.95703125,-0.6229,-4.3655,-2.8237,-1.0132,0,REST
2550,9.9609375,-5.0418,-6.1231,-4.5857,-5.3203,0,REST
2551,9.96484375,-8.4001,-7.1704,-12.4968,-6.3122,0,REST
2552,9.96875,-6.3041,-14.0501,-12.545,-12.8747,0,REST
2553,9.97265625,-14.0166,-9.1405,-10.8317,-12.8573,0,REST
2554,9.9765625,-11.1641,-16.3266,-13.3729,-13.6604,0,REST
2555,9.98046875,-12.108,-10.0912,-12.5413,-13.0034,0,REST
2556,9.984375,-11.3519,-10.4966,-11.7843,-12.4423,0,REST
2557,9.98828125,-5.9014,-9.1252,-2.1349,-10.4014,0,REST
2558,9.9921875,-8.0919,-9.6321,-3.6175,-4.1088,0,REST
2559,9.99609375,-1.6922,-2.9886,-3.0341,-2.2589,0,REST
2560,10.0,-1.5412,-1.6045,-0.3751,-1.4897,0,REST
2561,10.00390625,5.563,4.0773,1.3918,5.3725,0,REST
2562,10.0078125,5.359,9.5618,5.1957,7.1728,0,REST
2563,10.01171875,10.4187,9.1086,8.4038,9.9006,0,REST
2564,10.015625,11.2319,10.6594,10.0493,10.5281,0,REST
2565,10.01953125,11.2337,13.6278,11.1326,10.6288,0,REST
2566,10.0234375,15.6038,13.449,8.9407,11.3345,0,REST
2567,10.02734375,12.5061,10.8967,15.0218,14.5765,0,REST
2568,10.03125,10.7533,12.5289,12.6136,12.304,0,REST
2569,10.03515625,8.3906,6.2255,5.6594,6.2065,0,REST
2570,10.0390625,6.4233,6.8937,4.9934,3.3447,0,REST
2571,10.04296875,8.4888,4.0698,4.6965,3.297,0,REST
2572,10.046875,-0.7092,-2.1099,0.7502,-3.8628,0,REST
2573,10.05078125,-4.1059,-2.8711,-1.5448,-5.3661,0,REST
2574,10.0546875,-5.1262,-4.2724,-6.434,-5.8608,0,REST
2575,10.05859375,-9.7828,-10.5775,-8.8077,-6.4851,0,REST
2576,10.0625,-11.522,-14.5559,-12.0899,-10.5162,0,REST
2577,10.06640625,-9.8189,-8.0327,-12.7922,-11.2679,0,REST
2578,10.0703125,-12.5598,-13.8071,-14.64,-9.8271,0,REST
2579,10.07421875,-11.7205,-9.5544,-9.8919,-11.5433,0,REST
2580,10.078125,-6.2971,-11.5858,-8.9433,-11.4061,0,REST
2581,10.08203125,-5.2212,-8.5031,-9.5555,-2.8985,0,REST
2582,10.0859375,-6.8593,-7.1032,-5.3205,-4.6834,0,REST
2583,10.08984375,-1.8296,-5.0194,-4.3116,-2.1118,0,REST
2584,10.09375,-1.2522,0.5026,-0.286,0.0203,0,REST
2585,10.09765625,-0.7016,2.8351,5.9842,4.9094,0,REST
2586,10.1015625,4.8312,7.2402,4.9797,6.0431,0,REST
2587,10.10546875,7.0614,3.938,8.1073,7.9602,0,REST
2588,10.109375,11.1407,6.1968,7.0347,14.5721,0,REST
2589,10.11328125,6.8483,12.6175,9.0226,11.1426,0,REST
2590,10.1171875,12.581,6.7863,10.3521,10.3039,0,REST
2591,10.12109375,8.5551,6.2497,10.8953,7.6885,0,REST
2592,10.125,8.5532,10.8751,8.4403,7.0303,0,REST
2593,10.12890625,5.2615,4.9317,5.9989,3.7923,0,REST
2594,10.1328125,5.1348,3.5982,3.3338,1.9238,0,REST
2595,10.13671875,2.1052,-0.0533,6.1509,-1.5271,0,REST
2596,10.140625,-1.2279,1.0038,1.2338,-7.8519,0,REST
2597,10.14453125,-2.1964,-2.0091,-0.7802,-5.1191,0,REST
2598,10.1484375,-3.8762,-4.5641,-1.8127,-5.995,0,REST
2599,10.15234375,-6.0944,-9.4533,-7.122,-10.1985,0,REST
2600,10.15625,-6.2716,-8.9896,-5.7203,-8.0208,0,REST
2601,10.16015625,-6.2992,-10.0915,-12.1369,-7.6663,0,REST
2602,10.1640625,-7.3165,-8.8146,-3.5475,-5.5384,0,REST
2603,10.16796875,-2.1778,-12.0731,-7.8551,-7.1777,0,REST
2604,10.171875,-5.7511,-8.1492,-10.6181,-4.3098,0,REST
2605,10.17578125,-5.6265,-7.0502,-5.6996,-5.9735,0,REST
2606,10.1796875,-4.1865,-1.123,-5.2656,-2.8392,0,REST
2607,10.18359375,-3.6809,1.2193,-0.7573,3.489,0,REST
2608,10.1875,0.166,-2.4015,-0.9961,4.9266,0,REST
2609,10.19140625,-0.3905,4.359,-0.5536,3.217,0,REST
2610,10.1953125,5.4313,0.936,-2.9864,4.7812,0,REST
2611,10.19921875,2.2038,5.6089,3.5734,6.8169,0,REST
2612,10.203125,5.4349,8.2286,0.0405,7.818,0,REST
2613,10.20703125,4.7791,8.5807,3.3753,5.4103,0,REST
2614,10.2109375,7.5107,8.5536,5.7922,6.9394,0,REST
2615,10.21484375,4.5503,10.0407,1.9314,3.2197,0,REST
2616,10.21875,5.8085,6.6294,1.7611,4.2171,0,REST
2617,10.22265625,7.369,7.6805,2.4864,-0.9516,0,REST
2618,10.2265625,1.2017,4.4523,4.6857,-0.7598,0,REST
2619,10.23046875,1.9425,-0.0352,7.3647,-2.1413,0,REST
2620,10.234375,1.2798,-2.1035,4.7151,-0.6406,0,REST
2621,10.23828125,2.9711,0.54,0.5478,-4.0428,0,REST
2622,10.2421875,5.2892,-4.4009,1.9385,-2.2798,0,REST
2623,10.24609375,-0.6295,-6.5053,4.9689,-6.2538,0,REST
2624,10.25,1.6886,-5.9152,1.2048,-4.0719,0,REST
2625,10.25390625,1.0277,-5.2711,-0.306,-7.0646,0,REST
2626,10.2578125,-1.085,-6.1965,1.3906,-5.5099,0,REST
2627,10.26171875,-1.9637,-3.0994,-2.6522,-1.764,0,REST
2628,10.265625,-4.0265,-9.375,-1.225,-0.0721,0,REST
2629,10.26953125,-2.6715,-3.1877,-3.5437,0.7113,0,REST
2630,10.2734375,-4.8494,-1.8069,-5.722,-1.8237,0,REST
2631,10.27734375,-3.2442,-2.8491,-2.8471,0.211,0,REST
2632,10.28125,-6.6579,-2.2708,-0.2269,0.4479,0,REST
2633,10.28515625,-2.6891,-5.3185,-4.6083,-0.2283,0,REST
2634,10.2890625,-5.1414,0.9839,-7.2154,-0.5065,0,REST
2635,10.29296875,-1.6199,5.6634,-3.121,2.0372,0,REST
2636,10.296875,-4.1037,-1.7288,-5.983,1.2888,0,REST
2637,10.30078125,-3.5453,3.1524,-2.6972,1.4992,0,REST
2638,10.3046875,-1.7614,7.1741,-2.6109,-2.916,0,REST
2639,10.30859375,2.7394,5.1326,2.2725,4.2161,0,REST
2640,10.3125,-0.2363,4.6344,2.4794,1.2076,0,REST
2641,10.31640625,3.9124,7.6907,-0.3186,3.3864,0,REST
2642,10.3203125,3.3107,4.5511,0.2694,5.6541,0,REST
2643,10.32421875,4.7149,-0.5912,4.5546,2.6173,0,REST
2644,10.328125,4.9187,1.5887,5.3154,4.5247,0,REST
2645,10.33203125,5.2267,-0.8715,3.3904,2.8614,0,REST
2646,10.3359375,7.2663,-5.2188,3.6089,2.911,0,REST
2647,10.33984375,5.6503,0.3465,7.6214,3.2479,0,REST
2648,10.34375,8.282,1.645,8.0871,-1.2804,0,REST
2649,10.34765625,5.5226,-3.7633,6.7707,-0.3683,0,REST
2650,10.3515625,6.9136,-4.3601,5.765,-6.184,0,REST
2651,10.35546875,-0.7358,-6.4229,4.176,-5.4276,0,REST
2652,10.359375,-1.1251,-6.8593,6.4719,-1.8222,0,REST
2653,10.36328125,-2.6035,-8.5403,1.2008,-9.6593,0,REST
2654,10.3671875,-3.4589,-1.0761,1.0284,-8.7047,0,REST
2655,10.37109375,-8.8424,-1.105,-2.9704,-4.61,0,REST
2656,10.375,-6.8536,-3.6407,-7.0396,-2.7501,0,REST
2657,10.37890625,-5.9017,-3.3409,-8.7272,-5.5763,0,REST
2658,10.3828125,-11.9285,1.6667,-9.9149,-3.3057,0,REST
2659,10.38671875,-8.3459,-1.8902,-9.5912,-3.3455,0,REST
2660,10.390625,-4.3582,-0.4379,-8.7206,0.3322,0,REST
2661,10.39453125,-7.8461,0.0431,-8.0992,0.7278,0,REST
2662,10.3984375,-6.3125,-1.1723,-11.1762,2.0766,0,REST
2663,10.40234375,-1.0106,1.6056,-6.9914,5.5431,0,REST
2664,10.40625,-1.3635,-0.7106,-5.8327,7.8633,0,REST
2665,10.41015625,3.103,-1.4488,-2.6301,8.544,0,REST
2666,10.4140625,6.5085,2.4821,2.4727,5.7791,0,REST
2667,10.41796875,9.3311,4.5027,1.8426,10.2012,0,REST
2668,10.421875,8.2372,4.2893,7.1904,6.329,0,REST
2669,10.42578125,13.9117,4.2501,5.7613,7.7482,0,REST
2670,10.4296875,11.7825,1.9864,10.2415,0.7951,0,REST
2671,10.43359375,13.599,4.9276,7.052,4.2897,0,REST
2672,10.4375,11.5469,4.3116,12.3515,1.6435,0,REST
2673,10.44140625,9.2797,3.1953,12.0965,-1.4339,0,REST
2674,10.4453125,7.0861,2.555,11.642,-4.2663,0,REST
2675,10.44921875,6.0819,1.8449,8.1931,-6.0678,0,REST
2676,10.453125,3.0765,-1.628,7.5419,-11.3484,0,REST
2677,10.45703125,-6.7923,0.1474,8.2021,-9.7637,0,REST
2678,10.4609375,-2.6114,-2.6179,-0.2615,-13.0742,0,REST
2679,10.46484375,-9.4193,-3.1799,0.3204,-9.1101,0,REST
2680,10.46875,-16.1185,-6.2551,-5.2344,-6.9277,0,REST
2681,10.47265625,-13.315,-5.0603,-4.1662,-7.1466,0,REST
2682,10.4765625,-17.7388,-4.662,-11.9576,-8.2117,0,REST
2683,10.48046875,-10.3836,-6.2123,-13.1154,1.4052,0,REST
2684,10.484375,-7.927,-4.8514,-13.6544,1.8425,0,REST
2685,10.48828125,-8.8142,-6.9955,-12.7932,2.3404,0,REST
2686,10.4921875,-9.1602,-4.1533,-9.7391,7.5342,0,REST
2687,10.49609375,-1.2881,-0.6509,-14.7721,9.6196,0,REST
2688,10.5,-1.8363,1.2252,-10.5441,11.3028,0,REST
2689,10.50390625,3.1981,-0.9107,-0.8939,11.835,0,REST
2690,10.5078125,4.3506,3.8845,-1.2667,11.14,0,REST
2691,10.51171875,9.4035,5.0878,-0.4223,11.653,0,REST
2692,10.515625,14.0233,5.7295,3.9088,5.5136,0,REST
2693,10.51953125,12.2886,3.8039,9.8985,6.0302,0,REST
2694,10.5234375,12.4433,4.4703,9.6678,0.3598,0,REST
2695,10.52734375,12.4685,3.0981,11.9518,0.6562,0,REST
2696,10.53125,9.9242,6.5781,17.435,-6.2894,0,REST
2697,10.53515625,6.1174,9.2747,14.4644,-6.3439,0,REST
2698,10.5390625,7.7979,0.9258,15.0859,-9.1958,0,REST
2699,10.54296875,2.4519,4.0376,9.6481,-9.6111,0,REST
2700,10.546875,-4.602,0.1025,4.4337,-12.3055,0,REST
2701,10.55078125,-3.1489,-0.3204,4.8548,-13.6353,0,REST
2702,10.5546875,-8.284,-5.2221,2.3762,-8.876,0,REST
2703,10.55859375,-8.5684,-12.4135,-1.4617,-8.7816,0,REST
2704,10.5625,-9.918,-7.5109,-4.789,-7.0724,0,REST
2705,10.56640625,-11.4618,-7.394,-8.5676,-4.9783,0,REST
2706,10.5703125,-14.9109,-6.978,-12.5085,-3.7935,0,REST
2707,10.57421875,-12.5369,-11.6131,-9.313,-0.9578,0,REST
2708,10.578125,-11.1057,-10.1138,-8.3848,4.7523,0,REST
2709,10.58203125,-7.328,-6.5191,-12.7831,6.9025,0,REST
2710,10.5859375,-8.7774,-4.9623,-11.2144,13.3533,0,REST
2711,10.58984375,-7.8257,-0.4029,-7.3978,10.6576,0,REST
2712,10.59375,2.2427,-0.5152,-5.2489,14.2355,0,REST
2713,10.59765625,3.6748,2.3878,-4.84,10.4429,0,REST
2714,10.6015625,6.7432,3.4308,-0.9186,12.366,0,REST
2715,10.60546875,8.4263,2.7806,0.9871,7.9652,0,REST
2716,10.609375,11.9125,9.7991,2.1817,7.2199,0,REST
2717,10.61328125,9.19,9.8142,7.6715,2.9727,0,REST
2718,10.6171875,10.0866,11.9474,6.3123,-1.6473,0,REST
2719,10.62109375,7.5994,9.5306,8.9345,-2.481,0,REST
2720,10.625,8.9216,10.6697,7.1924,-1.0193,0,REST
2721,10.62890625,5.7137,10.8558,8.2591,-14.0172,0,REST
2722,10.6328125,5.409,6.6789,10.2307,-13.4871,0,REST
2723,10.63671875,1.8179,5.3307,5.5009,-12.9277,0,REST
2724,10.640625,3.8215,3.0745,7.4886,-12.4449,0,REST
2725,10.64453125,-4.06,-0.7182,4.0886,-10.6888,0,REST
2726,10.6484375,-3.5263,-2.6686,0.3894,-9.0774,0,REST
2727,10.65234375,-3.3463,-6.7463,-2.6209,-6.0962,0,REST
2728,10.65625,-7.7,-7.8199,-4.1048,-4.9049,0,REST
2729,10.66015625,-7.9799,-9.0718,-3.9089,-3.1155,0,REST
2730,10.6640625,-8.7812,-13.881,-3.7523,1.3879,0,REST
2731,10.66796875,-4.7746,-9.069,-6.558,5.1597,0,REST
2732,10.671875,-7.2059,-11.3293,-7.2486,7.9987,0,REST
2733,10.67578125,-2.8775,-5.7602,-2.4568,8.9456,0,REST
2734,10.6796875,-4.5744,-9.5887,-8.6862,12.1014,0,REST
2735,10.68359375,0.1216,-0.1583,-6.2077,13.4561,0,REST
2736,10.6875,-1.9723,-1.7038,-6.0713,9.9308,0,REST
2737,10.69140625,2.2368,-1.2267,-0.4666,9.846,0,REST
2738,10.6953125,0.5285,3.5748,-2.6385,6.2937,0,REST
2739,10.69921875,0.1788,7.8099,-3.2026,3.5363,0,REST
2740,10.703125,5.2685,7.6657,0.4346,4.7529,0,REST
2741,10.70703125,5.0743,11.6215,1.8915,-1.7412,0,REST
2742,10.7109375,3.6332,11.9214,2.344,-2.1135,0,REST
2743,10.71484375,3.7104,14.7976,5.5597,-2.8468,0,REST
2744,10.71875,4.2214,10.1956,3.8427,-8.3337,0,REST
2745,10.72265625,4.7527,9.4306,3.463,-9.2425,0,REST
2746,10.7265625,3.2567,9.1451,0.523,-8.024,0,REST
2747,10.73046875,0.8286,7.9125,4.7225,-9.1989,0,REST
2748,10.734375,5.8768,0.3689,0.516,-7.1779,0,REST
2749,10.73828125,3.873,-1.0971,3.8555,-9.2518,0,REST
2750,10.7421875,2.7879,-4.261,1.5424,-3.5747,0,REST
2751,10.74609375,0.7365,-5.9292,-0.9923,-6.694,0,REST
2752,10.75,0.1634,-12.6093,4.3351,-2.863,0,REST
2753,10.75390625,-0.7043,-16.5215,2.9431,1.8025,0,REST
2754,10.7578125,0.5475,-12.8672,-1.5465,5.8574,0,REST
2755,10.76171875,0.388,-10.7662,-3.6054,4.4213,0,REST
2756,10.765625,-5.4383,-15.9115,3.9704,8.0532,0,REST
2757,10.76953125,-5.3443,-10.1215,2.3935,10.6112,0,REST
2758,10.7734375,-3.9351,-5.88,-1.2314,5.7545,0,REST
2759,10.77734375,-3.5631,-6.5601,-0.7237,4.5278,0,REST
2760,10.78125,-5.8951,-5.0643,-1.3336,5.1986,0,REST
2761,10.78515625,-4.6155,2.9986,0.9216,5.9857,0,REST
2762,10.7890625,-5.0486,2.2012,0.5077,6.585,0,REST
2763,10.79296875,-2.569,5.1896,-3.1363,-0.617,0,REST
2764,10.796875,-6.7267,6.5085,-1.3386,1.1452,0,REST
2765,10.80078125,-3.5932,10.6177,-5.8627,-2.1614,0,REST
2766,10.8046875,-1.0122,13.9722,-4.7219,2.6344,0,REST
2767,10.80859375,1.7827,9.0166,-5.478,-3.6666,0,REST
2768,10.8125,-0.1791,11.4564,-6.6601,-5.4212,0,REST
2769,10.81640625,4.6586,11.4593,-3.4236,-3.596,0,REST
2770,10.8203125,3.1261,8.353,-4.2351,-4.4919,0,REST
2771,10.82421875,5.6168,6.0778,-0.9005,-5.9801,0,REST
2772,10.828125,10.2967,5.1632,3.1431,-5.1162,0,REST
2773,10.83203125,4.7747,-1.2332,2.378,-6.2318,0,REST
2774,10.8359375,8.3107,-3.9971,6.5863,-5.6743,0,REST
2775,10.83984375,9.8727,-9.8337,3.9776,-3.9479,0,REST
2776,10.84375,3.8783,-12.9127,9.4684,-1.5551,0,REST
2777,10.84765625,0.1441,-12.8133,6.1765,0.6136,0,REST
2778,10.8515625,0.1063,-13.9566,8.8184,0.5816,0,REST
2779,10.85546875,2.4639,-14.5719,7.3688,-0.8968,0,REST
2780,10.859375,3.2393,-9.9935,6.0243,2.0682,0,REST
2781,10.86328125,0.3332,-6.8725,1.0517,-0.4674,0,REST
2782,10.8671875,-5.0085,-4.1484,7.2618,1.0409,0,REST
2783,10.87109375,-5.7683,-7.681,-0.0277,5.3026,0,REST
2784,10.875,-10.91,-2.9108,-0.9438,4.9581,0,REST
2785,10.87890625,-11.4156,4.2802,0.6703,4.8139,0,REST
2786,10.8828125,-13.3298,3.7241,-3.0546,-0.4347,0,REST
2787,10.88671875,-9.6678,5.6136,-5.2518,1.0554,0,REST
2788,10.890625,-8.1284,8.4312,-8.9665,6.6599,0,REST
2789,10.89453125,-9.1278,9.4329,-12.5977,4.9357,0,REST
2790,10.8984375,-8.3246,9.9257,-13.1435,3.769,0,REST
2791,10.90234375,-2.6255,9.9323,-11.1838,3.5742,0,REST
2792,10.90625,-1.9094,4.2901,-8.4123,-0.8987,0,REST
2793,10.91015625,1.7308,10.738,-9.5183,-3.2815,0,REST
2794,10.9140625,2.0761,5.6888,-3.9904,2.5146,0,REST
2795,10.91796875,10.821,5.1642,-7.5543,1.6689,0,REST
2796,10.921875,13.6131,0.8414,1.3563,-2.5973,0,REST
2797,10.92578125,10.5928,2.3934,1.2871,-5.3461,0,REST
2798,10.9296875,11.2276,-5.627,1.5936,-2.0467,0,REST
2799,10.93359375,7.2595,-5.8679,9.6702,-2.729,0,REST
2800,10.9375,10.8271,-4.9255,6.7629,-5.5012,0,REST
2801,10.94140625,12.2208,-12.0772,13.908,-7.1202,0,REST
2802,10.9453125,2.0007,-12.0299,13.3844,-3.5382,0,REST
2803,10.94921875,2.4346,-9.0719,13.5466,-2.9849,0,REST
2804,10.953125,-3.4446,-12.6613,11.036,-1.6907,0,REST
2805,10.95703125,-2.1359,-10.5311,12.4539,-4.26,0,REST
2806,10.9609375,-7.4596,-5.9802,7.2996,0.1351,0,REST
2807,10.96484375,-11.0038,-3.7591,3.2365,2.9726,0,REST
2808,10.96875,-9.3628,-1.3634,2.7721,0.2667,0,REST
2809,10.97265625,-12.755,-1.7216,1.0357,6.1887,0,REST
2810,10.9765625,-13.1706,1.5019,-4.0586,4.9931,0,REST
2811,10.98046875,-11.7278,6.5776,-7.5958,4.5986,0,REST
2812,10.984375,-15.1987,8.8395,-7.3132,3.2005,0,REST
2813,10.98828125,-11.2689,5.4689,-10.3783,5.5387,0,REST
2814,10.9921875,-6.9064,10.3852,-8.0001,8.006,0,REST
2815,10.99609375,-3.0458,9.4985,-15.5632,5.9715,0,REST
2816,11.0,1.0388,6.5425,-14.2321,6.4008,0,REST
2817,11.00390625,5.2784,7.266,-7.7322,0.8286,0,REST
2818,11.0078125,2.575,5.0585,-9.4363,1.3394,0,REST
2819,11.01171875,10.4302,3.4066,-5.0719,1.0052,0,REST
2820,11.015625,9.4201,-0.3842,-1.8223,-0.4155,0,REST
2821,11.01953125,14.1848,-0.8704,-0.2314,0.1109,0,REST
2822,11.0234375,13.2326,-1.4814,6.2168,-7.9218,0,REST
2823,11.02734375,11.9509,-2.4897,5.7505,-9.4617,0,REST
2824,11.03125,10.2089,-4.5934,10.2577,-9.2222,0,REST
2825,11.03515625,6.9722,-8.7011,9.3007,-11.194,0,REST
2826,11.0390625,3.7238,-5.6337,14.3661,-9.6524,0,REST
2827,11.04296875,2.6997,-5.8546,13.5157,-10.3569,0,REST
2828,11.046875,-1.8804,-7.5053,10.2556,-4.0177,0,REST
2829,11.05078125,-6.2423,-5.8776,9.6084,-3.3931,0,REST
2830,11.0546875,-8.6207,-4.4556,8.2165,1.115,0,REST
2831,11.05859375,-7.8876,-5.5155,5.7168,4.487,0,REST
2832,11.0625,-8.9512,-5.1483,5.7114,4.4987,0,REST
2833,11.06640625,-10.1751,2.3131,-2.0176,6.1915,0,REST
2834,11.0703125,-13.9296,-0.7904,-3.9022,14.7358,0,REST
2835,11.07421875,-14.8301,0.0714,-6.22,9.5345,0,REST
2836,11.078125,-10.0605,0.2815,-7.1225,9.6393,0,REST
2837,11.08203125,-6.4356,1.7434,-11.3152,13.7352,0,REST
2838,11.0859375,-8.044,3.4078,-10.9314,10.0869,0,REST
2839,11.08984375,-1.6867,6.8094,-9.872,6.5391,0,REST
2840,11.09375,1.3856,6.6497,-12.2628,7.3035,0,REST
2841,11.09765625,-0.6467,6.5162,-6.55,0.0114,0,REST
2842,11.1015625,4.6201,4.5644,-9.4807,-4.2869,0,REST
2843,11.10546875,8.6935,4.3346,-5.4404,-4.0467,0,REST
2844,11.109375,8.2979,-1.1737,-5.0048,-9.3946,0,REST
2845,11.11328125,11.2362,1.3575,-1.5394,-8.9207,0,REST
2846,11.1171875,11.9727,2.5176,-1.0572,-11.2093,0,REST
2847,11.12109375,11.6751,-2.2209,4.1345,-10.2448,0,REST
2848,11.125,9.7893,2.8554,6.5051,-11.4252,0,REST
2849,11.12890625,7.078,-4.8473,11.2071,-13.7876,0,REST
2850,11.1328125,4.97,0.1293,11.0621,-12.227,0,REST
2851,11.13671875,1.2508,0.1781,4.293,-7.015,0,REST
2852,11.140625,-0.7695,-5.3995,10.2497,-0.4849,0,REST
2853,11.14453125,-2.6158,-3.5544,10.4869,1.4324,0,REST
2854,11.1484375,-2.1762,-0.3948,5.5295,1.4341,0,REST
2855,11.15234375,-5.3453,-4.7327,6.0105,5.3811,0,REST
2856,11.15625,-5.7885,-3.0213,3.8661,8.4408,0,REST
2857,11.16015625,-5.0739,-0.6193,0.1654,14.127,0,REST
2858,11.1640625,-6.3209,-3.8343,-2.473,13.5928,0,REST
2859,11.16796875,-5.5096,-5.7596,-2.1521,12.855,0,REST
2860,11.171875,-3.1841,-3.4627,-3.5515,8.2532,0,REST
2861,11.17578125,-4.2989,-5.0386,-6.3708,13.2457,0,REST
2862,11.1796875,-4.8757,0.5227,-3.7067,10.3679,0,REST
2863,11.18359375,-3.5962,3.7747,-6.8772,2.4321,0,REST
2864,11.1875,0.5835,-3.6766,-4.1518,0.4055,0,REST
2865,11.19140625,0.4508,1.1733,-7.2418,1.2147,0,REST
2866,11.1953125,2.7011,6.4859,-7.0879,-8.1861,0,REST
2867,11.19921875,1.1085,3.1659,-3.1007,-5.777,0,REST
2868,11.203125,7.4599,3.3683,2.0739,-9.9813,0,REST
2869,11.20703125,6.3878,0.7011,-0.6648,-14.2664,0,REST
2870,11.2109375,3.1066,6.9802,0.8443,-15.4186,0,REST
2871,11.21484375,6.8209,5.9902,4.8215,-15.907,0,REST
2872,11.21875,4.5674,2.9678,-1.0085,-10.1174,0,REST
2873,11.22265625,5.2895,2.4635,4.731,-4.7449,0,REST
2874,11.2265625,1.9182,1.0782,3.4909,-6.9707,0,REST
2875,11.23046875,5.0921,0.5133,1.4025,-2.2657,0,REST
2876,11.234375,2.3857,1.6466,4.2142,0.4303,0,REST
2877,11.23828125,5.9351,-3.7988,2.5362,4.3651,0,REST
2878,11.2421875,1.8115,-3.6368,3.3018,7.7844,0,REST
2879,11.24609375,1.1125,-3.3909,-0.0007,11.763,0,REST
2880,11.25,1.3106,0.4481,0.8251,10.8161,0,REST
2881,11.25390625,-0.9855,-2.5393,3.0761,9.9838,0,REST
2882,11.2578125,-1.5108,-7.2782,5.2751,14.5869,0,REST
2883,11.26171875,1.105,-5.1093,4.8559,9.4428,0,REST
2884,11.265625,-2.0141,-5.5198,-0.8612,10.9363,0,REST
2885,11.26953125,-3.3612,-4.4277,0.4641,11.8153,0,REST
2886,11.2734375,-1.8715,-1.1948,-0.3422,7.6761,0,REST
2887,11.27734375,-2.9983,-7.4801,-0.0761,1.5689,0,REST
2888,11.28125,-5.4432,-1.0083,-0.0298,-1.1778,0,REST
2889,11.28515625,-4.445,1.651,0.1968,-1.9947,0,REST
2890,11.2890625,-1.8401,1.7997,-1.5953,-7.2293,0,REST
2891,11.29296875,-7.491,2.3905,0.7741,-9.845,0,REST
2892,11.296875,-1.1687,2.2706,1.7518,-10.9942,0,REST
2893,11.30078125,-3.5544,5.6896,-2.1075,-10.3055,0,REST
2894,11.3046875,-2.0984,4.9315,-2.9412,-13.5706,0,REST
2895,11.30859375,-2.139,7.7641,-0.7456,-7.7108,0,REST
2896,11.3125,0.4569,6.7831,-5.9808,-2.9042,0,REST
2897,11.31640625,0.6758,7.6969,-3.1924,-8.0378,0,REST
2898,11.3203125,2.569,4.6327,-5.523,-3.929,0,REST
2899,11.32421875,3.5202,2.5358,-4.35,0.4237,0,REST
2900,11.328125,5.0634,4.3413,-1.8867,2.4291,0,REST
2901,11.33203125,5.2674,0.6406,-3.5705,6.4951,0,REST
2902,11.3359375,8.4008,-3.0544,0.461,6.5645,0,REST
2903,11.33984375,5.6723,-2.9705,1.9728,5.1081,0,REST
2904,11.34375,10.3697,-7.6729,0.7485,10.8025,0,REST
2905,11.34765625,6.7575,-7.8795,7.5858,7.2808,0,REST
2906,11.3515625,2.8216,-10.7818,6.3849,4.9578,0,REST
2907,11.35546875,1.4579,-8.1772,6.1709,6.0293,0,REST
2908,11.359375,-1.3792,-10.7821,10.5468,6.3669,0,REST
2909,11.36328125,-3.6558,-8.8036,6.786,3.3455,0,REST
2910,11.3671875,-1.9421,-6.6478,6.92,0.0277,0,REST
2911,11.37109375,-6.4029,-6.4286,4.3779,-0.5176,0,REST
2912,11.375,-8.8577,-3.603,5.7081,1.2236,0,REST
2913,11.37890625,-13.6938,-0.3175,2.9129,-3.6574,0,REST
2914,11.3828125,-11.7904,2.9672,4.0769,-6.041,0,REST
2915,11.38671875,-13.0849,3.0603,-4.0991,-3.1538,0,REST
2916,11.390625,-7.9238,9.1787,-1.3576,-4.0625,0,REST
2917,11.39453125,-6.8191,6.8461,-2.4219,-3.3092,0,REST
2918,11.3984375,-4.5878,12.8353,-8.2014,-4.4768,0,REST
2919,11.40234375,-5.1057,11.3661,-3.0292,-5.1833,0,REST
2920,11.40625,-3.268,11.4594,-11.0014,-5.7826,0,REST
2921,11.41015625,2.6423,11.4379,-9.9748,-2.5582,0,REST
2922,11.4140625,6.2331,8.0099,-8.465,-3.908,0,REST
2923,11.41796875,10.782,6.371,-12.2185,1.0094,0,REST
2924,11.421875,9.8141,6.3009,-10.032,-0.9984,0,REST
2925,11.42578125,14.9453,3.5362,-6.7925,0.0504,0,REST
2926,11.4296875,13.1578,0.2315,-2.9784,-0.1678,0,REST
2927,11.43359375,11.5183,-2.746,-2.0694,4.8574,0,REST
2928,11.4375,8.1359,-9.425,1.2121,5.855,0,REST
2929,11.44140625,9.8083,-12.7013,4.4377,3.9638,0,REST
2930,11.4453125,6.4557,-11.4848,5.5649,6.1163,0,REST
2931,11.44921875,5.6882,-11.7952,9.6382,1.4865,0,REST
2932,11.453125,-2.549,-8.9937,11.3672,2.2005,0,REST
2933,11.45703125,-1.4346,-12.5278,13.5542,2.7657,0,REST
2934,11.4609375,-3.0058,-12.8629,12.2023,4.5835,0,REST
2935,11.46484375,-10.6233,-4.8819,8.6719,-1.0168,0,REST
2936,11.46875,-9.8169,-8.4643,9.3844,4.9429,0,REST
2937,11.47265625,-14.5143,-2.5011,7.298,3.1489,0,REST
2938,11.4765625,-15.2198,5.6103,4.9082,4.8032,0,REST
2939,11.48046875,-14.6533,9.6001,0.7272,-0.8013,0,REST
2940,11.484375,-9.3104,8.076,1.3272,-0.9409,0,REST
2941,11.48828125,-8.7125,7.5524,-7.3184,-0.7011,0,REST
2942,11.4921875,-3.6424,9.4507,-9.5469,-2.8269,0,REST
2943,11.49609375,-7.3605,11.1898,-8.8462,-3.2105,0,REST
2944,11.5,1.1228,13.1195,-9.7309,-2.9427,0,REST
2945,11.50390625,1.1896,12.5403,-8.4218,-5.0179,0,REST
2946,11.5078125,9.3285,7.5373,-14.1939,-1.6495,0,REST
2947,11.51171875,8.9973,4.3342,-8.3131,-2.6225,0,REST
2948,11.515625,11.2442,6.3647,-9.3907,-3.9018,0,REST
2949,11.51953125,14.3884,-3.4914,-3.7731,-5.0956,0,REST
2950,11.5234375,11.413,-3.4317,-4.0675,-5.4177,0,REST
2951,11.52734375,12.8756,-9.2803,-1.7364,-0.3353,0,REST
2952,11.53125,9.3691,-6.8459,3.2885,0.7342,0,REST
2953,11.53515625,9.8414,-11.2381,5.197,-3.0732,0,REST
2954,11.5390625,9.6231,-11.5882,8.3969,4.5323,0,REST
2955,11.54296875,2.5044,-9.6377,9.2996,1.3521,0,REST
2956,11.546875,2.7061,-11.6687,12.6018,4.8423,0,REST
2957,11.55078125,-5.162,-13.4944,13.9646,5.7209,0,REST
2958,11.5546875,-7.0408,-6.3067,12.5356,7.7054,0,REST
2959,11.55859375,-9.5529,-8.0817,10.213,7.1983,0,REST
2960,11.5625,-11.7562,-3.8458,5.9462,5.6914,0,REST
2961,11.56640625,-11.836,-1.1674,3.7084,4.9457,0,REST
2962,11.5703125,-13.1631,-0.0278,5.5276,2.8354,0,REST
2963,11.57421875,-10.4023,6.0813,0.5178,2.704,0,REST
2964,11.578125,-13.7679,9.465,-5.7731,0.3499,0,REST
2965,11.58203125,-7.8077,6.0373,-6.0294,1.6458,0,REST
2966,11.5859375,-5.4777,12.6144,-7.2973,-1.7953,0,REST
2967,11.58984375,-3.4345,15.7208,-8.8568,-6.7772,0,REST
2968,11.59375,-0.8133,15.324,-9.4532,-4.2708,0,REST
2969,11.59765625,3.2981,12.5398,-9.0361,-9.8355,0,REST
2970,11.6015625,7.4946,6.356,-11.2009,-6.6682,0,REST
2971,11.60546875,4.9932,7.6241,-11.6793,-10.2331,0,REST
2972,11.609375,9.6698,1.9866,-6.6755,-8.1087,0,REST
2973,11.61328125,10.1553,2.1896,-3.6109,-7.9677,0,REST
2974,11.6171875,7.7053,-4.685,-5.2528,-3.9492,0,REST
2975,11.62109375,11.4962,-5.162,-1.85,-3.7156,0,REST
2976,11.625,8.2853,-7.8797,1.0175,-0.3469,0,REST
2977,11.62890625,4.1282,-11.6392,2.4324,3.1765,0,REST
2978,11.6328125,4.3154,-13.484,6.9717,5.7135,0,REST
2979,11.63671875,2.2155,-13.5295,7.1174,2.922,0,REST
2980,11.640625,0.534,-11.9503,8.4487,11.6588,0,REST
2981,11.64453125,-3.0524,-11.5588,7.4065,12.9416,0,REST
2982,11.6484375,-1.9206,-10.6744,7.4882,11.9717,0,REST
2983,11.65234375,-4.8563,-10.0304,7.9934,11.3977,0,REST
2984,11.65625,-5.2038,-4.7243,6.3824,9.5426,0,REST
2985,11.66015625,-7.5434,-0.9334,5.4159,8.758,0,REST
2986,11.6640625,-6.2958,4.8494,3.9032,5.027,0,REST
2987,11.66796875,-7.258,6.7415,3.8311,2.5428,0,REST
2988,11.671875,-7.6141,8.4571,-1.0395,3.0664,0,REST
2989,11.67578125,-3.2765,8.5354,-2.9415,1.7035,0,REST
2990,11.6796875,-4.8181,11.3924,0.3983,-4.3307,0,REST
2991,11.68359375,-1.0423,10.95,-3.7029,-11.0363,0,REST
2992,11.6875,-1.9554,8.7556,-2.4207,-8.8813,0,REST
2993,11.69140625,-0.5014,11.2858,-6.2151,-9.874,0,REST
2994,11.6953125,2.8906,5.6451,-2.979,-12.2439,0,REST
2995,11.69921875,5.3978,8.1744,-4.9984,-8.1765,0,REST
2996,11.703125,4.7764,0.885,-7.5588,-9.4921,0,REST
2997,11.70703125,1.9336,1.4637,-6.7366,-10.7191,0,REST
2998,11.7109375,5.1354,-2.7538,-0.2039,-9.2054,0,REST
2999,11.71484375,3.985,-2.7451,-5.0658,-1.2466,0,REST
3000,11.71875,3.9017,-4.7704,-2.6945,5.2499,0,REST
3001,11.72265625,1.9689,-6.0008,-4.1324,5.5556,0,REST
3002,11.7265625,0.2628,-8.94,1.7705,12.4336,0,REST
3003,11.73046875,2.2383,-6.554,2.2267,10.6408,0,REST
3004,11.734375,2.6733,-10.6913,1.4511,12.34,0,REST
3005,11.73828125,4.5221,-10.9176,6.1657,12.8016,0,REST
3006,11.7421875,-0.2559,-8.129,-0.4014,11.2842,0,REST
3007,11.74609375,2.2977,0.6375,-1.0607,14.3583,0,REST
3008,11.75,1.4803,-2.8671,5.1688,10.366,0,REST
3009,11.75390625,-1.3895,-0.5428,2.7397,9.951,0,REST
3010,11.7578125,-2.6845,0.994,2.9398,5.0184,0,REST
3011,11.76171875,-2.5778,4.7526,1.9347,-1.3468,0,REST
3012,11.765625,-2.5099,6.8796,4.0165,-3.7328,0,REST
3013,11.76953125,-2.0019,3.6315,3.4237,-4.5994,0,REST
3014,11.7734375,-4.2772,8.5902,2.7452,-6.0885,0,REST
3015,11.77734375,-1.8285,10.5492,4.5302,-12.7401,0,REST
3016,11.78125,-5.2654,9.302,3.0876,-12.0006,0,REST
3017,11.78515625,-5.1966,4.6197,0.0834,-10.0117,0,REST
3018,11.7890625,-2.1704,3.7756,4.1634,-10.7964,0,REST
3019,11.79296875,-6.3336,3.8296,3.1641,-15.3194,0,REST
3020,11.796875,-5.992,3.6221,-3.3032,-5.6124,0,REST
3021,11.80078125,-4.7202,4.2368,0.5683,-5.2275,0,REST
3022,11.8046875,-3.7595,0.7089,-3.2413,1.1,0,REST
3023,11.80859375,1.066,-2.3161,-3.4321,1.6504,0,REST
3024,11.8125,3.1199,-5.9023,-5.2061,7.2254,0,REST
3025,11.81640625,1.4511,-3.9446,-7.3639,3.5408,0,REST
3026,11.8203125,2.6715,-6.3814,-2.6226,11.7693,0,REST
3027,11.82421875,7.71,-6.3345,-10.2502,12.56,0,REST
3028,11.828125,3.8693,-6.1374,-6.7275,13.1851,0,REST
3029,11.83203125,6.7491,-6.7813,-4.348,10.8585,0,REST
3030,11.8359375,10.6644,-7.4707,-4.7207,8.251,0,REST
3031,11.83984375,9.1011,-4.0522,-2.0272,8.3754,0,REST
3032,11.84375,1.7098,-4.522,2.8138,9.3561,0,REST
3033,11.84765625,8.4891,-0.8309,-4.5231,2.6478,0,REST
3034,11.8515625,3.5162,-2.2841,2.7107,0.858,0,REST
3035,11.85546875,2.775,-3.1551,4.0998,-3.3269,0,REST
3036,11.859375,-1.5298,2.6693,4.7482,-1.8232,0,REST
3037,11.86328125,-1.8536,4.5941,6.3983,-8.2489,0,REST
3038,11.8671875,-2.8453,2.5575,8.8008,-6.7265,0,REST
3039,11.87109375,-4.8548,3.0161,9.0107,-9.4909,0,REST
3040,11.875,-7.2487,3.1863,6.5112,-13.6034,0,REST
3041,11.87890625,-9.2431,3.0475,5.2853,-7.8268,0,REST
3042,11.8828125,-6.3328,3.9583,4.4447,-9.1067,0,REST
3043,11.88671875,-9.7314,3.5824,3.9734,-6.1912,0,REST
3044,11.890625,-9.5451,1.062,2.4864,-4.2861,0,REST
3045,11.89453125,-8.6886,6.2421,5.6769,1.8005,0,REST
3046,11.8984375,-6.2275,2.3624,-0.4809,0.4491,0,REST
3047,11.90234375,-2.2667,-0.5613,-6.3803,1.1251,0,REST
3048,11.90625,-0.4639,-1.7261,-7.278,5.1606,0,REST
3049,11.91015625,2.1034,-1.5453,-9.1508,7.5331,0,REST
3050,11.9140625,1.2729,2.1609,-11.1205,10.08,0,REST
3051,11.91796875,8.0645,2.4302,-9.4319,6.5684,0,REST
3052,11.921875,8.0303,-3.2694,-12.7066,8.9825,0,REST
3053,11.92578125,8.9986,-1.4475,-13.6339,7.505,0,REST
3054,11.9296875,12.8645,-5.3333,-12.3731,4.8118,0,REST
3055,11.93359375,12.4771,-3.2964,-8.7148,6.9314,0,REST
3056,11.9375,10.6257,-1.5394,-4.1239,3.1018,0,REST
3057,11.94140625,8.2754,-7.0449,-0.1009,0.2065,0,REST
3058,11.9453125,4.0288,-2.7797,2.986,-4.776,0,REST
3059,11.94921875,1.1647,-3.235,4.1673,-2.4257,0,REST
3060,11.953125,2.4175,-3.9466,8.5339,-5.0391,0,REST
3061,11.95703125,-2.2711,-1.228,10.4297,-5.9429,0,REST
3062,11.9609375,-5.2188,-3.8333,15.3362,-5.0404,0,REST
3063,11.96484375,-8.1225,-0.9462,15.546,-8.8784,0,REST
3064,11.96875,-9.4861,-0.2465,10.3156,-2.738,0,REST
3065,11.97265625,-12.4607,-0.2283,11.0453,-7.5512,0,REST
3066,11.9765625,-13.2416,5.3382,9.146,-5.4083,0,REST
3067,11.98046875,-13.9338,4.4679,4.4938,-5.2104,0,REST
3068,11.984375,-12.399,3.1283,3.2249,-1.7084,0,REST
3069,11.98828125,-7.6883,1.6088,3.2131,-1.1368,0,REST
3070,11.9921875,-8.236,4.8558,1.0372,0.7656,0,REST
3071,11.99609375,-4.6304,1.6592,-4.2565,3.5049,0,REST
3072,12.0,-1.4591,6.9674,-8.1397,3.1471,0,REST
3073,12.00390625,4.7504,1.6477,-9.2115,4.7588,0,REST
3074,12.0078125,7.0354,0.9911,-12.5364,1.8442,0,REST
3075,12.01171875,6.1995,-0.2047,-13.9866,6.3887,0,REST
3076,12.015625,11.8912,-2.8679,-13.8166,6.6187,0,REST
3077,12.01953125,11.3392,5.5419,-9.0952,2.6674,0,REST
3078,12.0234375,10.2376,-3.5326,-14.939,5.3025,0,REST
3079,12.02734375,10.1674,-5.3396,-9.2203,4.6562,0,REST
3080,12.03125,10.8145,-2.8404,-4.7755,4.4609,0,REST
3081,12.03515625,5.9611,-5.3655,-0.4828,-2.6751,0,REST
3082,12.0390625,6.9906,-5.0752,0.6867,1.965,0,REST
3083,12.04296875,3.9513,-4.4261,0.6346,1.8034,1,PREPARE
3084,12.046875,0.0861,-1.9384,4.0138,2.1672,1,PREPARE
3085,12.05078125,-2.0651,-2.3175,5.1465,-0.6397,1,PREPARE
3086,12.0546875,-1.905,-2.6539,5.0282,-3.7871,1,PREPARE
3087,12.05859375,-0.6932,-1.4809,9.3211,-4.1137,1,PREPARE
3088,12.0625,-3.1581,0.8913,3.0773,-3.9232,1,PREPARE
3089,12.06640625,-5.0368,0.5611,3.7681,-4.1644,1,PREPARE
3090,12.0703125,-3.4523,3.193,2.2567,-4.5554,1,PREPARE
3091,12.07421875,-0.4092,4.2836,3.334,-5.3133,1,PREPARE
3092,12.078125,-4.577,8.0437,5.0895,-6.2529,1,PREPARE
3093,12.08203125,-1.3066,3.8835,3.6877,-2.5462,1,PREPARE
3094,12.0859375,-2.5793,6.3823,2.4149,-5.3447,1,PREPARE
3095,12.08984375,-0.4776,1.6846,-1.3658,-2.8644,1,PREPARE
3096,12.09375,0.0718,7.2031,2.5741,2.0061,1,PREPARE
3097,12.09765625,-1.7902,5.951,-1.1441,-3.6369,1,PREPARE
3098,12.1015625,0.1597,4.1999,-4.3283,1.5346,1,PREPARE
3099,12.10546875,0.267,-0.3781,-3.7728,-1.5663,1,PREPARE
3100,12.109375,1.952,0.9323,-3.3282,4.0673,1,PREPARE
3101,12.11328125,5.2112,-2.2997,-8.9946,4.4273,1,PREPARE
3102,12.1171875,5.8533,-1.7523,-4.5684,4.6289,1,PREPARE
3103,12.12109375,2.4397,-2.9395,-2.7327,2.9571,1,PREPARE
3104,12.125,2.4724,-5.8624,-11.105,9.0709,1,PREPARE
3105,12.12890625,1.3149,-3.5048,-2.0538,4.4069,1,PREPARE
3106,12.1328125,4.5819,-4.1499,-2.6697,6.1696,1,PREPARE
3107,12.13671875,2.53,-4.5169,-0.7354,4.7208,1,PREPARE
3108,12.140625,2.1953,-3.9913,-1.0419,0.6476,1,PREPARE
3109,12.14453125,4.9212,-1.4011,3.4138,-2.8707,1,PREPARE
3110,12.1484375,-0.2677,-1.7301,-0.0574,-1.8355,1,PREPARE
3111,12.15234375,-1.8132,-1.12,2.0596,-7.0506,1,PREPARE
3112,12.15625,-1.4094,-0.4016,1.602,-2.0327,1,PREPARE
3113,12.16015625,-5.2644,1.1262,4.5322,-5.0686,1,PREPARE
3114,12.1640625,-0.5721,1.9339,5.0813,-3.7991,1,PREPARE
3115,12.16796875,-1.6197,5.445,6.1499,-7.3634,1,PREPARE
3116,12.171875,-5.2857,2.8886,5.8025,-3.3888,1,PREPARE
3117,12.17578125,2.149,4.5827,2.4404,-3.3672,1,PREPARE
3118,12.1796875,-5.6154,5.6618,1.936,-3.3193,1,PREPARE
3119,12.18359375,-3.9559,2.5667,1.2737,0.1249,1,PREPARE
3120,12.1875,-5.0581,5.8323,2.5404,-3.3281,1,PREPARE
3121,12.19140625,-7.8036,3.1838,-2.1663,2.8336,1,PREPARE
3122,12.1953125,0.8403,3.2304,-2.0055,2.1862,1,PREPARE
3123,12.19921875,1.1639,0.8679,-2.5364,3.0599,1,PREPARE
3124,12.203125,0.6036,0.7546,-0.5052,1.9455,1,PREPARE
3125,12.20703125,-1.3355,2.1612,-3.879,4.2475,1,PREPARE
3126,12.2109375,3.4193,0.4199,-2.0833,4.7144,1,PREPARE
3127,12.21484375,-1.3872,-7.442,-3.931,1.8254,1,PREPARE
3128,12.21875,4.1252,-0.1885,-4.9546,6.2916,1,PREPARE
3129,12.22265625,7.9335,-2.2706,-6.2937,2.3858,1,PREPARE
3130,12.2265625,2.4918,-2.2099,-9.6091,4.5036,1,PREPARE
3131,12.23046875,5.0472,-6.053,-2.7239,3.8085,1,PREPARE
3132,12.234375,5.4495,-4.1554,-3.2219,-2.6444,1,PREPARE
3133,12.23828125,5.4585,-4.9251,-0.3908,-0.6078,1,PREPARE
3134,12.2421875,-1.2487,-6.5435,-0.221,0.7665,1,PREPARE
3135,12.24609375,3.8817,-5.2258,-0.901,-1.9179,1,PREPARE
3136,12.25,1.9495,-2.6828,1.3415,-4.2729,1,PREPARE
3137,12.25390625,-0.2382,-2.4287,2.1968,-4.9103,1,PREPARE
3138,12.2578125,-2.4345,2.1552,0.8572,-6.5206,1,PREPARE
3139,12.26171875,-1.4095,0.918,1.3134,-6.251,1,PREPARE
3140,12.265625,-5.1977,-1.3239,2.8794,-3.1748,1,PREPARE
3141,12.26953125,-8.3434,5.9349,3.2999,-2.365,1,PREPARE
3142,12.2734375,-4.2615,0.0002,6.2098,-4.7383,1,PREPARE
3143,12.27734375,-2.376,3.4286,5.2072,-2.0925,1,PREPARE
3144,12.28125,-5.371,6.3065,3.9293,0.511,1,PREPARE
3145,12.28515625,-3.2411,7.3423,4.5595,-1.7745,1,PREPARE
3146,12.2890625,-3.0795,1.7999,5.8241,-0.0986,1,PREPARE
3147,12.29296875,-5.4045,3.1976,-0.0135,3.882,1,PREPARE
3148,12.296875,-2.176,0.745,1.5096,4.5908,1,PREPARE
3149,12.30078125,1.2273,1.5027,-3.2638,2.6503,1,PREPARE
3150,12.3046875,-0.874,-0.5503,0.0065,6.5779,1,PREPARE
3151,12.30859375,2.9426,-1.8586,-5.3823,7.1946,1,PREPARE
3152,12.3125,2.3299,-3.9319,-1.8486,5.0891,1,PREPARE
3153,12.31640625,6.7434,-6.7042,-5.2307,4.7147,1,PREPARE
3154,12.3203125,7.171,-4.5483,-6.9599,2.2235,1,PREPARE
3155,12.32421875,6.8639,-3.0247,-7.5793,5.0475,1,PREPARE
3156,12.328125,3.2684,-5.9568,-3.6841,0.1411,1,PREPARE
3157,12.33203125,0.5003,-7.7181,-5.1436,1.3126,1,PREPARE
3158,12.3359375,4.4245,-6.4733,-2.4138,-2.4726,1,PREPARE
3159,12.33984375,4.9848,-0.8614,-3.6121,-3.4004,1,PREPARE
3160,12.34375,0.9752,-2.5664,-5.9613,-5.7668,1,PREPARE
3161,12.34765625,2.9776,-2.6801,1.8561,-3.8872,1,PREPARE
3162,12.3515625,-1.5559,-0.1345,0.3196,-7.2686,1,PREPARE
3163,12.35546875,-2.1639,3.467,1.9333,-5.8624,1,PREPARE
3164,12.359375,-3.2595,2.1869,3.9334,-5.0001,1,PREPARE
3165,12.36328125,-5.6711,1.4156,4.0564,-4.3511,1,PREPARE
3166,12.3671875,-3.8304,4.9747,6.979,-4.1775,1,PREPARE
3167,12.37109375,-6.2085,1.7155,5.7755,-4.231,1,PREPARE
3168,12.375,-3.3992,4.9127,3.5868,-1.6564,1,PREPARE
3169,12.37890625,-10.448,5.6766,3.7313,-0.6648,1,PREPARE
3170,12.3828125,-4.1836,4.9876,4.1515,0.98,1,PREPARE
3171,12.38671875,-3.1959,3.7589,4.4963,1.4272,1,PREPARE
3172,12.390625,-6.7729,5.0513,0.8545,3.0352,1,PREPARE
3173,12.39453125,-1.8124,0.0861,1.5074,5.1479,1,PREPARE
3174,12.3984375,0.9683,0.3818,4.4606,4.033,1,PREPARE
3175,12.40234375,1.239,0.1573,1.8825,6.4403,1,PREPARE
3176,12.40625,2.6585,-0.413,-0.6657,6.1963,1,PREPARE
3177,12.41015625,3.7255,-4.3939,-3.4806,6.2453,1,PREPARE
3178,12.4140625,2.6629,-5.7642,-5.5264,4.9073,1,PREPARE
3179,12.41796875,6.2665,-2.5049,-4.4558,6.1275,1,PREPARE
3180,12.421875,3.2552,-6.3582,-6.4663,2.8922,1,PREPARE
3181,12.42578125,4.6406,-2.2024,-6.6923,-1.7956,1,PREPARE
3182,12.4296875,3.8517,-7.2822,-3.5549,-0.2385,1,PREPARE
3183,12.43359375,0.2961,-3.7095,-3.0626,-2.4706,1,PREPARE
3184,12.4375,3.9826,0.3335,-4.9673,-2.3456,1,PREPARE
3185,12.44140625,0.3744,-6.8451,-4.6755,-5.7618,1,PREPARE
3186,12.4453125,1.9524,-1.514,-2.1593,-5.5371,1,PREPARE
3187,12.44921875,-1.7,0.5897,-2.8335,-4.0431,1,PREPARE
3188,12.453125,-2.5467,1.8865,5.7239,-2.4847,1,PREPARE
3189,12.45703125,-1.6279,3.6695,-0.1223,-2.1011,1,PREPARE
3190,12.4609375,-1.7449,3.0252,2.4985,-1.7017,1,PREPARE
3191,12.46484375,-4.8464,2.3736,5.4739,-3.8492,1,PREPARE
3192,12.46875,-3.9566,5.4931,3.5452,-2.1474,1,PREPARE
3193,12.47265625,-4.3785,4.5757,5.0382,-1.7572,1,PREPARE
3194,12.4765625,-7.8562,5.5402,6.0939,0.9611,1,PREPARE
3195,12.48046875,-2.9943,6.9988,7.9641,4.1737,1,PREPARE
3196,12.484375,-5.6011,6.3655,2.9755,-1.6401,1,PREPARE
3197,12.48828125,-3.3769,7.0502,-0.2967,2.5507,1,PREPARE
3198,12.4921875,-5.132,1.3189,2.3656,3.4982,1,PREPARE
3199,12.49609375,-0.3381,1.1642,1.6677,6.5645,1,PREPARE
3200,12.5,1.4341,1.7121,0.1945,5.8311,1,PREPARE
3201,12.50390625,3.2638,-2.0659,-2.138,5.846,1,PREPARE
3202,12.5078125,4.5905,-2.2714,-0.3644,6.5207,1,PREPARE
3203,12.51171875,5.9429,-5.583,-1.4409,2.7946,1,PREPARE
3204,12.515625,2.5864,-5.6747,-1.9945,-0.9798,1,PREPARE
3205,12.51953125,4.8037,-7.895,-8.8365,4.4381,1,PREPARE
3206,12.5234375,2.4573,-3.5799,-4.492,1.5947,1,PREPARE
3207,12.52734375,6.38,-3.7635,-5.6522,-0.5075,1,PREPARE
3208,12.53125,6.5772,-1.4862,-4.5042,0.1849,1,PREPARE
3209,12.53515625,1.5863,-2.2421,-2.842,-6.1977,1,PREPARE
3210,12.5390625,2.8976,-3.5007,-4.3846,-5.5248,1,PREPARE
3211,12.54296875,2.8371,0.9466,-3.1303,-3.8085,1,PREPARE
3212,12.546875,-1.1796,-4.2604,-0.1663,-7.6078,1,PREPARE
3213,12.55078125,-0.5603,0.4441,0.7725,-6.816,1,PREPARE
3214,12.5546875,0.604,4.0222,-1.3421,-3.5377,1,PREPARE
3215,12.55859375,-6.0825,5.0741,1.534,-4.8344,1,PREPARE
3216,12.5625,-5.5561,3.8577,2.1373,0.3073,1,PREPARE
3217,12.56640625,-2.394,4.3996,8.291,-5.3151,1,PREPARE
3218,12.5703125,-3.953,4.7427,6.0525,-1.5548,1,PREPARE
3219,12.57421875,-5.8146,4.7543,2.1724,1.0823,1,PREPARE
3220,12.578125,-4.0244,6.5055,2.9958,1.785,1,PREPARE
3221,12.58203125,-5.1156,3.2672,6.3743,1.6952,1,PREPARE
3222,12.5859375,-2.9833,6.3327,1.3205,3.1988,1,PREPARE
3223,12.58984375,-3.5778,1.887,2.7146,5.7067,1,PREPARE
3224,12.59375,1.703,0.7779,4.3738,6.4574,1,PREPARE
3225,12.59765625,-2.5973,-3.0066,-1.6356,2.1477,1,PREPARE
3226,12.6015625,0.6563,-0.962,2.0611,4.5767,1,PREPARE
3227,12.60546875,-1.7557,-3.0618,0.5554,5.3771,1,PREPARE
3228,12.609375,0.0091,-0.2424,-0.0749,3.0505,1,PREPARE
3229,12.61328125,6.2418,-0.0832,-1.356,1.7924,1,PREPARE
3230,12.6171875,1.9295,-0.7014,-4.5066,-0.2148,1,PREPARE
3231,12.62109375,5.9504,-1.7514,-3.8446,-0.4187,1,PREPARE
3232,12.625,2.8335,-6.2485,-3.2886,-2.7002,1,PREPARE
3233,12.62890625,4.9637,-5.0859,-5.7049,-3.2405,1,PREPARE
3234,12.6328125,2.3343,-3.3939,-4.3969,-4.0817,1,PREPARE
3235,12.63671875,-1.4681,-4.7265,-0.0272,-5.0448,1,PREPARE
3236,12.640625,3.3209,0.659,-6.8978,-7.5748,1,PREPARE
3237,12.64453125,1.5705,0.1303,0.3302,-5.8715,1,PREPARE
3238,12.6484375,2.085,-2.0018,-0.8741,-4.3582,1,PREPARE
3239,12.65234375,0.2902,2.1814,0.8204,-3.5649,1,PREPARE
3240,12.65625,0.4472,4.1213,3.3521,-3.0637,1,PREPARE
3241,12.66015625,-3.7443,7.2482,2.3498,-2.3462,1,PREPARE
3242,12.6640625,-5.4714,5.9924,4.8316,-1.6621,1,PREPARE
3243,12.66796875,-4.6765,3.6462,4.501,-0.9594,1,PREPARE
3244,12.671875,-5.7339,2.4186,4.6115,1.858,1,PREPARE
3245,12.67578125,-6.1722,7.7646,6.2831,0.5204,1,PREPARE
3246,12.6796875,-7.2727,5.1596,6.8686,3.4017,1,PREPARE
3247,12.68359375,-5.9331,2.1698,6.0545,6.5372,1,PREPARE
3248,12.6875,-2.5714,2.6645,5.4508,4.4503,1,PREPARE
3249,12.69140625,-2.0357,0.2456,3.3608,1.3182,1,PREPARE
3250,12.6953125,3.0379,0.5201,3.7231,5.1153,1,PREPARE
3251,12.69921875,1.6096,-4.0825,3.5729,6.291,1,PREPARE
3252,12.703125,6.1442,-3.9472,-1.3103,1.2451,1,PREPARE
3253,12.70703125,-0.575,-2.7276,1.9606,1.4534,1,PREPARE
3254,12.7109375,5.701,-6.0606,-0.5509,1.6306,1,PREPARE
3255,12.71484375,4.0544,-6.3171,-4.6302,-2.7137,1,PREPARE
3256,12.71875,4.9985,-2.7945,-5.389,-3.3978,1,PREPARE
3257,12.72265625,4.0374,-2.4867,-8.3199,1.4548,1,PREPARE
3258,12.7265625,2.52,-2.059,-7.4256,-3.3028,1,PREPARE
3259,12.73046875,3.524,-4.1566,-3.3382,-2.6298,1,PREPARE
3260,12.734375,2.7368,-5.311,-4.7432,-3.3647,1,PREPARE
3261,12.73828125,3.1656,-2.8949,-5.019,-3.3748,1,PREPARE
3262,12.7421875,-0.1183,0.2578,-1.7724,-5.7614,1,PREPARE
3263,12.74609375,2.088,0.6117,-3.9079,-8.1811,1,PREPARE
3264,12.75,0.966,3.4895,-1.7043,-1.5046,1,PREPARE
3265,12.75390625,-0.0616,1.9046,-0.4405,-1.0359,1,PREPARE
3266,12.7578125,-1.4977,3.2318,0.7404,-0.375,1,PREPARE
3267,12.76171875,-2.7617,7.4874,1.8285,-2.5106,1,PREPARE
3268,12.765625,-4.4033,3.7613,3.9508,-1.3447,1,PREPARE
3269,12.76953125,-3.1711,5.9748,3.859,2.4919,1,PREPARE
3270,12.7734375,-4.7879,8.3132,6.1023,1.7269,1,PREPARE
3271,12.77734375,-3.4876,4.5368,4.8602,3.2168,1,PREPARE
3272,12.78125,-2.2544,2.5184,4.1169,3.9629,1,PREPARE
3273,12.78515625,-6.6751,5.8699,4.0405,5.0045,1,PREPARE
3274,12.7890625,-3.0095,3.0273,8.6487,5.0336,1,PREPARE
3275,12.79296875,0.6222,1.6597,2.6846,1.2562,1,PREPARE
3276,12.796875,-0.5847,-2.0502,1.5264,3.5283,1,PREPARE
3277,12.80078125,1.6915,-0.3021,3.3163,2.328,1,PREPARE
3278,12.8046875,-4.3437,-3.9063,-2.5026,1.8559,1,PREPARE
3279,12.80859375,2.9106,-7.461,-0.3713,3.4682,1,PREPARE
3280,12.8125,0.5636,-3.4728,-3.5812,-0.048,1,PREPARE
3281,12.81640625,3.8967,-5.6057,-3.1689,-4.0403,1,PREPARE
3282,12.8203125,9.4645,-5.6405,-3.7977,-3.9709,1,PREPARE
3283,12.82421875,8.2193,-5.7573,-0.803,-3.5588,1,PREPARE
3284,12.828125,5.9904,-3.4354,-1.5512,-4.5711,1,PREPARE
3285,12.83203125,4.5155,-2.6908,-8.7661,-7.2173,1,PREPARE
3286,12.8359375,1.6783,-6.3626,-6.2618,-1.7175,1,PREPARE
3287,12.83984375,2.7044,-1.9085,-2.4049,-1.6683,1,PREPARE
3288,12.84375,2.913,-2.8947,-8.438,-2.373,1,PREPARE
3289,12.84765625,0.74,-0.1842,-1.1697,-1.7112,1,PREPARE
3290,12.8515625,-1.3021,-0.051,0.885,3.9589,1,PREPARE
3291,12.85546875,-1.4115,4.4686,-0.2071,-0.7183,1,PREPARE
3292,12.859375,-3.2438,5.3012,5.3247,1.4429,1,PREPARE
3293,12.86328125,-4.0714,4.6258,2.3924,0.1672,1,PREPARE
3294,12.8671875,-3.4893,7.2402,4.4914,1.6161,1,PREPARE
3295,12.87109375,-5.2029,5.3309,3.7609,5.2812,1,PREPARE
3296,12.875,-2.5013,3.4028,3.3556,4.734,1,PREPARE
3297,12.87890625,-9.0117,7.1457,1.9748,8.2382,1,PREPARE
3298,12.8828125,-5.484,4.3906,2.5255,6.0209,1,PREPARE
3299,12.88671875,-2.3532,1.334,5.2327,7.7045,1,PREPARE
3300,12.890625,-2.3701,-0.2448,2.8532,4.1484,1,PREPARE
3301,12.89453125,-0.9797,0.6023,6.0122,3.4177,1,PREPARE
3302,12.8984375,1.9094,-0.3416,3.9237,1.2744,1,PREPARE
3303,12.90234375,2.837,-2.505,1.8115,-0.1032,1,PREPARE
3304,12.90625,4.0567,-4.1821,3.4491,0.741,1,PREPARE
3305,12.91015625,5.8997,-5.6221,-1.6154,-1.1855,1,PREPARE
3306,12.9140625,3.6952,-5.4145,-1.678,-5.3298,1,PREPARE
3307,12.91796875,2.4122,-5.0303,-4.1188,-5.6126,1,PREPARE
3308,12.921875,6.1236,-8.8245,-1.8787,-6.9811,1,PREPARE
3309,12.92578125,3.014,-5.7663,-6.7665,-2.2147,1,PREPARE
3310,12.9296875,8.2084,-4.0302,-6.6356,-5.8753,1,PREPARE
3311,12.93359375,7.3988,0.7599,-8.8586,-2.8209,1,PREPARE
3312,12.9375,3.4174,0.4336,-5.1196,-2.8935,1,PREPARE
3313,12.94140625,3.1501,2.9874,-3.9487,-2.5544,1,PREPARE
3314,12.9453125,0.7252,3.9066,-5.3979,-5.5578,1,PREPARE
3315,12.94921875,1.9275,7.2815,-4.9165,-2.8281,1,PREPARE
3316,12.953125,-0.9731,3.5326,-4.3887,1.0634,1,PREPARE
3317,12.95703125,-3.0999,6.2436,0.0962,1.6747,1,PREPARE
3318,12.9609375,-4.3018,6.0082,0.1513,0.6912,1,PREPARE
3319,12.96484375,-1.9226,2.8597,2.5369,4.1586,1,PREPARE
3320,12.96875,-2.681,5.7373,2.2933,7.7721,1,PREPARE
3321,12.97265625,-5.6832,1.6681,1.5842,3.8731,1,PREPARE
3322,12.9765625,-2.5709,7.0517,5.011,4.3571,1,PREPARE
3323,12.98046875,-8.5304,3.1806,1.6734,6.7033,1,PREPARE
3324,12.984375,-3.7457,-0.0289,5.855,8.1907,1,PREPARE
3325,12.98828125,-6.1611,-0.6864,4.8728,2.8985,1,PREPARE
3326,12.9921875,-4.5524,-0.0283,4.8732,0.7908,1,PREPARE
3327,12.99609375,-1.3323,-2.9122,2.494,5.062,1,PREPARE
3328,13.0,-0.3945,-5.9035,4.345,1.4217,1,PREPARE
3329,13.00390625,2.9452,-7.4858,-2.0446,-1.358,1,PREPARE
3330,13.0078125,1.5596,-4.4912,2.2507,-1.1888,1,PREPARE
3331,13.01171875,3.2284,-1.0914,1.6689,-2.7194,1,PREPARE
3332,13.015625,4.0794,-4.64,-3.677,-3.1884,1,PREPARE
3333,13.01953125,1.7664,-4.9948,-3.8957,-2.1423,1,PREPARE
3334,13.0234375,5.7703,-2.3353,-1.9651,-5.4761,1,PREPARE
3335,13.02734375,5.8424,-2.3191,-4.0095,-2.8434,1,PREPARE
3336,13.03125,7.0621,-3.5045,-4.9809,-1.7747,1,PREPARE
3337,13.03515625,2.1853,-0.4236,-5.0404,-1.4481,1,PREPARE
3338,13.0390625,3.753,2.9387,-4.6699,1.3818,1,PREPARE
3339,13.04296875,-0.056,2.1006,0.133,-0.1208,1,PREPARE
3340,13.046875,0.0613,3.2808,-2.7595,2.9282,1,PREPARE
3341,13.05078125,-2.5814,4.9297,-5.1492,1.3532,1,PREPARE
3342,13.0546875,-1.8504,1.0842,-1.5612,2.979,1,PREPARE
3343,13.05859375,-1.8852,3.6473,-1.5824,4.3131,1,PREPARE
3344,13.0625,-2.1142,4.9316,-0.1013,8.0013,1,PREPARE
3345,13.06640625,-0.5191,4.2443,5.1935,4.1637,1,PREPARE
3346,13.0703125,-6.9884,4.7248,4.96,8.2092,1,PREPARE
3347,13.07421875,-3.9009,2.6824,5.1531,3.6351,1,PREPARE
3348,13.078125,-1.9837,2.1793,6.329,5.8055,1,PREPARE
3349,13.08203125,-2.9907,1.482,6.4212,2.1281,1,PREPARE
3350,13.0859375,-4.45,1.1928,3.8726,4.0433,1,PREPARE
3351,13.08984375,-3.6613,2.0267,4.0597,2.302,1,PREPARE
3352,13.09375,-1.85,0.4375,2.4647,0.3459,1,PREPARE
3353,13.09765625,-0.3897,-1.7131,0.0096,-0.6928,1,PREPARE
3354,13.1015625,-2.2195,-2.4355,-0.5975,-1.1315,1,PREPARE
3355,13.10546875,0.7733,-2.8723,4.7675,-2.554,1,PREPARE
3356,13.109375,3.5479,-5.3239,1.9279,-3.2306,1,PREPARE
3357,13.11328125,1.599,-6.8795,-1.4202,-5.4047,1,PREPARE
3358,13.1171875,5.3337,-2.6533,-1.147,-6.4429,1,PREPARE
3359,13.12109375,7.1486,-5.2402,1.8702,-4.1273,1,PREPARE
3360,13.125,3.0176,0.7604,-0.4222,-6.1325,1,PREPARE
3361,13.12890625,4.5238,-3.8871,-3.2768,-1.3433,1,PREPARE
3362,13.1328125,5.8266,3.8102,-4.401,-3.3011,1,PREPARE
3363,13.13671875,2.9175,2.5091,-4.4301,0.7778,1,PREPARE
3364,13.140625,7.9489,2.4445,-3.8972,-4.2912,1,PREPARE
3365,13.14453125,2.6995,0.266,-4.4476,2.2376,1,PREPARE
3366,13.1484375,-3.9092,0.8231,-2.1456,0.8844,1,PREPARE
3367,13.15234375,-1.5094,6.338,-7.9066,2.5598,1,PREPARE
3368,13.15625,-4.4302,7.9603,-5.2318,1.7818,1,PREPARE
3369,13.16015625,-3.2695,4.1718,-1.1059,5.8053,1,PREPARE
3370,13.1640625,-2.7617,3.0135,2.7024,5.9606,1,PREPARE
3371,13.16796875,-6.3279,7.2352,1.182,3.7827,1,PREPARE
3372,13.171875,-4.0463,1.6224,4.9546,6.3157,1,PREPARE
3373,13.17578125,-6.5066,0.5108,3.7258,4.4742,1,PREPARE
3374,13.1796875,-6.6598,5.5836,4.5145,-0.4419,1,PREPARE
3375,13.18359375,-4.0423,-0.3777,5.5197,2.3286,1,PREPARE
3376,13.1875,-1.0913,2.4974,3.2691,-3.4198,1,PREPARE
3377,13.19140625,-2.0485,-5.1359,5.3608,0.2473,1,PREPARE
3378,13.1953125,-0.0721,-2.5919,1.1398,0.7718,1,PREPARE
3379,13.19921875,-0.4898,-4.0587,1.5038,-3.2824,1,PREPARE
3380,13.203125,1.9432,-5.0755,1.4305,-4.1922,1,PREPARE
3381,13.20703125,4.5559,-6.6354,3.1603,-3.3556,1,PREPARE
3382,13.2109375,1.2236,-2.932,0.8775,-2.7151,1,PREPARE
3383,13.21484375,3.1704,-4.8769,0.5942,-7.926,1,PREPARE
3384,13.21875,6.9017,-6.0007,-2.0542,-1.7249,1,PREPARE
3385,13.22265625,3.9077,-1.8726,-1.1725,-3.3916,1,PREPARE
3386,13.2265625,9.2315,-8.5966,1.5642,-1.6197,1,PREPARE
3387,13.23046875,3.1916,-1.2383,-4.4938,-3.5176,1,PREPARE
3388,13.234375,4.5326,0.3784,-5.1538,-3.596,1,PREPARE
3389,13.23828125,3.9736,2.5236,-4.8781,-0.4392,1,PREPARE
3390,13.2421875,0.7867,0.6864,-2.4183,4.1675,1,PREPARE
3391,13.24609375,2.8049,4.5956,-3.5053,3.509,1,PREPARE
3392,13.25,-1.3643,7.3946,-8.5469,5.957,1,PREPARE
3393,13.25390625,-0.0518,4.3343,-2.7412,4.4779,1,PREPARE
3394,13.2578125,-2.2518,4.2955,0.708,8.2598,1,PREPARE
3395,13.26171875,-0.352,5.1308,1.964,1.6263,1,PREPARE
3396,13.265625,-3.7662,2.9313,2.7594,3.8432,1,PREPARE
3397,13.26953125,-2.8793,2.7577,-1.2642,3.5442,1,PREPARE
3398,13.2734375,-4.0597,4.6676,3.6051,3.6037,1,PREPARE
3399,13.27734375,-5.7652,1.2784,5.5619,3.763,1,PREPARE
3400,13.28125,-4.9699,1.5756,5.4116,3.5758,1,PREPARE
3401,13.28515625,-3.0137,-3.5504,4.2821,-2.3322,1,PREPARE
3402,13.2890625,-4.2214,3.2422,6.8426,-1.0202,1,PREPARE
3403,13.29296875,1.6781,-0.2069,4.4363,-3.5179,1,PREPARE
3404,13.296875,1.6284,-2.5529,3.7786,-4.2952,1,PREPARE
3405,13.30078125,2.2402,-2.6377,3.241,-6.0187,1,PREPARE
3406,13.3046875,4.2872,-6.5873,0.0863,-1.3849,1,PREPARE
3407,13.30859375,2.3012,-2.443,2.6197,-3.6341,1,PREPARE
3408,13.3125,3.5219,-2.9772,3.861,-3.0369,1,PREPARE
3409,13.31640625,7.2322,-5.4921,1.0512,-1.9047,1,PREPARE
3410,13.3203125,4.7722,-2.3344,-4.4709,-6.4156,1,PREPARE
3411,13.32421875,2.6497,-4.8087,-5.4644,-0.6866,1,PREPARE
3412,13.328125,3.5249,-4.7947,-2.6081,-3.9389,1,PREPARE
3413,13.33203125,2.6497,1.9499,-1.8182,1.01,1,PREPARE
3414,13.3359375,4.2053,1.8632,-3.1158,0.9268,1,PREPARE
3415,13.33984375,1.7475,2.6334,-4.6245,4.4926,1,PREPARE
3416,13.34375,2.1855,3.5426,-1.0105,5.9523,1,PREPARE
3417,13.34765625,-0.6947,6.496,-4.6978,6.1397,1,PREPARE
3418,13.3515625,0.4472,3.2793,-5.0736,2.4524,1,PREPARE
3419,13.35546875,-0.5185,4.4028,-4.4969,8.6148,1,PREPARE
3420,13.359375,-1.3911,7.9248,-3.6014,1.1545,1,PREPARE
3421,13.36328125,-7.4696,5.1012,-0.1749,4.3401,1,PREPARE
3422,13.3671875,-3.2265,3.1651,-2.2273,8.7121,1,PREPARE
3423,13.37109375,-1.5798,8.5472,2.4632,1.2918,1,PREPARE
3424,13.375,-6.0445,0.6566,1.7007,-0.7313,1,PREPARE
3425,13.37890625,-4.4232,3.12,4.8719,-1.1623,1,PREPARE
3426,13.3828125,-1.6267,-0.5005,5.1815,-0.4,1,PREPARE
3427,13.38671875,0.0784,-1.8493,9.4375,-5.1945,1,PREPARE
3428,13.390625,-2.4575,-1.5325,2.9092,-7.0534,1,PREPARE
3429,13.39453125,-4.0052,-5.8903,0.2482,-5.9975,1,PREPARE
3430,13.3984375,2.4686,-2.4927,1.3347,-5.5665,1,PREPARE
3431,13.40234375,-2.7769,-5.7828,-0.4489,-4.1017,1,PREPARE
3432,13.40625,4.2546,-4.6714,4.1608,-4.9197,1,PREPARE
3433,13.41015625,2.3859,-3.4982,-1.4594,-3.9719,1,PREPARE
3434,13.4140625,2.0396,-0.2869,3.8438,-2.7803,1,PREPARE
3435,13.41796875,5.2457,0.168,1.2316,-2.1428,1,PREPARE
3436,13.421875,6.5284,0.2457,1.4889,-1.3864,1,PREPARE
3437,13.42578125,7.9831,-0.6942,-0.6046,-2.859,1,PREPARE
3438,13.4296875,6.3688,-0.0158,-2.762,-1.4963,1,PREPARE
3439,13.43359375,5.5088,-2.4178,-4.3435,1.2201,1,PREPARE
3440,13.4375,1.939,0.3321,-3.0146,4.7126,1,PREPARE
3441,13.44140625,1.0123,2.6388,-8.7116,4.6465,1,PREPARE
3442,13.4453125,3.6107,4.4425,-5.3978,0.1574,1,PREPARE
3443,13.44921875,-0.8367,5.3566,-3.8566,3.0393,1,PREPARE
3444,13.453125,0.2942,5.7559,-2.2061,3.5226,1,PREPARE
3445,13.45703125,0.629,7.3247,-4.1739,7.8851,1,PREPARE
3446,13.4609375,-5.7345,7.8793,0.2385,3.5661,1,PREPARE
3447,13.46484375,-4.5018,5.806,-3.2652,3.9295,1,PREPARE
3448,13.46875,-5.676,6.2844,-0.1067,2.0069,1,PREPARE
3449,13.47265625,-4.253,2.5498,1.1751,-2.9277,1,PREPARE
3450,13.4765625,-5.106,2.4504,1.5678,-2.0527,1,PREPARE
3451,13.48046875,-5.905,0.1808,4.0313,-2.3562,1,PREPARE
3452,13.484375,-8.6541,-2.9075,2.8319,-5.0236,1,PREPARE
3453,13.48828125,-5.4581,0.0049,7.1616,-4.7746,1,PREPARE
3454,13.4921875,-0.0811,-1.4476,5.1892,-3.2333,1,PREPARE
3455,13.49609375,-0.802,-2.2251,5.9871,-1.3951,1,PREPARE
3456,13.5,-3.1452,-3.3674,7.6466,-8.9093,1,PREPARE
3457,13.50390625,2.6937,-7.641,3.5239,-5.9981,1,PREPARE
3458,13.5078125,1.8536,-5.1208,2.8122,-7.3102,1,PREPARE
3459,13.51171875,5.7594,-8.1082,1.7976,0.0201,1,PREPARE
3460,13.515625,2.6154,-4.8414,2.9432,-5.3106,1,PREPARE
3461,13.51953125,5.5693,-4.6203,-0.6545,-2.9161,1,PREPARE
3462,13.5234375,5.1725,-4.9368,-0.7582,-3.2214,1,PREPARE
3463,13.52734375,2.382,-4.1638,-0.835,0.1393,1,PREPARE
3464,13.53125,1.3895,-2.0118,-3.0505,1.9291,1,PREPARE
3465,13.53515625,5.3077,2.614,-2.5979,-0.5255,1,PREPARE
3466,13.5390625,4.3433,4.81,-7.2367,4.255,1,PREPARE
3467,13.54296875,-0.3011,2.6744,-4.5004,6.7943,1,PREPARE
3468,13.546875,3.5281,3.7725,-4.9511,6.0847,1,PREPARE
3469,13.55078125,1.5366,5.5017,-4.1168,5.3038,1,PREPARE
3470,13.5546875,0.4348,5.8497,-3.3269,8.339,1,PREPARE
3471,13.55859375,-2.3411,7.3358,-2.6442,3.4928,1,PREPARE
3472,13.5625,-5.0903,2.4289,-3.4107,3.6519,1,PREPARE
3473,13.56640625,-1.0247,3.6293,-4.1764,4.4367,1,PREPARE
3474,13.5703125,-3.5367,2.8846,-0.0371,-0.152,1,PREPARE
3475,13.57421875,-1.8371,-0.1742,0.9215,1.1695,1,PREPARE
3476,13.578125,-5.5375,-0.8317,0.8201,-1.8179,1,PREPARE
3477,13.58203125,-4.8446,-2.0133,7.0548,-2.2121,1,PREPARE
3478,13.5859375,-3.7564,-0.178,4.3151,-2.3432,1,PREPARE
3479,13.58984375,-4.481,-6.5096,6.5616,-5.7702,1,PREPARE
3480,13.59375,-1.4488,-2.5814,3.0342,-6.2044,1,PREPARE
3481,13.59765625,0.3211,-3.4866,5.4039,-9.8561,1,PREPARE
3482,13.6015625,0.4493,-5.3403,7.4112,-4.6722,1,PREPARE
3483,13.60546875,-1.2601,-2.1841,1.8068,-3.845,1,PREPARE
3484,13.609375,0.9675,-3.0506,2.6532,-4.7877,1,PREPARE
3485,13.61328125,6.7232,-3.1256,1.004,4.1301,1,PREPARE
3486,13.6171875,5.8546,-3.2738,0.5912,-2.1205,1,PREPARE
3487,13.62109375,6.98,-0.4865,-0.46,-0.1726,1,PREPARE
3488,13.625,2.349,0.032,2.0012,1.5543,1,PREPARE
3489,13.62890625,4.9659,-1.3574,1.5866,2.5099,1,PREPARE
3490,13.6328125,6.1297,2.5675,-2.6337,3.6352,1,PREPARE
3491,13.63671875,4.2897,0.5226,-3.4963,6.4201,1,PREPARE
3492,13.640625,2.359,4.2775,-7.6044,3.4626,1,PREPARE
3493,13.64453125,-0.6584,6.7138,-8.9708,4.7619,1,PREPARE
3494,13.6484375,4.915,3.8914,-4.194,5.4793,1,PREPARE
3495,13.65234375,-2.4423,3.0465,-7.386,7.2137,1,PREPARE
3496,13.65625,-1.2773,3.3738,-6.3001,2.0354,1,PREPARE
3497,13.66015625,1.4273,5.2236,-5.3306,3.9411,1,PREPARE
3498,13.6640625,-2.9397,2.8739,-3.5796,-0.0134,1,PREPARE
3499,13.66796875,-3.6195,1.8784,1.081,-0.2847,1,PREPARE
3500,13.671875,-1.7416,0.1302,-0.3373,0.2086,1,PREPARE
3501,13.67578125,-4.2551,-0.9358,0.5687,-1.4345,1,PREPARE
3502,13.6796875,-3.4778,-1.7389,1.372,-4.813,1,PREPARE
3503,13.68359375,-5.5512,-1.2048,0.6607,-4.3003,1,PREPARE
3504,13.6875,-9.7077,-3.7815,4.9855,-7.8719,1,PREPARE
3505,13.69140625,-4.3322,-1.1734,3.7058,-1.4088,1,PREPARE
3506,13.6953125,-3.095,0.7263,1.8431,-3.4436,1,PREPARE
3507,13.69921875,-1.1386,-9.2517,6.8742,-4.2421,1,PREPARE
3508,13.703125,2.3131,-7.5176,3.3443,-1.7298,1,PREPARE
3509,13.70703125,3.0439,-4.3048,5.2503,-2.8304,1,PREPARE
3510,13.7109375,4.3475,-5.0543,4.1153,-4.5163,1,PREPARE
3511,13.71484375,3.4091,-2.5063,2.9227,0.9116,1,PREPARE
3512,13.71875,3.5052,-4.1975,1.1927,-1.6214,1,PREPARE
3513,13.72265625,3.8038,0.7382,1.4261,3.8636,1,PREPARE
3514,13.7265625,4.4123,0.0555,-0.2361,5.3767,1,PREPARE
3515,13.73046875,3.9027,2.5787,-0.1842,6.7761,1,PREPARE
3516,13.734375,4.3561,4.2527,-1.1561,1.3618,1,PREPARE
3517,13.73828125,-1.0,3.5197,-6.8134,-2.9056,2,LEFT_MI
3518,13.7421875,-5.4255,5.0525,-11.9141,3.0732,2,LEFT_MI
3519,13.74609375,2.8631,1.2651,-6.4089,1.5433,2,LEFT_MI
3520,13.75,-3.6481,-0.0147,-2.7469,2.3763,2,LEFT_MI
3521,13.75390625,0.4256,0.5676,-4.3241,3.426,2,LEFT_MI
3522,13.7578125,0.4997,6.66,1.9145,3.6225,2,LEFT_MI
3523,13.76171875,-2.0217,4.1092,4.4136,9.6219,2,LEFT_MI
3524,13.765625,-1.6696,6.049,-6.0586,1.6812,2,LEFT_MI
3525,13.76953125,-8.7156,-2.7382,0.8224,-0.8456,2,LEFT_MI
3526,13.7734375,-2.7706,-1.1046,2.2069,-1.5684,2,LEFT_MI
3527,13.77734375,-8.4982,-5.686,4.7718,-6.8725,2,LEFT_MI
3528,13.78125,-9.617,-7.1559,0.8617,-3.7232,2,LEFT_MI
3529,13.78515625,-7.2109,-5.6855,3.1716,-5.7158,2,LEFT_MI
3530,13.7890625,-0.4908,-2.5102,-2.7754,-6.1029,2,LEFT_MI
3531,13.79296875,-4.6422,-3.8673,3.0784,-7.0738,2,LEFT_MI
3532,13.796875,0.7043,-3.9713,3.5988,-8.3449,2,LEFT_MI
3533,13.80078125,6.049,3.5728,5.9088,-3.5267,2,LEFT_MI
3534,13.8046875,6.2387,-3.0119,4.0314,-1.3898,2,LEFT_MI
3535,13.80859375,6.9818,-1.7657,9.1065,1.107,2,LEFT_MI
3536,13.8125,8.2925,3.2292,6.6574,5.622,2,LEFT_MI
3537,13.81640625,5.1627,-4.5372,10.3609,7.4913,2,LEFT_MI
3538,13.8203125,11.3625,-1.1121,3.7378,4.0764,2,LEFT_MI
3539,13.82421875,9.5533,1.3407,0.4213,5.5202,2,LEFT_MI
3540,13.828125,6.9441,-2.4464,-1.4206,0.3477,2,LEFT_MI
3541,13.83203125,4.762,-1.2561,-5.6191,2.6884,2,LEFT_MI
3542,13.8359375,2.229,-1.5664,-9.3166,4.6675,2,LEFT_MI
3543,13.83984375,-2.5428,-2.5371,-4.4943,2.2472,2,LEFT_MI
3544,13.84375,1.3757,-4.1345,-10.811,5.6896,2,LEFT_MI
3545,13.84765625,-7.857,-5.3291,-1.8997,-3.5007,2,LEFT_MI
3546,13.8515625,-0.6874,8.3498,-4.4035,1.198,2,LEFT_MI
3547,13.85546875,-4.5818,4.6785,-5.434,0.4921,2,LEFT_MI
3548,13.859375,-1.0152,3.7729,0.8649,1.3043,2,LEFT_MI
3549,13.86328125,-3.277,8.221,3.5917,-1.1526,2,LEFT_MI
3550,13.8671875,-0.2181,7.2968,-0.0447,-4.3612,2,LEFT_MI
3551,13.87109375,-2.0857,-0.0002,-8.3156,-2.5538,2,LEFT_MI
3552,13.875,-4.5977,2.3951,-4.2636,-3.3805,2,LEFT_MI
3553,13.87890625,-7.1693,-0.5499,-4.9046,-8.6137,2,LEFT_MI
3554,13.8828125,-7.8298,-1.241,0.8975,-7.515,2,LEFT_MI
3555,13.88671875,-5.4448,-8.9945,-2.3132,-6.1789,2,LEFT_MI
3556,13.890625,-13.3821,-5.1318,5.4238,-7.9949,2,LEFT_MI
3557,13.89453125,-0.9351,-5.4586,0.6649,-5.4515,2,LEFT_MI
3558,13.8984375,1.6417,-0.2624,3.4564,-3.3861,2,LEFT_MI
3559,13.90234375,0.6108,0.0833,2.9699,2.2264,2,LEFT_MI
3560,13.90625,6.0725,1.456,11.976,4.8779,2,LEFT_MI
3561,13.91015625,7.7105,1.6876,11.9749,4.7094,2,LEFT_MI
3562,13.9140625,4.1646,11.2344,1.4622,4.4831,2,LEFT_MI
3563,13.91796875,6.8397,3.7223,8.3039,2.6137,2,LEFT_MI
3564,13.921875,4.9145,-1.5451,-0.3631,5.743,2,LEFT_MI
3565,13.92578125,8.1448,0.0909,2.6614,6.8049,2,LEFT_MI
3566,13.9296875,5.7099,0.2004,-4.5426,3.4782,2,LEFT_MI
3567,13.93359375,-2.5778,-2.943,-2.5647,0.5835,2,LEFT_MI
3568,13.9375,-2.572,0.6204,-8.2841,2.7338,2,LEFT_MI
3569,13.94140625,-0.2428,4.7494,-6.1792,7.172,2,LEFT_MI
3570,13.9453125,-3.6687,-0.702,-8.1219,-0.0877,2,LEFT_MI
3571,13.94921875,0.3434,-1.2575,-9.5043,0.2437,2,LEFT_MI
3572,13.953125,2.3434,2.2832,-1.6465,-3.9785,2,LEFT_MI
3573,13.95703125,-0.4639,4.1978,-0.5344,3.7311,2,LEFT_MI
3574,13.9609375,-3.7348,8.125,-1.803,2.2031,2,LEFT_MI
3575,13.96484375,1.5708,5.1975,-2.1814,2.4983,2,LEFT_MI
3576,13.96875,-6.9747,3.5183,-2.3303,-4.4484,2,LEFT_MI
3577,13.97265625,-10.8673,-0.7736,-0.0379,-1.4514,2,LEFT_MI
3578,13.9765625,-2.6369,-2.429,3.9939,-7.1309,2,LEFT_MI
3579,13.98046875,-9.3818,-5.5992,0.3604,-5.9099,2,LEFT_MI
3580,13.984375,-11.6404,1.6298,-3.3753,-11.5974,2,LEFT_MI
3581,13.98828125,-9.0944,1.6744,1.9868,-5.4772,2,LEFT_MI
3582,13.9921875,-7.2654,-6.4982,1.1662,-3.6328,2,LEFT_MI
3583,13.99609375,-3.1346,-1.7968,4.0224,-5.2133,2,LEFT_MI
3584,14.0,-3.6615,-1.2125,6.7606,-1.327,2,LEFT_MI
3585,14.00390625,3.0512,-0.82,6.0007,3.7371,2,LEFT_MI
3586,14.0078125,5.6052,5.6709,7.0306,6.2177,2,LEFT_MI
3587,14.01171875,7.9379,3.367,12.4522,3.3639,2,LEFT_MI
3588,14.015625,11.2523,-0.6837,10.06,6.3958,2,LEFT_MI
3589,14.01953125,7.9654,1.0809,7.5758,7.3066,2,LEFT_MI
3590,14.0234375,10.9803,3.5254,6.9408,4.0879,2,LEFT_MI
3591,14.02734375,2.8572,-2.4556,-0.9195,10.1649,2,LEFT_MI
3592,14.03125,1.7066,0.8933,0.5824,3.7513,2,LEFT_MI
3593,14.03515625,6.8781,3.4467,-0.0251,4.0695,2,LEFT_MI
3594,14.0390625,1.8251,2.9738,-10.017,-4.6172,2,LEFT_MI
3595,14.04296875,-4.3764,0.6278,-2.8792,0.0168,2,LEFT_MI
3596,14.046875,-1.1598,-0.3348,-9.6284,-4.3993,2,LEFT_MI
3597,14.05078125,-3.3938,0.2919,-4.2721,-2.621,2,LEFT_MI
3598,14.0546875,-0.2074,9.1411,-0.5276,3.1861,2,LEFT_MI
3599,14.05859375,-1.6433,4.8915,2.3201,-1.6333,2,LEFT_MI
3600,14.0625,0.1396,4.3595,-2.9356,1.564,2,LEFT_MI
3601,14.06640625,-4.0331,2.6002,2.0867,-5.9987,2,LEFT_MI
3602,14.0703125,-2.7713,2.466,-3.9678,-1.6242,2,LEFT_MI
3603,14.07421875,-10.254,1.3741,3.3767,-3.5952,2,LEFT_MI
3604,14.078125,-10.3518,-7.9768,-2.1943,-5.2707,2,LEFT_MI
3605,14.08203125,-2.9708,-0.3105,-4.5115,-1.3295,2,LEFT_MI
3606,14.0859375,-5.6095,-7.8828,-6.9356,-9.6928,2,LEFT_MI
3607,14.08984375,-3.2082,-4.3414,1.066,-5.6726,2,LEFT_MI
3608,14.09375,-2.4748,-4.0604,0.5638,-3.8641,2,LEFT_MI
3609,14.09765625,-3.3801,-4.4655,9.1042,-0.1031,2,LEFT_MI
3610,14.1015625,-3.6984,-1.5278,7.001,4.4432,2,LEFT_MI
3611,14.10546875,9.7733,0.9964,7.3503,3.0767,2,LEFT_MI
3612,14.109375,3.0416,0.607,5.2701,6.5395,2,LEFT_MI
3613,14.11328125,10.5069,1.8496,9.5779,11.3114,2,LEFT_MI
3614,14.1171875,11.6583,3.9074,11.0147,8.4148,2,LEFT_MI
3615,14.12109375,8.9217,3.4524,1.5051,6.2191,2,LEFT_MI
3616,14.125,4.6324,-2.9456,-2.9466,4.8527,2,LEFT_MI
3617,14.12890625,1.9891,-1.8578,-2.1465,0.7856,2,LEFT_MI
3618,14.1328125,3.0958,-1.6044,-3.4062,3.7128,2,LEFT_MI
3619,14.13671875,7.7959,-7.8029,-6.087,1.9836,2,LEFT_MI
3620,14.140625,2.8889,-2.9694,-8.0621,0.195,2,LEFT_MI
3621,14.14453125,1.5729,-2.3918,-5.2747,-6.8738,2,LEFT_MI
3622,14.1484375,0.5294,-1.3987,-5.5132,-1.2946,2,LEFT_MI
3623,14.15234375,-3.8342,5.5453,-4.5551,-3.6645,2,LEFT_MI
3624,14.15625,4.1435,11.0263,-1.4996,-0.033,2,LEFT_MI
3625,14.16015625,-3.0372,5.1503,-2.0238,-0.4185,2,LEFT_MI
3626,14.1640625,-3.1894,4.1785,2.1985,0.627,2,LEFT_MI
3627,14.16796875,-5.7824,0.7688,-2.3875,0.4346,2,LEFT_MI
3628,14.171875,-2.3765,5.0254,-4.772,-3.5343,2,LEFT_MI
3629,14.17578125,-1.2149,-2.6078,-6.2782,-6.7405,2,LEFT_MI
3630,14.1796875,-7.9787,1.6613,-1.3333,-4.5864,2,LEFT_MI
3631,14.18359375,-3.4171,-9.5664,-2.2489,-4.0023,2,LEFT_MI
3632,14.1875,-5.9761,-0.4525,5.5184,0.0994,2,LEFT_MI
3633,14.19140625,0.1635,-1.3578,0.6652,1.182,2,LEFT_MI
3634,14.1953125,-4.198,-1.4828,4.8328,-5.1896,2,LEFT_MI
3635,14.19921875,-0.5507,-3.1445,3.015,5.1921,2,LEFT_MI
3636,14.203125,-1.3882,6.0153,5.5561,2.1841,2,LEFT_MI
3637,14.20703125,5.6177,2.8087,7.8279,3.3794,2,LEFT_MI
3638,14.2109375,9.9536,1.3023,10.5688,10.2733,2,LEFT_MI
3639,14.21484375,1.4511,7.2133,5.9943,8.1042,2,LEFT_MI
3640,14.21875,10.1098,5.9206,7.0995,10.9091,2,LEFT_MI
3641,14.22265625,12.6974,1.7776,0.0766,2.1826,2,LEFT_MI
3642,14.2265625,8.448,2.4662,-0.1777,5.6896,2,LEFT_MI
3643,14.23046875,9.4006,-2.6838,-8.1229,-2.1883,2,LEFT_MI
3644,14.234375,2.8329,2.6567,-5.1992,-0.5868,2,LEFT_MI
3645,14.23828125,2.8884,3.788,-5.5063,-1.1641,2,LEFT_MI
3646,14.2421875,-3.7152,-2.3445,-5.8956,-1.9296,2,LEFT_MI
3647,14.24609375,-3.0833,-0.8753,-4.1471,-2.7658,2,LEFT_MI
3648,14.25,-2.2694,0.1874,-4.5137,0.2034,2,LEFT_MI
3649,14.25390625,-3.6971,-3.2273,-5.7824,-0.5089,2,LEFT_MI
3650,14.2578125,0.5981,2.9514,-2.1253,-5.0406,2,LEFT_MI
3651,14.26171875,-1.8897,0.3795,-0.6932,-1.4145,2,LEFT_MI
3652,14.265625,-3.0867,7.1083,-10.9206,-0.812,2,LEFT_MI
3653,14.26953125,-0.0214,-0.1313,-2.9675,-0.5531,2,LEFT_MI
3654,14.2734375,-0.357,-0.7566,-2.5963,-3.266,2,LEFT_MI
3655,14.27734375,-2.0522,2.1719,-4.1542,-2.4087,2,LEFT_MI
3656,14.28125,-8.5422,-2.7474,-3.8447,-7.5121,2,LEFT_MI
3657,14.28515625,-4.507,-1.7796,-2.7341,-3.6301,2,LEFT_MI
3658,14.2890625,-3.2285,-1.3061,-2.5688,1.7338,2,LEFT_MI
3659,14.29296875,-2.9671,-3.6112,-5.4684,0.794,2,LEFT_MI
3660,14.296875,-0.2778,1.7719,-0.6053,6.1615,2,LEFT_MI
3661,14.30078125,1.8732,-0.6831,2.7698,9.5334,2,LEFT_MI
3662,14.3046875,2.0611,-1.6485,2.3561,3.4162,2,LEFT_MI
3663,14.30859375,6.3931,1.8911,14.6639,6.7479,2,LEFT_MI
3664,14.3125,10.8287,-1.3732,6.2698,5.9344,2,LEFT_MI
3665,14.31640625,7.7498,7.5569,14.1203,10.1147,2,LEFT_MI
3666,14.3203125,12.3088,1.3146,5.0141,3.1165,2,LEFT_MI
3667,14.32421875,10.1434,1.7812,5.0368,1.1,2,LEFT_MI
3668,14.328125,4.179,8.5064,4.3554,-2.0824,2,LEFT_MI
3669,14.33203125,0.6164,3.0058,-1.2721,-1.6669,2,LEFT_MI
3670,14.3359375,-0.405,3.4773,-5.2585,-2.1274,2,LEFT_MI
3671,14.33984375,2.4698,-1.5469,-5.8891,-7.5519,2,LEFT_MI
3672,14.34375,-1.3864,-0.2902,-2.8984,-7.0334,2,LEFT_MI
3673,14.34765625,2.1157,0.8541,-4.3262,-9.0585,2,LEFT_MI
3674,14.3515625,-1.5393,7.6884,-3.6465,-5.6673,2,LEFT_MI
3675,14.35546875,-2.1336,4.8737,-2.5613,-4.1507,2,LEFT_MI
3676,14.359375,2.2744,4.8179,-9.3829,-3.7434,2,LEFT_MI
3677,14.36328125,-0.0985,3.1117,-1.6171,-2.3643,2,LEFT_MI
3678,14.3671875,2.5767,2.4944,-3.4471,1.201,2,LEFT_MI
3679,14.37109375,-3.5898,2.877,-8.2409,-7.6619,2,LEFT_MI
3680,14.375,-10.0063,-2.4564,-1.0272,2.4147,2,LEFT_MI
3681,14.37890625,-5.9902,-5.4613,-6.6487,-3.8525,2,LEFT_MI
3682,14.3828125,-4.5685,-8.3817,-9.212,0.1115,2,LEFT_MI
3683,14.38671875,-6.088,-4.4845,1.4643,3.6138,2,LEFT_MI
3684,14.390625,-11.2872,-4.1542,1.5623,-5.2241,2,LEFT_MI
3685,14.39453125,-4.498,-2.2353,1.7928,2.6348,2,LEFT_MI
3686,14.3984375,-4.094,-8.9693,7.7594,3.2072,2,LEFT_MI
3687,14.40234375,3.4584,0.2674,8.0001,7.0313,2,LEFT_MI
3688,14.40625,6.812,5.3505,5.051,11.0831,2,LEFT_MI
3689,14.41015625,5.2954,3.6281,5.2535,3.8087,2,LEFT_MI
3690,14.4140625,8.1499,2.3381,5.6472,5.6113,2,LEFT_MI
3691,14.41796875,7.9325,-1.716,10.9208,7.7026,2,LEFT_MI
3692,14.421875,9.4494,4.2697,11.5248,-0.6665,2,LEFT_MI
3693,14.42578125,7.5738,-0.666,5.3845,0.6743,2,LEFT_MI
3694,14.4296875,5.644,0.7313,4.7198,-5.648,2,LEFT_MI
3695,14.43359375,3.427,-1.9285,-0.2495,-3.3356,2,LEFT_MI
3696,14.4375,2.809,0.5066,-0.0341,-13.6548,2,LEFT_MI
3697,14.44140625,1.5514,0.0537,-3.3918,-14.5778,2,LEFT_MI
3698,14.4453125,2.2285,-1.5013,-6.0749,-8.3716,2,LEFT_MI
3699,14.44921875,1.445,2.1772,-11.3824,-3.8726,2,LEFT_MI
3700,14.453125,-0.069,-0.2868,-3.2644,-3.3493,2,LEFT_MI
3701,14.45703125,-1.2398,1.1691,-2.6907,-2.8077,2,LEFT_MI
3702,14.4609375,-2.893,6.6275,0.0508,0.5962,2,LEFT_MI
3703,14.46484375,0.4202,4.0889,-2.987,0.4089,2,LEFT_MI
3704,14.46875,-4.4947,2.147,-4.6774,1.2256,2,LEFT_MI
3705,14.47265625,-2.4456,4.6072,-5.2587,-5.5103,2,LEFT_MI
3706,14.4765625,-2.7792,-2.2803,-7.8399,1.8931,2,LEFT_MI
3707,14.48046875,-4.3602,-2.3903,-5.1054,0.731,2,LEFT_MI
3708,14.484375,-7.7456,-6.4122,-7.8818,-2.4663,2,LEFT_MI
3709,14.48828125,-11.6286,-7.9617,-4.5771,3.4231,2,LEFT_MI
3710,14.4921875,-2.4249,3.2202,-1.4158,8.2573,2,LEFT_MI
3711,14.49609375,-5.212,-6.957,-1.3509,8.1097,2,LEFT_MI
3712,14.5,-2.6205,-4.3797,2.7576,6.7503,2,LEFT_MI
3713,14.50390625,7.1033,-1.3644,8.066,6.571,2,LEFT_MI
3714,14.5078125,4.575,-0.2054,7.4368,7.7324,2,LEFT_MI
3715,14.51171875,8.9465,3.6204,9.8672,8.7557,2,LEFT_MI
3716,14.515625,8.9974,5.4304,8.359,6.0609,2,LEFT_MI
3717,14.51953125,9.3294,1.9924,7.7102,2.3878,2,LEFT_MI
3718,14.5234375,6.559,1.4402,4.4818,0.3845,2,LEFT_MI
3719,14.52734375,-0.0017,6.2039,1.8068,-4.7104,2,LEFT_MI
3720,14.53125,8.1513,3.3027,-0.9735,-3.2984,2,LEFT_MI
3721,14.53515625,2.1267,0.8225,-0.0059,-9.057,2,LEFT_MI
3722,14.5390625,-5.1787,1.614,3.9333,-4.9602,2,LEFT_MI
3723,14.54296875,0.0876,3.8015,-2.3749,-8.3318,2,LEFT_MI
3724,14.546875,-3.1033,1.525,-1.1398,-5.6248,2,LEFT_MI
3725,14.55078125,-1.9126,-4.9197,-9.1105,-4.1874,2,LEFT_MI
3726,14.5546875,-0.6337,7.3091,-2.2374,-4.662,2,LEFT_MI
3727,14.55859375,-1.6849,1.1205,-2.1335,-2.7919,2,LEFT_MI
3728,14.5625,-1.4378,0.6041,-6.8855,1.0083,2,LEFT_MI
3729,14.56640625,-1.5991,0.8415,-4.1235,-0.7714,2,LEFT_MI
3730,14.5703125,-4.5673,1.1538,-1.3305,6.0315,2,LEFT_MI
3731,14.57421875,-4.3144,-3.7502,-4.3397,1.2814,2,LEFT_MI
3732,14.578125,-9.7276,-1.3983,-3.5445,2.9788,2,LEFT_MI
3733,14.58203125,-14.7583,-5.2897,-3.0133,4.5774,2,LEFT_MI
3734,14.5859375,-4.5804,-4.2217,-5.1538,5.4257,2,LEFT_MI
3735,14.58984375,-5.9641,-1.3922,-5.1925,0.231,2,LEFT_MI
3736,14.59375,0.22,-5.54,-6.119,7.3979,2,LEFT_MI
3737,14.59765625,-2.1575,-1.6579,1.6604,3.3547,2,LEFT_MI
3738,14.6015625,0.7879,-1.2637,5.8385,3.2214,2,LEFT_MI
3739,14.60546875,5.9611,4.1653,-0.7645,4.4384,2,LEFT_MI
3740,14.609375,5.1742,7.8406,6.7596,4.9155,2,LEFT_MI
3741,14.61328125,9.1251,0.8105,10.9258,1.4254,2,LEFT_MI
3742,14.6171875,12.916,5.4029,10.9415,2.9654,2,LEFT_MI
3743,14.62109375,9.4818,0.3876,12.3106,-2.5115,2,LEFT_MI
3744,14.625,3.0469,3.6707,10.2221,-4.4384,2,LEFT_MI
3745,14.62890625,-0.8414,2.9418,-0.5255,-7.4924,2,LEFT_MI
3746,14.6328125,5.0101,-0.5443,1.4826,-9.4965,2,LEFT_MI
3747,14.63671875,0.9994,2.4223,-1.7018,-9.0224,2,LEFT_MI
3748,14.640625,0.9527,-0.9041,-0.6448,-7.8455,2,LEFT_MI
3749,14.64453125,-2.3588,0.1211,-6.0093,-7.1977,2,LEFT_MI
3750,14.6484375,-0.5614,4.0076,0.0226,-3.2676,2,LEFT_MI
3751,14.65234375,-2.2847,3.3361,-5.9341,-8.3725,2,LEFT_MI
3752,14.65625,-1.7548,9.9795,-7.2588,-2.0839,2,LEFT_MI
3753,14.66015625,-0.8516,3.3018,-5.8486,4.9122,2,LEFT_MI
3754,14.6640625,3.1972,-1.0015,-3.0851,1.2237,2,LEFT_MI
3755,14.66796875,-3.9986,0.8565,-3.4605,0.1463,2,LEFT_MI
3756,14.671875,-8.8349,-0.1633,-5.3546,4.5529,2,LEFT_MI
3757,14.67578125,-10.7056,-4.6593,-5.8446,8.0992,2,LEFT_MI
3758,14.6796875,-10.7788,-3.357,-5.7653,1.426,2,LEFT_MI
3759,14.68359375,-10.0885,-1.4315,-5.3397,3.302,2,LEFT_MI
3760,14.6875,-6.4026,-1.0937,-5.0728,-0.883,2,LEFT_MI
3761,14.69140625,-3.4875,-0.2344,-6.7344,0.2765,2,LEFT_MI
3762,14.6953125,-3.356,-3.6106,0.4781,3.2618,2,LEFT_MI
3763,14.69921875,-5.7879,-6.9082,3.7679,3.6778,2,LEFT_MI
3764,14.703125,2.9157,-1.3692,5.0732,6.1345,2,LEFT_MI
3765,14.70703125,8.4033,4.4731,3.324,6.0944,2,LEFT_MI
3766,14.7109375,8.9273,1.9115,12.0934,3.8969,2,LEFT_MI
3767,14.71484375,4.7229,3.1014,4.7221,2.7301,2,LEFT_MI
3768,14.71875,7.9734,2.0313,1.2355,-0.3768,2,LEFT_MI
3769,14.72265625,6.9274,6.7828,4.2724,-3.3198,2,LEFT_MI
3770,14.7265625,5.4072,1.375,9.6741,1.5885,2,LEFT_MI
3771,14.73046875,5.2857,5.9278,0.9543,-5.0204,2,LEFT_MI
3772,14.734375,5.7269,-0.7224,-0.7394,-14.6921,2,LEFT_MI
3773,14.73828125,7.4128,0.2539,-2.0707,-3.9142,2,LEFT_MI
3774,14.7421875,-0.0468,-3.679,1.3334,-7.6774,2,LEFT_MI
3775,14.74609375,-1.7112,3.9051,-1.2785,-3.3316,2,LEFT_MI
3776,14.75,-5.5117,1.5866,2.7901,-3.7895,2,LEFT_MI
3777,14.75390625,-2.4411,3.6052,3.3368,-1.886,2,LEFT_MI
3778,14.7578125,1.5893,-3.1144,1.9613,1.2843,2,LEFT_MI
3779,14.76171875,-2.7541,-4.7076,-9.0602,-1.6551,2,LEFT_MI
3780,14.765625,-2.9734,-4.5498,0.8905,4.0618,2,LEFT_MI
3781,14.76953125,-7.3933,-2.0995,-9.0911,9.6553,2,LEFT_MI
3782,14.7734375,-3.0234,6.2551,0.6389,6.7051,2,LEFT_MI
3783,14.77734375,-2.7716,-4.7862,-3.9716,6.2862,2,LEFT_MI
3784,14.78125,-8.7134,-4.7286,-4.8691,5.1985,2,LEFT_MI
3785,14.78515625,-11.999,-3.5858,-11.6334,5.5397,2,LEFT_MI
3786,14.7890625,-5.1174,-3.6102,-8.9373,1.9605,2,LEFT_MI
3787,14.79296875,-5.3579,-3.6037,-6.3158,5.0458,2,LEFT_MI
3788,14.796875,-4.8001,1.26,-0.534,3.4395,2,LEFT_MI
3789,14.80078125,-2.5671,2.8636,5.7291,4.4063,2,LEFT_MI
3790,14.8046875,2.4611,-1.2047,8.4032,1.4211,2,LEFT_MI
3791,14.80859375,1.139,-3.9914,7.0997,2.1842,2,LEFT_MI
3792,14.8125,2.5773,0.9737,5.7768,2.8933,2,LEFT_MI
3793,14.81640625,9.6626,8.8266,7.4915,-0.4059,2,LEFT_MI
3794,14.8203125,8.2009,3.3657,2.899,-0.7904,2,LEFT_MI
3795,14.82421875,9.7389,4.4511,4.3045,-7.2083,2,LEFT_MI
3796,14.828125,2.3518,-0.0195,5.6428,-6.2539,2,LEFT_MI
3797,14.83203125,8.3272,-1.4306,4.5438,-8.6332,2,LEFT_MI
3798,14.8359375,2.8049,-0.7043,1.5033,-8.0221,2,LEFT_MI
3799,14.83984375,0.2543,-3.7199,0.3174,-12.6431,2,LEFT_MI
3800,14.84375,0.7933,-4.7654,-0.3895,-4.0929,2,LEFT_MI
3801,14.84765625,1.3923,0.7484,0.5146,-5.7829,2,LEFT_MI
3802,14.8515625,-1.3509,1.7869,-4.7634,-5.5154,2,LEFT_MI
3803,14.85546875,-1.9337,1.848,-1.1048,2.4843,2,LEFT_MI
3804,14.859375,5.2323,-0.811,-4.2879,0.5302,2,LEFT_MI
3805,14.86328125,-7.7578,3.4802,-2.0394,3.5914,2,LEFT_MI
3806,14.8671875,-5.2704,-0.3916,-1.641,7.2453,2,LEFT_MI
3807,14.87109375,-2.7748,5.4492,0.6756,6.8199,2,LEFT_MI
3808,14.875,-3.9882,-6.2813,-2.0951,7.6613,2,LEFT_MI
3809,14.87890625,-7.8318,-5.198,-5.2478,6.2549,2,LEFT_MI
3810,14.8828125,-7.0568,0.0613,-10.1472,8.6932,2,LEFT_MI
3811,14.88671875,-6.5342,-4.7027,-7.2345,3.6705,2,LEFT_MI
3812,14.890625,-1.2484,-0.4352,-6.7456,4.4362,2,LEFT_MI
3813,14.89453125,-1.8996,3.3209,-3.3853,0.9338,2,LEFT_MI
3814,14.8984375,4.5535,4.8742,1.6908,-2.3427,2,LEFT_MI
3815,14.90234375,-0.6501,-1.4477,-0.0345,1.61,2,LEFT_MI
3816,14.90625,3.2692,4.3246,5.9943,1.829,2,LEFT_MI
3817,14.91015625,6.9921,3.9568,5.3322,0.1972,2,LEFT_MI
3818,14.9140625,11.5153,4.0727,12.8235,0.9373,2,LEFT_MI
3819,14.91796875,10.985,-4.046,10.0965,-3.3378,2,LEFT_MI
3820,14.921875,2.2187,5.001,9.0305,-7.051,2,LEFT_MI
3821,14.92578125,8.3336,2.2189,4.8002,-8.4415,2,LEFT_MI
3822,14.9296875,0.4867,1.7647,2.4973,-5.3099,2,LEFT_MI
3823,14.93359375,4.2796,1.9217,2.1581,-10.8221,2,LEFT_MI
3824,14.9375,2.2693,-3.2846,0.0273,-9.9304,2,LEFT_MI
3825,14.94140625,1.8184,-2.2007,3.2064,-4.6999,2,LEFT_MI
3826,14.9453125,-1.0711,0.4848,-1.193,-7.0185,2,LEFT_MI
3827,14.94921875,0.7332,0.9586,2.6826,0.4895,2,LEFT_MI
3828,14.953125,3.8862,8.3929,1.0851,-0.1507,2,LEFT_MI
3829,14.95703125,1.5818,1.456,3.8238,6.7766,2,LEFT_MI
3830,14.9609375,-6.8851,-4.3803,-2.6793,4.1752,2,LEFT_MI
3831,14.96484375,2.865,-1.6202,-1.1827,5.4842,2,LEFT_MI
3832,14.96875,-3.3757,1.9741,-8.9037,-0.8067,2,LEFT_MI
3833,14.97265625,-1.951,0.9149,-4.7207,8.0376,2,LEFT_MI
3834,14.9765625,-8.4917,-3.8642,-1.4409,1.6543,2,LEFT_MI
3835,14.98046875,-8.2506,-6.4425,-7.3767,1.705,2,LEFT_MI
3836,14.984375,-4.8441,-4.9004,-5.4692,2.7043,2,LEFT_MI
3837,14.98828125,-7.2694,-6.0133,-5.8917,0.4923,2,LEFT_MI
3838,14.9921875,-6.4162,-3.0678,-0.5536,2.8493,2,LEFT_MI
3839,14.99609375,-1.1657,-2.5352,-2.191,-1.4961,2,LEFT_MI
3840,15.0,6.918,4.2524,1.7526,3.8065,2,LEFT_MI
3841,15.00390625,2.7209,0.5595,0.3926,-0.9748,2,LEFT_MI
3842,15.0078125,6.4128,4.1345,3.9523,-2.5679,2,LEFT_MI
3843,15.01171875,4.3208,7.9493,8.3863,1.2096,2,LEFT_MI
3844,15.015625,8.6244,7.1168,9.4363,2.0988,2,LEFT_MI
3845,15.01953125,10.7793,-1.0831,7.8179,-6.7888,2,LEFT_MI
3846,15.0234375,6.35,-2.2988,8.4516,-1.7676,2,LEFT_MI
3847,15.02734375,6.9024,3.4332,5.3905,-4.6091,2,LEFT_MI
3848,15.03125,4.0909,4.3978,2.5849,-8.3566,2,LEFT_MI
3849,15.03515625,0.1579,3.5915,5.3759,-11.4503,2,LEFT_MI
3850,15.0390625,0.7698,-1.5776,-1.6777,0.1552,2,LEFT_MI
3851,15.04296875,5.2499,-1.8996,3.0417,-1.94,2,LEFT_MI
3852,15.046875,0.0948,-3.8572,1.022,-2.6355,2,LEFT_MI
3853,15.05078125,1.4746,3.8014,6.2965,2.0544,2,LEFT_MI
3854,15.0546875,1.6903,-1.7672,-0.1427,-3.7096,2,LEFT_MI
3855,15.05859375,0.2855,-0.9283,-0.8617,4.3975,2,LEFT_MI
3856,15.0625,-0.3267,6.1296,3.1234,10.669,2,LEFT_MI
3857,15.06640625,-3.5917,-0.4387,1.906,10.1737,2,LEFT_MI
3858,15.0703125,-5.8413,-2.87,-2.6044,10.2864,2,LEFT_MI
3859,15.07421875,-3.9829,-0.7055,-4.2025,4.5455,2,LEFT_MI
3860,15.078125,-9.5768,0.3247,-5.6721,2.2658,2,LEFT_MI
3861,15.08203125,-6.4127,-5.7094,-11.5638,0.406,2,LEFT_MI
3862,15.0859375,-4.8444,-7.6927,-1.4186,1.5368,2,LEFT_MI
3863,15.08984375,-10.9022,-1.7071,-9.2813,-0.4319,2,LEFT_MI
3864,15.09375,-8.6487,1.7895,-7.9951,-0.0814,2,LEFT_MI
3865,15.09765625,-2.0573,-0.3445,-2.6009,-3.4286,2,LEFT_MI
3866,15.1015625,-1.9088,1.1197,-1.178,-4.2054,2,LEFT_MI
3867,15.10546875,3.9558,-2.0226,5.382,-1.3962,2,LEFT_MI
3868,15.109375,3.6547,2.4226,9.7946,-8.0271,2,LEFT_MI
3869,15.11328125,5.9357,2.0677,6.936,-2.7921,2,LEFT_MI
3870,15.1171875,8.4714,5.4853,12.8532,-1.5596,2,LEFT_MI
3871,15.12109375,5.2744,3.5429,2.8445,-6.3166,2,LEFT_MI
3872,15.125,3.5166,1.1926,2.6846,-7.5806,2,LEFT_MI
3873,15.12890625,5.2944,-1.0745,6.0784,-0.9597,2,LEFT_MI
3874,15.1328125,0.2815,0.559,6.973,-9.7115,2,LEFT_MI
3875,15.13671875,-0.5599,2.8033,2.91,-4.6942,2,LEFT_MI
3876,15.140625,-1.3098,-0.1301,0.7369,-3.2578,2,LEFT_MI
3877,15.14453125,1.0572,-1.1591,1.4586,-1.9665,2,LEFT_MI
3878,15.1484375,2.8514,1.3147,-1.0879,0.7536,2,LEFT_MI
3879,15.15234375,5.1269,0.042,1.6497,9.8267,2,LEFT_MI
3880,15.15625,-2.0063,1.1093,7.8212,11.3566,2,LEFT_MI
3881,15.16015625,-0.1602,-1.4543,1.4897,5.9855,2,LEFT_MI
3882,15.1640625,0.3426,0.8003,-0.23,13.8416,2,LEFT_MI
3883,15.16796875,-6.3203,2.9836,1.5364,7.3285,2,LEFT_MI
3884,15.171875,-2.94,-3.3691,-3.5131,5.4241,2,LEFT_MI
3885,15.17578125,-9.9224,-4.7293,-8.4364,6.0252,2,LEFT_MI
3886,15.1796875,-7.374,-0.7897,-8.9626,-0.5722,2,LEFT_MI
3887,15.18359375,-4.0706,2.6635,-8.8049,0.0455,2,LEFT_MI
3888,15.1875,-5.7024,-4.8251,-10.795,-4.2049,2,LEFT_MI
3889,15.19140625,-9.0017,-2.281,-6.0319,-4.324,2,LEFT_MI
3890,15.1953125,-2.885,-3.4755,-6.0863,-0.8453,2,LEFT_MI
3891,15.19921875,-2.4157,-7.2735,1.608,-7.1182,2,LEFT_MI
3892,15.203125,5.1115,5.1052,0.4797,-5.6459,2,LEFT_MI
3893,15.20703125,4.5881,5.9285,2.885,-1.6691,2,LEFT_MI
3894,15.2109375,7.1818,5.7419,8.8003,-6.2892,2,LEFT_MI
3895,15.21484375,9.659,0.0466,6.947,-8.0997,2,LEFT_MI
3896,15.21875,6.7469,8.0007,1.2307,-6.0772,2,LEFT_MI
3897,15.22265625,6.4535,-0.0031,3.3377,1.4239,2,LEFT_MI
3898,15.2265625,5.3162,5.3743,0.1989,-5.659,2,LEFT_MI
3899,15.23046875,4.262,-0.4203,3.8677,-1.4857,2,LEFT_MI
3900,15.234375,-3.9044,-4.639,0.2021,-5.1471,2,LEFT_MI
3901,15.23828125,1.3839,-5.3905,0.0936,0.0893,2,LEFT_MI
3902,15.2421875,-0.0223,1.5425,3.0116,1.5322,2,LEFT_MI
3903,15.24609375,-1.112,-3.8893,2.9745,-1.5179,2,LEFT_MI
3904,15.25,-2.2363,0.0477,2.1372,2.0995,2,LEFT_MI
3905,15.25390625,1.7729,4.2147,6.1304,13.1115,2,LEFT_MI
3906,15.2578125,0.8498,-3.4386,4.3286,10.1851,2,LEFT_MI
3907,15.26171875,-1.3569,0.1596,0.0857,8.1303,2,LEFT_MI
3908,15.265625,-2.3473,1.3378,0.9364,7.2704,2,LEFT_MI
3909,15.26953125,-1.9136,-1.4221,2.551,6.588,2,LEFT_MI
3910,15.2734375,-8.1102,-6.6174,-3.6852,10.7844,2,LEFT_MI
3911,15.27734375,-7.407,-4.0846,-10.5183,0.2643,2,LEFT_MI
3912,15.28125,-5.2327,-1.3475,-11.9232,-7.108,2,LEFT_MI
3913,15.28515625,-4.993,-6.8383,-7.4857,6.6757,2,LEFT_MI
3914,15.2890625,-8.5022,-2.6224,-13.7259,-2.9589,2,LEFT_MI
3915,15.29296875,-3.4538,-4.3268,-3.5537,-5.9465,2,LEFT_MI
3916,15.296875,-2.6034,-2.8222,-4.3136,-6.8964,2,LEFT_MI
3917,15.30078125,-3.6064,-0.2559,-7.4349,-2.1015,2,LEFT_MI
3918,15.3046875,2.1148,4.1658,5.6361,-7.6749,2,LEFT_MI
3919,15.30859375,10.6462,3.0833,1.7996,-4.7472,2,LEFT_MI
3920,15.3125,6.5444,1.8098,4.9405,-1.6958,2,LEFT_MI
3921,15.31640625,6.9438,9.6816,9.9903,-2.9735,2,LEFT_MI
3922,15.3203125,8.2668,1.4827,4.4749,1.5043,2,LEFT_MI
3923,15.32421875,5.6807,-0.7825,7.2666,-5.1797,2,LEFT_MI
3924,15.328125,5.5581,1.0127,4.6651,-5.113,2,LEFT_MI
3925,15.33203125,6.2904,1.4439,5.1049,-4.1345,2,LEFT_MI
3926,15.3359375,0.6499,-6.67,4.2301,-2.4127,2,LEFT_MI
3927,15.33984375,2.6829,0.2346,-0.4585,-2.0703,2,LEFT_MI
3928,15.34375,-1.259,-4.7069,2.9896,1.2522,2,LEFT_MI
3929,15.34765625,-3.2745,-7.9608,-6.1318,5.4543,2,LEFT_MI
3930,15.3515625,-0.6186,4.1589,1.7744,7.3067,2,LEFT_MI
3931,15.35546875,-2.7236,3.9969,-1.3336,10.5562,2,LEFT_MI
3932,15.359375,-4.5688,2.0968,3.9643,6.3585,2,LEFT_MI
3933,15.36328125,5.8943,2.3945,-0.6421,11.2323,2,LEFT_MI
3934,15.3671875,-5.479,5.9572,3.0623,7.8347,2,LEFT_MI
3935,15.37109375,-6.0776,0.8508,-1.1286,6.0623,2,LEFT_MI
3936,15.375,-6.1202,-4.109,-6.5613,6.1979,2,LEFT_MI
3937,15.37890625,-8.3923,-6.776,-5.6056,3.1561,2,LEFT_MI
3938,15.3828125,-10.5457,-2.5413,-9.7163,-0.3727,2,LEFT_MI
3939,15.38671875,-11.6282,-6.8398,-4.9836,-5.4225,2,LEFT_MI
3940,15.390625,-10.5033,-0.5139,-9.7356,-3.4288,2,LEFT_MI
3941,15.39453125,-3.0141,0.7897,-8.8106,-8.2168,2,LEFT_MI
3942,15.3984375,3.9769,2.2123,0.1124,-6.4756,2,LEFT_MI
3943,15.40234375,3.4565,1.32,-5.3369,0.3389,2,LEFT_MI
3944,15.40625,2.4033,3.9019,1.6724,-7.7956,2,LEFT_MI
3945,15.41015625,8.759,6.5148,3.4743,-2.3316,2,LEFT_MI
3946,15.4140625,11.3655,0.0852,3.5079,-2.026,2,LEFT_MI
3947,15.41796875,9.1365,5.5423,6.0924,-7.6172,2,LEFT_MI
3948,15.421875,3.3559,1.5105,6.8604,0.4743,2,LEFT_MI
3949,15.42578125,3.7997,2.5567,4.4279,-3.5889,2,LEFT_MI
3950,15.4296875,-2.3783,-1.345,5.2956,-2.0766,2,LEFT_MI
3951,15.43359375,4.9319,-3.2613,2.7383,3.4884,2,LEFT_MI
3952,15.4375,2.8208,-2.8801,-0.2797,-0.629,2,LEFT_MI
3953,15.44140625,2.0973,2.0691,0.4471,-1.1555,2,LEFT_MI
3954,15.4453125,1.284,-3.4586,5.3711,5.328,2,LEFT_MI
3955,15.44921875,-3.0065,-1.7701,2.8166,7.3219,2,LEFT_MI
3956,15.453125,-0.0727,0.1328,4.5175,5.6548,2,LEFT_MI
3957,15.45703125,3.0423,2.4087,7.6897,5.4621,2,LEFT_MI
3958,15.4609375,-2.4726,0.7612,3.6686,10.0186,2,LEFT_MI
3959,15.46484375,-2.1227,-4.4736,-3.0017,7.1095,2,LEFT_MI
3960,15.46875,-2.6073,-0.4734,1.3849,10.5573,2,LEFT_MI
3961,15.47265625,-0.5376,0.6348,-3.5273,-5.6356,2,LEFT_MI
3962,15.4765625,-2.6921,0.7621,-6.3835,1.9468,2,LEFT_MI
3963,15.48046875,-4.0208,-7.3839,-10.458,-6.8303,2,LEFT_MI
3964,15.484375,-6.8741,4.2467,-11.7116,-2.6419,2,LEFT_MI
3965,15.48828125,-6.9253,-2.8236,-11.0138,-9.681,2,LEFT_MI
3966,15.4921875,-6.2399,-2.6169,-2.8735,-7.6478,2,LEFT_MI
3967,15.49609375,-3.4248,-2.2829,-8.6231,-7.3812,2,LEFT_MI
3968,15.5,-2.7234,3.3047,0.2205,-6.9563,2,LEFT_MI
3969,15.50390625,-1.1806,7.6818,-1.8478,-9.0231,2,LEFT_MI
3970,15.5078125,8.6152,0.6838,0.5657,-6.1898,2,LEFT_MI
3971,15.51171875,10.371,4.2559,1.3599,-5.8234,2,LEFT_MI
3972,15.515625,9.0261,3.4077,4.4143,-3.571,2,LEFT_MI
3973,15.51953125,10.0174,0.4246,4.1142,0.2297,2,LEFT_MI
3974,15.5234375,11.4515,0.2656,3.8731,-0.2774,2,LEFT_MI
3975,15.52734375,8.7015,1.8689,2.2701,-3.5986,2,LEFT_MI
3976,15.53125,0.7387,-2.134,3.569,3.092,2,LEFT_MI
3977,15.53515625,2.4071,-5.4509,2.0522,1.8533,2,LEFT_MI
3978,15.5390625,0.739,-1.3729,9.0266,3.9009,2,LEFT_MI
3979,15.54296875,3.228,-4.8198,8.8609,4.5212,2,LEFT_MI
3980,15.546875,0.1234,-6.7101,3.1227,7.2328,2,LEFT_MI
3981,15.55078125,-1.6798,2.4655,-2.921,5.0682,2,LEFT_MI
3982,15.5546875,2.9396,0.2696,4.3232,4.6936,2,LEFT_MI
3983,15.55859375,-0.3464,0.5946,6.2409,4.4659,2,LEFT_MI
3984,15.5625,-1.2777,0.7229,-1.0383,9.0225,2,LEFT_MI
3985,15.56640625,2.3346,3.246,2.7551,-0.062,2,LEFT_MI
3986,15.5703125,-2.5248,-2.1469,-2.8121,-2.2052,2,LEFT_MI
3987,15.57421875,-4.2561,4.5019,-3.1029,-2.718,2,LEFT_MI
3988,15.578125,-6.4516,-4.9232,-5.7862,-2.1553,2,LEFT_MI
3989,15.58203125,-5.5449,-3.2398,-10.9905,-9.1363,2,LEFT_MI
3990,15.5859375,-8.5794,-6.9399,-7.0106,-8.6784,2,LEFT_MI
3991,15.58984375,-7.1283,-1.127,-7.2836,-3.6806,2,LEFT_MI
3992,15.59375,-4.2877,0.6906,-8.849,-7.6803,2,LEFT_MI
3993,15.59765625,-0.6334,1.4313,-10.0829,-4.7767,2,LEFT_MI
3994,15.6015625,-0.8776,6.7268,-2.0292,1.5118,2,LEFT_MI
3995,15.60546875,3.7297,3.3573,1.273,-4.0287,2,LEFT_MI
3996,15.609375,4.0671,7.3704,-2.8611,-6.5235,2,LEFT_MI
3997,15.61328125,7.5795,1.6402,1.4446,4.7833,2,LEFT_MI
3998,15.6171875,5.6408,5.8965,1.2345,-0.6873,2,LEFT_MI
3999,15.62109375,7.1097,4.1241,4.3383,3.0153,2,LEFT_MI
4000,15.625,6.5696,2.4263,8.0807,4.209,2,LEFT_MI
4001,15.62890625,3.9014,1.0664,5.9409,1.8039,2,LEFT_MI
4002,15.6328125,6.5234,-1.21,3.6495,-1.449,2,LEFT_MI
4003,15.63671875,-1.9972,-4.476,-1.2826,7.7393,2,LEFT_MI
4004,15.640625,10.3385,-6.4761,3.1632,2.1574,2,LEFT_MI
4005,15.64453125,2.4117,-7.0219,3.8036,4.5049,2,LEFT_MI
4006,15.6484375,-1.4371,0.7814,2.7147,7.7765,2,LEFT_MI
4007,15.65234375,1.4436,-1.1015,7.896,5.346,2,LEFT_MI
4008,15.65625,-10.4904,2.8379,3.9552,0.5461,2,LEFT_MI
4009,15.66015625,-4.9318,-0.321,8.2642,1.7239,2,LEFT_MI
4010,15.6640625,-7.1128,-2.6821,7.0822,8.4826,2,LEFT_MI
4011,15.66796875,-6.341,4.6488,-0.9861,0.2454,2,LEFT_MI
4012,15.671875,-8.3476,-1.3019,-2.531,4.3277,2,LEFT_MI
4013,15.67578125,-6.1444,-3.9748,-1.7178,-5.6705,2,LEFT_MI
4014,15.6796875,-8.6185,-8.4339,-8.5667,-9.793,2,LEFT_MI
4015,15.68359375,-11.5467,-1.5871,-7.5729,-9.9498,2,LEFT_MI
4016,15.6875,-11.8165,-3.9187,-6.877,-6.0478,2,LEFT_MI
4017,15.69140625,-4.8708,-1.6029,-6.4312,-4.9157,2,LEFT_MI
4018,15.6953125,-1.2142,-4.409,-9.2412,-3.4988,2,LEFT_MI
4019,15.69921875,-1.7866,0.6137,-5.6837,-12.9506,2,LEFT_MI
4020,15.703125,-2.572,7.5077,-5.664,-1.4377,2,LEFT_MI
4021,15.70703125,9.0206,1.9273,-2.3688,2.7592,2,LEFT_MI
4022,15.7109375,13.379,4.9377,3.7279,3.2363,2,LEFT_MI
4023,15.71484375,6.8739,5.4373,5.2586,6.4576,2,LEFT_MI
4024,15.71875,10.7177,0.2094,9.43,-0.9666,2,LEFT_MI
4025,15.72265625,15.472,6.2324,3.0526,7.1838,2,LEFT_MI
4026,15.7265625,8.0643,-2.2855,1.7633,9.429,2,LEFT_MI
4027,15.73046875,0.3649,1.2301,2.0777,2.9094,2,LEFT_MI
4028,15.734375,6.0929,-4.7306,-1.7592,2.864,2,LEFT_MI
4029,15.73828125,1.2821,1.3094,1.1551,6.112,2,LEFT_MI
4030,15.7421875,-0.6425,-7.4732,6.0267,2.9524,2,LEFT_MI
4031,15.74609375,5.547,-2.9795,4.3811,4.7463,2,LEFT_MI
4032,15.75,-0.9741,-0.542,4.1487,11.741,2,LEFT_MI
4033,15.75390625,-1.55,-4.4712,12.9921,3.6643,2,LEFT_MI
4034,15.7578125,0.0745,1.1403,5.4695,4.0629,2,LEFT_MI
4035,15.76171875,3.7421,3.5095,8.7866,2.9873,2,LEFT_MI
4036,15.765625,-0.1619,-1.6558,2.9561,-1.7292,2,LEFT_MI
4037,15.76953125,-3.7721,1.6233,1.0858,-1.5425,2,LEFT_MI
4038,15.7734375,-6.7527,-1.0658,-4.8132,-2.6503,2,LEFT_MI
4039,15.77734375,-6.1589,-1.1157,-6.3987,-14.7198,2,LEFT_MI
4040,15.78125,-8.9568,-2.6757,-9.026,-12.0603,2,LEFT_MI
4041,15.78515625,-6.464,-4.1129,-9.1283,-9.9543,2,LEFT_MI
4042,15.7890625,-5.8585,-4.6552,-6.2944,-7.7509,2,LEFT_MI
4043,15.79296875,-3.2916,0.1408,-8.9769,-8.8254,2,LEFT_MI
4044,15.796875,-0.6254,5.1463,-5.1535,-2.7334,2,LEFT_MI
4045,15.80078125,3.191,1.6084,-10.9889,-2.3139,2,LEFT_MI
4046,15.8046875,-4.2495,9.9238,1.4826,1.7427,2,LEFT_MI
4047,15.80859375,7.4626,7.0589,1.5226,4.8375,2,LEFT_MI
4048,15.8125,7.8587,1.0717,4.4992,1.9759,2,LEFT_MI
4049,15.81640625,6.7134,6.1162,1.4599,5.9069,2,LEFT_MI
4050,15.8203125,6.7927,-2.2091,6.2881,5.1016,2,LEFT_MI
4051,15.82421875,7.1703,4.731,-1.9382,7.3382,2,LEFT_MI
4052,15.828125,5.2497,-2.7396,3.0424,6.321,2,LEFT_MI
4053,15.83203125,1.2844,-2.0592,0.3963,-2.0373,2,LEFT_MI
4054,15.8359375,0.6358,-4.9058,-0.5988,2.1847,2,LEFT_MI
4055,15.83984375,0.7009,-3.1037,2.8425,0.3996,2,LEFT_MI
4056,15.84375,0.2232,-1.2392,-0.019,4.8323,2,LEFT_MI
4057,15.84765625,-5.7412,-9.4662,0.8379,2.3495,2,LEFT_MI
4058,15.8515625,-2.008,-3.5428,7.567,2.2533,2,LEFT_MI
4059,15.85546875,-6.919,-3.3364,4.1762,5.7013,2,LEFT_MI
4060,15.859375,3.8497,-5.0611,4.5936,4.7641,2,LEFT_MI
4061,15.86328125,-5.8025,4.4592,1.2509,1.4236,2,LEFT_MI
4062,15.8671875,-2.5876,-1.3382,5.8416,-1.7308,2,LEFT_MI
4063,15.87109375,-6.119,-1.9887,-6.9925,-2.2346,2,LEFT_MI
4064,15.875,-5.067,-6.9811,0.2886,-5.3295,2,LEFT_MI
4065,15.87890625,-2.3186,-2.9812,-11.1509,-3.4723,2,LEFT_MI
4066,15.8828125,-3.7576,0.5325,-5.567,-7.4211,2,LEFT_MI
4067,15.88671875,-1.8078,-0.6505,-9.0922,-6.6656,2,LEFT_MI
4068,15.890625,-2.8223,-5.6688,-10.5233,-5.3773,2,LEFT_MI
4069,15.89453125,-3.6325,-0.352,-6.6292,-1.8758,2,LEFT_MI
4070,15.8984375,-8.9576,0.2176,-10.174,-1.9216,2,LEFT_MI
4071,15.90234375,7.549,3.4507,-12.9243,-7.2524,2,LEFT_MI
4072,15.90625,6.7353,5.7586,-3.6357,3.7306,2,LEFT_MI
4073,15.91015625,7.6678,1.5194,1.1086,-0.1518,2,LEFT_MI
4074,15.9140625,12.0464,8.9196,-0.0824,7.6611,2,LEFT_MI
4075,15.91796875,5.4156,-0.3166,-0.3074,10.3887,2,LEFT_MI
4076,15.921875,9.084,2.338,4.4558,9.2676,2,LEFT_MI
4077,15.92578125,6.3155,4.2689,-1.3598,5.257,2,LEFT_MI
4078,15.9296875,3.7441,-4.0627,-1.2885,-0.2845,2,LEFT_MI
4079,15.93359375,4.5934,-1.7703,2.1108,3.3444,2,LEFT_MI
4080,15.9375,3.4514,-2.1623,-0.8833,2.7912,2,LEFT_MI
4081,15.94140625,-4.0107,-4.5691,7.1332,2.1163,2,LEFT_MI
4082,15.9453125,-0.2688,3.6347,2.7401,-2.2684,2,LEFT_MI
4083,15.94921875,1.0626,-3.2749,7.6443,5.5828,2,LEFT_MI
4084,15.953125,0.482,-2.7311,3.841,1.1781,2,LEFT_MI
4085,15.95703125,-1.3536,-2.1787,5.007,-2.6691,2,LEFT_MI
4086,15.9609375,0.4964,1.1044,7.8022,0.7626,2,LEFT_MI
4087,15.96484375,1.1549,-2.6769,3.2385,-2.5193,2,LEFT_MI
4088,15.96875,1.0237,-0.2947,6.0298,-3.156,2,LEFT_MI
4089,15.97265625,1.2832,1.5986,-0.7014,-7.1019,2,LEFT_MI
4090,15.9765625,-7.3857,1.4723,-1.4184,-7.2179,2,LEFT_MI
4091,15.98046875,-6.5902,-1.7076,-2.8033,-5.0075,2,LEFT_MI
4092,15.984375,-9.929,-0.8141,-8.2447,-4.4066,2,LEFT_MI
4093,15.98828125,-10.3806,-1.7206,-6.2807,-5.2807,2,LEFT_MI
4094,15.9921875,-8.9906,0.9835,-8.4981,-8.2195,2,LEFT_MI
4095,15.99609375,0.0191,2.3287,-1.4802,-2.6247,2,LEFT_MI
4096,16.0,3.0849,1.6106,-7.4626,2.2676,2,LEFT_MI
4097,16.00390625,6.3095,2.5341,-5.645,7.1509,2,LEFT_MI
4098,16.0078125,4.5141,2.7002,1.3243,9.3422,2,LEFT_MI
4099,16.01171875,8.8165,2.887,-2.6782,5.461,2,LEFT_MI
4100,16.015625,3.5797,8.9286,-3.2578,4.5095,2,LEFT_MI
4101,16.01953125,8.0998,4.8614,2.4675,14.4825,2,LEFT_MI
4102,16.0234375,5.8182,2.5918,5.1356,7.7268,2,LEFT_MI
4103,16.02734375,3.312,-3.2339,-1.8811,2.898,2,LEFT_MI
4104,16.03125,-1.652,2.1417,3.6723,2.0401,2,LEFT_MI
4105,16.03515625,0.0799,2.1438,1.6675,5.1386,2,LEFT_MI
4106,16.0390625,3.4926,-5.5885,0.6452,0.7573,2,LEFT_MI
4107,16.04296875,0.1966,-0.3103,2.1984,1.2785,2,LEFT_MI
4108,16.046875,-0.6225,-3.8185,5.3628,0.1396,2,LEFT_MI
4109,16.05078125,-3.0453,0.0398,10.9369,-3.4643,2,LEFT_MI
4110,16.0546875,7.0497,6.4236,1.6301,-5.1743,2,LEFT_MI
4111,16.05859375,4.434,-0.1147,8.309,1.498,2,LEFT_MI
4112,16.0625,-1.9968,4.8901,4.0932,2.1989,2,LEFT_MI
4113,16.06640625,2.698,1.4008,7.3271,-3.5458,2,LEFT_MI
4114,16.0703125,-3.8893,-0.8011,3.9968,0.8739,2,LEFT_MI
4115,16.07421875,-7.0637,-1.2563,1.6819,-1.3508,2,LEFT_MI
4116,16.078125,-9.9343,-1.9574,-11.4651,-6.2823,2,LEFT_MI
4117,16.08203125,-5.5064,-2.285,-6.1125,-7.4414,2,LEFT_MI
4118,16.0859375,-9.8294,-4.0011,-12.9622,-8.5702,2,LEFT_MI
4119,16.08984375,-7.1662,-4.912,-13.2258,-3.9689,2,LEFT_MI
4120,16.09375,-2.3054,-4.2799,-6.7161,-4.1909,2,LEFT_MI
4121,16.09765625,0.4086,-0.1337,-0.891,-1.5641,2,LEFT_MI
4122,16.1015625,4.0497,7.2835,-12.8746,4.7867,2,LEFT_MI
4123,16.10546875,6.3121,6.3401,-2.9117,3.3626,2,LEFT_MI
4124,16.109375,3.4301,8.6545,-6.198,6.0497,2,LEFT_MI
4125,16.11328125,5.9328,4.3542,2.2346,8.4388,2,LEFT_MI
4126,16.1171875,10.9036,0.0739,-2.3287,8.9367,2,LEFT_MI
4127,16.12109375,7.4571,6.3997,3.8292,8.2488,2,LEFT_MI
4128,16.125,8.6612,1.7241,-0.3726,0.9554,2,LEFT_MI
4129,16.12890625,4.3684,-0.5579,-4.7099,5.3186,2,LEFT_MI
4130,16.1328125,3.2833,-5.8986,5.313,1.0011,2,LEFT_MI
4131,16.13671875,0.6725,-9.6173,1.2248,1.1307,2,LEFT_MI
4132,16.140625,2.6988,-6.9023,4.0791,1.3825,2,LEFT_MI
4133,16.14453125,3.1712,-3.4293,4.781,-4.1454,2,LEFT_MI
4134,16.1484375,-0.926,-7.5527,8.5326,-6.6003,2,LEFT_MI
4135,16.15234375,-2.2672,0.7878,3.7707,-2.831,2,LEFT_MI
4136,16.15625,-1.0581,-4.0311,6.4794,2.8687,2,LEFT_MI
4137,16.16015625,0.1756,1.5204,7.7295,0.8693,2,LEFT_MI
4138,16.1640625,-5.3484,3.2239,10.9501,-3.8949,2,LEFT_MI
4139,16.16796875,-3.952,-1.0547,1.1622,-1.5912,2,LEFT_MI
4140,16.171875,-4.5681,3.3411,-0.1029,-10.7561,2,LEFT_MI
4141,16.17578125,-2.7776,1.8251,-3.9385,-8.4197,2,LEFT_MI
4142,16.1796875,-8.8026,-1.2284,-3.5246,-7.0522,2,LEFT_MI
4143,16.18359375,-8.3435,-0.3656,-0.758,-1.9929,2,LEFT_MI
4144,16.1875,-11.1418,-3.2036,-9.2926,-1.4202,2,LEFT_MI
4145,16.19140625,-4.4511,-2.1559,-9.1609,-0.0512,2,LEFT_MI
4146,16.1953125,-2.3058,-5.3056,-6.9382,-1.6949,2,LEFT_MI
4147,16.19921875,2.0712,3.0505,-8.168,1.0126,2,LEFT_MI
4148,16.203125,3.2009,1.7766,-3.5329,1.8955,2,LEFT_MI
4149,16.20703125,5.8942,2.8444,-0.7978,8.7774,2,LEFT_MI
4150,16.2109375,0.5747,6.1038,-1.9715,10.6141,2,LEFT_MI
4151,16.21484375,1.7351,-0.9809,0.2804,6.9465,2,LEFT_MI
4152,16.21875,10.4006,6.3092,0.5688,3.9608,2,LEFT_MI
4153,16.22265625,3.0782,-2.9583,1.5898,7.0216,2,LEFT_MI
4154,16.2265625,9.9901,-0.4381,1.8353,2.2223,2,LEFT_MI
4155,16.23046875,8.0216,-2.2132,1.4209,1.3883,2,LEFT_MI
4156,16.234375,3.0942,-6.5698,2.7403,-4.173,2,LEFT_MI
4157,16.23828125,3.8873,-2.0495,-2.1227,-0.7439,2,LEFT_MI
4158,16.2421875,-1.3943,-2.3988,0.775,-8.6093,2,LEFT_MI
4159,16.24609375,-2.1279,-2.0934,2.3889,-0.0945,2,LEFT_MI
4160,16.25,-3.5912,0.2807,4.8498,-0.9486,2,LEFT_MI
4161,16.25390625,0.8232,6.7824,7.8769,-5.2866,2,LEFT_MI
4162,16.2578125,-3.3109,1.9917,4.1788,-2.4143,2,LEFT_MI
4163,16.26171875,-2.6093,1.9732,5.9571,-3.1328,2,LEFT_MI
4164,16.265625,-2.4047,1.466,3.9675,-5.6414,2,LEFT_MI
4165,16.26953125,-3.0822,-3.7572,8.0803,-3.1769,2,LEFT_MI
4166,16.2734375,-5.4716,1.3632,3.2135,-2.2856,2,LEFT_MI
4167,16.27734375,-9.4405,4.1078,-0.2206,0.9344,2,LEFT_MI
4168,16.28125,-6.4091,2.6829,0.6596,-7.1365,2,LEFT_MI
4169,16.28515625,-3.1411,3.172,-3.5682,0.9539,2,LEFT_MI
4170,16.2890625,-9.4871,-0.8999,-8.8568,-3.8722,2,LEFT_MI
4171,16.29296875,-0.6027,-1.9873,-8.0105,-0.2127,2,LEFT_MI
4172,16.296875,-2.5174,1.767,-5.9387,-1.473,2,LEFT_MI
4173,16.30078125,-0.0344,1.4531,-7.3808,5.9417,2,LEFT_MI
4174,16.3046875,-0.8919,3.5548,-3.3955,5.3946,2,LEFT_MI
4175,16.30859375,10.0153,0.7216,-6.9585,12.033,2,LEFT_MI
4176,16.3125,4.3689,7.878,2.4386,9.3399,2,LEFT_MI
4177,16.31640625,9.4589,7.1219,-1.9623,8.5234,2,LEFT_MI
4178,16.3203125,7.7086,-3.1833,1.4922,3.5965,2,LEFT_MI
4179,16.32421875,5.7992,1.1164,-8.3447,0.0273,2,LEFT_MI
4180,16.328125,-2.5452,-4.0202,0.2854,-2.0717,2,LEFT_MI
4181,16.33203125,6.7798,-2.005,-0.2405,1.6149,2,LEFT_MI
4182,16.3359375,-1.683,-4.2787,-2.3297,-0.7612,2,LEFT_MI
4183,16.33984375,2.7057,-6.9337,2.6766,-8.9964,2,LEFT_MI
4184,16.34375,0.9957,-6.7182,3.9825,-5.8846,2,LEFT_MI
4185,16.34765625,1.5544,-5.9929,6.7331,-4.2283,2,LEFT_MI
4186,16.3515625,4.5291,-5.3959,8.3848,-7.0532,2,LEFT_MI
4187,16.35546875,2.4375,0.3595,5.41,-2.8754,2,LEFT_MI
4188,16.359375,2.8284,0.8005,7.202,-8.3382,2,LEFT_MI
4189,16.36328125,1.5665,-0.3611,9.6153,3.8966,2,LEFT_MI
4190,16.3671875,-5.4147,-3.8218,6.7384,-4.8849,2,LEFT_MI
4191,16.37109375,-8.5992,2.5087,4.0156,-4.0178,2,LEFT_MI
4192,16.375,-2.8564,1.0357,-4.2867,2.1888,2,LEFT_MI
4193,16.37890625,-7.4052,1.6083,-1.9999,-2.9944,2,LEFT_MI
4194,16.3828125,-9.0323,1.3291,-2.9905,-1.4845,2,LEFT_MI
4195,16.38671875,-4.6459,-0.9094,-6.806,-1.6399,2,LEFT_MI
4196,16.390625,-8.0569,0.7772,-16.2165,-2.5483,2,LEFT_MI
4197,16.39453125,-3.7831,-0.7072,-12.6856,5.2311,2,LEFT_MI
4198,16.3984375,1.1971,1.3223,-8.8516,5.2975,2,LEFT_MI
4199,16.40234375,1.6764,-0.795,-4.7929,8.3165,2,LEFT_MI
4200,16.40625,11.3232,5.9871,-6.8505,13.7391,2,LEFT_MI
4201,16.41015625,5.9694,0.7556,-0.4628,5.0998,2,LEFT_MI
4202,16.4140625,6.8887,-1.3013,0.7543,4.0852,2,LEFT_MI
4203,16.41796875,9.858,1.3713,-0.2613,5.6524,2,LEFT_MI
4204,16.421875,10.9448,-2.1487,5.6773,5.3246,2,LEFT_MI
4205,16.42578125,7.5961,2.6754,-2.9415,-2.6958,2,LEFT_MI
4206,16.4296875,6.929,-4.897,-1.5746,-1.8631,2,LEFT_MI
4207,16.43359375,-0.9508,-7.4155,-1.2263,-4.4942,2,LEFT_MI
4208,16.4375,-0.8713,-7.5481,-0.4076,-4.9144,2,LEFT_MI
4209,16.44140625,-0.1226,3.3366,4.6984,-11.9354,2,LEFT_MI
4210,16.4453125,-2.8726,-2.0139,6.0002,-5.6463,2,LEFT_MI
4211,16.44921875,5.6281,-4.8585,8.3124,-7.5755,2,LEFT_MI
4212,16.453125,1.0504,-1.369,6.728,-4.3962,2,LEFT_MI
4213,16.45703125,-1.3197,-3.3637,8.9758,-7.7757,2,LEFT_MI
4214,16.4609375,-2.8056,2.8985,13.5318,-3.8056,2,LEFT_MI
4215,16.46484375,-1.8992,9.5304,6.2532,1.6369,2,LEFT_MI
4216,16.46875,1.0192,3.2223,0.602,0.5925,2,LEFT_MI
4217,16.47265625,-7.6296,2.1543,-1.1553,-1.6247,2,LEFT_MI
4218,16.4765625,-6.6354,-3.0995,-3.0374,-3.403,2,LEFT_MI
4219,16.48046875,-8.3788,-1.5385,-3.9844,3.6701,2,LEFT_MI
4220,16.484375,-5.9037,-4.6947,-5.2004,2.1317,2,LEFT_MI
4221,16.48828125,-1.6886,0.5417,-11.3794,-0.7934,2,LEFT_MI
4222,16.4921875,-5.1858,1.7769,-3.4006,2.1599,2,LEFT_MI
4223,16.49609375,-6.1353,1.2929,-7.9243,6.0928,2,LEFT_MI
4224,16.5,-6.5911,8.4848,-10.3715,5.4095,2,LEFT_MI
4225,16.50390625,3.3973,0.568,-9.5553,8.54,2,LEFT_MI
4226,16.5078125,5.9744,3.6455,-4.5575,13.8018,2,LEFT_MI
4227,16.51171875,9.5268,0.2197,-2.5654,6.5131,2,LEFT_MI
4228,16.515625,4.339,7.6956,-0.1702,5.797,2,LEFT_MI
4229,16.51953125,10.3598,5.0844,2.1933,-1.8177,2,LEFT_MI
4230,16.5234375,6.2907,-0.8794,-6.1179,-3.5697,2,LEFT_MI
4231,16.52734375,6.9845,3.7594,-0.2309,-7.0949,2,LEFT_MI
4232,16.53125,3.8418,-8.9719,-0.393,-4.4877,2,LEFT_MI
4233,16.53515625,-1.0033,-0.3162,-6.1985,-4.6722,2,LEFT_MI
4234,16.5390625,3.8212,-8.1393,-3.1604,-9.1957,2,LEFT_MI
4235,16.54296875,3.4496,-3.2871,-3.9707,0.517,2,LEFT_MI
4236,16.546875,0.8317,-4.0742,6.9796,-7.1427,2,LEFT_MI
4237,16.55078125,3.0907,1.219,5.331,-3.2176,2,LEFT_MI
4238,16.5546875,5.9302,-1.2865,6.5857,-3.323,2,LEFT_MI
4239,16.55859375,-0.0487,-1.5113,10.1542,-3.7213,2,LEFT_MI
4240,16.5625,-0.0598,-2.1364,8.0733,-1.1994,2,LEFT_MI
4241,16.56640625,-7.1103,1.973,7.8539,-1.3216,2,LEFT_MI
4242,16.5703125,-4.6887,4.7055,-0.9981,4.6643,2,LEFT_MI
4243,16.57421875,-4.8458,3.8252,7.4629,2.3916,2,LEFT_MI
4244,16.578125,-12.8355,-4.4569,-5.0536,4.9846,2,LEFT_MI
4245,16.58203125,-9.8213,-3.0176,-5.2153,2.2183,2,LEFT_MI
4246,16.5859375,-12.3121,-5.6108,-2.0415,3.0415,2,LEFT_MI
4247,16.58984375,-9.55,5.5864,-3.3132,6.2577,2,LEFT_MI
4248,16.59375,-2.796,-5.3211,-4.5773,4.9139,2,LEFT_MI
4249,16.59765625,-3.5596,-1.2601,-6.8524,6.9656,2,LEFT_MI
4250,16.6015625,2.0473,5.2446,-11.2118,6.0033,2,LEFT_MI
4251,16.60546875,3.9828,2.0606,-8.9673,2.651,2,LEFT_MI
4252,16.609375,1.4712,6.5989,3.8194,2.9131,2,LEFT_MI
4253,16.61328125,4.2538,3.0417,-3.4177,2.5144,2,LEFT_MI
4254,16.6171875,5.0637,1.3493,4.6067,6.1561,2,LEFT_MI
4255,16.62109375,8.4384,1.8898,-4.4934,-0.7351,2,LEFT_MI
4256,16.625,7.114,-2.5047,-6.9023,2.4873,2,LEFT_MI
4257,16.62890625,2.3796,-0.2865,-3.1137,-12.891,2,LEFT_MI
4258,16.6328125,-1.7462,0.7584,0.2045,-8.7821,2,LEFT_MI
4259,16.63671875,-5.3201,-4.271,3.5181,-5.7733,2,LEFT_MI
4260,16.640625,5.0996,-1.5927,-0.2776,-1.0884,2,LEFT_MI
4261,16.64453125,5.9123,-4.6294,4.1977,-10.2154,2,LEFT_MI
4262,16.6484375,-0.1508,-4.786,-3.1654,-8.8437,2,LEFT_MI
4263,16.65234375,0.4427,-1.3816,9.3608,-2.5791,2,LEFT_MI
4264,16.65625,-1.934,0.5461,9.1843,-0.2823,2,LEFT_MI
4265,16.66015625,-1.8015,-1.6838,9.2704,1.953,2,LEFT_MI
4266,16.6640625,0.0424,3.6102,4.9194,4.6408,2,LEFT_MI
4267,16.66796875,7.3239,3.3789,6.0946,4.5943,2,LEFT_MI
4268,16.671875,-3.6005,-2.5428,1.4227,1.9158,2,LEFT_MI
4269,16.67578125,-8.2764,2.7609,-0.9576,1.2069,2,LEFT_MI
4270,16.6796875,-9.5901,2.8725,-4.209,5.2963,2,LEFT_MI
4271,16.68359375,-7.5917,0.1695,-4.7899,1.8639,2,LEFT_MI
4272,16.6875,-6.5437,7.5188,2.532,5.0115,2,LEFT_MI
4273,16.69140625,-2.6152,2.2681,-3.1712,4.0692,2,LEFT_MI
4274,16.6953125,-3.4688,4.5992,-5.3091,4.4868,2,LEFT_MI
4275,16.69921875,-1.0078,3.0211,-8.9667,0.6779,2,LEFT_MI
4276,16.703125,0.1728,1.0108,-5.0356,4.2846,2,LEFT_MI
4277,16.70703125,7.2333,7.0099,-0.826,7.655,2,LEFT_MI
4278,16.7109375,8.7636,5.1833,4.5778,7.6553,2,LEFT_MI
4279,16.71484375,8.7636,-1.5333,-2.9621,4.6026,2,LEFT_MI
4280,16.71875,4.4019,-1.551,1.6367,-3.0713,2,LEFT_MI
4281,16.72265625,12.195,-2.6756,-5.4383,-1.7606,2,LEFT_MI
4282,16.7265625,2.315,-2.1425,1.585,-2.8885,2,LEFT_MI
4283,16.73046875,8.7861,-2.0936,-3.7854,-10.0093,2,LEFT_MI
4284,16.734375,-3.0694,-4.276,-1.5838,-11.9024,2,LEFT_MI
4285,16.73828125,2.4496,-0.6531,1.4222,-4.0215,2,LEFT_MI
4286,16.7421875,1.1787,-9.6301,2.568,-7.7153,2,LEFT_MI
4287,16.74609375,-0.6216,-0.0301,1.0993,-9.8647,2,LEFT_MI
4288,16.75,-2.9419,-3.6305,2.699,-3.1201,2,LEFT_MI
4289,16.75390625,-6.2281,-4.0579,3.3985,-2.4554,2,LEFT_MI
4290,16.7578125,-5.6942,-3.2027,4.5375,-0.6887,2,LEFT_MI
4291,16.76171875,0.249,1.3526,6.9837,2.5619,2,LEFT_MI
4292,16.765625,0.5388,1.9517,12.5687,1.0627,2,LEFT_MI
4293,16.76953125,-2.5177,1.7524,6.7106,2.8601,2,LEFT_MI
4294,16.7734375,-7.4537,0.4538,2.3553,4.0538,2,LEFT_MI
4295,16.77734375,-10.9732,-2.5827,0.2636,10.3302,2,LEFT_MI
4296,16.78125,-3.678,-3.741,-0.3512,7.2031,2,LEFT_MI
4297,16.78515625,-9.2594,2.6752,-12.3739,-1.6246,2,LEFT_MI
4298,16.7890625,-0.7166,-2.3561,-0.7959,4.4491,2,LEFT_MI
4299,16.79296875,-3.5105,3.6654,-4.1746,9.1503,2,LEFT_MI
4300,16.796875,-0.0721,0.0026,-7.7429,3.6666,2,LEFT_MI
4301,16.80078125,1.3719,4.1819,-1.3253,3.889,2,LEFT_MI
4302,16.8046875,0.5668,3.7419,-0.4889,1.5991,2,LEFT_MI
4303,16.80859375,5.2721,3.0896,-6.6252,3.943,2,LEFT_MI
4304,16.8125,6.8224,3.7093,-2.3089,-0.0997,2,LEFT_MI
4305,16.81640625,1.8876,1.2836,-3.7116,-3.4771,2,LEFT_MI
4306,16.8203125,9.2287,1.7622,-1.3132,-4.8357,2,LEFT_MI
4307,16.82421875,9.5941,1.9361,-7.7229,-1.3195,2,LEFT_MI
4308,16.828125,1.0649,-0.0186,-10.556,-11.4744,2,LEFT_MI
4309,16.83203125,-2.7365,-4.8058,-7.0826,-12.0462,2,LEFT_MI
4310,16.8359375,1.1494,-2.5878,-6.2506,-7.4718,2,LEFT_MI
4311,16.83984375,-4.7738,-8.9255,-4.8596,-6.7009,2,LEFT_MI
4312,16.84375,5.4047,-5.8529,3.8973,-7.5244,2,LEFT_MI
4313,16.84765625,0.8373,-0.1579,1.414,-1.8238,2,LEFT_MI
4314,16.8515625,-3.4799,-1.276,0.8663,1.8014,2,LEFT_MI
4315,16.85546875,5.2069,3.1261,12.2789,2.4705,2,LEFT_MI
4316,16.859375,-1.8336,3.374,3.5345,1.1438,2,LEFT_MI
4317,16.86328125,2.8846,-0.3802,6.8392,8.4905,2,LEFT_MI
4318,16.8671875,3.1621,3.3774,9.6776,2.1797,2,LEFT_MI
4319,16.87109375,-6.7043,2.1981,8.2067,12.5902,2,LEFT_MI
4320,16.875,-3.9194,0.2744,2.8646,5.9063,2,LEFT_MI
4321,16.87890625,-8.8967,-4.4475,3.3134,2.988,2,LEFT_MI
4322,16.8828125,-10.0937,-0.1011,-5.1066,1.9355,2,LEFT_MI
4323,16.88671875,1.2123,-0.3858,2.2915,5.1694,2,LEFT_MI
4324,16.890625,-3.3589,0.9604,-11.6211,4.7305,2,LEFT_MI
4325,16.89453125,-0.6349,-1.4887,-2.3152,3.4782,2,LEFT_MI
4326,16.8984375,-3.6576,5.3369,-3.1639,-0.76,2,LEFT_MI
4327,16.90234375,0.5584,-1.3298,-7.9955,-1.5266,2,LEFT_MI
4328,16.90625,8.1786,-2.1168,-6.0913,6.8057,2,LEFT_MI
4329,16.91015625,9.3887,10.104,-3.9109,-1.7308,2,LEFT_MI
4330,16.9140625,8.2154,3.1718,-2.3793,2.5948,2,LEFT_MI
4331,16.91796875,11.6071,1.8809,1.4874,-6.5164,2,LEFT_MI
4332,16.921875,6.2658,0.7782,-3.1554,-1.9503,2,LEFT_MI
4333,16.92578125,10.1698,-0.5099,-4.7423,-4.7076,2,LEFT_MI
4334,16.9296875,4.5838,-3.6914,-4.0492,-9.4738,2,LEFT_MI
4335,16.93359375,8.648,-7.7315,-2.7377,-8.8316,2,LEFT_MI
4336,16.9375,7.302,-4.964,-3.997,-7.5398,2,LEFT_MI
4337,16.94140625,3.8101,-6.7601,-2.0678,-9.1812,2,LEFT_MI
4338,16.9453125,-1.4174,-4.1354,2.7198,-1.2061,2,LEFT_MI
4339,16.94921875,-1.0473,-4.4866,3.504,-0.3106,2,LEFT_MI
4340,16.953125,0.6375,-3.5993,8.4176,2.8957,2,LEFT_MI
4341,16.95703125,-5.1301,-0.5684,6.1002,4.0405,2,LEFT_MI
4342,16.9609375,-3.4055,-1.5585,13.8329,4.6487,2,LEFT_MI
4343,16.96484375,-4.4027,5.6186,6.8271,9.2995,2,LEFT_MI
4344,16.96875,-1.6369,-0.981,13.6417,5.0383,2,LEFT_MI
4345,16.97265625,-6.5968,3.1512,2.9881,2.121,2,LEFT_MI
4346,16.9765625,-6.2404,-0.0301,0.4189,3.126,2,LEFT_MI
4347,16.98046875,-6.958,-2.7014,3.0091,4.4448,2,LEFT_MI
4348,16.984375,-8.9792,-1.648,1.2346,4.3978,2,LEFT_MI
4349,16.98828125,-6.6275,-7.1278,-2.3597,3.3297,2,LEFT_MI
4350,16.9921875,-5.1994,0.1519,1.0457,1.8189,2,LEFT_MI
4351,16.99609375,-3.3935,-2.3959,-2.2586,0.3983,2,LEFT_MI
4352,17.0,0.7633,-0.8428,-3.752,-0.5809,2,LEFT_MI
4353,17.00390625,1.0161,-0.9928,0.3091,-2.9009,2,LEFT_MI
4354,17.0078125,10.3914,0.1642,-0.8713,-0.5287,2,LEFT_MI
4355,17.01171875,11.7855,3.7341,-3.8353,-2.5484,2,LEFT_MI
4356,17.015625,7.4104,4.2355,4.8589,-6.6881,2,LEFT_MI
4357,17.01953125,11.467,0.1818,-5.5052,-4.2504,2,LEFT_MI
4358,17.0234375,8.1403,4.2333,-3.826,-1.7876,2,LEFT_MI
4359,17.02734375,9.6411,-1.3378,-9.9296,-0.9526,2,LEFT_MI
4360,17.03125,-0.6315,-4.9545,-8.237,-8.4342,2,LEFT_MI
4361,17.03515625,0.8011,-4.0743,-2.6181,-4.1389,2,LEFT_MI
4362,17.0390625,-2.5232,-8.4922,-4.7633,-6.0219,2,LEFT_MI
4363,17.04296875,6.9512,-6.283,-4.2882,-5.5927,2,LEFT_MI
4364,17.046875,-1.2522,-1.4684,-3.5514,-0.9699,2,LEFT_MI
4365,17.05078125,-1.2248,-1.8487,7.1302,-0.7772,2,LEFT_MI
4366,17.0546875,-2.7827,0.2235,10.6773,6.462,2,LEFT_MI
4367,17.05859375,-0.4732,5.1339,10.2797,4.472,2,LEFT_MI
4368,17.0625,-4.3364,2.6145,9.2942,9.6232,2,LEFT_MI
4369,17.06640625,-1.5152,8.0722,2.8619,11.7282,2,LEFT_MI
4370,17.0703125,-6.1432,2.1922,4.6051,14.1821,2,LEFT_MI
4371,17.07421875,-8.3778,4.4617,6.0567,5.3385,2,LEFT_MI
4372,17.078125,-8.3324,-1.8603,6.2674,3.1476,2,LEFT_MI
4373,17.08203125,-6.0744,1.7765,-1.3419,0.4196,2,LEFT_MI
4374,17.0859375,-7.8034,1.6324,3.6044,0.8557,2,LEFT_MI
4375,17.08984375,-9.0861,-2.5123,-1.7269,3.1718,2,LEFT_MI
4376,17.09375,-4.8605,2.2232,-1.0997,-0.4959,2,LEFT_MI
4377,17.09765625,-3.8542,-1.9289,-1.5974,-3.2511,2,LEFT_MI
4378,17.1015625,2.8452,2.8073,-0.8719,-4.9729,2,LEFT_MI
4379,17.10546875,3.1696,7.5306,-2.6234,-3.3092,2,LEFT_MI
4380,17.109375,3.6482,7.4158,-3.7633,-3.1724,2,LEFT_MI
4381,17.11328125,6.4197,2.3325,1.4344,-4.9776,2,LEFT_MI
4382,17.1171875,10.9576,-1.0677,-6.458,-4.0423,2,LEFT_MI
4383,17.12109375,8.0623,1.1362,-6.1428,-4.5972,2,LEFT_MI
4384,17.125,2.1879,0.9372,-1.5209,-4.3065,2,LEFT_MI
4385,17.12890625,4.5495,-6.2961,-9.1163,-0.6807,2,LEFT_MI
4386,17.1328125,0.2774,-2.8117,-8.9841,-5.4168,2,LEFT_MI
4387,17.13671875,-0.2169,-9.048,-3.6793,-5.5628,2,LEFT_MI
4388,17.140625,1.7338,-2.3893,-4.6761,1.2969,2,LEFT_MI
4389,17.14453125,-2.4048,-4.0343,-1.7054,-4.0777,2,LEFT_MI
4390,17.1484375,2.1195,1.0592,-1.0686,5.9166,2,LEFT_MI
4391,17.15234375,1.7166,0.0349,3.5015,1.361,2,LEFT_MI
4392,17.15625,-5.6418,2.1931,5.5822,1.8476,2,LEFT_MI
4393,17.16015625,1.1126,4.9163,9.7472,12.9796,2,LEFT_MI
4394,17.1640625,-3.3573,3.05,12.2898,9.0728,2,LEFT_MI
4395,17.16796875,-9.5447,-1.2683,9.413,9.0815,2,LEFT_MI
4396,17.171875,-6.024,-0.1008,7.7911,9.0223,2,LEFT_MI
4397,17.17578125,-7.7761,3.1195,4.1484,2.4686,2,LEFT_MI
4398,17.1796875,-8.8237,-1.0451,0.9209,2.8122,2,LEFT_MI
4399,17.18359375,-13.2336,-7.2361,8.183,3.6537,2,LEFT_MI
4400,17.1875,-6.011,-1.2655,-0.767,-0.8658,2,LEFT_MI
4401,17.19140625,-8.9057,-3.2289,-5.2846,-4.7683,2,LEFT_MI
4402,17.1953125,-2.4301,-1.7151,-6.3416,-4.1184,2,LEFT_MI
4403,17.19921875,3.7825,-2.0147,-2.1854,1.7585,2,LEFT_MI
4404,17.203125,3.3532,-9.5818,0.2339,-0.7874,2,LEFT_MI
4405,17.20703125,8.4751,4.3451,-2.3834,-9.2284,2,LEFT_MI
4406,17.2109375,2.8068,0.5795,-2.3434,-3.0329,2,LEFT_MI
4407,17.21484375,5.2654,0.3357,-1.7545,-7.0378,2,LEFT_MI
4408,17.21875,6.7907,-0.695,-4.1218,0.7949,2,LEFT_MI
4409,17.22265625,6.2692,-2.856,-5.1433,-4.3289,2,LEFT_MI
4410,17.2265625,1.3402,-0.4452,-6.1798,-5.4181,2,LEFT_MI
4411,17.23046875,2.4902,-4.4535,-1.4733,-10.9057,2,LEFT_MI
4412,17.234375,2.4211,0.6426,-7.311,-5.5519,2,LEFT_MI
4413,17.23828125,3.1723,-2.3827,-4.6798,-8.8834,2,LEFT_MI
4414,17.2421875,5.8643,-1.269,-1.7215,5.4849,2,LEFT_MI
4415,17.24609375,-0.2833,-1.9259,1.4441,1.2397,2,LEFT_MI
4416,17.25,2.5266,-0.6047,0.4391,4.641,2,LEFT_MI
4417,17.25390625,-1.0729,2.5224,7.4306,10.9531,2,LEFT_MI
4418,17.2578125,1.4796,-2.2154,0.7468,3.5329,2,LEFT_MI
4419,17.26171875,-2.2779,5.3166,8.1623,4.7827,2,LEFT_MI
4420,17.265625,-2.2309,8.5947,9.1013,10.4294,2,LEFT_MI
4421,17.26953125,-2.0636,1.3611,2.152,2.955,2,LEFT_MI
4422,17.2734375,-3.5041,0.9374,4.5583,7.9411,2,LEFT_MI
4423,17.27734375,-2.4942,-0.776,6.8791,-3.3062,2,LEFT_MI
4424,17.28125,-10.5284,-5.6561,4.1786,2.3838,2,LEFT_MI
4425,17.28515625,-9.4696,6.179,-1.5235,-4.1461,2,LEFT_MI
4426,17.2890625,-5.8484,-5.1765,3.6657,-4.9137,2,LEFT_MI
4427,17.29296875,-2.5047,0.4494,-3.8077,-8.0384,2,LEFT_MI
4428,17.296875,2.1705,0.3006,2.0544,-3.4206,2,LEFT_MI
4429,17.30078125,5.5325,1.4776,-5.1436,2.8376,2,LEFT_MI
4430,17.3046875,-1.5329,0.08,-3.7656,-3.6654,2,LEFT_MI
4431,17.30859375,5.6371,-0.5167,-0.2307,-9.7118,2,LEFT_MI
4432,17.3125,3.2816,0.0371,-3.3347,-4.8215,2,LEFT_MI
4433,17.31640625,10.0435,2.8429,-2.9128,-2.8033,2,LEFT_MI
4434,17.3203125,4.8353,2.242,-1.1953,-1.6853,2,LEFT_MI
4435,17.32421875,3.4124,-5.4427,-7.3028,-1.1029,2,LEFT_MI
4436,17.328125,10.2159,-7.614,-11.5646,-5.1027,2,LEFT_MI
4437,17.33203125,5.0059,-5.518,-5.4389,3.1518,2,LEFT_MI
4438,17.3359375,-1.0576,-9.5954,-4.1422,-5.754,2,LEFT_MI
4439,17.33984375,-2.181,-6.0011,-7.0922,-1.0477,2,LEFT_MI
4440,17.34375,-1.8636,-3.6054,0.6832,1.2184,2,LEFT_MI
4441,17.34765625,-0.707,-0.141,-6.3046,7.5757,2,LEFT_MI
4442,17.3515625,-1.8692,-0.6483,-4.3918,4.6907,2,LEFT_MI
4443,17.35546875,1.3532,1.0921,7.7704,12.0554,2,LEFT_MI
4444,17.359375,3.3291,4.3633,0.6872,10.0953,2,LEFT_MI
4445,17.36328125,-6.1923,5.3084,2.8559,10.5158,2,LEFT_MI
4446,17.3671875,-2.868,8.6892,8.9125,5.3956,2,LEFT_MI
4447,17.37109375,-4.2366,5.4905,9.4452,3.9883,2,LEFT_MI
4448,17.375,-4.5771,3.8514,7.78,1.6356,2,LEFT_MI
4449,17.37890625,-7.4589,-3.3471,0.6505,-2.4907,2,LEFT_MI
4450,17.3828125,-13.9559,-1.5042,1.6487,4.8552,2,LEFT_MI
4451,17.38671875,-8.519,-3.4866,0.3539,-4.903,2,LEFT_MI
4452,17.390625,-5.9028,-3.2373,1.7789,-12.437,2,LEFT_MI
4453,17.39453125,-2.815,-0.4222,-1.0597,-5.9955,2,LEFT_MI
4454,17.3984375,-0.2128,-3.0332,-1.0764,-8.6799,2,LEFT_MI
4455,17.40234375,4.2101,7.2585,-4.3886,-4.88,2,LEFT_MI
4456,17.40625,4.3562,4.3292,-4.8802,-2.8804,2,LEFT_MI
4457,17.41015625,3.7122,0.18,-0.6054,0.6283,2,LEFT_MI
4458,17.4140625,5.3982,-3.5307,-1.9076,-5.5771,2,LEFT_MI
4459,17.41796875,10.3347,-5.1194,-2.4512,-3.7593,2,LEFT_MI
4460,17.421875,6.8844,2.5801,-3.1215,-4.9453,2,LEFT_MI
4461,17.42578125,2.6972,-12.9682,-3.5822,-2.8068,2,LEFT_MI
4462,17.4296875,6.7505,-0.1003,-2.5219,-5.295,2,LEFT_MI
4463,17.43359375,-0.2011,-5.5769,-8.4162,-3.8174,2,LEFT_MI
4464,17.4375,-0.6616,-3.3441,-6.482,1.0905,2,LEFT_MI
4465,17.44140625,2.1669,-0.6447,-5.8954,3.8416,2,LEFT_MI
4466,17.4453125,2.2239,-2.9438,-5.9915,3.5194,2,LEFT_MI
4467,17.44921875,1.6085,1.8565,-5.0342,8.4826,2,LEFT_MI
4468,17.453125,-3.1482,3.2909,4.2959,5.5603,2,LEFT_MI
4469,17.45703125,2.0809,0.0842,8.7184,14.9094,2,LEFT_MI
4470,17.4609375,-2.0123,3.8921,5.4925,9.3955,2,LEFT_MI
4471,17.46484375,-1.5521,3.9871,6.6832,2.6838,2,LEFT_MI
4472,17.46875,-6.8705,3.0837,11.2987,4.1333,2,LEFT_MI
4473,17.47265625,-3.8151,5.5633,6.1266,-0.2478,2,LEFT_MI
4474,17.4765625,-3.7035,-1.7763,8.3371,-1.7255,2,LEFT_MI
4475,17.48046875,-4.8668,-3.5556,3.9764,0.2471,2,LEFT_MI
4476,17.484375,-1.989,0.9917,2.2989,-7.2656,2,LEFT_MI
4477,17.48828125,-5.5585,-1.011,2.3632,-8.5806,2,LEFT_MI
4478,17.4921875,2.2578,0.2464,2.8853,-4.2873,2,LEFT_MI
4479,17.49609375,-2.3986,-2.4645,-1.9288,-2.1312,2,LEFT_MI
4480,17.5,-1.9068,-4.6312,-2.6448,-8.7822,2,LEFT_MI
4481,17.50390625,2.8481,3.2234,0.1907,-9.2514,2,LEFT_MI
4482,17.5078125,4.7474,-1.2342,2.8466,-3.195,2,LEFT_MI
4483,17.51171875,11.0297,1.0283,1.1473,-4.0151,2,LEFT_MI
4484,17.515625,2.3028,4.1303,-1.8909,-1.5485,2,LEFT_MI
4485,17.51953125,10.4451,-2.2441,-2.4167,-1.4477,2,LEFT_MI
4486,17.5234375,8.6967,0.6149,-6.2379,-4.8396,2,LEFT_MI
4487,17.52734375,-2.6183,-3.1028,-8.5891,-0.2414,2,LEFT_MI
4488,17.53125,3.3088,-10.3025,-4.7209,4.5957,2,LEFT_MI
4489,17.53515625,-1.597,-4.5177,-5.6068,8.0428,2,LEFT_MI
4490,17.5390625,-1.5738,-3.9176,-7.3278,3.5677,2,LEFT_MI
4491,17.54296875,1.1159,-2.587,-2.63,1.0676,2,LEFT_MI
4492,17.546875,1.9006,-1.3791,-4.05,7.1394,2,LEFT_MI
4493,17.55078125,-2.6406,0.4154,2.2311,8.1537,2,LEFT_MI
4494,17.5546875,-2.4375,-0.7156,2.8888,3.5575,2,LEFT_MI
4495,17.55859375,1.4833,0.9525,2.5062,8.1345,2,LEFT_MI
4496,17.5625,-0.2083,2.6116,6.2617,10.1509,2,LEFT_MI
4497,17.56640625,1.9468,5.1121,2.1299,5.7231,2,LEFT_MI
4498,17.5703125,-1.225,-2.4786,3.7112,2.2037,2,LEFT_MI
4499,17.57421875,-2.6337,0.0308,5.4506,-0.4457,2,LEFT_MI
4500,17.578125,-11.6236,0.4448,4.0087,-4.1839,2,LEFT_MI
4501,17.58203125,-6.4626,-3.4449,0.3909,-4.9895,2,LEFT_MI
4502,17.5859375,-10.3361,-1.2399,-2.8969,-12.9474,2,LEFT_MI
4503,17.58984375,-10.7603,-2.1646,3.8555,-10.9987,2,LEFT_MI
4504,17.59375,-1.6952,-2.1028,7.9038,-4.3685,2,LEFT_MI
4505,17.59765625,3.4034,0.1485,2.9681,-5.7147,2,LEFT_MI
4506,17.6015625,0.0905,1.7539,4.3577,-4.8099,2,LEFT_MI
4507,17.60546875,2.1622,1.1882,-0.7848,-4.5711,2,LEFT_MI
4508,17.609375,5.6742,-1.4201,0.4594,1.0427,2,LEFT_MI
4509,17.61328125,5.6874,5.9173,-2.2631,2.2432,2,LEFT_MI
4510,17.6171875,9.896,6.8911,-3.4282,3.9895,2,LEFT_MI
4511,17.62109375,5.5984,-2.5338,-6.5839,7.9345,2,LEFT_MI
4512,17.625,5.871,2.5846,-7.671,3.9496,2,LEFT_MI
4513,17.62890625,-1.8648,-4.2068,-14.2864,-1.129,2,LEFT_MI
4514,17.6328125,3.8197,-3.645,-8.4308,2.6824,2,LEFT_MI
4515,17.63671875,-0.8107,-4.4896,-9.3118,1.7762,2,LEFT_MI
4516,17.640625,0.6682,-5.0105,-7.2292,6.6952,2,LEFT_MI
4517,17.64453125,1.3996,-1.4007,-0.9177,3.5038,2,LEFT_MI
4518,17.6484375,3.9903,-3.7653,-8.2444,2.836,2,LEFT_MI
4519,17.65234375,5.0364,1.0192,5.9396,7.269,2,LEFT_MI
4520,17.65625,2.4135,3.9795,6.0536,2.9098,2,LEFT_MI
4521,17.66015625,4.5026,9.5628,8.6825,5.9376,2,LEFT_MI
4522,17.6640625,-3.8056,-0.5416,10.4944,6.2504,2,LEFT_MI
4523,17.66796875,-4.1461,9.0949,6.9566,2.7532,2,LEFT_MI
4524,17.671875,-8.2327,0.3323,8.0027,0.8779,2,LEFT_MI
4525,17.67578125,-1.5773,-1.074,5.3233,-2.9584,2,LEFT_MI
4526,17.6796875,-3.0502,-0.0437,4.7089,-8.0772,2,LEFT_MI
4527,17.68359375,-3.6365,-0.5005,-2.2137,-9.9862,2,LEFT_MI
4528,17.6875,-5.2156,-1.8622,5.1353,-7.4641,2,LEFT_MI
4529,17.69140625,-5.8621,0.5612,4.6187,-10.2514,2,LEFT_MI
4530,17.6953125,1.0191,-2.1177,-3.715,-5.9158,2,LEFT_MI
4531,17.69921875,-2.8261,0.699,3.6263,-0.5871,2,LEFT_MI
4532,17.703125,-5.4911,-2.9883,-0.6171,1.1416,2,LEFT_MI
4533,17.70703125,2.9967,2.1212,6.5756,1.6456,2,LEFT_MI
4534,17.7109375,8.8553,0.0794,6.0054,2.247,2,LEFT_MI
4535,17.71484375,5.1796,1.0008,-1.0647,8.9962,2,LEFT_MI
4536,17.71875,9.9387,1.4564,-1.0739,4.7274,2,LEFT_MI
4537,17.72265625,4.4475,-2.7703,-0.923,3.5747,2,LEFT_MI
4538,17.7265625,-2.1564,-1.138,-4.2826,0.3706,2,LEFT_MI
4539,17.73046875,1.5477,-6.0525,-4.1282,6.0812,2,LEFT_MI
4540,17.734375,1.1512,-4.8582,-6.6515,2.2092,2,LEFT_MI
4541,17.73828125,2.8985,-3.6853,-10.626,6.6278,2,LEFT_MI
4542,17.7421875,-4.7936,-3.3676,-4.6949,7.3378,2,LEFT_MI
4543,17.74609375,1.7703,-4.5509,-8.3073,4.0362,2,LEFT_MI
4544,17.75,2.011,0.0674,-0.2474,2.0961,2,LEFT_MI
4545,17.75390625,-4.5842,-1.5011,1.1597,5.4113,2,LEFT_MI
4546,17.7578125,0.2851,2.2,2.5526,1.2485,2,LEFT_MI
4547,17.76171875,-6.9285,6.4408,6.7235,6.0985,2,LEFT_MI
4548,17.765625,-2.2618,9.7917,5.7792,4.6807,2,LEFT_MI
4549,17.76953125,-3.5079,0.7039,4.9692,-5.1915,2,LEFT_MI
4550,17.7734375,-5.0061,2.2259,4.4066,-3.2704,2,LEFT_MI
4551,17.77734375,-7.2269,0.2915,4.3526,-4.4777,2,LEFT_MI
4552,17.78125,-14.4813,0.7357,3.1695,-13.1512,2,LEFT_MI
4553,17.78515625,-3.8411,-1.2241,2.1061,-5.118,2,LEFT_MI
4554,17.7890625,-4.1025,-0.9887,5.5938,-7.9634,2,LEFT_MI
4555,17.79296875,-6.3709,3.2484,1.9505,-9.1004,2,LEFT_MI
4556,17.796875,-6.7865,2.8421,1.2452,-4.7066,2,LEFT_MI
4557,17.80078125,-4.9013,-4.6463,1.3698,-1.8556,2,LEFT_MI
4558,17.8046875,5.4499,-2.5053,6.2251,-3.4501,2,LEFT_MI
4559,17.80859375,2.3163,4.321,5.5428,1.4318,2,LEFT_MI
4560,17.8125,6.7922,1.8745,3.5891,2.3891,2,LEFT_MI
4561,17.81640625,8.1138,-0.0152,1.3703,10.0289,2,LEFT_MI
4562,17.8203125,6.0605,-3.5446,-2.4104,8.8586,2,LEFT_MI
4563,17.82421875,6.6611,2.045,-4.6711,9.8408,2,LEFT_MI
4564,17.828125,2.8177,-6.2087,-8.664,4.6803,2,LEFT_MI
4565,17.83203125,-2.9309,-4.4776,-6.8867,9.3864,2,LEFT_MI
4566,17.8359375,0.642,-2.7485,-12.0264,4.2009,2,LEFT_MI
4567,17.83984375,-1.3547,-2.0915,-8.6801,0.1637,2,LEFT_MI
4568,17.84375,-1.7702,-1.7288,-5.5102,3.861,2,LEFT_MI
4569,17.84765625,0.7036,1.7822,-7.4954,3.0164,2,LEFT_MI
4570,17.8515625,-0.388,8.4262,-6.1096,1.84,2,LEFT_MI
4571,17.85546875,-2.3014,3.704,-1.6132,0.6212,2,LEFT_MI
4572,17.859375,4.4039,2.9246,-1.8737,4.7765,2,LEFT_MI
4573,17.86328125,1.6232,4.8539,-1.6458,2.0885,2,LEFT_MI
4574,17.8671875,2.567,3.8337,5.7131,-1.5751,2,LEFT_MI
4575,17.87109375,-4.8426,3.6257,5.5687,-3.8746,2,LEFT_MI
4576,17.875,-6.9302,-0.9943,-0.1475,-8.3489,2,LEFT_MI
4577,17.87890625,-9.7014,-1.6462,9.4048,-13.7118,2,LEFT_MI
4578,17.8828125,-11.7627,-0.2747,1.0236,-6.2071,2,LEFT_MI
4579,17.88671875,-3.6609,2.6261,-1.8321,-10.0088,2,LEFT_MI
4580,17.890625,-4.6117,-10.4203,10.3982,-5.9482,2,LEFT_MI
4581,17.89453125,-5.5102,0.4809,4.2325,-2.9205,2,LEFT_MI
4582,17.8984375,-2.2667,-4.5766,1.9696,-3.627,2,LEFT_MI
4583,17.90234375,1.7488,-4.2738,3.3601,2.3797,2,LEFT_MI
4584,17.90625,-0.0321,3.4006,3.6879,4.6945,2,LEFT_MI
4585,17.91015625,8.1168,0.4906,4.8016,5.6672,2,LEFT_MI
4586,17.9140625,12.3521,-2.3433,0.3194,6.5477,2,LEFT_MI
4587,17.91796875,6.7224,-0.5437,-1.8705,7.9288,2,LEFT_MI
4588,17.921875,0.8908,-0.0084,-3.0397,7.1346,2,LEFT_MI
4589,17.92578125,5.4278,-5.2058,-10.5377,9.2896,2,LEFT_MI
4590,17.9296875,7.726,-4.3963,-6.0501,3.7514,2,LEFT_MI
4591,17.93359375,-1.8231,-1.7839,-7.8355,3.8807,2,LEFT_MI
4592,17.9375,0.1326,-2.9141,-9.5206,6.8846,2,LEFT_MI
4593,17.94140625,-0.1353,-6.3096,-4.7138,2.9502,2,LEFT_MI
4594,17.9453125,-1.5356,-3.5618,-7.1033,4.257,2,LEFT_MI
4595,17.94921875,-5.1707,2.4422,-2.5011,-2.026,2,LEFT_MI
4596,17.953125,2.5193,4.6355,-2.1323,0.204,2,LEFT_MI
4597,17.95703125,3.3882,1.0276,0.0596,-0.7925,2,LEFT_MI
4598,17.9609375,-0.8131,4.1398,8.1268,3.1419,2,LEFT_MI
4599,17.96484375,-7.1667,2.0809,1.7351,-2.1139,2,LEFT_MI
4600,17.96875,-2.9035,-0.6108,8.6628,-4.8398,2,LEFT_MI
4601,17.97265625,-6.0965,10.2244,9.9088,2.5499,2,LEFT_MI
4602,17.9765625,-4.1146,-1.8428,7.1553,-6.5686,2,LEFT_MI
4603,17.98046875,-6.6801,2.2008,3.0016,-6.814,2,LEFT_MI
4604,17.984375,-4.2777,-0.6186,8.4229,-10.1515,2,LEFT_MI
4605,17.98828125,-3.2461,-2.0089,4.6821,-9.8526,2,LEFT_MI
4606,17.9921875,-12.5571,-2.7876,3.0123,-7.4758,2,LEFT_MI
4607,17.99609375,-3.673,-0.5731,6.3016,-5.3235,2,LEFT_MI
4608,18.0,-1.1969,3.0738,4.4884,4.3424,2,LEFT_MI
4609,18.00390625,-2.765,0.8403,5.3726,2.283,2,LEFT_MI
4610,18.0078125,5.9333,0.7103,0.9023,5.6145,2,LEFT_MI
4611,18.01171875,12.0696,0.3808,-1.2081,6.2574,2,LEFT_MI
4612,18.015625,11.5419,0.6777,5.866,6.0566,2,LEFT_MI
4613,18.01953125,7.603,1.3049,-0.5573,3.1969,2,LEFT_MI
4614,18.0234375,8.375,-0.3865,-7.0315,3.4903,2,LEFT_MI
4615,18.02734375,7.3419,-4.0964,-4.4495,-0.9288,2,LEFT_MI
4616,18.03125,5.6634,-10.0322,-7.7917,7.3965,2,LEFT_MI
4617,18.03515625,1.2218,-2.5411,-12.7052,0.831,2,LEFT_MI
4618,18.0390625,1.9767,-1.5691,-5.4215,0.2668,2,LEFT_MI
4619,18.04296875,0.2546,0.3689,-7.7824,-2.2808,2,LEFT_MI
4620,18.046875,-3.4985,-0.1575,-8.9509,0.5337,2,LEFT_MI
4621,18.05078125,0.9903,2.5611,0.2998,-4.1001,2,LEFT_MI
4622,18.0546875,0.5232,-1.4607,2.4463,-1.0036,2,LEFT_MI
4623,18.05859375,3.2142,0.53,-1.229,2.7648,2,LEFT_MI
4624,18.0625,-0.0999,2.2031,-1.0487,-5.4881,2,LEFT_MI
4625,18.06640625,-5.5098,10.734,3.9375,-0.9068,2,LEFT_MI
4626,18.0703125,-5.0203,3.7635,-0.6563,-3.4741,2,LEFT_MI
4627,18.07421875,-4.3662,5.6122,5.631,-6.7684,2,LEFT_MI
4628,18.078125,-14.1556,5.5827,0.3287,-5.7412,2,LEFT_MI
4629,18.08203125,-5.5808,-3.866,5.8645,-0.8501,2,LEFT_MI
4630,18.0859375,-6.5153,3.6345,5.3076,-8.9021,2,LEFT_MI
4631,18.08984375,-6.171,-3.1018,6.1242,-12.6714,2,LEFT_MI
4632,18.09375,-4.4566,-1.5917,3.6236,-3.1317,2,LEFT_MI
4633,18.09765625,-2.394,-5.9889,-2.2792,-4.2533,2,LEFT_MI
4634,18.1015625,2.3215,-1.8238,-2.4609,2.8651,2,LEFT_MI
4635,18.10546875,1.6331,5.4625,7.1195,4.3446,2,LEFT_MI
4636,18.109375,11.0175,0.0613,0.7618,5.4743,2,LEFT_MI
4637,18.11328125,4.3634,-1.2523,4.4673,12.6418,2,LEFT_MI
4638,18.1171875,6.779,0.2396,-6.1961,5.1518,2,LEFT_MI
4639,18.12109375,9.4785,-1.1638,-3.9374,8.6488,2,LEFT_MI
4640,18.125,5.6791,-1.8612,-5.0762,4.0239,2,LEFT_MI
4641,18.12890625,4.7599,-4.5578,-6.0039,1.9962,2,LEFT_MI
4642,18.1328125,1.6968,-4.9484,-6.51,-3.9988,2,LEFT_MI
4643,18.13671875,-0.6436,-7.0734,-6.778,-1.6205,2,LEFT_MI
4644,18.140625,-1.0218,-0.2077,-10.9094,-2.4445,2,LEFT_MI
4645,18.14453125,1.987,0.9802,-6.367,-3.187,2,LEFT_MI
4646,18.1484375,1.2235,-5.9505,-6.3555,-8.0595,2,LEFT_MI
4647,18.15234375,-3.5305,2.3209,2.5026,-5.1627,2,LEFT_MI
4648,18.15625,-4.1566,6.9817,-1.1757,-0.1883,2,LEFT_MI
4649,18.16015625,-1.4562,2.2409,4.1728,-2.5414,2,LEFT_MI
4650,18.1640625,-2.5274,5.1855,3.9298,-3.3521,2,LEFT_MI
4651,18.16796875,-2.2523,0.6119,3.5701,-5.0005,2,LEFT_MI
4652,18.171875,-0.9325,2.5038,5.0486,1.0935,2,LEFT_MI
4653,18.17578125,-5.1621,8.7428,4.3161,-0.9961,2,LEFT_MI
4654,18.1796875,-9.2958,-3.6583,10.1591,-3.6329,2,LEFT_MI
4655,18.18359375,-6.8303,-7.4568,1.2969,-8.9199,2,LEFT_MI
4656,18.1875,-7.0398,-5.5806,6.557,-3.2005,2,LEFT_MI
4657,18.19140625,-6.8893,-4.7302,5.5941,0.6586,2,LEFT_MI
4658,18.1953125,-0.8685,-6.2251,4.1117,-5.0545,2,LEFT_MI
4659,18.19921875,3.167,-3.8704,1.8585,2.9011,2,LEFT_MI
4660,18.203125,0.9406,-0.8734,9.8737,4.2861,2,LEFT_MI
4661,18.20703125,2.8433,1.7916,5.0412,9.8302,2,LEFT_MI
4662,18.2109375,3.9121,-2.0279,6.2824,5.0236,2,LEFT_MI
4663,18.21484375,9.5969,-0.2721,4.2046,9.1609,2,LEFT_MI
4664,18.21875,8.6566,1.3315,-2.6384,6.2286,2,LEFT_MI
4665,18.22265625,4.1207,3.9623,0.1561,4.6243,2,LEFT_MI
4666,18.2265625,5.8088,-2.1988,-2.3605,3.2791,2,LEFT_MI
4667,18.23046875,2.8499,-2.7682,-4.2315,-4.5979,2,LEFT_MI
4668,18.234375,3.7054,-4.3377,-9.0465,0.1642,2,LEFT_MI
4669,18.23828125,-1.1076,-5.8405,-8.7285,-4.3196,2,LEFT_MI
4670,18.2421875,0.6789,0.5136,-5.697,-9.887,2,LEFT_MI
4671,18.24609375,0.4723,-0.6336,-12.8485,-7.8811,2,LEFT_MI
4672,18.25,-0.2806,1.2134,-5.4479,-3.0309,2,LEFT_MI
4673,18.25390625,1.6326,15.4681,-1.5047,-0.3143,2,LEFT_MI
4674,18.2578125,1.4103,7.6932,0.3723,-0.9543,2,LEFT_MI
4675,18.26171875,0.6009,1.5814,4.5656,-6.4592,2,LEFT_MI
4676,18.265625,-5.0975,3.5844,3.5256,-5.2214,2,LEFT_MI
4677,18.26953125,-0.6872,6.3586,2.3568,-0.6906,2,LEFT_MI
4678,18.2734375,-7.4923,0.8485,3.8451,1.2063,2,LEFT_MI
4679,18.27734375,-10.661,1.236,6.4214,-2.4346,2,LEFT_MI
4680,18.28125,-16.9321,-2.0216,-0.1567,-7.1637,2,LEFT_MI
4681,18.28515625,-10.2735,-3.2877,1.0754,1.1701,2,LEFT_MI
4682,18.2890625,-8.0338,-3.3063,0.2164,-4.0558,2,LEFT_MI
4683,18.29296875,-5.355,-6.2431,4.3513,1.5222,2,LEFT_MI
4684,18.296875,-1.8873,-2.2381,7.0046,-0.2499,2,LEFT_MI
4685,18.30078125,0.5987,2.1977,3.2068,3.3119,2,LEFT_MI
4686,18.3046875,5.5187,3.768,1.5938,11.3271,2,LEFT_MI
4687,18.30859375,5.4279,10.0024,9.9283,7.8103,2,LEFT_MI
4688,18.3125,3.8911,6.1135,-0.3182,8.245,2,LEFT_MI
4689,18.31640625,7.3707,0.1099,-3.812,7.4713,2,LEFT_MI
4690,18.3203125,9.3923,2.0596,3.2646,-0.2255,2,LEFT_MI
4691,18.32421875,15.358,-3.9853,-4.053,3.5126,2,LEFT_MI
4692,18.328125,6.5944,-4.2657,-3.2168,7.5023,2,LEFT_MI
4693,18.33203125,3.9407,-1.2613,-9.9529,0.1221,2,LEFT_MI
4694,18.3359375,0.8333,-6.1158,-7.5086,-4.9041,2,LEFT_MI
4695,18.33984375,2.2439,3.6935,-11.0829,-3.6611,2,LEFT_MI
4696,18.34375,1.422,4.171,-3.2708,-5.8704,2,LEFT_MI
4697,18.34765625,-0.3428,-2.0939,-9.947,-5.7008,2,LEFT_MI
4698,18.3515625,2.6489,1.0635,-9.4816,-6.0887,2,LEFT_MI
4699,18.35546875,-5.7994,4.3069,-1.6254,-4.9523,2,LEFT_MI
4700,18.359375,-0.7263,4.3572,-1.0001,-0.2274,2,LEFT_MI
4701,18.36328125,0.3925,-1.5821,2.9196,-5.6004,2,LEFT_MI
4702,18.3671875,-1.6109,4.8991,3.9234,0.1511,2,LEFT_MI
4703,18.37109375,-6.7583,1.3189,2.3148,-0.0735,2,LEFT_MI
4704,18.375,-2.5321,2.1289,2.3962,-2.418,2,LEFT_MI
4705,18.37890625,-5.2839,1.5295,6.3537,1.8047,2,LEFT_MI
4706,18.3828125,-11.4289,-3.7176,4.4774,-2.6724,2,LEFT_MI
4707,18.38671875,-6.5294,-3.1186,0.2023,-4.4861,2,LEFT_MI
4708,18.390625,-8.2897,-8.6959,8.295,2.1106,2,LEFT_MI
4709,18.39453125,0.2526,-4.2225,6.1241,1.8661,2,LEFT_MI
4710,18.3984375,4.9168,-0.9151,4.7653,8.5888,2,LEFT_MI
4711,18.40234375,2.6259,3.2939,1.0712,9.9983,2,LEFT_MI
4712,18.40625,3.0972,5.5087,9.1369,9.1623,2,LEFT_MI
4713,18.41015625,12.2923,0.0331,1.6865,8.6093,2,LEFT_MI
4714,18.4140625,7.6636,-4.8793,7.6591,11.0225,2,LEFT_MI
4715,18.41796875,9.5385,-2.0648,5.0159,6.5771,2,LEFT_MI
4716,18.421875,9.2166,-2.2134,-3.0981,6.2793,2,LEFT_MI
4717,18.42578125,7.524,-3.8027,-3.045,-4.7555,2,LEFT_MI
4718,18.4296875,0.1323,-8.4446,-1.4001,-3.4336,2,LEFT_MI
4719,18.43359375,3.7135,1.194,-12.0354,-4.2385,2,LEFT_MI
4720,18.4375,3.5195,-6.1375,-12.6439,-6.0683,2,LEFT_MI
4721,18.44140625,6.9422,-2.9036,-7.4095,-3.8536,2,LEFT_MI
4722,18.4453125,0.7913,-4.4432,-11.2562,-5.9625,2,LEFT_MI
4723,18.44921875,-0.707,-0.8009,-7.0357,-9.4946,2,LEFT_MI
4724,18.453125,-4.1186,2.9255,-5.5374,-1.715,2,LEFT_MI
4725,18.45703125,-2.4445,9.9258,-0.9568,-5.1047,2,LEFT_MI
4726,18.4609375,2.566,7.6286,-4.371,-7.2569,2,LEFT_MI
4727,18.46484375,-1.0583,3.5851,5.274,1.5375,2,LEFT_MI
4728,18.46875,-7.0445,9.959,4.363,-3.3713,2,LEFT_MI
4729,18.47265625,-5.3102,0.8391,-4.7573,1.1744,2,LEFT_MI
4730,18.4765625,-4.8897,0.1399,4.8394,4.7724,2,LEFT_MI
4731,18.48046875,-9.576,2.9596,-0.1601,-2.5742,2,LEFT_MI
4732,18.484375,-8.3061,-1.7646,8.405,12.3849,2,LEFT_MI
4733,18.48828125,-6.3174,-5.0527,4.923,1.2358,2,LEFT_MI
4734,18.4921875,-10.5101,-1.3368,6.9949,0.0219,2,LEFT_MI
4735,18.49609375,-2.8556,-7.5642,6.3265,-3.3456,2,LEFT_MI
4736,18.5,2.6537,1.8978,2.3316,8.846,2,LEFT_MI
4737,18.50390625,4.1902,4.9789,4.4721,7.1361,2,LEFT_MI
4738,18.5078125,3.6488,-2.8258,7.4016,3.9459,2,LEFT_MI
4739,18.51171875,7.164,-5.1408,5.9328,9.4103,2,LEFT_MI
4740,18.515625,8.3711,3.4862,9.9629,6.4941,2,LEFT_MI
4741,18.51953125,8.8233,1.9125,-0.0726,5.7671,2,LEFT_MI
4742,18.5234375,3.9642,4.2679,0.3535,0.1798,2,LEFT_MI
4743,18.52734375,3.0637,2.7248,-6.4562,-0.5039,2,LEFT_MI
4744,18.53125,4.4257,-5.1607,-2.6118,-8.1621,2,LEFT_MI
4745,18.53515625,-0.7169,-2.5517,-8.6189,-3.4287,2,LEFT_MI
4746,18.5390625,2.1616,1.5457,-13.7145,-9.1684,2,LEFT_MI
4747,18.54296875,3.0003,0.3927,-7.1725,-12.5172,2,LEFT_MI
4748,18.546875,3.7046,2.1241,-5.6932,-11.4318,2,LEFT_MI
4749,18.55078125,3.5696,0.3731,-7.2165,-2.9861,2,LEFT_MI
4750,18.5546875,-1.8088,5.3764,-5.5119,-6.884,2,LEFT_MI
4751,18.55859375,-0.0757,6.0916,-0.9315,-5.6691,2,LEFT_MI
4752,18.5625,-5.6831,5.1352,-1.4556,-3.0393,2,LEFT_MI
4753,18.56640625,-5.5652,-1.3945,2.1385,0.8583,2,LEFT_MI
4754,18.5703125,-8.4204,4.3348,-0.0134,1.9146,2,LEFT_MI
4755,18.57421875,-5.0025,1.1961,1.8644,4.7903,2,LEFT_MI
4756,18.578125,-3.4329,-2.5601,1.3343,0.296,2,LEFT_MI
4757,18.58203125,-11.087,-1.692,4.2643,4.2082,2,LEFT_MI
4758,18.5859375,-10.5372,0.7838,0.6182,5.2327,2,LEFT_MI
4759,18.58984375,-5.768,-1.6852,0.2537,0.8128,2,LEFT_MI
4760,18.59375,-5.0221,0.25,6.4707,0.7958,2,LEFT_MI
4761,18.59765625,-3.9488,1.7911,3.663,3.069,2,LEFT_MI
4762,18.6015625,2.7971,-0.5366,8.5262,5.6869,2,LEFT_MI
4763,18.60546875,2.5127,-4.8095,-0.6493,1.8501,2,LEFT_MI
4764,18.609375,5.5674,2.9711,8.9147,1.716,2,LEFT_MI
4765,18.61328125,12.3911,-4.2637,7.9117,1.4973,2,LEFT_MI
4766,18.6171875,10.5231,4.8062,4.6587,0.3501,2,LEFT_MI
4767,18.62109375,7.5874,-0.5143,-2.1634,-2.818,2,LEFT_MI
4768,18.625,8.4553,4.2531,3.5075,-6.2793,2,LEFT_MI
4769,18.62890625,6.0504,-1.0333,-3.8636,-2.9339,2,LEFT_MI
4770,18.6328125,7.1686,-5.0951,-5.7535,-8.1392,2,LEFT_MI
4771,18.63671875,3.9304,-6.2494,-7.1943,-5.6603,2,LEFT_MI
4772,18.640625,8.3592,-2.0101,-12.5701,-6.407,2,LEFT_MI
4773,18.64453125,-2.9053,-1.2961,-5.4288,-13.2241,2,LEFT_MI
4774,18.6484375,-3.8887,3.3269,-10.5149,-5.0174,2,LEFT_MI
4775,18.65234375,-2.3417,-2.0979,-1.2045,-3.9898,2,LEFT_MI
4776,18.65625,-1.6053,2.4675,-5.3337,-2.7043,2,LEFT_MI
4777,18.66015625,-4.0506,9.7063,-3.2627,-0.7419,2,LEFT_MI
4778,18.6640625,-2.4276,-0.6675,-0.9566,3.9858,2,LEFT_MI
4779,18.66796875,-6.6593,1.8599,6.4706,7.2973,2,LEFT_MI
4780,18.671875,-8.0733,0.0598,5.8432,2.1733,2,LEFT_MI
4781,18.67578125,-6.7888,-3.4807,-0.3122,5.5342,2,LEFT_MI
4782,18.6796875,-5.1487,-5.9741,-0.4189,7.0639,2,LEFT_MI
4783,18.68359375,-14.6357,-6.8085,-3.8386,2.7185,2,LEFT_MI
4784,18.6875,-5.1964,-5.1364,-0.9219,3.3349,2,LEFT_MI
4785,18.69140625,-4.2274,0.4024,4.7745,3.385,2,LEFT_MI
4786,18.6953125,-1.4217,-3.0868,3.7082,1.5863,2,LEFT_MI
4787,18.69921875,-1.1857,-4.6124,8.863,7.1504,2,LEFT_MI
4788,18.703125,4.7704,0.6508,6.5678,7.8247,2,LEFT_MI
4789,18.70703125,-2.0885,2.8588,6.4538,4.912,2,LEFT_MI
4790,18.7109375,9.7109,1.9383,11.709,3.5199,2,LEFT_MI
4791,18.71484375,12.7065,4.297,7.7804,6.8002,2,LEFT_MI
4792,18.71875,6.9529,2.1666,4.4657,-5.5401,2,LEFT_MI
4793,18.72265625,9.2935,3.689,0.9951,1.7405,2,LEFT_MI
4794,18.7265625,12.2888,-0.6912,-3.8893,-3.7398,2,LEFT_MI
4795,18.73046875,1.6464,-4.0181,-1.2558,-8.0421,2,LEFT_MI
4796,18.734375,3.4057,-2.155,-4.9278,-8.3819,2,LEFT_MI
4797,18.73828125,2.4993,-1.8723,-8.0349,-14.4398,2,LEFT_MI
4798,18.7421875,4.6349,-1.958,-16.8274,-4.566,2,LEFT_MI
4799,18.74609375,0.8462,5.116,-11.0092,-10.0556,2,LEFT_MI
4800,18.75,1.6524,-1.9488,-1.4555,-0.1303,2,LEFT_MI
4801,18.75390625,-1.8661,10.6952,-9.1823,-3.3256,2,LEFT_MI
4802,18.7578125,-6.4218,3.2683,-6.2082,3.3864,2,LEFT_MI
4803,18.76171875,0.7231,3.6804,-5.2154,0.5685,2,LEFT_MI
4804,18.765625,4.2996,-0.6623,-2.0483,12.7598,2,LEFT_MI
4805,18.76953125,-0.9701,8.8332,2.5928,8.6401,2,LEFT_MI
4806,18.7734375,-8.6384,-4.7276,1.3833,-0.0385,2,LEFT_MI
4807,18.77734375,-11.4862,-2.8828,7.5283,6.7316,2,LEFT_MI
4808,18.78125,-9.6558,1.8408,-4.4642,0.1826,2,LEFT_MI
4809,18.78515625,-7.9512,-0.8912,-3.0022,7.3272,2,LEFT_MI
4810,18.7890625,-1.0322,1.1911,-7.135,-5.4988,2,LEFT_MI
4811,18.79296875,-2.4251,-3.4066,-0.3308,4.5617,2,LEFT_MI
4812,18.796875,-0.7082,0.7624,3.7016,4.272,2,LEFT_MI
4813,18.80078125,0.6764,-1.4126,3.3336,7.8441,2,LEFT_MI
4814,18.8046875,6.0052,-3.7123,7.6819,5.0821,2,LEFT_MI
4815,18.80859375,2.0612,1.5709,2.5559,4.2956,2,LEFT_MI
4816,18.8125,10.4553,1.2139,7.4715,3.9365,2,LEFT_MI
4817,18.81640625,5.1619,0.5612,5.3078,0.6755,2,LEFT_MI
4818,18.8203125,8.1489,0.6375,3.3428,-3.1742,2,LEFT_MI
4819,18.82421875,8.5047,-2.2232,1.5182,-10.6534,2,LEFT_MI
4820,18.828125,5.5424,-1.4784,0.6183,-10.7323,2,LEFT_MI
4821,18.83203125,0.289,-0.2557,-6.0004,-9.3759,2,LEFT_MI
4822,18.8359375,1.4607,4.0591,-6.014,-8.8247,2,LEFT_MI
4823,18.83984375,0.9347,-2.6582,-7.1019,-4.9046,2,LEFT_MI
4824,18.84375,-1.9011,-1.2136,-9.2965,-7.799,2,LEFT_MI
4825,18.84765625,-1.016,4.3147,-3.6817,-4.1935,2,LEFT_MI
4826,18.8515625,-3.3474,0.3152,-3.3593,-7.0826,2,LEFT_MI
4827,18.85546875,7.2489,3.519,2.1103,2.6571,2,LEFT_MI
4828,18.859375,4.3843,-0.2827,-1.8168,3.1004,2,LEFT_MI
4829,18.86328125,2.8399,5.8008,-3.5255,5.7684,2,LEFT_MI
4830,18.8671875,-4.3726,6.0378,3.2127,12.8394,2,LEFT_MI
4831,18.87109375,-1.5098,2.3026,3.1183,6.0813,2,LEFT_MI
4832,18.875,-6.9291,2.3812,-1.3381,-0.9853,2,LEFT_MI
4833,18.87890625,-7.2373,0.2049,-0.1111,2.1805,2,LEFT_MI
4834,18.8828125,-7.8107,-6.982,0.3156,5.1194,2,LEFT_MI
4835,18.88671875,-6.1894,-5.4047,2.9248,-2.058,2,LEFT_MI
4836,18.890625,-8.9161,-0.7911,-1.4535,-4.6478,2,LEFT_MI
4837,18.89453125,-0.331,-5.9365,10.4612,3.2634,2,LEFT_MI
4838,18.8984375,-3.1881,-4.0375,4.6598,0.714,2,LEFT_MI
4839,18.90234375,4.4887,0.3719,8.9796,-1.3354,2,LEFT_MI
4840,18.90625,5.0509,-0.8207,4.7544,-2.4309,2,LEFT_MI
4841,18.91015625,9.5663,2.666,2.3486,0.1449,2,LEFT_MI
4842,18.9140625,13.0935,2.9026,3.8876,-0.8138,2,LEFT_MI
4843,18.91796875,11.558,-1.4334,8.2851,-1.1125,2,LEFT_MI
4844,18.921875,8.2483,5.9651,0.945,-7.6208,2,LEFT_MI
4845,18.92578125,5.8504,-0.7817,4.0724,-7.9201,2,LEFT_MI
4846,18.9296875,6.2604,1.8726,-5.534,-1.8421,2,LEFT_MI
4847,18.93359375,-1.0101,-1.9827,-8.0198,-12.34,2,LEFT_MI
4848,18.9375,-7.4257,-0.3017,-7.3179,-6.3804,2,LEFT_MI
4849,18.94140625,-7.1971,-3.5471,-8.3998,-9.0485,2,LEFT_MI
4850,18.9453125,-3.0048,-1.9652,-5.471,-3.6646,2,LEFT_MI
4851,18.94921875,0.4335,-0.0539,-6.0865,-1.8196,2,LEFT_MI
4852,18.953125,1.1656,4.843,-1.194,4.74,2,LEFT_MI
4853,18.95703125,0.7811,0.368,-2.1387,2.8165,2,LEFT_MI
4854,18.9609375,1.7649,-0.1747,-1.2535,4.8002,2,LEFT_MI
4855,18.96484375,-2.3467,1.143,1.424,4.3763,2,LEFT_MI
4856,18.96875,-2.3969,7.8367,-3.2224,8.2501,2,LEFT_MI
4857,18.97265625,-5.7,-6.2969,2.7895,8.6588,2,LEFT_MI
4858,18.9765625,-11.4945,1.4779,-6.6962,6.385,2,LEFT_MI
4859,18.98046875,-2.7597,-0.3478,-3.1362,3.0463,2,LEFT_MI
4860,18.984375,-12.0025,-4.4382,4.2603,3.462,2,LEFT_MI
4861,18.98828125,-9.0135,-5.0936,6.0193,2.1535,2,LEFT_MI
4862,18.9921875,-3.1638,-4.9667,5.2103,2.4733,2,LEFT_MI
4863,18.99609375,2.024,-0.835,5.48,-3.1425,2,LEFT_MI
4864,19.0,0.3605,-4.1698,1.2648,-3.4789,2,LEFT_MI
4865,19.00390625,-1.5513,0.532,6.4093,-5.7112,2,LEFT_MI
4866,19.0078125,3.5263,3.4965,12.0421,-1.1361,2,LEFT_MI
4867,19.01171875,6.4666,0.6547,9.1625,3.0153,2,LEFT_MI
4868,19.015625,1.1121,6.0832,8.919,1.4378,2,LEFT_MI
4869,19.01953125,5.7993,-1.5802,2.3046,-8.1501,2,LEFT_MI
4870,19.0234375,10.7768,2.7208,-1.1646,-9.6593,2,LEFT_MI
4871,19.02734375,8.0658,1.8731,-3.8113,-8.2909,2,LEFT_MI
4872,19.03125,4.456,-1.441,-5.7231,-9.0426,2,LEFT_MI
4873,19.03515625,0.5576,-4.1231,-5.6228,-6.5535,2,LEFT_MI
4874,19.0390625,-4.547,-2.7086,-3.2729,-3.4691,2,LEFT_MI
4875,19.04296875,-0.0611,-3.1422,-8.1295,-1.2091,2,LEFT_MI
4876,19.046875,1.5667,2.0257,1.7562,1.653,2,LEFT_MI
4877,19.05078125,-0.993,3.6548,-7.0399,0.8275,2,LEFT_MI
4878,19.0546875,4.1019,2.5834,-3.7453,3.656,2,LEFT_MI
4879,19.05859375,-2.1735,2.871,-1.0479,8.7288,2,LEFT_MI
4880,19.0625,-4.7667,2.3272,-10.3016,11.0709,2,LEFT_MI
4881,19.06640625,-3.4685,-1.6383,-6.5185,9.9711,2,LEFT_MI
4882,19.0703125,-6.8047,3.2426,-1.6461,5.946,2,LEFT_MI
4883,19.07421875,-8.5075,-0.9563,-2.642,6.6361,2,LEFT_MI
4884,19.078125,-2.8283,-0.748,1.1232,9.8579,2,LEFT_MI
4885,19.08203125,-16.3089,-4.1505,1.0303,7.5892,2,LEFT_MI
4886,19.0859375,-0.5468,-2.6038,2.5429,2.2618,2,LEFT_MI
4887,19.08984375,-8.4918,-6.4578,1.3328,2.3424,2,LEFT_MI
4888,19.09375,-3.8682,-0.8795,6.383,-0.0093,2,LEFT_MI
4889,19.09765625,-2.7018,-2.3948,-1.5782,-3.5134,2,LEFT_MI
4890,19.1015625,3.1346,1.6797,4.2204,5.3283,2,LEFT_MI
4891,19.10546875,1.3032,2.2137,7.4257,-0.3659,2,LEFT_MI
4892,19.109375,10.5265,0.9316,3.0252,3.9226,2,LEFT_MI
4893,19.11328125,7.3053,-1.3854,8.4865,-1.5199,2,LEFT_MI
4894,19.1171875,8.1872,2.7385,7.8203,-6.1761,2,LEFT_MI
4895,19.12109375,8.2984,-1.4848,4.9374,-3.6734,2,LEFT_MI
4896,19.125,4.4412,-1.2185,6.258,-4.6717,2,LEFT_MI
4897,19.12890625,5.5409,-1.7518,0.7119,-6.8652,2,LEFT_MI
4898,19.1328125,-4.5373,-3.7997,-3.8981,-8.0676,2,LEFT_MI
4899,19.13671875,0.6194,-3.5057,-2.3778,-9.7492,2,LEFT_MI
4900,19.140625,0.1866,-1.0338,-5.8585,-5.4512,2,LEFT_MI
4901,19.14453125,-1.9903,-2.4909,-8.769,0.5335,2,LEFT_MI
4902,19.1484375,0.2516,7.3854,-4.9298,2.8121,2,LEFT_MI
4903,19.15234375,3.1485,5.2855,-7.5516,5.7018,2,LEFT_MI
4904,19.15625,-2.1026,3.2406,-4.2747,7.2694,2,LEFT_MI
4905,19.16015625,6.5788,10.3122,-4.7127,8.853,2,LEFT_MI
4906,19.1640625,-2.483,5.265,-3.5011,12.0614,2,LEFT_MI
4907,19.16796875,-1.9163,1.0682,-7.8674,4.7127,2,LEFT_MI
4908,19.171875,-6.8943,-1.0901,-0.8421,8.2374,2,LEFT_MI
4909,19.17578125,-8.2226,-1.7844,-10.5915,8.3844,2,LEFT_MI
4910,19.1796875,-1.0883,-1.356,2.9953,4.1632,2,LEFT_MI
4911,19.18359375,-9.9615,-2.0377,-2.6994,1.8764,2,LEFT_MI
4912,19.1875,-12.6027,-8.927,-0.8215,4.0042,2,LEFT_MI
4913,19.19140625,-3.0934,-3.4684,4.8866,-4.1133,2,LEFT_MI
4914,19.1953125,-1.1929,-1.7652,2.5293,2.1494,2,LEFT_MI
4915,19.19921875,-3.1284,-3.0882,7.637,-3.0155,2,LEFT_MI
4916,19.203125,3.6352,-1.9854,7.4547,0.1663,2,LEFT_MI
4917,19.20703125,6.1109,-1.2085,8.2071,-3.6517,2,LEFT_MI
4918,19.2109375,8.5222,2.9107,8.6539,-4.5835,2,LEFT_MI
4919,19.21484375,11.0995,-0.8065,4.4828,-3.2116,2,LEFT_MI
4920,19.21875,7.0108,4.6788,5.9162,-3.3547,2,LEFT_MI
4921,19.22265625,5.8961,-0.4732,5.3576,-4.2482,2,LEFT_MI
4922,19.2265625,5.6578,4.5185,-1.1462,-7.6839,2,LEFT_MI
4923,19.23046875,5.8271,-1.0118,2.6002,-4.7392,2,LEFT_MI
4924,19.234375,5.4058,0.0645,-0.4247,-2.6232,2,LEFT_MI
4925,19.23828125,5.6305,2.1916,-7.5142,-3.1448,2,LEFT_MI
4926,19.2421875,-1.9823,0.3048,-3.0478,-3.4507,2,LEFT_MI
4927,19.24609375,-0.6054,-1.748,-7.8424,-0.5732,2,LEFT_MI
4928,19.25,-0.8183,0.8599,-6.2148,0.5913,2,LEFT_MI
4929,19.25390625,-3.2059,2.559,-0.9054,6.5029,2,LEFT_MI
4930,19.2578125,-5.4169,2.7733,-3.1731,12.3924,2,LEFT_MI
4931,19.26171875,0.0682,1.4867,-4.0518,10.8054,2,LEFT_MI
4932,19.265625,-8.1781,-2.8209,-2.5541,7.294,2,LEFT_MI
4933,19.26953125,-1.3924,-0.3865,-4.917,6.5211,2,LEFT_MI
4934,19.2734375,-3.7435,5.8654,0.4303,6.6291,2,LEFT_MI
4935,19.27734375,-4.1832,-4.9793,0.6138,2.0822,2,LEFT_MI
4936,19.28125,-10.6094,-2.044,-1.4704,1.1718,2,LEFT_MI
4937,19.28515625,-6.9472,-0.7592,-0.2398,-5.5702,2,LEFT_MI
4938,19.2890625,-7.222,-4.1009,-0.8546,-4.3569,2,LEFT_MI
4939,19.29296875,-3.9391,0.5507,2.7699,-4.5854,2,LEFT_MI
4940,19.296875,-3.7326,-0.8028,4.177,-0.8084,2,LEFT_MI
4941,19.30078125,4.6068,1.8205,3.0747,-4.0876,2,LEFT_MI
4942,19.3046875,3.6091,-0.5169,6.8197,-1.7103,2,LEFT_MI
4943,19.30859375,5.8836,11.3024,5.4232,-7.2396,2,LEFT_MI
4944,19.3125,6.3096,0.4915,7.5606,-4.9511,2,LEFT_MI
4945,19.31640625,10.694,3.1276,5.8892,-3.9465,2,LEFT_MI
4946,19.3203125,9.9439,0.219,4.959,-8.0919,2,LEFT_MI
4947,19.32421875,6.2409,-7.1794,5.1451,-3.8764,2,LEFT_MI
4948,19.328125,8.1334,-1.0689,0.568,-4.7824,2,LEFT_MI
4949,19.33203125,5.6318,-2.1697,-4.0608,-2.5472,2,LEFT_MI
4950,19.3359375,1.8214,0.7166,-4.9132,-4.418,2,LEFT_MI
4951,19.33984375,5.4472,-0.0031,-0.535,-8.016,2,LEFT_MI
4952,19.34375,-3.3579,4.3416,-6.0639,0.4374,2,LEFT_MI
4953,19.34765625,2.8559,0.3288,-3.709,2.763,2,LEFT_MI
4954,19.3515625,2.1432,2.5153,-6.063,7.766,2,LEFT_MI
4955,19.35546875,-1.4093,2.9038,-1.3126,1.7721,2,LEFT_MI
4956,19.359375,-1.3103,3.0098,-6.7666,14.1767,2,LEFT_MI
4957,19.36328125,-2.8538,4.9527,-6.6025,6.6607,2,LEFT_MI
4958,19.3671875,-5.6711,1.987,-3.5452,7.4911,2,LEFT_MI
4959,19.37109375,-4.8712,-1.1007,-4.5908,2.117,2,LEFT_MI
4960,19.375,-3.8416,-4.4323,-0.2955,3.8035,2,LEFT_MI
4961,19.37890625,-8.9289,0.8246,-0.6113,5.6615,2,LEFT_MI
4962,19.3828125,-7.2635,-3.268,0.2537,-3.4057,2,LEFT_MI
4963,19.38671875,-3.8007,-8.5645,-2.8539,-4.7202,2,LEFT_MI
4964,19.390625,-9.9284,-6.4877,-1.732,-13.3355,2,LEFT_MI
4965,19.39453125,-4.8886,-2.0046,1.181,-10.724,2,LEFT_MI
4966,19.3984375,-1.4626,-3.726,2.8659,-11.3585,2,LEFT_MI
4967,19.40234375,3.9593,-1.0451,5.5325,-6.4101,2,LEFT_MI
4968,19.40625,2.1833,4.6942,-0.9589,-5.7355,2,LEFT_MI
4969,19.41015625,5.0838,-1.9697,12.4964,-3.8531,2,LEFT_MI
4970,19.4140625,10.7467,3.9807,5.7512,-3.6217,2,LEFT_MI
4971,19.41796875,4.341,4.3882,4.6626,5.7453,2,LEFT_MI
4972,19.421875,9.3173,-2.8429,4.9021,-1.3329,2,LEFT_MI
4973,19.42578125,7.5235,-2.7083,5.8512,0.6443,2,LEFT_MI
4974,19.4296875,3.1683,1.0087,2.1578,-3.0561,2,LEFT_MI
4975,19.43359375,1.038,-3.7932,0.7033,-0.5442,2,LEFT_MI
4976,19.4375,0.0854,0.081,-3.7384,-2.3867,2,LEFT_MI
4977,19.44140625,-0.7076,0.8544,-7.5335,2.1,2,LEFT_MI
4978,19.4453125,0.7537,-2.3831,2.5697,5.3039,2,LEFT_MI
4979,19.44921875,-1.9001,-1.8036,-1.7166,6.6162,2,LEFT_MI
4980,19.453125,-1.2393,6.4589,-0.6468,4.6419,2,LEFT_MI
4981,19.45703125,1.8289,0.1923,-2.7695,3.5894,2,LEFT_MI
4982,19.4609375,-0.951,4.2999,1.42,6.0944,2,LEFT_MI
4983,19.46484375,-4.6835,1.4352,-2.3781,14.2955,2,LEFT_MI
4984,19.46875,-2.1473,3.7864,-6.6354,7.3689,2,LEFT_MI
4985,19.47265625,-3.9245,-5.1578,-4.853,-3.4669,2,LEFT_MI
4986,19.4765625,-8.7592,3.3549,-2.5848,-0.872,2,LEFT_MI
4987,19.48046875,-7.8073,-3.3262,-0.5228,-3.7059,2,LEFT_MI
4988,19.484375,-9.1591,-5.4097,-5.8479,-10.4954,2,LEFT_MI
4989,19.48828125,-7.8397,-7.766,3.7669,-7.7333,2,LEFT_MI
4990,19.4921875,-7.2977,-4.9034,-0.3764,-9.2812,2,LEFT_MI
4991,19.49609375,-5.8231,-7.4062,2.7099,-10.3586,2,LEFT_MI
4992,19.5,-1.2833,1.4135,5.0468,-9.5964,2,LEFT_MI
4993,19.50390625,-5.828,-1.837,4.7366,-4.4681,2,LEFT_MI
4994,19.5078125,5.778,1.7077,2.9296,-6.3461,2,LEFT_MI
4995,19.51171875,4.4624,2.5022,9.6952,3.047,2,LEFT_MI
4996,19.515625,6.0342,7.2805,6.886,5.788,2,LEFT_MI
4997,19.51953125,11.4765,-2.482,11.7612,0.8009,2,LEFT_MI
4998,19.5234375,3.3369,6.6668,11.6103,-4.7998,2,LEFT_MI
4999,19.52734375,6.0951,1.8301,8.555,2.2694,2,LEFT_MI
5000,19.53125,2.9437,-2.9147,5.3003,3.9702,2,LEFT_MI
5001,19.53515625,3.5737,-2.6325,0.9707,0.1606,2,LEFT_MI
5002,19.5390625,0.3396,-2.9724,-2.1424,1.7066,2,LEFT_MI
5003,19.54296875,3.8905,0.5446,-1.6852,7.9884,2,LEFT_MI
5004,19.546875,3.1221,1.7102,-0.8472,7.8511,2,LEFT_MI
5005,19.55078125,-2.9907,0.8439,3.83,3.4373,2,LEFT_MI
5006,19.5546875,-6.9306,6.0361,-3.9873,2.241,2,LEFT_MI
5007,19.55859375,1.443,3.0254,-5.1091,9.6739,2,LEFT_MI
5008,19.5625,-0.1062,2.7062,1.1972,4.6587,2,LEFT_MI
5009,19.56640625,-8.6915,0.842,-2.4605,1.4146,2,LEFT_MI
5010,19.5703125,-6.1838,1.7904,-0.9762,4.8543,2,LEFT_MI
5011,19.57421875,-9.7207,-5.5226,-5.9831,-1.4412,2,LEFT_MI
5012,19.578125,-13.9083,-3.5325,-7.8727,-4.0689,2,LEFT_MI
5013,19.58203125,-5.6923,1.0214,1.2033,-5.5904,2,LEFT_MI
5014,19.5859375,-7.908,-10.3412,-1.7862,-7.2875,2,LEFT_MI
5015,19.58984375,-8.5311,-3.3566,0.4991,-6.4319,2,LEFT_MI
5016,19.59375,-4.9929,-6.0982,0.1456,-8.4226,2,LEFT_MI
5017,19.59765625,-3.7775,-0.1356,-0.5171,-7.8431,2,LEFT_MI
5018,19.6015625,-2.4466,3.276,6.267,-2.922,2,LEFT_MI
5019,19.60546875,5.7697,4.6311,3.8453,-2.1694,2,LEFT_MI
5020,19.609375,12.8569,7.1184,5.0554,2.7104,2,LEFT_MI
5021,19.61328125,11.1255,1.7179,7.3808,-1.8095,2,LEFT_MI
5022,19.6171875,6.3707,2.276,9.9441,2.4714,2,LEFT_MI
5023,19.62109375,8.4537,-0.5243,4.368,-1.915,2,LEFT_MI
5024,19.625,11.2039,7.3206,8.2871,4.6691,2,LEFT_MI
5025,19.62890625,0.9455,4.1258,10.7963,5.1646,2,LEFT_MI
5026,19.6328125,-0.3038,0.5495,-0.4988,2.5101,2,LEFT_MI
5027,19.63671875,2.1022,-0.5787,-5.7571,2.4495,2,LEFT_MI
5028,19.640625,0.6992,1.8466,-7.4338,2.1886,2,LEFT_MI
5029,19.64453125,2.3239,-1.0297,-2.9482,3.5364,2,LEFT_MI
5030,19.6484375,3.1441,0.6685,-8.8485,7.5267,2,LEFT_MI
5031,19.65234375,5.3112,3.0803,-6.7101,5.4144,2,LEFT_MI
5032,19.65625,1.3518,3.4357,0.9055,6.5817,2,LEFT_MI
5033,19.66015625,-4.5984,3.4922,0.1324,5.4009,2,LEFT_MI
5034,19.6640625,-1.2714,-2.6674,-2.7026,5.6009,2,LEFT_MI
5035,19.66796875,-3.028,1.7949,3.183,-0.9121,2,LEFT_MI
5036,19.671875,-4.5755,-3.4081,-3.2917,-1.6205,2,LEFT_MI
5037,19.67578125,-9.4207,-1.1361,-1.9938,-2.2089,2,LEFT_MI
5038,19.6796875,-6.8979,-2.9723,-7.0008,-5.4448,2,LEFT_MI
5039,19.68359375,-9.6819,-7.1835,-6.8079,-10.5959,2,LEFT_MI
5040,19.6875,-13.088,-4.4354,-6.3816,-4.9952,2,LEFT_MI
5041,19.69140625,-7.6313,-7.1942,-3.8741,-8.8716,2,LEFT_MI
5042,19.6953125,-1.1043,0.9039,-1.0055,-5.6023,2,LEFT_MI
5043,19.69921875,-0.3407,2.1365,1.1336,-5.327,2,LEFT_MI
5044,19.703125,4.8658,1.2093,6.4651,0.497,2,LEFT_MI
5045,19.70703125,3.1829,0.4616,7.5429,9.6571,2,LEFT_MI
5046,19.7109375,8.0779,8.4828,6.6418,0.2428,2,LEFT_MI
5047,19.71484375,10.7715,4.9825,10.4929,5.9616,2,LEFT_MI
5048,19.71875,9.0213,4.8811,10.6523,2.5047,2,LEFT_MI
5049,19.72265625,7.2252,1.6494,9.0603,0.9031,2,LEFT_MI
5050,19.7265625,8.828,2.6997,2.6487,0.1779,2,LEFT_MI
5051,19.73046875,6.4423,0.7571,1.6393,7.7346,2,LEFT_MI
5052,19.734375,-1.9282,-3.2883,-1.2041,-0.0887,2,LEFT_MI
5053,19.73828125,0.1088,-0.9508,-0.7797,6.3852,2,LEFT_MI
5054,19.7421875,-0.3565,-0.3046,-1.0957,4.7764,2,LEFT_MI
5055,19.74609375,-0.6374,1.9512,1.5321,9.8384,2,LEFT_MI
5056,19.75,2.5394,0.334,3.6917,2.2268,2,LEFT_MI
5057,19.75390625,0.8086,0.9108,-0.5845,6.0624,2,LEFT_MI
5058,19.7578125,1.9034,-0.6947,-7.9703,1.4631,2,LEFT_MI
5059,19.76171875,-3.6061,-2.2038,-0.3046,9.0091,2,LEFT_MI
5060,19.765625,-1.3559,7.0033,-5.1294,1.4361,2,LEFT_MI
5061,19.76953125,-7.4489,0.701,-6.572,-1.916,2,LEFT_MI
5062,19.7734375,-4.3269,0.1287,-10.0656,-5.9673,2,LEFT_MI
5063,19.77734375,-9.1552,-5.7027,-6.7237,-5.6831,2,LEFT_MI
5064,19.78125,-7.3942,-4.8956,-5.5189,-11.756,2,LEFT_MI
5065,19.78515625,-11.2103,-4.7223,-10.8118,-9.741,2,LEFT_MI
5066,19.7890625,-6.7328,-3.7437,-7.4439,-6.5001,2,LEFT_MI
5067,19.79296875,-9.8959,-5.2901,-0.9827,-12.2205,2,LEFT_MI
5068,19.796875,0.354,-6.6954,0.4905,-1.3165,2,LEFT_MI
5069,19.80078125,-1.7639,-1.5544,-0.1255,-4.2906,2,LEFT_MI
5070,19.8046875,2.2695,5.8735,0.848,-1.6971,2,LEFT_MI
5071,19.80859375,11.9358,0.8168,14.581,6.6308,2,LEFT_MI
5072,19.8125,10.1336,4.074,7.5903,6.09,2,LEFT_MI
5073,19.81640625,8.6022,2.2755,5.464,7.7204,2,LEFT_MI
5074,19.8203125,9.0514,7.3749,3.2005,7.0565,2,LEFT_MI
5075,19.82421875,8.3985,-3.365,3.8808,5.5815,2,LEFT_MI
5076,19.828125,2.9453,7.6239,9.2529,7.5958,2,LEFT_MI
5077,19.83203125,6.1964,1.7947,5.3293,7.2363,2,LEFT_MI
5078,19.8359375,0.6867,-2.3879,3.6471,1.9849,2,LEFT_MI
5079,19.83984375,1.9476,5.9914,-5.0302,0.9925,2,LEFT_MI
5080,19.84375,-1.5085,-6.0383,-2.7032,-2.0526,2,LEFT_MI
5081,19.84765625,2.0078,-0.4193,-2.32,9.2046,2,LEFT_MI
5082,19.8515625,-1.8551,-1.3828,-2.1973,-0.3855,2,LEFT_MI
5083,19.85546875,1.4388,2.7814,-1.1646,5.0334,2,LEFT_MI
5084,19.859375,5.8633,-1.3607,-0.1865,-4.2134,2,LEFT_MI
5085,19.86328125,1.8236,3.0325,-3.0015,-1.1312,2,LEFT_MI
5086,19.8671875,-6.9984,5.5258,-6.2025,-0.4314,2,LEFT_MI
5087,19.87109375,-2.5778,6.765,-4.9927,-7.8812,2,LEFT_MI
5088,19.875,-5.0978,1.0072,-4.6622,0.3298,2,LEFT_MI
5089,19.87890625,-12.0266,-7.151,-9.3484,-2.9172,2,LEFT_MI
5090,19.8828125,-3.538,-5.9123,-9.4313,-13.2307,2,LEFT_MI
5091,19.88671875,-9.8075,-7.4776,-7.487,-12.451,2,LEFT_MI
5092,19.890625,-3.9998,-3.1571,-5.4376,-8.8298,2,LEFT_MI
5093,19.89453125,-2.6568,2.2176,-2.9657,-5.6299,2,LEFT_MI
5094,19.8984375,-3.1668,-1.5354,0.107,-2.942,2,LEFT_MI
5095,19.90234375,2.6003,-1.7994,4.8884,1.2111,2,LEFT_MI
5096,19.90625,12.8297,3.3085,1.9171,1.9857,2,LEFT_MI
5097,19.91015625,6.7845,5.231,4.6997,4.0939,2,LEFT_MI
5098,19.9140625,2.2212,7.0917,7.8506,6.1482,2,LEFT_MI
5099,19.91796875,12.0432,4.8661,9.068,8.1058,2,LEFT_MI
5100,19.921875,8.593,5.4177,5.9755,4.4466,2,LEFT_MI
5101,19.92578125,1.8973,0.1312,5.2221,6.4352,2,LEFT_MI
5102,19.9296875,1.4013,-4.5797,-0.6292,5.3846,2,LEFT_MI
5103,19.93359375,2.0218,-3.7281,3.8263,6.1497,2,LEFT_MI
5104,19.9375,-3.9433,-9.858,0.1026,4.4369,2,LEFT_MI
5105,19.94140625,-0.5784,2.3284,-3.8437,4.3882,2,LEFT_MI
5106,19.9453125,6.4248,0.2289,-1.5295,-3.4691,2,LEFT_MI
5107,19.94921875,1.6732,-1.3564,-1.6152,0.5194,2,LEFT_MI
5108,19.953125,3.5114,-1.5527,-4.6092,-0.5271,2,LEFT_MI
5109,19.95703125,1.3001,1.7854,-3.2789,1.4384,2,LEFT_MI
5110,19.9609375,-4.765,2.4728,-1.0948,1.462,2,LEFT_MI
5111,19.96484375,-4.5945,4.5264,-3.1856,-2.6992,2,LEFT_MI
5112,19.96875,-1.4823,-2.8516,-4.2624,-1.4606,2,LEFT_MI
5113,19.97265625,-0.3618,-4.7955,-4.3868,-7.9661,2,LEFT_MI
5114,19.9765625,-6.3766,-3.6751,-6.7215,-4.2635,2,LEFT_MI
5115,19.98046875,-9.3708,-3.5466,-6.859,-5.4229,2,LEFT_MI
5116,19.984375,-11.5787,-5.7016,-11.163,-4.0659,2,LEFT_MI
5117,19.98828125,-5.7409,-5.2802,-8.9849,-6.9254,2,LEFT_MI
5118,19.9921875,-5.2578,-2.9467,-0.8664,-4.6657,2,LEFT_MI
5119,19.99609375,-2.8929,-1.2983,-3.377,-6.1047,2,LEFT_MI
5120,20.0,-3.652,-3.3906,-7.2397,-3.9249,2,LEFT_MI
5121,20.00390625,0.7034,-2.7758,6.8774,10.1696,2,LEFT_MI
5122,20.0078125,2.6215,-0.2517,8.4952,6.8191,2,LEFT_MI
5123,20.01171875,9.3708,6.304,9.5534,7.7399,2,LEFT_MI
5124,20.015625,10.8368,1.183,7.272,7.2169,2,LEFT_MI
5125,20.01953125,10.8219,3.3208,6.8256,10.4173,2,LEFT_MI
5126,20.0234375,6.4093,7.3683,11.4046,10.1864,2,LEFT_MI
5127,20.02734375,1.6265,-0.4149,7.0188,6.2797,2,LEFT_MI
5128,20.03125,4.8447,0.6986,1.4315,4.4872,2,LEFT_MI
5129,20.03515625,0.7327,-0.5756,-3.4797,2.5891,2,LEFT_MI
5130,20.0390625,-1.1707,2.371,2.4161,2.5929,2,LEFT_MI
5131,20.04296875,3.284,-1.688,-0.292,-2.4733,2,LEFT_MI
5132,20.046875,-0.4019,2.3579,1.9463,-0.8619,2,LEFT_MI
5133,20.05078125,-2.3126,2.9666,0.8042,-2.6528,2,LEFT_MI
5134,20.0546875,2.5328,-0.2745,0.8367,-1.9564,2,LEFT_MI
5135,20.05859375,3.7869,0.0185,-2.0126,-3.4925,2,LEFT_MI
5136,20.0625,-3.8109,-1.157,-3.1842,-5.0941,2,LEFT_MI
5137,20.06640625,-8.1346,0.9962,0.279,-5.3603,2,LEFT_MI
5138,20.0703125,-11.2471,-1.8879,-2.3732,-5.3709,2,LEFT_MI
5139,20.07421875,-5.3297,-4.4086,-1.4825,-4.0011,2,LEFT_MI
5140,20.078125,-1.9146,-3.8033,-11.226,-4.9172,2,LEFT_MI
5141,20.08203125,-9.0112,-1.6626,-8.353,-4.7635,2,LEFT_MI
5142,20.0859375,-6.7205,-9.7399,-9.5425,-5.6165,2,LEFT_MI
5143,20.08984375,-6.5508,-4.5579,-7.0246,-8.1497,2,LEFT_MI
5144,20.09375,-1.6325,-3.5302,-2.4623,-6.9835,2,LEFT_MI
5145,20.09765625,-0.2644,1.0151,-3.5311,4.4838,2,LEFT_MI
5146,20.1015625,1.5467,0.2384,3.2333,2.6241,2,LEFT_MI
5147,20.10546875,-3.7822,6.2656,-0.0121,9.1952,2,LEFT_MI
5148,20.109375,2.7006,4.8287,1.8455,12.4915,2,LEFT_MI
5149,20.11328125,10.4226,5.7159,5.0836,4.9278,2,LEFT_MI
5150,20.1171875,8.6625,4.2418,8.4599,9.9129,2,LEFT_MI
5151,20.12109375,8.1324,2.7357,13.7041,6.2135,2,LEFT_MI
5152,20.125,3.5919,2.9845,3.9696,10.6492,2,LEFT_MI
5153,20.12890625,4.8414,-1.4271,8.2212,1.6426,2,LEFT_MI
5154,20.1328125,1.9805,-2.5417,0.0976,1.1067,2,LEFT_MI
5155,20.13671875,-0.5325,-5.674,-0.2052,2.0822,2,LEFT_MI
5156,20.140625,1.2802,-5.0839,-0.5347,-8.9623,2,LEFT_MI
5157,20.14453125,1.8535,0.2797,-0.6631,-5.2465,2,LEFT_MI
5158,20.1484375,1.4025,-3.8259,1.0722,0.9343,2,LEFT_MI
5159,20.15234375,2.0847,4.3684,0.1962,-1.0525,2,LEFT_MI
5160,20.15625,3.1535,-2.1943,2.361,0.1061,2,LEFT_MI
5161,20.16015625,1.9734,0.3184,-3.7184,-6.0156,2,LEFT_MI
5162,20.1640625,-0.1776,0.7651,7.0298,2.7997,2,LEFT_MI
5163,20.16796875,-0.0846,-2.5795,-1.7188,-6.5408,2,LEFT_MI
5164,20.171875,-0.705,-0.9439,-3.8093,-4.2445,2,LEFT_MI
5165,20.17578125,-1.193,-2.9403,-6.8322,-4.5061,2,LEFT_MI
5166,20.1796875,-7.0368,-2.9663,-10.0452,-5.4873,2,LEFT_MI
5167,20.18359375,-9.2725,-3.8619,-4.6606,-4.1857,2,LEFT_MI
5168,20.1875,-7.8022,-7.878,-5.6312,-7.217,2,LEFT_MI
5169,20.19140625,-2.3462,-5.1119,-8.6533,3.4516,2,LEFT_MI
5170,20.1953125,-1.6112,-1.8347,-7.6293,-1.2742,2,LEFT_MI
5171,20.19921875,-1.3336,3.4157,-8.7592,3.6607,2,LEFT_MI
5172,20.203125,0.6898,5.601,7.3347,9.3593,2,LEFT_MI
5173,20.20703125,7.4375,3.8326,-0.3343,8.0039,2,LEFT_MI
5174,20.2109375,6.9529,0.6988,3.467,-0.7265,2,LEFT_MI
5175,20.21484375,8.1963,0.1983,10.2132,7.5644,2,LEFT_MI
5176,20.21875,9.8637,9.8788,6.9933,5.6659,2,LEFT_MI
5177,20.22265625,4.7472,-1.4383,8.0977,8.0537,2,LEFT_MI
5178,20.2265625,1.3875,3.1218,-0.8389,7.2599,2,LEFT_MI
5179,20.23046875,7.2674,-0.739,1.2485,-0.0699,2,LEFT_MI
5180,20.234375,1.6812,-2.2266,3.2887,-2.8864,2,LEFT_MI
5181,20.23828125,3.5003,0.8494,0.5403,-2.5925,2,LEFT_MI
5182,20.2421875,0.1226,2.8273,-1.6608,-4.91,2,LEFT_MI
5183,20.24609375,-1.4285,-1.7302,0.7394,-6.1675,2,LEFT_MI
5184,20.25,2.8945,1.0031,-1.4581,0.7632,2,LEFT_MI
5185,20.25390625,-1.5748,4.1215,2.5369,-6.6306,2,LEFT_MI
5186,20.2578125,-1.7939,5.2089,7.2222,-4.7784,2,LEFT_MI
5187,20.26171875,0.0678,0.1586,-1.3083,-0.2737,2,LEFT_MI
5188,20.265625,4.031,-0.051,3.274,-1.7704,2,LEFT_MI
5189,20.26953125,-5.2737,3.6648,-7.1665,-1.0663,2,LEFT_MI
5190,20.2734375,0.3505,1.9303,-3.0067,-4.9845,2,LEFT_MI
5191,20.27734375,-5.4717,-3.5084,-10.2471,-3.3652,2,LEFT_MI
5192,20.28125,-7.6321,-4.6488,-8.0061,-3.4529,2,LEFT_MI
5193,20.28515625,-7.2902,-2.5126,-4.9947,-1.2919,2,LEFT_MI
5194,20.2890625,-3.7556,-3.0207,-13.4919,1.0369,2,LEFT_MI
5195,20.29296875,-6.1863,0.9078,-5.4102,-4.8553,2,LEFT_MI
5196,20.296875,-1.2079,-1.6672,-4.666,4.3161,2,LEFT_MI
5197,20.30078125,2.8349,-3.1447,0.0863,7.4099,2,LEFT_MI
5198,20.3046875,3.4949,4.091,4.0178,6.6517,2,LEFT_MI
5199,20.30859375,5.4251,7.4204,-0.1874,7.5507,2,LEFT_MI
5200,20.3125,5.1689,0.187,2.558,13.4794,2,LEFT_MI
5201,20.31640625,10.2901,6.3621,3.1962,11.1869,2,LEFT_MI
5202,20.3203125,7.2045,4.9735,3.9394,13.0332,2,LEFT_MI
5203,20.32421875,5.9855,1.8389,4.1262,3.8447,2,LEFT_MI
5204,20.328125,1.6492,-1.1083,4.8534,-2.1804,2,LEFT_MI
5205,20.33203125,10.4021,-6.4618,1.5721,-0.634,2,LEFT_MI
5206,20.3359375,1.5989,-7.5003,1.0301,-5.4164,2,LEFT_MI
5207,20.33984375,6.8439,-2.8851,3.1619,-4.2208,2,LEFT_MI
5208,20.34375,3.8409,0.0795,4.7201,-3.1759,2,LEFT_MI
5209,20.34765625,-2.1261,-9.5344,4.8932,-4.0491,2,LEFT_MI
5210,20.3515625,1.7075,-1.9742,-2.2014,-6.8331,2,LEFT_MI
5211,20.35546875,-2.6854,1.1115,4.82,-4.2721,2,LEFT_MI
5212,20.359375,-2.9071,1.7869,0.2793,-10.7038,2,LEFT_MI
5213,20.36328125,1.1487,4.6884,-3.3317,-3.2794,2,LEFT_MI
5214,20.3671875,-3.1302,-0.6385,0.1034,-7.3345,2,LEFT_MI
5215,20.37109375,-4.6572,2.0273,-6.5651,0.2711,2,LEFT_MI
5216,20.375,-3.1528,-7.9038,1.3347,-7.3999,2,LEFT_MI
5217,20.37890625,-8.0568,-0.0819,-11.4391,-5.6065,2,LEFT_MI
5218,20.3828125,-10.8178,-6.4095,-11.9384,-0.7897,2,LEFT_MI
5219,20.38671875,-11.0374,-1.5669,-9.5261,-3.433,2,LEFT_MI
5220,20.390625,-5.5543,-5.7061,-9.1168,-4.0446,2,LEFT_MI
5221,20.39453125,-3.2479,-6.085,-5.4208,-3.4629,2,LEFT_MI
5222,20.3984375,0.4121,-1.0712,-2.8016,11.5693,2,LEFT_MI
5223,20.40234375,3.3052,-1.7928,-0.0879,8.6024,2,LEFT_MI
5224,20.40625,7.7782,1.6844,-3.0289,10.8028,2,LEFT_MI
5225,20.41015625,-3.2047,4.6139,1.1449,10.6786,2,LEFT_MI
5226,20.4140625,9.9246,6.4923,4.2442,8.3435,2,LEFT_MI
5227,20.41796875,8.1657,0.2861,4.0781,7.3063,2,LEFT_MI
5228,20.421875,8.493,0.4465,5.5716,4.2668,2,LEFT_MI
5229,20.42578125,7.5094,5.5003,11.2665,1.5654,2,LEFT_MI
5230,20.4296875,3.6567,0.7154,4.9299,1.8332,2,LEFT_MI
5231,20.43359375,4.2689,-1.5766,0.5908,-3.0867,2,LEFT_MI
5232,20.4375,0.9473,-5.5315,3.2783,-8.6508,2,LEFT_MI
5233,20.44140625,2.1759,0.2041,-1.3316,-3.1059,2,LEFT_MI
5234,20.4453125,-5.6862,-3.7755,3.3928,-6.2743,2,LEFT_MI
5235,20.44921875,-2.3541,-0.6497,-2.7275,-7.7967,2,LEFT_MI
5236,20.453125,-1.9771,0.3365,1.9355,-3.451,2,LEFT_MI
5237,20.45703125,-3.7068,-1.3857,0.3002,-8.4199,2,LEFT_MI
5238,20.4609375,1.8271,1.6191,1.9769,-9.9055,2,LEFT_MI
5239,20.46484375,-6.1751,-5.6524,4.755,5.6583,2,LEFT_MI
5240,20.46875,-0.7203,6.096,-1.8899,-0.5417,2,LEFT_MI
5241,20.47265625,-5.9057,1.8835,-2.4374,2.4358,2,LEFT_MI
5242,20.4765625,-0.2041,-1.2386,-10.8424,-3.2746,2,LEFT_MI
5243,20.48046875,2.587,-9.19,-7.3994,-0.0755,2,LEFT_MI
5244,20.484375,-9.6666,-0.0674,-4.0476,2.8411,2,LEFT_MI
5245,20.48828125,-9.8972,-7.8376,-9.6203,0.0317,2,LEFT_MI
5246,20.4921875,1.2701,-1.9993,-4.5468,4.1466,2,LEFT_MI
5247,20.49609375,-4.7447,-2.517,-4.832,-0.0771,2,LEFT_MI
5248,20.5,-0.7866,2.5769,-0.9267,5.7538,2,LEFT_MI
5249,20.50390625,4.2887,1.6719,-2.0837,8.9928,2,LEFT_MI
5250,20.5078125,6.347,6.9953,3.5832,2.0908,2,LEFT_MI
5251,20.51171875,12.8639,4.6397,1.9337,3.4954,2,LEFT_MI
5252,20.515625,8.5445,5.1345,3.5311,-1.3462,2,LEFT_MI
5253,20.51953125,11.4293,7.9016,0.7131,4.6164,2,LEFT_MI
5254,20.5234375,5.3377,1.7134,6.1278,-3.3667,2,LEFT_MI
5255,20.52734375,-0.8364,-0.2585,5.8674,-2.9864,2,LEFT_MI
5256,20.53125,2.7082,-1.6421,6.9053,-3.4106,2,LEFT_MI
5257,20.53515625,3.9611,-4.3425,4.0123,-2.529,2,LEFT_MI
5258,20.5390625,-2.7703,-0.6487,-0.7575,-5.5645,2,LEFT_MI
5259,20.54296875,-2.2633,-5.5952,1.7899,-7.358,2,LEFT_MI
5260,20.546875,-3.4576,-0.4388,1.8503,-15.6685,2,LEFT_MI
5261,20.55078125,-5.569,-0.5152,4.4833,-7.0761,2,LEFT_MI
5262,20.5546875,2.7211,1.3789,2.6109,-5.0319,2,LEFT_MI
5263,20.55859375,-1.6812,-0.7658,4.5348,-2.435,2,LEFT_MI
5264,20.5625,-3.3091,2.8758,3.68,0.5544,2,LEFT_MI
5265,20.56640625,0.0185,-0.0327,1.9643,-1.3027,2,LEFT_MI
5266,20.5703125,1.0177,-3.7243,-0.1044,-2.9356,2,LEFT_MI
5267,20.57421875,-2.1006,1.6203,-6.5116,-2.5588,2,LEFT_MI
5268,20.578125,-10.3307,-1.9944,-7.081,-0.0852,2,LEFT_MI
5269,20.58203125,-4.1271,-5.2332,-12.4565,4.9228,2,LEFT_MI
5270,20.5859375,-9.8517,4.27,-11.0367,1.573,2,LEFT_MI
5271,20.58984375,-7.5433,-4.8739,-0.1114,2.5315,2,LEFT_MI
5272,20.59375,-4.3068,1.4654,-10.4588,6.0657,2,LEFT_MI
5273,20.59765625,-0.0,-1.6067,-7.0651,-2.3831,2,LEFT_MI
5274,20.6015625,10.179,0.7787,-4.7051,6.3114,2,LEFT_MI
5275,20.60546875,11.3522,2.591,1.8214,10.9976,2,LEFT_MI
5276,20.609375,6.8997,8.0944,5.7723,1.4996,2,LEFT_MI
5277,20.61328125,11.3034,3.436,1.7836,5.3808,2,LEFT_MI
5278,20.6171875,8.6477,6.7685,2.9262,-2.4239,2,LEFT_MI
5279,20.62109375,6.7782,1.1279,8.4417,-0.0511,2,LEFT_MI
5280,20.625,7.8569,-1.0397,3.0255,-5.6503,2,LEFT_MI
5281,20.62890625,1.4936,-5.4609,2.5461,1.4792,2,LEFT_MI
5282,20.6328125,5.3413,-8.5975,2.4674,-4.0801,2,LEFT_MI
5283,20.63671875,-0.5275,-0.8296,7.9125,-6.5175,2,LEFT_MI
5284,20.640625,4.1179,-8.4242,4.9323,-3.1466,2,LEFT_MI
5285,20.64453125,-2.1446,3.2692,5.7045,-9.5308,2,LEFT_MI
5286,20.6484375,-0.7643,-2.5173,0.7168,-8.3321,2,LEFT_MI
5287,20.65234375,2.3151,0.2568,3.8178,-1.06,2,LEFT_MI
5288,20.65625,2.0923,-0.8055,8.6685,-2.8074,2,LEFT_MI
5289,20.66015625,-0.3385,2.0628,1.3875,-3.6165,2,LEFT_MI
5290,20.6640625,1.9531,2.9669,-0.7079,2.1523,2,LEFT_MI
5291,20.66796875,-4.1577,0.54,1.7538,6.0854,2,LEFT_MI
5292,20.671875,-3.737,-4.0156,-2.9464,-1.4055,2,LEFT_MI
5293,20.67578125,-7.5865,-3.1108,-7.6595,-1.0019,2,LEFT_MI
5294,20.6796875,-11.1811,-0.0669,-8.2988,1.8911,2,LEFT_MI
5295,20.68359375,-6.923,-1.5742,-8.8026,-0.7878,2,LEFT_MI
5296,20.6875,-11.0952,-2.4847,-8.1379,8.0839,2,LEFT_MI
5297,20.69140625,-2.6922,-2.4585,-16.0489,3.6982,2,LEFT_MI
5298,20.6953125,-2.3428,-5.3019,-11.1822,3.0478,2,LEFT_MI
5299,20.69921875,4.1884,0.0064,-8.3745,-0.9292,2,LEFT_MI
5300,20.703125,3.9567,7.1248,-3.1935,7.7805,2,LEFT_MI
5301,20.70703125,5.6012,6.5755,-0.7665,10.5904,2,LEFT_MI
5302,20.7109375,5.3146,6.4129,0.8208,2.4204,2,LEFT_MI
5303,20.71484375,7.6453,6.1651,1.1872,1.1888,2,LEFT_MI
5304,20.71875,4.7745,4.5059,7.4464,0.0205,2,LEFT_MI
5305,20.72265625,8.6837,-0.2542,3.9833,-1.6443,2,LEFT_MI
5306,20.7265625,-0.6638,4.531,2.0452,-1.4126,2,LEFT_MI
5307,20.73046875,3.6598,4.5976,3.9602,-5.4584,2,LEFT_MI
5308,20.734375,2.9656,0.2181,2.1294,-12.9077,2,LEFT_MI
5309,20.73828125,-2.5871,-4.1952,4.3299,-7.7194,2,LEFT_MI
5310,20.7421875,-5.3494,-1.0696,6.4585,-6.4518,2,LEFT_MI
5311,20.74609375,6.2079,-3.5741,-0.0381,-5.8614,2,LEFT_MI
5312,20.75,1.0482,-3.4037,7.5897,-2.7924,2,LEFT_MI
5313,20.75390625,-0.8631,0.6797,0.4065,-0.171,2,LEFT_MI
5314,20.7578125,0.735,1.3435,5.9085,0.8088,2,LEFT_MI
5315,20.76171875,-3.0648,-1.8714,3.5497,2.9781,2,LEFT_MI
5316,20.765625,-2.1269,5.9119,1.6042,-2.9516,2,LEFT_MI
5317,20.76953125,-2.6123,4.0078,-3.1254,3.1411,2,LEFT_MI
5318,20.7734375,-8.702,1.7824,-4.2145,11.1837,2,LEFT_MI
5319,20.77734375,-5.8223,-1.774,-5.4667,8.1676,2,LEFT_MI
5320,20.78125,-6.891,-1.6188,-6.5117,1.87,2,LEFT_MI
5321,20.78515625,-7.3806,-3.0304,-8.2464,-0.3255,2,LEFT_MI
5322,20.7890625,-8.373,-7.1138,-9.2339,4.9433,2,LEFT_MI
5323,20.79296875,0.0198,-2.3449,-8.9108,5.5327,2,LEFT_MI
5324,20.796875,0.6461,-0.6742,-8.5524,4.1809,2,LEFT_MI
5325,20.80078125,4.4714,1.992,-4.3685,3.2873,2,LEFT_MI
5326,20.8046875,6.7459,4.9578,-3.8976,2.8707,2,LEFT_MI
5327,20.80859375,-0.3167,4.2664,-2.0075,5.0963,2,LEFT_MI
5328,20.8125,7.5453,3.5823,2.8554,-2.9605,2,LEFT_MI
5329,20.81640625,5.6637,11.1393,5.4195,-0.7232,2,LEFT_MI
5330,20.8203125,6.2042,3.3729,-2.442,-1.8518,2,LEFT_MI
5331,20.82421875,3.7663,3.2922,7.7171,-2.3628,2,LEFT_MI
5332,20.828125,-0.5572,-5.1822,5.9657,-7.0517,2,LEFT_MI
5333,20.83203125,7.4489,1.9723,1.0867,-13.078,2,LEFT_MI
5334,20.8359375,-0.2653,-5.3239,2.7356,-11.1956,2,LEFT_MI
5335,20.83984375,-3.3056,-3.2765,1.2228,-7.4898,2,LEFT_MI
5336,20.84375,0.6927,-4.1352,0.8105,-12.1951,2,LEFT_MI
5337,20.84765625,0.8752,-3.2249,2.4055,-9.3802,2,LEFT_MI
5338,20.8515625,5.8639,3.3115,9.2737,-2.6963,2,LEFT_MI
5339,20.85546875,-1.2944,7.947,3.8312,1.6823,2,LEFT_MI
5340,20.859375,4.6167,4.0751,10.3292,6.2287,2,LEFT_MI
5341,20.86328125,2.5537,-3.6829,5.3115,-0.6936,2,LEFT_MI
5342,20.8671875,-2.0017,-0.8732,0.2512,4.5144,2,LEFT_MI
5343,20.87109375,-5.4608,0.0637,3.1381,4.4847,2,LEFT_MI
5344,20.875,-5.7137,-1.7629,-2.1873,-0.2534,2,LEFT_MI
5345,20.87890625,-8.2516,-3.5104,-6.5172,2.1113,2,LEFT_MI
5346,20.8828125,-8.8616,-2.9097,-11.4896,-1.5096,2,LEFT_MI
5347,20.88671875,-7.9124,-6.5068,-10.9255,7.2908,2,LEFT_MI
5348,20.890625,-7.8135,-2.048,-0.6094,2.617,2,LEFT_MI
5349,20.89453125,-5.8649,-1.0741,-10.6913,3.1569,2,LEFT_MI
5350,20.8984375,0.6536,-5.8479,-7.8538,-4.7895,2,LEFT_MI
5351,20.90234375,2.5388,-0.4068,-3.0355,-3.7501,2,LEFT_MI
5352,20.90625,3.712,-1.3952,-2.9243,5.3177,2,LEFT_MI
5353,20.91015625,5.2482,3.157,2.7943,-2.4009,2,LEFT_MI
5354,20.9140625,9.7191,4.4393,-2.1306,-2.4505,2,LEFT_MI
5355,20.91796875,10.9152,9.6768,2.025,-5.2423,2,LEFT_MI
5356,20.921875,4.4495,1.7827,4.7399,-1.8335,2,LEFT_MI
5357,20.92578125,10.5466,-0.6035,3.9655,-5.5842,2,LEFT_MI
5358,20.9296875,3.5778,-5.392,-2.9156,-12.3761,2,LEFT_MI
5359,20.93359375,0.1099,-0.2616,5.659,-5.2983,2,LEFT_MI
5360,20.9375,-3.2538,-4.2357,2.7086,-10.2994,2,LEFT_MI
5361,20.94140625,1.0769,-4.0752,4.2713,-5.6832,2,LEFT_MI
5362,20.9453125,-3.2765,-2.7943,6.9384,-3.761,2,LEFT_MI
5363,20.94921875,-0.1428,-1.0223,6.2859,-0.3729,2,LEFT_MI
5364,20.953125,2.6917,-2.9823,10.2028,2.5748,2,LEFT_MI
5365,20.95703125,-3.4241,0.3333,3.4816,4.1208,2,LEFT_MI
5366,20.9609375,0.9017,0.6832,3.9741,4.7032,2,LEFT_MI
5367,20.96484375,-1.8771,0.3675,1.0236,7.3314,2,LEFT_MI
5368,20.96875,-10.8041,1.8547,2.3948,5.2006,2,LEFT_MI
5369,20.97265625,-6.5172,-2.3217,-1.2978,8.1653,2,LEFT_MI
5370,20.9765625,-3.6164,-3.3888,-8.9735,4.4877,2,LEFT_MI
5371,20.98046875,-5.5248,-3.1624,-6.356,7.8417,2,LEFT_MI
5372,20.984375,-11.4721,3.2614,-10.9637,5.1635,0,REST
5373,20.98828125,-10.3536,3.8926,-12.4217,8.2928,0,REST
5374,20.9921875,-3.7567,4.1683,-11.8119,12.0829,0,REST
5375,20.99609375,-2.8296,7.0462,-10.6286,4.6104,0,REST
5376,21.0,-0.2976,9.1424,-15.9576,3.7178,0,REST
5377,21.00390625,3.6017,6.9299,-15.9809,-0.3205,0,REST
5378,21.0078125,10.103,6.9791,-4.9328,-1.8353,0,REST
5379,21.01171875,9.081,3.6724,-4.0647,-2.0825,0,REST
5380,21.015625,14.3478,0.3629,-0.0242,-6.6541,0,REST
5381,21.01953125,14.0957,-3.2638,0.5225,-8.946,0,REST
5382,21.0234375,13.3374,-2.2714,4.2162,-8.5189,0,REST
5383,21.02734375,10.6687,-4.6529,8.4698,-7.4398,0,REST
5384,21.03125,10.5837,-6.2359,8.5217,-8.1882,0,REST
5385,21.03515625,6.5694,-3.9196,8.1678,-7.5003,0,REST
5386,21.0390625,3.6409,-3.631,12.121,-8.4962,0,REST
5387,21.04296875,2.7861,-3.0414,16.6753,-11.1167,0,REST
5388,21.046875,4.0453,-7.039,13.7824,-8.7612,0,REST
5389,21.05078125,-4.6807,-8.4131,9.9568,-2.4706,0,REST
5390,21.0546875,-2.5078,-5.0678,11.4668,-3.004,0,REST
5391,21.05859375,-10.9815,-7.225,3.2686,1.5639,0,REST
5392,21.0625,-9.5625,-1.2504,1.4301,4.5674,0,REST
5393,21.06640625,-14.0303,1.5219,-2.1716,8.2984,0,REST
5394,21.0703125,-12.5549,-1.8957,-0.5786,7.294,0,REST
5395,21.07421875,-7.9038,1.6159,-5.2371,9.0847,0,REST
5396,21.078125,-13.7989,-0.1316,-7.2015,7.8819,0,REST
5397,21.08203125,-7.5252,1.6632,-7.161,7.455,0,REST
5398,21.0859375,-3.7241,1.3907,-5.5978,10.8637,0,REST
5399,21.08984375,0.2489,4.2935,-13.7513,4.4661,0,REST
5400,21.09375,-0.4725,5.5727,-7.7329,4.5645,0,REST
5401,21.09765625,1.0549,7.7122,-13.3228,0.9177,0,REST
5402,21.1015625,5.4943,5.5607,-8.7707,0.1651,0,REST
5403,21.10546875,8.0822,6.9872,-3.1385,-6.8609,0,REST
5404,21.109375,8.8206,0.9679,-4.6852,-6.3615,0,REST
5405,21.11328125,5.2426,0.906,-0.626,-10.3441,0,REST
5406,21.1171875,8.4638,3.2318,3.1722,-13.7431,0,REST
5407,21.12109375,6.8386,2.1557,2.7037,-12.202,0,REST
5408,21.125,10.7661,2.7388,6.1516,-13.9077,0,REST
5409,21.12890625,5.9901,1.1554,8.741,-13.4489,0,REST
5410,21.1328125,1.2341,-3.3981,5.7292,-7.183,0,REST
5411,21.13671875,1.5596,-3.8006,7.5284,-8.4004,0,REST
5412,21.140625,-0.8684,-2.6385,8.3672,-1.889,0,REST
5413,21.14453125,0.2419,0.7421,6.859,1.9227,0,REST
5414,21.1484375,-3.9866,0.9495,10.1226,6.0209,0,REST
5415,21.15234375,-4.8779,-3.5243,5.3461,7.3352,0,REST
5416,21.15625,-4.2545,-1.915,5.6934,9.8225,0,REST
5417,21.16015625,-6.7843,-3.0758,2.1058,14.5429,0,REST
5418,21.1640625,-7.5372,-1.5246,-2.1781,11.6578,0,REST
5419,21.16796875,-5.3898,-2.3612,-4.0595,11.2631,0,REST
5420,21.171875,-4.0063,2.4472,-2.8477,16.8669,0,REST
5421,21.17578125,-3.0222,-4.3085,-6.7807,10.0363,0,REST
5422,21.1796875,-3.0793,3.6614,-6.9346,7.9435,0,REST
5423,21.18359375,-1.627,1.3276,-6.8949,4.3705,0,REST
5424,21.1875,1.5521,-2.9715,-2.7971,1.0851,0,REST
5425,21.19140625,2.3113,1.7094,-7.9006,-0.3112,0,REST
5426,21.1953125,1.4504,1.4094,-5.7807,-2.3721,0,REST
5427,21.19921875,4.74,3.4563,-3.134,-9.5979,0,REST
5428,21.203125,3.5229,6.2132,-1.7646,-8.6592,0,REST
5429,21.20703125,5.8319,6.5621,-0.9218,-13.6395,0,REST
5430,21.2109375,7.6928,3.9934,1.8026,-13.5498,0,REST
5431,21.21484375,1.8421,0.0132,-0.2503,-15.4662,0,REST
5432,21.21875,-0.7239,3.4266,1.1966,-10.3457,0,REST
5433,21.22265625,2.7253,1.7876,2.5707,-10.5293,0,REST
5434,21.2265625,1.473,1.7932,5.6477,-5.6459,0,REST
5435,21.23046875,2.7718,0.5769,1.0911,-1.486,0,REST
5436,21.234375,4.5686,4.0175,4.2075,3.7048,0,REST
5437,21.23828125,2.3579,2.8384,3.484,3.3611,0,REST
5438,21.2421875,1.8993,-2.875,3.317,8.3242,0,REST
5439,21.24609375,2.0603,-5.3826,3.0979,10.8437,0,REST
5440,21.25,-0.5043,-4.8018,3.8124,8.3377,0,REST
5441,21.25390625,-0.3422,-7.3713,4.5578,14.166,0,REST
5442,21.2578125,-1.6804,-10.098,0.6998,11.4582,0,REST
5443,21.26171875,1.4169,-8.8698,1.3689,10.8804,0,REST
5444,21.265625,3.3798,-9.3045,3.8964,12.0099,0,REST
5445,21.26953125,-2.4731,-3.205,-0.7163,7.5996,0,REST
5446,21.2734375,-6.2688,-3.653,2.7813,6.1386,0,REST
5447,21.27734375,-6.3687,-4.5928,2.777,2.3579,0,REST
5448,21.28125,-3.195,2.9288,-2.7028,-1.0148,0,REST
5449,21.28515625,-7.4232,1.6058,0.0987,-6.5143,0,REST
5450,21.2890625,0.2087,2.6212,-4.0367,-6.3941,0,REST
5451,21.29296875,-2.9306,3.5626,-0.7136,-6.6012,0,REST
5452,21.296875,-3.4606,5.1365,-4.6537,-8.2889,0,REST
5453,21.30078125,-2.7429,7.3876,-3.5666,-7.2079,0,REST
5454,21.3046875,2.0722,7.2873,-8.1079,-11.558,0,REST
5455,21.30859375,0.2143,6.3662,-4.0844,-10.8418,0,REST
5456,21.3125,1.5107,5.9959,-7.9262,-4.8681,0,REST
5457,21.31640625,-1.1729,8.8187,-8.4842,-4.9765,0,REST
5458,21.3203125,0.677,3.2771,-3.5595,-3.0515,0,REST
5459,21.32421875,4.6465,5.3361,-1.9607,-1.9442,0,REST
5460,21.328125,3.4134,2.2945,-5.1826,3.0742,0,REST
5461,21.33203125,1.0229,0.2459,0.5005,3.7126,0,REST
5462,21.3359375,8.112,-1.0594,-2.4999,6.164,0,REST
5463,21.33984375,7.976,-5.3095,3.6697,8.9559,0,REST
5464,21.34375,6.643,-8.0664,3.5939,9.0741,0,REST
5465,21.34765625,3.5822,-6.6522,8.3748,7.3419,0,REST
5466,21.3515625,3.0044,-9.1215,7.8912,9.7913,0,REST
5467,21.35546875,1.1886,-10.3882,4.9879,7.9074,0,REST
5468,21.359375,-0.1163,-10.8483,5.1649,4.0278,0,REST
5469,21.36328125,-4.6235,-8.0084,6.521,5.0577,0,REST
5470,21.3671875,-4.3184,-6.7956,6.801,-0.7706,0,REST
5471,21.37109375,-3.8503,-3.65,6.9957,-2.5748,0,REST
5472,21.375,-8.3837,-0.2164,5.6061,-4.763,0,REST
5473,21.37890625,-9.5185,0.3089,5.0145,-0.6819,0,REST
5474,21.3828125,-10.9602,0.153,1.2294,-3.9194,0,REST
5475,21.38671875,-8.2542,6.47,2.955,-6.3208,0,REST
5476,21.390625,-9.8964,8.5047,-2.7647,-8.4722,0,REST
5477,21.39453125,-7.162,6.2593,-5.0714,-3.6327,0,REST
5478,21.3984375,-6.334,10.4537,-8.2044,-2.9223,0,REST
5479,21.40234375,-2.9575,12.7635,-7.6274,-7.1983,0,REST
5480,21.40625,0.6071,11.9612,-10.565,-5.2028,0,REST
5481,21.41015625,3.6321,8.9544,-10.0238,-1.3722,0,REST
5482,21.4140625,3.9201,5.7791,-12.1387,-0.5103,0,REST
5483,21.41796875,9.7497,8.0965,-15.274,-3.4812,0,REST
5484,21.421875,10.8107,7.0004,-5.9217,0.9926,0,REST
5485,21.42578125,13.5835,2.3692,-8.1954,-1.6689,0,REST
5486,21.4296875,10.5081,1.9662,0.4736,3.4601,0,REST
5487,21.43359375,16.1476,-6.977,1.6725,3.6005,0,REST
5488,21.4375,9.9989,-7.4778,2.4564,1.9405,0,REST
5489,21.44140625,8.8501,-11.5803,6.5783,4.5944,0,REST
5490,21.4453125,7.5442,-8.8749,8.8114,3.8552,0,REST
5491,21.44921875,4.0427,-9.0143,10.4814,2.1498,0,REST
5492,21.453125,0.4107,-15.1627,10.3297,2.5877,0,REST
5493,21.45703125,-4.71,-10.5126,11.7081,3.1306,0,REST
5494,21.4609375,-4.5394,-8.9776,13.9247,3.7675,0,REST
5495,21.46484375,-6.3209,-8.8994,12.0976,0.5501,0,REST
5496,21.46875,-10.3954,-8.0785,9.2951,2.4818,0,REST
5497,21.47265625,-14.146,-4.4929,7.191,0.6265,0,REST
5498,21.4765625,-16.2133,3.0531,4.2977,-0.2612,0,REST
5499,21.48046875,-14.6265,3.182,2.8099,1.3065,0,REST
5500,21.484375,-11.077,6.9266,-1.5841,-2.4418,0,REST
5501,21.48828125,-10.563,8.8172,-1.8824,-2.8868,0,REST
5502,21.4921875,-1.6384,12.4489,-10.1212,-2.2779,0,REST
5503,21.49609375,-1.1291,11.8334,-15.4365,-1.0501,0,REST
5504,21.5,0.0912,11.1147,-10.812,-0.3707,0,REST
5505,21.50390625,5.3918,11.2015,-15.3687,-3.3675,0,REST
5506,21.5078125,9.294,5.8976,-13.0993,-8.2122,0,REST
5507,21.51171875,9.4803,6.8091,-9.5809,-3.7195,0,REST
5508,21.515625,10.69,7.766,-7.6519,-4.6649,0,REST
5509,21.51953125,13.7281,0.6015,-7.0203,1.2959,0,REST
5510,21.5234375,14.7495,-4.9551,-6.9596,-0.5425,0,REST
5511,21.52734375,11.1245,-6.1584,-1.3622,-0.237,0,REST
5512,21.53125,9.8807,-9.7537,3.2944,-1.4287,0,REST
5513,21.53515625,6.72,-8.321,6.1893,2.0903,0,REST
5514,21.5390625,2.8302,-12.9039,8.328,6.2847,0,REST
5515,21.54296875,1.4908,-12.6745,10.2822,3.3014,0,REST
5516,21.546875,-0.8439,-14.5691,10.4542,3.1874,0,REST
5517,21.55078125,-1.5026,-6.8002,11.4245,4.5552,0,REST
5518,21.5546875,-6.3961,-9.4629,13.1247,8.7582,0,REST
5519,21.55859375,-5.837,-8.816,13.0111,10.1123,0,REST
5520,21.5625,-11.3794,-4.3773,10.2345,6.8269,0,REST
5521,21.56640625,-9.0178,-2.4557,5.2498,4.3717,0,REST
5522,21.5703125,-13.0165,1.5981,5.7957,6.7189,0,REST
5523,21.57421875,-11.1057,3.8557,3.4848,1.6525,0,REST
5524,21.578125,-11.1334,10.7,-1.785,4.3426,0,REST
5525,21.58203125,-7.983,10.3684,-5.4687,-0.66,0,REST
5526,21.5859375,-8.2816,12.5352,-8.0209,-2.2945,0,REST
5527,21.58984375,-4.068,12.5647,-7.9567,-4.5037,0,REST
5528,21.59375,-0.5069,9.1245,-8.3939,-6.398,0,REST
5529,21.59765625,4.7258,12.2637,-13.1738,-7.9319,0,REST
5530,21.6015625,3.8172,6.9504,-11.8342,-7.0211,0,REST
5531,21.60546875,7.4559,8.2274,-10.2282,-9.4141,0,REST
5532,21.609375,8.5578,3.7817,-6.6635,-10.0658,0,REST
5533,21.61328125,9.3692,-1.2489,-5.5535,-11.9894,0,REST
5534,21.6171875,9.3211,-3.046,-3.5658,-6.7233,0,REST
5535,21.62109375,8.1609,-7.6163,-3.0198,-4.4276,0,REST
5536,21.625,8.1331,-8.5566,2.88,-0.6754,0,REST
5537,21.62890625,7.4077,-12.8183,0.4185,0.4631,0,REST
5538,21.6328125,4.5596,-10.8587,10.5175,4.1363,0,REST
5539,21.63671875,5.9499,-12.2264,9.4886,4.226,0,REST
5540,21.640625,-0.0512,-11.936,10.9163,8.1496,0,REST
5541,21.64453125,-1.7496,-11.5539,8.5119,10.7557,0,REST
5542,21.6484375,-6.8454,-10.2989,8.4749,10.158,0,REST
5543,21.65234375,-7.7084,-6.0884,9.7272,10.7221,0,REST
5544,21.65625,-7.1357,-3.3277,7.7381,6.9091,0,REST
5545,21.66015625,-6.9287,-1.952,4.4875,6.5177,0,REST
5546,21.6640625,-8.4021,3.8648,5.0349,5.5381,0,REST
5547,21.66796875,-4.5299,4.0569,-0.3901,-0.1074,0,REST
5548,21.671875,-5.8414,9.1304,-0.1687,2.0344,0,REST
5549,21.67578125,-10.5691,5.1436,-1.8333,-2.7484,0,REST
5550,21.6796875,-4.7705,13.0123,-3.1531,-5.6581,0,REST
5551,21.68359375,-2.0955,9.8029,-0.9871,-11.8623,0,REST
5552,21.6875,3.744,8.9592,-7.0314,-9.389,0,REST
5553,21.69140625,0.0864,8.4178,-4.2139,-9.5524,0,REST
5554,21.6953125,3.5989,9.3929,-5.3447,-12.6892,0,REST
5555,21.69921875,2.3178,6.1721,-2.6161,-15.7545,0,REST
5556,21.703125,3.721,3.6569,-4.2019,-10.7302,0,REST
5557,21.70703125,4.1441,-2.4098,-3.4691,-8.2134,0,REST
5558,21.7109375,1.0074,-2.701,-1.8847,-7.3233,0,REST
5559,21.71484375,3.0233,-5.7233,-2.6127,-3.3636,0,REST
5560,21.71875,2.7699,-3.7354,-0.2585,-0.5317,0,REST
5561,21.72265625,5.3831,-8.3838,-3.3406,2.4399,0,REST
5562,21.7265625,0.3308,-7.678,-4.9728,4.7075,0,REST
5563,21.73046875,2.4924,-9.0363,-2.983,8.9576,0,REST
5564,21.734375,-0.9009,-7.7987,-0.6668,10.163,0,REST
5565,21.73828125,1.6451,-6.9101,4.0605,13.4299,0,REST
5566,21.7421875,-0.1277,-6.0352,1.7147,12.2151,0,REST
5567,21.74609375,-2.8641,-5.5833,4.5643,11.6219,0,REST
5568,21.75,-1.4218,-3.1488,-1.1833,2.8357,0,REST
5569,21.75390625,-0.8244,-0.6538,1.7983,6.8303,0,REST
5570,21.7578125,-1.4645,3.1213,5.1809,7.4496,0,REST
5571,21.76171875,-2.3702,1.7174,1.702,-1.5074,0,REST
5572,21.765625,-8.2555,3.6162,5.5194,-4.4104,0,REST
5573,21.76953125,-4.3895,6.4438,0.4612,-1.599,0,REST
5574,21.7734375,-5.374,4.9101,2.4138,-10.1528,0,REST
5575,21.77734375,-5.4636,7.8008,0.2723,-12.6968,0,REST
5576,21.78125,-7.1003,8.2285,5.0533,-11.5417,0,REST
5577,21.78515625,-5.7132,8.7101,1.0259,-19.1876,0,REST
5578,21.7890625,-6.3203,6.5636,3.9573,-10.9746,0,REST
5579,21.79296875,-2.1115,4.0663,0.2771,-10.2648,0,REST
5580,21.796875,-2.1838,4.3522,0.7384,-5.7846,0,REST
5581,21.80078125,-1.9488,1.9293,-5.0898,-3.304,0,REST
5582,21.8046875,-5.7437,0.0322,-2.6771,-1.2119,0,REST
5583,21.80859375,1.2178,-5.7802,-3.8638,1.5048,0,REST
5584,21.8125,-0.0917,-1.1667,-4.3711,6.3845,0,REST
5585,21.81640625,3.235,-0.7411,-1.9616,8.8485,0,REST
5586,21.8203125,3.9056,-1.6509,-6.5204,7.9719,0,REST
5587,21.82421875,4.0111,-2.6274,-5.2505,12.6499,0,REST
5588,21.828125,8.0773,-2.5538,-4.476,10.9032,0,REST
5589,21.83203125,7.6356,-3.3083,-8.3953,7.8433,0,REST
5590,21.8359375,6.8447,-4.3013,-1.0498,10.9195,0,REST
5591,21.83984375,8.7823,-0.792,-5.1449,11.0173,0,REST
5592,21.84375,8.2148,-3.405,-0.1699,5.5219,0,REST
5593,21.84765625,6.3569,-1.4792,-1.8598,5.0664,0,REST
5594,21.8515625,4.0583,-0.3104,2.6815,-2.2017,0,REST
5595,21.85546875,4.8605,-0.8954,5.5349,0.4241,0,REST
5596,21.859375,2.5657,0.4336,6.0963,-4.255,0,REST
5597,21.86328125,-2.0503,1.1794,9.1106,-11.5127,0,REST
5598,21.8671875,-4.161,3.5453,8.9478,-6.9612,0,REST
5599,21.87109375,-8.5233,6.7182,8.3061,-10.782,0,REST
5600,21.875,-4.2331,2.0632,7.3832,-13.0121,0,REST
5601,21.87890625,-8.9978,5.1989,8.0507,-10.1135,0,REST
5602,21.8828125,-7.5454,6.1984,5.7221,-4.9522,0,REST
5603,21.88671875,-6.4227,-0.6279,5.8723,-6.1577,0,REST
5604,21.890625,-7.7039,-2.384,1.2929,-3.4418,0,REST
5605,21.89453125,-6.9508,3.753,-1.3945,-2.6901,0,REST
5606,21.8984375,-4.3173,-1.5975,-0.89,0.9828,0,REST
5607,21.90234375,-6.0849,-0.8806,-4.4845,1.4004,0,REST
5608,21.90625,2.5436,-1.18,-9.9899,4.362,0,REST
5609,21.91015625,3.7692,4.2064,-7.7432,6.5001,0,REST
5610,21.9140625,7.6282,0.2265,-11.921,7.5941,0,REST
5611,21.91796875,6.6901,2.2786,-12.2573,7.9635,0,REST
5612,21.921875,5.6563,-0.0915,-12.3616,10.642,0,REST
5613,21.92578125,11.549,-4.4559,-11.0527,6.5862,0,REST
5614,21.9296875,10.3745,-1.2278,-7.6552,4.6381,0,REST
5615,21.93359375,10.778,-1.952,-5.0351,7.4724,0,REST
5616,21.9375,10.3635,-0.6582,-5.3337,1.3886,0,REST
5617,21.94140625,5.996,-2.7446,-2.4451,-0.9103,0,REST
5618,21.9453125,8.4515,1.3276,2.4073,-2.388,0,REST
5619,21.94921875,1.605,-2.3622,1.8184,-3.8644,0,REST
5620,21.953125,1.5313,-1.97,8.6064,-4.0633,0,REST
5621,21.95703125,-2.4274,-3.5323,11.351,-7.1649,0,REST
5622,21.9609375,-6.0572,0.49,13.2811,-5.7571,0,REST
5623,21.96484375,-9.8359,-0.0507,13.0677,-6.6448,0,REST
5624,21.96875,-12.4009,1.154,11.9279,-3.9318,0,REST
5625,21.97265625,-11.4968,-0.6936,9.987,-6.5453,0,REST
5626,21.9765625,-12.3471,2.5755,11.7227,-5.3539,0,REST
5627,21.98046875,-12.7658,1.6323,7.6174,-3.7199,0,REST
5628,21.984375,-14.2561,2.3872,4.2096,-2.2012,0,REST
5629,21.98828125,-8.6577,5.409,2.4161,-1.7166,0,REST
5630,21.9921875,-6.8765,2.6319,4.8052,-2.2766,0,REST
5631,21.99609375,-5.7913,3.3737,-6.6043,-0.0247,0,REST
5632,22.0,-2.498,3.4144,-9.1689,5.3041,0,REST
5633,22.00390625,2.9331,3.645,-11.6907,4.7555,0,REST
5634,22.0078125,4.7724,3.4201,-11.4941,3.1316,0,REST
5635,22.01171875,7.7091,7.8785,-12.3595,5.236,0,REST
5636,22.015625,11.3699,6.0966,-12.7336,3.1734,0,REST
5637,22.01953125,15.5405,5.2659,-10.6063,6.2873,0,REST
5638,22.0234375,11.8418,0.6593,-7.304,0.9974,0,REST
5639,22.02734375,10.531,-2.742,-6.2148,1.4686,0,REST
5640,22.03125,10.4795,-5.0183,-4.8174,-1.0431,0,REST
5641,22.03515625,8.9862,-6.6787,-3.0145,1.6168,0,REST
5642,22.0390625,5.4218,-8.0127,2.8205,3.0528,0,REST
5643,22.04296875,3.2451,-3.9669,8.0937,1.8396,0,REST
5644,22.046875,0.2675,-8.9477,8.4357,1.9343,0,REST
5645,22.05078125,-3.7443,-6.8036,9.1525,-3.5967,0,REST
5646,22.0546875,-6.3972,-3.2915,12.844,0.4745,0,REST
5647,22.05859375,-10.4562,-2.7443,13.3134,-3.3104,0,REST
5648,22.0625,-11.5735,-1.8974,12.8186,-3.2791,0,REST
5649,22.06640625,-14.9521,-2.1138,11.2053,-0.9296,0,REST
5650,22.0703125,-8.749,3.9672,15.4581,-1.8515,0,REST
5651,22.07421875,-11.6556,4.3941,6.8029,-0.9033,0,REST
5652,22.078125,-9.2541,6.1453,7.8787,-5.3995,0,REST
5653,22.08203125,-7.2277,8.2916,-0.4574,-6.7343,0,REST
5654,22.0859375,-3.6668,6.7683,1.3772,-4.2532,0,REST
5655,22.08984375,-4.8516,7.8803,-3.1994,-1.4459,0,REST
5656,22.09375,2.9832,7.2815,-5.6655,-0.053,0,REST
5657,22.09765625,1.9784,9.5152,-10.6033,3.6443,0,REST
5658,22.1015625,8.095,9.0107,-9.9953,-1.1276,0,REST
5659,22.10546875,8.8151,9.5096,-10.6147,0.5333,0,REST
5660,22.109375,10.5258,3.1488,-9.4718,2.0032,0,REST
5661,22.11328125,10.0828,0.8374,-8.9101,1.0068,0,REST
5662,22.1171875,11.9375,-5.3709,-6.7686,8.1807,0,REST
5663,22.12109375,8.2076,-2.6014,-7.5913,4.4449,0,REST
5664,22.125,10.3524,-7.8173,-3.8817,1.0857,0,REST
5665,22.12890625,6.6241,-9.3909,-4.7602,6.2849,0,REST
5666,22.1328125,4.6189,-9.381,2.7464,7.5082,0,REST
5667,22.13671875,1.3595,-9.0128,4.2576,7.4267,0,REST
5668,22.140625,-0.9389,-10.295,2.4793,3.6533,0,REST
5669,22.14453125,-4.1222,-10.389,3.2886,-0.5785,0,REST
5670,22.1484375,-1.1723,-10.3491,4.3199,4.0793,0,REST
5671,22.15234375,1.3106,-6.0687,1.7293,-2.249,0,REST
5672,22.15625,-10.9447,-5.7629,6.9976,-1.9719,0,REST
5673,22.16015625,-7.2585,-0.5011,6.1814,-2.3463,0,REST
5674,22.1640625,-8.8259,-1.0869,6.3406,-5.7942,0,REST
5675,22.16796875,-5.4685,2.938,6.092,-10.0329,0,REST
5676,22.171875,-6.1396,5.9343,6.4622,-7.2416,0,REST
5677,22.17578125,-3.9173,8.1275,4.7687,-8.2552,0,REST
5678,22.1796875,-3.0333,9.3157,-0.2595,-7.5136,0,REST
5679,22.18359375,1.2963,11.1459,-3.3905,-7.4098,0,REST
5680,22.1875,0.4556,12.097,0.6258,-4.2809,0,REST
5681,22.19140625,0.1968,9.0381,-2.205,-3.463,0,REST
5682,22.1953125,3.2048,9.5349,-2.3686,-3.6486,0,REST
5683,22.19921875,4.5595,5.6811,-4.0537,-0.2238,0,REST
5684,22.203125,4.6903,6.875,-6.6263,3.1848,0,REST
5685,22.20703125,5.1572,5.707,-2.7365,3.8162,0,REST
5686,22.2109375,5.2571,-1.5279,-2.8593,5.9955,0,REST
5687,22.21484375,0.2036,-7.3631,-3.7913,10.387,0,REST
5688,22.21875,6.5939,-7.9425,-2.6117,9.0143,0,REST
5689,22.22265625,1.9032,-9.5698,-4.0686,10.1843,0,REST
5690,22.2265625,2.2298,-10.9838,-0.0893,6.1107,0,REST
5691,22.23046875,-0.8349,-11.8013,-1.696,8.6757,0,REST
5692,22.234375,0.8703,-10.3608,-2.896,8.8015,0,REST
5693,22.23828125,2.6762,-8.3784,-2.8937,5.7431,0,REST
5694,22.2421875,-1.3518,-11.1998,0.7599,2.0275,0,REST
5695,22.24609375,-0.7278,-10.0743,-1.0951,0.2071,0,REST
5696,22.25,2.6627,-6.8267,-1.1228,-2.1909,0,REST
5697,22.25390625,-0.4009,-3.1922,-0.3327,-9.2718,0,REST
5698,22.2578125,-0.9117,1.0553,3.911,-9.0958,0,REST
5699,22.26171875,-0.5834,3.0698,4.3285,-12.2317,0,REST
5700,22.265625,-7.932,5.2756,4.6733,-10.9384,0,REST
5701,22.26953125,-5.0118,7.1583,1.056,-12.0288,0,REST
5702,22.2734375,1.7526,9.3024,1.0022,-13.2189,0,REST
5703,22.27734375,-4.4097,11.6839,6.6099,-9.9454,0,REST
5704,22.28125,-2.7595,12.3882,6.8138,-5.6326,0,REST
5705,22.28515625,-5.7865,12.7248,3.7673,-5.5017,0,REST
5706,22.2890625,-5.106,9.9592,3.8763,-0.8465,0,REST
5707,22.29296875,-4.6588,9.2728,4.9835,2.7734,0,REST
5708,22.296875,-2.484,8.5748,2.4906,8.4267,0,REST
5709,22.30078125,-2.509,2.4072,1.8579,7.898,0,REST
5710,22.3046875,0.5695,1.3838,-1.33,12.5537,0,REST
5711,22.30859375,0.0456,-0.8678,-5.6647,11.8875,0,REST
5712,22.3125,4.1749,-4.7515,-4.2271,12.9599,0,REST
5713,22.31640625,4.5078,-8.5143,-4.0273,13.1615,0,REST
5714,22.3203125,3.5982,-11.6455,-4.5032,9.4421,0,REST
5715,22.32421875,3.7243,-11.4826,-7.7241,6.8159,0,REST
5716,22.328125,5.4755,-13.1683,-11.1459,3.631,0,REST
5717,22.33203125,8.433,-10.5922,-8.8369,5.5188,0,REST
5718,22.3359375,4.1411,-8.8266,-12.8946,1.3193,0,REST
5719,22.33984375,7.003,-6.6125,-9.6222,-4.2111,0,REST
5720,22.34375,5.1879,-2.2844,-4.5781,-3.2975,0,REST
5721,22.34765625,5.9789,-4.0716,-5.9437,-11.7247,0,REST
5722,22.3515625,1.2793,-3.253,-1.3518,-8.9223,0,REST
5723,22.35546875,0.4397,2.1849,1.9195,-12.9982,0,REST
5724,22.359375,-1.7024,8.3679,2.3313,-11.0295,0,REST
5725,22.36328125,-4.6314,8.67,6.0313,-11.765,0,REST
5726,22.3671875,-7.6883,12.9784,5.8261,-9.9453,0,REST
5727,22.37109375,-7.4698,12.0783,5.4152,-7.3688,0,REST
5728,22.375,-7.4906,9.6974,5.5064,-4.1366,0,REST
5729,22.37890625,-9.667,11.9687,9.1271,-3.6222,0,REST
5730,22.3828125,-12.1745,14.4016,7.9477,3.4103,0,REST
5731,22.38671875,-9.6789,10.2104,8.663,6.2834,0,REST
5732,22.390625,-9.3688,6.6406,8.9112,8.4378,0,REST
5733,22.39453125,-6.7222,0.4061,5.2948,6.5552,0,REST
5734,22.3984375,-6.6177,-1.6458,4.1444,11.0478,0,REST
5735,22.40234375,-6.854,-1.4561,3.3501,12.7836,0,REST
5736,22.40625,-1.6898,-9.51,-3.2273,11.064,0,REST
5737,22.41015625,4.1992,-8.661,-3.4184,8.7251,0,REST
5738,22.4140625,3.903,-13.1655,-7.8774,8.1827,0,REST
5739,22.41796875,6.3025,-12.117,-7.2758,4.453,0,REST
5740,22.421875,9.4661,-14.4247,-14.1894,2.4085,0,REST
5741,22.42578125,13.217,-11.539,-7.9857,-2.6015,0,REST
5742,22.4296875,14.3724,-12.1333,-16.089,-2.2293,0,REST
5743,22.43359375,14.4167,-6.8887,-10.7763,-7.7729,0,REST
5744,22.4375,9.7774,-8.4356,-7.1919,-5.6616,0,REST
5745,22.44140625,9.1881,-3.3896,-8.3647,-10.649,0,REST
5746,22.4453125,6.2168,-1.0154,-6.5275,-11.8226,0,REST
5747,22.44921875,4.2139,3.5556,-3.498,-15.8307,0,REST
5748,22.453125,1.6385,2.0141,0.7403,-7.1946,0,REST
5749,22.45703125,-2.645,12.3981,6.9597,-7.39,0,REST
5750,22.4609375,-6.4173,5.8739,7.5802,-6.9814,0,REST
5751,22.46484375,-12.2086,11.3167,7.3246,-5.6612,0,REST
5752,22.46875,-8.0089,10.4815,12.9482,-1.1449,0,REST
5753,22.47265625,-15.1082,9.4468,14.52,5.2844,0,REST
5754,22.4765625,-12.6998,7.9567,13.2858,8.0125,0,REST
5755,22.48046875,-12.2621,8.2847,14.0106,6.1506,0,REST
5756,22.484375,-9.649,6.5317,11.7474,9.8968,0,REST
5757,22.48828125,-8.3704,1.0465,10.6943,9.5276,0,REST
5758,22.4921875,-8.2158,-2.7022,7.317,11.9323,0,REST
5759,22.49609375,-3.291,-3.7951,6.2548,7.605,0,REST
5760,22.5,-2.1955,-4.7355,1.6661,10.4632,0,REST
5761,22.50390625,3.4321,-0.7089,-3.0282,11.2855,0,REST
5762,22.5078125,2.0475,-6.5884,-4.4957,4.5058,0,REST
5763,22.51171875,6.6017,-9.3953,-5.5924,3.407,0,REST
5764,22.515625,12.2946,-7.7173,-9.4494,0.2256,0,REST
5765,22.51953125,9.6916,-7.0613,-10.9398,-3.4384,0,REST
5766,22.5234375,10.3234,-6.7836,-11.3058,-2.9273,0,REST
5767,22.52734375,14.2338,-6.0847,-11.3176,-6.2557,0,REST
5768,22.53125,10.8846,-2.3379,-11.8049,-4.4637,0,REST
5769,22.53515625,7.4975,-1.8022,-8.4992,-6.7834,0,REST
5770,22.5390625,8.3138,-1.4364,-6.6059,-6.7937,0,REST
5771,22.54296875,4.0117,3.7097,-5.0656,-8.4584,0,REST
5772,22.546875,0.4652,5.2982,-1.6553,-4.9535,0,REST
5773,22.55078125,-3.4169,5.118,3.7337,-0.9273,0,REST
5774,22.5546875,-8.7985,3.3642,8.6468,-3.3804,0,REST
5775,22.55859375,-5.682,8.0876,4.7062,0.0454,0,REST
5776,22.5625,-9.1679,2.6485,12.3576,-2.7993,0,REST
5777,22.56640625,-9.1869,9.1495,12.6954,2.7695,0,REST
5778,22.5703125,-11.5319,8.9256,9.036,3.3022,0,REST
5779,22.57421875,-11.1223,2.943,12.4332,7.2021,0,REST
5780,22.578125,-8.7975,1.1199,10.369,4.3054,0,REST
5781,22.58203125,-6.1924,4.2396,7.2647,4.9203,0,REST
5782,22.5859375,-3.8496,4.1483,4.7635,1.8188,0,REST
5783,22.58984375,-5.6683,-0.0896,3.8181,5.6853,0,REST
5784,22.59375,1.0633,-3.1201,1.7376,2.9118,0,REST
5785,22.59765625,5.7758,-1.6812,-0.6947,4.366,0,REST
5786,22.6015625,7.728,-3.2982,-5.1607,3.415,0,REST
5787,22.60546875,8.6495,-3.7475,-8.7786,4.2809,0,REST
5788,22.609375,7.7231,-10.2773,-7.52,-0.3121,0,REST
5789,22.61328125,11.9226,-4.9205,-12.542,-7.3688,0,REST
5790,22.6171875,14.2563,-5.7764,-10.4733,2.0271,0,REST
5791,22.62109375,9.4021,-7.4517,-8.8497,-2.3232,0,REST
5792,22.625,5.7987,-2.0607,-10.6808,-3.7064,0,REST
5793,22.62890625,6.7977,-3.4249,-7.1885,-2.2169,0,REST
5794,22.6328125,2.0718,-3.1059,-1.2681,0.0804,0,REST
5795,22.63671875,-0.6019,0.9737,-2.5322,-2.3369,0,REST
5796,22.640625,-0.8354,4.2969,-1.572,-4.9501,0,REST
5797,22.64453125,0.0071,1.4794,1.9487,-0.1032,0,REST
5798,22.6484375,-3.4346,0.9757,2.8562,-1.7156,0,REST
5799,22.65234375,-4.559,2.7935,3.5375,-2.3759,0,REST
5800,22.65625,-9.7352,5.1512,5.9076,-1.6496,0,REST
5801,22.66015625,-1.6914,-2.2778,7.5217,-1.6077,0,REST
5802,22.6640625,-8.4803,3.343,10.8132,2.0855,0,REST
5803,22.66796875,-5.9609,2.8601,7.5623,-2.6952,0,REST
5804,22.671875,-7.5372,3.0994,6.9786,0.2733,0,REST
5805,22.67578125,-7.7775,2.3227,7.08,-0.9928,0,REST
5806,22.6796875,-3.3346,0.8165,2.9038,2.6093,0,REST
5807,22.68359375,-1.2549,1.8627,4.6183,2.833,0,REST
5808,22.6875,-3.6335,4.5033,0.9388,-0.4937,0,REST
5809,22.69140625,-1.7529,4.4285,0.4304,3.0198,0,REST
5810,22.6953125,2.3828,0.0805,-1.2069,4.7348,0,REST
5811,22.69921875,4.1931,-0.3191,-1.6746,4.6923,0,REST
5812,22.703125,2.644,0.4909,-1.3274,5.1046,0,REST
5813,22.70703125,7.8193,1.7347,-6.1181,6.0899,0,REST
5814,22.7109375,4.7572,-0.9319,-4.5299,3.198,0,REST
5815,22.71484375,4.4312,-0.1673,-2.5571,4.5802,0,REST
5816,22.71875,5.2416,-0.6039,0.1238,2.1655,0,REST
5817,22.72265625,6.0343,-3.2995,-4.9799,0.8102,0,REST
5818,22.7265625,3.8694,-2.3379,-6.6568,-1.6077,0,REST
5819,22.73046875,2.1363,-4.1014,-5.717,-4.9467,0,REST
5820,22.734375,1.5784,-0.69,-4.7468,-5.9638,0,REST
5821,22.73828125,-1.3267,-0.4536,-1.8687,-7.069,0,REST
5822,22.7421875,1.3066,-0.0694,-2.6371,-5.0609,0,REST
5823,22.74609375,-0.5651,-2.1913,-2.6531,-6.7321,0,REST
5824,22.75,-1.0374,-1.7667,-4.6702,-7.2447,0,REST
5825,22.75390625,2.1804,-1.3695,-0.8995,-7.1058,0,REST
5826,22.7578125,-0.9863,1.8691,2.0209,-6.4137,0,REST
5827,22.76171875,-2.8372,2.4294,2.2412,-5.9105,0,REST
5828,22.765625,-4.1728,3.9852,1.5557,-0.3701,0,REST
5829,22.76953125,0.7645,1.8171,2.8134,1.1796,0,REST
5830,22.7734375,-3.947,5.3609,2.8496,-0.4664,0,REST
5831,22.77734375,-0.6839,4.1151,1.931,5.3111,0,REST
5832,22.78125,-6.691,5.0069,2.1507,5.4991,0,REST
5833,22.78515625,-2.1209,2.5906,2.2877,6.7692,0,REST
5834,22.7890625,-2.8504,6.3671,8.1577,11.0247,0,REST
5835,22.79296875,-3.1415,1.6441,10.4112,8.6641,0,REST
5836,22.796875,-1.2697,3.9749,5.5924,11.3421,0,REST
5837,22.80078125,-8.784,-0.0816,5.0904,8.3331,0,REST
5838,22.8046875,-0.4518,-4.0397,1.9998,7.4785,0,REST
5839,22.80859375,4.1504,2.6007,1.2144,6.5964,0,REST
5840,22.8125,1.1103,-2.4977,0.7797,4.5486,0,REST
5841,22.81640625,4.0976,-1.5565,0.7546,-0.4762,0,REST
5842,22.8203125,6.5136,-5.492,-1.2408,-2.2538,0,REST
5843,22.82421875,5.6253,-3.7366,-2.476,-5.8505,0,REST
5844,22.828125,7.3754,-7.0935,-4.4504,-6.9425,0,REST
5845,22.83203125,8.1136,-4.7108,-3.7462,-8.7481,0,REST
5846,22.8359375,7.8214,-6.7766,-4.679,-11.5022,0,REST
5847,22.83984375,7.465,-3.9095,-5.4555,-13.4375,0,REST
5848,22.84375,8.9738,-6.9785,-7.2301,-10.5086,0,REST
5849,22.84765625,7.6036,-3.1685,-3.9819,-8.5408,0,REST
5850,22.8515625,1.7455,1.3298,-7.0562,-6.3608,0,REST
5851,22.85546875,0.1715,-1.2837,0.2552,-6.7814,0,REST
5852,22.859375,2.6107,2.3197,-4.6886,-1.5562,0,REST
5853,22.86328125,-0.5102,7.3052,-2.3859,-3.4936,0,REST
5854,22.8671875,-2.6751,7.2237,2.5813,4.1726,0,REST
5855,22.87109375,-7.1602,7.8408,2.4834,8.0301,0,REST
5856,22.875,-9.4517,9.1409,7.2421,11.543,0,REST
5857,22.87890625,-7.8088,6.7017,7.0769,14.737,0,REST
5858,22.8828125,-9.8592,13.3788,5.3649,12.2788,0,REST
5859,22.88671875,-10.6135,5.6796,10.8922,15.0495,0,REST
5860,22.890625,-7.6438,4.2996,13.9577,13.7193,0,REST
5861,22.89453125,-9.3837,3.1832,9.3498,11.8858,0,REST
5862,22.8984375,-7.2157,0.15,6.4656,10.743,0,REST
5863,22.90234375,-3.0432,0.7875,9.5049,2.4381,0,REST
5864,22.90625,-1.9241,-6.168,4.9894,-2.0352,0,REST
5865,22.91015625,1.859,-4.6776,2.8319,-2.7674,0,REST
5866,22.9140625,4.6847,-8.4511,0.0782,-7.1771,0,REST
5867,22.91796875,3.1358,-10.5886,-1.6174,-7.6564,0,REST
5868,22.921875,9.333,-10.1504,-5.1433,-14.2328,0,REST
5869,22.92578125,12.6372,-10.286,-9.9841,-14.1721,0,REST
5870,22.9296875,10.854,-8.4474,-13.8325,-14.7983,0,REST
5871,22.93359375,12.3804,-10.7366,-12.5383,-10.3868,0,REST
5872,22.9375,9.1687,-4.0936,-13.4921,-14.1974,0,REST
5873,22.94140625,8.3994,-7.6259,-11.0026,-5.0473,0,REST
5874,22.9453125,9.6465,-0.1602,-10.0176,-5.3181,0,REST
5875,22.94921875,5.3564,0.6004,-6.6454,-5.6392,0,REST
5876,22.953125,-0.4339,3.8168,-7.3047,-0.5436,0,REST
5877,22.95703125,-4.7179,9.751,-6.3791,5.2085,0,REST
5878,22.9609375,-10.1723,7.4418,-1.5591,9.4075,0,REST
5879,22.96484375,-8.9421,8.2506,1.1921,12.5565,0,REST
5880,22.96875,-9.5993,10.7662,2.2131,11.9738,0,REST
5881,22.97265625,-10.5435,13.6944,10.0367,10.5701,0,REST
5882,22.9765625,-10.2541,12.8693,10.5101,12.3897,0,REST
5883,22.98046875,-12.968,8.9273,9.731,12.4484,0,REST
5884,22.984375,-10.0349,6.3294,14.1372,9.9963,0,REST
5885,22.98828125,-6.1196,3.2508,12.6943,5.5226,0,REST
5886,22.9921875,-7.8011,0.0207,11.8335,1.5462,0,REST
5887,22.99609375,-2.6233,-1.6336,13.1396,1.1766,0,REST
5888,23.0,-0.5265,-1.1037,6.9549,-1.0932,0,REST
5889,23.00390625,2.5185,-8.8639,4.245,-2.262,0,REST
5890,23.0078125,3.1067,-12.7054,6.6753,-10.7073,0,REST
5891,23.01171875,11.2514,-11.5827,0.1597,-11.2937,0,REST
5892,23.015625,10.3455,-12.1436,-7.4367,-13.6184,0,REST
5893,23.01953125,11.8765,-9.9103,-6.8635,-11.3035,0,REST
5894,23.0234375,13.3822,-9.038,-8.58,-12.0763,0,REST
5895,23.02734375,12.0176,-12.8761,-13.1673,-7.2657,0,REST
5896,23.03125,10.8355,-6.9172,-11.6629,-7.7495,0,REST
5897,23.03515625,9.1591,-3.5647,-10.8856,-4.2039,0,REST
5898,23.0390625,5.1563,-3.2904,-13.6279,-2.1118,0,REST
5899,23.04296875,4.2145,2.1301,-9.1474,3.4476,0,REST
5900,23.046875,-4.4434,0.5086,-8.5638,6.0681,0,REST
5901,23.05078125,-4.531,9.7117,-6.9429,6.2946,0,REST
5902,23.0546875,-4.2841,6.3048,1.2456,6.1461,0,REST
5903,23.05859375,-8.3272,10.6877,-0.2749,10.7475,0,REST
5904,23.0625,-12.7298,10.9562,5.9969,11.8121,0,REST
5905,23.06640625,-14.3051,13.6922,4.2877,9.4304,0,REST
5906,23.0703125,-12.1657,13.2242,9.7303,8.8055,0,REST
5907,23.07421875,-6.4604,8.8416,11.9,9.52,0,REST
5908,23.078125,-9.6652,8.3984,12.2336,6.2844,0,REST
5909,23.08203125,-10.8596,4.7746,10.2823,4.9221,0,REST
5910,23.0859375,-8.0708,3.1545,8.6623,-1.8488,0,REST
5911,23.08984375,-0.0835,-1.2512,10.2321,1.7206,0,REST
5912,23.09375,1.0719,-6.2184,6.8968,-3.7932,0,REST
5913,23.09765625,5.783,-9.1295,7.0098,-3.2751,0,REST
5914,23.1015625,8.3864,-10.4828,2.8147,-9.3672,0,REST
5915,23.10546875,9.2261,-12.1488,-2.8943,-9.0539,0,REST
5916,23.109375,8.4305,-12.1164,-3.9245,-8.0613,0,REST
5917,23.11328125,11.9535,-10.5675,-6.0998,-7.7631,0,REST
5918,23.1171875,9.3124,-9.4904,-2.9974,-6.3014,0,REST
5919,23.12109375,12.676,-7.649,-10.6589,-3.7887,0,REST
5920,23.125,9.5808,-9.1582,-11.3707,-4.8365,0,REST
5921,23.12890625,6.2763,-5.2223,-14.0456,0.7641,0,REST
5922,23.1328125,5.1568,-0.4191,-10.6233,-3.7912,0,REST
5923,23.13671875,-1.8582,-0.322,-7.4049,3.984,0,REST
5924,23.140625,-1.3962,3.1307,-5.8251,3.997,0,REST
5925,23.14453125,0.005,7.252,-2.1749,3.2938,0,REST
5926,23.1484375,-3.4243,10.0459,-1.3347,5.8751,0,REST
5927,23.15234375,-6.3651,11.8732,-1.4651,5.0548,0,REST
5928,23.15625,-6.1188,7.9752,3.8058,5.8532,0,REST
5929,23.16015625,-7.5096,11.1131,2.1296,5.3891,0,REST
5930,23.1640625,-5.7708,14.2435,7.7966,8.3626,0,REST
5931,23.16796875,-7.8894,8.7938,4.0945,5.014,0,REST
5932,23.171875,-4.0423,4.1928,7.5656,6.3987,0,REST
5933,23.17578125,-5.1606,3.214,11.5234,0.2991,0,REST
5934,23.1796875,-1.0901,-1.3076,7.6989,2.5918,0,REST
5935,23.18359375,-5.2274,-1.6704,7.4439,-0.7964,0,REST
5936,23.1875,-1.4056,-5.4012,3.505,-5.8491,0,REST
5937,23.19140625,2.5445,-9.2568,1.7585,-2.2503,0,REST
5938,23.1953125,0.5049,-9.8185,1.3068,-2.1555,0,REST
5939,23.19921875,3.9732,-13.1737,0.0957,-0.7771,0,REST
5940,23.203125,2.4023,-9.8454,2.4099,-2.7283,0,REST
5941,23.20703125,3.9814,-9.1968,-1.4525,-6.1004,0,REST
5942,23.2109375,4.6282,-10.1812,-1.3309,-5.2054,0,REST
5943,23.21484375,3.6153,-9.8453,-2.8592,-5.5581,0,REST
5944,23.21875,5.3778,-4.7634,-4.1711,-7.6578,0,REST
5945,23.22265625,3.8491,0.2992,-4.7985,0.1094,0,REST
5946,23.2265625,4.2951,-1.9798,-3.2304,-0.0177,0,REST
5947,23.23046875,1.4701,1.1364,0.0447,0.6078,0,REST
5948,23.234375,3.8927,5.5406,-4.9566,-0.9383,0,REST
5949,23.23828125,0.9332,9.4516,-7.7741,3.9846,0,REST
5950,23.2421875,4.3899,7.3034,-3.9493,1.5611,0,REST
5951,23.24609375,-3.2885,8.9284,-3.8641,2.841,0,REST
5952,23.25,-1.0501,9.1946,-3.4398,2.3976,0,REST
5953,23.25390625,-0.8047,11.7469,-2.7325,1.8286,0,REST
5954,23.2578125,1.8762,10.3715,-2.5268,0.7746,0,REST
5955,23.26171875,-1.9123,12.4765,-0.0655,7.3853,0,REST
5956,23.265625,-4.4646,3.6548,-2.7443,2.4522,0,REST
5957,23.26953125,-8.7047,5.6938,-2.4239,2.008,0,REST
5958,23.2734375,-5.2757,1.09,4.1238,5.024,0,REST
5959,23.27734375,-2.8201,-2.9517,0.483,4.6669,0,REST
5960,23.28125,-3.8951,-5.0828,4.7018,1.4826,0,REST
5961,23.28515625,-2.7794,-5.8646,5.31,3.0433,0,REST
5962,23.2890625,-5.0478,-9.7879,2.0465,-0.2022,0,REST
5963,23.29296875,-1.7359,-7.1701,4.8342,-1.1908,0,REST
5964,23.296875,-5.2077,-4.3265,5.1229,3.5375,0,REST
5965,23.30078125,-5.9594,-6.3413,2.5439,-3.1626,0,REST
5966,23.3046875,-4.1193,-8.6052,7.4196,-5.4915,0,REST
5967,23.30859375,-1.024,-4.2438,6.3787,-3.8013,0,REST
5968,23.3125,-0.7279,-2.8949,3.5968,-3.2323,0,REST
5969,23.31640625,5.7317,-4.176,7.6356,-5.8618,0,REST
5970,23.3203125,2.1766,-3.4142,4.4677,-9.7925,0,REST
5971,23.32421875,5.4334,-0.2427,-1.2978,-7.7445,0,REST
5972,23.328125,7.2937,1.2812,-4.7793,-4.2491,0,REST
5973,23.33203125,9.1462,4.1256,-4.2275,-6.0426,0,REST
5974,23.3359375,5.2981,6.1784,-5.4316,-3.6846,0,REST
5975,23.33984375,4.4039,7.789,-2.9832,0.3241,0,REST
5976,23.34375,7.766,5.624,-5.816,4.6227,0,REST
5977,23.34765625,6.7513,9.6699,-9.1455,3.8315,0,REST
5978,23.3515625,1.6523,6.9331,-5.5741,6.2168,0,REST
5979,23.35546875,2.042,4.6271,-6.4189,8.4386,0,REST
5980,23.359375,2.9157,3.5069,-5.6898,9.2562,0,REST
5981,23.36328125,-4.8033,3.7938,-5.3951,9.2831,0,REST
5982,23.3671875,-4.4532,0.9164,-4.3485,9.8407,0,REST
5983,23.37109375,-8.3848,0.9792,-2.4145,10.2503,0,REST
5984,23.375,-9.4379,0.2859,2.3745,6.7287,0,REST
5985,23.37890625,-9.8878,-3.6339,0.8316,4.8099,0,REST
5986,23.3828125,-6.5124,1.9723,-0.1622,3.4491,0,REST
5987,23.38671875,-13.7522,-8.046,6.0511,8.1393,0,REST
5988,23.390625,-8.18,-1.9086,3.547,-0.2176,0,REST
5989,23.39453125,-7.1427,-3.4817,6.2072,-8.7391,0,REST
5990,23.3984375,-9.5315,-1.6819,12.6952,-7.4965,0,REST
5991,23.40234375,-0.8238,0.0247,10.2791,-8.6441,0,REST
5992,23.40625,-3.8002,-2.7533,9.4889,-12.4992,0,REST
5993,23.41015625,-0.8371,-3.4754,9.0903,-10.1972,0,REST
5994,23.4140625,7.9177,-1.4244,8.1935,-6.6397,0,REST
5995,23.41796875,8.4129,-0.1429,3.8418,-7.5248,0,REST
5996,23.421875,9.7031,-1.4884,2.2036,-7.6654,0,REST
5997,23.42578125,11.7359,-1.9304,3.3783,-4.3161,0,REST
5998,23.4296875,10.649,1.8559,-2.2945,-5.4198,0,REST
5999,23.43359375,7.4929,0.1542,-7.7305,-1.8334,0,REST
6000,23.4375,10.9687,4.4208,-7.8092,0.8561,0,REST
6001,23.44140625,10.7686,4.8292,-8.4319,4.463,0,REST
6002,23.4453125,7.7543,4.9514,-10.9179,5.4902,0,REST
6003,23.44921875,5.1196,2.7513,-11.5631,12.6844,0,REST
6004,23.453125,1.9913,4.774,-6.6058,13.3611,0,REST
6005,23.45703125,-1.1354,-0.2467,-11.4758,11.8008,0,REST
6006,23.4609375,-3.9588,4.8942,-7.9363,11.201,0,REST
6007,23.46484375,-7.5201,3.7037,-6.4727,10.606,0,REST
6008,23.46875,-8.2751,1.0058,-2.3688,6.2376,0,REST
6009,23.47265625,-11.6184,2.1986,1.9843,5.1194,0,REST
6010,23.4765625,-10.4493,4.7218,5.5543,5.0901,0,REST
6011,23.48046875,-12.3502,2.0111,4.7492,-2.2866,0,REST
6012,23.484375,-8.8717,1.8372,7.7305,-2.9804,0,REST
6013,23.48828125,-7.4932,0.985,8.4347,-2.1335,0,REST
6014,23.4921875,-6.196,-0.4631,12.9563,-10.3141,0,REST
6015,23.49609375,-2.5943,-2.6756,10.3283,-9.9885,0,REST
6016,23.5,-1.7787,-3.1575,12.226,-14.0162,0,REST
6017,23.50390625,6.4466,-3.7698,10.4414,-12.7522,0,REST
6018,23.5078125,3.8125,-3.651,7.0958,-16.0135,0,REST
6019,23.51171875,9.3011,-5.398,5.3411,-7.1508,0,REST
6020,23.515625,11.9947,-2.6399,3.0539,-4.3462,0,REST
6021,23.51953125,15.0079,0.258,-4.4848,-7.6059,0,REST
6022,23.5234375,15.2825,-1.4387,-3.2931,0.636,0,REST
6023,23.52734375,12.9019,-2.1372,-4.0128,5.2538,0,REST
6024,23.53125,13.5103,-1.713,-8.8318,8.8586,0,REST
6025,23.53515625,8.6928,-0.2331,-9.9799,10.7753,0,REST
6026,23.5390625,7.8826,0.0705,-13.3107,10.3346,0,REST
6027,23.54296875,5.3114,3.3634,-13.2476,10.3288,0,REST
6028,23.546875,-0.8204,3.003,-17.7429,13.6239,0,REST
6029,23.55078125,-3.0047,4.7023,-12.5032,13.651,0,REST
6030,23.5546875,-2.3922,3.6301,-6.4838,11.9608,0,REST
6031,23.55859375,-5.5633,6.2567,-6.2671,9.4013,0,REST
6032,23.5625,-11.4951,3.5897,-5.5219,6.8217,0,REST
6033,23.56640625,-11.1322,10.6224,1.8656,2.2739,0,REST
6034,23.5703125,-6.4708,6.9492,1.8187,0.6926,0,REST
6035,23.57421875,-11.4451,9.5395,8.722,-7.4298,0,REST
6036,23.578125,-8.1221,2.8809,8.7654,-6.5709,0,REST
6037,23.58203125,-7.0901,3.321,10.3409,-12.4778,0,REST
6038,23.5859375,-4.9872,1.1272,8.5265,-12.0363,0,REST
6039,23.58984375,-2.8808,-2.3077,14.1459,-14.9778,0,REST
6040,23.59375,-0.0612,0.2299,10.6188,-12.6318,0,REST
6041,23.59765625,7.0801,-4.0592,7.3504,-10.8998,0,REST
6042,23.6015625,4.0813,-5.0589,9.875,-9.6666,0,REST
6043,23.60546875,6.904,-2.5288,2.8396,-7.2043,0,REST
6044,23.609375,7.281,-8.5892,1.4422,-2.2728,0,REST
6045,23.61328125,10.1446,-8.4632,3.9057,-1.7834,0,REST
6046,23.6171875,11.0069,-6.6815,2.1269,0.2927,0,REST
6047,23.62109375,10.9584,-7.9412,-5.7733,3.0505,0,REST
6048,23.625,8.8101,-7.6121,-6.0966,8.6479,0,REST
6049,23.62890625,4.3452,-5.4449,-7.7302,8.617,0,REST
6050,23.6328125,1.5865,-0.3651,-9.5586,13.223,0,REST
6051,23.63671875,4.899,-2.7301,-8.6467,13.0308,0,REST
6052,23.640625,2.8571,-2.149,-6.0103,11.0355,0,REST
6053,23.64453125,-0.598,4.7581,-7.8151,10.8284,0,REST
6054,23.6484375,-5.2604,6.3903,-5.0313,8.5658,0,REST
6055,23.65234375,-5.0281,8.8656,-4.6603,3.8134,0,REST
6056,23.65625,-4.3006,5.7909,-6.8199,4.8571,0,REST
6057,23.66015625,-3.246,9.5599,-1.0673,-1.6948,0,REST
6058,23.6640625,-8.5409,8.3623,1.3524,-3.1651,0,REST
6059,23.66796875,-6.7257,9.8465,1.3889,-7.4641,0,REST
6060,23.671875,-5.7814,4.8966,1.5683,-8.2065,0,REST
6061,23.67578125,-6.0483,6.0479,5.941,-8.2291,0,REST
6062,23.6796875,-4.4771,3.0352,5.2737,-11.8722,0,REST
6063,23.68359375,-3.7823,-3.3808,5.4182,-9.5053,0,REST
6064,23.6875,-0.8038,-3.3433,4.72,-7.5274,0,REST
6065,23.69140625,0.9785,-6.513,6.9989,-7.3727,0,REST
6066,23.6953125,4.3661,-7.3354,5.7029,-6.4922,0,REST
6067,23.69921875,1.7857,-10.9745,5.0563,-3.7193,0,REST
6068,23.703125,2.3795,-8.7331,3.3467,1.204,0,REST
6069,23.70703125,2.743,-13.3542,-0.0495,-0.0691,0,REST
6070,23.7109375,3.8955,-9.193,1.494,3.0442,0,REST
6071,23.71484375,4.0367,-12.2082,-3.8396,7.211,0,REST
6072,23.71875,5.1299,-6.5155,-0.0574,4.746,0,REST
6073,23.72265625,2.7865,-7.3365,-1.4071,5.3188,0,REST
6074,23.7265625,3.2826,0.1789,-1.6622,5.3958,0,REST
6075,23.73046875,-1.6394,0.5492,-4.9526,8.2809,0,REST
6076,23.734375,-0.0651,3.0182,-0.9772,8.5414,0,REST
6077,23.73828125,2.3721,4.6826,-2.0197,4.4825,0,REST
6078,23.7421875,-1.2923,5.0076,-3.4656,2.9973,0,REST
6079,23.74609375,-0.08,14.0887,-1.5796,3.2632,0,REST
6080,23.75,0.5235,9.8661,-3.7035,0.2104,0,REST
6081,23.75390625,-3.77,9.4323,-5.7999,0.9746,0,REST
6082,23.7578125,-1.8992,9.8585,-2.5046,-0.6543,0,REST
6083,23.76171875,-0.622,8.8324,-5.8307,-3.0529,0,REST
6084,23.765625,-0.9395,7.7652,0.3868,-4.5694,0,REST
6085,23.76953125,-4.4545,6.0189,-0.377,-8.5808,0,REST
6086,23.7734375,-3.6037,4.7109,-4.1497,-3.0844,0,REST
6087,23.77734375,-6.8347,-3.581,-4.4553,-3.9567,0,REST
6088,23.78125,-1.5581,-2.6167,2.6836,-3.0048,0,REST
6089,23.78515625,-6.1658,-7.0801,1.6302,-3.1688,0,REST
6090,23.7890625,-6.4341,-12.1353,1.8528,-3.949,0,REST
6091,23.79296875,-3.7187,-10.8567,2.1989,-2.951,0,REST
6092,23.796875,-3.6556,-11.9872,3.8426,-4.4222,0,REST
6093,23.80078125,-2.714,-14.6055,2.6115,1.5492,0,REST
6094,23.8046875,-1.7115,-10.1192,2.5297,-0.3419,0,REST
6095,23.80859375,-1.8642,-9.6357,5.6494,-0.1175,0,REST
6096,23.8125,1.7982,-8.2331,6.7036,2.7459,0,REST
6097,23.81640625,3.1708,-6.955,6.8687,1.0492,0,REST
6098,23.8203125,3.4643,1.2744,6.2219,-3.4538,0,REST
6099,23.82421875,4.3535,-3.3066,4.8899,4.1351,0,REST
6100,23.828125,5.5354,-1.2716,1.2542,1.7337,0,REST
6101,23.83203125,6.3031,6.2459,1.9427,3.7613,0,REST
6102,23.8359375,7.1212,7.0017,-1.5794,3.4802,0,REST
6103,23.83984375,5.5181,10.1594,1.5561,6.0848,0,REST
6104,23.84375,3.9584,12.618,-2.4853,3.9586,0,REST
6105,23.84765625,7.3169,16.8969,-4.7521,1.6929,0,REST
6106,23.8515625,3.6018,15.1244,-5.7099,1.9024,0,REST
6107,23.85546875,1.9961,10.9203,-8.4098,3.7882,0,REST
6108,23.859375,-2.536,8.8818,-10.2009,3.6346,0,REST
6109,23.86328125,-2.218,5.8983,-9.8235,0.0208,0,REST
6110,23.8671875,-5.277,4.919,-5.5109,1.2817,0,REST
6111,23.87109375,-9.5221,1.8225,-8.1199,-1.6999,0,REST
6112,23.875,-7.2942,-1.1689,-10.6774,-9.9582,0,REST
6113,23.87890625,-7.6271,-3.2748,-8.649,-5.1693,0,REST
6114,23.8828125,-12.3429,-10.688,-4.9038,-0.6735,0,REST
6115,23.88671875,-10.1987,-8.7225,-0.8009,-3.2759,0,REST
6116,23.890625,-6.7637,-14.6275,4.8317,-2.3733,0,REST
6117,23.89453125,-6.9545,-8.8872,5.6391,-1.7619,0,REST
6118,23.8984375,-3.0292,-10.9837,8.7293,-3.5696,0,REST
6119,23.90234375,-2.5608,-12.6358,9.655,-7.2277,0,REST
6120,23.90625,2.9502,-8.5231,9.7802,-5.7322,0,REST
6121,23.91015625,2.9061,-6.385,10.8561,-0.3278,0,REST
6122,23.9140625,4.7795,-6.4238,10.3975,-0.7896,0,REST
6123,23.91796875,9.0477,1.5172,6.9146,1.2245,0,REST
6124,23.921875,10.5247,3.414,8.4707,4.7587,0,REST
6125,23.92578125,8.285,6.6381,2.421,6.4365,0,REST
6126,23.9296875,11.6279,9.8514,3.5219,6.2464,0,REST
6127,23.93359375,11.6458,8.8128,-2.545,7.9071,0,REST
6128,23.9375,10.3359,13.1586,1.9895,10.3327,0,REST
6129,23.94140625,9.6212,11.4747,-4.5868,10.4641,0,REST
6130,23.9453125,7.0922,13.8803,-6.6156,7.287,0,REST
6131,23.94921875,3.0821,10.4655,-11.3231,1.226,0,REST
6132,23.953125,1.0795,8.4153,-12.197,2.9312,0,REST
6133,23.95703125,-4.4826,6.0811,-13.2742,2.2934,0,REST
6134,23.9609375,-3.2425,2.5141,-14.8634,0.9827,0,REST
6135,23.96484375,-7.7171,-1.0192,-9.4796,-1.1491,0,REST
6136,23.96875,-11.5954,-3.123,-8.9201,-3.8151,0,REST
6137,23.97265625,-9.2894,-3.4734,-6.5182,-5.5886,0,REST
6138,23.9765625,-8.6357,-7.4988,-2.6619,-5.1797,0,REST
6139,23.98046875,-7.735,-5.7096,-2.1519,-7.4012,0,REST
6140,23.984375,-12.8005,-8.4361,3.9239,-12.1383,0,REST
6141,23.98828125,-6.9737,-9.4213,4.9162,-10.2426,0,REST
6142,23.9921875,-4.3956,-12.6031,8.7771,-9.5188,0,REST
6143,23.99609375,-6.9895,-6.4294,7.3351,-6.496,0,REST
6144,24.0,2.3881,-6.1264,10.2867,-7.9604,0,REST
6145,24.00390625,5.6223,-5.1434,13.6629,-3.5077,0,REST
6146,24.0078125,10.6021,-0.7909,13.1784,1.0054,0,REST
6147,24.01171875,7.9887,-4.1448,12.2033,4.9503,0,REST
6148,24.015625,15.2422,0.1793,7.0856,1.2276,0,REST
6149,24.01953125,16.7637,2.4786,4.2595,7.6975,0,REST
6150,24.0234375,11.8875,9.0104,5.5186,9.78,0,REST
6151,24.02734375,10.9425,6.3824,0.3081,9.253,0,REST
6152,24.03125,13.4176,5.4161,-2.6623,9.5589,0,REST
6153,24.03515625,11.5649,11.1428,-7.725,10.9651,0,REST
6154,24.0390625,6.9783,11.1239,-7.3756,12.2283,0,REST
6155,24.04296875,4.7224,2.8988,-10.4219,7.9009,0,REST
6156,24.046875,1.8896,6.4164,-12.5952,1.9098,0,REST
6157,24.05078125,-2.5534,9.3443,-11.1863,-3.2677,0,REST
6158,24.0546875,-4.3951,-0.2233,-12.1302,-5.2114,0,REST
6159,24.05859375,-9.5773,-0.7795,-12.2552,-6.3963,0,REST
6160,24.0625,-10.0319,-4.1076,-11.9725,-5.0357,0,REST
6161,24.06640625,-8.3201,-3.7239,-11.1881,-11.655,0,REST
6162,24.0703125,-10.9327,-7.6449,-2.9647,-7.2236,0,REST
6163,24.07421875,-11.8503,-5.5786,-0.7303,-14.1769,0,REST
6164,24.078125,-10.6369,-6.1281,0.273,-15.1371,0,REST
6165,24.08203125,-7.9122,-10.3934,4.6007,-7.4009,0,REST
6166,24.0859375,-5.994,-8.3558,4.4085,-11.1441,0,REST
6167,24.08984375,-5.9801,-3.5233,7.9208,-6.8587,0,REST
6168,24.09375,-1.3552,-6.4182,7.3752,1.16,0,REST
6169,24.09765625,2.5139,-6.3028,10.2691,-1.0971,0,REST
6170,24.1015625,7.921,-1.0589,10.6673,6.2662,0,REST
6171,24.10546875,7.9205,-2.4346,10.4366,8.3053,0,REST
6172,24.109375,9.2931,0.8724,8.4063,8.2374,0,REST
6173,24.11328125,11.0176,-0.4882,4.5933,12.3275,0,REST
6174,24.1171875,11.7533,2.6237,4.8756,16.3071,0,REST
6175,24.12109375,10.9289,1.3944,0.8412,15.0999,0,REST
6176,24.125,8.0639,4.6525,-3.0555,15.4588,0,REST
6177,24.12890625,5.4289,6.2956,-3.8205,6.9362,0,REST
6178,24.1328125,6.5829,7.146,-5.5905,9.0387,0,REST
6179,24.13671875,1.3278,5.3806,-8.1611,3.9376,0,REST
6180,24.140625,-0.3864,3.9176,-9.5246,2.4367,0,REST
6181,24.14453125,-2.4969,4.4204,-10.1641,-1.369,0,REST
6182,24.1484375,-1.7344,3.6891,-5.0994,-5.1393,0,REST
6183,24.15234375,-4.823,0.5976,-8.2658,-6.6667,0,REST
6184,24.15625,-4.8666,1.6415,-5.8141,-13.1378,0,REST
6185,24.16015625,-9.309,0.0617,-4.1729,-14.0914,0,REST
6186,24.1640625,-4.8342,-0.368,-0.8377,-12.8427,0,REST
6187,24.16796875,-5.6803,-2.0324,-2.4054,-11.792,0,REST
6188,24.171875,-5.6992,-2.3332,-3.964,-12.806,0,REST
6189,24.17578125,-7.8637,-3.0723,2.4697,-7.361,0,REST
6190,24.1796875,-3.5593,-3.0654,3.1894,-5.7999,0,REST
6191,24.18359375,-0.525,-3.596,4.8568,-2.5551,0,REST
6192,24.1875,1.1445,-4.5424,5.8184,-1.9795,0,REST
6193,24.19140625,1.6392,-6.4946,6.2201,0.3147,0,REST
6194,24.1953125,5.2481,-3.3353,5.8872,7.6003,0,REST
6195,24.19921875,4.1608,-3.7895,4.9152,6.6714,0,REST
6196,24.203125,5.2905,-4.3495,6.4179,11.2232,0,REST
6197,24.20703125,7.726,0.0866,3.9709,8.1926,0,REST
6198,24.2109375,4.0205,-1.0709,2.842,9.2628,0,REST
6199,24.21484375,6.6925,-5.0242,0.4832,13.5659,0,REST
6200,24.21875,1.4811,0.9821,3.0121,9.704,0,REST
6201,24.22265625,0.1401,1.7008,-1.3534,3.0068,0,REST
6202,24.2265625,0.954,0.7718,2.9218,1.1126,0,REST
6203,24.23046875,1.1559,2.62,-2.1982,2.0401,0,REST
6204,24.234375,4.3467,0.6202,1.2001,-3.3211,0,REST
6205,24.23828125,0.2744,3.8019,-0.4837,-3.6015,0,REST
6206,24.2421875,3.6569,5.1817,-1.1433,-9.1793,0,REST
6207,24.24609375,-1.3635,2.86,-2.3688,-10.4733,0,REST
6208,24.25,-4.0003,1.998,-3.1629,-14.0509,0,REST
6209,24.25390625,-1.9507,-0.1661,-0.0478,-8.04,0,REST
6210,24.2578125,-3.8881,-0.7625,1.4414,-7.1847,0,REST
6211,24.26171875,-3.1091,0.5505,-3.9067,-7.817,0,REST
6212,24.265625,0.8031,0.9787,-6.404,-3.222,0,REST
6213,24.26953125,-2.5898,-0.1633,-4.6908,-4.2901,0,REST
6214,24.2734375,-6.025,0.9624,0.5815,-3.5712,0,REST
6215,24.27734375,1.5037,0.4555,-5.4623,-1.2145,0,REST
6216,24.28125,-5.2779,-0.4729,-1.9579,4.8726,0,REST
6217,24.28515625,-3.6269,-1.658,-3.08,4.8613,0,REST
6218,24.2890625,-3.3842,-2.2432,-1.5467,5.105,0,REST
6219,24.29296875,-5.3968,-6.7146,-3.4862,6.4772,0,REST
6220,24.296875,-4.382,-4.0826,1.157,7.2297,0,REST
6221,24.30078125,-2.3489,-6.496,1.196,9.558,0,REST
6222,24.3046875,-5.0317,-4.9745,0.9244,10.8457,0,REST
6223,24.30859375,3.7967,-6.2991,5.0673,2.2786,0,REST
6224,24.3125,-4.7632,-5.4169,2.6751,6.996,0,REST
6225,24.31640625,2.1135,-5.1177,4.0114,1.6608,0,REST
6226,24.3203125,5.7842,-0.6862,6.6456,1.9625,0,REST
6227,24.32421875,2.2437,2.8775,8.3807,-1.9324,0,REST
6228,24.328125,4.3822,2.164,8.1902,-1.9047,0,REST
6229,24.33203125,2.3081,3.6205,11.0852,-4.2964,0,REST
6230,24.3359375,6.38,2.7114,0.9239,-5.4134,0,REST
6231,24.33984375,6.3013,4.258,2.0488,-4.0582,0,REST
6232,24.34375,8.4001,7.0851,2.79,-6.365,0,REST
6233,24.34765625,6.713,10.4156,-0.3721,-5.5791,0,REST
6234,24.3515625,2.5171,8.6022,0.8233,-7.4872,0,REST
6235,24.35546875,1.4211,6.7665,-5.9146,-1.6504,0,REST
6236,24.359375,-1.7644,6.7559,-7.3102,-2.9177,0,REST
6237,24.36328125,-0.1965,5.2673,-7.8237,-2.2416,0,REST
6238,24.3671875,-1.4608,4.5199,-8.4892,-7.0576,0,REST
6239,24.37109375,-3.6776,2.6402,-9.0273,-4.5714,0,REST
6240,24.375,-7.5445,-0.9317,-7.441,-2.6832,0,REST
6241,24.37890625,-9.6174,-3.1068,-7.7095,1.0124,0,REST
6242,24.3828125,-11.5717,-4.7281,-5.779,3.1391,0,REST
6243,24.38671875,-7.41,-6.4779,-9.0912,3.3523,0,REST
6244,24.390625,-11.8378,-9.3211,-6.3282,1.0532,0,REST
6245,24.39453125,-3.9635,-11.5559,-0.7767,2.7686,0,REST
6246,24.3984375,-0.7767,-9.0853,-0.4249,1.0515,0,REST
6247,24.40234375,-7.459,-9.9733,3.5298,1.1875,0,REST
6248,24.40625,-1.7237,-3.429,9.8715,1.8031,0,REST
6249,24.41015625,1.1189,-6.4814,6.9142,2.0231,0,REST
6250,24.4140625,4.5639,-0.1032,10.7213,1.3629,0,REST
6251,24.41796875,5.3998,-0.4215,13.3369,0.8457,0,REST
6252,24.421875,11.1505,1.0905,12.0252,0.127,0,REST
6253,24.42578125,10.1076,4.279,8.9015,0.4184,0,REST
6254,24.4296875,16.2167,3.6307,9.5661,-1.0919,0,REST
6255,24.43359375,11.9273,5.6504,2.6238,0.8192,0,REST
6256,24.4375,11.5143,10.6932,1.5589,-0.7875,0,REST
6257,24.44140625,8.9062,7.4075,1.1923,-2.0324,0,REST
6258,24.4453125,3.1945,9.4627,0.7315,-3.9383,0,REST
6259,24.44921875,4.7087,12.0122,-5.1615,-2.155,0,REST
6260,24.453125,-1.5177,5.5119,-10.1522,-4.6259,0,REST
6261,24.45703125,-3.3614,7.0506,-9.9187,-6.0853,0,REST
6262,24.4609375,-4.8722,5.2188,-10.8949,-1.8276,0,REST
6263,24.46484375,-7.3192,0.799,-8.9452,-5.7428,0,REST
6264,24.46875,-6.0687,0.0679,-10.7863,-2.0529,0,REST
6265,24.47265625,-4.3176,-3.0293,-1.3192,-3.2692,1,PREPARE
6266,24.4765625,-5.2305,-1.099,-3.2061,4.6959,1,PREPARE
6267,24.48046875,-5.3956,-3.5979,-4.0892,2.8044,1,PREPARE
6268,24.484375,-6.9702,-5.4419,-4.1185,4.1472,1,PREPARE
6269,24.48828125,-4.2487,-4.7164,0.327,3.7801,1,PREPARE
6270,24.4921875,0.1146,-4.2394,-3.9111,5.0191,1,PREPARE
6271,24.49609375,1.0921,-5.7741,3.0801,2.3785,1,PREPARE
6272,24.5,0.538,-6.094,0.2854,8.8462,1,PREPARE
6273,24.50390625,-0.7791,-1.0955,6.1631,4.9917,1,PREPARE
6274,24.5078125,0.7991,0.1607,3.5827,3.0904,1,PREPARE
6275,24.51171875,3.5642,-0.176,5.5885,4.7127,1,PREPARE
6276,24.515625,4.6237,1.3415,5.3414,4.9998,1,PREPARE
6277,24.51953125,1.3571,7.2115,10.199,-0.1414,1,PREPARE
6278,24.5234375,4.3976,5.0458,4.1542,-2.0183,1,PREPARE
6279,24.52734375,4.7583,5.2328,5.128,0.6767,1,PREPARE
6280,24.53125,5.5609,8.8145,1.6851,0.2976,1,PREPARE
6281,24.53515625,4.065,3.347,4.607,-2.474,1,PREPARE
6282,24.5390625,2.1842,2.6353,0.5202,-4.4464,1,PREPARE
6283,24.54296875,4.6894,2.9303,1.152,-6.5137,1,PREPARE
6284,24.546875,-0.9144,2.0344,-0.0936,-9.4465,1,PREPARE
6285,24.55078125,0.4353,0.0038,-2.7641,-6.4525,1,PREPARE
6286,24.5546875,-2.8171,-4.5576,-3.198,-5.604,1,PREPARE
6287,24.55859375,-3.7588,-0.3467,-4.4798,-6.7464,1,PREPARE
6288,24.5625,-5.0425,-1.1113,-4.3179,-0.4831,1,PREPARE
6289,24.56640625,-5.821,-1.4403,-7.1729,0.6622,1,PREPARE
6290,24.5703125,-4.4035,-4.0419,-4.7111,-0.6305,1,PREPARE
6291,24.57421875,-3.7037,-4.2831,-3.1237,1.7341,1,PREPARE
6292,24.578125,-3.741,-5.3451,-3.3677,0.4255,1,PREPARE
6293,24.58203125,-1.7488,-5.4862,-3.895,1.5028,1,PREPARE
6294,24.5859375,-1.9257,-7.9788,-4.0898,2.9536,1,PREPARE
6295,24.58984375,-2.3676,-3.267,-0.9961,2.4834,1,PREPARE
6296,24.59375,-0.3935,-2.5024,0.2443,6.0532,1,PREPARE
6297,24.59765625,-1.2733,-4.7345,-2.2525,6.4915,1,PREPARE
6298,24.6015625,-1.4686,0.1109,4.5497,3.066,1,PREPARE
6299,24.60546875,-0.3355,-1.9127,6.6507,-0.9115,1,PREPARE
6300,24.609375,1.2066,-1.6152,3.0348,3.5977,1,PREPARE
6301,24.61328125,3.3425,1.4256,3.636,2.3585,1,PREPARE
6302,24.6171875,3.3382,-0.7673,4.3323,3.4925,1,PREPARE
6303,24.62109375,5.2794,5.1573,4.2929,2.1208,1,PREPARE
6304,24.625,7.7514,5.5121,3.2188,-1.7928,1,PREPARE
6305,24.62890625,6.0078,7.0707,0.393,-3.7757,1,PREPARE
6306,24.6328125,-2.8227,4.4208,4.4021,-3.0782,1,PREPARE
6307,24.63671875,2.0059,6.4313,3.5817,-5.3608,1,PREPARE
6308,24.640625,7.4272,7.1675,0.629,-5.9802,1,PREPARE
6309,24.64453125,3.4052,1.5459,-0.3036,-4.2863,1,PREPARE
6310,24.6484375,0.0195,2.5888,-3.0501,-5.0354,1,PREPARE
6311,24.65234375,1.666,1.0215,-1.1785,-5.4635,1,PREPARE
6312,24.65625,-2.2324,-0.9036,-5.9483,-1.0702,1,PREPARE
6313,24.66015625,-3.9169,-0.5935,-6.3684,-2.8038,1,PREPARE
6314,24.6640625,-1.6608,-0.2812,-0.3955,0.2197,1,PREPARE
6315,24.66796875,0.5561,-2.8551,-4.4906,-0.9298,1,PREPARE
6316,24.671875,-4.9099,-2.6213,-6.0893,-0.3609,1,PREPARE
6317,24.67578125,-3.3456,-3.092,-4.4372,0.9561,1,PREPARE
6318,24.6796875,-2.3057,-5.4677,-5.8575,7.4425,1,PREPARE
6319,24.68359375,-4.2178,-5.7212,-4.5149,4.9678,1,PREPARE
6320,24.6875,-3.263,-6.0116,-0.0705,7.2895,1,PREPARE
6321,24.69140625,-5.6566,-3.9096,-1.4065,9.6816,1,PREPARE
6322,24.6953125,1.6602,-2.0154,0.0172,3.3608,1,PREPARE
6323,24.69921875,-0.7715,-4.6917,-3.3426,8.642,1,PREPARE
6324,24.703125,3.6077,-1.0748,1.2226,1.2319,1,PREPARE
6325,24.70703125,1.3171,0.9846,3.4695,3.8377,1,PREPARE
6326,24.7109375,7.8117,-1.1444,6.5654,2.8039,1,PREPARE
6327,24.71484375,6.8226,-0.4706,5.024,-1.4232,1,PREPARE
6328,24.71875,5.7055,3.2629,6.4773,0.435,1,PREPARE
6329,24.72265625,4.7792,8.9795,8.0591,-1.8536,1,PREPARE
6330,24.7265625,4.6581,4.9006,4.5497,-2.8046,1,PREPARE
6331,24.73046875,2.2301,3.9341,0.8614,-2.9089,1,PREPARE
6332,24.734375,3.1598,2.8519,-0.7605,-6.385,1,PREPARE
6333,24.73828125,3.0698,3.801,3.0949,-0.0846,1,PREPARE
6334,24.7421875,4.2557,5.5156,-0.6134,-8.4295,1,PREPARE
6335,24.74609375,0.3173,3.7345,-2.1606,-4.2513,1,PREPARE
6336,24.75,0.0203,3.8389,-5.4256,-4.2748,1,PREPARE
6337,24.75390625,-1.7792,-2.4971,-4.4672,-1.3484,1,PREPARE
6338,24.7578125,-5.0288,-2.0923,-1.1267,-0.5965,1,PREPARE
6339,24.76171875,-0.1409,0.4552,-4.8142,-0.453,1,PREPARE
6340,24.765625,-1.3696,-2.886,-1.8533,-2.0645,1,PREPARE
6341,24.76953125,-6.169,-5.7706,-4.6269,-0.2077,1,PREPARE
6342,24.7734375,-5.2186,-4.0187,-5.5154,3.3725,1,PREPARE
6343,24.77734375,-6.2346,-3.8484,-4.1632,4.4938,1,PREPARE
6344,24.78125,-6.7877,-6.3303,-4.5686,5.7647,1,PREPARE
6345,24.78515625,-6.8097,-7.3446,-5.3406,4.4453,1,PREPARE
6346,24.7890625,-2.8348,-7.2329,-3.5611,2.9214,1,PREPARE
6347,24.79296875,-2.8914,0.3311,-0.0997,5.9544,1,PREPARE
6348,24.796875,-0.2275,-1.4603,3.7503,5.5643,1,PREPARE
6349,24.80078125,0.4869,2.3749,3.0254,4.4195,1,PREPARE
6350,24.8046875,5.346,0.5741,2.76,0.4129,1,PREPARE
6351,24.80859375,1.1671,2.45,5.004,-1.6625,1,PREPARE
6352,24.8125,7.1125,5.0943,0.6923,-1.7134,1,PREPARE
6353,24.81640625,8.0181,4.3202,6.8237,-7.0558,1,PREPARE
6354,24.8203125,5.0881,4.4701,6.7604,-1.0266,1,PREPARE
6355,24.82421875,2.0164,5.0756,7.0996,-7.0489,1,PREPARE
6356,24.828125,4.3103,6.221,2.0106,-3.2955,1,PREPARE
6357,24.83203125,4.582,6.3285,2.7863,-6.6712,1,PREPARE
6358,24.8359375,2.915,4.396,3.1334,-1.7347,1,PREPARE
6359,24.83984375,4.0511,4.3758,2.9108,-5.6539,1,PREPARE
6360,24.84375,-1.2496,3.49,4.6086,-5.7205,1,PREPARE
6361,24.84765625,0.9051,1.4799,0.4294,-1.6299,1,PREPARE
6362,24.8515625,-1.5074,1.5461,-2.4334,-3.5313,1,PREPARE
6363,24.85546875,-3.4536,2.2288,-2.2109,-3.0897,1,PREPARE
6364,24.859375,-4.043,1.1382,-2.2001,0.705,1,PREPARE
6365,24.86328125,-2.9278,-5.3496,-3.9577,2.5561,1,PREPARE
6366,24.8671875,-5.6218,-3.8175,-4.9946,6.7902,1,PREPARE
6367,24.87109375,-2.5809,-6.1657,-3.689,3.9175,1,PREPARE
6368,24.875,-5.8605,-1.4659,-1.7371,3.7215,1,PREPARE
6369,24.87890625,-1.6214,-8.3738,-6.2308,2.716,1,PREPARE
6370,24.8828125,-3.6521,-3.6613,-5.96,3.9062,1,PREPARE
6371,24.88671875,-7.0406,-6.6035,-2.7753,3.2928,1,PREPARE
6372,24.890625,-2.358,0.3662,-2.2202,3.1889,1,PREPARE
6373,24.89453125,1.4626,-6.5322,-0.719,4.2818,1,PREPARE
6374,24.8984375,-2.2645,-1.9264,2.7839,1.8262,1,PREPARE
6375,24.90234375,-0.0037,-0.6637,-1.9259,-1.2769,1,PREPARE
6376,24.90625,-1.8249,-1.2072,3.6004,2.1348,1,PREPARE
6377,24.91015625,3.861,3.4978,2.4224,-2.3864,1,PREPARE
6378,24.9140625,3.2814,0.5369,3.6476,1.7683,1,PREPARE
6379,24.91796875,4.155,5.0937,6.2015,-2.4783,1,PREPARE
6380,24.921875,5.8874,4.9862,5.7916,-0.2828,1,PREPARE
6381,24.92578125,2.2117,5.5144,5.6092,-6.539,1,PREPARE
6382,24.9296875,3.8025,5.7901,2.1284,-6.3217,1,PREPARE
6383,24.93359375,5.6067,5.4234,2.8529,-7.3671,1,PREPARE
6384,24.9375,2.2607,6.6067,2.8192,-1.5756,1,PREPARE
6385,24.94140625,2.4295,4.6366,0.9136,-2.7458,1,PREPARE
6386,24.9453125,2.2341,2.8915,3.2472,-0.5155,1,PREPARE
6387,24.94921875,1.3111,2.1099,1.5442,-4.3897,1,PREPARE
6388,24.953125,-1.0918,1.1874,-3.1506,0.3556,1,PREPARE
6389,24.95703125,-5.0364,-3.0054,-1.549,0.8931,1,PREPARE
6390,24.9609375,-0.6077,-1.934,-3.1619,2.8866,1,PREPARE
6391,24.96484375,-4.6249,-2.0332,-5.6281,2.1293,1,PREPARE
6392,24.96875,-6.8375,0.0246,-6.4707,4.8625,1,PREPARE
6393,24.97265625,-7.7607,-5.7437,-4.9643,7.3603,1,PREPARE
6394,24.9765625,-2.4752,-6.4897,-3.8306,4.355,1,PREPARE
6395,24.98046875,-4.9325,-4.9787,-7.505,3.8038,1,PREPARE
6396,24.984375,-2.876,-5.5637,-4.1847,4.2962,1,PREPARE
6397,24.98828125,-4.245,-3.0556,-1.7292,-0.9957,1,PREPARE
6398,24.9921875,-4.47,-5.6444,-4.2031,3.8581,1,PREPARE
6399,24.99609375,-3.06,0.7623,-1.6667,1.8661,1,PREPARE
6400,25.0,-4.5003,1.9183,-0.2172,-0.6643,1,PREPARE
6401,25.00390625,3.372,4.1485,3.0962,-0.3025,1,PREPARE
6402,25.0078125,0.6503,3.7806,3.8006,-3.6308,1,PREPARE
6403,25.01171875,3.5684,3.1152,4.6868,-3.1106,1,PREPARE
6404,25.015625,1.1786,5.5882,6.1442,-3.6357,1,PREPARE
6405,25.01953125,1.0938,6.1266,2.6449,-4.5025,1,PREPARE
6406,25.0234375,4.9451,6.2396,5.5178,-4.9235,1,PREPARE
6407,25.02734375,5.2895,3.5237,5.302,-1.9742,1,PREPARE
6408,25.03125,7.2005,10.283,5.6787,-2.1256,1,PREPARE
6409,25.03515625,4.0696,1.3649,6.9264,-4.809,1,PREPARE
6410,25.0390625,2.5663,0.7631,2.8065,-4.2721,1,PREPARE
6411,25.04296875,0.1165,0.2365,0.7924,-3.1517,1,PREPARE
6412,25.046875,1.1539,3.5568,2.0014,1.5118,1,PREPARE
6413,25.05078125,0.1925,3.1785,0.6533,1.7289,1,PREPARE
6414,25.0546875,0.7996,-1.2105,-2.5141,2.4739,1,PREPARE
6415,25.05859375,-2.3628,-3.468,-1.4511,2.0441,1,PREPARE
6416,25.0625,-2.9317,-6.1621,-4.5853,3.5571,1,PREPARE
6417,25.06640625,-3.8276,-7.5041,-7.4194,4.7884,1,PREPARE
6418,25.0703125,-2.9768,-2.4891,-6.1261,2.481,1,PREPARE
6419,25.07421875,-5.8825,-5.0319,-2.7399,4.1551,1,PREPARE
6420,25.078125,-4.4291,-5.6396,-4.8129,4.1181,1,PREPARE
6421,25.08203125,-6.6141,-4.2771,-4.2833,2.0953,1,PREPARE
6422,25.0859375,-3.5689,-5.3548,-2.3626,4.0433,1,PREPARE
6423,25.08984375,0.2702,-1.8939,-5.3914,2.6065,1,PREPARE
6424,25.09375,-3.2454,-1.9062,-3.5074,2.0404,1,PREPARE
6425,25.09765625,-3.6287,2.1467,-0.5037,0.2974,1,PREPARE
6426,25.1015625,1.654,-1.2523,0.5047,-1.704,1,PREPARE
6427,25.10546875,-3.4879,2.0926,2.0147,-2.601,1,PREPARE
6428,25.109375,5.9564,4.2842,4.1783,-5.3536,1,PREPARE
6429,25.11328125,4.1966,4.2485,3.0723,-3.2769,1,PREPARE
6430,25.1171875,4.961,8.4829,6.9589,-5.6158,1,PREPARE
6431,25.12109375,3.3927,6.7351,5.4363,-9.478,1,PREPARE
6432,25.125,5.5009,4.539,3.8885,-6.4076,1,PREPARE
6433,25.12890625,-0.6633,3.4999,6.9582,-3.5794,1,PREPARE
6434,25.1328125,5.9626,2.0088,5.5975,0.4366,1,PREPARE
6435,25.13671875,4.0284,4.2832,6.4853,-2.6752,1,PREPARE
6436,25.140625,1.8356,-0.5461,2.9157,-1.6807,1,PREPARE
6437,25.14453125,3.9343,1.2394,2.93,2.4956,1,PREPARE
6438,25.1484375,2.4257,0.465,5.3208,5.6535,1,PREPARE
6439,25.15234375,-1.3587,-1.441,-1.9013,5.2879,1,PREPARE
6440,25.15625,-2.535,-5.657,-2.3337,5.0437,1,PREPARE
6441,25.16015625,-2.8279,-4.1598,-0.2071,4.505,1,PREPARE
6442,25.1640625,-3.3679,-5.1733,-0.2685,7.9088,1,PREPARE
6443,25.16796875,-1.7777,-5.5848,-6.1288,4.6764,1,PREPARE
6444,25.171875,-3.8619,-3.4538,-6.1006,4.2272,1,PREPARE
6445,25.17578125,-7.6484,-5.2349,-8.1537,5.9659,1,PREPARE
6446,25.1796875,-5.1245,-3.0015,-8.3857,-0.0671,1,PREPARE
6447,25.18359375,-5.7346,-6.387,-8.6181,4.5821,1,PREPARE
6448,25.1875,-4.5207,-4.242,-2.5228,-0.1209,1,PREPARE
6449,25.19140625,-3.099,-5.144,-3.7343,2.5945,1,PREPARE
6450,25.1953125,-0.5953,1.15,-0.5584,0.3705,1,PREPARE
6451,25.19921875,2.2894,2.684,-2.9788,-3.666,1,PREPARE
6452,25.203125,1.6355,2.1846,-1.6611,-4.7296,1,PREPARE
6453,25.20703125,0.7414,-0.1858,1.8445,-5.1205,1,PREPARE
6454,25.2109375,4.1488,1.9284,-2.6003,-1.9825,1,PREPARE
6455,25.21484375,6.5389,2.5781,2.4286,-4.372,1,PREPARE
6456,25.21875,3.8065,6.6635,2.9352,-3.8272,1,PREPARE
6457,25.22265625,3.715,5.9278,4.5166,-4.458,1,PREPARE
6458,25.2265625,3.3264,5.6886,3.415,-4.44,1,PREPARE
6459,25.23046875,8.5759,1.9631,2.179,-1.3197,1,PREPARE
6460,25.234375,5.1413,3.5397,4.1201,-1.2019,1,PREPARE
6461,25.23828125,4.5503,4.8748,5.4126,3.5475,1,PREPARE
6462,25.2421875,1.0894,1.8095,3.556,1.8999,1,PREPARE
6463,25.24609375,2.1207,2.7721,5.0262,2.5237,1,PREPARE
6464,25.25,-0.4847,0.2537,0.3146,2.2876,1,PREPARE
6465,25.25390625,-0.1738,-3.6612,2.0756,2.201,1,PREPARE
6466,25.2578125,-0.7156,-2.1859,-1.3845,2.5198,1,PREPARE
6467,25.26171875,-4.4155,-5.6532,-2.5732,4.885,1,PREPARE
6468,25.265625,-5.0868,-8.5181,-2.8768,4.6414,1,PREPARE
6469,25.26953125,-3.4908,-4.9335,-3.7073,3.9449,1,PREPARE
6470,25.2734375,-6.9873,-6.7112,-7.7624,5.3414,1,PREPARE
6471,25.27734375,-6.448,-3.0718,0.121,4.2123,1,PREPARE
6472,25.28125,-3.2183,-4.9748,-4.4422,0.9018,1,PREPARE
6473,25.28515625,-4.6274,-1.4198,-2.2471,-0.0651,1,PREPARE
6474,25.2890625,-5.7269,-2.2346,-2.2182,-1.1909,1,PREPARE
6475,25.29296875,-1.9993,-0.8476,-4.7941,-2.2183,1,PREPARE
6476,25.296875,3.1497,-1.2393,-2.3463,-3.8393,1,PREPARE
6477,25.30078125,1.5863,2.5375,-3.1178,-6.5706,1,PREPARE
6478,25.3046875,1.5323,4.6019,-0.0897,-6.6347,1,PREPARE
6479,25.30859375,1.5075,3.7078,-0.1797,-3.3813,1,PREPARE
6480,25.3125,1.198,7.2246,3.9598,-5.1269,1,PREPARE
6481,25.31640625,1.2619,4.987,4.2011,-8.4083,1,PREPARE
6482,25.3203125,7.4076,3.5896,4.197,-4.6374,1,PREPARE
6483,25.32421875,6.8887,7.4853,7.2687,-2.4813,1,PREPARE
6484,25.328125,5.9796,1.3692,5.8511,0.3752,1,PREPARE
6485,25.33203125,4.3528,3.4885,4.4186,1.7792,1,PREPARE
6486,25.3359375,1.9817,0.4177,1.6327,2.3861,1,PREPARE
6487,25.33984375,6.3696,-0.116,4.8189,3.0046,1,PREPARE
6488,25.34375,3.5903,-0.2513,4.9099,2.6243,1,PREPARE
6489,25.34765625,-0.3513,-2.4536,2.4243,1.9352,1,PREPARE
6490,25.3515625,-0.4652,-1.9396,0.2073,3.3147,1,PREPARE
6491,25.35546875,-1.4663,-3.8015,0.592,6.8271,1,PREPARE
6492,25.359375,0.3683,-5.73,1.3991,7.3168,1,PREPARE
6493,25.36328125,-2.0337,-3.7285,-0.6007,5.7336,1,PREPARE
6494,25.3671875,-6.0606,-2.1885,-1.6576,3.3329,1,PREPARE
6495,25.37109375,-5.99,-4.5087,-4.3269,5.5362,1,PREPARE
6496,25.375,-3.0345,-4.6418,-4.574,1.6475,1,PREPARE
6497,25.37890625,-6.008,-5.538,-4.1202,0.5358,1,PREPARE
6498,25.3828125,-2.2338,-0.6543,-3.3863,-0.6321,1,PREPARE
6499,25.38671875,-4.2523,-0.8885,-4.4588,-1.6066,1,PREPARE
6500,25.390625,0.0809,0.8597,-4.6759,0.2691,1,PREPARE
6501,25.39453125,-3.8625,-1.4643,-0.158,-5.9383,1,PREPARE
6502,25.3984375,-0.1289,5.4465,0.0023,-8.1288,1,PREPARE
6503,25.40234375,0.3753,0.7618,-1.0052,-4.9375,1,PREPARE
6504,25.40625,1.7794,4.2038,-4.6065,-4.5466,1,PREPARE
6505,25.41015625,1.5882,7.6263,-1.4993,-4.2894,1,PREPARE
6506,25.4140625,1.4091,11.1432,1.6323,-3.6717,1,PREPARE
6507,25.41796875,3.7786,5.4464,1.9555,-1.509,1,PREPARE
6508,25.421875,5.2754,5.0626,2.6848,-4.8895,1,PREPARE
6509,25.42578125,5.0225,4.9354,3.234,-0.2115,1,PREPARE
6510,25.4296875,1.9877,3.5812,4.9037,-2.8408,1,PREPARE
6511,25.43359375,1.792,2.9148,3.9807,0.9393,1,PREPARE
6512,25.4375,4.7215,0.2756,8.1846,4.4191,1,PREPARE
6513,25.44140625,3.5366,-0.084,3.8288,6.9303,1,PREPARE
6514,25.4453125,-3.326,0.1369,4.2677,4.584,1,PREPARE
6515,25.44921875,1.8466,-5.1394,4.0891,10.8156,1,PREPARE
6516,25.453125,-2.7313,-4.6212,0.0339,4.6567,1,PREPARE
6517,25.45703125,0.7547,-6.2821,-1.3458,2.9666,1,PREPARE
6518,25.4609375,-7.7849,-4.2794,-0.9733,2.0927,1,PREPARE
6519,25.46484375,-4.5528,-2.4096,-0.6709,2.912,1,PREPARE
6520,25.46875,-4.1343,-4.3643,-5.283,4.4845,1,PREPARE
6521,25.47265625,-6.6891,-4.3682,-2.5784,-0.2832,1,PREPARE
6522,25.4765625,-4.8994,-6.7098,-5.6796,-0.0212,1,PREPARE
6523,25.48046875,-0.9137,-2.0557,-5.3745,-0.9826,1,PREPARE
6524,25.484375,-7.9948,-4.7977,-3.5899,0.3352,1,PREPARE
6525,25.48828125,-2.9126,0.311,-3.447,-4.4898,1,PREPARE
6526,25.4921875,-3.5006,3.0498,-4.1437,-6.8886,1,PREPARE
6527,25.49609375,-1.8438,2.0073,-5.3465,-6.1972,1,PREPARE
6528,25.5,-5.2924,3.0263,-5.4439,-4.1636,1,PREPARE
6529,25.50390625,3.8338,1.5741,0.7941,-1.9551,1,PREPARE
6530,25.5078125,3.2868,4.9482,-0.4578,-3.5744,1,PREPARE
6531,25.51171875,4.6199,2.5271,-2.8213,-1.9711,1,PREPARE
6532,25.515625,5.5481,3.3408,-2.5745,-2.9752,1,PREPARE
6533,25.51953125,7.0032,2.3076,1.1569,-1.4381,1,PREPARE
6534,25.5234375,2.8897,7.6551,2.6574,3.4242,1,PREPARE
6535,25.52734375,6.7166,2.6264,3.2385,3.2421,1,PREPARE
6536,25.53125,5.634,3.5167,7.9288,1.944,1,PREPARE
6537,25.53515625,6.0473,1.1157,10.8981,3.064,1,PREPARE
6538,25.5390625,2.2399,-3.017,5.9468,2.4854,1,PREPARE
6539,25.54296875,2.8861,0.4492,4.4474,3.0937,1,PREPARE
6540,25.546875,0.8338,-0.7273,2.2611,5.7995,1,PREPARE
6541,25.55078125,1.5005,0.4933,4.2943,6.5387,1,PREPARE
6542,25.5546875,-0.083,-4.1797,0.8684,4.8814,1,PREPARE
6543,25.55859375,-2.3193,-4.656,-0.0063,5.8654,1,PREPARE
6544,25.5625,-1.2575,-4.007,-4.5028,-0.7918,1,PREPARE
6545,25.56640625,-5.4395,-6.431,-3.4278,0.6917,1,PREPARE
6546,25.5703125,-2.0513,-1.9901,-1.1217,2.2184,1,PREPARE
6547,25.57421875,-2.4231,-4.9554,-0.5815,-2.4947,1,PREPARE
6548,25.578125,-8.3827,-2.4568,-1.4618,-3.1398,1,PREPARE
6549,25.58203125,-2.7377,-0.5844,-0.3562,-5.9421,1,PREPARE
6550,25.5859375,0.655,-1.0478,-4.3702,-7.6159,1,PREPARE
6551,25.58984375,-3.3995,2.9111,-2.5108,-3.8399,1,PREPARE
6552,25.59375,-3.1685,2.3341,-6.8903,-4.098,1,PREPARE
6553,25.59765625,-3.2314,0.752,-5.6232,-2.8917,1,PREPARE
6554,25.6015625,5.2783,2.8593,-0.5297,-4.6453,1,PREPARE
6555,25.60546875,5.6595,5.8691,-1.1939,-6.879,1,PREPARE
6556,25.609375,2.6412,7.0761,1.0114,-5.4463,1,PREPARE
6557,25.61328125,2.986,4.5008,-3.0119,-2.5053,1,PREPARE
6558,25.6171875,-0.1521,5.9108,1.0278,1.6921,1,PREPARE
6559,25.62109375,1.4429,1.7221,-0.3054,0.7815,1,PREPARE
6560,25.625,4.1948,5.6942,3.5213,2.9755,1,PREPARE
6561,25.62890625,4.2765,2.0997,3.1761,0.4944,1,PREPARE
6562,25.6328125,2.0603,0.7476,8.5088,3.0283,1,PREPARE
6563,25.63671875,4.5388,-0.3425,2.6514,5.9352,1,PREPARE
6564,25.640625,0.1096,-0.4207,4.7294,5.0528,1,PREPARE
6565,25.64453125,2.1257,-3.3386,2.6192,5.6895,1,PREPARE
6566,25.6484375,0.4032,0.3446,2.4853,4.7366,1,PREPARE
6567,25.65234375,0.7664,-2.9974,-0.4611,5.8399,1,PREPARE
6568,25.65625,-0.6014,-3.3715,2.2094,0.4801,1,PREPARE
6569,25.66015625,-2.9944,-3.6383,2.609,4.0212,1,PREPARE
6570,25.6640625,-4.8503,-3.9507,2.1728,-2.2701,1,PREPARE
6571,25.66796875,-5.5522,-6.6339,-1.8789,-1.0673,1,PREPARE
6572,25.671875,-0.1326,-3.5118,-3.6962,-5.3224,1,PREPARE
6573,25.67578125,-3.7115,-3.7088,-6.0668,-1.0288,1,PREPARE
6574,25.6796875,-4.8634,-3.0085,-2.8988,-5.3535,1,PREPARE
6575,25.68359375,-5.9805,1.2873,-6.7056,-5.3988,1,PREPARE
6576,25.6875,-5.6651,0.2406,-3.9536,-1.1708,1,PREPARE
6577,25.69140625,0.3109,2.1105,-5.897,-3.7437,1,PREPARE
6578,25.6953125,-3.176,-1.006,-8.4692,-6.4935,1,PREPARE
6579,25.69921875,0.4184,5.115,-2.5955,-3.3441,1,PREPARE
6580,25.703125,-2.5673,3.0163,-3.7552,0.651,1,PREPARE
6581,25.70703125,0.002,4.1438,-0.1983,-2.5774,1,PREPARE
6582,25.7109375,3.1626,3.2319,-1.7534,0.084,1,PREPARE
6583,25.71484375,5.1274,6.9253,-2.6387,0.0479,1,PREPARE
6584,25.71875,0.9981,6.9019,3.0302,-0.5781,1,PREPARE
6585,25.72265625,2.9933,3.0579,4.8743,4.1569,1,PREPARE
6586,25.7265625,4.0768,4.1417,4.913,2.3763,1,PREPARE
6587,25.73046875,3.5952,5.8576,3.024,5.8638,1,PREPARE
6588,25.734375,4.5947,3.7086,3.8168,3.9565,1,PREPARE
6589,25.73828125,5.6022,-4.4234,3.5616,3.3197,1,PREPARE
6590,25.7421875,2.8254,0.2183,7.6684,5.9245,1,PREPARE
6591,25.74609375,0.2568,-2.894,3.2566,7.7997,1,PREPARE
6592,25.75,-2.0563,-0.0306,4.2519,2.2147,1,PREPARE
6593,25.75390625,-4.646,-2.8758,1.4201,3.9708,1,PREPARE
6594,25.7578125,-3.7482,-5.5156,3.7709,-1.1346,1,PREPARE
6595,25.76171875,-2.4791,-2.8652,1.8862,1.7873,1,PREPARE
6596,25.765625,-4.2653,-2.1596,0.7775,-0.5251,1,PREPARE
6597,25.76953125,-3.0896,-3.897,-4.713,-0.0371,1,PREPARE
6598,25.7734375,-1.7907,-1.3244,-2.8069,-1.3224,1,PREPARE
6599,25.77734375,-4.3047,-4.9694,-5.997,-5.6607,1,PREPARE
6600,25.78125,-8.368,-1.7729,-2.357,-6.3152,1,PREPARE
6601,25.78515625,-5.9168,-0.1636,1.105,-4.8409,1,PREPARE
6602,25.7890625,0.673,0.4235,-7.8174,-5.4318,1,PREPARE
6603,25.79296875,-1.7241,2.2561,-8.4163,-3.9925,1,PREPARE
6604,25.796875,1.0408,5.0216,-7.1596,-0.6086,1,PREPARE
6605,25.80078125,-0.1069,5.8596,-1.4656,-0.6946,1,PREPARE
6606,25.8046875,0.8715,5.2704,-2.561,-4.3306,1,PREPARE
6607,25.80859375,4.8596,3.5998,-1.529,-1.3843,1,PREPARE
6608,25.8125,3.154,5.4966,0.2518,0.9946,1,PREPARE
6609,25.81640625,4.5059,4.7139,1.5007,0.2304,1,PREPARE
6610,25.8203125,2.5634,0.9132,0.5886,-0.5968,1,PREPARE
6611,25.82421875,6.6606,1.3645,1.8719,1.2664,1,PREPARE
6612,25.828125,7.323,1.555,0.0139,1.9737,1,PREPARE
6613,25.83203125,5.4168,-2.0309,5.6536,-0.2797,1,PREPARE
6614,25.8359375,3.6757,-3.3949,4.1597,4.628,1,PREPARE
6615,25.83984375,3.3393,-2.797,6.6083,2.0483,1,PREPARE
6616,25.84375,4.0995,-0.9646,3.9319,0.7749,1,PREPARE
6617,25.84765625,0.0599,-4.3159,7.1504,3.0522,1,PREPARE
6618,25.8515625,-2.1165,-6.5966,3.0839,5.1241,1,PREPARE
6619,25.85546875,0.5656,-4.3332,4.2815,1.892,1,PREPARE
6620,25.859375,-0.5535,-4.2545,1.3048,-0.1599,1,PREPARE
6621,25.86328125,-3.3015,-5.0606,3.3064,-2.039,1,PREPARE
6622,25.8671875,-5.3386,-5.0008,2.6635,-4.1023,1,PREPARE
6623,25.87109375,-4.0386,-5.7207,1.5738,-3.9877,1,PREPARE
6624,25.875,-9.5099,1.1356,-3.8675,-6.6703,1,PREPARE
6625,25.87890625,-9.1323,-2.7669,-2.7153,-6.1055,1,PREPARE
6626,25.8828125,-2.006,1.6162,-3.0607,-6.7691,1,PREPARE
6627,25.88671875,0.3821,0.8713,-4.6742,-5.7756,1,PREPARE
6628,25.890625,-4.0536,2.4311,-4.513,-7.544,1,PREPARE
6629,25.89453125,-5.2047,2.7766,-4.7735,-2.498,1,PREPARE
6630,25.8984375,-0.874,2.9343,-6.1415,0.3009,1,PREPARE
6631,25.90234375,-2.0851,4.6563,-4.1207,1.7881,1,PREPARE
6632,25.90625,0.8942,3.9308,-0.3681,2.8138,1,PREPARE
6633,25.91015625,3.3884,3.0246,-3.0318,2.917,1,PREPARE
6634,25.9140625,1.7036,6.1553,-1.223,5.5258,1,PREPARE
6635,25.91796875,4.2473,3.738,3.3605,3.9653,1,PREPARE
6636,25.921875,5.5183,3.8761,4.0682,7.2918,1,PREPARE
6637,25.92578125,3.503,-0.7351,1.7375,6.1254,1,PREPARE
6638,25.9296875,7.8235,-0.9751,4.0509,2.0571,1,PREPARE
6639,25.93359375,2.5296,-0.4891,3.6899,8.0928,1,PREPARE
6640,25.9375,2.9727,-3.5385,3.5746,4.4446,1,PREPARE
6641,25.94140625,0.8087,-4.264,6.5062,2.9354,1,PREPARE
6642,25.9453125,2.2595,-5.307,4.4895,4.6099,1,PREPARE
6643,25.94921875,1.4117,-4.1278,4.7465,4.2305,1,PREPARE
6644,25.953125,1.7671,-7.0499,0.589,1.5022,1,PREPARE
6645,25.95703125,0.8885,-7.0827,3.1112,-0.6492,1,PREPARE
6646,25.9609375,-4.7777,-4.9115,0.9945,-1.6916,1,PREPARE
6647,25.96484375,-5.2925,-3.6089,-0.9939,-2.4063,1,PREPARE
6648,25.96875,-4.5085,-4.5643,-0.0597,-1.9469,1,PREPARE
6649,25.97265625,-5.1664,1.5993,0.0378,-3.8664,1,PREPARE
6650,25.9765625,0.1806,3.7538,-0.9589,-7.959,1,PREPARE
6651,25.98046875,-5.3567,0.4031,-2.146,-2.9223,1,PREPARE
6652,25.984375,-2.6384,-1.5851,-4.3807,-1.3297,1,PREPARE
6653,25.98828125,-2.0099,7.2281,-3.0167,-6.2663,1,PREPARE
6654,25.9921875,-3.2653,-0.4306,-8.9332,0.9099,1,PREPARE
6655,25.99609375,-2.6978,1.4345,-8.6127,-1.4248,1,PREPARE
6656,26.0,-1.9376,6.3873,-5.5168,-1.52,1,PREPARE
6657,26.00390625,2.7578,7.775,-2.4357,1.6193,1,PREPARE
6658,26.0078125,4.9587,3.3422,-2.0751,2.4336,1,PREPARE
6659,26.01171875,4.7039,3.6664,-0.6824,6.3347,1,PREPARE
6660,26.015625,0.0124,4.944,-7.3995,4.2799,1,PREPARE
6661,26.01953125,3.4845,4.7772,-2.7583,1.5812,1,PREPARE
6662,26.0234375,2.594,8.0937,1.3945,2.823,1,PREPARE
6663,26.02734375,6.4967,0.9532,-0.1034,4.1369,1,PREPARE
6664,26.03125,4.2948,2.7543,2.0992,1.4011,1,PREPARE
6665,26.03515625,3.2068,-2.9127,5.9099,1.7269,1,PREPARE
6666,26.0390625,5.4389,-1.4242,1.6336,1.8678,1,PREPARE
6667,26.04296875,0.471,-4.5075,6.9421,3.0812,1,PREPARE
6668,26.046875,1.9326,-1.3223,4.0485,1.9254,1,PREPARE
6669,26.05078125,-0.0017,-1.5812,8.818,-3.7225,1,PREPARE
6670,26.0546875,0.8824,-10.7901,6.5096,-5.6955,1,PREPARE
6671,26.05859375,-3.3094,-7.3089,5.5871,-3.6601,1,PREPARE
6672,26.0625,-0.1162,-3.3094,1.0433,-3.9463,1,PREPARE
6673,26.06640625,-2.9282,-5.9387,2.8843,-1.4999,1,PREPARE
6674,26.0703125,-5.0051,-4.5568,-0.6581,-4.3045,1,PREPARE
6675,26.07421875,-2.6279,-4.5477,-2.9162,-6.3514,1,PREPARE
6676,26.078125,-7.2836,-3.2133,-2.4526,-5.1314,1,PREPARE
6677,26.08203125,-3.2297,-1.0879,-3.4795,-2.5463,1,PREPARE
6678,26.0859375,-3.9139,3.0575,-2.0912,-2.8105,1,PREPARE
6679,26.08984375,-3.6882,5.0568,-3.6718,-3.5679,1,PREPARE
6680,26.09375,-1.6233,3.6094,-8.6201,2.2452,1,PREPARE
6681,26.09765625,2.4825,2.134,-5.0759,-1.4698,1,PREPARE
6682,26.1015625,1.6992,3.8486,-4.0289,2.3408,1,PREPARE
6683,26.10546875,-1.6138,5.1291,-4.9682,4.2404,1,PREPARE
6684,26.109375,1.9862,4.2344,-3.8838,6.3413,1,PREPARE
6685,26.11328125,2.4971,8.1738,-7.0683,4.7725,1,PREPARE
6686,26.1171875,3.9347,5.8662,-4.3408,3.0715,1,PREPARE
6687,26.12109375,7.0557,3.5744,2.7661,6.6181,1,PREPARE
6688,26.125,8.0508,3.4629,3.6828,4.5369,1,PREPARE
6689,26.12890625,3.3157,3.0281,4.6214,-0.1099,1,PREPARE
6690,26.1328125,2.4684,-0.7174,2.4805,3.9995,1,PREPARE
6691,26.13671875,4.9247,0.0416,4.1236,-0.4702,1,PREPARE
6692,26.140625,5.9604,-1.7874,5.5354,2.9039,1,PREPARE
6693,26.14453125,3.8871,-2.8692,5.4447,-0.775,1,PREPARE
6694,26.1484375,-0.7368,-4.9302,6.4923,-1.0377,1,PREPARE
6695,26.15234375,-0.0603,-4.4471,6.9224,-7.4376,1,PREPARE
6696,26.15625,-3.2647,-4.87,8.4217,-5.5055,1,PREPARE
6697,26.16015625,6.2271,-5.9091,5.6945,0.7383,3,RIGHT_MI
6698,26.1640625,-0.3159,0.081,11.3646,-0.1675,3,RIGHT_MI
6699,26.16796875,1.6445,0.171,7.5605,-5.3389,3,RIGHT_MI
6700,26.171875,-0.052,-0.629,3.2193,-10.7787,3,RIGHT_MI
6701,26.17578125,-5.1568,4.2214,-0.1206,-0.4121,3,RIGHT_MI
6702,26.1796875,-6.1309,4.1479,-4.8562,-5.9155,3,RIGHT_MI
6703,26.18359375,-5.1357,1.7544,-1.6625,-8.0424,3,RIGHT_MI
6704,26.1875,-9.3415,1.1688,-6.0711,-9.1159,3,RIGHT_MI
6705,26.19140625,-6.9088,-0.4619,-14.0438,-1.722,3,RIGHT_MI
6706,26.1953125,-8.672,6.3575,-10.1499,0.2162,3,RIGHT_MI
6707,26.19921875,-3.6237,4.8912,-3.242,5.0493,3,RIGHT_MI
6708,26.203125,0.9686,11.2139,-4.5256,8.4275,3,RIGHT_MI
6709,26.20703125,5.83,11.1158,-9.6801,11.3763,3,RIGHT_MI
6710,26.2109375,2.8796,6.2195,-1.4279,11.8093,3,RIGHT_MI
6711,26.21484375,0.7447,6.5452,-5.9981,12.1541,3,RIGHT_MI
6712,26.21875,2.6963,1.0549,1.8128,8.9557,3,RIGHT_MI
6713,26.22265625,1.5038,2.5855,2.2752,6.5641,3,RIGHT_MI
6714,26.2265625,2.8039,-1.5561,-4.3315,2.775,3,RIGHT_MI
6715,26.23046875,-0.6408,-5.2492,2.4391,1.2049,3,RIGHT_MI
6716,26.234375,-3.414,-8.1526,1.6195,0.7002,3,RIGHT_MI
6717,26.23828125,0.2979,-10.2842,-1.5017,-3.0632,3,RIGHT_MI
6718,26.2421875,2.7117,-13.8536,4.7688,-3.9891,3,RIGHT_MI
6719,26.24609375,0.6272,-12.7454,4.6132,-3.5774,3,RIGHT_MI
6720,26.25,3.2656,-5.1725,6.4111,-9.2733,3,RIGHT_MI
6721,26.25390625,2.5169,-6.0622,2.7218,-3.2842,3,RIGHT_MI
6722,26.2578125,1.7926,-3.4216,14.6127,-7.7195,3,RIGHT_MI
6723,26.26171875,1.3182,-1.3268,11.289,4.3023,3,RIGHT_MI
6724,26.265625,0.514,-4.6207,2.6221,-1.7967,3,RIGHT_MI
6725,26.26953125,-5.0152,-0.64,7.0369,-1.7478,3,RIGHT_MI
6726,26.2734375,2.7404,0.8842,3.8299,-3.1509,3,RIGHT_MI
6727,26.27734375,0.2752,-5.2323,-0.5072,-6.4055,3,RIGHT_MI
6728,26.28125,-4.0261,1.6132,-6.0153,-5.0432,3,RIGHT_MI
6729,26.28515625,-6.7282,2.8829,-5.6846,-4.216,3,RIGHT_MI
6730,26.2890625,-5.7802,0.203,-4.4821,-1.4904,3,RIGHT_MI
6731,26.29296875,-1.6701,0.611,-11.7915,-0.0457,3,RIGHT_MI
6732,26.296875,-5.7712,5.4503,-0.8017,9.0456,3,RIGHT_MI
6733,26.30078125,-4.7758,4.6037,-6.3624,2.3543,3,RIGHT_MI
6734,26.3046875,0.6221,7.9778,-2.3446,4.1858,3,RIGHT_MI
6735,26.30859375,2.9215,6.8129,-2.9772,10.4492,3,RIGHT_MI
6736,26.3125,6.6289,6.0356,-1.9797,8.0832,3,RIGHT_MI
6737,26.31640625,4.9322,4.8489,-3.7979,9.1091,3,RIGHT_MI
6738,26.3203125,10.5103,4.7269,-5.1705,2.2622,3,RIGHT_MI
6739,26.32421875,4.9583,-5.199,-0.2721,1.7042,3,RIGHT_MI
6740,26.328125,-2.7822,-7.174,4.917,1.2581,3,RIGHT_MI
6741,26.33203125,0.658,-8.0536,-3.3817,1.6882,3,RIGHT_MI
6742,26.3359375,2.3655,-3.2537,2.7484,-7.5782,3,RIGHT_MI
6743,26.33984375,2.1729,-9.1776,5.1667,-11.7406,3,RIGHT_MI
6744,26.34375,-3.4956,-7.4137,5.0778,-8.4325,3,RIGHT_MI
6745,26.34765625,-3.064,-5.9622,7.0754,-5.4596,3,RIGHT_MI
6746,26.3515625,-2.298,-6.735,3.4416,-6.6109,3,RIGHT_MI
6747,26.35546875,1.9283,-3.4637,5.9319,-2.7952,3,RIGHT_MI
6748,26.359375,2.2966,-0.2324,9.1158,-8.4609,3,RIGHT_MI
6749,26.36328125,-1.4916,-5.0456,8.9163,0.3256,3,RIGHT_MI
6750,26.3671875,2.8571,-6.6921,9.1316,4.9538,3,RIGHT_MI
6751,26.37109375,1.176,-0.5526,-0.8317,-3.1762,3,RIGHT_MI
6752,26.375,1.6004,2.8551,3.0906,-6.0659,3,RIGHT_MI
6753,26.37890625,-12.7943,-4.5941,-6.1318,1.7865,3,RIGHT_MI
6754,26.3828125,-4.0786,2.5546,-8.7669,-2.5969,3,RIGHT_MI
6755,26.38671875,-7.9842,1.4006,-7.4165,-0.9966,3,RIGHT_MI
6756,26.390625,0.7976,7.5428,-4.1507,0.1345,3,RIGHT_MI
6757,26.39453125,-3.0808,4.524,-6.1516,-0.7822,3,RIGHT_MI
6758,26.3984375,-1.2192,9.5262,-8.8317,4.496,3,RIGHT_MI
6759,26.40234375,-1.1974,10.5951,-3.7528,5.9781,3,RIGHT_MI
6760,26.40625,-0.7755,14.2996,-0.072,3.2664,3,RIGHT_MI
6761,26.41015625,1.5121,6.1059,-0.8889,13.4085,3,RIGHT_MI
6762,26.4140625,7.6357,6.8619,-1.8931,9.6076,3,RIGHT_MI
6763,26.41796875,7.5463,7.5971,-0.994,10.713,3,RIGHT_MI
6764,26.421875,3.8202,1.8517,0.0066,5.8914,3,RIGHT_MI
6765,26.42578125,-1.5183,-1.4456,-3.9343,-1.735,3,RIGHT_MI
6766,26.4296875,0.1907,-8.6926,1.2863,-1.6498,3,RIGHT_MI
6767,26.43359375,-2.2464,-5.7345,2.4107,-8.9032,3,RIGHT_MI
6768,26.4375,-3.2912,-9.2,0.6901,-6.3137,3,RIGHT_MI
6769,26.44140625,-3.7571,-9.8997,-2.903,-6.916,3,RIGHT_MI
6770,26.4453125,-1.202,-8.0766,0.4616,-9.6569,3,RIGHT_MI
6771,26.44921875,1.0324,-9.9559,7.4717,-3.9183,3,RIGHT_MI
6772,26.453125,2.7634,-5.4211,6.5656,-0.1565,3,RIGHT_MI
6773,26.45703125,0.9273,0.9528,8.2635,-5.9373,3,RIGHT_MI
6774,26.4609375,2.2251,0.7711,10.8242,3.1284,3,RIGHT_MI
6775,26.46484375,1.1022,-5.7477,6.4301,-2.1935,3,RIGHT_MI
6776,26.46875,0.8189,0.8022,4.918,-3.1345,3,RIGHT_MI
6777,26.47265625,0.3766,2.2271,6.321,-1.552,3,RIGHT_MI
6778,26.4765625,-1.4046,1.6659,-6.0584,-7.0806,3,RIGHT_MI
6779,26.48046875,-2.7062,-0.2142,2.4166,1.5582,3,RIGHT_MI
6780,26.484375,-0.9007,-4.0561,-2.811,-4.3039,3,RIGHT_MI
6781,26.48828125,-10.0892,2.5021,-7.5561,1.3748,3,RIGHT_MI
6782,26.4921875,-6.8897,2.5015,-0.0957,-0.6683,3,RIGHT_MI
6783,26.49609375,-2.6288,7.892,-10.1211,10.8804,3,RIGHT_MI
6784,26.5,6.8141,3.3139,-7.4929,-0.6582,3,RIGHT_MI
6785,26.50390625,-3.2716,4.9911,-6.8888,8.3686,3,RIGHT_MI
6786,26.5078125,3.1598,7.0802,-6.3035,1.5174,3,RIGHT_MI
6787,26.51171875,6.1954,5.646,-4.5716,9.0595,3,RIGHT_MI
6788,26.515625,2.1441,6.8583,-1.0398,-0.3597,3,RIGHT_MI
6789,26.51953125,-1.8194,0.5051,-7.8291,-1.1973,3,RIGHT_MI
6790,26.5234375,3.8849,-0.1226,-1.8585,2.0704,3,RIGHT_MI
6791,26.52734375,6.4502,-8.2156,-3.9519,-4.6582,3,RIGHT_MI
6792,26.53125,-1.723,-2.0926,-0.525,-1.3112,3,RIGHT_MI
6793,26.53515625,-5.889,-9.9444,-0.1852,-7.1835,3,RIGHT_MI
6794,26.5390625,0.8794,-11.2866,3.4018,-9.3073,3,RIGHT_MI
6795,26.54296875,-4.8865,-8.9421,5.4859,-13.2325,3,RIGHT_MI
6796,26.546875,2.2655,-8.462,6.1824,-5.1497,3,RIGHT_MI
6797,26.55078125,0.154,-5.0047,2.8262,-8.2576,3,RIGHT_MI
6798,26.5546875,1.1653,-5.711,14.9666,-6.9948,3,RIGHT_MI
6799,26.55859375,3.2033,1.1707,12.6587,-7.3341,3,RIGHT_MI
6800,26.5625,2.0977,3.5816,6.3914,3.3935,3,RIGHT_MI
6801,26.56640625,0.335,2.997,10.2808,-4.0368,3,RIGHT_MI
6802,26.5703125,3.2709,2.7733,3.1368,-4.5867,3,RIGHT_MI
6803,26.57421875,0.3397,0.7173,4.6643,-1.9389,3,RIGHT_MI
6804,26.578125,-2.6611,2.6058,-4.3029,-1.0971,3,RIGHT_MI
6805,26.58203125,-6.0903,0.4258,-2.0796,1.9856,3,RIGHT_MI
6806,26.5859375,-2.0385,2.9549,-4.471,1.1664,3,RIGHT_MI
6807,26.58984375,-4.2379,0.6506,-8.3545,2.5149,3,RIGHT_MI
6808,26.59375,-0.2575,6.6197,-8.9092,-0.4089,3,RIGHT_MI
6809,26.59765625,-0.538,11.195,-8.4219,2.4745,3,RIGHT_MI
6810,26.6015625,4.7291,3.9378,-2.6504,9.9863,3,RIGHT_MI
6811,26.60546875,4.3286,9.7713,-4.6614,11.2211,3,RIGHT_MI
6812,26.609375,2.958,1.2725,-3.3787,8.9908,3,RIGHT_MI
6813,26.61328125,6.2038,4.187,-1.6363,4.742,3,RIGHT_MI
6814,26.6171875,2.9382,2.2165,0.4198,7.7227,3,RIGHT_MI
6815,26.62109375,5.1804,-1.1198,0.8967,-0.548,3,RIGHT_MI
6816,26.625,0.8889,-6.1044,-5.7288,-2.4861,3,RIGHT_MI
6817,26.62890625,-2.4972,-2.6135,-6.7544,-2.925,3,RIGHT_MI
6818,26.6328125,-2.2244,-9.6668,-3.1247,-8.9413,3,RIGHT_MI
6819,26.63671875,0.2234,-8.3265,0.5137,-3.6693,3,RIGHT_MI
6820,26.640625,-4.0083,-6.664,0.8542,-13.0209,3,RIGHT_MI
6821,26.64453125,-4.151,-7.8136,-0.7115,-1.0803,3,RIGHT_MI
6822,26.6484375,-6.6571,-7.1987,0.9575,-7.5696,3,RIGHT_MI
6823,26.65234375,-3.2009,-3.9568,6.5528,-3.5504,3,RIGHT_MI
6824,26.65625,-1.0261,-3.0784,3.7808,-0.3588,3,RIGHT_MI
6825,26.66015625,4.2925,-0.6238,4.3718,-2.8976,3,RIGHT_MI
6826,26.6640625,1.723,1.103,6.4496,1.4215,3,RIGHT_MI
6827,26.66796875,-2.1662,3.5216,10.7363,11.3175,3,RIGHT_MI
6828,26.671875,-0.4886,10.5332,-1.7484,3.1301,3,RIGHT_MI
6829,26.67578125,2.3093,2.0585,0.8752,1.3388,3,RIGHT_MI
6830,26.6796875,-0.9938,5.5269,-2.2514,3.7461,3,RIGHT_MI
6831,26.68359375,-0.1666,0.5337,-4.3229,-1.3535,3,RIGHT_MI
6832,26.6875,-3.7483,3.7082,-2.5369,1.9814,3,RIGHT_MI
6833,26.69140625,-3.2354,1.3286,-6.9666,3.5586,3,RIGHT_MI
6834,26.6953125,-5.3844,-1.783,-3.9709,-1.8013,3,RIGHT_MI
6835,26.69921875,1.8374,6.5245,-6.2401,8.2103,3,RIGHT_MI
6836,26.703125,2.5157,4.8349,-0.6564,4.9135,3,RIGHT_MI
6837,26.70703125,1.5148,7.3874,-6.7461,3.6253,3,RIGHT_MI
6838,26.7109375,7.9883,10.0598,-1.738,6.1931,3,RIGHT_MI
6839,26.71484375,6.9704,5.6498,0.3033,2.6125,3,RIGHT_MI
6840,26.71875,7.4118,4.7975,-0.7361,-1.5365,3,RIGHT_MI
6841,26.72265625,0.3967,3.0278,-0.4646,-1.7821,3,RIGHT_MI
6842,26.7265625,7.4203,-5.2034,-6.6458,-1.4707,3,RIGHT_MI
6843,26.73046875,0.8556,-8.5504,1.6204,-4.1923,3,RIGHT_MI
6844,26.734375,-4.8058,-6.6785,-4.7582,-2.4979,3,RIGHT_MI
6845,26.73828125,-2.1144,-1.9811,-0.2879,-7.6601,3,RIGHT_MI
6846,26.7421875,2.1831,-10.6686,7.2071,-4.3251,3,RIGHT_MI
6847,26.74609375,-2.1829,-6.9705,4.9176,-5.976,3,RIGHT_MI
6848,26.75,-6.1514,-8.9708,2.228,1.4836,3,RIGHT_MI
6849,26.75390625,0.694,0.8342,8.2261,-3.1704,3,RIGHT_MI
6850,26.7578125,2.3881,-0.9459,2.1081,0.215,3,RIGHT_MI
6851,26.76171875,-0.1728,-0.4563,10.1058,2.4037,3,RIGHT_MI
6852,26.765625,3.1574,6.4785,3.8944,7.5225,3,RIGHT_MI
6853,26.76953125,0.2818,-0.3963,10.4003,4.2143,3,RIGHT_MI
6854,26.7734375,-8.8723,4.1545,6.0061,8.184,3,RIGHT_MI
6855,26.77734375,-6.1645,2.7104,4.7763,5.1067,3,RIGHT_MI
6856,26.78125,-3.0819,8.0603,-1.041,0.0537,3,RIGHT_MI
6857,26.78515625,-0.3018,9.2425,-0.1109,0.7165,3,RIGHT_MI
6858,26.7890625,-4.7417,-1.9578,-3.0844,-1.1243,3,RIGHT_MI
6859,26.79296875,-0.2954,1.5528,-4.0028,-3.0444,3,RIGHT_MI
6860,26.796875,-0.4226,5.9335,-5.3119,4.6033,3,RIGHT_MI
6861,26.80078125,-1.6274,8.4161,-0.6078,6.2055,3,RIGHT_MI
6862,26.8046875,-1.0811,1.2799,-2.9869,5.7661,3,RIGHT_MI
6863,26.80859375,6.0775,7.8582,-1.8888,5.3136,3,RIGHT_MI
6864,26.8125,1.2806,7.8471,-1.8326,1.6682,3,RIGHT_MI
6865,26.81640625,-1.3899,6.1384,-3.7709,-2.0051,3,RIGHT_MI
6866,26.8203125,10.8392,-2.4335,2.6161,-2.6922,3,RIGHT_MI
6867,26.82421875,2.7501,-6.4639,-5.6336,-2.7587,3,RIGHT_MI
6868,26.828125,0.1863,-11.3108,-2.439,-4.0867,3,RIGHT_MI
6869,26.83203125,-1.2787,-12.6314,-1.8912,-4.783,3,RIGHT_MI
6870,26.8359375,1.0493,-7.7452,1.5242,-7.1681,3,RIGHT_MI
6871,26.83984375,-3.8164,-5.8984,4.2118,-13.0125,3,RIGHT_MI
6872,26.84375,-1.3665,-3.9271,0.3708,-6.194,3,RIGHT_MI
6873,26.84765625,-1.3196,-5.2065,0.1393,-12.6478,3,RIGHT_MI
6874,26.8515625,3.5226,1.6887,7.3084,-2.0937,3,RIGHT_MI
6875,26.85546875,6.1304,-1.6023,9.7559,2.158,3,RIGHT_MI
6876,26.859375,5.6553,-0.6577,8.6492,-0.9262,3,RIGHT_MI
6877,26.86328125,0.5972,1.0984,7.2022,5.2571,3,RIGHT_MI
6878,26.8671875,-0.4473,14.4214,10.8706,10.7343,3,RIGHT_MI
6879,26.87109375,-0.6222,5.7294,2.0106,6.1459,3,RIGHT_MI
6880,26.875,-2.0894,5.9224,11.6343,5.3268,3,RIGHT_MI
6881,26.87890625,0.3964,3.0551,4.7922,3.5256,3,RIGHT_MI
6882,26.8828125,-3.8101,2.4716,-2.9117,1.1658,3,RIGHT_MI
6883,26.88671875,-0.0306,1.8159,-2.5083,3.5402,3,RIGHT_MI
6884,26.890625,-7.3993,3.5592,-5.4352,0.13,3,RIGHT_MI
6885,26.89453125,-6.9818,-4.671,-5.8311,0.0413,3,RIGHT_MI
6886,26.8984375,-6.8109,2.9991,-4.2299,0.2384,3,RIGHT_MI
6887,26.90234375,-3.6976,1.9683,-0.1534,2.2757,3,RIGHT_MI
6888,26.90625,5.6253,1.5053,-1.7799,-2.7145,3,RIGHT_MI
6889,26.91015625,12.3554,1.2005,-1.5856,1.1962,3,RIGHT_MI
6890,26.9140625,3.933,2.8352,-7.5765,-1.1118,3,RIGHT_MI
6891,26.91796875,5.0135,2.6566,-4.3471,-1.7566,3,RIGHT_MI
6892,26.921875,-1.0526,-2.9497,-8.0764,-6.9811,3,RIGHT_MI
6893,26.92578125,1.1916,-5.1613,-8.7296,-1.4863,3,RIGHT_MI
6894,26.9296875,-2.0423,-6.8939,-8.2704,-11.4845,3,RIGHT_MI
6895,26.93359375,0.6215,-15.3612,1.2104,-9.6518,3,RIGHT_MI
6896,26.9375,-0.3551,-9.8502,0.0609,-10.5392,3,RIGHT_MI
6897,26.94140625,-3.6603,-4.214,-0.0381,-6.9441,3,RIGHT_MI
6898,26.9453125,-0.0896,-13.7923,2.9959,-2.9524,3,RIGHT_MI
6899,26.94921875,-2.3174,-2.2353,4.8294,-1.1072,3,RIGHT_MI
6900,26.953125,1.4406,-0.1141,6.5648,0.545,3,RIGHT_MI
6901,26.95703125,8.2896,-2.3344,8.3718,8.4584,3,RIGHT_MI
6902,26.9609375,3.8478,6.9498,12.7919,5.6208,3,RIGHT_MI
6903,26.96484375,6.3378,5.6497,14.0761,1.4276,3,RIGHT_MI
6904,26.96875,5.4055,3.1112,2.7441,8.0147,3,RIGHT_MI
6905,26.97265625,-1.5151,7.2219,8.448,8.9846,3,RIGHT_MI
6906,26.9765625,-6.3403,3.7812,6.1488,-0.4604,3,RIGHT_MI
6907,26.98046875,-2.0277,2.07,4.116,4.818,3,RIGHT_MI
6908,26.984375,-1.7367,-0.4034,-2.9575,3.3484,3,RIGHT_MI
6909,26.98828125,-2.9775,4.7134,-2.8522,-0.6907,3,RIGHT_MI
6910,26.9921875,2.7812,1.8657,-1.2032,1.1411,3,RIGHT_MI
6911,26.99609375,0.1548,1.1927,-3.4957,1.6347,3,RIGHT_MI
6912,27.0,1.5471,3.3745,-5.3356,0.5137,3,RIGHT_MI
6913,27.00390625,-2.8192,4.4894,1.1226,-2.8205,3,RIGHT_MI
6914,27.0078125,1.0002,0.6206,-0.7588,1.372,3,RIGHT_MI
6915,27.01171875,4.189,7.1646,0.1348,-2.8314,3,RIGHT_MI
6916,27.015625,6.1023,1.329,-3.8818,0.4243,3,RIGHT_MI
6917,27.01953125,1.2376,-4.9126,-6.7919,-2.9098,3,RIGHT_MI
6918,27.0234375,4.3062,-5.9858,-5.4732,-4.4919,3,RIGHT_MI
6919,27.02734375,-1.3311,-5.6982,-4.1724,-4.0953,3,RIGHT_MI
6920,27.03125,0.6343,-10.1379,-3.5076,-8.6099,3,RIGHT_MI
6921,27.03515625,-3.8323,-8.6976,-6.6443,-10.5476,3,RIGHT_MI
6922,27.0390625,6.2246,-9.5387,-4.6722,-11.3206,3,RIGHT_MI
6923,27.04296875,-2.2769,-4.0566,-8.9735,-2.8952,3,RIGHT_MI
6924,27.046875,1.0578,-9.6023,4.8082,-3.4344,3,RIGHT_MI
6925,27.05078125,-4.2632,-2.1653,5.9154,2.0471,3,RIGHT_MI
6926,27.0546875,-0.7752,-4.4317,9.1009,7.459,3,RIGHT_MI
6927,27.05859375,-2.4725,2.502,8.9634,7.4352,3,RIGHT_MI
6928,27.0625,8.1502,7.0721,5.6567,4.1548,3,RIGHT_MI
6929,27.06640625,-1.9759,3.7724,10.8445,7.7586,3,RIGHT_MI
6930,27.0703125,-3.96,7.4543,9.5755,9.2045,3,RIGHT_MI
6931,27.07421875,-2.2894,3.8569,8.8461,9.4275,3,RIGHT_MI
6932,27.078125,-7.7688,4.2553,6.6436,8.7947,3,RIGHT_MI
6933,27.08203125,-5.6654,3.1024,2.847,2.5408,3,RIGHT_MI
6934,27.0859375,-0.4798,1.9413,-0.6218,-0.326,3,RIGHT_MI
6935,27.08984375,-8.833,0.2747,-5.6464,-2.5799,3,RIGHT_MI
6936,27.09375,-0.9962,-2.0036,-4.7948,-1.3197,3,RIGHT_MI
6937,27.09765625,0.4269,-3.0671,-1.9626,-0.9044,3,RIGHT_MI
6938,27.1015625,5.4915,1.6129,1.9798,-3.0965,3,RIGHT_MI
6939,27.10546875,5.3457,7.9461,-3.2199,-3.5038,3,RIGHT_MI
6940,27.109375,1.113,1.5914,-2.3017,-2.5572,3,RIGHT_MI
6941,27.11328125,4.2178,3.5507,-1.0218,1.8374,3,RIGHT_MI
6942,27.1171875,-0.2337,-1.157,-1.1123,-6.2651,3,RIGHT_MI
6943,27.12109375,0.367,2.4855,-2.1744,-3.0765,3,RIGHT_MI
6944,27.125,1.1978,-6.4647,-3.7719,-4.5197,3,RIGHT_MI
6945,27.12890625,3.1052,-1.0587,-3.901,-8.1628,3,RIGHT_MI
6946,27.1328125,5.7295,-3.6259,-1.1393,-3.2953,3,RIGHT_MI
6947,27.13671875,0.0426,-9.8427,-2.5853,-5.2268,3,RIGHT_MI
6948,27.140625,1.1419,-10.9437,-2.5121,-6.0597,3,RIGHT_MI
6949,27.14453125,-1.906,-12.8258,1.5605,-1.8188,3,RIGHT_MI
6950,27.1484375,-2.6113,-1.6643,4.7676,1.8181,3,RIGHT_MI
6951,27.15234375,-1.0834,-0.1772,7.3897,2.9812,3,RIGHT_MI
6952,27.15625,3.9977,-3.7184,3.8274,5.8608,3,RIGHT_MI
6953,27.16015625,-1.4137,5.209,10.0549,4.3527,3,RIGHT_MI
6954,27.1640625,-2.2207,2.9319,9.4212,9.8816,3,RIGHT_MI
6955,27.16796875,2.3838,10.7714,10.6129,4.2215,3,RIGHT_MI
6956,27.171875,-2.5403,7.929,8.9571,3.8834,3,RIGHT_MI
6957,27.17578125,-5.5877,2.2224,2.7305,6.3483,3,RIGHT_MI
6958,27.1796875,-3.6097,-0.2203,2.4454,1.4245,3,RIGHT_MI
6959,27.18359375,-1.8613,5.8915,-1.4603,-4.0792,3,RIGHT_MI
6960,27.1875,-4.6612,2.8459,0.2464,1.2097,3,RIGHT_MI
6961,27.19140625,-8.9141,0.6688,-6.5664,-2.13,3,RIGHT_MI
6962,27.1953125,-4.9793,0.8416,-1.6514,-9.2592,3,RIGHT_MI
6963,27.19921875,-1.9423,-1.3404,-2.2674,-2.319,3,RIGHT_MI
6964,27.203125,6.2693,3.5735,-2.754,-1.868,3,RIGHT_MI
6965,27.20703125,1.8028,-1.7321,-8.8673,-1.3869,3,RIGHT_MI
6966,27.2109375,3.1978,0.865,1.9635,-2.0869,3,RIGHT_MI
6967,27.21484375,3.9836,-0.0608,-4.8903,-5.1209,3,RIGHT_MI
6968,27.21875,4.4247,0.3569,-3.7342,-0.8793,3,RIGHT_MI
6969,27.22265625,5.2382,-4.8034,-7.107,-3.5223,3,RIGHT_MI
6970,27.2265625,4.2583,-5.0245,-6.5251,-8.5675,3,RIGHT_MI
6971,27.23046875,1.1045,-10.1898,-6.065,-4.1029,3,RIGHT_MI
6972,27.234375,-4.6107,-14.1877,-12.9524,-7.693,3,RIGHT_MI
6973,27.23828125,0.0963,-8.7772,-8.2589,-4.1581,3,RIGHT_MI
6974,27.2421875,-4.1599,-8.2555,-6.3888,-1.3973,3,RIGHT_MI
6975,27.24609375,0.6339,-2.2516,-5.7124,3.8524,3,RIGHT_MI
6976,27.25,0.734,-2.2895,3.295,4.5846,3,RIGHT_MI
6977,27.25390625,0.074,0.8483,8.922,4.9171,3,RIGHT_MI
6978,27.2578125,0.9954,-0.1758,4.3079,6.5286,3,RIGHT_MI
6979,27.26171875,16.3106,2.8101,6.893,3.6697,3,RIGHT_MI
6980,27.265625,-5.9349,3.2212,2.8738,10.4319,3,RIGHT_MI
6981,27.26953125,-2.3777,9.143,10.4882,10.2218,3,RIGHT_MI
6982,27.2734375,-1.4428,6.2676,12.9348,-0.8591,3,RIGHT_MI
6983,27.27734375,-1.0739,7.3806,-0.7466,-3.0491,3,RIGHT_MI
6984,27.28125,-7.4213,5.826,4.8035,-3.7433,3,RIGHT_MI
6985,27.28515625,-5.3737,0.7596,3.5249,-1.8829,3,RIGHT_MI
6986,27.2890625,-11.4726,2.3783,2.7602,-1.2581,3,RIGHT_MI
6987,27.29296875,-4.1164,-5.5509,-0.5717,-5.6313,3,RIGHT_MI
6988,27.296875,-2.2357,4.223,-4.9582,-2.5117,3,RIGHT_MI
6989,27.30078125,0.4286,3.6164,-3.1547,-6.138,3,RIGHT_MI
6990,27.3046875,5.3188,-0.5925,1.1654,-5.9349,3,RIGHT_MI
6991,27.30859375,3.9365,-0.0505,-4.3525,1.1103,3,RIGHT_MI
6992,27.3125,3.464,-1.1168,-2.598,-1.4857,3,RIGHT_MI
6993,27.31640625,4.0237,-0.5388,-2.4032,0.2215,3,RIGHT_MI
6994,27.3203125,0.5751,-6.9148,-0.5956,-3.5712,3,RIGHT_MI
6995,27.32421875,0.549,-4.3554,-1.9739,-2.0383,3,RIGHT_MI
6996,27.328125,4.9478,-4.8632,-8.5065,-0.8293,3,RIGHT_MI
6997,27.33203125,-5.249,-8.4827,-9.685,0.8212,3,RIGHT_MI
6998,27.3359375,-1.6403,-9.8551,-9.0922,-6.1327,3,RIGHT_MI
6999,27.33984375,-1.4709,-2.5525,-8.1866,3.1085,3,RIGHT_MI
7000,27.34375,-0.6068,-6.1218,-5.5033,0.7159,3,RIGHT_MI
7001,27.34765625,1.1933,-1.1662,1.5505,2.031,3,RIGHT_MI
7002,27.3515625,-1.0099,-4.4813,1.6957,4.0487,3,RIGHT_MI
7003,27.35546875,2.5802,2.1903,9.5719,4.6104,3,RIGHT_MI
7004,27.359375,1.9697,7.3206,8.2206,8.0657,3,RIGHT_MI
7005,27.36328125,1.3263,7.8243,8.4187,11.9211,3,RIGHT_MI
7006,27.3671875,-0.5471,5.0262,8.1692,9.3321,3,RIGHT_MI
7007,27.37109375,0.7971,6.1167,7.3904,3.9572,3,RIGHT_MI
7008,27.375,-1.1663,5.7941,1.4795,4.9644,3,RIGHT_MI
7009,27.37890625,-6.5434,8.4746,6.1286,-1.7992,3,RIGHT_MI
7010,27.3828125,-1.6922,2.1897,-2.9345,-8.1546,3,RIGHT_MI
7011,27.38671875,-2.8131,0.0413,1.6059,-3.7693,3,RIGHT_MI
7012,27.390625,-5.7976,-2.4618,-3.4069,-7.0238,3,RIGHT_MI
7013,27.39453125,0.011,0.8372,0.0056,-4.8762,3,RIGHT_MI
7014,27.3984375,-1.8151,3.062,-0.3445,-12.2111,3,RIGHT_MI
7015,27.40234375,4.0843,-1.2032,-5.9523,-1.2028,3,RIGHT_MI
7016,27.40625,2.6447,-1.2293,-2.6295,-1.1957,3,RIGHT_MI
7017,27.41015625,7.7296,-3.9403,-6.2569,-4.5251,3,RIGHT_MI
7018,27.4140625,7.9688,-2.8669,-5.0906,-0.2717,3,RIGHT_MI
7019,27.41796875,3.5331,-10.9507,-0.6847,-4.1004,3,RIGHT_MI
7020,27.421875,3.7567,-4.5993,-1.9932,-0.4628,3,RIGHT_MI
7021,27.42578125,2.9739,-7.1771,-4.7385,-5.0919,3,RIGHT_MI
7022,27.4296875,4.0411,-7.9762,-4.3342,-3.3292,3,RIGHT_MI
7023,27.43359375,0.5477,-8.5682,-3.6309,4.3741,3,RIGHT_MI
7024,27.4375,-0.9219,-3.2951,-4.8115,1.7253,3,RIGHT_MI
7025,27.44140625,-5.2333,-7.1795,-8.7005,0.3838,3,RIGHT_MI
7026,27.4453125,0.7301,-3.2098,-8.4844,4.1693,3,RIGHT_MI
7027,27.44921875,-0.1516,2.3664,1.2468,4.1093,3,RIGHT_MI
7028,27.453125,-2.4462,-4.763,2.8402,4.9931,3,RIGHT_MI
7029,27.45703125,1.8359,4.4161,2.7727,8.897,3,RIGHT_MI
7030,27.4609375,-1.3393,8.029,11.1567,7.5817,3,RIGHT_MI
7031,27.46484375,1.633,7.4185,2.8422,4.4514,3,RIGHT_MI
7032,27.46875,0.3826,3.4283,6.4968,3.7996,3,RIGHT_MI
7033,27.47265625,-2.823,7.6318,5.8641,0.4675,3,RIGHT_MI
7034,27.4765625,-0.905,2.0941,8.255,-1.4326,3,RIGHT_MI
7035,27.48046875,-6.8023,4.7083,4.7705,-1.212,3,RIGHT_MI
7036,27.484375,-6.3157,5.9229,1.9939,-0.9364,3,RIGHT_MI
7037,27.48828125,-6.7247,2.836,2.7225,-6.5797,3,RIGHT_MI
7038,27.4921875,0.8431,-0.0884,4.4461,-12.1235,3,RIGHT_MI
7039,27.49609375,-7.8584,1.423,6.3159,-5.4085,3,RIGHT_MI
7040,27.5,-0.8232,-0.5046,2.5441,-7.4412,3,RIGHT_MI
7041,27.50390625,0.6159,-1.6198,-1.9581,-5.1156,3,RIGHT_MI
7042,27.5078125,2.2064,0.3323,-0.5989,-0.5949,3,RIGHT_MI
7043,27.51171875,4.1643,-2.8579,-3.7351,-2.6004,3,RIGHT_MI
7044,27.515625,3.955,0.7217,-0.2168,3.7159,3,RIGHT_MI
7045,27.51953125,3.3907,-6.6918,-1.9003,-0.7647,3,RIGHT_MI
7046,27.5234375,1.3336,-7.3575,-6.937,4.2131,3,RIGHT_MI
7047,27.52734375,3.0742,-9.977,-5.2968,2.1644,3,RIGHT_MI
7048,27.53125,5.409,-2.518,-8.5916,-1.3611,3,RIGHT_MI
7049,27.53515625,-3.3558,-2.0135,-8.5308,-0.9757,3,RIGHT_MI
7050,27.5390625,0.7866,-4.3284,-10.3175,2.6309,3,RIGHT_MI
7051,27.54296875,-1.1073,-10.308,-4.4413,3.9801,3,RIGHT_MI
7052,27.546875,0.5509,-4.4218,-4.3286,0.4609,3,RIGHT_MI
7053,27.55078125,2.8421,0.9849,-2.2766,9.7637,3,RIGHT_MI
7054,27.5546875,1.9113,4.2104,3.4992,10.5852,3,RIGHT_MI
7055,27.55859375,1.9677,-1.4997,5.0043,3.2692,3,RIGHT_MI
7056,27.5625,-1.4359,8.4751,6.324,5.2255,3,RIGHT_MI
7057,27.56640625,4.0644,9.9948,9.0882,1.6787,3,RIGHT_MI
7058,27.5703125,-0.3795,10.6005,4.5898,-0.2853,3,RIGHT_MI
7059,27.57421875,-1.9969,9.127,9.9407,3.4022,3,RIGHT_MI
7060,27.578125,0.412,9.0051,3.7339,-1.7379,3,RIGHT_MI
7061,27.58203125,0.4911,8.7984,1.5521,-7.7031,3,RIGHT_MI
7062,27.5859375,-4.9303,3.1418,1.0623,-12.9646,3,RIGHT_MI
7063,27.58984375,-4.7381,-1.8515,-2.1263,-11.8269,3,RIGHT_MI
7064,27.59375,-3.4119,4.206,-0.0388,-7.2641,3,RIGHT_MI
7065,27.59765625,-2.8786,1.5946,6.2813,-6.268,3,RIGHT_MI
7066,27.6015625,-5.4815,2.0867,-1.1028,-3.2244,3,RIGHT_MI
7067,27.60546875,-2.254,-3.3056,3.478,-1.7882,3,RIGHT_MI
7068,27.609375,1.4252,1.4133,6.6767,-1.9132,3,RIGHT_MI
7069,27.61328125,3.6303,0.263,3.7558,-3.089,3,RIGHT_MI
7070,27.6171875,1.7109,-1.2857,-3.3029,0.1142,3,RIGHT_MI
7071,27.62109375,7.184,-3.7169,-2.6494,6.1843,3,RIGHT_MI
7072,27.625,-2.0223,-7.2393,-9.421,4.8308,3,RIGHT_MI
7073,27.62890625,1.6038,-4.7647,-8.028,3.0129,3,RIGHT_MI
7074,27.6328125,-0.9604,-7.2988,-0.6615,8.9725,3,RIGHT_MI
7075,27.63671875,-5.9985,-6.9812,-7.5251,-1.4844,3,RIGHT_MI
7076,27.640625,-4.3633,-7.964,-8.8287,1.9387,3,RIGHT_MI
7077,27.64453125,-0.3153,-1.0818,-7.549,2.3343,3,RIGHT_MI
7078,27.6484375,-1.6543,2.5532,-5.1742,4.4435,3,RIGHT_MI
7079,27.65234375,-0.6451,-0.0308,0.6063,7.5829,3,RIGHT_MI
7080,27.65625,-1.4887,5.8975,1.1075,0.7893,3,RIGHT_MI
7081,27.66015625,0.8989,2.0225,7.6156,4.1553,3,RIGHT_MI
7082,27.6640625,0.1466,7.2094,5.8323,2.6035,3,RIGHT_MI
7083,27.66796875,4.5047,7.7113,7.1973,3.2868,3,RIGHT_MI
7084,27.671875,-3.2182,5.4562,1.3653,-2.0508,3,RIGHT_MI
7085,27.67578125,2.9002,5.3202,4.4289,-1.1494,3,RIGHT_MI
7086,27.6796875,-2.4231,4.1085,-0.2163,-8.4378,3,RIGHT_MI
7087,27.68359375,-4.8817,0.3496,7.5884,-6.1154,3,RIGHT_MI
7088,27.6875,-5.0274,-1.3818,3.0394,-4.8115,3,RIGHT_MI
7089,27.69140625,-4.0083,6.302,-0.3918,-8.9052,3,RIGHT_MI
7090,27.6953125,-3.3693,-4.1223,2.7779,-4.233,3,RIGHT_MI
7091,27.69921875,3.7069,1.9367,-1.1855,-5.0798,3,RIGHT_MI
7092,27.703125,2.3526,2.7608,1.4511,1.9552,3,RIGHT_MI
7093,27.70703125,3.2071,-3.9423,7.6582,2.5206,3,RIGHT_MI
7094,27.7109375,2.5622,-2.0952,3.5067,-4.136,3,RIGHT_MI
7095,27.71484375,5.056,0.6992,4.4054,1.7423,3,RIGHT_MI
7096,27.71875,6.3469,-10.4039,1.9242,0.924,3,RIGHT_MI
7097,27.72265625,7.3243,-8.8554,-3.4855,4.4351,3,RIGHT_MI
7098,27.7265625,2.387,-8.513,-9.0746,3.6133,3,RIGHT_MI
7099,27.73046875,7.9798,-6.8721,-8.1328,4.326,3,RIGHT_MI
7100,27.734375,-8.0605,-9.9649,-13.3721,1.559,3,RIGHT_MI
7101,27.73828125,-2.3582,-1.1162,-4.4973,4.0213,3,RIGHT_MI
7102,27.7421875,-3.1635,-2.6351,-5.25,2.0344,3,RIGHT_MI
7103,27.74609375,-4.0792,-6.9347,-4.562,6.4793,3,RIGHT_MI
7104,27.75,3.2857,3.0027,-4.2117,13.1363,3,RIGHT_MI
7105,27.75390625,1.6939,4.7318,1.9683,0.6774,3,RIGHT_MI
7106,27.7578125,5.9239,9.4552,0.6994,6.4456,3,RIGHT_MI
7107,27.76171875,5.37,12.4963,2.2713,-0.6557,3,RIGHT_MI
7108,27.765625,-1.5655,11.801,13.1892,7.1889,3,RIGHT_MI
7109,27.76953125,4.1698,8.8604,-0.9391,2.7423,3,RIGHT_MI
7110,27.7734375,1.2795,2.0295,1.1763,-1.1218,3,RIGHT_MI
7111,27.77734375,-4.6348,5.198,4.3906,-9.6642,3,RIGHT_MI
7112,27.78125,-2.7102,3.5913,-1.2835,-2.027,3,RIGHT_MI
7113,27.78515625,-5.2279,2.6176,5.1591,-9.4249,3,RIGHT_MI
7114,27.7890625,-7.755,-0.1664,1.9964,-7.2064,3,RIGHT_MI
7115,27.79296875,-7.0448,-5.9769,8.4093,-4.6963,3,RIGHT_MI
7116,27.796875,-6.9501,-0.8134,-2.4528,-5.5388,3,RIGHT_MI
7117,27.80078125,-5.0781,-3.883,-0.7556,-4.3406,3,RIGHT_MI
7118,27.8046875,-3.0386,5.8738,6.0005,-2.8545,3,RIGHT_MI
7119,27.80859375,0.6787,-3.0475,-0.3813,3.7703,3,RIGHT_MI
7120,27.8125,4.0015,-1.1231,3.5209,3.7803,3,RIGHT_MI
7121,27.81640625,1.234,0.1912,-0.941,7.4524,3,RIGHT_MI
7122,27.8203125,9.6827,-0.7448,0.3976,4.3626,3,RIGHT_MI
7123,27.82421875,3.4074,-8.3352,-3.318,7.767,3,RIGHT_MI
7124,27.828125,3.4119,-7.6293,-6.0452,7.617,3,RIGHT_MI
7125,27.83203125,-3.185,-5.5376,-4.7738,3.5191,3,RIGHT_MI
7126,27.8359375,6.0008,-3.6565,-15.3406,1.6361,3,RIGHT_MI
7127,27.83984375,0.5018,-2.8683,-6.121,3.8251,3,RIGHT_MI
7128,27.84375,0.5385,-4.4688,-3.4399,8.5955,3,RIGHT_MI
7129,27.84765625,-2.7151,2.706,-5.2034,2.5298,3,RIGHT_MI
7130,27.8515625,5.7512,7.8916,-4.4457,0.8095,3,RIGHT_MI
7131,27.85546875,-2.6303,6.7019,4.237,1.6618,3,RIGHT_MI
7132,27.859375,3.0209,7.8018,7.8689,1.5924,3,RIGHT_MI
7133,27.86328125,-4.3758,11.7128,3.7216,-1.24,3,RIGHT_MI
7134,27.8671875,3.5501,10.2931,7.7441,0.9748,3,RIGHT_MI
7135,27.87109375,-3.3472,1.7914,3.9486,0.2616,3,RIGHT_MI
7136,27.875,3.8477,-0.4068,10.163,-8.4018,3,RIGHT_MI
7137,27.87890625,-0.7687,3.398,-0.0611,-11.6761,3,RIGHT_MI
7138,27.8828125,-1.6448,3.0358,-0.1805,-10.1466,3,RIGHT_MI
7139,27.88671875,1.1699,2.012,4.2912,-5.6028,3,RIGHT_MI
7140,27.890625,-1.839,-8.7757,3.0055,-11.0938,3,RIGHT_MI
7141,27.89453125,-6.2645,-6.4469,1.4606,-7.8601,3,RIGHT_MI
7142,27.8984375,-0.5394,-1.8677,-1.5087,-5.1453,3,RIGHT_MI
7143,27.90234375,-3.7033,-4.633,2.5302,2.5542,3,RIGHT_MI
7144,27.90625,0.696,-7.1595,4.2845,-1.5215,3,RIGHT_MI
7145,27.91015625,2.6787,-2.2341,-0.1911,5.7297,3,RIGHT_MI
7146,27.9140625,6.5457,-0.7331,-0.7421,5.3129,3,RIGHT_MI
7147,27.91796875,4.4032,-2.459,-5.6761,5.5197,3,RIGHT_MI
7148,27.921875,4.0805,-4.9787,-3.4681,5.8734,3,RIGHT_MI
7149,27.92578125,4.5282,-1.3901,-5.0491,4.4914,3,RIGHT_MI
7150,27.9296875,-1.9266,-6.3498,-9.2619,3.6432,3,RIGHT_MI
7151,27.93359375,-0.186,-0.7446,-10.6686,7.0949,3,RIGHT_MI
7152,27.9375,-1.3571,-2.8951,-7.4815,2.1477,3,RIGHT_MI
7153,27.94140625,-1.7205,-1.269,-6.6007,4.5544,3,RIGHT_MI
7154,27.9453125,-5.1807,-2.4651,-6.411,-1.0755,3,RIGHT_MI
7155,27.94921875,0.3217,3.363,2.8247,3.1845,3,RIGHT_MI
7156,27.953125,0.3954,5.072,-1.6167,-6.2719,3,RIGHT_MI
7157,27.95703125,7.4454,7.2269,0.7555,-3.6973,3,RIGHT_MI
7158,27.9609375,2.7394,11.0477,0.8412,0.3445,3,RIGHT_MI
7159,27.96484375,0.0755,11.1935,3.2898,-0.1692,3,RIGHT_MI
7160,27.96875,4.0972,8.4272,9.3921,-8.9985,3,RIGHT_MI
7161,27.97265625,0.2094,5.216,10.8513,-1.9458,3,RIGHT_MI
7162,27.9765625,0.6295,3.8858,2.4659,-5.3146,3,RIGHT_MI
7163,27.98046875,1.5765,0.1176,2.5598,-8.0481,3,RIGHT_MI
7164,27.984375,-4.2442,-1.9524,1.3861,-9.6177,3,RIGHT_MI
7165,27.98828125,-4.0419,-6.3881,3.1034,-10.736,3,RIGHT_MI
7166,27.9921875,-12.2014,-1.4263,-0.982,-5.58,3,RIGHT_MI
7167,27.99609375,-7.4725,-3.8576,7.8462,-2.4611,3,RIGHT_MI
7168,28.0,0.6235,-6.7765,7.3639,3.0984,3,RIGHT_MI
7169,28.00390625,-3.5583,-4.5622,8.4166,5.0398,3,RIGHT_MI
7170,28.0078125,0.9884,-2.3687,3.5521,9.73,3,RIGHT_MI
7171,28.01171875,3.9485,1.1987,6.5994,10.0209,3,RIGHT_MI
7172,28.015625,6.7474,-2.4081,7.1242,6.4058,3,RIGHT_MI
7173,28.01953125,1.1186,-5.6227,-1.1706,5.2893,3,RIGHT_MI
7174,28.0234375,4.3537,-4.4734,1.0504,8.0144,3,RIGHT_MI
7175,28.02734375,1.7139,0.1647,-5.285,5.2776,3,RIGHT_MI
7176,28.03125,2.6657,2.2059,-10.081,-1.4751,3,RIGHT_MI
7177,28.03515625,0.2492,-6.4196,-10.6772,1.3785,3,RIGHT_MI
7178,28.0390625,-6.4492,-1.2538,-7.9992,1.3172,3,RIGHT_MI
7179,28.04296875,-2.2784,-5.9284,-5.5902,4.0623,3,RIGHT_MI
7180,28.046875,1.3277,3.5083,-5.6031,-0.2503,3,RIGHT_MI
7181,28.05078125,1.4886,6.2049,2.0838,-4.2133,3,RIGHT_MI
7182,28.0546875,-2.2996,10.7276,-2.0858,-4.6767,3,RIGHT_MI
7183,28.05859375,1.8262,11.6251,0.6691,-3.5119,3,RIGHT_MI
7184,28.0625,3.0256,15.3005,8.9052,-2.1746,3,RIGHT_MI
7185,28.06640625,-3.4577,8.2993,-0.8636,-5.6189,3,RIGHT_MI
7186,28.0703125,-5.3469,7.7671,8.4041,-5.5245,3,RIGHT_MI
7187,28.07421875,-2.2676,6.6038,2.4275,-10.128,3,RIGHT_MI
7188,28.078125,-1.8688,1.0801,7.5376,-8.7738,3,RIGHT_MI
7189,28.08203125,-5.7228,-1.0754,2.8495,-3.6146,3,RIGHT_MI
7190,28.0859375,-4.7816,1.7162,8.0799,-10.7817,3,RIGHT_MI
7191,28.08984375,1.4483,-0.4715,2.2152,-3.2383,3,RIGHT_MI
7192,28.09375,-2.0681,-2.8346,4.5099,-6.4614,3,RIGHT_MI
7193,28.09765625,-3.1254,-3.4635,2.3966,1.6425,3,RIGHT_MI
7194,28.1015625,3.6883,-4.6329,4.4446,2.0418,3,RIGHT_MI
7195,28.10546875,2.4965,-4.3301,2.6505,8.5591,3,RIGHT_MI
7196,28.109375,1.8018,-2.2779,1.5488,8.8377,3,RIGHT_MI
7197,28.11328125,2.5256,-5.1591,-0.1897,11.3637,3,RIGHT_MI
7198,28.1171875,8.835,-3.4365,0.6989,10.6535,3,RIGHT_MI
7199,28.12109375,4.7833,1.0222,-1.3336,8.7042,3,RIGHT_MI
7200,28.125,0.4723,1.2838,-7.9168,10.1755,3,RIGHT_MI
7201,28.12890625,-3.9579,-10.661,-4.2216,4.5257,3,RIGHT_MI
7202,28.1328125,-3.537,-5.5787,-8.9764,-1.371,3,RIGHT_MI
7203,28.13671875,-3.7901,-3.6473,-13.9779,-1.8004,3,RIGHT_MI
7204,28.140625,-0.349,2.3413,-10.8089,-1.3876,3,RIGHT_MI
7205,28.14453125,-4.7582,4.2187,-1.6633,-2.7713,3,RIGHT_MI
7206,28.1484375,-2.0489,4.3185,-5.9413,-6.0769,3,RIGHT_MI
7207,28.15234375,-2.2877,6.5334,-5.1668,-3.4196,3,RIGHT_MI
7208,28.15625,3.6021,4.8573,2.2545,-6.9292,3,RIGHT_MI
7209,28.16015625,6.4609,5.2268,-0.3336,-0.6232,3,RIGHT_MI
7210,28.1640625,-2.5665,10.755,-0.0406,-3.2543,3,RIGHT_MI
7211,28.16796875,-0.0572,6.3343,1.4708,-1.2522,3,RIGHT_MI
7212,28.171875,1.3471,5.5931,-0.5132,-5.3466,3,RIGHT_MI
7213,28.17578125,-2.2049,4.7131,6.2899,-1.3054,3,RIGHT_MI
7214,28.1796875,-2.8698,0.5328,4.3376,-1.9136,3,RIGHT_MI
7215,28.18359375,-9.3297,-3.5791,8.2052,-6.8377,3,RIGHT_MI
7216,28.1875,-4.2466,-2.1742,6.6119,-4.3213,3,RIGHT_MI
7217,28.19140625,1.0623,-5.6718,0.5987,-5.437,3,RIGHT_MI
7218,28.1953125,-3.5293,-6.0187,3.0238,2.4855,3,RIGHT_MI
7219,28.19921875,-4.634,-10.1318,4.4465,5.0241,3,RIGHT_MI
7220,28.203125,4.9918,-5.484,3.8303,3.8811,3,RIGHT_MI
7221,28.20703125,3.575,-5.1434,10.9314,4.3978,3,RIGHT_MI
7222,28.2109375,4.832,-10.2885,4.2948,14.5895,3,RIGHT_MI
7223,28.21484375,2.0801,-0.28,6.1381,9.676,3,RIGHT_MI
7224,28.21875,6.2828,-4.3129,-1.6279,4.9532,3,RIGHT_MI
7225,28.22265625,0.6927,-2.6564,4.0783,6.663,3,RIGHT_MI
7226,28.2265625,2.2906,-4.3014,-7.1716,-0.2745,3,RIGHT_MI
7227,28.23046875,0.7073,-5.5555,-5.8314,1.7054,3,RIGHT_MI
7228,28.234375,4.0419,-3.3306,-8.3309,-3.6112,3,RIGHT_MI
7229,28.23828125,-8.526,-2.4063,-5.7476,-3.055,3,RIGHT_MI
7230,28.2421875,0.1952,2.0174,-8.9241,-3.0297,3,RIGHT_MI
7231,28.24609375,-4.0843,-0.4193,-5.5637,1.7507,3,RIGHT_MI
7232,28.25,3.7296,3.4806,-8.6783,0.2027,3,RIGHT_MI
7233,28.25390625,3.9758,6.7699,-0.9646,-0.2361,3,RIGHT_MI
7234,28.2578125,3.4172,11.3794,2.8475,-6.0029,3,RIGHT_MI
7235,28.26171875,10.5129,10.7166,-0.6926,-0.2596,3,RIGHT_MI
7236,28.265625,2.051,6.282,2.5057,-4.3943,3,RIGHT_MI
7237,28.26953125,-1.0682,5.6389,1.865,-9.6234,3,RIGHT_MI
7238,28.2734375,-3.1508,5.8836,-4.6409,-7.2595,3,RIGHT_MI
7239,28.27734375,-1.2394,2.5966,3.3124,-6.8446,3,RIGHT_MI
7240,28.28125,-7.0057,0.0857,4.9952,0.8587,3,RIGHT_MI
7241,28.28515625,-2.9544,-0.4856,-0.7522,-0.3845,3,RIGHT_MI
7242,28.2890625,0.4023,-0.9842,1.2561,-0.4232,3,RIGHT_MI
7243,28.29296875,-4.25,-6.4386,6.0481,2.82,3,RIGHT_MI
7244,28.296875,-2.6421,-6.2858,7.3097,3.3622,3,RIGHT_MI
7245,28.30078125,-0.0805,-4.1918,5.2995,7.5803,3,RIGHT_MI
7246,28.3046875,0.6112,-5.8326,7.6785,7.4822,3,RIGHT_MI
7247,28.30859375,-1.6168,-2.8753,7.6411,12.2419,3,RIGHT_MI
7248,28.3125,1.1638,0.863,3.0697,6.0832,3,RIGHT_MI
7249,28.31640625,8.2496,0.1864,2.2161,13.6807,3,RIGHT_MI
7250,28.3203125,0.4014,-2.5448,-0.4,4.6055,3,RIGHT_MI
7251,28.32421875,2.9641,-2.7616,-10.4336,3.9654,3,RIGHT_MI
7252,28.328125,-0.9644,1.22,-4.6577,3.6973,3,RIGHT_MI
7253,28.33203125,-0.6277,-2.5448,-7.7085,-4.1038,3,RIGHT_MI
7254,28.3359375,-3.5798,5.52,-9.9657,-5.5609,3,RIGHT_MI
7255,28.33984375,-0.0856,1.3787,-9.0445,-1.4003,3,RIGHT_MI
7256,28.34375,-3.8311,-2.1505,-7.7418,-7.2346,3,RIGHT_MI
7257,28.34765625,5.5432,7.9084,-6.8113,-6.4977,3,RIGHT_MI
7258,28.3515625,1.6501,3.1649,-9.3416,-3.0912,3,RIGHT_MI
7259,28.35546875,1.9617,2.3304,-2.8979,-7.196,3,RIGHT_MI
7260,28.359375,-1.5198,8.597,0.9311,4.1778,3,RIGHT_MI
7261,28.36328125,4.6567,8.1386,-0.8458,-1.7997,3,RIGHT_MI
7262,28.3671875,-3.9566,4.2616,-2.3359,-4.0009,3,RIGHT_MI
7263,28.37109375,-0.3978,6.3675,2.9537,-3.793,3,RIGHT_MI
7264,28.375,-1.5702,-3.4259,-0.6466,-1.0303,3,RIGHT_MI
7265,28.37890625,-7.1144,2.8348,5.9123,-6.8022,3,RIGHT_MI
7266,28.3828125,-1.6686,5.7855,0.7903,-1.0125,3,RIGHT_MI
7267,28.38671875,-4.071,-0.0021,-0.4533,-0.2833,3,RIGHT_MI
7268,28.390625,-4.4065,-5.0615,9.5708,-0.4163,3,RIGHT_MI
7269,28.39453125,-0.8189,-7.5362,2.194,6.7206,3,RIGHT_MI
7270,28.3984375,-5.5548,-8.808,4.7,4.1927,3,RIGHT_MI
7271,28.40234375,-1.3198,-2.6402,5.9087,11.2836,3,RIGHT_MI
7272,28.40625,4.1003,-5.4516,6.8776,5.6132,3,RIGHT_MI
7273,28.41015625,4.6957,-1.9002,9.0695,6.6826,3,RIGHT_MI
7274,28.4140625,4.0844,-3.1229,3.3342,10.2999,3,RIGHT_MI
7275,28.41796875,1.6971,-4.7837,1.9994,7.6864,3,RIGHT_MI
7276,28.421875,6.0919,-4.0343,-0.3832,6.6814,3,RIGHT_MI
7277,28.42578125,7.4241,1.4451,-10.1254,1.1708,3,RIGHT_MI
7278,28.4296875,5.1711,-3.7674,-1.5847,-0.4691,3,RIGHT_MI
7279,28.43359375,3.8406,-8.598,-10.724,-3.8553,3,RIGHT_MI
7280,28.4375,-7.0462,3.2515,-8.6754,-4.811,3,RIGHT_MI
7281,28.44140625,-0.0254,3.0787,-1.5998,-6.5519,3,RIGHT_MI
7282,28.4453125,-5.5291,3.5775,-4.8143,-8.4864,3,RIGHT_MI
7283,28.44921875,2.4944,5.5111,-4.9948,-13.7592,3,RIGHT_MI
7284,28.453125,-0.4496,4.7634,0.4106,-10.1357,3,RIGHT_MI
7285,28.45703125,1.4542,10.492,-4.4765,-5.5789,3,RIGHT_MI
7286,28.4609375,2.245,9.8613,-1.3412,-1.2258,3,RIGHT_MI
7287,28.46484375,-0.036,7.5886,1.061,-0.472,3,RIGHT_MI
7288,28.46875,-5.0938,9.945,2.8546,3.3094,3,RIGHT_MI
7289,28.47265625,-5.6706,-1.2954,3.1726,-4.2703,3,RIGHT_MI
7290,28.4765625,-1.2,-0.6001,2.8552,-2.6296,3,RIGHT_MI
7291,28.48046875,-10.9219,-5.3823,-1.7374,-3.2537,3,RIGHT_MI
7292,28.484375,-4.4674,-0.9509,3.9846,-3.9189,3,RIGHT_MI
7293,28.48828125,-4.343,-10.1241,3.9015,4.7694,3,RIGHT_MI
7294,28.4921875,-11.7195,-9.195,6.5671,4.844,3,RIGHT_MI
7295,28.49609375,-2.3647,-5.7931,3.891,7.5425,3,RIGHT_MI
7296,28.5,-1.7407,-4.0005,10.4184,9.5551,3,RIGHT_MI
7297,28.50390625,5.7531,-4.2656,7.4933,3.8607,3,RIGHT_MI
7298,28.5078125,7.6528,-2.9293,8.0397,9.6294,3,RIGHT_MI
7299,28.51171875,5.6032,0.4868,10.3573,2.1796,3,RIGHT_MI
7300,28.515625,3.1632,-0.4651,1.8064,7.3934,3,RIGHT_MI
7301,28.51953125,-2.6715,-2.9087,1.7387,1.2775,3,RIGHT_MI
7302,28.5234375,3.4444,1.8596,5.6472,3.5367,3,RIGHT_MI
7303,28.52734375,3.6819,-9.7431,-0.5624,-2.6071,3,RIGHT_MI
7304,28.53125,-0.8423,-3.1613,-7.561,-2.2222,3,RIGHT_MI
7305,28.53515625,2.9892,0.6424,-12.6405,-13.2352,3,RIGHT_MI
7306,28.5390625,-6.0572,4.9634,-14.0706,-8.5227,3,RIGHT_MI
7307,28.54296875,-1.5021,2.6014,-9.7535,-10.3823,3,RIGHT_MI
7308,28.546875,2.6853,7.6282,-8.1679,-11.6991,3,RIGHT_MI
7309,28.55078125,1.4376,1.2773,-2.4938,-6.55,3,RIGHT_MI
7310,28.5546875,9.1346,5.5637,-9.1609,-1.5306,3,RIGHT_MI
7311,28.55859375,4.5022,10.5506,0.7566,-3.8749,3,RIGHT_MI
7312,28.5625,1.581,11.6076,-5.7648,-1.3622,3,RIGHT_MI
7313,28.56640625,1.2231,3.7128,6.0912,2.0635,3,RIGHT_MI
7314,28.5703125,2.6844,3.3984,-2.4418,-1.0286,3,RIGHT_MI
7315,28.57421875,-0.9633,0.7702,-6.3111,-0.0829,3,RIGHT_MI
7316,28.578125,-4.1976,-1.8681,4.6356,7.0182,3,RIGHT_MI
7317,28.58203125,-6.397,-2.7278,2.9883,5.1365,3,RIGHT_MI
7318,28.5859375,-3.9035,-4.5333,0.8615,4.0946,3,RIGHT_MI
7319,28.58984375,-3.6824,-3.679,2.7882,4.0076,3,RIGHT_MI
7320,28.59375,-5.8246,-10.2869,1.5526,8.0599,3,RIGHT_MI
7321,28.59765625,-2.1898,-6.6751,4.1952,5.2819,3,RIGHT_MI
7322,28.6015625,2.9543,-7.5572,6.1308,5.2064,3,RIGHT_MI
7323,28.60546875,2.0413,-3.2096,3.9778,6.7704,3,RIGHT_MI
7324,28.609375,7.0174,-3.5232,3.3817,12.1517,3,RIGHT_MI
7325,28.61328125,2.9003,0.6528,3.9272,7.4845,3,RIGHT_MI
7326,28.6171875,3.206,-2.4436,3.3121,7.9978,3,RIGHT_MI
7327,28.62109375,6.5334,-0.4809,0.3103,3.5079,3,RIGHT_MI
7328,28.625,0.7685,-0.2958,-4.3208,0.0387,3,RIGHT_MI
7329,28.62890625,1.9943,0.0408,-3.7771,-2.161,3,RIGHT_MI
7330,28.6328125,-1.8719,1.3945,-1.6897,-8.9429,3,RIGHT_MI
7331,28.63671875,-3.2696,0.599,-8.54,-12.2979,3,RIGHT_MI
7332,28.640625,3.0962,2.5678,-7.3882,-11.315,3,RIGHT_MI
7333,28.64453125,3.8477,5.9421,-7.4952,-8.0413,3,RIGHT_MI
7334,28.6484375,1.2963,4.928,-2.2698,-7.8475,3,RIGHT_MI
7335,28.65234375,-0.549,7.795,-3.453,-5.3617,3,RIGHT_MI
7336,28.65625,5.1312,10.8507,-6.7866,-0.2816,3,RIGHT_MI
7337,28.66015625,0.581,8.4278,-3.9236,-2.6049,3,RIGHT_MI
7338,28.6640625,2.6601,4.198,-0.4282,-2.1312,3,RIGHT_MI
7339,28.66796875,-1.4057,6.2442,3.5866,6.9245,3,RIGHT_MI
7340,28.671875,1.6791,4.5324,-0.6954,2.6251,3,RIGHT_MI
7341,28.67578125,-0.4424,-0.9007,4.0689,3.1938,3,RIGHT_MI
7342,28.6796875,0.4813,-6.3839,-0.2363,5.3705,3,RIGHT_MI
7343,28.68359375,-2.2115,-6.7272,-0.8748,2.4126,3,RIGHT_MI
7344,28.6875,-4.7737,-9.5024,2.671,4.5735,3,RIGHT_MI
7345,28.69140625,-7.1115,-3.1464,1.6246,0.5575,3,RIGHT_MI
7346,28.6953125,-1.9373,-5.4084,3.5804,0.4702,3,RIGHT_MI
7347,28.69921875,-0.1825,-7.1548,5.8508,1.2143,3,RIGHT_MI
7348,28.703125,0.8101,-2.4617,5.9745,7.2521,3,RIGHT_MI
7349,28.70703125,1.7945,-4.6468,10.696,0.7232,3,RIGHT_MI
7350,28.7109375,5.9076,1.9596,6.3562,0.6698,3,RIGHT_MI
7351,28.71484375,8.8163,-1.3908,6.7096,1.6824,3,RIGHT_MI
7352,28.71875,-0.9548,1.5003,3.317,-2.6159,3,RIGHT_MI
7353,28.72265625,4.8117,2.0694,-3.3942,-3.6178,3,RIGHT_MI
7354,28.7265625,6.2479,-0.5646,-3.1902,-3.31,3,RIGHT_MI
7355,28.73046875,4.1139,-3.1623,-8.5681,-5.9212,3,RIGHT_MI
7356,28.734375,-1.319,3.9909,-3.2709,-10.0419,3,RIGHT_MI
7357,28.73828125,-2.8741,0.573,-11.6981,-7.5211,3,RIGHT_MI
7358,28.7421875,-0.6072,4.4403,-8.1837,-7.5971,3,RIGHT_MI
7359,28.74609375,-3.0607,7.3458,-8.3534,-7.5957,3,RIGHT_MI
7360,28.75,-3.7147,5.3095,-7.4585,-3.7566,3,RIGHT_MI
7361,28.75390625,-1.0612,7.1814,-6.511,0.7627,3,RIGHT_MI
7362,28.7578125,0.9636,6.3683,-3.7072,-3.2549,3,RIGHT_MI
7363,28.76171875,1.5156,4.1,-6.4309,4.7368,3,RIGHT_MI
7364,28.765625,4.8172,6.7047,-1.9577,2.6245,3,RIGHT_MI
7365,28.76953125,3.7011,2.9882,-0.8753,0.53,3,RIGHT_MI
7366,28.7734375,-2.3923,2.2108,1.4598,3.7897,3,RIGHT_MI
7367,28.77734375,-3.8446,1.1701,-2.2825,3.1676,3,RIGHT_MI
7368,28.78125,-5.2606,-2.4989,-1.9682,6.6787,3,RIGHT_MI
7369,28.78515625,-2.6266,-0.4137,-3.1437,-1.3163,3,RIGHT_MI
7370,28.7890625,-5.9828,-9.2205,7.579,5.5294,3,RIGHT_MI
7371,28.79296875,-8.9691,-7.9866,2.2192,2.8282,3,RIGHT_MI
7372,28.796875,-2.0933,-4.6283,12.2416,4.5857,3,RIGHT_MI
7373,28.80078125,-0.7612,-4.1652,3.5385,1.7616,3,RIGHT_MI
7374,28.8046875,7.4351,-5.4915,14.8083,8.2047,3,RIGHT_MI
7375,28.80859375,2.8628,-7.8322,9.2223,1.489,3,RIGHT_MI
7376,28.8125,-0.2364,-0.7706,7.8699,-2.1906,3,RIGHT_MI
7377,28.81640625,6.0287,1.5589,5.7758,-2.6878,3,RIGHT_MI
7378,28.8203125,1.0705,-3.3089,1.7576,2.9066,3,RIGHT_MI
7379,28.82421875,-0.6161,0.7363,0.5573,-7.2275,3,RIGHT_MI
7380,28.828125,6.1725,5.6241,-0.1784,-5.6134,3,RIGHT_MI
7381,28.83203125,2.3448,-4.901,-2.5298,-11.7007,3,RIGHT_MI
7382,28.8359375,0.3215,-2.2131,-11.7542,-8.1691,3,RIGHT_MI
7383,28.83984375,-5.6086,1.5832,-8.6236,-8.3131,3,RIGHT_MI
7384,28.84375,-2.615,4.3403,-4.7133,-12.0832,3,RIGHT_MI
7385,28.84765625,0.1097,8.7514,-6.2549,-5.3258,3,RIGHT_MI
7386,28.8515625,0.3007,4.1816,-1.8275,-6.2466,3,RIGHT_MI
7387,28.85546875,-1.0097,8.5468,-9.1409,1.7234,3,RIGHT_MI
7388,28.859375,0.5236,8.0971,-0.6794,6.4672,3,RIGHT_MI
7389,28.86328125,-1.2825,8.9582,-3.6631,9.7454,3,RIGHT_MI
7390,28.8671875,-2.2132,5.4655,1.5424,4.0611,3,RIGHT_MI
7391,28.87109375,1.4669,4.0597,3.3539,10.5053,3,RIGHT_MI
7392,28.875,1.7006,-0.5447,-3.1692,6.637,3,RIGHT_MI
7393,28.87890625,1.1795,-8.0097,-3.9523,5.5954,3,RIGHT_MI
7394,28.8828125,-9.1368,-4.8037,-4.9415,3.4877,3,RIGHT_MI
7395,28.88671875,-6.5727,-8.6239,1.3776,-1.1687,3,RIGHT_MI
7396,28.890625,-6.7854,-11.0087,3.7436,7.5349,3,RIGHT_MI
7397,28.89453125,-1.616,-6.9906,8.3161,2.8398,3,RIGHT_MI
7398,28.8984375,1.9991,-3.4766,3.5892,4.6772,3,RIGHT_MI
7399,28.90234375,10.9015,-6.4262,5.5307,-5.6699,3,RIGHT_MI
7400,28.90625,3.5346,-4.5918,14.7692,4.2905,3,RIGHT_MI
7401,28.91015625,2.5414,1.3079,10.5687,0.3011,3,RIGHT_MI
7402,28.9140625,3.3966,1.8306,10.2135,1.7951,3,RIGHT_MI
7403,28.91796875,1.8083,-3.5745,8.2945,-3.5967,3,RIGHT_MI
7404,28.921875,-0.011,-1.2665,-0.7583,-4.6289,3,RIGHT_MI
7405,28.92578125,-1.7661,-0.4629,-0.2959,-13.7313,3,RIGHT_MI
7406,28.9296875,1.0843,-0.5605,-0.1959,-1.1065,3,RIGHT_MI
7407,28.93359375,-2.4735,8.8907,-5.7476,-16.2535,3,RIGHT_MI
7408,28.9375,2.8301,3.4803,-4.0393,-10.9809,3,RIGHT_MI
7409,28.94140625,0.0395,5.1237,-6.5858,-8.1573,3,RIGHT_MI
7410,28.9453125,3.5379,3.6059,-6.5374,-1.5941,3,RIGHT_MI
7411,28.94921875,2.2641,5.2565,-6.7946,-3.9608,3,RIGHT_MI
7412,28.953125,1.6814,5.6529,-4.0267,-3.8419,3,RIGHT_MI
7413,28.95703125,4.9039,8.3289,0.8334,0.1332,3,RIGHT_MI
7414,28.9609375,3.5052,8.4019,-6.1572,1.8026,3,RIGHT_MI
7415,28.96484375,-1.3333,5.4808,-7.0163,9.2933,3,RIGHT_MI
7416,28.96875,2.9371,3.8471,0.1575,4.8221,3,RIGHT_MI
7417,28.97265625,0.4468,1.0001,-1.6682,6.0709,3,RIGHT_MI
7418,28.9765625,-6.0486,-4.4101,5.0183,6.8015,3,RIGHT_MI
7419,28.98046875,-3.995,-11.7979,-1.0439,-0.0042,3,RIGHT_MI
7420,28.984375,-5.7932,-1.2111,0.6119,2.2316,3,RIGHT_MI
7421,28.98828125,-6.4247,-11.8659,3.7366,-3.4409,3,RIGHT_MI
7422,28.9921875,-5.1711,-9.9754,2.4005,1.1746,3,RIGHT_MI
7423,28.99609375,3.2967,-6.1128,4.2275,-0.5982,3,RIGHT_MI
7424,29.0,2.2687,-4.4369,5.7728,-5.7657,3,RIGHT_MI
7425,29.00390625,1.109,-5.6635,3.8192,-1.0659,3,RIGHT_MI
7426,29.0078125,3.5262,-1.0453,7.5186,-1.9325,3,RIGHT_MI
7427,29.01171875,1.4426,3.5155,11.679,-4.0534,3,RIGHT_MI
7428,29.015625,9.9189,1.1149,8.5131,-1.6121,3,RIGHT_MI
7429,29.01953125,9.0573,1.0698,4.3792,-7.3238,3,RIGHT_MI
7430,29.0234375,7.5864,2.963,3.8695,-5.3078,3,RIGHT_MI
7431,29.02734375,-3.4932,-1.0282,-2.5005,-1.5043,3,RIGHT_MI
7432,29.03125,-0.6079,5.6198,-1.1893,-7.6732,3,RIGHT_MI
7433,29.03515625,-4.2257,-0.1617,-5.2279,-7.755,3,RIGHT_MI
7434,29.0390625,-2.4102,1.0084,-9.8014,-5.9916,3,RIGHT_MI
7435,29.04296875,3.0492,3.9405,-7.2674,-9.6523,3,RIGHT_MI
7436,29.046875,6.2519,8.1006,-11.043,-3.1144,3,RIGHT_MI
7437,29.05078125,4.44,4.7136,-5.8908,-0.6155,3,RIGHT_MI
7438,29.0546875,-1.3235,1.4353,-4.5259,6.2649,3,RIGHT_MI
7439,29.05859375,-3.3581,7.0975,-3.0422,6.4883,3,RIGHT_MI
7440,29.0625,-0.6077,6.3949,-2.002,5.0504,3,RIGHT_MI
7441,29.06640625,3.6538,-0.9518,-0.928,7.4332,3,RIGHT_MI
7442,29.0703125,1.6515,2.1684,-0.0752,10.7223,3,RIGHT_MI
7443,29.07421875,-0.9859,-5.7455,-4.0136,8.7177,3,RIGHT_MI
7444,29.078125,-1.9379,-4.2227,-3.3161,6.7231,3,RIGHT_MI
7445,29.08203125,-4.3783,-14.0978,-0.0924,-0.2083,3,RIGHT_MI
7446,29.0859375,-1.0381,-5.2415,-2.3441,6.076,3,RIGHT_MI
7447,29.08984375,-1.2913,-15.7562,-0.6543,-1.0882,3,RIGHT_MI
7448,29.09375,-2.3622,-5.804,3.9983,1.5954,3,RIGHT_MI
7449,29.09765625,-4.2322,-3.8468,1.8964,-6.1506,3,RIGHT_MI
7450,29.1015625,1.6794,0.3592,7.6038,1.5225,3,RIGHT_MI
7451,29.10546875,2.8644,-1.142,8.737,-6.4127,3,RIGHT_MI
7452,29.109375,3.2646,-3.7915,4.6599,-3.9377,3,RIGHT_MI
7453,29.11328125,8.319,2.8737,11.6234,-3.2779,3,RIGHT_MI
7454,29.1171875,-0.471,3.8799,2.091,-0.1348,3,RIGHT_MI
7455,29.12109375,2.9179,-2.9026,9.8334,-7.274,3,RIGHT_MI
7456,29.125,0.7781,-0.3444,7.5142,2.1088,3,RIGHT_MI
7457,29.12890625,1.2364,2.0098,-1.1121,-2.822,3,RIGHT_MI
7458,29.1328125,-2.9235,5.0803,6.585,-2.8909,3,RIGHT_MI
7459,29.13671875,-3.4055,2.0221,-4.4603,-7.1083,3,RIGHT_MI
7460,29.140625,-3.8233,6.7693,-11.6763,-2.0681,3,RIGHT_MI
7461,29.14453125,0.2472,6.2797,-2.1809,-2.2753,3,RIGHT_MI
7462,29.1484375,-3.5134,5.8608,-1.9343,-0.4018,3,RIGHT_MI
7463,29.15234375,5.7316,8.8238,-0.2395,4.9618,3,RIGHT_MI
7464,29.15625,4.6907,11.0372,-8.9368,7.7426,3,RIGHT_MI
7465,29.16015625,2.768,5.446,-2.2276,7.8404,3,RIGHT_MI
7466,29.1640625,-4.2519,-0.5755,-0.8005,3.9531,3,RIGHT_MI
7467,29.16796875,-0.965,-3.9716,-7.2697,6.9841,3,RIGHT_MI
7468,29.171875,-2.3717,3.7136,-1.4504,4.4406,3,RIGHT_MI
7469,29.17578125,-7.1883,-6.0963,1.0581,3.0233,3,RIGHT_MI
7470,29.1796875,-13.1582,0.8889,-3.2864,-2.2119,3,RIGHT_MI
7471,29.18359375,-2.7604,-6.4294,0.1634,-2.9565,3,RIGHT_MI
7472,29.1875,-3.2111,-8.2831,-1.3775,-7.9163,3,RIGHT_MI
7473,29.19140625,-5.8034,-8.7373,1.0807,-9.0373,3,RIGHT_MI
7474,29.1953125,-6.922,-7.0273,0.692,-1.3271,3,RIGHT_MI
7475,29.19921875,2.9424,-0.9694,-0.2865,-2.7112,3,RIGHT_MI
7476,29.203125,3.7687,-5.9531,5.382,-7.3753,3,RIGHT_MI
7477,29.20703125,3.9213,-2.6178,8.9342,-0.9748,3,RIGHT_MI
7478,29.2109375,1.0105,0.9801,9.4078,-2.8961,3,RIGHT_MI
7479,29.21484375,7.4156,2.2432,10.1021,-1.3764,3,RIGHT_MI
7480,29.21875,2.2484,5.7541,11.3466,-9.568,3,RIGHT_MI
7481,29.22265625,3.2163,4.8871,5.7126,-6.4837,3,RIGHT_MI
7482,29.2265625,-2.972,6.3986,-4.0417,-8.3037,3,RIGHT_MI
7483,29.23046875,3.8753,6.4227,-3.1421,-3.5964,3,RIGHT_MI
7484,29.234375,-3.8082,1.8406,-4.0203,-5.1204,3,RIGHT_MI
7485,29.23828125,-3.5078,-2.9419,-3.598,-3.2679,3,RIGHT_MI
7486,29.2421875,-3.8661,2.4109,-7.7137,4.7144,3,RIGHT_MI
7487,29.24609375,-2.0063,6.2424,-3.4427,4.9696,3,RIGHT_MI
7488,29.25,-6.1106,6.5345,-4.1783,5.5465,3,RIGHT_MI
7489,29.25390625,5.4138,6.9219,-10.2749,5.1413,3,RIGHT_MI
7490,29.2578125,1.218,6.3136,-6.5476,2.8096,3,RIGHT_MI
7491,29.26171875,0.4459,-0.8923,-6.27,5.6413,3,RIGHT_MI
7492,29.265625,0.6962,3.0523,0.4956,12.8059,3,RIGHT_MI
7493,29.26953125,3.0568,2.8791,-2.8785,1.8834,3,RIGHT_MI
7494,29.2734375,6.0516,0.6568,-7.7348,10.1561,3,RIGHT_MI
7495,29.27734375,-0.7953,-1.4929,-5.6992,-2.3543,3,RIGHT_MI
7496,29.28125,-3.541,-8.9591,-1.2639,0.6809,3,RIGHT_MI
7497,29.28515625,-5.6557,-10.6407,-5.9544,-7.346,3,RIGHT_MI
7498,29.2890625,-4.0012,-8.691,-5.7084,-0.7904,3,RIGHT_MI
7499,29.29296875,-8.9716,-7.8426,-2.5393,-7.0387,3,RIGHT_MI
7500,29.296875,-3.1626,-7.5749,5.9161,-5.8899,3,RIGHT_MI
7501,29.30078125,-1.5697,-2.0196,7.829,-1.3292,3,RIGHT_MI
7502,29.3046875,2.7885,-1.73,7.6003,-5.2937,3,RIGHT_MI
7503,29.30859375,2.7547,6.7959,12.5518,-3.455,3,RIGHT_MI
7504,29.3125,4.9642,3.9679,9.2056,-0.0473,3,RIGHT_MI
7505,29.31640625,0.6858,1.9692,10.3784,-3.1798,3,RIGHT_MI
7506,29.3203125,4.6447,3.5209,4.3826,-8.2462,3,RIGHT_MI
7507,29.32421875,1.9181,6.2221,8.2395,1.2649,3,RIGHT_MI
7508,29.328125,-4.2389,7.1897,1.1185,3.5458,3,RIGHT_MI
7509,29.33203125,2.9452,2.1316,-1.8325,-6.9088,3,RIGHT_MI
7510,29.3359375,-5.3381,5.5738,-5.9547,-5.9505,3,RIGHT_MI
7511,29.33984375,-2.2013,5.7483,-3.7959,0.2481,3,RIGHT_MI
7512,29.34375,-2.5074,4.4384,-5.9446,-0.8046,3,RIGHT_MI
7513,29.34765625,-6.5814,6.6143,-8.1823,0.5357,3,RIGHT_MI
7514,29.3515625,5.0344,4.6572,-6.3755,-0.7336,3,RIGHT_MI
7515,29.35546875,4.6195,6.7827,-4.8549,5.4611,3,RIGHT_MI
7516,29.359375,-0.4687,8.0657,-3.331,7.1907,3,RIGHT_MI
7517,29.36328125,3.2505,3.8593,-6.6416,3.7235,3,RIGHT_MI
7518,29.3671875,6.9363,-2.2447,-4.0499,4.9966,3,RIGHT_MI
7519,29.37109375,0.611,-0.0453,-11.2975,4.9481,3,RIGHT_MI
7520,29.375,-3.8927,-13.376,-5.4567,0.4689,3,RIGHT_MI
7521,29.37890625,-6.0669,-4.9657,-6.478,-0.3101,3,RIGHT_MI
7522,29.3828125,-5.4971,-13.9387,-1.1088,-1.9897,3,RIGHT_MI
7523,29.38671875,-6.1585,-10.4714,-2.5998,-5.8838,3,RIGHT_MI
7524,29.390625,-4.0366,-10.0104,-0.2032,-9.1811,3,RIGHT_MI
7525,29.39453125,-2.7923,-8.1837,-0.0079,-5.8598,3,RIGHT_MI
7526,29.3984375,-1.2203,-5.2812,6.4123,-3.3977,3,RIGHT_MI
7527,29.40234375,0.4125,-3.7001,11.857,-6.2737,3,RIGHT_MI
7528,29.40625,1.26,0.8822,10.7475,-6.8026,3,RIGHT_MI
7529,29.41015625,3.8025,-1.7513,6.7841,-4.5039,3,RIGHT_MI
7530,29.4140625,8.0254,2.194,7.2283,3.6542,3,RIGHT_MI
7531,29.41796875,6.1171,6.7421,14.376,-4.5629,3,RIGHT_MI
7532,29.421875,4.6112,3.5554,7.1511,-3.4154,3,RIGHT_MI
7533,29.42578125,-5.4345,3.5785,3.3505,-2.9335,3,RIGHT_MI
7534,29.4296875,-1.4869,3.2991,1.3257,0.8859,3,RIGHT_MI
7535,29.43359375,-0.7027,7.6988,0.4684,2.574,3,RIGHT_MI
7536,29.4375,-0.6075,6.3839,-3.7911,4.5901,3,RIGHT_MI
7537,29.44140625,0.5691,6.8655,-2.2244,0.6267,3,RIGHT_MI
7538,29.4453125,-1.9555,2.324,-4.1267,4.257,3,RIGHT_MI
7539,29.44921875,0.4078,5.2474,-2.3049,9.7445,3,RIGHT_MI
7540,29.453125,2.523,1.7575,-2.9677,7.4791,3,RIGHT_MI
7541,29.45703125,2.6637,5.699,-4.8089,7.7958,3,RIGHT_MI
7542,29.4609375,4.8446,1.6698,-1.6311,7.7795,3,RIGHT_MI
7543,29.46484375,1.8838,1.4321,-1.9762,4.4144,3,RIGHT_MI
7544,29.46875,0.4593,-4.1687,-2.9305,4.1479,3,RIGHT_MI
7545,29.47265625,-1.0241,0.0679,-5.9686,0.1796,3,RIGHT_MI
7546,29.4765625,-4.1652,-8.077,-10.067,-3.0708,3,RIGHT_MI
7547,29.48046875,-1.0636,-9.9195,-7.2479,-7.0595,3,RIGHT_MI
7548,29.484375,0.4296,-9.6984,-7.569,-5.6706,3,RIGHT_MI
7549,29.48828125,-1.2859,-8.3584,-2.3866,-5.1623,3,RIGHT_MI
7550,29.4921875,-1.2428,-10.1074,2.4401,-6.8172,3,RIGHT_MI
7551,29.49609375,1.2351,0.503,0.0301,-10.1829,3,RIGHT_MI
7552,29.5,3.6531,-0.857,6.8624,-10.6439,3,RIGHT_MI
7553,29.50390625,3.8046,-3.4613,4.5395,-2.8957,3,RIGHT_MI
7554,29.5078125,-2.0569,7.5973,4.9651,-8.7057,3,RIGHT_MI
7555,29.51171875,0.8124,6.3221,7.3104,-4.182,3,RIGHT_MI
7556,29.515625,5.4268,8.5681,3.5826,-1.1333,3,RIGHT_MI
7557,29.51953125,6.3386,6.3737,5.096,3.4642,3,RIGHT_MI
7558,29.5234375,5.0198,-0.5626,4.8671,-3.7958,3,RIGHT_MI
7559,29.52734375,0.9928,7.6047,5.0207,0.7285,3,RIGHT_MI
7560,29.53125,1.6419,7.0538,-4.1705,2.3835,3,RIGHT_MI
7561,29.53515625,2.1736,1.4423,-0.3226,0.6416,3,RIGHT_MI
7562,29.5390625,1.0497,2.7271,-2.2827,4.3146,3,RIGHT_MI
7563,29.54296875,1.2048,5.1078,-4.0467,4.3655,3,RIGHT_MI
7564,29.546875,-3.2324,2.4637,-0.6959,2.5371,3,RIGHT_MI
7565,29.55078125,-1.4254,1.6215,-3.5023,4.8118,3,RIGHT_MI
7566,29.5546875,6.9467,2.9198,-5.8595,9.3476,3,RIGHT_MI
7567,29.55859375,0.8272,1.4109,-6.3256,9.2452,3,RIGHT_MI
7568,29.5625,-0.4013,2.2407,-2.0981,7.9495,3,RIGHT_MI
7569,29.56640625,-0.3565,-0.302,-2.4511,9.5968,3,RIGHT_MI
7570,29.5703125,-3.8753,-3.8378,-6.1936,7.4821,3,RIGHT_MI
7571,29.57421875,-1.9639,-3.8326,-4.1999,-0.3979,3,RIGHT_MI
7572,29.578125,0.8983,-9.7888,-10.2278,-4.0764,3,RIGHT_MI
7573,29.58203125,-8.4343,-7.8275,-6.3136,-3.5293,3,RIGHT_MI
7574,29.5859375,-5.7576,-8.1726,0.5978,-8.6559,3,RIGHT_MI
7575,29.58984375,-4.8802,-6.3367,0.5839,-13.9908,3,RIGHT_MI
7576,29.59375,2.3763,-5.4815,0.0152,-8.4296,3,RIGHT_MI
7577,29.59765625,-5.3994,-4.0195,5.8583,-10.8149,3,RIGHT_MI
7578,29.6015625,-0.0244,1.1603,3.6288,-3.2478,3,RIGHT_MI
7579,29.60546875,2.0792,2.8727,5.2101,-4.4986,3,RIGHT_MI
7580,29.609375,0.8621,8.503,9.3678,-7.2755,3,RIGHT_MI
7581,29.61328125,1.1308,4.4239,8.6119,-0.8262,3,RIGHT_MI
7582,29.6171875,0.9327,5.2872,10.7427,3.2717,3,RIGHT_MI
7583,29.62109375,2.3096,7.1631,11.7726,3.3038,3,RIGHT_MI
7584,29.625,0.1507,4.8683,1.8484,3.1027,3,RIGHT_MI
7585,29.62890625,-0.5575,2.9807,4.9808,6.2039,3,RIGHT_MI
7586,29.6328125,-0.2513,3.1493,-1.0005,8.208,3,RIGHT_MI
7587,29.63671875,-5.2464,2.7964,-2.148,2.13,3,RIGHT_MI
7588,29.640625,-1.2841,1.5556,1.5066,9.3328,3,RIGHT_MI
7589,29.64453125,0.088,-0.5555,0.1238,2.915,3,RIGHT_MI
7590,29.6484375,-4.011,-0.5113,-1.6441,7.1677,3,RIGHT_MI
7591,29.65234375,0.4837,-1.5458,0.9849,11.4779,3,RIGHT_MI
7592,29.65625,-1.4794,-0.1134,3.3934,2.3044,3,RIGHT_MI
7593,29.66015625,0.753,1.3938,-0.1896,10.2791,3,RIGHT_MI
7594,29.6640625,1.3982,-1.2019,-1.6627,2.7196,3,RIGHT_MI
7595,29.66796875,-1.8138,-2.1717,-5.8571,4.628,3,RIGHT_MI
7596,29.671875,0.0011,-5.2356,-5.482,7.8744,3,RIGHT_MI
7597,29.67578125,0.4539,-10.3679,-3.05,-3.7172,3,RIGHT_MI
7598,29.6796875,-4.5802,-4.442,-5.658,-3.8725,3,RIGHT_MI
7599,29.68359375,-5.6463,-7.8578,-4.7111,-6.9782,3,RIGHT_MI
7600,29.6875,-1.2079,-9.6856,-3.2192,-10.7412,3,RIGHT_MI
7601,29.69140625,-3.6015,-11.8029,1.4068,-8.8804,3,RIGHT_MI
7602,29.6953125,-1.1881,-4.7649,-3.8019,-5.037,3,RIGHT_MI
7603,29.69921875,1.3726,-5.4116,0.4415,-2.6084,3,RIGHT_MI
7604,29.703125,1.3919,3.6559,-0.0099,-3.2806,3,RIGHT_MI
7605,29.70703125,2.0651,4.8457,8.1883,0.8094,3,RIGHT_MI
7606,29.7109375,5.0098,1.0277,11.0282,-1.5511,3,RIGHT_MI
7607,29.71484375,1.6263,5.8284,10.5099,3.5791,3,RIGHT_MI
7608,29.71875,1.4125,8.6239,10.8798,11.6977,3,RIGHT_MI
7609,29.72265625,1.6264,5.86,5.3782,-0.5707,3,RIGHT_MI
7610,29.7265625,3.5727,7.9964,-0.3931,8.0998,3,RIGHT_MI
7611,29.73046875,4.16,2.7728,3.7878,9.7211,3,RIGHT_MI
7612,29.734375,-1.2207,4.3116,0.1006,8.2887,3,RIGHT_MI
7613,29.73828125,-3.9201,-2.1046,-3.2469,-3.5488,3,RIGHT_MI
7614,29.7421875,-4.5373,-4.0888,-0.6361,-3.3704,3,RIGHT_MI
7615,29.74609375,-4.6515,5.6073,-8.4281,8.3991,3,RIGHT_MI
7616,29.75,-5.9969,0.2867,-0.6928,4.3871,3,RIGHT_MI
7617,29.75390625,-0.591,-0.4673,-5.4515,2.2105,3,RIGHT_MI
7618,29.7578125,2.8727,4.1289,-5.2249,8.2084,3,RIGHT_MI
7619,29.76171875,1.8468,-1.2592,-8.2132,1.8083,3,RIGHT_MI
7620,29.765625,4.1498,-2.5893,-0.471,1.6806,3,RIGHT_MI
7621,29.76953125,-0.5302,-3.4255,-8.6606,-2.9271,3,RIGHT_MI
7622,29.7734375,-7.0227,-4.3208,-6.8536,0.2236,3,RIGHT_MI
7623,29.77734375,-5.2716,-2.4501,-9.06,-11.3968,3,RIGHT_MI
7624,29.78125,-2.4494,-6.2049,-6.8494,-4.806,3,RIGHT_MI
7625,29.78515625,-5.201,-6.4807,-1.3266,-9.4692,3,RIGHT_MI
7626,29.7890625,-6.1616,-16.2156,-8.1042,-7.4975,3,RIGHT_MI
7627,29.79296875,-5.0743,-0.7997,-2.0372,-7.9979,3,RIGHT_MI
7628,29.796875,2.219,-3.762,2.1588,-5.669,3,RIGHT_MI
7629,29.80078125,-4.4932,1.7971,-0.3979,-2.4238,3,RIGHT_MI
7630,29.8046875,3.9342,2.474,5.9636,-2.0632,3,RIGHT_MI
7631,29.80859375,4.9821,6.6492,7.4164,-1.7498,3,RIGHT_MI
7632,29.8125,0.7581,7.7897,6.7809,6.0825,3,RIGHT_MI
7633,29.81640625,-0.354,11.4439,6.2944,3.9466,3,RIGHT_MI
7634,29.8203125,3.8282,3.482,9.2705,2.9394,3,RIGHT_MI
7635,29.82421875,-1.4374,9.6771,11.9163,3.656,3,RIGHT_MI
7636,29.828125,4.6282,2.6221,6.7709,-0.0801,3,RIGHT_MI
7637,29.83203125,-1.516,-0.9393,6.5339,8.1814,3,RIGHT_MI
7638,29.8359375,-1.7702,5.6025,1.2834,3.9528,3,RIGHT_MI
7639,29.83984375,-4.5169,0.1156,2.2356,6.681,3,RIGHT_MI
7640,29.84375,-3.202,-0.5184,2.9443,2.9513,3,RIGHT_MI
7641,29.84765625,-2.4447,2.6038,-0.557,0.7871,3,RIGHT_MI
7642,29.8515625,-0.4817,-1.5578,-5.4736,3.4485,3,RIGHT_MI
7643,29.85546875,2.8104,2.0952,-1.5464,0.3069,3,RIGHT_MI
7644,29.859375,3.0168,-0.7214,1.8538,-2.0551,3,RIGHT_MI
7645,29.86328125,5.7864,0.524,-3.4337,-4.1569,3,RIGHT_MI
7646,29.8671875,3.7236,4.0978,-4.7246,2.2162,3,RIGHT_MI
7647,29.87109375,2.9436,-4.9971,-4.3611,-2.7399,3,RIGHT_MI
7648,29.875,-2.5294,-2.7407,-10.8613,-4.1998,3,RIGHT_MI
7649,29.87890625,-1.3167,-8.4191,-7.1416,-8.0144,3,RIGHT_MI
7650,29.8828125,-4.3994,-8.5763,-14.9818,-8.976,3,RIGHT_MI
7651,29.88671875,-7.1773,-14.3732,-5.8725,-12.5033,3,RIGHT_MI
7652,29.890625,-2.1999,-10.9902,-4.6907,-7.9144,3,RIGHT_MI
7653,29.89453125,2.5014,-1.3548,1.0342,-7.2696,3,RIGHT_MI
7654,29.8984375,-0.6934,0.1285,-2.9871,-0.1314,3,RIGHT_MI
7655,29.90234375,-2.5114,0.5385,3.9865,-3.4197,3,RIGHT_MI
7656,29.90625,5.6468,8.5678,5.5324,8.4614,3,RIGHT_MI
7657,29.91015625,7.3599,7.7782,12.7977,5.6635,3,RIGHT_MI
7658,29.9140625,2.6771,6.0786,6.873,6.4768,3,RIGHT_MI
7659,29.91796875,-0.8751,3.0556,5.2989,6.1933,3,RIGHT_MI
7660,29.921875,-0.862,5.1602,4.7395,4.6441,3,RIGHT_MI
7661,29.92578125,-0.0237,9.4988,6.9877,3.6801,3,RIGHT_MI
7662,29.9296875,2.9617,5.6772,8.2326,4.9152,3,RIGHT_MI
7663,29.93359375,-3.0046,-0.1649,-4.7363,9.8944,3,RIGHT_MI
7664,29.9375,0.6754,1.9697,0.9092,4.4578,3,RIGHT_MI
7665,29.94140625,-6.3205,2.2995,1.8637,4.1649,3,RIGHT_MI
7666,29.9453125,-4.7968,6.8003,2.9737,-1.8571,3,RIGHT_MI
7667,29.94921875,6.468,-4.4054,-2.8454,-0.669,3,RIGHT_MI
7668,29.953125,-0.1467,-0.6247,-2.1309,2.0873,3,RIGHT_MI
7669,29.95703125,-0.8131,-1.8257,-2.378,-2.4608,3,RIGHT_MI
7670,29.9609375,-2.1295,1.2682,1.609,2.0052,3,RIGHT_MI
7671,29.96484375,2.1514,-4.4008,-7.7853,-1.5862,3,RIGHT_MI
7672,29.96875,0.6091,-2.0474,-4.2996,1.4998,3,RIGHT_MI
7673,29.97265625,-4.1712,-7.0363,-10.2507,-7.7493,3,RIGHT_MI
7674,29.9765625,-0.8979,-4.4696,-4.1081,-6.6805,3,RIGHT_MI
7675,29.98046875,-2.2193,-5.864,-4.7058,-8.4181,3,RIGHT_MI
7676,29.984375,-1.4388,-6.7986,-10.9691,-0.9413,3,RIGHT_MI
7677,29.98828125,-10.6618,-3.9384,-8.1417,-10.7471,3,RIGHT_MI
7678,29.9921875,-5.7113,-5.1745,-4.1608,-1.5177,3,RIGHT_MI
7679,29.99609375,-0.2353,-2.4198,-0.5197,1.5671,3,RIGHT_MI
7680,30.0,3.421,2.3147,4.2087,1.719,3,RIGHT_MI
7681,30.00390625,0.4548,1.8057,2.5267,2.9717,3,RIGHT_MI
7682,30.0078125,4.4978,6.5228,5.0958,1.6346,3,RIGHT_MI
7683,30.01171875,4.8303,7.9029,6.2555,7.0578,3,RIGHT_MI
7684,30.015625,5.1225,12.6875,2.6384,13.9147,3,RIGHT_MI
7685,30.01953125,2.0659,5.1797,6.7592,4.6343,3,RIGHT_MI
7686,30.0234375,3.0248,6.1571,5.084,12.2051,3,RIGHT_MI
7687,30.02734375,-1.6237,5.3513,6.1262,5.3866,3,RIGHT_MI
7688,30.03125,3.8672,1.6104,1.166,7.3292,3,RIGHT_MI
7689,30.03515625,1.1754,2.8483,1.9404,1.1856,3,RIGHT_MI
7690,30.0390625,1.6385,-2.5372,1.515,-2.0633,3,RIGHT_MI
7691,30.04296875,-1.504,-2.684,1.9477,0.1921,3,RIGHT_MI
7692,30.046875,-0.5023,0.1469,-1.4813,-4.0056,3,RIGHT_MI
7693,30.05078125,1.5939,-1.3088,-0.6377,-4.5481,3,RIGHT_MI
7694,30.0546875,4.7281,-3.8692,2.7954,-1.0729,3,RIGHT_MI
7695,30.05859375,6.0675,0.0197,3.1043,-1.4394,3,RIGHT_MI
7696,30.0625,1.465,-2.1178,-1.2781,-3.1324,3,RIGHT_MI
7697,30.06640625,3.4941,-1.4149,-3.501,-4.9433,3,RIGHT_MI
7698,30.0703125,-6.8621,-7.688,-11.9125,-8.4857,3,RIGHT_MI
7699,30.07421875,4.1872,-1.8249,-3.5926,-5.4215,3,RIGHT_MI
7700,30.078125,-1.53,-6.7778,-4.7441,-4.0243,3,RIGHT_MI
7701,30.08203125,-8.0431,-9.5431,-5.9938,-8.8057,3,RIGHT_MI
7702,30.0859375,-1.5383,-11.7895,-3.9616,-3.777,3,RIGHT_MI
7703,30.08984375,-5.0239,-7.7122,-7.2349,-5.9239,3,RIGHT_MI
7704,30.09375,-4.5947,-4.4201,-2.1946,-6.5506,3,RIGHT_MI
7705,30.09765625,-3.5653,-2.0588,-0.4888,-0.1786,3,RIGHT_MI
7706,30.1015625,3.6631,4.7841,-0.0351,0.0869,3,RIGHT_MI
7707,30.10546875,-3.8059,2.7752,0.2233,3.1602,3,RIGHT_MI
7708,30.109375,3.2489,9.4819,2.9121,7.6127,3,RIGHT_MI
7709,30.11328125,3.3448,12.5782,7.7462,1.9487,3,RIGHT_MI
7710,30.1171875,2.5559,10.8414,11.1115,7.475,3,RIGHT_MI
7711,30.12109375,4.2151,6.1035,4.9955,8.7602,3,RIGHT_MI
7712,30.125,-0.646,7.2662,2.9501,1.8171,3,RIGHT_MI
7713,30.12890625,-5.0098,5.7198,2.7009,9.5517,3,RIGHT_MI
7714,30.1328125,3.276,1.197,5.3484,1.0506,3,RIGHT_MI
7715,30.13671875,-3.3587,1.6462,1.9335,1.7035,3,RIGHT_MI
7716,30.140625,-1.5104,-0.6531,-0.7306,1.938,3,RIGHT_MI
7717,30.14453125,4.6256,3.8685,5.6872,-1.7944,3,RIGHT_MI
7718,30.1484375,-0.0329,-2.5659,1.1215,-5.841,3,RIGHT_MI
7719,30.15234375,-1.9699,-6.2936,-1.7275,-2.2217,3,RIGHT_MI
7720,30.15625,-2.2784,-2.6238,3.3857,1.6096,3,RIGHT_MI
7721,30.16015625,3.786,-9.0992,3.4666,-3.5464,3,RIGHT_MI
7722,30.1640625,-1.9813,0.4421,3.0163,-5.5344,3,RIGHT_MI
7723,30.16796875,-3.2847,-7.918,-4.0607,3.1477,3,RIGHT_MI
7724,30.171875,1.8554,3.1711,-8.6525,-3.73,3,RIGHT_MI
7725,30.17578125,-3.3904,-8.572,-3.8425,-8.9037,3,RIGHT_MI
7726,30.1796875,2.6738,-6.8821,-14.0342,-2.7493,3,RIGHT_MI
7727,30.18359375,-1.7927,-10.0868,-4.6583,-10.8849,3,RIGHT_MI
7728,30.1875,-8.1501,-3.2356,-8.1358,-5.8692,3,RIGHT_MI
7729,30.19140625,-1.1468,-5.231,-5.1819,-2.3068,3,RIGHT_MI
7730,30.1953125,0.2208,-2.4746,-0.2956,2.3293,3,RIGHT_MI
7731,30.19921875,0.0752,0.1673,-8.1955,3.6146,3,RIGHT_MI
7732,30.203125,5.4356,3.9331,-3.4518,3.3459,3,RIGHT_MI
7733,30.20703125,3.985,8.7611,1.5092,5.614,3,RIGHT_MI
7734,30.2109375,5.6843,5.6821,6.2061,10.8071,3,RIGHT_MI
7735,30.21484375,7.0844,2.8616,9.6062,2.5122,3,RIGHT_MI
7736,30.21875,7.3735,9.9107,6.6852,3.4667,3,RIGHT_MI
7737,30.22265625,0.3615,13.7446,4.0743,5.1164,3,RIGHT_MI
7738,30.2265625,-0.7187,7.1441,3.6021,10.0981,3,RIGHT_MI
7739,30.23046875,1.6002,-4.4698,-0.1592,4.5325,3,RIGHT_MI
7740,30.234375,1.7283,3.3431,4.4263,-0.0983,3,RIGHT_MI
7741,30.23828125,-2.0628,0.9781,5.835,2.4621,3,RIGHT_MI
7742,30.2421875,-4.5598,-1.4856,-0.8055,-2.4976,3,RIGHT_MI
7743,30.24609375,-0.0265,-2.2334,-0.7283,-8.9232,3,RIGHT_MI
7744,30.25,-1.628,-2.0816,-1.7618,0.8779,3,RIGHT_MI
7745,30.25390625,-0.9495,-1.792,-0.0241,-5.7183,3,RIGHT_MI
7746,30.2578125,0.4345,-0.5131,0.1063,-1.7868,3,RIGHT_MI
7747,30.26171875,-1.5051,2.8751,1.0788,-5.5448,3,RIGHT_MI
7748,30.265625,5.7125,-1.6133,-0.795,-4.58,3,RIGHT_MI
7749,30.26953125,1.8481,-5.6591,-7.638,-2.9693,3,RIGHT_MI
7750,30.2734375,-5.6434,-5.1371,1.4036,0.7377,3,RIGHT_MI
7751,30.27734375,-3.1012,-4.1208,-7.0069,-1.4985,3,RIGHT_MI
7752,30.28125,-3.2266,-6.7187,-6.9254,-3.7797,3,RIGHT_MI
7753,30.28515625,-4.9053,-5.6325,-10.7842,-3.668,3,RIGHT_MI
7754,30.2890625,-4.3221,-4.7097,-11.7052,-1.9572,3,RIGHT_MI
7755,30.29296875,-4.5097,-6.4705,-6.5398,-4.9521,3,RIGHT_MI
7756,30.296875,-1.2205,2.7986,-5.9761,7.0868,3,RIGHT_MI
7757,30.30078125,1.7828,5.1133,-4.6999,3.1,3,RIGHT_MI
7758,30.3046875,4.9513,6.9878,1.1805,7.3048,3,RIGHT_MI
7759,30.30859375,5.3035,5.1087,3.3995,8.1463,3,RIGHT_MI
7760,30.3125,-0.8949,7.4911,4.4769,7.1664,3,RIGHT_MI
7761,30.31640625,5.9579,4.3623,11.0145,6.5976,3,RIGHT_MI
7762,30.3203125,3.4306,6.5361,8.4468,5.876,3,RIGHT_MI
7763,30.32421875,1.4997,9.0259,2.5167,4.5438,3,RIGHT_MI
7764,30.328125,3.6085,6.6129,7.8841,0.3047,3,RIGHT_MI
7765,30.33203125,-0.6516,2.9999,8.4622,4.2877,3,RIGHT_MI
7766,30.3359375,0.0614,-0.0124,0.9064,-5.0803,3,RIGHT_MI
7767,30.33984375,-2.1404,-3.8724,1.8649,-4.5095,3,RIGHT_MI
7768,30.34375,-0.4339,-6.3763,6.0545,-5.9264,3,RIGHT_MI
7769,30.34765625,-2.9195,-3.7743,0.8056,-11.592,3,RIGHT_MI
7770,30.3515625,-0.4486,0.3111,2.3536,-5.836,3,RIGHT_MI
7771,30.35546875,2.6387,-3.3063,2.5003,-4.7915,3,RIGHT_MI
7772,30.359375,-0.7197,-4.8194,0.2389,-8.6577,3,RIGHT_MI
7773,30.36328125,1.2528,0.9778,1.0255,-2.672,3,RIGHT_MI
7774,30.3671875,1.0207,-0.9025,-3.4517,-3.8126,3,RIGHT_MI
7775,30.37109375,-0.5522,-8.3382,-5.0163,-1.6206,3,RIGHT_MI
7776,30.375,-3.6651,-4.5958,-6.692,-3.0874,3,RIGHT_MI
7777,30.37890625,-2.4188,-8.1497,-5.3979,-5.0823,3,RIGHT_MI
7778,30.3828125,-4.828,-6.6317,-10.0332,-3.4888,3,RIGHT_MI
7779,30.38671875,-9.7718,-7.8933,-10.5556,-1.1701,3,RIGHT_MI
7780,30.390625,0.3705,-4.9357,-6.3831,4.382,3,RIGHT_MI
7781,30.39453125,-4.5704,-2.106,-11.994,5.2433,3,RIGHT_MI
7782,30.3984375,2.6462,-1.7875,-3.3241,4.6771,3,RIGHT_MI
7783,30.40234375,1.9278,2.8459,5.2821,7.1929,3,RIGHT_MI
7784,30.40625,6.4681,4.9478,1.426,10.4776,3,RIGHT_MI
7785,30.41015625,4.9037,10.0575,2.8145,0.3752,3,RIGHT_MI
7786,30.4140625,0.1538,11.9018,6.2106,9.0151,3,RIGHT_MI
7787,30.41796875,8.7853,11.3343,4.9655,5.2871,3,RIGHT_MI
7788,30.421875,2.5045,7.708,5.6643,8.307,3,RIGHT_MI
7789,30.42578125,2.7176,9.0219,5.5583,-1.8757,3,RIGHT_MI
7790,30.4296875,-1.832,0.8493,7.0265,-2.2145,3,RIGHT_MI
7791,30.43359375,4.6137,2.0187,1.12,-3.4033,3,RIGHT_MI
7792,30.4375,-3.1271,-3.1949,5.019,-6.7927,3,RIGHT_MI
7793,30.44140625,-6.0151,-3.9083,0.8985,-8.0248,3,RIGHT_MI
7794,30.4453125,0.8125,-2.2756,7.0073,-7.6668,3,RIGHT_MI
7795,30.44921875,-0.221,-0.9045,-2.9675,-7.5951,3,RIGHT_MI
7796,30.453125,1.4518,-2.7992,8.8397,-2.955,3,RIGHT_MI
7797,30.45703125,0.1102,-3.5036,1.5007,-7.822,3,RIGHT_MI
7798,30.4609375,7.3462,-7.8112,0.3389,0.6039,3,RIGHT_MI
7799,30.46484375,3.0917,-6.7141,-0.5319,-3.3283,3,RIGHT_MI
7800,30.46875,-3.8934,-8.9092,-3.387,-2.8951,3,RIGHT_MI
7801,30.47265625,-0.9176,-5.0652,-8.2394,-2.7883,3,RIGHT_MI
7802,30.4765625,-7.526,-6.1906,-4.7484,2.5206,3,RIGHT_MI
7803,30.48046875,-1.8251,-5.1573,-3.0057,3.6037,3,RIGHT_MI
7804,30.484375,-1.928,-5.6585,-9.5149,-3.4872,3,RIGHT_MI
7805,30.48828125,-5.9098,-5.1162,-9.1673,2.8846,3,RIGHT_MI
7806,30.4921875,-6.7183,2.3671,-3.0495,-5.2088,3,RIGHT_MI
7807,30.49609375,1.2118,2.8,-5.5778,-1.6724,3,RIGHT_MI
7808,30.5,-3.4516,5.0321,-5.4438,10.0422,3,RIGHT_MI
7809,30.50390625,3.6912,7.2513,-3.2962,6.3681,3,RIGHT_MI
7810,30.5078125,3.4451,5.7759,2.9869,11.8032,3,RIGHT_MI
7811,30.51171875,-1.2179,6.898,8.0407,9.0585,3,RIGHT_MI
7812,30.515625,0.7848,11.2023,0.3009,6.5515,3,RIGHT_MI
7813,30.51953125,2.2402,7.4766,7.4008,3.7165,3,RIGHT_MI
7814,30.5234375,-0.1429,4.9102,2.9766,-0.8384,3,RIGHT_MI
7815,30.52734375,-0.4254,0.8735,3.1714,-5.564,3,RIGHT_MI
7816,30.53125,-1.9781,-4.3502,5.4612,-5.0388,3,RIGHT_MI
7817,30.53515625,3.2336,0.7572,2.9635,-6.7684,3,RIGHT_MI
7818,30.5390625,-0.439,-3.6896,-0.5924,-2.1576,3,RIGHT_MI
7819,30.54296875,2.6455,-8.5066,1.0753,-7.8481,3,RIGHT_MI
7820,30.546875,-1.1948,-10.3965,5.4707,-10.1124,3,RIGHT_MI
7821,30.55078125,1.7888,-1.8867,4.154,-2.4266,3,RIGHT_MI
7822,30.5546875,0.987,0.7703,10.7999,0.2199,3,RIGHT_MI
7823,30.55859375,-0.2011,-2.2172,1.4257,-4.517,3,RIGHT_MI
7824,30.5625,1.9294,-10.4581,7.0362,1.808,3,RIGHT_MI
7825,30.56640625,1.1236,-2.1984,4.5627,2.5497,3,RIGHT_MI
7826,30.5703125,0.2111,-4.1456,2.2062,4.843,3,RIGHT_MI
7827,30.57421875,-5.2627,-2.5929,-5.3054,4.3639,3,RIGHT_MI
7828,30.578125,-5.5176,-4.9307,-7.2408,5.2351,3,RIGHT_MI
7829,30.58203125,-1.4423,-5.4516,-0.9195,0.0188,3,RIGHT_MI
7830,30.5859375,-8.6767,-0.3198,-6.6392,4.0947,3,RIGHT_MI
7831,30.58984375,-4.2639,0.5915,-3.4822,4.3741,3,RIGHT_MI
7832,30.59375,-0.5797,0.7418,-10.4365,7.2052,3,RIGHT_MI
7833,30.59765625,-4.5854,4.9856,-6.5823,-1.5883,3,RIGHT_MI
7834,30.6015625,0.2539,4.2378,-4.7564,5.6364,3,RIGHT_MI
7835,30.60546875,7.8896,11.9024,-0.4754,8.0673,3,RIGHT_MI
7836,30.609375,3.8411,13.571,4.7394,5.4162,3,RIGHT_MI
7837,30.61328125,6.1444,8.0955,7.0663,3.9317,3,RIGHT_MI
7838,30.6171875,-1.5457,10.2748,3.8181,4.2789,3,RIGHT_MI
7839,30.62109375,2.0119,9.7934,8.3667,7.2234,3,RIGHT_MI
7840,30.625,3.3371,-1.0593,5.8905,-2.7244,3,RIGHT_MI
7841,30.62890625,1.645,7.4102,1.4462,1.4156,3,RIGHT_MI
7842,30.6328125,0.4654,-2.6292,5.3514,-7.8505,3,RIGHT_MI
7843,30.63671875,-0.5092,-0.3849,3.0713,-3.5416,3,RIGHT_MI
7844,30.640625,-6.0483,-0.8126,5.5389,-7.2811,3,RIGHT_MI
7845,30.64453125,-0.586,-5.1881,6.6045,-4.4061,3,RIGHT_MI
7846,30.6484375,-1.5037,-8.6185,5.2426,-10.0375,3,RIGHT_MI
7847,30.65234375,0.1774,-2.7191,1.4447,-5.8027,3,RIGHT_MI
7848,30.65625,0.6733,-0.4402,7.2868,-5.9935,3,RIGHT_MI
7849,30.66015625,6.9428,-3.4672,4.6361,3.4636,3,RIGHT_MI
7850,30.6640625,2.4958,-3.4849,1.4102,-2.2092,3,RIGHT_MI
7851,30.66796875,-0.6124,-2.1313,1.7841,-2.112,3,RIGHT_MI
7852,30.671875,-2.8307,-2.0543,0.0819,6.2023,3,RIGHT_MI
7853,30.67578125,-0.2193,-3.2674,-2.2622,3.0452,3,RIGHT_MI
7854,30.6796875,-2.032,-3.3903,-6.1121,-4.6322,3,RIGHT_MI
7855,30.68359375,-1.1174,-4.4333,-1.8539,1.5518,3,RIGHT_MI
7856,30.6875,-0.292,-0.3105,-7.1169,9.0732,3,RIGHT_MI
7857,30.69140625,-7.8157,3.8619,-10.4694,5.0187,3,RIGHT_MI
7858,30.6953125,3.0456,2.1064,-5.6767,5.8057,3,RIGHT_MI
7859,30.69921875,2.1665,7.7197,-3.8132,11.0515,3,RIGHT_MI
7860,30.703125,-1.025,4.622,-2.7863,1.8306,3,RIGHT_MI
7861,30.70703125,0.4765,9.853,7.5575,3.6743,3,RIGHT_MI
7862,30.7109375,0.6911,10.2314,-4.563,4.7544,3,RIGHT_MI
7863,30.71484375,2.3676,2.3504,2.1399,3.4457,3,RIGHT_MI
7864,30.71875,9.2403,6.5891,3.2005,3.9105,3,RIGHT_MI
7865,30.72265625,2.619,3.1835,3.8687,2.992,3,RIGHT_MI
7866,30.7265625,-1.9246,1.5539,7.1048,-5.8697,3,RIGHT_MI
7867,30.73046875,4.5906,2.4126,2.2002,-8.1271,3,RIGHT_MI
7868,30.734375,1.2391,-0.1979,5.0238,-10.0556,3,RIGHT_MI
7869,30.73828125,2.9455,-0.0838,-0.439,-7.4944,3,RIGHT_MI
7870,30.7421875,-2.5366,-1.1154,0.0508,-6.9082,3,RIGHT_MI
7871,30.74609375,-2.7671,-3.791,1.1865,-8.1744,3,RIGHT_MI
7872,30.75,1.3017,-3.4715,6.6294,-5.8254,3,RIGHT_MI
7873,30.75390625,-0.2049,-6.4575,7.8796,-1.2841,3,RIGHT_MI
7874,30.7578125,1.5332,3.1078,1.1963,1.3317,3,RIGHT_MI
7875,30.76171875,4.9518,1.2691,4.1453,2.0071,3,RIGHT_MI
7876,30.765625,1.283,0.7839,4.3151,4.6058,3,RIGHT_MI
7877,30.76953125,0.1433,-1.6875,1.0225,5.1746,3,RIGHT_MI
7878,30.7734375,2.0394,1.2443,-2.3363,8.7555,3,RIGHT_MI
7879,30.77734375,-3.3296,-1.1726,-3.5375,5.0901,3,RIGHT_MI
7880,30.78125,-6.0967,0.0756,-6.1438,3.6411,3,RIGHT_MI
7881,30.78515625,-3.2634,-5.3528,-7.1254,0.9779,3,RIGHT_MI
7882,30.7890625,-3.8969,-3.9656,-11.7347,4.4526,3,RIGHT_MI
7883,30.79296875,-2.3626,-2.4355,-10.2903,-8.0857,3,RIGHT_MI
7884,30.796875,4.3671,0.2631,-4.3587,1.858,3,RIGHT_MI
7885,30.80078125,2.5229,9.9207,-3.4352,2.3295,3,RIGHT_MI
7886,30.8046875,6.837,9.4236,-5.7866,3.4201,3,RIGHT_MI
7887,30.80859375,3.0144,4.7886,-0.8752,2.28,3,RIGHT_MI
7888,30.8125,4.8922,8.4619,3.3961,4.1826,3,RIGHT_MI
7889,30.81640625,4.1886,9.5936,4.0786,-2.175,3,RIGHT_MI
7890,30.8203125,-1.0712,3.8219,-0.5942,-2.2845,3,RIGHT_MI
7891,30.82421875,-5.3254,1.4302,6.7693,0.4688,3,RIGHT_MI
7892,30.828125,2.7967,0.1114,-1.1126,-3.0947,3,RIGHT_MI
7893,30.83203125,1.301,-1.044,2.6975,-4.2361,3,RIGHT_MI
7894,30.8359375,-1.5885,-4.5404,4.2729,-11.1109,3,RIGHT_MI
7895,30.83984375,-3.8347,-1.4426,3.1582,-8.0439,3,RIGHT_MI
7896,30.84375,4.0121,-7.8016,4.2126,-6.4016,3,RIGHT_MI
7897,30.84765625,1.1057,-2.6817,7.2963,1.0739,3,RIGHT_MI
7898,30.8515625,-2.0029,-2.8371,7.9656,-3.4545,3,RIGHT_MI
7899,30.85546875,-0.7312,-4.5681,13.4725,2.1213,3,RIGHT_MI
7900,30.859375,4.8938,2.5,7.9996,1.5954,3,RIGHT_MI
7901,30.86328125,-1.9248,-2.0137,3.4287,2.0274,3,RIGHT_MI
7902,30.8671875,0.2896,-3.265,1.8432,6.4831,3,RIGHT_MI
7903,30.87109375,-0.6279,-4.6858,1.5452,5.427,3,RIGHT_MI
7904,30.875,-7.3894,-0.3976,-2.2754,6.6222,3,RIGHT_MI
7905,30.87890625,-3.7422,-5.5868,-6.9302,5.464,3,RIGHT_MI
7906,30.8828125,0.8785,-1.3687,-6.8671,-0.1054,3,RIGHT_MI
7907,30.88671875,-7.0515,-1.4981,-6.3061,5.3509,3,RIGHT_MI
7908,30.890625,-2.9772,1.6178,-8.0505,3.2737,3,RIGHT_MI
7909,30.89453125,-8.022,-1.1179,-6.4839,-0.7295,3,RIGHT_MI
7910,30.8984375,1.0275,5.3245,-9.7145,5.0201,3,RIGHT_MI
7911,30.90234375,1.8258,7.2162,-0.8086,4.3647,3,RIGHT_MI
7912,30.90625,-3.8383,8.6109,-5.7115,-0.5849,3,RIGHT_MI
7913,30.91015625,2.5949,14.3765,0.5012,2.6115,3,RIGHT_MI
7914,30.9140625,5.7822,13.2565,4.6669,5.5203,3,RIGHT_MI
7915,30.91796875,-1.9476,3.2473,6.0597,-0.8751,3,RIGHT_MI
7916,30.921875,-2.4274,-1.1149,-0.0454,0.4675,3,RIGHT_MI
7917,30.92578125,3.7897,2.9768,3.0332,-4.1602,3,RIGHT_MI
7918,30.9296875,0.4819,1.2291,1.8045,-0.8009,3,RIGHT_MI
7919,30.93359375,-4.6732,-7.9202,4.4255,-4.6216,3,RIGHT_MI
7920,30.9375,-3.6026,-6.9339,3.436,-7.322,3,RIGHT_MI
7921,30.94140625,-4.5246,-3.5483,6.6845,-10.7107,3,RIGHT_MI
7922,30.9453125,1.0803,-10.1495,0.4345,-2.8735,3,RIGHT_MI
7923,30.94921875,1.2053,-9.8194,7.3649,-1.3119,3,RIGHT_MI
7924,30.953125,1.9898,-0.887,9.4139,2.435,3,RIGHT_MI
7925,30.95703125,5.168,-3.8127,2.3786,4.1853,3,RIGHT_MI
7926,30.9609375,2.1408,-1.5123,6.8804,3.9283,3,RIGHT_MI
7927,30.96484375,-1.4052,-7.3749,8.5818,8.4303,3,RIGHT_MI
7928,30.96875,3.4504,-1.6586,4.0331,6.9842,3,RIGHT_MI
7929,30.97265625,-2.2732,-5.2325,-2.5357,4.0914,3,RIGHT_MI
7930,30.9765625,0.984,-0.5596,-6.8087,0.8267,3,RIGHT_MI
7931,30.98046875,-2.2778,4.2111,-7.55,4.6833,3,RIGHT_MI
7932,30.984375,0.1252,0.0173,-8.7624,0.8359,3,RIGHT_MI
7933,30.98828125,-3.0432,1.4242,-8.5491,0.0486,3,RIGHT_MI
7934,30.9921875,-5.7952,-1.0922,-9.3368,3.1868,3,RIGHT_MI
7935,30.99609375,-3.459,-0.1555,-6.1795,1.2198,3,RIGHT_MI
7936,31.0,-0.468,6.5657,-5.1508,-3.3083,3,RIGHT_MI
7937,31.00390625,-0.7578,12.8267,-3.6714,-1.2839,3,RIGHT_MI
7938,31.0078125,4.7332,9.0745,2.8399,-3.8296,3,RIGHT_MI
7939,31.01171875,7.7432,6.6157,-2.3373,0.6626,3,RIGHT_MI
7940,31.015625,6.3257,4.6222,-0.5087,-7.2206,3,RIGHT_MI
7941,31.01953125,6.6358,11.2877,-1.6888,-5.6479,3,RIGHT_MI
7942,31.0234375,0.4262,0.5013,1.4495,-2.082,3,RIGHT_MI
7943,31.02734375,0.2315,4.0806,2.9766,-5.2459,3,RIGHT_MI
7944,31.03125,-1.7207,-3.367,2.3321,-7.6741,3,RIGHT_MI
7945,31.03515625,-2.0898,-5.2493,6.1546,-4.1285,3,RIGHT_MI
7946,31.0390625,-0.6581,-2.952,1.1126,-10.4506,3,RIGHT_MI
7947,31.04296875,-4.6458,-7.556,5.5254,-5.2268,3,RIGHT_MI
7948,31.046875,-2.849,-6.5208,5.2074,-3.7383,3,RIGHT_MI
7949,31.05078125,3.071,-1.1889,5.7475,-2.4803,3,RIGHT_MI
7950,31.0546875,-1.8817,-0.4618,5.1128,-0.8081,3,RIGHT_MI
7951,31.05859375,-3.156,2.1888,1.3117,6.2266,3,RIGHT_MI
7952,31.0625,4.0254,-2.6384,5.3575,3.6529,3,RIGHT_MI
7953,31.06640625,2.1387,-3.7895,5.6312,4.7421,3,RIGHT_MI
7954,31.0703125,-0.4066,-4.6097,-1.7639,6.8147,3,RIGHT_MI
7955,31.07421875,-0.8663,-1.0689,2.6094,6.6591,3,RIGHT_MI
7956,31.078125,-1.4538,0.2891,-4.6375,5.1999,3,RIGHT_MI
7957,31.08203125,-0.7302,-3.3543,-8.772,0.2114,3,RIGHT_MI
7958,31.0859375,-5.3614,0.6459,-7.5721,-2.0446,3,RIGHT_MI
7959,31.08984375,-4.7363,0.47,-7.169,-4.3153,3,RIGHT_MI
7960,31.09375,-5.7981,3.9155,-6.2106,-3.6237,3,RIGHT_MI
7961,31.09765625,2.0772,-0.6595,-7.0431,-0.0895,3,RIGHT_MI
7962,31.1015625,3.1873,11.1133,-7.9835,-4.2877,3,RIGHT_MI
7963,31.10546875,-1.8979,7.6738,-2.3061,1.689,3,RIGHT_MI
7964,31.109375,6.9584,6.4627,-3.6934,-5.0261,3,RIGHT_MI
7965,31.11328125,5.7578,5.1162,2.0432,-6.3561,3,RIGHT_MI
7966,31.1171875,1.6466,7.3748,0.3087,-9.549,3,RIGHT_MI
7967,31.12109375,4.8635,0.1993,-0.0841,-2.5343,3,RIGHT_MI
7968,31.125,4.0714,3.2424,-1.8285,-9.766,3,RIGHT_MI
7969,31.12890625,-0.4238,-1.6704,1.8476,-6.6754,3,RIGHT_MI
7970,31.1328125,1.1021,-2.7507,0.0957,-2.0195,3,RIGHT_MI
7971,31.13671875,-1.0675,-4.6788,1.2065,-5.3342,3,RIGHT_MI
7972,31.140625,-1.0236,-9.4685,3.4369,-3.8048,3,RIGHT_MI
7973,31.14453125,-1.0025,-7.0237,3.925,-2.5617,3,RIGHT_MI
7974,31.1484375,1.4159,-6.3891,7.4757,4.6426,3,RIGHT_MI
7975,31.15234375,-2.4979,-11.4511,7.8535,9.7989,3,RIGHT_MI
7976,31.15625,-0.7282,0.4469,8.0045,3.1022,3,RIGHT_MI
7977,31.16015625,4.668,-0.8276,11.0069,8.27,3,RIGHT_MI
7978,31.1640625,1.8239,-1.7827,4.8531,9.8855,3,RIGHT_MI
7979,31.16796875,-2.6055,-0.6511,4.9005,7.9651,3,RIGHT_MI
7980,31.171875,-0.4814,3.838,-0.4661,4.6492,3,RIGHT_MI
7981,31.17578125,-4.8394,0.4801,3.1622,10.9384,3,RIGHT_MI
7982,31.1796875,-4.1307,-0.8391,-4.2539,7.1255,3,RIGHT_MI
7983,31.18359375,-5.3221,1.1983,-2.7775,-1.386,3,RIGHT_MI
7984,31.1875,0.3122,4.0538,1.3031,-3.163,3,RIGHT_MI
7985,31.19140625,-3.222,-0.5899,-6.1279,-3.1394,3,RIGHT_MI
7986,31.1953125,-1.9187,2.1305,-11.7927,-2.9401,3,RIGHT_MI
7987,31.19921875,-0.4385,4.984,-8.1694,-4.7895,3,RIGHT_MI
7988,31.203125,4.2709,4.6592,-2.9485,-6.0347,3,RIGHT_MI
7989,31.20703125,2.4575,4.5107,-1.4781,-2.1137,3,RIGHT_MI
7990,31.2109375,8.7195,5.4835,-1.7012,-2.8679,3,RIGHT_MI
7991,31.21484375,4.6702,4.7433,1.2123,0.2027,3,RIGHT_MI
7992,31.21875,1.7738,4.0539,-2.8752,-6.4831,3,RIGHT_MI
7993,31.22265625,1.0634,1.0815,-0.3399,0.9223,3,RIGHT_MI
7994,31.2265625,-0.9693,-1.5158,0.5937,-6.5475,3,RIGHT_MI
7995,31.23046875,0.9984,-5.2786,1.3667,-5.1599,3,RIGHT_MI
7996,31.234375,-0.537,-1.8273,0.3685,-6.1538,3,RIGHT_MI
7997,31.23828125,-6.5439,-3.9608,3.3794,-4.4626,3,RIGHT_MI
7998,31.2421875,-8.2669,-8.5482,0.1824,-2.3188,3,RIGHT_MI
7999,31.24609375,-2.4006,-9.7093,7.3893,-0.109,3,RIGHT_MI
8000,31.25,-4.897,-10.4317,6.4325,1.4112,3,RIGHT_MI
8001,31.25390625,-2.4312,-2.6989,8.3871,3.369,3,RIGHT_MI
8002,31.2578125,3.2665,-5.2355,4.0768,7.2152,3,RIGHT_MI
8003,31.26171875,-1.8826,1.5983,12.9171,9.2711,3,RIGHT_MI
8004,31.265625,0.2111,-5.4577,7.8528,8.3933,3,RIGHT_MI
8005,31.26953125,1.6209,2.2281,3.3409,9.4394,3,RIGHT_MI
8006,31.2734375,-0.4032,3.2141,2.7375,8.9769,3,RIGHT_MI
8007,31.27734375,-10.9462,-7.0229,-0.5477,-4.5451,3,RIGHT_MI
8008,31.28125,-0.8264,2.2209,-0.7504,-1.2689,3,RIGHT_MI
8009,31.28515625,-5.0253,2.5073,-6.3892,-2.8741,3,RIGHT_MI
8010,31.2890625,-2.0703,4.7762,-15.6123,-13.0851,3,RIGHT_MI
8011,31.29296875,-3.0023,5.5795,-9.3589,-7.0975,3,RIGHT_MI
8012,31.296875,-3.0306,1.0946,-3.7779,-6.274,3,RIGHT_MI
8013,31.30078125,4.8663,7.0161,-3.2131,-8.2134,3,RIGHT_MI
8014,31.3046875,6.9478,6.6821,-7.7096,-5.488,3,RIGHT_MI
8015,31.30859375,0.5018,7.8702,-2.3954,-5.9261,3,RIGHT_MI
8016,31.3125,6.1368,4.3524,-1.5685,-4.6893,3,RIGHT_MI
8017,31.31640625,6.7142,7.5178,-4.0212,-2.6532,3,RIGHT_MI
8018,31.3203125,3.4419,0.184,-1.6373,-2.2552,3,RIGHT_MI
8019,31.32421875,1.913,-4.173,-0.4814,-2.9826,3,RIGHT_MI
8020,31.328125,1.9783,-5.3972,-1.3679,1.381,3,RIGHT_MI
8021,31.33203125,4.984,-7.3557,0.6508,-4.1407,3,RIGHT_MI
8022,31.3359375,0.0293,-3.2413,-7.1233,-4.896,3,RIGHT_MI
8023,31.33984375,-3.4173,-11.7039,1.5649,-1.9249,3,RIGHT_MI
8024,31.34375,-3.4484,-9.391,0.0666,2.3339,3,RIGHT_MI
8025,31.34765625,0.2445,-6.3964,1.1554,10.879,3,RIGHT_MI
8026,31.3515625,2.3202,-8.301,-0.032,9.0346,3,RIGHT_MI
8027,31.35546875,-1.3344,-5.185,7.3162,4.8153,3,RIGHT_MI
8028,31.359375,2.1942,-3.7575,7.5068,9.7272,3,RIGHT_MI
8029,31.36328125,3.4146,-1.5016,5.8464,6.8935,3,RIGHT_MI
8030,31.3671875,-1.3222,2.6086,6.4049,4.4587,3,RIGHT_MI
8031,31.37109375,1.4135,7.2166,3.577,8.1251,3,RIGHT_MI
8032,31.375,1.3024,6.6041,-1.8872,-0.9854,3,RIGHT_MI
8033,31.37890625,-3.8063,1.7821,-3.132,-0.2809,3,RIGHT_MI
8034,31.3828125,-8.698,6.0552,-1.8175,-4.0264,3,RIGHT_MI
8035,31.38671875,-6.2068,6.2586,-7.4766,-10.0394,3,RIGHT_MI
8036,31.390625,-2.8098,-4.2134,-0.4001,-5.527,3,RIGHT_MI
8037,31.39453125,-5.5824,1.3091,-7.8386,-2.7755,3,RIGHT_MI
8038,31.3984375,4.7241,4.0474,-2.4949,-8.1777,3,RIGHT_MI
8039,31.40234375,-1.8721,3.1309,-2.1935,-7.8286,3,RIGHT_MI
8040,31.40625,-0.5445,10.9614,-2.172,-7.7094,3,RIGHT_MI
8041,31.41015625,3.3172,5.367,-4.1202,-2.3773,3,RIGHT_MI
8042,31.4140625,5.0883,3.5939,-5.084,-1.3643,3,RIGHT_MI
8043,31.41796875,6.9359,1.2335,3.3134,-3.8438,3,RIGHT_MI
8044,31.421875,3.6311,4.1232,-5.503,-1.3929,3,RIGHT_MI
8045,31.42578125,-0.2542,-5.4255,-0.9031,-4.6838,3,RIGHT_MI
8046,31.4296875,-2.1108,-11.3177,-4.0247,-1.5257,3,RIGHT_MI
8047,31.43359375,5.2927,-7.7737,-2.1055,-2.3932,3,RIGHT_MI
8048,31.4375,-2.0523,-3.4382,-6.1639,-1.0332,3,RIGHT_MI
8049,31.44140625,-6.8486,-9.8371,4.066,3.6727,3,RIGHT_MI
8050,31.4453125,-1.796,-15.8216,4.9831,6.5026,3,RIGHT_MI
8051,31.44921875,2.3032,-7.9786,0.6282,3.3364,3,RIGHT_MI
8052,31.453125,0.891,0.2468,4.6642,9.2326,3,RIGHT_MI
8053,31.45703125,-2.2403,-4.709,7.0443,4.6789,3,RIGHT_MI
8054,31.4609375,3.8649,-0.4161,8.4182,7.3392,3,RIGHT_MI
8055,31.46484375,1.3134,-1.0588,8.5302,10.6241,3,RIGHT_MI
8056,31.46875,-2.4013,3.7251,5.6528,2.6762,3,RIGHT_MI
8057,31.47265625,-6.3748,2.1029,5.3364,7.3802,3,RIGHT_MI
8058,31.4765625,-3.6151,2.2468,1.6132,0.0891,3,RIGHT_MI
8059,31.48046875,-1.4458,1.6881,1.2283,-7.0205,3,RIGHT_MI
8060,31.484375,-8.9032,1.2878,-2.2996,-5.5392,3,RIGHT_MI
8061,31.48828125,-1.6862,2.381,-10.7255,-5.0588,3,RIGHT_MI
8062,31.4921875,0.6208,2.2163,-6.8718,-6.1864,3,RIGHT_MI
8063,31.49609375,-1.355,8.2201,-0.5301,-3.6181,3,RIGHT_MI
8064,31.5,2.5866,0.9505,-5.8674,-2.7769,3,RIGHT_MI
8065,31.50390625,-0.3424,6.8341,-6.6181,-2.829,3,RIGHT_MI
8066,31.5078125,3.6058,9.3495,2.7267,-1.924,3,RIGHT_MI
8067,31.51171875,-0.0544,3.8595,-8.2786,-0.3801,3,RIGHT_MI
8068,31.515625,7.7547,1.9331,-2.7438,2.2898,3,RIGHT_MI
8069,31.51953125,5.0377,4.1594,1.2088,3.5444,3,RIGHT_MI
8070,31.5234375,-2.0449,-3.0964,4.437,5.0524,3,RIGHT_MI
8071,31.52734375,-2.3201,-2.7912,-3.3712,4.0885,3,RIGHT_MI
8072,31.53125,-1.1998,-5.3674,-4.562,7.7878,3,RIGHT_MI
8073,31.53515625,4.6399,-1.1566,-2.0423,5.7157,3,RIGHT_MI
8074,31.5390625,3.1862,-8.2724,-2.3643,-1.5073,3,RIGHT_MI
8075,31.54296875,-0.2287,-0.1796,-1.4197,5.5091,3,RIGHT_MI
8076,31.546875,-1.9069,-6.2906,2.4239,5.5703,3,RIGHT_MI
8077,31.55078125,-2.7675,-7.4697,7.8575,4.5544,3,RIGHT_MI
8078,31.5546875,-1.7053,4.7556,6.0029,7.3137,3,RIGHT_MI
8079,31.55859375,3.5328,-5.9776,11.798,12.5889,3,RIGHT_MI
8080,31.5625,-2.7305,-2.2899,1.574,5.3883,3,RIGHT_MI
8081,31.56640625,2.966,1.0571,6.4603,6.9306,3,RIGHT_MI
8082,31.5703125,-1.4595,5.8839,7.2539,0.3507,3,RIGHT_MI
8083,31.57421875,-3.357,-2.2615,6.2563,1.493,3,RIGHT_MI
8084,31.578125,-4.3085,1.8556,-0.7001,-1.6044,3,RIGHT_MI
8085,31.58203125,-4.7949,2.8541,-5.5411,-1.43,3,RIGHT_MI
8086,31.5859375,-4.4322,4.0741,-3.7771,-11.6589,3,RIGHT_MI
8087,31.58984375,-5.1918,4.2499,-5.8104,-9.6715,3,RIGHT_MI
8088,31.59375,-3.9682,6.5522,-6.1298,-8.5659,3,RIGHT_MI
8089,31.59765625,-2.589,8.5399,-6.3192,-2.8026,3,RIGHT_MI
8090,31.6015625,0.8651,1.8559,-7.6491,-12.8619,3,RIGHT_MI
8091,31.60546875,4.2162,5.8112,-2.0314,2.1068,3,RIGHT_MI
8092,31.609375,3.8111,2.2946,-8.0408,-0.1338,3,RIGHT_MI
8093,31.61328125,6.0688,3.3531,0.7137,5.2045,3,RIGHT_MI
8094,31.6171875,6.1105,1.78,-7.2133,8.9683,3,RIGHT_MI
8095,31.62109375,6.1096,0.8517,-2.3984,5.8635,3,RIGHT_MI
8096,31.625,5.8011,-2.3973,-6.0303,0.5562,3,RIGHT_MI
8097,31.62890625,-1.7221,-5.7291,0.4897,3.2139,3,RIGHT_MI
8098,31.6328125,2.3819,-8.5663,1.2935,-2.6427,3,RIGHT_MI
8099,31.63671875,-0.3559,-6.0095,1.6293,4.1348,3,RIGHT_MI
8100,31.640625,0.7171,-5.2097,-1.4309,2.9783,3,RIGHT_MI
8101,31.64453125,4.5452,-7.7466,0.952,4.246,3,RIGHT_MI
8102,31.6484375,-4.7457,-6.3964,9.2758,3.8132,3,RIGHT_MI
8103,31.65234375,-1.4092,0.6352,3.4207,4.7792,3,RIGHT_MI
8104,31.65625,5.8196,-2.7382,11.965,8.998,3,RIGHT_MI
8105,31.66015625,-5.6856,-1.8968,7.6304,2.1235,3,RIGHT_MI
8106,31.6640625,4.4318,0.5368,8.4121,8.5799,3,RIGHT_MI
8107,31.66796875,-3.134,3.0725,3.1812,3.5507,3,RIGHT_MI
8108,31.671875,-4.3756,3.5259,4.477,-9.5657,3,RIGHT_MI
8109,31.67578125,-4.4123,-0.139,4.8694,-3.767,3,RIGHT_MI
8110,31.6796875,0.2767,2.9017,-4.4643,-5.9316,3,RIGHT_MI
8111,31.68359375,0.1022,1.6999,-3.7644,-2.9843,3,RIGHT_MI
8112,31.6875,-5.5971,3.385,-9.2159,-11.3926,3,RIGHT_MI
8113,31.69140625,-5.4628,6.5848,-9.0144,-13.3958,3,RIGHT_MI
8114,31.6953125,-3.6381,3.6958,-3.8471,-7.2668,3,RIGHT_MI
8115,31.69921875,-3.1634,5.5963,-2.4739,-7.3153,3,RIGHT_MI
8116,31.703125,2.284,13.837,-6.5118,-4.5519,3,RIGHT_MI
8117,31.70703125,3.8613,5.2433,-6.8491,-0.7576,3,RIGHT_MI
8118,31.7109375,3.9563,6.1285,-4.6941,-0.0439,3,RIGHT_MI
8119,31.71484375,6.9907,4.0474,3.322,3.6368,3,RIGHT_MI
8120,31.71875,5.7587,-3.9147,-8.3494,6.7926,3,RIGHT_MI
8121,31.72265625,13.1496,-3.357,-5.9484,4.7634,3,RIGHT_MI
8122,31.7265625,0.6484,1.8246,-1.4836,0.5121,3,RIGHT_MI
8123,31.73046875,2.5598,-4.6563,-0.3143,6.4577,3,RIGHT_MI
8124,31.734375,-0.423,-12.4381,-2.2777,6.814,3,RIGHT_MI
8125,31.73828125,3.9488,-9.3798,-3.2196,2.3591,3,RIGHT_MI
8126,31.7421875,-0.9967,-13.3633,-1.7411,0.8197,3,RIGHT_MI
8127,31.74609375,-3.8787,-6.5053,1.3657,-0.5349,3,RIGHT_MI
8128,31.75,4.3024,-9.0185,4.2565,7.0484,3,RIGHT_MI
8129,31.75390625,1.9827,1.9292,13.464,3.9571,3,RIGHT_MI
8130,31.7578125,-0.6645,2.081,8.4418,0.9304,3,RIGHT_MI
8131,31.76171875,-1.0344,0.2215,10.1412,1.66,3,RIGHT_MI
8132,31.765625,2.8504,2.9164,11.5994,-2.642,3,RIGHT_MI
8133,31.76953125,0.1761,0.6802,11.1765,0.0008,3,RIGHT_MI
8134,31.7734375,-2.3189,4.5963,4.0696,-1.0835,3,RIGHT_MI
8135,31.77734375,-3.1325,0.2377,1.1036,-1.6587,3,RIGHT_MI
8136,31.78125,-4.1858,3.6783,-0.3463,-8.9893,3,RIGHT_MI
8137,31.78515625,-2.2185,7.3475,1.6231,-4.3274,3,RIGHT_MI
8138,31.7890625,-0.9391,3.1615,-5.4724,-9.3462,3,RIGHT_MI
8139,31.79296875,-4.9848,1.3996,-8.2272,-15.3382,3,RIGHT_MI
8140,31.796875,-2.1195,1.7031,-5.4855,-6.4663,3,RIGHT_MI
8141,31.80078125,-2.2758,5.419,-5.8719,-5.2145,3,RIGHT_MI
8142,31.8046875,-0.6964,-4.8747,-5.4009,-0.5463,3,RIGHT_MI
8143,31.80859375,-2.2109,6.9865,-0.2391,-0.4433,3,RIGHT_MI
8144,31.8125,5.6491,2.8074,-6.4062,1.9973,3,RIGHT_MI
8145,31.81640625,4.4379,4.9065,-1.5363,4.3602,3,RIGHT_MI
8146,31.8203125,-0.9447,-4.2498,-1.9375,4.7624,3,RIGHT_MI
8147,31.82421875,7.0847,2.7022,-4.0721,2.3275,3,RIGHT_MI
8148,31.828125,-0.3884,-2.8857,-7.5708,0.963,3,RIGHT_MI
8149,31.83203125,2.5382,-10.3417,-6.1849,2.9969,3,RIGHT_MI
8150,31.8359375,4.1037,-14.5438,0.9504,5.6793,3,RIGHT_MI
8151,31.83984375,0.4457,-8.1682,0.7411,0.9614,3,RIGHT_MI
8152,31.84375,-4.1096,-7.3403,2.8268,2.3672,3,RIGHT_MI
8153,31.84765625,-3.0584,-10.3893,4.152,-2.53,3,RIGHT_MI
8154,31.8515625,2.1587,-3.4693,4.9701,3.9805,3,RIGHT_MI
8155,31.85546875,-0.4166,-0.4686,5.1412,2.7161,3,RIGHT_MI
8156,31.859375,-2.1355,3.2961,10.4557,6.7733,3,RIGHT_MI
8157,31.86328125,2.5568,6.6101,11.6585,3.9021,3,RIGHT_MI
8158,31.8671875,-3.7823,4.5991,9.309,-3.0651,3,RIGHT_MI
8159,31.87109375,2.2266,7.9413,8.3482,-3.9517,3,RIGHT_MI
8160,31.875,-0.0447,5.595,4.4433,-8.9055,3,RIGHT_MI
8161,31.87890625,-4.9282,5.4685,2.9697,-13.1313,3,RIGHT_MI
8162,31.8828125,-4.1458,3.8397,-4.1089,-5.1235,3,RIGHT_MI
8163,31.88671875,-2.748,1.4157,-3.9832,-7.9795,3,RIGHT_MI
8164,31.890625,-4.5831,-5.5287,-4.6737,-12.2641,3,RIGHT_MI
8165,31.89453125,-0.5652,4.5663,-8.6619,-1.1692,3,RIGHT_MI
8166,31.8984375,0.0439,3.225,-6.0641,-2.9807,3,RIGHT_MI
8167,31.90234375,5.801,3.2888,-6.9875,-2.2316,3,RIGHT_MI
8168,31.90625,0.6954,8.587,-5.007,3.5568,3,RIGHT_MI
8169,31.91015625,-0.0964,3.6042,-6.9268,9.2535,3,RIGHT_MI
8170,31.9140625,5.1191,1.8474,-4.6442,6.8879,3,RIGHT_MI
8171,31.91796875,1.8236,2.9856,-0.6418,9.4597,3,RIGHT_MI
8172,31.921875,4.6904,-1.1451,-2.0461,3.0667,3,RIGHT_MI
8173,31.92578125,0.3983,-8.0428,-7.6338,4.47,3,RIGHT_MI
8174,31.9296875,2.7983,-9.1931,-0.4466,7.7486,3,RIGHT_MI
8175,31.93359375,2.3555,-8.9112,-6.4449,4.2459,3,RIGHT_MI
8176,31.9375,-0.0633,-9.513,-1.997,6.0642,3,RIGHT_MI
8177,31.94140625,0.0106,-5.5683,1.5663,2.1036,3,RIGHT_MI
8178,31.9453125,1.5155,-7.8931,-1.9388,1.4884,3,RIGHT_MI
8179,31.94921875,1.6022,-4.473,1.7561,-4.289,3,RIGHT_MI
8180,31.953125,4.0422,-1.7809,8.9658,-1.1442,3,RIGHT_MI
8181,31.95703125,7.6393,1.1019,3.9155,-4.1798,3,RIGHT_MI
8182,31.9609375,1.4476,0.7614,8.3126,6.5015,3,RIGHT_MI
8183,31.96484375,3.0216,7.8709,13.2339,-0.6855,3,RIGHT_MI
8184,31.96875,2.8959,6.4125,7.3022,-5.6628,3,RIGHT_MI
8185,31.97265625,-4.5878,3.6799,6.3025,-3.3214,3,RIGHT_MI
8186,31.9765625,-7.858,3.9603,4.7616,-7.6665,3,RIGHT_MI
8187,31.98046875,-3.1295,2.2494,-0.7324,-6.2368,3,RIGHT_MI
8188,31.984375,-5.2984,-1.4696,-1.6759,-9.7302,3,RIGHT_MI
8189,31.98828125,-3.529,3.1126,-8.1664,-3.8989,3,RIGHT_MI
8190,31.9921875,-0.5704,-0.4429,-5.0129,-3.7252,3,RIGHT_MI
8191,31.99609375,0.849,2.2254,-11.4849,-3.3144,3,RIGHT_MI
8192,32.0,-1.4321,1.8646,-1.16,-0.6947,3,RIGHT_MI
8193,32.00390625,7.4686,6.0996,-6.2663,1.3989,3,RIGHT_MI
8194,32.0078125,-1.1775,1.1992,-3.0497,7.903,3,RIGHT_MI
8195,32.01171875,0.6054,2.6355,-3.1162,11.212,3,RIGHT_MI
8196,32.015625,5.3042,2.0853,-11.0178,7.7989,3,RIGHT_MI
8197,32.01953125,0.0574,-1.3158,-0.4556,5.0671,3,RIGHT_MI
8198,32.0234375,3.0245,-4.2112,-7.2326,4.6321,3,RIGHT_MI
8199,32.02734375,3.3274,-6.7394,-8.5481,7.4312,3,RIGHT_MI
8200,32.03125,4.6498,-9.3657,-6.6178,-5.7421,3,RIGHT_MI
8201,32.03515625,-0.6418,-10.1217,-6.0475,0.9704,3,RIGHT_MI
8202,32.0390625,3.2635,-3.3809,-8.3394,-2.0192,3,RIGHT_MI
8203,32.04296875,-1.4903,-11.7716,1.2573,-1.7843,3,RIGHT_MI
8204,32.046875,-0.1201,-8.1841,0.2806,-3.4244,3,RIGHT_MI
8205,32.05078125,-1.0172,-8.027,6.1233,-4.8431,3,RIGHT_MI
8206,32.0546875,-3.4637,-0.8294,4.9512,-3.0379,3,RIGHT_MI
8207,32.05859375,5.7295,3.5646,9.4598,0.499,3,RIGHT_MI
8208,32.0625,0.0718,1.2793,8.4928,-0.1974,3,RIGHT_MI
8209,32.06640625,-1.8946,4.8381,6.2131,-3.6049,3,RIGHT_MI
8210,32.0703125,0.5498,11.0084,9.9195,-6.4747,3,RIGHT_MI
8211,32.07421875,-4.6392,1.5975,5.2111,-4.0884,3,RIGHT_MI
8212,32.078125,-1.7679,3.8167,-1.396,-6.6902,3,RIGHT_MI
8213,32.08203125,-3.5314,3.0759,1.7323,-5.4238,3,RIGHT_MI
8214,32.0859375,-3.227,6.0291,-0.5769,-1.2705,3,RIGHT_MI
8215,32.08984375,-6.4596,4.369,-8.8576,-8.2713,3,RIGHT_MI
8216,32.09375,-0.7336,4.7391,-7.4924,-5.6788,3,RIGHT_MI
8217,32.09765625,1.2778,7.9149,-2.4767,5.5171,3,RIGHT_MI
8218,32.1015625,-3.3465,5.779,-2.5557,8.2476,3,RIGHT_MI
8219,32.10546875,3.8698,3.2081,-5.3328,-0.3537,3,RIGHT_MI
8220,32.109375,0.7596,0.2072,-1.5692,5.8613,3,RIGHT_MI
8221,32.11328125,1.212,-4.2508,-6.6257,9.3925,3,RIGHT_MI
8222,32.1171875,1.6133,2.0217,-2.3272,13.1129,3,RIGHT_MI
8223,32.12109375,4.6386,-2.5173,-0.7552,9.7373,3,RIGHT_MI
8224,32.125,-2.7168,-2.6088,-5.3882,5.0809,3,RIGHT_MI
8225,32.12890625,2.3233,-3.9065,-7.7763,4.6225,3,RIGHT_MI
8226,32.1328125,0.2556,-13.5848,-2.5481,4.8741,3,RIGHT_MI
8227,32.13671875,-2.4795,-12.1485,-3.7909,-4.9476,3,RIGHT_MI
8228,32.140625,4.1899,-8.5688,-2.8339,-1.5588,3,RIGHT_MI
8229,32.14453125,-0.7345,-1.3708,0.93,-5.2682,3,RIGHT_MI
8230,32.1484375,-1.0719,-2.5242,-0.304,-5.8043,3,RIGHT_MI
8231,32.15234375,1.4268,-1.171,5.6364,-6.1505,3,RIGHT_MI
8232,32.15625,-2.7154,3.8024,4.5888,-5.5062,3,RIGHT_MI
8233,32.16015625,3.0531,4.7949,13.8399,-4.2418,3,RIGHT_MI
8234,32.1640625,4.1441,3.9944,12.141,-2.7839,3,RIGHT_MI
8235,32.16796875,3.5192,6.9599,8.5815,-3.0057,3,RIGHT_MI
8236,32.171875,-2.7723,3.6138,12.1456,-0.8779,3,RIGHT_MI
8237,32.17578125,1.6741,3.1543,4.6502,-5.0857,3,RIGHT_MI
8238,32.1796875,-0.1071,5.5883,-1.2139,-5.0175,3,RIGHT_MI
8239,32.18359375,-3.7339,-1.7031,1.4659,-6.7749,3,RIGHT_MI
8240,32.1875,-4.94,-0.5787,1.265,-2.9283,3,RIGHT_MI
8241,32.19140625,-5.4326,0.5451,-3.462,-5.8049,3,RIGHT_MI
8242,32.1953125,-4.4416,5.3953,1.3283,-1.1186,3,RIGHT_MI
8243,32.19921875,0.8393,-0.2087,-8.6181,9.6603,3,RIGHT_MI
8244,32.203125,4.878,1.4746,-1.2848,5.2257,3,RIGHT_MI
8245,32.20703125,2.7927,-1.1058,-1.4156,6.2817,3,RIGHT_MI
8246,32.2109375,7.1062,2.1663,-1.7388,7.6977,3,RIGHT_MI
8247,32.21484375,5.0734,-1.5492,-4.0442,10.474,3,RIGHT_MI
8248,32.21875,0.8462,-1.91,-9.6628,14.693,3,RIGHT_MI
8249,32.22265625,0.4109,-9.7899,-8.1165,10.2886,3,RIGHT_MI
8250,32.2265625,0.0483,-3.0731,-4.2546,2.0977,3,RIGHT_MI
8251,32.23046875,3.5365,-9.3969,-7.2752,-0.4919,3,RIGHT_MI
8252,32.234375,6.5072,-9.2851,-12.9722,0.4682,3,RIGHT_MI
8253,32.23828125,-4.3647,-7.7102,-3.9671,-3.1189,3,RIGHT_MI
8254,32.2421875,-3.5205,-8.1905,-5.8083,-4.4857,3,RIGHT_MI
8255,32.24609375,3.3582,0.0024,1.5241,-10.2529,3,RIGHT_MI
8256,32.25,2.3672,-3.3101,-1.1375,-5.8363,3,RIGHT_MI
8257,32.25390625,-0.4138,3.2232,4.9132,-7.3186,3,RIGHT_MI
8258,32.2578125,7.3154,-0.789,6.1351,-0.2063,3,RIGHT_MI
8259,32.26171875,0.779,5.0411,2.7242,-0.4052,3,RIGHT_MI
8260,32.265625,1.4036,6.6162,8.1653,0.5684,3,RIGHT_MI
8261,32.26953125,1.0072,2.9502,6.4108,0.3005,3,RIGHT_MI
8262,32.2734375,-6.4259,2.5414,7.4466,-4.0888,3,RIGHT_MI
8263,32.27734375,-7.7128,6.1087,3.5846,-7.195,3,RIGHT_MI
8264,32.28125,-2.6863,3.831,-4.3181,-8.9899,3,RIGHT_MI
8265,32.28515625,-3.248,4.2397,-0.2723,-4.0404,3,RIGHT_MI
8266,32.2890625,-2.3226,2.0426,4.0322,-1.7156,3,RIGHT_MI
8267,32.29296875,-1.6578,6.431,-4.1925,-2.0646,3,RIGHT_MI
8268,32.296875,-2.6402,-0.7962,-0.2986,4.2942,3,RIGHT_MI
8269,32.30078125,-2.0198,4.8149,-8.6577,6.7287,3,RIGHT_MI
8270,32.3046875,2.8996,-0.0184,4.7413,6.4206,3,RIGHT_MI
8271,32.30859375,3.9709,1.2689,-3.2873,6.5702,3,RIGHT_MI
8272,32.3125,-2.458,-3.8005,-4.474,9.5099,3,RIGHT_MI
8273,32.31640625,1.178,5.1869,-3.6176,14.5241,3,RIGHT_MI
8274,32.3203125,7.2428,-0.3994,-5.5267,4.2497,3,RIGHT_MI
8275,32.32421875,3.2063,-1.4254,-1.277,3.9182,3,RIGHT_MI
8276,32.328125,-0.5453,-9.5289,-4.1081,-0.454,3,RIGHT_MI
8277,32.33203125,-4.2295,-11.4278,-7.7266,-3.3369,3,RIGHT_MI
8278,32.3359375,1.6425,-12.4222,-9.2674,-6.0376,3,RIGHT_MI
8279,32.33984375,1.2653,-16.2153,-10.666,-9.1769,3,RIGHT_MI
8280,32.34375,-4.6315,-7.7169,-3.226,-2.7667,3,RIGHT_MI
8281,32.34765625,-0.3474,-5.1897,2.9816,-6.0583,3,RIGHT_MI
8282,32.3515625,-3.5536,4.8392,6.1857,-2.7961,3,RIGHT_MI
8283,32.35546875,6.3656,3.0043,5.9658,-10.2165,3,RIGHT_MI
8284,32.359375,-0.9672,3.2649,8.1185,-1.8646,3,RIGHT_MI
8285,32.36328125,5.585,3.8478,9.1386,-0.1233,3,RIGHT_MI
8286,32.3671875,-1.7332,8.807,12.3618,1.6211,3,RIGHT_MI
8287,32.37109375,2.5878,5.9324,8.2593,-1.038,3,RIGHT_MI
8288,32.375,-0.4001,6.4138,2.4522,-2.7202,3,RIGHT_MI
8289,32.37890625,-1.0437,4.7324,5.5075,-2.4863,3,RIGHT_MI
8290,32.3828125,-1.18,3.615,3.0959,-1.9896,3,RIGHT_MI
8291,32.38671875,-9.0481,3.2806,8.4775,-3.6804,3,RIGHT_MI
8292,32.390625,-1.9443,-4.6943,4.745,3.294,3,RIGHT_MI
8293,32.39453125,-4.0444,1.0577,0.7098,1.8548,3,RIGHT_MI
8294,32.3984375,0.4689,-1.267,-2.1217,3.1618,3,RIGHT_MI
8295,32.40234375,7.2589,-3.8785,-0.5841,5.3634,3,RIGHT_MI
8296,32.40625,7.3844,1.3063,1.7061,7.3548,3,RIGHT_MI
8297,32.41015625,2.4179,-3.6391,0.0719,9.1308,3,RIGHT_MI
8298,32.4140625,1.1462,-2.2979,-3.7001,7.4242,3,RIGHT_MI
8299,32.41796875,6.7998,-6.5288,-2.5082,4.4265,3,RIGHT_MI
8300,32.421875,1.8234,-4.0055,-8.7265,3.3312,3,RIGHT_MI
8301,32.42578125,3.3636,-3.8964,-2.4072,-0.6877,3,RIGHT_MI
8302,32.4296875,-0.2788,-10.1345,-4.4393,-4.7552,3,RIGHT_MI
8303,32.43359375,-2.3641,-7.8301,-10.5498,-1.8352,3,RIGHT_MI
8304,32.4375,-2.4262,-8.366,-7.6522,-7.864,3,RIGHT_MI
8305,32.44140625,-2.2261,-9.7127,-8.669,-11.6883,3,RIGHT_MI
8306,32.4453125,-3.8139,-3.2868,-0.1685,-7.1976,3,RIGHT_MI
8307,32.44921875,-0.8919,-3.2793,-3.413,-5.595,3,RIGHT_MI
8308,32.453125,-0.7769,5.4084,1.3336,-3.5334,3,RIGHT_MI
8309,32.45703125,-2.0311,4.8135,4.5094,-1.3678,3,RIGHT_MI
8310,32.4609375,5.7695,9.4194,8.0431,-0.8959,3,RIGHT_MI
8311,32.46484375,4.5835,9.0173,4.1933,-1.8971,3,RIGHT_MI
8312,32.46875,0.4115,14.5833,9.5559,0.0571,3,RIGHT_MI
8313,32.47265625,4.4595,11.2657,6.833,-2.4119,3,RIGHT_MI
8314,32.4765625,0.6984,7.7621,7.4937,2.6221,3,RIGHT_MI
8315,32.48046875,-5.0622,3.9429,5.6239,-2.2026,3,RIGHT_MI
8316,32.484375,-6.3607,6.4232,4.1561,3.6131,3,RIGHT_MI
8317,32.48828125,-2.4736,5.2522,-1.816,0.9166,3,RIGHT_MI
8318,32.4921875,-5.397,-3.3763,3.4264,2.5639,3,RIGHT_MI
8319,32.49609375,-4.8376,-1.0213,1.9906,4.1769,3,RIGHT_MI
8320,32.5,-3.576,-4.1462,2.1787,8.1981,3,RIGHT_MI
8321,32.50390625,5.4172,-4.3411,-4.2346,7.105,3,RIGHT_MI
8322,32.5078125,3.6309,5.6063,0.0321,9.4759,3,RIGHT_MI
8323,32.51171875,1.6787,-9.3263,2.2887,3.2893,3,RIGHT_MI
8324,32.515625,-2.652,1.3663,-0.8101,7.9352,3,RIGHT_MI
8325,32.51953125,2.3439,-10.5492,0.2578,2.1725,3,RIGHT_MI
8326,32.5234375,-0.5018,-7.595,-6.4461,2.5199,3,RIGHT_MI
8327,32.52734375,3.9742,-3.3045,-9.8089,-1.4873,3,RIGHT_MI
8328,32.53125,-3.5329,-11.9519,-11.1064,-7.4074,3,RIGHT_MI
8329,32.53515625,-2.9123,-10.9755,-7.2882,-7.0323,3,RIGHT_MI
8330,32.5390625,-9.6318,-5.8205,-10.3865,-12.2803,3,RIGHT_MI
8331,32.54296875,-4.562,-3.621,-6.2385,-12.7959,3,RIGHT_MI
8332,32.546875,0.1442,-2.2539,-1.3697,-6.2884,3,RIGHT_MI
8333,32.55078125,-2.9832,0.1469,0.1088,-12.6245,3,RIGHT_MI
8334,32.5546875,1.4538,0.7679,1.5524,-8.5768,3,RIGHT_MI
8335,32.55859375,5.1522,7.7409,5.0911,-1.2681,3,RIGHT_MI
8336,32.5625,4.1509,5.7375,9.8807,0.6485,3,RIGHT_MI
8337,32.56640625,4.0465,14.7894,8.5979,-2.9035,3,RIGHT_MI
8338,32.5703125,2.6409,8.1646,8.6653,0.9315,3,RIGHT_MI
8339,32.57421875,-2.6413,9.5039,6.1039,3.5712,3,RIGHT_MI
8340,32.578125,2.7463,6.482,8.9099,1.2799,3,RIGHT_MI
8341,32.58203125,-3.0872,0.7943,4.8432,1.463,3,RIGHT_MI
8342,32.5859375,-5.1128,3.4057,1.8574,2.6272,3,RIGHT_MI
8343,32.58984375,-6.5943,-2.2953,3.541,4.4749,3,RIGHT_MI
8344,32.59375,-5.5295,-5.2153,0.4384,0.6859,3,RIGHT_MI
8345,32.59765625,-0.0665,2.2565,2.0828,2.9541,3,RIGHT_MI
8346,32.6015625,2.5712,-0.0001,3.0172,4.9268,3,RIGHT_MI
8347,32.60546875,-0.8536,0.8432,-2.1828,11.5826,3,RIGHT_MI
8348,32.609375,1.5472,-1.5147,4.7795,7.203,3,RIGHT_MI
8349,32.61328125,9.4206,-0.0338,2.17,7.5221,3,RIGHT_MI
8350,32.6171875,1.1086,-6.8269,-0.4658,4.3618,3,RIGHT_MI
8351,32.62109375,4.7232,-3.4337,2.1726,-3.7683,3,RIGHT_MI
8352,32.625,3.3559,-6.6039,-6.2685,5.9718,3,RIGHT_MI
8353,32.62890625,-1.8002,-5.2754,-6.4413,-3.0695,3,RIGHT_MI
8354,32.6328125,2.5888,-10.8845,-11.2,-9.2853,3,RIGHT_MI
8355,32.63671875,-4.0571,-7.8933,-11.56,-9.6598,3,RIGHT_MI
8356,32.640625,-6.8127,-7.2458,-4.6143,-12.1151,3,RIGHT_MI
8357,32.64453125,-3.7527,-5.3016,-5.0197,-10.5024,3,RIGHT_MI
8358,32.6484375,0.1771,1.5607,-8.6171,-5.0612,3,RIGHT_MI
8359,32.65234375,2.45,6.7805,-0.0051,-8.148,3,RIGHT_MI
8360,32.65625,-0.5969,2.3103,4.2109,-1.9433,3,RIGHT_MI
8361,32.66015625,0.0124,3.8454,6.3537,-0.8643,3,RIGHT_MI
8362,32.6640625,2.3165,9.8997,4.3351,-4.2912,3,RIGHT_MI
8363,32.66796875,0.9898,5.1694,11.5504,4.4382,3,RIGHT_MI
8364,32.671875,-2.2099,-1.3048,11.4538,8.1842,3,RIGHT_MI
8365,32.67578125,-5.816,6.8946,6.8562,11.7404,3,RIGHT_MI
8366,32.6796875,-2.5156,7.5905,6.3845,4.0451,3,RIGHT_MI
8367,32.68359375,-10.7921,-3.479,3.6404,8.7115,3,RIGHT_MI
8368,32.6875,-0.8529,-0.0578,-0.2838,-0.7277,3,RIGHT_MI
8369,32.69140625,-2.4212,-1.0653,-4.2312,7.8691,3,RIGHT_MI
8370,32.6953125,-4.0917,-3.3988,0.0202,6.7025,3,RIGHT_MI
8371,32.69921875,0.5836,-1.7205,-0.3874,3.8511,3,RIGHT_MI
8372,32.703125,1.2711,0.3272,-1.2168,4.3275,3,RIGHT_MI
8373,32.70703125,2.8917,0.7924,-1.3158,4.1907,3,RIGHT_MI
8374,32.7109375,0.3662,-5.4515,2.6524,7.6903,3,RIGHT_MI
8375,32.71484375,4.7366,-3.3567,-2.6166,0.2091,3,RIGHT_MI
8376,32.71875,1.9751,-1.4472,-4.8657,-2.4108,3,RIGHT_MI
8377,32.72265625,1.1891,-1.3141,-5.9566,-3.4091,3,RIGHT_MI
8378,32.7265625,0.923,-2.3495,-8.419,-8.7123,3,RIGHT_MI
8379,32.73046875,3.4156,-9.1178,-11.9734,-1.0203,3,RIGHT_MI
8380,32.734375,1.729,0.1067,-2.8083,-11.7992,3,RIGHT_MI
8381,32.73828125,-0.0407,-6.2458,-13.3504,-7.6181,3,RIGHT_MI
8382,32.7421875,-1.376,-0.52,-6.0293,-5.7441,3,RIGHT_MI
8383,32.74609375,-0.4919,-0.48,-5.7181,-7.8156,3,RIGHT_MI
8384,32.75,4.2864,4.0398,-1.0381,-2.7621,3,RIGHT_MI
8385,32.75390625,1.3823,2.3937,5.2274,-7.0961,3,RIGHT_MI
8386,32.7578125,0.8554,5.494,6.0175,2.8938,3,RIGHT_MI
8387,32.76171875,-0.8727,6.8117,8.1168,-1.8992,3,RIGHT_MI
8388,32.765625,-2.9088,7.3458,7.9047,5.9222,3,RIGHT_MI
8389,32.76953125,0.0035,11.9399,6.5236,11.0259,3,RIGHT_MI
8390,32.7734375,-0.33,6.0609,9.1847,9.614,3,RIGHT_MI
8391,32.77734375,1.2762,5.8121,5.5847,2.6848,3,RIGHT_MI
8392,32.78125,2.5758,2.7754,0.3237,5.0715,3,RIGHT_MI
8393,32.78515625,-4.2429,-2.9861,2.9236,2.4524,3,RIGHT_MI
8394,32.7890625,-3.3818,0.0815,3.0723,4.7812,3,RIGHT_MI
8395,32.79296875,0.4146,-8.1699,3.1349,7.64,3,RIGHT_MI
8396,32.796875,-2.9019,-1.8219,5.2858,2.1614,3,RIGHT_MI
8397,32.80078125,1.8764,-6.7884,-0.9174,-2.8004,3,RIGHT_MI
8398,32.8046875,0.4867,-3.5599,-3.3643,8.8157,3,RIGHT_MI
8399,32.80859375,0.3545,-6.315,1.8591,2.3456,3,RIGHT_MI
8400,32.8125,1.0357,1.0161,2.435,4.9333,3,RIGHT_MI
8401,32.81640625,-0.1071,-4.2903,-2.7471,-0.6827,3,RIGHT_MI
8402,32.8203125,0.9207,-8.6099,-3.1189,2.2624,3,RIGHT_MI
8403,32.82421875,5.3703,-5.019,-1.8298,-4.7464,3,RIGHT_MI
8404,32.828125,3.3337,-9.3378,-9.8303,-3.4814,3,RIGHT_MI
8405,32.83203125,2.6195,-9.7466,-2.9174,-6.4119,3,RIGHT_MI
8406,32.8359375,-2.1174,5.4562,-12.065,-7.9319,3,RIGHT_MI
8407,32.83984375,-2.0405,-4.3587,-11.4588,-11.0128,3,RIGHT_MI
8408,32.84375,2.7715,-3.6779,-9.3489,-9.3717,3,RIGHT_MI
8409,32.84765625,-0.2312,-3.3493,-1.4913,-5.7102,3,RIGHT_MI
8410,32.8515625,-1.51,4.9246,3.9931,0.3602,3,RIGHT_MI
8411,32.85546875,3.9905,10.5227,1.013,2.5081,3,RIGHT_MI
8412,32.859375,3.6251,8.7202,1.7424,7.1413,3,RIGHT_MI
8413,32.86328125,3.2546,10.97,4.8279,2.9098,3,RIGHT_MI
8414,32.8671875,1.8936,12.2988,2.7812,4.7456,3,RIGHT_MI
8415,32.87109375,-1.9543,12.0728,4.815,8.1678,3,RIGHT_MI
8416,32.875,0.4596,4.1857,5.4374,12.6186,3,RIGHT_MI
8417,32.87890625,2.4153,1.1637,6.2835,6.0029,3,RIGHT_MI
8418,32.8828125,-4.1897,-3.2152,2.2822,0.9246,3,RIGHT_MI
8419,32.88671875,-8.6575,-0.3118,-0.4161,-4.155,3,RIGHT_MI
8420,32.890625,-3.4615,-8.8303,2.6822,5.1374,3,RIGHT_MI
8421,32.89453125,0.4566,-0.6181,6.6106,6.4426,3,RIGHT_MI
8422,32.8984375,-4.7656,-4.3044,1.2074,0.2154,3,RIGHT_MI
8423,32.90234375,-2.3357,2.2522,7.3895,1.4931,3,RIGHT_MI
8424,32.90625,5.9992,-1.5426,3.8289,-0.9683,3,RIGHT_MI
8425,32.91015625,6.6442,-4.2183,5.6862,1.8368,3,RIGHT_MI
8426,32.9140625,0.129,-5.9209,1.42,0.7383,3,RIGHT_MI
8427,32.91796875,5.2415,-6.2765,0.502,-1.3643,3,RIGHT_MI
8428,32.921875,4.5726,1.6828,0.4272,-3.9758,3,RIGHT_MI
8429,32.92578125,-1.5926,-5.556,-7.0341,-7.9082,3,RIGHT_MI
8430,32.9296875,0.6726,-6.1026,-8.835,-5.6212,3,RIGHT_MI
8431,32.93359375,2.2127,-3.9061,-15.8806,-12.0247,3,RIGHT_MI
8432,32.9375,-0.7095,-8.3478,-7.6491,-4.9259,3,RIGHT_MI
8433,32.94140625,-6.9539,-4.6052,-9.9807,-11.6958,3,RIGHT_MI
8434,32.9453125,-2.4728,-0.5826,-0.7353,-1.3197,3,RIGHT_MI
8435,32.94921875,-2.4399,4.3746,-6.5622,-4.7387,3,RIGHT_MI
8436,32.953125,1.8306,4.5048,-4.7919,1.7376,3,RIGHT_MI
8437,32.95703125,4.4304,7.0755,-0.2293,5.6225,3,RIGHT_MI
8438,32.9609375,5.0153,14.7129,8.7373,7.5785,3,RIGHT_MI
8439,32.96484375,2.9188,6.7151,4.9271,6.5877,3,RIGHT_MI
8440,32.96875,-3.5302,8.4231,7.446,6.9577,3,RIGHT_MI
8441,32.97265625,1.1527,10.7792,10.9217,9.4018,3,RIGHT_MI
8442,32.9765625,-1.4193,-1.932,1.8147,9.5508,3,RIGHT_MI
8443,32.98046875,0.0931,4.4938,1.0182,6.728,3,RIGHT_MI
8444,32.984375,-3.5931,-1.0222,-2.0477,4.1515,3,RIGHT_MI
8445,32.98828125,-3.0816,-2.4738,1.9396,0.9238,3,RIGHT_MI
8446,32.9921875,-4.3626,-3.9183,2.086,1.3862,3,RIGHT_MI
8447,32.99609375,-1.2139,-2.8508,4.7702,-0.1659,3,RIGHT_MI
8448,33.0,-0.5743,-6.3568,7.6188,0.3667,3,RIGHT_MI
8449,33.00390625,6.3866,-3.3862,0.7767,2.1974,3,RIGHT_MI
8450,33.0078125,1.1122,-6.6462,2.1044,6.2113,3,RIGHT_MI
8451,33.01171875,2.6594,-5.7126,1.7096,-2.0262,3,RIGHT_MI
8452,33.015625,5.2481,-3.7978,7.0255,-5.2872,3,RIGHT_MI
8453,33.01953125,3.0348,-8.7959,-1.8223,-6.1265,3,RIGHT_MI
8454,33.0234375,4.2362,-3.3532,-5.5523,-5.9107,3,RIGHT_MI
8455,33.02734375,-2.9727,-4.4158,-8.1665,-4.4237,3,RIGHT_MI
8456,33.03125,-0.5692,-4.9111,-5.5022,-1.2852,3,RIGHT_MI
8457,33.03515625,0.5955,-4.9667,-9.203,-0.8682,3,RIGHT_MI
8458,33.0390625,-1.8434,0.4153,-9.4729,-10.8173,3,RIGHT_MI
8459,33.04296875,-0.5834,1.5725,-11.5813,-3.1565,3,RIGHT_MI
8460,33.046875,-7.2355,1.3791,-5.7292,-2.4843,3,RIGHT_MI
8461,33.05078125,1.8903,8.3153,-5.6238,6.6997,3,RIGHT_MI
8462,33.0546875,-0.2377,12.2074,-2.5057,2.1301,3,RIGHT_MI
8463,33.05859375,0.0542,8.441,3.6035,6.9725,3,RIGHT_MI
8464,33.0625,3.6885,14.2564,2.1607,4.1644,3,RIGHT_MI
8465,33.06640625,0.6068,7.2404,4.1436,8.4832,3,RIGHT_MI
8466,33.0703125,4.5182,6.9876,8.5348,4.3287,3,RIGHT_MI
8467,33.07421875,3.5513,9.5081,6.7176,4.0857,3,RIGHT_MI
8468,33.078125,-2.5139,-0.1407,7.7541,2.116,3,RIGHT_MI
8469,33.08203125,1.3024,0.9674,3.4645,2.1385,3,RIGHT_MI
8470,33.0859375,-5.4875,-4.456,5.8488,1.9855,3,RIGHT_MI
8471,33.08984375,1.823,-1.9263,6.4477,1.8881,3,RIGHT_MI
8472,33.09375,-4.1775,-1.0584,2.2864,-3.9563,3,RIGHT_MI
8473,33.09765625,-8.7667,-8.2532,0.5051,2.5465,3,RIGHT_MI
8474,33.1015625,1.5967,-2.3479,7.233,-1.6153,3,RIGHT_MI
8475,33.10546875,10.7934,-4.5321,-0.5841,-1.7377,3,RIGHT_MI
8476,33.109375,2.1351,0.0071,3.7175,-1.2101,3,RIGHT_MI
8477,33.11328125,3.6854,1.2445,6.2815,-1.4571,3,RIGHT_MI
8478,33.1171875,-2.7181,-6.4065,-3.2522,-4.6021,3,RIGHT_MI
8479,33.12109375,2.5231,-3.2879,-3.8337,-6.3789,3,RIGHT_MI
8480,33.125,-2.6646,-6.0788,-0.329,-5.7252,3,RIGHT_MI
8481,33.12890625,10.1632,-3.3625,-1.7255,-4.982,3,RIGHT_MI
8482,33.1328125,2.0735,-5.1637,-6.7241,-4.5867,3,RIGHT_MI
8483,33.13671875,1.2121,-2.7709,-12.4827,-7.5776,3,RIGHT_MI
8484,33.140625,-0.8639,-1.7057,-10.2051,-8.9276,3,RIGHT_MI
8485,33.14453125,-1.7225,-1.5016,-7.223,-2.2486,3,RIGHT_MI
8486,33.1484375,-2.9361,1.6266,-4.033,2.9946,3,RIGHT_MI
8487,33.15234375,0.0332,5.4178,-5.0266,6.9563,3,RIGHT_MI
8488,33.15625,6.6095,6.0931,6.1648,11.8553,3,RIGHT_MI
8489,33.16015625,1.7116,13.6036,-0.2271,3.6814,3,RIGHT_MI
8490,33.1640625,4.3335,7.1775,5.004,8.0095,3,RIGHT_MI
8491,33.16796875,-4.1688,10.1224,4.173,11.4016,3,RIGHT_MI
8492,33.171875,-1.373,5.8928,6.2172,4.5616,3,RIGHT_MI
8493,33.17578125,-2.9859,2.0684,-3.1778,6.1627,3,RIGHT_MI
8494,33.1796875,-6.7876,5.9305,1.7913,-3.0281,3,RIGHT_MI
8495,33.18359375,-2.192,-3.7438,-1.3455,3.5345,3,RIGHT_MI
8496,33.1875,-8.0926,-4.1568,2.5555,-3.8246,3,RIGHT_MI
8497,33.19140625,-2.7104,-6.515,4.4554,-6.5417,3,RIGHT_MI
8498,33.1953125,1.6098,-4.2133,6.886,-4.8009,3,RIGHT_MI
8499,33.19921875,1.3427,-4.4868,2.1732,-7.278,3,RIGHT_MI
8500,33.203125,1.6357,-6.2246,9.503,-9.0242,3,RIGHT_MI
8501,33.20703125,7.2881,-4.0638,3.1852,-0.3872,3,RIGHT_MI
8502,33.2109375,6.5759,-5.4649,5.2204,-3.3653,3,RIGHT_MI
8503,33.21484375,2.5756,-5.1622,-2.2824,-2.294,3,RIGHT_MI
8504,33.21875,-1.4821,-1.8861,5.521,1.7805,3,RIGHT_MI
8505,33.22265625,2.4381,-1.575,-1.634,-8.2982,3,RIGHT_MI
8506,33.2265625,0.7698,-5.5026,-1.5518,-5.7222,3,RIGHT_MI
8507,33.23046875,0.9851,-3.5614,-5.7153,-1.177,3,RIGHT_MI
8508,33.234375,-0.8512,-6.3009,-7.0174,-3.7765,3,RIGHT_MI
8509,33.23828125,-6.1851,-3.1257,-9.0601,-2.0873,3,RIGHT_MI
8510,33.2421875,1.3833,4.6747,-11.7178,-0.3915,3,RIGHT_MI
8511,33.24609375,1.067,2.9933,-3.5684,2.9942,3,RIGHT_MI
8512,33.25,1.6846,6.0217,-4.1104,6.5299,3,RIGHT_MI
8513,33.25390625,7.5194,3.7856,-3.5528,4.9504,3,RIGHT_MI
8514,33.2578125,-0.6214,4.864,-1.0178,9.8861,3,RIGHT_MI
8515,33.26171875,-1.8969,5.9609,-0.7104,8.9035,3,RIGHT_MI
8516,33.265625,1.0973,7.7718,2.3401,12.0378,3,RIGHT_MI
8517,33.26953125,-0.5984,9.5682,-1.7948,7.0659,3,RIGHT_MI
8518,33.2734375,-3.3068,-1.7568,6.9374,0.7768,3,RIGHT_MI
8519,33.27734375,-3.859,3.4014,4.7852,-0.5707,3,RIGHT_MI
8520,33.28125,-0.4079,1.957,1.3332,-1.2873,3,RIGHT_MI
8521,33.28515625,-8.1922,-6.2241,0.6773,0.6301,3,RIGHT_MI
8522,33.2890625,-3.1276,-3.1031,5.9888,-7.9502,3,RIGHT_MI
8523,33.29296875,-2.7341,-0.0436,3.3208,-0.682,3,RIGHT_MI
8524,33.296875,-3.7765,-8.242,3.0333,-1.8537,3,RIGHT_MI
8525,33.30078125,-0.153,-2.5331,6.1598,-3.8189,3,RIGHT_MI
8526,33.3046875,3.1558,-6.3232,2.3371,-4.3092,3,RIGHT_MI
8527,33.30859375,6.842,-4.4921,5.3324,-7.0974,3,RIGHT_MI
8528,33.3125,7.5945,-2.4512,0.168,-2.8915,3,RIGHT_MI
8529,33.31640625,4.2946,-6.8177,1.836,-0.6327,3,RIGHT_MI
8530,33.3203125,7.6142,-3.6028,2.1342,-0.3459,3,RIGHT_MI
8531,33.32421875,3.175,-0.8815,-7.7054,-4.6846,3,RIGHT_MI
8532,33.328125,-2.444,4.3976,-3.1718,0.3458,3,RIGHT_MI
8533,33.33203125,1.7671,0.4012,-12.9815,0.0084,3,RIGHT_MI
8534,33.3359375,-3.6677,1.8332,-3.922,-1.0973,3,RIGHT_MI
8535,33.33984375,0.7372,-2.5107,-11.8745,-0.6054,3,RIGHT_MI
8536,33.34375,-1.2268,3.0837,-7.6968,4.6966,3,RIGHT_MI
8537,33.34765625,7.71,2.3043,-7.4731,5.1379,3,RIGHT_MI
8538,33.3515625,0.6688,-1.1556,3.2631,4.548,3,RIGHT_MI
8539,33.35546875,1.2519,12.448,-1.6752,10.9445,3,RIGHT_MI
8540,33.359375,3.1037,11.4398,1.0362,12.0156,3,RIGHT_MI
8541,33.36328125,5.9219,7.4732,3.6166,9.5801,3,RIGHT_MI
8542,33.3671875,-5.4132,-0.2736,-4.7696,7.4709,0,REST
8543,33.37109375,-5.4114,-0.4959,-2.0882,7.4112,0,REST
8544,33.375,-6.7016,-3.3643,-3.5244,5.4445,0,REST
8545,33.37890625,-9.0566,-4.3485,5.1958,9.8518,0,REST
8546,33.3828125,-11.2442,-4.1183,1.0336,4.3833,0,REST
8547,33.38671875,-10.9116,-1.4183,7.771,-3.1946,0,REST
8548,33.390625,-9.1393,-7.6756,8.1328,-1.978,0,REST
8549,33.39453125,-4.5945,-7.2815,6.9531,-1.0919,0,REST
8550,33.3984375,-4.4892,-4.2343,11.0352,-8.636,0,REST
8551,33.40234375,-3.2931,-5.4337,10.6473,-7.5055,0,REST
8552,33.40625,-1.7622,-1.4824,11.0715,-7.7146,0,REST
8553,33.41015625,0.7266,-3.9859,8.4769,-13.5937,0,REST
8554,33.4140625,5.7997,-2.4736,8.7135,-11.3791,0,REST
8555,33.41796875,6.1334,-2.0192,4.409,-9.4941,0,REST
8556,33.421875,9.412,-3.3545,2.4121,-6.5053,0,REST
8557,33.42578125,12.07,-2.215,2.1962,-6.7989,0,REST
8558,33.4296875,12.4775,1.4631,-1.5124,-5.2504,0,REST
8559,33.43359375,8.9704,2.745,-5.5196,-0.0441,0,REST
8560,33.4375,9.2537,0.9766,-11.5631,4.4222,0,REST
8561,33.44140625,5.9503,0.9162,-8.331,6.0414,0,REST
8562,33.4453125,9.8862,1.1902,-9.6629,6.0197,0,REST
8563,33.44921875,3.1164,0.3678,-9.6397,11.6796,0,REST
8564,33.453125,4.1475,3.8861,-9.9917,10.9227,0,REST
8565,33.45703125,-4.7134,4.0696,-8.8743,12.4074,0,REST
8566,33.4609375,-6.0484,2.4624,-7.5291,14.6143,0,REST
8567,33.46484375,-12.7941,2.022,-6.2738,10.4107,0,REST
8568,33.46875,-11.9075,3.4528,0.1428,8.8518,0,REST
8569,33.47265625,-14.4375,7.3794,1.0882,5.9594,0,REST
8570,33.4765625,-12.8044,0.6996,2.5631,3.3148,0,REST
8571,33.48046875,-12.1109,0.9584,5.3051,-1.3124,0,REST
8572,33.484375,-6.4847,-0.9962,10.2624,-2.8261,0,REST
8573,33.48828125,-10.2063,-2.1073,12.5604,-9.0767,0,REST
8574,33.4921875,-7.0846,-0.9127,15.6824,-12.7287,0,REST
8575,33.49609375,-6.251,-0.063,13.229,-11.074,0,REST
8576,33.5,1.1546,-7.2384,11.2778,-15.4377,0,REST
8577,33.50390625,1.4049,-5.5245,8.3793,-10.8741,0,REST
8578,33.5078125,2.1929,-4.6202,8.2229,-11.2571,0,REST
8579,33.51171875,8.9016,-1.6593,3.9193,-8.632,0,REST
8580,33.515625,10.9926,-4.4721,7.4962,-8.4405,0,REST
8581,33.51953125,11.8764,-3.7333,-5.1141,-1.8575,0,REST
8582,33.5234375,12.4754,-3.5074,-3.2369,0.1482,0,REST
8583,33.52734375,10.9307,-2.2863,-6.4765,1.9153,0,REST
8584,33.53125,11.9118,-1.8829,-11.3066,5.2562,0,REST
8585,33.53515625,8.4655,0.5053,-13.1445,9.6899,0,REST
8586,33.5390625,5.5583,0.1071,-11.4319,8.4922,0,REST
8587,33.54296875,1.1097,-2.1723,-9.2607,14.5614,0,REST
8588,33.546875,2.373,3.7932,-13.802,12.3494,0,REST
8589,33.55078125,-1.7533,6.71,-9.859,12.072,0,REST
8590,33.5546875,-5.533,2.3028,-9.5334,12.0992,0,REST
8591,33.55859375,-5.9639,5.6765,-6.8392,10.3072,0,REST
8592,33.5625,-14.1254,7.4029,-2.6479,6.3135,0,REST
8593,33.56640625,-8.7951,3.3265,-0.2635,2.7458,0,REST
8594,33.5703125,-15.4273,5.2841,4.1601,-0.7929,0,REST
8595,33.57421875,-14.5849,3.5046,5.0772,-9.1976,0,REST
8596,33.578125,-8.8869,2.8069,8.6911,-7.5286,0,REST
8597,33.58203125,-4.8088,1.5432,11.3737,-8.6107,0,REST
8598,33.5859375,-4.9276,2.7427,9.393,-11.9192,0,REST
8599,33.58984375,-0.6431,-2.2435,12.0003,-14.0584,0,REST
8600,33.59375,-2.6442,-1.0855,14.7175,-13.7102,0,REST
8601,33.59765625,2.4712,-3.5284,7.1534,-8.5592,0,REST
8602,33.6015625,5.3578,-5.6917,9.6106,-4.4781,0,REST
8603,33.60546875,7.3637,-5.9592,6.8537,-5.7201,0,REST
8604,33.609375,8.8387,-7.784,3.9483,-2.7376,0,REST
8605,33.61328125,8.0112,-5.0966,-1.2267,3.0485,0,REST
8606,33.6171875,10.1114,-6.7306,-3.4528,0.7793,0,REST
8607,33.62109375,7.1987,-7.7356,-3.1568,6.1861,0,REST
8608,33.625,4.4319,-6.7312,-3.3491,9.2625,0,REST
8609,33.62890625,1.176,-4.1228,-10.4287,9.1923,0,REST
8610,33.6328125,4.1635,-0.745,-9.4643,10.2988,0,REST
8611,33.63671875,4.2529,0.4663,-10.8578,10.1684,0,REST
8612,33.640625,0.1742,1.2964,-8.0917,12.604,0,REST
8613,33.64453125,-3.9712,5.8823,-6.1281,8.3022,0,REST
8614,33.6484375,-4.2817,7.7386,-6.6208,5.5997,0,REST
8615,33.65234375,-8.793,8.3301,-3.9197,4.0677,0,REST
8616,33.65625,-4.6485,2.0755,-3.5275,4.8259,0,REST
8617,33.66015625,-3.6878,12.3426,-5.8921,-1.4401,0,REST
8618,33.6640625,-6.2642,8.6897,3.6038,-4.0834,0,REST
8619,33.66796875,-7.6728,11.1545,2.5493,-5.5403,0,REST
8620,33.671875,-4.6417,10.5861,3.6192,-5.22,0,REST
8621,33.67578125,-4.824,6.1091,7.3502,-9.1837,0,REST
8622,33.6796875,-4.6525,3.8847,5.3335,-7.0943,0,REST
8623,33.68359375,0.2909,-2.8173,1.0649,-6.8084,0,REST
8624,33.6875,-0.7769,-2.4358,3.9136,-6.4668,0,REST
8625,33.69140625,-3.8955,-4.2131,2.5895,-7.0533,0,REST
8626,33.6953125,1.3745,-10.6435,4.16,-6.1246,0,REST
8627,33.69921875,3.1227,-12.9233,2.7893,-7.6324,0,REST
8628,33.703125,3.0755,-10.7088,4.0623,0.5582,0,REST
8629,33.70703125,5.0407,-9.9771,4.6035,3.544,0,REST
8630,33.7109375,4.0465,-9.0231,0.315,1.9548,0,REST
8631,33.71484375,4.9886,-11.3926,0.8281,0.2646,0,REST
8632,33.71875,3.6243,-4.2281,1.4382,8.7824,0,REST
8633,33.72265625,3.8369,-8.8293,0.9389,4.9013,0,REST
8634,33.7265625,5.6937,0.011,0.4875,4.4987,0,REST
8635,33.73046875,3.4118,-0.2764,-5.9658,9.3425,0,REST
8636,33.734375,3.5058,6.3167,-4.97,4.6934,0,REST
8637,33.73828125,-0.3217,3.7388,-6.8524,5.4189,0,REST
8638,33.7421875,-0.5532,10.8093,0.1761,5.4681,0,REST
8639,33.74609375,1.1718,7.8676,-1.7129,-0.2257,0,REST
8640,33.75,-1.23,10.3411,-0.2825,0.0171,0,REST
8641,33.75390625,-0.0774,10.2059,-2.4972,0.5797,0,REST
8642,33.7578125,0.7127,11.0901,-0.2543,-3.2857,0,REST
8643,33.76171875,1.0518,10.6834,-6.8378,-1.9323,0,REST
8644,33.765625,-3.4034,9.4524,-4.6425,-6.0218,0,REST
8645,33.76953125,-3.512,8.0121,-1.7808,-4.0376,0,REST
8646,33.7734375,-2.3605,6.6118,0.4298,-4.5605,0,REST
8647,33.77734375,-4.248,2.7438,-3.7483,-8.0114,0,REST
8648,33.78125,-4.818,1.0736,-3.3249,-7.4818,0,REST
8649,33.78515625,-3.5493,-3.5729,-0.2609,-5.4517,0,REST
8650,33.7890625,-5.4583,-6.2994,0.2141,-2.5568,0,REST
8651,33.79296875,-2.4538,-10.6644,5.0334,-2.1638,0,REST
8652,33.796875,-2.2531,-15.4465,1.1105,-2.5392,0,REST
8653,33.80078125,-5.8961,-13.2558,5.319,2.0127,0,REST
8654,33.8046875,-3.0966,-10.9189,7.0694,0.3702,0,REST
8655,33.80859375,-0.516,-11.0301,4.3348,-0.5464,0,REST
8656,33.8125,2.8273,-9.5472,4.463,-3.9888,0,REST
8657,33.81640625,1.4454,-8.265,6.3601,0.9091,0,REST
8658,33.8203125,3.6047,-5.6771,5.9622,2.0673,0,REST
8659,33.82421875,6.8658,-1.8056,6.5739,1.0934,0,REST
8660,33.828125,8.3122,3.0784,-0.9726,5.4435,0,REST
8661,33.83203125,5.3034,9.1417,0.6519,1.6565,0,REST
8662,33.8359375,9.4025,7.7037,3.8006,5.0802,0,REST
8663,33.83984375,7.1817,6.6264,-1.5964,6.2659,0,REST
8664,33.84375,7.7735,11.6583,-4.7262,3.8834,0,REST
8665,33.84765625,6.0895,10.4954,-5.4417,2.705,0,REST
8666,33.8515625,4.6961,10.8954,-7.3603,6.0204,0,REST
8667,33.85546875,3.5617,10.9641,-9.8209,0.9755,0,REST
8668,33.859375,-0.7491,10.3462,-12.3295,-1.6092,0,REST
8669,33.86328125,0.8586,6.8965,-10.2013,-2.2874,0,REST
8670,33.8671875,-4.1208,4.2935,-9.6771,-0.273,0,REST
8671,33.87109375,-3.5015,-0.6455,-7.3054,-1.706,0,REST
8672,33.875,-9.7886,-3.9641,-9.3195,0.2862,0,REST
8673,33.87890625,-9.3867,-10.4191,-3.1901,-5.0408,0,REST
8674,33.8828125,-7.0858,-7.1624,-1.3339,-8.2292,0,REST
8675,33.88671875,-12.0169,-11.9501,2.797,-1.4752,0,REST
8676,33.890625,-9.9728,-13.2205,10.1733,-6.5644,0,REST
8677,33.89453125,-8.6095,-13.7227,1.7936,-5.7475,0,REST
8678,33.8984375,-8.0105,-12.5211,4.2478,-7.788,0,REST
8679,33.90234375,-3.2429,-9.1048,10.8257,-6.3072,0,REST
8680,33.90625,-0.7602,-11.8991,10.7535,-1.3699,0,REST
8681,33.91015625,0.9965,-7.1687,7.6596,0.2121,0,REST
8682,33.9140625,8.8842,-4.0696,11.1668,0.2842,0,REST
8683,33.91796875,7.8842,-0.341,10.1837,1.1369,0,REST
8684,33.921875,8.405,3.5229,5.8281,1.8913,0,REST
8685,33.92578125,7.5628,4.604,4.3283,3.8151,0,REST
8686,33.9296875,11.1663,6.3992,4.5705,7.0568,0,REST
8687,33.93359375,8.5706,10.5498,1.9898,5.282,0,REST
8688,33.9375,11.3052,12.3414,-4.1862,7.9145,0,REST
8689,33.94140625,14.3541,14.0863,-5.7839,6.9542,0,REST
8690,33.9453125,6.352,13.8196,-10.6583,7.0341,0,REST
8691,33.94921875,3.5709,10.6572,-12.1596,6.1115,0,REST
8692,33.953125,-1.4151,12.0158,-12.0075,5.3546,0,REST
8693,33.95703125,-3.8634,5.5413,-10.6894,0.8524,0,REST
8694,33.9609375,-8.2899,2.8213,-12.0882,1.1568,0,REST
8695,33.96484375,-8.0143,-0.4004,-11.714,-2.4667,0,REST
8696,33.96875,-10.0996,-3.6312,-8.5983,-7.3557,0,REST
8697,33.97265625,-11.7711,-3.1189,-7.1655,-6.4946,0,REST
8698,33.9765625,-13.4573,-6.0772,-2.2954,-5.8541,0,REST
8699,33.98046875,-14.6126,-10.5427,2.6719,-8.4603,0,REST
8700,33.984375,-11.2672,-9.7635,-3.0448,-7.5788,0,REST
8701,33.98828125,-9.9692,-10.9659,7.3714,-8.6503,0,REST
8702,33.9921875,-7.1458,-13.0177,8.2267,-9.6509,0,REST
8703,33.99609375,-6.1907,-12.4739,12.4444,-10.5783,0,REST
8704,34.0,-0.9981,-9.6428,14.4497,-5.8343,0,REST
8705,34.00390625,3.0846,-3.0866,12.9808,-4.4094,0,REST
8706,34.0078125,2.5023,-1.482,12.7547,0.4589,0,REST
8707,34.01171875,8.3055,3.4209,12.6489,7.7327,0,REST
8708,34.015625,11.2484,0.0097,12.242,7.0484,0,REST
8709,34.01953125,12.5411,-0.2664,5.2938,10.2568,0,REST
8710,34.0234375,13.5605,5.7785,5.6974,10.3544,0,REST
8711,34.02734375,8.2587,8.042,4.0565,10.3519,0,REST
8712,34.03125,11.09,8.3542,-1.8119,11.2679,0,REST
8713,34.03515625,11.4012,7.5936,-5.2474,10.9817,0,REST
8714,34.0390625,3.5739,11.1837,-9.3008,8.4154,0,REST
8715,34.04296875,5.9877,11.6682,-9.4419,4.1472,0,REST
8716,34.046875,-0.8438,3.4729,-8.732,5.9011,0,REST
8717,34.05078125,-4.5559,3.711,-9.0338,0.4713,0,REST
8718,34.0546875,-5.3711,2.4245,-13.8572,-0.793,0,REST
8719,34.05859375,-7.9362,-2.3435,-9.9646,-7.0452,0,REST
8720,34.0625,-11.7487,-3.2266,-8.6735,-7.3541,0,REST
8721,34.06640625,-7.1835,-1.999,-5.8566,-12.0722,0,REST
8722,34.0703125,-11.6524,-1.7821,-3.6803,-13.531,0,REST
8723,34.07421875,-11.1239,-7.1213,0.3799,-13.1348,0,REST
8724,34.078125,-9.6537,-8.8411,-0.807,-10.5034,0,REST
8725,34.08203125,-9.0009,-6.1465,5.397,-14.6614,0,REST
8726,34.0859375,-6.7519,-8.8725,11.1567,-5.4815,0,REST
8727,34.08984375,1.1333,-7.4738,5.1281,-7.4768,0,REST
8728,34.09375,3.5029,-7.6549,10.2279,0.2573,0,REST
8729,34.09765625,3.6968,-4.7337,11.6496,5.9289,0,REST
8730,34.1015625,3.4536,-4.2511,10.4714,5.0307,0,REST
8731,34.10546875,4.3612,5.3081,11.0167,7.3328,0,REST
8732,34.109375,8.4579,-1.4718,9.4435,8.1221,0,REST
8733,34.11328125,8.7293,2.5048,6.8425,10.3295,0,REST
8734,34.1171875,10.155,5.5811,0.3965,13.7545,0,REST
8735,34.12109375,8.3171,8.0734,0.259,9.1575,0,REST
8736,34.125,7.6524,7.0002,-2.951,12.5133,0,REST
8737,34.12890625,8.9084,6.4205,-1.2173,10.828,0,REST
8738,34.1328125,-0.6489,4.9001,-3.5124,8.4822,0,REST
8739,34.13671875,1.3136,7.3401,-6.3885,5.562,0,REST
8740,34.140625,1.5967,7.4406,-11.4296,0.2888,0,REST
8741,34.14453125,-5.9522,0.2909,-7.6698,-5.9768,0,REST
8742,34.1484375,-6.4861,5.297,-7.0287,-6.7063,0,REST
8743,34.15234375,-7.6822,-0.7476,-6.6587,-10.3261,0,REST
8744,34.15625,-4.515,-1.8754,-5.9866,-15.1192,0,REST
8745,34.16015625,-8.5388,1.3057,-2.0904,-11.5433,0,REST
8746,34.1640625,-7.8061,-4.7361,-6.5841,-17.1919,0,REST
8747,34.16796875,-9.2886,-0.6189,1.8131,-12.2851,0,REST
8748,34.171875,-7.4867,-3.081,-0.206,-9.6877,0,REST
8749,34.17578125,-7.337,-8.4136,1.1277,-9.0676,0,REST
8750,34.1796875,-3.0447,-2.3065,1.6392,-9.9599,0,REST
8751,34.18359375,-4.5395,-4.9139,2.8205,-0.5232,0,REST
8752,34.1875,-1.4845,-5.2261,1.4385,-1.9255,0,REST
8753,34.19140625,-0.4172,-2.1453,1.987,0.8755,0,REST
8754,34.1953125,0.6955,-2.1973,7.0547,8.6511,0,REST
8755,34.19921875,0.3936,-0.3237,3.5923,11.6846,0,REST
8756,34.203125,3.4558,-5.7094,4.6103,6.9556,0,REST
8757,34.20703125,7.894,-3.2883,2.2274,13.3653,0,REST
8758,34.2109375,1.8682,1.3473,0.7603,9.4605,0,REST
8759,34.21484375,4.2886,1.8434,2.1241,13.8809,0,REST
8760,34.21875,0.5356,0.4929,-0.6767,6.2664,0,REST
8761,34.22265625,3.6402,-0.2157,-2.1767,5.1816,0,REST
8762,34.2265625,1.8618,1.7921,1.4044,2.8325,0,REST
8763,34.23046875,4.5301,5.1034,-1.109,-1.7872,0,REST
8764,34.234375,4.7291,1.9633,2.9071,-6.9227,0,REST
8765,34.23828125,4.03,4.7734,-3.814,-4.8573,0,REST
8766,34.2421875,0.8896,2.1771,-0.0433,-7.1203,0,REST
8767,34.24609375,0.4207,5.1477,-4.2463,-8.3928,0,REST
8768,34.25,-0.9087,3.4597,-2.9165,-6.5669,0,REST
8769,34.25390625,-1.9453,5.7108,-2.9692,-9.3397,0,REST
8770,34.2578125,0.4947,2.802,-2.4551,-9.9649,0,REST
8771,34.26171875,0.7252,1.1444,-3.4376,-7.4093,0,REST
8772,34.265625,-6.1468,2.7724,-4.2614,-5.4677,0,REST
8773,34.26953125,-0.8258,-2.6498,-5.5831,-6.5825,0,REST
8774,34.2734375,-1.8323,-1.1947,-2.272,-4.9848,0,REST
8775,34.27734375,-0.5337,-2.4996,0.5355,0.1118,0,REST
8776,34.28125,-3.2832,-3.8495,-5.7988,4.1251,0,REST
8777,34.28515625,0.4565,-3.7413,-2.1488,3.5975,0,REST
8778,34.2890625,-0.2568,-2.8884,-3.3165,3.7268,0,REST
8779,34.29296875,-1.2987,-3.3465,-0.9248,7.278,0,REST
8780,34.296875,-8.0809,-5.5286,3.0734,10.2728,0,REST
8781,34.30078125,-8.3817,-5.2699,3.9425,9.9811,0,REST
8782,34.3046875,-3.214,-3.9552,3.1872,8.2293,0,REST
8783,34.30859375,-1.7191,-5.2558,3.9721,6.4967,0,REST
8784,34.3125,-0.1144,-3.1944,3.5173,5.1453,0,REST
8785,34.31640625,2.6746,-0.3711,9.1596,0.7953,0,REST
8786,34.3203125,7.1038,-2.3454,7.4689,1.6024,0,REST
8787,34.32421875,4.9636,-2.5796,5.9043,-1.7461,0,REST
8788,34.328125,5.9885,2.5889,8.0633,-1.2711,0,REST
8789,34.33203125,7.6893,0.8138,5.1096,-2.8706,0,REST
8790,34.3359375,6.8716,3.3798,5.7968,-1.3792,0,REST
8791,34.33984375,7.8641,4.6039,5.2972,-4.963,0,REST
8792,34.34375,5.3995,-1.246,-2.1735,-5.4975,0,REST
8793,34.34765625,3.0298,6.1573,-2.4816,-8.3579,0,REST
8794,34.3515625,1.6255,1.7231,-5.9951,-6.3808,0,REST
8795,34.35546875,4.0313,4.4445,-5.0324,-3.4612,0,REST
8796,34.359375,-1.2802,7.7327,-3.3227,-5.0239,0,REST
8797,34.36328125,-2.0345,5.1966,-8.5342,-0.9875,0,REST
8798,34.3671875,-5.3132,4.2062,-7.5936,-6.4649,0,REST
8799,34.37109375,-8.3202,-0.7883,-8.9876,0.4441,0,REST
8800,34.375,-2.6397,0.2107,-9.349,-0.5865,0,REST
8801,34.37890625,-13.6005,-3.1786,-9.058,-2.2177,0,REST
8802,34.3828125,-9.7812,-4.8476,-7.0846,2.0662,0,REST
8803,34.38671875,-12.3737,-8.4528,-8.2145,0.1358,0,REST
8804,34.390625,-9.0359,-7.8395,-5.2503,0.7837,0,REST
8805,34.39453125,-5.8224,-7.6436,-1.3668,2.3172,0,REST
8806,34.3984375,-6.048,-4.8123,1.9469,0.6398,0,REST
8807,34.40234375,-1.044,-4.0683,4.8677,5.0301,0,REST
8808,34.40625,0.1355,-8.0122,5.4956,3.5636,0,REST
8809,34.41015625,1.2489,-3.6232,7.8164,0.0355,0,REST
8810,34.4140625,2.9598,-4.3911,7.8651,-0.981,0,REST
8811,34.41796875,8.0287,0.3211,10.296,1.6126,0,REST
8812,34.421875,10.3128,-2.2079,14.1417,5.331,0,REST
8813,34.42578125,7.9935,5.3006,8.4782,7.3076,0,REST
8814,34.4296875,11.2154,6.5273,7.406,0.8408,0,REST
8815,34.43359375,12.7247,6.3424,6.8064,0.1571,0,REST
8816,34.4375,13.2994,7.5162,4.8996,-0.319,0,REST
8817,34.44140625,11.3261,9.1636,-1.8087,-2.5799,0,REST
8818,34.4453125,6.7784,8.9861,-0.6113,2.1463,0,REST
8819,34.44921875,3.3478,8.0923,-1.4051,-2.2515,0,REST
8820,34.453125,1.4251,6.7857,-8.6409,-2.3154,0,REST
8821,34.45703125,-1.5282,9.5309,-10.0531,-6.1799,0,REST
8822,34.4609375,-8.0711,3.4919,-12.1579,-3.4535,0,REST
8823,34.46484375,-6.7502,-0.6391,-10.9678,-5.2924,0,REST
8824,34.46875,-13.2473,0.4728,-13.7464,-2.5505,0,REST
8825,34.47265625,-13.7535,-3.3503,-13.8025,-5.3229,0,REST
8826,34.4765625,-11.4876,-4.5568,-10.2914,-0.6468,0,REST
8827,34.48046875,-14.6367,-7.1618,-6.8612,-2.8235,0,REST
8828,34.484375,-12.513,-5.6987,-5.108,-2.0965,0,REST
8829,34.48828125,-8.1988,-11.5999,1.3606,-0.1678,0,REST
8830,34.4921875,-4.6792,-16.9875,0.7172,3.4227,0,REST
8831,34.49609375,-3.9045,-11.8697,3.9324,2.3193,0,REST
8832,34.5,0.1033,-11.3558,5.689,8.079,0,REST
8833,34.50390625,2.1293,-10.7306,12.098,7.2437,0,REST
8834,34.5078125,6.0047,-7.4954,10.898,6.8346,0,REST
8835,34.51171875,7.6004,0.3277,13.6286,8.2117,0,REST
8836,34.515625,8.4369,-0.743,15.5137,5.8442,0,REST
8837,34.51953125,12.5157,3.8181,10.9885,8.1142,0,REST
8838,34.5234375,13.1802,7.4631,12.6884,5.8458,0,REST
8839,34.52734375,10.94,9.9891,9.549,2.5529,0,REST
8840,34.53125,11.6438,11.1814,4.0791,0.3049,0,REST
8841,34.53515625,11.9544,12.3282,3.3847,-1.386,0,REST
8842,34.5390625,9.4285,12.8042,-0.0686,-0.9089,0,REST
8843,34.54296875,7.224,14.5155,-5.4585,-4.9274,0,REST
8844,34.546875,-0.8405,9.5341,-6.6809,-6.9281,0,REST
8845,34.55078125,-2.8421,6.3662,-10.2243,-9.3689,0,REST
8846,34.5546875,-6.215,4.1346,-10.7351,-7.1982,0,REST
8847,34.55859375,-10.4103,-0.5695,-12.5521,-11.1006,0,REST
8848,34.5625,-9.8096,-2.4414,-13.8111,-10.0369,0,REST
8849,34.56640625,-10.4957,-3.9581,-9.484,-7.0757,0,REST
8850,34.5703125,-15.2528,-6.7342,-9.3325,-3.0813,0,REST
8851,34.57421875,-11.1031,-10.6481,-3.2795,-6.5384,0,REST
8852,34.578125,-9.5348,-11.3977,-8.2306,-2.2574,0,REST
8853,34.58203125,-7.8481,-14.5942,-1.7705,2.1625,0,REST
8854,34.5859375,-5.1531,-9.5689,1.5019,5.3231,0,REST
8855,34.58984375,-1.8182,-13.8151,3.5195,4.8244,0,REST
8856,34.59375,2.3914,-10.5669,6.563,8.116,0,REST
8857,34.59765625,4.0676,-6.7255,4.111,14.8834,0,REST
8858,34.6015625,4.9725,-0.3772,11.8439,12.0801,0,REST
8859,34.60546875,6.5628,-3.4324,7.4423,9.2905,0,REST
8860,34.609375,7.1807,2.0798,9.3412,8.6062,0,REST
8861,34.61328125,8.9719,2.2255,11.9082,12.508,0,REST
8862,34.6171875,12.0756,7.6548,10.323,6.2344,0,REST
8863,34.62109375,8.8181,12.5279,6.0817,0.5464,0,REST
8864,34.625,9.4209,14.9098,6.2584,2.9408,0,REST
8865,34.62890625,4.3346,10.5558,-0.5627,-1.8291,0,REST
8866,34.6328125,6.5022,11.3647,3.4148,-6.0685,0,REST
8867,34.63671875,0.6855,9.4249,-0.0492,-8.8796,0,REST
8868,34.640625,-0.765,9.8973,-3.1184,-9.3103,0,REST
8869,34.64453125,-0.551,7.6498,-6.9301,-8.4606,0,REST
8870,34.6484375,-6.5914,5.9723,-6.0037,-13.858,0,REST
8871,34.65234375,-3.7171,5.488,-7.8931,-11.5633,0,REST
8872,34.65625,-7.8309,-3.7692,-6.5554,-5.7251,0,REST
8873,34.66015625,-6.3107,-6.6689,-4.046,-5.6271,0,REST
8874,34.6640625,-9.2299,-9.5723,-6.6461,-1.9428,0,REST
8875,34.66796875,-5.0545,-8.779,-1.7315,-3.7086,0,REST
8876,34.671875,-8.0363,-10.6246,-4.9433,3.5115,0,REST
8877,34.67578125,-8.2206,-14.1178,-2.3498,5.2693,0,REST
8878,34.6796875,-3.9459,-11.7412,-2.5981,4.8597,0,REST
8879,34.68359375,1.8732,-10.2042,-1.9814,7.3752,0,REST
8880,34.6875,2.2591,-15.2389,0.7305,13.5138,0,REST
8881,34.69140625,-0.0757,-7.4656,3.0753,11.2347,0,REST
8882,34.6953125,-0.6366,-3.4552,2.2637,12.3954,0,REST
8883,34.69921875,4.3654,-3.3903,1.7433,13.8955,0,REST
8884,34.703125,1.8577,-0.964,9.5332,6.7736,0,REST
8885,34.70703125,3.7376,3.0533,1.1918,7.5599,0,REST
8886,34.7109375,2.8527,9.3243,4.3701,4.1047,0,REST
8887,34.71484375,2.7763,12.0741,3.6788,0.0683,0,REST
8888,34.71875,4.6071,15.2228,-1.1298,-0.5707,0,REST
8889,34.72265625,6.2945,15.324,4.8816,-6.1608,0,REST
8890,34.7265625,1.6576,11.2202,2.81,-10.1059,0,REST
8891,34.73046875,3.6974,12.1289,0.8996,-14.0262,0,REST
8892,34.734375,3.328,7.4897,-0.1239,-14.612,0,REST
8893,34.73828125,3.3684,7.1976,-3.2727,-12.3215,0,REST
8894,34.7421875,-0.7575,4.616,0.5071,-12.2366,0,REST
8895,34.74609375,0.4511,2.1519,0.0204,-9.0711,0,REST
8896,34.75,1.1731,-1.5595,-0.6125,-8.3218,0,REST
8897,34.75390625,-3.8086,-1.5642,-2.0186,-0.9415,0,REST
8898,34.7578125,-2.1496,-2.7978,-0.912,-1.7572,0,REST
8899,34.76171875,-4.2022,-7.714,-3.1362,3.6344,0,REST
8900,34.765625,-0.0638,-10.0188,-2.516,1.8251,0,REST
8901,34.76953125,-1.3146,-7.4592,-1.8623,8.1731,0,REST
8902,34.7734375,-2.389,-11.6042,-2.358,14.3786,0,REST
8903,34.77734375,-3.2718,-7.5967,-3.622,12.1606,0,REST
8904,34.78125,0.5666,-8.5672,-6.226,10.0902,0,REST
8905,34.78515625,-5.7514,-6.1923,-4.7165,14.4454,0,REST
8906,34.7890625,-3.715,-1.7299,-6.6122,6.3125,0,REST
8907,34.79296875,-6.0907,-3.3116,-2.7312,6.7734,0,REST
8908,34.796875,1.0158,-1.3573,-0.4609,2.9841,0,REST
8909,34.80078125,-4.2836,3.0807,-1.2094,2.0307,0,REST
8910,34.8046875,-1.1101,6.6448,-3.1444,-2.4333,0,REST
8911,34.80859375,1.4824,7.9345,3.5231,-3.9279,0,REST
8912,34.8125,-0.7835,9.2084,-0.4892,-4.1187,0,REST
8913,34.81640625,3.3505,11.1434,3.2401,-3.7315,0,REST
8914,34.8203125,4.2934,12.3659,2.0324,-10.4247,0,REST
8915,34.82421875,2.7582,9.3938,5.4628,-15.227,0,REST
8916,34.828125,4.1533,2.968,7.6933,-11.575,0,REST
8917,34.83203125,8.4618,9.5107,6.5484,-8.9393,0,REST
8918,34.8359375,4.0777,1.9318,7.1342,-10.1695,0,REST
8919,34.83984375,11.305,3.1657,3.5399,-5.6143,0,REST
8920,34.84375,7.6535,1.2695,5.9737,-2.286,0,REST
8921,34.84765625,6.8949,-5.4215,6.1181,1.8755,0,REST
8922,34.8515625,0.973,-4.5052,3.2037,-0.7951,0,REST
8923,34.85546875,2.4225,-6.9973,-0.1049,6.4375,0,REST
8924,34.859375,-0.2833,-1.1999,1.1614,4.8513,0,REST
8925,34.86328125,2.5159,-9.1138,-3.7823,9.7861,0,REST
8926,34.8671875,-4.0828,-8.107,-6.5556,8.4057,0,REST
8927,34.87109375,-11.0705,-8.6537,-8.0683,12.4722,0,REST
8928,34.875,-8.6057,-1.4412,-5.6465,9.4403,0,REST
8929,34.87890625,-10.6671,-6.4014,-9.362,7.987,0,REST
8930,34.8828125,-12.9848,-4.8431,-6.884,7.7268,0,REST
8931,34.88671875,-9.0985,-1.6896,-9.7673,3.6507,0,REST
8932,34.890625,-10.6885,2.2824,-8.7593,2.916,0,REST
8933,34.89453125,-11.6118,4.6536,-8.7933,-0.6464,0,REST
8934,34.8984375,-8.6492,4.6123,-8.234,-2.9085,0,REST
8935,34.90234375,-3.1479,3.8493,-1.0127,0.9302,0,REST
8936,34.90625,-3.1211,4.0318,3.0352,-5.8934,0,REST
8937,34.91015625,3.6748,6.3168,6.3679,-2.9542,0,REST
8938,34.9140625,5.2744,4.0818,12.8565,-4.9718,0,REST
8939,34.91796875,5.5508,7.1409,9.9938,-8.9565,0,REST
8940,34.921875,7.4112,8.0678,9.802,-5.462,0,REST
8941,34.92578125,8.9351,5.5688,11.1699,-6.7334,0,REST
8942,34.9296875,11.9129,0.1724,14.9109,-2.1343,0,REST
8943,34.93359375,13.3762,-0.6722,11.8466,-6.2713,0,REST
8944,34.9375,10.6652,2.6177,10.3917,0.9062,0,REST
8945,34.94140625,7.727,-1.3648,6.2293,0.0743,0,REST
8946,34.9453125,5.1684,-3.3705,7.4218,1.2974,0,REST
8947,34.94921875,3.25,-2.0522,1.1862,4.0526,0,REST
8948,34.953125,0.2368,-3.7143,0.0702,4.3757,0,REST
8949,34.95703125,-2.8788,-1.4794,0.0347,2.3904,0,REST
8950,34.9609375,-4.8647,-1.234,-5.1693,1.6466,0,REST
8951,34.96484375,-6.649,-5.4358,-7.9015,9.0379,0,REST
8952,34.96875,-9.9272,-4.1507,-9.9244,4.2685,0,REST
8953,34.97265625,-12.3931,-5.8404,-13.2559,5.1475,0,REST
8954,34.9765625,-14.6906,-2.2121,-10.5254,3.9786,0,REST
8955,34.98046875,-11.9847,1.2763,-13.3437,1.0091,0,REST
8956,34.984375,-12.6061,-1.9136,-8.7337,4.7453,0,REST
8957,34.98828125,-9.3953,-0.5158,-10.1143,2.2616,0,REST
8958,34.9921875,-10.1406,0.1969,-8.6518,0.7531,0,REST
8959,34.99609375,-1.678,-0.4324,-4.2029,1.8594,0,REST
8960,35.0,-2.1036,1.6364,0.796,-1.4439,0,REST
8961,35.00390625,5.4996,-0.4305,2.3896,-1.5403,0,REST
8962,35.0078125,6.2842,3.3504,4.4255,-1.4958,0,REST
8963,35.01171875,9.9178,2.4038,8.0262,-1.8312,0,REST
8964,35.015625,14.618,3.4572,10.2384,0.2314,0,REST
8965,35.01953125,12.9513,-0.3126,12.2689,-4.0716,0,REST
8966,35.0234375,13.3906,1.7718,14.1624,-4.4084,0,REST
8967,35.02734375,13.0831,4.0846,12.6421,-5.2437,0,REST
8968,35.03125,12.8674,4.3282,10.0315,0.9697,0,REST
8969,35.03515625,10.85,0.3535,12.9925,-3.761,0,REST
8970,35.0390625,8.3028,1.8914,5.9176,-4.887,0,REST
8971,35.04296875,5.7293,3.4163,2.1346,-3.1399,0,REST
8972,35.046875,2.5335,-0.6377,1.7107,-2.691,0,REST
8973,35.05078125,0.7374,1.977,-4.2662,-0.4858,0,REST
8974,35.0546875,-3.0714,1.763,-6.6233,-2.9411,0,REST
8975,35.05859375,-11.0569,-2.8558,-8.4273,-0.5723,0,REST
8976,35.0625,-14.0527,-4.409,-13.1811,1.4392,0,REST
8977,35.06640625,-18.1328,-4.0948,-13.0509,1.4446,0,REST
8978,35.0703125,-8.904,-2.4235,-12.2598,2.1171,0,REST
8979,35.07421875,-10.3687,-0.4554,-13.847,1.4487,0,REST
8980,35.078125,-8.7708,-3.9173,-9.5196,8.1041,0,REST
8981,35.08203125,-7.8183,-4.9086,-11.115,8.6578,0,REST
8982,35.0859375,-4.4565,-5.9975,-4.6525,5.1553,0,REST
8983,35.08984375,-2.0473,-2.432,-1.9721,7.199,0,REST
8984,35.09375,1.3476,-9.5229,3.5893,8.7049,0,REST
8985,35.09765625,2.0681,-1.1717,-0.9403,5.4442,0,REST
8986,35.1015625,7.6835,-6.5117,2.8369,0.1676,0,REST
8987,35.10546875,9.0585,-0.5915,7.2387,-0.6684,0,REST
8988,35.109375,8.7479,-4.6094,10.5958,0.8367,0,REST
8989,35.11328125,10.8185,0.4534,7.7752,-8.4315,0,REST
8990,35.1171875,5.648,1.9625,11.0977,-5.9374,0,REST
8991,35.12109375,9.1701,3.1911,11.0753,-6.5221,0,REST
8992,35.125,8.5095,6.1541,12.1178,-4.8347,0,REST
8993,35.12890625,4.1867,9.2534,9.9398,-9.1799,0,REST
8994,35.1328125,2.4214,7.6084,4.8776,-6.531,0,REST
8995,35.13671875,-0.3943,6.0297,1.6756,-8.092,0,REST
8996,35.140625,0.9432,10.9521,3.1768,-2.9286,0,REST
8997,35.14453125,-7.0834,5.5372,-2.0955,-6.4349,0,REST
8998,35.1484375,-4.4854,6.1588,-3.0104,-3.3058,0,REST
8999,35.15234375,-3.5694,3.0861,-7.1295,0.3821,0,REST
9000,35.15625,-9.4408,-1.263,-4.059,2.0767,0,REST
9001,35.16015625,-8.3209,-4.2853,-10.0403,5.9799,0,REST
9002,35.1640625,-6.8096,-5.8291,-5.7307,7.3109,0,REST
9003,35.16796875,-7.5639,-1.6233,-4.95,12.982,0,REST
9004,35.171875,-6.6497,-6.4546,-8.5773,7.1292,0,REST
9005,35.17578125,-3.6088,-8.5444,-4.8962,8.5383,0,REST
9006,35.1796875,-0.2367,-9.3833,-5.6737,8.4155,0,REST
9007,35.18359375,-2.0719,-9.2608,-1.3573,7.8312,0,REST
9008,35.1875,-3.3378,-5.9874,2.1838,9.9515,0,REST
9009,35.19140625,2.1629,-2.3956,-1.2767,3.4987,0,REST
9010,35.1953125,0.5789,-6.8583,-0.7631,0.3237,0,REST
9011,35.19921875,4.1547,-4.6803,2.3347,-1.6076,0,REST
9012,35.203125,3.5213,-0.0429,3.0825,-4.547,0,REST
9013,35.20703125,2.0318,-0.4776,2.0795,-8.5326,0,REST
9014,35.2109375,2.6438,5.4732,-0.5821,-10.175,0,REST
9015,35.21484375,4.8155,4.0983,3.6865,-11.0059,0,REST
9016,35.21875,4.3178,8.7249,4.8067,-10.2895,0,REST
9017,35.22265625,4.7243,7.6413,5.3889,-10.2262,0,REST
9018,35.2265625,4.0274,11.5952,1.5736,-11.0858,0,REST
9019,35.23046875,2.9655,9.5781,5.7632,-6.9779,0,REST
9020,35.234375,-0.0705,8.6283,4.2153,-7.959,0,REST
9021,35.23828125,-2.8211,6.4688,2.7039,-3.7225,0,REST
9022,35.2421875,-0.5825,6.4494,2.9896,-1.6491,0,REST
9023,35.24609375,1.2986,-0.1642,4.5299,3.9193,0,REST
9024,35.25,1.325,-0.744,1.871,7.6156,0,REST
9025,35.25390625,-1.0391,-2.5877,0.3515,8.5546,0,REST
9026,35.2578125,-3.7279,-4.6986,0.4418,12.7121,0,REST
9027,35.26171875,-1.5478,-8.7667,-2.5478,10.8616,0,REST
9028,35.265625,-3.5522,-10.8315,0.2811,13.5261,0,REST
9029,35.26953125,-4.1721,-9.46,-1.2918,16.7402,0,REST
9030,35.2734375,-6.0152,-16.5543,-1.1807,9.5318,0,REST
9031,35.27734375,-2.4801,-11.875,-1.6905,7.2868,0,REST
9032,35.28125,-3.9188,-9.9577,-6.0113,0.4123,0,REST
9033,35.28515625,-6.1172,-6.8288,-6.9654,2.8017,0,REST
9034,35.2890625,-1.2018,-3.4194,-4.886,-4.3723,0,REST
9035,35.29296875,-2.1432,-5.6635,-3.0303,-5.2357,0,REST
9036,35.296875,-0.7337,0.8158,-2.5946,-7.734,0,REST
9037,35.30078125,0.2182,2.8253,-5.3884,-10.0049,0,REST
9038,35.3046875,-1.231,9.1024,-2.295,-14.8465,0,REST
9039,35.30859375,-3.0408,8.9674,-3.5217,-14.9118,0,REST
9040,35.3125,4.0944,9.4335,-2.5581,-13.5662,0,REST
9041,35.31640625,3.1577,14.0469,-0.3182,-11.2939,0,REST
9042,35.3203125,5.8259,14.0311,1.3945,-5.9232,0,REST
9043,35.32421875,4.5011,11.7133,7.3871,-4.7397,0,REST
9044,35.328125,6.8278,9.6356,5.0449,-6.1134,0,REST
9045,35.33203125,3.9395,9.8073,7.3605,0.07,0,REST
9046,35.3359375,5.4836,8.2391,6.294,2.8307,0,REST
9047,35.33984375,8.6324,4.6424,5.7885,4.5101,0,REST
9048,35.34375,8.1686,-0.8137,6.2533,9.0747,0,REST
9049,35.34765625,7.8339,-4.5945,8.1472,11.5964,0,REST
9050,35.3515625,5.2039,-3.3473,7.2435,10.7072,0,REST
9051,35.35546875,3.4748,-8.3323,3.5173,10.8168,0,REST
9052,35.359375,-1.0779,-10.8536,2.5505,12.5554,0,REST
9053,35.36328125,-3.8254,-8.5854,-1.4629,9.909,0,REST
9054,35.3671875,-6.9024,-12.2559,-2.1395,10.461,0,REST
9055,35.37109375,-9.5162,-15.8346,-5.2296,2.0537,0,REST
9056,35.375,-8.0523,-10.9423,-4.7376,1.1642,0,REST
9057,35.37890625,-8.497,-11.1971,-7.1918,-3.3533,0,REST
9058,35.3828125,-5.8386,-5.3731,-6.2749,-6.8305,0,REST
9059,35.38671875,-13.4395,-4.4239,-12.2032,-8.192,0,REST
9060,35.390625,-11.328,-0.0981,-9.6741,-5.5004,0,REST
9061,35.39453125,-11.1318,-1.748,-9.0226,-8.1383,0,REST
9062,35.3984375,-7.0472,7.9983,-10.7574,-10.4585,0,REST
9063,35.40234375,-2.8412,12.8963,-6.9242,-9.1393,0,REST
9064,35.40625,0.8014,9.7517,-4.7274,-7.9711,0,REST
9065,35.41015625,1.3086,12.8832,-4.7547,-7.7008,0,REST
9066,35.4140625,5.568,14.8989,1.8881,-2.9205,0,REST
9067,35.41796875,8.2613,13.2383,-0.3601,-0.9172,0,REST
9068,35.421875,5.7948,13.1068,7.0577,0.7158,0,REST
9069,35.42578125,12.8145,11.1905,8.7543,6.5409,0,REST
9070,35.4296875,7.735,9.038,11.3848,4.0592,0,REST
9071,35.43359375,9.7483,5.0024,10.5393,6.3908,0,REST
9072,35.4375,9.5973,-1.2481,14.4564,5.8778,0,REST
9073,35.44140625,5.6232,-3.4271,11.3942,10.5408,0,REST
9074,35.4453125,8.7828,-6.477,6.2211,9.2222,0,REST
9075,35.44921875,0.9226,-11.9218,10.6264,8.6981,0,REST
9076,35.453125,1.5147,-8.7202,8.1496,8.6331,0,REST
9077,35.45703125,-3.1373,-8.8451,2.1844,4.429,0,REST
9078,35.4609375,-3.096,-10.5574,-0.8703,4.1394,0,REST
9079,35.46484375,-11.0977,-9.4853,0.2662,-0.0105,0,REST
9080,35.46875,-10.9849,-13.8932,-5.7191,-3.6662,0,REST
9081,35.47265625,-11.5415,-7.5375,-10.839,-1.4934,0,REST
9082,35.4765625,-10.9923,-5.8787,-11.6892,-1.9104,0,REST
9083,35.48046875,-9.0265,-4.9789,-11.1517,-6.3112,0,REST
9084,35.484375,-10.7012,-2.7326,-12.8295,-6.8355,0,REST
9085,35.48828125,-10.2616,1.7254,-12.9552,-5.9768,0,REST
9086,35.4921875,-6.4197,6.0134,-12.2933,-8.525,0,REST
9087,35.49609375,-4.8336,6.7547,-11.8907,-6.2178,0,REST
9088,35.5,-0.0914,4.8515,-7.8685,-5.5702,0,REST
9089,35.50390625,0.8003,8.7803,-6.426,-4.5196,0,REST
9090,35.5078125,8.0676,9.5207,-0.6933,-3.0562,0,REST
9091,35.51171875,9.9059,10.2708,2.5256,-4.2202,0,REST
9092,35.515625,11.5864,14.5942,6.8412,-1.5145,0,REST
9093,35.51953125,8.9277,9.85,7.6055,2.3777,0,REST
9094,35.5234375,12.7982,5.0091,11.3882,2.975,0,REST
9095,35.52734375,11.5418,7.3257,8.5148,3.2545,0,REST
9096,35.53125,11.2761,-1.9144,19.9117,2.7039,0,REST
9097,35.53515625,7.8828,-5.3506,12.5046,4.0723,0,REST
9098,35.5390625,6.135,-6.5021,12.0322,5.0971,0,REST
9099,35.54296875,1.1859,-9.935,10.1879,4.2396,0,REST
9100,35.546875,-1.5634,-9.9714,6.9424,4.1742,0,REST
9101,35.55078125,-2.0301,-10.6003,2.1916,1.4923,0,REST
9102,35.5546875,-8.1415,-11.9069,5.5185,4.9113,0,REST
9103,35.55859375,-5.77,-7.8397,-0.3823,1.6392,0,REST
9104,35.5625,-12.015,-10.2767,-4.9843,1.3508,0,REST
9105,35.56640625,-10.1793,-8.1825,-4.3377,1.7513,0,REST
9106,35.5703125,-12.984,-4.0964,-8.1757,-1.3369,0,REST
9107,35.57421875,-13.439,-5.1581,-7.6581,-0.4011,0,REST
9108,35.578125,-9.7211,-0.739,-8.678,-4.3316,0,REST
9109,35.58203125,-10.2127,1.4244,-10.2634,-1.3753,0,REST
9110,35.5859375,-1.3829,2.9978,-11.5976,-2.0118,0,REST
9111,35.58984375,-3.6615,8.3064,-11.2445,-5.3752,0,REST
9112,35.59375,2.4321,7.2025,-8.7035,-2.8998,0,REST
9113,35.59765625,2.6239,4.4364,-0.9416,-4.0538,0,REST
9114,35.6015625,6.2077,7.049,-3.3513,-2.8583,0,REST
9115,35.60546875,7.4061,8.3636,2.699,-1.1986,0,REST
9116,35.609375,8.419,5.8765,4.9506,-4.4925,0,REST
9117,35.61328125,8.5787,6.1663,5.6417,-2.1705,0,REST
9118,35.6171875,11.053,6.4581,3.0374,-3.9186,0,REST
9119,35.62109375,5.5738,3.6857,8.4134,-3.2692,0,REST
9120,35.625,8.8408,2.6917,8.3589,0.42,0,REST
9121,35.62890625,3.3458,-0.8029,14.5793,-0.431,0,REST
9122,35.6328125,2.0071,-5.6348,11.0391,-0.6504,0,REST
9123,35.63671875,1.6437,-4.4903,5.6412,2.0756,0,REST
9124,35.640625,0.7091,-7.1241,6.0982,1.4869,0,REST
9125,35.64453125,-3.0908,-2.2653,3.5638,1.3618,0,REST
9126,35.6484375,-5.5956,-9.2839,1.581,7.4778,0,REST
9127,35.65234375,-7.5023,-8.4571,0.4164,3.0543,0,REST
9128,35.65625,-7.0043,-3.7439,-1.7203,8.2811,0,REST
9129,35.66015625,-9.7246,-5.3258,-1.2771,4.9079,0,REST
9130,35.6640625,-8.4239,-1.8356,-2.5638,2.3592,0,REST
9131,35.66796875,-5.0178,-5.8903,-3.7047,5.4667,0,REST
9132,35.671875,-6.547,-3.0127,-8.644,3.1228,0,REST
9133,35.67578125,-2.7222,-1.301,-6.348,1.6506,0,REST
9134,35.6796875,-3.5563,0.2531,-9.6564,0.098,0,REST
9135,35.68359375,3.066,2.2284,-5.1111,-4.7416,0,REST
9136,35.6875,1.5437,4.2601,-2.5602,-7.9844,0,REST
9137,35.69140625,2.2656,8.2054,-2.8382,-5.0813,0,REST
9138,35.6953125,3.156,2.8168,-6.8179,-2.0082,0,REST
9139,35.69921875,-0.2896,4.0971,-0.3752,-7.861,0,REST
9140,35.703125,1.0357,3.1178,-1.6267,-10.1784,0,REST
9141,35.70703125,4.362,6.0881,-1.238,-8.5177,0,REST
9142,35.7109375,0.3666,3.9098,2.0453,-6.3257,0,REST
9143,35.71484375,9.1599,7.1229,3.7726,-2.4686,0,REST
9144,35.71875,4.8218,2.0358,1.9612,-5.3311,0,REST
9145,35.72265625,4.4533,-0.717,5.9001,2.2104,0,REST
9146,35.7265625,3.4266,1.8212,3.9638,2.1838,0,REST
9147,35.73046875,3.7074,-0.5482,2.4299,9.5229,0,REST
9148,35.734375,3.3089,-3.8367,4.1415,5.9647,0,REST
9149,35.73828125,1.3478,-0.3383,4.961,8.2736,0,REST
9150,35.7421875,-1.6813,-0.4755,-2.8987,8.9093,0,REST
9151,35.74609375,-0.2763,-4.002,0.5476,11.5002,0,REST
9152,35.75,0.1401,-2.6256,2.8465,12.2927,0,REST
9153,35.75390625,-1.3835,-0.9311,0.9548,9.705,0,REST
9154,35.7578125,1.5592,-1.9801,-1.69,5.9793,0,REST
9155,35.76171875,-1.8454,-2.4952,5.665,8.0678,0,REST
9156,35.765625,-2.5828,-2.8831,2.765,4.924,0,REST
9157,35.76953125,-2.1611,-1.8768,-2.1227,-1.5036,0,REST
9158,35.7734375,-2.2605,-4.0019,-0.8399,-6.6499,0,REST
9159,35.77734375,0.3129,-1.0454,-1.584,-6.602,0,REST
9160,35.78125,-2.5835,0.4954,-1.7216,-7.8334,0,REST
9161,35.78515625,-3.1909,-1.8596,0.2173,-12.6754,0,REST
9162,35.7890625,-1.6932,3.1071,-5.686,-10.7486,0,REST
9163,35.79296875,-3.0698,2.6031,-5.8848,-12.5394,0,REST
9164,35.796875,0.1334,1.3425,-3.5972,-9.4528,0,REST
9165,35.80078125,-5.1872,-0.75,-7.1888,-11.0205,0,REST
9166,35.8046875,0.2033,3.4916,-4.4046,-5.1026,0,REST
9167,35.80859375,-2.7354,5.1007,-6.7784,-5.5025,0,REST
9168,35.8125,-2.1454,1.1165,-3.441,-1.2914,0,REST
9169,35.81640625,-0.4656,1.6927,-3.1026,2.2269,0,REST
9170,35.8203125,4.583,3.2282,-2.1164,5.9575,0,REST
9171,35.82421875,4.4641,5.4446,-0.9767,6.4508,0,REST
9172,35.828125,8.4387,3.7309,-1.4215,10.7554,0,REST
9173,35.83203125,4.6243,4.9878,0.6943,10.3273,0,REST
9174,35.8359375,10.9746,4.111,2.1219,13.0144,0,REST
9175,35.83984375,9.7244,-1.1106,4.5694,17.7172,0,REST
9176,35.84375,6.0582,-0.9485,7.4478,11.8876,0,REST
9177,35.84765625,5.9367,1.0416,6.2116,5.1693,0,REST
9178,35.8515625,3.2345,0.2236,7.0671,5.8891,0,REST
9179,35.85546875,3.4178,-5.6448,10.6448,3.3383,0,REST
9180,35.859375,-0.4446,-7.6823,5.8247,-1.9026,0,REST
9181,35.86328125,-4.3709,-6.1713,5.7154,-4.7064,0,REST
9182,35.8671875,-4.2457,-4.4033,3.8243,-8.1969,0,REST
9183,35.87109375,-7.3896,-5.1881,3.0276,-12.5796,0,REST
9184,35.875,-4.8466,-4.647,-0.405,-11.2339,0,REST
9185,35.87890625,-10.1962,-4.9041,-0.9543,-13.7526,0,REST
9186,35.8828125,-6.3408,-7.3383,-2.6112,-13.9086,0,REST
9187,35.88671875,-13.0592,-4.6457,-5.5699,-9.143,0,REST
9188,35.890625,-9.5969,3.346,-12.5725,-13.6805,0,REST
9189,35.89453125,-6.9669,-0.2592,-7.4314,-6.5458,0,REST
9190,35.8984375,-8.0012,2.4846,-9.1987,-4.1986,0,REST
9191,35.90234375,-3.6953,3.4001,-9.6088,-1.5365,0,REST
9192,35.90625,-1.1149,4.6785,-7.8746,1.5526,0,REST
9193,35.91015625,3.133,8.1443,-10.0517,2.6031,0,REST
9194,35.9140625,3.366,8.3325,-9.5537,10.9859,0,REST
9195,35.91796875,7.782,11.9094,-2.8099,13.7681,0,REST
9196,35.921875,9.3535,5.9318,-3.3416,11.0055,0,REST
9197,35.92578125,9.0986,7.2921,0.2607,15.7413,0,REST
9198,35.9296875,12.4298,3.8807,5.41,9.5836,0,REST
9199,35.93359375,13.2562,3.9856,6.5381,11.5032,0,REST
9200,35.9375,10.6634,4.8422,11.6131,9.4908,0,REST
9201,35.94140625,7.3617,-3.138,10.6627,9.0663,0,REST
9202,35.9453125,3.6183,0.5832,10.9152,4.3962,0,REST
9203,35.94921875,4.2662,-3.1535,13.677,0.8655,0,REST
9204,35.953125,-0.5704,-5.4329,9.9734,-4.5812,0,REST
9205,35.95703125,-0.5715,-11.1249,14.4363,-7.2485,0,REST
9206,35.9609375,-7.1213,-4.6798,7.1333,-10.4594,0,REST
9207,35.96484375,-7.4604,-8.728,4.9487,-11.0432,0,REST
9208,35.96875,-6.508,-9.7353,0.8234,-9.4728,0,REST
9209,35.97265625,-13.0482,-8.1751,0.7635,-10.79,0,REST
9210,35.9765625,-11.0187,-8.2629,-6.4273,-10.3453,0,REST
9211,35.98046875,-13.1273,-3.0992,-6.0094,-10.9321,0,REST
9212,35.984375,-12.0693,-2.4851,-14.3119,-4.6877,0,REST
9213,35.98828125,-9.723,-0.0135,-13.568,-0.103,0,REST
9214,35.9921875,-7.0769,0.8538,-14.5173,-2.3266,0,REST
9215,35.99609375,-1.2007,4.3768,-15.3539,4.0946,0,REST
9216,36.0,1.309,6.1997,-11.3834,6.199,0,REST
9217,36.00390625,2.2963,12.0173,-11.8691,8.7479,0,REST
9218,36.0078125,6.3098,12.3771,-6.739,9.512,0,REST
9219,36.01171875,9.9067,7.9937,-4.2616,9.6506,0,REST
9220,36.015625,14.5312,11.4379,-3.1332,10.7275,0,REST
9221,36.01953125,14.5292,10.2767,0.9467,6.0365,0,REST
9222,36.0234375,11.4885,8.5089,10.1421,5.5226,0,REST
9223,36.02734375,13.8592,2.1256,10.2578,5.6932,0,REST
9224,36.03125,12.1783,4.5009,9.3721,6.768,0,REST
9225,36.03515625,7.9938,-4.359,12.1022,0.6372,0,REST
9226,36.0390625,6.5949,-2.9159,12.8884,-1.9989,0,REST
9227,36.04296875,8.7255,-7.749,14.753,-1.2914,0,REST
9228,36.046875,-0.6836,-6.052,10.258,-6.4978,0,REST
9229,36.05078125,-0.9057,-10.9825,13.4869,-6.1225,0,REST
9230,36.0546875,-6.9275,-12.941,10.903,-6.732,0,REST
9231,36.05859375,-10.6072,-12.2654,5.8368,-7.1887,0,REST
9232,36.0625,-11.8356,-11.5943,4.0076,-10.4557,0,REST
9233,36.06640625,-11.6057,-9.8014,-0.007,-8.8705,0,REST
9234,36.0703125,-12.9298,-9.706,-6.3596,-7.2437,0,REST
9235,36.07421875,-12.2461,-5.9761,-6.8643,-5.4104,0,REST
9236,36.078125,-8.8463,-2.0286,-5.6312,-2.2611,0,REST
9237,36.08203125,-6.4609,-5.6618,-11.0724,-0.2196,0,REST
9238,36.0859375,-4.4859,2.8967,-11.9173,1.236,0,REST
9239,36.08984375,-4.916,5.7295,-11.067,5.2035,0,REST
9240,36.09375,0.7026,7.8682,-9.5573,0.2358,0,REST
9241,36.09765625,3.6714,12.6215,-12.0908,6.5737,0,REST
9242,36.1015625,4.3255,9.5929,-10.9754,9.5435,0,REST
9243,36.10546875,7.4559,10.6281,-5.663,6.353,0,REST
9244,36.109375,9.9347,10.4136,-4.6598,5.4673,0,REST
9245,36.11328125,9.258,11.662,-0.7679,5.5493,0,REST
9246,36.1171875,7.3514,6.6758,0.8011,8.3193,0,REST
9247,36.12109375,13.838,5.5148,2.6463,2.1817,0,REST
9248,36.125,8.8315,2.4633,6.8144,2.0334,0,REST
9249,36.12890625,6.9629,1.6889,10.1173,0.1787,0,REST
9250,36.1328125,1.1962,-1.3981,11.5191,-1.6294,0,REST
9251,36.13671875,3.6892,-5.2272,8.0871,2.8132,0,REST
9252,36.140625,3.3642,-7.0687,6.0085,-4.5952,0,REST
9253,36.14453125,0.9468,-10.0295,10.8598,-2.7473,0,REST
9254,36.1484375,-3.754,-15.0307,10.4986,-3.598,0,REST
9255,36.15234375,-8.5941,-11.0279,2.7776,-2.9415,0,REST
9256,36.15625,-6.0765,-12.9881,3.1355,-2.4104,0,REST
9257,36.16015625,-8.1586,-12.3802,0.235,-3.6067,0,REST
9258,36.1640625,-8.7902,-8.2167,-0.8871,-4.5672,0,REST
9259,36.16796875,-9.3946,-5.6112,-3.5766,-5.1566,0,REST
9260,36.171875,-6.9529,-3.9085,-2.784,1.1117,0,REST
9261,36.17578125,-3.8487,3.7687,-5.3941,-1.933,0,REST
9262,36.1796875,-4.2071,2.1015,-6.4083,-0.2952,0,REST
9263,36.18359375,-2.984,6.3913,-8.0629,-6.0211,0,REST
9264,36.1875,-1.5828,8.4495,-7.2,0.983,0,REST
9265,36.19140625,-0.1736,10.3869,-3.5845,-0.9401,0,REST
9266,36.1953125,0.7536,13.3635,-3.6948,2.6177,0,REST
9267,36.19921875,3.1609,13.6113,-2.3656,1.2691,0,REST
9268,36.203125,1.1663,17.7442,-4.8057,0.5746,0,REST
9269,36.20703125,8.2666,11.3382,-3.2062,3.7379,0,REST
9270,36.2109375,4.4953,11.1237,-1.7497,3.4931,0,REST
9271,36.21484375,4.8721,8.2567,-0.1975,1.6356,0,REST
9272,36.21875,1.7566,1.2871,3.0713,3.2948,0,REST
9273,36.22265625,6.4363,0.4226,1.0159,4.1699,0,REST
9274,36.2265625,1.5492,-5.5971,1.8048,8.6291,0,REST
9275,36.23046875,4.4985,-2.8031,3.147,2.3127,0,REST
9276,36.234375,3.1622,-12.3845,2.7119,3.6195,0,REST
9277,36.23828125,0.6774,-9.9146,5.8097,3.1078,0,REST
9278,36.2421875,0.7683,-7.9816,-1.6252,1.5809,0,REST
9279,36.24609375,-0.5383,-14.085,2.6585,-1.8235,0,REST
9280,36.25,1.141,-11.3251,1.471,-0.3178,0,REST
9281,36.25390625,-2.4297,-10.2812,4.161,-3.8795,0,REST
9282,36.2578125,-2.8918,-8.7637,2.9725,-6.6841,0,REST
9283,36.26171875,-1.6741,-6.9091,3.4034,-1.1127,0,REST
9284,36.265625,-2.6246,0.4887,2.4882,-5.7722,0,REST
9285,36.26953125,-4.2358,3.9944,3.9064,-4.337,0,REST
9286,36.2734375,-4.3036,5.3394,-0.3967,-4.4226,0,REST
9287,36.27734375,-5.1764,7.0372,3.0781,-6.4684,0,REST
9288,36.28125,0.9973,9.2467,1.673,-6.7429,0,REST
9289,36.28515625,-3.6626,13.9727,1.7969,-6.0994,0,REST
9290,36.2890625,-8.4866,7.7023,-3.0152,-6.6295,0,REST
9291,36.29296875,-7.1325,11.2189,-0.613,-3.3502,0,REST
9292,36.296875,-4.7392,13.3148,-5.4266,-1.1903,0,REST
9293,36.30078125,-2.844,9.597,-4.1328,4.1444,0,REST
9294,36.3046875,-2.7787,7.6878,-6.7828,3.9692,0,REST
9295,36.30859375,-1.9579,5.8583,-6.2666,6.5537,0,REST
9296,36.3125,0.3427,1.203,-8.292,10.7733,0,REST
9297,36.31640625,3.0282,2.9552,-5.705,9.3498,0,REST
9298,36.3203125,2.1875,-1.5179,-4.1921,9.5566,0,REST
9299,36.32421875,3.927,-7.12,-2.2427,8.1812,0,REST
9300,36.328125,6.2419,-6.0772,-3.7698,10.1848,0,REST
9301,36.33203125,6.1169,-8.8139,-1.27,5.4439,0,REST
9302,36.3359375,9.8353,-7.8528,2.8935,1.4174,0,REST
9303,36.33984375,4.2116,-12.6719,0.7633,-2.1589,0,REST
9304,36.34375,7.4306,-11.3719,3.0801,-2.5434,0,REST
9305,36.34765625,3.7595,-4.8942,5.4821,-1.9508,0,REST
9306,36.3515625,0.3131,-5.1859,8.5388,-9.7898,0,REST
9307,36.35546875,-2.1221,-4.8615,6.3473,-7.6339,0,REST
9308,36.359375,-0.693,-0.6377,8.7605,-10.3105,0,REST
9309,36.36328125,-1.4123,2.0335,11.0531,-14.772,0,REST
9310,36.3671875,-1.112,5.0151,8.573,-10.5566,0,REST
9311,36.37109375,-5.8896,5.6041,7.0842,-7.2535,0,REST
9312,36.375,-8.9495,5.1524,6.1443,-4.777,0,REST
9313,36.37890625,-12.1476,4.4488,3.0835,-5.3088,0,REST
9314,36.3828125,-11.5389,10.3119,2.749,-3.339,0,REST
9315,36.38671875,-8.7688,9.3467,0.9994,0.5085,0,REST
9316,36.390625,-12.9889,10.0666,-3.5098,1.912,0,REST
9317,36.39453125,-10.2545,12.0267,-3.7149,7.6267,0,REST
9318,36.3984375,-7.347,6.3209,-6.948,8.4551,0,REST
9319,36.40234375,-6.1972,3.1669,-12.2405,13.023,0,REST
9320,36.40625,1.0318,-0.1101,-10.4566,11.8117,0,REST
9321,36.41015625,1.2087,-0.9773,-12.7057,15.2034,0,REST
9322,36.4140625,4.5774,-2.7682,-13.254,11.4372,0,REST
9323,36.41796875,6.6731,-2.3651,-11.5409,11.522,0,REST
9324,36.421875,10.4122,-2.9309,-10.845,4.5268,0,REST
9325,36.42578125,12.2085,-4.4113,0.4259,2.2561,0,REST
9326,36.4296875,13.8183,-6.8168,-1.6553,0.3133,0,REST
9327,36.43359375,10.5889,-10.6486,-1.2783,-2.6784,0,REST
9328,36.4375,9.7401,-4.9332,4.0115,-7.7349,0,REST
9329,36.44140625,9.683,-4.6837,8.0521,-9.0326,0,REST
9330,36.4453125,9.6871,-4.4759,9.9095,-14.6202,0,REST
9331,36.44921875,5.3285,-4.5772,10.876,-11.6159,0,REST
9332,36.453125,2.8468,-2.1886,11.5599,-12.3271,0,REST
9333,36.45703125,-2.4065,1.1155,11.3131,-13.2773,0,REST
9334,36.4609375,-4.8135,0.669,10.634,-13.0068,0,REST
9335,36.46484375,-8.591,-0.1385,12.1402,-11.4161,0,REST
9336,36.46875,-12.0442,6.0022,9.8235,-7.1542,0,REST
9337,36.47265625,-10.7165,3.2132,6.7837,-0.7777,0,REST
9338,36.4765625,-9.5026,-1.0829,7.1099,-0.9933,0,REST
9339,36.48046875,-12.0916,1.2781,-2.023,4.718,0,REST
9340,36.484375,-11.9207,2.1702,-1.9344,4.927,0,REST
9341,36.48828125,-9.6851,1.8475,-9.6849,6.855,0,REST
9342,36.4921875,-8.6191,2.5099,-9.7971,10.414,0,REST
9343,36.49609375,-2.0061,2.9377,-8.429,12.0545,0,REST
9344,36.5,2.3719,0.6946,-13.3371,15.3215,0,REST
9345,36.50390625,1.8886,2.0802,-12.8002,10.7058,0,REST
9346,36.5078125,3.6834,-0.0833,-14.1019,9.1915,0,REST
9347,36.51171875,8.0373,-1.281,-12.5535,7.6553,0,REST
9348,36.515625,11.167,-3.0546,-9.5557,2.1568,0,REST
9349,36.51953125,12.8549,1.0489,-12.1085,1.7757,0,REST
9350,36.5234375,16.3107,-1.2388,-3.9135,1.5453,0,REST
9351,36.52734375,11.0701,-0.3368,-0.8626,-3.2542,0,REST
9352,36.53125,12.3674,-0.5453,2.5057,-8.6356,0,REST
9353,36.53515625,10.5125,-1.7498,2.8769,-8.9395,0,REST
9354,36.5390625,7.4853,-1.1215,11.7138,-13.9557,0,REST
9355,36.54296875,-0.4099,-4.2496,4.2075,-14.5476,0,REST
9356,36.546875,-2.6079,0.5944,13.1094,-13.7327,0,REST
9357,36.55078125,-1.1942,-1.6296,10.7427,-10.6765,0,REST
9358,36.5546875,-6.3431,-3.2119,10.7434,-12.1844,0,REST
9359,36.55859375,-7.5627,-3.617,12.829,-6.7675,0,REST
9360,36.5625,-12.1837,-2.3227,8.3549,-3.9581,0,REST
9361,36.56640625,-8.9842,-0.9129,6.8263,-0.3909,0,REST
9362,36.5703125,-11.1934,2.7403,3.6365,4.9796,0,REST
9363,36.57421875,-11.0413,-2.4837,4.4193,5.8421,0,REST
9364,36.578125,-5.0956,-2.4243,-5.1344,9.9334,0,REST
9365,36.58203125,-7.2221,2.3805,-4.1833,8.1531,0,REST
9366,36.5859375,-0.6303,-0.323,-4.4553,10.9766,0,REST
9367,36.58984375,-1.6161,-0.0315,-10.9146,12.481,0,REST
9368,36.59375,2.6543,6.9141,-8.9276,6.0643,0,REST
9369,36.59765625,9.2558,4.3391,-8.978,6.1484,0,REST
9370,36.6015625,5.5674,3.1592,-10.8865,2.0165,0,REST
9371,36.60546875,7.7178,2.8991,-8.7574,7.5194,0,REST
9372,36.609375,7.4058,2.7706,-10.4575,1.5582,0,REST
9373,36.61328125,13.8023,5.7475,-8.2995,0.0546,0,REST
9374,36.6171875,11.1749,2.5312,-2.8979,-3.3461,0,REST
9375,36.62109375,9.2647,3.9874,-3.1571,-1.9934,0,REST
9376,36.625,6.5151,-0.7721,1.9356,-6.8217,0,REST
9377,36.62890625,5.6317,-2.8465,4.5404,-10.6927,0,REST
9378,36.6328125,1.4059,-1.5756,4.8445,-8.2427,0,REST
9379,36.63671875,-0.8739,-0.3006,3.9461,-7.9968,0,REST
9380,36.640625,-0.2256,-1.8275,8.6382,-7.3363,0,REST
9381,36.64453125,-3.0659,-2.5999,10.8484,-2.6323,0,REST
9382,36.6484375,-3.5693,-2.9022,7.583,-1.3075,0,REST
9383,36.65234375,-7.3454,-8.8162,6.9468,-1.6485,0,REST
9384,36.65625,-8.9129,-5.0329,9.6631,-2.8048,0,REST
9385,36.66015625,-7.5077,-6.8288,1.814,5.1547,0,REST
9386,36.6640625,-7.8784,-7.4102,2.6329,1.7562,0,REST
9387,36.66796875,-5.7735,-1.6891,2.4491,3.9307,0,REST
9388,36.671875,-7.8397,0.6431,-0.4939,4.1998,0,REST
9389,36.67578125,-4.2489,-3.5258,-3.1003,6.9843,0,REST
9390,36.6796875,-6.4807,3.6966,-3.1098,9.0008,0,REST
9391,36.68359375,-7.667,1.1562,-3.4319,7.0176,0,REST
9392,36.6875,-2.8612,8.1777,-3.7996,4.7939,0,REST
9393,36.69140625,-0.2462,8.8977,-7.5493,4.721,0,REST
9394,36.6953125,0.5603,7.3404,-8.1239,1.4639,0,REST
9395,36.69921875,1.6849,7.5112,-1.9707,0.883,0,REST
9396,36.703125,7.08,7.7975,-4.0697,-2.2342,0,REST
9397,36.70703125,1.8357,9.4895,-5.1206,-1.3625,0,REST
9398,36.7109375,4.7785,6.4983,-3.6011,-3.7524,0,REST
9399,36.71484375,0.9291,5.5909,-2.781,-1.6246,0,REST
9400,36.71875,1.278,4.8268,-1.1662,-2.3139,0,REST
9401,36.72265625,4.5557,1.7821,0.4086,-3.3572,0,REST
9402,36.7265625,2.683,-2.6351,-0.3028,-5.3168,0,REST
9403,36.73046875,0.1899,-4.026,-3.968,-4.37,0,REST
9404,36.734375,1.5252,-3.9344,0.2836,-6.7602,0,REST
9405,36.73828125,0.0166,-7.312,-0.8488,-5.2393,0,REST
9406,36.7421875,1.0487,-12.0724,3.1458,1.482,0,REST
9407,36.74609375,4.8784,-10.263,4.6327,-1.316,0,REST
9408,36.75,-0.8715,-8.5357,3.2667,-0.6156,0,REST
9409,36.75390625,0.0847,-9.5956,4.769,-1.7826,0,REST
9410,36.7578125,-2.4992,-8.3858,6.4083,0.939,0,REST
9411,36.76171875,1.4776,-6.715,7.3529,-0.6243,0,REST
9412,36.765625,-0.4046,-1.1267,5.9317,1.4752,0,REST
9413,36.76953125,-2.3822,0.582,4.1487,1.8263,0,REST
9414,36.7734375,-6.2559,-0.8683,3.7606,4.3772,0,REST
9415,36.77734375,-4.2315,3.9629,4.2614,0.6905,0,REST
9416,36.78125,-2.7564,7.4206,3.6573,4.2717,0,REST
9417,36.78515625,-1.4351,9.3448,0.2686,3.4046,0,REST
9418,36.7890625,-3.7617,14.753,-1.1752,3.5763,0,REST
9419,36.79296875,-2.594,11.1959,0.4418,8.4679,0,REST
9420,36.796875,-6.996,9.9516,-2.6294,7.9165,0,REST
9421,36.80078125,-3.7883,5.6797,-5.4236,1.3801,0,REST
9422,36.8046875,4.9642,-0.0087,2.6759,-0.9631,4,INTER
9423,36.80859375,0.1903,1.1564,0.1854,0.9856,4,INTER
9424,36.8125,-3.4459,-0.9683,0.5169,2.32,4,INTER
9425,36.81640625,-0.3743,0.4604,1.741,0.3359,4,INTER
9426,36.8203125,4.2123,-0.8338,-0.7674,0.7098,4,INTER
9427,36.82421875,4.6062,-0.8531,-1.7729,2.4646,4,INTER
9428,36.828125,-1.6727,1.8039,0.9962,1.4639,4,INTER
9429,36.83203125,-3.9226,0.0223,3.6191,5.7748,4,INTER
9430,36.8359375,-0.1347,2.5032,1.7989,-1.231,4,INTER
9431,36.83984375,0.3276,-1.383,5.0957,-0.0419,4,INTER
9432,36.84375,-1.6717,-1.2991,-0.7241,0.8546,4,INTER
9433,36.84765625,2.6712,1.0814,-4.2907,3.2178,4,INTER
9434,36.8515625,1.4751,-3.8904,-0.5286,-0.9459,4,INTER
9435,36.85546875,1.5976,-1.3379,-2.5772,-1.3919,4,INTER
9436,36.859375,-0.3161,0.2096,1.4016,-1.0471,4,INTER
9437,36.86328125,-2.4793,1.3292,1.0588,-2.0763,4,INTER
9438,36.8671875,0.7939,-0.3524,4.8689,3.0705,4,INTER
9439,36.87109375,-1.6245,0.1647,0.845,0.2218,4,INTER
9440,36.875,2.1945,-2.1963,-2.4989,0.6437,4,INTER
9441,36.87890625,-0.7293,-2.4995,-2.9825,-3.8204,4,INTER
9442,36.8828125,1.8979,1.98,0.6984,-0.7253,4,INTER
9443,36.88671875,3.0528,-7.2368,2.1605,2.7126,4,INTER
9444,36.890625,2.6346,1.2044,-0.3404,0.6579,4,INTER
9445,36.89453125,1.1469,-5.78,-1.5571,1.6123,4,INTER
9446,36.8984375,-2.7028,-1.0002,0.3272,3.9968,4,INTER
9447,36.90234375,1.0507,1.3923,0.7331,0.3573,4,INTER
9448,36.90625,-4.1569,-0.5017,0.6931,5.1365,4,INTER
9449,36.91015625,0.3767,0.4389,-0.6693,3.5399,4,INTER
9450,36.9140625,1.4267,-3.0954,-1.4407,0.7196,4,INTER
9451,36.91796875,0.9247,1.6645,-1.0905,2.6339,4,INTER
9452,36.921875,1.6526,-0.3079,-1.0764,1.9261,4,INTER
9453,36.92578125,-3.5903,-0.8888,-3.6235,0.8649,4,INTER
9454,36.9296875,3.0392,5.2356,-0.4542,2.6693,4,INTER
9455,36.93359375,3.0304,-1.0842,-0.8512,0.2756,4,INTER
9456,36.9375,-0.7103,-1.2862,-2.9883,2.0941,4,INTER
9457,36.94140625,-2.0316,-3.4427,1.3201,-0.6584,4,INTER
9458,36.9453125,4.6604,-0.1803,5.2179,-1.4663,4,INTER
9459,36.94921875,-2.9444,-3.4714,-4.4197,-1.4001,4,INTER
9460,36.953125,-2.3533,3.914,-0.0387,-1.5704,4,INTER
9461,36.95703125,-1.0348,0.8083,-2.8045,-1.4505,4,INTER
9462,36.9609375,1.7343,0.0823,-0.5833,-0.0283,4,INTER
9463,36.96484375,-0.4467,-2.2711,-0.1329,-1.2473,4,INTER
9464,36.96875,2.581,-5.2855,-1.9157,1.8766,4,INTER
9465,36.97265625,1.2875,0.0234,1.2887,-3.1656,4,INTER
9466,36.9765625,-5.0432,2.535,-0.192,-1.1647,4,INTER
9467,36.98046875,-0.2976,3.7724,-1.6404,4.0724,4,INTER
9468,36.984375,-1.845,1.1006,0.4552,-0.9891,4,INTER
9469,36.98828125,2.5158,2.8877,0.4719,-0.7237,4,INTER
9470,36.9921875,0.0793,0.9611,-0.1805,5.2793,4,INTER
9471,36.99609375,-0.1047,-4.308,-2.8624,6.2688,4,INTER
9472,37.0,-1.4173,0.7297,1.7505,2.2827,4,INTER
9473,37.00390625,0.8568,-3.9185,2.3344,1.688,4,INTER
9474,37.0078125,1.3818,1.3957,0.2227,-3.1034,4,INTER
9475,37.01171875,0.7541,0.51,-1.0543,2.9651,4,INTER
9476,37.015625,-1.3457,-2.1836,-0.4597,-2.6305,4,INTER
9477,37.01953125,1.269,-3.0371,-3.0736,-2.211,4,INTER
9478,37.0234375,-6.1095,-4.2169,-1.8112,0.933,4,INTER
9479,37.02734375,0.9968,-0.1667,2.4554,3.0993,4,INTER
9480,37.03125,1.2923,3.4786,-1.1804,-0.1637,4,INTER
9481,37.03515625,-4.4348,4.3965,1.588,3.9356,4,INTER
9482,37.0390625,3.3391,-0.4137,-0.8185,-0.2211,4,INTER
9483,37.04296875,-2.3534,2.2126,0.6382,-0.1671,4,INTER
9484,37.046875,1.6125,4.4784,3.7324,0.8085,4,INTER
9485,37.05078125,-2.1669,4.6027,-2.6221,0.9722,4,INTER
9486,37.0546875,0.7437,1.4515,-4.2167,-0.1922,4,INTER
9487,37.05859375,-0.246,-0.2381,2.019,-0.0815,4,INTER
9488,37.0625,0.9039,1.5382,-2.7126,0.7496,4,INTER
9489,37.06640625,-0.2422,-0.0569,-1.9038,3.1224,4,INTER
9490,37.0703125,1.469,3.4356,2.046,0.2027,4,INTER
9491,37.07421875,-2.1997,0.6046,-3.1249,-7.3137,4,INTER
9492,37.078125,0.5841,-0.4182,1.6007,-0.9555,4,INTER
9493,37.08203125,-2.7099,-0.5357,0.4103,0.7552,4,INTER
9494,37.0859375,-2.2166,0.3326,-1.4303,1.1489,4,INTER
9495,37.08984375,-1.7753,-2.0397,-3.4171,0.2625,4,INTER
9496,37.09375,1.6326,0.4148,2.1949,2.885,4,INTER
9497,37.09765625,-1.8198,0.4821,2.4024,-3.0713,4,INTER
9498,37.1015625,-2.1235,3.1029,2.0254,3.8126,4,INTER
9499,37.10546875,-3.4225,3.8325,-3.6946,1.3394,4,INTER
9500,37.109375,-1.7879,-0.6883,-2.1075,1.1568,4,INTER
9501,37.11328125,-1.4202,-5.472,-3.984,-1.3572,4,INTER
9502,37.1171875,-4.6417,1.527,0.1223,-4.0782,4,INTER
9503,37.12109375,-1.115,1.5519,0.8836,0.9521,4,INTER
9504,37.125,-1.4135,-2.5832,-2.1917,1.1755,4,INTER
9505,37.12890625,-2.892,0.2701,-1.0487,-0.4497,4,INTER
9506,37.1328125,-1.2691,0.9138,2.6184,-2.1183,4,INTER
9507,37.13671875,2.6788,-0.333,0.1875,-2.8374,4,INTER
9508,37.140625,4.3082,-1.8274,1.4167,0.5737,4,INTER
9509,37.14453125,0.1391,0.9495,1.1254,0.0275,4,INTER
9510,37.1484375,0.141,0.7173,-0.8209,4.1893,4,INTER
9511,37.15234375,3.7079,-0.9451,-0.232,3.4137,4,INTER
9512,37.15625,4.6788,-1.8,-3.7649,-1.2446,4,INTER
9513,37.16015625,-0.6062,4.1493,-2.1113,4.7719,4,INTER
9514,37.1640625,1.3812,-1.7588,-1.5407,-1.0498,4,INTER
9515,37.16796875,-1.7084,-0.0738,1.6031,4.339,4,INTER
9516,37.171875,1.0086,1.054,-2.259,1.8793,4,INTER
9517,37.17578125,3.871,0.5713,-0.0993,0.7908,4,INTER
9518,37.1796875,0.1456,-0.6601,-0.8513,-3.5677,4,INTER
9519,37.18359375,-1.7799,0.4008,-0.6987,-0.9065,4,INTER
9520,37.1875,-0.2414,2.2889,-4.8964,-2.5862,4,INTER
9521,37.19140625,-1.9866,3.405,1.8921,3.7581,4,INTER
9522,37.1953125,0.2942,-1.4066,0.2022,-0.9469,4,INTER
9523,37.19921875,-0.7108,0.2352,-0.8293,-1.214,4,INTER
9524,37.203125,-2.5939,2.2824,-2.5784,-0.2187,4,INTER
9525,37.20703125,-0.5733,-1.1434,4.0889,0.2387,4,INTER
9526,37.2109375,0.6988,0.3932,0.078,0.2314,4,INTER
9527,37.21484375,3.9952,-0.2862,-3.2427,3.9836,4,INTER
9528,37.21875,-2.5227,-2.1277,-0.5619,-2.3971,4,INTER
9529,37.22265625,-1.915,-2.8019,2.8783,0.0037,4,INTER
9530,37.2265625,3.6246,3.0439,-1.115,-1.0974,4,INTER
9531,37.23046875,1.9303,1.8481,0.1029,-5.0057,4,INTER
9532,37.234375,-1.1807,-0.2256,0.8863,7.4907,4,INTER
9533,37.23828125,-2.2288,2.3899,1.6881,-2.9286,4,INTER
9534,37.2421875,-2.4058,1.4234,3.2151,0.1463,4,INTER
9535,37.24609375,-3.4297,0.6906,-0.544,-0.457,4,INTER
9536,37.25,-0.3592,-0.8178,0.2332,-4.3026,4,INTER
9537,37.25390625,2.2839,-2.7322,-2.4421,-1.1457,4,INTER
9538,37.2578125,2.0513,0.2282,-1.5039,1.9988,4,INTER
9539,37.26171875,4.151,6.2785,-1.799,0.693,4,INTER
9540,37.265625,2.1939,0.0437,4.0873,2.2603,4,INTER
9541,37.26953125,-1.1953,2.124,3.2074,3.2075,4,INTER
9542,37.2734375,1.3534,2.8699,-0.3298,0.6805,4,INTER
9543,37.27734375,-3.4515,-0.3273,-1.4944,-2.1227,4,INTER
9544,37.28125,1.1906,4.3272,1.5399,1.0262,4,INTER
9545,37.28515625,-3.4159,-5.5039,-0.7981,-1.7815,4,INTER
9546,37.2890625,-2.279,-0.7593,-0.9878,-1.3061,4,INTER
9547,37.29296875,2.1611,-3.5868,-0.6,2.6001,4,INTER
9548,37.296875,-0.1251,-2.0175,0.0565,1.5824,4,INTER
9549,37.30078125,4.5934,-1.7327,2.7862,-2.2726,4,INTER
9550,37.3046875,-1.6653,-0.2489,-2.981,1.1057,4,INTER
9551,37.30859375,2.4832,1.4038,-0.8226,-1.8326,4,INTER
9552,37.3125,-3.694,-0.7457,3.7057,0.1348,4,INTER
9553,37.31640625,0.3974,0.4582,0.9357,1.4858,4,INTER
9554,37.3203125,-1.0426,-2.097,-0.1302,0.0063,4,INTER
9555,37.32421875,-0.2737,-2.4681,-2.8723,-1.5892,4,INTER
9556,37.328125,0.8449,-2.1562,5.2195,-0.8563,4,INTER
9557,37.33203125,1.1158,1.1148,-1.4686,-0.2542,4,INTER
9558,37.3359375,-2.7959,1.6695,-0.9409,0.9962,4,INTER
9559,37.33984375,-1.2946,6.3913,-1.5318,-3.0115,4,INTER
9560,37.34375,1.0165,1.6891,-0.4046,1.6155,4,INTER
9561,37.34765625,0.9561,2.8972,1.0859,-1.1979,4,INTER
9562,37.3515625,2.6022,3.0533,1.8005,3.5056,4,INTER
9563,37.35546875,-6.672,0.1478,-0.1047,2.1652,4,INTER
9564,37.359375,3.936,1.0802,2.013,4.9918,4,INTER
9565,37.36328125,-1.1654,3.3081,1.2223,0.5346,4,INTER
9566,37.3671875,-0.6883,-1.5859,1.8204,-0.2724,4,INTER
9567,37.37109375,4.6336,-2.9439,2.6383,-0.9481,4,INTER
9568,37.375,0.4137,-2.1085,-0.8682,3.6264,4,INTER
9569,37.37890625,-1.8815,1.0331,-3.5574,-2.0011,4,INTER
9570,37.3828125,2.0915,-1.4032,2.9651,-4.3823,4,INTER
9571,37.38671875,0.6772,-4.0155,-2.536,3.7669,4,INTER
9572,37.390625,3.9134,-0.0073,2.3257,5.2749,4,INTER
9573,37.39453125,3.2947,-0.7202,1.8093,0.123,4,INTER
9574,37.3984375,-1.4977,0.9087,-1.359,0.1012,4,INTER
9575,37.40234375,-1.0134,-3.8808,-2.1317,-1.405,4,INTER
9576,37.40625,1.4124,0.0739,-2.5064,3.8367,4,INTER
9577,37.41015625,-2.5948,0.7333,-3.7502,5.0025,4,INTER
9578,37.4140625,0.7568,-0.5103,0.919,4.0456,4,INTER
9579,37.41796875,-1.1842,0.7324,-1.9886,2.7883,4,INTER
9580,37.421875,1.5357,1.5767,-1.3845,1.6722,4,INTER
9581,37.42578125,-0.442,-0.7427,0.4499,-0.5208,4,INTER
9582,37.4296875,-0.5658,2.1453,-3.8814,-1.8733,4,INTER
9583,37.43359375,-0.9687,2.0471,2.1783,4.4044,4,INTER
9584,37.4375,-2.2837,0.0719,-1.8178,2.733,4,INTER
9585,37.44140625,-0.1497,3.0744,-0.8433,5.6823,4,INTER
9586,37.4453125,-0.5568,-5.5636,2.2515,3.5739,4,INTER
9587,37.44921875,4.84,-0.604,2.8121,-4.0664,4,INTER
9588,37.453125,1.0735,-3.3789,-2.5374,2.0496,4,INTER
9589,37.45703125,0.0572,-0.3978,0.0801,-2.3054,4,INTER
9590,37.4609375,-1.8928,2.6487,1.5811,1.0322,4,INTER
9591,37.46484375,-1.0091,-0.352,3.2032,-0.6476,4,INTER
9592,37.46875,-2.0145,0.273,1.9249,-2.1008,4,INTER
9593,37.47265625,-1.5855,-4.1998,-0.4293,-1.8812,4,INTER
9594,37.4765625,-1.1612,3.059,-1.3319,-0.2903,4,INTER
9595,37.48046875,3.9287,-0.0233,-3.4507,-1.0911,4,INTER
9596,37.484375,-1.3729,-3.8647,-0.2415,1.5484,4,INTER
9597,37.48828125,-4.3397,0.8054,-0.4855,1.4841,4,INTER
9598,37.4921875,2.1806,3.2243,-2.5376,4.1938,4,INTER
9599,37.49609375,-1.1868,-0.3297,0.0354,0.077,4,INTER
9600,37.5,-2.6712,2.6909,1.7455,0.5373,4,INTER
9601,37.50390625,-0.5586,1.946,-0.03,2.2113,4,INTER
9602,37.5078125,0.0225,-3.4312,2.2624,-3.105,4,INTER
9603,37.51171875,1.104,-1.7328,8.0363,1.6588,4,INTER
9604,37.515625,-0.2532,0.2661,-2.2174,-2.091,4,INTER
9605,37.51953125,-2.1864,-4.0662,-0.1987,0.2248,4,INTER
9606,37.5234375,0.2347,-3.0613,-1.3326,-1.8885,4,INTER
9607,37.52734375,1.8422,-0.91,1.2089,-2.1548,4,INTER
9608,37.53125,4.348,0.3947,-4.2953,-1.4801,4,INTER
9609,37.53515625,1.7911,0.3211,2.5408,1.3292,4,INTER
9610,37.5390625,-0.1851,-1.2497,-1.7463,-1.2228,4,INTER
9611,37.54296875,-1.946,-1.2592,-0.0323,-0.3473,4,INTER
9612,37.546875,1.1103,4.3802,2.8361,-0.1127,4,INTER
9613,37.55078125,3.3148,-0.9576,-1.7425,0.1923,4,INTER
9614,37.5546875,1.2661,1.5884,0.3677,-4.9433,4,INTER
9615,37.55859375,-0.4955,-0.0975,0.8583,0.7495,4,INTER
9616,37.5625,5.5922,-4.9501,1.1993,-4.9426,4,INTER
9617,37.56640625,-1.0492,-1.0295,-1.7138,-0.0678,4,INTER
9618,37.5703125,4.2777,-2.2841,-3.2973,-3.5455,4,INTER
9619,37.57421875,1.1057,1.2955,-1.9207,-0.1805,4,INTER
9620,37.578125,-2.2422,-3.3159,3.5332,0.743,4,INTER
9621,37.58203125,-1.2059,2.8294,-1.3611,-4.8986,4,INTER
9622,37.5859375,0.7933,1.2352,-0.2006,3.8841,4,INTER
9623,37.58984375,-1.0927,-0.5469,-3.2854,0.0522,4,INTER
9624,37.59375,-4.7852,1.0181,-0.2668,-4.275,4,INTER
9625,37.59765625,2.9883,-3.2165,-2.8963,1.6221,4,INTER
9626,37.6015625,-1.2714,3.2745,-0.6114,0.6144,4,INTER
9627,37.60546875,-0.0959,-0.7607,2.3427,-0.9558,4,INTER
9628,37.609375,3.8579,-0.0227,-4.2839,-5.6412,4,INTER
9629,37.61328125,3.1908,2.0962,-1.4696,-2.4494,4,INTER
9630,37.6171875,2.7742,1.5978,1.9807,0.9127,4,INTER
9631,37.62109375,0.4027,-1.7664,3.4549,-2.2883,4,INTER
9632,37.625,2.4452,1.3163,0.543,-1.5372,4,INTER
9633,37.62890625,1.7569,-1.0589,1.5937,-0.7328,4,INTER
9634,37.6328125,-0.0947,0.9519,2.5849,-0.8419,4,INTER
9635,37.63671875,-7.8733,2.8618,0.5941,-1.6803,4,INTER
9636,37.640625,0.7251,1.3117,-0.4494,2.6669,4,INTER
9637,37.64453125,2.0471,2.1172,4.7747,-0.6961,4,INTER
9638,37.6484375,-1.7656,0.659,-0.0247,0.2325,4,INTER
9639,37.65234375,0.5465,2.5696,-0.1022,2.9975,4,INTER
9640,37.65625,2.6643,4.696,-3.84,3.0252,4,INTER
9641,37.66015625,0.1552,1.6332,0.351,-0.3418,4,INTER
9642,37.6640625,-2.7322,1.7224,2.2471,0.379,4,INTER
9643,37.66796875,1.1558,-0.6445,3.0717,-1.5853,4,INTER
9644,37.671875,-2.2935,-1.0679,0.2072,1.1648,4,INTER
9645,37.67578125,1.1995,0.4196,3.5672,-4.0614,4,INTER
9646,37.6796875,-0.6945,-1.288,4.5482,1.1781,4,INTER
9647,37.68359375,0.4256,-0.909,0.699,-3.3616,4,INTER
9648,37.6875,-0.1405,6.8653,-2.3635,-0.5787,4,INTER
9649,37.69140625,-1.3345,-4.4219,-0.0949,4.3831,4,INTER
9650,37.6953125,3.0932,-0.3213,4.6115,-2.6859,4,INTER
9651,37.69921875,1.6246,-2.7342,-3.0173,2.3471,4,INTER
9652,37.703125,1.7801,3.5155,-2.2144,-4.0917,4,INTER
9653,37.70703125,-3.3934,1.7595,0.2737,2.3789,4,INTER
9654,37.7109375,0.3622,-0.8174,0.8029,3.6707,4,INTER
9655,37.71484375,-1.9929,-2.3691,0.6669,-0.2197,4,INTER
9656,37.71875,6.6119,5.6233,0.2378,-9.1841,4,INTER
9657,37.72265625,3.7681,-4.5902,-2.223,2.7896,4,INTER
9658,37.7265625,0.6146,-0.1905,0.225,-0.7134,4,INTER
9659,37.73046875,1.2062,5.0826,2.0685,5.1906,4,INTER
9660,37.734375,1.0207,2.3352,-3.7718,-0.2233,4,INTER
9661,37.73828125,-1.5907,0.6746,-1.2938,1.0848,4,INTER
9662,37.7421875,-0.2811,-4.4482,-0.6117,-1.0184,4,INTER
9663,37.74609375,-0.6027,4.0519,1.3278,-5.171,4,INTER
9664,37.75,-5.44,-2.5716,-0.3981,-2.9449,4,INTER
9665,37.75390625,4.7373,2.5483,4.1052,-4.5369,4,INTER
9666,37.7578125,4.2243,0.8899,-0.6246,-1.2958,4,INTER
9667,37.76171875,4.0905,-0.6624,0.5419,-3.0895,4,INTER
9668,37.765625,-3.7382,-2.2612,-0.4756,1.3021,4,INTER
9669,37.76953125,-1.439,-1.5663,1.8043,0.2943,4,INTER
9670,37.7734375,0.2456,0.3539,1.1614,0.2861,4,INTER
9671,37.77734375,4.938,-1.3391,2.9828,-1.2135,4,INTER
9672,37.78125,5.1078,1.6485,-0.606,-3.054,4,INTER
9673,37.78515625,-1.6817,2.7916,1.9879,-1.3501,4,INTER
9674,37.7890625,-0.2656,2.4258,-1.4107,-1.0203,4,INTER
9675,37.79296875,3.5428,-1.1308,3.6057,0.073,4,INTER
9676,37.796875,-1.4015,-1.8399,-2.7951,0.2634,4,INTER
9677,37.80078125,-4.1377,-0.0196,-1.309,1.0731,4,INTER
9678,37.8046875,2.0617,-3.8901,1.8974,2.9891,4,INTER
9679,37.80859375,-2.3156,0.1553,-1.9856,-0.1495,4,INTER
9680,37.8125,-3.1116,0.8557,2.4486,-1.4731,4,INTER
9681,37.81640625,-6.2781,-0.1182,0.6458,-3.6773,4,INTER
9682,37.8203125,4.297,2.7744,-1.2053,2.0114,4,INTER
9683,37.82421875,1.1376,2.7323,-2.9256,1.905,4,INTER
9684,37.828125,2.7677,-0.6522,1.8773,1.0286,4,INTER
9685,37.83203125,2.5448,0.2347,1.2449,0.5767,4,INTER
9686,37.8359375,0.5154,3.6451,-2.2316,1.0866,4,INTER
9687,37.83984375,0.7313,-2.9933,3.2439,2.9432,4,INTER
9688,37.84375,1.6877,0.983,-2.1076,3.1857,4,INTER
9689,37.84765625,1.4887,-0.1492,1.7387,-0.5632,4,INTER
9690,37.8515625,1.2671,-4.1344,-4.7376,1.3676,4,INTER
9691,37.85546875,-0.5578,5.3833,-1.0854,0.2503,4,INTER
9692,37.859375,-3.7813,-0.0731,-4.6023,-4.4119,4,INTER
9693,37.86328125,-0.6988,0.3697,-3.578,-0.0295,4,INTER
9694,37.8671875,0.016,1.4534,-1.8765,-1.7472,4,INTER
9695,37.87109375,1.1033,1.4405,1.0092,2.8337,4,INTER
9696,37.875,3.0371,1.5504,2.1025,5.4755,4,INTER
9697,37.87890625,-1.1921,3.607,0.1848,-0.5284,4,INTER
9698,37.8828125,0.7153,0.2058,-2.8648,1.6253,4,INTER
9699,37.88671875,-2.5167,-2.285,3.0509,2.2389,4,INTER
9700,37.890625,2.7865,0.064,1.3405,-0.9128,4,INTER
9701,37.89453125,-1.1384,1.8777,-2.2569,3.2643,4,INTER
9702,37.8984375,-1.7018,2.0258,-1.204,1.4193,4,INTER
9703,37.90234375,3.0873,2.8417,-0.3483,1.146,4,INTER
9704,37.90625,-3.7073,2.1235,-3.0389,-1.6759,4,INTER
9705,37.91015625,2.6347,-1.1714,-0.9459,0.9733,4,INTER
9706,37.9140625,1.0741,1.5198,0.018,1.4332,4,INTER
9707,37.91796875,-3.4281,1.6082,-2.2239,-0.724,4,INTER
9708,37.921875,2.5155,-3.1219,0.913,-3.0844,4,INTER
9709,37.92578125,-1.2316,4.5474,2.3466,-2.1843,4,INTER
9710,37.9296875,-2.6913,0.3394,1.277,-3.7823,4,INTER
9711,37.93359375,3.2151,2.8696,1.5102,4.4401,4,INTER
9712,37.9375,-0.421,-2.3751,-1.8746,2.5751,4,INTER
9713,37.94140625,-0.6292,1.0373,0.9696,-1.9173,4,INTER
9714,37.9453125,-1.7747,-2.5716,2.4236,1.2737,4,INTER
9715,37.94921875,-4.7819,-2.7732,2.5283,-1.9699,4,INTER
9716,37.953125,-0.8624,3.9085,-3.7886,7.3888,4,INTER
9717,37.95703125,-2.9025,-3.6607,1.3135,1.0177,4,INTER
9718,37.9609375,0.0778,2.1955,2.7558,1.0062,4,INTER
9719,37.96484375,-2.1284,0.6294,-4.1664,1.3741,4,INTER
9720,37.96875,0.3169,0.3251,1.9016,1.0365,4,INTER
9721,37.97265625,3.2161,0.6167,-1.7272,-6.3731,4,INTER
9722,37.9765625,2.2444,1.4109,-3.0894,-1.825,4,INTER
9723,37.98046875,-0.4924,0.8634,-1.6437,-0.5345,4,INTER
9724,37.984375,1.3169,2.3423,0.9867,-5.6224,4,INTER
9725,37.98828125,0.0947,-2.5665,0.286,2.6324,4,INTER
9726,37.9921875,-1.7415,1.8217,1.2803,2.7524,4,INTER
9727,37.99609375,0.2973,1.5858,2.4184,2.1395,4,INTER
9728,38.0,2.1103,-2.4799,-2.7586,2.3458,4,INTER
9729,38.00390625,1.8163,-2.2021,3.8891,-3.2836,4,INTER
9730,38.0078125,-3.1569,1.7358,-4.356,-3.1557,4,INTER
9731,38.01171875,-5.0072,1.9896,-0.6793,-0.3849,4,INTER
9732,38.015625,-3.1209,-0.6754,0.716,-0.5715,4,INTER
9733,38.01953125,-0.7598,-0.8678,1.708,3.9601,4,INTER
9734,38.0234375,2.3279,-1.3474,-2.7158,-1.6802,4,INTER
9735,38.02734375,3.1663,2.0588,-2.3804,2.7459,4,INTER
9736,38.03125,0.999,1.3169,2.6526,3.1093,4,INTER
9737,38.03515625,0.0198,-5.6989,0.7886,0.1454,4,INTER
9738,38.0390625,-2.2457,-5.4219,2.1623,0.4444,4,INTER
9739,38.04296875,-1.5696,-1.3614,-2.5899,-1.7396,4,INTER
9740,38.046875,-1.6183,2.5634,-3.1672,0.9292,4,INTER
9741,38.05078125,-0.8962,3.2818,0.253,2.1712,4,INTER
9742,38.0546875,-1.3792,1.6995,-2.0786,-4.2734,4,INTER
9743,38.05859375,2.3854,2.9983,4.3538,-2.8563,4,INTER
9744,38.0625,-3.2864,3.4787,-3.1703,-2.8362,4,INTER
9745,38.06640625,1.824,1.2546,-1.9209,-2.2102,4,INTER
9746,38.0703125,-3.0035,1.5235,-0.3907,3.6956,4,INTER
9747,38.07421875,0.7123,3.2808,0.2394,-4.099,4,INTER
9748,38.078125,1.1039,0.9906,2.8924,-1.2085,4,INTER
9749,38.08203125,3.4795,-3.5377,-2.8527,-1.7237,4,INTER
9750,38.0859375,0.1525,-1.9257,-2.9889,-0.3979,4,INTER
9751,38.08984375,-2.2144,5.0643,-3.7896,-3.0937,4,INTER
9752,38.09375,-1.1322,2.3591,0.5025,-0.4105,4,INTER
9753,38.09765625,-2.2315,-2.4453,3.8027,1.0002,4,INTER
9754,38.1015625,1.6476,-2.4415,-2.8388,2.8657,4,INTER
9755,38.10546875,3.4023,4.3474,-1.9978,2.926,4,INTER
9756,38.109375,-2.2588,2.7641,2.3667,3.4229,4,INTER
9757,38.11328125,0.5624,3.4614,0.2381,2.6318,4,INTER
9758,38.1171875,0.9941,-1.7506,-0.0159,2.7183,4,INTER
9759,38.12109375,0.9536,1.4257,-1.2511,0.4835,4,INTER
9760,38.125,-3.4109,-1.613,-1.2248,-2.0222,4,INTER
9761,38.12890625,-3.7526,-0.9816,2.7491,-2.153,4,INTER
9762,38.1328125,1.0426,0.6153,3.0244,3.0989,4,INTER
9763,38.13671875,-2.3434,1.5517,3.2229,1.1142,4,INTER
9764,38.140625,-4.6104,5.3144,3.2525,-1.1547,4,INTER
9765,38.14453125,-1.3482,0.8451,3.8517,-1.5767,4,INTER
9766,38.1484375,-0.8339,-2.1308,1.2842,-0.734,4,INTER
9767,38.15234375,-2.4667,4.1444,-0.9973,2.7009,4,INTER
9768,38.15625,1.1076,0.0557,-1.293,-1.9068,4,INTER
9769,38.16015625,-3.1096,2.5117,1.612,-4.382,4,INTER
9770,38.1640625,1.7903,-1.6933,1.1173,3.2758,4,INTER
9771,38.16796875,-2.6336,1.0578,1.1201,3.3466,4,INTER
9772,38.171875,-2.6721,-1.2136,3.9993,-1.6285,4,INTER
9773,38.17578125,0.4801,1.7382,4.0,-2.1922,4,INTER
9774,38.1796875,1.4805,-3.111,-2.8865,1.4417,4,INTER
9775,38.18359375,-2.0596,-1.251,-3.6905,-2.5507,4,INTER
9776,38.1875,0.431,-3.7927,2.7879,-0.1598,4,INTER
9777,38.19140625,-0.2356,-2.4501,1.5454,4.3191,4,INTER
9778,38.1953125,-4.1284,0.4251,2.3834,1.7545,4,INTER
9779,38.19921875,0.3254,2.7237,-3.2394,4.6549,4,INTER
9780,38.203125,-2.1969,0.8904,-0.8749,3.0431,4,INTER
9781,38.20703125,1.696,0.2194,3.3754,-0.498,4,INTER
9782,38.2109375,-1.4736,4.3822,-0.3048,-0.4884,4,INTER
9783,38.21484375,4.2761,0.6435,1.7244,0.1122,4,INTER
9784,38.21875,0.7483,1.6278,-2.6996,-0.8428,4,INTER
9785,38.22265625,1.9367,-0.6976,-1.1714,0.1872,4,INTER
9786,38.2265625,0.7779,-1.3269,-0.5294,-0.2881,4,INTER
9787,38.23046875,6.5992,-0.7098,0.0555,3.499,4,INTER
9788,38.234375,-1.9165,-0.2121,-5.0627,0.7438,4,INTER
9789,38.23828125,-1.9706,0.2812,-4.5928,0.5533,4,INTER
9790,38.2421875,-4.162,0.5136,-3.9224,2.0141,4,INTER
9791,38.24609375,-2.6949,0.2791,1.5956,-3.8105,4,INTER
9792,38.25,-0.8601,-0.1306,1.3026,-3.0875,4,INTER
9793,38.25390625,-1.2416,-4.5624,0.6344,1.4555,4,INTER
9794,38.2578125,-7.8483,0.7154,-2.6982,0.1004,4,INTER
9795,38.26171875,-0.3888,-1.5352,-2.2459,3.0955,4,INTER
9796,38.265625,0.6274,2.2606,2.4891,-0.9072,4,INTER
9797,38.26953125,0.6415,0.0015,3.1156,0.4159,4,INTER
9798,38.2734375,1.1681,1.6059,-1.9123,0.6523,4,INTER
9799,38.27734375,0.586,0.1515,3.2661,0.0933,4,INTER
9800,38.28125,3.469,0.3606,1.9882,-0.4698,4,INTER
9801,38.28515625,1.1475,0.8897,-2.0388,2.376,4,INTER
9802,38.2890625,1.2066,-3.6135,-0.9929,-1.7231,4,INTER
9803,38.29296875,-1.4116,-1.4035,-0.6894,0.5196,4,INTER
9804,38.296875,2.5331,1.0355,-1.729,-1.7221,4,INTER
9805,38.30078125,1.1277,-1.4351,-0.1051,-3.5842,4,INTER
9806,38.3046875,-1.2153,0.518,4.1309,0.1978,4,INTER
9807,38.30859375,-6.4603,0.8381,1.5586,-1.0926,4,INTER
9808,38.3125,-2.5459,-0.7915,-1.3986,-5.182,4,INTER
9809,38.31640625,0.0744,0.8903,2.0261,2.9722,4,INTER
9810,38.3203125,-0.1503,-1.2546,0.0661,0.8292,4,INTER
9811,38.32421875,0.8497,-1.1764,2.9031,-1.0701,4,INTER
9812,38.328125,-0.4067,-4.4456,-2.344,-1.4175,4,INTER
9813,38.33203125,1.5716,-4.4411,0.9912,4.6133,4,INTER
9814,38.3359375,-2.1553,2.6676,0.311,2.2709,4,INTER
9815,38.33984375,-1.1023,2.0751,-0.3,1.9709,4,INTER
9816,38.34375,-0.2004,-3.1881,1.7205,0.4011,4,INTER
9817,38.34765625,0.0069,1.0466,-1.6019,3.5452,4,INTER
9818,38.3515625,3.328,2.4429,0.0538,3.5009,4,INTER
9819,38.35546875,-2.1754,-2.7419,0.8479,-1.6772,4,INTER
9820,38.359375,-0.5278,-2.3784,2.9599,-0.0867,4,INTER
9821,38.36328125,1.324,-0.2753,-0.8974,-2.5849,4,INTER
9822,38.3671875,-0.9244,0.643,0.0809,-1.145,4,INTER
9823,38.37109375,1.1957,-3.7926,0.3874,-5.197,4,INTER
9824,38.375,-0.3053,0.7303,1.6175,3.9132,4,INTER
9825,38.37890625,-0.3036,-1.772,-0.4297,-2.4894,4,INTER
9826,38.3828125,2.6948,1.4304,-1.7467,-3.3054,4,INTER
9827,38.38671875,-3.4944,-5.5193,-0.1436,-2.4066,4,INTER
9828,38.390625,2.4144,3.0221,1.3706,1.2546,4,INTER
9829,38.39453125,-5.5226,1.2729,0.2253,1.8717,4,INTER
9830,38.3984375,-1.3365,0.5708,1.5343,-3.0496,4,INTER
9831,38.40234375,3.1834,2.6185,-1.1716,-2.8917,4,INTER
9832,38.40625,0.5587,4.3514,-3.2106,-4.5457,4,INTER
9833,38.41015625,1.5509,-1.2311,-0.4293,0.128,4,INTER
9834,38.4140625,2.0764,-1.3905,0.4665,0.2367,4,INTER
9835,38.41796875,-3.9436,-2.0621,-0.2346,-3.2672,4,INTER
9836,38.421875,0.2933,-0.5681,-0.7616,6.0757,4,INTER
9837,38.42578125,1.127,0.2064,-2.0285,3.0684,4,INTER
9838,38.4296875,0.3046,1.2781,0.2097,0.4806,4,INTER
9839,38.43359375,-1.2271,-1.8213,-3.6451,-0.9806,4,INTER
9840,38.4375,-1.1893,1.1664,3.254,-0.3644,4,INTER
9841,38.44140625,2.2445,4.8934,-2.8457,-2.7559,4,INTER
9842,38.4453125,-3.2575,2.993,-2.2177,-4.83,4,INTER
9843,38.44921875,1.8425,-2.0564,-1.148,2.7124,4,INTER
9844,38.453125,-2.5351,1.6392,-2.1415,-2.232,4,INTER
9845,38.45703125,-0.2016,1.0378,-0.834,-3.5242,4,INTER
9846,38.4609375,-0.0609,1.8356,4.1166,-1.0094,4,INTER
9847,38.46484375,6.5479,-0.1915,1.2238,0.0437,4,INTER
9848,38.46875,0.7162,1.7263,-0.8992,6.7452,4,INTER
9849,38.47265625,0.906,0.2077,-0.2188,3.884,4,INTER
9850,38.4765625,0.2981,4.7663,-0.2863,2.4131,4,INTER
9851,38.48046875,-0.5107,-1.6752,-0.4997,1.1012,4,INTER
9852,38.484375,-0.5537,1.4509,-2.0846,1.3866,4,INTER
9853,38.48828125,0.6914,-2.3923,3.9601,0.4623,4,INTER
9854,38.4921875,3.4528,1.7085,0.8911,3.5813,4,INTER
9855,38.49609375,2.4681,-1.6363,1.5213,-0.4531,4,INTER
9856,38.5,-2.6672,1.2239,-1.5787,-0.2353,4,INTER
9857,38.50390625,-1.3769,-2.0553,-3.8711,1.8913,4,INTER
9858,38.5078125,-0.7651,-1.1494,-3.6005,-1.3001,4,INTER
9859,38.51171875,-2.5137,-0.8132,3.6669,-1.6567,4,INTER
9860,38.515625,0.3634,0.0979,-0.5076,2.4198,4,INTER
9861,38.51953125,-1.1781,2.9375,-0.9462,2.7582,4,INTER
9862,38.5234375,2.495,3.0073,-5.407,2.2763,4,INTER
9863,38.52734375,-0.3718,-0.8057,-3.4422,1.7892,4,INTER
9864,38.53125,2.5231,-0.6028,2.3497,0.569,4,INTER
9865,38.53515625,-3.7517,0.2118,-2.9802,1.1214,4,INTER
9866,38.5390625,2.5582,4.1183,-0.5245,-2.1413,4,INTER
9867,38.54296875,5.1233,-1.458,-3.2569,1.2337,4,INTER
9868,38.546875,-3.8115,2.5913,2.5825,-5.6751,4,INTER
9869,38.55078125,2.4866,2.7124,-1.5986,-3.4835,4,INTER
9870,38.5546875,0.1759,1.8238,-0.6569,1.9908,4,INTER
9871,38.55859375,-3.696,-2.1242,1.0696,1.4968,4,INTER
9872,38.5625,2.6557,-0.4091,0.267,2.1615,4,INTER
9873,38.56640625,-2.3467,1.3879,3.1842,-6.5815,4,INTER
9874,38.5703125,-0.8407,-0.7422,3.5618,-1.6809,4,INTER
9875,38.57421875,-2.8419,0.8378,-0.8074,-2.7884,4,INTER
9876,38.578125,-0.8334,1.2123,1.0483,2.0617,4,INTER
9877,38.58203125,-2.4494,0.9969,-2.3187,5.8429,4,INTER
9878,38.5859375,-0.0247,-0.8729,-1.5229,1.1898,4,INTER
9879,38.58984375,-1.2855,2.5047,0.1076,-0.3887,4,INTER
9880,38.59375,2.7388,-1.9442,-0.4457,-2.0999,4,INTER
9881,38.59765625,0.5472,-2.2782,-0.2106,0.8941,4,INTER
9882,38.6015625,1.0928,0.3905,-1.9399,-0.152,4,INTER
9883,38.60546875,-3.0035,-2.4267,1.3001,0.1703,4,INTER
9884,38.609375,-0.2925,4.8116,2.8117,0.0136,4,INTER
9885,38.61328125,3.7267,0.6479,-0.6548,2.5003,4,INTER
9886,38.6171875,-2.6005,-0.6416,-2.1378,0.0754,4,INTER
9887,38.62109375,1.655,1.5707,-1.5645,-0.5869,4,INTER
9888,38.625,-0.0558,1.3584,3.7705,-0.1393,4,INTER
9889,38.62890625,1.1412,-5.4057,-3.2802,-2.0538,4,INTER
9890,38.6328125,-3.5349,-1.0953,1.2039,-3.2289,4,INTER
9891,38.63671875,3.0705,0.7145,3.5231,0.0204,4,INTER
9892,38.640625,0.7329,-0.1087,2.7986,2.7851,4,INTER
9893,38.64453125,0.6132,1.4591,5.0376,0.7944,4,INTER
9894,38.6484375,-1.8644,2.0066,2.2128,-1.757,4,INTER
9895,38.65234375,-0.382,-1.2886,-3.0484,-2.2733,4,INTER
9896,38.65625,-1.1618,2.2575,-2.0829,-0.4963,4,INTER
9897,38.66015625,1.0129,-2.9318,-1.2481,1.3357,4,INTER
9898,38.6640625,1.669,0.4112,-0.8398,-4.4271,4,INTER
9899,38.66796875,-0.9159,1.8444,1.8721,-4.506,4,INTER
9900,38.671875,-1.4484,-4.8657,-0.0186,-2.0462,4,INTER
9901,38.67578125,-0.1837,2.6834,-3.3969,-3.3745,4,INTER
9902,38.6796875,-0.911,-1.8392,0.1855,-0.6815,4,INTER
9903,38.68359375,-0.9011,2.3276,-0.4252,3.1877,4,INTER
9904,38.6875,-3.0863,-0.7841,-0.6788,2.3671,4,INTER
9905,38.69140625,3.5969,2.7429,-2.4487,-2.2528,4,INTER
9906,38.6953125,-1.911,0.8569,4.3084,-0.9665,4,INTER
9907,38.69921875,1.5489,-4.435,3.5955,3.0614,4,INTER
9908,38.703125,4.813,-1.3478,-0.8709,-1.4207,4,INTER
9909,38.70703125,-1.7347,-1.9642,1.8453,-2.3516,4,INTER
9910,38.7109375,1.4064,-0.8687,0.2264,-0.8734,4,INTER
9911,38.71484375,0.8714,-3.6257,-2.2818,4.9617,4,INTER
9912,38.71875,-0.8878,-1.8275,-2.4489,-3.2676,4,INTER
9913,38.72265625,1.0193,2.8272,0.0,2.3778,4,INTER
9914,38.7265625,-3.2103,-2.5109,-0.9739,3.1704,4,INTER
9915,38.73046875,3.0587,1.3804,0.5809,0.8699,4,INTER
9916,38.734375,-1.6744,2.9854,-2.2394,0.8788,4,INTER
9917,38.73828125,2.289,2.0389,-1.1118,-1.9928,4,INTER
9918,38.7421875,1.6509,2.0707,2.1719,0.9263,4,INTER
9919,38.74609375,-0.6666,1.8312,-0.0161,-2.7128,4,INTER
9920,38.75,-0.916,0.4218,-1.0418,2.0194,4,INTER
9921,38.75390625,1.585,0.7756,-2.6684,-2.271,4,INTER
9922,38.7578125,0.2194,0.6668,2.2834,1.1902,4,INTER
9923,38.76171875,3.43,0.7031,-2.3001,-6.2782,4,INTER
9924,38.765625,-0.925,1.98,2.9536,-0.0169,4,INTER
9925,38.76953125,1.4217,0.2017,1.6643,4.0224,4,INTER
9926,38.7734375,-0.0139,-1.2846,-3.8162,-0.7688,4,INTER
9927,38.77734375,3.1585,-4.3233,0.6738,1.3398,4,INTER
9928,38.78125,-1.4633,-1.2638,-0.0352,-2.1554,4,INTER
9929,38.78515625,-2.8924,-2.2795,-0.525,-0.4865,4,INTER
9930,38.7890625,0.262,1.6346,-0.4144,-2.1305,4,INTER
9931,38.79296875,2.2656,3.7845,1.838,-2.4184,4,INTER
9932,38.796875,-0.0611,-1.6339,0.7907,-2.766,4,INTER
9933,38.80078125,-1.0771,0.0987,1.5739,0.0262,4,INTER
9934,38.8046875,2.0649,-0.704,3.6716,-5.5075,4,INTER
9935,38.80859375,2.6853,-3.2894,0.4545,-2.6606,4,INTER
9936,38.8125,3.2281,1.2319,-1.5954,0.9173,4,INTER
9937,38.81640625,0.1819,-2.2569,0.1844,-0.2229,4,INTER
9938,38.8203125,1.6482,1.0616,-1.0798,0.7951,4,INTER
9939,38.82421875,-1.0399,1.8793,-1.7538,5.2969,4,INTER
9940,38.828125,-4.2653,1.5236,-2.2786,2.9376,4,INTER
9941,38.83203125,7.9739,-3.6011,-1.7432,0.2002,4,INTER
9942,38.8359375,0.827,0.2284,4.7203,-1.0154,4,INTER
9943,38.83984375,2.8983,-5.2108,-0.4593,-0.8428,4,INTER
9944,38.84375,5.0635,1.4433,2.6952,2.4206,4,INTER
9945,38.84765625,-2.1555,-0.6431,1.7497,-5.695,4,INTER
9946,38.8515625,-2.8358,0.6405,-1.0814,0.4714,4,INTER
9947,38.85546875,-1.4048,0.6539,0.0328,0.9284,4,INTER
9948,38.859375,0.4668,-0.9307,0.1786,0.9144,4,INTER
9949,38.86328125,2.7282,3.6928,6.3551,-1.8653,4,INTER
9950,38.8671875,-1.6691,0.633,0.4682,-2.7079,4,INTER
9951,38.87109375,-4.6447,-1.391,-1.3231,3.1577,4,INTER
9952,38.875,-1.2822,0.5525,3.8181,1.2402,4,INTER
9953,38.87890625,-2.0185,0.0531,-6.8699,-5.6645,4,INTER
9954,38.8828125,3.1896,-0.2382,-2.053,5.2144,4,INTER
9955,38.88671875,0.3535,-3.4663,-0.8292,0.8537,4,INTER
9956,38.890625,-2.7026,-0.813,0.8891,-0.4366,4,INTER
9957,38.89453125,2.626,-2.7244,-0.1993,-1.1998,4,INTER
9958,38.8984375,3.3111,1.8094,-0.9978,1.7112,4,INTER
9959,38.90234375,3.0625,-0.7479,0.3993,-0.4025,4,INTER
9960,38.90625,1.6695,0.4461,-3.8704,-0.3084,4,INTER
9961,38.91015625,0.9859,-0.5427,3.9657,-0.6377,4,INTER
9962,38.9140625,0.2561,0.0173,-4.8393,2.2096,4,INTER
9963,38.91796875,-1.5499,-4.6433,0.2862,-3.4844,4,INTER
9964,38.921875,-1.405,4.6441,3.6615,3.0972,4,INTER
9965,38.92578125,-2.6392,-1.5228,2.843,3.8471,4,INTER
9966,38.9296875,2.2253,-4.4636,4.0878,-2.6625,4,INTER
9967,38.93359375,1.4342,-0.1583,0.8606,-0.2397,4,INTER
9968,38.9375,-1.1824,5.3064,3.5224,1.4006,4,INTER
9969,38.94140625,0.927,1.4285,1.5502,-1.5898,4,INTER
9970,38.9453125,-1.6497,-0.6547,-0.6075,-0.3002,4,INTER
9971,38.94921875,3.1356,-1.5221,-2.659,-1.9334,4,INTER
9972,38.953125,1.2855,5.1153,4.8894,1.5337,4,INTER
9973,38.95703125,3.6153,1.6843,0.9825,-3.9983,4,INTER
9974,38.9609375,0.3071,-4.7847,-3.5144,-0.1509,4,INTER
9975,38.96484375,0.72,2.0896,2.5397,1.0478,4,INTER
9976,38.96875,-3.2574,-2.2313,-1.623,-0.6905,4,INTER
9977,38.97265625,1.1236,-2.3195,-2.2688,-0.8324,4,INTER
9978,38.9765625,-2.3612,1.6919,2.0039,-0.6651,4,INTER
9979,38.98046875,0.8997,-1.6129,1.9121,-1.8964,4,INTER
9980,38.984375,-3.3744,-0.9245,-2.5093,1.7457,4,INTER
9981,38.98828125,-3.5642,2.1199,1.5431,-1.937,4,INTER
9982,38.9921875,1.098,2.7544,-1.1594,2.9688,4,INTER
9983,38.99609375,0.9698,1.9661,3.6454,-1.3875,4,INTER
9984,39.0,-0.4121,2.9165,-1.5251,2.0867,4,INTER
9985,39.00390625,2.3514,-2.5016,1.4323,3.7989,4,INTER
9986,39.0078125,2.7354,0.2407,-0.6037,0.9657,4,INTER
9987,39.01171875,5.8619,0.924,-0.8053,-3.2264,4,INTER
9988,39.015625,0.8056,2.5395,-1.1221,-0.7881,4,INTER
9989,39.01953125,-0.7208,-1.1367,-2.4073,5.6253,4,INTER
9990,39.0234375,-1.9478,-1.1332,-0.8993,-2.2921,4,INTER
9991,39.02734375,4.7125,-0.909,-4.2682,-1.2627,4,INTER
9992,39.03125,1.7901,1.127,3.9955,2.1972,4,INTER
9993,39.03515625,0.9749,-1.623,0.1641,-1.9904,4,INTER
9994,39.0390625,-2.9652,5.7522,2.6712,1.2291,4,INTER
9995,39.04296875,-0.0544,-0.037,-2.3061,0.5302,4,INTER
9996,39.046875,-3.7193,-0.0048,-1.8619,8.0746,4,INTER
9997,39.05078125,3.1656,-1.246,-4.4198,-2.6622,4,INTER
9998,39.0546875,-2.1377,3.4549,1.7778,5.0401,4,INTER
9999,39.05859375,-0.1707,-0.6663,-2.6838,-0.7664,4,INTER
10000,39.0625,-1.8576,-1.1661,1.9936,1.6446,4,INTER
10001,39.06640625,8.8578,-0.715,-1.0647,-0.583,4,INTER
10002,39.0703125,0.2751,-0.2642,-0.0639,-2.9954,4,INTER
10003,39.07421875,-0.5084,2.2135,-2.8813,-0.6897,4,INTER
10004,39.078125,-2.1647,2.7234,4.7679,-0.1724,4,INTER
10005,39.08203125,4.1911,2.1438,0.1169,-3.3366,4,INTER
10006,39.0859375,1.5001,-1.4634,-1.0375,-1.3763,4,INTER
10007,39.08984375,-1.7092,-4.5463,1.3232,1.1904,4,INTER
10008,39.09375,2.5961,-1.5836,1.4628,1.1274,4,INTER
10009,39.09765625,0.8314,0.9071,-3.1372,-0.9194,4,INTER
10010,39.1015625,1.9274,-7.1127,2.0556,1.4341,4,INTER
10011,39.10546875,-1.3667,0.23,0.9858,4.1957,4,INTER
10012,39.109375,0.5402,1.3145,-0.9727,-1.6044,4,INTER
10013,39.11328125,-0.7248,-2.4449,1.1237,-0.0329,4,INTER
10014,39.1171875,-1.1598,-3.5218,-2.9152,-0.8482,4,INTER
10015,39.12109375,-1.3382,-0.3225,1.5705,3.8948,4,INTER
10016,39.125,-1.0863,-3.4445,-0.2876,-4.7588,4,INTER
10017,39.12890625,-4.67,-0.1372,-4.3738,1.4396,4,INTER
10018,39.1328125,1.1782,1.8344,1.4018,-2.3729,4,INTER
10019,39.13671875,-0.698,-3.583,-0.0255,3.3516,4,INTER
10020,39.140625,-1.6644,-4.0171,-1.2118,-1.467,4,INTER
10021,39.14453125,2.8124,1.9655,1.2675,0.0886,4,INTER
10022,39.1484375,-1.4455,0.8458,1.0625,-0.4336,4,INTER
10023,39.15234375,1.5564,-1.6501,1.0356,-4.7418,4,INTER
10024,39.15625,0.8782,-2.5102,-2.229,1.2495,4,INTER
10025,39.16015625,1.8171,3.4733,-0.2952,-4.0503,4,INTER
10026,39.1640625,0.5609,-0.4079,-1.0236,3.6809,4,INTER
10027,39.16796875,-1.3097,-2.0678,-0.5301,3.5585,4,INTER
10028,39.171875,-3.6568,1.0278,0.152,2.568,4,INTER
10029,39.17578125,-2.0286,-5.1128,1.3794,0.415,4,INTER
10030,39.1796875,2.1723,-1.2033,2.1554,1.9156,4,INTER
10031,39.18359375,4.0771,3.6296,0.4104,1.5264,4,INTER
10032,39.1875,1.4607,-1.5485,0.1193,2.443,4,INTER
10033,39.19140625,-0.377,-1.4751,-1.4464,-2.1125,4,INTER
10034,39.1953125,2.8875,5.4041,-0.0593,-3.4175,4,INTER
10035,39.19921875,-0.945,3.8349,-1.0922,1.9893,4,INTER
10036,39.203125,-1.2521,4.0535,-1.8856,-5.8235,4,INTER
10037,39.20703125,-1.9394,2.699,1.8063,4.209,4,INTER
10038,39.2109375,-0.8139,-1.2041,2.252,-1.0234,4,INTER
10039,39.21484375,-5.9214,4.9701,-0.3632,-1.9101,4,INTER
10040,39.21875,3.4039,1.6734,1.8794,3.6795,4,INTER
10041,39.22265625,-5.1969,1.5457,0.6008,-1.5181,4,INTER
10042,39.2265625,-3.6518,2.1739,-2.092,-1.6715,4,INTER
10043,39.23046875,-0.291,2.3632,1.0711,1.6004,4,INTER
10044,39.234375,1.9368,3.5854,0.3323,0.4039,4,INTER
10045,39.23828125,-0.8783,2.5094,2.1441,-0.9551,4,INTER
10046,39.2421875,-4.0811,-2.0122,1.3665,1.1047,4,INTER
10047,39.24609375,1.5257,-3.513,3.8055,3.3823,4,INTER
10048,39.25,3.2086,-0.2928,-1.003,-2.1262,4,INTER
10049,39.25390625,-3.3338,4.9335,3.4485,-2.0065,4,INTER
10050,39.2578125,-0.7856,-2.7047,-0.632,4.3029,4,INTER
10051,39.26171875,2.353,-2.7969,0.4015,1.577,4,INTER
10052,39.265625,-2.4265,3.1215,-1.4799,-0.8464,4,INTER
10053,39.26953125,-0.9142,2.3961,0.9788,1.5979,4,INTER
10054,39.2734375,-2.1753,-0.4269,-0.0101,2.9486,4,INTER
10055,39.27734375,2.8074,-2.63,1.6833,2.5155,4,INTER
10056,39.28125,1.9351,0.5734,-1.5714,-0.8797,4,INTER
10057,39.28515625,3.5042,1.1482,-0.0398,-2.4573,4,INTER
10058,39.2890625,-2.276,1.9828,1.439,-2.2562,4,INTER
10059,39.29296875,-0.0493,-3.3024,1.4509,-2.4935,4,INTER
10060,39.296875,2.7721,2.6243,0.0899,3.8677,4,INTER
10061,39.30078125,2.3174,-0.2583,-2.0354,3.1871,4,INTER
10062,39.3046875,0.8563,0.1655,-1.6028,-2.4318,4,INTER
10063,39.30859375,-2.96,5.6743,2.4175,-3.5646,4,INTER
10064,39.3125,-4.0827,-0.0883,-0.1039,-1.4009,4,INTER
10065,39.31640625,2.4084,1.581,2.7011,-0.1279,4,INTER
10066,39.3203125,-0.325,-2.5032,-0.7924,1.7342,4,INTER
10067,39.32421875,-1.2023,0.4915,-3.1491,-1.3115,4,INTER
10068,39.328125,1.8723,3.6266,-1.1041,1.3745,4,INTER
10069,39.33203125,1.2679,1.3487,2.0193,0.561,4,INTER
10070,39.3359375,1.4537,-0.3258,3.0821,2.7532,4,INTER
10071,39.33984375,-0.4951,2.27,0.4519,2.0297,4,INTER
10072,39.34375,-1.9388,-1.8171,3.089,3.0324,4,INTER
10073,39.34765625,2.0813,-0.2713,-0.7656,0.8295,4,INTER
10074,39.3515625,4.3552,-4.7241,2.1148,-2.5711,4,INTER
10075,39.35546875,-2.446,1.9927,-0.2337,-0.5996,4,INTER
10076,39.359375,0.3897,-0.4778,0.8518,1.484,4,INTER
10077,39.36328125,-2.8169,3.038,-0.7317,0.6642,4,INTER
10078,39.3671875,1.4707,0.7244,4.3182,-0.581,4,INTER
10079,39.37109375,2.3544,-0.266,0.8872,0.7643,4,INTER
10080,39.375,-3.208,1.8671,2.4955,2.9799,4,INTER
10081,39.37890625,-2.6896,0.5654,0.8147,-0.2907,4,INTER
10082,39.3828125,-4.6146,3.6576,1.3829,-2.1425,4,INTER
10083,39.38671875,1.3977,0.0116,1.5874,6.2612,4,INTER
10084,39.390625,1.6121,1.2526,0.6619,-3.9773,4,INTER
10085,39.39453125,-0.292,-0.8056,-1.9108,-3.0175,4,INTER
10086,39.3984375,-0.3273,0.5624,-1.2192,0.8652,4,INTER
10087,39.40234375,-0.659,0.8345,1.9468,-4.6878,4,INTER
10088,39.40625,0.1476,-1.3982,3.2663,-0.5074,4,INTER
10089,39.41015625,0.7368,-2.3377,1.3384,0.5821,4,INTER
10090,39.4140625,-1.4261,-2.2854,6.2213,-3.2525,4,INTER
10091,39.41796875,-2.3408,-0.9484,-4.0163,1.5019,4,INTER
10092,39.421875,-0.1648,3.8165,-1.5328,0.1355,4,INTER
10093,39.42578125,-1.443,-1.1154,1.6156,-4.4849,4,INTER
10094,39.4296875,-1.4915,-4.5138,2.8087,0.2974,4,INTER
10095,39.43359375,-2.0635,2.8411,0.156,3.4579,4,INTER
10096,39.4375,-2.0896,4.6625,0.3068,-2.8206,4,INTER
10097,39.44140625,3.0341,0.272,0.1407,1.7747,4,INTER
10098,39.4453125,-1.3219,-1.9222,2.5871,-2.9392,4,INTER
10099,39.44921875,0.2694,-1.2892,2.8086,-1.0843,4,INTER
10100,39.453125,1.6946,-0.007,1.9402,-1.1307,4,INTER
10101,39.45703125,-0.0855,1.3805,-0.9084,2.1719,4,INTER
10102,39.4609375,-3.5908,1.0499,-0.933,-5.8399,4,INTER
10103,39.46484375,2.1159,3.2348,2.8282,-2.9379,4,INTER
10104,39.46875,0.7433,-0.2936,-0.3082,2.2294,4,INTER
10105,39.47265625,-1.0047,2.2317,-0.55,-3.731,4,INTER
10106,39.4765625,1.3435,2.8359,-1.5594,6.6542,4,INTER
10107,39.48046875,-4.065,3.0932,0.1337,3.8495,4,INTER
10108,39.484375,-0.6506,2.4809,0.5638,3.6752,4,INTER
10109,39.48828125,1.1051,2.9257,-1.8768,0.4595,4,INTER
10110,39.4921875,-0.6852,-2.2799,3.7764,1.1701,4,INTER
10111,39.49609375,4.6546,-1.4917,-6.2825,1.5893,4,INTER
10112,39.5,4.3351,-1.452,-2.1297,1.0166,4,INTER
10113,39.50390625,-1.6866,-1.8966,7.7515,0.0069,4,INTER
10114,39.5078125,1.7786,0.4355,0.9798,2.3133,4,INTER
10115,39.51171875,4.868,-4.1856,-1.7316,1.7563,4,INTER
10116,39.515625,-5.4299,-0.2203,3.3262,-1.0732,4,INTER
10117,39.51953125,-0.7265,-3.2802,0.0587,1.5086,4,INTER
10118,39.5234375,1.4932,-1.7677,-5.8311,3.712,4,INTER
10119,39.52734375,-0.5035,-2.242,-1.4042,0.4712,4,INTER
10120,39.53125,0.8005,1.2573,-0.3381,-1.7156,4,INTER
10121,39.53515625,-3.4777,2.5782,-0.808,-0.8814,4,INTER
10122,39.5390625,2.4069,-1.8887,3.0715,-2.6224,4,INTER
10123,39.54296875,2.2772,0.3275,3.7193,1.702,4,INTER
10124,39.546875,3.4695,2.013,-3.2701,0.7637,4,INTER
10125,39.55078125,-0.7158,-3.254,-0.2644,3.0499,4,INTER
10126,39.5546875,1.93,-0.8534,3.5684,0.313,4,INTER
10127,39.55859375,-4.3381,-0.7405,0.3391,3.0649,4,INTER
10128,39.5625,1.6588,0.7305,0.8083,0.3324,4,INTER
10129,39.56640625,0.24,4.1068,-1.5046,-3.4394,4,INTER
10130,39.5703125,2.9006,0.8867,-0.4603,3.1216,4,INTER
10131,39.57421875,-0.5154,1.469,1.4418,-0.217,4,INTER
10132,39.578125,-0.1102,0.9695,-0.0114,-4.7779,4,INTER
10133,39.58203125,-2.0849,-2.2205,-1.6311,0.1759,4,INTER
10134,39.5859375,2.3254,-1.2269,-3.924,-4.214,4,INTER
10135,39.58984375,-3.1566,1.5664,3.0306,4.6318,4,INTER
10136,39.59375,-0.167,4.1072,-2.6458,-1.2065,4,INTER
10137,39.59765625,-1.1942,3.2471,-1.4572,3.2711,4,INTER
10138,39.6015625,1.9381,-1.3914,2.1265,2.7092,4,INTER
10139,39.60546875,-5.0298,-1.8135,-1.9109,1.5985,4,INTER
10140,39.609375,6.0592,-4.3112,-0.6521,-5.1542,4,INTER
10141,39.61328125,0.3411,1.377,-0.0756,-3.9652,4,INTER
10142,39.6171875,-0.8613,1.3786,0.0139,2.681,4,INTER
10143,39.62109375,-2.3618,2.4978,-1.5522,2.9158,4,INTER
10144,39.625,-0.053,-1.071,0.1116,1.5955,4,INTER
10145,39.62890625,-0.3721,2.164,-2.7465,-2.6355,4,INTER
10146,39.6328125,-3.7851,-3.3869,0.0344,-4.2731,4,INTER
10147,39.63671875,-6.6593,-3.9305,0.3871,-1.1527,4,INTER
10148,39.640625,0.4692,-2.0232,-0.6395,-4.1738,4,INTER
10149,39.64453125,2.5101,1.5741,-0.2744,1.1663,4,INTER
10150,39.6484375,-6.3494,-0.5222,-0.2144,-3.4501,4,INTER
10151,39.65234375,1.8572,0.4639,2.0775,1.4519,4,INTER
10152,39.65625,0.3761,1.7394,-2.5746,0.1209,4,INTER
10153,39.66015625,1.0881,-1.4444,0.1724,-1.0837,4,INTER
10154,39.6640625,4.4537,0.4217,-1.9863,1.2914,4,INTER
10155,39.66796875,-0.6869,-2.1897,3.1124,1.4725,4,INTER
10156,39.671875,3.0557,1.4987,-0.0878,-1.108,4,INTER
10157,39.67578125,-0.779,0.0329,-0.6705,-1.6578,4,INTER
10158,39.6796875,5.0218,0.2255,3.8013,-0.7012,4,INTER
10159,39.68359375,-0.6912,-0.397,1.8964,1.3005,4,INTER
10160,39.6875,-1.7864,-0.4913,-4.1391,-0.4656,4,INTER
10161,39.69140625,-4.2976,-3.1805,-0.4948,0.1814,4,INTER
10162,39.6953125,-3.0203,2.3075,4.3079,0.946,4,INTER
10163,39.69921875,1.7196,1.6317,-3.3676,-3.4451,4,INTER
10164,39.703125,-1.89,-0.9225,-1.599,0.7238,4,INTER
10165,39.70703125,4.9467,0.2986,-2.8667,-5.2368,4,INTER
10166,39.7109375,-0.4891,-1.2896,5.2453,1.7682,4,INTER
10167,39.71484375,2.9226,-0.1356,-4.2397,1.6404,4,INTER
10168,39.71875,2.3994,3.2225,0.1123,1.6462,4,INTER
10169,39.72265625,0.0913,-0.3456,6.259,-1.0399,4,INTER
10170,39.7265625,-2.3741,1.9461,1.2237,-1.2179,4,INTER
10171,39.73046875,-1.6417,-1.0217,-0.1454,-3.5673,4,INTER
10172,39.734375,0.9737,-3.43,2.6731,-1.5333,4,INTER
10173,39.73828125,-0.9172,-0.2192,-2.2071,-0.4501,4,INTER
10174,39.7421875,-3.3615,-0.837,-0.3826,1.9387,4,INTER
10175,39.74609375,2.3553,-1.3979,0.0758,3.7567,4,INTER
10176,39.75,2.5378,1.6106,-1.5171,0.4035,4,INTER
10177,39.75390625,3.2483,0.535,1.2564,4.796,4,INTER
10178,39.7578125,1.5015,1.6464,1.0066,3.7523,4,INTER
10179,39.76171875,-0.3507,-2.3339,0.9519,-1.521,4,INTER
10180,39.765625,-0.6085,3.1084,1.9674,4.2566,4,INTER
10181,39.76953125,1.3357,-1.1222,-1.5366,1.7273,4,INTER
10182,39.7734375,-1.6362,0.4638,-0.347,1.9458,4,INTER
10183,39.77734375,2.6655,-0.9315,3.0469,-0.3033,4,INTER
10184,39.78125,-0.9606,-3.316,2.7903,-1.9666,4,INTER
10185,39.78515625,-0.3705,0.8915,0.4528,0.1296,4,INTER
10186,39.7890625,-0.7786,0.6841,0.743,0.439,4,INTER
10187,39.79296875,-2.0211,-3.322,-2.0134,2.3372,4,INTER
10188,39.796875,2.687,1.3869,3.7266,0.303,4,INTER
10189,39.80078125,0.8061,1.0715,-3.1866,3.8024,4,INTER
10190,39.8046875,-2.7795,5.383,-6.1525,1.11,4,INTER
10191,39.80859375,-3.3589,-0.3394,-1.5049,0.6331,4,INTER
10192,39.8125,-2.8023,0.1105,-3.2923,-0.2891,4,INTER
10193,39.81640625,-1.5834,3.4626,-1.8001,3.4329,4,INTER
10194,39.8203125,-1.5578,0.6689,-0.4046,-2.5189,4,INTER
10195,39.82421875,1.0825,-2.812,-1.4968,-1.104,4,INTER
10196,39.828125,0.0808,-1.4781,1.5216,-0.3506,4,INTER
10197,39.83203125,-3.5829,-1.3257,0.2973,0.1139,4,INTER
10198,39.8359375,0.1952,-2.9595,-1.7259,0.8762,4,INTER
10199,39.83984375,2.0495,4.5091,-7.4333,-3.0219,4,INTER
10200,39.84375,-0.3316,2.2888,-0.3958,-3.1958,4,INTER
10201,39.84765625,2.5712,0.285,-1.8486,0.6898,4,INTER
10202,39.8515625,-0.4141,2.2394,0.7458,-1.1595,4,INTER
10203,39.85546875,0.617,0.8972,-0.3782,0.6096,4,INTER
10204,39.859375,-3.2468,-1.7467,-2.0389,-1.0535,4,INTER
10205,39.86328125,-0.0054,-1.9885,0.8984,-0.9349,4,INTER
10206,39.8671875,-0.168,1.2251,2.2458,2.4561,4,INTER
10207,39.87109375,-1.2497,-2.8576,-0.6856,-0.6708,4,INTER
10208,39.875,-1.9314,-0.3812,-1.2792,-0.7644,4,INTER
10209,39.87890625,-1.3707,-1.4342,5.1404,-0.5032,4,INTER
10210,39.8828125,4.1288,1.2513,-4.8217,5.0662,4,INTER
10211,39.88671875,4.383,-3.6716,2.1269,-0.9513,4,INTER
10212,39.890625,-0.5603,-3.2172,-1.6086,-0.0353,4,INTER
10213,39.89453125,1.0005,1.3749,2.5154,2.6152,4,INTER
10214,39.8984375,0.2852,1.6971,-4.7135,4.2516,4,INTER
10215,39.90234375,-0.4637,-1.8361,-1.5541,-3.0895,4,INTER
10216,39.90625,-1.2203,3.8389,-2.0769,0.0354,4,INTER
10217,39.91015625,1.1419,2.4292,1.2698,-1.1122,4,INTER
10218,39.9140625,-0.4315,-0.808,0.5718,-1.1634,4,INTER
10219,39.91796875,0.1912,2.0782,-0.2973,-6.7798,4,INTER
10220,39.921875,2.8637,-3.7469,-3.686,-0.2064,4,INTER
10221,39.92578125,2.276,-1.4042,-0.235,-1.8398,4,INTER
10222,39.9296875,1.0996,0.3403,-2.4637,-1.3562,4,INTER
10223,39.93359375,2.5033,3.6047,1.2938,-3.6723,4,INTER
10224,39.9375,-1.389,3.3934,0.3539,-0.8823,4,INTER
10225,39.94140625,1.1479,-3.8165,-1.1949,2.3959,4,INTER
10226,39.9453125,-2.1407,0.7124,-1.0187,1.0739,4,INTER
10227,39.94921875,3.532,-1.1609,-4.8384,-2.9969,4,INTER
10228,39.953125,3.2036,-0.9743,2.3522,-0.0008,4,INTER
10229,39.95703125,-2.2811,-3.8416,4.1504,3.7005,4,INTER
10230,39.9609375,-2.2038,0.0189,8.569,0.8855,4,INTER
10231,39.96484375,-3.9916,-3.0513,0.537,0.1803,4,INTER
10232,39.96875,-4.8416,0.7398,0.3516,-2.1524,4,INTER
10233,39.97265625,0.5091,-1.7099,2.3761,1.5897,4,INTER
10234,39.9765625,-2.8885,-2.0723,0.6022,0.7938,4,INTER
10235,39.98046875,-1.7842,-0.2104,1.2878,-2.466,4,INTER
10236,39.984375,6.0962,0.9087,-0.9408,-1.826,4,INTER
10237,39.98828125,0.5375,0.5944,-0.4819,-4.9761,4,INTER
10238,39.9921875,0.7198,-1.9617,-2.1391,2.1025,4,INTER
10239,39.99609375,-5.1509,-3.6439,0.0876,4.5818,4,INTER
10240,40.0,1.9486,2.171,2.2404,-0.2132,4,INTER
10241,40.00390625,-1.4034,-1.6212,0.4479,-0.1361,4,INTER
10242,40.0078125,-1.6819,-4.7912,-2.5317,-1.7257,4,INTER
10243,40.01171875,-4.4081,-1.0195,0.8615,-2.1673,4,INTER
10244,40.015625,0.0044,-0.2382,-0.8159,-1.7654,4,INTER
10245,40.01953125,-2.2307,0.7855,-1.3122,-1.3321,4,INTER
10246,40.0234375,0.8689,0.4353,-1.2075,1.5252,4,INTER
10247,40.02734375,2.4644,-1.9544,-4.5266,4.5945,4,INTER
10248,40.03125,0.4734,-0.8495,-1.5799,0.4089,4,INTER
10249,40.03515625,3.0073,-0.368,-0.4418,2.0373,4,INTER
10250,40.0390625,-0.8831,-1.9719,2.2136,0.6153,4,INTER
10251,40.04296875,3.4438,-2.71,-4.1064,0.7051,4,INTER
10252,40.046875,1.4749,2.2275,-1.9151,1.5342,4,INTER
10253,40.05078125,1.9735,-2.6383,2.741,-2.4741,4,INTER
10254,40.0546875,-3.1662,2.2095,5.0504,-1.7688,4,INTER
10255,40.05859375,-0.5892,-0.466,-2.1462,-2.3675,4,INTER
10256,40.0625,-0.9784,-3.7469,2.1352,4.2512,4,INTER
10257,40.06640625,1.9619,-0.9802,-0.8753,0.3032,4,INTER
10258,40.0703125,-3.7529,0.4181,-2.3625,-3.1678,4,INTER
10259,40.07421875,-0.6457,-1.3264,-1.9486,5.1449,4,INTER
10260,40.078125,1.2318,2.8368,-0.2548,1.4347,4,INTER
10261,40.08203125,-2.3562,-0.4038,3.471,1.0695,4,INTER
10262,40.0859375,3.8899,-2.0936,2.1815,0.5429,4,INTER
10263,40.08984375,-3.0632,1.2892,-6.1552,1.4638,4,INTER
10264,40.09375,-0.0414,0.915,0.2146,2.8557,4,INTER
10265,40.09765625,-2.1251,1.8721,2.3055,-0.064,4,INTER
10266,40.1015625,-0.3805,3.3285,-2.1012,1.0973,4,INTER
10267,40.10546875,-2.2127,-1.0011,-0.6533,0.4046,4,INTER
10268,40.109375,-1.4923,-1.0969,-2.5644,-1.5838,4,INTER
10269,40.11328125,2.7122,-2.3034,-2.1362,2.498,4,INTER
10270,40.1171875,-4.8122,-0.1059,-1.467,-3.4526,4,INTER
10271,40.12109375,-0.6146,-3.6687,-1.5758,-2.6074,4,INTER
10272,40.125,5.6558,2.3821,0.9724,1.8495,4,INTER
10273,40.12890625,-1.6864,2.2133,-2.839,-5.9572,4,INTER
10274,40.1328125,-3.3177,0.1505,-2.2959,0.04,4,INTER
10275,40.13671875,-0.4002,-5.0375,1.2525,-0.9064,4,INTER
10276,40.140625,-3.9589,0.4109,5.9467,1.8589,4,INTER
10277,40.14453125,-1.6409,0.2842,-4.0177,0.488,4,INTER
10278,40.1484375,-1.8852,-3.6663,-5.6844,-3.3364,4,INTER
10279,40.15234375,1.7194,-5.1644,-3.2903,1.6584,4,INTER
10280,40.15625,-3.4355,-1.8517,0.6413,-0.0342,4,INTER
10281,40.16015625,-1.4849,1.7141,8.1664,0.2695,4,INTER
10282,40.1640625,-0.026,0.3765,3.7168,3.3546,4,INTER
10283,40.16796875,3.3471,-2.4685,3.5297,1.921,4,INTER
10284,40.171875,-0.6754,2.2126,2.4605,1.1072,4,INTER
10285,40.17578125,3.2317,1.5921,-1.2762,1.8219,4,INTER
10286,40.1796875,-0.2212,2.4479,-0.9059,-0.2813,4,INTER
10287,40.18359375,-2.0479,3.3271,-1.3376,1.3367,4,INTER
10288,40.1875,-5.3025,0.1217,-1.1356,1.9327,4,INTER
10289,40.19140625,0.366,-1.004,0.2634,-3.5713,4,INTER
10290,40.1953125,-2.735,-0.3112,-1.9433,-5.4987,4,INTER
10291,40.19921875,0.7752,1.4326,0.263,-5.8727,4,INTER
10292,40.203125,3.7789,-3.4961,-0.017,2.4562,4,INTER
10293,40.20703125,0.0006,-4.7833,-4.2716,1.1724,4,INTER
10294,40.2109375,-1.5009,-2.1455,-3.2837,-3.4649,4,INTER
10295,40.21484375,2.5016,-0.0604,4.1935,2.6946,4,INTER
10296,40.21875,-4.2506,4.1511,0.85,-1.8256,4,INTER
10297,40.22265625,1.6134,-1.4735,1.6268,-3.6743,4,INTER
10298,40.2265625,-2.1768,0.3625,2.3693,2.312,4,INTER
10299,40.23046875,-1.743,0.0667,3.2269,-0.6026,4,INTER
10300,40.234375,-2.1493,0.1198,2.2384,1.0702,4,INTER
10301,40.23828125,1.0115,-3.481,0.1541,-0.0757,4,INTER
10302,40.2421875,2.0903,-0.0433,-1.1573,-0.8885,4,INTER
10303,40.24609375,-0.2745,1.5952,-3.3891,0.4883,4,INTER
10304,40.25,1.8688,0.816,-1.4179,4.0815,4,INTER
10305,40.25390625,-2.4542,0.1807,0.6074,-3.8664,4,INTER
10306,40.2578125,1.0736,-3.1202,3.5715,-0.2744,4,INTER
10307,40.26171875,0.2884,-5.9834,2.1419,1.5503,4,INTER
10308,40.265625,-0.6939,0.8917,-0.4395,-1.0247,4,INTER
10309,40.26953125,-0.05,-1.4261,-3.9322,4.6143,4,INTER
10310,40.2734375,-5.229,-3.0669,-3.7236,0.8823,4,INTER
10311,40.27734375,-1.8061,-1.6205,2.1674,1.8288,4,INTER
10312,40.28125,1.2872,-3.6076,2.6637,2.137,4,INTER
10313,40.28515625,0.5043,-0.3608,-5.4107,0.4784,4,INTER
10314,40.2890625,0.9912,0.3876,3.6984,-1.8327,4,INTER
10315,40.29296875,-0.1219,-3.0621,-5.0965,2.633,4,INTER
10316,40.296875,-4.8324,-0.5978,-2.108,-1.7566,4,INTER
10317,40.30078125,0.1013,-1.9875,-5.905,-0.027,4,INTER
10318,40.3046875,-2.3107,-1.3114,2.8739,-1.1147,4,INTER
10319,40.30859375,-1.135,2.9432,-0.4018,2.7667,4,INTER
10320,40.3125,-0.101,-0.4972,2.4763,-0.3438,4,INTER
10321,40.31640625,4.1023,-2.6668,-4.4922,-6.5384,4,INTER
10322,40.3203125,1.2638,-1.0558,1.1413,2.643,4,INTER
10323,40.32421875,0.6106,5.485,-1.0776,0.4623,4,INTER
10324,40.328125,2.552,-3.5919,3.6846,-0.284,4,INTER
10325,40.33203125,3.732,-0.7439,0.2877,-0.1912,4,INTER
10326,40.3359375,2.5665,-3.6514,-0.8475,-0.9059,4,INTER
10327,40.33984375,-2.4348,7.3754,-4.0648,3.7012,4,INTER
10328,40.34375,-0.0243,-1.5347,-0.6877,0.1207,4,INTER
10329,40.34765625,5.0837,-1.9505,2.201,1.0017,4,INTER
10330,40.3515625,-1.0434,-2.4029,0.9166,-1.0097,4,INTER
10331,40.35546875,3.2904,3.9551,-3.7098,0.2576,4,INTER
10332,40.359375,0.0272,0.8101,2.0791,0.0439,4,INTER
10333,40.36328125,0.773,1.449,2.1276,-1.7948,4,INTER
10334,40.3671875,0.2308,-0.4897,-3.9613,-3.1156,4,INTER
10335,40.37109375,-0.2913,1.0776,-2.2829,-3.2622,4,INTER
10336,40.375,-1.6832,0.5333,-0.307,0.6442,4,INTER
10337,40.37890625,-0.3515,2.4378,-0.9683,-1.9631,4,INTER
10338,40.3828125,3.2466,-3.738,-1.1272,3.6193,4,INTER
10339,40.38671875,-0.5402,-5.4698,4.8427,4.497,4,INTER
10340,40.390625,0.0526,-1.0872,-1.0081,-0.3993,4,INTER
10341,40.39453125,-0.966,-1.9741,-4.3955,0.7999,4,INTER
10342,40.3984375,-0.1294,6.958,2.2069,-0.0866,4,INTER
10343,40.40234375,-1.0388,0.2727,-0.0549,-0.0583,4,INTER
10344,40.40625,1.916,-1.5606,-0.3504,1.2672,4,INTER
10345,40.41015625,2.1121,-1.1015,-3.9317,0.5081,4,INTER
10346,40.4140625,-4.4815,-4.1327,-0.9168,-2.5791,4,INTER
10347,40.41796875,1.2998,3.3706,0.1376,1.5646,4,INTER
10348,40.421875,1.7133,-2.061,1.995,-6.4097,4,INTER
10349,40.42578125,0.8022,2.448,-0.9886,-2.2603,4,INTER
10350,40.4296875,1.69,-1.0449,-4.6678,1.5655,4,INTER
10351,40.43359375,-3.391,-6.4394,-0.3303,1.5647,4,INTER
10352,40.4375,4.9628,0.5807,-2.0614,4.569,4,INTER
10353,40.44140625,-1.6124,1.1165,-1.7991,2.3133,4,INTER
10354,40.4453125,-2.4047,-1.1153,-2.6158,3.5738,4,INTER
10355,40.44921875,-2.6675,-2.1738,5.2122,3.0279,4,INTER
10356,40.453125,0.6144,2.7544,0.0685,-0.0877,4,INTER
10357,40.45703125,1.3022,-0.0287,1.7735,1.5457,4,INTER
10358,40.4609375,-0.3139,2.7747,-4.587,-0.3017,4,INTER
10359,40.46484375,-3.3903,1.1078,-1.3414,0.4864,4,INTER
10360,40.46875,2.8596,-1.4169,4.9919,-3.6297,4,INTER
10361,40.47265625,-6.3596,5.967,2.8414,0.1149,4,INTER
10362,40.4765625,-3.2378,-1.6285,-6.5986,3.1317,4,INTER
10363,40.48046875,-2.206,-0.0351,-1.6359,1.2729,4,INTER
10364,40.484375,4.8008,-0.5006,1.2377,-1.099,4,INTER
10365,40.48828125,-1.1778,-3.1667,0.002,0.2291,4,INTER
10366,40.4921875,4.7596,-0.913,-0.9848,-1.9086,4,INTER
10367,40.49609375,-0.5989,0.7464,-1.3321,-1.3597,4,INTER
10368,40.5,-6.5673,-0.2058,-1.3521,2.078,4,INTER
10369,40.50390625,-0.5147,2.1586,0.4886,-1.7101,4,INTER
10370,40.5078125,2.9541,-0.6568,2.612,-4.2291,4,INTER
10371,40.51171875,-0.4111,1.0384,-0.9425,-1.4282,4,INTER
10372,40.515625,0.6857,1.1588,4.8127,1.6269,4,INTER
10373,40.51953125,-0.374,-0.9555,3.3961,-2.2718,4,INTER
10374,40.5234375,4.7814,0.3904,1.6511,-1.4755,4,INTER
10375,40.52734375,-3.1554,1.2246,0.3971,-1.2672,4,INTER
10376,40.53125,3.1994,0.759,-3.0442,-0.6214,4,INTER
10377,40.53515625,2.0798,-0.9776,-0.3205,3.5075,4,INTER
10378,40.5390625,0.9266,2.2013,-0.8981,1.6081,4,INTER
10379,40.54296875,-0.357,-0.0324,2.086,1.4989,4,INTER
10380,40.546875,2.1674,-5.2422,-1.2707,1.8693,4,INTER
10381,40.55078125,-2.0215,2.2949,1.0068,0.5128,4,INTER
10382,40.5546875,3.6069,-1.4007,-0.6984,-0.9011,4,INTER
10383,40.55859375,-0.2617,-0.0849,-0.8602,-1.3324,4,INTER
10384,40.5625,-1.2601,3.3861,2.3867,-0.0864,4,INTER
10385,40.56640625,-2.2023,2.9387,0.6973,-2.3656,4,INTER
10386,40.5703125,1.3444,-5.1412,-4.496,0.9532,4,INTER
10387,40.57421875,1.5384,1.5009,-1.8275,-4.249,4,INTER
10388,40.578125,0.3729,2.7062,2.5046,2.1302,4,INTER
10389,40.58203125,1.2419,1.4328,-1.6545,-1.2236,4,INTER
10390,40.5859375,0.2668,-0.8889,0.9823,0.2192,4,INTER
10391,40.58984375,0.5238,4.8343,-3.1052,0.155,4,INTER
10392,40.59375,-0.0745,-0.7412,1.4927,-1.5504,4,INTER
10393,40.59765625,4.9507,-2.0312,2.1167,-1.1318,4,INTER
10394,40.6015625,-3.5834,0.0499,-0.2384,-0.5918,4,INTER
10395,40.60546875,4.5578,2.6313,-0.2449,-2.4134,4,INTER
10396,40.609375,2.2417,-1.1486,0.9572,-1.4382,4,INTER
10397,40.61328125,-0.0339,0.2378,1.6732,4.6984,4,INTER
10398,40.6171875,0.5961,1.6262,-1.0069,1.4037,4,INTER
10399,40.62109375,2.5952,-2.372,3.744,2.3018,4,INTER
10400,40.625,-3.051,-0.5171,-1.6934,-0.2062,4,INTER
10401,40.62890625,3.006,3.8762,-1.0056,0.0946,4,INTER
10402,40.6328125,0.871,0.771,-5.151,1.9181,4,INTER
10403,40.63671875,-0.2922,0.2625,-4.0378,1.0094,4,INTER
10404,40.640625,4.4222,0.5457,2.368,1.856,4,INTER
10405,40.64453125,-0.6808,2.5368,-1.2201,0.7814,4,INTER
10406,40.6484375,0.7115,-1.6535,-0.2304,-1.0402,4,INTER
10407,40.65234375,3.3497,-2.7242,2.5678,-3.2731,4,INTER
10408,40.65625,-2.3081,-0.8486,-5.5176,0.6413,4,INTER
10409,40.66015625,3.4147,1.0588,2.2814,0.2472,4,INTER
10410,40.6640625,-1.5434,-2.3133,3.4206,-0.574,4,INTER
10411,40.66796875,2.1232,0.7193,-1.7003,-0.9484,4,INTER
10412,40.671875,2.533,-0.4969,2.9109,-2.2341,4,INTER
10413,40.67578125,2.1397,0.1089,0.9364,2.8117,4,INTER
10414,40.6796875,2.4914,-1.8981,1.8991,0.1482,4,INTER
10415,40.68359375,1.1811,-1.5907,-1.8973,1.8834,4,INTER
10416,40.6875,-0.3134,-2.9669,1.1262,2.1428,4,INTER
10417,40.69140625,1.845,-0.4851,-1.7593,-3.6782,4,INTER
10418,40.6953125,0.4475,-2.2286,1.1269,2.647,4,INTER
10419,40.69921875,-2.5333,1.7174,-2.8057,-0.6801,4,INTER
10420,40.703125,-1.2446,2.1774,-5.0514,3.1809,4,INTER
10421,40.70703125,-1.0073,-0.1365,-0.6619,-0.2417,4,INTER
10422,40.7109375,2.5184,1.9727,0.2521,4.2603,4,INTER
10423,40.71484375,-1.9142,1.0836,-0.9388,-2.4427,4,INTER
10424,40.71875,-0.0844,1.7513,-0.5039,0.3785,4,INTER
10425,40.72265625,-0.2447,1.1391,-0.803,2.3138,4,INTER
10426,40.7265625,0.4538,2.6241,-0.5405,1.9828,4,INTER
10427,40.73046875,-1.4371,2.959,0.5519,-2.7577,4,INTER
10428,40.734375,5.6672,-0.0512,0.5509,-1.2803,4,INTER
10429,40.73828125,-0.9864,-0.5014,2.1694,-0.6712,4,INTER
10430,40.7421875,2.2268,-1.4923,-3.3538,-1.6598,4,INTER
10431,40.74609375,-4.2975,-1.4569,-0.0603,0.2693,4,INTER
10432,40.75,-2.4084,-2.7784,0.9011,0.6679,4,INTER
10433,40.75390625,-3.8968,1.9385,-0.3562,0.5717,4,INTER
10434,40.7578125,2.0438,0.3623,-1.5224,-0.1935,4,INTER
10435,40.76171875,2.2634,-2.9098,1.1082,-6.9707,4,INTER
10436,40.765625,-3.7331,-1.8027,-0.1616,2.2184,4,INTER
10437,40.76953125,2.8132,0.6871,-2.1176,-2.2044,4,INTER
10438,40.7734375,0.4933,1.2324,-0.5139,1.4414,4,INTER
10439,40.77734375,-7.8843,0.7585,1.6803,1.0198,4,INTER
10440,40.78125,1.0924,1.2693,1.5285,0.7484,4,INTER
10441,40.78515625,-1.7255,-3.0766,-2.2871,3.2755,4,INTER
10442,40.7890625,-3.4663,0.745,-0.9308,-0.5045,4,INTER
10443,40.79296875,3.1786,0.3334,-2.3613,0.6165,4,INTER
10444,40.796875,-1.1301,-0.1376,-3.375,2.0283,4,INTER
10445,40.80078125,1.1656,2.5275,-2.162,1.6504,4,INTER
10446,40.8046875,-0.3188,-2.3183,-2.8745,-1.8819,4,INTER
10447,40.80859375,-1.5054,0.1777,0.1797,-2.1273,4,INTER
10448,40.8125,-1.9642,1.0157,2.1372,1.8136,4,INTER
10449,40.81640625,-0.8742,-0.9582,3.0462,-2.9638,4,INTER
10450,40.8203125,-1.6174,3.7633,-1.2753,4.7273,4,INTER
10451,40.82421875,-1.1262,3.4711,1.1152,2.0873,4,INTER
10452,40.828125,-2.579,2.0568,1.0753,0.5698,4,INTER
10453,40.83203125,-2.8572,0.1237,-2.7735,-0.1406,4,INTER
10454,40.8359375,-1.1832,-1.7795,-2.1003,-0.1365,4,INTER
10455,40.83984375,-2.4119,1.1569,-2.1474,-0.5602,4,INTER
10456,40.84375,3.2273,1.9768,0.4702,4.501,4,INTER
10457,40.84765625,3.3631,-2.3978,2.5695,1.632,4,INTER
10458,40.8515625,6.0963,2.395,-1.733,0.9831,4,INTER
10459,40.85546875,0.8569,-1.5576,2.2126,-0.6861,4,INTER
10460,40.859375,1.1069,1.2198,5.8927,-0.6295,4,INTER
10461,40.86328125,-1.0342,3.4587,-1.4203,3.5496,4,INTER
10462,40.8671875,0.5066,-0.6346,-1.4858,-4.1469,4,INTER
10463,40.87109375,-2.7993,-0.2466,0.5349,-0.6019,4,INTER
10464,40.875,-4.0301,1.1201,-0.7591,2.713,4,INTER
10465,40.87890625,-3.5889,-1.5902,4.6945,-1.0246,4,INTER
10466,40.8828125,-1.9115,2.8282,-1.2881,4.9251,4,INTER
10467,40.88671875,-4.8938,0.8453,1.2234,-1.9159,4,INTER
10468,40.890625,-3.443,-2.3309,-1.4465,-0.8704,4,INTER
10469,40.89453125,-0.2491,1.2563,0.555,-1.3269,4,INTER
10470,40.8984375,-5.1105,-1.774,-1.4163,2.3881,4,INTER
10471,40.90234375,0.1392,3.2625,-0.7613,-1.1316,4,INTER
10472,40.90625,3.1403,-2.1673,1.3722,-1.2115,4,INTER
10473,40.91015625,-0.6558,0.1774,2.5285,-0.6988,4,INTER
10474,40.9140625,2.078,2.1419,1.0117,0.4156,4,INTER
10475,40.91796875,-1.7037,1.9543,-1.1115,-2.0615,4,INTER
10476,40.921875,-1.8811,-3.0055,-0.414,0.6111,4,INTER
10477,40.92578125,-4.699,-0.2245,0.6245,-2.5956,4,INTER
10478,40.9296875,2.5506,-1.3649,-4.2583,2.2808,4,INTER
10479,40.93359375,-0.6564,3.8867,-2.7718,-0.6784,4,INTER
10480,40.9375,-0.6632,1.7111,-0.334,-0.1902,4,INTER
10481,40.94140625,-3.1719,1.539,1.0781,1.3267,4,INTER
10482,40.9453125,3.4301,-0.2925,1.2087,-2.2066,4,INTER
10483,40.94921875,3.3604,-0.9865,-2.7391,-0.5404,4,INTER
10484,40.953125,-2.3507,2.7477,2.0431,1.1971,4,INTER
10485,40.95703125,-4.7039,-0.6953,-1.4957,-0.5908,4,INTER
10486,40.9609375,-0.7478,-2.1385,5.5305,-3.0237,4,INTER
10487,40.96484375,-2.0842,1.5793,-2.4781,3.9576,4,INTER
10488,40.96875,2.208,-0.8071,0.4409,1.3919,4,INTER
10489,40.97265625,-1.4715,0.5982,-0.0913,1.1146,4,INTER
10490,40.9765625,-3.5604,-3.7515,-4.5879,-1.1456,4,INTER
10491,40.98046875,0.1813,2.0502,-1.2575,-2.0507,4,INTER
10492,40.984375,-2.2945,-2.2996,2.8765,0.4167,4,INTER
10493,40.98828125,-1.2776,-1.7131,-2.5084,0.3197,4,INTER
10494,40.9921875,0.6288,1.2958,-0.2931,-1.5393,4,INTER
10495,40.99609375,1.8172,-3.9402,-1.7026,-2.2944,4,INTER
10496,41.0,0.7412,2.6657,0.7754,0.7636,4,INTER
10497,41.00390625,-4.4998,3.7082,-0.3953,1.2974,4,INTER
10498,41.0078125,-5.6725,-6.4007,2.8207,-1.5684,4,INTER
10499,41.01171875,-1.1077,3.1835,0.3376,3.3433,4,INTER
10500,41.015625,0.4996,3.7544,-0.756,-1.4574,4,INTER
10501,41.01953125,0.3167,-0.3743,1.4965,0.9072,4,INTER
10502,41.0234375,-1.3136,4.6034,-2.086,-0.7132,4,INTER
10503,41.02734375,1.9587,-2.9919,-0.6419,3.5155,4,INTER
10504,41.03125,-0.2598,-3.3131,0.8744,-0.479,4,INTER
10505,41.03515625,-0.1668,1.6553,0.2462,-0.3573,4,INTER
10506,41.0390625,-0.2011,-8.0608,1.4084,-0.116,4,INTER
10507,41.04296875,-2.1945,-0.9462,1.2558,3.5835,4,INTER
10508,41.046875,-1.0413,-0.4065,0.2769,-5.3913,4,INTER
10509,41.05078125,-4.791,-1.2653,3.5391,1.7388,4,INTER
10510,41.0546875,1.4393,-1.503,-2.4097,1.0016,4,INTER
10511,41.05859375,-1.9992,-2.7331,-3.3841,4.2514,4,INTER
10512,41.0625,-1.5312,0.904,-0.4874,-4.367,4,INTER
10513,41.06640625,-2.658,-2.39,-1.0573,-1.2593,4,INTER
10514,41.0703125,1.4928,-1.6473,-5.364,1.9827,4,INTER
10515,41.07421875,0.4976,1.8843,-1.156,0.4007,4,INTER
10516,41.078125,2.0172,-2.5273,5.0213,0.525,4,INTER
10517,41.08203125,0.2313,0.3476,-3.5911,-2.309,4,INTER
10518,41.0859375,-0.7346,-3.6865,1.5961,0.3255,4,INTER
10519,41.08984375,1.2023,1.9553,0.2663,-0.2365,4,INTER
10520,41.09375,1.2442,1.8752,3.7346,1.0331,4,INTER
10521,41.09765625,-3.1297,-1.6361,-0.0635,1.0531,4,INTER
10522,41.1015625,-1.2748,1.8976,1.2361,-2.7313,4,INTER
10523,41.10546875,2.0434,1.3702,-3.971,-2.9704,4,INTER
10524,41.109375,-1.2169,-3.2044,-1.3798,0.0846,4,INTER
10525,41.11328125,-2.4741,3.4326,-2.1097,-0.5299,4,INTER
10526,41.1171875,0.1091,1.7104,-0.1963,2.2579,4,INTER
10527,41.12109375,1.4572,3.5181,0.0007,-1.0199,4,INTER
10528,41.125,-3.0604,-3.5435,-2.5017,-2.6009,4,INTER
10529,41.12890625,-0.2351,1.9698,4.1605,-2.9778,4,INTER
10530,41.1328125,1.5271,-0.5234,-3.8472,-2.9083,4,INTER
10531,41.13671875,-0.2707,-2.7386,-0.2727,-4.9627,4,INTER
10532,41.140625,0.3538,1.8853,-1.6545,0.4472,4,INTER
10533,41.14453125,2.866,-1.7773,-1.1312,1.0502,4,INTER
10534,41.1484375,2.0057,1.8251,-2.1038,0.4303,4,INTER
10535,41.15234375,-0.462,0.7682,-4.4555,-1.6351,4,INTER
10536,41.15625,0.6618,0.4944,-1.8901,2.571,4,INTER
10537,41.16015625,2.3457,-1.405,-2.5912,-1.2677,4,INTER
10538,41.1640625,1.7832,-1.4574,-2.7512,0.3281,4,INTER
10539,41.16796875,-1.0883,1.6555,-3.6225,-5.1265,4,INTER
10540,41.171875,-1.9062,-5.1025,1.6615,2.3603,4,INTER
10541,41.17578125,-4.4011,3.5727,1.0955,1.039,4,INTER
10542,41.1796875,-0.5436,0.8797,-2.1911,-2.2377,4,INTER
10543,41.18359375,-0.8253,1.0893,-2.4695,-1.0223,4,INTER
10544,41.1875,1.8251,0.1026,3.5507,-3.9502,4,INTER
10545,41.19140625,2.617,-1.5759,2.5603,4.632,4,INTER
10546,41.1953125,0.7424,0.285,2.3261,1.6144,4,INTER
10547,41.19921875,-0.2936,-0.1187,0.206,-0.8701,4,INTER
10548,41.203125,3.7823,0.2115,2.8136,-2.0564,4,INTER
10549,41.20703125,1.445,-1.271,0.8756,2.473,4,INTER
10550,41.2109375,-2.2781,-1.789,-1.5628,2.5385,4,INTER
10551,41.21484375,-0.8276,-0.1425,-3.5533,-0.2607,4,INTER
10552,41.21875,-2.7673,-1.9646,1.5478,-1.1823,4,INTER
10553,41.22265625,-3.0352,3.5325,-1.8748,3.9931,4,INTER
10554,41.2265625,-1.0396,-1.1388,-0.1491,-1.8918,4,INTER
10555,41.23046875,2.3085,-4.9325,-2.9822,-1.0756,4,INTER
10556,41.234375,4.0575,0.5234,0.266,-1.6546,4,INTER
10557,41.23828125,0.3394,0.2374,1.1112,0.6197,4,INTER
10558,41.2421875,-1.4389,2.7782,-4.3748,1.6047,4,INTER
10559,41.24609375,1.3935,0.5306,-1.8134,1.5414,4,INTER
10560,41.25,3.9554,-4.1111,-0.439,-1.5082,4,INTER
10561,41.25390625,1.6165,-3.5922,2.7742,2.0949,4,INTER
10562,41.2578125,-1.9418,2.322,-2.0676,-0.945,4,INTER
10563,41.26171875,0.661,-3.9597,2.0166,-1.8846,4,INTER
10564,41.265625,3.2357,1.7483,0.3919,-0.1325,4,INTER
10565,41.26953125,-2.5164,-0.4059,1.6297,-5.8723,4,INTER
10566,41.2734375,1.9842,-0.7921,-0.8104,-1.6986,4,INTER
10567,41.27734375,3.424,2.1918,-0.2298,-2.8955,4,INTER
10568,41.28125,2.896,-2.2235,-0.4153,-0.941,4,INTER
10569,41.28515625,0.0022,-1.8565,1.1067,-0.2492,4,INTER
10570,41.2890625,-1.0264,-0.9135,-1.4064,-0.8608,4,INTER
10571,41.29296875,3.6195,2.0893,-1.1463,5.8204,4,INTER
10572,41.296875,1.9179,-1.0596,2.2592,-2.9834,4,INTER
10573,41.30078125,2.5176,0.7281,-1.8085,0.5253,4,INTER
10574,41.3046875,-0.0663,4.2202,-0.1389,-1.6658,4,INTER
10575,41.30859375,0.8322,0.0012,2.304,-0.6211,4,INTER
10576,41.3125,0.0938,-0.0642,1.1525,0.1457,4,INTER
10577,41.31640625,-0.6775,1.8785,-0.2493,-0.1517,4,INTER
10578,41.3203125,1.7172,0.9921,-3.7429,-1.7582,4,INTER
10579,41.32421875,4.0177,2.4402,0.0441,2.7305,4,INTER
10580,41.328125,6.1581,-3.5572,-1.1476,-0.8813,4,INTER
10581,41.33203125,0.7111,-0.2887,-3.1626,0.9081,4,INTER
10582,41.3359375,3.484,1.6372,-1.1742,0.8897,4,INTER
10583,41.33984375,-2.207,1.5518,0.2795,1.4575,4,INTER
10584,41.34375,-3.6004,0.7221,2.2484,5.4362,4,INTER
10585,41.34765625,1.5999,-2.6866,1.5354,2.9733,4,INTER
10586,41.3515625,-1.2763,0.7976,-0.4071,-2.0223,4,INTER
10587,41.35546875,0.92,0.5773,2.8131,-4.467,4,INTER
10588,41.359375,-4.212,-1.653,-1.7816,4.613,4,INTER
10589,41.36328125,0.3225,3.7971,-0.467,-2.903,4,INTER
10590,41.3671875,-0.5891,2.6296,-1.2906,-4.1184,4,INTER
10591,41.37109375,0.4174,1.0812,1.323,3.9781,4,INTER
10592,41.375,1.664,3.7275,2.7642,-2.4614,4,INTER
10593,41.37890625,2.117,3.3383,-1.7714,1.599,4,INTER
10594,41.3828125,-4.0115,2.3944,0.6543,-4.8472,4,INTER
10595,41.38671875,-0.6812,0.0875,1.6609,2.0809,4,INTER
10596,41.390625,-2.986,3.2798,1.9331,1.8714,4,INTER
10597,41.39453125,5.2338,-1.3098,2.1165,-3.9226,4,INTER
10598,41.3984375,0.4468,-0.0045,2.2535,1.6881,4,INTER
10599,41.40234375,0.974,-5.828,-0.6171,2.0931,4,INTER
10600,41.40625,1.4974,0.0061,1.1807,-0.2651,4,INTER
10601,41.41015625,-0.7003,-3.2267,1.4277,4.4294,4,INTER
10602,41.4140625,-0.7586,-1.0333,3.9494,-1.6398,4,INTER
10603,41.41796875,4.7171,-1.1357,-1.4941,-1.6183,4,INTER
10604,41.421875,1.2638,0.2432,-0.8749,-0.1382,4,INTER
10605,41.42578125,1.4195,3.4324,-1.6595,0.2459,4,INTER
10606,41.4296875,-0.9358,-1.9678,-2.5698,1.7567,4,INTER
10607,41.43359375,2.1342,4.8136,-4.2318,3.1866,4,INTER
10608,41.4375,-1.7869,-2.6665,-3.2062,2.5486,4,INTER
10609,41.44140625,-1.161,0.2172,-3.569,-2.8659,4,INTER
10610,41.4453125,-2.5811,3.4374,1.2411,-4.3437,4,INTER
10611,41.44921875,-6.1888,-1.3756,2.7443,2.8119,4,INTER
10612,41.453125,-0.7979,-1.0222,-1.909,-3.592,4,INTER
10613,41.45703125,0.6325,0.0119,1.7144,-1.6923,4,INTER
10614,41.4609375,-2.417,-4.1206,1.5116,3.0441,4,INTER
10615,41.46484375,-1.8042,4.7548,-0.0084,-0.7028,4,INTER
10616,41.46875,-1.3467,2.9069,-0.1937,-4.3121,4,INTER
10617,41.47265625,1.9103,1.2552,0.619,2.7795,4,INTER
10618,41.4765625,1.8955,4.2696,0.8448,-4.0586,4,INTER
10619,41.48046875,1.1381,-1.5373,0.0925,-2.2709,4,INTER
10620,41.484375,3.9995,1.1309,0.7686,-2.1272,4,INTER
10621,41.48828125,0.6167,-0.1596,-0.2408,0.9673,4,INTER
10622,41.4921875,1.4004,1.8163,-0.1257,4.4673,4,INTER
10623,41.49609375,-4.2205,-3.4991,-3.6504,2.2701,4,INTER
10624,41.5,-0.819,2.4198,-0.4755,1.5701,4,INTER
10625,41.50390625,0.2314,-3.6983,-3.9163,0.9722,4,INTER
10626,41.5078125,0.7282,1.4444,-2.9729,-8.9133,4,INTER
10627,41.51171875,0.61,-0.643,-4.2567,-1.4455,4,INTER
10628,41.515625,1.9263,4.6402,-3.6017,1.2469,4,INTER
10629,41.51953125,-1.7693,1.1811,1.7573,0.7869,4,INTER
10630,41.5234375,-0.5598,3.8001,1.9981,2.1164,4,INTER
10631,41.52734375,1.5306,2.8307,1.2242,0.7432,4,INTER
10632,41.53125,3.2312,0.9685,-0.812,-2.7548,4,INTER
10633,41.53515625,-3.0249,-2.2384,3.0167,-2.2493,4,INTER
10634,41.5390625,1.2059,-0.548,2.4367,1.5288,4,INTER
10635,41.54296875,1.0607,-3.2728,2.1969,0.1088,4,INTER
10636,41.546875,3.3986,4.3181,-1.6976,-2.7377,4,INTER
10637,41.55078125,-0.8618,0.02,-0.185,-0.9603,4,INTER
10638,41.5546875,1.3559,-1.465,3.2056,0.7557,4,INTER
10639,41.55859375,6.1532,1.3421,0.877,1.2844,4,INTER
10640,41.5625,-0.8325,5.7271,5.8577,-1.0231,4,INTER
10641,41.56640625,-0.1858,1.9486,-0.55,-0.1747,4,INTER
10642,41.5703125,-3.0675,4.4809,-0.4018,0.6546,4,INTER
10643,41.57421875,3.011,0.2624,5.503,4.612,4,INTER
10644,41.578125,2.4045,-0.9087,1.1558,1.2991,4,INTER
10645,41.58203125,0.0755,-1.9063,-2.7672,-1.4031,4,INTER
10646,41.5859375,-1.0862,2.2439,-0.2462,-2.1565,4,INTER
10647,41.58984375,2.3724,0.2877,0.317,-0.9533,4,INTER
10648,41.59375,0.8289,-1.7377,-0.8459,2.4379,4,INTER
10649,41.59765625,3.3163,-0.8694,-4.2159,0.6731,4,INTER
10650,41.6015625,-4.0223,-2.218,-0.873,3.8713,4,INTER
10651,41.60546875,-0.0157,0.2951,-0.5326,1.0964,4,INTER
10652,41.609375,2.436,-2.2761,-1.5541,0.8227,4,INTER
10653,41.61328125,-2.4944,1.9859,-1.8988,2.4754,4,INTER
10654,41.6171875,3.3507,3.6973,-2.8614,-2.8283,4,INTER
10655,41.62109375,-1.2693,2.1493,-0.4735,-3.8395,4,INTER
10656,41.625,-1.8353,3.7738,4.0443,0.0562,4,INTER
10657,41.62890625,-0.8508,4.4696,-0.2184,-0.9384,4,INTER
10658,41.6328125,-0.2618,-0.0139,-1.3305,3.3183,4,INTER
10659,41.63671875,-1.1984,-2.0212,1.7162,-2.4994,4,INTER
10660,41.640625,-0.1408,-3.5197,1.533,2.2253,4,INTER
10661,41.64453125,-0.4085,-2.0255,-0.5973,-5.0039,4,INTER
10662,41.6484375,-3.1509,-1.1076,0.7886,-2.9256,4,INTER
10663,41.65234375,-1.5909,-1.2085,-0.0742,2.4277,4,INTER
10664,41.65625,-1.761,0.7694,0.3319,-0.9845,4,INTER
10665,41.66015625,6.2515,4.2439,-1.8655,-5.643,4,INTER
10666,41.6640625,0.4954,-1.2414,5.1916,0.6744,4,INTER
10667,41.66796875,-3.968,3.1846,0.0079,-3.039,4,INTER
10668,41.671875,0.9367,-0.0212,2.1728,3.5386,4,INTER
10669,41.67578125,1.9538,2.6828,5.0777,-0.6961,4,INTER
10670,41.6796875,-0.6759,2.5981,2.6237,2.9267,4,INTER
10671,41.68359375,0.023,1.5898,-4.4841,2.4925,4,INTER
10672,41.6875,-3.767,-1.0334,0.2829,1.1811,4,INTER
10673,41.69140625,4.41,-1.7131,-1.9251,2.0417,4,INTER
10674,41.6953125,1.8963,-3.1241,1.7211,1.8641,4,INTER
10675,41.69921875,3.3062,1.337,-0.6771,-0.7092,4,INTER
10676,41.703125,-5.3855,-0.5965,-3.3436,2.6086,4,INTER
10677,41.70703125,-1.8084,-0.8796,3.4344,0.3341,4,INTER
10678,41.7109375,1.6357,-1.2407,-4.1377,-1.8368,4,INTER
10679,41.71484375,-2.5774,-1.2637,-2.0989,-3.2489,4,INTER
10680,41.71875,-1.3704,0.5889,0.6286,1.8324,4,INTER
10681,41.72265625,-0.4374,4.5029,1.1596,0.8893,4,INTER
10682,41.7265625,-3.2336,0.8027,1.4977,1.7026,4,INTER
10683,41.73046875,-4.2155,-4.8206,-3.6202,2.2562,4,INTER
10684,41.734375,-2.3328,-0.5436,-2.6769,1.7022,4,INTER
10685,41.73828125,-7.5856,-2.5457,-0.884,-1.3809,4,INTER
10686,41.7421875,0.6903,3.5452,6.9112,0.5085,4,INTER
10687,41.74609375,-0.8243,0.5319,-1.9209,-0.4288,4,INTER
10688,41.75,-0.5963,0.7032,0.4025,-3.6042,4,INTER
10689,41.75390625,-0.9549,-0.3588,-0.3776,-1.3091,4,INTER
10690,41.7578125,-3.4113,-3.6845,-1.8342,-3.2628,4,INTER
10691,41.76171875,2.5976,-3.931,-1.1319,-1.9436,4,INTER
10692,41.765625,-1.2909,-0.5165,-1.8462,-2.8538,4,INTER
10693,41.76953125,-5.3003,-0.2749,-1.1612,2.5946,4,INTER
10694,41.7734375,1.3106,2.9582,1.1007,0.0009,4,INTER
10695,41.77734375,-0.0349,-1.6689,1.885,-1.0829,4,INTER
10696,41.78125,0.5539,-2.5716,-0.1421,-0.2389,4,INTER
10697,41.78515625,-1.118,1.2159,1.9345,1.5895,4,INTER
10698,41.7890625,2.245,0.759,1.239,2.0814,4,INTER
10699,41.79296875,1.6135,-0.9077,-2.8407,2.0375,4,INTER
10700,41.796875,-0.5758,-0.645,0.4077,3.4406,4,INTER
10701,41.80078125,-1.1039,4.2381,4.2716,1.0121,4,INTER
10702,41.8046875,-1.5743,2.0059,1.4072,-2.9262,4,INTER
10703,41.80859375,-1.5415,0.5277,-0.0502,0.2386,4,INTER
10704,41.8125,-3.0988,-1.8001,-0.7519,-4.2889,4,INTER
10705,41.81640625,0.137,0.6795,1.3,-5.3242,4,INTER
10706,41.8203125,-0.0615,3.7559,3.051,-9.237,4,INTER
10707,41.82421875,-2.974,1.3871,2.071,2.1517,4,INTER
10708,41.828125,3.9662,3.4543,0.1171,2.4232,4,INTER
10709,41.83203125,2.2724,-3.5871,3.795,0.8164,4,INTER
10710,41.8359375,2.6723,3.4267,5.869,3.8191,4,INTER
10711,41.83984375,-0.4167,0.0871,-3.322,-3.4247,4,INTER
10712,41.84375,-0.3701,-2.7313,-1.6813,0.5878,4,INTER
10713,41.84765625,0.5101,-0.3206,-0.8987,-0.284,4,INTER
10714,41.8515625,1.2799,-1.395,2.7986,5.2966,4,INTER
10715,41.85546875,-0.5399,-4.8149,0.5055,4.2046,4,INTER
10716,41.859375,3.9587,2.7626,3.3708,0.7354,4,INTER
10717,41.86328125,-0.4425,-0.6208,-2.4766,-0.3595,4,INTER
10718,41.8671875,-1.1198,-0.0076,-0.3883,-5.9523,4,INTER
