sample_idx,timestamp,C3,C4,Cz,Fz,label_int,label_str
0,41.87109375,4.3942,-2.6874,1.0162,0.3301,4,REST
1,41.875,-5.0427,3.7887,-2.9478,2.1537,4,REST
2,41.87890625,-7.7011,-0.7886,-2.4295,2.828,4,REST
3,41.8828125,0.9145,-0.6156,1.2165,-4.6414,4,REST
4,41.88671875,-0.1927,2.9851,-0.9883,0.005,4,REST
5,41.890625,0.9549,6.3769,-0.5587,-2.424,4,REST
6,41.89453125,-3.7826,1.625,-3.2486,1.8312,4,REST
7,41.8984375,-1.5429,-2.4784,-2.5323,-1.6602,4,REST
8,41.90234375,-1.4875,-1.8718,0.3115,2.3637,4,REST
9,41.90625,0.6438,-0.4568,-2.6338,-1.4477,4,REST
10,41.91015625,1.7034,0.4802,-1.5288,-1.4702,4,REST
11,41.9140625,1.1575,-3.0611,-2.6222,-1.0335,4,REST
12,41.91796875,2.224,-0.092,-1.3557,0.3666,4,REST
13,41.921875,7.8553,-0.832,-13.0464,10.7539,0,REST
14,41.92578125,6.585,-2.4373,-10.5084,8.7492,0,REST
15,41.9296875,13.3474,-0.9774,-10.2667,4.1938,0,REST
16,41.93359375,13.1384,-0.5092,-9.6049,5.746,0,REST
17,41.9375,14.2188,-3.1529,-3.2806,2.2114,0,REST
18,41.94140625,10.1337,-5.7457,-3.4399,0.5719,0,REST
19,41.9453125,6.1329,-5.0474,3.3982,-0.975,0,REST
20,41.94921875,6.2349,0.2938,6.6997,-4.1897,0,REST
21,41.953125,-0.0318,-3.3423,7.6841,-7.2507,0,REST
22,41.95703125,-1.6273,-1.8769,10.5822,-3.9411,0,REST
23,41.9609375,-6.9462,-4.3642,11.4718,-3.3826,0,REST
24,41.96484375,-10.4934,-1.4818,13.7188,-4.2083,0,REST
25,41.96875,-10.5272,-0.7906,10.7972,-5.3558,0,REST
26,41.97265625,-13.3324,-0.9265,11.299,-7.2843,0,REST
27,41.9765625,-13.171,2.0844,11.058,-3.7663,0,REST
28,41.98046875,-13.2446,2.7184,8.017,-3.1817,0,REST
29,41.984375,-12.5886,6.2296,4.1542,0.7503,0,REST
30,41.98828125,-12.8435,4.8444,1.8415,-1.2024,0,REST
31,41.9921875,-2.7305,3.1294,-1.3667,2.561,0,REST
32,41.99609375,-1.7545,2.0239,-1.2949,4.6177,0,REST
33,42.0,1.7576,5.2357,-8.0254,3.8537,0,REST
34,42.00390625,0.7485,3.8321,-10.6305,4.3901,0,REST
35,42.0078125,3.9828,1.8946,-14.043,2.9905,0,REST
36,42.01171875,6.7466,6.4317,-13.1745,5.4466,0,REST
37,42.015625,13.9267,1.6134,-14.1362,7.6498,0,REST
38,42.01953125,11.847,0.8632,-14.3582,4.0736,0,REST
39,42.0234375,12.3414,-1.0991,-12.145,5.1607,0,REST
40,42.02734375,13.0963,-1.4873,-9.6899,4.8906,0,REST
41,42.03125,14.0591,-1.5431,-3.263,1.6473,0,REST
42,42.03515625,13.9091,-2.3317,-0.1508,0.5244,0,REST
43,42.0390625,9.6483,-7.2866,1.2178,2.0898,0,REST
44,42.04296875,4.7686,-10.5616,5.3267,1.5386,0,REST
45,42.046875,0.1392,-9.928,8.9712,-0.14,0,REST
46,42.05078125,-5.7434,-4.4436,9.4585,-0.994,0,REST
47,42.0546875,-2.3176,-6.9083,14.5119,-4.5053,0,REST
48,42.05859375,-8.161,-0.5939,13.0011,-3.9314,0,REST
49,42.0625,-10.6306,-1.1346,10.4323,-5.9982,0,REST
50,42.06640625,-9.5484,-1.8853,12.1371,-3.1375,0,REST
51,42.0703125,-13.0595,3.6615,9.944,-2.6338,0,REST
52,42.07421875,-14.1141,3.4519,7.5147,-2.8509,0,REST
53,42.078125,-6.6155,2.4557,7.5819,0.1387,0,REST
54,42.08203125,-9.9991,5.1764,2.9277,-6.6567,0,REST
55,42.0859375,-5.8888,5.7682,1.317,-4.8951,0,REST
56,42.08984375,-3.4841,7.9112,-5.0169,0.6957,0,REST
57,42.09375,-0.527,5.564,-3.7408,-2.8185,0,REST
58,42.09765625,2.492,9.4871,-12.1386,-4.1338,0,REST
59,42.1015625,5.266,9.5882,-10.8833,-3.1861,0,REST
60,42.10546875,7.0036,5.7892,-11.1669,0.5329,0,REST
61,42.109375,7.6219,3.8469,-11.7511,1.313,0,REST
62,42.11328125,12.3717,0.302,-8.5016,2.1359,0,REST
63,42.1171875,9.2927,-3.5725,-7.8496,1.1929,0,REST
64,42.12109375,7.9427,-7.772,-6.3945,4.3661,0,REST
65,42.125,9.5125,-5.0373,-2.897,4.0858,0,REST
66,42.12890625,4.4263,-10.6165,-6.262,4.1774,0,REST
67,42.1328125,4.6432,-11.5478,2.4316,7.6183,0,REST
68,42.13671875,4.1538,-7.0626,2.974,3.5599,0,REST
69,42.140625,2.0636,-10.9023,1.6573,5.0402,0,REST
70,42.14453125,-2.4577,-10.8737,4.9686,6.7114,0,REST
71,42.1484375,-2.0434,-8.3927,7.4655,-2.0643,0,REST
72,42.15234375,-7.1255,-5.5151,6.0743,2.4485,0,REST
73,42.15625,-4.2804,-5.0765,8.1304,-0.3708,0,REST
74,42.16015625,-6.6827,-1.1145,8.2372,-6.9552,0,REST
75,42.1640625,-5.4166,-0.8072,5.275,-3.8902,0,REST
76,42.16796875,-6.8556,2.8136,6.9055,-7.9307,0,REST
77,42.171875,-6.0497,4.4117,0.9937,-5.4926,0,REST
78,42.17578125,-2.1961,10.8478,4.915,-7.3206,0,REST
79,42.1796875,-1.3292,10.3077,4.3105,-10.0414,0,REST
80,42.18359375,-4.4295,9.3605,-2.2546,-5.2744,0,REST
81,42.1875,-0.4015,11.6748,-4.3847,-7.9205,0,REST
82,42.19140625,-2.5891,8.3153,-2.2489,-4.6881,0,REST
83,42.1953125,0.3208,8.9297,-3.5227,-1.6283,0,REST
84,42.19921875,1.393,11.2978,-4.445,0.6755,0,REST
85,42.203125,-0.0375,6.3587,-3.0066,4.3907,0,REST
86,42.20703125,5.9097,1.39,-5.6813,5.7906,0,REST
87,42.2109375,4.2706,1.2815,-5.2434,3.4784,0,REST
88,42.21484375,0.1989,-3.7355,-9.3607,14.6124,0,REST
89,42.21875,6.3019,-6.9781,-1.7018,9.3335,0,REST
90,42.22265625,3.3058,-4.8717,2.0465,9.671,0,REST
91,42.2265625,1.3468,-9.596,-3.8476,7.7524,0,REST
92,42.23046875,2.8969,-12.5665,-0.398,6.5052,0,REST
93,42.234375,1.6832,-14.146,2.6391,9.8763,0,REST
94,42.23828125,-1.1544,-12.9925,0.1937,5.3357,0,REST
95,42.2421875,-1.0746,-10.0853,2.4865,-2.9612,0,REST
96,42.24609375,-3.3107,-6.9916,-1.138,-0.4067,0,REST
97,42.25,1.3403,-3.5848,3.8806,-4.3483,0,REST
98,42.25390625,-1.8997,-4.5988,1.1931,-2.6764,0,REST
99,42.2578125,-3.6031,0.6809,2.3624,-9.9922,0,REST
100,42.26171875,1.4181,1.0906,-0.0808,-12.9738,0,REST
101,42.265625,-1.855,6.9893,1.7325,-11.2428,0,REST
102,42.26953125,1.866,11.3876,5.528,-9.9425,0,REST
103,42.2734375,-3.7915,8.3986,-1.3701,-13.0236,0,REST
104,42.27734375,1.6686,10.9475,0.8901,-12.2399,0,REST
105,42.28125,-6.8523,12.6415,4.639,-5.6328,0,REST
106,42.28515625,-5.0843,11.7599,3.7407,-0.5415,0,REST
107,42.2890625,-3.653,11.5298,5.2718,-2.2607,0,REST
108,42.29296875,-2.1688,8.9379,4.3891,1.5281,0,REST
109,42.296875,-0.2801,5.899,4.3106,6.1733,0,REST
110,42.30078125,-5.312,2.8949,3.2165,8.4456,0,REST
111,42.3046875,2.2616,-0.0982,1.3801,7.7299,0,REST
112,42.30859375,-1.2973,-4.9221,1.7228,10.6665,0,REST
113,42.3125,2.7142,-6.2842,1.5687,12.9052,0,REST
114,42.31640625,2.3074,-10.5659,-2.4141,14.4361,0,REST
115,42.3203125,3.4057,-12.784,-1.9431,15.5846,0,REST
116,42.32421875,5.2758,-14.4725,-5.348,7.1314,0,REST
117,42.328125,8.4591,-12.5571,-8.2096,7.2117,0,REST
118,42.33203125,7.7765,-10.8416,-6.6108,3.3678,0,REST
119,42.3359375,8.1992,-11.4164,-4.402,-2.6135,0,REST
120,42.33984375,9.7116,-10.7525,-8.2318,-6.8808,0,REST
121,42.34375,10.3201,-8.1428,-3.0686,-10.5425,0,REST
122,42.34765625,5.0357,-2.9624,0.0459,-12.1101,0,REST
123,42.3515625,5.4546,0.2177,-3.6616,-11.5151,0,REST
124,42.35546875,2.2633,5.5731,2.4707,-15.1718,0,REST
125,42.359375,0.4127,8.7615,4.3445,-10.4711,0,REST
126,42.36328125,-2.3959,10.889,2.6647,-13.189,0,REST
127,42.3671875,-3.7262,8.132,1.6952,-12.8068,0,REST
128,42.37109375,-6.627,12.3649,4.753,-9.9616,0,REST
129,42.375,-10.9765,11.284,9.2805,-2.7891,0,REST
130,42.37890625,-10.8536,10.5052,10.3578,-0.3258,0,REST
131,42.3828125,-8.9133,8.591,11.994,4.5746,0,REST
132,42.38671875,-10.0869,11.3825,7.4235,9.164,0,REST
133,42.390625,-8.5611,3.4513,10.9264,11.4864,0,REST
134,42.39453125,-8.3997,5.8631,7.9153,9.5991,0,REST
135,42.3984375,-5.4433,-4.5003,2.8313,13.6109,0,REST
136,42.40234375,-2.4338,-3.6141,-0.763,13.6613,0,REST
137,42.40625,-0.2491,-5.925,0.1965,9.1401,0,REST
138,42.41015625,2.8281,-9.1409,-4.7449,10.4452,0,REST
139,42.4140625,5.0851,-10.2741,-3.562,9.1797,0,REST
140,42.41796875,6.2459,-12.8503,-6.3471,8.5898,0,REST
141,42.421875,9.9913,-13.7546,-12.9351,2.6758,0,REST
142,42.42578125,10.5168,-10.8744,-8.2756,0.6297,0,REST
143,42.4296875,10.7879,-7.4931,-16.293,-6.4735,0,REST
144,42.43359375,12.7937,-8.0448,-9.2784,-7.327,0,REST
145,42.4375,10.2581,-5.891,-13.7655,-8.3818,0,REST
146,42.44140625,8.6978,-2.0439,-12.2185,-8.9004,0,REST
147,42.4453125,7.2316,1.3864,-4.5354,-14.707,0,REST
148,42.44921875,3.2967,2.0011,-4.1973,-12.6118,0,REST
149,42.453125,-0.3666,6.5255,0.1764,-14.3173,0,REST
150,42.45703125,0.7688,11.8457,4.7482,-8.4419,0,REST
151,42.4609375,-6.8397,5.5914,2.6787,-5.8742,0,REST
152,42.46484375,-10.3123,15.7074,8.6881,-3.5891,0,REST
153,42.46875,-11.1708,4.3085,9.3453,-0.8368,0,REST
154,42.47265625,-10.974,9.6767,10.9683,1.131,0,REST
155,42.4765625,-11.7415,6.4805,15.9864,3.3642,0,REST
156,42.48046875,-14.8715,5.579,13.6629,8.933,0,REST
157,42.484375,-12.3251,7.3494,10.5465,8.0547,0,REST
158,42.48828125,-9.8909,2.2606,10.9663,9.7038,0,REST
159,42.4921875,-5.3172,0.3949,5.7593,14.7078,0,REST
160,42.49609375,-1.9026,-1.3158,1.9161,8.1412,0,REST
161,42.5,1.0767,-5.9765,-1.1384,6.0923,0,REST
162,42.50390625,4.4235,-7.7163,-2.7417,8.1296,0,REST
163,42.5078125,2.6999,-11.7405,-6.9223,2.6266,0,REST
164,42.51171875,13.1065,-7.6025,-7.2899,-0.4737,0,REST
165,42.515625,10.5162,-7.5663,-11.5,3.5251,0,REST
166,42.51953125,13.9154,-7.8113,-10.4659,-4.047,0,REST
167,42.5234375,13.8624,-7.0784,-14.5875,-2.8934,0,REST
168,42.52734375,12.6344,-5.8676,-13.2529,-7.6911,0,REST
169,42.53125,13.4794,-3.3027,-10.9137,-6.7197,0,REST
170,42.53515625,11.8657,-1.9999,-7.3723,-8.3354,0,REST
171,42.5390625,5.1649,-3.5632,-7.1271,-8.1534,0,REST
172,42.54296875,1.2149,-0.9383,-5.9591,-9.1234,0,REST
173,42.546875,-3.8792,2.064,1.0661,-7.7557,0,REST
174,42.55078125,-4.29,5.0668,0.8737,-2.2291,0,REST
175,42.5546875,-7.6898,8.4043,5.625,-2.6333,0,REST
176,42.55859375,-9.7081,6.8452,6.7034,0.9395,0,REST
177,42.5625,-10.3778,6.8709,10.9419,0.6543,0,REST
178,42.56640625,-13.2189,7.5583,7.0425,4.4333,0,REST
179,42.5703125,-12.1482,5.9914,11.5479,1.4279,0,REST
180,42.57421875,-16.039,4.9661,11.8578,4.0404,0,REST
181,42.578125,-7.7151,4.7194,9.3597,2.2395,0,REST
182,42.58203125,-5.4084,3.6374,5.2783,4.4443,0,REST
183,42.5859375,-7.0494,-1.7323,7.1049,5.4771,0,REST
184,42.58984375,-0.0861,-1.2741,4.8544,5.6159,0,REST
185,42.59375,0.677,-3.3437,0.7693,2.2545,0,REST
186,42.59765625,3.4035,-1.4415,-1.0935,3.8266,0,REST
187,42.6015625,3.0106,-5.4386,-4.7905,2.2552,0,REST
188,42.60546875,9.3073,-6.3107,-6.436,0.7117,0,REST
189,42.609375,9.4714,-5.6966,-11.5834,0.7633,0,REST
190,42.61328125,6.5132,-7.3811,-10.5482,-3.2765,0,REST
191,42.6171875,6.674,-10.6466,-11.4737,-0.9464,0,REST
192,42.62109375,12.5119,-4.2266,-7.062,0.7765,0,REST
193,42.625,6.6915,-2.2472,-9.6029,-1.7962,0,REST
194,42.62890625,7.815,-2.4088,-6.4953,-4.708,0,REST
195,42.6328125,5.6094,-3.8381,-5.8286,-1.5655,0,REST
196,42.63671875,1.8135,-0.2163,-1.5201,-3.2539,0,REST
197,42.640625,0.5769,3.232,-0.7458,1.1732,0,REST
198,42.64453125,-2.4588,2.0539,-0.4065,-2.3447,0,REST
199,42.6484375,-7.994,2.6205,1.934,-2.9472,0,REST
200,42.65234375,-5.5765,3.8053,3.9211,-4.3512,0,REST
201,42.65625,-8.4819,3.0872,9.555,-3.1003,0,REST
202,42.66015625,-6.7956,-1.0191,3.4126,-2.1375,0,REST
203,42.6640625,-11.2962,3.0134,3.6584,-2.7967,0,REST
204,42.66796875,-7.2094,2.7316,5.218,2.0236,0,REST
205,42.671875,-4.9276,2.9873,9.7411,0.4787,0,REST
206,42.67578125,-4.5414,2.3281,7.6343,0.3255,0,REST
207,42.6796875,1.4219,4.9849,0.8356,1.8339,0,REST
208,42.68359375,3.2126,4.79,2.1048,1.8562,0,REST
209,42.6875,0.7126,2.9557,1.0233,3.36,0,REST
210,42.69140625,3.1779,3.899,-0.2828,6.2516,0,REST
211,42.6953125,-0.5445,1.731,-1.6214,6.3776,0,REST
212,42.69921875,4.5181,-2.2357,-3.8936,8.9513,0,REST
213,42.703125,6.4723,-3.2177,-2.432,6.9834,0,REST
214,42.70703125,5.2975,-0.456,-5.118,3.198,0,REST
215,42.7109375,6.9168,-0.1584,-4.8168,2.0613,0,REST
216,42.71484375,4.848,-0.5945,-2.1595,5.2555,0,REST
217,42.71875,5.8133,-5.114,-3.9403,0.839,0,REST
218,42.72265625,3.0852,-1.9623,-2.795,0.3551,0,REST
219,42.7265625,3.0484,-3.0123,-3.079,0.3975,0,REST
220,42.73046875,3.5504,-2.6226,-5.1438,-5.0403,0,REST
221,42.734375,1.1051,1.8963,-5.8064,-2.7521,0,REST
222,42.73828125,2.87,-0.8803,2.2207,-4.3456,0,REST
223,42.7421875,0.5275,-3.3944,-4.5406,-5.9211,0,REST
224,42.74609375,-1.5739,-0.5401,-1.132,-11.762,0,REST
225,42.75,-0.4797,-2.035,-3.0499,-8.8844,0,REST
226,42.75390625,1.0654,-0.464,-1.0696,-12.5389,0,REST
227,42.7578125,1.8368,1.3435,4.2445,-4.474,0,REST
228,42.76171875,-0.2224,3.8093,1.0136,-4.8809,0,REST
229,42.765625,-0.16,7.2814,3.2491,-3.4405,0,REST
230,42.76953125,-0.1569,5.2653,5.7325,-1.1331,0,REST
231,42.7734375,-2.7228,4.5463,0.2769,-0.3737,0,REST
232,42.77734375,-5.3005,6.098,1.732,2.9175,0,REST
233,42.78125,-2.9078,5.0741,2.623,6.4044,0,REST
234,42.78515625,-3.2572,5.6516,3.8735,9.2909,0,REST
235,42.7890625,-1.2146,-1.7583,2.2621,8.3113,0,REST
236,42.79296875,-4.4157,5.987,2.1751,9.4691,0,REST
237,42.796875,-1.387,1.9198,5.5652,10.8636,0,REST
238,42.80078125,-1.1486,2.1002,3.7401,9.2551,0,REST
239,42.8046875,-4.8585,0.8126,3.4855,8.7141,0,REST
240,42.80859375,0.5507,2.8664,3.578,2.8486,0,REST
241,42.8125,1.2727,-3.4278,1.5801,2.4216,0,REST
242,42.81640625,4.5841,-6.8804,1.7188,-2.1866,0,REST
243,42.8203125,3.8536,-4.5182,-0.9228,-2.7112,0,REST
244,42.82421875,4.7461,-6.8256,-5.2803,-5.5616,0,REST
245,42.828125,6.1974,-5.748,-4.9443,-7.1222,0,REST
246,42.83203125,6.3609,-5.4039,-3.4762,-9.2991,0,REST
247,42.8359375,8.0778,-7.0672,-8.2117,-11.3517,0,REST
248,42.83984375,11.0341,-3.7092,-7.8627,-10.831,0,REST
249,42.84375,6.5434,-5.9682,-6.8855,-8.4263,0,REST
250,42.84765625,8.3866,-4.1124,-6.3136,-10.2294,0,REST
251,42.8515625,2.4748,-2.5279,-6.1431,-8.6556,0,REST
252,42.85546875,-1.6056,1.8509,-7.6615,-7.3641,0,REST
253,42.859375,-1.3191,5.4916,-5.298,-3.2976,0,REST
254,42.86328125,-3.7118,2.3727,0.9181,-1.3647,0,REST
255,42.8671875,-1.2824,5.0804,2.1607,1.7074,0,REST
256,42.87109375,-6.9245,10.2066,1.7408,6.8524,0,REST
257,42.875,-7.0609,11.2774,4.1016,11.2545,0,REST
258,42.87890625,-6.9427,8.8821,9.5183,12.7329,0,REST
259,42.8828125,-11.0669,8.2078,4.772,11.3841,0,REST
260,42.88671875,-9.6924,7.2393,8.181,15.8029,0,REST
261,42.890625,-8.3549,5.3222,8.613,9.6833,0,REST
262,42.89453125,-3.5867,1.0448,14.3604,11.9668,0,REST
263,42.8984375,-3.4657,0.835,7.5398,8.5181,0,REST
264,42.90234375,-0.573,-3.2899,7.4244,5.4569,0,REST
265,42.90625,-0.4947,-2.7787,1.5002,1.8886,0,REST
266,42.91015625,5.2822,-6.4359,3.6008,-3.5324,0,REST
267,42.9140625,5.5391,-7.9736,0.4222,-6.4562,0,REST
268,42.91796875,9.1176,-8.8541,-0.7905,-6.2828,0,REST
269,42.921875,10.5438,-12.6485,-4.1577,-9.4478,0,REST
270,42.92578125,9.8096,-8.3757,-9.1621,-13.2775,0,REST
271,42.9296875,9.3558,-12.8608,-8.8225,-13.876,0,REST
272,42.93359375,8.1169,-8.3737,-11.4638,-11.4668,0,REST
273,42.9375,10.0484,-5.9334,-9.7714,-7.5858,0,REST
274,42.94140625,9.2858,-4.6984,-9.726,-7.8375,0,REST
275,42.9453125,6.4832,-0.538,-10.229,-8.249,0,REST
276,42.94921875,1.3949,1.8952,-8.4581,-0.5673,0,REST
277,42.953125,2.6681,3.0947,-6.6162,1.6044,0,REST
278,42.95703125,-1.9955,5.6856,-4.947,4.2409,0,REST
279,42.9609375,-6.5516,8.1431,0.087,9.0353,0,REST
280,42.96484375,-7.0163,10.8224,-0.8906,9.177,0,REST
281,42.96875,-9.9623,14.3619,5.2707,11.3337,0,REST
282,42.97265625,-12.5126,12.4419,10.3744,12.2033,0,REST
283,42.9765625,-13.0519,12.3095,11.4438,11.6829,0,REST
284,42.98046875,-11.16,11.2989,11.2416,6.6459,0,REST
285,42.984375,-13.7632,6.6899,8.7347,8.8038,0,REST
286,42.98828125,-8.975,5.7351,13.652,4.6478,0,REST
287,42.9921875,-6.1743,0.9074,7.7754,5.4767,0,REST
288,42.99609375,-2.9321,-3.8009,11.7628,2.4727,0,REST
289,43.0,2.7338,-2.3371,8.8297,-2.5554,0,REST
290,43.00390625,3.3454,-12.121,7.5741,-10.7275,0,REST
291,43.0078125,6.3695,-8.5698,-0.1104,-6.8875,0,REST
292,43.01171875,11.1027,-8.6977,-3.3517,-12.8354,0,REST
293,43.015625,11.7098,-11.7066,-5.8749,-12.3517,0,REST
294,43.01953125,13.0892,-14.2338,-6.7646,-12.2826,0,REST
295,43.0234375,12.8747,-14.1128,-9.037,-11.3439,0,REST
296,43.02734375,11.5863,-12.515,-14.674,-11.9467,0,REST
297,43.03125,10.7165,-7.1298,-16.603,-6.7943,0,REST
298,43.03515625,5.4135,-4.0901,-15.6093,-6.8771,0,REST
299,43.0390625,5.0994,-1.2856,-14.2091,-6.1084,0,REST
300,43.04296875,3.704,1.6015,-9.8766,2.6641,0,REST
301,43.046875,-1.0443,4.4827,-9.9448,1.3052,0,REST
302,43.05078125,-3.148,7.505,-1.8282,3.7843,0,REST
303,43.0546875,-4.7936,7.5512,-2.6451,8.6887,0,REST
304,43.05859375,-9.0475,12.703,1.9539,6.664,0,REST
305,43.0625,-15.1167,8.6464,4.3172,9.6047,0,REST
306,43.06640625,-12.6493,12.572,5.7499,9.2673,0,REST
307,43.0703125,-12.3296,12.3832,7.2176,9.0201,0,REST
308,43.07421875,-15.2276,12.3588,8.7074,5.8182,0,REST
309,43.078125,-9.6111,6.5171,9.5241,1.8481,0,REST
310,43.08203125,-5.327,9.9474,10.1744,4.99,0,REST
311,43.0859375,-4.9755,2.961,11.0072,-0.1011,0,REST
312,43.08984375,-4.3023,-4.1677,5.975,-4.2674,0,REST
313,43.09375,-0.0397,-6.3248,7.4696,-3.7004,0,REST
314,43.09765625,1.413,-9.3916,4.7087,-5.2954,0,REST
315,43.1015625,6.9289,-13.7426,4.269,-9.7422,0,REST
316,43.10546875,10.0968,-11.9326,-3.3676,-8.2162,0,REST
317,43.109375,8.9063,-14.2605,-5.7258,-7.3132,0,REST
318,43.11328125,13.7964,-13.8474,-7.1289,-8.6737,0,REST
319,43.1171875,8.8168,-13.2154,-8.8705,-7.522,0,REST
320,43.12109375,9.6702,-12.1157,-10.903,-3.944,0,REST
321,43.125,8.969,-3.9202,-9.5239,-2.1358,0,REST
322,43.12890625,8.4445,-2.0402,-12.0616,1.1735,0,REST
323,43.1328125,4.4255,-2.2712,-7.7,4.037,0,REST
324,43.13671875,2.5958,1.726,-8.1231,2.0246,0,REST
325,43.140625,0.4283,6.4401,-6.0563,3.7189,0,REST
326,43.14453125,-4.7477,10.0784,-3.1078,4.9669,0,REST
327,43.1484375,-3.7599,8.7196,-3.0477,7.9707,0,REST
328,43.15234375,-6.7203,11.3233,1.3201,3.5146,0,REST
329,43.15625,-6.9865,11.9082,-0.8544,6.349,0,REST
330,43.16015625,-5.9826,10.7456,1.5579,8.595,0,REST
331,43.1640625,-8.6395,10.1709,4.6636,5.92,0,REST
332,43.16796875,-5.2259,9.5723,3.5544,6.4463,0,REST
333,43.171875,-4.4284,7.5756,3.7541,-0.9574,0,REST
334,43.17578125,-4.5835,4.7328,3.6283,0.1407,0,REST
335,43.1796875,-2.831,1.8849,6.3026,-0.0113,0,REST
336,43.18359375,-1.5507,-4.6921,5.5004,-3.2568,0,REST
337,43.1875,-0.5761,-6.8236,4.1362,1.2126,0,REST
338,43.19140625,-1.2994,-5.452,1.4933,-1.4621,0,REST
339,43.1953125,1.2404,-8.7346,1.5014,-1.4349,0,REST
340,43.19921875,-2.4375,-13.4993,-1.4868,-0.4544,0,REST
341,43.203125,3.0865,-10.4749,1.3999,-6.5832,0,REST
342,43.20703125,2.1371,-8.6608,-1.1223,-4.7665,0,REST
343,43.2109375,4.0496,-13.4779,-0.3387,-0.6727,0,REST
344,43.21484375,2.6363,-7.9842,-2.8761,-3.7897,0,REST
345,43.21875,7.886,-5.0699,-4.4649,-3.1705,0,REST
346,43.22265625,6.2236,-3.2377,-4.5432,-0.49,0,REST
347,43.2265625,4.2322,1.9831,-4.2831,0.9888,0,REST
348,43.23046875,2.9714,-0.0269,-1.831,-1.2824,0,REST
349,43.234375,1.8384,4.1561,-1.7048,2.151,0,REST
350,43.23828125,5.1156,4.962,-2.9481,-0.9664,0,REST
351,43.2421875,1.2094,8.3008,-5.7337,-1.9647,0,REST
352,43.24609375,3.2818,12.3257,-3.1909,1.4722,0,REST
353,43.25,-2.1565,10.1951,-5.2679,4.7854,0,REST
354,43.25390625,0.1019,7.7217,-5.417,-0.6334,0,REST
355,43.2578125,0.8278,5.0236,0.5561,1.1076,0,REST
356,43.26171875,0.8379,8.4043,-4.9388,5.1161,0,REST
357,43.265625,-0.2882,8.2097,-4.0615,4.364,0,REST
358,43.26953125,-4.2006,5.1779,0.9828,2.1748,0,REST
359,43.2734375,-2.5911,1.8007,-0.548,0.9511,0,REST
360,43.27734375,-1.1196,0.0906,0.9425,1.1844,0,REST
361,43.28125,-4.162,-1.3108,1.2247,5.6058,0,REST
362,43.28515625,-3.0895,-6.9309,-1.4875,0.4586,0,REST
363,43.2890625,-2.4959,-6.5147,3.8786,3.1715,0,REST
364,43.29296875,-5.1664,-5.7182,1.8109,-2.793,0,REST
365,43.296875,-5.4789,-6.8858,4.9816,0.1206,0,REST
366,43.30078125,-2.0302,-9.1172,7.0783,-1.1914,0,REST
367,43.3046875,2.0642,-5.7014,3.5629,-1.9659,0,REST
368,43.30859375,1.9832,-3.9323,6.3241,2.0619,0,REST
369,43.3125,-3.3468,-2.286,5.5181,-4.0101,0,REST
370,43.31640625,-0.9793,-1.5511,2.5745,-3.8575,0,REST
371,43.3203125,6.008,-2.615,5.0433,-4.3571,0,REST
372,43.32421875,2.8056,0.9635,-0.9562,-5.9641,0,REST
373,43.328125,7.1181,3.258,-0.4805,-10.3843,0,REST
374,43.33203125,5.9485,4.4168,-1.9644,-3.1929,0,REST
375,43.3359375,8.4294,6.024,-1.775,-7.618,0,REST
376,43.33984375,8.9816,5.5461,-7.437,-0.7218,0,REST
377,43.34375,6.172,6.6602,-9.2968,-1.4095,0,REST
378,43.34765625,6.6362,5.5269,-6.5783,1.4024,0,REST
379,43.3515625,4.899,5.7058,-10.7586,3.1293,0,REST
380,43.35546875,-1.7285,5.7393,-10.1129,4.0926,0,REST
381,43.359375,-0.2301,9.0385,-3.2269,5.4914,0,REST
382,43.36328125,-4.0536,1.5016,-7.6139,6.3998,0,REST
383,43.3671875,-2.7625,3.9705,-8.0344,11.1233,0,REST
384,43.37109375,-5.626,1.8219,-2.4636,8.7436,0,REST
385,43.375,-9.8605,-1.1182,-0.7056,5.156,0,REST
386,43.37890625,-9.8784,-0.7398,1.5933,9.1098,0,REST
387,43.3828125,-11.2561,-2.6684,5.3279,1.9281,0,REST
388,43.38671875,-9.8185,-5.3465,8.8485,-3.1415,0,REST
389,43.390625,-11.706,-2.9424,8.8122,1.0033,0,REST
390,43.39453125,-10.6774,-3.0798,5.3191,-3.3334,0,REST
391,43.3984375,-4.5146,-5.5053,14.8955,-3.1907,0,REST
392,43.40234375,-1.9685,-3.9412,8.7462,-11.418,0,REST
393,43.40625,-1.3832,-6.8087,9.5673,-15.121,0,REST
394,43.41015625,2.4174,-2.0787,15.9597,-12.8994,0,REST
395,43.4140625,9.2743,-0.7257,5.6896,-11.4984,0,REST
396,43.41796875,9.5686,-2.9016,7.025,-11.396,0,REST
397,43.421875,8.2076,-0.4205,5.0511,-7.8057,0,REST
398,43.42578125,10.6423,3.7401,-4.3917,-4.5025,0,REST
399,43.4296875,11.7774,0.9431,-3.2778,-5.1922,0,REST
400,43.43359375,12.3789,2.2083,-9.3317,-1.128,0,REST
401,43.4375,11.6362,2.0178,-4.866,0.6971,0,REST
402,43.44140625,8.8227,4.8909,-9.1643,6.4475,0,REST
403,43.4453125,4.8196,2.7842,-15.2908,8.6904,0,REST
404,43.44921875,2.2107,1.181,-11.4468,8.3992,0,REST
405,43.453125,0.6058,1.6147,-13.4294,13.1454,0,REST
406,43.45703125,-2.1629,6.3526,-12.142,12.0713,0,REST
407,43.4609375,-8.0054,3.2433,-10.879,13.9051,0,REST
408,43.46484375,-7.6965,1.1901,-7.5047,6.5812,0,REST
409,43.46875,-9.5562,3.2477,-5.1994,7.6126,0,REST
410,43.47265625,-13.9627,2.919,-0.8824,4.1039,0,REST
411,43.4765625,-14.7675,0.1777,3.6056,3.0763,0,REST
412,43.48046875,-14.6148,-1.2919,6.4,0.9828,0,REST
413,43.484375,-12.6886,1.4003,5.2324,-5.1471,0,REST
414,43.48828125,-13.5566,-0.2228,11.7828,-7.3898,0,REST
415,43.4921875,-8.3078,-1.4856,13.0094,-10.4664,0,REST
416,43.49609375,-5.8762,1.1578,16.2706,-9.8565,0,REST
417,43.5,1.0612,-5.648,13.4506,-11.0533,0,REST
418,43.50390625,4.1929,1.1441,9.9882,-13.7319,0,REST
419,43.5078125,5.5956,-6.1921,8.0554,-11.1622,0,REST
420,43.51171875,8.3431,-5.3546,4.5504,-5.615,0,REST
421,43.515625,12.4449,-1.969,5.9245,-7.8183,0,REST
422,43.51953125,12.0266,-2.7728,-5.208,-1.5117,0,REST
423,43.5234375,12.2376,-3.0053,-2.7702,-3.4454,0,REST
424,43.52734375,9.3297,-2.8768,-4.5734,4.8963,0,REST
425,43.53125,12.9305,1.0059,-8.2457,6.8575,0,REST
426,43.53515625,7.5941,-2.0627,-13.8089,7.5272,0,REST
427,43.5390625,6.734,-1.1607,-13.044,11.1114,0,REST
428,43.54296875,3.0588,1.6488,-8.8726,13.3652,0,REST
429,43.546875,1.4347,4.2622,-14.388,9.6379,0,REST
430,43.55078125,-2.8484,3.0314,-10.1522,11.5875,0,REST
431,43.5546875,-5.6664,0.6857,-10.9008,11.4111,0,REST
432,43.55859375,-8.6187,7.3124,-7.7639,7.1734,0,REST
433,43.5625,-8.9294,6.5593,-4.8513,2.9529,0,REST
434,43.56640625,-12.3925,5.2776,-1.8108,6.021,0,REST
435,43.5703125,-7.6672,9.4261,1.6226,-3.6879,0,REST
436,43.57421875,-12.8882,0.9867,5.5298,-4.7402,0,REST
437,43.578125,-10.67,6.6613,3.9615,-10.3543,0,REST
438,43.58203125,-8.847,2.1891,14.4133,-10.476,0,REST
439,43.5859375,-7.2584,-2.0684,8.4647,-10.6109,0,REST
440,43.58984375,-1.8955,-0.2689,15.7593,-10.7252,0,REST
441,43.59375,-0.0165,-1.0793,12.9555,-13.4919,0,REST
442,43.59765625,3.2582,-0.3075,10.6428,-12.7812,0,REST
443,43.6015625,6.2127,-6.8753,9.4479,-13.051,0,REST
444,43.60546875,4.9801,-6.4715,9.0413,-2.9229,0,REST
445,43.609375,7.3907,-7.5912,0.3792,0.0881,0,REST
446,43.61328125,9.5557,-7.2455,-0.9,-2.0667,0,REST
447,43.6171875,7.5247,-7.0798,-1.3117,1.9445,0,REST
448,43.62109375,10.0697,-4.765,-1.1077,6.0183,0,REST
449,43.625,4.5403,-3.4268,-10.2963,8.4933,0,REST
450,43.62890625,6.4072,-6.9175,-4.2409,8.6465,0,REST
451,43.6328125,3.7399,-1.8648,-8.4334,11.8711,0,REST
452,43.63671875,5.4176,2.1042,-9.3944,11.469,0,REST
453,43.640625,-0.3678,1.4746,-4.979,11.2515,0,REST
454,43.64453125,-3.3662,3.8905,-10.2096,10.1138,0,REST
455,43.6484375,-5.36,2.6009,-6.7987,10.4184,0,REST
456,43.65234375,-3.8478,10.3243,-1.7826,5.2731,0,REST
457,43.65625,-8.4145,9.7737,-6.0512,2.0061,0,REST
458,43.66015625,-12.6467,11.124,0.5092,-0.8785,0,REST
459,43.6640625,-7.9728,5.6343,0.8583,0.7383,0,REST
460,43.66796875,-6.694,7.696,1.6815,-1.892,0,REST
461,43.671875,-1.4218,9.5155,6.8226,-6.7261,0,REST
462,43.67578125,-1.8193,6.3343,6.8398,-9.9076,0,REST
463,43.6796875,-3.2161,4.373,7.0015,-10.2102,0,REST
464,43.68359375,-0.7329,3.5005,6.1342,-7.113,0,REST
465,43.6875,2.7047,-3.4889,3.5494,-7.2478,0,REST
466,43.69140625,0.5381,-1.1028,3.2075,-6.3961,0,REST
467,43.6953125,4.1353,-4.7956,6.1535,-7.6866,0,REST
468,43.69921875,4.147,-10.7272,4.9355,-1.3572,0,REST
469,43.703125,3.418,-13.8986,3.0082,-0.585,0,REST
470,43.70703125,3.8317,-11.3888,1.5851,-0.8765,0,REST
471,43.7109375,4.3145,-8.2234,3.0455,2.6147,0,REST
472,43.71484375,4.1792,-11.5383,-2.2446,5.7764,0,REST
473,43.71875,5.1238,-6.3311,-3.8385,1.4825,0,REST
474,43.72265625,1.3043,-6.2215,-0.9843,10.8555,0,REST
475,43.7265625,5.7388,-1.8734,-2.3589,11.2547,0,REST
476,43.73046875,0.5239,-1.7681,-6.6159,9.4397,0,REST
477,43.734375,-1.5261,3.9684,-3.2781,4.6956,0,REST
478,43.73828125,-0.8977,2.2867,-4.2912,2.8944,0,REST
479,43.7421875,-1.6297,8.5402,-3.6465,1.0357,0,REST
480,43.74609375,0.5934,10.0699,-3.7465,4.3059,0,REST
481,43.75,-0.5068,10.18,-4.5978,1.1279,0,REST
482,43.75390625,-3.4827,14.6311,-2.9225,-3.4779,0,REST
483,43.7578125,0.132,12.126,-3.6442,2.4869,0,REST
484,43.76171875,-2.3508,11.4182,-2.2793,-4.2571,0,REST
485,43.765625,2.0102,7.0287,-2.0339,-5.1227,0,REST
486,43.76953125,-4.3279,2.2454,-2.5417,-4.6981,0,REST
487,43.7734375,-3.1656,4.2422,-3.0291,0.3735,0,REST
488,43.77734375,-1.9098,0.4839,0.5734,-4.1566,0,REST
489,43.78125,-6.7264,-4.2828,-2.8236,-4.5933,0,REST
490,43.78515625,-3.7065,-4.5482,0.2654,-4.7745,0,REST
491,43.7890625,-5.1678,-6.8075,0.6674,-5.6069,0,REST
492,43.79296875,-5.5487,-11.6701,4.3206,-3.8499,0,REST
493,43.796875,-4.3427,-11.1192,2.2515,-1.8154,0,REST
494,43.80078125,-1.0338,-13.1424,5.8416,0.1548,0,REST
495,43.8046875,-2.1634,-11.561,6.9342,1.4368,0,REST
496,43.80859375,0.5885,-8.3926,6.1393,1.7184,0,REST
497,43.8125,3.4068,-7.5157,3.4077,-0.1615,0,REST
498,43.81640625,-0.198,-5.8278,2.782,0.9952,0,REST
499,43.8203125,3.2898,-2.2803,4.0209,3.5602,0,REST
500,43.82421875,5.6417,0.8746,7.8408,2.3021,0,REST
501,43.828125,6.7652,6.4356,5.9483,1.8298,0,REST
502,43.83203125,6.7634,2.3773,2.5656,2.7914,0,REST
503,43.8359375,9.8071,7.5865,0.227,0.8679,0,REST
504,43.83984375,4.525,9.9945,-0.2332,2.8499,0,REST
505,43.84375,6.5336,12.2322,-4.8833,4.6398,0,REST
506,43.84765625,7.368,12.8418,-4.2942,2.389,0,REST
507,43.8515625,7.4649,15.1639,-4.1851,4.0152,0,REST
508,43.85546875,4.1507,12.4384,-8.6696,0.9401,0,REST
509,43.859375,-1.4683,9.0892,-7.1975,-0.6064,0,REST
510,43.86328125,-3.874,7.8647,-11.7707,3.2426,0,REST
511,43.8671875,-3.9982,0.997,-8.612,2.9403,0,REST
512,43.87109375,-6.3985,1.2858,-8.3185,-2.8775,0,REST
513,43.875,-7.7309,-4.0095,-4.6511,-2.1345,0,REST
514,43.87890625,-9.713,-2.0664,-5.899,-3.0045,0,REST
515,43.8828125,-14.0169,-10.5868,-1.0812,-0.8673,0,REST
516,43.88671875,-10.3251,-12.463,0.0497,-5.8899,0,REST
517,43.890625,-11.3064,-13.1132,3.4229,-6.4972,0,REST
518,43.89453125,-8.0205,-13.9841,10.0496,-5.2157,0,REST
519,43.8984375,-7.3559,-11.8757,9.343,-3.1198,0,REST
520,43.90234375,1.5161,-12.7363,8.0435,-7.4465,0,REST
521,43.90625,1.5337,-9.5179,11.4226,-4.5066,0,REST
522,43.91015625,1.6242,-8.4749,8.8486,-2.0297,0,REST
523,43.9140625,6.9264,-5.8253,14.8594,1.1388,0,REST
524,43.91796875,10.5105,-2.8757,10.7392,-1.3384,0,REST
525,43.921875,8.9402,3.9905,5.943,4.7862,0,REST
526,43.92578125,9.17,5.6512,2.6891,4.4945,0,REST
527,43.9296875,12.3794,6.6754,5.0651,6.4341,0,REST
528,43.93359375,12.1076,12.078,-2.0377,7.1723,0,REST
529,43.9375,12.1736,13.7874,-3.5602,9.1197,0,REST
530,43.94140625,9.4903,7.0853,-3.9902,9.6695,0,REST
531,43.9453125,8.8945,10.2895,-4.7598,6.8881,0,REST
532,43.94921875,4.355,12.8705,-12.8982,8.5671,0,REST
533,43.953125,-2.8139,7.9061,-11.6184,2.7282,0,REST
534,43.95703125,-2.6273,8.8866,-13.1171,1.4255,0,REST
535,43.9609375,-3.2986,3.9149,-11.9677,-3.4839,0,REST
536,43.96484375,-5.1326,-2.4395,-7.512,-1.6763,0,REST
537,43.96875,-13.4481,-0.6293,-10.0288,-4.8496,0,REST
538,43.97265625,-14.3849,-4.2115,-6.7494,-4.4038,0,REST
539,43.9765625,-16.3096,-6.3804,-3.4829,-7.0163,0,REST
540,43.98046875,-13.6258,-9.6311,1.3338,-9.8583,0,REST
541,43.984375,-8.7116,-11.0057,-1.4,-10.9626,0,REST
542,43.98828125,-9.7083,-11.3256,8.3233,-7.8276,0,REST
543,43.9921875,-10.0423,-4.8595,7.2034,-10.3082,0,REST
544,43.99609375,-3.3539,-10.7738,9.3909,-8.8014,0,REST
545,44.0,2.7177,-6.435,9.9356,-4.9127,0,REST
546,44.00390625,0.942,-1.9219,12.0186,-3.7433,0,REST
547,44.0078125,6.4831,-2.322,12.8229,3.4538,0,REST
548,44.01171875,9.531,2.6387,8.527,4.7742,0,REST
549,44.015625,11.0448,1.9857,9.7822,5.68,0,REST
550,44.01953125,11.5342,3.9318,8.1407,8.2233,0,REST
551,44.0234375,10.7577,5.7081,4.1596,9.5942,0,REST
552,44.02734375,12.2588,7.1116,-0.6165,11.5691,0,REST
553,44.03125,9.9128,6.0732,-1.4406,12.1151,0,REST
554,44.03515625,8.468,8.8389,-5.526,10.9048,0,REST
555,44.0390625,4.3438,11.6839,-8.7785,6.6467,0,REST
556,44.04296875,0.3507,5.2537,-8.9712,8.1027,0,REST
557,44.046875,-1.5216,6.3278,-7.8915,6.59,0,REST
558,44.05078125,-5.4413,3.6767,-12.2229,2.0902,0,REST
559,44.0546875,-7.0692,1.846,-13.5091,-1.342,0,REST
560,44.05859375,-7.4756,-1.3475,-11.5916,-7.2604,0,REST
561,44.0625,-9.9012,-3.0708,-9.8105,-7.9831,0,REST
562,44.06640625,-12.2309,-1.6796,-7.6303,-8.1281,0,REST
563,44.0703125,-14.9674,-5.9472,-3.0517,-11.9231,0,REST
564,44.07421875,-9.9608,-9.7508,-2.6526,-13.7645,0,REST
565,44.078125,-6.5845,-7.4358,1.7234,-13.6794,0,REST
566,44.08203125,-10.049,-9.6535,8.2168,-10.044,0,REST
567,44.0859375,-6.1447,-6.8625,6.9434,-5.5427,0,REST
568,44.08984375,-4.3274,-5.145,9.3459,-7.5987,0,REST
569,44.09375,3.0598,-2.6436,10.7839,-5.7557,0,REST
570,44.09765625,4.4916,-1.8728,8.9087,2.833,0,REST
571,44.1015625,7.5748,-2.923,10.6105,2.222,0,REST
572,44.10546875,6.1969,-2.7482,9.3322,6.9934,0,REST
573,44.109375,8.6631,-1.4021,10.6575,10.9585,0,REST
574,44.11328125,11.3149,-1.2228,5.6428,13.9445,0,REST
575,44.1171875,11.6747,4.5963,4.9512,12.4112,0,REST
576,44.12109375,9.5742,0.3111,0.7081,12.9007,0,REST
577,44.125,3.8194,3.215,-1.2523,12.4271,0,REST
578,44.12890625,8.291,5.3822,-3.7842,11.6347,0,REST
579,44.1328125,5.5936,2.0033,-5.6514,5.9943,0,REST
580,44.13671875,3.4499,8.2802,-7.2901,7.3338,0,REST
581,44.140625,-1.7798,4.4159,-4.9745,0.7436,0,REST
582,44.14453125,-7.333,0.2536,-8.8693,-4.0806,0,REST
583,44.1484375,-6.904,0.4574,-7.1212,-7.1636,0,REST
584,44.15234375,-6.2945,2.51,-6.6199,-10.2283,0,REST
585,44.15625,-5.1739,-1.1663,-8.0996,-13.9521,0,REST
586,44.16015625,-8.1287,-3.1517,-6.4181,-13.4281,0,REST
587,44.1640625,-4.2274,-5.3402,-5.5523,-11.4186,0,REST
588,44.16796875,-13.2203,-1.0473,-3.0564,-10.2302,0,REST
589,44.171875,-10.0614,-2.3014,-2.5777,-9.9105,0,REST
590,44.17578125,-7.9733,-2.0792,2.1211,-6.2651,0,REST
591,44.1796875,0.6579,-4.8666,6.4068,-6.0119,0,REST
592,44.18359375,-7.9339,-2.2025,2.825,-3.1818,0,REST
593,44.1875,1.695,-2.6002,1.8174,0.7388,0,REST
594,44.19140625,-2.5073,-0.945,6.1293,3.5249,0,REST
595,44.1953125,1.4561,-3.1213,6.5289,10.6616,0,REST
596,44.19921875,5.0392,-3.5196,5.1475,7.7325,0,REST
597,44.203125,6.1799,1.3285,7.5067,11.0732,0,REST
598,44.20703125,4.3529,-0.7938,3.5999,11.9943,0,REST
599,44.2109375,0.5435,-1.0434,6.3439,10.2767,0,REST
600,44.21484375,5.0129,-1.1767,-0.2384,11.8168,0,REST
601,44.21875,2.485,2.7344,0.3347,9.3927,0,REST
602,44.22265625,0.4272,4.556,2.4212,2.9105,0,REST
603,44.2265625,4.0042,4.618,-0.8521,2.0922,0,REST
604,44.23046875,3.2476,10.0216,-0.0229,0.4432,0,REST
605,44.234375,0.3766,3.9542,-1.3402,-0.7384,0,REST
606,44.23828125,1.5949,5.1718,-1.9531,-1.22,0,REST
607,44.2421875,2.1439,3.2592,2.8563,-7.2995,0,REST
608,44.24609375,0.3904,2.3839,-3.1845,-9.8418,0,REST
609,44.25,-0.4666,-1.624,-5.9066,-8.2817,0,REST
610,44.25390625,1.0096,3.156,-3.8923,-12.6229,0,REST
611,44.2578125,0.6581,-0.5766,-4.7938,-10.581,0,REST
612,44.26171875,-4.3909,4.0758,-5.0309,-8.6126,0,REST
613,44.265625,-5.086,-0.1827,-3.1909,-4.4776,0,REST
614,44.26953125,1.3099,-1.4076,-3.8168,-5.7436,0,REST
615,44.2734375,-2.6676,-1.1381,-3.4142,-2.8542,0,REST
616,44.27734375,-3.8773,-2.0427,-0.3462,5.0357,0,REST
617,44.28125,-6.9063,1.6427,-1.3961,1.0984,0,REST
618,44.28515625,-5.3059,-7.7904,0.4871,1.6617,0,REST
619,44.2890625,-1.3779,-4.846,0.4975,5.5074,0,REST
620,44.29296875,-1.5286,-7.7736,-0.7827,7.0551,0,REST
621,44.296875,-1.9781,-5.1596,0.8345,8.5884,0,REST
622,44.30078125,-5.2184,-0.6472,1.4526,2.3999,0,REST
623,44.3046875,-3.2835,-4.0642,1.4499,6.2996,0,REST
624,44.30859375,-3.126,-3.5245,4.3547,4.1802,0,REST
625,44.3125,-0.815,-2.9138,3.703,2.8642,0,REST
626,44.31640625,1.1045,-1.2642,6.5071,0.3315,0,REST
627,44.3203125,5.3174,-0.462,6.1812,-0.6086,0,REST
628,44.32421875,6.5563,2.8724,5.7281,-0.4243,0,REST
629,44.328125,7.5235,5.1218,6.3578,-5.7916,0,REST
630,44.33203125,9.657,2.0645,11.2328,-2.0102,0,REST
631,44.3359375,5.1907,3.2893,4.8901,-4.6623,0,REST
632,44.33984375,6.6151,2.4577,1.8465,-2.121,0,REST
633,44.34375,5.7427,5.1709,2.1552,-6.1932,0,REST
634,44.34765625,2.8746,4.8708,-0.8266,-7.5417,0,REST
635,44.3515625,5.6819,7.3737,3.0727,-5.9584,0,REST
636,44.35546875,0.307,1.7752,-5.3778,-5.9702,0,REST
637,44.359375,-1.7355,5.5423,-6.8592,-2.5197,0,REST
638,44.36328125,-0.9825,4.1999,-6.7503,-1.513,0,REST
639,44.3671875,-7.1205,5.4945,-9.8076,-4.2377,0,REST
640,44.37109375,-5.1095,4.7129,-9.6133,-0.5936,0,REST
641,44.375,-6.6474,1.4787,-8.4516,-0.9052,0,REST
642,44.37890625,-11.3999,-2.6218,-12.0878,2.9366,0,REST
643,44.3828125,-12.3522,-5.7544,-5.9324,4.2764,0,REST
644,44.38671875,-8.3613,-6.848,-4.1465,2.6887,0,REST
645,44.390625,-11.9351,-10.8654,-3.3067,5.2759,0,REST
646,44.39453125,-8.4932,-10.561,0.3475,-0.6415,0,REST
647,44.3984375,0.1325,-10.1948,-2.6064,-0.0107,0,REST
648,44.40234375,-6.3533,-6.8744,5.3226,2.5777,0,REST
649,44.40625,-0.7435,-7.3076,3.8189,2.8699,0,REST
650,44.41015625,3.6209,-2.3523,4.9331,3.363,0,REST
651,44.4140625,6.4107,-5.353,9.2767,3.2798,0,REST
652,44.41796875,8.3879,-2.7446,14.6481,-2.2323,0,REST
653,44.421875,12.1751,3.2982,11.8846,3.6868,0,REST
654,44.42578125,11.1849,2.4464,7.6677,1.9415,0,REST
655,44.4296875,11.0386,7.7704,6.1058,-4.7106,0,REST
656,44.43359375,14.5005,7.423,7.2617,0.2551,0,REST
657,44.4375,11.405,10.2413,9.7555,3.1814,0,REST
658,44.44140625,7.9858,10.117,2.3073,-2.0516,0,REST
659,44.4453125,4.6874,9.9001,-1.1908,2.2238,0,REST
660,44.44921875,3.1367,13.4196,-5.3304,-1.8926,0,REST
661,44.453125,-0.5518,7.8547,-7.9314,-3.9636,0,REST
662,44.45703125,-5.6043,3.8566,-8.8929,-4.1584,0,REST
663,44.4609375,-8.7386,1.8842,-11.6791,-3.9388,0,REST
664,44.46484375,-9.1016,-0.2182,-14.8943,-4.5586,0,REST
665,44.46875,-10.1504,-3.1661,-11.6517,-2.1492,0,REST
666,44.47265625,-12.2394,-7.1055,-10.2568,-2.0767,0,REST
667,44.4765625,-9.592,-3.5761,-8.68,-3.0444,0,REST
668,44.48046875,-10.4939,-7.0527,-7.2143,0.1145,0,REST
669,44.484375,-6.9642,-8.7531,-1.562,-0.3551,0,REST
670,44.48828125,-7.6794,-12.1416,-3.3177,-3.3761,0,REST
671,44.4921875,-6.7753,-13.6352,4.0652,1.8707,0,REST
672,44.49609375,0.3931,-9.5506,7.8536,2.2556,0,REST
673,44.5,-1.5966,-4.401,8.8118,4.6488,0,REST
674,44.50390625,4.3161,-10.7431,9.2166,7.0403,0,REST
675,44.5078125,6.065,-4.6401,11.9197,6.614,0,REST
676,44.51171875,10.8897,-5.8917,13.0539,9.5232,0,REST
677,44.515625,8.2235,-0.1069,9.1116,3.3567,0,REST
678,44.51953125,13.912,5.968,12.4898,5.9394,0,REST
679,44.5234375,12.3353,8.2336,10.2361,5.45,0,REST
680,44.52734375,8.2181,7.5187,12.0194,1.8064,0,REST
681,44.53125,11.7193,11.6457,4.7,1.1251,0,REST
682,44.53515625,10.3818,15.2627,4.0849,2.753,0,REST
683,44.5390625,6.1759,12.4157,-4.3766,1.5131,0,REST
684,44.54296875,2.4819,8.029,-2.6075,-5.8123,0,REST
685,44.546875,-0.6029,10.609,-5.4845,-6.4381,0,REST
686,44.55078125,-3.2213,11.2439,-10.2393,-10.56,0,REST
687,44.5546875,-4.2313,6.4204,-10.0042,-11.0987,0,REST
688,44.55859375,-6.7625,4.2805,-13.9462,-10.2254,0,REST
689,44.5625,-7.8025,0.492,-10.5632,-11.0621,0,REST
690,44.56640625,-13.1355,-4.7193,-12.0499,-7.9607,0,REST
691,44.5703125,-10.2117,-7.2281,-8.5563,-4.3377,0,REST
692,44.57421875,-10.4686,-5.4501,-7.0956,-1.6495,0,REST
693,44.578125,-7.5283,-14.0241,-5.4926,-1.7613,0,REST
694,44.58203125,-6.5349,-16.403,-2.5435,1.0636,0,REST
695,44.5859375,-5.5982,-15.0241,-0.595,3.2744,0,REST
696,44.58984375,-2.5,-11.2252,6.2123,6.5072,0,REST
697,44.59375,1.6066,-12.1366,5.5523,7.9316,0,REST
698,44.59765625,6.3477,-12.9771,3.9859,9.8968,0,REST
699,44.6015625,6.1778,-11.8669,6.6772,12.9909,0,REST
700,44.60546875,5.3217,-1.814,10.8412,11.5162,0,REST
701,44.609375,5.3561,0.3978,11.0702,13.4106,0,REST
702,44.61328125,9.8506,6.4008,11.6053,9.3261,0,REST
703,44.6171875,10.1642,5.0044,9.5351,3.1327,0,REST
704,44.62109375,6.4452,8.9581,5.4431,1.2732,0,REST
705,44.625,4.6776,13.0341,6.1224,1.3538,0,REST
706,44.62890625,4.9269,14.7973,3.0859,-7.0423,0,REST
707,44.6328125,3.4784,14.9432,0.5036,-7.555,0,REST
708,44.63671875,5.5067,12.6802,-2.4702,-9.2789,0,REST
709,44.640625,2.2216,8.2387,-5.733,-11.1251,0,REST
710,44.64453125,0.1016,9.217,-3.9022,-11.3837,0,REST
711,44.6484375,-2.4557,8.4341,-5.1927,-15.3671,0,REST
712,44.65234375,-5.4048,1.1446,-8.0816,-10.6441,0,REST
713,44.65625,-8.3232,-2.2152,-10.2372,-10.8171,0,REST
714,44.66015625,-4.5035,-5.957,-8.8421,-3.8326,0,REST
715,44.6640625,-5.4752,-7.1229,-8.4957,-6.4214,0,REST
716,44.66796875,-8.4675,-12.0712,-3.6275,2.0764,0,REST
717,44.671875,-4.0109,-13.2371,-8.1368,2.2343,0,REST
718,44.67578125,-5.8012,-11.8283,-1.6297,4.189,0,REST
719,44.6796875,-1.5632,-13.5422,-0.7045,7.0698,0,REST
720,44.68359375,-0.1742,-10.2177,4.8518,8.2825,0,REST
721,44.6875,0.275,-6.4243,3.171,7.9435,0,REST
722,44.69140625,2.4726,-4.107,1.3979,12.3425,0,REST
723,44.6953125,2.0845,-5.9564,3.661,10.617,0,REST
724,44.69921875,3.245,-5.2967,6.4427,9.9172,0,REST
725,44.703125,4.479,0.1431,4.0486,6.4146,0,REST
726,44.70703125,5.4933,8.5956,3.3834,7.77,0,REST
727,44.7109375,2.4761,6.7382,2.899,0.2605,0,REST
728,44.71484375,5.0893,11.8452,2.0187,0.901,0,REST
729,44.71875,3.8881,12.8711,3.1998,-3.8612,0,REST
730,44.72265625,4.8223,11.7808,3.0354,-10.6534,0,REST
731,44.7265625,2.0507,11.7056,0.2937,-4.0463,0,REST
732,44.73046875,-0.5321,10.2693,3.6065,-11.319,0,REST
733,44.734375,3.1274,11.8348,4.6762,-11.0659,0,REST
734,44.73828125,2.5049,10.2899,3.0882,-16.7801,0,REST
735,44.7421875,1.2248,5.878,-2.1288,-9.8257,0,REST
736,44.74609375,2.5609,4.3296,2.3005,-5.0812,0,REST
737,44.75,-2.3366,-0.0814,-0.8107,-6.1575,0,REST
738,44.75390625,-2.9466,-1.6179,-0.4271,-0.8501,0,REST
739,44.7578125,0.1695,-3.9027,-2.1283,-3.5088,0,REST
740,44.76171875,0.5104,-8.4729,3.2806,2.328,0,REST
741,44.765625,-1.7173,-7.8819,-2.0752,4.6308,0,REST
742,44.76953125,-4.08,-10.3523,-2.6206,7.7523,0,REST
743,44.7734375,-4.8749,-11.9875,-1.2388,9.4407,0,REST
744,44.77734375,-2.7698,-12.1045,-3.4045,9.862,0,REST
745,44.78125,-5.4768,-6.4344,-3.9128,9.3283,0,REST
746,44.78515625,-4.2704,-5.325,-1.1867,13.0427,0,REST
747,44.7890625,-3.2207,-6.1867,-1.0237,12.0668,0,REST
748,44.79296875,-1.8486,1.2173,-6.5848,8.4352,0,REST
749,44.796875,-5.4723,4.3196,-1.8355,8.4891,0,REST
750,44.80078125,-4.1226,6.5298,-1.8257,3.5475,0,REST
751,44.8046875,0.659,4.147,-1.9629,2.4952,0,REST
752,44.80859375,-0.4855,6.7782,-1.7313,-4.9225,0,REST
753,44.8125,2.0093,4.4572,1.397,-5.0615,0,REST
754,44.81640625,2.7508,10.4523,2.5967,-9.4065,0,REST
755,44.8203125,2.6789,10.4195,4.7569,-12.9405,0,REST
756,44.82421875,1.4496,8.5557,4.5308,-12.77,0,REST
757,44.828125,1.4112,5.4481,5.302,-10.2332,0,REST
758,44.83203125,6.9934,4.5814,5.1541,-6.5215,0,REST
759,44.8359375,4.1172,6.4558,5.1939,-11.9885,0,REST
760,44.83984375,4.4658,3.9639,6.7033,-6.0065,0,REST
761,44.84375,4.2389,-1.114,9.3951,-2.659,0,REST
762,44.84765625,6.3564,-2.5664,4.4898,-0.9441,0,REST
763,44.8515625,0.6263,-0.6113,1.8042,0.645,0,REST
764,44.85546875,1.6156,-5.6524,-0.3859,6.4366,0,REST
765,44.859375,-2.7164,-3.4257,0.3771,6.9756,0,REST
766,44.86328125,-1.6595,-9.6308,-5.5359,7.855,0,REST
767,44.8671875,-3.1481,-4.6763,-5.0592,6.3116,0,REST
768,44.87109375,-5.7988,-8.2177,-7.3511,10.5412,0,REST
769,44.875,-9.4526,-6.0157,-9.7493,9.4075,0,REST
770,44.87890625,-10.8932,-4.1867,-9.7264,7.5002,0,REST
771,44.8828125,-9.6504,-2.116,-5.8009,9.6125,0,REST
772,44.88671875,-9.3107,-5.1568,-10.3514,2.5414,0,REST
773,44.890625,-8.3226,0.2911,-7.2339,1.1142,0,REST
774,44.89453125,-4.5638,1.0863,-4.5547,0.7669,0,REST
775,44.8984375,-7.6128,1.5917,-3.7735,-4.0371,0,REST
776,44.90234375,-2.9239,-0.3161,-0.9885,-6.4893,0,REST
777,44.90625,-0.5658,1.9521,4.1935,-4.8987,0,REST
778,44.91015625,-0.7459,3.5496,1.7698,-4.606,0,REST
779,44.9140625,5.3559,2.3593,5.2108,-4.2278,0,REST
780,44.91796875,6.9913,6.2182,7.5107,-6.177,0,REST
781,44.921875,9.6004,2.0074,11.6274,-3.6922,0,REST
782,44.92578125,9.6084,2.0032,10.9646,-3.1442,0,REST
783,44.9296875,15.4135,2.6985,12.062,-6.7374,0,REST
784,44.93359375,10.7194,1.3163,13.129,-3.5517,0,REST
785,44.9375,11.3931,1.009,14.1581,1.4696,0,REST
786,44.94140625,9.9835,-0.6698,8.1034,6.7235,0,REST
787,44.9453125,8.8715,-3.3148,2.5091,1.796,0,REST
788,44.94921875,3.1018,-4.2098,2.398,3.5566,0,REST
789,44.953125,-2.1837,-2.5813,-1.5856,0.3607,0,REST
790,44.95703125,-5.8531,-3.9091,-5.9086,4.8235,0,REST
791,44.9609375,-2.7254,-2.2059,-2.622,7.3685,0,REST
792,44.96484375,-9.9222,3.2123,-9.194,0.6165,0,REST
793,44.96875,-12.6281,-3.1617,-11.9779,3.7077,0,REST
794,44.97265625,-6.904,-5.7206,-11.1165,4.2724,0,REST
795,44.9765625,-13.9753,-4.8099,-9.128,3.5871,0,REST
796,44.98046875,-16.8295,-1.4066,-11.7554,3.4559,0,REST
797,44.984375,-11.7575,-2.1733,-13.3001,2.1471,0,REST
798,44.98828125,-9.0361,-0.8528,-10.9011,1.5122,0,REST
799,44.9921875,-7.2971,1.6738,-6.623,2.6853,0,REST
800,44.99609375,-2.7184,2.2405,-2.999,4.0538,0,REST
801,45.0,1.8707,-2.7411,-2.5604,1.8966,0,REST
802,45.00390625,1.671,1.4427,6.6047,-1.2456,0,REST
803,45.0078125,3.578,0.5274,4.8131,0.629,0,REST
804,45.01171875,6.3629,1.9677,7.4969,-3.4384,0,REST
805,45.015625,8.8867,5.7974,13.6061,-4.768,0,REST
806,45.01953125,10.9951,3.7613,11.1251,-3.7485,0,REST
807,45.0234375,12.6853,3.1844,11.9022,-2.1211,0,REST
808,45.02734375,13.8595,6.0329,13.3307,-3.8562,0,REST
809,45.03125,9.8839,2.2875,13.6569,-6.2946,0,REST
810,45.03515625,10.7718,2.2949,9.724,-3.823,0,REST
811,45.0390625,6.6574,5.0412,5.5729,0.4301,0,REST
812,45.04296875,2.7903,3.2789,6.4317,-1.9328,0,REST
813,45.046875,-5.835,1.7933,-1.4855,-3.7119,0,REST
814,45.05078125,-5.7214,2.0348,-3.1864,-3.5719,0,REST
815,45.0546875,-8.6293,0.873,-5.0164,-3.6708,0,REST
816,45.05859375,-10.0864,-2.5782,-6.3852,2.3696,0,REST
817,45.0625,-12.1745,-1.2054,-13.4195,1.3595,0,REST
818,45.06640625,-11.3285,-0.3944,-11.6523,2.7589,0,REST
819,45.0703125,-11.2227,-2.0414,-16.1638,2.0672,0,REST
820,45.07421875,-14.64,-4.3083,-13.1544,6.2768,0,REST
821,45.078125,-10.1968,-5.6262,-10.3245,5.8288,0,REST
822,45.08203125,-7.6026,-4.5421,-8.599,6.4119,0,REST
823,45.0859375,-1.6437,-4.2636,-6.4576,7.3204,0,REST
824,45.08984375,-2.0931,-3.7523,-3.907,6.5413,0,REST
825,45.09375,-3.6929,-0.9794,-2.9265,4.8974,0,REST
826,45.09765625,3.3482,-2.0549,5.2697,4.5665,0,REST
827,45.1015625,4.3609,-1.881,5.3813,0.9934,0,REST
828,45.10546875,6.7353,-1.0588,7.0507,-0.553,0,REST
829,45.109375,7.5013,2.8191,8.1447,-3.6756,0,REST
830,45.11328125,10.9914,3.2864,12.2264,-3.5439,0,REST
831,45.1171875,9.4023,3.3849,10.7047,-6.3464,0,REST
832,45.12109375,9.842,4.426,10.2713,-6.6081,0,REST
833,45.125,9.997,7.3337,6.8169,-8.7276,0,REST
834,45.12890625,6.5309,8.2103,4.197,-6.4842,0,REST
835,45.1328125,0.2329,13.2359,7.0925,-10.6855,0,REST
836,45.13671875,3.5435,5.9571,5.7276,-10.1525,0,REST
837,45.140625,0.7078,4.9656,-0.3833,-6.4536,0,REST
838,45.14453125,-2.7127,3.5464,1.5828,-5.3605,0,REST
839,45.1484375,-1.7418,5.0221,-0.5405,-0.2432,0,REST
840,45.15234375,-7.9494,5.4304,-2.5391,-0.7932,0,REST
841,45.15625,-8.0646,-1.5223,-8.8286,2.7804,0,REST
842,45.16015625,-8.9252,-1.0374,-5.7172,8.5085,0,REST
843,45.1640625,-8.109,-4.6008,-5.5948,5.2179,0,REST
844,45.16796875,-4.4524,-5.6801,-7.8818,13.0552,0,REST
845,45.171875,-6.1694,-5.9653,-7.4992,12.842,0,REST
846,45.17578125,-6.4584,-10.9267,-7.3191,14.5601,0,REST
847,45.1796875,-4.063,-10.4215,-5.6767,7.5246,0,REST
848,45.18359375,-3.129,-6.9335,-1.8609,8.7161,0,REST
849,45.1875,2.2789,-8.255,-2.8461,7.5343,0,REST
850,45.19140625,0.1158,-8.4875,-0.7479,1.2697,0,REST
851,45.1953125,-0.2427,-7.6066,-2.9195,4.7659,0,REST
852,45.19921875,4.2907,-7.7874,-1.4521,-3.0082,0,REST
853,45.203125,3.0657,-1.5432,2.017,-7.9852,0,REST
854,45.20703125,5.4265,1.3933,0.8416,-8.6256,0,REST
855,45.2109375,2.6534,5.6099,5.6274,-11.5644,0,REST
856,45.21484375,4.2791,7.7782,4.0385,-9.871,0,REST
857,45.21875,4.3789,10.4687,4.1357,-15.0184,0,REST
858,45.22265625,5.2888,12.2805,4.9982,-10.3857,0,REST
859,45.2265625,4.2259,12.7296,2.2854,-11.0474,0,REST
860,45.23046875,5.5062,10.5261,1.0811,-10.2039,0,REST
861,45.234375,1.6076,10.5198,-1.54,-2.8614,0,REST
862,45.23828125,0.8617,10.3982,-1.4615,-3.5332,0,REST
863,45.2421875,-1.5829,-1.9818,3.7235,2.9996,1,PREPARE
864,45.24609375,1.1387,-1.5212,2.7761,1.3127,1,PREPARE
865,45.25,1.962,-3.309,2.3101,1.7037,1,PREPARE
866,45.25390625,3.0115,-7.5808,-2.6635,4.4517,1,PREPARE
867,45.2578125,-0.8255,-4.313,3.6033,4.194,1,PREPARE
868,45.26171875,-4.7673,-2.0747,0.7733,3.5267,1,PREPARE
869,45.265625,0.6384,-4.4277,-0.99,4.6194,1,PREPARE
870,45.26953125,-6.1848,-7.676,-5.4546,2.5942,1,PREPARE
871,45.2734375,-5.79,-5.2356,-6.8405,0.4689,1,PREPARE
872,45.27734375,-4.3894,-3.3144,-4.6345,-0.0034,1,PREPARE
873,45.28125,-3.3674,-5.5401,-3.0154,0.6677,1,PREPARE
874,45.28515625,-4.8086,0.0753,-8.3636,-0.4015,1,PREPARE
875,45.2890625,0.684,-0.5202,-2.9318,-0.6024,1,PREPARE
876,45.29296875,0.1786,0.7395,-5.1548,-2.2618,1,PREPARE
877,45.296875,-0.74,1.221,-3.0992,-3.5902,1,PREPARE
878,45.30078125,-0.6771,4.2613,-4.6323,-0.9489,1,PREPARE
879,45.3046875,3.5346,6.0047,-1.4795,-7.7245,1,PREPARE
880,45.30859375,2.1601,2.06,1.9116,-3.9754,1,PREPARE
881,45.3125,3.284,6.9894,-0.2971,-4.816,1,PREPARE
882,45.31640625,4.7265,4.3473,2.4278,-2.7815,1,PREPARE
883,45.3203125,3.74,1.6081,6.4632,-3.6567,1,PREPARE
884,45.32421875,4.1383,2.9297,0.5528,-3.0825,1,PREPARE
885,45.328125,5.6667,6.3243,4.2407,-1.6952,1,PREPARE
886,45.33203125,2.1679,8.4592,4.1704,-2.174,1,PREPARE
887,45.3359375,3.2913,5.7559,6.2503,1.9092,1,PREPARE
888,45.33984375,4.3824,-0.2914,2.8932,-0.2795,1,PREPARE
889,45.34375,0.4681,-1.6771,3.2236,2.2359,1,PREPARE
890,45.34765625,0.6704,0.5048,1.3328,4.0124,1,PREPARE
891,45.3515625,1.6018,-1.7381,1.6085,6.0836,1,PREPARE
892,45.35546875,1.6937,-7.6201,2.043,5.9333,1,PREPARE
893,45.359375,-2.7795,-6.0469,1.4328,4.8739,1,PREPARE
894,45.36328125,-3.0921,-3.378,-0.728,4.2864,1,PREPARE
895,45.3671875,-3.4279,-7.3197,-5.2161,2.9171,1,PREPARE
896,45.37109375,-7.7871,-5.2711,-1.0827,4.1379,1,PREPARE
897,45.375,-4.9055,-3.2793,-2.3643,3.8556,1,PREPARE
898,45.37890625,-5.709,-3.5568,-4.0056,-0.87,1,PREPARE
899,45.3828125,-6.5376,-4.2094,-1.9291,3.5578,1,PREPARE
900,45.38671875,-6.2621,-0.9671,-6.7366,-1.1707,1,PREPARE
901,45.390625,0.1824,3.0362,-2.7941,0.1028,1,PREPARE
902,45.39453125,-6.0544,0.9965,-5.7779,-3.9906,1,PREPARE
903,45.3984375,0.9219,1.3504,-1.2317,-2.6549,1,PREPARE
904,45.40234375,1.2088,2.8244,-1.7779,-6.1049,1,PREPARE
905,45.40625,3.7984,2.201,-2.7462,-8.8922,1,PREPARE
906,45.41015625,1.8978,5.0019,-1.1657,-2.4554,1,PREPARE
907,45.4140625,1.1702,7.4158,1.5255,-6.0149,1,PREPARE
908,45.41796875,4.2606,8.8157,0.781,-4.411,1,PREPARE
909,45.421875,7.0828,5.47,3.8117,-1.9484,1,PREPARE
910,45.42578125,7.0656,3.411,6.7153,-2.0543,1,PREPARE
911,45.4296875,4.5036,3.1972,3.8212,1.8718,1,PREPARE
912,45.43359375,5.8615,2.976,5.3377,4.8774,1,PREPARE
913,45.4375,4.2848,-1.1951,3.2569,2.4237,1,PREPARE
914,45.44140625,4.3881,0.277,4.7933,2.4187,1,PREPARE
915,45.4453125,2.1386,1.1111,5.5642,4.8538,1,PREPARE
916,45.44921875,1.2447,-3.4293,0.4458,0.4004,1,PREPARE
917,45.453125,-2.2349,-3.29,3.4526,8.4047,1,PREPARE
918,45.45703125,-2.397,-3.1014,-0.0909,4.364,1,PREPARE
919,45.4609375,-6.55,-0.2747,2.1027,2.467,1,PREPARE
920,45.46484375,-3.3416,-3.4349,-1.7981,2.0378,1,PREPARE
921,45.46875,-5.7903,-2.9438,-5.3588,3.0453,1,PREPARE
922,45.47265625,-2.9514,-5.9196,-2.0488,2.6822,1,PREPARE
923,45.4765625,-5.8619,-2.1584,-6.9339,1.7415,1,PREPARE
924,45.48046875,-3.7867,-4.2323,-6.7013,-2.5476,1,PREPARE
925,45.484375,-5.5541,-1.1408,-2.9956,-3.082,1,PREPARE
926,45.48828125,-6.4348,0.8497,-5.4545,-4.7228,1,PREPARE
927,45.4921875,-2.5179,0.6733,-7.8095,-1.7768,1,PREPARE
928,45.49609375,-1.8325,2.6408,-3.4407,-5.746,1,PREPARE
929,45.5,-1.6971,3.096,-1.3223,-7.1361,1,PREPARE
930,45.50390625,-0.5538,2.5793,-2.2694,-5.4698,1,PREPARE
931,45.5078125,1.8309,4.2621,2.5859,-6.3931,1,PREPARE
932,45.51171875,-0.4049,8.6471,2.3567,0.0153,1,PREPARE
933,45.515625,5.5557,5.8394,0.995,-4.0229,1,PREPARE
934,45.51953125,4.155,6.062,3.6438,-4.3335,1,PREPARE
935,45.5234375,5.6903,2.4536,3.866,0.33,1,PREPARE
936,45.52734375,4.5751,2.6445,3.0643,1.6042,1,PREPARE
937,45.53125,6.6239,0.449,3.0418,0.8577,1,PREPARE
938,45.53515625,6.3557,2.2497,5.2085,7.2953,1,PREPARE
939,45.5390625,3.7262,1.3004,8.7613,4.2468,1,PREPARE
940,45.54296875,2.9472,-3.092,8.1649,6.3186,1,PREPARE
941,45.546875,-0.7556,-2.6217,7.1449,3.3302,1,PREPARE
942,45.55078125,-1.9115,-3.7779,4.0998,7.6574,1,PREPARE
943,45.5546875,-2.3425,-5.2952,1.6491,3.2497,1,PREPARE
944,45.55859375,-5.4676,-3.2912,-1.9503,2.5955,1,PREPARE
945,45.5625,-2.3996,-7.8186,-2.5904,1.0951,1,PREPARE
946,45.56640625,-5.0351,-4.4283,-0.0727,2.73,1,PREPARE
947,45.5703125,-4.0964,-5.2146,-2.0656,3.0744,1,PREPARE
948,45.57421875,-4.2789,-1.6648,-4.0908,-0.4334,1,PREPARE
949,45.578125,-11.0409,-0.0196,-1.9597,-2.1699,1,PREPARE
950,45.58203125,-5.3599,-3.777,-6.2533,-0.8757,1,PREPARE
951,45.5859375,-3.3783,-0.0584,-5.1437,-5.6235,1,PREPARE
952,45.58984375,-2.7465,-0.0637,-1.6506,-4.064,1,PREPARE
953,45.59375,0.1293,1.348,-3.1375,-6.8821,1,PREPARE
954,45.59765625,-1.6259,2.9624,-5.0673,-3.7033,1,PREPARE
955,45.6015625,0.7915,3.7262,-1.4314,-4.8025,1,PREPARE
956,45.60546875,-0.7684,4.802,-3.5236,-5.8194,1,PREPARE
957,45.609375,4.6431,6.0075,1.5019,0.7852,1,PREPARE
958,45.61328125,4.9024,2.3224,0.2079,-0.4281,1,PREPARE
959,45.6171875,2.637,5.4189,6.3409,0.9559,1,PREPARE
960,45.62109375,0.9596,5.3398,0.2501,1.3818,1,PREPARE
961,45.625,4.6231,3.3596,3.9792,-1.3639,1,PREPARE
962,45.62890625,2.7627,1.4727,10.4328,2.5819,1,PREPARE
963,45.6328125,2.011,2.9414,4.6044,2.2033,1,PREPARE
964,45.63671875,1.8276,5.9722,1.7616,3.4881,1,PREPARE
965,45.640625,3.122,-0.4394,2.5113,9.8686,1,PREPARE
966,45.64453125,3.5101,0.3452,-0.4329,5.8543,1,PREPARE
967,45.6484375,4.8109,-5.7702,0.602,3.8682,1,PREPARE
968,45.65234375,-1.4625,-5.3005,2.6346,1.4818,1,PREPARE
969,45.65625,-0.7632,-5.4942,3.7549,3.6863,1,PREPARE
970,45.66015625,-3.372,-9.6132,3.4535,3.2497,1,PREPARE
971,45.6640625,-3.2027,-3.8281,1.074,-2.7916,1,PREPARE
972,45.66796875,-3.0117,-3.9574,1.1967,-0.0085,1,PREPARE
973,45.671875,-5.1407,-6.6644,-1.4036,-1.3903,1,PREPARE
974,45.67578125,-3.0325,-1.1943,-3.8483,-5.3225,1,PREPARE
975,45.6796875,-7.4104,-5.6216,-4.4437,-3.6692,1,PREPARE
976,45.68359375,-4.8539,-0.1205,-7.245,-4.3609,1,PREPARE
977,45.6875,-4.3236,-0.9394,-6.7656,-6.2722,1,PREPARE
978,45.69140625,-4.9135,3.1845,-4.1932,-3.3035,1,PREPARE
979,45.6953125,-1.8195,4.7076,-1.0221,-6.065,1,PREPARE
980,45.69921875,0.0204,2.524,-3.127,-7.5104,1,PREPARE
981,45.703125,-0.0155,5.1374,-0.7214,-1.9886,1,PREPARE
982,45.70703125,3.2652,4.6279,0.0698,-2.3145,1,PREPARE
983,45.7109375,4.0628,3.6137,-3.2247,-1.7511,1,PREPARE
984,45.71484375,3.7369,9.0219,-1.8967,-2.6434,1,PREPARE
985,45.71875,6.7203,4.1434,2.153,3.2257,1,PREPARE
986,45.72265625,6.0575,4.686,4.7554,2.0326,1,PREPARE
987,45.7265625,3.5242,1.651,1.372,0.1882,1,PREPARE
988,45.73046875,0.3858,-1.4237,4.7036,5.9024,1,PREPARE
989,45.734375,3.0573,-2.8662,4.1656,4.4755,1,PREPARE
990,45.73828125,3.0476,-1.9867,5.9827,6.9618,1,PREPARE
991,45.7421875,4.1328,-3.4901,2.0722,4.4994,1,PREPARE
992,45.74609375,0.2111,-6.4014,3.852,9.581,1,PREPARE
993,45.75,1.7875,-7.177,2.4678,1.9001,1,PREPARE
994,45.75390625,-1.4098,-5.0933,2.1869,5.3183,1,PREPARE
995,45.7578125,-3.0402,-2.3627,6.1198,-0.4352,1,PREPARE
996,45.76171875,-3.1671,1.1496,0.6938,-0.5269,1,PREPARE
997,45.765625,-6.5714,-7.7728,0.6622,0.4739,1,PREPARE
998,45.76953125,-7.577,-3.1711,-2.7707,-4.0984,1,PREPARE
999,45.7734375,-5.9918,-1.1894,-2.7899,-5.9881,1,PREPARE
1000,45.77734375,-5.4128,-1.3942,-2.5364,-2.6468,1,PREPARE
1001,45.78125,-4.664,0.9326,-4.8408,-5.4089,1,PREPARE
1002,45.78515625,-2.7389,2.1005,-2.1601,-2.4611,1,PREPARE
1003,45.7890625,-1.9768,-1.4418,-4.8893,-3.7921,1,PREPARE
1004,45.79296875,-2.4146,-3.3387,-8.7045,-5.2204,1,PREPARE
1005,45.796875,-0.3756,3.8855,-6.1765,-4.8041,1,PREPARE
1006,45.80078125,0.7038,1.9792,-2.2852,-3.4252,1,PREPARE
1007,45.8046875,-0.7106,8.2656,-5.1278,-1.7949,1,PREPARE
1008,45.80859375,2.9054,1.306,-0.6787,2.3639,1,PREPARE
1009,45.8125,4.6346,9.158,-2.5919,0.2291,1,PREPARE
1010,45.81640625,1.2673,3.3347,-1.8895,2.1878,1,PREPARE
1011,45.8203125,7.3199,4.97,-0.3006,0.8167,1,PREPARE
1012,45.82421875,5.6585,0.752,2.6132,4.3477,1,PREPARE
1013,45.828125,6.9444,0.7632,2.5069,2.5365,1,PREPARE
1014,45.83203125,5.4708,2.0986,5.509,4.1481,1,PREPARE
1015,45.8359375,1.098,-4.7955,-0.5976,7.1787,1,PREPARE
1016,45.83984375,2.7618,-2.4818,4.3645,2.5859,1,PREPARE
1017,45.84375,3.4951,-5.0339,8.517,3.0459,1,PREPARE
1018,45.84765625,-1.2139,-5.4101,5.9876,-1.3327,1,PREPARE
1019,45.8515625,-2.0409,-6.1393,4.2639,4.4827,1,PREPARE
1020,45.85546875,-3.981,-4.8517,-3.1311,-0.2997,1,PREPARE
1021,45.859375,-2.6358,-4.8966,4.6549,-0.0981,1,PREPARE
1022,45.86328125,-3.8181,-3.5532,1.067,-3.0391,1,PREPARE
1023,45.8671875,-7.2615,-3.6981,-1.0058,-3.3009,1,PREPARE
1024,45.87109375,-5.076,0.1205,-4.1756,-0.8994,1,PREPARE
1025,45.875,-4.7935,0.0716,-1.9107,-6.3102,1,PREPARE
1026,45.87890625,-6.9701,-3.6649,-1.9779,-5.5985,1,PREPARE
1027,45.8828125,-4.725,4.9435,-2.474,-2.3886,1,PREPARE
1028,45.88671875,-4.7457,0.881,-4.3896,-6.1996,1,PREPARE
1029,45.890625,-3.618,3.7221,-7.3136,-7.6316,1,PREPARE
1030,45.89453125,0.0404,3.2242,-2.7103,-8.1126,1,PREPARE
1031,45.8984375,0.5351,2.985,-6.7428,-3.2151,1,PREPARE
1032,45.90234375,1.7403,5.4332,-4.1437,-3.3629,1,PREPARE
1033,45.90625,2.7019,11.0704,-4.1144,0.5086,1,PREPARE
1034,45.91015625,4.2735,6.1034,-0.4669,2.6435,1,PREPARE
1035,45.9140625,3.097,3.9323,1.2296,2.0963,1,PREPARE
1036,45.91796875,3.7668,1.0367,1.0648,5.6962,1,PREPARE
1037,45.921875,5.6769,0.6628,-0.4739,1.1291,1,PREPARE
1038,45.92578125,7.0647,5.2009,2.3899,6.9207,1,PREPARE
1039,45.9296875,7.6248,2.3226,5.2062,4.4952,1,PREPARE
1040,45.93359375,8.8216,-1.88,-1.3007,5.0127,1,PREPARE
1041,45.9375,3.1929,-5.1611,2.5099,5.5866,1,PREPARE
1042,45.94140625,1.1445,-5.4085,6.3143,0.2541,1,PREPARE
1043,45.9453125,3.6969,-3.917,6.0766,5.2059,1,PREPARE
1044,45.94921875,-2.3148,-4.3748,4.8992,3.5641,1,PREPARE
1045,45.953125,-1.6214,0.1709,6.6299,-1.9992,1,PREPARE
1046,45.95703125,-5.9136,-4.6005,1.7391,-0.8588,1,PREPARE
1047,45.9609375,-0.0697,-3.9348,-0.554,-1.9361,1,PREPARE
1048,45.96484375,-4.477,-6.9484,2.8569,-3.8645,1,PREPARE
1049,45.96875,-6.9912,-3.4858,-0.8406,-4.9234,1,PREPARE
1050,45.97265625,-5.0975,-1.1482,0.8151,-5.4548,1,PREPARE
1051,45.9765625,-5.9527,-2.3903,-0.8608,-3.9826,1,PREPARE
1052,45.98046875,-2.5449,-0.367,-2.3506,-5.5643,1,PREPARE
1053,45.984375,-4.8532,1.0109,-1.0101,-4.7503,1,PREPARE
1054,45.98828125,0.8737,3.3853,-7.6219,-3.0564,1,PREPARE
1055,45.9921875,0.3552,2.417,-3.1499,-1.9829,1,PREPARE
1056,45.99609375,-3.0795,3.6787,-9.5418,-1.0435,1,PREPARE
1057,46.0,1.2478,4.8462,-3.7071,1.7304,1,PREPARE
1058,46.00390625,2.025,3.3127,-2.5924,-0.7631,1,PREPARE
1059,46.0078125,1.6693,3.4899,-0.1379,1.5209,1,PREPARE
1060,46.01171875,-0.9084,3.7038,2.6561,6.7377,1,PREPARE
1061,46.015625,4.571,1.1506,-1.2015,6.5816,1,PREPARE
1062,46.01953125,4.0419,3.5568,1.9546,9.1359,1,PREPARE
1063,46.0234375,7.861,3.3269,4.7943,7.101,1,PREPARE
1064,46.02734375,5.6036,2.3599,1.4744,5.7891,1,PREPARE
1065,46.03125,4.8116,0.1836,0.0759,4.1679,1,PREPARE
1066,46.03515625,3.5623,-0.9425,5.0612,4.1353,1,PREPARE
1067,46.0390625,2.6883,-3.5991,5.052,2.9515,1,PREPARE
1068,46.04296875,2.1588,-5.2934,2.4462,2.7136,1,PREPARE
1069,46.046875,-1.5576,-2.6424,5.7055,-2.135,1,PREPARE
1070,46.05078125,0.2915,-5.6716,6.9366,-1.8952,1,PREPARE
1071,46.0546875,-0.5772,-7.2111,7.5091,-0.9432,1,PREPARE
1072,46.05859375,-1.1109,-5.7008,4.019,-7.9849,1,PREPARE
1073,46.0625,-6.3571,-5.4771,3.3927,-3.5351,1,PREPARE
1074,46.06640625,-5.7316,-3.6437,-1.8058,-2.5727,1,PREPARE
1075,46.0703125,-0.0227,-6.2836,0.091,-4.2269,1,PREPARE
1076,46.07421875,-6.6747,-0.8243,-0.3326,-4.9421,1,PREPARE
1077,46.078125,-6.3946,-1.312,-0.6716,-6.3767,1,PREPARE
1078,46.08203125,-5.1454,-0.6407,-4.4167,-1.8144,1,PREPARE
1079,46.0859375,-5.0928,2.1497,-2.8938,-2.9727,1,PREPARE
1080,46.08984375,-0.6104,7.4611,-1.9995,0.1181,1,PREPARE
1081,46.09375,-1.6528,3.8433,-7.4901,-0.2094,1,PREPARE
1082,46.09765625,-1.2716,4.6835,-3.9916,0.5123,1,PREPARE
1083,46.1015625,0.0281,8.5572,-8.2868,3.5852,1,PREPARE
1084,46.10546875,1.8742,8.7521,-3.4496,1.9763,1,PREPARE
1085,46.109375,4.6357,3.2679,-7.1072,5.6668,1,PREPARE
1086,46.11328125,5.5406,3.4077,-2.996,2.2645,1,PREPARE
1087,46.1171875,3.5323,4.1896,-3.1548,5.6934,1,PREPARE
1088,46.12109375,4.7574,3.2716,-1.0848,7.1241,1,PREPARE
1089,46.125,3.426,0.6153,-2.3613,5.782,1,PREPARE
1090,46.12890625,5.3307,4.384,1.1226,4.3847,1,PREPARE
1091,46.1328125,5.2972,-2.4191,-0.8492,3.0426,1,PREPARE
1092,46.13671875,1.5257,-3.5942,2.9113,1.3922,1,PREPARE
1093,46.140625,1.5872,-4.7106,4.9859,-4.5086,1,PREPARE
1094,46.14453125,-0.1238,-2.1791,4.0079,-0.0408,1,PREPARE
1095,46.1484375,0.961,-2.893,5.3251,0.7602,1,PREPARE
1096,46.15234375,-2.1077,-4.4947,5.7739,-4.0098,1,PREPARE
1097,46.15625,-1.0937,-1.9416,2.5408,-3.8393,1,PREPARE
1098,46.16015625,0.3491,-4.2319,2.9311,-6.6144,1,PREPARE
1099,46.1640625,-3.6302,-3.5432,2.2398,-5.3748,1,PREPARE
1100,46.16796875,-5.3466,-3.7414,-0.9149,-5.1333,1,PREPARE
1101,46.171875,-3.5282,1.1297,3.3023,-4.8906,1,PREPARE
1102,46.17578125,-7.0398,2.8377,-1.566,-6.4927,1,PREPARE
1103,46.1796875,-6.8766,-1.7946,-5.3392,-2.3164,1,PREPARE
1104,46.18359375,-2.6309,-4.0477,0.8005,-3.9544,1,PREPARE
1105,46.1875,-5.1436,2.5883,-3.8481,-1.4072,1,PREPARE
1106,46.19140625,-1.0011,5.2621,-5.4248,0.8487,1,PREPARE
1107,46.1953125,-1.0696,3.2738,-4.8909,0.0134,1,PREPARE
1108,46.19921875,1.5623,4.421,-5.9828,6.0291,1,PREPARE
1109,46.203125,1.476,5.4161,-2.6247,3.8213,1,PREPARE
1110,46.20703125,3.2027,3.3356,-4.406,4.159,1,PREPARE
1111,46.2109375,3.7448,5.0841,-3.5095,3.6746,1,PREPARE
1112,46.21484375,4.5558,3.5561,-3.341,4.3486,1,PREPARE
1113,46.21875,4.6044,4.4141,-0.1382,4.479,1,PREPARE
1114,46.22265625,1.1411,0.0032,0.6967,0.2705,1,PREPARE
1115,46.2265625,2.3487,-0.7383,0.98,5.8795,1,PREPARE
1116,46.23046875,5.3837,-0.9425,1.454,4.157,1,PREPARE
1117,46.234375,1.5898,-1.9222,3.3,-0.0032,1,PREPARE
1118,46.23828125,2.9704,-2.1048,1.8561,0.1283,1,PREPARE
1119,46.2421875,3.7825,-3.9281,6.3034,-2.0464,1,PREPARE
1120,46.24609375,2.1697,-7.1702,4.5012,-2.8932,1,PREPARE
1121,46.25,-1.8439,-2.1491,6.0774,-4.6262,1,PREPARE
1122,46.25390625,-1.4954,-6.076,5.2691,-5.4085,1,PREPARE
1123,46.2578125,-3.5078,-4.1954,4.821,-4.8811,1,PREPARE
1124,46.26171875,-1.2238,1.0575,3.2245,-3.4227,1,PREPARE
1125,46.265625,-7.6537,-1.2506,1.6238,-6.4522,1,PREPARE
1126,46.26953125,-6.2328,-1.2686,0.4541,-2.6395,1,PREPARE
1127,46.2734375,-3.4182,-3.2295,2.2243,-2.5902,1,PREPARE
1128,46.27734375,-4.5784,0.6134,-0.6851,-1.7356,1,PREPARE
1129,46.28125,-3.671,3.4367,-0.2595,-2.5984,1,PREPARE
1130,46.28515625,-7.856,5.2245,-4.2808,-3.3333,1,PREPARE
1131,46.2890625,-4.574,3.1226,-3.464,0.5127,1,PREPARE
1132,46.29296875,-7.4739,7.2337,-1.0933,1.7451,1,PREPARE
1133,46.296875,-1.2823,6.0071,-4.5765,4.0632,1,PREPARE
1134,46.30078125,-0.1283,3.8681,-5.0988,4.806,1,PREPARE
1135,46.3046875,2.2993,4.6066,-7.3013,4.7139,1,PREPARE
1136,46.30859375,0.1285,2.7534,-3.0352,5.1809,1,PREPARE
1137,46.3125,4.6551,3.6119,-2.9849,1.1516,1,PREPARE
1138,46.31640625,1.6373,4.3976,-5.926,1.4488,1,PREPARE
1139,46.3203125,4.4156,-1.0264,-4.6531,3.3779,1,PREPARE
1140,46.32421875,5.3295,-1.2224,0.8336,7.3568,1,PREPARE
1141,46.328125,4.4379,-4.5559,0.8214,-0.5285,1,PREPARE
1142,46.33203125,6.1227,-2.4989,4.2256,0.2692,1,PREPARE
1143,46.3359375,4.0721,-2.5135,2.3117,-4.3443,1,PREPARE
1144,46.33984375,5.2835,-2.8928,5.5599,3.806,1,PREPARE
1145,46.34375,2.8132,-5.1206,3.9802,-3.134,1,PREPARE
1146,46.34765625,-1.1394,-6.0465,5.2135,-2.0399,1,PREPARE
1147,46.3515625,2.9087,-7.2737,4.4454,-3.3319,1,PREPARE
1148,46.35546875,-0.3591,-4.9652,6.346,-7.7281,1,PREPARE
1149,46.359375,-2.0995,-4.7436,3.5584,-6.166,1,PREPARE
1150,46.36328125,-1.7944,-6.6237,6.689,-6.4761,1,PREPARE
1151,46.3671875,-0.933,0.4659,1.9366,-3.3095,1,PREPARE
1152,46.37109375,-4.1677,-2.4552,4.1674,-3.3294,1,PREPARE
1153,46.375,-8.9967,0.1879,0.6918,0.8795,1,PREPARE
1154,46.37890625,-7.9924,3.2669,-2.1581,-1.9602,1,PREPARE
1155,46.3828125,-5.2567,2.158,-1.4938,1.3265,1,PREPARE
1156,46.38671875,-5.9324,6.8193,1.0692,0.3874,1,PREPARE
1157,46.390625,-3.2074,6.8042,-1.894,2.5758,1,PREPARE
1158,46.39453125,0.3375,3.8363,-4.4872,4.6356,1,PREPARE
1159,46.3984375,0.2773,6.0613,-4.4684,6.0081,1,PREPARE
1160,46.40234375,-4.7049,3.2902,-5.3001,8.923,1,PREPARE
1161,46.40625,1.0842,3.1884,-6.0593,5.8929,1,PREPARE
1162,46.41015625,5.1363,3.9654,-3.0857,2.505,1,PREPARE
1163,46.4140625,-0.0939,3.6694,-2.1679,2.7827,1,PREPARE
1164,46.41796875,5.583,-1.8462,-3.5294,6.0629,1,PREPARE
1165,46.421875,3.3104,0.1439,-0.5986,-0.0176,1,PREPARE
1166,46.42578125,8.834,1.4699,-1.4504,4.0258,1,PREPARE
1167,46.4296875,6.8988,-3.8236,1.1534,-5.4008,1,PREPARE
1168,46.43359375,6.2742,-6.5642,-0.8208,-3.6498,1,PREPARE
1169,46.4375,-2.9186,-5.4331,6.204,-2.8099,1,PREPARE
1170,46.44140625,2.2231,-0.3838,5.1824,-4.2999,1,PREPARE
1171,46.4453125,-0.3951,-4.601,-0.3375,-4.3449,1,PREPARE
1172,46.44921875,1.1296,-3.9569,4.7035,-6.5532,1,PREPARE
1173,46.453125,1.737,-3.8301,3.6808,-2.712,1,PREPARE
1174,46.45703125,1.3799,-4.814,4.3073,-5.8424,1,PREPARE
1175,46.4609375,0.4572,-3.3278,2.4916,-3.4152,1,PREPARE
1176,46.46484375,-6.181,-5.0237,-1.5158,-3.2037,1,PREPARE
1177,46.46875,-7.1442,-1.2786,3.7748,0.85,1,PREPARE
1178,46.47265625,-6.6417,0.8292,1.694,4.251,1,PREPARE
1179,46.4765625,-4.2241,1.4511,3.5907,0.3131,1,PREPARE
1180,46.48046875,-5.3174,1.1504,-0.4056,1.219,1,PREPARE
1181,46.484375,-2.6511,2.6099,-3.0006,2.7287,1,PREPARE
1182,46.48828125,-3.5319,5.7672,-2.2574,4.3649,1,PREPARE
1183,46.4921875,-2.5833,5.7313,-2.0244,9.6026,1,PREPARE
1184,46.49609375,-0.8467,3.6312,-2.9235,5.2877,1,PREPARE
1185,46.5,-1.7534,6.1407,-2.9733,6.8121,1,PREPARE
1186,46.50390625,1.2986,1.8238,-5.175,4.4603,1,PREPARE
1187,46.5078125,3.4916,3.476,-5.6767,3.8667,1,PREPARE
1188,46.51171875,3.6963,2.4902,-7.7794,4.1915,1,PREPARE
1189,46.515625,3.1981,5.5365,-3.9811,3.6865,1,PREPARE
1190,46.51953125,3.6877,-0.5182,-1.2465,-1.9716,1,PREPARE
1191,46.5234375,6.1347,-2.3134,-2.9359,-2.242,1,PREPARE
1192,46.52734375,4.8182,-0.9351,1.9812,0.4255,1,PREPARE
1193,46.53125,3.6034,-5.4179,1.4418,-4.7085,1,PREPARE
1194,46.53515625,2.3039,-3.0258,2.9442,-8.0198,1,PREPARE
1195,46.5390625,0.1106,-7.2963,-1.0131,-4.7636,1,PREPARE
1196,46.54296875,-2.6871,-0.2705,7.4297,-1.3577,1,PREPARE
1197,46.546875,-1.8135,-5.8789,4.8659,-2.7672,1,PREPARE
1198,46.55078125,-1.9704,-2.8264,2.2804,-1.9912,1,PREPARE
1199,46.5546875,-1.136,-6.516,6.8387,-3.1096,1,PREPARE
1200,46.55859375,-3.0309,-4.2225,5.1608,-1.013,1,PREPARE
1201,46.5625,-3.6455,-2.9909,2.3897,-5.7485,1,PREPARE
1202,46.56640625,-5.6054,-3.7073,4.5316,1.2823,1,PREPARE
1203,46.5703125,-6.8622,-0.2516,0.5589,0.1368,1,PREPARE
1204,46.57421875,-9.6115,2.7712,0.7459,0.1839,1,PREPARE
1205,46.578125,-6.3664,0.1385,2.5781,4.2229,1,PREPARE
1206,46.58203125,-3.6859,5.0318,0.0067,2.826,1,PREPARE
1207,46.5859375,-1.1955,3.3124,-0.4103,2.6427,1,PREPARE
1208,46.58984375,-0.6785,7.3589,-1.441,2.3611,1,PREPARE
1209,46.59375,-3.691,2.8741,0.2303,5.3358,1,PREPARE
1210,46.59765625,-0.7492,1.7942,-3.9305,3.0965,1,PREPARE
1211,46.6015625,-0.3982,5.716,-3.9914,6.804,1,PREPARE
1212,46.60546875,4.9396,1.5117,-6.9385,6.8836,1,PREPARE
1213,46.609375,1.8639,5.9201,-4.0047,7.1649,1,PREPARE
1214,46.61328125,3.0975,-0.3901,-2.7461,-1.2241,1,PREPARE
1215,46.6171875,3.4602,1.9277,-2.4373,-1.4293,1,PREPARE
1216,46.62109375,5.6595,-6.166,-4.1113,-2.3319,1,PREPARE
1217,46.625,7.3347,-0.9655,-3.4817,-3.8836,1,PREPARE
1218,46.62890625,4.8909,-3.4163,-2.7268,-2.2421,1,PREPARE
1219,46.6328125,4.9012,-4.5401,1.8735,-6.6997,1,PREPARE
1220,46.63671875,3.0468,-5.5049,-2.1768,-1.3133,1,PREPARE
1221,46.640625,5.1748,-3.9719,1.1283,-8.1237,1,PREPARE
1222,46.64453125,-0.8698,-2.8756,3.9513,-7.3618,1,PREPARE
1223,46.6484375,5.4142,-2.6863,2.4575,-5.1268,1,PREPARE
1224,46.65234375,1.1552,-0.3501,5.7725,-3.8209,1,PREPARE
1225,46.65625,-1.2361,-3.8588,5.4009,-6.6547,1,PREPARE
1226,46.66015625,-3.6318,-0.3765,2.6287,-1.221,1,PREPARE
1227,46.6640625,-0.448,-0.5279,6.4195,-0.7871,1,PREPARE
1228,46.66796875,-6.7909,0.7115,2.8888,-0.8785,1,PREPARE
1229,46.671875,-5.0927,2.6579,2.1667,4.6316,1,PREPARE
1230,46.67578125,-3.6907,1.2788,1.2982,5.8709,1,PREPARE
1231,46.6796875,-3.9866,4.2577,1.3341,4.4195,1,PREPARE
1232,46.68359375,-1.3187,4.3046,-0.554,4.2975,1,PREPARE
1233,46.6875,-5.0213,3.7891,-0.7722,6.8316,1,PREPARE
1234,46.69140625,-4.4727,3.2207,-5.4658,0.2029,1,PREPARE
1235,46.6953125,-1.3206,5.6821,-7.2459,6.579,1,PREPARE
1236,46.69921875,-1.2678,2.4948,-3.5492,4.4451,1,PREPARE
1237,46.703125,3.4569,7.7134,-4.8463,3.745,1,PREPARE
1238,46.70703125,3.9999,1.0436,-7.145,1.5429,1,PREPARE
1239,46.7109375,3.4737,-1.5845,-2.6226,1.6553,1,PREPARE
1240,46.71484375,1.8674,4.4708,-0.3634,-0.7045,1,PREPARE
1241,46.71875,4.2308,-1.7298,-2.3114,-1.5756,1,PREPARE
1242,46.72265625,4.8354,-4.2781,-2.6817,-3.4911,1,PREPARE
1243,46.7265625,2.9304,-0.0577,-1.0265,-5.6496,1,PREPARE
1244,46.73046875,4.1869,-3.4667,-2.0899,-5.1463,1,PREPARE
1245,46.734375,3.5867,-1.0842,-1.8839,-9.0223,1,PREPARE
1246,46.73828125,3.4509,-4.5359,1.0579,-4.947,1,PREPARE
1247,46.7421875,2.387,-2.9673,2.6535,-2.0432,1,PREPARE
1248,46.74609375,1.1669,-2.4328,3.2394,-4.6615,1,PREPARE
1249,46.75,-0.5961,-1.6062,8.53,0.0656,1,PREPARE
1250,46.75390625,0.1515,-4.756,2.1353,-4.3656,1,PREPARE
1251,46.7578125,-1.5449,-2.2071,6.0861,-0.636,1,PREPARE
1252,46.76171875,-3.0377,1.4466,6.6731,1.195,1,PREPARE
1253,46.765625,-0.2573,-0.5868,6.1375,-0.452,1,PREPARE
1254,46.76953125,-1.9578,2.8031,2.9578,1.7422,1,PREPARE
1255,46.7734375,-7.6549,3.1683,2.1632,4.268,1,PREPARE
1256,46.77734375,-7.6252,3.0915,3.5028,5.4855,1,PREPARE
1257,46.78125,-6.2529,4.2949,-5.2449,7.6815,1,PREPARE
1258,46.78515625,-5.3315,6.1737,-0.7728,2.7157,1,PREPARE
1259,46.7890625,-4.1695,4.554,-0.0613,3.9819,1,PREPARE
1260,46.79296875,-3.8562,4.8084,-2.0741,5.8133,1,PREPARE
1261,46.796875,-0.6868,1.8374,-3.9519,6.2353,1,PREPARE
1262,46.80078125,-0.8563,0.3398,-3.9907,2.0977,1,PREPARE
1263,46.8046875,1.7475,3.1816,-5.3747,3.1912,1,PREPARE
1264,46.80859375,7.3178,3.8473,-5.7027,6.6887,2,LEFT_MI
1265,46.8125,2.6554,0.8849,-4.6179,2.6131,2,LEFT_MI
1266,46.81640625,7.4491,9.0292,-4.6527,1.7928,2,LEFT_MI
1267,46.8203125,7.4147,2.1427,0.4486,3.3857,2,LEFT_MI
1268,46.82421875,5.8825,-2.2604,-3.5158,-4.082,2,LEFT_MI
1269,46.828125,5.7788,-3.8805,-1.1408,-8.5041,2,LEFT_MI
1270,46.83203125,1.1482,-8.0863,-5.4501,-3.1133,2,LEFT_MI
1271,46.8359375,-0.1938,-3.1009,-4.874,-5.0286,2,LEFT_MI
1272,46.83984375,1.2185,-5.3321,-8.7081,-6.43,2,LEFT_MI
1273,46.84375,-0.1701,-8.8617,-1.5925,-6.8366,2,LEFT_MI
1274,46.84765625,1.4183,-1.3412,5.3789,-2.3944,2,LEFT_MI
1275,46.8515625,0.3365,8.021,4.0452,3.4996,2,LEFT_MI
1276,46.85546875,-0.9445,2.8155,0.0907,1.7419,2,LEFT_MI
1277,46.859375,0.8797,4.4489,11.6383,2.0376,2,LEFT_MI
1278,46.86328125,-1.4355,6.6471,9.5188,4.7684,2,LEFT_MI
1279,46.8671875,-4.966,3.1279,8.4261,3.1761,2,LEFT_MI
1280,46.87109375,-9.1041,3.8133,4.9024,6.0345,2,LEFT_MI
1281,46.875,-2.72,2.792,7.0405,6.7504,2,LEFT_MI
1282,46.87890625,-6.0851,2.4029,2.1298,1.5151,2,LEFT_MI
1283,46.8828125,-1.3145,-0.1549,-2.4368,6.3224,2,LEFT_MI
1284,46.88671875,-5.0712,-3.1227,-7.9597,3.9924,2,LEFT_MI
1285,46.890625,-6.9331,3.5574,-0.4716,11.3364,2,LEFT_MI
1286,46.89453125,-5.083,0.0529,-2.1564,2.7113,2,LEFT_MI
1287,46.8984375,3.1333,4.7123,-2.9499,-3.1378,2,LEFT_MI
1288,46.90234375,1.8691,-1.6899,0.6259,0.4879,2,LEFT_MI
1289,46.90625,3.073,6.6343,-4.8504,8.3711,2,LEFT_MI
1290,46.91015625,5.1445,-3.1515,-2.6776,1.8149,2,LEFT_MI
1291,46.9140625,9.3149,0.3172,-1.2752,-2.3834,2,LEFT_MI
1292,46.91796875,3.7476,2.8654,-2.6981,-8.2515,2,LEFT_MI
1293,46.921875,5.6292,1.738,-3.2564,-5.3148,2,LEFT_MI
1294,46.92578125,8.1453,-1.7726,-0.8946,-8.7233,2,LEFT_MI
1295,46.9296875,7.0456,-1.9489,-6.6921,-6.9887,2,LEFT_MI
1296,46.93359375,-1.0115,-2.7417,1.2259,-5.5551,2,LEFT_MI
1297,46.9375,4.7242,-6.1082,-1.6522,-6.0712,2,LEFT_MI
1298,46.94140625,-2.071,2.5669,2.696,-3.4958,2,LEFT_MI
1299,46.9453125,4.236,-3.1535,0.7886,-7.0159,2,LEFT_MI
1300,46.94921875,-1.4221,-5.9611,1.3671,-3.8707,2,LEFT_MI
1301,46.953125,-3.3207,-3.616,0.7355,1.8112,2,LEFT_MI
1302,46.95703125,7.9599,-1.807,8.442,-0.2034,2,LEFT_MI
1303,46.9609375,1.4274,4.9703,10.878,7.6842,2,LEFT_MI
1304,46.96484375,-5.8091,1.7137,1.8993,9.2732,2,LEFT_MI
1305,46.96875,-1.2736,0.3881,9.5374,9.3812,2,LEFT_MI
1306,46.97265625,-1.8231,1.6965,0.5019,7.4506,2,LEFT_MI
1307,46.9765625,-14.066,2.4349,6.9748,8.1417,2,LEFT_MI
1308,46.98046875,-9.7625,-0.388,1.7819,1.2542,2,LEFT_MI
1309,46.984375,-10.7875,1.9688,1.4753,-1.0838,2,LEFT_MI
1310,46.98828125,-5.9693,1.7899,-8.9325,2.6065,2,LEFT_MI
1311,46.9921875,-6.1987,-2.4214,-0.2684,-1.15,2,LEFT_MI
1312,46.99609375,-3.3141,-0.0909,-0.6058,-5.657,2,LEFT_MI
1313,47.0,0.793,-1.4476,-0.632,-8.073,2,LEFT_MI
1314,47.00390625,-4.9072,3.5196,-4.708,-3.9768,2,LEFT_MI
1315,47.0078125,1.8174,3.948,-3.2732,-3.9883,2,LEFT_MI
1316,47.01171875,4.9957,-1.8292,-0.7881,-8.6405,2,LEFT_MI
1317,47.015625,8.468,-0.5674,-9.0544,1.0987,2,LEFT_MI
1318,47.01953125,5.4901,-1.7076,-5.4902,-4.3473,2,LEFT_MI
1319,47.0234375,9.5542,-7.9647,-2.6409,-7.3069,2,LEFT_MI
1320,47.02734375,0.8944,-1.0161,-8.114,-13.252,2,LEFT_MI
1321,47.03125,4.5862,-2.0045,-4.6253,-9.07,2,LEFT_MI
1322,47.03515625,2.8088,-8.7129,-0.2259,-7.5074,2,LEFT_MI
1323,47.0390625,-0.4456,-4.5124,-1.6802,-8.1515,2,LEFT_MI
1324,47.04296875,2.2536,-7.2539,-4.747,-10.1123,2,LEFT_MI
1325,47.046875,-1.7148,-3.4721,2.8982,-0.2534,2,LEFT_MI
1326,47.05078125,-1.5781,-2.2723,6.839,-5.332,2,LEFT_MI
1327,47.0546875,3.7143,1.564,4.1671,2.7078,2,LEFT_MI
1328,47.05859375,-0.4854,4.5827,3.2193,3.8411,2,LEFT_MI
1329,47.0625,0.3907,2.654,11.9733,8.4611,2,LEFT_MI
1330,47.06640625,5.6361,9.5102,9.3503,11.2364,2,LEFT_MI
1331,47.0703125,-3.0674,2.9077,4.0802,6.8719,2,LEFT_MI
1332,47.07421875,-5.0565,6.5951,3.2014,7.2227,2,LEFT_MI
1333,47.078125,-9.4874,0.4097,2.6437,9.9728,2,LEFT_MI
1334,47.08203125,-6.0645,-0.9939,4.829,7.6021,2,LEFT_MI
1335,47.0859375,-9.2309,-0.9174,0.7105,0.7693,2,LEFT_MI
1336,47.08984375,-6.493,-1.2511,-4.089,-1.7525,2,LEFT_MI
1337,47.09375,-0.9625,-4.2198,-3.9892,-2.3855,2,LEFT_MI
1338,47.09765625,-1.8702,2.9776,-0.644,-6.2684,2,LEFT_MI
1339,47.1015625,-0.9996,-0.7331,0.0875,-1.3141,2,LEFT_MI
1340,47.10546875,5.5726,-1.1585,-3.0656,-2.7576,2,LEFT_MI
1341,47.109375,10.6324,0.8093,-6.3584,3.2713,2,LEFT_MI
1342,47.11328125,2.4493,1.8784,-2.4047,-2.4947,2,LEFT_MI
1343,47.1171875,5.4955,-1.2221,-0.5321,-6.5894,2,LEFT_MI
1344,47.12109375,17.4023,-2.0402,0.4452,-3.2465,2,LEFT_MI
1345,47.125,3.5966,-0.5848,-7.1601,-4.9637,2,LEFT_MI
1346,47.12890625,6.571,0.2409,-1.7983,-7.9956,2,LEFT_MI
1347,47.1328125,3.6068,0.4412,-6.4077,-2.8258,2,LEFT_MI
1348,47.13671875,4.9847,-5.1053,-3.1226,-4.9647,2,LEFT_MI
1349,47.140625,2.4278,-5.9581,-5.6612,-3.0296,2,LEFT_MI
1350,47.14453125,-0.931,1.3167,-1.9603,-1.853,2,LEFT_MI
1351,47.1484375,3.593,-2.3499,0.4404,-6.7675,2,LEFT_MI
1352,47.15234375,-2.5659,1.9281,3.5551,3.4932,2,LEFT_MI
1353,47.15625,-0.7599,0.7562,4.5856,4.8408,2,LEFT_MI
1354,47.16015625,1.2494,4.8232,6.4721,7.206,2,LEFT_MI
1355,47.1640625,-3.5515,1.8994,3.7684,16.6186,2,LEFT_MI
1356,47.16796875,-4.2199,-2.5408,7.164,13.908,2,LEFT_MI
1357,47.171875,-1.9055,-2.7219,5.9727,6.8009,2,LEFT_MI
1358,47.17578125,-4.9009,2.3422,4.8018,5.2116,2,LEFT_MI
1359,47.1796875,-3.57,1.5186,2.3074,0.7075,2,LEFT_MI
1360,47.18359375,-6.9453,6.826,3.339,-0.2765,2,LEFT_MI
1361,47.1875,-10.2435,-7.5179,-3.4263,-2.0021,2,LEFT_MI
1362,47.19140625,-4.6769,3.5029,3.9596,-1.8744,2,LEFT_MI
1363,47.1953125,-7.0472,-0.5322,-5.3378,-3.5136,2,LEFT_MI
1364,47.19921875,-0.0378,-5.3522,1.4182,-5.8601,2,LEFT_MI
1365,47.203125,3.8974,2.8994,-3.7216,-7.4239,2,LEFT_MI
1366,47.20703125,3.2651,-1.5569,-5.4286,-4.1118,2,LEFT_MI
1367,47.2109375,9.7932,0.4346,-6.0336,-1.5976,2,LEFT_MI
1368,47.21484375,4.1777,2.8738,-4.0183,-2.1566,2,LEFT_MI
1369,47.21875,6.1509,0.7831,-8.2034,0.4534,2,LEFT_MI
1370,47.22265625,5.176,-1.6796,-6.5718,-6.8406,2,LEFT_MI
1371,47.2265625,10.4189,-1.2408,-6.7865,-2.3636,2,LEFT_MI
1372,47.23046875,2.1048,-5.0722,-10.4586,-1.8399,2,LEFT_MI
1373,47.234375,-4.2539,-2.4185,-4.3728,-2.5509,2,LEFT_MI
1374,47.23828125,0.4787,-0.9385,-10.5507,-4.7261,2,LEFT_MI
1375,47.2421875,-1.9361,-1.8778,-1.7361,-2.8516,2,LEFT_MI
1376,47.24609375,-3.079,-2.2254,0.3103,4.1229,2,LEFT_MI
1377,47.25,-1.1065,-3.5411,2.6878,9.1502,2,LEFT_MI
1378,47.25390625,4.6083,3.6206,6.551,4.1208,2,LEFT_MI
1379,47.2578125,2.946,9.4594,11.9482,3.8467,2,LEFT_MI
1380,47.26171875,2.502,3.6367,3.7103,12.105,2,LEFT_MI
1381,47.265625,1.9763,-0.4834,3.5012,6.9539,2,LEFT_MI
1382,47.26953125,-3.3206,0.6435,10.8878,6.2418,2,LEFT_MI
1383,47.2734375,-1.003,-3.7833,5.2092,5.1137,2,LEFT_MI
1384,47.27734375,-10.807,-2.7402,0.7635,3.2456,2,LEFT_MI
1385,47.28125,-7.4707,0.1321,1.2818,6.2584,2,LEFT_MI
1386,47.28515625,-7.2536,1.0002,1.6514,-3.6701,2,LEFT_MI
1387,47.2890625,-11.4712,-0.6884,0.9791,-1.636,2,LEFT_MI
1388,47.29296875,-2.9859,0.2973,-8.4282,-2.3954,2,LEFT_MI
1389,47.296875,-4.6481,-1.6359,-1.1465,-1.0099,2,LEFT_MI
1390,47.30078125,-0.6525,0.1726,3.9799,-1.0672,2,LEFT_MI
1391,47.3046875,3.6088,4.4904,-6.1193,-3.4147,2,LEFT_MI
1392,47.30859375,2.4174,6.4097,-2.8323,-5.3503,2,LEFT_MI
1393,47.3125,8.4021,0.2913,-2.116,2.6312,2,LEFT_MI
1394,47.31640625,3.1161,1.1338,-6.7204,-7.1213,2,LEFT_MI
1395,47.3203125,3.2652,3.6713,-3.5166,-3.6035,2,LEFT_MI
1396,47.32421875,4.0016,-6.3908,-9.1656,-4.6016,2,LEFT_MI
1397,47.328125,4.8825,-2.8786,-3.4,-7.604,2,LEFT_MI
1398,47.33203125,-3.6055,-9.9318,-8.8409,-6.4871,2,LEFT_MI
1399,47.3359375,5.8332,-5.7681,-7.9325,-1.9658,2,LEFT_MI
1400,47.33984375,-3.8946,-4.5091,-2.526,2.1898,2,LEFT_MI
1401,47.34375,-1.1124,-3.8342,2.2145,2.8204,2,LEFT_MI
1402,47.34765625,2.7265,3.7539,-2.4877,3.8697,2,LEFT_MI
1403,47.3515625,2.4101,2.5113,2.4808,3.302,2,LEFT_MI
1404,47.35546875,0.0144,1.052,4.4627,6.5739,2,LEFT_MI
1405,47.359375,-3.1363,2.4853,2.7011,10.2715,2,LEFT_MI
1406,47.36328125,-3.6689,-1.0046,10.9223,7.8254,2,LEFT_MI
1407,47.3671875,-5.0286,2.2721,7.9308,5.7389,2,LEFT_MI
1408,47.37109375,-2.9237,9.5208,7.6904,9.1981,2,LEFT_MI
1409,47.375,-9.5883,4.3057,6.1059,5.5434,2,LEFT_MI
1410,47.37890625,-11.5761,-0.1641,5.4783,0.8125,2,LEFT_MI
1411,47.3828125,-8.6658,-5.657,2.0419,-3.5665,2,LEFT_MI
1412,47.38671875,-8.3553,3.979,-1.7352,-3.6507,2,LEFT_MI
1413,47.390625,-2.0713,-0.013,-2.2148,-7.3822,2,LEFT_MI
1414,47.39453125,-11.3417,-4.8164,-4.3487,-3.0971,2,LEFT_MI
1415,47.3984375,-0.7759,0.1333,-3.2944,-7.3495,2,LEFT_MI
1416,47.40234375,3.8282,-5.0799,5.9526,-2.0108,2,LEFT_MI
1417,47.40625,9.9835,2.6218,0.2694,-3.8387,2,LEFT_MI
1418,47.41015625,0.0576,-0.7037,-3.2144,-4.9225,2,LEFT_MI
1419,47.4140625,2.8562,5.636,-3.4746,1.7508,2,LEFT_MI
1420,47.41796875,5.8366,-0.2581,-2.4494,0.8193,2,LEFT_MI
1421,47.421875,3.9416,-0.6242,-8.6641,-2.0395,2,LEFT_MI
1422,47.42578125,6.6814,-5.6257,0.588,-2.4756,2,LEFT_MI
1423,47.4296875,0.7082,-3.4662,-3.6049,-4.9847,2,LEFT_MI
1424,47.43359375,-1.3132,-3.8968,-5.5092,-1.9511,2,LEFT_MI
1425,47.4375,2.3658,-5.249,-8.3261,1.6327,2,LEFT_MI
1426,47.44140625,0.763,-6.8795,-5.8722,2.1435,2,LEFT_MI
1427,47.4453125,1.6231,6.3294,1.0479,5.1212,2,LEFT_MI
1428,47.44921875,0.1641,-2.8138,-1.9247,4.5752,2,LEFT_MI
1429,47.453125,-4.1097,5.3672,0.7507,3.4362,2,LEFT_MI
1430,47.45703125,-3.2021,4.3859,3.6702,2.48,2,LEFT_MI
1431,47.4609375,2.9316,8.5815,6.3774,9.9916,2,LEFT_MI
1432,47.46484375,1.5718,5.9519,7.4656,11.359,2,LEFT_MI
1433,47.46875,-6.7224,2.507,7.8587,9.3979,2,LEFT_MI
1434,47.47265625,-4.4331,3.2105,8.2798,3.8562,2,LEFT_MI
1435,47.4765625,-6.206,-1.8761,1.0108,-0.6526,2,LEFT_MI
1436,47.48046875,-7.1651,-5.4477,-0.7833,-0.5716,2,LEFT_MI
1437,47.484375,-2.1827,1.7941,3.2644,-7.5503,2,LEFT_MI
1438,47.48828125,-6.2429,-5.5466,-0.1619,-11.3308,2,LEFT_MI
1439,47.4921875,-4.0766,1.7249,-3.5694,-4.6033,2,LEFT_MI
1440,47.49609375,-5.9127,-0.4572,-4.8756,-7.2479,2,LEFT_MI
1441,47.5,-1.2922,-5.4997,-0.0436,-6.2966,2,LEFT_MI
1442,47.50390625,1.7201,3.7614,-3.3882,-6.0374,2,LEFT_MI
1443,47.5078125,1.9233,-2.5519,-2.267,-3.1001,2,LEFT_MI
1444,47.51171875,7.1873,2.6331,-3.4162,-2.2165,2,LEFT_MI
1445,47.515625,7.4179,0.6838,-1.5863,-1.1864,2,LEFT_MI
1446,47.51953125,10.3274,3.898,-6.4438,-0.8475,2,LEFT_MI
1447,47.5234375,10.6222,-1.5077,-0.995,4.8268,2,LEFT_MI
1448,47.52734375,3.6427,-3.9155,-6.6237,-0.6944,2,LEFT_MI
1449,47.53125,7.9465,-3.3828,-5.5874,2.6426,2,LEFT_MI
1450,47.53515625,1.0651,-3.7209,-9.5692,0.5039,2,LEFT_MI
1451,47.5390625,-0.1001,1.6975,-10.1288,-2.7556,2,LEFT_MI
1452,47.54296875,-3.7639,-3.4413,-5.0588,12.3476,2,LEFT_MI
1453,47.546875,-0.5071,-0.7971,-4.6513,8.5014,2,LEFT_MI
1454,47.55078125,-0.6095,-1.3067,0.8035,3.4947,2,LEFT_MI
1455,47.5546875,-4.6266,3.28,1.5085,3.8539,2,LEFT_MI
1456,47.55859375,-0.1509,3.0827,9.1263,8.2992,2,LEFT_MI
1457,47.5625,-5.1913,1.3207,5.6565,12.3821,2,LEFT_MI
1458,47.56640625,-0.5587,2.0275,9.7578,6.3213,2,LEFT_MI
1459,47.5703125,-3.1834,8.5409,6.5417,1.0345,2,LEFT_MI
1460,47.57421875,-1.2669,4.3806,6.9208,2.094,2,LEFT_MI
1461,47.578125,-10.41,0.6664,6.5821,-6.3132,2,LEFT_MI
1462,47.58203125,-7.2253,1.1472,0.1331,-14.1649,2,LEFT_MI
1463,47.5859375,-5.3055,-0.6236,4.9079,-6.9334,2,LEFT_MI
1464,47.58984375,-11.6575,-2.8739,2.3375,-9.3645,2,LEFT_MI
1465,47.59375,-5.076,1.6659,1.0736,-0.7366,2,LEFT_MI
1466,47.59765625,-1.227,-1.833,-1.4465,-9.1295,2,LEFT_MI
1467,47.6015625,7.682,3.0808,3.5736,-4.5345,2,LEFT_MI
1468,47.60546875,4.0906,8.1956,-0.7064,-2.5289,2,LEFT_MI
1469,47.609375,1.0946,-1.0093,-2.9825,-1.6768,2,LEFT_MI
1470,47.61328125,6.6629,4.2765,-4.1443,2.4926,2,LEFT_MI
1471,47.6171875,4.3621,-0.64,-4.4331,-2.4842,2,LEFT_MI
1472,47.62109375,6.5272,3.6067,-6.275,1.9349,2,LEFT_MI
1473,47.625,3.7323,-7.8123,-6.4749,1.5424,2,LEFT_MI
1474,47.62890625,2.4283,-4.5029,-2.6289,4.9012,2,LEFT_MI
1475,47.6328125,6.5195,-3.905,-8.7969,5.3915,2,LEFT_MI
1476,47.63671875,1.8537,-0.881,-8.4945,5.7379,2,LEFT_MI
1477,47.640625,4.3478,-1.5053,-4.4331,2.1837,2,LEFT_MI
1478,47.64453125,3.5848,-1.1409,-4.185,6.0161,2,LEFT_MI
1479,47.6484375,-0.0876,-1.12,-2.4254,6.043,2,LEFT_MI
1480,47.65234375,0.6053,-2.1697,-2.3815,8.6429,2,LEFT_MI
1481,47.65625,-0.1069,8.2062,2.035,6.6995,2,LEFT_MI
1482,47.66015625,-1.6615,5.5377,-0.1625,9.8188,2,LEFT_MI
1483,47.6640625,4.0575,0.2115,3.9925,0.9975,2,LEFT_MI
1484,47.66796875,-1.1387,1.4736,8.0552,-2.7797,2,LEFT_MI
1485,47.671875,-8.2937,0.9758,9.6402,0.4379,2,LEFT_MI
1486,47.67578125,-5.8181,-3.4097,5.8006,-1.9757,2,LEFT_MI
1487,47.6796875,-5.3621,-3.4456,2.3723,-3.4893,2,LEFT_MI
1488,47.68359375,-12.6009,-3.8882,2.8941,-4.8229,2,LEFT_MI
1489,47.6875,-7.7946,-3.1159,4.5522,-6.9323,2,LEFT_MI
1490,47.69140625,-7.7498,-2.42,-0.3648,-9.7124,2,LEFT_MI
1491,47.6953125,-4.0143,-2.6811,0.4483,-10.3979,2,LEFT_MI
1492,47.69921875,0.6681,-2.4079,2.6409,-3.5875,2,LEFT_MI
1493,47.703125,5.7789,0.3787,2.8306,-2.7786,2,LEFT_MI
1494,47.70703125,9.6602,-1.7033,2.7716,4.1552,2,LEFT_MI
1495,47.7109375,14.8609,2.3278,-3.114,-0.5639,2,LEFT_MI
1496,47.71484375,10.129,2.4506,-1.5305,-0.6978,2,LEFT_MI
1497,47.71875,5.2542,-1.1145,-2.2033,-0.3261,2,LEFT_MI
1498,47.72265625,8.3926,-1.6523,-4.3904,5.5033,2,LEFT_MI
1499,47.7265625,1.5675,-9.2874,-6.5224,2.4593,2,LEFT_MI
1500,47.73046875,2.2946,-3.1711,-4.6345,5.0771,2,LEFT_MI
1501,47.734375,4.5345,-2.0974,-7.2141,6.0246,2,LEFT_MI
1502,47.73828125,-0.6737,-3.1577,-7.2407,8.2464,2,LEFT_MI
1503,47.7421875,-2.0979,1.5229,-3.8534,10.1957,2,LEFT_MI
1504,47.74609375,-1.9671,2.08,-5.8343,2.3391,2,LEFT_MI
1505,47.75,6.7335,1.2305,0.4656,4.4305,2,LEFT_MI
1506,47.75390625,1.7495,4.7787,0.3144,-0.8142,2,LEFT_MI
1507,47.7578125,-2.6882,4.4979,4.8521,5.2466,2,LEFT_MI
1508,47.76171875,-2.1094,4.9549,6.971,-2.6913,2,LEFT_MI
1509,47.765625,-5.5879,0.8331,4.0096,6.9725,2,LEFT_MI
1510,47.76953125,-3.3965,8.3453,6.7208,-1.6794,2,LEFT_MI
1511,47.7734375,-6.4117,2.8422,10.5922,-5.9308,2,LEFT_MI
1512,47.77734375,-9.4018,4.4463,3.8326,-11.5121,2,LEFT_MI
1513,47.78125,-11.8305,-5.1597,5.4057,-6.7582,2,LEFT_MI
1514,47.78515625,-6.4133,-0.5922,-0.6019,-9.182,2,LEFT_MI
1515,47.7890625,-11.3233,1.673,-0.2246,-10.6017,2,LEFT_MI
1516,47.79296875,-7.7887,1.8148,6.5895,-5.3275,2,LEFT_MI
1517,47.796875,-4.8552,-1.2669,-2.4401,-7.7133,2,LEFT_MI
1518,47.80078125,0.2466,2.4595,1.0925,1.2257,2,LEFT_MI
1519,47.8046875,3.5057,3.502,6.4168,0.0467,2,LEFT_MI
1520,47.80859375,4.3749,8.3721,-5.3913,7.0051,2,LEFT_MI
1521,47.8125,7.9443,1.3525,2.2266,3.912,2,LEFT_MI
1522,47.81640625,7.0453,-2.1734,-5.0455,8.9715,2,LEFT_MI
1523,47.8203125,10.4266,-4.2629,-6.8253,6.0129,2,LEFT_MI
1524,47.82421875,4.664,-3.7769,-9.1357,3.657,2,LEFT_MI
1525,47.828125,3.985,-3.3483,-4.6415,-1.6007,2,LEFT_MI
1526,47.83203125,10.3332,-1.7689,-8.8653,1.31,2,LEFT_MI
1527,47.8359375,2.2478,-7.8098,-13.3273,0.6907,2,LEFT_MI
1528,47.83984375,-4.3232,-4.22,-9.985,4.8885,2,LEFT_MI
1529,47.84375,4.3226,-3.8563,-7.2333,4.4037,2,LEFT_MI
1530,47.84765625,0.3459,5.8631,-3.3208,0.7355,2,LEFT_MI
1531,47.8515625,0.6846,-1.2818,-1.3951,-0.1664,2,LEFT_MI
1532,47.85546875,-5.0064,1.226,1.7202,3.1233,2,LEFT_MI
1533,47.859375,-0.8496,-0.0838,5.0661,-0.5502,2,LEFT_MI
1534,47.86328125,-0.9917,1.6091,2.8191,1.0076,2,LEFT_MI
1535,47.8671875,0.1586,2.4613,11.0312,-3.9079,2,LEFT_MI
1536,47.87109375,-4.1102,11.5684,5.1155,-4.3947,2,LEFT_MI
1537,47.875,-0.8964,2.1599,9.2014,-9.4015,2,LEFT_MI
1538,47.87890625,-2.9327,3.8722,2.7142,-10.1092,2,LEFT_MI
1539,47.8828125,-8.0992,0.7431,3.9474,-8.4013,2,LEFT_MI
1540,47.88671875,-11.4539,-0.3795,5.1747,-9.9786,2,LEFT_MI
1541,47.890625,-9.8106,-4.4729,-2.5308,-11.7962,2,LEFT_MI
1542,47.89453125,-2.6331,1.2878,0.8227,-3.2983,2,LEFT_MI
1543,47.8984375,2.2063,-2.3122,3.1521,-8.4885,2,LEFT_MI
1544,47.90234375,-1.2327,1.1592,1.3825,1.2067,2,LEFT_MI
1545,47.90625,3.5557,-0.3908,-0.0663,-1.2063,2,LEFT_MI
1546,47.91015625,4.6872,-1.7285,9.237,4.6374,2,LEFT_MI
1547,47.9140625,4.1804,-1.3753,-0.8299,4.3421,2,LEFT_MI
1548,47.91796875,6.4397,-5.6421,0.9308,10.2972,2,LEFT_MI
1549,47.921875,5.8608,1.5669,-1.5566,5.2957,2,LEFT_MI
1550,47.92578125,7.0693,-1.4231,-9.5228,5.9981,2,LEFT_MI
1551,47.9296875,4.0996,-1.7957,-7.8996,6.7847,2,LEFT_MI
1552,47.93359375,3.5645,-0.7272,-7.4126,2.2733,2,LEFT_MI
1553,47.9375,-1.4448,-6.046,-11.9139,-1.3076,2,LEFT_MI
1554,47.94140625,6.4589,0.955,-2.1417,1.9663,2,LEFT_MI
1555,47.9453125,2.7277,-4.3729,-10.2409,-0.0095,2,LEFT_MI
1556,47.94921875,0.0668,0.1712,-3.0314,-2.0162,2,LEFT_MI
1557,47.953125,0.8139,2.1253,1.9661,-0.7706,2,LEFT_MI
1558,47.95703125,1.206,6.2091,4.0284,-1.6022,2,LEFT_MI
1559,47.9609375,-3.7331,5.6241,1.4213,-0.2508,2,LEFT_MI
1560,47.96484375,-4.8842,3.8238,0.2251,1.0456,2,LEFT_MI
1561,47.96875,-4.5639,6.9652,2.3697,-4.7249,2,LEFT_MI
1562,47.97265625,-8.0601,-1.6568,5.5811,-4.2793,2,LEFT_MI
1563,47.9765625,-7.3506,-1.0115,7.9725,-7.9881,2,LEFT_MI
1564,47.98046875,-5.2105,1.1409,3.6362,-2.82,2,LEFT_MI
1565,47.984375,-7.8728,-4.8819,4.4167,-9.798,2,LEFT_MI
1566,47.98828125,-6.0768,0.3753,4.6898,-4.5897,2,LEFT_MI
1567,47.9921875,-6.7603,-7.9826,8.4416,-1.4052,2,LEFT_MI
1568,47.99609375,-7.2914,-5.3429,0.9544,-4.4333,2,LEFT_MI
1569,48.0,3.8045,4.5569,4.9353,-0.7936,2,LEFT_MI
1570,48.00390625,6.3627,-0.1335,4.299,3.8963,2,LEFT_MI
1571,48.0078125,7.3102,0.0214,5.3233,2.5472,2,LEFT_MI
1572,48.01171875,11.0496,1.4561,0.7083,10.3576,2,LEFT_MI
1573,48.015625,10.6019,-0.4492,-2.8903,10.9953,2,LEFT_MI
1574,48.01953125,15.33,1.0613,3.1323,10.6943,2,LEFT_MI
1575,48.0234375,11.6894,2.0918,-5.2869,7.4028,2,LEFT_MI
1576,48.02734375,4.9905,0.7775,-2.2018,3.0931,2,LEFT_MI
1577,48.03125,2.2119,-0.1113,-8.5655,-4.5337,2,LEFT_MI
1578,48.03515625,3.6999,1.1468,-8.7881,3.9645,2,LEFT_MI
1579,48.0390625,1.3887,-0.4892,-4.5416,-1.5392,2,LEFT_MI
1580,48.04296875,-3.5437,-5.4738,-5.9668,-1.8471,2,LEFT_MI
1581,48.046875,1.6525,1.3482,-4.3797,0.1254,2,LEFT_MI
1582,48.05078125,3.5543,-1.7969,-2.123,-3.136,2,LEFT_MI
1583,48.0546875,1.6007,2.4397,-4.3009,0.383,2,LEFT_MI
1584,48.05859375,0.5082,-2.3167,-7.3072,0.6428,2,LEFT_MI
1585,48.0625,-1.7132,9.1238,4.0515,-2.3236,2,LEFT_MI
1586,48.06640625,0.1934,5.6813,7.8224,-0.3637,2,LEFT_MI
1587,48.0703125,-9.3531,6.071,0.4169,-4.854,2,LEFT_MI
1588,48.07421875,-4.6343,3.3245,5.8142,-4.2694,2,LEFT_MI
1589,48.078125,-14.0615,-2.0866,2.3881,-4.8705,2,LEFT_MI
1590,48.08203125,-5.1727,-0.174,1.9831,-15.6473,2,LEFT_MI
1591,48.0859375,-4.1502,0.3067,1.574,-9.1462,2,LEFT_MI
1592,48.08984375,-5.6699,-5.454,3.9455,-1.8966,2,LEFT_MI
1593,48.09375,-1.7838,-3.4544,3.5364,-3.7209,2,LEFT_MI
1594,48.09765625,-5.9254,4.3324,1.5272,0.8305,2,LEFT_MI
1595,48.1015625,2.7724,1.424,2.8324,0.5936,2,LEFT_MI
1596,48.10546875,4.5873,-1.5296,6.7119,2.2249,2,LEFT_MI
1597,48.109375,9.8054,3.392,8.261,9.2863,2,LEFT_MI
1598,48.11328125,5.9659,-5.0061,1.7667,8.7608,2,LEFT_MI
1599,48.1171875,7.6781,2.7824,-1.7255,10.3058,2,LEFT_MI
1600,48.12109375,3.8682,-0.8945,4.926,7.4741,2,LEFT_MI
1601,48.125,0.91,-2.6938,-5.0354,13.1141,2,LEFT_MI
1602,48.12890625,8.4933,5.7188,-5.1093,-3.9203,2,LEFT_MI
1603,48.1328125,5.1978,1.4919,-10.9629,3.058,2,LEFT_MI
1604,48.13671875,-2.2203,-8.3937,-3.7162,-1.2058,2,LEFT_MI
1605,48.140625,2.0779,-0.677,-15.1391,-2.6106,2,LEFT_MI
1606,48.14453125,2.8387,-4.8772,-5.1578,-5.9158,2,LEFT_MI
1607,48.1484375,-0.409,-0.7823,-8.439,-1.2562,2,LEFT_MI
1608,48.15234375,1.7069,-1.2769,0.8106,-2.1108,2,LEFT_MI
1609,48.15625,-1.0665,6.5894,3.1874,-2.8058,2,LEFT_MI
1610,48.16015625,-5.2425,10.5793,5.8998,-5.269,2,LEFT_MI
1611,48.1640625,-0.7215,5.9525,7.8078,-0.4542,2,LEFT_MI
1612,48.16796875,2.333,3.4254,5.0403,-5.966,2,LEFT_MI
1613,48.171875,-2.9275,7.5879,-0.2627,1.223,2,LEFT_MI
1614,48.17578125,-11.4883,-2.2427,6.4572,-4.5861,2,LEFT_MI
1615,48.1796875,-5.8251,4.9075,4.2582,-5.8649,2,LEFT_MI
1616,48.18359375,-8.9933,-0.5557,4.6281,-3.6276,2,LEFT_MI
1617,48.1875,-12.1153,-1.9533,-0.6493,-8.5439,2,LEFT_MI
1618,48.19140625,-7.8135,-1.965,0.2954,-5.8937,2,LEFT_MI
1619,48.1953125,-6.138,-2.6826,5.738,2.6397,2,LEFT_MI
1620,48.19921875,3.2401,-2.4906,6.1501,2.0406,2,LEFT_MI
1621,48.203125,-0.2412,-3.6182,3.1507,6.3997,2,LEFT_MI
1622,48.20703125,6.7173,-2.5398,8.9475,5.411,2,LEFT_MI
1623,48.2109375,7.4275,-3.1646,1.7166,10.4035,2,LEFT_MI
1624,48.21484375,11.2474,2.6378,-0.0661,6.2771,2,LEFT_MI
1625,48.21875,8.5736,0.8558,6.5031,9.1715,2,LEFT_MI
1626,48.22265625,3.3745,-0.9854,-5.1965,7.6636,2,LEFT_MI
1627,48.2265625,1.43,-1.1933,-7.7818,4.2795,2,LEFT_MI
1628,48.23046875,0.6636,-8.1261,-12.1446,4.8209,2,LEFT_MI
1629,48.234375,0.1043,-7.8169,-7.6855,2.3943,2,LEFT_MI
1630,48.23828125,-6.4968,-7.2539,-8.807,0.2842,2,LEFT_MI
1631,48.2421875,-4.5165,-4.7876,-10.9732,0.8953,2,LEFT_MI
1632,48.24609375,-2.8963,3.4387,-2.9379,-3.9229,2,LEFT_MI
1633,48.25,0.4766,4.9167,-3.4169,-3.5822,2,LEFT_MI
1634,48.25390625,4.3358,0.375,-1.172,-2.7443,2,LEFT_MI
1635,48.2578125,0.2367,1.9577,1.7705,-2.7483,2,LEFT_MI
1636,48.26171875,-2.2883,7.4655,-0.9289,-3.7836,2,LEFT_MI
1637,48.265625,1.1684,2.8449,2.3401,1.9505,2,LEFT_MI
1638,48.26953125,-0.7546,4.6417,2.1421,-1.6588,2,LEFT_MI
1639,48.2734375,-1.0098,0.1416,6.6807,0.2509,2,LEFT_MI
1640,48.27734375,-6.2228,-0.5682,4.6725,-4.0944,2,LEFT_MI
1641,48.28125,-4.1265,4.4246,3.2265,-4.7594,2,LEFT_MI
1642,48.28515625,-9.0048,-1.6791,5.3126,1.6035,2,LEFT_MI
1643,48.2890625,-4.6487,0.9302,-2.191,-1.194,2,LEFT_MI
1644,48.29296875,-0.2555,-0.9337,7.5704,1.0884,2,LEFT_MI
1645,48.296875,-1.2342,0.9031,1.0767,2.9009,2,LEFT_MI
1646,48.30078125,-5.3316,-4.0563,3.2253,3.7795,2,LEFT_MI
1647,48.3046875,1.5571,3.2302,4.9689,4.3899,2,LEFT_MI
1648,48.30859375,5.4944,-4.2149,2.8947,4.9763,2,LEFT_MI
1649,48.3125,8.4157,0.901,7.2024,8.0606,2,LEFT_MI
1650,48.31640625,2.3807,1.9316,0.9089,8.5552,2,LEFT_MI
1651,48.3203125,7.1615,0.2692,5.0329,6.4965,2,LEFT_MI
1652,48.32421875,4.8973,-1.5685,-4.7044,5.0063,2,LEFT_MI
1653,48.328125,5.3103,-0.4248,-8.6965,-1.1101,2,LEFT_MI
1654,48.33203125,3.5855,-6.1985,-3.2483,-0.9198,2,LEFT_MI
1655,48.3359375,-0.2508,-7.925,-12.4128,-3.906,2,LEFT_MI
1656,48.33984375,1.2877,-3.2657,-8.244,-9.9936,2,LEFT_MI
1657,48.34375,-1.4109,-1.525,-8.4761,-4.0021,2,LEFT_MI
1658,48.34765625,-3.8179,5.2692,-9.9327,-7.5671,2,LEFT_MI
1659,48.3515625,1.3181,5.9585,-8.7069,-5.1384,2,LEFT_MI
1660,48.35546875,-2.3168,3.5014,0.5961,-4.395,2,LEFT_MI
1661,48.359375,1.9795,10.1155,-0.8162,-6.9437,2,LEFT_MI
1662,48.36328125,2.3096,9.6158,3.8948,-1.8571,2,LEFT_MI
1663,48.3671875,-6.0787,5.3898,2.4825,2.1353,2,LEFT_MI
1664,48.37109375,-3.9355,-4.0867,6.4115,-4.0217,2,LEFT_MI
1665,48.375,-9.4267,-3.4355,3.1286,-2.2173,2,LEFT_MI
1666,48.37890625,-13.6615,0.6504,1.5981,-0.8723,2,LEFT_MI
1667,48.3828125,-6.7906,-5.4006,1.5428,-5.7617,2,LEFT_MI
1668,48.38671875,-6.9487,0.4519,1.5171,-1.7713,2,LEFT_MI
1669,48.390625,-9.4727,-7.8092,5.6066,-2.6604,2,LEFT_MI
1670,48.39453125,-1.2816,-4.7977,3.5765,-0.4843,2,LEFT_MI
1671,48.3984375,-4.9559,-6.2646,5.2221,4.3778,2,LEFT_MI
1672,48.40234375,-4.5623,-1.7127,4.1793,6.7971,2,LEFT_MI
1673,48.40625,5.012,-0.9955,7.7607,6.3391,2,LEFT_MI
1674,48.41015625,3.6364,2.9122,8.1899,5.1976,2,LEFT_MI
1675,48.4140625,5.108,0.6819,2.8006,2.9693,2,LEFT_MI
1676,48.41796875,8.1003,1.2317,2.5845,8.0283,2,LEFT_MI
1677,48.421875,4.2777,-0.6398,3.6664,6.3664,2,LEFT_MI
1678,48.42578125,3.1185,-2.5649,-1.5381,-0.0842,2,LEFT_MI
1679,48.4296875,8.1938,-4.2259,-9.993,-4.6518,2,LEFT_MI
1680,48.43359375,4.9402,-4.0871,-0.5459,-6.2133,2,LEFT_MI
1681,48.4375,-2.2275,-3.3114,-11.0589,-4.3775,2,LEFT_MI
1682,48.44140625,5.9251,-1.7711,-10.2943,-9.0546,2,LEFT_MI
1683,48.4453125,-4.8826,-1.1861,-9.6771,-3.7701,2,LEFT_MI
1684,48.44921875,1.5447,1.5656,-1.2969,-1.1947,2,LEFT_MI
1685,48.453125,2.4945,-0.3914,-8.0121,-5.5978,2,LEFT_MI
1686,48.45703125,2.4422,8.8768,-3.7984,-5.1954,2,LEFT_MI
1687,48.4609375,7.6906,3.5165,-1.656,-2.0014,2,LEFT_MI
1688,48.46484375,3.0353,0.2302,0.2567,-0.444,2,LEFT_MI
1689,48.46875,-5.0731,4.4324,1.6152,-3.1529,2,LEFT_MI
1690,48.47265625,-7.7528,0.8854,5.5243,-0.8921,2,LEFT_MI
1691,48.4765625,-10.2489,-1.5896,-1.3482,1.3692,2,LEFT_MI
1692,48.48046875,-8.6431,0.1311,-0.0021,1.0783,2,LEFT_MI
1693,48.484375,-6.6987,-7.1005,6.4369,-1.9419,2,LEFT_MI
1694,48.48828125,-3.6814,-6.174,4.3781,5.029,2,LEFT_MI
1695,48.4921875,-1.5652,-3.2665,1.5832,5.5925,2,LEFT_MI
1696,48.49609375,4.0176,1.0227,7.5654,3.3007,2,LEFT_MI
1697,48.5,-4.8237,-1.7804,10.6265,2.701,2,LEFT_MI
1698,48.50390625,5.3321,1.2913,6.6111,8.8946,2,LEFT_MI
1699,48.5078125,4.7526,2.267,2.5624,14.8046,2,LEFT_MI
1700,48.51171875,5.4014,-2.4288,6.6106,4.8334,2,LEFT_MI
1701,48.515625,2.0672,1.4505,3.3782,8.1796,2,LEFT_MI
1702,48.51953125,3.0385,-0.4961,1.3924,5.9168,2,LEFT_MI
1703,48.5234375,-1.8627,3.9821,0.8367,-4.1366,2,LEFT_MI
1704,48.52734375,6.5385,-1.5372,-2.3513,-1.2686,2,LEFT_MI
1705,48.53125,6.5296,-4.3653,-6.9752,-8.0254,2,LEFT_MI
1706,48.53515625,3.2345,0.5224,-11.2168,-12.3346,2,LEFT_MI
1707,48.5390625,-1.0937,-4.6884,-9.2018,-10.346,2,LEFT_MI
1708,48.54296875,1.2213,-2.2857,-9.8996,-8.3564,2,LEFT_MI
1709,48.546875,3.2447,0.7047,-1.1747,-6.2234,2,LEFT_MI
1710,48.55078125,-0.4752,3.0336,-4.3499,-12.5709,2,LEFT_MI
1711,48.5546875,-0.753,2.5052,-6.6537,2.8467,2,LEFT_MI
1712,48.55859375,-3.085,6.949,3.7358,1.5921,2,LEFT_MI
1713,48.5625,0.5942,3.429,-2.3407,-1.3783,2,LEFT_MI
1714,48.56640625,-2.3446,5.2703,2.5765,2.2154,2,LEFT_MI
1715,48.5703125,-7.6955,5.7936,0.676,9.0333,2,LEFT_MI
1716,48.57421875,-3.3642,0.3553,0.0946,3.6981,2,LEFT_MI
1717,48.578125,-5.928,-2.1676,-1.8513,5.2525,2,LEFT_MI
1718,48.58203125,-14.57,-0.6271,-0.4392,4.5587,2,LEFT_MI
1719,48.5859375,-1.484,-5.0747,5.2749,1.9091,2,LEFT_MI
1720,48.58984375,-8.1106,-4.4212,3.3607,5.2091,2,LEFT_MI
1721,48.59375,-3.3054,-1.5331,7.3617,-0.9897,2,LEFT_MI
1722,48.59765625,0.2967,-4.0814,5.2164,0.3176,2,LEFT_MI
1723,48.6015625,0.4742,-8.8082,8.9879,6.183,2,LEFT_MI
1724,48.60546875,4.7423,4.2458,6.7136,8.5952,2,LEFT_MI
1725,48.609375,5.5387,0.0495,2.9526,5.1993,2,LEFT_MI
1726,48.61328125,8.3482,5.8956,9.7206,6.8896,2,LEFT_MI
1727,48.6171875,12.8594,-0.7536,3.5532,3.4502,2,LEFT_MI
1728,48.62109375,6.1138,-0.8199,-4.5447,4.6136,2,LEFT_MI
1729,48.625,11.7207,2.7553,-0.0096,-4.7093,2,LEFT_MI
1730,48.62890625,7.2023,-5.9387,0.1776,-5.0354,2,LEFT_MI
1731,48.6328125,9.2998,-3.6427,-11.5296,-8.0533,2,LEFT_MI
1732,48.63671875,4.4388,-10.1332,-8.1065,-6.0571,2,LEFT_MI
1733,48.640625,2.6215,1.2157,-8.3754,-10.5687,2,LEFT_MI
1734,48.64453125,0.5454,-1.0987,-11.2498,-8.4242,2,LEFT_MI
1735,48.6484375,1.0629,2.6609,-7.0515,-7.1647,2,LEFT_MI
1736,48.65234375,3.0984,1.665,-10.96,-0.8855,2,LEFT_MI
1737,48.65625,-3.0392,4.5768,-1.3053,0.4783,2,LEFT_MI
1738,48.66015625,-6.5692,4.8342,-6.0585,4.6408,2,LEFT_MI
1739,48.6640625,3.1862,10.1999,-2.3761,5.7844,2,LEFT_MI
1740,48.66796875,-2.2147,2.2654,5.8736,4.1356,2,LEFT_MI
1741,48.671875,-3.7091,4.4202,-2.5115,6.1673,2,LEFT_MI
1742,48.67578125,-7.7829,-0.6263,-0.6247,0.604,2,LEFT_MI
1743,48.6796875,-4.969,-4.3057,-0.171,3.1436,2,LEFT_MI
1744,48.68359375,-8.7987,-7.2558,4.8884,4.9548,2,LEFT_MI
1745,48.6875,-13.0766,-4.3328,6.7373,-1.0869,2,LEFT_MI
1746,48.69140625,-4.8034,-3.4121,3.2291,3.035,2,LEFT_MI
1747,48.6953125,-5.3968,-3.7872,11.2911,4.4293,2,LEFT_MI
1748,48.69921875,-0.6164,-2.6611,8.4296,5.0449,2,LEFT_MI
1749,48.703125,8.8982,-2.0878,8.2606,4.834,2,LEFT_MI
1750,48.70703125,7.7332,4.8947,7.9211,6.1396,2,LEFT_MI
1751,48.7109375,6.3911,-4.5713,5.4328,4.0837,2,LEFT_MI
1752,48.71484375,1.5201,-0.8029,4.2766,2.3452,2,LEFT_MI
1753,48.71875,6.8801,1.4357,3.1837,5.1996,2,LEFT_MI
1754,48.72265625,10.3591,2.2495,2.4853,-0.7605,2,LEFT_MI
1755,48.7265625,-2.4635,-0.5283,-3.0727,-0.3051,2,LEFT_MI
1756,48.73046875,5.3277,3.9651,-3.3507,-7.2198,2,LEFT_MI
1757,48.734375,-2.608,0.9963,-3.3429,-6.6977,2,LEFT_MI
1758,48.73828125,1.3861,0.9363,-10.6503,-12.3515,2,LEFT_MI
1759,48.7421875,-0.9975,-4.3147,-13.6864,-8.6159,2,LEFT_MI
1760,48.74609375,2.6093,-4.9147,-6.164,-9.8198,2,LEFT_MI
1761,48.75,-4.4242,3.5581,-4.8096,-5.3287,2,LEFT_MI
1762,48.75390625,-2.4427,5.5447,-5.8932,-2.5934,2,LEFT_MI
1763,48.7578125,2.5051,7.1828,-6.3613,0.2811,2,LEFT_MI
1764,48.76171875,3.3401,7.2877,1.1589,-3.0376,2,LEFT_MI
1765,48.765625,-0.7436,3.1203,2.6329,4.8341,2,LEFT_MI
1766,48.76953125,-3.0418,2.2669,-0.4194,7.3331,2,LEFT_MI
1767,48.7734375,-6.6461,-3.5965,-0.1613,4.0739,2,LEFT_MI
1768,48.77734375,-7.3157,-4.7652,1.1166,7.5357,2,LEFT_MI
1769,48.78125,-9.0693,-4.8746,-6.902,3.1284,2,LEFT_MI
1770,48.78515625,-4.3698,-1.6424,-2.9355,2.0439,2,LEFT_MI
1771,48.7890625,-12.5166,-2.9464,3.0179,6.2845,2,LEFT_MI
1772,48.79296875,-4.4301,-5.6102,8.5288,4.1218,2,LEFT_MI
1773,48.796875,-5.5009,-1.1304,6.7738,0.3763,2,LEFT_MI
1774,48.80078125,3.8328,-2.5325,2.9956,1.4451,2,LEFT_MI
1775,48.8046875,7.0487,-4.2345,12.4231,0.6116,2,LEFT_MI
1776,48.80859375,2.4778,5.0189,7.3378,-1.8334,2,LEFT_MI
1777,48.8125,7.2186,3.7405,5.8272,5.876,2,LEFT_MI
1778,48.81640625,11.6129,2.3168,12.4927,-3.1029,2,LEFT_MI
1779,48.8203125,8.633,1.9247,6.4865,-1.8837,2,LEFT_MI
1780,48.82421875,11.3048,1.0318,-3.1551,-8.3913,2,LEFT_MI
1781,48.828125,-1.327,6.9343,2.4644,-4.8766,2,LEFT_MI
1782,48.83203125,5.6917,-1.9453,-1.9339,-9.8679,2,LEFT_MI
1783,48.8359375,6.368,0.8768,-7.3888,-5.0953,2,LEFT_MI
1784,48.83984375,-1.8992,-1.6723,-4.6435,-9.2848,2,LEFT_MI
1785,48.84375,1.1725,-2.986,-6.7544,-9.5969,2,LEFT_MI
1786,48.84765625,-2.4982,0.2275,-7.2225,0.1333,2,LEFT_MI
1787,48.8515625,-0.3876,-0.8198,-0.9322,-2.7213,2,LEFT_MI
1788,48.85546875,4.3298,4.9898,2.9445,2.8099,2,LEFT_MI
1789,48.859375,2.0018,6.9802,-8.1028,1.4631,2,LEFT_MI
1790,48.86328125,-3.0942,8.4656,-1.9552,-0.9533,2,LEFT_MI
1791,48.8671875,-1.6182,1.5232,-1.9704,8.3335,2,LEFT_MI
1792,48.87109375,-0.6938,0.5639,-4.8139,3.0415,2,LEFT_MI
1793,48.875,-4.6325,-2.2283,-1.1423,1.9032,2,LEFT_MI
1794,48.87890625,-7.6764,-1.376,0.3059,6.8306,2,LEFT_MI
1795,48.8828125,0.0264,1.4568,-7.0693,0.3533,2,LEFT_MI
1796,48.88671875,-7.7647,-2.7974,-2.4123,5.8123,2,LEFT_MI
1797,48.890625,-12.9984,-5.076,-0.8573,1.221,2,LEFT_MI
1798,48.89453125,-2.0358,-2.7335,5.8102,4.1846,2,LEFT_MI
1799,48.8984375,-7.2028,-2.3589,10.047,2.919,2,LEFT_MI
1800,48.90234375,4.0447,4.6213,7.3151,6.632,2,LEFT_MI
1801,48.90625,7.9345,0.4835,8.5793,2.3984,2,LEFT_MI
1802,48.91015625,6.8272,-4.6322,-0.1918,1.0085,2,LEFT_MI
1803,48.9140625,7.2181,1.7465,10.3572,5.629,2,LEFT_MI
1804,48.91796875,5.4931,0.4628,6.8619,-5.2224,2,LEFT_MI
1805,48.921875,8.4518,-0.7062,5.6082,-7.4924,2,LEFT_MI
1806,48.92578125,1.7462,3.078,0.3327,-10.091,2,LEFT_MI
1807,48.9296875,6.0449,-5.2891,-2.508,-8.8382,2,LEFT_MI
1808,48.93359375,6.554,5.8401,-0.181,-8.1211,2,LEFT_MI
1809,48.9375,7.332,-3.12,-7.0018,-8.452,2,LEFT_MI
1810,48.94140625,2.1124,-2.4141,-11.1,-7.3254,2,LEFT_MI
1811,48.9453125,2.7395,-3.6757,-12.3425,0.8372,2,LEFT_MI
1812,48.94921875,-3.9576,-0.5608,-7.4737,-4.719,2,LEFT_MI
1813,48.953125,-1.3491,6.8538,-5.407,4.398,2,LEFT_MI
1814,48.95703125,0.6808,2.6797,-7.9172,2.6441,2,LEFT_MI
1815,48.9609375,3.4239,6.5213,-4.1173,7.2493,2,LEFT_MI
1816,48.96484375,0.8202,6.0305,2.034,11.684,2,LEFT_MI
1817,48.96875,2.7401,-1.2447,2.3493,8.3423,2,LEFT_MI
1818,48.97265625,-6.4775,3.0163,0.0546,7.4339,2,LEFT_MI
1819,48.9765625,-7.6522,-2.3016,2.2892,11.8151,2,LEFT_MI
1820,48.98046875,-12.0624,-4.122,2.6741,4.5747,2,LEFT_MI
1821,48.984375,-5.7837,-6.9676,0.3317,11.5864,2,LEFT_MI
1822,48.98828125,-4.5328,-4.9643,5.988,0.7667,2,LEFT_MI
1823,48.9921875,-6.5452,-1.211,-4.104,4.1257,2,LEFT_MI
1824,48.99609375,-2.7771,-2.5076,7.3179,0.4083,2,LEFT_MI
1825,49.0,2.2555,-1.1828,6.1144,5.4405,2,LEFT_MI
1826,49.00390625,0.3873,-4.9731,-1.0342,0.6309,2,LEFT_MI
1827,49.0078125,7.1094,-1.7742,0.1983,1.822,2,LEFT_MI
1828,49.01171875,2.5856,3.4047,13.6504,0.1491,2,LEFT_MI
1829,49.015625,7.9919,4.7212,13.6667,-3.2767,2,LEFT_MI
1830,49.01953125,4.7354,5.1271,-0.8925,-4.4262,2,LEFT_MI
1831,49.0234375,9.5645,-2.6923,-1.6957,-5.0851,2,LEFT_MI
1832,49.02734375,9.8939,1.4693,0.1285,-2.096,2,LEFT_MI
1833,49.03125,4.1608,-4.13,-8.0934,-9.1363,2,LEFT_MI
1834,49.03515625,1.1259,-7.2496,0.7673,-12.7213,2,LEFT_MI
1835,49.0390625,0.4463,1.5751,-2.5859,-8.4977,2,LEFT_MI
1836,49.04296875,-0.6334,2.1555,-6.4051,-9.0812,2,LEFT_MI
1837,49.046875,4.1369,-2.6454,-4.1365,-2.5705,2,LEFT_MI
1838,49.05078125,0.02,4.6428,-2.3992,4.5864,2,LEFT_MI
1839,49.0546875,1.9493,2.4161,-0.8667,1.2206,2,LEFT_MI
1840,49.05859375,-0.2427,3.9517,2.2293,4.4161,2,LEFT_MI
1841,49.0625,-0.979,4.2701,-2.4585,5.157,2,LEFT_MI
1842,49.06640625,-8.0543,1.6714,-3.1251,11.5058,2,LEFT_MI
1843,49.0703125,-8.0321,3.3738,0.2396,8.5099,2,LEFT_MI
1844,49.07421875,-7.5648,4.1847,-2.057,5.7253,2,LEFT_MI
1845,49.078125,-7.6872,-2.0187,1.3565,1.3494,2,LEFT_MI
1846,49.08203125,-8.9525,-6.1024,-2.5271,-0.4254,2,LEFT_MI
1847,49.0859375,-7.8712,1.7552,-0.411,-1.3336,2,LEFT_MI
1848,49.08984375,-8.2099,-6.0196,-4.7746,-1.7645,2,LEFT_MI
1849,49.09375,-5.0833,-3.5418,2.0904,1.9687,2,LEFT_MI
1850,49.09765625,-4.8093,-2.795,5.0086,-1.8595,2,LEFT_MI
1851,49.1015625,2.1172,-0.3545,3.553,-5.5767,2,LEFT_MI
1852,49.10546875,1.431,-3.0538,8.2231,1.362,2,LEFT_MI
1853,49.109375,5.2599,-1.6159,13.7068,-2.4466,2,LEFT_MI
1854,49.11328125,-2.86,-3.1522,10.8374,-7.2346,2,LEFT_MI
1855,49.1171875,13.0055,1.3732,4.8154,-0.4522,2,LEFT_MI
1856,49.12109375,8.9736,6.7295,2.1217,-3.6744,2,LEFT_MI
1857,49.125,11.5292,0.9815,6.7211,-2.3793,2,LEFT_MI
1858,49.12890625,4.8848,4.4199,-2.8634,-3.7596,2,LEFT_MI
1859,49.1328125,6.515,-8.6825,-2.9188,-5.2642,2,LEFT_MI
1860,49.13671875,-0.4885,-3.7008,-0.1025,-6.8839,2,LEFT_MI
1861,49.140625,3.8858,-2.5896,-9.349,-10.4125,2,LEFT_MI
1862,49.14453125,1.4169,0.9617,-6.8976,-0.5899,2,LEFT_MI
1863,49.1484375,-0.6279,4.4282,-4.1765,-0.6669,2,LEFT_MI
1864,49.15234375,-6.1022,3.0724,-2.4366,2.683,2,LEFT_MI
1865,49.15625,5.2407,-2.549,-2.676,6.5454,2,LEFT_MI
1866,49.16015625,0.8679,5.8335,-5.1936,7.7728,2,LEFT_MI
1867,49.1640625,-1.0931,6.1568,-1.5458,2.2462,2,LEFT_MI
1868,49.16796875,-8.0658,1.7589,-2.9804,7.8982,2,LEFT_MI
1869,49.171875,-7.2621,5.3825,-10.9116,3.6685,2,LEFT_MI
1870,49.17578125,-5.9204,0.1394,-4.0421,3.7295,2,LEFT_MI
1871,49.1796875,-11.2204,3.1854,-1.2339,3.9038,2,LEFT_MI
1872,49.18359375,-10.0472,-1.9936,-0.0731,1.6834,2,LEFT_MI
1873,49.1875,-5.0531,-4.1043,0.9377,-1.8291,2,LEFT_MI
1874,49.19140625,-4.532,-5.2319,-1.3842,-3.459,2,LEFT_MI
1875,49.1953125,-9.9179,-3.2248,3.3255,-2.1419,2,LEFT_MI
1876,49.19921875,1.38,-0.5839,2.5288,-1.9185,2,LEFT_MI
1877,49.203125,2.5773,0.1403,5.1619,-4.7363,2,LEFT_MI
1878,49.20703125,2.1157,2.0995,3.6163,-1.4882,2,LEFT_MI
1879,49.2109375,9.6904,-0.5318,6.8438,-2.9573,2,LEFT_MI
1880,49.21484375,14.7772,0.6695,3.1259,-2.7391,2,LEFT_MI
1881,49.21875,3.9379,4.2849,2.3027,-2.2546,2,LEFT_MI
1882,49.22265625,4.2439,2.5798,4.401,-2.7748,2,LEFT_MI
1883,49.2265625,7.8013,0.7276,-1.2353,-11.1073,2,LEFT_MI
1884,49.23046875,4.3315,-0.0079,-0.4313,-6.2416,2,LEFT_MI
1885,49.234375,3.1016,-5.205,1.6639,-4.6275,2,LEFT_MI
1886,49.23828125,0.4325,-0.1423,-1.6308,-1.4101,2,LEFT_MI
1887,49.2421875,-0.9589,-2.5875,-1.8527,-0.7532,2,LEFT_MI
1888,49.24609375,-4.0365,2.762,-3.9948,2.7372,2,LEFT_MI
1889,49.25,-2.7448,3.8762,-3.1168,0.0571,2,LEFT_MI
1890,49.25390625,3.7607,4.5373,-4.3115,2.5443,2,LEFT_MI
1891,49.2578125,-0.0385,3.0125,-4.3308,8.8468,2,LEFT_MI
1892,49.26171875,-0.0418,5.505,4.907,6.3014,2,LEFT_MI
1893,49.265625,-4.0817,2.1198,-6.5869,3.9051,2,LEFT_MI
1894,49.26953125,1.7634,-0.3603,-3.1177,6.1852,2,LEFT_MI
1895,49.2734375,-4.4782,-0.2599,-2.7267,5.6645,2,LEFT_MI
1896,49.27734375,-4.9267,-4.8163,-2.6208,7.8799,2,LEFT_MI
1897,49.28125,-11.2752,-6.1859,-0.1835,-0.3134,2,LEFT_MI
1898,49.28515625,-4.0657,-11.8939,-1.9418,1.0242,2,LEFT_MI
1899,49.2890625,-6.0137,-6.6683,1.7161,-2.2068,2,LEFT_MI
1900,49.29296875,1.6807,-4.2794,-0.0557,-6.4935,2,LEFT_MI
1901,49.296875,-5.1226,-3.1797,1.9601,-5.6815,2,LEFT_MI
1902,49.30078125,-2.1453,-2.2743,9.1934,-5.5696,2,LEFT_MI
1903,49.3046875,5.537,4.178,5.5698,0.3002,2,LEFT_MI
1904,49.30859375,1.9008,3.3345,14.1887,4.9937,2,LEFT_MI
1905,49.3125,8.7724,5.6824,3.2692,-3.8651,2,LEFT_MI
1906,49.31640625,8.9887,-2.4243,13.7812,0.852,2,LEFT_MI
1907,49.3203125,7.1197,1.2791,5.8535,-1.8009,2,LEFT_MI
1908,49.32421875,8.0592,5.7742,7.7291,0.0151,2,LEFT_MI
1909,49.328125,2.5372,3.3858,3.5001,2.4479,2,LEFT_MI
1910,49.33203125,-0.6367,2.3117,0.4836,-5.0772,2,LEFT_MI
1911,49.3359375,-0.2533,-4.8613,-7.5358,-1.5983,2,LEFT_MI
1912,49.33984375,-8.2169,-4.4444,1.7561,1.1506,2,LEFT_MI
1913,49.34375,1.6675,-3.7091,-6.9265,-3.6925,2,LEFT_MI
1914,49.34765625,-0.0038,-2.8668,-3.6224,1.6604,2,LEFT_MI
1915,49.3515625,1.1319,-0.7844,-8.4642,8.0493,2,LEFT_MI
1916,49.35546875,3.5569,1.958,-2.3905,10.181,2,LEFT_MI
1917,49.359375,0.9799,2.7755,-6.4185,5.1406,2,LEFT_MI
1918,49.36328125,-2.0542,0.1517,2.323,10.388,2,LEFT_MI
1919,49.3671875,2.7792,0.7992,-4.8904,8.247,2,LEFT_MI
1920,49.37109375,-5.5158,-1.9593,-2.7859,4.077,2,LEFT_MI
1921,49.375,-5.0807,-5.2921,-4.3188,2.9147,2,LEFT_MI
1922,49.37890625,-11.0284,-1.8428,-8.3317,1.5738,2,LEFT_MI
1923,49.3828125,-3.4979,-6.9084,-3.2136,-4.7039,2,LEFT_MI
1924,49.38671875,-5.0346,1.8661,-4.5178,-5.9359,2,LEFT_MI
1925,49.390625,-0.3435,-7.8871,-1.4477,-2.4891,2,LEFT_MI
1926,49.39453125,-9.98,0.5621,-1.7958,-8.2183,2,LEFT_MI
1927,49.3984375,5.7441,-3.6689,1.1096,-1.5516,2,LEFT_MI
1928,49.40234375,1.2554,-0.9551,4.1507,-7.869,2,LEFT_MI
1929,49.40625,7.1149,7.5256,2.8481,-5.3541,2,LEFT_MI
1930,49.41015625,7.8607,2.2878,5.7582,1.9203,2,LEFT_MI
1931,49.4140625,9.0154,7.5041,10.5293,-0.5688,2,LEFT_MI
1932,49.41796875,10.1324,-0.4624,5.9028,4.4252,2,LEFT_MI
1933,49.421875,11.6871,-0.6629,7.4208,1.8006,2,LEFT_MI
1934,49.42578125,8.3375,2.576,2.032,1.2842,2,LEFT_MI
1935,49.4296875,6.928,-0.2075,4.9417,1.4979,2,LEFT_MI
1936,49.43359375,2.0876,-0.5491,3.1723,0.1121,2,LEFT_MI
1937,49.4375,3.8526,0.2499,1.9268,4.1615,2,LEFT_MI
1938,49.44140625,-3.061,-4.9925,-4.6685,1.1846,2,LEFT_MI
1939,49.4453125,-0.1162,-2.0895,-5.7729,6.8119,2,LEFT_MI
1940,49.44921875,-2.5204,0.6039,-3.534,3.605,2,LEFT_MI
1941,49.453125,-4.4591,3.6218,-5.3071,9.657,2,LEFT_MI
1942,49.45703125,-3.5909,0.5178,-6.5115,3.8454,2,LEFT_MI
1943,49.4609375,0.5866,9.4692,-5.0996,6.467,2,LEFT_MI
1944,49.46484375,-0.7568,4.0086,-3.3745,4.127,2,LEFT_MI
1945,49.46875,0.9136,3.9038,-5.7235,-1.7864,2,LEFT_MI
1946,49.47265625,-6.1553,-1.438,1.2885,2.5119,2,LEFT_MI
1947,49.4765625,-7.4638,-0.1572,-4.9218,0.3236,2,LEFT_MI
1948,49.48046875,-2.6329,-3.9818,-5.7907,-4.3923,2,LEFT_MI
1949,49.484375,-7.482,0.5727,-4.1131,-5.1065,2,LEFT_MI
1950,49.48828125,-6.8104,-4.7881,-2.3168,-7.0257,2,LEFT_MI
1951,49.4921875,-2.7833,-7.5804,-3.6791,-3.5321,2,LEFT_MI
1952,49.49609375,-0.2669,-0.4163,4.443,-7.3847,2,LEFT_MI
1953,49.5,-2.16,6.5178,0.4856,-7.8201,2,LEFT_MI
1954,49.50390625,0.1073,0.2624,2.1644,-2.7279,2,LEFT_MI
1955,49.5078125,5.6528,7.2614,5.814,0.3288,2,LEFT_MI
1956,49.51171875,4.5461,5.1766,7.9445,-0.1886,2,LEFT_MI
1957,49.515625,6.1604,4.7646,11.9737,4.7464,2,LEFT_MI
1958,49.51953125,8.4611,2.1927,10.7336,-0.7503,2,LEFT_MI
1959,49.5234375,6.398,-1.0686,5.8502,0.0927,2,LEFT_MI
1960,49.52734375,4.9379,3.8447,0.9319,2.3309,2,LEFT_MI
1961,49.53125,-1.5759,1.3126,-0.0858,-1.8524,2,LEFT_MI
1962,49.53515625,0.9501,1.9871,0.3409,5.2515,2,LEFT_MI
1963,49.5390625,3.3337,1.6268,5.1038,1.3557,2,LEFT_MI
1964,49.54296875,-0.5607,1.3577,0.3082,0.8997,2,LEFT_MI
1965,49.546875,2.5867,0.3265,-7.4653,4.6983,2,LEFT_MI
1966,49.55078125,5.4931,-0.1311,-3.4172,5.1066,2,LEFT_MI
1967,49.5546875,6.8418,-3.0394,-3.3539,1.7212,2,LEFT_MI
1968,49.55859375,5.6974,-1.4898,-3.7093,6.1667,2,LEFT_MI
1969,49.5625,2.4346,2.9793,-1.5159,7.812,2,LEFT_MI
1970,49.56640625,-3.8069,4.4907,1.2092,9.7617,2,LEFT_MI
1971,49.5703125,-3.535,-2.7911,-1.5964,-0.3192,2,LEFT_MI
1972,49.57421875,-5.0207,-4.0374,-9.6457,-0.8298,2,LEFT_MI
1973,49.578125,-1.9921,-0.7402,-8.8795,-7.722,2,LEFT_MI
1974,49.58203125,-8.5516,-8.1506,-5.569,-7.125,2,LEFT_MI
1975,49.5859375,-5.8651,-1.2447,-7.3512,-7.7073,2,LEFT_MI
1976,49.58984375,-5.9967,-4.2847,-0.1481,-8.4848,2,LEFT_MI
1977,49.59375,-8.0738,1.3511,-1.2426,-0.1557,2,LEFT_MI
1978,49.59765625,-3.0761,-0.5742,3.9092,-2.8186,2,LEFT_MI
1979,49.6015625,-1.1307,-1.3713,1.0802,-7.362,2,LEFT_MI
1980,49.60546875,1.9191,8.5365,6.3358,-2.111,2,LEFT_MI
1981,49.609375,3.7954,-1.8334,8.9873,-0.9598,2,LEFT_MI
1982,49.61328125,7.1162,-1.9432,8.3838,3.4381,2,LEFT_MI
1983,49.6171875,8.4372,4.0027,10.8619,0.8176,2,LEFT_MI
1984,49.62109375,7.4931,-2.9552,11.4,-1.213,2,LEFT_MI
1985,49.625,5.5018,-2.2652,6.4849,3.1788,2,LEFT_MI
1986,49.62890625,4.8025,5.1424,4.1215,0.5002,2,LEFT_MI
1987,49.6328125,7.8141,0.1668,-2.0356,1.3469,2,LEFT_MI
1988,49.63671875,-2.0875,2.0595,1.4361,3.8397,2,LEFT_MI
1989,49.640625,-2.7105,-0.5667,1.3145,3.9477,2,LEFT_MI
1990,49.64453125,2.0029,-2.6945,-0.5061,5.9861,2,LEFT_MI
1991,49.6484375,-0.3238,-2.3641,3.4845,6.2031,2,LEFT_MI
1992,49.65234375,-2.322,2.6836,0.584,5.9248,2,LEFT_MI
1993,49.65625,-2.7746,3.3454,-2.2352,6.6017,2,LEFT_MI
1994,49.66015625,-4.8436,2.1564,1.5111,2.5971,2,LEFT_MI
1995,49.6640625,-1.5427,3.4778,-0.7609,6.4965,2,LEFT_MI
1996,49.66796875,-5.1932,2.3925,-0.8575,2.0053,2,LEFT_MI
1997,49.671875,-4.7565,-1.3483,-9.7792,-3.818,2,LEFT_MI
1998,49.67578125,-9.2863,-2.7449,-9.4185,-3.0062,2,LEFT_MI
1999,49.6796875,-7.358,-3.2853,-1.8099,-5.95,2,LEFT_MI
2000,49.68359375,-4.5266,-8.2344,-7.162,-8.5971,2,LEFT_MI
2001,49.6875,-10.2166,-5.0555,-7.8893,-9.1173,2,LEFT_MI
2002,49.69140625,-5.675,-11.0184,-1.5052,-8.8735,2,LEFT_MI
2003,49.6953125,3.4763,-5.8046,-3.21,-7.6792,2,LEFT_MI
2004,49.69921875,0.8806,-2.0749,-2.0273,-4.1557,2,LEFT_MI
2005,49.703125,3.806,-0.5413,2.0359,-0.7813,2,LEFT_MI
2006,49.70703125,6.2183,-2.3929,2.127,-2.1238,2,LEFT_MI
2007,49.7109375,6.0022,8.894,11.3033,1.3242,2,LEFT_MI
2008,49.71484375,7.9628,7.2653,7.6406,7.2491,2,LEFT_MI
2009,49.71875,12.4028,0.9185,9.4679,-5.8833,2,LEFT_MI
2010,49.72265625,12.2607,-0.3474,9.6019,6.6659,2,LEFT_MI
2011,49.7265625,11.8599,6.7406,5.9282,2.705,2,LEFT_MI
2012,49.73046875,3.1188,-4.5327,-0.7773,4.6046,2,LEFT_MI
2013,49.734375,7.9098,-2.0981,-5.2938,-0.8594,2,LEFT_MI
2014,49.73828125,-2.6118,-1.4304,-0.7329,3.6107,2,LEFT_MI
2015,49.7421875,8.2083,-1.2212,-3.7495,7.6854,2,LEFT_MI
2016,49.74609375,0.4162,3.3137,4.1932,4.4679,2,LEFT_MI
2017,49.75,-1.9578,4.6305,-3.8704,-0.4429,2,LEFT_MI
2018,49.75390625,6.0923,5.941,-8.4563,5.0187,2,LEFT_MI
2019,49.7578125,0.2037,3.2517,-0.9171,0.9486,2,LEFT_MI
2020,49.76171875,-0.6919,4.7785,1.1368,2.2283,2,LEFT_MI
2021,49.765625,-0.6802,4.0515,-2.2607,-0.4511,2,LEFT_MI
2022,49.76953125,-1.2162,2.2659,-8.4013,1.6734,2,LEFT_MI
2023,49.7734375,-9.2309,-4.5008,-7.4445,-5.5971,2,LEFT_MI
2024,49.77734375,-5.9011,-6.9458,-4.7461,-0.1103,2,LEFT_MI
2025,49.78125,-9.4907,0.4272,-7.0342,-9.4147,2,LEFT_MI
2026,49.78515625,-7.4131,-3.381,-10.9285,-11.9294,2,LEFT_MI
2027,49.7890625,-13.574,-4.7173,-6.2869,-10.446,2,LEFT_MI
2028,49.79296875,-2.3631,-3.7331,0.1634,-3.2876,2,LEFT_MI
2029,49.796875,-3.2293,-5.3154,-3.0467,-8.4973,2,LEFT_MI
2030,49.80078125,-1.8433,-1.1731,0.4541,-3.0419,2,LEFT_MI
2031,49.8046875,1.2475,8.0804,7.0101,-1.0403,2,LEFT_MI
2032,49.80859375,10.9632,6.9091,8.0549,-1.1295,2,LEFT_MI
2033,49.8125,10.35,1.8421,3.8492,2.2482,2,LEFT_MI
2034,49.81640625,11.4089,8.0987,8.1711,5.6881,2,LEFT_MI
2035,49.8203125,9.4694,7.6433,4.8056,5.587,2,LEFT_MI
2036,49.82421875,6.139,-2.6841,2.8485,4.1239,2,LEFT_MI
2037,49.828125,1.8395,0.9158,3.7884,4.3856,2,LEFT_MI
2038,49.83203125,9.5904,3.7335,5.2005,-2.9861,2,LEFT_MI
2039,49.8359375,1.7482,1.8647,2.9949,3.9861,2,LEFT_MI
2040,49.83984375,0.7387,0.1237,1.3378,-2.4769,2,LEFT_MI
2041,49.84375,0.2708,-3.0849,-0.3867,2.9509,2,LEFT_MI
2042,49.84765625,-1.6165,-4.1713,-2.6992,-1.7957,2,LEFT_MI
2043,49.8515625,1.5676,-0.6456,1.5177,4.9457,2,LEFT_MI
2044,49.85546875,-5.2384,4.2728,1.5332,5.7363,2,LEFT_MI
2045,49.859375,-0.6374,-3.3256,-4.3044,0.875,2,LEFT_MI
2046,49.86328125,-1.8176,3.0198,0.2219,-1.3087,2,LEFT_MI
2047,49.8671875,0.1408,-2.3315,-8.0539,1.8967,2,LEFT_MI
2048,49.87109375,0.7166,0.423,-9.4326,-4.7283,2,LEFT_MI
2049,49.875,-8.0651,-0.289,-2.0659,-3.5647,2,LEFT_MI
2050,49.87890625,-3.6395,0.0708,-11.0035,-11.5212,2,LEFT_MI
2051,49.8828125,-5.5343,-3.1255,-8.4246,-7.459,2,LEFT_MI
2052,49.88671875,-8.6849,-5.3871,-4.8452,-8.3287,2,LEFT_MI
2053,49.890625,-6.9863,-6.9429,-6.4501,-4.1776,2,LEFT_MI
2054,49.89453125,-6.6456,-6.9289,-5.3007,-6.999,2,LEFT_MI
2055,49.8984375,-2.5198,2.1715,-0.0737,-3.4208,2,LEFT_MI
2056,49.90234375,4.6968,3.8719,-5.9059,-0.4486,2,LEFT_MI
2057,49.90625,-0.2336,5.5597,2.43,0.1277,2,LEFT_MI
2058,49.91015625,5.3503,1.0786,10.2037,2.5359,2,LEFT_MI
2059,49.9140625,2.1711,1.8493,7.2551,3.7667,2,LEFT_MI
2060,49.91796875,13.2436,-0.4257,11.3027,7.8311,2,LEFT_MI
2061,49.921875,7.8217,0.7692,8.9073,6.0957,2,LEFT_MI
2062,49.92578125,2.4012,3.972,4.6065,7.5601,2,LEFT_MI
2063,49.9296875,-3.6356,4.5527,9.7454,7.051,2,LEFT_MI
2064,49.93359375,-1.6716,0.5765,0.2636,3.684,2,LEFT_MI
2065,49.9375,5.8364,-7.3663,3.1461,-2.4545,2,LEFT_MI
2066,49.94140625,0.7839,-1.4821,-2.2803,0.305,2,LEFT_MI
2067,49.9453125,0.2975,1.9833,-3.0462,8.7079,2,LEFT_MI
2068,49.94921875,0.7287,-0.974,-1.5553,3.6079,2,LEFT_MI
2069,49.953125,-1.3551,-1.9101,1.5516,2.8906,2,LEFT_MI
2070,49.95703125,0.3902,3.5934,1.3496,-5.1322,2,LEFT_MI
2071,49.9609375,-1.106,-2.1982,-0.5213,0.3692,2,LEFT_MI
2072,49.96484375,-6.2533,4.4,-1.6332,-3.1145,2,LEFT_MI
2073,49.96875,-7.4946,3.381,-2.9015,-1.4285,2,LEFT_MI
2074,49.97265625,-7.8497,-3.8492,-5.277,-8.9108,2,LEFT_MI
2075,49.9765625,-4.8298,-0.024,-12.7133,-6.732,2,LEFT_MI
2076,49.98046875,-3.3148,-2.7214,-5.8711,-7.8209,2,LEFT_MI
2077,49.984375,-5.9584,-4.1576,-5.9395,-5.6076,2,LEFT_MI
2078,49.98828125,-9.8278,-10.4476,-12.1192,-7.9092,2,LEFT_MI
2079,49.9921875,-7.0091,-3.0813,-16.6559,-2.4612,2,LEFT_MI
2080,49.99609375,-1.8373,-3.3374,-6.6388,-1.3288,2,LEFT_MI
2081,50.0,0.9612,-2.8545,4.6033,-3.249,2,LEFT_MI
2082,50.00390625,4.6037,2.0998,-3.666,7.4484,2,LEFT_MI
2083,50.0078125,2.8181,-1.399,1.8576,6.3497,2,LEFT_MI
2084,50.01171875,5.725,4.0555,6.4023,4.1636,2,LEFT_MI
2085,50.015625,2.9921,7.0351,6.1231,9.315,2,LEFT_MI
2086,50.01953125,5.7561,7.4815,8.4557,13.8502,2,LEFT_MI
2087,50.0234375,5.6094,-1.0587,4.1192,-0.2668,2,LEFT_MI
2088,50.02734375,6.2963,-1.0489,1.1005,9.8047,2,LEFT_MI
2089,50.03125,2.0466,-1.0906,6.6322,7.5688,2,LEFT_MI
2090,50.03515625,4.3876,1.0206,0.8862,7.9915,2,LEFT_MI
2091,50.0390625,-2.5268,-0.9935,4.8222,-4.1082,2,LEFT_MI
2092,50.04296875,2.7532,1.3363,-2.5184,1.4006,2,LEFT_MI
2093,50.046875,-1.5084,-1.5589,-2.1401,-2.7187,2,LEFT_MI
2094,50.05078125,0.4318,-5.6407,-5.0844,1.4927,2,LEFT_MI
2095,50.0546875,4.2712,5.2801,-0.0961,0.95,2,LEFT_MI
2096,50.05859375,0.3717,2.67,-6.2047,0.8805,2,LEFT_MI
2097,50.0625,-3.9353,-0.8414,-2.6822,-5.6326,2,LEFT_MI
2098,50.06640625,0.8522,4.9767,3.0957,-3.2449,2,LEFT_MI
2099,50.0703125,-6.0792,-7.5837,-2.0566,-10.4959,2,LEFT_MI
2100,50.07421875,-10.7174,-1.1934,-3.2246,-8.8098,2,LEFT_MI
2101,50.078125,-3.2003,-5.8332,-9.3576,-8.2155,2,LEFT_MI
2102,50.08203125,-2.1264,-2.1096,-10.9365,-5.0366,2,LEFT_MI
2103,50.0859375,-6.956,-6.7028,-8.4136,-11.1915,2,LEFT_MI
2104,50.08984375,-5.7645,0.5652,-7.8171,-5.6315,2,LEFT_MI
2105,50.09375,-4.4071,0.5153,-8.4999,-4.4621,2,LEFT_MI
2106,50.09765625,-4.6578,1.2015,-2.1594,0.5462,2,LEFT_MI
2107,50.1015625,0.5444,4.0025,5.8663,1.7987,2,LEFT_MI
2108,50.10546875,1.377,2.692,-1.9104,3.6802,2,LEFT_MI
2109,50.109375,10.1745,4.9678,4.0737,9.1951,2,LEFT_MI
2110,50.11328125,12.6571,3.4153,5.6371,13.1254,2,LEFT_MI
2111,50.1171875,8.5811,2.0441,4.5859,7.0088,2,LEFT_MI
2112,50.12109375,4.2946,7.1669,7.2895,2.1393,2,LEFT_MI
2113,50.125,3.2946,-1.8082,6.7091,6.2815,2,LEFT_MI
2114,50.12890625,9.8464,3.1334,8.1846,4.5681,2,LEFT_MI
2115,50.1328125,4.733,1.7883,1.3491,5.75,2,LEFT_MI
2116,50.13671875,7.9942,-0.6974,3.5174,3.7075,2,LEFT_MI
2117,50.140625,-1.6211,4.3548,0.7994,-1.9522,2,LEFT_MI
2118,50.14453125,-5.2448,1.0468,-0.5875,-5.8729,2,LEFT_MI
2119,50.1484375,-1.7091,-2.7656,6.8546,-10.3905,2,LEFT_MI
2120,50.15234375,-2.1847,2.7967,-2.115,-1.03,2,LEFT_MI
2121,50.15625,-2.8574,3.2972,-5.8138,-3.6389,2,LEFT_MI
2122,50.16015625,-0.3892,6.0647,0.0539,1.2621,2,LEFT_MI
2123,50.1640625,-3.0851,1.3979,1.133,-4.2175,2,LEFT_MI
2124,50.16796875,-2.7823,2.2994,-1.0494,-6.201,2,LEFT_MI
2125,50.171875,-1.7896,1.7106,-8.5231,-2.5636,2,LEFT_MI
2126,50.17578125,-12.3171,1.3149,-4.8824,-4.0275,2,LEFT_MI
2127,50.1796875,-8.4885,-8.7781,-6.3936,-3.8244,2,LEFT_MI
2128,50.18359375,-9.2473,-8.833,-8.5794,-6.4679,2,LEFT_MI
2129,50.1875,-3.628,-4.8329,-8.8227,-2.312,2,LEFT_MI
2130,50.19140625,-6.3185,-3.7986,-3.3604,2.6802,2,LEFT_MI
2131,50.1953125,0.1671,0.9042,-9.9444,-1.8536,2,LEFT_MI
2132,50.19921875,-0.1265,-2.7607,1.401,6.4378,2,LEFT_MI
2133,50.203125,4.3505,-0.8472,2.0407,6.9621,2,LEFT_MI
2134,50.20703125,1.2053,3.5125,4.0727,9.7233,2,LEFT_MI
2135,50.2109375,4.5219,0.0205,6.3544,10.8346,2,LEFT_MI
2136,50.21484375,8.9325,-1.6491,9.4597,8.0109,2,LEFT_MI
2137,50.21875,4.6592,0.5576,6.7618,9.5408,2,LEFT_MI
2138,50.22265625,4.087,2.6994,5.6686,8.2605,2,LEFT_MI
2139,50.2265625,5.4871,3.469,6.7706,5.0357,2,LEFT_MI
2140,50.23046875,3.0154,2.5687,7.5218,-4.2409,2,LEFT_MI
2141,50.234375,0.266,-0.8345,9.0009,-4.316,2,LEFT_MI
2142,50.23828125,3.4478,-2.9325,1.0161,-6.6323,2,LEFT_MI
2143,50.2421875,-4.2652,-5.4407,0.4787,-5.1271,2,LEFT_MI
2144,50.24609375,-3.502,-5.4224,1.8259,-3.6483,2,LEFT_MI
2145,50.25,-0.1757,0.5384,-0.2037,-0.5358,2,LEFT_MI
2146,50.25390625,-2.2808,0.0938,0.262,-6.4387,2,LEFT_MI
2147,50.2578125,-5.821,2.358,4.4357,-2.833,2,LEFT_MI
2148,50.26171875,-1.2427,2.4573,-1.6072,-5.0061,2,LEFT_MI
2149,50.265625,0.0358,-1.1078,0.0236,0.8588,2,LEFT_MI
2150,50.26953125,-3.7658,-7.564,3.2377,-5.3448,2,LEFT_MI
2151,50.2734375,-2.6443,0.8201,-4.1827,-7.8955,2,LEFT_MI
2152,50.27734375,-8.6261,-3.9566,-16.0701,-3.0573,2,LEFT_MI
2153,50.28125,-9.9797,-5.7991,-9.8969,-1.8691,2,LEFT_MI
2154,50.28515625,-8.6144,-7.2505,-10.325,0.7477,2,LEFT_MI
2155,50.2890625,-7.5837,0.49,-5.4553,4.0326,2,LEFT_MI
2156,50.29296875,-3.5737,-0.8426,-6.7545,0.6396,2,LEFT_MI
2157,50.296875,-0.5683,0.1705,-5.8375,7.973,2,LEFT_MI
2158,50.30078125,0.16,0.3551,-0.2402,5.8804,2,LEFT_MI
2159,50.3046875,0.7892,4.3559,0.4252,7.2023,2,LEFT_MI
2160,50.30859375,2.4969,2.8823,7.2033,6.6777,2,LEFT_MI
2161,50.3125,8.617,2.0412,5.4682,10.8569,2,LEFT_MI
2162,50.31640625,6.115,8.1463,1.8413,7.9646,2,LEFT_MI
2163,50.3203125,7.2729,3.9828,10.1958,7.8666,2,LEFT_MI
2164,50.32421875,0.4464,2.2757,7.1419,-1.8906,2,LEFT_MI
2165,50.328125,6.7325,-1.7391,5.6333,2.3414,2,LEFT_MI
2166,50.33203125,5.4355,-1.7611,-0.8025,0.0901,2,LEFT_MI
2167,50.3359375,5.2518,-5.4218,2.732,-5.6649,2,LEFT_MI
2168,50.33984375,3.1466,-3.0046,1.0246,-1.5762,2,LEFT_MI
2169,50.34375,-1.0952,-3.8596,0.5851,-7.1414,2,LEFT_MI
2170,50.34765625,-1.1429,-0.0506,-0.0672,-11.2009,2,LEFT_MI
2171,50.3515625,-0.9374,-10.0425,1.3941,-0.8073,2,LEFT_MI
2172,50.35546875,-0.0699,-2.8755,4.5537,-2.988,2,LEFT_MI
2173,50.359375,0.9006,1.5462,2.1979,-6.9487,2,LEFT_MI
2174,50.36328125,-3.8093,-3.6902,-5.6883,-1.2644,2,LEFT_MI
2175,50.3671875,-4.0152,-0.4595,0.3058,2.4353,2,LEFT_MI
2176,50.37109375,-2.732,-2.3637,-4.7832,-2.1754,2,LEFT_MI
2177,50.375,-3.2941,-5.5288,-6.7635,-2.6962,2,LEFT_MI
2178,50.37890625,-6.7434,-1.4446,-10.7271,-5.0818,2,LEFT_MI
2179,50.3828125,-12.0153,-3.7739,-3.0417,-1.0822,2,LEFT_MI
2180,50.38671875,-6.6133,-0.9558,-7.6245,-3.6127,2,LEFT_MI
2181,50.390625,-3.9629,-7.2407,-6.7135,2.938,2,LEFT_MI
2182,50.39453125,-6.1378,-0.4111,-10.3062,0.6794,2,LEFT_MI
2183,50.3984375,-0.7018,-1.1632,-2.4775,10.7614,2,LEFT_MI
2184,50.40234375,-2.7214,5.4395,-1.7276,3.1376,2,LEFT_MI
2185,50.40625,4.0228,3.4768,1.08,8.2652,2,LEFT_MI
2186,50.41015625,5.3483,7.6123,3.2859,5.755,2,LEFT_MI
2187,50.4140625,5.8265,-1.6087,6.999,5.3217,2,LEFT_MI
2188,50.41796875,8.3611,7.4856,4.2796,3.0429,2,LEFT_MI
2189,50.421875,6.5317,-3.2656,6.4555,2.3013,2,LEFT_MI
2190,50.42578125,1.7253,0.7825,1.0714,-1.2001,2,LEFT_MI
2191,50.4296875,4.377,-2.3972,2.6791,-6.8152,2,LEFT_MI
2192,50.43359375,3.2717,-4.1363,5.8308,-3.8754,2,LEFT_MI
2193,50.4375,2.0952,-4.3776,5.6048,-5.6894,2,LEFT_MI
2194,50.44140625,1.092,-3.1572,7.812,-6.8519,2,LEFT_MI
2195,50.4453125,3.3481,-1.0769,2.8528,-4.1514,2,LEFT_MI
2196,50.44921875,3.6334,3.9135,3.4729,-7.8751,2,LEFT_MI
2197,50.453125,-1.8582,-5.5646,6.9815,-6.4676,2,LEFT_MI
2198,50.45703125,-3.1687,-0.9055,-1.0632,-6.5549,2,LEFT_MI
2199,50.4609375,-2.5256,2.1279,3.4339,-5.4752,2,LEFT_MI
2200,50.46484375,-3.4295,-5.6413,0.0407,-2.8278,2,LEFT_MI
2201,50.46875,-3.0001,-0.7088,3.5957,0.5189,2,LEFT_MI
2202,50.47265625,-5.6106,3.4218,-4.059,3.3877,2,LEFT_MI
2203,50.4765625,-14.0718,-5.6521,-9.5188,-0.3509,2,LEFT_MI
2204,50.48046875,-3.7364,-4.1345,-13.3653,-0.0728,2,LEFT_MI
2205,50.484375,-12.0237,-7.6408,-10.6188,-1.1982,2,LEFT_MI
2206,50.48828125,-5.0626,-3.4372,-7.8064,0.2002,2,LEFT_MI
2207,50.4921875,0.1696,4.1483,-8.4561,-1.3202,2,LEFT_MI
2208,50.49609375,-1.1373,1.8337,-3.6583,5.1677,2,LEFT_MI
2209,50.5,0.849,2.3517,1.6591,10.2079,2,LEFT_MI
2210,50.50390625,0.747,6.3961,-4.6413,9.7125,2,LEFT_MI
2211,50.5078125,5.1713,4.1191,2.5793,4.282,2,LEFT_MI
2212,50.51171875,5.732,2.2513,0.293,8.5356,2,LEFT_MI
2213,50.515625,6.7528,2.564,1.4401,4.8386,2,LEFT_MI
2214,50.51953125,0.8538,1.0316,7.0936,7.4787,2,LEFT_MI
2215,50.5234375,13.3546,-0.7275,11.8303,3.9876,2,LEFT_MI
2216,50.52734375,7.6239,5.0849,4.8652,-3.0705,2,LEFT_MI
2217,50.53125,6.3304,-0.9539,1.7546,-6.2923,2,LEFT_MI
2218,50.53515625,-0.5025,-7.0159,-0.5814,-6.6644,2,LEFT_MI
2219,50.5390625,-1.606,-6.1653,0.3447,-4.0439,2,LEFT_MI
2220,50.54296875,-0.1797,-4.185,7.9046,-14.2617,2,LEFT_MI
2221,50.546875,2.4295,-2.3978,-5.6142,-15.0834,2,LEFT_MI
2222,50.55078125,2.0981,-6.5226,8.6617,-3.3901,2,LEFT_MI
2223,50.5546875,0.3167,0.6723,7.0371,-4.7276,2,LEFT_MI
2224,50.55859375,0.8019,1.5878,5.528,-5.752,2,LEFT_MI
2225,50.5625,-2.7129,-3.3954,2.1761,0.0126,2,LEFT_MI
2226,50.56640625,0.9236,3.696,0.4872,4.4061,2,LEFT_MI
2227,50.5703125,-4.8647,-4.9023,-0.4591,4.3122,2,LEFT_MI
2228,50.57421875,-3.523,-2.0153,-0.7395,2.7078,2,LEFT_MI
2229,50.578125,-4.812,-2.6789,-2.7266,0.9807,2,LEFT_MI
2230,50.58203125,-9.3492,-7.1001,-8.2889,-0.3039,2,LEFT_MI
2231,50.5859375,-9.5579,-5.881,-8.1355,1.1408,2,LEFT_MI
2232,50.58984375,-7.0806,-6.0183,-7.4726,0.7565,2,LEFT_MI
2233,50.59375,-3.8126,-0.6697,-12.4373,3.2259,2,LEFT_MI
2234,50.59765625,-7.187,-5.0391,-6.6961,1.9985,2,LEFT_MI
2235,50.6015625,2.4504,2.6117,-0.2714,6.1775,2,LEFT_MI
2236,50.60546875,4.838,-1.7463,2.083,3.898,2,LEFT_MI
2237,50.609375,6.6035,2.0063,0.1033,10.9475,2,LEFT_MI
2238,50.61328125,4.7318,5.6055,5.6564,4.9038,2,LEFT_MI
2239,50.6171875,8.4904,6.7756,10.5325,-0.5878,2,LEFT_MI
2240,50.62109375,1.9028,0.6598,1.949,-0.7954,2,LEFT_MI
2241,50.625,2.0126,0.6687,3.9388,-3.5232,2,LEFT_MI
2242,50.62890625,4.394,3.1226,1.9306,-6.5695,2,LEFT_MI
2243,50.6328125,-1.0307,0.7137,2.6215,-9.595,2,LEFT_MI
2244,50.63671875,0.0977,-3.6483,3.2535,-9.1852,2,LEFT_MI
2245,50.640625,-1.6819,-6.019,5.236,-9.1367,2,LEFT_MI
2246,50.64453125,-6.1959,-1.6663,9.0212,-5.6773,2,LEFT_MI
2247,50.6484375,-1.1241,3.0828,3.8733,-3.1911,2,LEFT_MI
2248,50.65234375,3.9826,2.5385,11.9697,0.0356,2,LEFT_MI
2249,50.65625,0.0334,0.2459,0.1471,0.0976,2,LEFT_MI
2250,50.66015625,-2.5731,-1.1041,6.9853,6.0133,2,LEFT_MI
2251,50.6640625,-0.3623,0.7229,4.602,3.8729,2,LEFT_MI
2252,50.66796875,0.1804,2.6707,-0.6651,2.9612,2,LEFT_MI
2253,50.671875,0.5734,-0.6653,-2.8597,3.5101,2,LEFT_MI
2254,50.67578125,-8.0444,-0.6987,-6.5373,4.6385,2,LEFT_MI
2255,50.6796875,-9.4703,-3.8362,-6.3725,-0.0607,2,LEFT_MI
2256,50.68359375,-8.1412,-3.4454,-12.3177,2.3051,2,LEFT_MI
2257,50.6875,-4.9445,-2.3357,-10.1578,7.3149,2,LEFT_MI
2258,50.69140625,-2.322,-3.0704,-8.6967,-3.987,2,LEFT_MI
2259,50.6953125,-4.217,0.7032,-5.6401,8.0493,2,LEFT_MI
2260,50.69921875,-2.86,-2.1621,-6.1748,1.3731,2,LEFT_MI
2261,50.703125,5.0952,2.4474,-2.807,3.1745,2,LEFT_MI
2262,50.70703125,2.8632,5.3588,4.6916,6.2976,2,LEFT_MI
2263,50.7109375,9.4369,7.7412,1.4416,4.4769,2,LEFT_MI
2264,50.71484375,7.803,3.1769,3.8575,1.8585,2,LEFT_MI
2265,50.71875,2.7595,0.8969,5.557,-0.1459,2,LEFT_MI
2266,50.72265625,7.2663,3.7429,0.5871,-0.0049,2,LEFT_MI
2267,50.7265625,1.089,-1.6482,0.1416,-5.0494,2,LEFT_MI
2268,50.73046875,5.7286,-5.3442,-2.0117,-8.5764,2,LEFT_MI
2269,50.734375,-1.6301,-5.9016,0.8671,-9.7542,2,LEFT_MI
2270,50.73828125,3.7527,-2.9633,2.2351,-7.6012,2,LEFT_MI
2271,50.7421875,-1.9466,-3.8196,-0.9511,-13.2099,2,LEFT_MI
2272,50.74609375,-0.447,-1.3075,1.4906,-7.7047,2,LEFT_MI
2273,50.75,2.663,2.085,1.2132,-8.2545,2,LEFT_MI
2274,50.75390625,-1.1279,4.2142,5.8318,-4.0222,2,LEFT_MI
2275,50.7578125,-1.8098,-2.5488,1.9468,-3.7193,2,LEFT_MI
2276,50.76171875,-2.4602,-9.9533,2.6724,2.3693,2,LEFT_MI
2277,50.765625,-6.5378,2.8837,10.0481,5.2833,2,LEFT_MI
2278,50.76953125,-1.2307,-1.872,1.9254,5.7803,2,LEFT_MI
2279,50.7734375,-5.1566,3.3941,-4.8635,4.9089,2,LEFT_MI
2280,50.77734375,-5.7388,-2.7564,-4.0055,1.7582,2,LEFT_MI
2281,50.78125,-9.9903,-2.4214,-6.2175,1.2674,2,LEFT_MI
2282,50.78515625,-13.0193,-6.6835,-10.3509,5.6052,2,LEFT_MI
2283,50.7890625,-4.2042,-3.0054,-9.8422,6.2585,2,LEFT_MI
2284,50.79296875,-2.4223,-2.7571,-11.3833,7.7806,2,LEFT_MI
2285,50.796875,-0.49,-1.7501,-12.1111,1.5438,2,LEFT_MI
2286,50.80078125,-0.5361,-1.0863,-5.9445,3.2363,2,LEFT_MI
2287,50.8046875,8.2709,0.2341,-5.5142,1.1606,2,LEFT_MI
2288,50.80859375,5.9553,1.3731,0.9926,5.1876,2,LEFT_MI
2289,50.8125,8.9974,2.8621,2.2088,-0.7391,2,LEFT_MI
2290,50.81640625,5.4697,4.8411,8.2692,-0.9086,2,LEFT_MI
2291,50.8203125,4.451,-3.2979,2.0118,-7.832,2,LEFT_MI
2292,50.82421875,6.062,-0.106,1.6385,-6.9607,2,LEFT_MI
2293,50.828125,7.5038,1.2371,-4.9323,-1.7974,2,LEFT_MI
2294,50.83203125,1.3003,-7.7222,7.5405,-13.0028,2,LEFT_MI
2295,50.8359375,0.6327,-3.7027,5.8165,-5.1565,2,LEFT_MI
2296,50.83984375,1.3124,-4.9957,6.0694,-8.3616,2,LEFT_MI
2297,50.84375,0.1805,-5.0237,6.6281,-6.7724,2,LEFT_MI
2298,50.84765625,3.9467,-7.8254,9.7167,-1.9513,2,LEFT_MI
2299,50.8515625,1.0027,2.8685,7.8986,1.9571,2,LEFT_MI
2300,50.85546875,-4.5892,0.272,3.3558,1.358,2,LEFT_MI
2301,50.859375,-0.507,-1.1869,2.7786,3.6856,2,LEFT_MI
2302,50.86328125,0.5828,4.6622,2.8169,4.3709,2,LEFT_MI
2303,50.8671875,-5.9369,-4.4397,5.2676,3.6709,2,LEFT_MI
2304,50.87109375,-1.7736,7.8502,3.9648,1.4859,2,LEFT_MI
2305,50.875,-3.7957,0.9344,-8.0918,8.3659,2,LEFT_MI
2306,50.87890625,-7.0153,0.0162,-1.3124,5.4875,2,LEFT_MI
2307,50.8828125,-7.7666,0.1858,-9.9174,5.5223,2,LEFT_MI
2308,50.88671875,-7.9903,0.5579,-7.1185,1.5062,2,LEFT_MI
2309,50.890625,-10.356,-0.3684,-10.2053,0.5172,2,LEFT_MI
2310,50.89453125,-2.2516,-0.5163,-8.8312,1.8464,2,LEFT_MI
2311,50.8984375,-3.0854,5.9156,-1.554,2.977,2,LEFT_MI
2312,50.90234375,-2.6285,0.4491,-3.9942,5.5179,2,LEFT_MI
2313,50.90625,4.1769,8.6492,-5.9878,-0.3198,2,LEFT_MI
2314,50.91015625,8.9127,8.1798,-2.7214,-1.5243,2,LEFT_MI
2315,50.9140625,8.2048,1.9625,1.5203,-1.9261,2,LEFT_MI
2316,50.91796875,7.3566,9.652,0.1901,-3.8818,2,LEFT_MI
2317,50.921875,7.215,4.6567,-0.0406,-6.889,2,LEFT_MI
2318,50.92578125,4.3381,3.2146,8.5664,-5.9316,2,LEFT_MI
2319,50.9296875,1.0431,-5.0756,-0.5229,-8.2779,2,LEFT_MI
2320,50.93359375,2.8456,2.2358,0.9896,-7.4123,2,LEFT_MI
2321,50.9375,2.6346,-8.2319,-1.5617,-11.2975,2,LEFT_MI
2322,50.94140625,1.9302,-5.0313,7.8494,-1.9509,2,LEFT_MI
2323,50.9453125,0.4207,-3.8998,-4.3662,-6.4602,2,LEFT_MI
2324,50.94921875,-0.2221,-3.4189,3.463,-3.0482,2,LEFT_MI
2325,50.953125,-1.6054,0.5553,5.5886,-1.6715,2,LEFT_MI
2326,50.95703125,-3.0161,0.8302,11.2887,5.5354,2,LEFT_MI
2327,50.9609375,-4.1672,-2.1397,8.7179,8.9404,2,LEFT_MI
2328,50.96484375,-1.8449,1.453,8.5723,7.6503,2,LEFT_MI
2329,50.96875,-4.2244,3.6663,4.7167,15.4534,2,LEFT_MI
2330,50.97265625,-7.3631,-1.1181,-1.8769,10.2729,2,LEFT_MI
2331,50.9765625,-4.4437,-1.4189,-3.6591,4.4783,2,LEFT_MI
2332,50.98046875,-9.3905,-3.7268,-7.94,3.5585,2,LEFT_MI
2333,50.984375,-5.7845,-5.2848,-7.7702,-0.3044,2,LEFT_MI
2334,50.98828125,-6.2479,-4.5707,-7.8811,6.2014,2,LEFT_MI
2335,50.9921875,-8.8869,-2.2156,-4.9806,4.7091,2,LEFT_MI
2336,50.99609375,-4.0863,-0.7588,-4.7363,-0.3123,2,LEFT_MI
2337,51.0,1.6538,2.435,-3.7678,2.3203,2,LEFT_MI
2338,51.00390625,2.1771,-2.1579,-0.9244,-7.1246,2,LEFT_MI
2339,51.0078125,-0.6589,4.6894,-3.1507,-0.1367,2,LEFT_MI
2340,51.01171875,7.2567,-1.3141,-0.6494,1.1529,2,LEFT_MI
2341,51.015625,1.7708,6.0297,0.0931,3.2369,2,LEFT_MI
2342,51.01953125,13.184,0.2949,5.2444,-4.2982,2,LEFT_MI
2343,51.0234375,8.797,1.8174,-0.0738,-10.1245,2,LEFT_MI
2344,51.02734375,6.0944,2.7724,-0.1538,-9.2338,2,LEFT_MI
2345,51.03125,-0.0413,-3.8372,4.8749,-9.5278,2,LEFT_MI
2346,51.03515625,-1.2674,-2.2586,1.4485,-10.2466,2,LEFT_MI
2347,51.0390625,-4.0875,-2.0906,2.4398,-1.6797,2,LEFT_MI
2348,51.04296875,1.8074,-7.4161,4.2787,-4.2016,2,LEFT_MI
2349,51.046875,2.8042,-2.3546,6.2831,-0.6408,2,LEFT_MI
2350,51.05078125,-0.2339,-2.7859,5.2113,1.6081,2,LEFT_MI
2351,51.0546875,-2.6206,1.782,7.0094,5.1977,2,LEFT_MI
2352,51.05859375,3.1833,-0.289,11.6766,5.4781,2,LEFT_MI
2353,51.0625,0.5119,1.1347,2.7638,9.4835,2,LEFT_MI
2354,51.06640625,-0.441,0.556,4.9685,7.886,2,LEFT_MI
2355,51.0703125,-6.0203,-3.9696,6.7823,7.0786,2,LEFT_MI
2356,51.07421875,-8.6796,-0.8643,-2.4653,6.3595,2,LEFT_MI
2357,51.078125,-8.4156,-0.1598,-7.1523,5.7202,2,LEFT_MI
2358,51.08203125,-11.0375,-7.6632,-5.9397,0.9817,2,LEFT_MI
2359,51.0859375,-10.4957,-1.1688,-13.4134,0.6155,2,LEFT_MI
2360,51.08984375,-9.9595,-3.1025,-8.9155,-1.7182,2,LEFT_MI
2361,51.09375,-0.688,1.5724,-6.4991,-1.6279,2,LEFT_MI
2362,51.09765625,0.5033,0.4078,-1.1584,-0.2255,2,LEFT_MI
2363,51.1015625,4.0823,1.8862,-2.1986,-4.8237,2,LEFT_MI
2364,51.10546875,0.0878,3.2237,1.2727,-0.604,2,LEFT_MI
2365,51.109375,8.4186,7.7969,1.4958,-2.1611,2,LEFT_MI
2366,51.11328125,9.1546,9.7795,-0.1027,0.6023,2,LEFT_MI
2367,51.1171875,6.6855,-0.8299,-2.0211,-5.9178,2,LEFT_MI
2368,51.12109375,12.999,-1.3958,-0.5307,-2.3924,2,LEFT_MI
2369,51.125,6.0285,0.3065,5.2055,-9.5789,2,LEFT_MI
2370,51.12890625,8.9932,-1.8515,3.048,-5.2976,2,LEFT_MI
2371,51.1328125,5.9123,-0.9983,-4.4211,-4.4366,2,LEFT_MI
2372,51.13671875,6.8084,-5.4461,0.2725,-5.4992,2,LEFT_MI
2373,51.140625,-0.0626,-3.7865,4.4903,-8.909,2,LEFT_MI
2374,51.14453125,3.6077,-3.6175,4.9149,-3.4051,2,LEFT_MI
2375,51.1484375,-0.9309,3.288,7.1086,1.0669,2,LEFT_MI
2376,51.15234375,1.4711,-0.7746,7.0458,4.2079,2,LEFT_MI
2377,51.15625,0.8608,0.0636,4.2844,7.6358,2,LEFT_MI
2378,51.16015625,1.9594,3.7138,10.8926,5.9574,2,LEFT_MI
2379,51.1640625,-0.2209,2.1155,8.5289,4.4334,2,LEFT_MI
2380,51.16796875,-5.1455,3.1605,2.5477,8.2825,2,LEFT_MI
2381,51.171875,-1.0514,-2.263,5.4624,1.9309,2,LEFT_MI
2382,51.17578125,-5.3885,-8.8388,1.7535,7.4685,2,LEFT_MI
2383,51.1796875,-6.6946,-0.5026,-4.7209,3.576,2,LEFT_MI
2384,51.18359375,-7.4396,-1.0135,-13.8914,-5.0661,2,LEFT_MI
2385,51.1875,-4.4507,-4.5387,-11.161,-5.4001,2,LEFT_MI
2386,51.19140625,-10.1563,3.0032,-9.754,-3.1142,2,LEFT_MI
2387,51.1953125,0.0779,1.2181,-4.6034,-3.4014,2,LEFT_MI
2388,51.19921875,-4.3373,-4.5836,-5.4782,-4.6601,2,LEFT_MI
2389,51.203125,3.8323,-1.1465,-4.6401,-5.1779,2,LEFT_MI
2390,51.20703125,2.897,8.6594,-4.5775,-6.2325,2,LEFT_MI
2391,51.2109375,10.7283,2.1238,1.696,-9.0669,2,LEFT_MI
2392,51.21484375,5.0022,3.2864,0.2777,-5.6308,2,LEFT_MI
2393,51.21875,7.457,4.2162,-0.7167,-8.1682,2,LEFT_MI
2394,51.22265625,15.1175,7.8991,1.353,3.234,2,LEFT_MI
2395,51.2265625,0.3889,2.6122,2.2608,0.6638,2,LEFT_MI
2396,51.23046875,2.486,-0.0015,0.767,-11.699,2,LEFT_MI
2397,51.234375,4.7053,-8.5143,0.1743,-5.1285,2,LEFT_MI
2398,51.23828125,0.1182,-1.455,4.1071,-5.1979,2,LEFT_MI
2399,51.2421875,2.7738,-5.6012,6.1528,-2.323,2,LEFT_MI
2400,51.24609375,-1.2902,-3.8311,-0.747,4.0401,2,LEFT_MI
2401,51.25,1.2928,-3.7828,10.4952,2.2129,2,LEFT_MI
2402,51.25390625,4.9128,-1.6032,7.675,5.041,2,LEFT_MI
2403,51.2578125,2.9986,1.4085,9.7098,10.0094,2,LEFT_MI
2404,51.26171875,-0.5925,-1.7018,12.5068,10.8813,2,LEFT_MI
2405,51.265625,-7.3355,-2.0043,2.972,11.683,2,LEFT_MI
2406,51.26953125,-6.1094,6.7721,3.1413,5.2391,2,LEFT_MI
2407,51.2734375,-6.9578,3.1115,5.2785,2.494,2,LEFT_MI
2408,51.27734375,-6.2235,-1.7692,-0.9195,4.6573,2,LEFT_MI
2409,51.28125,-4.9228,-3.7189,-5.9025,-0.5736,2,LEFT_MI
2410,51.28515625,-8.7849,-1.3197,-4.9549,-5.9277,2,LEFT_MI
2411,51.2890625,-3.7324,5.4216,-7.6957,-0.6517,2,LEFT_MI
2412,51.29296875,-5.9787,-3.212,-10.6924,-6.4119,2,LEFT_MI
2413,51.296875,-3.8854,-0.4815,-4.8232,-4.3103,2,LEFT_MI
2414,51.30078125,-0.2971,-0.49,-2.371,-3.801,2,LEFT_MI
2415,51.3046875,2.936,0.7904,-5.647,-6.6745,2,LEFT_MI
2416,51.30859375,7.6888,11.3248,-1.2726,2.0137,2,LEFT_MI
2417,51.3125,4.1626,3.9382,1.4425,0.3445,2,LEFT_MI
2418,51.31640625,6.1058,-1.1615,2.0328,-6.5188,2,LEFT_MI
2419,51.3203125,7.2242,0.0372,0.3288,-1.8284,2,LEFT_MI
2420,51.32421875,7.9205,0.9635,0.4332,-2.5497,2,LEFT_MI
2421,51.328125,2.2855,-6.1571,-0.9896,-1.407,2,LEFT_MI
2422,51.33203125,0.4825,-1.4276,-4.0567,-3.2313,2,LEFT_MI
2423,51.3359375,0.7627,-10.015,-4.2802,-0.402,2,LEFT_MI
2424,51.33984375,2.3389,-6.4925,2.1522,-1.8148,2,LEFT_MI
2425,51.34375,-1.3835,-0.6369,3.7531,-1.4384,2,LEFT_MI
2426,51.34765625,-1.1014,-4.1136,0.9142,3.764,2,LEFT_MI
2427,51.3515625,1.0323,-3.0687,7.8557,3.7393,2,LEFT_MI
2428,51.35546875,-0.2767,1.1314,6.2348,10.7205,2,LEFT_MI
2429,51.359375,-2.627,-4.1904,7.28,7.1711,2,LEFT_MI
2430,51.36328125,-0.2203,-1.3194,11.3625,12.0724,2,LEFT_MI
2431,51.3671875,-3.3581,5.1003,9.5925,6.0908,2,LEFT_MI
2432,51.37109375,-2.8196,4.4399,2.7218,6.8074,2,LEFT_MI
2433,51.375,-5.4937,-2.5098,2.0646,4.192,2,LEFT_MI
2434,51.37890625,-5.6933,1.4259,-2.6219,0.4756,2,LEFT_MI
2435,51.3828125,-14.9385,-3.3057,-4.6423,-8.1154,2,LEFT_MI
2436,51.38671875,-7.2812,-1.194,-8.2813,-4.8579,2,LEFT_MI
2437,51.390625,-3.9281,-3.6333,-9.2878,-5.4563,2,LEFT_MI
2438,51.39453125,-4.003,1.4547,-10.2794,-8.7367,2,LEFT_MI
2439,51.3984375,-2.3232,4.9145,-7.1614,-6.2793,2,LEFT_MI
2440,51.40234375,-2.2815,0.7906,-2.3666,-6.0168,2,LEFT_MI
2441,51.40625,-0.0585,3.4772,-4.4106,-6.2815,2,LEFT_MI
2442,51.41015625,4.8529,4.2023,-3.7435,1.8159,2,LEFT_MI
2443,51.4140625,6.0802,6.5998,-5.3442,0.4451,2,LEFT_MI
2444,51.41796875,14.7913,-2.4001,0.5572,-3.0248,2,LEFT_MI
2445,51.421875,9.7252,-3.1561,-5.664,-3.4692,2,LEFT_MI
2446,51.42578125,2.6768,-3.5246,-1.219,-0.0769,2,LEFT_MI
2447,51.4296875,2.6794,-4.8445,0.1701,-2.4434,2,LEFT_MI
2448,51.43359375,2.4265,-0.3543,-2.3261,-2.7379,2,LEFT_MI
2449,51.4375,1.5868,-2.3754,-1.2373,1.2103,2,LEFT_MI
2450,51.44140625,2.9433,-6.487,-0.9328,-0.6954,2,LEFT_MI
2451,51.4453125,-3.5695,-8.7172,0.7591,2.5551,2,LEFT_MI
2452,51.44921875,-2.4501,-5.3037,2.9265,0.916,2,LEFT_MI
2453,51.453125,-0.3773,-0.8577,3.5747,8.4658,2,LEFT_MI
2454,51.45703125,-0.3999,2.4756,11.6939,12.8182,2,LEFT_MI
2455,51.4609375,-2.8368,2.2521,11.8252,11.0633,2,LEFT_MI
2456,51.46484375,-3.6061,2.1139,6.3626,4.2406,2,LEFT_MI
2457,51.46875,-2.2805,3.6215,7.8676,7.0123,2,LEFT_MI
2458,51.47265625,-4.4488,-1.4198,7.1569,3.3557,2,LEFT_MI
2459,51.4765625,-3.6771,2.1138,-1.1828,-1.333,2,LEFT_MI
2460,51.48046875,-5.0877,-4.5448,-1.6397,-9.4126,2,LEFT_MI
2461,51.484375,-8.8919,-1.3776,-4.6213,-7.7718,2,LEFT_MI
2462,51.48828125,-10.7721,4.8188,-11.0882,-6.249,2,LEFT_MI
2463,51.4921875,-8.2656,3.5058,-4.5576,-8.0392,2,LEFT_MI
2464,51.49609375,-7.8329,2.1869,-3.869,-12.0325,2,LEFT_MI
2465,51.5,1.1886,2.3138,-5.3834,-7.7089,2,LEFT_MI
2466,51.50390625,3.8007,3.8394,2.3509,-4.99,2,LEFT_MI
2467,51.5078125,0.2468,6.6518,-6.4286,-3.9724,2,LEFT_MI
2468,51.51171875,8.8553,1.7885,-4.0196,-1.8261,2,LEFT_MI
2469,51.515625,10.7062,5.879,-0.4152,-1.6355,2,LEFT_MI
2470,51.51953125,7.5221,1.2177,0.4043,3.0234,2,LEFT_MI
2471,51.5234375,6.7073,-1.1892,1.8374,0.0976,2,LEFT_MI
2472,51.52734375,6.5435,-2.1736,-0.1893,-5.8643,2,LEFT_MI
2473,51.53125,1.657,-4.3026,-6.8041,2.9627,2,LEFT_MI
2474,51.53515625,1.9945,1.0682,-1.9565,7.4003,2,LEFT_MI
2475,51.5390625,-2.342,-4.5506,4.5162,-1.0997,2,LEFT_MI
2476,51.54296875,4.3955,-6.4413,3.913,5.5021,2,LEFT_MI
2477,51.546875,3.0184,2.1513,3.7851,4.5613,2,LEFT_MI
2478,51.55078125,-1.3405,-2.9596,6.6732,7.0515,2,LEFT_MI
2479,51.5546875,1.5431,2.3651,3.1993,16.1403,2,LEFT_MI
2480,51.55859375,0.9219,2.9585,2.2559,7.5908,2,LEFT_MI
2481,51.5625,-2.6609,5.9304,8.031,9.0976,2,LEFT_MI
2482,51.56640625,-1.1357,-1.6646,1.1738,9.5768,2,LEFT_MI
2483,51.5703125,-0.7289,2.7206,5.435,-3.779,2,LEFT_MI
2484,51.57421875,-7.0556,1.6233,4.4358,4.6614,2,LEFT_MI
2485,51.578125,-4.6235,7.8787,-3.6831,-1.3942,2,LEFT_MI
2486,51.58203125,-2.777,1.2505,-4.3827,-6.2958,2,LEFT_MI
2487,51.5859375,-8.5668,3.5203,-6.9913,-8.6707,2,LEFT_MI
2488,51.58984375,-7.1232,-1.7729,-7.5215,-11.6508,2,LEFT_MI
2489,51.59375,-2.6186,-1.2579,-7.533,-3.3612,2,LEFT_MI
2490,51.59765625,2.0003,-2.0312,-2.6161,-5.4012,2,LEFT_MI
2491,51.6015625,2.2304,2.8042,-5.6865,0.2214,2,LEFT_MI
2492,51.60546875,3.3746,5.3084,-2.5166,-3.5434,2,LEFT_MI
2493,51.609375,3.9245,6.8312,-1.935,0.0266,2,LEFT_MI
2494,51.61328125,10.6307,-2.1404,-5.6883,-4.3816,2,LEFT_MI
2495,51.6171875,7.1377,1.1673,-3.0085,2.435,2,LEFT_MI
2496,51.62109375,7.2364,0.0489,0.0818,-1.7546,2,LEFT_MI
2497,51.625,1.1283,-3.2983,-1.5359,-1.9459,2,LEFT_MI
2498,51.62890625,8.4919,-4.2017,-1.9056,5.7305,2,LEFT_MI
2499,51.6328125,-0.388,0.9284,-1.6395,1.5262,2,LEFT_MI
2500,51.63671875,-5.3633,-1.6082,0.6114,0.5203,2,LEFT_MI
2501,51.640625,-0.3959,-4.94,0.8685,2.7583,2,LEFT_MI
2502,51.64453125,-2.3751,-2.3714,1.2495,5.2895,2,LEFT_MI
2503,51.6484375,2.0991,-2.3745,-1.6994,-3.4314,2,LEFT_MI
2504,51.65234375,3.9452,1.7908,13.2117,1.9478,2,LEFT_MI
2505,51.65625,4.0259,-1.5833,6.3564,10.8813,2,LEFT_MI
2506,51.66015625,-3.9945,8.5274,11.83,2.0711,2,LEFT_MI
2507,51.6640625,-5.8543,-3.1427,12.3653,6.4221,2,LEFT_MI
2508,51.66796875,-3.7112,3.2125,9.4621,5.5852,2,LEFT_MI
2509,51.671875,-4.1553,-1.066,0.8681,-0.9194,2,LEFT_MI
2510,51.67578125,-6.4403,3.9934,0.6999,-4.5531,2,LEFT_MI
2511,51.6796875,-5.7714,0.8601,-1.8241,-5.8743,2,LEFT_MI
2512,51.68359375,-6.2429,-2.3771,-7.6261,-11.78,2,LEFT_MI
2513,51.6875,-8.8066,1.4406,-5.7413,-7.8826,2,LEFT_MI
2514,51.69140625,-6.3544,-0.2839,-4.6152,-5.6734,2,LEFT_MI
2515,51.6953125,-5.2913,-0.7578,-3.3916,-6.8652,2,LEFT_MI
2516,51.69921875,0.2583,0.6987,-8.6206,-7.9314,2,LEFT_MI
2517,51.703125,3.3147,9.1366,-0.5879,-1.1181,2,LEFT_MI
2518,51.70703125,4.9427,3.1143,-1.0367,-1.6957,2,LEFT_MI
2519,51.7109375,9.858,3.3126,-0.864,0.3813,2,LEFT_MI
2520,51.71484375,10.1198,0.1878,-1.3508,0.8544,2,LEFT_MI
2521,51.71875,7.7546,1.7948,-7.1769,8.0781,2,LEFT_MI
2522,51.72265625,6.2297,-2.4734,-1.4204,3.9618,2,LEFT_MI
2523,51.7265625,2.9988,-4.659,-3.1714,5.7181,2,LEFT_MI
2524,51.73046875,0.897,-3.7728,-1.0629,5.893,2,LEFT_MI
2525,51.734375,6.8138,-4.0428,-2.6488,4.0219,2,LEFT_MI
2526,51.73828125,-3.3365,-1.5436,0.6775,2.233,2,LEFT_MI
2527,51.7421875,3.8573,-6.3218,-2.4338,7.6664,2,LEFT_MI
2528,51.74609375,-2.0296,-0.1707,-2.8255,7.657,2,LEFT_MI
2529,51.75,-2.7644,-3.1326,3.2209,3.849,2,LEFT_MI
2530,51.75390625,3.6215,0.4733,6.7127,9.4907,2,LEFT_MI
2531,51.7578125,0.0911,-1.0314,13.0885,3.2085,2,LEFT_MI
2532,51.76171875,7.1204,2.5537,10.4886,0.74,2,LEFT_MI
2533,51.765625,-3.8085,5.3847,7.1433,2.9322,2,LEFT_MI
2534,51.76953125,-4.9751,0.2449,9.3495,-3.3056,2,LEFT_MI
2535,51.7734375,-5.4794,2.2048,6.3121,-6.7676,2,LEFT_MI
2536,51.77734375,-4.1172,-3.1416,3.996,-0.6919,2,LEFT_MI
2537,51.78125,-6.1066,2.7635,2.2145,-10.1187,2,LEFT_MI
2538,51.78515625,-8.3103,3.122,-8.4328,-8.1817,2,LEFT_MI
2539,51.7890625,-11.0968,2.966,-0.3465,-3.7327,2,LEFT_MI
2540,51.79296875,-5.3241,-0.1362,-6.8167,-12.1081,2,LEFT_MI
2541,51.796875,2.3867,-1.6992,-8.8461,-4.4006,2,LEFT_MI
2542,51.80078125,0.7388,0.5617,-4.2489,-9.6258,2,LEFT_MI
2543,51.8046875,-3.8204,3.8551,-4.2349,4.297,2,LEFT_MI
2544,51.80859375,5.8828,0.5351,-4.5749,0.7358,2,LEFT_MI
2545,51.8125,7.8015,4.3624,-6.4552,2.6241,2,LEFT_MI
2546,51.81640625,7.3343,-0.82,-1.4342,10.3929,2,LEFT_MI
2547,51.8203125,7.7415,2.6696,2.5642,5.4962,2,LEFT_MI
2548,51.82421875,5.299,0.9517,2.6664,2.5191,2,LEFT_MI
2549,51.828125,8.677,1.0972,-4.0291,-1.5394,2,LEFT_MI
2550,51.83203125,-5.4566,-4.6671,-6.806,3.1467,2,LEFT_MI
2551,51.8359375,1.7955,-5.4443,-6.1976,6.5508,2,LEFT_MI
2552,51.83984375,-0.0169,-10.3834,-2.208,3.6913,2,LEFT_MI
2553,51.84375,-0.4736,-4.4566,-1.8478,1.098,2,LEFT_MI
2554,51.84765625,-1.2043,-0.7668,-0.0086,3.1242,2,LEFT_MI
2555,51.8515625,5.6307,-3.58,9.2939,3.2736,2,LEFT_MI
2556,51.85546875,3.6521,3.7482,4.6091,1.7231,2,LEFT_MI
2557,51.859375,-5.7745,4.2124,7.3885,2.8019,2,LEFT_MI
2558,51.86328125,-4.2142,3.5342,4.6832,-1.6215,2,LEFT_MI
2559,51.8671875,-6.3055,0.1387,6.721,0.2763,2,LEFT_MI
2560,51.87109375,-7.4373,0.7376,6.5057,-6.0942,2,LEFT_MI
2561,51.875,-0.7234,7.8687,-1.0605,-5.2748,2,LEFT_MI
2562,51.87890625,-6.8976,-0.6336,-5.2965,-7.8131,2,LEFT_MI
2563,51.8828125,-7.1153,4.0568,-1.2936,-10.8096,2,LEFT_MI
2564,51.88671875,-4.4246,-3.6246,3.0889,-9.8814,2,LEFT_MI
2565,51.890625,-3.5435,-0.4083,-6.0468,-5.2776,2,LEFT_MI
2566,51.89453125,0.9955,-4.2024,-13.3873,-10.1446,2,LEFT_MI
2567,51.8984375,1.853,3.3579,-2.8675,-4.8699,2,LEFT_MI
2568,51.90234375,-1.8335,4.0989,-2.9667,3.8234,2,LEFT_MI
2569,51.90625,1.5031,4.6308,-4.3595,7.0456,2,LEFT_MI
2570,51.91015625,10.4446,2.6028,-7.7458,8.3464,2,LEFT_MI
2571,51.9140625,9.9748,2.0983,-2.7623,3.6774,2,LEFT_MI
2572,51.91796875,5.6684,2.232,-2.4311,6.303,2,LEFT_MI
2573,51.921875,8.292,-1.9527,-0.937,2.0472,2,LEFT_MI
2574,51.92578125,11.9846,1.0006,-3.5373,0.3181,2,LEFT_MI
2575,51.9296875,3.8106,-0.4086,-7.8003,3.0049,2,LEFT_MI
2576,51.93359375,1.0005,-4.3323,-2.3888,1.9326,2,LEFT_MI
2577,51.9375,2.5557,-6.3067,-2.1073,4.9267,2,LEFT_MI
2578,51.94140625,-0.5192,-1.698,0.5239,-2.2617,2,LEFT_MI
2579,51.9453125,4.2946,-4.2137,1.9593,-1.6833,2,LEFT_MI
2580,51.94921875,3.4815,5.0119,1.9105,-2.2913,2,LEFT_MI
2581,51.953125,-0.7291,-2.1515,5.3138,2.7532,2,LEFT_MI
2582,51.95703125,1.5532,-4.3168,8.6773,6.3004,2,LEFT_MI
2583,51.9609375,-2.107,6.7386,9.9762,-2.1341,2,LEFT_MI
2584,51.96484375,0.8292,0.1492,7.7639,0.0074,2,LEFT_MI
2585,51.96875,-8.9523,2.4708,9.783,0.3858,2,LEFT_MI
2586,51.97265625,-11.5251,0.9144,4.6627,-3.7272,2,LEFT_MI
2587,51.9765625,-3.5304,3.3642,2.8375,-13.4938,2,LEFT_MI
2588,51.98046875,-2.5984,-1.7687,0.7696,-8.5163,2,LEFT_MI
2589,51.984375,-8.1536,3.0644,2.5003,-5.4022,2,LEFT_MI
2590,51.98828125,-2.1659,-0.4294,-5.8474,-7.9819,2,LEFT_MI
2591,51.9921875,-0.8791,3.2918,-3.6523,-3.2948,2,LEFT_MI
2592,51.99609375,-1.1503,2.7374,0.8759,-2.9143,2,LEFT_MI
2593,52.0,1.9623,0.9543,-0.1022,-2.2464,2,LEFT_MI
2594,52.00390625,0.9742,-0.8834,-1.9111,9.8564,2,LEFT_MI
2595,52.0078125,1.5795,0.4798,-2.9992,0.1795,2,LEFT_MI
2596,52.01171875,8.9993,2.788,-5.7473,8.1174,2,LEFT_MI
2597,52.015625,4.6134,5.1569,-0.631,8.5161,2,LEFT_MI
2598,52.01953125,9.7144,-0.3815,-6.005,4.0892,2,LEFT_MI
2599,52.0234375,3.7518,-2.5826,-2.5577,4.4476,2,LEFT_MI
2600,52.02734375,3.4372,-3.7925,-8.7528,4.7527,2,LEFT_MI
2601,52.03125,12.1669,-4.223,-8.7003,-2.6352,2,LEFT_MI
2602,52.03515625,3.0983,-6.2398,1.9368,1.3663,2,LEFT_MI
2603,52.0390625,-0.5211,-2.8092,-0.6993,2.1091,2,LEFT_MI
2604,52.04296875,-2.0339,-0.7198,-0.3775,-0.5889,2,LEFT_MI
2605,52.046875,-2.0095,-9.0567,3.1167,-4.2786,2,LEFT_MI
2606,52.05078125,0.0166,-2.111,4.1172,-0.4207,2,LEFT_MI
2607,52.0546875,-4.0575,2.3535,7.763,0.4059,2,LEFT_MI
2608,52.05859375,-5.8666,5.4114,10.3965,-0.3646,2,LEFT_MI
2609,52.0625,-4.7379,4.4175,8.4266,0.4093,2,LEFT_MI
2610,52.06640625,-1.8247,0.633,8.4005,-2.189,2,LEFT_MI
2611,52.0703125,-0.9744,7.1002,7.0857,-7.3906,2,LEFT_MI
2612,52.07421875,-5.3984,1.2726,9.5132,-6.3102,2,LEFT_MI
2613,52.078125,-7.0572,-1.4619,3.2901,-0.9954,2,LEFT_MI
2614,52.08203125,-6.003,1.4038,2.4278,-9.6672,2,LEFT_MI
2615,52.0859375,-8.5162,1.6315,-8.9608,-6.8182,2,LEFT_MI
2616,52.08984375,-7.5071,0.71,-1.3356,-4.511,2,LEFT_MI
2617,52.09375,2.7085,2.4253,3.9629,0.2686,2,LEFT_MI
2618,52.09765625,0.5728,2.2396,-1.6666,1.9788,2,LEFT_MI
2619,52.1015625,3.1673,5.0111,-3.4427,2.6444,2,LEFT_MI
2620,52.10546875,2.0229,2.3636,-2.374,5.5087,2,LEFT_MI
2621,52.109375,4.9403,3.3479,2.0843,8.8749,2,LEFT_MI
2622,52.11328125,7.9829,0.7526,-2.499,6.8619,2,LEFT_MI
2623,52.1171875,10.8357,1.4023,-4.9698,10.7508,2,LEFT_MI
2624,52.12109375,9.7249,-3.0177,-4.8029,5.2082,2,LEFT_MI
2625,52.125,7.1713,-6.2927,-2.6759,10.0178,2,LEFT_MI
2626,52.12890625,2.9692,0.6335,-5.9099,-1.5,2,LEFT_MI
2627,52.1328125,1.6749,-6.5394,-2.5704,0.364,2,LEFT_MI
2628,52.13671875,2.736,-1.6969,-3.1654,5.3177,2,LEFT_MI
2629,52.140625,-0.5042,0.0619,-2.7969,1.301,2,LEFT_MI
2630,52.14453125,-4.12,-4.2708,-6.1128,-4.2494,2,LEFT_MI
2631,52.1484375,0.1699,2.174,2.3214,-3.2969,2,LEFT_MI
2632,52.15234375,3.6527,-3.7927,2.3152,-4.3236,2,LEFT_MI
2633,52.15625,-4.5892,1.4396,4.0289,-6.1498,2,LEFT_MI
2634,52.16015625,0.1083,-0.8397,6.6062,-4.4834,2,LEFT_MI
2635,52.1640625,-3.0358,4.4076,9.4835,-3.6505,2,LEFT_MI
2636,52.16796875,0.3106,1.9686,10.3909,0.7949,2,LEFT_MI
2637,52.171875,-5.2792,4.1129,8.4523,-6.6176,2,LEFT_MI
2638,52.17578125,-4.2743,2.8662,5.7054,-2.7817,2,LEFT_MI
2639,52.1796875,-6.9479,-1.7129,2.5071,-4.5161,2,LEFT_MI
2640,52.18359375,-5.9097,-3.4318,-3.5494,-13.5802,2,LEFT_MI
2641,52.1875,-2.7704,1.9272,-5.6665,-5.3337,2,LEFT_MI
2642,52.19140625,-7.4606,2.7602,2.0936,-0.1694,2,LEFT_MI
2643,52.1953125,2.8381,-1.5209,-2.3593,-4.4597,2,LEFT_MI
2644,52.19921875,-1.6628,-4.5664,1.7896,3.2217,2,LEFT_MI
2645,52.203125,9.3988,5.0259,-2.794,5.4068,2,LEFT_MI
2646,52.20703125,2.3018,1.5085,-3.2492,8.8967,2,LEFT_MI
2647,52.2109375,6.3957,-1.1472,-8.8341,13.6322,2,LEFT_MI
2648,52.21484375,7.0065,0.8851,-2.2863,12.118,2,LEFT_MI
2649,52.21875,5.6202,-1.4542,-3.923,12.6925,2,LEFT_MI
2650,52.22265625,3.9996,-4.8131,-2.9939,3.4242,2,LEFT_MI
2651,52.2265625,3.0014,-2.4191,-3.0478,2.0461,2,LEFT_MI
2652,52.23046875,1.159,-5.0287,-11.2465,2.6492,2,LEFT_MI
2653,52.234375,8.1497,-10.3406,-4.7629,1.932,2,LEFT_MI
2654,52.23828125,-3.9396,-7.8089,2.0756,-5.1417,2,LEFT_MI
2655,52.2421875,-3.1053,-7.12,-3.7695,-4.7681,2,LEFT_MI
2656,52.24609375,-1.3753,1.6203,-3.7774,-3.1879,2,LEFT_MI
2657,52.25,3.0485,-0.6358,0.7751,0.3007,2,LEFT_MI
2658,52.25390625,-3.582,4.3239,2.8085,-3.1154,2,LEFT_MI
2659,52.2578125,-0.19,1.6407,-0.0493,-4.4939,2,LEFT_MI
2660,52.26171875,-4.1836,6.455,8.4389,-6.9085,2,LEFT_MI
2661,52.265625,-3.0369,1.8159,8.6096,-0.7658,2,LEFT_MI
2662,52.26953125,0.3807,4.5525,7.936,-2.7507,2,LEFT_MI
2663,52.2734375,-3.6323,3.8454,2.427,-4.7502,2,LEFT_MI
2664,52.27734375,-6.6515,-1.8956,2.2815,-5.9511,2,LEFT_MI
2665,52.28125,-9.0226,-1.442,1.5339,-1.5177,2,LEFT_MI
2666,52.28515625,-3.7626,-1.619,3.8764,-1.2713,2,LEFT_MI
2667,52.2890625,-6.1429,1.1293,1.166,-0.7715,2,LEFT_MI
2668,52.29296875,-5.4461,-1.8325,-3.1849,-0.8934,2,LEFT_MI
2669,52.296875,-3.0785,-0.403,1.2422,1.5781,2,LEFT_MI
2670,52.30078125,1.5393,1.9943,-3.7629,5.9298,2,LEFT_MI
2671,52.3046875,4.5457,2.6618,1.8183,6.2153,2,LEFT_MI
2672,52.30859375,6.5817,8.9801,-0.8731,6.8847,2,LEFT_MI
2673,52.3125,3.5031,3.8993,-3.3276,6.0772,2,LEFT_MI
2674,52.31640625,9.3043,3.5588,-5.2672,7.1542,2,LEFT_MI
2675,52.3203125,9.1876,0.1791,-2.3263,4.697,2,LEFT_MI
2676,52.32421875,13.7772,-2.9743,-6.8017,3.6771,2,LEFT_MI
2677,52.328125,4.4286,-4.3577,-11.1541,2.7426,2,LEFT_MI
2678,52.33203125,1.427,-4.1102,-3.4004,-1.1201,2,LEFT_MI
2679,52.3359375,-3.4088,-5.4815,-6.4968,-7.5674,2,LEFT_MI
2680,52.33984375,6.4323,-1.8214,-3.3242,-12.0621,2,LEFT_MI
2681,52.34375,2.5658,-4.0647,-3.2186,-8.7145,2,LEFT_MI
2682,52.34765625,3.4785,-3.6007,-2.4302,-3.0871,2,LEFT_MI
2683,52.3515625,-1.4486,-4.2381,5.2828,-1.9663,2,LEFT_MI
2684,52.35546875,-3.5272,1.1727,5.4459,-0.777,2,LEFT_MI
2685,52.359375,-3.9712,1.5904,9.4475,-2.9464,2,LEFT_MI
2686,52.36328125,0.5367,2.6503,5.2923,-7.8987,2,LEFT_MI
2687,52.3671875,-0.9957,10.2758,5.5322,1.5995,2,LEFT_MI
2688,52.37109375,-2.9765,4.1875,5.0078,-1.7367,2,LEFT_MI
2689,52.375,-4.9501,2.8538,8.4263,-4.8937,2,LEFT_MI
2690,52.37890625,-7.0309,2.8438,7.7819,-4.5965,2,LEFT_MI
2691,52.3828125,-5.7092,-1.2782,-1.3806,-1.3729,2,LEFT_MI
2692,52.38671875,-6.0316,-4.0215,0.8412,3.7616,2,LEFT_MI
2693,52.390625,-7.298,5.085,5.5936,-2.6624,2,LEFT_MI
2694,52.39453125,-5.5998,-4.2546,1.5237,0.0953,2,LEFT_MI
2695,52.3984375,-0.1038,2.723,-4.0898,4.7904,2,LEFT_MI
2696,52.40234375,2.6628,-0.1792,6.1307,7.4573,2,LEFT_MI
2697,52.40625,4.0495,0.1955,1.5924,3.9767,2,LEFT_MI
2698,52.41015625,8.0244,5.8757,-3.8246,9.9911,2,LEFT_MI
2699,52.4140625,7.0559,4.0283,-2.2946,10.4917,2,LEFT_MI
2700,52.41796875,7.381,1.441,-5.5112,8.057,2,LEFT_MI
2701,52.421875,5.3391,-1.3068,-6.953,1.8419,2,LEFT_MI
2702,52.42578125,7.1396,-1.5841,-4.3354,-2.9641,2,LEFT_MI
2703,52.4296875,3.947,-10.3295,-5.4343,-2.9637,2,LEFT_MI
2704,52.43359375,6.3267,-7.3983,-5.9574,-9.4756,2,LEFT_MI
2705,52.4375,2.2052,-1.3202,-12.4448,-5.8481,2,LEFT_MI
2706,52.44140625,9.5041,-6.1566,-7.6374,-6.2682,2,LEFT_MI
2707,52.4453125,-1.6327,-4.8586,-0.8823,-2.3237,2,LEFT_MI
2708,52.44921875,0.3578,1.062,-0.6169,-1.7236,2,LEFT_MI
2709,52.453125,-0.5015,6.9588,-1.3779,-5.7781,2,LEFT_MI
2710,52.45703125,-1.3083,3.723,3.3688,-1.2564,2,LEFT_MI
2711,52.4609375,-2.0737,3.5736,10.301,-5.1961,2,LEFT_MI
2712,52.46484375,-3.6793,2.4513,11.7445,-0.1085,2,LEFT_MI
2713,52.46875,-3.5977,-0.9252,10.6654,-2.7707,2,LEFT_MI
2714,52.47265625,-6.9831,10.2073,7.5839,-1.2667,2,LEFT_MI
2715,52.4765625,-4.8741,-0.5098,5.3509,-3.1327,2,LEFT_MI
2716,52.48046875,-6.6082,-2.047,3.4057,-4.0404,2,LEFT_MI
2717,52.484375,-4.969,2.883,1.1124,0.9601,2,LEFT_MI
2718,52.48828125,-8.4014,-0.1456,-0.8022,-0.1404,2,LEFT_MI
2719,52.4921875,-4.2197,-5.2039,-2.0985,2.7121,2,LEFT_MI
2720,52.49609375,1.8559,-8.0126,2.3035,3.6282,2,LEFT_MI
2721,52.5,-2.2031,-3.1056,-6.6317,3.2352,2,LEFT_MI
2722,52.50390625,1.5006,-2.8819,1.3293,10.336,2,LEFT_MI
2723,52.5078125,5.3092,1.348,-1.6413,6.9735,2,LEFT_MI
2724,52.51171875,4.2644,4.3725,-3.7039,4.4212,2,LEFT_MI
2725,52.515625,10.2295,4.4014,-3.7486,3.626,2,LEFT_MI
2726,52.51953125,7.1408,1.7246,-5.2653,4.5997,2,LEFT_MI
2727,52.5234375,6.9289,-0.6759,-10.4966,0.3106,2,LEFT_MI
2728,52.52734375,5.3183,-1.5654,-7.3865,-3.852,2,LEFT_MI
2729,52.53125,1.2348,-1.9233,-10.8351,-7.0356,2,LEFT_MI
2730,52.53515625,3.6286,-6.968,-0.8373,-1.0127,2,LEFT_MI
2731,52.5390625,1.6846,-1.2731,-6.1832,-10.9962,2,LEFT_MI
2732,52.54296875,-3.2695,-2.4244,-4.5611,-8.6945,2,LEFT_MI
2733,52.546875,1.8982,1.2838,-6.2778,-6.2315,2,LEFT_MI
2734,52.55078125,-1.0421,0.8799,-2.511,-2.2099,2,LEFT_MI
2735,52.5546875,-0.4254,6.4692,6.758,0.2379,2,LEFT_MI
2736,52.55859375,5.2104,1.4329,5.1523,-3.6452,2,LEFT_MI
2737,52.5625,0.2682,9.1762,9.0156,-1.6213,2,LEFT_MI
2738,52.56640625,0.5445,4.1662,6.384,4.2215,2,LEFT_MI
2739,52.5703125,-4.5556,5.2026,3.8084,1.1702,2,LEFT_MI
2740,52.57421875,-4.2953,5.2357,8.7685,5.4828,2,LEFT_MI
2741,52.578125,-8.0399,-0.8448,-0.5847,-3.1745,2,LEFT_MI
2742,52.58203125,-5.0643,-0.7865,-1.8787,4.1755,2,LEFT_MI
2743,52.5859375,-17.3245,0.4874,2.0148,-1.9427,2,LEFT_MI
2744,52.58984375,-6.8798,-4.62,-0.0846,3.8251,2,LEFT_MI
2745,52.59375,-3.5033,4.2702,-2.0028,0.5996,2,LEFT_MI
2746,52.59765625,0.808,3.2406,-3.6802,7.8,2,LEFT_MI
2747,52.6015625,0.3331,-0.614,-0.9067,8.1518,2,LEFT_MI
2748,52.60546875,1.6214,0.3217,0.9374,12.5092,2,LEFT_MI
2749,52.609375,1.8605,1.5802,-6.6648,8.0198,2,LEFT_MI
2750,52.61328125,6.7914,0.9634,2.1508,1.7843,2,LEFT_MI
2751,52.6171875,7.0194,-1.0864,-5.7488,-0.3187,2,LEFT_MI
2752,52.62109375,5.8559,-0.1801,-3.4593,-4.7364,2,LEFT_MI
2753,52.625,-0.1869,-3.8213,-5.4135,4.3093,2,LEFT_MI
2754,52.62890625,3.8171,-6.4084,-2.6559,-4.2413,2,LEFT_MI
2755,52.6328125,-0.6242,-4.8186,-3.8929,-12.4493,2,LEFT_MI
2756,52.63671875,1.8687,2.6264,-10.1859,-9.2966,2,LEFT_MI
2757,52.640625,5.2857,-6.4142,-12.4007,-8.4167,2,LEFT_MI
2758,52.64453125,1.7449,-3.7153,-3.8884,-13.5886,2,LEFT_MI
2759,52.6484375,-1.129,-3.1779,2.6465,-3.0959,2,LEFT_MI
2760,52.65234375,3.4465,-0.024,1.5129,-3.9958,2,LEFT_MI
2761,52.65625,1.3229,8.2966,2.7169,-8.1945,2,LEFT_MI
2762,52.66015625,-4.788,1.4719,5.7236,3.1953,2,LEFT_MI
2763,52.6640625,-1.1656,-1.1195,9.5189,-6.9677,2,LEFT_MI
2764,52.66796875,-6.2714,6.2655,6.9143,6.8688,2,LEFT_MI
2765,52.671875,0.3547,1.1664,14.2369,3.904,2,LEFT_MI
2766,52.67578125,-2.737,-0.6623,4.8573,3.595,2,LEFT_MI
2767,52.6796875,-9.0999,0.1803,2.2502,-0.8105,2,LEFT_MI
2768,52.68359375,-5.3873,-6.3274,2.9797,0.6499,2,LEFT_MI
2769,52.6875,-7.5292,1.341,-1.5296,-0.5456,2,LEFT_MI
2770,52.69140625,-5.7475,-0.5843,0.8428,5.1906,2,LEFT_MI
2771,52.6953125,-1.4363,0.9158,1.271,-0.5641,2,LEFT_MI
2772,52.69921875,0.1976,-1.1722,1.6821,4.0511,2,LEFT_MI
2773,52.703125,-0.2573,-4.8803,0.3683,4.7336,2,LEFT_MI
2774,52.70703125,5.8682,3.4127,-1.0935,5.8056,2,LEFT_MI
2775,52.7109375,5.2651,4.4973,4.3931,5.6035,2,LEFT_MI
2776,52.71484375,5.0847,0.512,1.0224,3.5151,2,LEFT_MI
2777,52.71875,10.7554,1.2198,-6.1918,-0.4243,2,LEFT_MI
2778,52.72265625,9.694,1.7156,-3.901,-3.2198,2,LEFT_MI
2779,52.7265625,1.8191,-1.9165,-2.7744,-5.2209,2,LEFT_MI
2780,52.73046875,4.2208,-6.8105,-3.193,-12.9095,2,LEFT_MI
2781,52.734375,-6.0258,-5.6281,-8.1267,-6.456,2,LEFT_MI
2782,52.73828125,-4.3483,-2.4103,-10.6079,-15.027,2,LEFT_MI
2783,52.7421875,-3.2511,-6.9659,-7.7286,-5.1129,2,LEFT_MI
2784,52.74609375,5.9791,-0.5594,-5.697,-2.3381,2,LEFT_MI
2785,52.75,2.4116,4.1648,1.86,-6.4967,2,LEFT_MI
2786,52.75390625,-4.8459,3.4502,4.2479,-3.3868,2,LEFT_MI
2787,52.7578125,0.0375,8.0453,5.0293,4.1278,2,LEFT_MI
2788,52.76171875,-2.7376,0.705,3.7877,4.9804,2,LEFT_MI
2789,52.765625,-3.3617,4.63,3.0242,4.6987,2,LEFT_MI
2790,52.76953125,0.22,9.1167,3.8697,1.6469,2,LEFT_MI
2791,52.7734375,-6.2123,-0.4234,2.9342,6.5549,2,LEFT_MI
2792,52.77734375,-8.9052,5.012,-1.1967,4.2564,2,LEFT_MI
2793,52.78125,-4.0494,-2.3195,0.559,6.2141,2,LEFT_MI
2794,52.78515625,-11.1268,-3.1832,1.5963,3.4086,2,LEFT_MI
2795,52.7890625,-4.4558,0.1989,8.8204,-0.1885,2,LEFT_MI
2796,52.79296875,-5.3405,-1.3613,-0.902,1.752,2,LEFT_MI
2797,52.796875,-1.8977,-4.2411,9.8623,2.9552,2,LEFT_MI
2798,52.80078125,-1.8903,0.4558,2.8159,2.8957,2,LEFT_MI
2799,52.8046875,0.6893,1.1891,3.4447,3.9761,2,LEFT_MI
2800,52.80859375,7.0264,-1.3366,2.3864,3.9276,2,LEFT_MI
2801,52.8125,5.5174,-2.1131,-2.9263,0.2143,2,LEFT_MI
2802,52.81640625,1.5875,-5.5477,-6.1197,-1.6521,2,LEFT_MI
2803,52.8203125,7.9173,-2.4566,2.0685,-6.7207,2,LEFT_MI
2804,52.82421875,4.2435,-0.9995,-5.9566,-4.5752,2,LEFT_MI
2805,52.828125,3.9303,-5.2743,-4.0522,-4.2387,2,LEFT_MI
2806,52.83203125,1.9775,-7.0422,-9.4581,-12.3481,2,LEFT_MI
2807,52.8359375,-3.3398,-3.7743,-9.1056,-7.2947,2,LEFT_MI
2808,52.83984375,1.7798,-4.5625,-5.3137,-13.2729,2,LEFT_MI
2809,52.84375,-5.736,-3.2865,-3.7073,-9.6736,2,LEFT_MI
2810,52.84765625,-4.7252,-4.1491,-5.1182,-5.7205,2,LEFT_MI
2811,52.8515625,7.286,-0.8776,-5.6715,0.6879,2,LEFT_MI
2812,52.85546875,-3.1452,2.8173,4.6081,1.1401,2,LEFT_MI
2813,52.859375,2.9281,3.2361,4.7512,4.6176,2,LEFT_MI
2814,52.86328125,-0.034,4.2048,1.509,6.127,2,LEFT_MI
2815,52.8671875,-0.4663,-0.1953,4.2026,4.4791,2,LEFT_MI
2816,52.87109375,-1.3508,2.6589,8.0728,7.5898,2,LEFT_MI
2817,52.875,-7.3153,8.1924,3.572,4.0885,2,LEFT_MI
2818,52.87890625,-12.429,0.0168,5.3636,4.4084,2,LEFT_MI
2819,52.8828125,-4.6625,-0.6711,2.6959,0.389,2,LEFT_MI
2820,52.88671875,-9.5281,-13.0621,1.6801,5.1812,2,LEFT_MI
2821,52.890625,-2.0431,-6.0338,-0.8424,1.8632,2,LEFT_MI
2822,52.89453125,-5.8835,-1.7746,1.3803,3.7447,2,LEFT_MI
2823,52.8984375,-0.9412,-1.7974,4.677,2.3757,2,LEFT_MI
2824,52.90234375,1.8417,-4.1004,-0.686,-2.3274,2,LEFT_MI
2825,52.90625,7.1817,-2.4538,3.6319,3.5643,2,LEFT_MI
2826,52.91015625,11.4812,1.3512,0.5315,0.4196,2,LEFT_MI
2827,52.9140625,7.3358,3.0418,1.3748,3.6524,2,LEFT_MI
2828,52.91796875,9.5615,2.0299,-2.748,-7.0916,2,LEFT_MI
2829,52.921875,10.4268,-3.0747,-1.7784,-3.0004,2,LEFT_MI
2830,52.92578125,8.8567,-2.0816,-7.8195,-5.6908,2,LEFT_MI
2831,52.9296875,6.0589,-4.8267,-2.2488,-3.314,2,LEFT_MI
2832,52.93359375,-4.6324,-5.3836,-15.5155,-6.0612,2,LEFT_MI
2833,52.9375,4.1284,3.2898,-8.3255,-7.0197,2,LEFT_MI
2834,52.94140625,2.3869,0.2082,-8.544,-3.184,2,LEFT_MI
2835,52.9453125,-2.4144,-3.3029,-3.453,-4.7598,2,LEFT_MI
2836,52.94921875,-0.5388,-2.0549,-4.6032,-3.4842,2,LEFT_MI
2837,52.953125,4.8492,2.572,-3.0492,5.1921,2,LEFT_MI
2838,52.95703125,0.6075,4.0046,2.7105,4.284,2,LEFT_MI
2839,52.9609375,-3.236,9.113,2.9407,11.4874,2,LEFT_MI
2840,52.96484375,4.2961,6.3213,6.7051,11.3234,2,LEFT_MI
2841,52.96875,-2.9176,4.5649,13.6395,3.6822,2,LEFT_MI
2842,52.97265625,-8.7406,4.3164,3.8304,10.0023,2,LEFT_MI
2843,52.9765625,-5.7709,4.5125,5.0174,9.1359,2,LEFT_MI
2844,52.98046875,-10.0839,-0.4912,2.7691,3.7145,2,LEFT_MI
2845,52.984375,-4.6749,-1.309,-1.7164,8.3613,2,LEFT_MI
2846,52.98828125,-9.059,0.6504,6.9351,2.3555,2,LEFT_MI
2847,52.9921875,-7.2601,-0.2813,5.3163,0.7869,2,LEFT_MI
2848,52.99609375,-2.8894,-8.767,6.6166,2.3006,2,LEFT_MI
2849,53.0,-5.9313,-3.5307,-0.3762,-1.9008,2,LEFT_MI
2850,53.00390625,3.4828,-0.9475,2.3819,-1.1089,2,LEFT_MI
2851,53.0078125,6.2852,0.2541,-3.3417,0.7382,2,LEFT_MI
2852,53.01171875,5.5778,-1.5328,-1.3032,0.1317,2,LEFT_MI
2853,53.015625,4.3269,3.1365,-4.1564,0.2104,2,LEFT_MI
2854,53.01953125,12.8582,0.6682,5.5392,-0.5065,2,LEFT_MI
2855,53.0234375,6.8853,-3.4264,-2.3752,0.4391,2,LEFT_MI
2856,53.02734375,3.8998,-1.5758,-9.7972,-0.3309,2,LEFT_MI
2857,53.03125,0.1598,-6.0563,-12.2273,-8.3706,2,LEFT_MI
2858,53.03515625,1.3614,-1.1681,-11.3296,-8.3741,2,LEFT_MI
2859,53.0390625,6.2353,-9.5617,-13.626,-2.6988,2,LEFT_MI
2860,53.04296875,1.9565,-3.888,-7.6268,-6.9251,2,LEFT_MI
2861,53.046875,-0.2274,-0.0947,-7.7407,2.9543,2,LEFT_MI
2862,53.05078125,0.9111,-3.0915,-4.9643,-5.1497,2,LEFT_MI
2863,53.0546875,-3.0472,3.5558,1.8269,0.1134,2,LEFT_MI
2864,53.05859375,0.4251,-0.3073,-0.2469,1.0383,2,LEFT_MI
2865,53.0625,-1.2679,5.8583,5.9144,3.3939,2,LEFT_MI
2866,53.06640625,-0.9007,-0.5228,4.2032,8.1135,2,LEFT_MI
2867,53.0703125,-1.4303,7.0275,3.2605,6.1515,2,LEFT_MI
2868,53.07421875,-7.0467,-0.4854,8.3568,7.2153,2,LEFT_MI
2869,53.078125,-4.3307,2.8728,5.8603,5.4761,2,LEFT_MI
2870,53.08203125,-6.1339,0.2216,3.6819,2.1851,2,LEFT_MI
2871,53.0859375,-10.8025,-2.1296,4.2084,0.9432,2,LEFT_MI
2872,53.08984375,-5.0345,-3.5632,-1.2915,2.3983,2,LEFT_MI
2873,53.09375,-5.8667,-3.9912,-0.5913,-3.8248,2,LEFT_MI
2874,53.09765625,4.4378,-1.2516,7.9427,-2.0737,2,LEFT_MI
2875,53.1015625,-1.4828,-0.7187,3.9164,-1.4181,2,LEFT_MI
2876,53.10546875,1.622,5.8065,9.158,-2.8803,2,LEFT_MI
2877,53.109375,10.6407,9.1859,-0.7662,-5.1295,2,LEFT_MI
2878,53.11328125,4.6143,1.9101,0.0296,-6.8081,2,LEFT_MI
2879,53.1171875,10.0816,0.952,-2.7177,-6.1817,2,LEFT_MI
2880,53.12109375,13.7829,-2.0381,-4.6456,-2.5699,2,LEFT_MI
2881,53.125,8.6182,-7.1497,-2.57,-3.4982,2,LEFT_MI
2882,53.12890625,4.3268,2.7084,-2.9284,-9.1112,2,LEFT_MI
2883,53.1328125,0.1473,-4.053,-9.7947,-5.5905,2,LEFT_MI
2884,53.13671875,-2.5096,-0.3711,-10.7507,-2.7529,2,LEFT_MI
2885,53.140625,-1.3895,-2.6252,-8.7796,-8.7281,2,LEFT_MI
2886,53.14453125,2.2161,2.4867,-8.3104,0.2323,2,LEFT_MI
2887,53.1484375,-1.1899,3.053,-3.1719,-0.8193,2,LEFT_MI
2888,53.15234375,1.3336,7.2611,-3.9283,7.9193,2,LEFT_MI
2889,53.15625,0.0617,6.0601,-3.9199,7.6921,2,LEFT_MI
2890,53.16015625,-3.0962,5.8883,3.9984,10.4085,2,LEFT_MI
2891,53.1640625,-2.9599,4.1263,0.6725,7.9303,2,LEFT_MI
2892,53.16796875,0.1889,3.571,10.6576,10.0002,2,LEFT_MI
2893,53.171875,-1.8817,0.2428,0.896,7.7836,2,LEFT_MI
2894,53.17578125,-5.6962,0.1247,2.0824,6.1406,2,LEFT_MI
2895,53.1796875,-3.7572,-5.4408,6.3156,-3.2637,2,LEFT_MI
2896,53.18359375,-4.1903,-1.7232,3.145,-5.0871,2,LEFT_MI
2897,53.1875,-5.5579,-0.0041,0.0482,-2.0402,2,LEFT_MI
2898,53.19140625,-4.773,-8.5656,2.9817,-2.7237,2,LEFT_MI
2899,53.1953125,0.6959,-2.9182,4.4054,0.4517,2,LEFT_MI
2900,53.19921875,-3.9773,-0.2014,6.3111,-3.1729,2,LEFT_MI
2901,53.203125,-2.7444,-0.8314,6.9326,-0.819,2,LEFT_MI
2902,53.20703125,1.8099,-0.3711,4.9656,-3.4847,2,LEFT_MI
2903,53.2109375,2.5579,0.9159,0.8249,-8.0933,2,LEFT_MI
2904,53.21484375,10.4116,-4.2495,1.3109,-2.7567,2,LEFT_MI
2905,53.21875,6.1763,-0.4624,4.4774,-6.8428,2,LEFT_MI
2906,53.22265625,12.1761,1.1389,-1.7515,-0.4493,2,LEFT_MI
2907,53.2265625,0.3884,-3.3368,-4.2998,-3.5382,2,LEFT_MI
2908,53.23046875,-0.5702,1.2032,-10.7107,-6.2014,2,LEFT_MI
2909,53.234375,-1.1584,-1.174,-6.1994,-6.1041,2,LEFT_MI
2910,53.23828125,-3.1892,-1.6516,-9.6897,-1.0155,2,LEFT_MI
2911,53.2421875,0.4638,0.3825,-9.9983,1.0398,2,LEFT_MI
2912,53.24609375,-2.8367,-2.7274,-7.9283,4.5788,2,LEFT_MI
2913,53.25,-0.9784,1.1065,-1.4511,4.1915,2,LEFT_MI
2914,53.25390625,-2.5119,2.9018,2.0571,3.1567,2,LEFT_MI
2915,53.2578125,-0.5344,1.4228,-1.5773,10.3394,2,LEFT_MI
2916,53.26171875,1.1576,5.127,1.9094,11.672,2,LEFT_MI
2917,53.265625,0.7731,2.6811,1.3034,9.3024,2,LEFT_MI
2918,53.26953125,0.1324,-2.4311,3.5092,9.1887,2,LEFT_MI
2919,53.2734375,-2.1906,3.2487,3.1017,3.2345,2,LEFT_MI
2920,53.27734375,-5.948,-2.328,1.9453,3.2502,2,LEFT_MI
2921,53.28125,-4.0292,-0.8077,5.6028,-2.0872,2,LEFT_MI
2922,53.28515625,-8.4342,-9.404,1.2657,-3.5916,2,LEFT_MI
2923,53.2890625,-11.2398,-5.5076,5.7104,-3.0417,2,LEFT_MI
2924,53.29296875,-1.4342,-3.6581,3.4052,-5.6669,2,LEFT_MI
2925,53.296875,-4.6663,-10.4662,7.7758,-3.5495,2,LEFT_MI
2926,53.30078125,0.386,0.5861,6.9662,-7.312,2,LEFT_MI
2927,53.3046875,1.5416,0.2413,11.0329,-3.0128,2,LEFT_MI
2928,53.30859375,6.822,1.9211,9.0726,0.7216,2,LEFT_MI
2929,53.3125,10.7248,1.7077,9.5179,-5.2013,2,LEFT_MI
2930,53.31640625,4.1816,3.529,1.744,-1.8086,2,LEFT_MI
2931,53.3203125,11.3944,-2.8959,-2.7502,-2.6361,2,LEFT_MI
2932,53.32421875,11.3967,-2.4003,0.3208,-0.4304,2,LEFT_MI
2933,53.328125,-3.1787,4.5091,-1.9144,-4.2117,2,LEFT_MI
2934,53.33203125,0.4273,-2.1719,-6.3501,-4.9881,2,LEFT_MI
2935,53.3359375,5.6781,-4.693,-9.5435,1.9417,2,LEFT_MI
2936,53.33984375,-0.0014,0.9278,-11.117,-7.144,2,LEFT_MI
2937,53.34375,-1.0382,-0.7947,-8.5194,7.1809,2,LEFT_MI
2938,53.34765625,-5.03,-1.7382,-5.1536,4.1971,2,LEFT_MI
2939,53.3515625,3.5778,0.0752,-0.6095,7.6009,2,LEFT_MI
2940,53.35546875,4.8544,6.4633,0.6595,6.9874,2,LEFT_MI
2941,53.359375,-1.8742,1.9187,0.4204,3.8211,2,LEFT_MI
2942,53.36328125,-1.9996,4.816,3.6165,8.2248,2,LEFT_MI
2943,53.3671875,-7.0792,8.6827,5.0588,5.3103,2,LEFT_MI
2944,53.37109375,-5.1186,4.2495,2.621,7.5637,2,LEFT_MI
2945,53.375,-5.5976,-0.0271,2.1348,10.8482,2,LEFT_MI
2946,53.37890625,-1.2653,3.043,1.0308,1.8308,2,LEFT_MI
2947,53.3828125,-2.3867,-5.5725,1.8132,-7.4877,2,LEFT_MI
2948,53.38671875,-9.3017,-6.2785,3.8738,-7.4335,2,LEFT_MI
2949,53.390625,-7.3952,-2.0341,9.5166,-8.3748,2,LEFT_MI
2950,53.39453125,-1.954,-3.1862,-1.4893,-5.2086,2,LEFT_MI
2951,53.3984375,-2.483,-4.3279,3.6351,-9.5761,2,LEFT_MI
2952,53.40234375,4.6806,-1.9606,7.0983,-4.4431,2,LEFT_MI
2953,53.40625,0.0017,-0.0991,7.1607,-7.8873,2,LEFT_MI
2954,53.41015625,6.9279,0.9863,8.9889,0.4638,2,LEFT_MI
2955,53.4140625,7.8286,-4.6697,5.8234,1.3102,2,LEFT_MI
2956,53.41796875,10.3418,1.8918,3.5941,-6.6409,2,LEFT_MI
2957,53.421875,6.0583,-5.1282,2.6449,3.9152,2,LEFT_MI
2958,53.42578125,2.3595,4.8943,-2.4299,-4.5711,2,LEFT_MI
2959,53.4296875,-1.7745,1.2847,-5.1782,0.4122,2,LEFT_MI
2960,53.43359375,0.7527,-8.2195,-6.5048,5.3895,2,LEFT_MI
2961,53.4375,-1.0704,-4.3469,-11.147,4.1383,2,LEFT_MI
2962,53.44140625,-1.4485,-6.6684,-5.7891,3.1666,2,LEFT_MI
2963,53.4453125,-3.8055,2.1625,-8.7358,5.647,2,LEFT_MI
2964,53.44921875,2.2643,-0.2931,0.12,1.1312,2,LEFT_MI
2965,53.453125,-3.6314,0.9886,-9.5599,8.6696,2,LEFT_MI
2966,53.45703125,-1.1279,3.9752,-3.4501,11.5472,2,LEFT_MI
2967,53.4609375,0.0224,4.3988,1.7233,5.4922,2,LEFT_MI
2968,53.46484375,-0.7401,5.5316,-0.2851,2.979,2,LEFT_MI
2969,53.46875,-5.9769,7.5466,-1.1745,6.4569,2,LEFT_MI
2970,53.47265625,-6.7457,3.8804,6.5452,2.9554,2,LEFT_MI
2971,53.4765625,-15.1692,0.9359,3.1077,-4.3334,2,LEFT_MI
2972,53.48046875,-8.9111,-0.7318,3.3981,-1.9347,2,LEFT_MI
2973,53.484375,-5.3163,-1.7829,4.5094,-4.3725,2,LEFT_MI
2974,53.48828125,-7.9463,-5.8169,4.8585,-6.4322,2,LEFT_MI
2975,53.4921875,-2.1339,-5.4556,6.7106,-4.2377,2,LEFT_MI
2976,53.49609375,-0.6186,-5.2788,1.3436,-5.9724,2,LEFT_MI
2977,53.5,0.9934,6.4199,5.2162,-7.9341,2,LEFT_MI
2978,53.50390625,0.7562,-4.0208,0.4633,-0.5019,2,LEFT_MI
2979,53.5078125,5.6414,-0.3496,12.7253,-0.5185,2,LEFT_MI
2980,53.51171875,5.1038,0.8546,4.9316,-0.7764,2,LEFT_MI
2981,53.515625,12.4738,0.4833,-2.6037,-0.8328,2,LEFT_MI
2982,53.51953125,6.2293,0.2058,-4.0077,-5.8827,2,LEFT_MI
2983,53.5234375,10.5394,1.3941,-7.2279,-3.5254,2,LEFT_MI
2984,53.52734375,4.7375,-6.0375,-1.7082,1.5605,2,LEFT_MI
2985,53.53125,4.1077,-5.4031,-5.5163,-4.1474,2,LEFT_MI
2986,53.53515625,7.4079,-2.6046,-8.6795,3.1682,2,LEFT_MI
2987,53.5390625,3.7248,-0.0218,-9.3336,4.8059,2,LEFT_MI
2988,53.54296875,0.2134,-0.3386,-3.9921,4.3801,2,LEFT_MI
2989,53.546875,-1.3133,-0.0745,-7.4557,10.4963,2,LEFT_MI
2990,53.55078125,-4.1994,1.3979,-5.0973,7.8945,2,LEFT_MI
2991,53.5546875,-1.6377,2.3906,0.0367,11.6563,2,LEFT_MI
2992,53.55859375,-1.1007,0.8789,5.1054,2.2421,2,LEFT_MI
2993,53.5625,-0.393,6.7542,-1.254,9.0593,2,LEFT_MI
2994,53.56640625,0.081,4.5494,2.5022,5.6668,2,LEFT_MI
2995,53.5703125,-6.2277,-1.2914,-5.5237,6.8708,2,LEFT_MI
2996,53.57421875,-2.5339,2.1953,-1.5372,0.85,2,LEFT_MI
2997,53.578125,-12.0871,0.1283,0.9075,-5.4363,2,LEFT_MI
2998,53.58203125,-3.7357,-5.1143,-1.1445,-3.0625,2,LEFT_MI
2999,53.5859375,-9.3859,-2.5764,-0.8101,-3.0855,2,LEFT_MI
3000,53.58984375,-6.7425,-5.5013,5.4242,-13.3595,2,LEFT_MI
3001,53.59375,-7.3453,-7.3664,8.3467,-5.1921,2,LEFT_MI
3002,53.59765625,1.269,-2.8961,8.452,-10.1045,2,LEFT_MI
3003,53.6015625,1.097,-8.2919,9.2152,-4.1101,2,LEFT_MI
3004,53.60546875,6.0592,1.5724,8.5584,-5.9571,2,LEFT_MI
3005,53.609375,0.8671,-3.6157,12.3514,-5.2422,2,LEFT_MI
3006,53.61328125,7.3543,6.8785,13.4412,-5.1619,2,LEFT_MI
3007,53.6171875,12.7389,1.2768,6.1521,5.3761,2,LEFT_MI
3008,53.62109375,9.1707,6.3981,-1.3523,6.3497,2,LEFT_MI
3009,53.625,4.9508,-2.4138,-0.5925,-1.221,2,LEFT_MI
3010,53.62890625,5.1231,-2.3141,-8.8086,-1.4879,2,LEFT_MI
3011,53.6328125,5.8069,-1.586,-1.9831,0.217,2,LEFT_MI
3012,53.63671875,4.369,-1.0308,-3.2491,7.159,2,LEFT_MI
3013,53.640625,0.112,0.852,-9.2832,2.8397,2,LEFT_MI
3014,53.64453125,-1.8508,-1.2617,-9.7005,8.4279,2,LEFT_MI
3015,53.6484375,6.1452,1.0579,-7.3088,2.9079,2,LEFT_MI
3016,53.65234375,1.663,0.713,-8.1422,8.0775,2,LEFT_MI
3017,53.65625,1.6402,3.7984,-7.2968,6.1017,2,LEFT_MI
3018,53.66015625,-2.1687,1.2996,-5.8815,0.2061,2,LEFT_MI
3019,53.6640625,1.0033,1.3183,3.7436,6.1738,2,LEFT_MI
3020,53.66796875,-2.7502,1.252,-4.9562,-4.96,2,LEFT_MI
3021,53.671875,-4.4352,-0.6924,2.3406,5.3276,2,LEFT_MI
3022,53.67578125,-6.0836,-3.002,0.5294,-6.4194,2,LEFT_MI
3023,53.6796875,-10.5567,-7.5033,-3.0968,-2.5097,2,LEFT_MI
3024,53.68359375,-7.0907,-7.6789,3.385,-3.4375,2,LEFT_MI
3025,53.6875,-6.429,-5.0315,0.4428,-5.9261,2,LEFT_MI
3026,53.69140625,-7.9764,-0.3057,1.1593,-8.6654,2,LEFT_MI
3027,53.6953125,-3.4878,-9.802,7.3227,-10.6684,2,LEFT_MI
3028,53.69921875,-0.2822,-4.1552,5.5507,-3.0631,2,LEFT_MI
3029,53.703125,2.6996,-1.9723,7.932,-0.9032,2,LEFT_MI
3030,53.70703125,1.0495,-4.819,10.1841,-0.7769,2,LEFT_MI
3031,53.7109375,11.2829,4.9543,4.4274,0.6229,2,LEFT_MI
3032,53.71484375,1.1002,-1.7414,8.7744,1.2037,2,LEFT_MI
3033,53.71875,5.7718,1.1206,3.0565,6.4355,2,LEFT_MI
3034,53.72265625,5.3732,3.698,1.2619,6.3104,2,LEFT_MI
3035,53.7265625,1.3576,0.9128,4.7569,3.0252,2,LEFT_MI
3036,53.73046875,4.2994,1.2661,-3.8501,4.3172,2,LEFT_MI
3037,53.734375,5.8669,-0.2089,-14.0729,8.478,2,LEFT_MI
3038,53.73828125,-2.0423,-4.4408,-11.5072,12.7018,2,LEFT_MI
3039,53.7421875,-0.345,-7.239,-9.3372,4.5238,2,LEFT_MI
3040,53.74609375,0.1336,4.1945,-5.2197,2.913,2,LEFT_MI
3041,53.75,-2.2743,4.1048,-3.2992,0.7251,2,LEFT_MI
3042,53.75390625,0.3203,4.9715,-5.7154,4.1218,2,LEFT_MI
3043,53.7578125,1.5345,7.32,-1.0933,-1.6029,2,LEFT_MI
3044,53.76171875,2.024,4.8414,-8.7878,3.4436,2,LEFT_MI
3045,53.765625,-1.8052,7.866,-6.1934,-4.8069,0,REST
3046,53.76953125,-1.0537,11.3407,-2.7522,-2.5467,0,REST
3047,53.7734375,-2.9292,1.4568,-2.1778,-2.5634,0,REST
3048,53.77734375,-6.1793,2.6786,-2.6879,-4.3371,0,REST
3049,53.78125,-5.4814,-0.591,0.3256,-4.063,0,REST
3050,53.78515625,-3.4017,-8.0499,-1.2915,-6.5409,0,REST
3051,53.7890625,-3.9691,-8.6265,2.6487,-3.0402,0,REST
3052,53.79296875,-5.5309,-12.4141,1.3348,-2.6461,0,REST
3053,53.796875,-4.6832,-15.5001,3.3266,1.7028,0,REST
3054,53.80078125,-1.032,-16.3071,1.4802,3.1352,0,REST
3055,53.8046875,-2.9175,-13.2173,5.3662,1.8242,0,REST
3056,53.80859375,-0.6024,-12.278,4.4372,-3.1268,0,REST
3057,53.8125,1.9024,-11.9216,4.6544,-1.1461,0,REST
3058,53.81640625,1.8691,-5.7863,3.6487,-0.0001,0,REST
3059,53.8203125,2.6286,-7.4504,4.4201,4.3338,0,REST
3060,53.82421875,7.765,-1.44,4.3618,3.8716,0,REST
3061,53.828125,5.589,1.598,5.9061,1.7288,0,REST
3062,53.83203125,7.366,7.7158,0.3257,2.2353,0,REST
3063,53.8359375,5.3694,8.6084,-0.5939,4.2358,0,REST
3064,53.83984375,8.2876,10.7568,-0.7896,3.5295,0,REST
3065,53.84375,7.3427,10.5828,-0.7064,2.6944,0,REST
3066,53.84765625,8.8082,10.8261,-7.8397,2.6288,0,REST
3067,53.8515625,3.8966,12.6523,-5.1467,2.2316,0,REST
3068,53.85546875,2.2249,10.5314,-8.421,2.0961,0,REST
3069,53.859375,-0.8932,10.2768,-9.9871,1.6434,0,REST
3070,53.86328125,-0.6992,6.0806,-9.8915,1.8032,0,REST
3071,53.8671875,-3.6443,5.7671,-10.4844,-2.156,0,REST
3072,53.87109375,-6.8085,-2.6939,-7.9341,-4.8095,0,REST
3073,53.875,-10.1326,1.5096,-6.6542,-2.9892,0,REST
3074,53.87890625,-9.5037,-6.6925,-0.633,-5.2691,0,REST
3075,53.8828125,-8.5298,-8.7405,-2.9461,-5.9666,0,REST
3076,53.88671875,-10.2363,-13.3313,-0.0526,-6.7228,0,REST
3077,53.890625,-9.2637,-15.6311,2.0848,-5.5344,0,REST
3078,53.89453125,-8.6605,-10.5854,4.8196,-6.2742,0,REST
3079,53.8984375,-2.8667,-11.1588,8.1127,-5.3236,0,REST
3080,53.90234375,-4.0635,-13.9631,8.0266,-4.624,0,REST
3081,53.90625,2.8315,-8.2497,9.6606,-3.5647,0,REST
3082,53.91015625,3.0893,-4.3142,10.0057,-1.5491,0,REST
3083,53.9140625,5.165,-4.0416,10.6582,-2.8714,0,REST
3084,53.91796875,10.2625,-1.5309,9.182,0.2812,0,REST
3085,53.921875,12.0025,4.486,6.3885,2.9012,0,REST
3086,53.92578125,10.5028,6.2848,8.1661,4.7172,0,REST
3087,53.9296875,11.3403,7.717,3.5873,5.4851,0,REST
3088,53.93359375,12.0299,11.8831,-1.6167,9.5993,0,REST
3089,53.9375,11.6296,11.9488,-4.8019,8.3912,0,REST
3090,53.94140625,6.9518,7.9013,-7.15,4.564,0,REST
3091,53.9453125,0.3752,15.1713,-7.6503,4.3401,0,REST
3092,53.94921875,6.5567,10.9877,-9.4189,4.1739,0,REST
3093,53.953125,3.6985,7.3022,-14.0864,3.1583,0,REST
3094,53.95703125,-1.2488,5.8963,-10.6835,1.0046,0,REST
3095,53.9609375,-5.342,3.6431,-14.6119,-0.7117,0,REST
3096,53.96484375,-10.1423,2.5209,-13.7078,-1.7271,0,REST
3097,53.96875,-10.1312,-4.7353,-8.2871,-3.638,0,REST
3098,53.97265625,-9.8043,-7.8096,-7.1276,-7.2756,0,REST
3099,53.9765625,-12.65,-10.965,-0.8438,-3.9976,0,REST
3100,53.98046875,-9.4555,-9.7644,-1.0518,-9.0652,0,REST
3101,53.984375,-15.8943,-7.412,-0.236,-11.2489,0,REST
3102,53.98828125,-10.6419,-9.1018,4.9801,-8.6538,0,REST
3103,53.9921875,-8.0072,-11.1255,11.3465,-10.2575,0,REST
3104,53.99609375,-2.5591,-5.61,13.1092,-4.482,0,REST
3105,54.0,2.9612,-8.2949,10.9826,-2.1447,0,REST
3106,54.00390625,5.3429,-6.4555,9.2516,-2.6691,0,REST
3107,54.0078125,7.0931,-3.4688,8.3431,1.9765,0,REST
3108,54.01171875,10.8056,-1.6899,9.4802,1.4941,0,REST
3109,54.015625,11.1091,0.5797,7.2049,7.3613,0,REST
3110,54.01953125,9.9989,4.4174,7.169,7.6426,0,REST
3111,54.0234375,14.4528,5.8589,2.8203,15.8322,0,REST
3112,54.02734375,13.3296,6.9314,1.5802,10.7786,0,REST
3113,54.03125,13.8641,13.2853,1.0366,11.5893,0,REST
3114,54.03515625,8.1365,11.3323,-6.6251,12.0442,0,REST
3115,54.0390625,4.782,7.8091,-7.903,9.8766,0,REST
3116,54.04296875,3.6598,12.1334,-12.2005,6.9709,0,REST
3117,54.046875,-1.1509,6.2437,-10.8169,6.2567,0,REST
3118,54.05078125,-3.1659,0.9784,-13.4039,3.1324,0,REST
3119,54.0546875,-8.5517,1.8445,-14.4511,-3.8636,0,REST
3120,54.05859375,-10.8274,0.1093,-5.9595,-10.1337,0,REST
3121,54.0625,-12.3515,-2.5582,-10.362,-8.891,0,REST
3122,54.06640625,-12.1718,-2.1545,-10.2383,-13.2759,0,REST
3123,54.0703125,-11.7982,-4.2255,-4.5772,-12.5203,0,REST
3124,54.07421875,-12.2091,-9.2846,0.274,-9.5702,0,REST
3125,54.078125,-10.8226,-9.637,0.1024,-13.0136,0,REST
3126,54.08203125,-4.0549,-8.4009,4.4736,-11.565,0,REST
3127,54.0859375,-4.9657,-6.5526,8.7445,-10.5457,0,REST
3128,54.08984375,-1.8069,-5.4123,6.3202,-4.2481,0,REST
3129,54.09375,4.0262,-5.0716,12.5952,-1.6621,0,REST
3130,54.09765625,6.4464,-5.069,9.0183,0.0444,0,REST
3131,54.1015625,8.3273,-3.0368,9.7307,5.1229,0,REST
3132,54.10546875,9.0488,-3.9686,10.5299,7.1499,0,REST
3133,54.109375,9.38,1.8789,7.4338,13.4536,0,REST
3134,54.11328125,10.2295,4.9134,6.6236,8.559,0,REST
3135,54.1171875,11.2655,3.4625,1.6795,11.5528,0,REST
3136,54.12109375,7.9419,4.4616,0.4822,11.8472,0,REST
3137,54.125,9.8649,2.5917,1.4497,11.7106,0,REST
3138,54.12890625,8.162,4.2155,-0.5401,4.9467,0,REST
3139,54.1328125,3.5248,4.3106,-3.9249,6.3987,0,REST
3140,54.13671875,-1.2742,4.2982,-6.6792,4.5022,0,REST
3141,54.140625,-0.431,5.0188,-3.6409,3.066,0,REST
3142,54.14453125,-3.2227,2.1888,-8.6325,-5.3387,0,REST
3143,54.1484375,-3.3099,1.4652,-8.5785,-8.1741,0,REST
3144,54.15234375,-5.5614,-0.3058,-8.6054,-4.9863,0,REST
3145,54.15625,-9.7676,1.8423,-4.4097,-13.1791,0,REST
3146,54.16015625,-7.4072,-0.3935,-4.3343,-13.416,0,REST
3147,54.1640625,-4.2193,-4.1342,-5.1706,-12.6494,0,REST
3148,54.16796875,-5.7501,-5.8354,-4.5485,-12.7022,0,REST
3149,54.171875,-2.782,-3.3614,-1.7972,-8.7087,0,REST
3150,54.17578125,-2.7688,-5.563,3.1555,-7.0797,0,REST
3151,54.1796875,-7.3814,-5.5631,2.567,-3.5772,0,REST
3152,54.18359375,-2.1662,-3.2289,3.3171,-6.8015,0,REST
3153,54.1875,-4.2145,-3.1468,6.32,0.6171,0,REST
3154,54.19140625,0.5405,-5.0401,5.422,1.2843,0,REST
3155,54.1953125,2.2395,-0.8101,7.6554,6.2033,0,REST
3156,54.19921875,4.6171,-0.4407,2.0864,6.6303,0,REST
3157,54.203125,2.9947,-3.3175,8.8297,12.1394,0,REST
3158,54.20703125,5.0852,1.5118,3.0498,12.1215,0,REST
3159,54.2109375,7.4461,-3.1824,6.7095,7.4764,0,REST
3160,54.21484375,3.501,3.6841,3.551,9.3607,0,REST
3161,54.21875,3.8195,-0.7958,4.5442,5.4589,0,REST
3162,54.22265625,3.6634,-2.1722,1.335,6.9008,0,REST
3163,54.2265625,0.1562,1.9371,-1.3457,5.3029,0,REST
3164,54.23046875,0.573,-0.1387,-1.3027,-0.7358,0,REST
3165,54.234375,0.5132,1.7231,-0.3191,-3.8503,0,REST
3166,54.23828125,3.9851,3.5123,-2.4928,-4.6846,0,REST
3167,54.2421875,1.0079,3.6884,0.1087,-7.9617,0,REST
3168,54.24609375,2.3871,5.307,-2.5808,-10.1169,0,REST
3169,54.25,0.0509,3.0417,-3.4576,-10.2652,0,REST
3170,54.25390625,0.5293,2.8201,-4.7548,-13.576,0,REST
3171,54.2578125,-4.8418,3.7924,-3.2271,-14.0903,0,REST
3172,54.26171875,0.8222,3.2747,-5.4717,-3.5855,0,REST
3173,54.265625,0.397,3.8047,-0.3192,-7.4261,0,REST
3174,54.26953125,-3.7813,0.3984,-5.0883,-5.5918,0,REST
3175,54.2734375,-1.5782,1.6324,-4.2901,-0.7397,0,REST
3176,54.27734375,-2.9302,-2.3089,-1.2212,1.9085,0,REST
3177,54.28125,-3.2763,-1.7455,-4.3323,0.1825,0,REST
3178,54.28515625,-4.6218,-5.4951,-2.1382,3.6976,0,REST
3179,54.2890625,-5.5348,-1.7625,0.7341,2.6934,0,REST
3180,54.29296875,-1.6506,-4.0853,-3.1654,1.3544,0,REST
3181,54.296875,-4.6801,-7.3576,-1.1219,6.219,0,REST
3182,54.30078125,-4.0233,-1.6449,4.5789,9.5121,0,REST
3183,54.3046875,1.428,-5.3262,4.116,6.7669,0,REST
3184,54.30859375,1.5824,-4.572,4.5195,7.5968,0,REST
3185,54.3125,-3.53,-1.132,5.2014,3.0106,0,REST
3186,54.31640625,-0.9459,-3.4713,3.4137,3.7754,0,REST
3187,54.3203125,3.9653,-1.7277,8.4563,0.628,0,REST
3188,54.32421875,5.4515,3.2144,6.4583,2.2149,0,REST
3189,54.328125,10.6479,6.6955,6.0668,-2.37,0,REST
3190,54.33203125,5.7087,4.6954,3.9819,-3.6306,0,REST
3191,54.3359375,8.8573,5.2982,5.989,-4.4735,0,REST
3192,54.33984375,5.8861,4.7126,1.3872,-5.354,0,REST
3193,54.34375,4.6572,6.6026,7.8086,-6.0713,0,REST
3194,54.34765625,5.1452,7.1595,2.2049,-3.406,0,REST
3195,54.3515625,1.3379,2.4162,-2.1595,-4.0268,0,REST
3196,54.35546875,3.3246,2.9444,-0.7483,-3.2494,0,REST
3197,54.359375,1.9093,5.7098,-3.0132,-3.9056,0,REST
3198,54.36328125,-2.9457,0.5408,-9.2032,-0.4155,0,REST
3199,54.3671875,-5.1441,3.5273,-10.5736,-1.3847,0,REST
3200,54.37109375,-4.5852,0.5483,-10.2416,-5.5016,0,REST
3201,54.375,-2.4386,1.6101,-8.5189,1.2502,0,REST
3202,54.37890625,-12.1069,-1.0702,-3.3548,1.261,0,REST
3203,54.3828125,-9.3619,-1.2927,-8.7642,1.4897,0,REST
3204,54.38671875,-10.321,-9.0922,-4.101,-3.0787,0,REST
3205,54.390625,-8.4147,-6.5646,-5.6071,2.2564,0,REST
3206,54.39453125,-11.0521,-8.2662,0.9004,-1.4193,0,REST
3207,54.3984375,-6.0898,-6.8843,0.3605,2.9106,0,REST
3208,54.40234375,-5.6697,-7.5645,3.3064,3.6299,0,REST
3209,54.40625,-1.554,-7.3695,6.7443,0.8412,0,REST
3210,54.41015625,0.7621,-7.6388,10.0437,0.896,0,REST
3211,54.4140625,7.1773,-2.4863,10.2497,2.4358,0,REST
3212,54.41796875,10.4741,0.8208,15.145,2.3389,0,REST
3213,54.421875,9.8392,1.4608,10.3409,-0.5176,0,REST
3214,54.42578125,11.6382,7.1022,9.4824,0.6144,0,REST
3215,54.4296875,11.0431,1.4207,9.6565,2.3821,0,REST
3216,54.43359375,9.6472,6.4751,6.33,-2.8439,0,REST
3217,54.4375,9.0833,10.021,5.1085,0.4293,0,REST
3218,54.44140625,8.5045,8.967,1.0001,-1.7662,0,REST
3219,54.4453125,8.946,14.4946,-1.8466,-2.1543,0,REST
3220,54.44921875,3.0858,9.4764,-3.8052,-4.4597,0,REST
3221,54.453125,1.4763,10.7923,-6.4513,-1.1614,0,REST
3222,54.45703125,-2.2221,9.4177,-6.6414,-3.0645,0,REST
3223,54.4609375,-7.4939,3.7861,-11.1477,-4.1659,0,REST
3224,54.46484375,-3.0643,-0.2044,-13.3823,-2.9271,0,REST
3225,54.46875,-10.6241,-1.0337,-14.061,-5.6592,0,REST
3226,54.47265625,-8.8051,-5.1553,-10.0141,-1.6262,0,REST
3227,54.4765625,-14.4871,-4.9188,-10.4304,0.3885,0,REST
3228,54.48046875,-13.7112,-6.6797,-7.354,-1.9952,0,REST
3229,54.484375,-10.0498,-8.2156,-3.4642,-0.7076,0,REST
3230,54.48828125,-10.8418,-14.8299,-1.7261,1.8494,0,REST
3231,54.4921875,-9.1836,-15.4499,1.5175,4.2733,0,REST
3232,54.49609375,-4.893,-11.7511,6.079,3.6018,0,REST
3233,54.5,-0.4157,-7.8219,5.4264,3.2608,0,REST
3234,54.50390625,4.5578,-5.1502,12.6316,7.7583,0,REST
3235,54.5078125,10.3559,-6.8479,7.2193,2.6753,0,REST
3236,54.51171875,13.6778,-4.2403,14.1839,6.1902,0,REST
3237,54.515625,14.8212,0.3413,14.8146,7.9621,0,REST
3238,54.51953125,16.5422,-0.1273,12.3105,5.0495,0,REST
3239,54.5234375,10.2115,6.4917,9.0474,8.3997,0,REST
3240,54.52734375,11.7654,8.977,9.3122,2.3803,0,REST
3241,54.53125,11.1951,12.6297,5.9043,1.3006,0,REST
3242,54.53515625,6.3833,10.5501,1.1911,-2.3325,0,REST
3243,54.5390625,3.7799,13.5736,-1.0944,-2.7165,0,REST
3244,54.54296875,-0.614,13.5421,-6.8128,-3.3527,0,REST
3245,54.546875,-2.4275,10.2878,-8.8807,-6.041,0,REST
3246,54.55078125,-3.2524,8.2092,-10.2019,-9.8215,0,REST
3247,54.5546875,-3.8576,2.4873,-11.0522,-10.3036,0,REST
3248,54.55859375,-8.6551,1.6081,-13.0513,-11.3852,0,REST
3249,54.5625,-11.3689,-3.7162,-13.3918,-9.4948,0,REST
3250,54.56640625,-13.5598,-7.7553,-11.2668,-6.7659,0,REST
3251,54.5703125,-13.8616,-7.3858,-9.3124,-3.4084,0,REST
3252,54.57421875,-10.9417,-8.8683,-9.0019,-4.829,0,REST
3253,54.578125,-6.9835,-10.1529,-3.6151,0.7284,0,REST
3254,54.58203125,-8.8636,-11.2947,-5.0828,-0.8791,0,REST
3255,54.5859375,-6.6763,-14.2522,3.4513,9.1342,0,REST
3256,54.58984375,-4.0152,-11.4977,-0.2453,9.9008,0,REST
3257,54.59375,-0.992,-11.9014,6.4303,7.6334,0,REST
3258,54.59765625,1.6025,-5.9593,6.9226,12.4617,0,REST
3259,54.6015625,2.7623,-5.6127,8.3054,8.7352,0,REST
3260,54.60546875,9.2751,-1.4953,10.6224,12.2837,0,REST
3261,54.609375,11.511,2.628,11.3838,8.6329,0,REST
3262,54.61328125,7.7625,4.2863,10.7915,6.3893,0,REST
3263,54.6171875,12.8413,7.6662,10.1841,6.9525,0,REST
3264,54.62109375,10.6234,7.9186,4.2941,4.4999,0,REST
3265,54.625,8.8377,13.1871,5.4178,0.6078,0,REST
3266,54.62890625,5.9083,15.1028,1.9349,-0.9492,0,REST
3267,54.6328125,7.6877,12.1982,-1.9867,-5.5805,0,REST
3268,54.63671875,1.7295,11.6494,0.86,-10.4564,0,REST
3269,54.640625,2.9672,8.0642,-3.2341,-12.1057,0,REST
3270,54.64453125,-2.6439,7.7684,-5.4337,-7.8646,0,REST
3271,54.6484375,-4.157,3.4565,-8.5161,-14.413,0,REST
3272,54.65234375,-4.8588,1.6905,-8.8542,-10.452,0,REST
3273,54.65625,-7.9745,0.3415,-8.1325,-11.6776,0,REST
3274,54.66015625,-11.5606,-3.254,-5.3556,-5.9611,0,REST
3275,54.6640625,-6.6275,-7.9328,-7.0026,-6.6899,0,REST
3276,54.66796875,-9.3843,-9.5249,-2.5212,-1.4301,0,REST
3277,54.671875,-7.2965,-8.2048,-2.6074,1.2763,0,REST
3278,54.67578125,0.5049,-12.2352,3.2889,4.3689,0,REST
3279,54.6796875,-2.7239,-11.9061,-2.4667,9.2068,0,REST
3280,54.68359375,-2.4688,-13.8683,-1.4918,14.3384,0,REST
3281,54.6875,-3.7556,-11.7358,-0.1912,12.4287,0,REST
3282,54.69140625,-1.9378,-6.1203,3.7926,15.2637,0,REST
3283,54.6953125,3.8496,-9.5698,3.8282,14.4032,0,REST
3284,54.69921875,2.9729,-0.2124,2.8564,11.4063,0,REST
3285,54.703125,2.665,2.0215,4.7378,8.9028,0,REST
3286,54.70703125,3.6721,4.8024,7.2115,4.9321,0,REST
3287,54.7109375,5.151,2.9881,2.7356,1.7874,0,REST
3288,54.71484375,8.0313,9.5359,4.0787,-2.3729,0,REST
3289,54.71875,3.0966,15.2861,3.42,-6.05,0,REST
3290,54.72265625,3.6455,10.0719,2.4891,-7.0687,0,REST
3291,54.7265625,4.3645,10.5645,0.5569,-5.3662,0,REST
3292,54.73046875,0.458,12.0378,-1.8129,-10.5557,0,REST
3293,54.734375,1.3585,11.7889,2.865,-12.9384,0,REST
3294,54.73828125,4.5906,8.8542,1.8668,-13.7769,0,REST
3295,54.7421875,3.4823,4.2543,-0.4001,-10.7202,0,REST
3296,54.74609375,-1.6778,3.7077,-0.3269,-8.9214,0,REST
3297,54.75,1.2334,-6.3261,0.7854,-10.4122,0,REST
3298,54.75390625,-4.1559,-5.8173,-6.6098,-3.0434,0,REST
3299,54.7578125,3.1283,-8.4548,-3.2174,-2.67,0,REST
3300,54.76171875,-4.0406,-6.535,-6.2028,5.6625,0,REST
3301,54.765625,-2.8757,-6.4567,-4.2113,7.7926,0,REST
3302,54.76953125,-1.8339,-12.4271,-1.2125,5.6608,0,REST
3303,54.7734375,1.9546,-10.0082,-0.0337,12.1557,0,REST
3304,54.77734375,-3.2657,-7.3252,-4.2861,11.9041,0,REST
3305,54.78125,-1.6512,-8.4118,-7.1327,8.1798,0,REST
3306,54.78515625,-1.9637,-4.1202,-7.0954,9.2819,0,REST
3307,54.7890625,-2.0941,-3.2181,-0.6608,13.3001,0,REST
3308,54.79296875,-3.8719,-2.1984,-1.5987,7.4218,0,REST
3309,54.796875,-0.936,2.3886,-3.6509,6.2026,0,REST
3310,54.80078125,-3.2086,3.3317,4.5347,1.4627,0,REST
3311,54.8046875,-1.0499,5.6501,-2.7885,1.3654,0,REST
3312,54.80859375,2.994,4.8258,3.0975,-3.4195,0,REST
3313,54.8125,-1.7551,8.6999,5.1474,-5.4627,0,REST
3314,54.81640625,-0.1724,10.7526,1.9751,-12.5445,0,REST
3315,54.8203125,3.7092,8.7664,4.3282,-9.887,0,REST
3316,54.82421875,6.6982,7.5679,6.1804,-10.7943,0,REST
3317,54.828125,7.7937,6.2014,6.271,-10.9901,0,REST
3318,54.83203125,8.1952,8.6662,5.6543,-10.1893,0,REST
3319,54.8359375,10.4705,4.2418,8.6791,-7.5447,0,REST
3320,54.83984375,9.7221,3.8322,10.5414,-3.0431,0,REST
3321,54.84375,7.4089,0.1826,6.4651,-1.8689,0,REST
3322,54.84765625,6.3517,-1.7998,5.4865,-1.8328,0,REST
3323,54.8515625,2.4061,-3.3349,1.0334,7.0971,0,REST
3324,54.85546875,3.583,-7.0442,2.2628,3.0401,0,REST
3325,54.859375,2.2354,-7.4061,1.0125,6.2727,0,REST
3326,54.86328125,-2.157,-9.2224,-5.4708,6.966,0,REST
3327,54.8671875,-4.0213,-7.874,-7.783,6.3752,0,REST
3328,54.87109375,-5.0859,-5.4543,-7.1292,6.3779,0,REST
3329,54.875,-7.3687,-5.6819,-7.2779,8.5331,0,REST
3330,54.87890625,-7.7041,-4.9601,-7.3219,6.9048,0,REST
3331,54.8828125,-8.8079,-3.4199,-9.4278,8.9774,0,REST
3332,54.88671875,-10.8894,3.1943,-8.6827,2.8557,0,REST
3333,54.890625,-7.5217,0.0037,-4.507,1.4235,0,REST
3334,54.89453125,-9.5072,0.2759,-3.655,-2.1301,0,REST
3335,54.8984375,-8.8997,-0.6414,-4.3205,-3.0535,0,REST
3336,54.90234375,-0.8784,4.8369,-1.6589,-5.4519,0,REST
3337,54.90625,-4.0109,5.8092,-1.7268,-3.1856,0,REST
3338,54.91015625,1.9454,3.9061,0.392,-6.7628,0,REST
3339,54.9140625,6.3627,4.5605,6.6431,-6.5215,0,REST
3340,54.91796875,12.2159,4.4936,8.563,-5.8332,0,REST
3341,54.921875,11.1193,3.6013,8.7838,-6.6934,0,REST
3342,54.92578125,8.7415,4.6329,13.677,-3.565,0,REST
3343,54.9296875,10.8197,4.9657,10.6606,-4.8243,0,REST
3344,54.93359375,16.3682,2.6748,11.9272,-1.3694,0,REST
3345,54.9375,12.8811,-1.343,10.8758,-0.5961,0,REST
3346,54.94140625,10.4727,-1.8743,9.9639,0.0965,0,REST
3347,54.9453125,4.6801,-0.1067,4.2293,-0.5611,0,REST
3348,54.94921875,4.3952,-2.2545,4.3635,1.7531,0,REST
3349,54.953125,-1.0688,1.3751,-2.0984,-0.7783,0,REST
3350,54.95703125,-4.0671,-5.8281,-3.4461,5.7509,0,REST
3351,54.9609375,-7.6154,-2.1694,-6.9642,5.6637,0,REST
3352,54.96484375,-10.5143,-4.7322,-10.1753,5.3594,0,REST
3353,54.96875,-11.3116,-2.2501,-12.4697,3.5279,0,REST
3354,54.97265625,-11.2498,-0.1679,-12.6287,1.5986,0,REST
3355,54.9765625,-10.8771,-1.6675,-13.6361,2.9079,0,REST
3356,54.98046875,-12.9286,-4.6064,-12.1759,4.6239,0,REST
3357,54.984375,-11.1464,0.3824,-13.4917,2.511,0,REST
3358,54.98828125,-7.9368,1.9138,-7.6173,0.5854,0,REST
3359,54.9921875,-10.8702,-2.0266,-7.3806,4.3952,0,REST
3360,54.99609375,-1.5979,1.0887,-2.3884,2.1873,0,REST
3361,55.0,-1.2061,-2.5475,3.2672,4.0745,0,REST
3362,55.00390625,6.5946,1.1355,4.4576,-0.5163,0,REST
3363,55.0078125,7.5445,2.9243,7.828,-2.0266,0,REST
3364,55.01171875,13.4482,2.7166,8.5983,-4.6443,0,REST
3365,55.015625,7.2765,1.9649,10.2176,-1.4416,0,REST
3366,55.01953125,14.9367,2.2076,13.3598,-2.4222,0,REST
3367,55.0234375,14.9302,5.1738,14.822,-2.5366,0,REST
3368,55.02734375,7.9452,-0.241,13.5497,-2.1687,0,REST
3369,55.03125,7.5931,3.0919,9.5271,-2.0694,0,REST
3370,55.03515625,10.1198,3.8971,8.7572,-4.1131,0,REST
3371,55.0390625,6.9826,-1.8736,8.138,-0.8185,0,REST
3372,55.04296875,1.5724,4.4952,1.7836,-0.936,0,REST
3373,55.046875,2.8111,2.4572,-0.8597,-0.258,0,REST
3374,55.05078125,-5.4649,-2.8461,-6.4595,2.7765,0,REST
3375,55.0546875,-6.8821,-1.989,-6.4995,-4.9835,0,REST
3376,55.05859375,-8.7746,0.7903,-5.7736,-1.2499,0,REST
3377,55.0625,-8.326,-1.9212,-11.3963,3.5802,0,REST
3378,55.06640625,-16.3393,-1.2245,-8.6656,2.96,0,REST
3379,55.0703125,-10.3659,-2.9793,-12.236,4.2688,0,REST
3380,55.07421875,-10.8659,-0.5268,-11.1195,7.2338,0,REST
3381,55.078125,-8.3741,-1.1208,-7.2664,3.6481,0,REST
3382,55.08203125,-10.4755,-6.0074,-7.1247,3.7965,0,REST
3383,55.0859375,-4.2434,-5.9936,-6.4956,6.5084,0,REST
3384,55.08984375,-0.5989,-2.6456,-2.0232,6.4377,0,REST
3385,55.09375,2.2335,-5.6062,-1.1095,7.2646,0,REST
3386,55.09765625,7.0988,-4.553,4.8256,4.7814,0,REST
3387,55.1015625,3.7558,-5.2676,4.8504,-0.3425,0,REST
3388,55.10546875,12.5675,0.4375,6.5592,-4.4211,0,REST
3389,55.109375,6.5509,1.1801,9.3872,-0.15,0,REST
3390,55.11328125,9.6352,1.8571,12.0853,-5.7577,0,REST
3391,55.1171875,9.3655,0.2039,9.8408,-3.7214,0,REST
3392,55.12109375,6.5978,8.8859,10.737,-9.3308,0,REST
3393,55.125,9.2507,5.7875,6.933,-10.049,0,REST
3394,55.12890625,3.9167,7.2824,6.9255,-9.1978,0,REST
3395,55.1328125,0.6696,7.9418,5.2081,-9.043,0,REST
3396,55.13671875,2.7113,9.2962,3.0737,-4.363,0,REST
3397,55.140625,-0.4403,9.1904,-0.632,-2.0082,0,REST
3398,55.14453125,-3.134,3.4961,1.2488,-3.05,0,REST
3399,55.1484375,-3.2321,3.208,-3.9473,0.0019,0,REST
3400,55.15234375,-2.4945,6.8799,-5.4858,0.8563,0,REST
3401,55.15625,-8.3614,-2.1989,-1.6741,4.9979,0,REST
3402,55.16015625,-4.412,-2.268,-7.402,7.3593,0,REST
3403,55.1640625,-10.4529,-3.2863,-8.6823,6.664,0,REST
3404,55.16796875,-7.1898,-9.9034,-10.4999,9.8606,0,REST
3405,55.171875,-5.2618,-6.4712,-5.9097,9.261,0,REST
3406,55.17578125,-5.8655,-8.2753,-5.5004,10.29,0,REST
3407,55.1796875,-2.4565,-6.9907,-4.9092,7.038,0,REST
3408,55.18359375,-1.1757,-8.5688,-4.152,9.4276,0,REST
3409,55.1875,0.109,-9.0207,-4.3582,6.757,0,REST
3410,55.19140625,0.4559,-6.7651,-0.6002,3.1422,0,REST
3411,55.1953125,2.6291,-6.2084,0.5261,2.0528,0,REST
3412,55.19921875,3.8293,-2.9704,2.6205,-5.2309,0,REST
3413,55.203125,2.9398,1.3905,5.0222,-5.1881,0,REST
3414,55.20703125,4.0785,-0.1522,4.8838,-8.0205,0,REST
3415,55.2109375,6.2879,7.2563,5.2096,-10.3472,0,REST
3416,55.21484375,2.2274,6.2348,1.9577,-14.4597,0,REST
3417,55.21875,2.9233,6.0142,0.6819,-10.4741,0,REST
3418,55.22265625,6.6018,13.4326,3.707,-13.4311,0,REST
3419,55.2265625,3.0563,14.2711,1.4182,-9.7633,0,REST
3420,55.23046875,1.4134,8.6078,2.6936,-7.6628,0,REST
3421,55.234375,5.8117,8.5058,-0.7675,-4.175,0,REST
3422,55.23828125,-0.0957,5.7178,1.3419,-4.4007,0,REST
3423,55.2421875,-0.0902,4.4824,1.4584,-0.4205,0,REST
3424,55.24609375,2.4497,2.6553,3.8375,3.4322,0,REST
3425,55.25,-0.0091,0.43,-0.3197,6.2168,0,REST
3426,55.25390625,-0.7041,-3.1166,3.87,9.1295,0,REST
3427,55.2578125,-4.4008,-2.5958,3.0973,8.9329,0,REST
3428,55.26171875,0.5103,-3.6755,2.943,11.9156,0,REST
3429,55.265625,0.4745,-8.388,1.3737,10.1811,0,REST
3430,55.26953125,-5.7111,-12.9286,-2.3243,10.816,0,REST
3431,55.2734375,-2.9628,-16.185,-3.1244,12.4805,0,REST
3432,55.27734375,-6.0284,-14.6403,-1.1708,6.7321,0,REST
3433,55.28125,-3.2157,-10.0386,-2.7133,2.2604,0,REST
3434,55.28515625,-5.3461,-7.7243,-3.0916,-3.6029,0,REST
3435,55.2890625,-3.3925,-5.8325,-3.695,-3.8203,0,REST
3436,55.29296875,-2.5008,-2.123,-5.9229,-8.4337,0,REST
3437,55.296875,-4.9122,-1.7939,-4.6686,-4.2256,0,REST
3438,55.30078125,-2.9455,1.8754,-4.8534,-16.6006,0,REST
3439,55.3046875,-2.3475,6.8659,-3.8449,-13.288,0,REST
3440,55.30859375,0.8592,8.8061,-2.2639,-10.7571,0,REST
3441,55.3125,4.7042,10.2404,-1.9087,-14.0578,0,REST
3442,55.31640625,1.1535,10.3078,0.0923,-13.4636,0,REST
3443,55.3203125,4.2611,10.5803,-0.322,-9.5508,0,REST
3444,55.32421875,4.255,13.589,2.9594,-7.2281,0,REST
3445,55.328125,3.6728,8.4598,2.4332,-5.07,0,REST
3446,55.33203125,6.8644,11.2987,4.0349,1.1974,0,REST
3447,55.3359375,6.932,8.5936,7.9339,3.3943,0,REST
3448,55.33984375,5.9601,2.9126,9.5809,5.6581,0,REST
3449,55.34375,5.204,1.8632,11.6913,13.4953,0,REST
3450,55.34765625,7.567,-2.6692,5.5615,11.275,0,REST
3451,55.3515625,2.4277,-8.3551,6.2063,13.2067,0,REST
3452,55.35546875,4.4245,-7.4105,6.0465,13.7158,0,REST
3453,55.359375,-2.913,-10.0676,2.9624,10.6243,0,REST
3454,55.36328125,-1.5016,-11.0375,0.6454,9.9991,0,REST
3455,55.3671875,-3.6504,-11.7801,0.7143,5.7825,0,REST
3456,55.37109375,-5.6393,-14.1049,0.2184,3.2525,0,REST
3457,55.375,-5.1757,-11.7231,-6.6832,-4.2623,0,REST
3458,55.37890625,-12.428,-11.9074,-9.4737,0.352,0,REST
3459,55.3828125,-12.5586,-7.9897,-7.2973,-8.3664,0,REST
3460,55.38671875,-7.9009,-7.3188,-10.6833,-8.0645,0,REST
3461,55.390625,-11.4535,-2.4403,-11.5896,-10.579,0,REST
3462,55.39453125,-7.8511,0.0997,-11.1391,-11.3099,0,REST
3463,55.3984375,-2.8293,10.4613,-10.621,-10.4975,0,REST
3464,55.40234375,-2.4928,9.6504,-4.0406,-11.5491,0,REST
3465,55.40625,-0.6809,14.7538,-0.7993,-11.9693,0,REST
3466,55.41015625,0.3669,13.0937,-8.0122,-10.8083,0,REST
3467,55.4140625,2.2207,11.4136,0.8691,-2.1076,0,REST
3468,55.41796875,6.8064,14.4395,1.637,-2.8613,0,REST
3469,55.421875,11.7947,14.1049,4.5796,-2.846,0,REST
3470,55.42578125,10.4891,9.6752,9.3301,3.072,0,REST
3471,55.4296875,10.3773,8.5131,10.108,4.8881,0,REST
3472,55.43359375,11.7825,5.8789,11.6337,8.7917,0,REST
3473,55.4375,13.4729,-1.3212,10.3784,7.2885,0,REST
3474,55.44140625,10.1774,-0.7607,10.357,8.6029,0,REST
3475,55.4453125,8.4378,-3.8511,12.0246,6.8643,0,REST
3476,55.44921875,5.0371,-6.8926,12.4072,7.9014,0,REST
3477,55.453125,3.8091,-11.0823,6.1294,8.9557,0,REST
3478,55.45703125,-4.3965,-12.8422,5.8146,7.3364,0,REST
3479,55.4609375,-5.3998,-11.295,1.6732,4.0621,0,REST
3480,55.46484375,-7.8511,-15.4904,-4.1469,2.4904,0,REST
3481,55.46875,-11.5359,-12.2537,-6.4745,1.1257,0,REST
3482,55.47265625,-16.233,-11.4185,-4.5234,-2.7266,0,REST
3483,55.4765625,-9.2503,-5.6081,-13.9298,-2.382,0,REST
3484,55.48046875,-12.1118,-2.8174,-12.0839,-8.2069,0,REST
3485,55.484375,-10.6353,-3.4527,-12.8854,-7.4094,0,REST
3486,55.48828125,-8.3115,2.0789,-12.8421,-8.8758,0,REST
3487,55.4921875,-8.5056,7.3766,-14.43,-5.6702,0,REST
3488,55.49609375,-5.3345,7.7457,-11.6092,-6.9228,0,REST
3489,55.5,1.4762,11.3634,-5.4987,-4.8799,0,REST
3490,55.50390625,2.2121,9.6833,-3.4855,-4.8009,0,REST
3491,55.5078125,3.8219,11.7282,-0.9179,-4.0333,0,REST
3492,55.51171875,8.3103,10.1606,-0.2525,-2.9659,0,REST
3493,55.515625,8.3359,10.1864,7.9598,0.6134,0,REST
3494,55.51953125,11.949,9.5159,8.8658,0.4136,0,REST
3495,55.5234375,13.1617,8.7426,11.3276,6.6341,0,REST
3496,55.52734375,13.3553,2.3524,11.103,2.1946,0,REST
3497,55.53125,10.8941,-3.8848,13.6799,4.7394,0,REST
3498,55.53515625,8.2015,-1.231,12.582,3.9419,0,REST
3499,55.5390625,5.9239,-3.2165,10.6325,1.8713,0,REST
3500,55.54296875,3.2961,-8.9799,12.1045,2.2895,0,REST
3501,55.546875,0.7087,-9.0751,8.1387,3.6599,0,REST
3502,55.55078125,-2.6216,-13.7882,5.068,0.7291,0,REST
3503,55.5546875,-5.71,-8.7202,0.4336,3.2378,0,REST
3504,55.55859375,-9.2432,-10.8554,-1.9397,-0.4151,0,REST
3505,55.5625,-12.3804,-5.7446,-5.2586,1.9157,0,REST
3506,55.56640625,-11.7492,-4.6587,-3.799,2.1461,0,REST
3507,55.5703125,-9.4379,-4.9473,-9.9459,-3.1365,0,REST
3508,55.57421875,-13.9708,-2.7873,-12.8706,-2.0006,0,REST
3509,55.578125,-9.071,-2.3292,-10.9955,-4.5798,0,REST
3510,55.58203125,-8.8598,3.6816,-11.7545,-3.2042,0,REST
3511,55.5859375,-6.5785,2.5639,-10.0146,-0.6257,0,REST
3512,55.58984375,-2.2445,8.2637,-4.8542,-0.7151,0,REST
3513,55.59375,-4.7767,10.6216,-9.2927,0.1856,0,REST
3514,55.59765625,3.5601,9.0041,-4.6113,-2.357,0,REST
3515,55.6015625,7.7101,5.628,-6.1444,-6.4863,0,REST
3516,55.60546875,9.4628,7.9321,2.5541,-2.6463,0,REST
3517,55.609375,9.0422,4.1114,-0.8272,-5.5193,0,REST
3518,55.61328125,7.9106,4.8523,4.5123,-2.4879,0,REST
3519,55.6171875,9.6155,3.8756,6.9414,-4.2694,0,REST
3520,55.62109375,14.1993,3.4457,8.4289,-3.0346,0,REST
3521,55.625,11.3775,1.4097,9.6862,-1.7032,0,REST
3522,55.62890625,1.3396,1.0951,10.0199,2.2518,0,REST
3523,55.6328125,4.2639,-1.2811,12.2951,2.2664,0,REST
3524,55.63671875,3.2761,-5.9121,7.9892,-2.9436,0,REST
3525,55.640625,0.4891,-6.2776,2.2943,1.2681,0,REST
3526,55.64453125,-3.7149,-6.8068,3.9686,5.1501,0,REST
3527,55.6484375,-3.051,-9.8778,4.389,4.5277,0,REST
3528,55.65234375,-4.455,-7.0625,0.7441,6.8086,0,REST
3529,55.65625,-6.5219,-2.4234,-3.3573,4.5553,0,REST
3530,55.66015625,-6.0544,-2.3209,-4.7905,3.0406,0,REST
3531,55.6640625,-5.3555,-5.3056,-4.3412,3.7591,0,REST
3532,55.66796875,-7.7479,-1.277,-8.5426,6.284,0,REST
3533,55.671875,-5.9697,-2.5287,-7.3294,5.6509,0,REST
3534,55.67578125,-6.1391,0.0015,-1.6728,0.5123,0,REST
3535,55.6796875,-0.8865,0.6642,-7.6177,0.2925,0,REST
3536,55.68359375,-1.607,3.5887,-3.7902,-5.7519,0,REST
3537,55.6875,1.3079,3.307,-4.5091,-2.9509,0,REST
3538,55.69140625,-1.8117,3.8584,-6.7461,-7.449,0,REST
3539,55.6953125,0.2642,1.7864,-2.0024,-6.7493,0,REST
3540,55.69921875,3.3234,5.1181,-0.5314,-6.8401,0,REST
3541,55.703125,3.6827,4.8773,1.0391,-4.2645,0,REST
3542,55.70703125,1.2186,5.8897,-3.2579,-10.8612,0,REST
3543,55.7109375,5.0617,4.041,2.9191,-2.3839,0,REST
3544,55.71484375,5.5308,-1.5233,0.1335,-6.6005,0,REST
3545,55.71875,4.9283,3.097,2.086,-2.7303,0,REST
3546,55.72265625,9.3093,1.1072,2.9953,1.5776,0,REST
3547,55.7265625,3.5855,3.4421,3.191,4.9888,0,REST
3548,55.73046875,2.7529,-0.8862,3.8109,1.5637,0,REST
3549,55.734375,1.8101,-1.4996,2.2412,5.1181,0,REST
3550,55.73828125,2.6558,-4.0537,1.5353,8.7494,0,REST
3551,55.7421875,-1.2414,-2.6173,4.5366,11.7917,0,REST
3552,55.74609375,1.9566,-2.8611,5.312,10.4896,0,REST
3553,55.75,1.5824,-0.8012,0.9091,7.98,0,REST
3554,55.75390625,-5.8038,-2.8292,6.0312,9.0442,0,REST
3555,55.7578125,-6.7021,-4.0294,2.7823,7.4671,0,REST
3556,55.76171875,-2.9004,-3.6888,3.813,7.6523,0,REST
3557,55.765625,-1.8319,-2.2396,0.4693,6.8323,0,REST
3558,55.76953125,-2.9173,-3.3374,0.0195,-4.0718,0,REST
3559,55.7734375,-3.7385,0.1545,0.1523,-0.2773,0,REST
3560,55.77734375,-1.3418,-2.29,4.9317,-2.5234,0,REST
3561,55.78125,-5.8894,-4.568,-0.3502,-9.0575,0,REST
3562,55.78515625,-5.4989,-2.9011,-2.4293,-10.1692,0,REST
3563,55.7890625,-7.4765,3.0876,-3.5713,-11.9963,0,REST
3564,55.79296875,-4.1343,-1.5321,-8.0332,-9.3961,0,REST
3565,55.796875,-5.8643,1.635,-1.0661,-8.6192,0,REST
3566,55.80078125,-0.9557,-0.6629,-9.176,-8.1708,0,REST
3567,55.8046875,0.786,2.7418,-5.0557,-5.2216,0,REST
3568,55.80859375,1.0419,4.6722,-8.2307,-0.5308,0,REST
3569,55.8125,2.3534,5.6716,-5.3046,1.0946,0,REST
3570,55.81640625,0.2105,3.62,-2.4139,2.7755,0,REST
3571,55.8203125,5.9915,2.4165,0.3657,8.14,0,REST
3572,55.82421875,2.5057,0.3189,0.1653,8.3524,0,REST
3573,55.828125,6.3911,4.0499,1.6603,13.6118,0,REST
3574,55.83203125,8.7932,1.4033,1.8517,11.1288,0,REST
3575,55.8359375,7.7428,-1.8476,4.9349,16.404,0,REST
3576,55.83984375,4.1394,4.3794,3.4527,9.0293,0,REST
3577,55.84375,4.6527,-3.2582,7.6928,13.0102,0,REST
3578,55.84765625,3.3582,-1.783,8.2023,10.6476,0,REST
3579,55.8515625,3.1743,-1.4274,5.7985,8.4835,0,REST
3580,55.85546875,3.5549,-4.7105,5.7165,3.6619,0,REST
3581,55.859375,1.5627,-3.34,8.2185,0.3475,0,REST
3582,55.86328125,-3.2877,-3.9327,3.1033,-6.2357,0,REST
3583,55.8671875,-5.9089,-2.437,4.2877,-8.7387,0,REST
3584,55.87109375,-3.8782,-5.0963,5.0221,-13.4966,0,REST
3585,55.875,-9.5177,-3.9635,1.8797,-12.8158,0,REST
3586,55.87890625,-11.2496,-3.0389,-2.5223,-12.5806,0,REST
3587,55.8828125,-9.9647,-4.2769,-4.6534,-10.4255,0,REST
3588,55.88671875,-7.6145,0.421,-4.0368,-12.1891,0,REST
3589,55.890625,-10.307,-0.6242,-9.4691,-9.8912,0,REST
3590,55.89453125,-7.2474,4.7798,-9.2021,-7.2052,0,REST
3591,55.8984375,-7.7021,3.6581,-11.1747,-4.4035,0,REST
3592,55.90234375,-7.3359,5.7367,-9.5292,0.1288,0,REST
3593,55.90625,-1.0148,6.0473,-11.7442,-1.6859,0,REST
3594,55.91015625,1.0237,7.3582,-9.5369,6.655,0,REST
3595,55.9140625,5.6041,9.7743,-8.5183,6.9167,0,REST
3596,55.91796875,4.4245,7.0063,-0.4826,14.2726,0,REST
3597,55.921875,8.5802,12.2628,-2.0252,13.2395,0,REST
3598,55.92578125,11.8526,7.3466,4.4311,11.2235,0,REST
3599,55.9296875,11.5316,6.9315,9.5053,13.6632,0,REST
3600,55.93359375,13.2377,3.4129,9.6368,11.7249,0,REST
3601,55.9375,8.2813,1.1535,7.3772,8.0085,0,REST
3602,55.94140625,10.0876,-1.0602,12.8606,8.7484,0,REST
3603,55.9453125,6.1537,-1.6828,13.0264,6.4101,0,REST
3604,55.94921875,3.2294,-5.7004,12.8746,1.9472,0,REST
3605,55.953125,0.4686,-11.4295,12.4697,-3.8583,0,REST
3606,55.95703125,-1.2157,-4.6026,10.9925,-4.7723,0,REST
3607,55.9609375,-6.4653,-10.4682,5.78,-9.8467,0,REST
3608,55.96484375,-9.1175,-14.2113,6.3971,-10.3571,0,REST
3609,55.96875,-8.9644,-10.6112,1.9587,-9.9859,0,REST
3610,55.97265625,-13.8604,-6.5285,2.8036,-12.7689,0,REST
3611,55.9765625,-9.524,-10.1127,-7.4886,-13.636,0,REST
3612,55.98046875,-12.6615,-6.1442,-9.3221,-9.1371,0,REST
3613,55.984375,-13.3066,-2.7997,-8.0193,-5.9829,0,REST
3614,55.98828125,-11.4414,2.5047,-14.4356,-9.7945,0,REST
3615,55.9921875,-5.4947,2.2686,-15.7014,0.7536,0,REST
3616,55.99609375,-1.7245,4.3507,-11.5862,0.3563,0,REST
3617,56.0,1.9806,8.3527,-9.4428,4.7956,0,REST
3618,56.00390625,1.654,12.3681,-12.2748,4.9358,0,REST
3619,56.0078125,4.3454,12.1211,-9.4832,8.6576,0,REST
3620,56.01171875,6.3598,10.0735,-7.2648,9.4008,0,REST
3621,56.015625,11.578,11.1072,-3.1317,10.6521,0,REST
3622,56.01953125,14.7693,6.9176,2.3671,7.8809,0,REST
3623,56.0234375,13.1501,7.9917,5.3463,10.0426,0,REST
3624,56.02734375,14.2151,4.3597,6.6509,10.5719,0,REST
3625,56.03125,11.8968,3.9281,9.9165,4.5782,0,REST
3626,56.03515625,5.1325,-2.6619,9.8337,1.9894,0,REST
3627,56.0390625,9.0461,-5.4863,11.4695,-4.572,0,REST
3628,56.04296875,2.3069,-4.9699,9.9883,-0.8193,0,REST
3629,56.046875,0.4029,-9.1734,10.618,-4.7079,0,REST
3630,56.05078125,-2.6252,-11.9276,9.7752,-6.7004,0,REST
3631,56.0546875,-3.6655,-10.1768,8.3108,-10.7865,0,REST
3632,56.05859375,-7.7276,-12.7857,5.8062,-4.9256,0,REST
3633,56.0625,-12.1408,-10.8678,5.9125,-9.9797,0,REST
3634,56.06640625,-15.1221,-8.3783,0.3386,-6.1674,0,REST
3635,56.0703125,-10.7447,-8.004,-2.0272,-5.5452,0,REST
3636,56.07421875,-10.4652,-2.8071,-8.0469,-1.4626,0,REST
3637,56.078125,-9.6802,-5.2799,-7.5501,-2.1553,0,REST
3638,56.08203125,-10.0007,0.6376,-11.8373,-1.6394,0,REST
3639,56.0859375,-3.7213,5.5496,-7.7178,-2.4757,0,REST
3640,56.08984375,-2.4085,7.1136,-7.2167,1.0532,0,REST
3641,56.09375,0.1191,8.8388,-12.6915,3.4692,0,REST
3642,56.09765625,2.4751,9.9543,-7.6501,5.7836,0,REST
3643,56.1015625,8.0666,7.9742,-6.9999,4.6814,0,REST
3644,56.10546875,7.7569,13.5639,-6.5646,6.3738,0,REST
3645,56.109375,6.2123,12.5511,-5.1092,3.7372,0,REST
3646,56.11328125,10.9349,12.8872,-3.0059,2.9448,0,REST
3647,56.1171875,9.5334,8.3685,4.0851,-0.7585,0,REST
3648,56.12109375,12.7272,9.5886,3.3746,7.7332,0,REST
3649,56.125,7.9426,1.2466,6.8679,2.2768,0,REST
3650,56.12890625,5.636,3.8298,6.7602,1.6832,0,REST
3651,56.1328125,6.832,-1.9713,8.4625,0.2747,0,REST
3652,56.13671875,0.6877,-8.1966,6.6364,-3.574,0,REST
3653,56.140625,0.6983,-10.5282,11.6244,0.9009,0,REST
3654,56.14453125,-3.6989,-11.6267,8.1882,-2.7387,0,REST
3655,56.1484375,-1.6246,-10.6938,8.586,-4.3013,0,REST
3656,56.15234375,-5.0722,-13.4343,3.8259,-3.2123,0,REST
3657,56.15625,-7.9472,-13.5051,2.6958,-2.9661,0,REST
3658,56.16015625,-11.4481,-7.5171,1.7913,-7.3971,0,REST
3659,56.1640625,-6.5373,-9.7574,1.2389,-2.8089,0,REST
3660,56.16796875,-7.8383,-5.6252,-1.7942,1.1163,0,REST
3661,56.171875,-3.5847,-4.24,-5.6929,-0.8184,0,REST
3662,56.17578125,-3.1942,-3.2467,-4.6504,-2.3234,0,REST
3663,56.1796875,-6.9809,6.4084,-8.513,-3.8643,0,REST
3664,56.18359375,-3.066,6.2437,-5.7709,-0.4315,0,REST
3665,56.1875,-0.4785,6.9137,-8.8211,-0.7841,0,REST
3666,56.19140625,-1.746,14.165,-7.118,-4.4575,0,REST
3667,56.1953125,5.3591,9.9149,-5.1001,-0.5374,0,REST
3668,56.19921875,3.2681,13.039,-3.4196,2.0171,0,REST
3669,56.203125,4.0485,19.0402,-3.367,3.3212,0,REST
3670,56.20703125,4.2709,10.8244,-2.1318,1.8425,0,REST
3671,56.2109375,4.985,8.6335,0.1084,-0.4756,0,REST
3672,56.21484375,5.7344,4.3236,0.7312,4.0218,0,REST
3673,56.21875,2.8904,2.3112,0.9713,7.1706,0,REST
3674,56.22265625,1.2591,-2.2451,2.7381,4.6228,0,REST
3675,56.2265625,1.8528,-2.3493,0.9571,-0.4523,0,REST
3676,56.23046875,-0.5165,-7.0454,-0.6792,2.8673,0,REST
3677,56.234375,5.3118,-8.968,-2.4133,4.6973,0,REST
3678,56.23828125,0.7485,-9.9971,2.7738,3.6609,0,REST
3679,56.2421875,0.1831,-8.6863,7.071,-3.7898,0,REST
3680,56.24609375,2.1871,-11.0888,4.8264,-0.3107,0,REST
3681,56.25,-2.9725,-14.2888,2.0689,-4.419,0,REST
3682,56.25390625,1.8951,-6.5922,5.6794,-4.6045,0,REST
3683,56.2578125,-5.0624,-7.2547,3.4884,-6.3219,0,REST
3684,56.26171875,-6.5879,-3.6482,4.4607,-2.6377,0,REST
3685,56.265625,-1.2054,2.3064,2.76,-9.6138,0,REST
3686,56.26953125,-1.4738,-0.7185,5.4789,-3.3715,0,REST
3687,56.2734375,-1.8753,0.6851,3.1974,-6.232,0,REST
3688,56.27734375,-2.9774,6.8133,1.9964,-7.7564,0,REST
3689,56.28125,-2.4316,10.437,-1.7588,-3.3711,0,REST
3690,56.28515625,-1.3518,8.4129,-2.5566,-4.6121,0,REST
3691,56.2890625,-5.273,9.3277,-2.1461,-6.6276,0,REST
3692,56.29296875,-4.3774,7.767,-0.4795,-2.6281,0,REST
3693,56.296875,0.3227,6.6246,-3.0078,2.6666,0,REST
3694,56.30078125,-6.0694,9.2747,-4.2779,0.9415,0,REST
3695,56.3046875,-6.4599,7.8487,-2.4075,1.534,0,REST
3696,56.30859375,-0.8268,5.2421,-5.0513,6.4367,0,REST
3697,56.3125,1.5778,2.1368,-6.7839,13.0063,0,REST
3698,56.31640625,2.3716,-3.1643,-8.1206,8.1695,0,REST
3699,56.3203125,5.5428,-2.7891,-6.8025,9.9333,0,REST
3700,56.32421875,2.6646,-2.0731,-4.7461,9.3519,0,REST
3701,56.328125,7.5106,-8.1555,0.419,7.3736,0,REST
3702,56.33203125,2.1695,-8.1203,-2.0661,4.7133,0,REST
3703,56.3359375,8.2047,-9.4605,-0.8774,1.7024,0,REST
3704,56.33984375,4.9427,-9.7238,1.9821,-0.6034,0,REST
3705,56.34375,5.6781,-7.2345,1.8138,-0.4452,0,REST
3706,56.34765625,2.1805,-7.0858,5.6358,-6.0992,0,REST
3707,56.3515625,4.6957,-6.6312,8.2722,-7.4766,0,REST
3708,56.35546875,3.876,-2.3449,6.136,-10.3434,0,REST
3709,56.359375,3.2367,-0.8792,11.0417,-9.3545,0,REST
3710,56.36328125,-2.2901,3.644,12.1217,-8.8795,0,REST
3711,56.3671875,-2.0977,4.8098,11.1806,-13.8015,0,REST
3712,56.37109375,-6.5445,3.9662,4.4801,-10.0575,0,REST
3713,56.375,-6.4684,5.2014,8.6967,-8.5907,0,REST
3714,56.37890625,-8.0948,4.0876,1.505,-6.2201,0,REST
3715,56.3828125,-8.2868,7.1231,2.7035,-1.0386,0,REST
3716,56.38671875,-9.9998,5.1357,2.0535,0.9781,0,REST
3717,56.390625,-8.5702,6.6041,-3.1232,3.6771,0,REST
3718,56.39453125,-9.5337,9.5108,-3.3802,8.2918,0,REST
3719,56.3984375,-4.7038,3.0269,-9.1357,7.8655,0,REST
3720,56.40234375,-5.7892,6.9081,-9.6074,10.6309,0,REST
3721,56.40625,1.6319,1.1412,-11.5236,9.4115,0,REST
3722,56.41015625,1.6171,-1.2797,-12.9784,10.9157,0,REST
3723,56.4140625,2.9074,-0.7739,-11.623,9.1164,0,REST
3724,56.41796875,8.4319,-5.1515,-9.5827,9.3564,0,REST
3725,56.421875,8.9599,-6.0758,-5.2006,10.2146,0,REST
3726,56.42578125,11.0994,-6.7804,-8.4295,3.0665,0,REST
3727,56.4296875,12.4333,-4.6538,-0.5071,2.7156,0,REST
3728,56.43359375,13.2205,-7.3281,2.1302,-2.3594,0,REST
3729,56.4375,11.6768,-4.0746,-0.4467,-7.1185,0,REST
3730,56.44140625,3.6364,-5.8025,9.5185,-9.6171,0,REST
3731,56.4453125,6.8143,-5.0571,8.544,-12.9338,0,REST
3732,56.44921875,5.8955,-2.3451,10.8096,-12.538,0,REST
3733,56.453125,0.6699,-4.9453,14.1695,-12.4145,0,REST
3734,56.45703125,-7.0996,-1.6272,14.2617,-10.2272,0,REST
3735,56.4609375,-5.714,-5.2487,12.352,-8.7616,0,REST
3736,56.46484375,-8.7437,0.4232,10.3158,-9.7336,0,REST
3737,56.46875,-9.1287,3.9902,11.4075,-3.0488,0,REST
3738,56.47265625,-14.1332,3.7491,5.3331,-2.5755,0,REST
3739,56.4765625,-13.5459,2.1889,4.5881,1.6356,0,REST
3740,56.48046875,-16.4346,2.203,3.9385,3.1004,0,REST
3741,56.484375,-5.9384,1.0107,-3.1466,9.6877,0,REST
3742,56.48828125,-11.0564,5.0295,-8.822,11.6271,0,REST
3743,56.4921875,-6.3168,3.4747,-8.4239,12.2283,0,REST
3744,56.49609375,-3.9663,5.2354,-7.5474,12.8098,0,REST
3745,56.5,-2.4922,0.6181,-12.9616,15.6971,0,REST
3746,56.50390625,2.8566,5.1074,-14.0987,10.0921,0,REST
3747,56.5078125,6.5468,-0.3346,-14.2311,10.0677,0,REST
3748,56.51171875,5.517,2.6441,-13.1494,8.9798,0,REST
3749,56.515625,10.5442,-2.9107,-10.6309,3.6229,0,REST
3750,56.51953125,11.8716,-2.0557,-7.6532,0.7805,0,REST
3751,56.5234375,13.4602,-3.5309,-8.7176,-1.5394,0,REST
3752,56.52734375,12.3086,1.0639,-1.4214,-4.8513,0,REST
3753,56.53125,12.5815,-3.4492,3.695,-10.0089,0,REST
3754,56.53515625,7.18,-5.3858,6.4794,-8.7177,0,REST
3755,56.5390625,1.9761,-2.9564,5.7808,-11.6436,0,REST
3756,56.54296875,3.0563,-2.5782,14.0644,-13.0092,0,REST
3757,56.546875,2.4508,-3.2804,11.8027,-8.0505,0,REST
3758,56.55078125,-1.4699,-1.4709,13.9329,-11.49,0,REST
3759,56.5546875,-8.8862,-7.0417,12.278,-5.882,0,REST
3760,56.55859375,-9.2102,-0.8701,10.005,-3.9388,0,REST
3761,56.5625,-13.3719,-4.3289,8.8364,-10.2473,0,REST
3762,56.56640625,-13.6149,-0.7763,4.9689,0.7895,0,REST
3763,56.5703125,-9.9161,3.2416,2.2027,3.8863,0,REST
3764,56.57421875,-10.8586,1.1716,3.5335,5.0527,0,REST
3765,56.578125,-10.7125,-0.1085,-3.987,11.6098,0,REST
3766,56.58203125,-6.9064,1.2578,-7.5909,5.0338,0,REST
3767,56.5859375,-4.7765,-1.4038,-5.3207,11.5408,0,REST
3768,56.58984375,-4.276,1.7303,-4.8578,8.8635,0,REST
3769,56.59375,1.2843,3.8504,-13.1119,10.2494,0,REST
3770,56.59765625,2.4646,2.124,-10.8601,12.8929,0,REST
3771,56.6015625,8.0645,3.782,-12.0894,5.9124,0,REST
3772,56.60546875,5.5375,7.5785,-13.2141,2.8473,0,REST
3773,56.609375,9.0906,2.1554,-8.6328,-3.9362,0,REST
3774,56.61328125,9.6403,5.2064,-4.6843,-0.6585,0,REST
3775,56.6171875,8.9541,3.5539,-1.7587,-7.0713,0,REST
3776,56.62109375,11.3401,4.2366,-2.1829,-3.7345,0,REST
3777,56.625,12.2604,1.0693,1.736,-5.7653,0,REST
3778,56.62890625,4.4754,1.31,-0.541,-6.5619,0,REST
3779,56.6328125,2.6697,-4.7145,5.9326,-5.8648,0,REST
3780,56.63671875,0.7716,-3.3424,5.8999,-8.4439,0,REST
3781,56.640625,0.0135,-4.1557,6.3729,-7.6837,0,REST
3782,56.64453125,-2.1859,-4.4449,8.9009,-7.5517,0,REST
3783,56.6484375,-2.0077,-2.9882,7.1218,-5.0553,0,REST
3784,56.65234375,-8.4559,-12.0774,6.5812,-0.6729,0,REST
3785,56.65625,-6.2505,-6.0752,9.663,2.1514,0,REST
3786,56.66015625,-5.8834,-6.5383,3.9378,4.0668,0,REST
3787,56.6640625,-6.2761,-3.5384,3.5319,3.2314,0,REST
3788,56.66796875,-6.9983,-3.3191,2.3605,7.7464,0,REST
3789,56.671875,-7.8473,-2.9756,0.8356,6.509,0,REST
3790,56.67578125,-7.789,1.8669,0.1606,8.5596,0,REST
3791,56.6796875,-3.2032,2.0209,-0.4692,1.6452,0,REST
3792,56.68359375,-0.5281,6.5164,-0.7196,4.6236,0,REST
3793,56.6875,-5.1766,2.6353,-6.6742,2.7738,0,REST
3794,56.69140625,-3.1559,7.9514,-2.5992,6.1824,0,REST
3795,56.6953125,-3.7131,6.7471,-6.4953,1.7179,0,REST
3796,56.69921875,4.9682,5.6425,-3.689,2.6037,0,REST
3797,56.703125,4.3779,10.3205,-6.35,-0.4198,0,REST
3798,56.70703125,3.3105,8.0877,-4.0423,-1.9333,0,REST
3799,56.7109375,4.3197,5.1692,-2.5218,-2.8857,0,REST
3800,56.71484375,7.1759,6.512,0.2881,-1.396,0,REST
3801,56.71875,4.4562,4.2591,-0.132,-1.2367,0,REST
3802,56.72265625,3.9708,0.4473,-0.2697,-2.7331,0,REST
3803,56.7265625,2.2383,0.759,0.8875,-3.2946,0,REST
3804,56.73046875,3.4356,-2.3928,0.1538,-4.0811,0,REST
3805,56.734375,3.3477,-9.1333,-1.3362,-1.4673,0,REST
3806,56.73828125,-0.7452,-5.493,1.0091,-3.5078,0,REST
3807,56.7421875,2.063,-8.8559,-0.2325,-3.7857,0,REST
3808,56.74609375,-2.5338,-6.7323,2.6852,-5.3739,0,REST
3809,56.75,-0.3936,-10.6847,1.3656,-3.2533,0,REST
3810,56.75390625,-0.6294,-10.439,5.0151,-0.6699,0,REST
3811,56.7578125,-1.3899,-7.0469,4.7257,-2.6441,0,REST
3812,56.76171875,0.6245,-4.1844,3.6733,-2.1747,0,REST
3813,56.765625,-2.6838,-4.9672,1.9573,-0.8881,0,REST
3814,56.76953125,-2.9953,-1.8188,2.5269,1.006,0,REST
3815,56.7734375,-2.4632,1.7672,5.7194,4.8294,0,REST
3816,56.77734375,-3.1378,2.1635,6.2142,1.076,0,REST
3817,56.78125,-0.6977,5.3334,2.6911,2.7903,0,REST
3818,56.78515625,-3.857,6.3694,3.1488,3.0372,0,REST
3819,56.7890625,-5.2508,8.0244,3.4675,5.1636,0,REST
3820,56.79296875,-2.1949,12.2958,2.8645,1.8467,0,REST
3821,56.796875,-0.9803,11.6197,-3.7316,1.2232,0,REST
3822,56.80078125,-2.7764,11.6884,-3.336,4.1002,0,REST
3823,56.8046875,-1.6353,7.9502,-5.1698,6.4071,0,REST
3824,56.80859375,-2.3787,6.3359,-4.3921,5.4219,0,REST
3825,56.8125,1.3959,3.7318,-5.1929,1.9013,0,REST
3826,56.81640625,0.0775,3.6243,-4.2792,0.2062,0,REST
3827,56.8203125,3.5523,-0.2174,-5.2762,1.0453,0,REST
3828,56.82421875,5.4474,1.5198,-3.841,-1.158,0,REST
3829,56.828125,7.8775,-8.7751,-8.9743,-2.9355,0,REST
3830,56.83203125,4.0818,-9.0964,-5.8172,-6.4828,0,REST
3831,56.8359375,5.4431,-7.6052,-1.1669,-1.5914,0,REST
3832,56.83984375,7.2033,-14.1883,-8.3487,-6.8517,0,REST
3833,56.84375,9.0383,-9.4696,-0.309,-8.045,0,REST
3834,56.84765625,7.0054,-10.3087,-0.4366,-7.734,0,REST
3835,56.8515625,2.9132,-12.4127,3.8082,-7.9482,0,REST
3836,56.85546875,3.87,-5.9551,5.3704,-1.8847,0,REST
3837,56.859375,0.6815,-5.3125,6.7681,-2.3967,0,REST
3838,56.86328125,-1.6016,-1.1654,6.8895,-1.4977,0,REST
3839,56.8671875,-0.9917,4.2575,5.2586,0.6355,0,REST
3840,56.87109375,-6.1001,6.4532,6.3413,4.7726,0,REST
3841,56.875,-11.3097,7.7429,8.6076,5.399,0,REST
3842,56.87890625,-9.954,8.9914,10.4675,4.2432,0,REST
3843,56.8828125,-7.1542,15.6222,8.7429,4.3092,0,REST
3844,56.88671875,-13.4101,13.621,5.6584,4.7511,0,REST
3845,56.890625,-5.0087,10.0717,2.2142,10.5473,0,REST
3846,56.89453125,-7.879,13.3603,2.3506,10.2631,0,REST
3847,56.8984375,-5.287,11.3399,-4.1412,8.0055,0,REST
3848,56.90234375,-2.9358,9.3191,-7.8328,10.0655,0,REST
3849,56.90625,0.7905,0.5378,-6.2596,2.0956,0,REST
3850,56.91015625,3.187,4.4621,-12.5785,2.8963,0,REST
3851,56.9140625,4.2298,1.255,-11.0986,-2.2186,0,REST
3852,56.91796875,9.2188,-6.4224,-9.6742,-0.7104,0,REST
3853,56.921875,11.5605,-4.3351,-8.5224,-6.5918,0,REST
3854,56.92578125,11.2928,-9.9758,-11.1304,-7.5337,0,REST
3855,56.9296875,14.1024,-14.7543,-7.5913,-6.1301,0,REST
3856,56.93359375,16.141,-9.9597,-9.3199,-8.9922,0,REST
3857,56.9375,13.997,-14.7216,-3.3471,-12.4107,0,REST
3858,56.94140625,9.3388,-13.0863,2.5884,-9.1733,0,REST
3859,56.9453125,3.7026,-11.5428,4.9046,-13.4004,0,REST
3860,56.94921875,3.2612,-6.7389,3.3413,-5.7852,0,REST
3861,56.953125,-1.2986,-2.5024,9.9703,-6.7761,0,REST
3862,56.95703125,-4.4374,-1.3537,9.9735,-4.4227,0,REST
3863,56.9609375,-4.3049,2.2825,13.3648,0.1659,0,REST
3864,56.96484375,-8.3078,5.2532,12.0677,1.9891,0,REST
3865,56.96875,-8.9062,7.4474,11.1967,8.3903,0,REST
3866,56.97265625,-13.5018,10.1677,13.1272,7.6078,0,REST
3867,56.9765625,-13.1581,9.9627,9.5102,9.3923,0,REST
3868,56.98046875,-12.4162,12.4759,5.8496,11.3087,0,REST
3869,56.984375,-10.2753,10.5845,8.0961,8.8238,0,REST
3870,56.98828125,-10.95,10.4381,0.6432,9.0475,0,REST
3871,56.9921875,-6.701,10.2071,-3.4949,11.0214,0,REST
3872,56.99609375,-4.6253,6.7759,1.06,0.7779,0,REST
3873,57.0,2.4743,1.2431,-6.7214,4.7282,0,REST
3874,57.00390625,4.6619,2.7823,-9.2751,1.7106,0,REST
3875,57.0078125,6.2108,-4.6133,-11.7477,-3.6004,0,REST
3876,57.01171875,9.1557,-4.8276,-9.6878,-4.3107,0,REST
3877,57.015625,13.4301,-5.5028,-10.9512,-7.7227,0,REST
3878,57.01953125,13.0733,-9.9012,-10.1134,-10.4565,0,REST
3879,57.0234375,14.6128,-9.2072,-7.9284,-12.5706,0,REST
3880,57.02734375,15.046,-10.5096,-9.5653,-10.3108,0,REST
3881,57.03125,11.5677,-10.629,-3.1882,-14.0474,0,REST
3882,57.03515625,8.9675,-9.5065,-4.4451,-10.5691,0,REST
3883,57.0390625,7.0018,-9.4955,1.6648,-10.48,0,REST
3884,57.04296875,3.2323,-5.018,2.1216,-7.6697,0,REST
3885,57.046875,0.4159,-4.6998,8.4633,-1.0962,0,REST
3886,57.05078125,-4.3981,-3.6627,10.3025,-1.565,0,REST
3887,57.0546875,-4.9909,4.8177,15.3205,7.0445,0,REST
3888,57.05859375,-7.2746,-1.6962,11.4694,10.8983,0,REST
3889,57.0625,-12.2845,5.7093,11.5204,12.4415,0,REST
3890,57.06640625,-11.0524,8.0328,10.6342,13.1294,0,REST
3891,57.0703125,-13.2301,11.3853,8.573,13.5138,0,REST
3892,57.07421875,-11.8836,13.4147,6.7167,11.5126,0,REST
3893,57.078125,-11.1507,9.9388,5.0322,7.5159,0,REST
3894,57.08203125,-9.1504,7.8368,1.4361,5.2184,0,REST
3895,57.0859375,-4.9299,6.9931,0.9525,7.3702,0,REST
3896,57.08984375,-1.2015,9.4252,-3.9095,7.3539,0,REST
3897,57.09375,-1.488,0.0104,-1.1501,0.4258,1,PREPARE
3898,57.09765625,-1.2908,4.0249,-2.7687,-5.4809,1,PREPARE
3899,57.1015625,2.9846,-1.8844,-2.3759,-3.0897,1,PREPARE
3900,57.10546875,-0.3238,0.6787,-2.7533,-3.9774,1,PREPARE
3901,57.109375,4.3427,1.5336,-3.1454,0.0375,1,PREPARE
3902,57.11328125,2.9896,3.1041,-7.6424,-3.0096,1,PREPARE
3903,57.1171875,2.6818,-2.9171,-5.9299,-3.1772,1,PREPARE
3904,57.12109375,3.8518,-9.2697,-4.222,-5.0913,1,PREPARE
3905,57.125,3.7037,-1.5933,-4.3708,-3.0954,1,PREPARE
3906,57.12890625,9.1352,-6.397,-4.3158,-5.3674,1,PREPARE
3907,57.1328125,5.6689,-7.2175,-1.9931,-4.1227,1,PREPARE
3908,57.13671875,4.3149,-9.4072,-2.3899,-4.7428,1,PREPARE
3909,57.140625,1.0313,-3.2339,2.7615,0.1325,1,PREPARE
3910,57.14453125,2.3334,-3.5181,4.6141,-0.6847,1,PREPARE
3911,57.1484375,-1.2053,-0.2454,3.0817,2.1428,1,PREPARE
3912,57.15234375,2.1561,-5.15,5.0933,0.1818,1,PREPARE
3913,57.15625,1.4206,-0.0648,4.3403,4.5243,1,PREPARE
3914,57.16015625,-1.5667,-0.5463,2.4087,2.7917,1,PREPARE
3915,57.1640625,-0.3311,1.2904,1.862,6.6946,1,PREPARE
3916,57.16796875,-3.3291,4.8941,3.3304,4.4231,1,PREPARE
3917,57.171875,-5.0111,4.7886,0.5795,-0.248,1,PREPARE
3918,57.17578125,-4.0994,5.2609,2.52,3.402,1,PREPARE
3919,57.1796875,-3.186,5.1122,0.4585,5.9122,1,PREPARE
3920,57.18359375,-4.0699,5.9186,1.0155,0.2491,1,PREPARE
3921,57.1875,-2.3351,2.4553,1.8197,1.3073,1,PREPARE
3922,57.19140625,-0.8999,1.9615,3.3799,-2.4018,1,PREPARE
3923,57.1953125,-3.3543,3.2089,-4.0693,-4.9412,1,PREPARE
3924,57.19921875,-0.7734,0.3092,-0.0612,-2.267,1,PREPARE
3925,57.203125,-0.7604,0.1984,-4.9925,-1.1573,1,PREPARE
3926,57.20703125,5.8054,-1.9883,-1.1923,-4.5692,1,PREPARE
3927,57.2109375,2.5058,-0.9395,-4.2733,-4.6213,1,PREPARE
3928,57.21484375,1.8248,-3.7152,-6.1197,-4.8861,1,PREPARE
3929,57.21875,3.5771,-3.5007,-4.2491,-4.6974,1,PREPARE
3930,57.22265625,2.3176,-3.1024,-6.5029,-3.465,1,PREPARE
3931,57.2265625,6.1153,-5.3095,-3.7951,1.1219,1,PREPARE
3932,57.23046875,3.8561,-2.9457,-5.2546,-3.7429,1,PREPARE
3933,57.234375,4.9712,-4.405,-0.0466,-2.6976,1,PREPARE
3934,57.23828125,1.3635,-3.6892,-3.6974,-2.7035,1,PREPARE
3935,57.2421875,0.1951,-3.0915,-4.8508,3.7865,1,PREPARE
3936,57.24609375,2.607,-2.3802,-2.3925,3.9783,1,PREPARE
3937,57.25,-0.1136,-8.8106,4.3984,3.8907,1,PREPARE
3938,57.25390625,2.9436,-1.5903,0.1282,3.5564,1,PREPARE
3939,57.2578125,-0.6733,-2.9747,1.5967,6.3167,1,PREPARE
3940,57.26171875,-2.8081,-1.6097,7.3701,4.5651,1,PREPARE
3941,57.265625,-3.707,5.4551,0.3234,6.5767,1,PREPARE
3942,57.26953125,-9.1082,4.4591,3.9378,3.355,1,PREPARE
3943,57.2734375,-8.8171,7.4884,5.382,6.0405,1,PREPARE
3944,57.27734375,-9.3074,5.0823,2.2471,2.987,1,PREPARE
3945,57.28125,-3.6784,2.8145,3.0149,0.2025,1,PREPARE
3946,57.28515625,-3.0683,3.7538,3.2337,-1.6917,1,PREPARE
3947,57.2890625,-0.2321,6.3766,2.1474,1.5462,1,PREPARE
3948,57.29296875,-4.4312,1.5409,0.436,-6.735,1,PREPARE
3949,57.296875,0.7157,1.167,-2.9761,-6.1344,1,PREPARE
3950,57.30078125,1.0856,3.2014,-0.7758,-5.318,1,PREPARE
3951,57.3046875,1.0064,-2.6819,-3.195,-5.1418,1,PREPARE
3952,57.30859375,2.8702,-0.8176,-3.1924,-5.2041,1,PREPARE
3953,57.3125,7.4815,-2.0137,-7.1677,-6.314,1,PREPARE
3954,57.31640625,3.2347,-3.9766,-6.3792,-8.0257,1,PREPARE
3955,57.3203125,4.542,-6.0086,-3.8103,-2.2035,1,PREPARE
3956,57.32421875,6.3459,-4.3055,-5.6503,-1.7402,1,PREPARE
3957,57.328125,3.0713,-3.7871,-5.6806,0.3045,1,PREPARE
3958,57.33203125,8.3571,-5.9324,-3.1003,-1.9595,1,PREPARE
3959,57.3359375,2.1741,-2.2337,-1.8285,3.2892,1,PREPARE
3960,57.33984375,5.2442,-4.1618,-1.9789,4.5432,1,PREPARE
3961,57.34375,3.1759,-2.5819,-2.3606,3.138,1,PREPARE
3962,57.34765625,2.0497,-1.0253,1.004,3.183,1,PREPARE
3963,57.3515625,-0.8381,0.9614,2.5238,3.9179,1,PREPARE
3964,57.35546875,-2.2092,2.4273,3.244,4.3471,1,PREPARE
3965,57.359375,-6.5952,2.941,8.8105,6.2636,1,PREPARE
3966,57.36328125,-1.806,2.0903,3.9492,5.1094,1,PREPARE
3967,57.3671875,-4.9666,6.2941,10.1294,3.8329,1,PREPARE
3968,57.37109375,-2.4273,3.978,6.8062,5.6545,1,PREPARE
3969,57.375,-7.346,6.0818,5.5465,-1.6204,1,PREPARE
3970,57.37890625,-2.3478,4.3984,6.9371,1.6672,1,PREPARE
3971,57.3828125,-2.9486,4.7473,6.2496,-1.7893,1,PREPARE
3972,57.38671875,-3.9109,4.4779,2.9379,-1.1612,1,PREPARE
3973,57.390625,0.6016,3.1632,1.4612,-0.3832,1,PREPARE
3974,57.39453125,-3.1414,5.8713,-0.0102,-1.5633,1,PREPARE
3975,57.3984375,1.4072,-0.224,0.2458,-5.51,1,PREPARE
3976,57.40234375,-3.1091,1.071,-0.7465,-8.3135,1,PREPARE
3977,57.40625,2.2008,-2.1669,0.1034,-7.3465,1,PREPARE
3978,57.41015625,4.3917,-3.8917,-6.6481,-3.2889,1,PREPARE
3979,57.4140625,2.8323,-4.1307,0.996,-5.8497,1,PREPARE
3980,57.41796875,5.4542,0.1505,-5.099,-2.4667,1,PREPARE
3981,57.421875,4.4121,-6.8249,-3.5453,-1.1595,1,PREPARE
3982,57.42578125,6.1878,-6.038,-3.2616,-1.8363,1,PREPARE
3983,57.4296875,6.4252,-9.1261,-4.5388,-0.3436,1,PREPARE
3984,57.43359375,7.831,-3.3856,-4.8454,2.8225,1,PREPARE
3985,57.4375,4.5673,-6.478,-3.7595,0.1143,1,PREPARE
3986,57.44140625,7.9679,-1.9767,-4.0225,3.9931,1,PREPARE
3987,57.4453125,2.2886,1.8675,1.4751,2.3249,1,PREPARE
3988,57.44921875,-0.2252,0.5307,-0.1291,2.2768,1,PREPARE
3989,57.453125,-0.8024,-4.5775,1.4284,5.7114,1,PREPARE
3990,57.45703125,-2.742,1.7882,2.6665,1.5105,1,PREPARE
3991,57.4609375,-2.0627,0.8184,4.5833,4.4688,1,PREPARE
3992,57.46484375,-3.0672,4.1364,4.4839,5.9369,1,PREPARE
3993,57.46875,-4.1161,3.7364,4.7329,1.835,1,PREPARE
3994,57.47265625,-2.6491,4.1961,6.9211,1.1061,1,PREPARE
3995,57.4765625,-6.3487,7.8132,5.0623,-0.7596,1,PREPARE
3996,57.48046875,-2.0501,7.5409,2.6853,-1.5008,1,PREPARE
3997,57.484375,-4.5312,8.0124,6.32,-4.157,1,PREPARE
3998,57.48828125,-2.2304,5.3688,4.8627,-1.9227,1,PREPARE
3999,57.4921875,-1.4914,6.5639,1.465,-3.1198,1,PREPARE
4000,57.49609375,-0.4033,2.4463,1.7302,-8.8818,1,PREPARE
4001,57.5,-3.9002,1.2031,-0.8886,-6.993,1,PREPARE
4002,57.50390625,-0.7569,-1.4144,-1.6406,-7.0715,1,PREPARE
4003,57.5078125,1.4977,-0.8391,-0.2595,-6.1609,1,PREPARE
4004,57.51171875,2.3503,0.5331,0.6648,-3.9027,1,PREPARE
4005,57.515625,2.4743,-1.2762,-1.6444,-4.057,1,PREPARE
4006,57.51953125,5.884,-5.5336,-3.2066,-2.2366,1,PREPARE
4007,57.5234375,6.6513,-9.251,-3.5233,-0.2931,1,PREPARE
4008,57.52734375,2.1079,-5.1074,-4.6804,-0.2854,1,PREPARE
4009,57.53125,4.6016,-3.5739,-3.0966,2.2699,1,PREPARE
4010,57.53515625,2.8859,-2.6976,-7.3578,6.5597,1,PREPARE
4011,57.5390625,3.604,-5.1639,-1.024,5.3423,1,PREPARE
4012,57.54296875,0.6002,-2.8206,-2.3843,6.4536,1,PREPARE
4013,57.546875,1.8615,-2.7933,-0.6227,3.8162,1,PREPARE
4014,57.55078125,-1.372,-0.2147,-2.5669,3.8358,1,PREPARE
4015,57.5546875,-5.4292,2.9856,-1.3317,2.1582,1,PREPARE
4016,57.55859375,-1.7976,5.0179,0.8802,4.6094,1,PREPARE
4017,57.5625,-2.3902,2.6791,4.7385,1.2345,1,PREPARE
4018,57.56640625,-0.2249,5.4008,2.3918,-0.8175,1,PREPARE
4019,57.5703125,-1.9537,3.8143,8.3288,-1.1668,1,PREPARE
4020,57.57421875,-1.8229,2.8866,4.782,-2.599,1,PREPARE
4021,57.578125,-4.8736,4.1067,6.4874,-3.4667,1,PREPARE
4022,57.58203125,-5.7896,4.5344,4.6297,-4.5669,1,PREPARE
4023,57.5859375,-4.6317,2.4574,5.0182,-3.4969,1,PREPARE
4024,57.58984375,-1.7627,0.5634,2.9448,-6.8442,1,PREPARE
4025,57.59375,0.7187,2.8753,-0.529,-2.4305,1,PREPARE
4026,57.59765625,-3.9543,-0.9204,0.0081,-1.4349,1,PREPARE
4027,57.6015625,1.831,-4.6027,1.0799,-4.7173,1,PREPARE
4028,57.60546875,1.554,-2.3986,-1.6172,-0.4132,1,PREPARE
4029,57.609375,2.6707,-3.3629,-3.4067,0.3697,1,PREPARE
4030,57.61328125,6.176,-5.2813,-5.5151,-3.221,1,PREPARE
4031,57.6171875,7.3091,-4.7377,-1.2067,2.5378,1,PREPARE
4032,57.62109375,6.0988,-4.2297,-0.7075,-0.2233,1,PREPARE
4033,57.625,4.0146,-0.6665,-4.1402,5.7067,1,PREPARE
4034,57.62890625,5.3178,-3.7978,-5.0752,2.5349,1,PREPARE
4035,57.6328125,6.5232,-1.5252,-2.3433,3.1318,1,PREPARE
4036,57.63671875,3.5491,-2.9893,-1.7536,8.7764,1,PREPARE
4037,57.640625,1.6096,-0.6517,-3.6554,4.6222,1,PREPARE
4038,57.64453125,2.1377,-3.1075,-2.6979,5.2885,1,PREPARE
4039,57.6484375,1.6311,2.9265,-4.8624,4.9807,1,PREPARE
4040,57.65234375,1.216,4.0555,-0.2857,3.1487,1,PREPARE
4041,57.65625,-0.5819,4.1015,3.7949,4.3912,1,PREPARE
4042,57.66015625,1.923,2.1151,1.7541,1.9865,1,PREPARE
4043,57.6640625,-2.3141,6.3776,2.1495,2.1281,1,PREPARE
4044,57.66796875,-1.8802,3.6039,3.8766,-2.681,1,PREPARE
4045,57.671875,-6.2221,5.1422,3.3924,-0.7365,1,PREPARE
4046,57.67578125,-7.0464,2.9529,4.2328,-0.0974,1,PREPARE
4047,57.6796875,-5.4963,4.2628,4.8455,-5.9734,1,PREPARE
4048,57.68359375,-4.8127,3.0006,2.307,-4.0335,1,PREPARE
4049,57.6875,-0.6276,2.5294,4.9813,-5.7281,1,PREPARE
4050,57.69140625,-1.4081,1.3402,4.3835,-5.2463,1,PREPARE
4051,57.6953125,-2.7758,3.1624,3.4112,-2.5862,1,PREPARE
4052,57.69921875,2.7129,0.4353,2.509,-4.0289,1,PREPARE
4053,57.703125,-3.5022,-0.1249,3.931,-2.469,1,PREPARE
4054,57.70703125,1.0026,-2.5232,-2.016,-3.629,1,PREPARE
4055,57.7109375,1.224,-4.1332,-3.5322,-1.4498,1,PREPARE
4056,57.71484375,5.0216,-9.9093,0.6935,-0.0224,1,PREPARE
4057,57.71875,5.3221,-6.4739,-4.9598,1.2307,1,PREPARE
4058,57.72265625,3.2518,-5.2144,-3.7248,2.0236,1,PREPARE
4059,57.7265625,6.6477,-3.304,-5.128,3.3786,1,PREPARE
4060,57.73046875,7.1167,-3.5387,-6.2295,4.1131,1,PREPARE
4061,57.734375,5.2548,-1.7179,-5.4365,8.8648,1,PREPARE
4062,57.73828125,0.6771,-3.35,-2.5294,9.1655,1,PREPARE
4063,57.7421875,-2.2377,-1.1192,-3.7963,3.6006,1,PREPARE
4064,57.74609375,0.6426,1.5692,-5.3498,7.1683,1,PREPARE
4065,57.75,-1.2099,2.1649,-2.9654,5.7298,1,PREPARE
4066,57.75390625,-3.1664,3.1504,1.8392,5.8511,1,PREPARE
4067,57.7578125,-7.8334,4.9923,-0.341,2.088,1,PREPARE
4068,57.76171875,-5.2752,5.8572,0.4189,-1.3832,1,PREPARE
4069,57.765625,-3.3836,1.6436,2.4622,-0.7334,1,PREPARE
4070,57.76953125,-6.5341,3.0143,4.4214,-4.5245,1,PREPARE
4071,57.7734375,-4.9376,3.7181,1.4749,-2.2001,1,PREPARE
4072,57.77734375,-8.9938,3.1125,5.0475,-3.0969,1,PREPARE
4073,57.78125,-4.0475,2.1454,6.6524,-5.1109,1,PREPARE
4074,57.78515625,-0.4519,-1.9556,4.7563,-7.1379,1,PREPARE
4075,57.7890625,-2.101,2.6212,3.9941,-5.5006,1,PREPARE
4076,57.79296875,0.7287,1.1184,2.1439,-5.8344,1,PREPARE
4077,57.796875,0.7976,-1.7258,1.5945,-3.3701,1,PREPARE
4078,57.80078125,2.9745,-1.8314,1.6852,-3.1913,1,PREPARE
4079,57.8046875,-0.453,-4.3312,3.8485,-1.9231,1,PREPARE
4080,57.80859375,4.1234,-5.6529,-1.9314,0.7496,1,PREPARE
4081,57.8125,7.3176,-3.8624,-3.1239,3.3353,1,PREPARE
4082,57.81640625,3.8363,-1.72,-4.1402,2.0128,1,PREPARE
4083,57.8203125,3.0828,-7.9668,-4.015,3.1078,1,PREPARE
4084,57.82421875,5.0967,-4.9519,-5.0604,4.1349,1,PREPARE
4085,57.828125,3.5769,-5.1479,-5.6506,8.3957,1,PREPARE
4086,57.83203125,3.903,-4.556,-7.3687,6.2281,1,PREPARE
4087,57.8359375,-0.2871,-2.6689,-7.5633,4.5561,1,PREPARE
4088,57.83984375,2.6087,1.7263,-4.2896,4.5211,1,PREPARE
4089,57.84375,4.0487,-1.7859,-4.5969,2.6097,1,PREPARE
4090,57.84765625,-0.5973,2.6325,-0.6102,0.4039,1,PREPARE
4091,57.8515625,-0.3453,2.5122,-2.4724,-2.7242,1,PREPARE
4092,57.85546875,-2.9934,5.7232,-3.4023,-2.8301,1,PREPARE
4093,57.859375,-3.4392,5.858,-0.0388,5.3662,1,PREPARE
4094,57.86328125,-2.1424,6.0094,3.5364,-3.2748,1,PREPARE
4095,57.8671875,-3.4436,5.8068,6.3499,-1.0813,1,PREPARE
4096,57.87109375,-4.0442,8.6404,0.3251,-2.4216,1,PREPARE
4097,57.875,-3.8004,1.3247,5.5539,-4.1505,1,PREPARE
4098,57.87890625,-5.3405,2.8776,5.3464,-5.0706,1,PREPARE
4099,57.8828125,-6.1668,2.5798,7.3058,-4.9272,1,PREPARE
4100,57.88671875,0.6218,0.5091,4.9684,-3.1738,1,PREPARE
4101,57.890625,-3.8043,1.1168,0.995,-3.58,1,PREPARE
4102,57.89453125,-1.7164,-2.3471,3.651,-6.8735,1,PREPARE
4103,57.8984375,-2.5057,-2.7036,7.8656,1.076,1,PREPARE
4104,57.90234375,0.5054,-5.0815,0.5018,1.6484,1,PREPARE
4105,57.90625,3.3456,-2.084,-2.9971,3.3142,1,PREPARE
4106,57.91015625,-0.8795,-1.258,-0.114,3.5908,1,PREPARE
4107,57.9140625,1.1832,-7.4519,0.3328,4.4102,1,PREPARE
4108,57.91796875,6.2162,-4.9856,-6.5315,4.6733,1,PREPARE
4109,57.921875,5.441,-0.8366,-5.4408,6.7675,1,PREPARE
4110,57.92578125,2.6146,-1.9663,-4.8514,3.6495,1,PREPARE
4111,57.9296875,4.973,0.0652,-6.2273,3.9455,1,PREPARE
4112,57.93359375,2.2578,-4.1211,-7.1721,1.6786,1,PREPARE
4113,57.9375,4.2164,-1.9972,-3.9316,3.1136,1,PREPARE
4114,57.94140625,5.9235,2.9792,-4.6435,1.6835,1,PREPARE
4115,57.9453125,0.3058,1.3167,-0.2337,1.096,1,PREPARE
4116,57.94921875,1.6846,-0.4365,0.9317,-0.2627,1,PREPARE
4117,57.953125,-3.0176,4.418,2.2382,-4.9679,1,PREPARE
4118,57.95703125,1.9882,4.703,-1.9695,1.8333,1,PREPARE
4119,57.9609375,-1.6705,6.6984,-0.9093,-3.2094,1,PREPARE
4120,57.96484375,-2.5497,6.9296,0.2852,-5.4975,1,PREPARE
4121,57.96875,-7.7371,2.8791,2.3458,-3.6226,1,PREPARE
4122,57.97265625,-6.4927,3.8316,4.5043,-6.5984,1,PREPARE
4123,57.9765625,-5.5195,6.1569,5.15,-4.6185,1,PREPARE
4124,57.98046875,-6.6936,1.231,8.8361,-5.2025,1,PREPARE
4125,57.984375,-5.2464,-2.5191,7.2054,0.1471,1,PREPARE
4126,57.98828125,-4.0968,-1.4554,5.5098,-3.2577,1,PREPARE
4127,57.9921875,-3.0008,0.7512,1.6469,-3.9543,1,PREPARE
4128,57.99609375,-1.6058,-4.7168,4.185,-1.2156,1,PREPARE
4129,58.0,0.5846,-5.3455,3.8079,-0.0871,1,PREPARE
4130,58.00390625,1.2848,-2.3304,3.9646,1.019,1,PREPARE
4131,58.0078125,3.4086,-3.0156,-0.5752,0.6284,1,PREPARE
4132,58.01171875,-1.2235,-4.1557,-0.5011,4.7404,1,PREPARE
4133,58.015625,2.9258,-6.3107,-1.2338,4.4875,1,PREPARE
4134,58.01953125,1.8908,-4.3375,-2.1746,2.1999,1,PREPARE
4135,58.0234375,8.3343,-2.3587,-7.5174,8.0072,1,PREPARE
4136,58.02734375,5.0538,-6.5468,-3.2796,6.4995,1,PREPARE
4137,58.03125,4.1675,-0.8954,-4.4793,3.0396,1,PREPARE
4138,58.03515625,1.3453,-4.1725,-5.7518,0.8708,1,PREPARE
4139,58.0390625,1.7006,-3.2478,-2.6978,4.0309,1,PREPARE
4140,58.04296875,2.8737,1.4463,-4.0832,0.7877,1,PREPARE
4141,58.046875,1.1525,1.5074,-3.5607,-0.1275,1,PREPARE
4142,58.05078125,0.0166,-0.138,-3.2174,-0.932,1,PREPARE
4143,58.0546875,-2.9677,3.5655,-3.9735,1.4363,1,PREPARE
4144,58.05859375,-5.417,4.1854,-0.662,-4.826,1,PREPARE
4145,58.0625,-1.7977,3.8279,0.142,-8.229,1,PREPARE
4146,58.06640625,-5.7967,7.9159,1.196,-5.6114,1,PREPARE
4147,58.0703125,-5.2742,4.3741,-0.2408,-5.2435,1,PREPARE
4148,58.07421875,-7.572,4.2264,6.7518,-3.2084,1,PREPARE
4149,58.078125,-2.9503,3.936,2.8027,-5.55,1,PREPARE
4150,58.08203125,-5.4732,3.0966,1.8295,-2.1158,1,PREPARE
4151,58.0859375,-3.6797,1.3045,1.3187,-1.6817,1,PREPARE
4152,58.08984375,-2.2559,-0.439,6.0612,-1.8526,1,PREPARE
4153,58.09375,-4.814,0.6696,4.9095,-0.0204,1,PREPARE
4154,58.09765625,-0.4818,-1.6361,1.0596,-0.9329,1,PREPARE
4155,58.1015625,-2.5178,-2.019,4.5156,1.9764,1,PREPARE
4156,58.10546875,0.6305,-5.5286,1.6935,-1.014,1,PREPARE
4157,58.109375,3.6283,-4.7465,1.4939,4.4313,1,PREPARE
4158,58.11328125,1.6741,-4.9088,-0.931,6.8853,1,PREPARE
4159,58.1171875,2.6914,-8.4536,-0.105,4.5577,1,PREPARE
4160,58.12109375,8.283,-3.3047,-1.7094,7.0519,1,PREPARE
4161,58.125,3.6217,-4.6302,-2.4546,2.5199,1,PREPARE
4162,58.12890625,4.5479,-3.0095,-4.1728,8.3958,1,PREPARE
4163,58.1328125,4.157,-3.5468,-1.38,7.8326,1,PREPARE
4164,58.13671875,6.9774,0.869,-8.0967,3.5381,1,PREPARE
4165,58.140625,4.8288,2.1103,-0.3352,1.0536,1,PREPARE
4166,58.14453125,3.2147,1.209,-2.4751,-0.5303,1,PREPARE
4167,58.1484375,-1.3714,4.508,-4.3717,-4.6596,1,PREPARE
4168,58.15234375,0.6918,5.3717,-8.0533,0.8023,1,PREPARE
4169,58.15625,-1.6166,3.0662,1.0667,-3.4587,1,PREPARE
4170,58.16015625,-5.7001,5.5097,0.9279,-3.5828,1,PREPARE
4171,58.1640625,1.1267,5.772,-3.8693,-3.0031,1,PREPARE
4172,58.16796875,-5.5517,4.8826,2.5182,-4.7459,1,PREPARE
4173,58.171875,-6.258,5.3409,2.7481,-4.4971,1,PREPARE
4174,58.17578125,-6.3072,3.5578,2.1326,-2.7878,1,PREPARE
4175,58.1796875,-5.9025,3.9767,2.4105,-4.7946,1,PREPARE
4176,58.18359375,-1.2069,4.6587,4.6494,-2.6332,1,PREPARE
4177,58.1875,-1.834,1.4833,6.668,-3.841,1,PREPARE
4178,58.19140625,-4.2127,-1.5647,4.0871,1.8728,1,PREPARE
4179,58.1953125,0.4792,-3.8101,6.9981,-2.0002,1,PREPARE
4180,58.19921875,-2.0874,-2.6488,4.1346,1.0553,1,PREPARE
4181,58.203125,0.9161,-4.2943,4.892,2.0175,1,PREPARE
4182,58.20703125,3.222,-6.1706,2.1955,2.2191,1,PREPARE
4183,58.2109375,4.0289,-2.6408,2.4963,6.9956,1,PREPARE
4184,58.21484375,-3.9474,-6.6248,3.9246,5.4633,1,PREPARE
4185,58.21875,6.3482,-5.6858,-4.7719,4.2952,1,PREPARE
4186,58.22265625,2.4755,-3.8111,-1.3581,5.9228,1,PREPARE
4187,58.2265625,2.4956,-3.2339,-2.2144,3.3676,1,PREPARE
4188,58.23046875,4.2402,-4.4068,-5.1258,3.322,1,PREPARE
4189,58.234375,4.41,-4.4655,-6.6851,-0.1866,1,PREPARE
4190,58.23828125,3.1024,-0.2068,-7.4778,0.6688,1,PREPARE
4191,58.2421875,3.4414,1.8076,-4.5341,-1.7581,1,PREPARE
4192,58.24609375,1.7448,4.8285,-2.0033,-5.4022,1,PREPARE
4193,58.25,-1.7469,4.8183,-7.1085,-3.2697,1,PREPARE
4194,58.25390625,-0.9556,2.0824,-0.8859,-2.0396,1,PREPARE
4195,58.2578125,2.1217,6.1164,0.9358,-4.5878,1,PREPARE
4196,58.26171875,-4.591,5.8464,-2.1671,-8.3141,1,PREPARE
4197,58.265625,-5.4584,5.0421,-1.8827,-4.5853,1,PREPARE
4198,58.26953125,-4.1649,2.5957,0.2421,-1.098,1,PREPARE
4199,58.2734375,-3.7639,5.4555,4.1484,-3.5083,1,PREPARE
4200,58.27734375,-8.1942,4.3809,6.0687,-0.1566,1,PREPARE
4201,58.28125,-2.7817,2.7168,3.4232,-2.9044,1,PREPARE
4202,58.28515625,-0.8149,-0.7014,5.9012,-0.4466,1,PREPARE
4203,58.2890625,-5.7233,-2.7426,2.3731,5.2077,1,PREPARE
4204,58.29296875,-0.3205,-3.0683,6.0084,-1.0388,1,PREPARE
4205,58.296875,0.7664,-0.4309,3.125,1.8362,1,PREPARE
4206,58.30078125,-1.4654,-4.3937,2.5113,4.8416,1,PREPARE
4207,58.3046875,-0.7652,-5.7894,6.5716,4.9503,1,PREPARE
4208,58.30859375,1.7772,-7.3194,2.7468,2.5826,1,PREPARE
4209,58.3125,4.3164,-5.2164,-2.9483,5.0458,1,PREPARE
4210,58.31640625,3.9008,-1.3791,1.4795,2.4499,1,PREPARE
4211,58.3203125,7.5109,-2.0286,-1.2904,6.2131,1,PREPARE
4212,58.32421875,9.5161,-2.4224,-0.3602,-0.834,1,PREPARE
4213,58.328125,5.3762,-2.3159,-5.3419,3.7287,1,PREPARE
4214,58.33203125,4.3689,-0.8599,-4.8601,2.1942,1,PREPARE
4215,58.3359375,5.6116,2.1147,-6.6341,-1.0998,1,PREPARE
4216,58.33984375,3.8492,-0.0108,-5.3729,2.5731,1,PREPARE
4217,58.34375,-1.7741,5.5188,-3.8452,-4.9737,1,PREPARE
4218,58.34765625,-1.5153,4.1448,-5.5213,-4.0847,1,PREPARE
4219,58.3515625,-0.2351,5.8954,-6.7491,-3.6561,1,PREPARE
4220,58.35546875,-1.9641,10.6939,-3.1045,-5.5161,1,PREPARE
4221,58.359375,-1.7791,3.5172,1.1781,-1.6103,1,PREPARE
4222,58.36328125,-5.393,7.0626,0.0177,-3.9686,1,PREPARE
4223,58.3671875,-1.3629,3.0537,-2.6286,-2.4418,1,PREPARE
4224,58.37109375,-3.402,2.1361,-1.3615,-3.5423,1,PREPARE
4225,58.375,-8.4546,4.6591,0.1731,-3.8301,1,PREPARE
4226,58.37890625,-5.685,3.1017,5.0646,1.2692,1,PREPARE
4227,58.3828125,-6.6795,2.4192,2.9309,1.5316,1,PREPARE
4228,58.38671875,-3.2124,0.6326,3.3107,4.8424,1,PREPARE
4229,58.390625,-2.0193,-3.8136,5.3788,1.2606,1,PREPARE
4230,58.39453125,-3.0188,-6.2956,8.9288,3.7747,1,PREPARE
4231,58.3984375,-0.9841,-4.1253,3.7115,3.5891,1,PREPARE
4232,58.40234375,-2.175,-5.8944,2.5608,5.8697,1,PREPARE
4233,58.40625,-3.5712,-4.4861,3.9808,5.8397,1,PREPARE
4234,58.41015625,2.667,-1.9233,4.4361,5.4748,1,PREPARE
4235,58.4140625,6.9565,-5.2018,1.4237,3.7296,1,PREPARE
4236,58.41796875,3.3366,-4.2467,-0.919,0.1003,1,PREPARE
4237,58.421875,5.3535,-4.6451,-0.9462,7.2175,1,PREPARE
4238,58.42578125,5.5839,-3.9852,-4.0107,1.3581,1,PREPARE
4239,58.4296875,0.8556,-3.8625,-5.4125,-0.3975,1,PREPARE
4240,58.43359375,2.3688,-2.5961,-1.7872,-2.19,1,PREPARE
4241,58.4375,1.5507,3.4874,-6.1505,-4.9698,1,PREPARE
4242,58.44140625,3.0996,-1.8239,-9.6769,-2.8494,1,PREPARE
4243,58.4453125,-0.2926,2.6167,-4.6327,-8.0056,1,PREPARE
4244,58.44921875,0.7001,0.2655,-1.1484,-7.1182,1,PREPARE
4245,58.453125,-2.5075,6.0418,-3.2513,-8.0121,1,PREPARE
4246,58.45703125,-1.8222,7.367,-4.5815,-6.1529,1,PREPARE
4247,58.4609375,-6.493,3.7957,-3.9304,-5.167,1,PREPARE
4248,58.46484375,-3.385,5.5098,2.6358,-4.7031,1,PREPARE
4249,58.46875,-4.1229,3.132,2.441,-3.6978,1,PREPARE
4250,58.47265625,2.7611,-0.2373,1.9882,-0.4893,1,PREPARE
4251,58.4765625,-5.6642,2.2068,3.8893,2.581,1,PREPARE
4252,58.48046875,-0.7598,-2.2258,5.7266,1.7952,1,PREPARE
4253,58.484375,-1.7339,0.9759,5.4169,2.6648,1,PREPARE
4254,58.48828125,-2.1164,-4.1815,8.9681,0.4364,1,PREPARE
4255,58.4921875,-3.1731,-5.7989,6.3855,6.0003,1,PREPARE
4256,58.49609375,-0.818,-5.8522,-0.2715,6.2649,1,PREPARE
4257,58.5,2.6328,-1.8091,5.3738,5.8474,1,PREPARE
4258,58.50390625,4.479,-9.7774,5.2004,6.6778,1,PREPARE
4259,58.5078125,0.7762,-7.3899,5.6164,3.7448,1,PREPARE
4260,58.51171875,-2.3178,-8.4416,0.6188,0.3949,1,PREPARE
4261,58.515625,3.4121,-3.5947,1.55,-0.0079,1,PREPARE
4262,58.51953125,1.7894,-3.9541,1.1106,-1.3196,1,PREPARE
4263,58.5234375,5.0258,1.3027,-0.3332,-1.9248,1,PREPARE
4264,58.52734375,6.9707,-4.7631,-9.0022,1.7917,1,PREPARE
4265,58.53125,8.238,0.1312,-4.4297,-2.5546,1,PREPARE
4266,58.53515625,5.2167,0.5067,-4.413,-7.0491,1,PREPARE
4267,58.5390625,4.5415,2.4664,-4.198,-2.5371,1,PREPARE
4268,58.54296875,1.5463,5.6364,-3.4072,-4.7827,1,PREPARE
4269,58.546875,0.3383,5.3562,-2.5609,-4.7456,1,PREPARE
4270,58.55078125,-0.0427,4.9608,-5.3775,-4.4365,1,PREPARE
4271,58.5546875,-3.2489,7.0096,-4.3999,-7.0105,1,PREPARE
4272,58.55859375,-3.1043,4.3847,-1.5704,-5.4345,1,PREPARE
4273,58.5625,-5.2567,4.7969,3.3807,0.0849,1,PREPARE
4274,58.56640625,-4.9467,2.8573,-1.0059,-1.4928,1,PREPARE
4275,58.5703125,-4.7354,1.1363,-0.53,1.2481,1,PREPARE
4276,58.57421875,-6.3288,-1.8514,2.2719,-1.3705,1,PREPARE
4277,58.578125,-2.0044,1.8079,2.2332,6.5657,1,PREPARE
4278,58.58203125,-1.2956,-1.2424,5.4614,-0.1066,1,PREPARE
4279,58.5859375,-3.031,-0.7811,1.9706,4.8417,1,PREPARE
4280,58.58984375,-3.715,-0.3453,0.8322,3.1772,1,PREPARE
4281,58.59375,-0.6413,-1.456,3.1678,5.0124,1,PREPARE
4282,58.59765625,1.304,-4.111,2.5316,5.4482,1,PREPARE
4283,58.6015625,2.365,-8.4342,1.4793,5.7997,1,PREPARE
4284,58.60546875,2.2016,-6.4082,2.6255,5.6802,1,PREPARE
4285,58.609375,4.6275,-1.9352,3.8215,2.7521,1,PREPARE
4286,58.61328125,3.1039,-4.519,3.5508,4.7855,1,PREPARE
4287,58.6171875,3.4441,0.306,0.469,2.4282,1,PREPARE
4288,58.62109375,1.7608,-3.2936,-0.1707,-0.7231,1,PREPARE
4289,58.625,5.0669,-1.7212,0.2089,-1.7999,1,PREPARE
4290,58.62890625,6.7706,-1.4424,1.619,-8.1188,1,PREPARE
4291,58.6328125,0.3528,2.2512,-0.9129,-1.2024,1,PREPARE
4292,58.63671875,4.7904,1.9469,-5.0102,-6.3518,1,PREPARE
4293,58.640625,3.4532,3.5272,-5.405,-5.8357,1,PREPARE
4294,58.64453125,1.7819,6.2259,-7.1514,-3.9625,1,PREPARE
4295,58.6484375,-1.5219,4.9868,-6.2448,-5.1851,1,PREPARE
4296,58.65234375,2.4697,3.9712,-5.2568,-3.9011,1,PREPARE
4297,58.65625,-5.6885,5.2315,-3.3284,-5.1728,1,PREPARE
4298,58.66015625,-0.3276,5.4579,-3.4694,2.702,1,PREPARE
4299,58.6640625,-1.0982,2.1757,1.1126,-1.158,1,PREPARE
4300,58.66796875,-1.5698,0.3787,0.27,-1.2542,1,PREPARE
4301,58.671875,-7.8761,0.1337,0.5973,0.9645,1,PREPARE
4302,58.67578125,-6.6856,4.1545,-0.9247,0.9437,1,PREPARE
4303,58.6796875,-4.3425,-0.3112,-0.4187,1.1287,1,PREPARE
4304,58.68359375,-6.6528,-2.1061,1.4287,3.5804,1,PREPARE
4305,58.6875,-2.1064,-1.5586,4.5813,1.9783,1,PREPARE
4306,58.69140625,-7.7733,-2.1011,4.4144,5.5851,1,PREPARE
4307,58.6953125,-4.2866,-6.6253,0.2984,3.9827,1,PREPARE
4308,58.69921875,0.1211,-4.7768,4.8728,5.9762,1,PREPARE
4309,58.703125,1.3771,-5.684,5.5628,1.4725,1,PREPARE
4310,58.70703125,4.534,-5.7043,3.609,3.8631,1,PREPARE
4311,58.7109375,1.7626,-2.73,3.5404,0.7989,1,PREPARE
4312,58.71484375,6.4882,-0.8716,3.718,-0.3305,1,PREPARE
4313,58.71875,3.7904,-3.9849,1.966,1.65,1,PREPARE
4314,58.72265625,5.4459,0.4095,1.4054,-2.5029,1,PREPARE
4315,58.7265625,2.2885,-1.1322,2.0684,-7.0287,1,PREPARE
4316,58.73046875,4.364,-1.464,-1.3701,-2.7936,1,PREPARE
4317,58.734375,4.1177,1.4309,-2.0604,-3.6349,1,PREPARE
4318,58.73828125,-1.6212,-3.2844,-10.8323,-8.3671,3,RIGHT_MI
4319,58.7421875,-0.0968,3.8221,-10.1952,-11.8507,3,RIGHT_MI
4320,58.74609375,-2.3904,-0.4681,-5.9455,-0.4273,3,RIGHT_MI
4321,58.75,1.022,2.3272,-4.5992,-3.1979,3,RIGHT_MI
4322,58.75390625,-10.9713,9.1874,-2.5372,-3.4908,3,RIGHT_MI
4323,58.7578125,1.7732,9.7817,5.7198,-2.3597,3,RIGHT_MI
4324,58.76171875,3.8586,7.3536,-4.7791,6.439,3,RIGHT_MI
4325,58.765625,0.3598,12.0025,0.6148,4.6805,3,RIGHT_MI
4326,58.76953125,-6.405,6.211,-1.741,8.3189,3,RIGHT_MI
4327,58.7734375,0.5222,-0.616,-3.4611,4.6548,3,RIGHT_MI
4328,58.77734375,-0.203,-0.7298,0.1952,4.603,3,RIGHT_MI
4329,58.78125,-3.4315,-7.0745,-0.6908,8.2752,3,RIGHT_MI
4330,58.78515625,2.0072,-5.0294,4.5069,1.7873,3,RIGHT_MI
4331,58.7890625,-1.4352,-1.9255,-0.8176,2.7438,3,RIGHT_MI
4332,58.79296875,2.0808,-7.1464,4.7445,5.4731,3,RIGHT_MI
4333,58.796875,1.2423,-8.0447,4.5276,4.2773,3,RIGHT_MI
4334,58.80078125,2.0956,-11.4902,6.0622,3.1368,3,RIGHT_MI
4335,58.8046875,2.22,-4.7435,10.096,4.7219,3,RIGHT_MI
4336,58.80859375,-0.1228,0.1171,10.9742,3.2937,3,RIGHT_MI
4337,58.8125,1.7468,-3.7739,5.4099,2.2428,3,RIGHT_MI
4338,58.81640625,5.4496,2.5546,4.8568,-4.9295,3,RIGHT_MI
4339,58.8203125,5.9723,2.4385,3.9923,-5.606,3,RIGHT_MI
4340,58.82421875,-2.9318,0.8668,-0.2771,-6.8422,3,RIGHT_MI
4341,58.828125,-0.2435,0.754,-2.5411,-8.6482,3,RIGHT_MI
4342,58.83203125,4.183,-0.3603,-2.0202,-7.9696,3,RIGHT_MI
4343,58.8359375,0.1557,4.3429,-6.469,-11.0207,3,RIGHT_MI
4344,58.83984375,-1.8436,3.5473,-4.8594,-8.02,3,RIGHT_MI
4345,58.84375,-2.6459,0.5298,-5.6644,-11.2859,3,RIGHT_MI
4346,58.84765625,4.7919,4.6971,-4.3476,-3.0228,3,RIGHT_MI
4347,58.8515625,1.5945,4.3128,-7.9002,-0.2085,3,RIGHT_MI
4348,58.85546875,-4.1063,12.1833,1.2754,-5.5601,3,RIGHT_MI
4349,58.859375,0.5024,3.2009,-5.2369,-1.3694,3,RIGHT_MI
4350,58.86328125,3.3183,5.1741,-2.6273,5.6814,3,RIGHT_MI
4351,58.8671875,7.7159,5.947,-4.3288,7.3653,3,RIGHT_MI
4352,58.87109375,-7.1499,3.3734,-6.0216,3.3167,3,RIGHT_MI
4353,58.875,0.7457,4.4819,0.7108,5.089,3,RIGHT_MI
4354,58.87890625,-2.7888,-6.8981,-2.5438,4.4015,3,RIGHT_MI
4355,58.8828125,-8.4943,-1.2027,1.3234,4.7014,3,RIGHT_MI
4356,58.88671875,-4.8034,-8.2462,0.4255,0.1644,3,RIGHT_MI
4357,58.890625,-5.8417,-9.9477,5.2953,2.5946,3,RIGHT_MI
4358,58.89453125,-0.6669,-4.6083,5.4322,-2.4512,3,RIGHT_MI
4359,58.8984375,-5.8839,-11.9922,5.4245,6.6968,3,RIGHT_MI
4360,58.90234375,-6.2044,-7.5123,3.0757,2.078,3,RIGHT_MI
4361,58.90625,-1.8914,-4.0023,8.4247,0.5844,3,RIGHT_MI
4362,58.91015625,8.5546,0.0091,5.9402,2.4905,3,RIGHT_MI
4363,58.9140625,3.0045,-4.3539,5.2013,0.1115,3,RIGHT_MI
4364,58.91796875,6.1426,0.1171,1.5637,-1.8341,3,RIGHT_MI
4365,58.921875,3.7144,2.329,7.7356,-2.4669,3,RIGHT_MI
4366,58.92578125,3.2763,-0.0388,0.586,-5.3033,3,RIGHT_MI
4367,58.9296875,-0.3869,4.0537,-5.1724,-10.0897,3,RIGHT_MI
4368,58.93359375,-5.4635,1.4454,-1.7921,-12.0744,3,RIGHT_MI
4369,58.9375,-4.3538,5.7687,-0.1209,-3.5046,3,RIGHT_MI
4370,58.94140625,-4.7941,4.9965,-1.5329,-7.2497,3,RIGHT_MI
4371,58.9453125,1.7262,10.1181,-14.3918,-0.5028,3,RIGHT_MI
4372,58.94921875,-4.2978,5.0863,-4.5742,-3.2969,3,RIGHT_MI
4373,58.953125,0.7325,8.1309,-6.8556,3.7524,3,RIGHT_MI
4374,58.95703125,-0.1773,11.8115,5.7258,4.7649,3,RIGHT_MI
4375,58.9609375,-0.1737,4.4601,-0.3005,9.0371,3,RIGHT_MI
4376,58.96484375,3.9296,3.7509,2.2192,3.3664,3,RIGHT_MI
4377,58.96875,-1.3662,2.7003,-0.3212,4.6442,3,RIGHT_MI
4378,58.97265625,-2.0985,-1.5123,5.9185,2.926,3,RIGHT_MI
4379,58.9765625,0.9071,-4.3436,-3.1993,3.899,3,RIGHT_MI
4380,58.98046875,-1.2185,-11.2679,1.4169,2.2385,3,RIGHT_MI
4381,58.984375,-5.2756,-6.9607,4.2107,0.843,3,RIGHT_MI
4382,58.98828125,-2.6587,-11.7379,1.2984,3.6789,3,RIGHT_MI
4383,58.9921875,-5.9665,-5.616,3.0231,-3.5072,3,RIGHT_MI
4384,58.99609375,-1.2818,-6.2637,3.6078,2.1715,3,RIGHT_MI
4385,59.0,1.117,3.6363,7.6452,0.1691,3,RIGHT_MI
4386,59.00390625,-3.6404,-6.242,6.0261,1.6548,3,RIGHT_MI
4387,59.0078125,5.781,2.2513,7.3514,-0.2547,3,RIGHT_MI
4388,59.01171875,0.6736,-0.1462,12.2079,-1.5418,3,RIGHT_MI
4389,59.015625,3.839,-0.043,9.6009,-5.3404,3,RIGHT_MI
4390,59.01953125,3.9261,-0.7696,5.577,-3.68,3,RIGHT_MI
4391,59.0234375,3.8691,7.1383,0.3218,-11.1809,3,RIGHT_MI
4392,59.02734375,4.3277,1.7325,-3.2951,-7.7284,3,RIGHT_MI
4393,59.03125,0.4156,6.2994,0.1224,-6.9769,3,RIGHT_MI
4394,59.03515625,-0.9104,6.1299,-7.5335,-9.8682,3,RIGHT_MI
4395,59.0390625,0.4003,9.115,-6.379,-6.0189,3,RIGHT_MI
4396,59.04296875,-1.0555,-0.6992,-2.5179,2.9831,3,RIGHT_MI
4397,59.046875,3.4159,6.0357,-5.5262,-0.3189,3,RIGHT_MI
4398,59.05078125,-3.2893,3.0183,-5.3431,4.3572,3,RIGHT_MI
4399,59.0546875,-0.6029,11.126,-2.6085,8.4667,3,RIGHT_MI
4400,59.05859375,5.4548,7.3909,-3.4196,8.0173,3,RIGHT_MI
4401,59.0625,1.3759,5.4638,-9.5648,9.5652,3,RIGHT_MI
4402,59.06640625,0.7593,0.0918,3.9803,5.4449,3,RIGHT_MI
4403,59.0703125,5.2253,3.759,-3.3682,2.052,3,RIGHT_MI
4404,59.07421875,-4.1567,-5.6527,-1.2667,2.7872,3,RIGHT_MI
4405,59.078125,-3.551,-4.6619,-3.7143,4.6109,3,RIGHT_MI
4406,59.08203125,-5.2609,-5.8175,-6.373,1.4164,3,RIGHT_MI
4407,59.0859375,1.4949,-9.6281,-1.7069,4.9758,3,RIGHT_MI
4408,59.08984375,-2.1283,-5.4688,-3.9927,1.0141,3,RIGHT_MI
4409,59.09375,-2.8598,-5.6184,-4.8487,-1.6397,3,RIGHT_MI
4410,59.09765625,-3.6941,-6.1005,3.5579,2.8123,3,RIGHT_MI
4411,59.1015625,1.2007,-4.8135,8.6765,-1.2479,3,RIGHT_MI
4412,59.10546875,7.8723,-3.1843,12.0554,-2.9537,3,RIGHT_MI
4413,59.109375,6.4788,-0.0422,7.393,-2.5911,3,RIGHT_MI
4414,59.11328125,5.0064,2.6553,12.9744,0.9552,3,RIGHT_MI
4415,59.1171875,2.856,4.9365,8.8117,2.0791,3,RIGHT_MI
4416,59.12109375,5.957,2.8868,6.3995,-7.5807,3,RIGHT_MI
4417,59.125,0.5872,0.936,-0.2292,-4.022,3,RIGHT_MI
4418,59.12890625,1.7036,2.7745,2.4433,-5.8999,3,RIGHT_MI
4419,59.1328125,-1.7144,3.9535,0.9462,-2.5448,3,RIGHT_MI
4420,59.13671875,2.0055,3.1671,-3.1464,-4.4914,3,RIGHT_MI
4421,59.140625,-8.1271,-4.5852,-5.793,-4.7625,3,RIGHT_MI
4422,59.14453125,-2.5289,1.0325,-1.7535,-3.7353,3,RIGHT_MI
4423,59.1484375,3.1251,6.3145,-7.3012,7.6706,3,RIGHT_MI
4424,59.15234375,2.5632,3.8864,-9.6132,6.0928,3,RIGHT_MI
4425,59.15625,-0.9977,7.034,-3.9923,4.3957,3,RIGHT_MI
4426,59.16015625,-0.8119,5.7857,4.7381,5.8628,3,RIGHT_MI
4427,59.1640625,-0.3226,1.2979,-1.2282,5.4184,3,RIGHT_MI
4428,59.16796875,1.728,-1.0713,-5.3676,8.7835,3,RIGHT_MI
4429,59.171875,1.5175,-0.2438,-1.744,6.5173,3,RIGHT_MI
4430,59.17578125,-0.2014,-0.1239,0.095,8.7839,3,RIGHT_MI
4431,59.1796875,0.9753,-8.9173,2.7067,1.2841,3,RIGHT_MI
4432,59.18359375,-3.9396,-5.2587,-6.1125,0.6152,3,RIGHT_MI
4433,59.1875,-5.6002,-6.0873,-1.721,-5.2569,3,RIGHT_MI
4434,59.19140625,-1.8688,-10.113,-3.3833,-2.1267,3,RIGHT_MI
4435,59.1953125,0.9749,-12.7677,-2.2574,-2.4174,3,RIGHT_MI
4436,59.19921875,1.4032,-7.1479,-1.5197,-6.756,3,RIGHT_MI
4437,59.203125,4.9323,-5.3872,3.2288,-0.0904,3,RIGHT_MI
4438,59.20703125,-0.3585,0.2811,5.1964,-7.9861,3,RIGHT_MI
4439,59.2109375,4.5394,0.5441,8.1491,0.0979,3,RIGHT_MI
4440,59.21484375,6.4581,4.5238,11.1449,-0.9598,3,RIGHT_MI
4441,59.21875,-2.3245,7.4036,9.0237,-5.5014,3,RIGHT_MI
4442,59.22265625,1.4756,5.0497,5.8653,-0.1061,3,RIGHT_MI
4443,59.2265625,-2.5053,2.9025,1.5309,-5.7117,3,RIGHT_MI
4444,59.23046875,1.3774,2.1396,0.1897,-6.2989,3,RIGHT_MI
4445,59.234375,-1.3972,2.4894,-0.6925,3.8473,3,RIGHT_MI
4446,59.23828125,4.0973,5.4186,-6.2301,-1.3771,3,RIGHT_MI
4447,59.2421875,0.712,7.3464,-7.9197,-3.4312,3,RIGHT_MI
4448,59.24609375,0.8503,1.9966,-7.08,1.3835,3,RIGHT_MI
4449,59.25,3.532,4.8983,-4.1269,4.3909,3,RIGHT_MI
4450,59.25390625,-0.7187,2.8276,-8.4206,5.8479,3,RIGHT_MI
4451,59.2578125,2.9014,5.9981,-0.1251,8.1912,3,RIGHT_MI
4452,59.26171875,2.005,7.6167,1.226,6.5182,3,RIGHT_MI
4453,59.265625,4.3153,4.2334,-3.2481,9.2229,3,RIGHT_MI
4454,59.26953125,2.3467,-3.3731,-5.7026,4.9114,3,RIGHT_MI
4455,59.2734375,-0.3879,-6.7486,-6.2708,9.0896,3,RIGHT_MI
4456,59.27734375,-1.2161,-5.7536,-7.0688,2.68,3,RIGHT_MI
4457,59.28125,-7.1154,-9.042,-3.588,-1.8268,3,RIGHT_MI
4458,59.28515625,-10.2403,-7.1942,-5.9144,0.8485,3,RIGHT_MI
4459,59.2890625,-6.1904,-5.9528,1.942,1.4973,3,RIGHT_MI
4460,59.29296875,2.1564,-10.615,2.3495,-4.4248,3,RIGHT_MI
4461,59.296875,-1.8729,-4.9577,4.1594,-8.5441,3,RIGHT_MI
4462,59.30078125,4.5891,-1.0919,3.3204,-8.4032,3,RIGHT_MI
4463,59.3046875,4.6271,-3.0508,8.4959,3.093,3,RIGHT_MI
4464,59.30859375,0.2985,3.278,7.0292,-1.7414,3,RIGHT_MI
4465,59.3125,3.9248,8.7331,7.4351,-3.9718,3,RIGHT_MI
4466,59.31640625,6.7204,4.7729,9.6636,-1.0628,3,RIGHT_MI
4467,59.3203125,-5.0728,1.6829,5.5719,-0.4525,3,RIGHT_MI
4468,59.32421875,6.2137,4.5243,7.9547,-4.0814,3,RIGHT_MI
4469,59.328125,-2.4876,2.2941,-2.7356,-3.9274,3,RIGHT_MI
4470,59.33203125,-2.6781,3.4502,7.3464,-0.1167,3,RIGHT_MI
4471,59.3359375,-4.9143,0.9452,-8.1337,-2.5572,3,RIGHT_MI
4472,59.33984375,-5.0131,2.191,-2.2982,1.3032,3,RIGHT_MI
4473,59.34375,-1.2848,-1.4077,-5.2366,3.4758,3,RIGHT_MI
4474,59.34765625,5.8075,8.4078,-8.9738,4.9658,3,RIGHT_MI
4475,59.3515625,2.2588,2.6936,-5.8384,6.443,3,RIGHT_MI
4476,59.35546875,1.3063,4.9668,-1.3127,8.6532,3,RIGHT_MI
4477,59.359375,-1.6076,7.3171,-5.3564,10.0298,3,RIGHT_MI
4478,59.36328125,2.8636,0.016,-3.5942,7.7564,3,RIGHT_MI
4479,59.3671875,0.6657,1.6432,2.6899,7.9217,3,RIGHT_MI
4480,59.37109375,4.0672,-3.7171,-7.4436,10.5158,3,RIGHT_MI
4481,59.375,-3.8068,0.6072,-5.422,1.7559,3,RIGHT_MI
4482,59.37890625,-8.94,-5.5966,-6.773,3.6821,3,RIGHT_MI
4483,59.3828125,1.0192,-5.8495,-9.1651,-0.1907,3,RIGHT_MI
4484,59.38671875,-4.7867,-10.5629,-4.8392,-4.5035,3,RIGHT_MI
4485,59.390625,0.5197,-9.6477,5.0675,-7.2387,3,RIGHT_MI
4486,59.39453125,-1.3056,-6.7742,0.2431,-5.5144,3,RIGHT_MI
4487,59.3984375,1.2025,-3.2338,2.0971,-11.2285,3,RIGHT_MI
4488,59.40234375,1.4546,0.3559,4.0126,-1.864,3,RIGHT_MI
4489,59.40625,7.158,1.563,1.9449,-5.4426,3,RIGHT_MI
4490,59.41015625,7.8222,0.5802,7.1968,0.2882,3,RIGHT_MI
4491,59.4140625,5.832,3.7622,16.4257,0.378,3,RIGHT_MI
4492,59.41796875,4.8094,1.6553,4.6629,-1.7852,3,RIGHT_MI
4493,59.421875,3.3711,4.3665,4.523,3.1639,3,RIGHT_MI
4494,59.42578125,0.0219,3.5616,0.3015,-1.2738,3,RIGHT_MI
4495,59.4296875,1.8576,10.0372,5.7702,0.1996,3,RIGHT_MI
4496,59.43359375,2.5243,4.4325,1.1357,-2.1942,3,RIGHT_MI
4497,59.4375,1.4889,-2.1607,3.4609,6.2759,3,RIGHT_MI
4498,59.44140625,-2.7726,-0.5541,-3.7871,1.2615,3,RIGHT_MI
4499,59.4453125,-1.1507,4.8883,-3.174,2.9607,3,RIGHT_MI
4500,59.44921875,-1.3861,2.9937,-1.758,3.8286,3,RIGHT_MI
4501,59.453125,-0.2121,7.3239,-2.4369,7.2445,3,RIGHT_MI
4502,59.45703125,2.4411,0.7763,-1.0437,10.7347,3,RIGHT_MI
4503,59.4609375,0.2325,3.6248,-7.1082,6.6102,3,RIGHT_MI
4504,59.46484375,3.0687,3.1158,-1.507,9.1704,3,RIGHT_MI
4505,59.46875,2.584,-2.385,0.5101,7.9627,3,RIGHT_MI
4506,59.47265625,-5.0415,1.9685,-8.2034,1.2876,3,RIGHT_MI
4507,59.4765625,0.0101,-5.0752,-5.1405,0.369,3,RIGHT_MI
4508,59.48046875,-9.5449,-5.7324,-5.7312,-5.4917,3,RIGHT_MI
4509,59.484375,-8.9636,-10.4639,-11.7139,-3.9372,3,RIGHT_MI
4510,59.48828125,-2.5001,-11.941,-5.1512,-6.3286,3,RIGHT_MI
4511,59.4921875,-7.7371,-11.7252,-5.7139,-0.6784,3,RIGHT_MI
4512,59.49609375,-1.9394,-6.1171,-1.7153,-7.7875,3,RIGHT_MI
4513,59.5,-0.24,-5.4607,2.622,-6.0695,3,RIGHT_MI
4514,59.50390625,0.515,-0.6479,6.3341,-4.4826,3,RIGHT_MI
4515,59.5078125,3.9174,-1.6075,10.0274,-1.6495,3,RIGHT_MI
4516,59.51171875,7.3452,5.4802,12.3573,0.6109,3,RIGHT_MI
4517,59.515625,4.6636,-0.4013,5.3428,-4.251,3,RIGHT_MI
4518,59.51953125,2.7163,7.0078,8.5278,-1.4487,3,RIGHT_MI
4519,59.5234375,4.5152,5.8263,4.2177,-2.4253,3,RIGHT_MI
4520,59.52734375,2.0907,7.7638,1.2991,2.1124,3,RIGHT_MI
4521,59.53125,0.3159,2.2362,4.243,0.8736,3,RIGHT_MI
4522,59.53515625,2.0202,4.2799,0.6645,1.6198,3,RIGHT_MI
4523,59.5390625,-0.6827,2.2134,-2.1763,1.9828,3,RIGHT_MI
4524,59.54296875,1.9763,0.039,-2.5881,2.0703,3,RIGHT_MI
4525,59.546875,5.4035,1.983,-2.2516,-1.7016,3,RIGHT_MI
4526,59.55078125,2.7763,-1.5312,-0.2012,11.0604,3,RIGHT_MI
4527,59.5546875,4.9118,4.0136,-3.6207,10.7733,3,RIGHT_MI
4528,59.55859375,4.6931,2.7693,-6.9322,10.2305,3,RIGHT_MI
4529,59.5625,-1.3315,3.6155,-2.0452,7.6224,3,RIGHT_MI
4530,59.56640625,-0.3037,1.3419,-2.7411,5.9629,3,RIGHT_MI
4531,59.5703125,2.0553,-4.3717,-5.3553,2.6197,3,RIGHT_MI
4532,59.57421875,-3.8969,-7.6272,-1.4138,-3.2254,3,RIGHT_MI
4533,59.578125,-3.3964,-4.9919,-2.1234,-0.7,3,RIGHT_MI
4534,59.58203125,-5.6634,-9.2529,-7.6746,-6.9757,3,RIGHT_MI
4535,59.5859375,1.3624,-0.9944,-2.1531,-10.5359,3,RIGHT_MI
4536,59.58984375,-6.9077,-3.5386,-0.3585,-7.3318,3,RIGHT_MI
4537,59.59375,-2.1045,-7.0161,-1.2349,-7.5606,3,RIGHT_MI
4538,59.59765625,-2.3801,-2.9539,4.6418,-7.1062,3,RIGHT_MI
4539,59.6015625,-3.7701,-2.0763,5.4928,-0.4935,3,RIGHT_MI
4540,59.60546875,1.8275,1.3166,12.7755,-2.3437,3,RIGHT_MI
4541,59.609375,4.6151,3.1203,6.3967,-2.4192,3,RIGHT_MI
4542,59.61328125,6.1275,8.1617,9.5617,-1.0993,3,RIGHT_MI
4543,59.6171875,12.4371,3.6501,10.1996,4.3243,3,RIGHT_MI
4544,59.62109375,4.7274,5.8046,7.2319,0.7426,3,RIGHT_MI
4545,59.625,-2.7853,-2.4719,6.8117,3.8107,3,RIGHT_MI
4546,59.62890625,-0.3274,5.9123,3.7083,2.0721,3,RIGHT_MI
4547,59.6328125,-3.5372,-0.7564,-1.9146,3.3638,3,RIGHT_MI
4548,59.63671875,1.5248,8.1671,-4.7374,-1.7557,3,RIGHT_MI
4549,59.640625,-9.2689,-3.4437,1.2453,0.2288,3,RIGHT_MI
4550,59.64453125,2.0906,4.4147,-0.2896,3.4442,3,RIGHT_MI
4551,59.6484375,-1.1058,1.5574,-0.6382,6.8509,3,RIGHT_MI
4552,59.65234375,2.5472,4.6049,3.5256,8.1571,3,RIGHT_MI
4553,59.65625,4.8227,2.9292,-3.8755,6.1601,3,RIGHT_MI
4554,59.66015625,5.5496,1.4537,-1.33,8.8347,3,RIGHT_MI
4555,59.6640625,-0.5971,4.1401,-3.402,-1.5314,3,RIGHT_MI
4556,59.66796875,-1.2004,-6.4931,-10.9785,4.6109,3,RIGHT_MI
4557,59.671875,-4.0031,-6.3727,-0.7865,1.2241,3,RIGHT_MI
4558,59.67578125,-3.005,-7.6928,-8.6485,0.2247,3,RIGHT_MI
4559,59.6796875,-4.4867,-8.1777,-6.8007,-4.9203,3,RIGHT_MI
4560,59.68359375,-5.6242,-15.2882,-7.8731,-11.1391,3,RIGHT_MI
4561,59.6875,-2.4436,-8.9503,-1.0851,-0.2767,3,RIGHT_MI
4562,59.69140625,-9.3862,-1.1274,-0.4174,-4.7083,3,RIGHT_MI
4563,59.6953125,-6.7868,-6.4989,2.6877,-5.1199,3,RIGHT_MI
4564,59.69921875,-4.598,-0.6414,1.7685,-7.9165,3,RIGHT_MI
4565,59.703125,1.6291,-0.4855,1.7793,1.2709,3,RIGHT_MI
4566,59.70703125,4.9135,1.6469,2.8581,3.2423,3,RIGHT_MI
4567,59.7109375,9.7221,0.0737,7.7382,-2.8383,3,RIGHT_MI
4568,59.71484375,5.331,8.0448,12.5551,3.1696,3,RIGHT_MI
4569,59.71875,4.2011,6.7494,10.6737,6.5957,3,RIGHT_MI
4570,59.72265625,3.6365,5.9907,7.3003,3.9444,3,RIGHT_MI
4571,59.7265625,1.5354,1.076,4.34,0.3881,3,RIGHT_MI
4572,59.73046875,-3.2853,-0.627,1.7443,3.7371,3,RIGHT_MI
4573,59.734375,-1.9497,1.5361,-3.5562,0.361,3,RIGHT_MI
4574,59.73828125,-1.0908,3.2855,-2.2083,8.0531,3,RIGHT_MI
4575,59.7421875,-4.5483,6.788,-0.2152,1.8394,3,RIGHT_MI
4576,59.74609375,-2.0155,3.9896,1.6262,5.7335,3,RIGHT_MI
4577,59.75,-2.5376,2.4009,2.525,9.1567,3,RIGHT_MI
4578,59.75390625,-2.2201,3.6889,1.5026,7.203,3,RIGHT_MI
4579,59.7578125,-5.5894,8.137,0.7351,-1.8778,3,RIGHT_MI
4580,59.76171875,-0.1492,-0.8028,-3.6356,5.5264,3,RIGHT_MI
4581,59.765625,1.2253,0.7007,-5.9158,-0.148,3,RIGHT_MI
4582,59.76953125,0.1347,-3.1501,-9.6322,-2.1687,3,RIGHT_MI
4583,59.7734375,-0.9227,-4.7525,-4.5098,-9.1548,3,RIGHT_MI
4584,59.77734375,-5.4744,-9.5109,-11.6971,-4.5895,3,RIGHT_MI
4585,59.78125,-3.7289,-4.8185,-3.699,-9.5607,3,RIGHT_MI
4586,59.78515625,-7.2721,-7.8794,-5.2827,-11.0169,3,RIGHT_MI
4587,59.7890625,-3.3699,-5.7658,-4.9808,-12.0669,3,RIGHT_MI
4588,59.79296875,3.3304,-10.3222,-3.391,-12.374,3,RIGHT_MI
4589,59.796875,2.5183,-8.2782,0.2593,-7.6238,3,RIGHT_MI
4590,59.80078125,-5.2434,-3.4706,2.5539,-0.0504,3,RIGHT_MI
4591,59.8046875,9.2317,0.2273,2.1666,1.0288,3,RIGHT_MI
4592,59.80859375,7.7461,7.7339,7.6318,8.7249,3,RIGHT_MI
4593,59.8125,6.4959,-1.4973,15.7111,6.128,3,RIGHT_MI
4594,59.81640625,3.5046,7.3772,10.903,6.1264,3,RIGHT_MI
4595,59.8203125,0.2981,3.1683,9.3707,2.3363,3,RIGHT_MI
4596,59.82421875,3.0152,4.8657,9.728,5.1438,3,RIGHT_MI
4597,59.828125,1.1574,3.4641,1.5543,1.3917,3,RIGHT_MI
4598,59.83203125,-6.6304,2.5982,1.6433,2.6185,3,RIGHT_MI
4599,59.8359375,4.3246,6.5568,-2.6142,1.7822,3,RIGHT_MI
4600,59.83984375,2.4117,6.0688,2.2256,6.4408,3,RIGHT_MI
4601,59.84375,2.2669,-4.9588,-1.98,-0.3148,3,RIGHT_MI
4602,59.84765625,6.0837,1.0139,-4.8075,1.6456,3,RIGHT_MI
4603,59.8515625,-4.0815,-0.1339,-3.5424,-2.3005,3,RIGHT_MI
4604,59.85546875,0.3686,-3.3375,-0.1093,3.2636,3,RIGHT_MI
4605,59.859375,2.2524,-1.2473,-3.4486,2.9217,3,RIGHT_MI
4606,59.86328125,7.5528,-0.3757,1.2367,-5.1467,3,RIGHT_MI
4607,59.8671875,1.2144,-2.0561,-3.339,-6.4408,3,RIGHT_MI
4608,59.87109375,2.9355,-5.8381,-1.8343,1.0331,3,RIGHT_MI
4609,59.875,-5.2214,-0.8395,-7.5556,-4.7162,3,RIGHT_MI
4610,59.87890625,-4.8658,-3.4491,-8.1877,-3.9387,3,RIGHT_MI
4611,59.8828125,-5.8905,-5.8735,-13.047,-6.3371,3,RIGHT_MI
4612,59.88671875,-6.1046,-5.8013,0.1803,-4.8029,3,RIGHT_MI
4613,59.890625,-4.7321,-9.3339,0.2344,-11.5531,3,RIGHT_MI
4614,59.89453125,-0.7211,-8.3016,-4.1346,-7.4243,3,RIGHT_MI
4615,59.8984375,-0.902,2.6021,5.4345,0.0354,3,RIGHT_MI
4616,59.90234375,1.7791,5.438,1.6532,-5.5622,3,RIGHT_MI
4617,59.90625,7.3236,3.7059,5.4915,-0.665,3,RIGHT_MI
4618,59.91015625,3.3832,1.5564,6.6332,7.0063,3,RIGHT_MI
4619,59.9140625,3.7548,6.3397,15.3032,0.7875,3,RIGHT_MI
4620,59.91796875,4.4289,10.2999,15.9299,7.2214,3,RIGHT_MI
4621,59.921875,4.4663,9.2576,6.9492,7.1343,3,RIGHT_MI
4622,59.92578125,3.3379,5.5536,-0.0896,7.5408,3,RIGHT_MI
4623,59.9296875,-2.0106,7.8408,7.2065,4.7556,3,RIGHT_MI
4624,59.93359375,-1.0874,-4.2141,5.5723,-0.5637,3,RIGHT_MI
4625,59.9375,-2.5606,0.3866,3.9626,5.7329,3,RIGHT_MI
4626,59.94140625,-0.8346,2.0258,2.7958,-2.2871,3,RIGHT_MI
4627,59.9453125,-1.0622,2.1281,-5.0013,2.191,3,RIGHT_MI
4628,59.94921875,-1.0271,1.1138,-0.5,-1.7053,3,RIGHT_MI
4629,59.953125,1.7266,-1.5997,0.4334,4.3617,3,RIGHT_MI
4630,59.95703125,-0.1673,0.2145,3.1233,0.819,3,RIGHT_MI
4631,59.9609375,3.1219,-4.2353,-2.7319,1.8196,3,RIGHT_MI
4632,59.96484375,1.1221,3.8608,-0.4791,-0.4399,3,RIGHT_MI
4633,59.96875,3.7208,-6.1419,-2.4334,0.994,3,RIGHT_MI
4634,59.97265625,1.1513,-2.5937,-3.5819,-4.8412,3,RIGHT_MI
4635,59.9765625,-3.1894,-5.6846,-8.0534,-9.8585,3,RIGHT_MI
4636,59.98046875,-2.9758,-8.1821,-15.4279,0.4218,3,RIGHT_MI
4637,59.984375,-4.2376,-3.4867,-7.5818,-11.0281,3,RIGHT_MI
4638,59.98828125,-0.3609,-10.3684,-2.9588,0.2355,3,RIGHT_MI
4639,59.9921875,-4.8254,-3.6159,-10.8206,-7.6379,3,RIGHT_MI
4640,59.99609375,-2.7448,-2.7766,-3.5407,-2.4578,3,RIGHT_MI
4641,60.0,1.2942,-3.0601,1.9531,-2.7746,3,RIGHT_MI
4642,60.00390625,4.0016,1.7871,3.9036,-0.7577,3,RIGHT_MI
4643,60.0078125,-0.8096,2.7029,9.6139,1.9143,3,RIGHT_MI
4644,60.01171875,3.1835,4.0675,7.3903,8.3241,3,RIGHT_MI
4645,60.015625,1.7068,6.2729,4.2468,6.2323,3,RIGHT_MI
4646,60.01953125,1.0634,10.8636,10.1716,6.3519,3,RIGHT_MI
4647,60.0234375,-2.6069,2.2479,5.0763,9.6894,3,RIGHT_MI
4648,60.02734375,-5.1381,-1.0686,0.135,8.2544,3,RIGHT_MI
4649,60.03125,0.4845,2.9965,6.5085,6.1953,3,RIGHT_MI
4650,60.03515625,-3.1333,-0.1641,-0.1798,1.1213,3,RIGHT_MI
4651,60.0390625,-4.7546,3.0442,-0.7665,-6.8114,3,RIGHT_MI
4652,60.04296875,-8.918,2.1047,2.6802,-5.1499,3,RIGHT_MI
4653,60.046875,-2.4471,0.0018,-0.2421,-1.7609,3,RIGHT_MI
4654,60.05078125,-0.4242,-0.664,-0.3048,0.8183,3,RIGHT_MI
4655,60.0546875,3.0487,-2.7396,-2.4168,-2.393,3,RIGHT_MI
4656,60.05859375,8.5106,-2.5614,1.4722,0.3496,3,RIGHT_MI
4657,60.0625,-7.8254,-3.8148,-1.8299,-0.0578,3,RIGHT_MI
4658,60.06640625,3.2051,-2.3946,-0.4589,-5.1198,3,RIGHT_MI
4659,60.0703125,-1.0594,-5.4217,-6.3414,-5.2061,3,RIGHT_MI
4660,60.07421875,0.1583,-6.0988,-7.0535,-8.683,3,RIGHT_MI
4661,60.078125,-0.5936,-6.673,-4.6521,-3.3077,3,RIGHT_MI
4662,60.08203125,-7.3915,-7.1743,-10.7329,-10.4743,3,RIGHT_MI
4663,60.0859375,1.3217,-8.0069,-10.4424,-6.1247,3,RIGHT_MI
4664,60.08984375,-3.0591,-3.4641,-3.659,-1.5423,3,RIGHT_MI
4665,60.09375,-0.7124,-3.8243,-11.6924,-5.1631,3,RIGHT_MI
4666,60.09765625,-2.3677,0.0663,-2.895,-1.2264,3,RIGHT_MI
4667,60.1015625,-2.6149,-1.3029,0.0688,-4.5148,3,RIGHT_MI
4668,60.10546875,6.5878,6.2871,4.1709,3.6398,3,RIGHT_MI
4669,60.109375,0.8038,8.947,8.2556,5.5571,3,RIGHT_MI
4670,60.11328125,6.0293,11.4949,6.6282,9.75,3,RIGHT_MI
4671,60.1171875,2.758,10.7869,10.4483,12.873,3,RIGHT_MI
4672,60.12109375,2.4207,5.5827,7.3852,4.4074,3,RIGHT_MI
4673,60.125,2.6956,11.5764,5.836,2.0941,3,RIGHT_MI
4674,60.12890625,2.4506,6.045,5.5051,5.2768,3,RIGHT_MI
4675,60.1328125,-4.1323,1.3425,6.9193,5.7192,3,RIGHT_MI
4676,60.13671875,-2.4501,-6.79,3.8466,-0.5664,3,RIGHT_MI
4677,60.140625,-7.0616,-2.0282,3.9689,-4.3784,3,RIGHT_MI
4678,60.14453125,-5.7925,-4.6002,-2.1249,-4.1157,3,RIGHT_MI
4679,60.1484375,2.3496,-0.6903,-0.7088,-6.0015,3,RIGHT_MI
4680,60.15234375,4.2141,-0.8031,3.0409,-3.4269,3,RIGHT_MI
4681,60.15625,1.4421,-5.4124,0.5298,-4.2226,3,RIGHT_MI
4682,60.16015625,0.1541,-2.6881,2.6531,-8.6552,3,RIGHT_MI
4683,60.1640625,-0.3788,-2.4341,1.2627,-3.7186,3,RIGHT_MI
4684,60.16796875,0.9628,0.0872,-6.2408,-6.5348,3,RIGHT_MI
4685,60.171875,1.3765,-2.2005,-5.0341,1.3348,3,RIGHT_MI
4686,60.17578125,-5.4488,-3.8202,-5.3964,-10.5893,3,RIGHT_MI
4687,60.1796875,-11.0664,-8.3632,-3.8175,-2.4433,3,RIGHT_MI
4688,60.18359375,-4.4321,-8.6417,-8.9934,-3.1481,3,RIGHT_MI
4689,60.1875,-7.5047,-11.0615,-7.2869,-4.5373,3,RIGHT_MI
4690,60.19140625,-1.986,-2.1975,-8.1843,-4.366,3,RIGHT_MI
4691,60.1953125,1.1608,3.831,-6.9723,2.8109,3,RIGHT_MI
4692,60.19921875,4.8573,1.4607,-3.4767,0.6608,3,RIGHT_MI
4693,60.203125,3.4582,4.745,-4.4905,4.8625,3,RIGHT_MI
4694,60.20703125,-0.6622,5.8618,3.976,9.559,3,RIGHT_MI
4695,60.2109375,3.4576,13.6151,4.7849,4.9492,3,RIGHT_MI
4696,60.21484375,7.0526,8.3781,4.2641,7.0625,3,RIGHT_MI
4697,60.21875,1.707,11.3876,8.3093,8.1169,3,RIGHT_MI
4698,60.22265625,4.397,5.8787,2.2809,6.6295,3,RIGHT_MI
4699,60.2265625,2.1874,6.252,4.6122,7.6352,3,RIGHT_MI
4700,60.23046875,2.4967,2.0711,6.475,-2.3018,3,RIGHT_MI
4701,60.234375,-1.6082,-0.2327,6.1203,1.5062,3,RIGHT_MI
4702,60.23828125,-5.3098,-2.966,-0.5224,-8.9372,3,RIGHT_MI
4703,60.2421875,-2.6126,-1.3666,1.2395,-6.2252,3,RIGHT_MI
4704,60.24609375,1.2015,-2.9806,7.88,-9.7915,3,RIGHT_MI
4705,60.25,-3.9349,2.4436,0.7594,-7.766,3,RIGHT_MI
4706,60.25390625,0.5399,-8.4321,5.7346,-2.4506,3,RIGHT_MI
4707,60.2578125,1.0537,-1.6069,-1.9398,-4.0149,3,RIGHT_MI
4708,60.26171875,5.4634,-6.434,3.8373,1.4398,3,RIGHT_MI
4709,60.265625,4.6332,-1.6573,-2.6628,-3.3149,3,RIGHT_MI
4710,60.26953125,2.4091,-4.002,-1.6158,-6.9078,3,RIGHT_MI
4711,60.2734375,-3.1764,-3.929,-4.3635,-6.2315,3,RIGHT_MI
4712,60.27734375,-2.3237,-6.3647,-9.3675,0.2777,3,RIGHT_MI
4713,60.28125,-4.9315,-4.6211,-10.621,-1.969,3,RIGHT_MI
4714,60.28515625,-6.6206,-9.0753,-7.8972,0.7194,3,RIGHT_MI
4715,60.2890625,-3.9692,-4.2842,-8.9914,-0.1262,3,RIGHT_MI
4716,60.29296875,-2.685,-2.6793,-6.0312,0.5007,3,RIGHT_MI
4717,60.296875,-1.1171,-1.099,-5.3858,-0.6922,3,RIGHT_MI
4718,60.30078125,1.2519,1.1207,-1.1475,5.5532,3,RIGHT_MI
4719,60.3046875,-0.4273,7.4639,1.6143,9.8112,3,RIGHT_MI
4720,60.30859375,14.2942,13.749,4.9524,13.0575,3,RIGHT_MI
4721,60.3125,11.8707,7.5618,6.4854,8.1194,3,RIGHT_MI
4722,60.31640625,2.7984,9.9953,5.8029,4.5103,3,RIGHT_MI
4723,60.3203125,-5.8231,13.9866,3.8065,5.4125,3,RIGHT_MI
4724,60.32421875,3.2592,3.1434,6.108,3.6873,3,RIGHT_MI
4725,60.328125,-0.9949,3.738,0.9755,8.4705,3,RIGHT_MI
4726,60.33203125,-0.2993,1.6235,5.9677,-2.1516,3,RIGHT_MI
4727,60.3359375,-3.1386,-5.0457,2.8057,-5.6283,3,RIGHT_MI
4728,60.33984375,-5.3546,-3.8742,1.6609,-4.8517,3,RIGHT_MI
4729,60.34375,-4.2853,-0.8755,-0.2123,-7.5382,3,RIGHT_MI
4730,60.34765625,3.4153,2.6425,1.8244,-3.1468,3,RIGHT_MI
4731,60.3515625,3.6361,-2.9383,1.8561,-2.0671,3,RIGHT_MI
4732,60.35546875,4.1411,-0.8877,2.6652,-0.3216,3,RIGHT_MI
4733,60.359375,6.2605,-0.4633,1.2283,2.4117,3,RIGHT_MI
4734,60.36328125,5.4245,-2.0932,-0.0054,0.3408,3,RIGHT_MI
4735,60.3671875,-1.5966,0.9309,-2.1654,-5.6918,3,RIGHT_MI
4736,60.37109375,2.6696,-2.4218,-4.4947,-1.6317,3,RIGHT_MI
4737,60.375,4.9309,-7.496,-8.0141,4.1503,3,RIGHT_MI
4738,60.37890625,-2.4516,-7.0655,-6.7204,-4.9768,3,RIGHT_MI
4739,60.3828125,0.4071,-5.5092,-9.3266,-4.9536,3,RIGHT_MI
4740,60.38671875,-0.8498,-5.557,-10.4419,1.258,3,RIGHT_MI
4741,60.390625,-2.4264,-3.2953,-7.2361,-1.6164,3,RIGHT_MI
4742,60.39453125,-1.52,2.8172,-5.6362,-2.5375,3,RIGHT_MI
4743,60.3984375,-4.2659,-1.2486,-9.7358,7.8468,3,RIGHT_MI
4744,60.40234375,3.9237,2.3097,-1.6842,0.949,3,RIGHT_MI
4745,60.40625,3.4704,5.6033,-1.2853,2.5293,3,RIGHT_MI
4746,60.41015625,0.7122,17.5992,4.4338,10.1343,3,RIGHT_MI
4747,60.4140625,5.1887,4.6314,9.7346,6.0715,3,RIGHT_MI
4748,60.41796875,2.4115,7.3015,6.517,0.5021,3,RIGHT_MI
4749,60.421875,2.955,13.457,1.2612,0.491,3,RIGHT_MI
4750,60.42578125,4.778,6.5102,7.3616,-5.8386,3,RIGHT_MI
4751,60.4296875,1.0329,-1.4148,4.539,-3.1371,3,RIGHT_MI
4752,60.43359375,-1.4353,-6.6782,-3.4522,-3.2223,3,RIGHT_MI
4753,60.4375,-4.9417,4.133,2.3086,-7.8702,3,RIGHT_MI
4754,60.44140625,-2.7875,-8.1645,3.8912,-8.2097,3,RIGHT_MI
4755,60.4453125,0.4304,0.24,7.9245,-6.5458,3,RIGHT_MI
4756,60.44921875,7.2487,-10.7482,3.1515,-3.1747,3,RIGHT_MI
4757,60.453125,-0.9872,-2.731,12.2496,-2.9521,3,RIGHT_MI
4758,60.45703125,6.1915,1.541,0.1203,-3.1163,3,RIGHT_MI
4759,60.4609375,1.5142,-6.3124,-0.9898,-0.0692,3,RIGHT_MI
4760,60.46484375,6.3646,0.0662,0.1272,-5.4977,3,RIGHT_MI
4761,60.46875,3.7929,-1.9192,5.6393,0.9308,3,RIGHT_MI
4762,60.47265625,-2.5247,2.5535,-2.0962,-5.2859,3,RIGHT_MI
4763,60.4765625,-6.4316,-3.3447,-3.8909,-4.2274,3,RIGHT_MI
4764,60.48046875,-3.4141,-8.9084,-13.4251,-3.0184,3,RIGHT_MI
4765,60.484375,-2.1918,-2.3073,-10.3111,-0.0383,3,RIGHT_MI
4766,60.48828125,-3.8096,-0.9327,-8.8373,6.3867,3,RIGHT_MI
4767,60.4921875,-2.3222,-0.6883,-3.2914,5.3782,3,RIGHT_MI
4768,60.49609375,2.5646,3.7515,-8.6632,6.5264,3,RIGHT_MI
4769,60.5,3.9043,4.8012,-6.5441,4.7755,3,RIGHT_MI
4770,60.50390625,-2.416,4.7505,1.8661,8.7057,3,RIGHT_MI
4771,60.5078125,5.5248,10.6552,-3.1101,10.3269,3,RIGHT_MI
4772,60.51171875,6.486,11.0947,3.2469,8.7299,3,RIGHT_MI
4773,60.515625,9.8952,9.6313,5.6807,8.9293,3,RIGHT_MI
4774,60.51953125,4.1791,6.7696,6.8457,4.8575,3,RIGHT_MI
4775,60.5234375,5.9171,5.7924,10.9706,-1.371,3,RIGHT_MI
4776,60.52734375,-1.3809,1.5743,5.3262,-2.055,3,RIGHT_MI
4777,60.53125,-4.4432,-6.366,0.5602,-5.4731,3,RIGHT_MI
4778,60.53515625,-2.15,-1.8296,1.0143,-8.0385,3,RIGHT_MI
4779,60.5390625,2.1233,2.3133,0.927,-13.3585,3,RIGHT_MI
4780,60.54296875,-1.3992,-1.3943,-0.0892,-8.2569,3,RIGHT_MI
4781,60.546875,3.3373,1.0708,4.8755,-9.3708,3,RIGHT_MI
4782,60.55078125,0.3149,-1.3594,2.5284,-7.1826,3,RIGHT_MI
4783,60.5546875,5.3188,-2.2289,6.415,-10.2563,3,RIGHT_MI
4784,60.55859375,3.3951,-4.5309,2.587,-2.8295,3,RIGHT_MI
4785,60.5625,-0.9176,-5.773,4.1204,2.1202,3,RIGHT_MI
4786,60.56640625,-0.9636,4.9049,2.3426,-1.5019,3,RIGHT_MI
4787,60.5703125,-2.4891,-0.9443,3.9464,5.4087,3,RIGHT_MI
4788,60.57421875,1.4678,-7.5196,-11.0858,7.43,3,RIGHT_MI
4789,60.578125,-0.7449,-3.5042,-6.4157,-0.159,3,RIGHT_MI
4790,60.58203125,-1.2496,1.1862,-6.2524,1.1139,3,RIGHT_MI
4791,60.5859375,-1.9289,0.5375,-13.2692,2.0718,3,RIGHT_MI
4792,60.58984375,0.7294,1.4816,-7.5888,-0.9354,3,RIGHT_MI
4793,60.59375,-2.1711,6.5501,-10.373,-2.9084,3,RIGHT_MI
4794,60.59765625,1.7291,5.6069,-6.073,4.7631,3,RIGHT_MI
4795,60.6015625,1.3572,0.7369,-1.2325,8.1896,3,RIGHT_MI
4796,60.60546875,3.1344,8.7311,1.253,5.3671,3,RIGHT_MI
4797,60.609375,1.3196,9.1708,-0.5045,11.367,3,RIGHT_MI
4798,60.61328125,6.843,8.2672,3.9011,3.996,3,RIGHT_MI
4799,60.6171875,0.3112,6.741,1.3357,-1.6376,3,RIGHT_MI
4800,60.62109375,2.0303,10.1702,5.7959,-1.5006,3,RIGHT_MI
4801,60.625,-2.2701,8.7104,3.7513,-0.1575,3,RIGHT_MI
4802,60.62890625,-0.4839,3.6335,8.3304,-8.0668,3,RIGHT_MI
4803,60.6328125,-3.9295,-0.2036,2.5517,-4.7981,3,RIGHT_MI
4804,60.63671875,-6.7786,-2.4031,-1.2921,-7.3261,3,RIGHT_MI
4805,60.640625,-0.2677,-0.5463,2.7289,-5.9876,3,RIGHT_MI
4806,60.64453125,-3.1619,-0.4799,4.1916,-9.4972,3,RIGHT_MI
4807,60.6484375,-2.5572,-4.4001,4.8247,-4.5398,3,RIGHT_MI
4808,60.65234375,2.214,-7.5395,5.0967,0.4499,3,RIGHT_MI
4809,60.65625,0.8372,-2.1914,7.0026,0.9016,3,RIGHT_MI
4810,60.66015625,3.5224,2.1552,2.8906,0.6256,3,RIGHT_MI
4811,60.6640625,-3.8477,0.8011,1.843,1.2428,3,RIGHT_MI
4812,60.66796875,-3.4328,-2.8147,2.0171,5.5549,3,RIGHT_MI
4813,60.671875,-3.8544,-3.8006,-4.4454,-0.0194,3,RIGHT_MI
4814,60.67578125,-0.1029,-0.0958,-1.9831,6.0778,3,RIGHT_MI
4815,60.6796875,0.4205,-4.8716,-8.8686,-3.8026,3,RIGHT_MI
4816,60.68359375,-1.1087,-5.9382,-9.8472,1.5326,3,RIGHT_MI
4817,60.6875,-2.0912,-2.9216,-9.98,4.2938,3,RIGHT_MI
4818,60.69140625,-2.7003,-0.3286,-5.6534,2.7294,3,RIGHT_MI
4819,60.6953125,-2.0033,3.3698,-11.0641,7.5669,3,RIGHT_MI
4820,60.69921875,-1.8909,0.7244,-3.3592,7.5875,3,RIGHT_MI
4821,60.703125,-2.1436,1.5347,-0.3492,6.7032,3,RIGHT_MI
4822,60.70703125,3.586,4.5983,1.061,6.3817,3,RIGHT_MI
4823,60.7109375,5.4637,15.4697,-2.272,10.1534,3,RIGHT_MI
4824,60.71484375,5.287,10.5757,1.4934,4.0932,3,RIGHT_MI
4825,60.71875,7.6244,10.1556,1.8137,3.6825,3,RIGHT_MI
4826,60.72265625,0.3511,8.9403,6.0629,-6.3526,3,RIGHT_MI
4827,60.7265625,2.0622,8.5233,0.6416,-3.3446,3,RIGHT_MI
4828,60.73046875,0.9797,0.9253,6.0505,-3.9153,3,RIGHT_MI
4829,60.734375,-2.0685,-1.8156,0.8993,-12.0201,3,RIGHT_MI
4830,60.73828125,-2.3872,-6.2351,3.4924,-12.9296,3,RIGHT_MI
4831,60.7421875,6.7484,-2.0888,5.6441,-7.8821,3,RIGHT_MI
4832,60.74609375,-0.8751,-4.9346,5.4244,-2.5896,3,RIGHT_MI
4833,60.75,0.2369,-2.8261,8.0787,-8.2784,3,RIGHT_MI
4834,60.75390625,1.06,-5.2552,2.9181,-2.7142,3,RIGHT_MI
4835,60.7578125,6.6982,-2.8504,2.3888,0.53,3,RIGHT_MI
4836,60.76171875,6.4964,0.031,5.8588,2.8222,3,RIGHT_MI
4837,60.765625,2.6398,0.6297,2.7761,4.9389,3,RIGHT_MI
4838,60.76953125,2.7792,-5.3058,3.3076,7.2119,3,RIGHT_MI
4839,60.7734375,-4.8972,-0.0638,-3.1167,4.9242,3,RIGHT_MI
4840,60.77734375,-2.5786,-1.0441,-9.0205,3.45,3,RIGHT_MI
4841,60.78125,-4.9177,-2.8204,-10.6423,6.1524,3,RIGHT_MI
4842,60.78515625,-3.7785,1.5778,-12.7622,4.5826,3,RIGHT_MI
4843,60.7890625,-6.984,0.1302,-5.9198,3.3947,3,RIGHT_MI
4844,60.79296875,-4.6267,2.8309,-8.2871,-1.6845,3,RIGHT_MI
4845,60.796875,-0.2383,0.9265,-4.9169,4.645,3,RIGHT_MI
4846,60.80078125,-2.7967,4.6216,-5.517,2.7402,3,RIGHT_MI
4847,60.8046875,-0.8545,6.9523,-4.6222,4.2065,3,RIGHT_MI
4848,60.80859375,4.6466,3.9699,-0.3817,-3.588,3,RIGHT_MI
4849,60.8125,7.038,4.7901,4.9051,5.846,3,RIGHT_MI
4850,60.81640625,6.1404,7.2922,1.551,-1.025,3,RIGHT_MI
4851,60.8203125,7.6652,2.1326,-2.4467,-4.6986,3,RIGHT_MI
4852,60.82421875,2.8179,5.1591,1.8451,-4.7677,3,RIGHT_MI
4853,60.828125,-0.1019,-0.2492,1.5155,-5.2898,3,RIGHT_MI
4854,60.83203125,1.5246,-0.7723,1.6733,-8.8714,3,RIGHT_MI
4855,60.8359375,-4.0313,-2.8623,4.091,-6.5173,3,RIGHT_MI
4856,60.83984375,-3.2253,-5.1991,6.0797,-6.0687,3,RIGHT_MI
4857,60.84375,0.0615,-6.8355,-1.7002,-5.8098,3,RIGHT_MI
4858,60.84765625,-2.934,-3.904,6.7748,-10.4569,3,RIGHT_MI
4859,60.8515625,-3.2465,-4.8271,7.7368,-0.3076,3,RIGHT_MI
4860,60.85546875,6.2722,0.0321,3.9522,-5.8655,3,RIGHT_MI
4861,60.859375,0.8585,-3.7245,5.1014,6.2273,3,RIGHT_MI
4862,60.86328125,4.7989,-1.3626,0.0687,3.9405,3,RIGHT_MI
4863,60.8671875,3.5172,-0.4273,2.2697,0.6751,3,RIGHT_MI
4864,60.87109375,1.5412,1.476,-2.7726,4.7331,3,RIGHT_MI
4865,60.875,4.0553,-4.3632,-9.2946,1.9691,3,RIGHT_MI
4866,60.87890625,-5.0757,-6.0224,-8.5606,4.7527,3,RIGHT_MI
4867,60.8828125,-0.0436,-1.6507,-10.7744,4.575,3,RIGHT_MI
4868,60.88671875,-7.0404,-1.5865,-5.3239,-1.3634,3,RIGHT_MI
4869,60.890625,-7.3053,0.1584,-10.4842,2.8609,3,RIGHT_MI
4870,60.89453125,3.6519,2.4963,-4.8168,2.3109,3,RIGHT_MI
4871,60.8984375,-1.2698,10.1177,-3.2343,-2.2186,3,RIGHT_MI
4872,60.90234375,-1.4651,10.3153,-6.5966,-5.8405,3,RIGHT_MI
4873,60.90625,2.1036,7.5772,2.8853,3.8336,3,RIGHT_MI
4874,60.91015625,5.4184,9.5998,-1.2136,1.8013,3,RIGHT_MI
4875,60.9140625,0.7511,7.7751,-3.8298,-5.3807,3,RIGHT_MI
4876,60.91796875,0.6376,8.7158,6.8261,3.5125,3,RIGHT_MI
4877,60.921875,6.693,-0.6517,7.3635,-4.4484,3,RIGHT_MI
4878,60.92578125,-1.5888,7.4452,3.925,-3.0205,3,RIGHT_MI
4879,60.9296875,6.2166,-2.7316,-1.4973,-8.7822,3,RIGHT_MI
4880,60.93359375,-3.0765,-3.1534,-0.419,-8.1804,3,RIGHT_MI
4881,60.9375,-3.5438,-10.2403,0.8289,-4.4372,3,RIGHT_MI
4882,60.94140625,-1.8757,-6.6223,0.758,-8.7952,3,RIGHT_MI
4883,60.9453125,4.231,-6.5039,8.0591,-2.3662,3,RIGHT_MI
4884,60.94921875,-4.2883,-5.4663,3.7453,-1.8025,3,RIGHT_MI
4885,60.953125,4.5209,-5.1952,6.259,3.1791,3,RIGHT_MI
4886,60.95703125,4.5422,1.597,6.2607,0.8746,3,RIGHT_MI
4887,60.9609375,2.5452,-1.4444,4.8168,5.3951,3,RIGHT_MI
4888,60.96484375,-4.2178,0.615,2.7639,3.8259,3,RIGHT_MI
4889,60.96875,-0.6631,-6.9841,2.8421,8.1006,3,RIGHT_MI
4890,60.97265625,-1.9412,-0.7694,2.3164,4.9531,3,RIGHT_MI
4891,60.9765625,-4.148,-4.3529,-6.7153,5.5969,3,RIGHT_MI
4892,60.98046875,-4.5594,-1.8152,-4.2652,2.4119,3,RIGHT_MI
4893,60.984375,-4.0057,-7.7771,-9.8846,6.1552,3,RIGHT_MI
4894,60.98828125,-9.8057,2.157,-9.1097,0.594,3,RIGHT_MI
4895,60.9921875,-0.7552,-0.6104,-4.8499,2.8638,3,RIGHT_MI
4896,60.99609375,-4.4805,2.2722,-11.8077,3.7751,3,RIGHT_MI
4897,61.0,1.2928,3.0574,-5.5297,-1.9706,3,RIGHT_MI
4898,61.00390625,0.5125,4.6526,-3.1904,-1.2125,3,RIGHT_MI
4899,61.0078125,2.9066,12.4581,-4.8538,1.5642,3,RIGHT_MI
4900,61.01171875,0.0575,4.4532,-2.2452,-0.3007,3,RIGHT_MI
4901,61.015625,5.3998,10.9036,4.2007,-5.843,3,RIGHT_MI
4902,61.01953125,-1.6461,10.6755,5.4859,-4.949,3,RIGHT_MI
4903,61.0234375,4.5973,-0.2829,2.8445,-3.6865,3,RIGHT_MI
4904,61.02734375,5.4105,-4.0229,-1.3303,-6.8156,3,RIGHT_MI
4905,61.03125,1.2232,2.676,1.1446,-5.4914,3,RIGHT_MI
4906,61.03515625,1.7293,-7.8654,3.0168,-4.3267,3,RIGHT_MI
4907,61.0390625,-2.5731,-7.9942,2.9097,-7.1529,3,RIGHT_MI
4908,61.04296875,-0.7172,-4.5652,8.1575,-5.1877,3,RIGHT_MI
4909,61.046875,-1.3733,-10.8484,9.5912,3.2535,3,RIGHT_MI
4910,61.05078125,-5.3235,-8.1107,8.8157,1.1412,3,RIGHT_MI
4911,61.0546875,0.5625,-2.7231,8.2158,9.2158,3,RIGHT_MI
4912,61.05859375,-1.8233,-2.8955,2.9032,3.5508,3,RIGHT_MI
4913,61.0625,3.1346,-3.7583,5.6885,10.129,3,RIGHT_MI
4914,61.06640625,2.7692,5.2758,1.966,3.7064,3,RIGHT_MI
4915,61.0703125,-2.089,-4.741,5.6076,9.4713,3,RIGHT_MI
4916,61.07421875,-1.3923,-1.3774,-1.925,2.3432,3,RIGHT_MI
4917,61.078125,-2.6107,-0.6393,1.001,-0.7318,3,RIGHT_MI
4918,61.08203125,-5.3837,0.1265,-8.36,-0.9847,3,RIGHT_MI
4919,61.0859375,-9.4149,-0.7057,-13.8329,-3.7494,3,RIGHT_MI
4920,61.08984375,-2.111,0.9545,-5.5141,0.4536,3,RIGHT_MI
4921,61.09375,-0.6857,1.6217,-10.4664,1.9401,3,RIGHT_MI
4922,61.09765625,4.2261,6.6561,-10.2115,-3.5531,3,RIGHT_MI
4923,61.1015625,6.6701,13.6992,-4.0367,5.6472,3,RIGHT_MI
4924,61.10546875,2.3008,4.9941,-5.3856,-2.2066,3,RIGHT_MI
4925,61.109375,2.4423,7.6245,-0.3215,-4.2204,3,RIGHT_MI
4926,61.11328125,2.4353,12.1209,-4.9268,-4.4523,3,RIGHT_MI
4927,61.1171875,1.62,8.9619,1.0197,-5.2792,3,RIGHT_MI
4928,61.12109375,2.5514,6.6351,-0.8679,-4.0297,3,RIGHT_MI
4929,61.125,1.5347,1.4028,0.1829,-6.3882,3,RIGHT_MI
4930,61.12890625,0.976,1.9556,3.9753,-3.8031,3,RIGHT_MI
4931,61.1328125,2.1692,-0.4185,-0.4151,-5.9348,3,RIGHT_MI
4932,61.13671875,2.8343,-3.2241,6.9101,-6.563,3,RIGHT_MI
4933,61.140625,-6.2983,-9.2862,1.6861,-2.9777,3,RIGHT_MI
4934,61.14453125,1.8454,-4.4838,0.8569,0.1367,3,RIGHT_MI
4935,61.1484375,-3.4659,-4.4399,7.2848,0.1411,3,RIGHT_MI
4936,61.15234375,-4.3515,-4.5093,2.3152,0.9921,3,RIGHT_MI
4937,61.15625,5.8621,0.9896,7.6399,4.1038,3,RIGHT_MI
4938,61.16015625,-3.3985,-5.2585,10.5529,9.1874,3,RIGHT_MI
4939,61.1640625,2.4588,0.66,4.8055,6.7329,3,RIGHT_MI
4940,61.16796875,1.1287,1.3466,3.1904,7.4396,3,RIGHT_MI
4941,61.171875,1.5545,8.7274,3.9622,6.2864,3,RIGHT_MI
4942,61.17578125,-2.2159,-4.4735,-2.951,14.937,3,RIGHT_MI
4943,61.1796875,-7.3817,-4.1414,-9.0045,2.3186,3,RIGHT_MI
4944,61.18359375,0.5111,2.1881,-10.3312,-3.996,3,RIGHT_MI
4945,61.1875,-2.4803,0.9312,-9.8549,0.5308,3,RIGHT_MI
4946,61.19140625,-2.6602,1.545,-13.1517,-4.7759,3,RIGHT_MI
4947,61.1953125,-4.5434,4.9083,-7.1005,-2.5234,3,RIGHT_MI
4948,61.19921875,-1.1708,3.533,-7.367,0.1027,3,RIGHT_MI
4949,61.203125,-3.5403,5.5973,0.5313,-3.7589,3,RIGHT_MI
4950,61.20703125,0.4679,13.9541,-2.4433,-8.3075,3,RIGHT_MI
4951,61.2109375,0.0968,5.8839,-0.4433,-2.9594,3,RIGHT_MI
4952,61.21484375,1.1442,-0.3046,2.0294,-11.4817,3,RIGHT_MI
4953,61.21875,4.6427,1.1286,2.6995,-6.3976,3,RIGHT_MI
4954,61.22265625,-0.8325,0.7511,3.0365,0.68,3,RIGHT_MI
4955,61.2265625,6.0526,1.0378,1.3227,-6.2965,3,RIGHT_MI
4956,61.23046875,0.8618,-3.2866,2.8053,-10.0068,3,RIGHT_MI
4957,61.234375,-0.3992,-5.195,-0.7877,-3.7831,3,RIGHT_MI
4958,61.23828125,4.0103,-6.8902,-0.9968,-1.9942,3,RIGHT_MI
4959,61.2421875,2.0508,-6.4986,0.1777,-2.6642,3,RIGHT_MI
4960,61.24609375,-1.8777,-0.5171,3.1111,5.1262,3,RIGHT_MI
4961,61.25,2.3691,-8.9469,7.5433,4.538,3,RIGHT_MI
4962,61.25390625,2.6947,0.0625,13.433,5.2366,3,RIGHT_MI
4963,61.2578125,0.3725,-3.3518,1.3041,10.9486,3,RIGHT_MI
4964,61.26171875,-1.9898,-0.8045,9.5572,11.1481,3,RIGHT_MI
4965,61.265625,1.4097,1.1043,5.6964,7.7119,3,RIGHT_MI
4966,61.26953125,0.8766,2.8187,4.8822,7.1886,3,RIGHT_MI
4967,61.2734375,-1.2403,-4.1586,1.5675,2.7728,3,RIGHT_MI
4968,61.27734375,-2.9147,-2.6511,-3.9711,3.3136,3,RIGHT_MI
4969,61.28125,-4.6753,5.8652,-5.0211,-0.9041,3,RIGHT_MI
4970,61.28515625,-2.2815,-0.3973,-5.6551,-4.3227,3,RIGHT_MI
4971,61.2890625,-5.2904,2.7044,-6.8799,-0.1845,3,RIGHT_MI
4972,61.29296875,-1.2814,7.6439,-5.6241,-1.3888,3,RIGHT_MI
4973,61.296875,-1.081,5.255,-5.6507,-4.9221,3,RIGHT_MI
4974,61.30078125,4.4916,5.9974,-3.959,-6.3461,3,RIGHT_MI
4975,61.3046875,4.0685,7.3384,-1.62,-4.4063,3,RIGHT_MI
4976,61.30859375,6.169,8.5837,0.4849,-1.5409,3,RIGHT_MI
4977,61.3125,0.0298,8.1788,-1.7145,-7.3463,3,RIGHT_MI
4978,61.31640625,9.7191,-2.1573,-1.8149,2.3141,3,RIGHT_MI
4979,61.3203125,2.8303,3.2974,-0.1611,-3.7313,3,RIGHT_MI
4980,61.32421875,-1.0506,0.9788,-2.0916,-2.3197,3,RIGHT_MI
4981,61.328125,1.1629,-7.7886,-4.7931,-2.491,3,RIGHT_MI
4982,61.33203125,2.2062,-3.034,0.1103,-5.1538,3,RIGHT_MI
4983,61.3359375,-4.5966,-4.2228,-2.7414,-0.3297,3,RIGHT_MI
4984,61.33984375,-5.646,-12.5962,1.2214,6.9346,3,RIGHT_MI
4985,61.34375,-7.9127,-5.8164,4.4881,-0.2468,3,RIGHT_MI
4986,61.34765625,-5.2442,-8.164,1.2703,6.631,3,RIGHT_MI
4987,61.3515625,2.0345,-4.6796,10.7487,11.0478,3,RIGHT_MI
4988,61.35546875,3.5153,-4.985,6.7143,4.8776,3,RIGHT_MI
4989,61.359375,-3.235,0.7546,10.6439,8.1418,3,RIGHT_MI
4990,61.36328125,-0.4797,-2.7586,9.151,6.345,3,RIGHT_MI
4991,61.3671875,3.6486,1.4281,0.8275,11.4558,3,RIGHT_MI
4992,61.37109375,-0.4805,0.9735,-2.9227,3.3764,3,RIGHT_MI
4993,61.375,-0.8481,-0.2888,3.33,4.6827,3,RIGHT_MI
4994,61.37890625,-7.5172,1.8475,-1.9663,-1.8886,3,RIGHT_MI
4995,61.3828125,-8.6952,2.8588,-1.4311,-1.19,3,RIGHT_MI
4996,61.38671875,-10.296,-4.3576,-1.6809,-5.8397,3,RIGHT_MI
4997,61.390625,1.6448,2.5549,-6.2594,-7.1279,3,RIGHT_MI
4998,61.39453125,-2.7294,4.9224,-11.2043,-6.7528,3,RIGHT_MI
4999,61.3984375,-0.5943,5.667,-8.0642,-6.0555,3,RIGHT_MI
5000,61.40234375,6.3883,9.9891,-8.8688,-2.4751,3,RIGHT_MI
5001,61.40625,4.5368,9.2054,-0.4119,-5.1241,3,RIGHT_MI
5002,61.41015625,4.0677,5.0462,-3.3974,-2.4902,3,RIGHT_MI
5003,61.4140625,0.9338,7.2834,-1.1192,-3.0882,3,RIGHT_MI
5004,61.41796875,6.2835,-2.9773,-0.7923,-2.5515,3,RIGHT_MI
5005,61.421875,-2.6213,-0.9148,1.936,-5.5192,3,RIGHT_MI
5006,61.42578125,-0.8515,-5.3236,5.6841,-6.3772,3,RIGHT_MI
5007,61.4296875,-1.229,-1.6832,-6.8281,-0.0714,3,RIGHT_MI
5008,61.43359375,0.4286,-7.6767,-1.745,1.273,3,RIGHT_MI
5009,61.4375,2.3603,-6.7346,-2.0917,-2.3084,3,RIGHT_MI
5010,61.44140625,-4.6961,-4.7271,1.4271,-1.2221,3,RIGHT_MI
5011,61.4453125,1.0871,-8.5918,2.8661,4.0276,3,RIGHT_MI
5012,61.44921875,-3.6105,-3.3206,0.8867,4.1767,3,RIGHT_MI
5013,61.453125,1.5751,-3.7668,8.3222,7.0495,3,RIGHT_MI
5014,61.45703125,6.7395,-2.1688,8.4218,8.5456,3,RIGHT_MI
5015,61.4609375,1.3211,-3.2924,12.1459,5.2631,3,RIGHT_MI
5016,61.46484375,3.1582,-5.3143,4.8297,3.4302,3,RIGHT_MI
5017,61.46875,-0.0542,-0.3508,5.94,2.9292,3,RIGHT_MI
5018,61.47265625,-1.6025,2.6246,0.2334,4.917,3,RIGHT_MI
5019,61.4765625,-2.8221,5.6983,2.9847,0.0501,3,RIGHT_MI
5020,61.48046875,-6.0616,2.3781,-5.4925,-0.7392,3,RIGHT_MI
5021,61.484375,-2.5627,1.4811,-9.805,-6.7845,3,RIGHT_MI
5022,61.48828125,-6.3213,-6.6719,-6.5735,-10.6034,3,RIGHT_MI
5023,61.4921875,-2.2894,6.886,-0.0428,-10.1169,3,RIGHT_MI
5024,61.49609375,-4.7038,2.5848,-13.6231,-6.629,3,RIGHT_MI
5025,61.5,2.6142,7.7026,-3.4612,-4.4426,3,RIGHT_MI
5026,61.50390625,3.3297,5.2537,-10.4868,-3.7719,3,RIGHT_MI
5027,61.5078125,4.5253,7.5707,-0.9426,1.744,3,RIGHT_MI
5028,61.51171875,6.0854,10.7065,-6.225,-3.2257,3,RIGHT_MI
5029,61.515625,-0.6727,3.8498,-0.9201,0.7059,3,RIGHT_MI
5030,61.51953125,6.9534,1.0642,-2.4005,3.3255,3,RIGHT_MI
5031,61.5234375,3.569,1.234,1.0718,-0.5765,3,RIGHT_MI
5032,61.52734375,2.7293,-1.5892,-5.6526,-5.5143,3,RIGHT_MI
5033,61.53125,2.1867,-6.5536,0.0719,-2.1926,3,RIGHT_MI
5034,61.53515625,-2.5031,-8.5464,-0.1865,7.886,3,RIGHT_MI
5035,61.5390625,-4.0628,-11.3127,-1.8057,-2.5688,3,RIGHT_MI
5036,61.54296875,-3.8266,-13.9628,7.9508,5.3764,3,RIGHT_MI
5037,61.546875,3.2378,-7.6976,9.3356,10.0736,3,RIGHT_MI
5038,61.55078125,-1.3784,-6.8409,7.8393,7.9729,3,RIGHT_MI
5039,61.5546875,0.6527,-7.3525,5.2605,-0.4343,3,RIGHT_MI
5040,61.55859375,-6.0829,-3.0222,8.961,3.2653,3,RIGHT_MI
5041,61.5625,-0.1166,-0.7924,6.2913,6.3317,3,RIGHT_MI
5042,61.56640625,1.084,3.8117,7.669,2.1134,3,RIGHT_MI
5043,61.5703125,1.8527,2.8434,1.0645,2.2428,3,RIGHT_MI
5044,61.57421875,-0.1294,1.3246,2.0014,1.6015,3,RIGHT_MI
5045,61.578125,-2.4212,3.4987,2.8638,-3.206,3,RIGHT_MI
5046,61.58203125,-6.0812,2.01,-5.5683,-4.4718,3,RIGHT_MI
5047,61.5859375,-4.652,7.6352,-7.2929,-11.1152,3,RIGHT_MI
5048,61.58984375,-1.2954,6.0809,-7.744,-3.8528,3,RIGHT_MI
5049,61.59375,-3.9853,7.036,-7.3354,-5.3954,3,RIGHT_MI
5050,61.59765625,-1.4655,6.2676,-6.5627,-5.4377,3,RIGHT_MI
5051,61.6015625,2.8385,5.4119,-2.6769,-4.0245,3,RIGHT_MI
5052,61.60546875,2.5612,4.8195,0.0882,-2.0958,3,RIGHT_MI
5053,61.609375,1.0706,2.7606,-2.6929,-3.277,3,RIGHT_MI
5054,61.61328125,5.4811,6.3409,-7.8929,-5.7317,3,RIGHT_MI
5055,61.6171875,7.0812,0.7034,-5.5474,1.092,3,RIGHT_MI
5056,61.62109375,3.4285,0.1112,-8.4659,-2.5232,3,RIGHT_MI
5057,61.625,0.3953,-6.0767,2.1113,-1.321,3,RIGHT_MI
5058,61.62890625,-7.2302,-6.5027,-3.8756,-0.1981,3,RIGHT_MI
5059,61.6328125,-2.8083,-3.8493,-6.9209,3.5599,3,RIGHT_MI
5060,61.63671875,-0.6889,-10.7302,-3.0137,-1.8685,3,RIGHT_MI
5061,61.640625,-2.2823,-1.9001,5.5643,0.6788,3,RIGHT_MI
5062,61.64453125,-7.1589,-11.9398,1.2716,4.8618,3,RIGHT_MI
5063,61.6484375,1.0056,-6.5851,4.0007,6.7552,3,RIGHT_MI
5064,61.65234375,-0.7571,-5.6203,7.3409,3.4516,3,RIGHT_MI
5065,61.65625,3.6216,-5.4424,8.3943,4.0042,3,RIGHT_MI
5066,61.66015625,2.4797,1.9167,18.3581,5.116,3,RIGHT_MI
5067,61.6640625,-1.2188,2.1566,0.9743,4.9482,3,RIGHT_MI
5068,61.66796875,1.4248,7.0584,5.8119,0.8493,3,RIGHT_MI
5069,61.671875,3.327,4.5461,4.6397,-2.2784,3,RIGHT_MI
5070,61.67578125,-2.3959,1.5582,1.4931,-0.6395,3,RIGHT_MI
5071,61.6796875,-2.9962,0.629,0.0779,-8.2112,3,RIGHT_MI
5072,61.68359375,-3.963,0.4023,1.6532,-12.8866,3,RIGHT_MI
5073,61.6875,-4.9053,0.9904,-4.0663,-11.9057,3,RIGHT_MI
5074,61.69140625,-7.319,-0.1011,-3.036,-13.1662,3,RIGHT_MI
5075,61.6953125,-2.446,3.4695,-3.5756,-6.978,3,RIGHT_MI
5076,61.69921875,3.6802,10.4993,-3.869,-2.4694,3,RIGHT_MI
5077,61.703125,0.2676,5.2425,-3.181,-4.8093,3,RIGHT_MI
5078,61.70703125,4.913,8.8851,-8.0828,1.3685,3,RIGHT_MI
5079,61.7109375,7.1284,0.4795,-5.6167,1.9691,3,RIGHT_MI
5080,61.71484375,5.846,2.1826,-1.731,2.0819,3,RIGHT_MI
5081,61.71875,1.483,1.6618,1.4585,4.2875,3,RIGHT_MI
5082,61.72265625,6.6996,3.9993,-4.9752,1.7731,3,RIGHT_MI
5083,61.7265625,-0.5641,-7.4728,-3.4011,1.774,3,RIGHT_MI
5084,61.73046875,3.5657,-6.6895,-6.9909,5.8576,3,RIGHT_MI
5085,61.734375,1.1637,-10.7285,-2.2908,5.4322,3,RIGHT_MI
5086,61.73828125,-1.5993,-10.5296,0.0054,1.6534,3,RIGHT_MI
5087,61.7421875,-4.1326,-11.7717,-0.6824,-1.3082,3,RIGHT_MI
5088,61.74609375,-1.8667,-9.8475,5.4128,9.1977,3,RIGHT_MI
5089,61.75,1.1757,-4.856,2.0536,7.1226,3,RIGHT_MI
5090,61.75390625,0.2579,-2.6596,7.1495,1.8174,3,RIGHT_MI
5091,61.7578125,4.8689,-7.0462,9.9723,7.2413,3,RIGHT_MI
5092,61.76171875,0.4538,-0.854,9.6829,6.5425,3,RIGHT_MI
5093,61.765625,5.6406,4.4587,8.6821,5.852,3,RIGHT_MI
5094,61.76953125,-1.3543,-4.3138,3.7276,1.2449,3,RIGHT_MI
5095,61.7734375,-4.5587,3.866,1.7295,-1.1459,3,RIGHT_MI
5096,61.77734375,-0.5034,7.5807,2.3741,-9.0789,3,RIGHT_MI
5097,61.78125,-8.9532,1.9028,-8.971,-11.1147,3,RIGHT_MI
5098,61.78515625,-6.4991,7.0682,-4.0058,-9.5425,3,RIGHT_MI
5099,61.7890625,-7.5328,5.6832,-3.3605,-11.758,3,RIGHT_MI
5100,61.79296875,-1.1977,-3.6,-4.0291,-6.5243,3,RIGHT_MI
5101,61.796875,4.8323,2.1481,-0.5958,1.7186,3,RIGHT_MI
5102,61.80078125,0.8513,0.1851,-2.7831,-3.7644,3,RIGHT_MI
5103,61.8046875,3.4754,10.2154,-5.9877,-4.5765,3,RIGHT_MI
5104,61.80859375,1.8072,-2.1831,-4.2502,5.994,3,RIGHT_MI
5105,61.8125,-3.2876,5.7491,-1.7079,6.4427,3,RIGHT_MI
5106,61.81640625,3.4469,0.3956,-7.4294,2.4326,3,RIGHT_MI
5107,61.8203125,-0.9938,-4.2945,-5.2717,4.5064,3,RIGHT_MI
5108,61.82421875,1.3272,-8.1715,-3.7149,6.2511,3,RIGHT_MI
5109,61.828125,4.6273,-6.2416,-2.0135,6.2002,3,RIGHT_MI
5110,61.83203125,4.3606,-8.7577,-5.8966,-0.9048,3,RIGHT_MI
5111,61.8359375,2.2401,-12.0475,-4.3939,1.0274,3,RIGHT_MI
5112,61.83984375,-0.8683,-8.3109,1.4153,-4.6488,3,RIGHT_MI
5113,61.84375,-1.0117,-7.7695,-1.1197,9.6499,3,RIGHT_MI
5114,61.84765625,4.2783,-3.7698,0.5904,-0.3826,3,RIGHT_MI
5115,61.8515625,1.4492,0.3402,3.9084,4.24,3,RIGHT_MI
5116,61.85546875,9.4302,-0.8568,11.0724,5.7176,3,RIGHT_MI
5117,61.859375,6.028,4.059,7.9172,1.1362,3,RIGHT_MI
5118,61.86328125,-1.446,7.9987,8.7582,0.9296,3,RIGHT_MI
5119,61.8671875,-1.5517,2.0374,7.3766,-0.4402,3,RIGHT_MI
5120,61.87109375,-2.035,5.1823,9.0862,-4.2865,3,RIGHT_MI
5121,61.875,4.2415,8.7986,3.5165,-8.2588,3,RIGHT_MI
5122,61.87890625,-1.4962,4.0885,0.1891,-5.4672,3,RIGHT_MI
5123,61.8828125,-3.914,6.8063,1.3453,-12.9648,3,RIGHT_MI
5124,61.88671875,-5.765,-1.5231,-7.3068,-9.1776,3,RIGHT_MI
5125,61.890625,-4.8132,0.7336,1.402,-9.9581,3,RIGHT_MI
5126,61.89453125,-6.0862,0.9951,-4.4911,-8.959,3,RIGHT_MI
5127,61.8984375,0.4511,3.9524,-3.8056,4.3819,3,RIGHT_MI
5128,61.90234375,-0.9551,5.452,-6.5768,-1.3539,3,RIGHT_MI
5129,61.90625,-2.3324,6.4584,-3.1427,0.6408,3,RIGHT_MI
5130,61.91015625,4.0696,-2.3292,-4.0727,5.9449,3,RIGHT_MI
5131,61.9140625,9.5081,-1.1306,2.4795,10.662,3,RIGHT_MI
5132,61.91796875,4.4808,-2.1374,-6.2426,13.1324,3,RIGHT_MI
5133,61.921875,4.9736,-4.4504,-8.8779,10.379,3,RIGHT_MI
5134,61.92578125,1.4643,-5.9767,-9.4361,7.3063,3,RIGHT_MI
5135,61.9296875,-4.1293,-7.5226,-4.7109,-2.1236,3,RIGHT_MI
5136,61.93359375,2.2772,-8.9556,-4.8624,2.3786,3,RIGHT_MI
5137,61.9375,0.67,-4.4085,-0.151,4.4086,3,RIGHT_MI
5138,61.94140625,-3.4116,-13.1879,-5.2048,3.8016,3,RIGHT_MI
5139,61.9453125,0.4982,-6.0038,-0.3591,7.9746,3,RIGHT_MI
5140,61.94921875,-3.0795,-6.1252,2.5065,-1.5205,3,RIGHT_MI
5141,61.953125,-0.2846,-2.4287,9.4655,0.3145,3,RIGHT_MI
5142,61.95703125,3.1285,-1.3813,5.2088,5.4955,3,RIGHT_MI
5143,61.9609375,1.9684,6.8767,7.1139,-5.233,3,RIGHT_MI
5144,61.96484375,6.638,-1.6473,5.6244,-1.8701,3,RIGHT_MI
5145,61.96875,-3.2317,0.4664,10.7818,-4.2523,3,RIGHT_MI
5146,61.97265625,-2.4241,-1.4764,-0.0417,-3.2019,3,RIGHT_MI
5147,61.9765625,-6.6402,7.643,4.98,-6.4122,3,RIGHT_MI
5148,61.98046875,-4.5197,0.7256,-3.1441,-12.2793,3,RIGHT_MI
5149,61.984375,-3.1554,-1.5316,-2.3315,-16.6067,3,RIGHT_MI
5150,61.98828125,-7.2971,3.3722,-7.2247,-3.1634,3,RIGHT_MI
5151,61.9921875,-2.902,2.9369,-7.1451,-9.5286,3,RIGHT_MI
5152,61.99609375,0.4636,-1.5091,-7.5547,-5.3591,3,RIGHT_MI
5153,62.0,-0.0943,7.9915,-3.6782,2.3343,3,RIGHT_MI
5154,62.00390625,3.7114,2.752,-13.3669,4.1386,3,RIGHT_MI
5155,62.0078125,3.7251,7.4417,-1.9806,9.4802,3,RIGHT_MI
5156,62.01171875,2.3011,1.5364,-0.686,4.8013,3,RIGHT_MI
5157,62.015625,1.6703,5.8991,-5.0029,10.9606,3,RIGHT_MI
5158,62.01953125,0.1029,-3.1221,-0.7159,7.0505,3,RIGHT_MI
5159,62.0234375,7.4255,-2.5797,-9.9543,10.1629,3,RIGHT_MI
5160,62.02734375,-1.2577,-3.5549,-4.6885,8.1347,3,RIGHT_MI
5161,62.03125,-1.436,-3.2688,-8.2569,1.8801,3,RIGHT_MI
5162,62.03515625,3.4076,-9.5303,-3.0842,2.3321,3,RIGHT_MI
5163,62.0390625,-2.495,-5.0881,-4.2982,-1.2119,3,RIGHT_MI
5164,62.04296875,-0.9705,-6.7951,0.4494,-5.1094,3,RIGHT_MI
5165,62.046875,0.2153,-6.0559,-1.2966,0.2619,3,RIGHT_MI
5166,62.05078125,-0.5116,-3.7438,-5.2575,-0.5647,3,RIGHT_MI
5167,62.0546875,0.9654,3.6997,2.2359,-0.1084,3,RIGHT_MI
5168,62.05859375,-2.0708,0.6323,6.4722,1.4905,3,RIGHT_MI
5169,62.0625,3.4998,9.3356,13.5816,1.3086,3,RIGHT_MI
5170,62.06640625,5.4197,5.1746,3.6637,2.3694,3,RIGHT_MI
5171,62.0703125,-0.6378,9.0418,9.0895,-6.7813,3,RIGHT_MI
5172,62.07421875,-9.1343,6.4486,9.0964,-5.9614,3,RIGHT_MI
5173,62.078125,-7.9477,4.3802,7.8282,-5.4039,3,RIGHT_MI
5174,62.08203125,-4.7975,3.2412,-1.4558,-14.2988,3,RIGHT_MI
5175,62.0859375,-2.8024,3.3324,-3.091,-3.09,3,RIGHT_MI
5176,62.08984375,1.4029,2.177,1.7874,-1.7685,3,RIGHT_MI
5177,62.09375,-8.7153,7.2237,-0.3226,-8.8022,3,RIGHT_MI
5178,62.09765625,-5.1825,6.0866,-3.9503,-5.3083,3,RIGHT_MI
5179,62.1015625,-0.5776,4.2068,-5.3328,4.8304,3,RIGHT_MI
5180,62.10546875,6.0442,4.9867,-3.9546,5.644,3,RIGHT_MI
5181,62.109375,10.1616,5.0864,-0.9377,9.9523,3,RIGHT_MI
5182,62.11328125,5.0,3.2106,-1.939,13.8024,3,RIGHT_MI
5183,62.1171875,1.4504,2.2914,-6.9855,9.2245,3,RIGHT_MI
5184,62.12109375,0.6571,-0.3647,-2.0213,3.7402,3,RIGHT_MI
5185,62.125,3.3489,-5.4715,-2.6291,8.1866,3,RIGHT_MI
5186,62.12890625,5.3626,-12.7605,1.0865,0.5887,3,RIGHT_MI
5187,62.1328125,1.6251,-10.9812,-3.1283,-2.5743,3,RIGHT_MI
5188,62.13671875,-4.253,-14.7679,-6.0135,0.2346,3,RIGHT_MI
5189,62.140625,-1.9018,-3.8201,-4.4298,-2.0924,3,RIGHT_MI
5190,62.14453125,-1.5962,-6.3405,-7.0884,-0.5724,3,RIGHT_MI
5191,62.1484375,4.0635,-2.2603,6.1396,0.8519,3,RIGHT_MI
5192,62.15234375,-1.8191,3.1463,8.9675,-2.2022,3,RIGHT_MI
5193,62.15625,0.4906,0.0838,10.1141,-3.5762,3,RIGHT_MI
5194,62.16015625,-3.2462,0.8274,9.8475,-4.8037,3,RIGHT_MI
5195,62.1640625,3.5871,6.5595,9.8148,-0.2794,3,RIGHT_MI
5196,62.16796875,1.7335,3.1061,12.3891,-0.8661,3,RIGHT_MI
5197,62.171875,-3.5785,3.9289,7.6743,-4.4558,3,RIGHT_MI
5198,62.17578125,2.8622,-2.0652,0.3073,-6.4532,3,RIGHT_MI
5199,62.1796875,-2.8411,9.2573,5.857,-8.0466,3,RIGHT_MI
5200,62.18359375,-9.0981,4.324,-0.559,-6.3631,3,RIGHT_MI
5201,62.1875,-4.4751,-0.3212,-1.3455,-2.9484,3,RIGHT_MI
5202,62.19140625,-3.6832,1.5813,-5.101,-1.612,3,RIGHT_MI
5203,62.1953125,-2.7182,-2.7333,-1.1785,1.8091,3,RIGHT_MI
5204,62.19921875,1.1248,0.3442,-4.358,3.4823,3,RIGHT_MI
5205,62.203125,-2.5087,1.9672,-1.1833,2.2159,3,RIGHT_MI
5206,62.20703125,2.2382,3.6355,-0.5079,2.2999,3,RIGHT_MI
5207,62.2109375,-2.4351,1.6372,-1.2451,4.8166,3,RIGHT_MI
5208,62.21484375,3.1017,-0.0828,-10.1569,8.7898,3,RIGHT_MI
5209,62.21875,2.685,-7.2694,-3.4888,7.3402,3,RIGHT_MI
5210,62.22265625,-0.8357,-2.0194,-8.1477,7.8101,3,RIGHT_MI
5211,62.2265625,0.5996,-10.609,-8.4851,7.9912,3,RIGHT_MI
5212,62.23046875,-4.9494,-8.3209,-6.3272,1.1682,3,RIGHT_MI
5213,62.234375,3.2087,-8.2633,-3.9417,-0.8872,3,RIGHT_MI
5214,62.23828125,-2.4953,-8.4282,-8.9393,-4.1574,3,RIGHT_MI
5215,62.2421875,-7.6599,-5.709,-2.2365,0.8155,3,RIGHT_MI
5216,62.24609375,-1.7102,-5.2477,-0.4609,-6.5495,3,RIGHT_MI
5217,62.25,-5.4803,-1.998,2.1142,-7.0845,3,RIGHT_MI
5218,62.25390625,4.7415,-0.9504,-0.042,-1.4828,3,RIGHT_MI
5219,62.2578125,2.5434,0.2172,6.8265,-5.4521,3,RIGHT_MI
5220,62.26171875,-6.8559,6.8376,6.8133,-1.8612,3,RIGHT_MI
5221,62.265625,3.573,3.4062,4.0445,-3.1329,3,RIGHT_MI
5222,62.26953125,-2.1823,5.3316,10.1928,-5.4117,3,RIGHT_MI
5223,62.2734375,-0.59,14.8781,9.1065,-3.331,3,RIGHT_MI
5224,62.27734375,-6.3597,6.2193,2.5328,-5.3046,3,RIGHT_MI
5225,62.28125,-2.504,3.4715,2.3059,-6.3422,3,RIGHT_MI
5226,62.28515625,2.1713,1.2797,1.9306,-5.9724,3,RIGHT_MI
5227,62.2890625,2.8296,-0.1975,3.2476,-1.693,3,RIGHT_MI
5228,62.29296875,-1.3872,5.8071,-3.1159,0.6807,3,RIGHT_MI
5229,62.296875,-1.4244,7.4125,0.3013,1.7272,3,RIGHT_MI
5230,62.30078125,0.9133,0.544,-1.7216,1.7111,3,RIGHT_MI
5231,62.3046875,6.9492,1.3327,-0.936,10.1599,3,RIGHT_MI
5232,62.30859375,6.84,-2.1933,-3.1329,6.1492,3,RIGHT_MI
5233,62.3125,6.1659,2.1833,-1.7097,14.1328,3,RIGHT_MI
5234,62.31640625,2.3019,-6.8012,-2.6511,9.0679,3,RIGHT_MI
5235,62.3203125,0.1621,-4.1789,-6.4478,4.3021,3,RIGHT_MI
5236,62.32421875,-1.7995,-9.2309,-6.9315,5.8008,3,RIGHT_MI
5237,62.328125,4.8422,-4.3525,-10.2763,-5.5742,3,RIGHT_MI
5238,62.33203125,-0.8222,-7.7574,-11.6679,-1.506,3,RIGHT_MI
5239,62.3359375,-2.8929,-10.0014,-4.6259,1.6822,3,RIGHT_MI
5240,62.33984375,2.4669,-6.0978,-10.7198,-0.2629,3,RIGHT_MI
5241,62.34375,-1.8113,-4.2004,-6.145,-3.8539,3,RIGHT_MI
5242,62.34765625,-5.9115,-7.4158,-2.4497,-10.1919,3,RIGHT_MI
5243,62.3515625,-0.4783,-3.9933,1.4308,-4.4441,3,RIGHT_MI
5244,62.35546875,-2.4076,2.3638,5.5137,0.581,3,RIGHT_MI
5245,62.359375,1.7734,6.3858,5.1411,-6.4602,3,RIGHT_MI
5246,62.36328125,0.2395,2.5068,10.7547,1.0435,3,RIGHT_MI
5247,62.3671875,-1.894,10.1541,3.9592,-4.4602,3,RIGHT_MI
5248,62.37109375,4.1074,7.9844,10.5137,-6.0654,3,RIGHT_MI
5249,62.375,-1.4774,11.8521,5.794,-0.4997,3,RIGHT_MI
5250,62.37890625,-2.4022,6.0481,7.5234,-5.5963,3,RIGHT_MI
5251,62.3828125,-3.7136,-1.169,3.8623,-0.643,3,RIGHT_MI
5252,62.38671875,-6.4579,4.8876,3.5494,-0.8836,3,RIGHT_MI
5253,62.390625,-5.5963,0.6633,-5.0018,-2.9697,3,RIGHT_MI
5254,62.39453125,-7.4365,1.6522,-3.1588,3.1971,3,RIGHT_MI
5255,62.3984375,0.4321,-0.668,0.4788,2.5955,3,RIGHT_MI
5256,62.40234375,-0.7882,0.7871,-4.3006,6.9628,3,RIGHT_MI
5257,62.40625,1.2611,-3.478,-1.9389,12.9782,3,RIGHT_MI
5258,62.41015625,4.469,2.4688,1.9109,4.7013,3,RIGHT_MI
5259,62.4140625,4.4771,6.9435,1.7942,5.1987,3,RIGHT_MI
5260,62.41796875,3.9231,-3.4664,-5.6665,8.5533,3,RIGHT_MI
5261,62.421875,2.3913,-6.006,-1.1875,3.4071,3,RIGHT_MI
5262,62.42578125,0.0897,-2.8875,-4.204,-2.1647,3,RIGHT_MI
5263,62.4296875,-3.6929,-11.4444,-7.0059,-4.1207,3,RIGHT_MI
5264,62.43359375,-0.9194,-7.1207,-5.3619,0.9083,3,RIGHT_MI
5265,62.4375,-0.4314,-6.2187,-7.0087,-6.9313,3,RIGHT_MI
5266,62.44140625,0.6664,-7.2843,-2.2998,-14.0323,3,RIGHT_MI
5267,62.4453125,-4.4988,-3.6879,-7.3365,-5.8134,3,RIGHT_MI
5268,62.44921875,-3.1488,-1.587,-9.2492,-7.6731,3,RIGHT_MI
5269,62.453125,-6.2056,1.6269,6.1247,-6.0376,3,RIGHT_MI
5270,62.45703125,-1.3406,1.4542,10.1935,1.8018,3,RIGHT_MI
5271,62.4609375,-0.3255,4.0299,12.9996,-1.6866,3,RIGHT_MI
5272,62.46484375,1.0675,14.9631,10.2855,-0.4805,3,RIGHT_MI
5273,62.46875,-3.3694,9.2502,9.0629,1.8993,3,RIGHT_MI
5274,62.47265625,0.8901,1.787,4.436,-2.5262,3,RIGHT_MI
5275,62.4765625,-4.4209,8.5677,3.7857,-3.8566,3,RIGHT_MI
5276,62.48046875,-0.0011,8.9919,4.6983,-5.7394,3,RIGHT_MI
5277,62.484375,-3.4268,6.8768,3.4577,5.1304,3,RIGHT_MI
5278,62.48828125,-3.4326,-4.5671,-4.3928,-3.1367,3,RIGHT_MI
5279,62.4921875,-7.3598,-6.1741,3.11,-1.5204,3,RIGHT_MI
5280,62.49609375,0.6268,-2.9728,-6.3572,6.3374,3,RIGHT_MI
5281,62.5,1.9457,-0.6123,0.3392,12.6307,3,RIGHT_MI
5282,62.50390625,1.5888,-7.1866,0.3464,11.1588,3,RIGHT_MI
5283,62.5078125,1.0467,-2.3069,0.0884,7.0192,3,RIGHT_MI
5284,62.51171875,5.9623,3.2027,1.7485,6.4001,3,RIGHT_MI
5285,62.515625,1.7459,1.7135,0.9219,3.9487,3,RIGHT_MI
5286,62.51953125,7.1613,-6.1205,-3.141,-0.3832,3,RIGHT_MI
5287,62.5234375,2.0504,-3.2641,-2.2405,2.9787,3,RIGHT_MI
5288,62.52734375,-0.0395,-6.0139,-7.8612,-2.5803,3,RIGHT_MI
5289,62.53125,1.639,-4.8334,-10.9469,-3.3875,3,RIGHT_MI
5290,62.53515625,-2.1022,-8.7458,-9.522,-7.235,3,RIGHT_MI
5291,62.5390625,-0.3205,-3.4177,-9.3647,-10.9175,3,RIGHT_MI
5292,62.54296875,-0.0474,-1.1613,-4.9112,-4.7502,3,RIGHT_MI
5293,62.546875,-0.2891,-1.5542,-0.7495,-11.3107,3,RIGHT_MI
5294,62.55078125,2.1645,-2.6789,0.3113,-5.2089,3,RIGHT_MI
5295,62.5546875,4.8532,1.6937,7.1837,-5.4263,3,RIGHT_MI
5296,62.55859375,6.5608,5.367,5.4407,-4.1238,3,RIGHT_MI
5297,62.5625,0.5786,8.2169,5.4454,4.797,3,RIGHT_MI
5298,62.56640625,-0.0998,4.9982,2.3308,6.5357,3,RIGHT_MI
5299,62.5703125,0.9897,8.5454,7.4559,-0.7972,3,RIGHT_MI
5300,62.57421875,1.6428,5.0063,6.0005,2.2595,3,RIGHT_MI
5301,62.578125,-1.6864,5.0136,3.2709,-0.1589,3,RIGHT_MI
5302,62.58203125,-1.2623,7.6889,1.7586,-1.9123,3,RIGHT_MI
5303,62.5859375,-4.9246,5.9369,-0.7131,-2.7064,3,RIGHT_MI
5304,62.58984375,-2.812,4.8411,-0.1345,3.6726,3,RIGHT_MI
5305,62.59375,-1.9963,2.0479,0.568,4.213,3,RIGHT_MI
5306,62.59765625,-0.9884,-10.619,-1.6484,8.0363,3,RIGHT_MI
5307,62.6015625,2.0545,-1.9684,4.6227,7.824,3,RIGHT_MI
5308,62.60546875,-0.1406,0.8597,0.0053,1.2833,3,RIGHT_MI
5309,62.609375,3.7216,-4.0457,5.5967,6.6143,3,RIGHT_MI
5310,62.61328125,4.3929,-2.1379,1.1321,2.6876,3,RIGHT_MI
5311,62.6171875,3.8148,-1.3821,-0.5227,-2.325,3,RIGHT_MI
5312,62.62109375,2.4954,-10.4825,-6.1617,-2.3399,3,RIGHT_MI
5313,62.625,5.3584,-4.2502,-12.5813,-2.8051,3,RIGHT_MI
5314,62.62890625,0.2203,-8.9286,-4.8674,-3.4465,3,RIGHT_MI
5315,62.6328125,-4.8756,-11.5803,-8.0272,-8.1014,3,RIGHT_MI
5316,62.63671875,3.9469,-7.4619,-6.0273,-5.4745,3,RIGHT_MI
5317,62.640625,-6.5593,-6.231,-8.6273,-5.0975,3,RIGHT_MI
5318,62.64453125,1.0139,-4.2776,-6.7281,-8.7953,3,RIGHT_MI
5319,62.6484375,-5.2127,0.205,-3.8804,-6.8257,3,RIGHT_MI
5320,62.65234375,1.6307,1.2726,3.9076,-4.6492,3,RIGHT_MI
5321,62.65625,0.9834,4.8473,6.8486,5.3359,3,RIGHT_MI
5322,62.66015625,-0.5953,7.2765,3.5189,-2.2238,3,RIGHT_MI
5323,62.6640625,4.1444,1.6447,3.9474,1.3037,3,RIGHT_MI
5324,62.66796875,0.6255,6.6556,6.5555,4.7044,3,RIGHT_MI
5325,62.671875,4.3463,8.2378,-1.0366,5.1647,3,RIGHT_MI
5326,62.67578125,-4.3926,2.1593,2.872,3.7803,3,RIGHT_MI
5327,62.6796875,-11.2251,6.6335,6.5304,7.6442,3,RIGHT_MI
5328,62.68359375,-6.3243,0.9265,4.8477,2.6478,3,RIGHT_MI
5329,62.6875,-0.8922,0.5653,2.1892,0.4835,3,RIGHT_MI
5330,62.69140625,-3.0349,-4.4435,1.7243,2.8822,3,RIGHT_MI
5331,62.6953125,-2.9201,-4.3638,5.0309,4.0604,3,RIGHT_MI
5332,62.69921875,1.5989,-0.2319,0.6949,6.3667,3,RIGHT_MI
5333,62.703125,0.2423,0.052,-3.9104,7.6014,3,RIGHT_MI
5334,62.70703125,1.1772,-4.3828,-0.7862,1.2688,3,RIGHT_MI
5335,62.7109375,4.7241,-0.1859,-0.538,5.2283,3,RIGHT_MI
5336,62.71484375,7.1066,-2.8922,-2.5618,0.2685,3,RIGHT_MI
5337,62.71875,-1.7217,-3.9246,-6.3576,-1.7403,3,RIGHT_MI
5338,62.72265625,5.801,-3.7692,-7.0559,-1.9888,3,RIGHT_MI
5339,62.7265625,0.3726,-8.683,-6.0732,-3.415,3,RIGHT_MI
5340,62.73046875,-0.7898,-13.5899,-6.9781,-3.894,3,RIGHT_MI
5341,62.734375,-2.6457,-6.9767,-3.7192,-3.9927,3,RIGHT_MI
5342,62.73828125,2.3071,-5.576,-8.7207,-14.6032,3,RIGHT_MI
5343,62.7421875,-4.1829,-2.5815,-1.0939,-8.9474,3,RIGHT_MI
5344,62.74609375,-2.8879,-0.5323,-2.6008,-5.5925,3,RIGHT_MI
5345,62.75,1.3846,6.2743,-4.1357,-2.8636,3,RIGHT_MI
5346,62.75390625,-1.8118,-0.0772,2.4568,-2.9993,3,RIGHT_MI
5347,62.7578125,5.8399,3.6603,7.3332,-3.0048,3,RIGHT_MI
5348,62.76171875,-0.2693,9.3797,7.129,4.5488,3,RIGHT_MI
5349,62.765625,-2.355,9.2338,1.6187,8.8161,3,RIGHT_MI
5350,62.76953125,-1.781,11.4372,-0.0351,0.4597,3,RIGHT_MI
5351,62.7734375,-3.0552,7.5654,4.0845,9.5673,3,RIGHT_MI
5352,62.77734375,-2.8945,0.3973,2.2116,9.8656,3,RIGHT_MI
5353,62.78125,-5.4651,-5.9134,0.5426,0.7829,3,RIGHT_MI
5354,62.78515625,-4.4295,2.4131,7.8411,6.4253,3,RIGHT_MI
5355,62.7890625,-1.1585,2.4593,1.1642,4.3596,3,RIGHT_MI
5356,62.79296875,-3.4933,-2.8846,0.504,1.2252,3,RIGHT_MI
5357,62.796875,6.3958,-2.297,-1.0812,-1.9492,3,RIGHT_MI
5358,62.80078125,4.1835,1.0102,1.4494,4.9152,3,RIGHT_MI
5359,62.8046875,4.9855,-0.6858,-3.1805,3.0773,3,RIGHT_MI
5360,62.80859375,0.7298,2.5266,3.9458,0.4274,3,RIGHT_MI
5361,62.8125,-0.4779,-3.4851,4.82,3.5458,3,RIGHT_MI
5362,62.81640625,6.2968,-7.0536,-2.1505,-1.942,3,RIGHT_MI
5363,62.8203125,7.9826,-4.6677,-1.972,-6.2798,3,RIGHT_MI
5364,62.82421875,10.6569,-8.8652,-6.6416,-2.6755,3,RIGHT_MI
5365,62.828125,-1.9415,-8.3993,-10.4895,-11.3004,3,RIGHT_MI
5366,62.83203125,2.8539,-6.9655,-6.0333,-13.5962,3,RIGHT_MI
5367,62.8359375,-0.8928,-7.4157,-5.3965,-8.4908,3,RIGHT_MI
5368,62.83984375,-2.4543,-6.7827,-6.8527,-1.0473,3,RIGHT_MI
5369,62.84375,-1.4331,-1.8715,-5.9245,-9.4941,3,RIGHT_MI
5370,62.84765625,0.5345,1.0896,-2.4281,-5.2543,3,RIGHT_MI
5371,62.8515625,2.6067,3.7719,9.2785,3.0153,3,RIGHT_MI
5372,62.85546875,5.0381,3.6793,4.5421,-0.6218,3,RIGHT_MI
5373,62.859375,-3.4333,6.7798,5.6523,2.3833,3,RIGHT_MI
5374,62.86328125,-3.2161,8.2933,4.5359,1.3022,3,RIGHT_MI
5375,62.8671875,2.3433,10.5523,-1.3086,2.4387,3,RIGHT_MI
5376,62.87109375,-1.1504,5.034,8.5364,7.4216,3,RIGHT_MI
5377,62.875,-5.3103,6.5088,5.8722,2.992,3,RIGHT_MI
5378,62.87890625,-1.8675,-0.8041,2.2478,6.5185,3,RIGHT_MI
5379,62.8828125,-1.9737,-2.7239,2.5465,2.6022,3,RIGHT_MI
5380,62.88671875,-1.3967,-1.8175,1.5913,7.9262,3,RIGHT_MI
5381,62.890625,0.5544,-2.795,0.4882,6.2673,3,RIGHT_MI
5382,62.89453125,-4.8541,0.247,-0.485,7.4606,3,RIGHT_MI
5383,62.8984375,4.2971,-5.0029,5.5911,-6.6389,3,RIGHT_MI
5384,62.90234375,4.3129,1.4089,4.4871,-0.2412,3,RIGHT_MI
5385,62.90625,-2.1517,-2.3444,-1.9704,-2.9085,3,RIGHT_MI
5386,62.91015625,3.814,3.3599,-1.6047,-3.3061,3,RIGHT_MI
5387,62.9140625,11.0961,0.4162,0.9962,1.0926,3,RIGHT_MI
5388,62.91796875,7.9997,-1.9107,-6.4441,-4.9141,3,RIGHT_MI
5389,62.921875,-4.5675,-5.0818,-2.3979,-6.0791,3,RIGHT_MI
5390,62.92578125,3.0698,-9.6421,-5.4633,-9.3281,3,RIGHT_MI
5391,62.9296875,2.0317,-7.4577,-8.1831,-4.026,3,RIGHT_MI
5392,62.93359375,0.3336,-4.3234,-3.8455,-8.4277,3,RIGHT_MI
5393,62.9375,-0.3081,-2.2846,-11.2115,-9.8589,3,RIGHT_MI
5394,62.94140625,0.9894,-3.8008,-7.495,-5.1375,3,RIGHT_MI
5395,62.9453125,1.926,2.1227,-5.993,-4.0618,3,RIGHT_MI
5396,62.94921875,-2.2162,4.8748,-4.8443,2.1353,3,RIGHT_MI
5397,62.953125,1.2064,1.6906,-3.042,3.7078,3,RIGHT_MI
5398,62.95703125,1.9919,6.5806,-1.2314,0.715,3,RIGHT_MI
5399,62.9609375,1.3601,11.1742,4.8064,6.443,3,RIGHT_MI
5400,62.96484375,4.8949,11.0688,1.1372,6.3674,3,RIGHT_MI
5401,62.96875,-4.1705,6.4085,2.0583,10.3465,3,RIGHT_MI
5402,62.97265625,2.3607,5.3457,6.1366,6.9665,3,RIGHT_MI
5403,62.9765625,-3.2347,3.4418,3.459,6.5379,3,RIGHT_MI
5404,62.98046875,-6.1774,4.0249,3.3285,2.6882,3,RIGHT_MI
5405,62.984375,-5.4391,2.4156,4.222,4.1675,3,RIGHT_MI
5406,62.98828125,-3.7825,-4.9003,2.3688,1.1919,3,RIGHT_MI
5407,62.9921875,0.4925,-2.849,7.2259,-0.723,3,RIGHT_MI
5408,62.99609375,-3.7376,-6.1831,2.5905,-0.0653,3,RIGHT_MI
5409,63.0,2.0824,-0.8657,1.1811,-3.4794,3,RIGHT_MI
5410,63.00390625,-3.4951,-4.8833,2.0169,-1.1519,3,RIGHT_MI
5411,63.0078125,-2.1318,-3.2843,-0.0839,-7.3866,3,RIGHT_MI
5412,63.01171875,1.5694,-1.8132,-0.9133,-3.2964,3,RIGHT_MI
5413,63.015625,-2.6538,-3.2214,-3.833,-5.6493,3,RIGHT_MI
5414,63.01953125,1.5467,-2.8749,2.0925,2.5827,3,RIGHT_MI
5415,63.0234375,2.2285,-5.0559,-3.4149,-0.7058,3,RIGHT_MI
5416,63.02734375,-4.444,-1.7649,-8.5022,-0.3208,3,RIGHT_MI
5417,63.03125,0.0089,-11.3441,-6.6581,-2.5156,3,RIGHT_MI
5418,63.03515625,3.3564,-1.1732,-8.7359,-3.842,3,RIGHT_MI
5419,63.0390625,1.2841,-6.1217,-6.31,-5.5014,3,RIGHT_MI
5420,63.04296875,-1.2442,-4.7418,-2.9537,-5.5247,3,RIGHT_MI
5421,63.046875,-2.6101,-0.966,-2.7133,-3.1506,3,RIGHT_MI
5422,63.05078125,-4.302,-4.1802,-3.4381,3.2256,3,RIGHT_MI
5423,63.0546875,1.8528,3.4252,-0.1006,-1.6615,3,RIGHT_MI
5424,63.05859375,2.1814,7.5621,6.2599,11.2597,3,RIGHT_MI
5425,63.0625,5.3727,7.8096,-2.7781,8.6369,3,RIGHT_MI
5426,63.06640625,7.9126,10.6606,1.3344,9.4588,3,RIGHT_MI
5427,63.0703125,5.7419,11.1031,9.8906,5.7045,3,RIGHT_MI
5428,63.07421875,-3.1375,2.8514,5.4581,6.5867,3,RIGHT_MI
5429,63.078125,-3.2706,1.4437,2.5984,2.6177,3,RIGHT_MI
5430,63.08203125,-7.0751,1.1337,4.3879,5.5139,3,RIGHT_MI
5431,63.0859375,-6.9603,-1.7683,0.2354,-1.9565,3,RIGHT_MI
5432,63.08984375,-6.7873,-5.0839,5.2964,0.9517,3,RIGHT_MI
5433,63.09375,-2.1925,-3.5288,3.6526,-2.6957,3,RIGHT_MI
5434,63.09765625,4.0503,-2.7982,3.5,-3.0235,3,RIGHT_MI
5435,63.1015625,0.9213,-6.6993,5.0865,-8.0825,3,RIGHT_MI
5436,63.10546875,5.5295,1.2744,6.2417,-1.6821,3,RIGHT_MI
5437,63.109375,6.8972,-3.7504,0.9184,-0.8807,3,RIGHT_MI
5438,63.11328125,4.7523,-3.7312,6.5902,-2.834,3,RIGHT_MI
5439,63.1171875,5.1956,-5.2034,9.4272,-1.9911,3,RIGHT_MI
5440,63.12109375,-0.3948,1.0471,-3.5119,-12.5952,3,RIGHT_MI
5441,63.125,3.4837,-10.2637,-7.4307,-3.9718,3,RIGHT_MI
5442,63.12890625,-0.4387,4.4786,-12.6067,-6.1125,3,RIGHT_MI
5443,63.1328125,-3.6103,-5.3345,-6.917,-5.0497,3,RIGHT_MI
5444,63.13671875,-0.522,-0.2468,-11.1953,-3.5005,3,RIGHT_MI
5445,63.140625,1.4031,-4.3428,-15.6256,-3.3733,3,RIGHT_MI
5446,63.14453125,-4.0508,-3.1999,-8.505,-0.7991,3,RIGHT_MI
5447,63.1484375,-2.2058,5.1594,-2.8478,6.2277,3,RIGHT_MI
5448,63.15234375,2.4613,1.0137,1.039,2.9734,3,RIGHT_MI
5449,63.15625,1.665,4.6409,1.6089,6.7336,3,RIGHT_MI
5450,63.16015625,2.7544,8.1314,0.1322,4.7039,3,RIGHT_MI
5451,63.1640625,-2.3127,12.7454,5.9754,8.1256,3,RIGHT_MI
5452,63.16796875,1.4723,6.5707,3.9859,6.5088,3,RIGHT_MI
5453,63.171875,0.4572,7.1181,5.3612,3.7034,3,RIGHT_MI
5454,63.17578125,-0.5649,0.6449,1.9865,6.2956,3,RIGHT_MI
5455,63.1796875,-5.7748,3.0408,5.7504,-0.2249,3,RIGHT_MI
5456,63.18359375,1.0573,-5.754,6.1619,-2.4477,3,RIGHT_MI
5457,63.1875,-5.2688,-5.8951,6.8563,-6.5092,3,RIGHT_MI
5458,63.19140625,-2.0031,-3.3975,2.3088,-0.4357,3,RIGHT_MI
5459,63.1953125,-4.3634,-1.9675,2.2213,-1.1127,3,RIGHT_MI
5460,63.19921875,-4.1021,-6.4169,9.5285,-2.8405,3,RIGHT_MI
5461,63.203125,1.9255,-6.0203,4.6046,1.673,3,RIGHT_MI
5462,63.20703125,3.2836,-3.2294,8.0213,-6.0117,3,RIGHT_MI
5463,63.2109375,5.9712,-3.0208,9.7137,-0.0831,3,RIGHT_MI
5464,63.21484375,1.077,-2.9514,4.2574,2.7654,3,RIGHT_MI
5465,63.21875,-0.7847,-8.2425,4.6078,-7.7437,3,RIGHT_MI
5466,63.22265625,5.6541,-4.0977,-2.1547,-6.5799,3,RIGHT_MI
5467,63.2265625,2.0863,-7.1464,-1.553,-6.1199,3,RIGHT_MI
5468,63.23046875,0.3427,-1.6326,-6.029,-4.5437,3,RIGHT_MI
5469,63.234375,-3.3979,2.3118,-8.8994,-6.8963,3,RIGHT_MI
5470,63.23828125,-1.1452,-5.0172,-11.8897,-4.4074,3,RIGHT_MI
5471,63.2421875,-1.9035,-0.5183,-8.3414,-0.0915,3,RIGHT_MI
5472,63.24609375,-3.7576,0.452,-6.0379,2.9877,3,RIGHT_MI
5473,63.25,-2.1211,5.8586,-1.996,0.8731,3,RIGHT_MI
5474,63.25390625,3.1406,9.276,-3.6272,6.2968,3,RIGHT_MI
5475,63.2578125,3.3707,8.0241,3.8753,7.0124,3,RIGHT_MI
5476,63.26171875,1.3977,7.125,2.4066,7.6675,3,RIGHT_MI
5477,63.265625,-2.411,4.5589,3.4853,6.5659,3,RIGHT_MI
5478,63.26953125,1.7359,9.6602,1.4039,8.8913,3,RIGHT_MI
5479,63.2734375,-4.3065,1.7278,9.142,9.0287,3,RIGHT_MI
5480,63.27734375,-4.1631,-0.7979,-0.4782,4.9087,3,RIGHT_MI
5481,63.28125,-1.7461,-1.2939,4.2184,-4.3685,3,RIGHT_MI
5482,63.28515625,-5.1966,-0.4795,-1.5662,-2.6293,3,RIGHT_MI
5483,63.2890625,-7.7437,-5.5147,0.9366,-0.2345,3,RIGHT_MI
5484,63.29296875,-1.9594,-5.4867,0.7291,0.1973,3,RIGHT_MI
5485,63.296875,-1.3315,-2.4691,2.4928,-3.7029,3,RIGHT_MI
5486,63.30078125,-1.1403,-6.9723,0.6996,-8.2685,3,RIGHT_MI
5487,63.3046875,4.3833,-1.319,10.1339,1.521,3,RIGHT_MI
5488,63.30859375,5.0144,-0.8638,7.7651,-6.183,3,RIGHT_MI
5489,63.3125,0.1732,-3.1923,4.6819,1.3573,3,RIGHT_MI
5490,63.31640625,7.7145,-4.6867,4.9779,-0.3251,3,RIGHT_MI
5491,63.3203125,-2.7309,1.54,3.0557,-4.2289,3,RIGHT_MI
5492,63.32421875,-2.2775,-1.7685,-0.7597,-3.9449,3,RIGHT_MI
5493,63.328125,-6.1317,-1.7698,0.4972,-0.6851,3,RIGHT_MI
5494,63.33203125,-3.8373,-9.283,-4.4571,-8.0465,3,RIGHT_MI
5495,63.3359375,0.4357,-1.9536,-7.7011,1.5098,3,RIGHT_MI
5496,63.33984375,-5.1545,-0.0812,-13.126,2.0377,3,RIGHT_MI
5497,63.34375,-0.3789,2.1855,-8.0544,-1.6787,3,RIGHT_MI
5498,63.34765625,2.2859,7.9628,-7.0911,4.1601,3,RIGHT_MI
5499,63.3515625,-0.3524,5.7449,-8.9095,10.845,3,RIGHT_MI
5500,63.35546875,-0.0337,6.0971,-2.0977,9.0784,3,RIGHT_MI
5501,63.359375,2.2167,10.1837,-5.5084,9.7134,3,RIGHT_MI
5502,63.36328125,0.5351,7.864,2.0877,13.9456,3,RIGHT_MI
5503,63.3671875,3.5583,7.5194,-6.1334,9.5616,3,RIGHT_MI
5504,63.37109375,4.0283,0.2237,3.7594,7.6382,3,RIGHT_MI
5505,63.375,-7.0577,1.2405,2.8983,2.3019,3,RIGHT_MI
5506,63.37890625,-3.4093,-2.8485,-0.5713,-3.3628,3,RIGHT_MI
5507,63.3828125,-8.0253,-5.7432,-0.2909,-6.1557,3,RIGHT_MI
5508,63.38671875,-2.9934,-3.9386,1.1295,-8.6872,3,RIGHT_MI
5509,63.390625,-4.4806,-2.3977,0.2487,-8.1307,3,RIGHT_MI
5510,63.39453125,3.7144,-7.235,2.1868,-4.5463,3,RIGHT_MI
5511,63.3984375,1.1154,-5.1788,5.6754,-8.499,3,RIGHT_MI
5512,63.40234375,0.1196,-2.0472,7.5256,-2.5316,3,RIGHT_MI
5513,63.40625,1.7069,-3.9612,2.5261,-12.6712,3,RIGHT_MI
5514,63.41015625,6.6353,1.2804,7.6086,1.7194,3,RIGHT_MI
5515,63.4140625,5.1119,-3.1799,3.1534,-2.7094,3,RIGHT_MI
5516,63.41796875,6.6539,-2.0429,-3.9723,1.951,3,RIGHT_MI
5517,63.421875,6.6036,-3.7261,-0.9977,-3.4236,3,RIGHT_MI
5518,63.42578125,4.3784,-6.0703,-4.3469,-1.4693,3,RIGHT_MI
5519,63.4296875,-3.754,-2.2744,-2.916,-4.3205,3,RIGHT_MI
5520,63.43359375,0.0244,0.008,-13.1575,-6.1185,3,RIGHT_MI
5521,63.4375,-4.9805,-1.4088,-8.5863,0.7982,3,RIGHT_MI
5522,63.44140625,-0.374,3.137,-9.8473,3.2066,3,RIGHT_MI
5523,63.4453125,-6.1003,2.3136,-5.1762,5.8667,3,RIGHT_MI
5524,63.44921875,-0.1302,2.2776,-10.3347,3.2812,3,RIGHT_MI
5525,63.453125,1.4748,7.7096,6.5874,8.0293,3,RIGHT_MI
5526,63.45703125,6.7019,10.7826,-2.8011,13.6617,3,RIGHT_MI
5527,63.4609375,1.0079,8.1519,1.3747,4.9278,3,RIGHT_MI
5528,63.46484375,2.2431,8.0194,-1.9928,8.9885,3,RIGHT_MI
5529,63.46875,5.36,2.9967,4.9971,7.2001,3,RIGHT_MI
5530,63.47265625,0.5311,2.7452,1.8413,-1.8835,3,RIGHT_MI
5531,63.4765625,-1.3461,6.2541,5.4034,0.8663,3,RIGHT_MI
5532,63.48046875,-3.3576,-5.7283,7.3167,-1.5771,3,RIGHT_MI
5533,63.484375,-8.1891,-2.9798,0.208,-5.7027,3,RIGHT_MI
5534,63.48828125,-7.9651,-6.8206,3.0396,-9.6817,3,RIGHT_MI
5535,63.4921875,-3.8862,-4.8825,3.4104,-6.6127,3,RIGHT_MI
5536,63.49609375,-2.7805,-9.2051,5.4137,-7.5324,3,RIGHT_MI
5537,63.5,-1.6844,-3.9051,8.0255,-9.7297,3,RIGHT_MI
5538,63.50390625,-1.395,-1.9094,3.7433,-7.6752,3,RIGHT_MI
5539,63.5078125,-0.1639,-8.1381,8.6174,1.4629,3,RIGHT_MI
5540,63.51171875,-0.5085,1.2585,10.8825,-1.1845,3,RIGHT_MI
5541,63.515625,0.5629,-0.8522,0.4049,-0.639,3,RIGHT_MI
5542,63.51953125,-1.0476,2.6026,8.822,-1.1853,3,RIGHT_MI
5543,63.5234375,3.6816,-1.8129,-1.9527,-1.5965,3,RIGHT_MI
5544,63.52734375,3.5132,-3.4581,-3.9714,4.6321,3,RIGHT_MI
5545,63.53125,-1.2553,0.0637,-7.9184,-1.6703,3,RIGHT_MI
5546,63.53515625,-4.9857,-3.1988,-3.9681,5.3448,3,RIGHT_MI
5547,63.5390625,-0.8178,0.8847,-5.506,1.9236,3,RIGHT_MI
5548,63.54296875,-4.4118,0.4853,-9.1967,0.236,3,RIGHT_MI
5549,63.546875,-0.4666,4.6687,-11.4092,3.756,3,RIGHT_MI
5550,63.55078125,-1.3215,7.9725,-3.5058,6.0532,3,RIGHT_MI
5551,63.5546875,-0.3951,8.0714,-7.4528,5.2753,3,RIGHT_MI
5552,63.55859375,-2.2428,14.3825,-1.0868,10.6232,3,RIGHT_MI
5553,63.5625,6.0531,8.9798,-0.2124,8.0247,3,RIGHT_MI
5554,63.56640625,6.5108,6.6083,-1.4545,7.7718,3,RIGHT_MI
5555,63.5703125,1.5124,2.2574,1.4237,5.9913,3,RIGHT_MI
5556,63.57421875,2.7528,3.93,4.7325,-2.0842,3,RIGHT_MI
5557,63.578125,-0.864,4.3131,5.3696,-0.1239,3,RIGHT_MI
5558,63.58203125,-3.9209,-3.3829,2.0305,-2.1753,3,RIGHT_MI
5559,63.5859375,-7.0253,-6.4187,3.478,-6.0045,3,RIGHT_MI
5560,63.58984375,-0.2503,-1.9946,2.2041,-9.6035,3,RIGHT_MI
5561,63.59375,-4.5034,-5.0067,1.0511,-10.5261,3,RIGHT_MI
5562,63.59765625,0.4823,-3.4994,4.2617,-7.6788,3,RIGHT_MI
5563,63.6015625,1.9141,-9.6741,7.9186,-8.4232,3,RIGHT_MI
5564,63.60546875,3.1257,-5.4505,0.4151,3.0113,3,RIGHT_MI
5565,63.609375,4.6684,-1.2621,10.8103,-4.7735,3,RIGHT_MI
5566,63.61328125,-4.0797,-6.1785,7.3843,-0.7215,3,RIGHT_MI
5567,63.6171875,5.2456,1.7749,-1.9097,-3.1288,3,RIGHT_MI
5568,63.62109375,4.9319,-1.8526,-1.1947,3.6419,3,RIGHT_MI
5569,63.625,-2.2437,1.7559,2.0005,5.5559,3,RIGHT_MI
5570,63.62890625,-2.6192,0.2571,-6.4839,-3.1111,3,RIGHT_MI
5571,63.6328125,-3.5815,1.9764,-5.6193,3.1051,3,RIGHT_MI
5572,63.63671875,0.8183,3.1564,-11.5201,0.5663,3,RIGHT_MI
5573,63.640625,2.5232,2.3739,-9.0719,3.1881,3,RIGHT_MI
5574,63.64453125,-0.8296,6.4946,-9.9474,4.3624,3,RIGHT_MI
5575,63.6484375,4.9366,2.5745,-7.9129,2.5104,3,RIGHT_MI
5576,63.65234375,4.4484,4.6407,-6.7296,7.3645,3,RIGHT_MI
5577,63.65625,1.1655,4.3298,-2.5741,8.0878,3,RIGHT_MI
5578,63.66015625,2.9698,6.7825,-4.3368,3.5399,3,RIGHT_MI
5579,63.6640625,6.5613,9.4482,4.4751,5.7457,3,RIGHT_MI
5580,63.66796875,-3.3842,0.4259,2.436,8.6804,3,RIGHT_MI
5581,63.671875,-6.8411,2.6976,-1.313,2.0587,3,RIGHT_MI
5582,63.67578125,-8.7715,-1.0694,-2.2452,-0.3554,3,RIGHT_MI
5583,63.6796875,-2.5156,-1.6968,-0.6281,-0.7121,3,RIGHT_MI
5584,63.68359375,-5.3552,-5.5326,5.0817,-6.5286,3,RIGHT_MI
5585,63.6875,-2.3542,-7.7207,1.0884,-7.1487,3,RIGHT_MI
5586,63.69140625,-0.7807,-7.4478,2.8773,-9.9235,3,RIGHT_MI
5587,63.6953125,3.5774,-6.8658,-0.9038,-5.5805,3,RIGHT_MI
5588,63.69921875,3.1791,-7.3629,7.1951,-8.1822,3,RIGHT_MI
5589,63.703125,0.607,-9.3936,6.6019,-5.0267,3,RIGHT_MI
5590,63.70703125,7.9643,-1.2567,4.8649,-1.371,3,RIGHT_MI
5591,63.7109375,4.8064,-1.977,7.741,3.2957,3,RIGHT_MI
5592,63.71484375,5.5705,-2.9872,7.9722,3.6012,3,RIGHT_MI
5593,63.71875,4.2253,-1.9009,-0.0094,0.5227,3,RIGHT_MI
5594,63.72265625,4.1122,-2.1258,5.8893,6.0467,3,RIGHT_MI
5595,63.7265625,1.9626,0.9099,-1.9999,2.3164,3,RIGHT_MI
5596,63.73046875,2.9477,-2.2414,-9.756,-0.0762,3,RIGHT_MI
5597,63.734375,-3.3634,-3.2654,-7.4206,2.0747,3,RIGHT_MI
5598,63.73828125,-0.977,-1.2477,-6.1233,3.0911,3,RIGHT_MI
5599,63.7421875,-6.2264,5.5714,-6.5708,-0.8431,3,RIGHT_MI
5600,63.74609375,-2.1819,6.9783,-7.5079,8.2043,3,RIGHT_MI
5601,63.75,-0.5533,0.642,-1.9342,3.5847,3,RIGHT_MI
5602,63.75390625,-1.3773,4.4327,-6.2253,2.2987,3,RIGHT_MI
5603,63.7578125,4.438,5.8973,-3.1597,3.5497,3,RIGHT_MI
5604,63.76171875,3.1124,7.862,1.2892,0.2135,3,RIGHT_MI
5605,63.765625,-1.7848,8.9237,-4.3573,-3.134,3,RIGHT_MI
5606,63.76953125,2.3114,9.9094,2.5183,-3.1794,3,RIGHT_MI
5607,63.7734375,-1.3239,3.1972,3.7777,-2.9978,3,RIGHT_MI
5608,63.77734375,-7.4546,0.9951,1.2742,-12.2266,3,RIGHT_MI
5609,63.78125,-2.8335,-4.3138,0.3777,-14.7148,3,RIGHT_MI
5610,63.78515625,-4.4126,-13.0772,-3.2123,-10.2929,3,RIGHT_MI
5611,63.7890625,-4.7661,-6.4215,-0.5086,-12.2192,3,RIGHT_MI
5612,63.79296875,0.5014,-8.0688,2.7875,-4.4076,3,RIGHT_MI
5613,63.796875,-2.2461,-9.7203,7.1241,-7.5935,3,RIGHT_MI
5614,63.80078125,1.7643,-4.8111,8.8107,3.4561,3,RIGHT_MI
5615,63.8046875,0.6157,-3.4008,6.0527,0.495,3,RIGHT_MI
5616,63.80859375,6.8829,1.7353,6.0479,5.7408,3,RIGHT_MI
5617,63.8125,3.9922,4.1589,11.1303,5.0003,3,RIGHT_MI
5618,63.81640625,1.8244,0.0648,6.9733,3.7566,3,RIGHT_MI
5619,63.8203125,15.8788,-7.6249,5.9507,7.1506,3,RIGHT_MI
5620,63.82421875,-2.03,-2.9393,-0.0922,1.1488,3,RIGHT_MI
5621,63.828125,-4.5427,-4.6849,-4.3094,5.1544,3,RIGHT_MI
5622,63.83203125,-2.1056,-0.5667,-8.8074,6.0059,3,RIGHT_MI
5623,63.8359375,-2.0745,4.7906,-8.8222,3.7378,3,RIGHT_MI
5624,63.83984375,-6.1188,1.9258,-13.3634,6.642,3,RIGHT_MI
5625,63.84375,-4.2994,7.0307,-3.9284,5.8629,3,RIGHT_MI
5626,63.84765625,0.4408,5.0454,-1.8947,0.9347,3,RIGHT_MI
5627,63.8515625,3.1123,14.1162,-5.5056,4.9155,3,RIGHT_MI
5628,63.85546875,-1.626,12.1449,-9.3163,5.2719,3,RIGHT_MI
5629,63.859375,1.4338,7.1928,-4.9667,2.6649,3,RIGHT_MI
5630,63.86328125,-0.329,5.2891,0.7013,4.099,3,RIGHT_MI
5631,63.8671875,5.1367,4.3669,-5.2235,3.1052,3,RIGHT_MI
5632,63.87109375,-1.5046,-3.7373,0.5627,-1.1882,3,RIGHT_MI
5633,63.875,-1.3413,0.3757,-0.7736,-5.4934,3,RIGHT_MI
5634,63.87890625,-2.2534,-4.4018,2.891,-0.2831,3,RIGHT_MI
5635,63.8828125,-6.8559,-7.9467,2.0966,-10.9174,3,RIGHT_MI
5636,63.88671875,-3.0742,-10.0676,4.4572,-8.9155,3,RIGHT_MI
5637,63.890625,-1.3269,-8.4056,7.9837,-4.4173,3,RIGHT_MI
5638,63.89453125,-2.4817,-7.8802,0.2327,-5.9606,3,RIGHT_MI
5639,63.8984375,-7.0714,-5.8423,4.2712,-1.7502,3,RIGHT_MI
5640,63.90234375,-1.7991,-5.6567,7.7402,2.4965,3,RIGHT_MI
5641,63.90625,0.9192,-5.3707,12.1949,-0.4722,3,RIGHT_MI
5642,63.91015625,3.221,2.1646,7.4931,11.6965,3,RIGHT_MI
5643,63.9140625,3.3857,1.5943,11.7747,6.1577,3,RIGHT_MI
5644,63.91796875,2.0634,1.1947,7.2555,4.5538,3,RIGHT_MI
5645,63.921875,0.4615,1.4669,4.3231,6.0771,3,RIGHT_MI
5646,63.92578125,-3.0801,2.2342,-2.5218,4.387,3,RIGHT_MI
5647,63.9296875,-0.5711,-1.9315,-2.0875,5.8084,3,RIGHT_MI
5648,63.93359375,-1.3274,4.6155,-7.2876,3.2743,3,RIGHT_MI
5649,63.9375,-0.1296,4.7825,-0.0511,6.2928,3,RIGHT_MI
5650,63.94140625,-2.1662,-2.1173,-7.2999,4.7805,3,RIGHT_MI
5651,63.9453125,0.9278,4.754,-8.4767,4.4932,3,RIGHT_MI
5652,63.94921875,-2.5247,3.115,3.979,3.2503,3,RIGHT_MI
5653,63.953125,-0.6431,7.727,-4.1766,-3.8407,3,RIGHT_MI
5654,63.95703125,-4.1544,9.2986,-1.711,2.4579,3,RIGHT_MI
5655,63.9609375,3.6882,8.8273,3.8116,2.1072,3,RIGHT_MI
5656,63.96484375,4.4626,8.9883,-0.4041,0.1544,3,RIGHT_MI
5657,63.96875,-3.0842,5.5187,0.8848,-3.6036,3,RIGHT_MI
5658,63.97265625,2.1091,0.0574,-3.2787,-0.0907,3,RIGHT_MI
5659,63.9765625,5.1136,-3.2237,-4.8166,-11.2368,3,RIGHT_MI
5660,63.98046875,-7.9349,-5.0889,-2.1416,-2.0139,3,RIGHT_MI
5661,63.984375,-9.1668,-6.6757,-3.6494,-10.7169,3,RIGHT_MI
5662,63.98828125,-1.9251,-8.224,-3.3591,-6.0672,3,RIGHT_MI
5663,63.9921875,-5.8154,-8.1728,0.9761,-8.2323,3,RIGHT_MI
5664,63.99609375,-2.8075,-13.2621,2.4642,3.1706,3,RIGHT_MI
5665,64.0,2.6376,-5.6566,1.7062,-2.4274,3,RIGHT_MI
5666,64.00390625,4.9887,0.3517,8.3932,-1.5967,3,RIGHT_MI
5667,64.0078125,-0.556,3.1403,1.7958,5.8977,3,RIGHT_MI
5668,64.01171875,-1.9072,-0.6961,7.4825,2.6804,3,RIGHT_MI
5669,64.015625,5.3731,9.5917,2.8741,8.6805,3,RIGHT_MI
5670,64.01953125,2.8821,1.5351,9.1094,9.5758,3,RIGHT_MI
5671,64.0234375,10.4652,0.1824,-5.9881,8.2196,3,RIGHT_MI
5672,64.02734375,0.4284,-3.3156,-5.6166,5.6772,3,RIGHT_MI
5673,64.03125,5.2462,0.6735,-2.7219,-0.3385,3,RIGHT_MI
5674,64.03515625,-1.21,3.8611,-5.0083,-0.235,3,RIGHT_MI
5675,64.0390625,1.7657,1.8521,-8.3058,1.9047,3,RIGHT_MI
5676,64.04296875,0.806,-0.4399,-7.3093,0.2317,3,RIGHT_MI
5677,64.046875,-1.4726,8.733,-5.2993,0.2506,3,RIGHT_MI
5678,64.05078125,0.3947,8.2726,-6.5899,2.5873,3,RIGHT_MI
5679,64.0546875,-1.3722,5.0738,-3.1791,-1.0379,3,RIGHT_MI
5680,64.05859375,3.5184,7.4086,-0.4229,-4.2931,3,RIGHT_MI
5681,64.0625,2.8064,5.4469,-2.7875,-6.1765,3,RIGHT_MI
5682,64.06640625,2.9518,5.9776,-3.781,-6.9203,3,RIGHT_MI
5683,64.0703125,0.4304,-2.0574,1.1829,-10.834,3,RIGHT_MI
5684,64.07421875,-4.1243,-3.9647,-10.1984,-6.4551,3,RIGHT_MI
5685,64.078125,-3.0383,-1.8614,-5.5935,-3.9547,3,RIGHT_MI
5686,64.08203125,-3.7254,-11.8133,-2.8925,-10.1478,3,RIGHT_MI
5687,64.0859375,-3.5355,-8.0822,-6.6951,-13.0185,3,RIGHT_MI
5688,64.08984375,-3.7811,-6.6183,-0.8695,-3.0137,3,RIGHT_MI
5689,64.09375,-6.3803,-7.9856,2.2645,-3.2366,3,RIGHT_MI
5690,64.09765625,0.1218,-8.8444,-0.6905,4.0769,3,RIGHT_MI
5691,64.1015625,-3.6315,-0.1704,8.5103,1.4521,3,RIGHT_MI
5692,64.10546875,2.6606,-2.4319,6.8376,6.8981,3,RIGHT_MI
5693,64.109375,0.2072,5.0539,9.0421,6.6257,3,RIGHT_MI
5694,64.11328125,3.36,-1.3687,11.7675,6.2062,3,RIGHT_MI
5695,64.1171875,1.6965,1.3676,10.803,7.1923,3,RIGHT_MI
5696,64.12109375,-0.7389,-0.1223,4.0371,8.9338,3,RIGHT_MI
5697,64.125,1.3908,5.7853,1.419,9.1826,3,RIGHT_MI
5698,64.12890625,-0.1849,1.608,-5.0948,8.8897,3,RIGHT_MI
5699,64.1328125,-7.6975,6.2637,-3.6716,0.1447,3,RIGHT_MI
5700,64.13671875,0.1993,-2.1432,-1.0613,-1.7644,3,RIGHT_MI
5701,64.140625,-3.2922,1.8968,1.2478,4.0621,3,RIGHT_MI
5702,64.14453125,0.8835,3.2742,-11.0103,2.4136,3,RIGHT_MI
5703,64.1484375,1.3577,3.7044,-4.0588,0.4686,3,RIGHT_MI
5704,64.15234375,-2.6869,11.048,-3.2465,3.3831,3,RIGHT_MI
5705,64.15625,0.3785,5.6752,0.4853,-5.7645,3,RIGHT_MI
5706,64.16015625,2.3044,1.4559,-4.7845,-2.5968,3,RIGHT_MI
5707,64.1640625,3.759,4.5051,-0.2882,0.1834,3,RIGHT_MI
5708,64.16796875,3.6031,1.3549,-2.863,-3.7546,3,RIGHT_MI
5709,64.171875,4.1217,-5.4338,-2.7523,-4.8737,3,RIGHT_MI
5710,64.17578125,-6.0868,-0.3262,-0.8703,-8.4808,3,RIGHT_MI
5711,64.1796875,-5.4724,-3.709,-2.2891,-8.9435,3,RIGHT_MI
5712,64.18359375,-5.3468,-7.8386,-6.1947,-4.6845,3,RIGHT_MI
5713,64.1875,-6.1449,-8.191,2.2879,0.3508,3,RIGHT_MI
5714,64.19140625,-7.6486,-11.7494,-2.7787,-0.1946,3,RIGHT_MI
5715,64.1953125,-0.4741,-8.5921,2.4554,0.4072,3,RIGHT_MI
5716,64.19921875,0.1299,-6.7795,3.1381,-1.3039,3,RIGHT_MI
5717,64.203125,2.0275,-0.9792,8.3014,8.0094,3,RIGHT_MI
5718,64.20703125,5.1109,-0.8199,6.542,3.9604,3,RIGHT_MI
5719,64.2109375,3.6981,3.86,10.0233,7.1957,3,RIGHT_MI
5720,64.21484375,3.4499,2.2107,7.0943,11.1357,3,RIGHT_MI
5721,64.21875,4.2394,-2.1536,3.7526,4.6664,3,RIGHT_MI
5722,64.22265625,0.9723,5.6782,7.5971,7.7484,3,RIGHT_MI
5723,64.2265625,2.4248,-0.0351,1.0412,2.3153,3,RIGHT_MI
5724,64.23046875,1.4084,4.6346,1.813,0.4692,3,RIGHT_MI
5725,64.234375,2.4585,5.834,1.3853,-3.6023,3,RIGHT_MI
5726,64.23828125,1.1595,-0.3354,-7.3632,-4.882,3,RIGHT_MI
5727,64.2421875,-0.2964,5.6578,-6.0745,-6.834,3,RIGHT_MI
5728,64.24609375,4.2567,2.0394,-5.591,-7.1746,3,RIGHT_MI
5729,64.25,-2.9466,1.9749,-2.1452,-9.8243,3,RIGHT_MI
5730,64.25390625,-0.1452,4.4391,-4.6949,-3.9486,3,RIGHT_MI
5731,64.2578125,4.7515,2.7271,-1.024,-3.719,3,RIGHT_MI
5732,64.26171875,4.5268,2.9008,-2.145,-8.3808,3,RIGHT_MI
5733,64.265625,-0.5518,3.1203,-0.9921,0.1507,3,RIGHT_MI
5734,64.26953125,-2.2401,-5.738,0.702,-1.8019,3,RIGHT_MI
5735,64.2734375,-0.2697,-4.4992,1.009,-7.9145,3,RIGHT_MI
5736,64.27734375,-0.0995,-5.0746,-5.6743,-7.6208,3,RIGHT_MI
5737,64.28125,-7.2382,-5.5047,-5.7394,0.8641,3,RIGHT_MI
5738,64.28515625,-5.873,-5.2629,-0.2182,-3.1682,3,RIGHT_MI
5739,64.2890625,-5.6832,-5.4763,0.5799,0.1329,3,RIGHT_MI
5740,64.29296875,-4.1641,-8.7351,-4.3137,-7.0687,3,RIGHT_MI
5741,64.296875,-2.062,-7.0938,6.3608,3.8183,3,RIGHT_MI
5742,64.30078125,-2.8001,-7.0021,4.8717,7.131,3,RIGHT_MI
5743,64.3046875,1.4836,-0.4849,4.4195,3.8434,3,RIGHT_MI
5744,64.30859375,7.1772,2.1018,3.5016,8.2271,3,RIGHT_MI
5745,64.3125,10.1412,2.4496,5.9384,7.5784,3,RIGHT_MI
5746,64.31640625,7.9807,4.4558,6.6401,9.6298,3,RIGHT_MI
5747,64.3203125,4.9533,2.8348,9.0363,5.7081,3,RIGHT_MI
5748,64.32421875,0.6337,8.4132,5.5079,1.8956,3,RIGHT_MI
5749,64.328125,-1.7993,3.7813,6.2036,-0.2245,3,RIGHT_MI
5750,64.33203125,0.3979,7.1041,2.8948,1.1686,3,RIGHT_MI
5751,64.3359375,-5.7832,0.7388,-6.4579,2.3742,3,RIGHT_MI
5752,64.33984375,0.5678,5.0498,3.5198,-5.6938,3,RIGHT_MI
5753,64.34375,-0.2398,5.8456,-1.9779,-5.7471,3,RIGHT_MI
5754,64.34765625,1.5426,8.6618,-3.1809,-9.2633,3,RIGHT_MI
5755,64.3515625,2.6093,5.4423,0.5996,-6.0385,3,RIGHT_MI
5756,64.35546875,8.2333,-2.8125,-8.1123,-1.823,3,RIGHT_MI
5757,64.359375,-3.5993,5.3203,-1.909,-0.8614,3,RIGHT_MI
5758,64.36328125,2.0469,6.6741,-4.5642,-5.8531,3,RIGHT_MI
5759,64.3671875,-2.8279,-3.406,-6.8044,2.5884,3,RIGHT_MI
5760,64.37109375,3.5459,0.4604,3.5129,-8.2488,3,RIGHT_MI
5761,64.375,-7.6793,-12.3183,-3.9508,-3.5315,3,RIGHT_MI
5762,64.37890625,-6.2906,-6.5221,-8.8557,-9.8916,3,RIGHT_MI
5763,64.3828125,0.3949,-8.76,-0.7323,1.2884,3,RIGHT_MI
5764,64.38671875,-6.8074,-7.6021,0.3988,5.8628,3,RIGHT_MI
5765,64.390625,-2.3857,-6.8375,-1.9815,-0.8009,3,RIGHT_MI
5766,64.39453125,-5.7789,-7.7469,2.0722,5.2936,3,RIGHT_MI
5767,64.3984375,0.593,-0.1391,-0.0094,6.3158,3,RIGHT_MI
5768,64.40234375,-2.8219,-4.989,9.0546,-0.3285,3,RIGHT_MI
5769,64.40625,2.3012,-0.4241,9.0968,13.5956,3,RIGHT_MI
5770,64.41015625,3.4453,1.6902,6.0991,11.8512,3,RIGHT_MI
5771,64.4140625,0.9272,5.5673,8.535,9.7852,3,RIGHT_MI
5772,64.41796875,0.6713,11.6368,4.0055,2.3559,3,RIGHT_MI
5773,64.421875,-0.5164,5.884,6.6295,6.3468,3,RIGHT_MI
5774,64.42578125,2.9024,9.7509,2.8928,-1.0757,3,RIGHT_MI
5775,64.4296875,1.5216,5.7695,0.0639,-1.4527,3,RIGHT_MI
5776,64.43359375,-4.5337,-1.8327,4.3976,-3.5271,3,RIGHT_MI
5777,64.4375,-3.1937,4.2125,-5.466,-9.7582,3,RIGHT_MI
5778,64.44140625,2.6945,4.8112,-6.7673,-6.4444,3,RIGHT_MI
5779,64.4453125,-0.8901,2.5826,-6.5455,-7.0589,3,RIGHT_MI
5780,64.44921875,-1.4589,1.9707,-5.2783,-7.8472,3,RIGHT_MI
5781,64.453125,3.9039,4.5742,-3.1132,-2.0943,3,RIGHT_MI
5782,64.45703125,-1.0403,4.6499,2.7919,-2.5883,3,RIGHT_MI
5783,64.4609375,1.0955,5.3113,1.267,-8.8599,3,RIGHT_MI
5784,64.46484375,-5.4097,1.2848,1.4776,-2.3674,3,RIGHT_MI
5785,64.46875,-1.0592,-0.3672,-8.7067,-6.8827,3,RIGHT_MI
5786,64.47265625,-8.2801,-3.4608,-2.6161,4.1467,3,RIGHT_MI
5787,64.4765625,-3.5782,-4.3136,-8.2696,-0.4014,3,RIGHT_MI
5788,64.48046875,-3.2459,-7.9945,-7.7186,1.7742,3,RIGHT_MI
5789,64.484375,-0.7892,-10.9806,-3.6691,-0.928,3,RIGHT_MI
5790,64.48828125,-7.3299,-2.7104,-6.5938,2.4166,3,RIGHT_MI
5791,64.4921875,-1.575,-7.5372,0.7985,4.7801,3,RIGHT_MI
5792,64.49609375,5.9034,-7.2675,-0.5481,6.2407,3,RIGHT_MI
5793,64.5,5.2634,-2.351,2.3586,9.412,3,RIGHT_MI
5794,64.50390625,4.0143,3.3427,4.7485,10.0117,3,RIGHT_MI
5795,64.5078125,0.9848,1.1947,11.9403,9.603,3,RIGHT_MI
5796,64.51171875,3.4092,2.1313,2.6382,3.4032,3,RIGHT_MI
5797,64.515625,5.7169,1.274,11.0477,9.0466,3,RIGHT_MI
5798,64.51953125,3.3227,0.9413,7.3539,7.6247,3,RIGHT_MI
5799,64.5234375,5.2904,4.5729,7.5964,-2.3738,3,RIGHT_MI
5800,64.52734375,-0.2731,1.4066,-0.4328,0.623,3,RIGHT_MI
5801,64.53125,-4.1344,7.331,2.9294,-7.6858,3,RIGHT_MI
5802,64.53515625,-0.6118,2.5448,3.7955,-3.4655,3,RIGHT_MI
5803,64.5390625,-4.2855,3.5513,-1.6908,-8.5084,3,RIGHT_MI
5804,64.54296875,-1.4611,3.9331,-0.2754,-13.3484,3,RIGHT_MI
5805,64.546875,-3.7242,2.0483,-3.1802,-4.0461,3,RIGHT_MI
5806,64.55078125,5.7538,2.9424,0.833,-6.5636,3,RIGHT_MI
5807,64.5546875,1.1478,-0.248,-8.158,-2.4166,3,RIGHT_MI
5808,64.55859375,3.7917,6.6389,-6.4904,0.5287,3,RIGHT_MI
5809,64.5625,0.5055,-0.2924,-6.322,1.3157,3,RIGHT_MI
5810,64.56640625,-0.8596,0.4029,-2.1375,-1.4303,3,RIGHT_MI
5811,64.5703125,0.612,-4.5092,-5.9693,0.2917,3,RIGHT_MI
5812,64.57421875,-4.9231,-3.4758,-2.3139,-1.8091,3,RIGHT_MI
5813,64.578125,-6.2884,-10.103,-1.1387,3.2755,3,RIGHT_MI
5814,64.58203125,-4.5759,-11.1277,2.3172,2.6871,3,RIGHT_MI
5815,64.5859375,-1.9289,-7.5561,-3.192,3.013,3,RIGHT_MI
5816,64.58984375,-5.3092,-13.1151,-7.1605,2.078,3,RIGHT_MI
5817,64.59375,-3.4331,-1.904,-5.0093,3.5633,3,RIGHT_MI
5818,64.59765625,-2.7281,-6.5983,-1.407,0.8179,3,RIGHT_MI
5819,64.6015625,2.7969,0.3957,7.0541,-0.6965,3,RIGHT_MI
5820,64.60546875,-3.0815,4.8175,5.72,6.9542,3,RIGHT_MI
5821,64.609375,4.3957,0.5932,8.42,12.2427,3,RIGHT_MI
5822,64.61328125,6.8936,-1.4988,11.6194,9.3856,3,RIGHT_MI
5823,64.6171875,7.0174,3.73,16.007,4.2328,3,RIGHT_MI
5824,64.62109375,6.2484,6.9712,5.693,-0.5046,3,RIGHT_MI
5825,64.625,-3.1179,8.2718,5.2736,-9.5072,3,RIGHT_MI
5826,64.62890625,-3.7352,8.7534,-1.183,-9.8417,3,RIGHT_MI
5827,64.6328125,4.2605,2.1492,2.1776,-11.1458,3,RIGHT_MI
5828,64.63671875,-1.575,3.4725,-0.758,-12.256,3,RIGHT_MI
5829,64.640625,-5.5208,4.0224,1.2595,-10.372,3,RIGHT_MI
5830,64.64453125,-4.9592,-0.9417,-5.234,-1.4528,3,RIGHT_MI
5831,64.6484375,-1.2567,4.6886,-7.954,-4.4547,3,RIGHT_MI
5832,64.65234375,-1.5686,7.176,-0.2909,-0.705,3,RIGHT_MI
5833,64.65625,3.143,2.0542,-11.345,-0.9497,3,RIGHT_MI
5834,64.66015625,-3.6966,2.633,-2.7306,1.0763,3,RIGHT_MI
5835,64.6640625,2.9308,2.0832,-4.3345,-1.4599,3,RIGHT_MI
5836,64.66796875,-0.1211,-0.5786,-4.7412,1.7693,3,RIGHT_MI
5837,64.671875,3.7237,-8.4844,-1.7391,4.5714,3,RIGHT_MI
5838,64.67578125,-0.0143,-10.8068,-6.6966,-1.8059,3,RIGHT_MI
5839,64.6796875,-5.7839,-10.136,-12.9066,2.7096,3,RIGHT_MI
5840,64.68359375,-6.7818,-4.1198,-6.5561,2.2978,3,RIGHT_MI
5841,64.6875,-4.5006,-4.0633,-0.1266,2.7897,3,RIGHT_MI
5842,64.69140625,-7.7657,-4.5929,-5.0133,-3.1,3,RIGHT_MI
5843,64.6953125,1.0452,-0.1286,-0.8651,3.4387,3,RIGHT_MI
5844,64.69921875,0.3967,-1.0732,0.8407,2.2518,3,RIGHT_MI
5845,64.703125,-0.67,-0.1033,6.0753,6.6441,3,RIGHT_MI
5846,64.70703125,5.7976,1.6781,0.0809,4.7577,3,RIGHT_MI
5847,64.7109375,6.8842,4.7988,4.7972,0.5085,3,RIGHT_MI
5848,64.71484375,4.8511,5.7618,6.8174,3.9751,3,RIGHT_MI
5849,64.71875,2.7446,6.3212,2.7242,3.8275,3,RIGHT_MI
5850,64.72265625,4.5957,6.4972,6.5708,-5.6027,3,RIGHT_MI
5851,64.7265625,2.8132,6.3231,4.9107,-5.6144,3,RIGHT_MI
5852,64.73046875,-0.8403,4.5096,3.1901,-5.9552,3,RIGHT_MI
5853,64.734375,-2.1133,3.6728,-0.933,-10.5381,3,RIGHT_MI
5854,64.73828125,-2.0065,-4.7812,-4.5442,-11.4461,3,RIGHT_MI
5855,64.7421875,0.0126,-0.1579,-1.4822,-9.7505,3,RIGHT_MI
5856,64.74609375,-1.9505,-1.1105,3.0921,-4.4669,3,RIGHT_MI
5857,64.75,4.5267,3.4823,1.4685,-8.47,3,RIGHT_MI
5858,64.75390625,4.1048,4.7514,-2.4785,-0.4197,3,RIGHT_MI
5859,64.7578125,-3.511,4.479,-0.6362,2.6673,3,RIGHT_MI
5860,64.76171875,4.8574,0.5795,2.0805,-0.8161,3,RIGHT_MI
5861,64.765625,4.4409,-2.9565,-5.0794,3.7312,3,RIGHT_MI
5862,64.76953125,-1.9943,3.8156,-4.361,3.7413,3,RIGHT_MI
5863,64.7734375,-2.6428,0.25,-7.4943,4.1987,3,RIGHT_MI
5864,64.77734375,-5.7433,-6.3265,-4.2519,2.218,3,RIGHT_MI
5865,64.78125,-6.5295,-5.5259,-4.1814,2.625,3,RIGHT_MI
5866,64.78515625,-6.7837,-7.246,-5.8619,7.9886,3,RIGHT_MI
5867,64.7890625,-0.7255,-5.6431,-12.366,4.8455,3,RIGHT_MI
5868,64.79296875,-2.6471,-7.8884,-2.1129,5.8233,3,RIGHT_MI
5869,64.796875,-1.1356,-1.0146,2.4059,-1.9862,3,RIGHT_MI
5870,64.80078125,1.5735,-0.1337,-1.3089,3.1588,3,RIGHT_MI
5871,64.8046875,5.2633,7.5847,4.2481,4.9938,3,RIGHT_MI
5872,64.80859375,2.5485,6.4542,8.2915,3.1592,3,RIGHT_MI
5873,64.8125,3.3744,4.709,11.1125,-0.0402,3,RIGHT_MI
5874,64.81640625,7.3801,3.1772,9.5687,-1.5405,3,RIGHT_MI
5875,64.8203125,4.9416,11.3512,12.4589,-8.4277,3,RIGHT_MI
5876,64.82421875,-1.4823,4.3178,5.5448,-1.7628,3,RIGHT_MI
5877,64.828125,1.4712,3.3385,3.3179,-6.8501,3,RIGHT_MI
5878,64.83203125,-4.0445,1.2296,4.3292,-7.367,3,RIGHT_MI
5879,64.8359375,1.1601,6.6813,-1.9013,-9.3705,3,RIGHT_MI
5880,64.83984375,-5.8864,1.2891,1.4316,-13.6118,3,RIGHT_MI
5881,64.84375,-6.1299,0.6832,0.005,-4.811,3,RIGHT_MI
5882,64.84765625,-3.111,4.1434,-0.9238,-3.3371,3,RIGHT_MI
5883,64.8515625,-2.5289,-0.3823,-5.2516,1.2802,3,RIGHT_MI
5884,64.85546875,-3.5793,-1.6311,-3.6892,3.4736,3,RIGHT_MI
5885,64.859375,2.9525,-0.4797,-3.2339,1.1359,3,RIGHT_MI
5886,64.86328125,4.5086,-1.6751,-1.939,7.6694,3,RIGHT_MI
5887,64.8671875,4.3303,0.0116,-4.2514,11.7708,3,RIGHT_MI
5888,64.87109375,-3.2967,-3.5379,-6.3005,6.4025,3,RIGHT_MI
5889,64.875,1.6993,-10.2828,-2.6949,6.1635,3,RIGHT_MI
5890,64.87890625,-9.4038,-8.4066,-9.9134,6.5739,3,RIGHT_MI
5891,64.8828125,-2.6159,-7.8344,-10.3115,7.0877,3,RIGHT_MI
5892,64.88671875,-13.3313,-8.8559,-8.4276,3.5753,3,RIGHT_MI
5893,64.890625,-3.8667,-8.0428,-1.9833,-1.2134,3,RIGHT_MI
5894,64.89453125,-2.7643,-5.214,-5.0367,1.5802,3,RIGHT_MI
5895,64.8984375,-6.0081,0.4602,-4.8084,-3.0236,3,RIGHT_MI
5896,64.90234375,5.5315,-3.1813,-0.2129,5.6996,3,RIGHT_MI
5897,64.90625,1.7006,5.571,7.6307,-1.3815,3,RIGHT_MI
5898,64.91015625,7.0474,3.1452,4.6208,-0.234,3,RIGHT_MI
5899,64.9140625,3.0073,9.6751,6.4766,-1.9745,3,RIGHT_MI
5900,64.91796875,3.0858,2.7827,11.1905,-0.7682,3,RIGHT_MI
5901,64.921875,-2.9579,10.9328,6.2535,-3.1721,3,RIGHT_MI
5902,64.92578125,1.8945,7.9377,8.3608,-1.8658,3,RIGHT_MI
5903,64.9296875,2.9778,4.3226,0.8685,-9.821,3,RIGHT_MI
5904,64.93359375,-2.7199,2.8581,6.2073,-7.0181,3,RIGHT_MI
5905,64.9375,2.2774,2.5167,-1.606,-6.285,3,RIGHT_MI
5906,64.94140625,-3.1469,3.7882,-3.5893,-8.9923,3,RIGHT_MI
5907,64.9453125,-1.4877,5.8998,-1.0109,-1.0796,3,RIGHT_MI
5908,64.94921875,-1.5979,8.3615,-1.6536,2.2688,3,RIGHT_MI
5909,64.953125,-1.0871,1.8784,-1.1611,3.3895,3,RIGHT_MI
5910,64.95703125,1.0662,0.6664,-1.1841,3.3992,3,RIGHT_MI
5911,64.9609375,0.4747,-3.4132,-2.1336,3.4472,3,RIGHT_MI
5912,64.96484375,5.3665,0.7815,-6.9234,4.6708,3,RIGHT_MI
5913,64.96875,-0.5168,-3.7115,-4.0866,10.2902,3,RIGHT_MI
5914,64.97265625,3.6988,-4.0084,-5.7864,6.2286,3,RIGHT_MI
5915,64.9765625,-6.3367,-6.024,-7.5609,6.8194,3,RIGHT_MI
5916,64.98046875,-11.2385,-4.5777,-11.4113,4.2043,3,RIGHT_MI
5917,64.984375,-2.7326,-6.3284,-13.4196,0.7806,3,RIGHT_MI
5918,64.98828125,-5.8362,-3.7038,-7.1959,-1.1783,3,RIGHT_MI
5919,64.9921875,-7.0062,-7.8362,-1.8886,-3.4012,3,RIGHT_MI
5920,64.99609375,-0.6121,-3.879,2.0081,-3.86,3,RIGHT_MI
5921,65.0,-2.5663,0.4637,3.9961,-1.5671,3,RIGHT_MI
5922,65.00390625,1.0327,2.4531,3.9054,-0.4023,3,RIGHT_MI
5923,65.0078125,6.9044,8.6907,9.1567,3.1232,3,RIGHT_MI
5924,65.01171875,1.4192,6.7075,9.7742,-4.1332,3,RIGHT_MI
5925,65.015625,6.7924,8.246,12.076,-3.3183,3,RIGHT_MI
5926,65.01953125,-2.1973,6.4152,7.2865,-3.9563,3,RIGHT_MI
5927,65.0234375,3.6298,6.1527,9.8071,-8.7966,3,RIGHT_MI
5928,65.02734375,1.3858,0.0699,5.1223,-10.4166,3,RIGHT_MI
5929,65.03125,-3.544,6.5915,5.3875,-4.5944,3,RIGHT_MI
5930,65.03515625,2.6999,-0.9979,6.2466,-6.4015,3,RIGHT_MI
5931,65.0390625,-1.5892,1.2463,-1.8777,-4.5516,3,RIGHT_MI
5932,65.04296875,-3.8226,2.8705,-2.3623,1.9287,3,RIGHT_MI
5933,65.046875,2.3746,0.0657,-3.416,-1.6765,3,RIGHT_MI
5934,65.05078125,5.0188,-6.7051,4.0007,4.8523,3,RIGHT_MI
5935,65.0546875,7.8917,-0.2326,0.0354,5.3595,3,RIGHT_MI
5936,65.05859375,4.3488,5.7319,1.5205,8.5613,3,RIGHT_MI
5937,65.0625,5.4973,-0.7404,0.0671,8.1846,3,RIGHT_MI
5938,65.06640625,3.4531,-3.3707,-0.7526,11.2724,3,RIGHT_MI
5939,65.0703125,0.4441,-7.8953,-2.143,10.0207,3,RIGHT_MI
5940,65.07421875,0.1665,-4.6731,-7.793,8.2855,3,RIGHT_MI
5941,65.078125,-4.3874,-5.9109,-10.1143,3.026,3,RIGHT_MI
5942,65.08203125,-6.8076,-6.9897,-6.9193,3.6273,3,RIGHT_MI
5943,65.0859375,-3.9191,-8.1952,-7.562,-1.7933,3,RIGHT_MI
5944,65.08984375,-1.1907,-5.152,-9.5456,0.2939,3,RIGHT_MI
5945,65.09375,-5.7781,0.2098,-5.2427,2.692,3,RIGHT_MI
5946,65.09765625,4.5526,-5.3654,-2.2017,-0.9403,3,RIGHT_MI
5947,65.1015625,-1.1523,2.3496,3.1463,-2.8994,3,RIGHT_MI
5948,65.10546875,4.3401,7.6901,5.3554,0.485,3,RIGHT_MI
5949,65.109375,2.5683,5.4146,6.4828,-0.9117,3,RIGHT_MI
5950,65.11328125,6.9267,7.0997,1.264,-2.3704,3,RIGHT_MI
5951,65.1171875,4.9197,9.3962,6.6239,1.5963,3,RIGHT_MI
5952,65.12109375,2.0194,5.0191,2.998,-3.0864,3,RIGHT_MI
5953,65.125,5.1985,7.2141,4.1115,-8.8766,3,RIGHT_MI
5954,65.12890625,-0.2556,4.3802,3.7069,-10.6639,3,RIGHT_MI
5955,65.1328125,0.0915,0.0711,7.5058,-9.4573,3,RIGHT_MI
5956,65.13671875,-1.4411,0.2564,5.7308,3.1427,3,RIGHT_MI
5957,65.140625,-4.1829,-0.2626,3.6138,0.5322,3,RIGHT_MI
5958,65.14453125,0.2114,-3.4387,-1.6556,-2.6837,3,RIGHT_MI
5959,65.1484375,1.9915,-2.8071,2.546,3.7498,3,RIGHT_MI
5960,65.15234375,-2.4859,0.8018,1.4843,2.2672,3,RIGHT_MI
5961,65.15625,-3.5645,-3.1505,3.379,9.302,3,RIGHT_MI
5962,65.16015625,4.1729,-1.7787,-3.0288,8.6319,3,RIGHT_MI
5963,65.1640625,-0.8087,-1.4425,-4.9258,12.8755,3,RIGHT_MI
5964,65.16796875,-0.0973,-2.9143,-0.5549,10.2743,3,RIGHT_MI
5965,65.171875,-0.0136,-4.6244,-1.5829,9.1725,3,RIGHT_MI
5966,65.17578125,-1.7585,-4.4447,-10.8103,3.6806,3,RIGHT_MI
5967,65.1796875,-8.1645,-8.673,-3.2097,1.7888,3,RIGHT_MI
5968,65.18359375,-3.311,-9.21,-7.4733,-0.6866,3,RIGHT_MI
5969,65.1875,-9.6678,-11.4797,-8.8623,-3.5846,3,RIGHT_MI
5970,65.19140625,-10.6266,-7.4481,-6.2927,-3.9247,3,RIGHT_MI
5971,65.1953125,2.9429,-2.072,-6.6751,-5.4503,3,RIGHT_MI
5972,65.19921875,-0.157,-2.0823,-2.5682,3.1889,3,RIGHT_MI
5973,65.203125,-0.2476,5.113,3.5008,-5.2424,3,RIGHT_MI
5974,65.20703125,4.3284,1.1708,6.6391,0.2893,3,RIGHT_MI
5975,65.2109375,7.8659,8.2929,6.4791,0.9428,3,RIGHT_MI
5976,65.21484375,0.6544,14.6064,7.6395,-2.0072,3,RIGHT_MI
5977,65.21875,2.654,2.5441,7.2596,-2.5493,3,RIGHT_MI
5978,65.22265625,5.9009,10.7562,9.8748,-8.8233,3,RIGHT_MI
5979,65.2265625,-2.6051,6.3674,6.7272,-6.0377,3,RIGHT_MI
5980,65.23046875,-4.7672,-0.0917,7.6412,-7.0056,3,RIGHT_MI
5981,65.234375,-2.1482,2.4577,1.134,-7.1084,3,RIGHT_MI
5982,65.23828125,0.6539,5.295,1.8088,-3.5126,3,RIGHT_MI
5983,65.2421875,-4.6347,-4.2049,-1.3659,1.852,3,RIGHT_MI
5984,65.24609375,1.7957,-5.53,3.9569,1.5147,3,RIGHT_MI
5985,65.25,-1.4651,-2.3012,0.0584,-0.1571,3,RIGHT_MI
5986,65.25390625,-0.6158,-5.5693,2.6948,6.6565,3,RIGHT_MI
5987,65.2578125,6.3226,-2.3251,1.8599,6.9619,3,RIGHT_MI
5988,65.26171875,-0.5344,-1.6937,1.8855,11.102,3,RIGHT_MI
5989,65.265625,3.6083,-1.0573,-2.1672,9.6841,3,RIGHT_MI
5990,65.26953125,3.2976,-2.7641,-7.2011,6.441,3,RIGHT_MI
5991,65.2734375,-2.0195,-8.1681,-2.3149,6.3402,3,RIGHT_MI
5992,65.27734375,-9.1453,-3.5494,-5.4386,-5.2322,3,RIGHT_MI
5993,65.28125,0.5279,-2.2719,-6.9584,-2.7614,3,RIGHT_MI
5994,65.28515625,-7.3988,-11.2564,-12.5326,-3.675,3,RIGHT_MI
5995,65.2890625,-2.2895,-0.2889,-9.4291,-5.4462,3,RIGHT_MI
5996,65.29296875,-6.926,0.5456,-6.3799,-5.9649,3,RIGHT_MI
5997,65.296875,-1.5067,-0.2734,-6.1448,-1.9725,3,RIGHT_MI
5998,65.30078125,1.0959,7.4786,-2.2935,-7.9357,3,RIGHT_MI
5999,65.3046875,2.0222,10.0466,0.5124,-7.876,3,RIGHT_MI
6000,65.30859375,-1.0863,7.6622,1.3515,-6.1355,3,RIGHT_MI
6001,65.3125,3.2032,7.0202,2.4809,-6.968,3,RIGHT_MI
6002,65.31640625,6.2462,9.0862,5.8275,-3.8355,3,RIGHT_MI
6003,65.3203125,5.9868,1.8635,4.4212,-3.3541,3,RIGHT_MI
6004,65.32421875,1.5634,6.3101,5.3963,-2.599,3,RIGHT_MI
6005,65.328125,0.9029,3.9693,6.7896,-3.4713,3,RIGHT_MI
6006,65.33203125,2.5134,1.566,2.2751,-7.2395,3,RIGHT_MI
6007,65.3359375,0.159,-4.6097,9.4496,-5.3708,3,RIGHT_MI
6008,65.33984375,-1.3638,-2.5455,4.2879,-1.565,3,RIGHT_MI
6009,65.34375,-2.291,-4.4696,1.2615,0.9826,3,RIGHT_MI
6010,65.34765625,0.5889,-1.8824,-3.4092,4.2734,3,RIGHT_MI
6011,65.3515625,-1.9756,-5.4535,-2.3962,7.6111,3,RIGHT_MI
6012,65.35546875,-2.7933,-2.9282,4.6081,5.1593,3,RIGHT_MI
6013,65.359375,4.4224,-5.8349,2.7884,7.38,3,RIGHT_MI
6014,65.36328125,1.1574,-4.3384,-0.0158,6.1007,3,RIGHT_MI
6015,65.3671875,-2.4566,-4.2155,0.4694,7.7318,3,RIGHT_MI
6016,65.37109375,-0.3818,-6.177,-1.5739,2.7807,3,RIGHT_MI
6017,65.375,0.2698,-4.819,-3.4613,-1.1746,3,RIGHT_MI
6018,65.37890625,-3.6263,-4.3965,-5.2435,4.018,3,RIGHT_MI
6019,65.3828125,-4.4797,-8.6893,-13.1459,-6.959,3,RIGHT_MI
6020,65.38671875,-4.6141,-4.8182,-7.9969,-2.2621,3,RIGHT_MI
6021,65.390625,-5.6386,5.2967,-3.6726,-0.1108,3,RIGHT_MI
6022,65.39453125,-1.8979,0.8666,-7.4791,-3.2409,3,RIGHT_MI
6023,65.3984375,-4.3563,-2.6107,-7.0883,-11.0012,3,RIGHT_MI
6024,65.40234375,-2.808,9.826,-0.1913,-8.8987,3,RIGHT_MI
6025,65.40625,1.8176,6.8562,3.6472,-6.3883,3,RIGHT_MI
6026,65.41015625,6.5275,9.2444,5.0166,-5.2956,3,RIGHT_MI
6027,65.4140625,1.66,7.9244,9.0951,-3.1437,3,RIGHT_MI
6028,65.41796875,4.2292,6.7872,10.5604,0.0995,3,RIGHT_MI
6029,65.421875,4.1074,4.9742,8.8927,-6.0807,3,RIGHT_MI
6030,65.42578125,-0.2472,3.9489,3.2878,-3.113,3,RIGHT_MI
6031,65.4296875,-3.9832,0.6841,3.3727,6.2923,3,RIGHT_MI
6032,65.43359375,2.1061,-3.5384,2.564,-0.8874,3,RIGHT_MI
6033,65.4375,-3.4757,-8.551,6.4127,1.2392,3,RIGHT_MI
6034,65.44140625,-0.5874,-4.4565,1.1098,6.0187,3,RIGHT_MI
6035,65.4453125,-1.929,-1.7652,-2.3241,2.3771,3,RIGHT_MI
6036,65.44921875,-0.2301,-0.4382,5.414,4.5246,3,RIGHT_MI
6037,65.453125,-2.7365,-3.5685,2.1869,4.1048,3,RIGHT_MI
6038,65.45703125,8.4227,-2.5562,5.0943,-1.1726,3,RIGHT_MI
6039,65.4609375,-2.3291,-0.3968,-1.6379,9.7853,3,RIGHT_MI
6040,65.46484375,-1.0693,3.4035,-1.8082,12.5558,3,RIGHT_MI
6041,65.46875,-1.0317,-4.6647,-6.1127,8.2539,3,RIGHT_MI
6042,65.47265625,-2.2966,-9.5668,-3.7304,5.0358,3,RIGHT_MI
6043,65.4765625,-4.9479,-10.3561,-2.8054,-4.6909,3,RIGHT_MI
6044,65.48046875,-2.1413,-2.6373,-13.4034,-3.5181,3,RIGHT_MI
6045,65.484375,-4.557,-8.2744,-10.6724,-8.1858,3,RIGHT_MI
6046,65.48828125,-0.6831,-4.0146,-9.0727,-7.2269,3,RIGHT_MI
6047,65.4921875,-0.2328,4.8008,-8.9535,1.1597,3,RIGHT_MI
6048,65.49609375,1.8802,4.665,-5.7573,-10.85,3,RIGHT_MI
6049,65.5,1.5503,1.0803,-7.5416,-8.2838,3,RIGHT_MI
6050,65.50390625,4.9201,4.992,-2.0562,-2.7727,3,RIGHT_MI
6051,65.5078125,2.4731,9.9467,-6.4713,-6.7406,3,RIGHT_MI
6052,65.51171875,2.5427,9.5956,6.2648,2.296,3,RIGHT_MI
6053,65.515625,2.9299,12.8902,3.2062,-0.4407,3,RIGHT_MI
6054,65.51953125,0.5784,6.5187,5.733,1.5582,3,RIGHT_MI
6055,65.5234375,1.54,1.9848,4.6981,2.2336,3,RIGHT_MI
6056,65.52734375,0.5924,3.0268,-1.5891,4.4062,3,RIGHT_MI
6057,65.53125,2.7459,-2.6449,6.6537,0.6353,3,RIGHT_MI
6058,65.53515625,-0.3884,-1.9268,2.1656,1.5043,3,RIGHT_MI
6059,65.5390625,-0.8336,-1.5454,-1.0003,-3.7549,3,RIGHT_MI
6060,65.54296875,-2.6554,-5.6423,7.2624,1.9875,3,RIGHT_MI
6061,65.546875,-3.6458,-0.922,11.6923,1.3359,3,RIGHT_MI
6062,65.55078125,4.1784,1.8693,5.6183,6.7655,3,RIGHT_MI
6063,65.5546875,-3.1455,-4.5203,5.7511,4.5837,3,RIGHT_MI
6064,65.55859375,2.4734,-6.6582,1.5052,12.1193,3,RIGHT_MI
6065,65.5625,4.7756,-2.307,2.5848,8.6625,3,RIGHT_MI
6066,65.56640625,2.984,3.7147,3.493,4.175,3,RIGHT_MI
6067,65.5703125,0.6786,-0.33,0.7573,9.5061,3,RIGHT_MI
6068,65.57421875,-1.24,-7.5617,-6.6385,-1.2805,3,RIGHT_MI
6069,65.578125,-4.7207,-2.8173,-9.0732,-6.4497,3,RIGHT_MI
6070,65.58203125,-5.8241,-2.2312,-6.671,2.5557,3,RIGHT_MI
6071,65.5859375,1.9656,8.9908,-8.1019,-13.0895,3,RIGHT_MI
6072,65.58984375,-1.6461,-4.3167,-10.2701,-7.3473,3,RIGHT_MI
6073,65.59375,-0.0676,-1.6647,-6.3775,-2.6849,3,RIGHT_MI
6074,65.59765625,-3.1848,3.1846,-1.5819,-6.7547,3,RIGHT_MI
6075,65.6015625,2.9691,6.1365,0.417,-4.0466,3,RIGHT_MI
6076,65.60546875,-0.3882,5.6991,5.6878,-2.031,3,RIGHT_MI
6077,65.609375,6.2521,8.7183,-0.8929,-0.8616,3,RIGHT_MI
6078,65.61328125,7.9405,9.2891,3.3296,-1.5301,3,RIGHT_MI
6079,65.6171875,0.4175,10.447,7.1236,1.071,3,RIGHT_MI
6080,65.62109375,9.9798,8.5662,1.5807,4.8016,3,RIGHT_MI
6081,65.625,-2.3334,5.4588,1.9114,4.1644,3,RIGHT_MI
6082,65.62890625,-1.7427,-6.848,5.724,-0.2602,3,RIGHT_MI
6083,65.6328125,-3.9309,-3.9291,3.5332,4.705,3,RIGHT_MI
6084,65.63671875,4.1702,-3.5951,6.4193,4.748,3,RIGHT_MI
6085,65.640625,-0.0982,-6.6571,4.664,3.7762,3,RIGHT_MI
6086,65.64453125,-3.9962,0.0331,1.3516,5.7773,3,RIGHT_MI
6087,65.6484375,0.703,-7.3839,3.8931,6.3005,3,RIGHT_MI
6088,65.65234375,-0.5174,-8.6819,4.0766,4.6925,3,RIGHT_MI
6089,65.65625,2.8997,-1.4663,1.1663,4.1292,3,RIGHT_MI
6090,65.66015625,0.0255,2.5656,7.2892,3.2857,3,RIGHT_MI
6091,65.6640625,-1.5684,0.2798,-1.2422,0.2329,3,RIGHT_MI
6092,65.66796875,-2.3696,-1.5259,0.0087,4.0281,3,RIGHT_MI
6093,65.671875,-0.6338,-1.2261,-7.6513,-0.6579,3,RIGHT_MI
6094,65.67578125,-2.1451,-2.6635,-3.7469,-4.26,3,RIGHT_MI
6095,65.6796875,-4.4957,-0.6407,-6.5901,-4.4803,3,RIGHT_MI
6096,65.68359375,-2.9387,-2.2878,-11.2157,-16.3831,3,RIGHT_MI
6097,65.6875,-1.0624,-5.1773,-8.3529,-7.4051,3,RIGHT_MI
6098,65.69140625,-8.6094,1.2696,-9.8474,-8.4124,3,RIGHT_MI
6099,65.6953125,-5.4844,2.4666,-8.2431,-8.8582,3,RIGHT_MI
6100,65.69921875,-1.6209,3.2217,-1.8499,-7.4754,3,RIGHT_MI
6101,65.703125,3.4627,8.8281,-4.0602,1.5245,3,RIGHT_MI
6102,65.70703125,-0.537,4.1984,-1.2622,-4.2165,3,RIGHT_MI
6103,65.7109375,6.4945,8.4985,3.2023,1.0438,3,RIGHT_MI
6104,65.71484375,4.9545,5.389,4.3383,7.4987,3,RIGHT_MI
6105,65.71875,11.0146,9.9011,1.2314,7.3955,3,RIGHT_MI
6106,65.72265625,3.4691,7.8226,1.8344,3.8285,3,RIGHT_MI
6107,65.7265625,-0.4651,-0.4214,0.219,4.5474,3,RIGHT_MI
6108,65.73046875,-1.8945,0.9038,-1.016,3.066,3,RIGHT_MI
6109,65.734375,0.7444,-0.6163,5.3261,8.1335,3,RIGHT_MI
6110,65.73828125,-0.5244,3.3676,7.3612,4.3589,3,RIGHT_MI
6111,65.7421875,-0.0547,-3.4619,6.235,-3.6051,3,RIGHT_MI
6112,65.74609375,5.1199,-8.1593,4.7615,6.2778,3,RIGHT_MI
6113,65.75,3.3695,-8.8322,2.8769,1.56,3,RIGHT_MI
6114,65.75390625,2.1842,-9.1362,3.4661,6.8774,3,RIGHT_MI
6115,65.7578125,4.7514,1.4101,7.5535,5.1384,3,RIGHT_MI
6116,65.76171875,2.8039,-0.9394,0.6206,5.5412,0,REST
6117,65.765625,-0.6607,-4.2916,1.8657,3.5853,0,REST
6118,65.76953125,-2.1615,-2.2278,4.6357,1.1902,0,REST
6119,65.7734375,-1.4557,-3.4072,-1.7928,-4.5911,0,REST
6120,65.77734375,-3.894,-2.3409,-0.758,-8.2414,0,REST
6121,65.78125,-1.6203,0.9458,1.3591,-9.3012,0,REST
6122,65.78515625,-5.9188,2.1809,-4.099,-12.9799,0,REST
6123,65.7890625,-3.5594,1.7599,-2.3628,-11.0838,0,REST
6124,65.79296875,-2.2565,2.4549,-5.7294,-9.3474,0,REST
6125,65.796875,-4.4585,-0.7012,-5.3931,-12.1106,0,REST
6126,65.80078125,-4.7773,1.4194,-4.7467,-8.016,0,REST
6127,65.8046875,-6.4325,3.4619,-2.3159,-9.4527,0,REST
6128,65.80859375,-1.4239,4.4219,-1.9418,-5.524,0,REST
6129,65.8125,1.0144,6.8617,-3.9363,-1.5227,0,REST
6130,65.81640625,2.71,4.2785,-2.6931,-0.4085,0,REST
6131,65.8203125,1.78,2.8563,1.5515,5.938,0,REST
6132,65.82421875,6.7932,4.8334,0.3881,7.395,0,REST
6133,65.828125,3.4716,4.1451,-0.3827,10.6732,0,REST
6134,65.83203125,5.0542,4.8724,3.3841,9.6364,0,REST
6135,65.8359375,6.2136,0.9608,5.1014,14.6813,0,REST
6136,65.83984375,5.6056,-0.2272,3.9215,12.1344,0,REST
6137,65.84375,6.7293,1.0517,8.4449,10.7032,0,REST
6138,65.84765625,5.1831,-3.8174,5.5197,8.3374,0,REST
6139,65.8515625,7.7072,-1.1733,4.1879,6.2196,0,REST
6140,65.85546875,2.636,-6.522,11.477,1.6562,0,REST
6141,65.859375,0.2346,-3.4724,7.0142,-1.097,0,REST
6142,65.86328125,-2.4764,-6.6272,7.4164,-4.0492,0,REST
6143,65.8671875,-4.3079,-5.4922,5.1159,-7.288,0,REST
6144,65.87109375,-3.1023,-11.7034,5.3043,-9.4777,0,REST
6145,65.875,-13.5925,-3.1185,2.1894,-15.3045,0,REST
6146,65.87890625,-7.2883,-5.2403,-1.3153,-12.5825,0,REST
6147,65.8828125,-8.5439,-1.1231,-5.4141,-9.3439,0,REST
6148,65.88671875,-7.7109,-3.1157,-4.2483,-14.1483,0,REST
6149,65.890625,-7.3442,2.4489,-10.8385,-8.8261,0,REST
6150,65.89453125,-7.2507,-0.5063,-11.334,-7.074,0,REST
6151,65.8984375,-5.1662,0.0931,-11.47,-3.9914,0,REST
6152,65.90234375,-2.341,4.462,-14.0576,-3.5472,0,REST
6153,65.90625,-0.0748,4.5895,-11.9026,-0.0827,0,REST
6154,65.91015625,3.7338,7.1891,-11.6219,3.9498,0,REST
6155,65.9140625,5.1429,11.8075,-8.462,6.8479,0,REST
6156,65.91796875,6.6823,2.9578,-5.7117,12.8757,0,REST
6157,65.921875,11.6057,8.3219,-1.8383,11.4713,0,REST
6158,65.92578125,9.4998,8.7094,0.7979,14.652,0,REST
6159,65.9296875,11.3177,7.1021,7.1371,11.297,0,REST
6160,65.93359375,10.6649,3.9931,5.5101,9.1131,0,REST
6161,65.9375,14.2456,3.0347,7.1833,7.6043,0,REST
6162,65.94140625,7.1055,-0.2206,10.591,6.1443,0,REST
6163,65.9453125,3.3668,-4.7285,15.2313,2.9021,0,REST
6164,65.94921875,0.4427,-2.404,10.7862,0.1601,0,REST
6165,65.953125,-0.1129,-5.7226,8.1709,-3.9241,0,REST
6166,65.95703125,-4.0329,-12.5162,10.8913,-7.4811,0,REST
6167,65.9609375,-6.4809,-9.5988,7.9924,-9.9767,0,REST
6168,65.96484375,-7.7506,-10.5663,3.7941,-10.0562,0,REST
6169,65.96875,-7.9286,-11.5401,7.7235,-12.3829,0,REST
6170,65.97265625,-12.1854,-8.4795,3.6327,-12.5014,0,REST
6171,65.9765625,-12.1727,-9.1437,-5.7894,-9.4028,0,REST
6172,65.98046875,-8.062,-4.331,-8.0843,-7.2792,0,REST
6173,65.984375,-10.984,-4.1571,-13.1215,-4.799,0,REST
6174,65.98828125,-8.2664,2.3286,-14.8051,-1.1044,0,REST
6175,65.9921875,-7.2411,0.7676,-12.9411,2.1972,0,REST
6176,65.99609375,-5.9691,4.9085,-10.7218,3.1794,0,REST
6177,66.0,1.8029,4.2415,-10.8954,4.5751,0,REST
6178,66.00390625,5.847,12.9326,-9.6219,8.2092,0,REST
6179,66.0078125,5.328,7.9476,-6.1749,7.8818,0,REST
6180,66.01171875,3.1594,8.6069,-3.1318,10.1652,0,REST
6181,66.015625,14.9027,11.0914,-4.4215,12.1479,0,REST
6182,66.01953125,12.2865,11.7069,0.9326,6.1809,0,REST
6183,66.0234375,12.3874,8.7533,4.3298,7.1496,0,REST
6184,66.02734375,13.0541,7.0667,4.8753,7.762,0,REST
6185,66.03125,8.9415,2.2758,4.615,4.7558,0,REST
6186,66.03515625,8.7311,-0.5832,8.7165,0.775,0,REST
6187,66.0390625,6.8527,-4.7745,8.8927,0.5745,0,REST
6188,66.04296875,4.0384,-6.159,14.0703,-2.1906,0,REST
6189,66.046875,-2.9393,-11.1342,14.5726,-3.5593,0,REST
6190,66.05078125,-7.2843,-7.9769,11.1529,-4.2729,0,REST
6191,66.0546875,-9.2023,-11.291,7.0073,-7.677,0,REST
6192,66.05859375,-12.3358,-13.6718,3.6353,-8.5703,0,REST
6193,66.0625,-9.7748,-14.2402,2.296,-8.9864,0,REST
6194,66.06640625,-11.1028,-11.356,3.0886,-4.1282,0,REST
6195,66.0703125,-13.9933,-10.1132,-2.1826,-7.0642,0,REST
6196,66.07421875,-16.1428,-5.1544,-6.3859,-5.0251,0,REST
6197,66.078125,-12.3594,-6.0996,-11.2169,-2.8907,0,REST
6198,66.08203125,-9.9123,-0.8486,-12.842,-2.9013,0,REST
6199,66.0859375,-6.2835,5.1261,-12.2147,1.6609,0,REST
6200,66.08984375,-3.3624,5.9712,-12.4624,2.791,0,REST
6201,66.09375,1.9214,9.6623,-9.0137,5.0532,0,REST
6202,66.09765625,4.6947,13.9771,-8.1566,5.1083,0,REST
6203,66.1015625,4.6926,13.7805,-8.4462,2.4569,0,REST
6204,66.10546875,8.2387,13.7211,-2.095,3.7893,0,REST
6205,66.109375,11.8412,7.8847,-5.6044,5.5509,0,REST
6206,66.11328125,9.1847,9.7665,-2.1512,4.4437,0,REST
6207,66.1171875,8.2636,8.1798,1.6388,1.6206,0,REST
6208,66.12109375,9.1042,4.7055,3.6634,1.0759,0,REST
6209,66.125,9.1525,0.2044,2.6607,5.2739,0,REST
6210,66.12890625,6.7008,-3.7041,8.3907,1.8555,0,REST
6211,66.1328125,4.2326,-4.3607,6.1161,-1.4297,0,REST
6212,66.13671875,2.9274,-4.0597,8.857,-1.4793,0,REST
6213,66.140625,1.1618,-9.5756,11.836,-2.5226,0,REST
6214,66.14453125,-3.4276,-11.8652,7.4543,-0.6268,0,REST
6215,66.1484375,-0.8149,-13.1927,5.4251,-3.4408,0,REST
6216,66.15234375,-3.6977,-10.6298,3.7864,-5.3493,0,REST
6217,66.15625,-8.1512,-14.5304,0.1159,-2.8564,0,REST
6218,66.16015625,-5.3743,-10.6996,-0.6575,1.1868,0,REST
6219,66.1640625,-9.1055,-9.7282,0.8388,-2.3821,0,REST
6220,66.16796875,-8.3551,-10.3522,-0.614,-2.4879,0,REST
6221,66.171875,-5.3096,-1.5369,-1.5228,-3.2623,0,REST
6222,66.17578125,-6.0266,0.0526,-1.646,-4.106,0,REST
6223,66.1796875,-2.0036,5.8888,0.6161,1.9649,0,REST
6224,66.18359375,-2.9754,5.6583,-5.8172,-3.6229,0,REST
6225,66.1875,0.5053,9.5415,-4.7762,-0.7889,0,REST
6226,66.19140625,-1.0823,12.9454,-4.0172,-3.573,0,REST
6227,66.1953125,3.1315,16.5009,-5.415,-0.5595,0,REST
6228,66.19921875,3.7092,12.7642,-2.7436,-2.066,0,REST
6229,66.203125,1.504,12.0647,-1.7454,-1.0123,0,REST
6230,66.20703125,5.2424,9.3508,-4.7428,1.373,0,REST
6231,66.2109375,3.4852,10.3817,-1.6508,3.0199,0,REST
6232,66.21484375,4.2643,3.9438,0.3045,4.7972,0,REST
6233,66.21875,5.4162,-0.3116,0.1539,2.2653,0,REST
6234,66.22265625,2.8132,-0.4577,1.0138,0.5892,0,REST
6235,66.2265625,-0.0169,-0.2689,0.9753,3.9411,0,REST
6236,66.23046875,2.2517,-9.779,2.1211,6.7073,0,REST
6237,66.234375,2.9831,-7.8081,2.7471,2.8762,0,REST
6238,66.23828125,2.1175,-11.9498,-1.2611,4.0937,0,REST
6239,66.2421875,0.7158,-9.1106,3.2277,0.7295,0,REST
6240,66.24609375,-1.297,-14.3672,2.1781,-2.4211,0,REST
6241,66.25,2.9913,-13.5981,1.8753,-1.6351,0,REST
6242,66.25390625,-2.4366,-6.7747,1.762,-3.6431,0,REST
6243,66.2578125,-3.2147,-6.9139,-2.1973,-3.0419,0,REST
6244,66.26171875,-2.1339,-4.3967,3.7293,-7.1588,0,REST
6245,66.265625,-3.9296,-0.8257,3.2369,-4.3236,0,REST
6246,66.26953125,-1.3156,2.6941,0.8729,-6.9866,0,REST
6247,66.2734375,-1.3015,2.9506,3.8391,-7.3232,0,REST
6248,66.27734375,-1.2583,4.4746,3.6837,-6.6532,0,REST
6249,66.28125,-3.5746,8.7738,3.8452,-6.3161,0,REST
6250,66.28515625,-4.6215,9.9753,-0.6872,-1.7124,0,REST
6251,66.2890625,-1.8715,12.1285,-1.0542,-0.6585,0,REST
6252,66.29296875,-5.5986,12.3659,-0.6323,-4.1668,0,REST
6253,66.296875,-3.1384,11.4313,-5.5245,0.7697,0,REST
6254,66.30078125,-5.2284,3.5253,-4.1472,1.605,0,REST
6255,66.3046875,0.153,8.0987,1.0148,7.5736,0,REST
6256,66.30859375,0.3177,2.8841,-4.989,8.7562,0,REST
6257,66.3125,4.3348,2.0367,-4.6055,3.0781,0,REST
6258,66.31640625,2.1768,-0.049,-7.6034,10.7329,0,REST
6259,66.3203125,1.2167,-3.9957,-8.4307,10.2192,0,REST
6260,66.32421875,5.7551,-7.7015,-5.6768,11.3637,0,REST
6261,66.328125,4.026,-6.4338,-1.1201,8.9959,0,REST
6262,66.33203125,7.2587,-8.6431,-5.8663,4.6914,0,REST
6263,66.3359375,10.2025,-8.3371,-3.1294,7.7673,0,REST
6264,66.33984375,5.4561,-9.0166,4.9074,3.4639,0,REST
6265,66.34375,7.2695,-7.8652,6.0512,-2.2804,0,REST
6266,66.34765625,3.0644,-11.2968,2.9186,-5.381,0,REST
6267,66.3515625,5.7246,-4.9286,8.2027,-4.516,0,REST
6268,66.35546875,4.1685,-3.5311,7.8918,-8.0655,0,REST
6269,66.359375,-0.7404,-3.7301,11.1123,-13.738,0,REST
6270,66.36328125,-3.7237,0.3478,11.1699,-12.7594,0,REST
6271,66.3671875,-1.3506,-2.2461,9.7399,-10.1301,0,REST
6272,66.37109375,-9.3781,1.11,8.4304,-6.6874,0,REST
6273,66.375,-8.6072,5.7177,8.1316,-6.9769,0,REST
6274,66.37890625,-8.196,4.9696,4.2484,-5.8757,0,REST
6275,66.3828125,-12.3155,8.4269,-0.7489,0.4376,0,REST
6276,66.38671875,-8.6873,10.06,0.2875,-2.4913,0,REST
6277,66.390625,-6.4875,4.4479,-2.9087,5.7303,0,REST
6278,66.39453125,-6.0326,6.2608,-5.5395,5.7913,0,REST
6279,66.3984375,-4.1913,2.7776,-4.2997,9.3068,0,REST
6280,66.40234375,-1.8298,8.581,-10.9768,7.8295,0,REST
6281,66.40625,1.9296,4.4951,-9.8646,12.3278,0,REST
6282,66.41015625,0.1366,0.2302,-9.8429,11.8845,0,REST
6283,66.4140625,3.9643,-1.8116,-10.895,11.4318,0,REST
6284,66.41796875,8.3652,-1.0346,-14.555,12.9985,0,REST
6285,66.421875,10.5861,-5.2458,-5.5534,6.9713,0,REST
6286,66.42578125,10.2077,-4.9747,-5.0285,0.7059,0,REST
6287,66.4296875,12.6549,-7.4181,-2.002,0.7346,0,REST
6288,66.43359375,10.9091,-6.5389,-1.3588,-3.103,0,REST
6289,66.4375,12.1064,-5.2039,3.6318,-5.6873,0,REST
6290,66.44140625,6.3972,-1.8204,7.1422,-8.468,0,REST
6291,66.4453125,7.747,-3.4065,9.165,-12.6074,0,REST
6292,66.44921875,3.8437,-1.7199,10.8065,-12.796,0,REST
6293,66.453125,-1.4626,-2.5457,11.6992,-8.6711,0,REST
6294,66.45703125,-4.3411,0.9277,15.7038,-13.9324,0,REST
6295,66.4609375,-0.6432,0.2858,11.8492,-11.274,0,REST
6296,66.46484375,-12.0081,3.4048,10.1513,-7.303,0,REST
6297,66.46875,-10.9517,0.043,10.4975,-6.7307,0,REST
6298,66.47265625,-12.7589,1.0129,4.6033,-1.4895,0,REST
6299,66.4765625,-13.5308,3.1758,5.2924,-0.7535,0,REST
6300,66.48046875,-11.5766,-0.4863,3.9175,3.3558,0,REST
6301,66.484375,-8.3796,3.92,-1.9706,4.3947,0,REST
6302,66.48828125,-9.1042,2.1204,-5.3552,8.5335,0,REST
6303,66.4921875,-5.4469,2.6919,-10.4251,14.5541,0,REST
6304,66.49609375,-3.161,3.2527,-11.5055,10.9037,0,REST
6305,66.5,-1.075,4.299,-11.2049,15.4725,0,REST
6306,66.50390625,2.1578,1.3832,-13.4871,9.7165,0,REST
6307,66.5078125,10.6812,2.3576,-11.858,12.4256,0,REST
6308,66.51171875,7.5743,0.252,-11.0655,5.8506,0,REST
6309,66.515625,13.561,-0.3013,-11.1272,6.8281,0,REST
6310,66.51953125,14.4111,-1.1482,-5.1165,-0.9885,0,REST
6311,66.5234375,10.7703,-3.066,-8.378,-2.3968,0,REST
6312,66.52734375,9.354,0.0292,-0.5059,-7.282,0,REST
6313,66.53125,10.6207,0.0171,1.4293,-8.9214,0,REST
6314,66.53515625,11.0048,-4.0847,1.3193,-12.4992,0,REST
6315,66.5390625,3.3273,-3.0076,7.7936,-11.7398,0,REST
6316,66.54296875,1.9715,-5.1475,13.357,-11.7536,0,REST
6317,66.546875,-1.3595,-0.7394,12.3679,-9.6103,0,REST
6318,66.55078125,-1.9477,-4.8694,12.0958,-10.9209,0,REST
6319,66.5546875,-5.6865,-0.5674,12.8115,-10.1778,0,REST
6320,66.55859375,-11.3137,0.6788,10.7979,-4.3437,0,REST
6321,66.5625,-11.3759,0.3902,9.0577,-2.0959,0,REST
6322,66.56640625,-11.3235,0.9926,6.232,2.3691,0,REST
6323,66.5703125,-10.5612,-1.7406,3.6347,2.9784,0,REST
6324,66.57421875,-10.5907,-0.0732,0.7312,4.6462,0,REST
6325,66.578125,-10.4503,-0.6777,1.6542,9.528,0,REST
6326,66.58203125,-4.9025,1.8817,-6.4688,9.3981,0,REST
6327,66.5859375,-8.0847,3.2472,-7.6005,9.2173,0,REST
6328,66.58984375,-3.9205,1.7911,-12.1194,11.9148,0,REST
6329,66.59375,2.546,3.141,-9.7943,7.9334,0,REST
6330,66.59765625,4.9927,2.2152,-11.3873,7.6224,0,REST
6331,66.6015625,3.1908,2.6344,-11.5514,6.7186,0,REST
6332,66.60546875,6.6394,5.3343,-8.3287,3.2456,0,REST
6333,66.609375,7.5033,4.7662,-7.4817,1.1175,0,REST
6334,66.61328125,10.9193,2.5583,-7.4566,-0.7521,0,REST
6335,66.6171875,8.6851,4.0245,-4.2299,-3.3349,0,REST
6336,66.62109375,9.4227,5.0205,-1.5908,-3.4134,0,REST
6337,66.625,9.0269,0.5652,3.0353,-4.6405,0,REST
6338,66.62890625,8.3566,0.5954,3.4575,-6.5026,0,REST
6339,66.6328125,4.1562,-0.4312,3.0277,-5.7589,0,REST
6340,66.63671875,-0.4932,-1.3165,6.8122,-7.1026,0,REST
6341,66.640625,0.5251,-5.3514,10.1858,-5.9739,0,REST
6342,66.64453125,-1.6377,-6.2742,8.1004,-6.2121,0,REST
6343,66.6484375,-4.3686,-4.4855,10.6468,-5.0634,0,REST
6344,66.65234375,-3.6291,-7.6759,11.0077,2.3988,0,REST
6345,66.65625,-3.5786,-5.3319,8.5362,-2.0546,0,REST
6346,66.66015625,-5.9388,-7.7902,6.3682,2.3751,0,REST
6347,66.6640625,-7.8402,-5.8267,3.8095,3.9899,0,REST
6348,66.66796875,-6.6329,-3.5406,4.0863,4.9017,0,REST
6349,66.671875,-8.0054,-1.2365,1.381,5.4784,0,REST
6350,66.67578125,-1.8974,0.9448,-1.7043,7.4922,0,REST
6351,66.6796875,-0.7969,1.6357,-4.4428,6.6934,0,REST
6352,66.68359375,-1.3269,3.7307,-4.525,7.6196,0,REST
6353,66.6875,-5.6993,6.1967,-2.5106,6.0534,0,REST
6354,66.69140625,-2.6749,9.6864,-4.9203,1.193,0,REST
6355,66.6953125,3.1745,6.4898,-6.5151,2.7988,0,REST
6356,66.69921875,2.7638,8.4983,-5.4147,-4.3663,0,REST
6357,66.703125,3.873,8.1311,-4.2768,-1.5204,0,REST
6358,66.70703125,4.877,9.9875,-2.3823,0.6145,0,REST
6359,66.7109375,2.3017,4.1295,-4.0386,-4.4217,0,REST
6360,66.71484375,4.8823,6.3122,-2.0998,-3.4183,0,REST
6361,66.71875,5.1839,1.3084,-1.9654,-3.3854,0,REST
6362,66.72265625,1.7802,4.7491,2.7571,-2.9951,0,REST
6363,66.7265625,2.0864,-2.5665,-1.3341,-4.6467,0,REST
6364,66.73046875,0.6985,-4.2406,0.5769,-3.6149,0,REST
6365,66.734375,2.7741,-4.4359,3.4625,-3.7163,0,REST
6366,66.73828125,4.6466,-7.3474,3.2459,-6.3153,0,REST
6367,66.7421875,-1.276,-9.1866,2.4393,-2.343,0,REST
6368,66.74609375,-1.3906,-11.0634,1.5206,-0.313,0,REST
6369,66.75,0.1156,-10.8683,0.0632,-1.4963,0,REST
6370,66.75390625,-0.9915,-7.6583,4.2744,-1.2415,0,REST
6371,66.7578125,2.0151,-8.6461,5.6762,-3.6965,0,REST
6372,66.76171875,-0.3244,-6.021,-0.276,-2.9007,0,REST
6373,66.765625,-1.1801,-5.5314,1.4601,-1.391,0,REST
6374,66.76953125,-2.2495,0.8778,3.042,1.0742,0,REST
6375,66.7734375,-3.0164,2.4582,2.0684,-0.9976,0,REST
6376,66.77734375,-0.3383,1.6912,0.0506,2.847,0,REST
6377,66.78125,-1.7109,7.3588,1.4606,2.7316,0,REST
6378,66.78515625,-4.8919,9.2821,0.0936,-0.4968,0,REST
6379,66.7890625,-1.8151,11.55,0.9179,5.1902,0,REST
6380,66.79296875,-5.3179,8.1467,3.6306,2.8883,0,REST
6381,66.796875,-3.2437,8.4376,-1.1816,3.5917,0,REST
6382,66.80078125,-3.9391,11.8708,0.6323,3.0296,0,REST
6383,66.8046875,-2.4748,11.0332,-4.4298,3.023,0,REST
6384,66.80859375,1.0325,6.1152,-4.1038,-0.3882,0,REST
6385,66.8125,1.9181,4.2683,-6.0862,0.3233,0,REST
6386,66.81640625,2.4223,-1.889,-8.2218,0.4975,0,REST
6387,66.8203125,2.6357,-1.5975,-2.4292,1.6334,0,REST
6388,66.82421875,-0.2386,-3.6542,-5.1958,-1.6618,0,REST
6389,66.828125,4.8454,-4.2031,-6.5296,-4.2556,0,REST
6390,66.83203125,6.4878,-11.1048,-3.7008,-5.1741,0,REST
6391,66.8359375,5.2479,-16.9625,-5.6153,-8.1177,0,REST
6392,66.83984375,3.2571,-12.7476,-2.4112,-1.1045,0,REST
6393,66.84375,4.05,-15.3449,0.3067,-8.6833,0,REST
6394,66.84765625,8.2727,-12.5769,1.544,-3.9101,0,REST
6395,66.8515625,3.088,-8.9017,-0.1183,-2.0036,0,REST
6396,66.85546875,-0.6932,-8.5638,3.9103,-6.2674,0,REST
6397,66.859375,-3.3095,-6.7049,8.3873,-2.6763,0,REST
6398,66.86328125,-1.8818,-4.7995,8.1871,-4.6792,0,REST
6399,66.8671875,-6.3971,6.153,5.986,-0.2286,0,REST
6400,66.87109375,-5.3832,5.1353,8.1517,1.0219,0,REST
6401,66.875,-10.6274,9.0108,11.6075,7.8499,0,REST
6402,66.87890625,-10.3228,4.9702,7.0568,7.7168,0,REST
6403,66.8828125,-10.5814,9.6445,8.2247,1.8434,0,REST
6404,66.88671875,-11.0584,12.6437,4.4831,10.8406,0,REST
6405,66.890625,-8.6096,16.9456,0.257,10.4903,0,REST
6406,66.89453125,-8.057,12.4488,2.0461,8.5496,0,REST
6407,66.8984375,-7.7206,8.2484,-2.0094,4.1335,0,REST
6408,66.90234375,-2.1248,10.2246,-4.779,4.4305,0,REST
6409,66.90625,-0.6785,1.0042,-9.4339,6.3665,0,REST
6410,66.91015625,3.9606,2.1394,-6.4984,1.6089,0,REST
6411,66.9140625,5.8304,-1.4688,-9.8221,0.7552,0,REST
6412,66.91796875,9.3214,-5.0812,-6.8491,-2.158,0,REST
6413,66.921875,8.8527,-7.8904,-12.9973,-5.8337,0,REST
6414,66.92578125,13.6109,-10.9502,-8.488,-7.4541,0,REST
6415,66.9296875,14.7006,-12.3537,-9.8223,-6.8546,0,REST
6416,66.93359375,10.7245,-9.3413,-7.0717,-14.2117,0,REST
6417,66.9375,12.9581,-14.3656,-6.1277,-11.1939,0,REST
6418,66.94140625,7.0148,-12.9154,-2.7691,-9.7452,0,REST
6419,66.9453125,3.8201,-13.6558,4.466,-11.8391,0,REST
6420,66.94921875,3.7979,-7.3132,4.3979,-7.1073,0,REST
6421,66.953125,0.7904,-2.5478,9.6772,-2.9062,0,REST
6422,66.95703125,-1.8154,-1.0082,9.5611,-4.9111,0,REST
6423,66.9609375,-4.0146,0.496,12.9595,-0.3967,0,REST
6424,66.96484375,-10.658,3.93,14.474,4.3932,0,REST
6425,66.96875,-8.9217,5.555,11.5556,9.0198,0,REST
6426,66.97265625,-9.1278,9.1722,12.3361,13.2537,0,REST
6427,66.9765625,-13.5767,10.1281,12.1264,15.2884,0,REST
6428,66.98046875,-12.0368,16.7213,5.6421,11.6038,0,REST
6429,66.984375,-9.5018,10.8027,7.2158,8.5032,0,REST
6430,66.98828125,-7.5752,11.1622,2.6244,12.9122,0,REST
6431,66.9921875,-6.8307,10.5749,0.889,11.1128,0,REST
6432,66.99609375,-3.3268,6.7573,-4.729,7.5368,0,REST
6433,67.0,-0.2632,3.0456,-9.828,0.4373,0,REST
6434,67.00390625,9.5391,-0.3631,-8.737,-1.0662,0,REST
6435,67.0078125,6.8622,-1.199,-9.8789,-4.6263,0,REST
6436,67.01171875,10.9728,-1.1942,-13.0396,-6.7962,0,REST
6437,67.015625,9.4421,-8.2739,-7.222,-6.8132,0,REST
6438,67.01953125,15.3156,-10.412,-11.2806,-12.6556,0,REST
6439,67.0234375,11.6525,-12.9494,-9.7101,-17.5872,0,REST
6440,67.02734375,11.8949,-12.2652,-8.3611,-13.1318,0,REST
6441,67.03125,11.5664,-14.9499,-5.8999,-11.2815,0,REST
6442,67.03515625,10.0936,-10.5151,-1.6758,-9.6545,0,REST
6443,67.0390625,5.0862,-7.7389,0.5684,-8.9514,0,REST
6444,67.04296875,4.2168,-9.0614,4.9984,-7.2224,0,REST
6445,67.046875,-1.1555,-0.8704,8.2833,-3.6295,0,REST
6446,67.05078125,-1.2687,-4.3254,11.5002,2.3932,0,REST
6447,67.0546875,-4.326,3.3686,11.7012,8.2121,0,REST
6448,67.05859375,-7.804,4.7208,8.8136,7.9919,0,REST
6449,67.0625,-9.7597,5.3859,11.8753,9.2023,0,REST
6450,67.06640625,-13.8951,8.6268,12.497,9.4078,0,REST
6451,67.0703125,-9.5119,9.3836,8.1534,14.6696,0,REST
6452,67.07421875,-12.8556,8.9447,8.6467,13.9602,0,REST
6453,67.078125,-9.6401,11.3336,4.0686,10.6916,0,REST
6454,67.08203125,-10.1093,9.7607,1.9401,7.8885,0,REST
6455,67.0859375,-6.0269,6.9923,2.6762,6.2512,0,REST
6456,67.08984375,-1.8114,2.3036,-1.6031,2.6285,0,REST
6457,67.09375,-2.2997,6.1013,-7.8372,-0.5701,0,REST
6458,67.09765625,1.2831,1.0002,-8.3759,-5.9893,0,REST
6459,67.1015625,9.2699,0.4324,-10.9208,-3.8057,0,REST
6460,67.10546875,9.7544,-1.6021,-11.4974,-12.0331,0,REST
6461,67.109375,13.2798,-5.9102,-12.5838,-13.3989,0,REST
6462,67.11328125,9.7092,-8.5806,-11.5322,-10.9886,0,REST
6463,67.1171875,7.8627,-11.9077,-6.741,-11.8493,0,REST
6464,67.12109375,8.0585,-9.859,-8.4693,-9.1533,0,REST
6465,67.125,6.9814,-6.87,-5.4098,-10.4337,0,REST
6466,67.12890625,6.7658,-9.3858,-6.5842,-7.8893,0,REST
6467,67.1328125,1.8576,-4.4586,-3.8086,-6.3695,0,REST
6468,67.13671875,1.3378,-3.5941,2.8146,0.1307,0,REST
6469,67.140625,-4.3753,-3.5904,2.8165,0.8666,0,REST
6470,67.14453125,-2.4229,-0.1532,4.8347,6.3146,0,REST
6471,67.1484375,-3.8924,1.0444,5.1323,6.9721,0,REST
6472,67.15234375,-6.2269,5.8548,6.7401,10.5292,0,REST
6473,67.15625,-9.3686,5.5862,10.1195,12.947,0,REST
6474,67.16015625,-6.4676,7.6611,7.5444,13.6523,0,REST
6475,67.1640625,-7.2117,9.2324,7.9224,10.6862,0,REST
6476,67.16796875,-4.5901,7.9351,2.497,11.5559,0,REST
6477,67.171875,-4.648,7.4533,5.2361,6.2065,0,REST
6478,67.17578125,-3.315,6.3568,-0.1992,3.5952,0,REST
6479,67.1796875,-2.3364,9.059,-0.8197,-1.925,0,REST
6480,67.18359375,-1.1591,3.8734,-0.3372,-0.0366,0,REST
6481,67.1875,0.7768,2.7992,-4.1611,-1.2752,0,REST
6482,67.19140625,-2.8991,3.8271,-0.8432,-4.1945,0,REST
6483,67.1953125,-0.1447,0.4521,-4.8803,-6.1297,0,REST
6484,67.19921875,6.5935,-0.6783,-7.3287,-11.1363,0,REST
6485,67.203125,4.521,-2.8912,-5.9225,-11.8465,0,REST
6486,67.20703125,2.3252,-1.5868,-7.4208,-7.9609,0,REST
6487,67.2109375,7.1723,-7.1363,-5.0812,-5.9583,0,REST
6488,67.21484375,5.8235,-5.4763,-0.8699,-4.2041,0,REST
6489,67.21875,3.1678,-3.937,-3.4321,-4.2787,0,REST
6490,67.22265625,5.8041,-5.4073,-1.9362,-5.8767,0,REST
6491,67.2265625,2.7917,-4.6472,-2.7533,-3.0268,0,REST
6492,67.23046875,0.8354,-3.9296,-2.6091,0.8341,0,REST
6493,67.234375,2.9481,-3.0734,-2.6847,4.0906,0,REST
6494,67.23828125,0.928,-0.7383,-2.5183,7.0442,0,REST
6495,67.2421875,4.349,-1.4275,-3.466,5.9068,0,REST
6496,67.24609375,-1.4367,-0.3493,0.3189,5.9788,0,REST
6497,67.25,1.2976,-1.5154,2.8272,10.3159,0,REST
6498,67.25390625,-1.7334,3.0074,0.4913,4.5779,0,REST
6499,67.2578125,0.7893,0.2922,-0.4858,5.3343,0,REST
6500,67.26171875,-1.7334,5.8114,4.2694,7.9729,0,REST
6501,67.265625,-1.2777,5.6398,1.6977,1.6183,0,REST
6502,67.26953125,-3.6955,3.604,5.6091,1.2455,0,REST
6503,67.2734375,-2.0975,2.5077,3.392,-0.4145,0,REST
6504,67.27734375,-6.933,0.5677,4.3377,5.1053,0,REST
6505,67.28125,-4.75,0.361,5.6472,-4.6252,0,REST
6506,67.28515625,-2.5691,4.5795,7.0211,-1.716,0,REST
6507,67.2890625,-2.6068,1.2694,6.5672,1.8181,0,REST
6508,67.29296875,-1.3019,2.0395,7.0132,-5.4796,0,REST
6509,67.296875,-3.9013,-1.2328,2.0127,-7.1672,0,REST
6510,67.30078125,-0.5951,0.2142,3.3879,-5.2621,0,REST
6511,67.3046875,0.0267,-1.9408,2.5195,-4.1015,0,REST
6512,67.30859375,-2.1872,1.5013,-1.2605,-2.5912,0,REST
6513,67.3125,1.903,0.2286,-1.339,-2.0993,0,REST
6514,67.31640625,1.1888,-2.5539,-10.1145,-5.8383,0,REST
6515,67.3203125,6.3324,-2.4532,-5.0977,-3.6164,0,REST
6516,67.32421875,5.4264,-4.6342,-3.0366,-3.2326,0,REST
6517,67.328125,7.6784,-2.8654,-5.1677,-2.6169,0,REST
6518,67.33203125,9.5156,-3.7645,-3.4191,4.2539,0,REST
6519,67.3359375,7.1174,-4.6493,-7.6153,-1.7619,0,REST
6520,67.33984375,5.4503,-1.248,-7.5324,2.7468,0,REST
6521,67.34375,7.5288,2.1409,-6.0425,4.4329,0,REST
6522,67.34765625,7.6226,-1.2347,-7.6356,3.3282,0,REST
6523,67.3515625,5.9952,-3.1268,-1.9723,2.0266,0,REST
6524,67.35546875,1.8873,-1.8489,-2.7449,6.296,0,REST
6525,67.359375,3.8137,-0.8889,3.2438,2.6811,0,REST
6526,67.36328125,-2.1278,-1.1447,1.8462,4.063,0,REST
6527,67.3671875,-2.5646,3.1163,4.821,1.2915,0,REST
6528,67.37109375,-10.7707,2.8055,6.1338,3.4214,0,REST
6529,67.375,-5.0841,4.4264,8.7679,2.9732,0,REST
6530,67.37890625,-9.3367,1.7061,8.5786,1.4931,0,REST
6531,67.3828125,-12.3902,4.7924,7.2868,3.9655,0,REST
6532,67.38671875,-7.5298,7.0227,7.5201,0.6065,0,REST
6533,67.390625,-10.3935,3.381,10.0672,-0.9845,0,REST
6534,67.39453125,-7.6933,0.7839,7.9004,-1.1728,0,REST
6535,67.3984375,-6.4196,2.1268,7.9384,-5.382,0,REST
6536,67.40234375,-0.6489,4.2186,3.3046,-2.4626,0,REST
6537,67.40625,-0.3264,3.6566,-1.8777,-3.5045,0,REST
6538,67.41015625,-0.2009,0.9004,-3.3486,-5.6509,0,REST
6539,67.4140625,6.0099,-2.1797,-5.2685,-6.5243,0,REST
6540,67.41796875,5.2935,0.0714,-9.8104,-1.8006,0,REST
6541,67.421875,10.4632,-1.3226,-13.7835,-4.2751,0,REST
6542,67.42578125,7.8417,-3.887,-9.6925,-5.9187,0,REST
6543,67.4296875,13.3553,-9.9167,-11.4565,-4.5769,0,REST
6544,67.43359375,8.7742,-6.033,-12.7591,-0.6824,0,REST
6545,67.4375,7.6483,-7.7571,-10.1957,-1.9059,0,REST
6546,67.44140625,11.6785,-8.5416,-7.5937,1.5186,0,REST
6547,67.4453125,8.6078,-7.6282,-1.811,0.2294,0,REST
6548,67.44921875,-0.2098,-4.7728,-0.7259,3.0176,0,REST
6549,67.453125,-2.501,-1.8015,3.7524,8.4313,0,REST
6550,67.45703125,-3.6417,-2.3683,1.0438,4.4397,0,REST
6551,67.4609375,-6.1024,-3.2859,6.1841,9.3349,0,REST
6552,67.46484375,-6.9699,2.2973,7.8513,8.694,0,REST
6553,67.46875,-5.1082,1.8888,7.848,6.7765,0,REST
6554,67.47265625,-11.2242,6.9235,15.4109,6.029,0,REST
6555,67.4765625,-12.0369,3.3374,13.0203,1.7458,0,REST
6556,67.48046875,-11.5402,8.1784,13.0758,4.9374,0,REST
6557,67.484375,-14.4553,8.9107,12.0551,2.0091,0,REST
6558,67.48828125,-7.6616,9.2649,10.7982,-2.0757,0,REST
6559,67.4921875,-7.6826,6.4564,4.9134,-0.9643,0,REST
6560,67.49609375,-0.6573,7.0068,5.8418,-4.3527,0,REST
6561,67.5,-1.6984,6.351,1.2701,-6.4242,0,REST
6562,67.50390625,2.4877,0.6437,-0.9085,-11.6127,0,REST
6563,67.5078125,3.8535,1.2876,-5.9924,-10.8311,0,REST
6564,67.51171875,9.6641,-3.2417,-8.6727,-5.2663,0,REST
6565,67.515625,11.5241,-2.9558,-10.738,-9.5768,0,REST
6566,67.51953125,13.1308,-6.8595,-11.1019,-6.6158,0,REST
6567,67.5234375,12.0428,-9.04,-13.5904,-5.6714,0,REST
6568,67.52734375,11.0169,-11.049,-11.1407,-0.8201,0,REST
6569,67.53125,9.4686,-6.7338,-10.6474,-1.5161,0,REST
6570,67.53515625,6.1299,-11.9019,-8.8396,4.21,0,REST
6571,67.5390625,5.7281,-10.8034,-9.7616,5.6174,0,REST
6572,67.54296875,-1.1734,-6.1899,-2.7907,7.7834,0,REST
6573,67.546875,-4.8502,-6.1059,0.7735,8.8968,0,REST
6574,67.55078125,-2.7193,-2.9778,1.8029,12.868,0,REST
6575,67.5546875,-6.4009,-0.6512,6.0855,12.3936,0,REST
6576,67.55859375,-6.3367,1.3363,7.7081,11.3372,0,REST
6577,67.5625,-11.5942,6.3164,7.1168,11.934,0,REST
6578,67.56640625,-7.1682,7.9726,13.6362,5.4476,0,REST
6579,67.5703125,-11.6189,6.7272,12.8246,1.9173,0,REST
6580,67.57421875,-12.866,12.6071,12.3652,1.0032,0,REST
6581,67.578125,-13.8586,13.2009,11.9888,-5.0356,0,REST
6582,67.58203125,-5.7923,12.4585,11.0867,-8.1662,0,REST
6583,67.5859375,-9.592,9.7876,5.9881,-6.2277,0,REST
6584,67.58984375,-1.4197,8.9621,4.5615,-11.8834,0,REST
6585,67.59375,-2.3091,4.5817,2.8422,-9.9693,0,REST
6586,67.59765625,4.8257,4.5546,-1.105,-10.163,0,REST
6587,67.6015625,7.6661,1.2225,-4.7548,-12.2499,0,REST
6588,67.60546875,8.9332,-0.7541,-4.2114,-8.994,0,REST
6589,67.609375,10.5137,-6.1836,-5.9807,-6.6721,0,REST
6590,67.61328125,10.345,-10.295,-8.9179,-5.4926,0,REST
6591,67.6171875,10.2466,-6.7457,-9.5121,-2.1036,0,REST
6592,67.62109375,8.1949,-8.9348,-8.228,-1.0851,0,REST
6593,67.625,10.2425,-8.5153,-9.0287,2.4981,0,REST
6594,67.62890625,4.7099,-13.8838,-10.2506,8.2232,0,REST
6595,67.6328125,1.0038,-10.188,-9.6417,2.7628,0,REST
6596,67.63671875,6.3575,-13.3914,-3.0599,12.2538,0,REST
6597,67.640625,0.342,-9.8151,-4.01,12.6654,0,REST
6598,67.64453125,-3.7657,-4.4495,2.4369,16.568,0,REST
6599,67.6484375,-2.4542,1.5861,2.0859,12.2833,0,REST
6600,67.65234375,-5.7471,5.352,0.298,10.8229,0,REST
6601,67.65625,-5.1544,7.6305,1.6456,9.3421,0,REST
6602,67.66015625,-9.0877,9.2602,6.1426,7.8594,0,REST
6603,67.6640625,-8.9952,10.4687,5.4557,2.9378,0,REST
6604,67.66796875,-8.0759,12.4628,7.6787,0.3365,0,REST
6605,67.671875,-7.8352,12.4183,5.7312,-6.3948,0,REST
6606,67.67578125,-3.6408,13.6049,2.8078,-8.3995,0,REST
6607,67.6796875,-3.81,11.3626,3.5871,-10.811,0,REST
6608,67.68359375,-1.0467,7.6444,3.8095,-12.5565,0,REST
6609,67.6875,2.4448,4.3607,3.3323,-13.1684,0,REST
6610,67.69140625,0.7477,8.364,-0.9924,-11.6079,0,REST
6611,67.6953125,-1.8969,0.8443,-3.0572,-13.5103,0,REST
6612,67.69921875,-2.2844,-1.6354,-2.2037,-10.0785,0,REST
6613,67.703125,3.2203,-7.263,-4.3743,-6.1984,0,REST
6614,67.70703125,8.4279,-5.8385,-3.7144,-0.9065,0,REST
6615,67.7109375,5.0677,-11.2816,-5.0032,-1.7042,0,REST
6616,67.71484375,3.7955,-9.7983,-2.6536,3.7068,0,REST
6617,67.71875,2.7406,-13.4528,-9.55,8.644,0,REST
6618,67.72265625,1.6047,-13.1227,-6.2032,10.6361,0,REST
6619,67.7265625,4.9666,-8.7573,-0.9581,13.9619,0,REST
6620,67.73046875,2.8807,-9.895,-2.5187,14.6977,0,REST
6621,67.734375,5.2063,-6.8741,-0.8526,13.3911,0,REST
6622,67.73828125,3.3339,-5.4573,-2.5769,8.9021,0,REST
6623,67.7421875,2.0046,-2.5181,-2.3324,9.2927,0,REST
6624,67.74609375,-0.6407,-1.3627,-2.8731,9.5987,0,REST
6625,67.75,0.916,6.2016,0.454,-0.2893,0,REST
6626,67.75390625,-5.6065,7.5381,-1.576,-1.2226,0,REST
6627,67.7578125,-1.5614,12.5776,-3.8187,-1.1866,0,REST
6628,67.76171875,-2.2958,16.9024,-0.641,-6.3029,0,REST
6629,67.765625,-1.9016,12.2259,1.4437,-4.5441,0,REST
6630,67.76953125,-3.7835,8.008,4.5907,-5.1379,0,REST
6631,67.7734375,-2.3948,9.598,4.7383,-7.1111,0,REST
6632,67.77734375,-5.7652,9.2746,3.1223,-8.169,0,REST
6633,67.78125,-5.5731,4.4698,2.9941,-6.4871,0,REST
6634,67.78515625,-4.8709,3.4326,1.8536,-9.4745,0,REST
6635,67.7890625,-6.9444,-0.6769,0.6326,-7.5071,0,REST
6636,67.79296875,-5.8146,-4.7604,4.2825,-4.6907,0,REST
6637,67.796875,-1.1304,-5.0638,4.9132,1.4997,0,REST
6638,67.80078125,0.2733,-3.3214,6.5706,-1.2912,0,REST
6639,67.8046875,-5.5003,-13.8529,3.4846,5.5049,0,REST
6640,67.80859375,-3.6113,-11.7838,2.1528,1.1151,0,REST
6641,67.8125,0.53,-8.4595,6.3771,6.7375,0,REST
6642,67.81640625,1.6795,-12.4654,0.398,10.2483,0,REST
6643,67.8203125,3.6855,-12.7722,1.661,5.1991,0,REST
6644,67.82421875,11.6028,-7.5443,-0.3153,6.873,0,REST
6645,67.828125,5.7417,-5.2043,-2.2075,5.2585,0,REST
6646,67.83203125,6.7056,-2.5437,-6.4528,4.5841,0,REST
6647,67.8359375,5.9645,2.8314,-10.4894,0.7563,0,REST
6648,67.83984375,8.08,4.0515,-5.4371,5.067,0,REST
6649,67.84375,6.3497,5.7402,-6.9954,0.8679,0,REST
6650,67.84765625,2.9079,4.8583,-12.6337,0.809,0,REST
6651,67.8515625,7.3917,8.2581,-9.6565,-2.0483,0,REST
6652,67.85546875,0.926,9.8433,-6.4984,-4.7696,0,REST
6653,67.859375,3.2596,10.36,-3.2014,-5.0016,0,REST
6654,67.86328125,-2.9608,9.1159,-7.167,-3.7276,0,REST
6655,67.8671875,-2.0496,8.4771,0.0536,-4.067,0,REST
6656,67.87109375,-4.0088,7.0116,4.147,-6.7376,0,REST
6657,67.875,-7.9379,3.1208,1.7297,-5.3378,0,REST
6658,67.87890625,-10.3442,-0.6111,4.137,0.7622,0,REST
6659,67.8828125,-12.7545,3.6036,5.037,-0.7216,0,REST
6660,67.88671875,-9.5072,-2.7622,6.0715,-5.0857,0,REST
6661,67.890625,-9.6914,-3.5033,8.3999,1.5048,0,REST
6662,67.89453125,-5.325,-7.2061,9.8331,-2.531,0,REST
6663,67.8984375,-4.162,-7.9225,10.6643,-0.7026,0,REST
6664,67.90234375,-2.777,-6.0664,7.91,2.6234,0,REST
6665,67.90625,3.696,-8.2252,5.6727,4.355,0,REST
6666,67.91015625,2.8134,-8.6477,3.6988,4.768,0,REST
6667,67.9140625,5.3124,-7.8413,0.3295,1.7774,0,REST
6668,67.91796875,7.8421,-4.9443,-2.9616,3.8289,0,REST
6669,67.921875,12.0599,-8.6212,-4.6988,6.1718,0,REST
6670,67.92578125,17.5419,-3.7052,-8.1851,2.4666,0,REST
6671,67.9296875,9.6122,-0.9628,-11.4053,5.4922,0,REST
6672,67.93359375,11.607,2.5191,-7.3468,-0.8501,0,REST
6673,67.9375,10.4554,2.2631,-15.2693,3.2518,0,REST
6674,67.94140625,10.5081,4.0213,-10.8562,3.748,0,REST
6675,67.9453125,4.2694,5.0724,-12.0367,-0.1177,0,REST
6676,67.94921875,4.9888,2.4096,-11.0994,4.0813,0,REST
6677,67.953125,0.9474,6.9962,-4.393,-0.8981,0,REST
6678,67.95703125,-0.6831,7.7966,-3.3281,-1.6218,0,REST
6679,67.9609375,-4.0326,4.6557,0.0522,-3.5884,0,REST
6680,67.96484375,-14.3076,1.768,-0.6258,-3.2435,0,REST
6681,67.96875,-12.2508,2.2957,8.4726,-3.4287,0,REST
6682,67.97265625,-15.1433,3.3616,11.7602,-2.3406,0,REST
6683,67.9765625,-12.0544,2.5492,10.5431,-1.9792,0,REST
6684,67.98046875,-10.3407,2.1876,11.9258,-2.7241,0,REST
6685,67.984375,-14.6542,0.796,11.1014,-2.5078,0,REST
6686,67.98828125,-8.5388,-5.0868,14.8221,-1.8287,0,REST
6687,67.9921875,-4.3681,-5.6256,7.054,-4.0623,0,REST
6688,67.99609375,-6.2885,-5.9247,11.1286,-5.9004,0,REST
6689,68.0,-1.5839,-5.2984,6.3085,-1.0988,0,REST
6690,68.00390625,2.1506,-3.4718,6.3856,-5.8071,0,REST
6691,68.0078125,7.7632,-4.9199,4.1516,-0.5169,0,REST
6692,68.01171875,8.8835,-0.5739,-1.9676,-0.4569,0,REST
6693,68.015625,13.4848,-1.7958,-4.688,1.712,0,REST
6694,68.01953125,11.8953,-0.3984,-8.3031,6.8026,0,REST
6695,68.0234375,12.3091,-5.1237,-13.9689,5.2877,0,REST
6696,68.02734375,13.6039,3.2406,-8.6092,3.7169,0,REST
6697,68.03125,12.6899,-0.4636,-13.297,5.2375,0,REST
6698,68.03515625,8.7029,-0.6787,-10.1531,7.6701,0,REST
6699,68.0390625,8.2699,4.9388,-7.2286,5.8687,0,REST
6700,68.04296875,4.4299,2.2925,-8.0888,4.6456,0,REST
6701,68.046875,1.1559,2.5667,-8.9391,3.0506,0,REST
6702,68.05078125,-3.5907,3.9393,-5.1402,0.7947,0,REST
6703,68.0546875,-6.0808,2.1204,-3.1697,0.0805,0,REST
6704,68.05859375,-6.6413,1.2289,-0.978,-2.565,0,REST
6705,68.0625,-13.463,2.4916,4.5364,-3.7271,0,REST
6706,68.06640625,-12.9049,4.4523,7.8811,-1.0345,0,REST
6707,68.0703125,-9.6282,4.9422,10.3735,-7.3741,0,REST
6708,68.07421875,-8.4166,0.9517,9.6557,-7.2542,0,REST
6709,68.078125,-11.8331,2.9089,9.9365,-10.6237,0,REST
6710,68.08203125,-8.9353,0.8973,13.6313,-7.8165,0,REST
6711,68.0859375,-4.0373,-0.3886,9.124,-13.9199,0,REST
6712,68.08984375,2.3153,-1.3744,8.1067,-9.1472,0,REST
6713,68.09375,1.2546,-2.248,5.6381,-7.7386,0,REST
6714,68.09765625,2.6145,2.0998,5.2344,-5.3071,0,REST
6715,68.1015625,6.9577,-3.3847,1.6096,0.8267,0,REST
6716,68.10546875,12.1867,-3.5346,-0.2706,-2.5945,0,REST
6717,68.109375,6.4444,-0.9113,-4.1661,3.9316,0,REST
6718,68.11328125,9.9334,0.2899,-3.5719,5.569,0,REST
6719,68.1171875,12.6248,-4.2561,-2.1871,10.5857,0,REST
6720,68.12109375,13.6137,-1.3867,-8.761,8.4782,0,REST
6721,68.125,4.8474,-1.7299,-8.9745,12.1821,0,REST
6722,68.12890625,4.5702,-8.4887,-8.6711,12.5135,0,REST
6723,68.1328125,5.0042,-0.5462,-6.633,9.156,0,REST
6724,68.13671875,2.7015,0.6859,-9.0969,7.1531,0,REST
6725,68.140625,0.4598,-1.8166,-5.4553,7.0779,0,REST
6726,68.14453125,-3.5121,-1.5843,-5.3878,5.4664,0,REST
6727,68.1484375,-3.5667,0.6806,-2.7976,-1.3922,0,REST
6728,68.15234375,-4.0898,4.2659,-2.377,-5.1472,0,REST
6729,68.15625,-7.1759,4.4573,1.9918,-6.5987,0,REST
6730,68.16015625,-5.7912,4.9851,3.0225,-12.3671,0,REST
6731,68.1640625,-3.3332,0.1803,8.3081,-10.7215,0,REST
6732,68.16796875,-7.2236,1.4983,5.0541,-12.948,0,REST
6733,68.171875,-7.6879,6.7123,6.0393,-10.7159,0,REST
6734,68.17578125,-7.651,2.4025,6.9373,-11.1755,0,REST
6735,68.1796875,-4.892,6.901,4.7247,-11.0569,0,REST
6736,68.18359375,-0.478,2.7335,6.3195,-6.9127,0,REST
6737,68.1875,-1.651,4.4728,4.9766,-6.1108,0,REST
6738,68.19140625,0.769,2.3568,4.2378,1.4073,0,REST
6739,68.1953125,0.2748,3.4669,0.3934,-0.5087,0,REST
6740,68.19921875,0.7413,-2.1107,0.7156,3.2543,0,REST
6741,68.203125,3.4596,-0.3247,-2.4264,5.959,0,REST
6742,68.20703125,3.051,-0.8326,-0.3039,8.622,0,REST
6743,68.2109375,2.0247,-9.2068,0.1623,12.7458,0,REST
6744,68.21484375,2.5493,-7.3818,-4.0725,15.7024,0,REST
6745,68.21875,3.9622,-7.3752,-2.9883,13.0012,0,REST
6746,68.22265625,3.863,-14.091,-0.2124,10.9036,0,REST
6747,68.2265625,3.9713,-7.4921,-5.8605,7.3531,0,REST
6748,68.23046875,1.5045,-5.7427,-2.3382,5.8409,0,REST
6749,68.234375,0.7536,-3.7991,-5.5882,1.4872,0,REST
6750,68.23828125,0.2021,-1.8786,-3.7439,-0.7998,0,REST
6751,68.2421875,3.2782,-2.5207,-5.6812,-7.9942,0,REST
6752,68.24609375,3.2632,3.0022,-2.858,-8.3798,0,REST
6753,68.25,-1.3695,0.7255,-6.4865,-7.8414,0,REST
6754,68.25390625,1.4509,4.009,0.4148,-12.0522,0,REST
6755,68.2578125,-2.7746,9.1192,2.3752,-12.856,0,REST
6756,68.26171875,-0.5339,6.3124,2.6171,-11.2766,0,REST
6757,68.265625,-4.779,15.2461,-0.1033,-11.7363,0,REST
6758,68.26953125,-2.5195,12.7671,5.8176,-9.5337,0,REST
6759,68.2734375,-4.7395,12.3977,-0.4624,-5.648,0,REST
6760,68.27734375,-1.879,7.6589,3.3354,-2.0169,0,REST
6761,68.28125,0.4722,5.9393,3.0767,-3.572,0,REST
6762,68.28515625,-2.9516,4.0158,2.1644,5.2731,0,REST
6763,68.2890625,-2.5833,4.4118,2.9281,2.089,0,REST
6764,68.29296875,-2.411,-1.5734,4.1991,7.9452,0,REST
6765,68.296875,-7.1718,-4.8238,1.9934,10.4248,0,REST
6766,68.30078125,-2.1836,-8.5652,0.9871,8.08,0,REST
6767,68.3046875,-1.4597,-11.1191,4.4877,11.3189,0,REST
6768,68.30859375,-2.3757,-8.3773,5.5167,13.8395,0,REST
6769,68.3125,-0.3058,-12.7223,6.0085,9.3226,0,REST
6770,68.31640625,3.3721,-11.0444,2.5177,8.7532,0,REST
6771,68.3203125,-0.9511,-9.394,-1.8154,4.582,0,REST
6772,68.32421875,4.2298,-12.3554,-0.6289,4.7659,0,REST
6773,68.328125,1.866,-6.7245,0.061,-3.2799,0,REST
6774,68.33203125,9.5267,-3.8831,-4.0547,-5.4769,0,REST
6775,68.3359375,6.8098,-2.0695,-4.7332,-5.2337,0,REST
6776,68.33984375,6.8458,-1.1573,-6.3037,-8.8354,0,REST
6777,68.34375,9.3555,4.7553,-7.6131,-10.1699,0,REST
6778,68.34765625,4.729,8.7078,-5.2503,-11.7518,0,REST
6779,68.3515625,3.0266,12.7984,-8.0034,-9.2792,0,REST
6780,68.35546875,1.2984,12.4601,-8.3187,-10.3974,0,REST
6781,68.359375,-2.1976,13.2534,-4.1943,-6.1575,0,REST
6782,68.36328125,-3.3164,10.3544,-4.9274,-6.919,0,REST
6783,68.3671875,-4.0728,9.5631,-4.5748,-3.9583,0,REST
6784,68.37109375,-10.5817,10.0701,-0.0122,-4.1758,0,REST
6785,68.375,-6.7451,8.7291,0.3807,-2.4452,0,REST
6786,68.37890625,-9.39,5.5989,-0.0321,4.9546,0,REST
6787,68.3828125,-6.8967,1.1992,2.2855,8.2234,0,REST
6788,68.38671875,-12.7529,-0.3341,8.3819,8.6519,0,REST
6789,68.390625,-10.2369,-10.1026,4.9038,5.5445,0,REST
6790,68.39453125,-5.9792,-7.7284,8.0425,5.0354,0,REST
6791,68.3984375,-6.4859,-12.8117,11.1613,11.0736,0,REST
6792,68.40234375,-1.113,-7.8501,9.9849,9.6917,0,REST
6793,68.40625,-3.9566,-15.3081,12.3612,2.0611,0,REST
6794,68.41015625,-1.2082,-14.209,10.5318,1.2739,0,REST
6795,68.4140625,7.4284,-15.1655,7.3494,6.3369,0,REST
6796,68.41796875,7.6342,-9.5459,4.9363,3.3225,0,REST
6797,68.421875,11.0437,-7.4616,1.1305,-2.0104,0,REST
6798,68.42578125,12.6176,-6.3771,-1.6045,-5.0874,0,REST
6799,68.4296875,12.7974,-5.7605,-3.5755,-6.5149,0,REST
6800,68.43359375,11.4799,0.891,-4.6273,-5.836,0,REST
6801,68.4375,6.2621,4.6377,-8.6287,-6.2892,0,REST
6802,68.44140625,6.1348,9.262,-11.8114,-8.0881,0,REST
6803,68.4453125,6.875,10.6961,-7.0239,-7.6359,0,REST
6804,68.44921875,0.3474,11.9176,-11.7538,-3.1873,0,REST
6805,68.453125,0.6798,13.805,-8.6719,-3.4439,0,REST
6806,68.45703125,-2.3233,12.8073,-12.0004,-3.878,0,REST
6807,68.4609375,-7.4536,11.9694,-5.8597,-1.6058,0,REST
6808,68.46484375,-10.3076,9.0237,-7.3013,0.2323,0,REST
6809,68.46875,-12.9747,8.991,-2.6749,2.4313,0,REST
6810,68.47265625,-13.1872,2.9051,0.1897,-0.0488,0,REST
6811,68.4765625,-11.6807,1.5706,5.3261,1.3566,0,REST
6812,68.48046875,-9.6896,-1.4852,5.036,1.9222,0,REST
6813,68.484375,-11.3317,-2.1891,7.0397,0.7651,0,REST
6814,68.48828125,-10.9741,-7.9457,10.5977,2.1656,0,REST
6815,68.4921875,-9.0859,-10.9301,14.537,6.968,0,REST
6816,68.49609375,-5.9905,-11.9175,14.7388,4.2439,0,REST
6817,68.5,4.235,-12.0748,15.6751,8.1464,0,REST
6818,68.50390625,3.5312,-13.0152,6.1755,4.5069,0,REST
6819,68.5078125,3.482,-12.411,9.4827,3.747,0,REST
6820,68.51171875,9.2591,-12.5399,7.0775,-1.2218,0,REST
6821,68.515625,9.2276,-9.5329,0.2122,-1.7172,0,REST
6822,68.51953125,11.9676,-5.2646,0.2429,2.9371,0,REST
6823,68.5234375,14.7104,-1.219,-4.0012,-2.2131,0,REST
6824,68.52734375,13.1041,2.7755,-7.6972,0.7584,0,REST
6825,68.53125,9.9377,3.2868,-4.9411,-3.0733,0,REST
6826,68.53515625,9.0759,11.0131,-14.2712,-2.8757,0,REST
6827,68.5390625,6.2966,9.63,-9.931,-3.5945,0,REST
6828,68.54296875,4.2646,9.0859,-12.9649,-3.3737,0,REST
6829,68.546875,-0.1704,9.1728,-9.9026,-3.1576,0,REST
6830,68.55078125,-1.4342,12.7479,-8.6515,-7.3642,0,REST
6831,68.5546875,-7.2083,13.8604,-9.6422,-3.5045,0,REST
6832,68.55859375,-8.9008,11.0477,-5.4144,-3.7336,0,REST
6833,68.5625,-8.1605,6.7583,-4.6144,0.75,0,REST
6834,68.56640625,-11.6894,1.0372,-0.4834,-1.5903,0,REST
6835,68.5703125,-7.7864,2.7355,4.0498,-3.562,0,REST
6836,68.57421875,-11.6636,-1.4694,3.7393,-1.3662,0,REST
6837,68.578125,-10.6344,-1.0614,5.5886,-0.6757,0,REST
6838,68.58203125,-11.0648,-3.4935,12.3677,0.892,0,REST
6839,68.5859375,-5.1396,-9.3929,8.4803,1.5192,0,REST
6840,68.58984375,-3.6993,-12.2219,12.0874,4.6884,0,REST
6841,68.59375,-1.9101,-13.6507,10.7449,4.9784,0,REST
6842,68.59765625,5.6643,-10.9698,10.9381,1.613,0,REST
6843,68.6015625,7.1447,-11.7648,5.5243,8.4159,0,REST
6844,68.60546875,6.6047,-9.979,6.264,4.327,0,REST
6845,68.609375,10.507,-7.1539,1.9923,4.346,0,REST
6846,68.61328125,11.2869,-3.7234,-0.4767,9.7419,0,REST
6847,68.6171875,8.9373,-3.5641,-2.078,2.9549,0,REST
6848,68.62109375,9.3845,5.0638,-2.8316,3.019,0,REST
6849,68.625,6.2193,3.9187,-4.7498,-0.1837,0,REST
6850,68.62890625,6.5361,7.2134,-6.6817,-0.5211,0,REST
6851,68.6328125,4.3991,7.2294,-5.3466,-0.0707,0,REST
6852,68.63671875,1.4047,9.1365,-8.251,0.2696,0,REST
6853,68.640625,-3.0218,8.3594,-11.9322,-3.7513,0,REST
6854,68.64453125,-1.7581,8.7326,-7.4962,-10.8783,0,REST
6855,68.6484375,-3.3388,9.8381,-2.3529,-5.7206,0,REST
6856,68.65234375,-5.4071,8.9519,-3.68,-6.7776,0,REST
6857,68.65625,-6.0186,4.7107,-4.5826,-7.3543,0,REST
6858,68.66015625,-8.9034,9.0427,0.563,-7.1441,0,REST
6859,68.6640625,-7.9899,1.8645,0.8728,-5.2223,0,REST
6860,68.66796875,-7.0145,-2.2505,-0.0067,-5.1406,0,REST
6861,68.671875,-7.0808,-6.6647,5.948,-3.2421,0,REST
6862,68.67578125,-0.994,-4.2245,5.6189,1.1415,0,REST
6863,68.6796875,-4.7716,-4.5568,4.1824,4.1643,0,REST
6864,68.68359375,-0.5971,-7.8207,8.1503,2.9932,0,REST
6865,68.6875,-0.4189,-8.2336,7.7967,2.4321,0,REST
6866,68.69140625,-0.1282,-8.9749,4.3253,8.0597,0,REST
6867,68.6953125,0.5584,-5.8725,6.0135,8.1484,0,REST
6868,68.69921875,3.0059,-7.8192,8.5396,15.2503,0,REST
6869,68.703125,2.3516,-5.608,4.5371,7.0403,0,REST
6870,68.70703125,3.9791,-7.0024,0.4924,10.8723,0,REST
6871,68.7109375,4.0414,-3.8893,0.2338,4.0778,0,REST
6872,68.71484375,4.2381,-2.2196,-4.9785,2.472,0,REST
6873,68.71875,7.2542,1.5353,0.0521,-1.1088,0,REST
6874,68.72265625,3.9254,-0.5027,-3.4904,-1.8252,0,REST
6875,68.7265625,1.4925,6.007,-1.9677,-2.0191,0,REST
6876,68.73046875,2.6181,10.1677,-2.9125,-10.9599,0,REST
6877,68.734375,2.6772,9.2219,-2.727,-7.7045,0,REST
6878,68.73828125,2.8828,2.6604,-2.1447,-10.9427,0,REST
6879,68.7421875,5.4187,1.8655,-2.8044,-13.0053,0,REST
6880,68.74609375,0.3926,6.1761,-1.8171,-9.7562,0,REST
6881,68.75,1.1818,5.975,-5.582,-6.2793,0,REST
6882,68.75390625,0.0879,1.6534,-6.1396,-8.4848,0,REST
6883,68.7578125,-1.2606,2.8899,0.1509,-2.3437,0,REST
6884,68.76171875,-0.1818,0.8742,-5.6008,-1.6949,0,REST
6885,68.765625,-2.3846,-0.3807,-1.3298,-1.8861,0,REST
6886,68.76953125,-0.5582,-0.4328,-3.2672,7.5906,0,REST
6887,68.7734375,-2.0607,-2.6641,-3.4158,7.6198,0,REST
6888,68.77734375,0.1238,-1.2714,-3.1759,7.8358,0,REST
6889,68.78125,-3.7243,-4.5779,-2.9699,14.8208,0,REST
6890,68.78515625,-3.7927,-1.9964,-1.076,13.0473,0,REST
6891,68.7890625,-5.984,-2.2815,2.5332,11.4044,0,REST
6892,68.79296875,-6.4188,-2.9198,5.7636,8.043,0,REST
6893,68.796875,-3.9635,-3.3077,2.2649,9.7798,0,REST
6894,68.80078125,-3.0245,-0.7331,2.4768,9.3682,0,REST
6895,68.8046875,-2.5318,-4.6285,2.6224,2.1125,0,REST
6896,68.80859375,-2.1557,-0.0313,4.0153,2.4766,0,REST
6897,68.8125,0.6464,-0.7398,8.7992,-2.5791,0,REST
6898,68.81640625,0.3893,1.2562,5.3797,-2.0577,0,REST
6899,68.8203125,2.7852,4.4034,6.2741,-5.7068,0,REST
6900,68.82421875,1.5966,2.4616,4.4008,-8.5161,0,REST
6901,68.828125,2.6074,1.8714,3.6085,-12.2071,0,REST
6902,68.83203125,8.2009,4.2425,-0.584,-12.2117,0,REST
6903,68.8359375,7.5001,4.8807,0.7034,-11.1139,0,REST
6904,68.83984375,5.4319,2.5605,-0.9317,-11.4772,0,REST
6905,68.84375,6.8088,5.2876,-4.6118,-10.8979,0,REST
6906,68.84765625,3.9315,4.2465,-4.1959,-6.366,0,REST
6907,68.8515625,6.5588,1.2339,-4.7061,0.014,0,REST
6908,68.85546875,4.5937,-0.5701,-10.2111,0.3334,0,REST
6909,68.859375,4.7366,3.7879,-10.1142,2.9461,0,REST
6910,68.86328125,-2.1408,1.7488,-7.0897,4.5455,0,REST
6911,68.8671875,-5.2781,4.6887,-10.1006,9.8667,0,REST
6912,68.87109375,-4.7184,-0.5454,-3.8978,9.5958,0,REST
6913,68.875,-5.7977,-1.0462,-4.8383,9.4752,0,REST
6914,68.87890625,-9.2945,5.8825,-4.2667,12.3583,0,REST
6915,68.8828125,-7.7563,1.4457,-2.8896,13.5758,0,REST
6916,68.88671875,-9.4694,-0.2885,1.0946,10.5514,0,REST
6917,68.890625,-9.5778,1.103,4.836,6.5501,0,REST
6918,68.89453125,-6.8787,-1.6517,8.561,4.377,0,REST
6919,68.8984375,-3.7572,-2.4662,8.449,1.2834,0,REST
6920,68.90234375,-3.9765,-6.9575,9.2028,-0.9159,0,REST
6921,68.90625,-2.333,-3.5629,12.8072,-6.9836,0,REST
6922,68.91015625,1.4644,-2.7249,9.2308,-9.1861,0,REST
6923,68.9140625,5.8963,0.1098,9.9329,-8.3126,0,REST
6924,68.91796875,6.1379,-4.8565,7.4336,-9.6068,0,REST
6925,68.921875,8.9075,-1.5172,8.3422,-9.7952,0,REST
6926,68.92578125,10.2087,0.0182,9.8461,-8.8962,0,REST
6927,68.9296875,11.5767,-2.1684,3.2581,-11.6216,0,REST
6928,68.93359375,10.9835,1.6492,-0.8785,-9.5217,0,REST
6929,68.9375,9.5934,3.0438,-1.8491,-5.0672,0,REST
6930,68.94140625,10.0643,2.2348,-9.8439,-2.998,0,REST
6931,68.9453125,4.7044,1.7997,-7.7609,2.6526,0,REST
6932,68.94921875,7.0125,4.4406,-11.6904,2.3522,0,REST
6933,68.953125,-0.6937,3.7526,-11.9576,4.9065,0,REST
6934,68.95703125,-3.069,4.6036,-11.9135,12.0578,0,REST
6935,68.9609375,-5.9336,4.7856,-12.6451,8.8805,0,REST
6936,68.96484375,-11.3247,4.3829,-10.9672,11.5094,0,REST
6937,68.96875,-9.8501,3.0029,-15.0937,8.0697,0,REST
6938,68.97265625,-12.2602,1.9216,-1.3587,13.371,0,REST
6939,68.9765625,-15.1711,1.8266,-3.0829,11.4209,0,REST
6940,68.98046875,-9.559,-0.687,-3.5311,8.6611,0,REST
6941,68.984375,-12.5284,-0.4258,2.6299,4.3991,0,REST
6942,68.98828125,-5.3722,-10.2539,8.5425,3.4296,0,REST
6943,68.9921875,-7.3485,-4.6176,8.7094,-2.1618,0,REST
6944,68.99609375,-2.2532,-5.0345,10.7274,-3.8782,0,REST
6945,69.0,-1.282,-8.4346,9.4501,-4.544,0,REST
6946,69.00390625,4.0932,-5.7419,12.0421,-2.2664,0,REST
6947,69.0078125,5.6297,-11.0804,12.9407,-9.0361,0,REST
6948,69.01171875,11.348,-10.7432,13.5899,-3.6665,0,REST
6949,69.015625,9.7386,-5.6898,8.715,-5.3365,0,REST
6950,69.01953125,13.6794,-3.7361,9.9769,-4.9708,0,REST
6951,69.0234375,14.2559,-2.3291,5.8684,-8.1082,0,REST
6952,69.02734375,11.1719,1.7835,0.9424,-0.6488,0,REST
6953,69.03125,7.9256,2.9491,-0.4709,-0.1055,0,REST
6954,69.03515625,8.8679,4.7017,-6.0764,1.2721,0,REST
6955,69.0390625,6.0985,3.7558,-9.3489,2.3935,0,REST
6956,69.04296875,5.2821,7.2017,-9.1468,-0.0341,0,REST
6957,69.046875,-1.2968,6.7987,-11.3435,4.6533,0,REST
6958,69.05078125,-1.5001,10.2358,-12.1761,7.0219,0,REST
6959,69.0546875,-7.1993,11.8906,-11.4144,2.9408,0,REST
6960,69.05859375,-8.6179,4.4347,-8.5671,4.4353,0,REST
6961,69.0625,-8.7085,8.6503,-10.0124,1.7063,0,REST
6962,69.06640625,-9.8207,6.5147,-5.3043,6.4087,0,REST
6963,69.0703125,-11.529,3.514,-6.0389,4.381,0,REST
6964,69.07421875,-11.1781,1.8786,-2.2372,2.2583,0,REST
6965,69.078125,-11.0573,-1.4661,1.5439,3.3519,0,REST
6966,69.08203125,-6.6209,-7.4903,6.635,1.6235,0,REST
6967,69.0859375,-3.2084,-5.1382,6.4861,0.6694,0,REST
6968,69.08984375,-1.8396,-7.8368,7.0634,2.5798,0,REST
6969,69.09375,-0.1537,-11.0411,8.4467,-2.8884,0,REST
6970,69.09765625,2.1848,-13.8484,10.1629,-1.1697,0,REST
6971,69.1015625,3.3435,-12.0915,10.2071,1.8307,0,REST
6972,69.10546875,4.8777,-9.6087,9.187,-7.052,0,REST
6973,69.109375,12.3439,-7.2902,5.1322,-1.7998,0,REST
6974,69.11328125,8.4973,-9.0386,9.358,-6.0662,0,REST
6975,69.1171875,14.4192,-2.3896,2.3,-1.552,0,REST
6976,69.12109375,4.9818,-2.5932,1.9852,-3.6764,0,REST
6977,69.125,8.6308,3.2693,-1.9592,-2.2091,0,REST
6978,69.12890625,9.7999,2.2092,-4.3743,-0.298,0,REST
6979,69.1328125,1.6546,5.4254,-7.5381,-0.3221,0,REST
6980,69.13671875,5.9848,10.0013,-7.9624,-3.065,0,REST
6981,69.140625,-2.2819,11.7752,-9.6487,-0.3561,0,REST
6982,69.14453125,-1.2366,12.0918,-7.5804,-3.6627,0,REST
6983,69.1484375,-6.1121,13.5593,-8.1163,-2.7547,0,REST
6984,69.15234375,-7.2871,10.3077,-8.8436,0.2741,0,REST
6985,69.15625,-7.8996,11.0372,-7.3037,-1.7709,0,REST
6986,69.16015625,-6.1216,7.8848,-5.1318,1.4638,0,REST
6987,69.1640625,-4.8719,3.3012,-3.781,1.7955,0,REST
6988,69.16796875,-4.6508,-0.0197,-4.6834,4.8257,0,REST
6989,69.171875,-5.0319,1.9406,3.5476,5.1207,0,REST
6990,69.17578125,-5.3116,-2.3352,2.7069,8.2058,0,REST
6991,69.1796875,-3.9776,-8.3768,2.9289,7.9381,0,REST
6992,69.18359375,-3.9821,-9.571,1.2678,4.2471,0,REST
6993,69.1875,-2.4073,-11.5748,4.054,3.7323,0,REST
6994,69.19140625,-0.0259,-12.686,4.7321,4.3433,0,REST
6995,69.1953125,3.6705,-13.3196,1.0303,-0.4558,0,REST
6996,69.19921875,3.6473,-9.8187,-0.7432,-0.8059,0,REST
6997,69.203125,4.819,-8.703,4.9572,-1.9122,0,REST
6998,69.20703125,2.5415,-9.7222,4.5721,-0.8814,0,REST
6999,69.2109375,4.0329,-6.2534,1.7736,-4.6636,0,REST
7000,69.21484375,2.6546,-0.5828,0.5232,-5.4048,0,REST
7001,69.21875,3.827,-1.8079,0.953,-7.0016,0,REST
7002,69.22265625,4.6989,5.7199,-0.1429,-7.5541,0,REST
7003,69.2265625,1.1865,11.6514,1.7311,-5.9855,0,REST
7004,69.23046875,5.3282,10.701,-1.9312,-5.7002,0,REST
7005,69.234375,-0.7186,10.3959,-2.2385,-3.4941,0,REST
7006,69.23828125,2.6278,11.773,-0.5365,-2.2386,0,REST
7007,69.2421875,-0.5773,13.7471,-2.9672,-2.4939,0,REST
7008,69.24609375,0.174,6.7071,-1.3465,-0.7244,0,REST
7009,69.25,-1.3829,9.8279,-5.1094,0.248,0,REST
7010,69.25390625,-4.0557,9.2729,2.9629,4.4129,0,REST
7011,69.2578125,-2.7203,0.989,-1.6602,6.6186,0,REST
7012,69.26171875,-1.1445,1.2454,-5.2254,7.7784,0,REST
7013,69.265625,-1.8932,-4.2088,-2.7977,10.4254,0,REST
7014,69.26953125,-0.7171,-3.3176,-0.815,10.0004,0,REST
7015,69.2734375,1.7467,-9.8241,-4.6341,6.2819,0,REST
7016,69.27734375,-2.9633,-12.4749,-2.1905,9.4643,0,REST
7017,69.28125,-3.1187,-11.1683,-1.4138,7.3879,0,REST
7018,69.28515625,2.9502,-13.8532,-5.3991,4.778,0,REST
7019,69.2890625,-4.5437,-12.1844,-0.5817,5.0083,0,REST
7020,69.29296875,-3.8615,-10.7615,0.7431,-0.7669,0,REST
7021,69.296875,-4.1555,-9.4469,-1.6169,-7.1688,0,REST
7022,69.30078125,-2.4248,-4.2469,-1.2223,-4.0356,0,REST
7023,69.3046875,0.3004,-5.7753,-1.9262,-5.8407,0,REST
7024,69.30859375,-0.0491,1.0082,2.8624,-10.0149,0,REST
7025,69.3125,-0.5965,5.6082,4.7284,-10.5962,0,REST
7026,69.31640625,3.712,6.0301,8.0201,-10.9622,0,REST
7027,69.3203125,4.3109,5.8452,7.1794,-12.4633,0,REST
7028,69.32421875,4.7488,11.2892,6.6855,-8.8376,0,REST
7029,69.328125,6.0989,11.6476,6.5714,-7.1993,0,REST
7030,69.33203125,11.5825,8.5235,7.0981,-3.5975,0,REST
7031,69.3359375,5.0748,10.3821,4.2912,-1.2882,0,REST
7032,69.33984375,9.9116,14.744,7.9404,7.2025,0,REST
7033,69.34375,3.231,8.884,1.916,5.0697,0,REST
7034,69.34765625,4.8774,6.0567,-2.6233,8.5372,0,REST
7035,69.3515625,8.2787,4.1937,1.7824,9.7039,0,REST
7036,69.35546875,4.3638,1.0381,-6.8983,11.2698,0,REST
7037,69.359375,-0.3589,-3.4968,-4.6013,15.9726,0,REST
7038,69.36328125,-1.1266,-4.3337,-9.2194,14.9139,0,REST
7039,69.3671875,-5.782,-6.3616,-6.4651,12.4317,0,REST
7040,69.37109375,-7.8366,-11.1288,-9.2779,11.0946,0,REST
7041,69.375,-3.3578,-14.1053,-8.1781,6.6619,0,REST
7042,69.37890625,-6.6813,-11.992,-7.6908,1.9652,0,REST
7043,69.3828125,-10.1254,-13.2394,-6.9071,0.5611,0,REST
7044,69.38671875,-8.3468,-10.0731,-4.2333,-2.8356,0,REST
7045,69.390625,-10.2423,-9.3086,-8.218,-9.1133,0,REST
7046,69.39453125,-7.4896,-1.1686,-0.7165,-7.6991,0,REST
7047,69.3984375,-7.99,-0.3343,6.5765,-12.7417,0,REST
7048,69.40234375,-2.4591,-0.4504,5.1688,-10.9714,0,REST
7049,69.40625,0.1609,4.6161,7.5722,-9.1163,0,REST
7050,69.41015625,2.6974,5.8409,11.9283,-10.1666,0,REST
7051,69.4140625,8.8308,4.5601,13.5987,-6.5096,0,REST
7052,69.41796875,9.9501,6.3885,12.8275,-7.6877,0,REST
7053,69.421875,8.3234,7.6273,10.2647,-4.6474,0,REST
7054,69.42578125,12.0773,9.5781,10.576,-0.7611,0,REST
7055,69.4296875,11.2884,7.4363,8.6735,2.4129,0,REST
7056,69.43359375,12.3608,11.586,3.5545,4.7355,0,REST
7057,69.4375,12.3212,10.0392,3.6619,8.0487,0,REST
7058,69.44140625,6.7931,3.6981,3.9987,8.2944,0,REST
7059,69.4453125,4.9796,4.4613,-2.2727,13.6117,0,REST
7060,69.44921875,1.188,0.6827,-5.0285,12.2355,0,REST
7061,69.453125,0.5138,-3.6745,-5.2785,11.948,0,REST
7062,69.45703125,-1.9333,-4.2029,-8.1064,10.6039,0,REST
7063,69.4609375,-5.9173,-6.7074,-10.8894,9.2901,0,REST
7064,69.46484375,-10.545,-5.4064,-12.2391,-0.0184,0,REST
7065,69.46875,-11.092,-4.9742,-10.319,5.5115,0,REST
7066,69.47265625,-11.2345,-10.5361,-9.1734,-1.3485,0,REST
7067,69.4765625,-13.3222,-7.1594,-11.0622,-3.8153,0,REST
7068,69.48046875,-11.3286,-6.767,-12.3724,-6.0356,0,REST
7069,69.484375,-13.3942,-5.0904,-7.2461,-7.157,0,REST
7070,69.48828125,-13.0293,-6.6503,0.1688,-15.2336,0,REST
7071,69.4921875,-6.5738,-3.7341,0.605,-9.9337,0,REST
7072,69.49609375,-2.3848,-4.8926,4.3193,-13.1925,0,REST
7073,69.5,-1.028,3.5375,7.9607,-11.4799,0,REST
7074,69.50390625,2.6903,4.7299,12.5164,-11.6456,0,REST
7075,69.5078125,9.8068,2.6238,11.2281,-7.693,0,REST
7076,69.51171875,9.4366,6.7465,13.5293,-6.3151,0,REST
7077,69.515625,10.6894,3.6512,12.7565,-2.6158,0,REST
7078,69.51953125,12.7709,5.1807,10.6747,2.31,0,REST
7079,69.5234375,15.3648,2.2292,6.567,4.8987,0,REST
7080,69.52734375,11.6006,3.8453,10.5393,7.7688,0,REST
7081,69.53125,8.5189,-0.4309,8.0023,6.6426,0,REST
7082,69.53515625,8.3628,4.8374,1.5041,10.1183,0,REST
7083,69.5390625,5.497,7.6584,-2.9813,7.0413,0,REST
7084,69.54296875,3.9599,0.8809,-4.4312,9.1944,0,REST
7085,69.546875,-1.0817,2.687,0.7471,-5.0111,4,INTER
7086,69.55078125,0.4543,-0.6752,0.9681,2.3611,4,INTER
7087,69.5546875,-2.7268,-4.4316,5.0377,0.7242,4,INTER
7088,69.55859375,0.1283,-1.2195,0.1535,3.4117,4,INTER
7089,69.5625,-3.3393,0.1913,-1.4413,-0.643,4,INTER
7090,69.56640625,0.6427,-2.8394,2.3237,1.4292,4,INTER
7091,69.5703125,1.2704,-1.9451,-2.5606,5.245,4,INTER
7092,69.57421875,-0.9184,-0.2422,-0.9732,1.8761,4,INTER
7093,69.578125,-1.9998,0.8685,-0.3835,-0.7314,4,INTER
7094,69.58203125,1.6129,0.2713,-1.8496,-1.9323,4,INTER
7095,69.5859375,-1.6999,-0.6739,-4.9371,0.6739,4,INTER
7096,69.58984375,-0.1663,-1.8661,-2.0189,2.248,4,INTER
7097,69.59375,-0.3029,-1.2052,-3.1788,2.702,4,INTER
7098,69.59765625,-3.1422,-0.1585,2.1326,3.751,4,INTER
7099,69.6015625,-1.7915,-1.7003,-2.5085,-3.3574,4,INTER
7100,69.60546875,0.563,6.2524,0.6834,-0.6138,4,INTER
7101,69.609375,0.2746,3.5855,-1.9947,-0.4813,4,INTER
7102,69.61328125,0.1088,-1.4253,3.3803,1.3087,4,INTER
7103,69.6171875,-0.1729,-2.2271,-2.2955,4.2558,4,INTER
7104,69.62109375,-0.0606,1.8578,-0.5399,-0.924,4,INTER
7105,69.625,0.4478,-2.7048,1.7203,-2.2627,4,INTER
7106,69.62890625,-3.1662,2.1936,0.9498,1.2656,4,INTER
7107,69.6328125,-0.6644,0.6157,-0.9352,-1.1632,4,INTER
7108,69.63671875,-0.0717,-0.8056,3.9402,3.1163,4,INTER
7109,69.640625,-3.1229,-1.2691,-1.3938,-2.8424,4,INTER
7110,69.64453125,3.8428,0.5527,-1.204,4.6318,4,INTER
7111,69.6484375,-0.7471,3.059,-3.1394,3.2746,4,INTER
7112,69.65234375,-0.7348,-3.3722,-1.2543,-0.5303,4,INTER
7113,69.65625,0.0976,-4.8495,-2.8309,-0.0059,4,INTER
7114,69.66015625,2.7184,-3.1128,1.435,-2.7891,4,INTER
7115,69.6640625,2.9183,1.1639,0.2864,3.9028,4,INTER
7116,69.66796875,1.2603,-0.9979,-1.685,-1.375,4,INTER
7117,69.671875,-2.8505,0.1858,-1.726,0.3471,4,INTER
7118,69.67578125,3.0295,4.7291,-4.4093,3.3027,4,INTER
7119,69.6796875,-2.8581,-1.3087,-3.8172,0.3934,4,INTER
7120,69.68359375,3.9554,-0.6802,2.5134,1.4612,4,INTER
7121,69.6875,0.9485,4.2052,-0.2824,1.716,4,INTER
7122,69.69140625,1.7482,3.5615,2.3124,1.1575,4,INTER
7123,69.6953125,-3.3838,-0.5715,-2.6961,-0.0948,4,INTER
7124,69.69921875,-1.6771,2.4511,0.413,-0.5798,4,INTER
7125,69.703125,-0.092,0.3248,5.6312,-1.2486,4,INTER
7126,69.70703125,-1.0337,-2.7793,4.0168,-3.7647,4,INTER
7127,69.7109375,2.7075,-1.3389,1.3581,-2.8771,4,INTER
7128,69.71484375,0.0922,0.2285,0.9616,-0.9003,4,INTER
7129,69.71875,0.6628,2.5172,-3.3088,0.8659,4,INTER
7130,69.72265625,6.1079,-1.6144,-0.314,-0.9502,4,INTER
7131,69.7265625,-2.0884,-4.072,0.6778,-1.8218,4,INTER
7132,69.73046875,-1.0665,2.8013,0.7993,-0.2487,4,INTER
7133,69.734375,0.0605,-0.0599,2.2646,-2.2465,4,INTER
7134,69.73828125,-0.3415,4.1593,2.8489,-0.5435,4,INTER
7135,69.7421875,1.1987,-1.1859,-4.6355,1.9011,4,INTER
7136,69.74609375,-1.694,-3.8517,-6.1098,3.2882,4,INTER
7137,69.75,-2.5239,1.2727,3.2682,-0.0964,4,INTER
7138,69.75390625,1.5486,-0.7842,-0.1759,0.4592,4,INTER
7139,69.7578125,-2.8633,-1.7916,-0.1263,2.2599,4,INTER
7140,69.76171875,1.1852,1.8807,2.2543,-3.048,4,INTER
7141,69.765625,0.0289,1.5253,-1.0638,-0.548,4,INTER
7142,69.76953125,-1.9969,4.0039,1.5145,2.5069,4,INTER
7143,69.7734375,1.0682,1.1915,-1.5759,-0.4859,4,INTER
7144,69.77734375,-0.8758,-0.9616,1.0039,-0.828,4,INTER
7145,69.78125,-4.8933,0.8788,-5.024,0.2526,4,INTER
7146,69.78515625,-1.9205,2.4023,0.098,-2.8898,4,INTER
7147,69.7890625,0.0698,1.0345,-1.8859,-1.9985,4,INTER
7148,69.79296875,3.9228,-0.6203,3.0511,-0.623,4,INTER
7149,69.796875,-2.6869,-1.1079,-4.4709,-2.9488,4,INTER
7150,69.80078125,-1.9617,5.0907,-2.2796,-1.2732,4,INTER
7151,69.8046875,-1.7162,-1.9141,-2.1453,-1.6938,4,INTER
7152,69.80859375,-2.448,2.5778,-0.026,0.556,4,INTER
7153,69.8125,-4.9754,3.7784,-0.9289,-2.3169,4,INTER
7154,69.81640625,4.7368,0.6366,0.8617,2.8424,4,INTER
7155,69.8203125,1.1999,-1.9239,2.0803,-0.6683,4,INTER
7156,69.82421875,3.0999,-4.2022,-0.4988,3.6901,4,INTER
7157,69.828125,0.1294,-1.7923,2.5267,0.8483,4,INTER
7158,69.83203125,-1.9966,-3.5986,4.0258,-2.0135,4,INTER
7159,69.8359375,-1.9699,0.3604,1.7617,-4.1204,4,INTER
7160,69.83984375,2.9707,4.3449,-1.4459,0.6708,4,INTER
7161,69.84375,-1.4295,-3.3081,0.9073,-6.2514,4,INTER
7162,69.84765625,0.7521,3.1129,-3.5958,0.533,4,INTER
7163,69.8515625,2.0437,-0.353,2.2608,-1.8256,4,INTER
7164,69.85546875,-0.8363,-3.0314,1.2058,2.7737,4,INTER
7165,69.859375,2.2911,0.2491,-1.4031,-1.1792,4,INTER
7166,69.86328125,-0.7467,3.8278,-1.1368,2.4182,4,INTER
7167,69.8671875,0.9812,-3.1696,-1.8242,-1.3776,4,INTER
7168,69.87109375,-0.2331,2.0834,-2.1687,-1.4247,4,INTER
7169,69.875,0.0991,-3.7255,-3.1061,1.5858,4,INTER
7170,69.87890625,1.9482,-1.1442,4.461,1.0794,4,INTER
7171,69.8828125,2.9604,-1.9263,2.0302,3.0307,4,INTER
7172,69.88671875,2.849,1.9435,8.0265,-1.0971,4,INTER
7173,69.890625,0.9726,-0.134,-1.3266,1.6506,4,INTER
7174,69.89453125,-3.5722,-0.5031,-1.3013,-3.6044,4,INTER
7175,69.8984375,-2.7903,0.1143,2.8829,1.4693,4,INTER
7176,69.90234375,-4.723,-4.717,-3.2523,0.7245,4,INTER
7177,69.90625,-3.7078,-3.0581,2.358,1.4917,4,INTER
7178,69.91015625,0.8016,-1.4481,0.7339,1.0242,4,INTER
7179,69.9140625,2.7418,-1.5071,-1.0184,-7.0823,4,INTER
7180,69.91796875,-1.225,2.1821,2.2274,-5.0618,4,INTER
7181,69.921875,-3.9808,-2.0484,0.9351,3.4184,4,INTER
7182,69.92578125,2.0028,2.3621,-0.1795,-0.6155,4,INTER
7183,69.9296875,-3.6967,4.2413,-0.4718,-0.1654,4,INTER
7184,69.93359375,3.5854,2.0208,2.3837,-0.67,4,INTER
7185,69.9375,-2.1229,1.7132,0.7192,3.0018,4,INTER
7186,69.94140625,0.9527,-1.1649,1.9528,0.3749,4,INTER
7187,69.9453125,-3.32,-0.7238,0.6014,3.3919,4,INTER
7188,69.94921875,1.4207,-1.5555,-2.2738,-3.7217,4,INTER
7189,69.953125,6.1511,-0.6137,0.708,1.4064,4,INTER
7190,69.95703125,-0.3857,2.403,0.4439,3.25,4,INTER
7191,69.9609375,-1.5212,3.4226,-2.8662,-4.2428,4,INTER
7192,69.96484375,0.4704,-1.0071,-3.0012,6.3288,4,INTER
7193,69.96875,4.3769,0.3572,-3.4665,4.5186,4,INTER
7194,69.97265625,1.5274,-0.595,-2.8484,2.3907,4,INTER
7195,69.9765625,-1.1191,0.2184,3.4831,-0.9236,4,INTER
7196,69.98046875,-1.3031,2.6997,1.0158,-0.5712,4,INTER
7197,69.984375,3.3967,-0.87,-1.2042,-0.2817,4,INTER
7198,69.98828125,0.8261,0.7988,0.7225,-3.1317,4,INTER
7199,69.9921875,5.2412,-0.7517,2.7811,-1.7283,4,INTER
7200,69.99609375,-0.7183,3.7489,-0.3432,-1.9357,4,INTER
7201,70.0,-3.3441,1.0272,3.8309,0.0383,4,INTER
7202,70.00390625,1.9724,3.5665,-5.6608,0.0637,4,INTER
7203,70.0078125,-1.4016,-3.1374,-0.5752,-0.9217,4,INTER
7204,70.01171875,-0.3788,-1.363,2.6236,1.7861,4,INTER
7205,70.015625,2.3196,1.4234,-2.2287,1.0241,4,INTER
7206,70.01953125,4.9761,1.0041,-1.1419,1.9484,4,INTER
7207,70.0234375,-0.7481,-2.9156,-3.1462,-0.0933,4,INTER
7208,70.02734375,-0.6588,3.8762,-0.9471,-2.0028,4,INTER
7209,70.03125,3.7458,-4.0119,-2.8107,-0.0527,4,INTER
7210,70.03515625,2.402,2.2964,-0.5009,1.7763,4,INTER
7211,70.0390625,-2.8028,0.3295,0.6068,0.5272,4,INTER
7212,70.04296875,1.2626,1.0292,-4.1158,-3.5328,4,INTER
7213,70.046875,2.3809,-0.3084,-3.6235,2.4919,4,INTER
7214,70.05078125,2.864,0.42,-1.8942,1.7334,4,INTER
7215,70.0546875,-3.2318,0.6687,1.2722,1.9081,4,INTER
7216,70.05859375,5.243,0.4311,0.9664,-2.6792,4,INTER
7217,70.0625,-1.9475,2.0132,0.2378,3.8497,4,INTER
7218,70.06640625,-3.7571,3.6856,-1.6169,1.5608,4,INTER
7219,70.0703125,-2.8922,1.023,-0.9014,-0.8469,4,INTER
7220,70.07421875,-1.0399,-1.8016,-0.8935,4.2739,4,INTER
7221,70.078125,-2.2714,1.1162,1.7888,0.4307,4,INTER
7222,70.08203125,-1.3805,1.0814,-0.2977,1.9123,4,INTER
7223,70.0859375,1.2276,-2.4505,1.5988,-5.6976,4,INTER
7224,70.08984375,1.7653,-0.4047,1.6299,0.6535,4,INTER
7225,70.09375,4.376,-1.1397,-0.1371,-0.8592,4,INTER
7226,70.09765625,-2.2823,-1.0425,-0.7685,-1.402,4,INTER
7227,70.1015625,-0.4093,-1.6254,0.3873,6.4236,4,INTER
7228,70.10546875,2.5289,-1.4536,-1.4769,-4.5636,4,INTER
7229,70.109375,-1.8089,0.7294,-0.4567,4.5373,4,INTER
7230,70.11328125,-1.4945,-0.1779,-1.6358,-2.0392,4,INTER
7231,70.1171875,-0.4135,1.7568,1.6164,4.3774,4,INTER
7232,70.12109375,0.8706,-2.4416,-1.0652,1.6931,4,INTER
7233,70.125,3.5893,0.2679,4.2102,-2.1954,4,INTER
7234,70.12890625,-2.5317,-2.1297,-2.4001,0.9531,4,INTER
7235,70.1328125,-1.6308,1.8792,-4.4645,3.6845,4,INTER
7236,70.13671875,-1.1096,-0.0335,2.8595,-1.0585,4,INTER
7237,70.140625,-0.0286,-2.2708,-1.4903,-1.1502,4,INTER
7238,70.14453125,-2.042,2.2303,1.6717,0.2474,4,INTER
7239,70.1484375,-1.0962,2.1025,0.5632,0.9955,4,INTER
7240,70.15234375,3.2485,1.7692,-3.3429,-0.5245,4,INTER
7241,70.15625,-2.6796,4.923,-0.5945,-0.8318,4,INTER
7242,70.16015625,4.04,-1.0289,0.5697,2.8533,4,INTER
7243,70.1640625,4.6935,1.6268,-0.307,2.9737,4,INTER
7244,70.16796875,-2.573,-2.1753,-2.1826,2.3531,4,INTER
7245,70.171875,-5.5135,2.7406,1.513,0.7027,4,INTER
7246,70.17578125,-0.095,4.8112,-0.7323,1.6732,4,INTER
7247,70.1796875,-0.5799,-4.1309,-3.3718,2.817,4,INTER
7248,70.18359375,2.247,-0.0097,-1.3108,1.238,4,INTER
7249,70.1875,0.9924,-0.4132,-3.2719,-3.9738,4,INTER
7250,70.19140625,-1.3931,2.0195,-0.3165,0.5349,4,INTER
7251,70.1953125,4.4292,-0.1195,1.9021,4.1516,4,INTER
7252,70.19921875,-2.259,0.2424,-1.1848,-0.5493,4,INTER
7253,70.203125,4.4775,5.3298,-4.4806,0.0989,4,INTER
7254,70.20703125,-5.8558,-1.3097,-1.4001,2.5962,4,INTER
7255,70.2109375,1.2167,0.1932,2.3285,-1.716,4,INTER
7256,70.21484375,-2.226,-1.4828,3.8499,0.3839,4,INTER
7257,70.21875,1.2679,-0.9545,-3.0328,-1.3292,4,INTER
7258,70.22265625,1.0642,4.3319,-0.718,-1.7296,4,INTER
7259,70.2265625,-0.5735,0.1911,-2.2013,-0.9272,4,INTER
7260,70.23046875,-1.756,0.1718,-1.0184,-0.2375,4,INTER
7261,70.234375,1.1466,-0.0363,2.5414,-3.2209,4,INTER
7262,70.23828125,0.6352,-4.8727,-1.6411,-0.4225,4,INTER
7263,70.2421875,-3.304,-0.405,-3.3337,-0.4378,4,INTER
7264,70.24609375,0.7611,-3.1596,-1.7797,-1.3781,4,INTER
7265,70.25,-0.203,-3.4685,1.3558,0.2299,4,INTER
7266,70.25390625,0.0627,-2.1613,0.8503,1.1076,4,INTER
7267,70.2578125,-4.8431,-0.4775,-0.3541,0.9661,4,INTER
7268,70.26171875,-0.5229,0.4811,-1.0994,-3.4073,4,INTER
7269,70.265625,-1.5776,2.2044,0.7615,0.9548,4,INTER
7270,70.26953125,2.1137,0.7061,-4.007,3.7104,4,INTER
7271,70.2734375,-0.1848,2.1897,-3.8723,-0.4088,4,INTER
7272,70.27734375,-0.6479,-3.1992,0.0902,-3.0338,4,INTER
7273,70.28125,-2.5927,0.1157,-0.8967,4.3972,4,INTER
7274,70.28515625,1.4291,1.9749,0.6703,3.4901,4,INTER
7275,70.2890625,2.3878,-3.5383,1.1067,-3.1173,4,INTER
7276,70.29296875,-0.7209,2.8245,6.0096,2.4622,4,INTER
7277,70.296875,0.9975,1.3078,0.3026,1.0914,4,INTER
7278,70.30078125,4.4572,-1.3427,2.6104,-0.675,4,INTER
7279,70.3046875,7.6456,0.7698,-0.8767,-0.3423,4,INTER
7280,70.30859375,1.5832,-2.0623,-1.5541,2.0732,4,INTER
7281,70.3125,-0.0106,1.1781,1.3774,-5.088,4,INTER
7282,70.31640625,1.1826,-1.244,1.2905,0.9832,4,INTER
7283,70.3203125,-4.9749,4.7781,-3.2125,1.3146,4,INTER
7284,70.32421875,0.3091,-0.1919,5.036,1.7197,4,INTER
7285,70.328125,-1.7529,-5.7754,0.281,-3.3021,4,INTER
7286,70.33203125,1.6793,-1.3235,3.7342,-0.943,4,INTER
7287,70.3359375,1.5159,-1.5743,-2.0794,0.7308,4,INTER
7288,70.33984375,2.0233,-2.1739,-1.1307,1.6636,4,INTER
7289,70.34375,2.0372,0.1004,2.0888,0.1138,4,INTER
7290,70.34765625,-1.4558,-2.0164,0.2083,-1.171,4,INTER
7291,70.3515625,1.5502,0.2954,-4.3758,3.5136,4,INTER
7292,70.35546875,-0.0552,2.484,-1.0769,-2.5592,4,INTER
7293,70.359375,0.6438,0.9449,0.5419,4.0561,4,INTER
7294,70.36328125,-1.8272,1.7168,2.1919,0.7311,4,INTER
7295,70.3671875,0.048,-4.165,-1.976,1.2274,4,INTER
7296,70.37109375,-5.3129,-2.5345,0.0516,1.562,4,INTER
7297,70.375,-0.3483,2.1921,-2.5376,-1.1813,4,INTER
7298,70.37890625,2.5665,-0.5571,3.4846,0.2404,4,INTER
7299,70.3828125,1.0771,-2.1026,-2.5553,4.581,4,INTER
7300,70.38671875,-0.5707,-1.3312,1.3539,1.3984,4,INTER
7301,70.390625,1.5361,-3.4962,-3.3136,2.8157,4,INTER
7302,70.39453125,0.4304,1.0611,-2.5929,-3.2255,4,INTER
7303,70.3984375,1.0124,0.9734,-2.6976,2.7106,4,INTER
7304,70.40234375,-0.1837,1.1215,-0.2671,4.8897,4,INTER
7305,70.40625,-3.825,1.8851,-5.5102,2.6474,4,INTER
7306,70.41015625,1.1616,3.0912,2.0017,-1.695,4,INTER
7307,70.4140625,3.5441,-0.5512,-0.6905,-0.3093,4,INTER
7308,70.41796875,0.3544,1.3059,-1.3036,4.2359,4,INTER
7309,70.421875,-3.1036,0.1828,0.2917,-1.1773,4,INTER
7310,70.42578125,5.0359,-1.6148,-0.972,4.5326,4,INTER
7311,70.4296875,2.7511,-4.7057,-0.6112,1.7017,4,INTER
7312,70.43359375,-0.9028,1.2257,2.4166,0.9728,4,INTER
7313,70.4375,4.3515,-2.6878,-1.678,-3.092,4,INTER
7314,70.44140625,0.9518,-3.1526,-1.9127,-0.1664,4,INTER
7315,70.4453125,-0.3296,0.1082,-6.8643,0.1911,4,INTER
7316,70.44921875,-3.5588,-6.3542,-1.2283,-0.2728,4,INTER
7317,70.453125,-1.206,-3.1189,2.0258,3.5032,4,INTER
7318,70.45703125,3.7167,2.9972,-1.4049,3.0773,4,INTER
7319,70.4609375,-1.2426,-0.4125,-3.09,0.8637,4,INTER
7320,70.46484375,3.6029,1.9888,0.052,-0.2885,4,INTER
7321,70.46875,2.0898,3.4717,0.0947,1.0858,4,INTER
7322,70.47265625,3.3945,2.0304,-1.328,2.3427,4,INTER
7323,70.4765625,1.1037,1.8935,1.1998,-2.9167,4,INTER
7324,70.48046875,-2.6616,-0.1864,0.4845,1.6583,4,INTER
7325,70.484375,2.7263,-0.1711,0.4395,0.9888,4,INTER
7326,70.48828125,0.049,-1.4476,-1.9902,4.5184,4,INTER
7327,70.4921875,-1.2101,-0.7793,1.6158,0.1441,4,INTER
7328,70.49609375,-0.0288,2.3315,6.4459,0.7612,4,INTER
7329,70.5,-0.1292,-0.2153,2.9548,1.1699,4,INTER
7330,70.50390625,1.3342,3.314,-0.5695,0.5617,4,INTER
7331,70.5078125,3.3776,-2.6996,2.9846,-0.6056,4,INTER
7332,70.51171875,-1.019,-1.0478,0.356,2.4905,4,INTER
7333,70.515625,2.4781,2.1947,-0.686,-0.8145,4,INTER
7334,70.51953125,-0.673,-0.9675,0.8258,-3.386,4,INTER
7335,70.5234375,-3.9306,-8.2455,-1.7506,3.0516,4,INTER
7336,70.52734375,0.6594,-1.4837,-3.4011,1.9622,4,INTER
7337,70.53125,1.0858,-1.7822,-1.141,3.6496,4,INTER
7338,70.53515625,1.4313,-3.1991,-1.3422,-0.8375,4,INTER
7339,70.5390625,-1.7491,-0.4301,-1.3528,1.9589,4,INTER
7340,70.54296875,-6.1429,0.2274,-1.7337,3.5126,4,INTER
7341,70.546875,-2.3247,-4.4997,0.8683,0.9158,4,INTER
7342,70.55078125,1.4951,-4.3582,-1.491,2.138,4,INTER
7343,70.5546875,-4.8295,-0.2922,0.4487,-4.3188,4,INTER
7344,70.55859375,0.2601,2.7717,-1.0396,-0.5381,4,INTER
7345,70.5625,-0.8365,-2.0811,9.7418,4.744,4,INTER
7346,70.56640625,0.5619,-0.8379,0.8398,-0.5521,4,INTER
7347,70.5703125,-2.8713,1.0138,-0.9998,-1.0967,4,INTER
7348,70.57421875,-2.5223,-0.3075,-0.7451,5.6775,4,INTER
7349,70.578125,-1.2002,-1.9205,2.7222,2.9593,4,INTER
7350,70.58203125,-0.6385,-2.2114,-2.8661,-2.4384,4,INTER
7351,70.5859375,0.9011,1.1419,-0.6293,0.37,4,INTER
7352,70.58984375,0.2194,2.0685,-1.7568,-1.0536,4,INTER
7353,70.59375,-1.0763,0.0734,-3.0898,2.8865,4,INTER
7354,70.59765625,0.7843,-0.522,0.6965,2.92,4,INTER
7355,70.6015625,0.0551,6.7639,-3.5521,1.1717,4,INTER
7356,70.60546875,-4.2215,-2.059,1.1004,-1.4035,4,INTER
7357,70.609375,-1.3605,0.2409,-0.1847,-2.3841,4,INTER
7358,70.61328125,-2.244,-2.1595,2.6009,-1.9273,4,INTER
7359,70.6171875,-4.1642,-3.1829,-1.548,-3.3572,4,INTER
7360,70.62109375,0.1436,0.6382,0.8805,-1.7419,4,INTER
7361,70.625,0.0537,-0.8737,-0.9658,-3.6166,4,INTER
7362,70.62890625,-4.7534,1.1862,0.2918,1.8794,4,INTER
7363,70.6328125,1.4057,-0.3291,0.6862,3.2389,4,INTER
7364,70.63671875,-2.9151,1.0781,-1.4689,0.9798,4,INTER
7365,70.640625,-0.2979,-2.4008,0.1796,-3.1194,4,INTER
7366,70.64453125,-0.5475,-7.0925,1.546,0.9875,4,INTER
7367,70.6484375,1.7809,-4.3343,-0.5915,1.4056,4,INTER
7368,70.65234375,-1.3902,1.6968,-0.7412,1.7265,4,INTER
7369,70.65625,-3.8273,0.0056,1.8675,-1.0836,4,INTER
7370,70.66015625,2.6278,3.5648,-0.4385,2.5533,4,INTER
7371,70.6640625,1.7736,-2.2835,0.3204,0.2728,4,INTER
7372,70.66796875,-4.1905,-0.7694,2.3821,4.1331,4,INTER
7373,70.671875,0.2489,-2.4629,4.2055,-0.9597,4,INTER
7374,70.67578125,0.2903,1.4559,1.1338,1.4346,4,INTER
7375,70.6796875,-2.3671,0.211,-1.799,4.2377,4,INTER
7376,70.68359375,-4.3936,2.1619,-1.7163,-3.6652,4,INTER
7377,70.6875,-2.4473,-1.5533,-5.2699,1.0264,4,INTER
7378,70.69140625,3.3726,0.7447,4.3135,-4.4326,4,INTER
7379,70.6953125,-1.2976,2.6762,1.36,2.0565,4,INTER
7380,70.69921875,0.5014,3.3411,-2.8722,-0.4444,4,INTER
7381,70.703125,-1.9234,-0.0381,1.284,-1.9224,4,INTER
7382,70.70703125,3.576,-3.8911,-4.3226,0.6218,4,INTER
7383,70.7109375,2.5648,3.1939,1.3063,-1.193,4,INTER
7384,70.71484375,-0.6231,1.1917,1.3494,-2.3782,4,INTER
7385,70.71875,-2.971,-0.1723,1.3655,-1.4058,4,INTER
7386,70.72265625,0.24,-3.9386,-1.7925,-1.0667,4,INTER
7387,70.7265625,-1.6384,-0.6453,0.9243,-2.0085,4,INTER
7388,70.73046875,0.416,3.2252,-0.4644,3.5162,4,INTER
7389,70.734375,-0.8064,-0.5115,-1.4573,-4.5526,4,INTER
7390,70.73828125,-0.7756,-3.9548,0.3842,1.9098,4,INTER
7391,70.7421875,1.5679,3.6272,-0.0318,-2.5842,4,INTER
7392,70.74609375,3.5019,0.5893,-0.1973,3.4238,4,INTER
7393,70.75,2.9418,-2.7765,-3.4024,-1.1924,4,INTER
7394,70.75390625,4.6536,1.0246,-5.4109,-0.3266,4,INTER
7395,70.7578125,-3.0632,-4.099,-6.4356,-2.329,4,INTER
7396,70.76171875,-0.4476,-2.6161,-1.0954,-1.5122,4,INTER
7397,70.765625,-0.9633,3.1931,0.537,2.3069,4,INTER
7398,70.76953125,0.4871,0.4648,3.4913,2.3963,4,INTER
7399,70.7734375,0.8247,0.4332,-0.2996,1.1383,4,INTER
7400,70.77734375,-3.2782,-3.1297,-3.4008,-0.9386,4,INTER
7401,70.78125,0.9712,0.221,5.5681,-1.3393,4,INTER
7402,70.78515625,-0.5734,-1.6205,-0.338,-2.8752,4,INTER
7403,70.7890625,-1.9804,1.9557,1.7608,-4.4036,4,INTER
7404,70.79296875,-4.5842,1.2252,-2.7079,0.0272,4,INTER
7405,70.796875,0.3869,1.8748,0.4456,-2.7681,4,INTER
7406,70.80078125,2.8204,-0.5311,1.7473,-0.0757,4,INTER
7407,70.8046875,-2.494,0.2719,-0.1092,3.8711,4,INTER
7408,70.80859375,-2.878,-1.4098,2.0284,0.4728,4,INTER
7409,70.8125,-3.7176,0.6602,-1.2014,-3.0476,4,INTER
7410,70.81640625,-3.3176,-1.3337,-1.9859,-3.2362,4,INTER
7411,70.8203125,4.9156,-2.876,1.0849,-3.239,4,INTER
7412,70.82421875,1.0541,-2.7019,1.9826,1.7164,4,INTER
7413,70.828125,0.3159,-0.1044,-2.6378,0.3001,4,INTER
7414,70.83203125,-2.6994,-2.6428,2.4324,2.2386,4,INTER
7415,70.8359375,2.1252,-1.2898,-0.2068,-1.5647,4,INTER
7416,70.83984375,-1.0793,-0.5518,0.2568,0.8872,4,INTER
7417,70.84375,2.7483,-1.4885,1.6992,-1.1557,4,INTER
7418,70.84765625,4.3732,0.5533,-3.0085,-6.1175,4,INTER
7419,70.8515625,-3.5822,0.6433,-0.1467,-1.587,4,INTER
7420,70.85546875,-4.3071,2.9786,1.2072,0.3157,4,INTER
7421,70.859375,-0.8687,0.1732,0.2285,-1.8411,4,INTER
7422,70.86328125,1.047,-0.9852,0.7286,3.0925,4,INTER
7423,70.8671875,1.7634,-3.9648,1.7064,-4.1846,4,INTER
7424,70.87109375,-0.9579,-2.5068,-3.0028,-2.0182,4,INTER
7425,70.875,0.176,3.497,-4.4704,-2.7426,4,INTER
7426,70.87890625,0.1575,0.7118,0.8358,1.0253,4,INTER
7427,70.8828125,-4.0487,-2.7371,1.5013,-4.8949,4,INTER
7428,70.88671875,-0.716,0.7043,-2.001,2.8686,4,INTER
7429,70.890625,-1.7776,1.4411,-1.5571,-1.4758,4,INTER
7430,70.89453125,2.095,3.734,6.1072,3.9735,4,INTER
7431,70.8984375,0.2649,2.2497,5.2362,-1.6651,4,INTER
7432,70.90234375,-0.3223,2.8322,-0.9229,3.0578,4,INTER
7433,70.90625,-0.6507,-0.2148,-1.4659,-1.3069,4,INTER
7434,70.91015625,1.5901,0.6951,-1.1274,1.4166,4,INTER
7435,70.9140625,-1.83,-2.869,-3.3924,-1.6074,4,INTER
7436,70.91796875,-0.2337,2.581,4.0793,-4.9973,4,INTER
7437,70.921875,-2.9293,-6.4204,0.49,2.0394,4,INTER
7438,70.92578125,-1.2385,-2.4832,-6.0681,-3.9167,4,INTER
7439,70.9296875,1.5402,0.2442,4.0118,5.5221,4,INTER
7440,70.93359375,-0.6802,-4.7427,0.8426,-0.1896,4,INTER
7441,70.9375,-0.3239,1.2757,-1.63,-1.1754,4,INTER
7442,70.94140625,-0.3123,-1.0402,-0.4987,-1.5904,4,INTER
7443,70.9453125,-0.7843,0.8641,-1.4696,0.2578,4,INTER
7444,70.94921875,-3.7726,1.964,-1.1849,2.5087,4,INTER
7445,70.953125,1.6932,3.5023,2.931,3.1895,4,INTER
7446,70.95703125,2.2141,1.9336,0.3127,1.025,4,INTER
7447,70.9609375,-1.5468,5.0268,1.0599,3.7894,4,INTER
7448,70.96484375,-1.9051,0.5206,-3.3432,-4.8103,4,INTER
7449,70.96875,-4.1962,-0.928,1.0672,2.4638,4,INTER
7450,70.97265625,-1.2535,-3.0785,-4.2503,3.0903,4,INTER
7451,70.9765625,-0.5367,2.4998,1.2204,2.3034,4,INTER
7452,70.98046875,-1.7027,-5.8466,-0.6269,1.9639,4,INTER
7453,70.984375,-0.4674,-2.2348,-1.0218,1.3308,4,INTER
7454,70.98828125,4.7616,3.1036,-4.2038,2.5743,4,INTER
7455,70.9921875,-0.7821,1.044,0.6841,-2.424,4,INTER
7456,70.99609375,1.7829,4.846,0.5298,1.8592,4,INTER
7457,71.0,-2.1795,3.5566,-2.3867,-0.9081,4,INTER
7458,71.00390625,4.5403,0.7855,-1.2574,1.3881,4,INTER
7459,71.0078125,0.6314,0.1767,-1.2136,-3.1625,4,INTER
7460,71.01171875,2.4409,-1.0632,1.827,0.466,4,INTER
7461,71.015625,-0.3075,3.5783,-0.9969,-0.2694,4,INTER
7462,71.01953125,-0.0723,1.3236,-0.465,1.1328,4,INTER
7463,71.0234375,2.7219,2.7146,3.1231,-0.372,4,INTER
7464,71.02734375,2.4562,1.1211,0.8834,0.4772,4,INTER
7465,71.03125,-0.9638,-0.4318,1.4071,-0.4796,4,INTER
7466,71.03515625,-1.3731,1.4463,-0.5771,-2.0865,4,INTER
7467,71.0390625,1.2192,-1.2915,1.7505,5.1134,4,INTER
7468,71.04296875,4.5072,-0.4854,1.9616,1.9789,4,INTER
7469,71.046875,4.4537,-1.1812,-1.3667,1.7141,4,INTER
7470,71.05078125,3.1319,0.386,-0.1356,2.4853,4,INTER
7471,71.0546875,-1.3659,7.0739,0.8199,-0.549,4,INTER
7472,71.05859375,4.4442,-0.7385,-2.0167,2.5329,4,INTER
7473,71.0625,-2.6005,3.3651,-2.0005,4.5372,4,INTER
7474,71.06640625,1.294,-1.5014,-4.1531,-1.6026,4,INTER
7475,71.0703125,1.6277,1.8409,-0.9368,-2.4059,4,INTER
7476,71.07421875,0.2003,-0.4346,-0.4926,-0.2891,4,INTER
7477,71.078125,-0.5606,-5.0396,2.1831,-2.5808,4,INTER
7478,71.08203125,2.8944,-0.8503,2.0334,-0.2191,4,INTER
7479,71.0859375,3.6109,-2.6025,-3.3921,-6.309,4,INTER
7480,71.08984375,-3.1618,-3.4509,-0.726,1.1957,4,INTER
7481,71.09375,0.9952,-3.5975,-3.5747,-3.5547,4,INTER
7482,71.09765625,0.1793,0.9137,-3.8433,3.737,4,INTER
7483,71.1015625,-2.9322,-1.9491,0.2111,0.0103,4,INTER
7484,71.10546875,-1.7989,-2.2354,-0.6553,1.4866,4,INTER
7485,71.109375,-3.6814,1.6463,-0.2674,-3.2336,4,INTER
7486,71.11328125,2.5618,-5.1747,-2.6896,-2.7491,4,INTER
7487,71.1171875,1.1114,0.3862,0.4777,-2.4454,4,INTER
7488,71.12109375,0.0868,-0.4698,5.7562,3.4807,4,INTER
7489,71.125,3.156,-1.7807,-1.9984,-3.1693,4,INTER
7490,71.12890625,0.164,1.0522,-0.1008,-1.9967,4,INTER
7491,71.1328125,1.2802,2.7395,-3.4189,0.0986,4,INTER
7492,71.13671875,-0.9204,0.6635,-2.2464,1.5472,4,INTER
7493,71.140625,0.8127,1.8298,2.7566,-1.1813,4,INTER
7494,71.14453125,0.7429,0.7115,2.4632,0.5245,4,INTER
7495,71.1484375,-0.4643,0.3407,1.2844,-2.0592,4,INTER
7496,71.15234375,2.8466,2.5365,-2.473,0.5365,4,INTER
7497,71.15625,-0.8646,1.778,1.339,1.7375,4,INTER
7498,71.16015625,0.1181,-1.5337,0.1258,-0.002,4,INTER
7499,71.1640625,-1.0381,0.0445,-3.9158,2.8271,4,INTER
7500,71.16796875,0.5435,2.2992,2.1855,0.802,4,INTER
7501,71.171875,-1.3025,-2.3097,3.1942,-2.625,4,INTER
7502,71.17578125,0.9373,-0.6823,0.3078,1.4274,4,INTER
7503,71.1796875,2.8567,6.2135,3.3679,-1.1986,4,INTER
7504,71.18359375,-1.6494,0.2587,0.1503,-0.2391,4,INTER
7505,71.1875,1.557,1.1874,2.0087,1.5694,4,INTER
7506,71.19140625,2.6586,0.8737,-3.754,-0.5211,4,INTER
7507,71.1953125,0.1871,1.4133,0.6918,1.9733,4,INTER
7508,71.19921875,-0.279,-0.4204,-4.8801,2.2535,4,INTER
7509,71.203125,4.382,1.5259,-2.9255,-0.6474,4,INTER
7510,71.20703125,2.2619,-2.0199,4.3869,-1.4861,4,INTER
7511,71.2109375,2.5844,-1.0622,-3.9156,-1.9641,4,INTER
7512,71.21484375,-0.0886,2.0251,-1.6628,-2.5534,4,INTER
7513,71.21875,0.1297,-2.3089,1.6008,-2.3103,4,INTER
7514,71.22265625,-0.671,0.4426,2.0625,1.8327,4,INTER
7515,71.2265625,-1.9069,-0.3255,-3.7539,-0.3202,4,INTER
7516,71.23046875,-0.8666,-3.0639,0.1156,-4.4369,4,INTER
7517,71.234375,-4.692,-2.0063,-0.5409,-0.2802,4,INTER
7518,71.23828125,2.6692,-2.3072,-4.4278,-2.5231,4,INTER
7519,71.2421875,-0.25,-0.219,1.121,0.8834,4,INTER
7520,71.24609375,-0.0877,-3.2891,1.7137,-1.2484,4,INTER
7521,71.25,-3.0636,-1.7462,0.1064,2.2895,4,INTER
7522,71.25390625,-0.3633,-1.5767,3.381,2.2834,4,INTER
7523,71.2578125,-2.0023,-4.1531,-1.347,4.0385,4,INTER
7524,71.26171875,-3.7343,-1.1057,-2.9054,-1.068,4,INTER
7525,71.265625,-1.0979,-0.3805,-1.6825,-1.3314,4,INTER
7526,71.26953125,-1.7269,2.6155,-0.9712,-1.7725,4,INTER
7527,71.2734375,-3.8444,0.7237,-1.4407,0.2584,4,INTER
7528,71.27734375,1.2645,-2.3403,3.5106,3.0624,4,INTER
7529,71.28125,-0.6935,-2.5764,1.9093,-2.8649,4,INTER
7530,71.28515625,-3.1282,2.2022,-0.706,-1.5572,4,INTER
7531,71.2890625,0.8808,2.907,-4.7601,0.5354,4,INTER
7532,71.29296875,1.2404,3.2178,1.3733,-4.2182,4,INTER
7533,71.296875,1.7127,0.4999,-1.0404,2.8905,4,INTER
7534,71.30078125,0.5514,-2.2374,0.583,1.922,4,INTER
7535,71.3046875,3.6932,-1.9137,0.0176,-1.7547,4,INTER
7536,71.30859375,2.1492,-5.8826,-1.4516,-0.3073,4,INTER
7537,71.3125,-1.6084,3.1075,-2.9268,-4.0073,4,INTER
7538,71.31640625,1.83,0.9601,0.9967,-0.2395,4,INTER
7539,71.3203125,-0.4635,2.4286,5.1187,0.5749,4,INTER
7540,71.32421875,4.2926,1.7662,2.7851,-0.6518,4,INTER
7541,71.328125,0.8578,0.7184,-0.0532,-1.5409,4,INTER
7542,71.33203125,-1.8516,-1.9172,1.3931,-1.0607,4,INTER
7543,71.3359375,3.0508,-0.679,-2.4516,-5.6354,4,INTER
7544,71.33984375,-0.2393,-1.2605,-1.3306,-1.3914,4,INTER
7545,71.34375,-0.5563,2.2325,2.4554,-1.8519,4,INTER
7546,71.34765625,2.529,0.6395,1.3697,-1.6588,4,INTER
7547,71.3515625,3.5111,1.3007,-2.6191,0.1489,4,INTER
7548,71.35546875,0.7866,-3.5498,1.411,-3.5898,4,INTER
7549,71.359375,-4.6342,-3.334,0.0503,-5.6159,4,INTER
7550,71.36328125,-1.1526,0.4971,1.0152,2.4783,4,INTER
7551,71.3671875,0.6863,-0.8257,1.6064,2.5581,4,INTER
7552,71.37109375,-0.2029,-3.7129,0.4437,1.0929,4,INTER
7553,71.375,3.2398,0.8869,-3.5179,-0.029,4,INTER
7554,71.37890625,-2.4141,0.8707,-0.3585,3.5153,4,INTER
7555,71.3828125,1.4324,2.8637,-0.2133,2.2542,4,INTER
7556,71.38671875,0.3747,1.1627,3.9424,-1.0683,4,INTER
7557,71.390625,0.4493,2.7629,2.0633,-2.566,4,INTER
7558,71.39453125,0.5965,2.3214,0.9292,0.3346,4,INTER
7559,71.3984375,-0.3834,-0.6274,1.8595,0.098,4,INTER
7560,71.40234375,1.5771,-2.6382,-2.5276,-2.1434,4,INTER
7561,71.40625,-1.0556,3.7011,3.1147,0.2385,4,INTER
7562,71.41015625,-1.5657,-1.4491,0.6301,-0.4964,4,INTER
7563,71.4140625,0.0517,-0.403,-3.9441,5.0745,4,INTER
7564,71.41796875,-0.9985,-1.8103,0.1069,-4.5367,4,INTER
7565,71.421875,0.027,1.7272,-1.2419,0.1268,4,INTER
7566,71.42578125,2.2084,-2.5813,-0.1774,4.0545,4,INTER
7567,71.4296875,2.1859,0.0412,-1.1237,-0.7071,4,INTER
7568,71.43359375,1.8134,3.3094,2.2017,0.9135,4,INTER
7569,71.4375,2.6268,-3.4516,-3.6497,-3.8881,4,INTER
7570,71.44140625,1.4806,1.3343,0.1804,4.5395,4,INTER
7571,71.4453125,-0.2724,2.7587,-3.7959,-3.8322,4,INTER
7572,71.44921875,1.0466,-1.0629,0.889,0.9711,4,INTER
7573,71.453125,0.8199,0.351,1.4799,-0.4012,4,INTER
7574,71.45703125,-1.3174,0.4582,-1.0035,-0.1794,4,INTER
7575,71.4609375,1.656,4.4646,1.657,-1.0939,4,INTER
7576,71.46484375,-2.6172,1.5586,-1.5274,1.5307,4,INTER
7577,71.46875,-2.5461,-2.6738,-2.0217,-0.5785,4,INTER
7578,71.47265625,-1.3719,-0.0838,3.7228,1.4254,4,INTER
7579,71.4765625,-1.4652,0.0114,1.2237,-2.5839,4,INTER
7580,71.48046875,1.3014,2.053,1.6628,0.5475,4,INTER
7581,71.484375,2.3176,0.3201,-0.5994,-2.3515,4,INTER
7582,71.48828125,2.6595,-2.5467,-4.1671,-2.0907,4,INTER
7583,71.4921875,2.7107,0.5872,-0.7173,1.7711,4,INTER
7584,71.49609375,5.6555,-0.9032,-5.9425,0.6196,4,INTER
7585,71.5,-0.754,-2.0138,2.3327,-0.099,4,INTER
7586,71.50390625,3.9441,-2.9006,3.1108,1.3981,4,INTER
7587,71.5078125,2.0573,-2.2215,3.2042,-2.0198,4,INTER
7588,71.51171875,3.6161,-0.0762,2.1445,1.4213,4,INTER
7589,71.515625,0.4701,-2.8457,3.5375,0.4131,4,INTER
7590,71.51953125,0.6163,0.4168,1.0747,-0.1456,4,INTER
7591,71.5234375,1.8279,1.7515,1.1911,-3.8211,4,INTER
7592,71.52734375,0.1619,3.3573,3.2498,-1.7832,4,INTER
7593,71.53125,-0.5299,0.7902,-1.9515,-0.3908,4,INTER
7594,71.53515625,-5.5148,3.1619,1.5745,-1.2052,4,INTER
7595,71.5390625,0.366,-0.4358,1.5258,-4.3516,4,INTER
7596,71.54296875,0.378,2.3302,-0.3636,-3.1124,4,INTER
7597,71.546875,-2.5711,4.8625,1.8085,-1.8563,4,INTER
7598,71.55078125,-1.2344,-1.0665,-1.8728,-1.104,4,INTER
7599,71.5546875,3.6263,-1.7806,1.194,-0.933,4,INTER
7600,71.55859375,1.3145,-2.6336,0.6462,2.6679,4,INTER
7601,71.5625,0.4371,0.0976,-2.2278,-2.0041,4,INTER
7602,71.56640625,1.2487,-0.8188,-1.0688,0.2564,4,INTER
7603,71.5703125,-0.6217,2.9001,-2.4988,-2.2544,4,INTER
7604,71.57421875,-4.3023,0.2462,-1.5842,-0.0995,4,INTER
7605,71.578125,1.5733,-2.1635,-3.2552,-1.0926,4,INTER
7606,71.58203125,-0.0366,-1.4705,1.3805,1.8886,4,INTER
7607,71.5859375,-0.4493,-1.733,2.3362,-2.0261,4,INTER
7608,71.58984375,1.9162,1.0965,-2.4844,-1.1483,4,INTER
7609,71.59375,-0.331,5.8593,-3.7443,2.1451,4,INTER
7610,71.59765625,2.7883,-2.0635,0.2353,1.8217,4,INTER
7611,71.6015625,-0.6273,-3.041,-1.3186,-1.2953,4,INTER
7612,71.60546875,1.8042,2.5121,1.7367,0.7776,4,INTER
7613,71.609375,1.1594,-1.0192,-5.7699,-2.5369,4,INTER
7614,71.61328125,0.4165,-1.0609,1.0713,1.3077,4,INTER
7615,71.6171875,-0.7323,-0.8094,-1.1419,-0.403,4,INTER
7616,71.62109375,-1.439,-0.7344,2.8643,-1.1543,4,INTER
7617,71.625,-3.3309,0.0491,0.4065,-3.3858,4,INTER
7618,71.62890625,3.9601,1.6942,-0.7553,0.6084,4,INTER
7619,71.6328125,0.3718,-1.4857,0.1147,1.0751,4,INTER
7620,71.63671875,1.3612,2.3344,-3.507,1.1181,4,INTER
7621,71.640625,0.8863,0.0097,0.4406,0.6238,4,INTER
7622,71.64453125,0.3262,0.282,-0.0188,0.8505,4,INTER
7623,71.6484375,4.2162,2.9325,-3.0364,-0.0084,4,INTER
7624,71.65234375,-1.7565,-1.0229,0.1818,-1.6584,4,INTER
7625,71.65625,-0.2805,1.9241,-0.1307,2.8275,4,INTER
7626,71.66015625,0.3572,1.4756,-1.2856,0.4758,4,INTER
7627,71.6640625,0.664,0.8535,-0.6049,1.6767,4,INTER
7628,71.66796875,0.1312,-0.4701,-1.8571,1.4009,4,INTER
7629,71.671875,-0.7587,-2.5847,-1.0466,-2.8542,4,INTER
7630,71.67578125,1.748,2.3936,-0.0938,-0.3011,4,INTER
7631,71.6796875,-0.5611,4.7569,3.0518,-0.2496,4,INTER
7632,71.68359375,-0.9267,-3.3457,-0.7174,-0.9554,4,INTER
7633,71.6875,-1.7931,-2.485,-2.9655,0.1391,4,INTER
7634,71.69140625,-5.1381,-0.4115,3.3033,1.1431,4,INTER
7635,71.6953125,0.54,1.7537,-0.8142,-2.4852,4,INTER
7636,71.69921875,3.1422,-0.2996,-4.1211,-7.7454,4,INTER
7637,71.703125,-0.4316,0.5067,3.457,-1.2483,4,INTER
7638,71.70703125,-3.7928,2.1033,-3.5307,1.9593,4,INTER
7639,71.7109375,-3.1541,-1.2958,1.6842,1.6689,4,INTER
7640,71.71484375,0.9268,-5.4327,-0.5096,2.0516,4,INTER
7641,71.71875,3.5332,-2.8041,-0.5259,2.67,4,INTER
7642,71.72265625,0.1299,-2.419,-4.6383,0.2308,4,INTER
7643,71.7265625,-1.624,2.8401,-3.3052,0.4638,4,INTER
7644,71.73046875,2.4418,0.4289,0.8136,0.7083,4,INTER
7645,71.734375,2.8646,2.1684,-2.4519,1.0442,4,INTER
7646,71.73828125,1.7867,6.7018,2.8274,2.9705,4,INTER
7647,71.7421875,-0.9734,-0.0037,1.546,2.8161,4,INTER
7648,71.74609375,0.0765,1.3783,0.1453,-1.4449,4,INTER
7649,71.75,0.5994,-0.1666,-2.8554,-1.7384,4,INTER
7650,71.75390625,1.0332,0.5784,-2.212,0.6668,4,INTER
7651,71.7578125,2.1229,-1.2307,1.4884,-1.2768,4,INTER
7652,71.76171875,1.504,0.2645,-0.7748,3.8309,4,INTER
7653,71.765625,-3.1896,-1.2472,-4.1204,-2.2641,4,INTER
7654,71.76953125,1.3565,-0.17,-1.0647,0.3815,4,INTER
7655,71.7734375,0.737,7.5022,2.0466,-0.1637,4,INTER
7656,71.77734375,-2.6011,0.3688,0.2814,-0.2801,4,INTER
7657,71.78125,0.7916,2.4836,1.1947,0.3916,4,INTER
7658,71.78515625,0.0938,-2.783,0.3356,4.1974,4,INTER
7659,71.7890625,0.6031,3.3452,-3.7363,0.5277,4,INTER
7660,71.79296875,-0.8672,-1.6663,-0.2868,0.4219,4,INTER
7661,71.796875,2.4584,-0.8303,3.3054,-2.2191,4,INTER
7662,71.80078125,-0.5162,-2.2947,-0.2067,1.0886,4,INTER
7663,71.8046875,-4.6895,-0.9578,1.7942,-2.0241,4,INTER
7664,71.80859375,-0.9008,0.5611,1.0496,2.3451,4,INTER
7665,71.8125,2.5964,6.2818,2.4272,1.47,4,INTER
7666,71.81640625,2.2035,0.8038,1.3057,3.7883,4,INTER
7667,71.8203125,-1.0785,1.5802,0.5789,-1.0555,4,INTER
7668,71.82421875,3.0749,0.446,-0.4134,-3.0389,4,INTER
7669,71.828125,1.5854,3.094,-0.014,5.4821,4,INTER
7670,71.83203125,0.0964,-0.0361,2.3787,-1.3896,4,INTER
7671,71.8359375,-4.0288,2.0512,-5.0714,-0.5848,4,INTER
7672,71.83984375,0.5239,-1.4163,-1.0182,-3.6171,4,INTER
7673,71.84375,5.1874,5.1326,-0.4614,-3.2021,4,INTER
7674,71.84765625,-2.7227,0.8232,4.7001,-0.4712,4,INTER
7675,71.8515625,-1.3209,-2.2127,-1.2327,1.9219,4,INTER
7676,71.85546875,1.5891,2.7563,-0.1715,1.7962,4,INTER
7677,71.859375,2.3446,-2.5607,4.0366,-0.0312,4,INTER
7678,71.86328125,4.608,-1.1535,2.6969,1.585,4,INTER
7679,71.8671875,0.5622,3.1391,-1.4235,-0.6453,4,INTER
7680,71.87109375,6.0305,1.3873,-0.1826,-2.397,4,INTER
7681,71.875,1.3944,7.2853,-2.2936,3.8569,4,INTER
7682,71.87890625,-1.906,4.1384,4.6961,1.8877,4,INTER
7683,71.8828125,-1.2669,-0.6826,2.5192,-0.7909,4,INTER
7684,71.88671875,3.1193,3.2485,-4.847,-0.2857,4,INTER
7685,71.890625,3.3662,5.7386,0.2891,0.0753,4,INTER
7686,71.89453125,2.4829,0.4469,-1.8535,0.7279,4,INTER
7687,71.8984375,-4.2524,-0.3387,1.1135,-0.5485,4,INTER
7688,71.90234375,-1.5073,-2.5351,0.8353,3.1,4,INTER
7689,71.90625,2.5401,1.2329,2.6573,2.1618,4,INTER
7690,71.91015625,-0.1606,1.4416,1.1895,1.6187,4,INTER
7691,71.9140625,2.1142,1.1979,1.3,4.1586,4,INTER
7692,71.91796875,7.7337,-1.3815,2.5227,0.0492,4,INTER
7693,71.921875,-1.8351,-1.4414,1.4953,-1.609,4,INTER
7694,71.92578125,-1.5316,1.6453,2.3834,-0.7503,4,INTER
7695,71.9296875,-4.0432,-0.9155,-1.4435,-1.6449,4,INTER
7696,71.93359375,-2.6353,-0.2038,3.9466,-2.4752,4,INTER
7697,71.9375,-1.4077,-0.3551,-0.4829,-0.0154,4,INTER
7698,71.94140625,-2.0605,1.6312,0.3099,-1.0347,4,INTER
7699,71.9453125,1.2591,5.9472,-0.2212,-3.4496,4,INTER
7700,71.94921875,-1.6939,-4.3591,-0.8566,-1.8782,4,INTER
7701,71.953125,-2.5923,3.1432,-1.0288,-1.5706,4,INTER
7702,71.95703125,-4.0056,-1.0013,-1.0675,5.7178,4,INTER
7703,71.9609375,-2.5179,-1.8773,-1.5253,6.2923,4,INTER
7704,71.96484375,3.8969,0.0368,-1.159,2.0237,4,INTER
7705,71.96875,0.8939,2.4041,2.5219,1.9032,4,INTER
7706,71.97265625,2.1912,1.6989,0.5669,1.7917,4,INTER
7707,71.9765625,-0.8556,0.3352,-4.2886,-3.162,4,INTER
7708,71.98046875,0.9342,2.5917,3.3892,-0.5233,4,INTER
7709,71.984375,2.4304,0.6421,-1.9297,0.217,4,INTER
7710,71.98828125,-1.6088,-1.8894,0.4027,0.4338,4,INTER
7711,71.9921875,-2.1267,-0.8231,3.6363,-4.206,4,INTER
7712,71.99609375,1.2044,-1.7105,-1.0799,4.6597,4,INTER
7713,72.0,0.5711,-2.5483,-2.6962,1.3824,4,INTER
7714,72.00390625,3.7348,2.7799,2.505,0.5554,4,INTER
7715,72.0078125,-4.6928,-1.8796,4.2249,-5.4286,4,INTER
7716,72.01171875,-0.294,-1.2142,0.7556,-1.5882,4,INTER
7717,72.015625,3.3223,-1.7431,-0.6489,0.5093,4,INTER
7718,72.01953125,-3.2861,-0.3557,-1.0552,2.4305,4,INTER
7719,72.0234375,0.1612,-0.276,-1.8366,0.1786,4,INTER
7720,72.02734375,-0.7318,2.6324,-1.457,1.4544,4,INTER
7721,72.03125,-0.7648,1.5141,2.5618,1.3297,4,INTER
7722,72.03515625,-3.3092,-1.0921,0.0265,1.7603,4,INTER
7723,72.0390625,-0.6688,-2.7011,2.6526,-3.3147,4,INTER
7724,72.04296875,-2.4508,2.3201,-3.5331,2.4194,4,INTER
7725,72.046875,-0.0452,-1.3407,0.051,-4.1485,4,INTER
7726,72.05078125,2.4653,-0.0959,1.7829,1.9507,4,INTER
7727,72.0546875,2.7965,-3.8702,0.3979,1.5424,4,INTER
7728,72.05859375,1.135,-1.0156,1.8923,-4.6559,4,INTER
7729,72.0625,4.9459,-2.1937,0.8373,2.6777,4,INTER
7730,72.06640625,1.8659,-2.2158,-1.9721,1.9946,4,INTER
7731,72.0703125,-2.7648,1.3154,-3.8792,0.7791,4,INTER
7732,72.07421875,-2.479,-1.993,0.6812,-1.3575,4,INTER
7733,72.078125,0.0657,-1.8887,1.1114,-1.6401,4,INTER
7734,72.08203125,2.6474,0.3975,-1.1611,0.9213,4,INTER
7735,72.0859375,-0.2623,-6.9483,-1.0591,6.1916,4,INTER
7736,72.08984375,0.1435,-1.938,1.085,-0.2809,4,INTER
7737,72.09375,-1.0944,-2.6793,-2.5357,0.6517,4,INTER
7738,72.09765625,-3.3025,5.4728,-1.7384,-2.695,4,INTER
7739,72.1015625,-0.3076,-1.4762,-3.36,-1.1774,4,INTER
7740,72.10546875,4.6217,2.9394,1.6705,0.0089,4,INTER
7741,72.109375,2.1422,-1.2123,0.3515,-0.7804,4,INTER
7742,72.11328125,-1.4602,-0.5556,-1.967,0.9718,4,INTER
7743,72.1171875,1.4973,-4.0204,-1.9309,-1.1947,4,INTER
7744,72.12109375,-0.3914,0.1294,0.9235,1.7591,4,INTER
7745,72.125,-4.834,-1.9986,-0.2506,2.4441,4,INTER
7746,72.12890625,-1.8946,-2.0111,-0.2643,-3.0142,4,INTER
7747,72.1328125,-1.651,-7.8835,-0.393,1.4065,4,INTER
7748,72.13671875,-3.0879,5.5666,-2.2809,5.9359,4,INTER
7749,72.140625,-0.6024,-4.5176,-5.6666,0.3208,4,INTER
7750,72.14453125,-1.0656,1.2684,0.299,0.0892,4,INTER
7751,72.1484375,0.648,4.1051,-4.4667,3.7358,4,INTER
7752,72.15234375,-1.9276,-2.4036,-0.9751,1.7064,4,INTER
7753,72.15625,0.0053,2.921,-2.7242,-1.6619,4,INTER
7754,72.16015625,0.9157,-2.5324,-0.1296,-0.6052,4,INTER
7755,72.1640625,-2.4052,1.2288,-0.5207,-1.2693,4,INTER
7756,72.16796875,-1.9744,0.5015,-2.9478,-1.6185,4,INTER
7757,72.171875,-3.0893,-2.9203,2.4806,-0.6223,4,INTER
7758,72.17578125,2.14,2.0668,0.6974,-3.9036,4,INTER
7759,72.1796875,-2.3529,-2.2975,-1.6795,1.6782,4,INTER
7760,72.18359375,3.7524,2.8307,-1.6043,-3.3449,4,INTER
7761,72.1875,-1.3827,-3.2534,3.7341,0.3737,4,INTER
7762,72.19140625,1.1604,2.4436,3.6362,-1.4573,4,INTER
7763,72.1953125,1.4494,0.4902,0.3078,2.7844,4,INTER
7764,72.19921875,0.4695,0.3469,-2.2987,1.6707,4,INTER
7765,72.203125,1.0634,0.8599,-1.1665,-2.247,4,INTER
7766,72.20703125,-3.1854,-3.2654,-2.6258,-4.6407,4,INTER
7767,72.2109375,3.2067,-3.8896,-1.5549,3.9644,4,INTER
7768,72.21484375,-0.891,-0.6189,-1.6126,2.8355,4,INTER
7769,72.21875,-4.8767,0.8196,3.6146,-0.3277,4,INTER
7770,72.22265625,1.4041,-1.4083,1.7452,0.9537,4,INTER
7771,72.2265625,2.7725,-2.6095,-4.3105,-4.7472,4,INTER
7772,72.23046875,0.7341,-3.9673,2.4183,3.9247,4,INTER
7773,72.234375,-3.0376,-1.9617,0.586,-2.4883,4,INTER
7774,72.23828125,1.2041,2.6835,-2.0181,-0.6414,4,INTER
7775,72.2421875,-3.536,0.4183,0.2557,1.0145,4,INTER
7776,72.24609375,-2.819,0.8802,1.8993,0.0298,4,INTER
7777,72.25,-3.186,-1.031,2.0279,1.6594,4,INTER
7778,72.25390625,-4.909,-0.4935,-1.5975,-2.896,4,INTER
7779,72.2578125,-3.6923,-4.2918,2.9581,-2.9577,4,INTER
7780,72.26171875,4.7168,-2.5492,1.5683,-2.4174,4,INTER
7781,72.265625,3.1994,-7.3804,-0.9949,1.6955,4,INTER
7782,72.26953125,-5.3201,1.2986,1.2326,-0.5822,4,INTER
7783,72.2734375,1.8351,-1.592,-2.4652,4.9771,4,INTER
7784,72.27734375,-2.3387,-2.6408,-3.4261,5.9663,4,INTER
7785,72.28125,0.947,2.637,-0.2417,-1.741,4,INTER
7786,72.28515625,0.9555,-2.247,0.0803,-0.7638,4,INTER
7787,72.2890625,1.4152,0.788,3.7146,-1.3272,4,INTER
7788,72.29296875,0.5052,-0.9539,-0.7682,1.4796,4,INTER
7789,72.296875,-1.2811,2.8954,1.593,-0.4806,4,INTER
7790,72.30078125,1.0675,-4.24,-0.3642,-2.5061,4,INTER
7791,72.3046875,-1.787,1.514,1.5744,-1.1096,4,INTER
7792,72.30859375,0.4788,0.0064,-1.7166,-2.6289,4,INTER
7793,72.3125,0.9526,-1.4677,2.3669,0.154,4,INTER
7794,72.31640625,3.081,3.0529,-2.2474,0.2197,4,INTER
7795,72.3203125,0.609,-2.568,2.8285,-1.7134,4,INTER
7796,72.32421875,-0.5353,-2.6242,-0.0063,-0.7814,4,INTER
7797,72.328125,1.5379,2.2393,-2.1199,-0.5199,4,INTER
7798,72.33203125,-1.479,-1.9503,-0.5449,-6.7789,4,INTER
7799,72.3359375,3.7419,-0.3574,1.9048,-0.1753,4,INTER
7800,72.33984375,-0.7638,-3.6196,-3.9616,5.0312,4,INTER
7801,72.34375,2.9438,-1.6353,-0.0236,-0.4589,4,INTER
7802,72.34765625,-0.3939,3.8208,-1.9524,-1.3606,4,INTER
7803,72.3515625,-0.2686,2.9833,1.0643,3.1713,4,INTER
7804,72.35546875,-5.091,-4.554,-0.7287,0.0073,4,INTER
7805,72.359375,0.5054,-0.5964,-1.7168,-3.3515,4,INTER
7806,72.36328125,3.4253,4.0198,-2.4724,0.9843,4,INTER
7807,72.3671875,-0.1299,-0.8447,-4.9595,-0.7479,4,INTER
7808,72.37109375,-0.7126,-3.368,-2.2558,-2.4553,4,INTER
7809,72.375,2.136,-0.509,0.7179,1.2877,4,INTER
7810,72.37890625,5.2092,-1.7353,-0.4883,-1.3797,4,INTER
7811,72.3828125,2.7939,-0.7608,-0.4181,-1.929,4,INTER
7812,72.38671875,1.0982,-0.2268,3.8155,-1.08,4,INTER
7813,72.390625,-3.0522,-2.1758,-3.2166,1.1488,4,INTER
7814,72.39453125,-0.3768,-2.8981,2.1017,0.0301,4,INTER
7815,72.3984375,-4.6826,0.4818,3.0763,1.8896,4,INTER
7816,72.40234375,-0.8565,-0.007,-5.5827,1.1945,4,INTER
7817,72.40625,-5.5507,-1.6141,0.4347,-4.4238,4,INTER
7818,72.41015625,3.6904,-1.3107,1.4434,2.7786,4,INTER
7819,72.4140625,3.8692,2.9446,-0.9071,3.8554,4,INTER
7820,72.41796875,-0.6127,-2.554,0.5601,-0.5867,4,INTER
7821,72.421875,-3.3864,-0.7232,-2.9187,2.619,4,INTER
7822,72.42578125,-0.0223,3.5729,-0.6982,1.2186,4,INTER
7823,72.4296875,-0.2096,1.0237,-0.0011,-0.9954,4,INTER
7824,72.43359375,0.9864,2.8784,1.931,-1.9213,4,INTER
7825,72.4375,1.6045,3.7119,3.3489,-3.0484,4,INTER
7826,72.44140625,-0.1345,-2.6938,-1.3312,-0.0347,4,INTER
7827,72.4453125,-3.3128,-2.8357,0.6068,1.9427,4,INTER
7828,72.44921875,0.9623,5.0081,1.2874,-3.589,4,INTER
7829,72.453125,0.1775,1.7252,-2.1842,5.2522,4,INTER
7830,72.45703125,0.3789,-1.959,2.7481,0.2151,4,INTER
7831,72.4609375,0.4317,-0.0326,0.2986,1.3991,4,INTER
7832,72.46484375,5.0645,0.8813,2.0731,4.6751,4,INTER
7833,72.46875,3.0451,1.9333,1.3483,-0.1144,4,INTER
7834,72.47265625,-1.7652,0.0245,-2.0714,-1.1426,4,INTER
7835,72.4765625,-2.5681,-0.7301,3.7214,4.7891,4,INTER
7836,72.48046875,-0.7802,-3.8928,-1.7325,1.7894,4,INTER
7837,72.484375,0.4201,-0.7256,-1.2874,-2.2939,4,INTER
7838,72.48828125,0.6201,-2.4418,1.7402,0.8519,4,INTER
7839,72.4921875,0.7621,4.5102,-2.3606,5.0019,4,INTER
7840,72.49609375,-1.1669,-1.3924,-4.3547,-1.3803,4,INTER
7841,72.5,-2.7679,0.9859,1.3583,-1.9781,4,INTER
7842,72.50390625,-1.4614,-0.454,1.9054,-0.5857,4,INTER
7843,72.5078125,-0.3894,-3.0005,4.8668,-0.9374,4,INTER
7844,72.51171875,-5.3672,1.2818,0.3224,3.1379,4,INTER
7845,72.515625,-0.1488,-0.6463,-0.222,-1.304,4,INTER
7846,72.51953125,0.2451,-2.8303,5.3039,2.4761,4,INTER
7847,72.5234375,-0.3005,0.0715,-0.0734,3.4832,4,INTER
7848,72.52734375,3.607,-1.463,0.3746,2.0295,4,INTER
7849,72.53125,-1.9531,3.4544,-1.2325,4.1632,4,INTER
7850,72.53515625,-0.5901,-5.0986,-3.6709,-0.5536,4,INTER
7851,72.5390625,2.2145,0.8031,-1.4705,6.2896,4,INTER
7852,72.54296875,-2.6156,0.0608,2.3259,-2.0307,4,INTER
7853,72.546875,4.8884,1.581,2.9107,2.7022,4,INTER
7854,72.55078125,-5.8855,1.1604,2.5008,0.1313,4,INTER
7855,72.5546875,2.5089,0.2807,-3.9863,-0.4942,4,INTER
7856,72.55859375,-3.1813,-0.98,-2.831,0.29,4,INTER
7857,72.5625,-1.0729,-1.3238,0.9124,0.9963,4,INTER
7858,72.56640625,4.1693,0.0329,0.0807,1.5383,4,INTER
7859,72.5703125,3.9951,1.2546,-1.6745,-0.619,4,INTER
7860,72.57421875,3.3175,1.2863,-5.6603,0.1502,4,INTER
7861,72.578125,-2.3878,-0.1193,0.7887,-0.1034,4,INTER
7862,72.58203125,-1.588,0.1102,-0.0521,3.3157,4,INTER
7863,72.5859375,0.0812,2.6498,-0.389,3.232,4,INTER
7864,72.58984375,0.9915,0.4028,2.549,2.5534,4,INTER
7865,72.59375,3.0219,1.9016,-0.1544,-6.6918,4,INTER
7866,72.59765625,0.6379,2.0007,-1.206,3.2943,4,INTER
7867,72.6015625,4.4206,-0.8596,5.0983,-4.9956,4,INTER
7868,72.60546875,-2.8491,1.2827,-6.6657,0.866,4,INTER
7869,72.609375,0.6209,5.7266,-1.1071,1.8934,4,INTER
7870,72.61328125,-1.1849,-2.0014,3.1449,-2.8922,4,INTER
7871,72.6171875,0.1554,0.2076,-0.3962,-2.1371,4,INTER
7872,72.62109375,0.8488,2.845,-0.5615,2.0743,4,INTER
7873,72.625,-2.7018,-1.7877,-0.8947,0.9684,4,INTER
7874,72.62890625,-1.7028,-0.855,-0.6027,-0.2995,4,INTER
7875,72.6328125,3.0505,-0.8482,-2.9955,-1.0604,4,INTER
7876,72.63671875,5.6057,-3.5856,3.1384,-0.7411,4,INTER
7877,72.640625,5.0752,-0.616,7.7568,1.5513,4,INTER
7878,72.64453125,-1.6065,-3.9315,-3.0775,-1.634,4,INTER
7879,72.6484375,1.4456,-3.2971,-2.4894,1.2577,4,INTER
7880,72.65234375,0.0197,1.9908,1.3278,-3.0449,4,INTER
7881,72.65625,-7.0142,-0.3806,-7.0779,3.8493,4,INTER
7882,72.66015625,1.9362,3.765,1.7167,1.4828,4,INTER
7883,72.6640625,-1.1838,0.1355,-0.0529,5.6444,4,INTER
7884,72.66796875,-3.3934,2.1454,-1.9222,0.8612,4,INTER
7885,72.671875,4.8272,2.0686,0.7525,-3.7716,4,INTER
7886,72.67578125,-0.3197,1.3211,-4.5426,-3.4698,4,INTER
7887,72.6796875,1.4305,2.0431,-0.3534,4.0,4,INTER
7888,72.68359375,-6.7406,-2.3478,-1.1051,1.8193,4,INTER
7889,72.6875,1.468,-0.738,1.2688,-1.5345,4,INTER
7890,72.69140625,-4.1326,-3.0304,-0.5728,-5.0569,4,INTER
7891,72.6953125,-4.5465,2.6318,-0.4597,-3.2026,4,INTER
7892,72.69921875,-1.5209,1.9968,3.9852,-2.6186,4,INTER
7893,72.703125,-0.0421,3.5916,-2.3741,-4.4375,4,INTER
7894,72.70703125,1.6276,4.5306,-4.2759,-0.5585,4,INTER
7895,72.7109375,-1.3229,2.2765,-1.5643,-0.1397,4,INTER
7896,72.71484375,0.7568,-1.4608,1.1307,1.2982,4,INTER
7897,72.71875,0.0917,-0.3623,1.9043,-0.4961,4,INTER
7898,72.72265625,-2.0716,2.1803,-4.1342,-0.8212,4,INTER
7899,72.7265625,-2.4151,-1.1677,3.215,1.5743,4,INTER
7900,72.73046875,-0.5496,-0.2318,-2.4311,2.0265,4,INTER
7901,72.734375,0.8957,-1.9689,0.2554,-3.4093,4,INTER
7902,72.73828125,0.1632,3.643,-3.1331,-0.3449,4,INTER
7903,72.7421875,1.5228,-2.3224,-0.5323,1.5161,4,INTER
7904,72.74609375,3.0533,-0.2887,3.7759,-4.0328,4,INTER
7905,72.75,1.4387,2.5703,4.7921,0.1949,4,INTER
7906,72.75390625,-0.1469,-1.3686,1.8476,-2.8195,4,INTER
7907,72.7578125,1.3598,-1.0708,-3.816,0.2244,4,INTER
7908,72.76171875,4.6118,-2.7401,0.2138,-0.9776,4,INTER
7909,72.765625,-4.3216,1.2844,2.456,2.0172,4,INTER
7910,72.76953125,-3.0105,0.4101,1.5764,1.8384,4,INTER
7911,72.7734375,2.2257,1.6892,3.3829,3.1098,4,INTER
7912,72.77734375,0.5708,2.8975,5.1974,1.1208,4,INTER
7913,72.78125,1.0624,0.7016,5.2859,-0.7081,4,INTER
7914,72.78515625,0.5469,-2.4089,0.8557,-4.1418,4,INTER
7915,72.7890625,1.513,-0.7783,-2.1653,2.3576,4,INTER
7916,72.79296875,-2.0727,1.5273,-2.0251,2.1033,4,INTER
7917,72.796875,3.5166,1.6183,4.4387,-0.5218,4,INTER
7918,72.80078125,2.082,-2.6373,-0.4736,-2.736,4,INTER
7919,72.8046875,1.5182,-3.3257,0.1959,-3.4029,4,INTER
7920,72.80859375,0.3912,0.6989,3.584,-1.1597,4,INTER
7921,72.8125,-2.6701,1.9773,0.1704,-0.8817,4,INTER
7922,72.81640625,-2.7391,-0.3406,-2.9836,-3.7311,4,INTER
7923,72.8203125,0.2691,-2.9888,0.1116,-5.5403,4,INTER
7924,72.82421875,-3.6934,-2.2581,-0.5654,1.9463,4,INTER
7925,72.828125,1.661,1.639,-2.8022,-1.9482,4,INTER
7926,72.83203125,0.9706,0.1171,-0.8652,2.3679,4,INTER
7927,72.8359375,-1.5134,0.5237,-1.5113,-1.1698,4,INTER
7928,72.83984375,4.8134,1.8163,0.9686,-2.2982,4,INTER
7929,72.84375,2.7891,-2.8796,-4.0008,0.3097,4,INTER
7930,72.84765625,0.0426,-2.9284,-4.2867,-2.4165,4,INTER
7931,72.8515625,0.8062,0.7292,-0.2974,2.8452,4,INTER
7932,72.85546875,-2.7261,3.4024,-0.9342,-3.7101,4,INTER
7933,72.859375,-0.6699,-1.8532,6.1718,3.3928,4,INTER
7934,72.86328125,1.4771,-2.1066,-4.5161,2.0812,4,INTER
7935,72.8671875,-2.3402,-1.3227,0.1375,-1.1067,4,INTER
7936,72.87109375,4.2588,2.0727,-2.2549,1.8536,4,INTER
7937,72.875,0.9627,0.3212,-1.2763,0.0343,4,INTER
7938,72.87890625,-1.2458,1.1354,-3.0449,1.9135,4,INTER
7939,72.8828125,2.0365,-0.5795,-3.1655,0.5626,4,INTER
7940,72.88671875,3.2465,-3.223,-1.3098,3.0283,4,INTER
7941,72.890625,-1.7584,-0.929,3.8911,2.5351,4,INTER
7942,72.89453125,-0.4984,-2.5902,1.6865,-4.6788,4,INTER
7943,72.8984375,0.2885,-1.9882,-1.9904,0.9587,4,INTER
7944,72.90234375,-3.2998,-0.2006,3.4219,3.1989,4,INTER
7945,72.90625,0.5714,0.3607,2.4749,-0.8915,4,INTER
7946,72.91015625,3.336,-1.1599,-2.9491,-0.0217,4,INTER
7947,72.9140625,0.2084,1.1145,1.3424,1.8654,4,INTER
7948,72.91796875,2.3509,-2.9853,0.364,-1.0857,4,INTER
7949,72.921875,-1.8165,-3.8724,3.6683,0.7041,4,INTER
7950,72.92578125,1.4639,1.1722,2.1434,2.4181,4,INTER
7951,72.9296875,0.6872,4.0117,5.1315,2.229,4,INTER
7952,72.93359375,-4.2653,1.8991,0.4465,0.4224,4,INTER
7953,72.9375,1.1667,-0.55,7.7218,0.8859,4,INTER
7954,72.94140625,0.8096,-3.2646,-2.5033,-0.9689,4,INTER
7955,72.9453125,0.6221,0.1054,2.4984,-0.1063,4,INTER
7956,72.94921875,-1.6332,2.9664,-2.2854,4.17,4,INTER
7957,72.953125,0.0671,-1.6114,-1.5902,-0.2004,4,INTER
7958,72.95703125,2.8385,-1.5757,2.0316,-3.0326,4,INTER
7959,72.9609375,1.5707,3.2342,3.3122,-1.1013,4,INTER
7960,72.96484375,-0.4388,-0.0328,-1.4378,-4.0258,4,INTER
7961,72.96875,-0.7643,-0.2795,-6.0258,1.0706,4,INTER
7962,72.97265625,0.4266,-4.7169,-2.8972,1.1416,4,INTER
7963,72.9765625,-0.3157,-1.2428,-2.1696,-2.32,4,INTER
7964,72.98046875,-1.8765,1.536,1.8,-2.154,4,INTER
7965,72.984375,0.1704,-2.6918,-1.8055,-3.2516,4,INTER
7966,72.98828125,1.8026,-1.4791,-0.1639,-4.8451,4,INTER
7967,72.9921875,-2.6392,1.3206,1.0361,0.0471,4,INTER
7968,72.99609375,-1.2566,-4.1305,-0.7442,-0.8939,4,INTER
7969,73.0,-3.4463,3.6974,0.4311,-5.2067,4,INTER
7970,73.00390625,-5.7555,-4.2532,-0.706,1.1254,4,INTER
7971,73.0078125,-1.3175,0.9366,-0.878,-0.3703,4,INTER
7972,73.01171875,-0.0118,-1.6576,0.3139,-0.817,4,INTER
7973,73.015625,-1.4635,3.0117,-4.4329,-0.6451,4,INTER
7974,73.01953125,-2.3813,1.3609,0.1592,1.7773,4,INTER
7975,73.0234375,-4.5101,3.1121,3.4304,2.9946,4,INTER
7976,73.02734375,0.7833,1.1705,-1.314,-1.4062,4,INTER
7977,73.03125,1.7055,3.9181,-4.127,-0.0313,4,INTER
7978,73.03515625,4.4225,1.4073,4.3269,-0.6927,4,INTER
7979,73.0390625,0.9764,1.4394,1.1541,-1.2477,4,INTER
7980,73.04296875,4.8518,-0.1918,-1.0952,4.2872,4,INTER
7981,73.046875,-1.0102,2.0781,-0.6451,-3.7035,4,INTER
7982,73.05078125,-0.425,3.9699,5.6297,-3.8731,4,INTER
7983,73.0546875,2.3736,-3.928,0.7816,0.1368,4,INTER
7984,73.05859375,0.0274,0.7617,0.9451,4.2515,4,INTER
7985,73.0625,2.9508,-0.5705,0.6283,1.3719,4,INTER
7986,73.06640625,6.7849,-0.845,-1.036,-1.9451,4,INTER
7987,73.0703125,-0.5745,0.1837,-2.5077,2.556,4,INTER
7988,73.07421875,-3.3089,1.2687,0.865,-4.1264,4,INTER
7989,73.078125,2.3864,-0.3471,-2.438,2.0484,4,INTER
7990,73.08203125,-2.8618,0.059,1.0538,-2.8579,4,INTER
7991,73.0859375,2.1191,3.2603,0.3224,-2.3368,4,INTER
7992,73.08984375,-1.0452,-1.6445,1.0077,-1.5059,4,INTER
7993,73.09375,2.4795,4.5867,-1.3948,2.2445,4,INTER
7994,73.09765625,4.2611,3.3773,1.6077,-1.6326,4,INTER
7995,73.1015625,-0.0872,-1.2285,-1.4662,-0.3328,4,INTER
7996,73.10546875,2.8993,-0.3281,-1.4582,2.3248,4,INTER
7997,73.109375,-0.839,-0.3442,-2.6237,-2.9017,4,INTER
7998,73.11328125,-3.5707,2.0751,1.4701,0.2459,4,INTER
7999,73.1171875,1.455,0.7083,1.2438,-2.5892,4,INTER
8000,73.12109375,1.7366,1.8412,-0.5747,-2.4586,4,INTER
8001,73.125,1.0467,-0.4892,-0.71,0.4559,4,INTER
8002,73.12890625,-4.246,-2.8141,1.7185,-0.7939,4,INTER
8003,73.1328125,3.4614,4.4488,1.6698,-0.9029,4,INTER
8004,73.13671875,0.7051,0.7396,1.7203,2.8465,4,INTER
8005,73.140625,-0.5917,1.858,-0.6041,-0.3533,4,INTER
8006,73.14453125,-1.9466,0.9836,-0.1558,-2.1449,4,INTER
8007,73.1484375,-5.9691,-3.9339,-0.9444,0.4456,4,INTER
8008,73.15234375,-3.295,2.9947,6.5804,-4.6328,4,INTER
8009,73.15625,-0.3873,1.2877,-1.4802,-0.8804,4,INTER
8010,73.16015625,-1.155,-2.661,1.1644,-2.7527,4,INTER
8011,73.1640625,0.9689,-1.5642,4.5225,1.2981,4,INTER
8012,73.16796875,-0.3065,-5.1737,3.2189,1.0596,4,INTER
8013,73.171875,1.7888,0.2801,-1.5181,3.8198,4,INTER
8014,73.17578125,1.5949,-3.3515,-4.8375,-0.4686,4,INTER
8015,73.1796875,2.454,-0.1102,-1.6392,-4.1996,4,INTER
8016,73.18359375,1.2887,1.2945,1.4337,-0.7716,4,INTER
8017,73.1875,-4.5614,5.2789,1.673,-0.4285,4,INTER
8018,73.19140625,0.7522,5.8064,0.0869,-1.1066,4,INTER
8019,73.1953125,-1.6284,-1.9714,0.0204,4.1062,4,INTER
8020,73.19921875,1.0601,0.4618,-0.5145,3.0333,4,INTER
8021,73.203125,-1.4843,0.5042,2.1957,-0.4309,4,INTER
8022,73.20703125,4.6596,-1.7663,-2.4039,3.8187,4,INTER
8023,73.2109375,1.6595,-3.9974,-3.5536,-0.923,4,INTER
8024,73.21484375,3.4688,1.3714,0.4982,-0.5401,4,INTER
8025,73.21875,0.2996,-0.5094,1.942,2.268,4,INTER
8026,73.22265625,0.7925,-0.7731,-1.7747,-0.8219,4,INTER
8027,73.2265625,1.876,-3.5043,-3.1756,-0.345,4,INTER
8028,73.23046875,-1.711,0.6073,-2.164,-0.9525,4,INTER
8029,73.234375,5.691,-1.3415,-0.9478,6.1246,4,INTER
8030,73.23828125,1.3021,1.1056,-5.4032,0.9703,4,INTER
8031,73.2421875,-1.6181,0.3068,1.9866,-0.0205,4,INTER
8032,73.24609375,3.3928,-0.6967,0.4036,-2.2604,4,INTER
8033,73.25,-2.4906,4.5265,-2.4531,-0.2749,4,INTER
8034,73.25390625,2.4835,2.0789,3.6877,3.5893,4,INTER
8035,73.2578125,1.8404,0.1734,-0.4802,-0.9343,4,INTER
8036,73.26171875,1.131,3.1743,-2.1117,1.434,4,INTER
8037,73.265625,-0.9496,1.9491,-4.4327,2.3038,4,INTER
8038,73.26953125,0.5874,-0.8718,0.222,2.381,4,INTER
8039,73.2734375,0.3078,3.1267,1.1576,2.1666,4,INTER
8040,73.27734375,-0.3378,1.4515,-1.6397,-4.5747,4,INTER
8041,73.28125,0.6743,0.4396,6.198,0.7044,4,INTER
8042,73.28515625,-0.7078,-0.332,3.2774,2.3956,4,INTER
8043,73.2890625,3.6733,-0.8058,-0.5477,0.4957,4,INTER
8044,73.29296875,2.1416,1.8413,-5.4862,0.0647,4,INTER
8045,73.296875,-0.081,2.1092,-0.5836,2.1077,4,INTER
8046,73.30078125,-1.2357,1.2486,2.6066,-1.7809,4,INTER
8047,73.3046875,0.7282,1.1621,2.8924,1.7802,4,INTER
8048,73.30859375,0.891,2.1997,-2.1512,-1.1231,4,INTER
8049,73.3125,-1.9748,-0.3147,3.0633,1.1365,4,INTER
8050,73.31640625,0.8846,0.6799,2.1779,3.3253,4,INTER
8051,73.3203125,0.1859,-3.7706,-0.0353,-0.0778,4,INTER
8052,73.32421875,-4.4905,-0.8836,-2.0165,1.3203,4,INTER
8053,73.328125,0.6545,3.3927,1.4296,4.2666,4,INTER
8054,73.33203125,2.0839,-2.4081,0.8792,0.0825,4,INTER
8055,73.3359375,-2.2482,-0.7058,0.5169,0.1913,4,INTER
8056,73.33984375,-1.7211,-3.0849,-2.1724,2.1346,4,INTER
8057,73.34375,-0.1549,2.179,1.485,0.6428,4,INTER
8058,73.34765625,-1.1198,-0.4246,-3.2994,-3.8222,4,INTER
8059,73.3515625,-2.8981,-2.3752,-2.0402,-4.449,4,INTER
8060,73.35546875,1.8629,-1.658,2.4206,-0.2358,4,INTER
8061,73.359375,-0.6431,2.1749,-2.2072,-0.4501,4,INTER
8062,73.36328125,-0.6818,2.8041,0.6933,-1.094,4,INTER
8063,73.3671875,1.1791,3.0894,0.5351,-0.3087,4,INTER
8064,73.37109375,2.5363,2.6632,-2.5961,5.0667,4,INTER
8065,73.375,-2.0482,-1.8802,2.8138,3.9809,4,INTER
8066,73.37890625,1.4261,-4.0306,4.9481,-2.4533,4,INTER
8067,73.3828125,-0.934,0.7555,3.6042,-4.2422,4,INTER
8068,73.38671875,2.7232,2.8816,-3.439,3.1252,4,INTER
8069,73.390625,-2.8063,4.5127,-2.0557,-0.6813,4,INTER
8070,73.39453125,3.9319,1.1737,2.5578,-3.5854,4,INTER
8071,73.3984375,-0.0548,3.3567,0.759,0.8207,4,INTER
8072,73.40234375,-3.0618,-3.3022,1.4457,-2.2828,4,INTER
8073,73.40625,1.0724,-0.0815,-0.9451,0.1388,4,INTER
8074,73.41015625,1.1557,0.3126,1.589,0.039,4,INTER
8075,73.4140625,0.4667,4.0168,1.7733,1.1476,4,INTER
8076,73.41796875,2.3883,-1.2474,1.5433,-0.8326,4,INTER
8077,73.421875,0.3014,2.5862,-2.2385,1.1374,4,INTER
8078,73.42578125,0.6151,2.0552,-4.815,-0.7229,4,INTER
8079,73.4296875,1.4344,-4.8679,-2.5662,-4.103,4,INTER
8080,73.43359375,-2.4213,5.4248,0.7539,-5.1253,4,INTER
8081,73.4375,1.6342,-0.9314,-0.1952,-0.9458,4,INTER
8082,73.44140625,-2.6852,0.5224,0.2677,-0.3324,4,INTER
8083,73.4453125,-3.0715,1.4447,-0.0658,0.8267,4,INTER
8084,73.44921875,-1.0675,-2.5692,1.1334,1.4162,4,INTER
8085,73.453125,-0.429,-0.4423,-0.2459,0.9599,4,INTER
8086,73.45703125,0.4213,-2.6335,0.5563,-1.2678,4,INTER
8087,73.4609375,2.5931,-2.1501,-1.1638,-0.7075,4,INTER
8088,73.46484375,-0.9378,2.0691,0.8517,2.2583,4,INTER
8089,73.46875,-0.2485,-1.8913,-0.1662,-2.3815,4,INTER
8090,73.47265625,-0.3662,-4.0999,2.0527,-1.7795,4,INTER
8091,73.4765625,-0.1103,1.551,5.3688,3.9054,4,INTER
8092,73.48046875,3.7058,-1.0728,1.0291,1.1318,4,INTER
8093,73.484375,-0.6046,0.486,-1.3111,-1.9158,4,INTER
8094,73.48828125,-2.7797,2.1644,-1.882,3.6932,4,INTER
8095,73.4921875,-3.4834,-2.524,2.6398,-0.006,4,INTER
8096,73.49609375,-2.7286,0.3239,3.0278,0.8507,4,INTER
8097,73.5,0.975,-3.6804,0.773,-0.6657,4,INTER
8098,73.50390625,1.3582,1.6013,2.542,-2.7843,4,INTER
8099,73.5078125,2.8744,-2.0921,1.6434,-1.952,4,INTER
8100,73.51171875,-1.7737,-0.8678,-4.3607,-7.0265,4,INTER
8101,73.515625,1.9884,-4.4136,-1.1791,0.6221,4,INTER
8102,73.51953125,1.5108,-3.2932,-1.9257,-0.7627,4,INTER
8103,73.5234375,-0.4305,2.658,2.279,4.5018,4,INTER
8104,73.52734375,-0.9171,-1.4895,2.5955,2.1745,4,INTER
8105,73.53125,-2.795,4.2742,0.3393,-1.3481,4,INTER
8106,73.53515625,-2.1481,0.412,-0.6898,3.104,4,INTER
8107,73.5390625,4.9884,2.0894,1.4812,3.7374,4,INTER
8108,73.54296875,1.5718,2.8801,1.344,-4.6842,4,INTER
8109,73.546875,-3.5529,-1.3816,-0.0133,0.3346,4,INTER
8110,73.55078125,-0.1545,-2.1288,1.9404,-1.8678,4,INTER
8111,73.5546875,-2.379,0.9199,-0.4972,-0.9147,4,INTER
8112,73.55859375,0.8452,2.263,-0.7517,4.618,4,INTER
8113,73.5625,3.1903,1.1731,5.3301,-0.1905,4,INTER
8114,73.56640625,0.6653,1.3637,0.7912,-2.0058,4,INTER
8115,73.5703125,1.754,2.3317,-1.0869,0.9242,4,INTER
8116,73.57421875,-1.013,-1.7449,-0.6941,1.7993,4,INTER
8117,73.578125,-1.8768,0.3407,1.2043,-3.1671,4,INTER
8118,73.58203125,-0.1558,3.3794,-1.1626,-0.6588,4,INTER
8119,73.5859375,5.0112,2.8333,5.1604,-3.6547,4,INTER
8120,73.58984375,-2.2557,-1.3124,-1.9648,0.4825,4,INTER
8121,73.59375,3.4948,-2.9204,-8.0349,4.4434,4,INTER
8122,73.59765625,-2.0579,0.5553,1.7566,-1.2884,4,INTER
8123,73.6015625,0.0584,3.8275,-1.6067,2.3328,4,INTER
8124,73.60546875,2.1154,0.9943,-1.6986,-3.1827,4,INTER
8125,73.609375,2.1032,1.0978,-3.1427,0.3895,4,INTER
8126,73.61328125,2.541,4.5266,0.4094,-1.4253,4,INTER
8127,73.6171875,1.685,-1.3495,1.545,-3.266,4,INTER
8128,73.62109375,-2.8487,-0.7066,1.4154,-2.0608,4,INTER
8129,73.625,1.3119,2.2535,-2.5922,-3.4346,4,INTER
8130,73.62890625,1.6376,-0.0802,-0.3454,-0.6123,4,INTER
8131,73.6328125,3.8284,-0.0399,1.6638,-2.8742,4,INTER
8132,73.63671875,4.7477,-0.0545,3.6436,-2.935,4,INTER
8133,73.640625,0.4325,-0.2858,-0.7587,2.3921,4,INTER
8134,73.64453125,-2.8708,-1.2631,0.1015,-2.4355,4,INTER
8135,73.6484375,-1.3233,-1.1759,2.5703,0.5091,4,INTER
8136,73.65234375,5.7958,1.1252,-0.9771,-0.7529,4,INTER
8137,73.65625,1.1373,0.8343,-0.2114,-1.0843,4,INTER
8138,73.66015625,-2.9335,-2.917,-0.7024,1.1845,4,INTER
8139,73.6640625,-0.5892,2.1975,-4.5351,-0.2111,4,INTER
8140,73.66796875,4.0121,1.1042,0.0619,-4.0135,4,INTER
8141,73.671875,-4.9552,-4.0469,-0.1557,2.041,4,INTER
8142,73.67578125,0.7963,-0.8896,-2.4987,0.5735,4,INTER
8143,73.6796875,3.9499,-0.6187,2.0888,-0.9905,4,INTER
8144,73.68359375,-1.6764,2.2447,-3.8617,-3.8751,4,INTER
8145,73.6875,0.1808,-1.7395,2.7131,-1.3071,4,INTER
8146,73.69140625,-1.5283,-1.0303,-3.5351,0.2867,4,INTER
8147,73.6953125,-3.4766,3.6212,0.6464,-0.1826,4,INTER
8148,73.69921875,-4.1273,-2.6378,1.1858,1.6158,4,INTER
8149,73.703125,1.117,1.7006,0.0308,-2.4789,4,INTER
8150,73.70703125,1.7349,0.0024,-0.0656,0.3159,4,INTER
8151,73.7109375,1.0305,0.6463,-3.6846,-2.8259,4,INTER
8152,73.71484375,3.6199,-2.7847,2.9222,2.3423,4,INTER
8153,73.71875,2.9297,0.6655,-1.6504,-1.496,4,INTER
8154,73.72265625,3.9162,-0.6322,3.4178,2.6831,4,INTER
8155,73.7265625,1.5661,-2.3163,-2.7763,-6.3311,4,INTER
8156,73.73046875,0.9346,-1.4979,1.4461,-3.7308,4,INTER
8157,73.734375,-1.2261,-0.7067,4.2879,-2.0406,4,INTER
8158,73.73828125,-2.2619,0.0135,-0.1703,1.886,4,INTER
8159,73.7421875,1.8981,3.352,3.673,-2.2364,4,INTER
8160,73.74609375,1.7268,6.723,-4.1679,0.977,4,INTER
8161,73.75,-3.1279,-3.2249,-1.7989,0.0247,4,INTER
8162,73.75390625,1.8031,2.3392,-1.0672,0.4529,4,INTER
8163,73.7578125,0.2611,-0.1882,1.3993,-1.8463,4,INTER
8164,73.76171875,6.1587,-0.5112,-0.2607,-1.5692,4,INTER
8165,73.765625,0.0949,3.8919,0.8959,-2.96,4,INTER
8166,73.76953125,-2.7255,-1.9717,1.4331,3.152,4,INTER
8167,73.7734375,-2.7511,0.4686,1.4212,3.5269,4,INTER
8168,73.77734375,-0.8381,5.1125,-1.0794,3.7227,4,INTER
8169,73.78125,1.2321,-2.6612,0.7439,-1.6069,4,INTER
8170,73.78515625,-1.1013,2.1384,2.8426,1.7056,4,INTER
8171,73.7890625,1.2721,-2.5422,1.5965,2.9067,4,INTER
8172,73.79296875,3.9186,-0.3973,0.3065,1.6273,4,INTER
8173,73.796875,-0.2391,0.9574,-0.7068,0.5134,4,INTER
8174,73.80078125,-0.6231,-0.3843,-3.0914,0.428,4,INTER
8175,73.8046875,-1.317,-1.7127,3.1171,-0.8452,4,INTER
8176,73.80859375,2.0103,-0.3422,-5.973,-5.5348,4,INTER
8177,73.8125,1.3644,-0.7806,-1.6276,-0.7245,4,INTER
8178,73.81640625,3.1385,1.4262,-1.008,-1.2196,4,INTER
8179,73.8203125,1.2819,-4.5463,0.7285,3.8942,4,INTER
8180,73.82421875,-1.7649,0.7023,-1.4504,-1.228,4,INTER
8181,73.828125,-2.5218,0.8548,2.054,2.3688,4,INTER
8182,73.83203125,-2.9163,-0.5314,-4.6221,4.2926,4,INTER
8183,73.8359375,-1.0693,-2.0585,0.5991,-2.8966,4,INTER
8184,73.83984375,5.307,0.603,-2.1108,3.3171,4,INTER
8185,73.84375,0.3316,1.8401,4.4459,0.8756,4,INTER
8186,73.84765625,-2.3891,-0.9803,0.7526,-2.037,4,INTER
8187,73.8515625,4.3203,3.2895,-2.6447,1.5702,4,INTER
8188,73.85546875,4.8473,0.6386,0.6773,-5.5013,4,INTER
8189,73.859375,-1.9594,-1.6816,0.7536,-1.2913,4,INTER
8190,73.86328125,-0.1641,2.4023,0.9808,3.1177,4,INTER
8191,73.8671875,0.6623,-2.8402,-2.0962,-3.0787,4,INTER
8192,73.87109375,-0.5594,-3.8352,2.0358,0.2124,4,INTER
8193,73.875,-3.218,0.9962,0.7542,1.626,4,INTER
8194,73.87890625,2.811,1.0957,-4.1756,4.4483,4,INTER
8195,73.8828125,1.2056,0.8592,0.924,0.6983,4,INTER
8196,73.88671875,-3.0412,7.9789,1.8497,-3.0673,4,INTER
8197,73.890625,-5.0332,3.0579,0.4068,-1.3426,4,INTER
8198,73.89453125,2.7082,-2.9195,0.2893,-1.4346,4,INTER
8199,73.8984375,-1.3029,3.1555,3.8424,-0.5887,4,INTER
8200,73.90234375,0.3422,0.3795,4.0138,3.228,4,INTER
8201,73.90625,-0.818,1.3584,-3.745,2.6712,4,INTER
8202,73.91015625,-2.4017,5.7312,-0.5922,-2.0205,4,INTER
8203,73.9140625,-0.7129,3.1971,-1.1058,-0.3684,4,INTER
8204,73.91796875,-0.8075,-3.5951,0.5962,3.1833,4,INTER
8205,73.921875,-1.7324,0.9243,0.7362,-1.0533,4,INTER
8206,73.92578125,-3.0528,1.7788,-0.3295,1.9297,4,INTER
8207,73.9296875,1.5223,-0.03,4.2479,1.2377,4,INTER
8208,73.93359375,-1.2261,-0.958,-0.7619,-2.3513,4,INTER
8209,73.9375,-2.225,3.587,0.1105,4.5775,4,INTER
8210,73.94140625,1.6976,2.9168,-2.8171,0.9321,4,INTER
8211,73.9453125,-2.3505,3.401,1.9475,2.4204,4,INTER
8212,73.94921875,0.8843,3.171,3.0351,0.9181,4,INTER
8213,73.953125,1.771,-4.3655,-0.1925,1.2601,4,INTER
8214,73.95703125,2.4564,-0.2375,-0.6746,0.05,4,INTER
8215,73.9609375,3.0572,1.9489,0.4565,0.5774,4,INTER
8216,73.96484375,-3.9622,-2.5747,2.2594,-1.4444,4,INTER
8217,73.96875,4.4951,-2.0772,0.7155,1.0142,4,INTER
8218,73.97265625,-0.7577,-0.5752,1.521,-1.0822,4,INTER
8219,73.9765625,-1.1564,-2.1956,-4.7416,-3.2223,4,INTER
8220,73.98046875,0.6893,0.8888,0.4979,-1.0196,4,INTER
8221,73.984375,1.3275,0.6368,5.12,-0.2996,4,INTER
8222,73.98828125,-0.3515,0.6869,1.0689,1.3884,4,INTER
8223,73.9921875,-2.9732,1.4118,2.2164,-3.8191,4,INTER
8224,73.99609375,2.7057,1.8213,-0.5344,1.2587,4,INTER
8225,74.0,-0.9186,0.2481,-0.4817,5.2018,4,INTER
8226,74.00390625,0.7903,0.9443,0.5633,-4.2285,4,INTER
8227,74.0078125,-2.687,-0.0891,2.6163,2.2917,4,INTER
8228,74.01171875,-1.1774,1.8213,0.6996,1.9818,4,INTER
8229,74.015625,1.1417,1.2261,4.7141,3.4151,4,INTER
8230,74.01953125,-1.6139,-0.3926,-0.2438,2.9409,4,INTER
8231,74.0234375,-3.368,-1.494,0.8666,-1.0221,4,INTER
8232,74.02734375,-1.6077,1.4332,-4.3139,-2.2694,4,INTER
8233,74.03125,-3.5761,-2.1309,-2.4675,-4.1465,4,INTER
8234,74.03515625,2.4304,-1.9922,4.4884,-3.2038,4,INTER
8235,74.0390625,4.8361,0.3641,0.4584,-1.6516,4,INTER
8236,74.04296875,-2.045,1.3255,-0.3735,2.8471,4,INTER
8237,74.046875,-1.3462,-1.5384,-3.7689,-1.4373,4,INTER
8238,74.05078125,-0.5993,-0.1975,0.2278,-2.0517,4,INTER
8239,74.0546875,1.4124,0.7728,-3.9784,3.0778,4,INTER
8240,74.05859375,-0.7641,3.1292,-0.2809,0.393,4,INTER
8241,74.0625,0.9308,-0.0352,-3.3654,1.2588,4,INTER
8242,74.06640625,-1.1859,-0.3771,2.721,-3.3582,4,INTER
8243,74.0703125,0.4799,-0.2846,1.3576,2.1426,4,INTER
8244,74.07421875,1.537,-1.2108,-3.2385,3.6593,4,INTER
8245,74.078125,-0.3192,1.3475,-1.684,4.2122,4,INTER
8246,74.08203125,1.8252,0.0978,1.2832,3.5013,4,INTER
8247,74.0859375,-2.5809,-1.5199,1.4648,-0.5026,4,INTER
8248,74.08984375,-2.6161,-1.8965,-4.5722,-2.3078,4,INTER
8249,74.09375,0.3492,4.5853,2.0684,1.8165,4,INTER
8250,74.09765625,0.9567,-1.5144,-1.3762,-5.317,4,INTER
8251,74.1015625,0.6713,-0.3896,2.7735,0.4838,4,INTER
8252,74.10546875,-3.2105,3.8732,-1.1218,-0.4149,4,INTER
8253,74.109375,2.273,-2.4069,0.6073,3.4983,4,INTER
8254,74.11328125,-0.4669,1.7848,-2.1432,-2.7966,4,INTER
8255,74.1171875,-3.5015,2.5804,4.3291,-0.0585,4,INTER
8256,74.12109375,-1.3285,-1.5038,-1.184,-0.9728,4,INTER
8257,74.125,0.6465,0.7995,1.9067,-3.2291,4,INTER
8258,74.12890625,-1.2482,-0.1123,-0.1354,-0.1004,4,INTER
8259,74.1328125,-1.5092,-0.4397,-3.4797,0.2974,4,INTER
8260,74.13671875,-2.9982,-3.7363,-1.5234,-5.1021,4,INTER
8261,74.140625,-1.8725,0.4224,-1.2894,0.546,4,INTER
8262,74.14453125,0.0876,0.9321,-2.548,-1.264,4,INTER
8263,74.1484375,0.8753,0.7247,3.9233,-1.2515,4,INTER
8264,74.15234375,-0.2662,-4.0877,0.2815,-0.3311,4,INTER
8265,74.15625,-1.307,-0.1822,1.4312,-0.1389,4,INTER
8266,74.16015625,1.1712,2.6856,2.978,-0.311,4,INTER
8267,74.1640625,-2.2852,1.0776,2.3911,-0.2441,4,INTER
8268,74.16796875,-2.6543,-1.7156,-1.0464,-1.9749,4,INTER
8269,74.171875,1.4084,1.3544,3.3191,0.3409,4,INTER
8270,74.17578125,-0.3914,-3.2399,-2.6395,-1.8015,4,INTER
8271,74.1796875,-0.1982,2.6475,-2.0827,-1.2855,4,INTER
8272,74.18359375,-4.3312,0.9086,-1.2203,1.304,4,INTER
8273,74.1875,-0.8392,1.7235,0.8392,-1.1495,4,INTER
8274,74.19140625,-2.6512,0.6628,-2.3122,-1.431,4,INTER
8275,74.1953125,-2.7185,2.6667,-1.5206,0.1528,4,INTER
8276,74.19921875,4.1537,0.9015,0.8703,-2.6333,4,INTER
8277,74.203125,-2.1446,0.7182,5.1717,-2.8042,4,INTER
8278,74.20703125,-0.2704,0.1037,3.2376,-1.3281,4,INTER
8279,74.2109375,0.6687,-3.0814,-1.5808,-3.0911,4,INTER
8280,74.21484375,-1.503,1.2445,1.4519,-0.9864,4,INTER
8281,74.21875,5.3901,-0.0467,0.6173,-3.0524,4,INTER
8282,74.22265625,-0.8563,-3.5734,1.8369,0.0302,4,INTER
8283,74.2265625,-0.9641,1.3232,2.2563,1.1078,4,INTER
8284,74.23046875,-0.1163,2.8771,-2.1248,-0.829,4,INTER
8285,74.234375,-0.2436,-1.8387,2.6203,-1.6631,4,INTER
8286,74.23828125,-3.9035,1.3892,0.6462,-2.5177,4,INTER
8287,74.2421875,-0.8087,3.7107,-1.9214,0.3003,4,INTER
8288,74.24609375,3.6303,-1.1989,-1.4896,-4.0825,4,INTER
8289,74.25,0.1575,-2.1545,-4.8213,4.8816,4,INTER
8290,74.25390625,-0.7836,-1.7558,1.1518,1.6196,4,INTER
8291,74.2578125,1.6248,-1.8552,-3.9115,-2.5078,4,INTER
8292,74.26171875,0.0619,-0.2458,-0.0704,-2.0142,4,INTER
8293,74.265625,1.2684,1.0691,2.3544,-0.437,4,INTER
8294,74.26953125,0.0113,-2.0342,5.2191,0.4658,4,INTER
8295,74.2734375,0.4966,-3.4257,-3.2428,5.1652,4,INTER
8296,74.27734375,2.8923,-1.0083,1.1764,-0.7456,4,INTER
8297,74.28125,-3.1771,-3.0436,0.5116,-6.126,4,INTER
8298,74.28515625,-0.7353,1.6232,2.4668,-2.8076,4,INTER
8299,74.2890625,1.3848,1.3195,-1.9951,3.4151,4,INTER
8300,74.29296875,-3.7733,-0.5716,-3.4689,0.6524,4,INTER
8301,74.296875,1.1065,-3.9055,1.4348,1.1155,4,INTER
8302,74.30078125,-1.7835,5.5999,2.1929,1.2689,4,INTER
8303,74.3046875,-4.1991,-3.4756,-1.9838,1.9974,4,INTER
8304,74.30859375,0.4797,-4.4233,0.8167,-3.1045,4,INTER
8305,74.3125,3.7533,-1.8441,-0.1869,-0.2268,4,INTER
8306,74.31640625,-1.471,-0.3216,0.7791,-2.8202,4,INTER
8307,74.3203125,-0.2223,-1.6371,-2.6197,5.5309,4,INTER
8308,74.32421875,-4.0056,-1.3162,3.782,-1.9223,4,INTER
8309,74.328125,-0.9715,-0.1754,2.8577,0.1908,4,INTER
8310,74.33203125,-2.0838,1.3141,-0.8322,1.6187,4,INTER
8311,74.3359375,-2.4448,1.5238,1.3387,-1.2012,4,INTER
8312,74.33984375,1.6873,2.4723,-0.6381,1.1364,4,INTER
8313,74.34375,0.1628,-1.6793,0.6989,-0.649,4,INTER
8314,74.34765625,1.9378,-1.1538,0.9558,2.9867,4,INTER
8315,74.3515625,-2.3483,-6.0459,-2.7032,-1.3814,4,INTER
8316,74.35546875,-1.4643,-2.0467,1.8515,3.2682,4,INTER
8317,74.359375,2.5002,-5.3134,-0.5252,-2.4412,4,INTER
8318,74.36328125,0.5454,-4.1429,-4.7236,2.0984,4,INTER
8319,74.3671875,-2.1628,2.5291,0.9928,-0.599,4,INTER
8320,74.37109375,-1.0111,-5.743,3.2331,-3.9982,4,INTER
8321,74.375,2.0388,2.0968,0.0471,-0.1638,4,INTER
8322,74.37890625,-0.9558,1.943,-0.2825,2.5312,4,INTER
8323,74.3828125,6.291,-1.335,-2.9118,-0.6589,4,INTER
8324,74.38671875,0.4274,-3.9955,-0.0137,-0.3153,4,INTER
8325,74.390625,-0.5326,4.0063,-0.0381,1.8624,4,INTER
8326,74.39453125,1.0175,2.8993,2.5367,-5.1454,4,INTER
8327,74.3984375,-0.0447,-2.2909,2.7775,0.2381,4,INTER
8328,74.40234375,-0.2978,-3.6639,-0.2803,-0.1192,4,INTER
8329,74.40625,0.4687,-2.4573,-0.5973,-3.2193,4,INTER
8330,74.41015625,-3.6474,-0.3422,3.1399,-0.8886,4,INTER
8331,74.4140625,1.3398,-0.7924,-3.6699,-6.4718,4,INTER
8332,74.41796875,-3.553,-4.1179,-0.6908,0.0852,4,INTER
8333,74.421875,-4.4554,-1.0594,1.1437,-2.1019,4,INTER
8334,74.42578125,-1.2424,0.9732,0.013,-3.8605,4,INTER
8335,74.4296875,0.4648,-1.8267,-2.4991,-0.7071,4,INTER
8336,74.43359375,-2.2416,-5.6795,0.6455,1.5579,4,INTER
8337,74.4375,2.463,1.5072,1.2576,-0.8072,4,INTER
8338,74.44140625,4.0781,0.4299,3.9926,-4.7585,4,INTER
8339,74.4453125,3.7138,-3.3521,0.3545,0.9893,4,INTER
8340,74.44921875,0.2606,-1.3964,-1.1201,-3.2321,4,INTER
8341,74.453125,-3.2903,3.0747,1.0895,1.9648,4,INTER
8342,74.45703125,-0.7322,-0.7126,-3.2546,2.6284,4,INTER
8343,74.4609375,-2.6485,-2.2215,-3.2105,0.2336,4,INTER
8344,74.46484375,1.1529,-1.2772,0.5867,5.346,4,INTER
8345,74.46875,-0.9472,-2.1891,-2.8792,-0.9206,4,INTER
8346,74.47265625,-0.821,-2.0928,-0.3058,1.03,4,INTER
8347,74.4765625,-3.4699,-0.5889,1.3125,2.2615,4,INTER
8348,74.48046875,-0.8933,1.765,1.1711,1.1289,4,INTER
8349,74.484375,2.2424,0.6709,1.1198,4.1834,4,INTER
8350,74.48828125,0.7513,-4.1312,4.6659,0.5614,4,INTER
8351,74.4921875,0.9458,-1.8158,-2.2415,-1.5211,4,INTER
8352,74.49609375,4.8097,0.6545,2.2385,-2.5976,4,INTER
8353,74.5,1.8489,-0.5293,0.2919,2.7177,4,INTER
8354,74.50390625,-0.4478,-0.8651,2.0914,2.2829,4,INTER
8355,74.5078125,-1.1512,1.9856,1.1478,1.9455,4,INTER
8356,74.51171875,1.8256,-1.3246,2.0751,-4.0557,4,INTER
8357,74.515625,-1.2427,-3.6472,2.5148,0.6779,4,INTER
8358,74.51953125,3.9961,-0.6946,-2.384,-3.271,4,INTER
8359,74.5234375,0.1872,0.2947,2.732,-3.0605,4,INTER
